session_id,participant_id,block_id,experiment_run_index,activation_index,event_type,secondary_task_mode,utc_timestamp,real_elapsed_s,simulation_elapsed_s,frame,switch_index,active_crane_index,state,input_locked,global_paused,operation_enabled,trial_index,stimulus_side,expected_sign,response_sign,outcome,correct,reaction_time_s,presented,held_at_onset,raw_pedal,pedal_axis,invert_axis,press_threshold,release_threshold,response_timeout_s,minimum_valid_reaction_s,minimum_interval_s,maximum_interval_s,random_seed,active_clock_s,scheduled_onset_active_clock_s,actual_onset_active_clock_s,scheduled_onset_estimated_real_s,onset_observed_real_s,onset_frame_delay_s,response_observed_real_s,left_red,right_red,onset_switch_index,onset_crane_index,onset_state,onset_phase,onset_step,current_phase,current_step,app_focused,configuration_json,detail,pause_count,paused_duration_s,wall_reaction_time_s,completion_policy,response_count,incorrect_response_count,too_early_response_count,first_response_sign,first_response_outcome,first_response_correct,first_reaction_time_s,first_response_observed_real_s,first_wall_reaction_time_s,pedal_axis_raw,pedal_positive_key,pedal_negative_key,pedal_input_source,pedal_input_conflict,plus_minus_keys_enabled
20261008T105422765Z_782187cf958040a7a521f98797269696,,,1,1,SubtaskStarted,Visual,2026-10-08T10:54:46.4846881Z,23.705942,0.145447,1166,0,0,OperatingSource,0,0,1,,,,,,,,0,0,0.000000,TaskSwitchPedal,0,0.500000,0.200000,,0.100000,5.000000,10.000000,-850657224,3.625721,,,,,,,0,0,,,,,,Move1,Move1.PickupCoarseMove,1,"{""pedalAxisName"":""TaskSwitchPedal"",""usePlusMinusKeys"":true,""positivePedalKey"":61,""negativePedalKey"":45,""invertPedalAxis"":false,""pressThreshold"":0.5,""releaseThreshold"":0.20000000298023225,""minimumIntervalSeconds"":5.0,""maximumIntervalSeconds"":10.0,""minimumValidReactionSeconds"":0.10000000149011612,""randomSeed"":-850657224}","{""pedalAxisName"":""TaskSwitchPedal"",""usePlusMinusKeys"":true,""positivePedalKey"":61,""negativePedalKey"":45,""invertPedalAxis"":false,""pressThreshold"":0.5,""releaseThreshold"":0.20000000298023225,""minimumIntervalSeconds"":5.0,""maximumIntervalSeconds"":10.0,""minimumValidReactionSeconds"":0.10000000149011612,""randomSeed"":-850657224}",0,0.000000,,CorrectSidePress,,,,,,,,,,0.000000,0,0,Axis,0,1
20261008T105422765Z_782187cf958040a7a521f98797269696,,,1,1,StimulusScheduled,Visual,2026-10-08T10:54:46.4870772Z,23.709458,0.145447,1166,0,0,OperatingSource,0,0,1,1,Right,1,,,,,0,0,0.000000,TaskSwitchPedal,0,0.500000,0.200000,,0.100000,5.000000,10.000000,-850657224,3.629228,9.837723,,29.917953,,,,0,0,,,,,,Move1,Move1.PickupCoarseMove,1,"{""pedalAxisName"":""TaskSwitchPedal"",""usePlusMinusKeys"":true,""positivePedalKey"":61,""negativePedalKey"":45,""invertPedalAxis"":false,""pressThreshold"":0.5,""releaseThreshold"":0.20000000298023225,""minimumIntervalSeconds"":5.0,""maximumIntervalSeconds"":10.0,""minimumValidReactionSeconds"":0.10000000149011612,""randomSeed"":-850657224}",,0,0.000000,,CorrectSidePress,0,0,0,,,,,,,0.000000,0,0,Axis,0,1
20261008T105422765Z_782187cf958040a7a521f98797269696,,,1,1,StimulusOnsetObserved,Visual,2026-10-08T10:54:52.6959771Z,29.919436,6.446143,1461,0,0,OperatingSource,0,0,1,1,Right,1,,,,,1,0,0.000000,TaskSwitchPedal,0,0.500000,0.200000,,0.100000,5.000000,10.000000,-850657224,9.839213,9.837723,9.839213,29.917953,29.919436,0.001484,,0,1,0,0,OperatingSource,Move1,Move1.PickupCoarseMove,Move1,Move1.PickupCoarseMove,1,"{""pedalAxisName"":""TaskSwitchPedal"",""usePlusMinusKeys"":true,""positivePedalKey"":61,""negativePedalKey"":45,""invertPedalAxis"":false,""pressThreshold"":0.5,""releaseThreshold"":0.20000000298023225,""minimumIntervalSeconds"":5.0,""maximumIntervalSeconds"":10.0,""minimumValidReactionSeconds"":0.10000000149011612,""randomSeed"":-850657224}",,0,0.000000,,CorrectSidePress,0,0,0,,,,,,,0.000000,0,0,Axis,0,1
20261008T105422765Z_782187cf958040a7a521f98797269696,,,1,1,PedalPressed,Visual,2026-10-08T10:54:53.8382629Z,31.062714,7.589945,1515,0,0,OperatingSource,0,0,1,1,Right,1,1,Correct,1,1.143278,1,0,1.000000,TaskSwitchPedal,0,0.500000,0.200000,,0.100000,5.000000,10.000000,-850657224,10.982491,9.837723,9.839213,29.917953,29.919436,0.001484,31.062714,0,1,0,0,OperatingSource,Move1,Move1.PickupCoarseMove,Move1,Move1.PickupCoarseMove,1,"{""pedalAxisName"":""TaskSwitchPedal"",""usePlusMinusKeys"":true,""positivePedalKey"":61,""negativePedalKey"":45,""invertPedalAxis"":false,""pressThreshold"":0.5,""releaseThreshold"":0.20000000298023225,""minimumIntervalSeconds"":5.0,""maximumIntervalSeconds"":10.0,""minimumValidReactionSeconds"":0.10000000149011612,""randomSeed"":-850657224}",,0,0.000000,1.143278,CorrectSidePress,1,0,0,1,Correct,1,1.143278,31.062714,1.143278,0.000000,1,0,PlusMinusKeys,0,1
20261008T105422765Z_782187cf958040a7a521f98797269696,,,1,1,TrialFinished,Visual,2026-10-08T10:54:53.8398288Z,31.062714,7.589945,1515,0,0,OperatingSource,0,0,1,1,Right,1,1,Correct,1,1.143278,1,0,1.000000,TaskSwitchPedal,0,0.500000,0.200000,,0.100000,5.000000,10.000000,-850657224,10.982491,9.837723,9.839213,29.917953,29.919436,0.001484,31.062714,0,0,0,0,OperatingSource,Move1,Move1.PickupCoarseMove,Move1,Move1.PickupCoarseMove,1,"{""pedalAxisName"":""TaskSwitchPedal"",""usePlusMinusKeys"":true,""positivePedalKey"":61,""negativePedalKey"":45,""invertPedalAxis"":false,""pressThreshold"":0.5,""releaseThreshold"":0.20000000298023225,""minimumIntervalSeconds"":5.0,""maximumIntervalSeconds"":10.0,""minimumValidReactionSeconds"":0.10000000149011612,""randomSeed"":-850657224}",,0,0.000000,1.143278,CorrectSidePress,1,0,0,1,Correct,1,1.143278,31.062714,1.143278,0.000000,1,0,PlusMinusKeys,0,1
20261008T105422765Z_782187cf958040a7a521f98797269696,,,1,1,StimulusScheduled,Visual,2026-10-08T10:54:53.8403351Z,31.063796,7.589945,1515,0,0,OperatingSource,0,0,1,2,Left,-1,,,,,0,0,1.000000,TaskSwitchPedal,0,0.500000,0.200000,,0.100000,5.000000,10.000000,-850657224,10.983572,17.768679,,37.848903,,,,0,0,,,,,,Move1,Move1.PickupCoarseMove,1,"{""pedalAxisName"":""TaskSwitchPedal"",""usePlusMinusKeys"":true,""positivePedalKey"":61,""negativePedalKey"":45,""invertPedalAxis"":false,""pressThreshold"":0.5,""releaseThreshold"":0.20000000298023225,""minimumIntervalSeconds"":5.0,""maximumIntervalSeconds"":10.0,""minimumValidReactionSeconds"":0.10000000149011612,""randomSeed"":-850657224}",,0,0.000000,,CorrectSidePress,0,0,0,,,,,,,0.000000,1,0,PlusMinusKeys,0,1
20261008T105422765Z_782187cf958040a7a521f98797269696,,,1,1,StimulusOnsetObserved,Visual,2026-10-08T10:55:00.6303526Z,37.854537,14.381285,1842,0,0,OperatingSource,0,0,1,2,Left,-1,,,,,1,0,0.000000,TaskSwitchPedal,0,0.500000,0.200000,,0.100000,5.000000,10.000000,-850657224,17.774313,17.768679,17.774313,37.848903,37.854537,0.005634,,1,0,0,0,OperatingSource,LiftUp,LiftUp.PickupLowering,LiftUp,LiftUp.PickupLowering,1,"{""pedalAxisName"":""TaskSwitchPedal"",""usePlusMinusKeys"":true,""positivePedalKey"":61,""negativePedalKey"":45,""invertPedalAxis"":false,""pressThreshold"":0.5,""releaseThreshold"":0.20000000298023225,""minimumIntervalSeconds"":5.0,""maximumIntervalSeconds"":10.0,""minimumValidReactionSeconds"":0.10000000149011612,""randomSeed"":-850657224}",,0,0.000000,,CorrectSidePress,0,0,0,,,,,,,0.000000,0,0,Axis,0,1
20261008T105422765Z_782187cf958040a7a521f98797269696,,,1,1,PedalPressed,Visual,2026-10-08T10:55:01.1713217Z,38.395292,14.922118,1867,0,0,OperatingSource,0,0,1,2,Left,-1,-1,Correct,1,0.540756,1,0,-1.000000,TaskSwitchPedal,0,0.500000,0.200000,,0.100000,5.000000,10.000000,-850657224,18.315069,17.768679,17.774313,37.848903,37.854537,0.005634,38.395292,1,0,0,0,OperatingSource,LiftUp,LiftUp.PickupLowering,LiftUp,LiftUp.PickupLowering,1,"{""pedalAxisName"":""TaskSwitchPedal"",""usePlusMinusKeys"":true,""positivePedalKey"":61,""negativePedalKey"":45,""invertPedalAxis"":false,""pressThreshold"":0.5,""releaseThreshold"":0.20000000298023225,""minimumIntervalSeconds"":5.0,""maximumIntervalSeconds"":10.0,""minimumValidReactionSeconds"":0.10000000149011612,""randomSeed"":-850657224}",,0,0.000000,0.540756,CorrectSidePress,1,0,0,-1,Correct,1,0.540756,38.395292,0.540756,0.000000,0,1,PlusMinusKeys,0,1
20261008T105422765Z_782187cf958040a7a521f98797269696,,,1,1,TrialFinished,Visual,2026-10-08T10:55:01.1723353Z,38.395292,14.922118,1867,0,0,OperatingSource,0,0,1,2,Left,-1,-1,Correct,1,0.540756,1,0,-1.000000,TaskSwitchPedal,0,0.500000,0.200000,,0.100000,5.000000,10.000000,-850657224,18.315069,17.768679,17.774313,37.848903,37.854537,0.005634,38.395292,0,0,0,0,OperatingSource,LiftUp,LiftUp.PickupLowering,LiftUp,LiftUp.PickupLowering,1,"{""pedalAxisName"":""TaskSwitchPedal"",""usePlusMinusKeys"":true,""positivePedalKey"":61,""negativePedalKey"":45,""invertPedalAxis"":false,""pressThreshold"":0.5,""releaseThreshold"":0.20000000298023225,""minimumIntervalSeconds"":5.0,""maximumIntervalSeconds"":10.0,""minimumValidReactionSeconds"":0.10000000149011612,""randomSeed"":-850657224}",,0,0.000000,0.540756,CorrectSidePress,1,0,0,-1,Correct,1,0.540756,38.395292,0.540756,0.000000,0,1,PlusMinusKeys,0,1
20261008T105422765Z_782187cf958040a7a521f98797269696,,,1,1,StimulusScheduled,Visual,2026-10-08T10:55:01.1723353Z,38.395650,14.922118,1867,0,0,OperatingSource,0,0,1,3,Right,1,,,,,0,0,-1.000000,TaskSwitchPedal,0,0.500000,0.200000,,0.100000,5.000000,10.000000,-850657224,18.315427,24.667910,,44.748134,,,,0,0,,,,,,LiftUp,LiftUp.PickupLowering,1,"{""pedalAxisName"":""TaskSwitchPedal"",""usePlusMinusKeys"":true,""positivePedalKey"":61,""negativePedalKey"":45,""invertPedalAxis"":false,""pressThreshold"":0.5,""releaseThreshold"":0.20000000298023225,""minimumIntervalSeconds"":5.0,""maximumIntervalSeconds"":10.0,""minimumValidReactionSeconds"":0.10000000149011612,""randomSeed"":-850657224}",,0,0.000000,,CorrectSidePress,0,0,0,,,,,,,0.000000,0,1,PlusMinusKeys,0,1
20261008T105422765Z_782187cf958040a7a521f98797269696,,,1,1,StimulusOnsetObserved,Visual,2026-10-08T10:55:07.5323587Z,44.756155,21.283334,2159,0,0,OperatingSource,0,0,1,3,Right,1,,,,,1,0,0.000000,TaskSwitchPedal,0,0.500000,0.200000,,0.100000,5.000000,10.000000,-850657224,24.675932,24.667910,24.675932,44.748134,44.756155,0.008022,,0,1,0,0,OperatingSource,LiftUp,LiftUp.LoadedRaising,LiftUp,LiftUp.LoadedRaising,1,"{""pedalAxisName"":""TaskSwitchPedal"",""usePlusMinusKeys"":true,""positivePedalKey"":61,""negativePedalKey"":45,""invertPedalAxis"":false,""pressThreshold"":0.5,""releaseThreshold"":0.20000000298023225,""minimumIntervalSeconds"":5.0,""maximumIntervalSeconds"":10.0,""minimumValidReactionSeconds"":0.10000000149011612,""randomSeed"":-850657224}",,0,0.000000,,CorrectSidePress,0,0,0,,,,,,,0.000000,0,0,Axis,0,1
20261008T105422765Z_782187cf958040a7a521f98797269696,,,1,1,PedalPressed,Visual,2026-10-08T10:55:08.5605353Z,45.784366,22.311746,2209,0,0,OperatingSource,0,0,1,3,Right,1,1,Correct,1,1.028210,1,0,1.000000,TaskSwitchPedal,0,0.500000,0.200000,,0.100000,5.000000,10.000000,-850657224,25.704142,24.667910,24.675932,44.748134,44.756155,0.008022,45.784366,0,1,0,0,OperatingSource,LiftUp,LiftUp.LoadedRaising,LiftUp,LiftUp.LoadedRaising,1,"{""pedalAxisName"":""TaskSwitchPedal"",""usePlusMinusKeys"":true,""positivePedalKey"":61,""negativePedalKey"":45,""invertPedalAxis"":false,""pressThreshold"":0.5,""releaseThreshold"":0.20000000298023225,""minimumIntervalSeconds"":5.0,""maximumIntervalSeconds"":10.0,""minimumValidReactionSeconds"":0.10000000149011612,""randomSeed"":-850657224}",,0,0.000000,1.028210,CorrectSidePress,1,0,0,1,Correct,1,1.028210,45.784366,1.028210,0.000000,1,0,PlusMinusKeys,0,1
20261008T105422765Z_782187cf958040a7a521f98797269696,,,1,1,TrialFinished,Visual,2026-10-08T10:55:08.5605353Z,45.784366,22.311746,2209,0,0,OperatingSource,0,0,1,3,Right,1,1,Correct,1,1.028210,1,0,1.000000,TaskSwitchPedal,0,0.500000,0.200000,,0.100000,5.000000,10.000000,-850657224,25.704142,24.667910,24.675932,44.748134,44.756155,0.008022,45.784366,0,0,0,0,OperatingSource,LiftUp,LiftUp.LoadedRaising,LiftUp,LiftUp.LoadedRaising,1,"{""pedalAxisName"":""TaskSwitchPedal"",""usePlusMinusKeys"":true,""positivePedalKey"":61,""negativePedalKey"":45,""invertPedalAxis"":false,""pressThreshold"":0.5,""releaseThreshold"":0.20000000298023225,""minimumIntervalSeconds"":5.0,""maximumIntervalSeconds"":10.0,""minimumValidReactionSeconds"":0.10000000149011612,""randomSeed"":-850657224}",,0,0.000000,1.028210,CorrectSidePress,1,0,0,1,Correct,1,1.028210,45.784366,1.028210,0.000000,1,0,PlusMinusKeys,0,1
20261008T105422765Z_782187cf958040a7a521f98797269696,,,1,1,StimulusScheduled,Visual,2026-10-08T10:55:08.5615331Z,45.784737,22.311746,2209,0,0,OperatingSource,0,0,1,4,Right,1,,,,,0,0,1.000000,TaskSwitchPedal,0,0.500000,0.200000,,0.100000,5.000000,10.000000,-850657224,25.704513,33.060600,,53.140823,,,,0,0,,,,,,LiftUp,LiftUp.LoadedRaising,1,"{""pedalAxisName"":""TaskSwitchPedal"",""usePlusMinusKeys"":true,""positivePedalKey"":61,""negativePedalKey"":45,""invertPedalAxis"":false,""pressThreshold"":0.5,""releaseThreshold"":0.20000000298023225,""minimumIntervalSeconds"":5.0,""maximumIntervalSeconds"":10.0,""minimumValidReactionSeconds"":0.10000000149011612,""randomSeed"":-850657224}",,0,0.000000,,CorrectSidePress,0,0,0,,,,,,,0.000000,1,0,PlusMinusKeys,0,1
20261008T105422765Z_782187cf958040a7a521f98797269696,,,1,1,StimulusOnsetObserved,Visual,2026-10-08T10:55:15.9210067Z,53.144210,29.671550,2545,0,0,OperatingSource,0,0,1,4,Right,1,,,,,1,0,0.000000,TaskSwitchPedal,0,0.500000,0.200000,,0.100000,5.000000,10.000000,-850657224,33.063987,33.060600,33.063987,53.140823,53.144210,0.003387,,0,1,0,0,OperatingSource,Move2,Move2.DestinationCoarseMove,Move2,Move2.DestinationCoarseMove,1,"{""pedalAxisName"":""TaskSwitchPedal"",""usePlusMinusKeys"":true,""positivePedalKey"":61,""negativePedalKey"":45,""invertPedalAxis"":false,""pressThreshold"":0.5,""releaseThreshold"":0.20000000298023225,""minimumIntervalSeconds"":5.0,""maximumIntervalSeconds"":10.0,""minimumValidReactionSeconds"":0.10000000149011612,""randomSeed"":-850657224}",,0,0.000000,,CorrectSidePress,0,0,0,,,,,,,0.000000,0,0,Axis,0,1
20261008T105422765Z_782187cf958040a7a521f98797269696,,,1,1,PedalPressed,Visual,2026-10-08T10:55:16.9486755Z,54.172266,30.699482,2594,0,0,OperatingSource,0,0,1,4,Right,1,1,Correct,1,1.028055,1,0,1.000000,TaskSwitchPedal,0,0.500000,0.200000,,0.100000,5.000000,10.000000,-850657224,34.092042,33.060600,33.063987,53.140823,53.144210,0.003387,54.172266,0,1,0,0,OperatingSource,Move2,Move2.DestinationCoarseMove,Move2,Move2.DestinationCoarseMove,1,"{""pedalAxisName"":""TaskSwitchPedal"",""usePlusMinusKeys"":true,""positivePedalKey"":61,""negativePedalKey"":45,""invertPedalAxis"":false,""pressThreshold"":0.5,""releaseThreshold"":0.20000000298023225,""minimumIntervalSeconds"":5.0,""maximumIntervalSeconds"":10.0,""minimumValidReactionSeconds"":0.10000000149011612,""randomSeed"":-850657224}",,0,0.000000,1.028055,CorrectSidePress,1,0,0,1,Correct,1,1.028055,54.172266,1.028055,0.000000,1,0,PlusMinusKeys,0,1
20261008T105422765Z_782187cf958040a7a521f98797269696,,,1,1,TrialFinished,Visual,2026-10-08T10:55:16.9486755Z,54.172266,30.699482,2594,0,0,OperatingSource,0,0,1,4,Right,1,1,Correct,1,1.028055,1,0,1.000000,TaskSwitchPedal,0,0.500000,0.200000,,0.100000,5.000000,10.000000,-850657224,34.092042,33.060600,33.063987,53.140823,53.144210,0.003387,54.172266,0,0,0,0,OperatingSource,Move2,Move2.DestinationCoarseMove,Move2,Move2.DestinationCoarseMove,1,"{""pedalAxisName"":""TaskSwitchPedal"",""usePlusMinusKeys"":true,""positivePedalKey"":61,""negativePedalKey"":45,""invertPedalAxis"":false,""pressThreshold"":0.5,""releaseThreshold"":0.20000000298023225,""minimumIntervalSeconds"":5.0,""maximumIntervalSeconds"":10.0,""minimumValidReactionSeconds"":0.10000000149011612,""randomSeed"":-850657224}",,0,0.000000,1.028055,CorrectSidePress,1,0,0,1,Correct,1,1.028055,54.172266,1.028055,0.000000,1,0,PlusMinusKeys,0,1
20261008T105422765Z_782187cf958040a7a521f98797269696,,,1,1,StimulusScheduled,Visual,2026-10-08T10:55:16.9486755Z,54.172779,30.699482,2594,0,0,OperatingSource,0,0,1,5,Left,-1,,,,,0,0,1.000000,TaskSwitchPedal,0,0.500000,0.200000,,0.100000,5.000000,10.000000,-850657224,34.092556,43.663640,,63.743864,,,,0,0,,,,,,Move2,Move2.DestinationCoarseMove,1,"{""pedalAxisName"":""TaskSwitchPedal"",""usePlusMinusKeys"":true,""positivePedalKey"":61,""negativePedalKey"":45,""invertPedalAxis"":false,""pressThreshold"":0.5,""releaseThreshold"":0.20000000298023225,""minimumIntervalSeconds"":5.0,""maximumIntervalSeconds"":10.0,""minimumValidReactionSeconds"":0.10000000149011612,""randomSeed"":-850657224}",,0,0.000000,,CorrectSidePress,0,0,0,,,,,,,0.000000,1,0,PlusMinusKeys,0,1
20261008T105422765Z_782187cf958040a7a521f98797269696,,,1,1,StimulusOnsetObserved,Visual,2026-10-08T10:55:26.5420622Z,63.766625,40.293593,3048,1,0,WaitingForOperatorSwitch,0,0,1,5,Left,-1,,,,,1,0,0.000000,TaskSwitchPedal,0,0.500000,0.200000,,0.100000,5.000000,10.000000,-850657224,43.686401,43.663640,43.686401,63.743864,63.766625,0.022761,,1,0,1,0,WaitingForOperatorSwitch,Move2,Move2.DestinationFineAlign,Move2,Move2.DestinationFineAlign,1,"{""pedalAxisName"":""TaskSwitchPedal"",""usePlusMinusKeys"":true,""positivePedalKey"":61,""negativePedalKey"":45,""invertPedalAxis"":false,""pressThreshold"":0.5,""releaseThreshold"":0.20000000298023225,""minimumIntervalSeconds"":5.0,""maximumIntervalSeconds"":10.0,""minimumValidReactionSeconds"":0.10000000149011612,""randomSeed"":-850657224}",,0,0.000000,,CorrectSidePress,0,0,0,,,,,,,0.000000,0,0,Axis,0,1
20261008T105422765Z_782187cf958040a7a521f98797269696,,,1,1,PedalPressed,Visual,2026-10-08T10:55:28.8542786Z,66.078319,42.603810,3155,1,1,OperatingTarget,0,0,1,5,Left,-1,-1,Correct,1,2.311693,1,0,-1.000000,TaskSwitchPedal,0,0.500000,0.200000,,0.100000,5.000000,10.000000,-850657224,45.998095,43.663640,43.686401,63.743864,63.766625,0.022761,66.078319,1,0,1,0,WaitingForOperatorSwitch,Move2,Move2.DestinationFineAlign,Move1,Move1.PickupCoarseMove,1,"{""pedalAxisName"":""TaskSwitchPedal"",""usePlusMinusKeys"":true,""positivePedalKey"":61,""negativePedalKey"":45,""invertPedalAxis"":false,""pressThreshold"":0.5,""releaseThreshold"":0.20000000298023225,""minimumIntervalSeconds"":5.0,""maximumIntervalSeconds"":10.0,""minimumValidReactionSeconds"":0.10000000149011612,""randomSeed"":-850657224}",,0,0.000000,2.311693,CorrectSidePress,1,0,0,-1,Correct,1,2.311693,66.078319,2.311693,0.000000,0,1,PlusMinusKeys,0,1
20261008T105422765Z_782187cf958040a7a521f98797269696,,,1,1,TrialFinished,Visual,2026-10-08T10:55:28.8552836Z,66.078319,42.603810,3155,1,1,OperatingTarget,0,0,1,5,Left,-1,-1,Correct,1,2.311693,1,0,-1.000000,TaskSwitchPedal,0,0.500000,0.200000,,0.100000,5.000000,10.000000,-850657224,45.998095,43.663640,43.686401,63.743864,63.766625,0.022761,66.078319,0,0,1,0,WaitingForOperatorSwitch,Move2,Move2.DestinationFineAlign,Move1,Move1.PickupCoarseMove,1,"{""pedalAxisName"":""TaskSwitchPedal"",""usePlusMinusKeys"":true,""positivePedalKey"":61,""negativePedalKey"":45,""invertPedalAxis"":false,""pressThreshold"":0.5,""releaseThreshold"":0.20000000298023225,""minimumIntervalSeconds"":5.0,""maximumIntervalSeconds"":10.0,""minimumValidReactionSeconds"":0.10000000149011612,""randomSeed"":-850657224}",,0,0.000000,2.311693,CorrectSidePress,1,0,0,-1,Correct,1,2.311693,66.078319,2.311693,0.000000,0,1,PlusMinusKeys,0,1
20261008T105422765Z_782187cf958040a7a521f98797269696,,,1,1,StimulusScheduled,Visual,2026-10-08T10:55:28.8552836Z,66.078927,42.603810,3155,1,1,OperatingTarget,0,0,1,6,Left,-1,,,,,0,0,-1.000000,TaskSwitchPedal,0,0.500000,0.200000,,0.100000,5.000000,10.000000,-850657224,45.998703,51.131994,,71.212217,,,,0,0,,,,,,Move1,Move1.PickupCoarseMove,1,"{""pedalAxisName"":""TaskSwitchPedal"",""usePlusMinusKeys"":true,""positivePedalKey"":61,""negativePedalKey"":45,""invertPedalAxis"":false,""pressThreshold"":0.5,""releaseThreshold"":0.20000000298023225,""minimumIntervalSeconds"":5.0,""maximumIntervalSeconds"":10.0,""minimumValidReactionSeconds"":0.10000000149011612,""randomSeed"":-850657224}",,0,0.000000,,CorrectSidePress,0,0,0,,,,,,,0.000000,0,1,PlusMinusKeys,0,1
20261008T105422765Z_782187cf958040a7a521f98797269696,,,1,1,StimulusOnsetObserved,Visual,2026-10-08T10:55:33.9896363Z,71.213432,47.741380,3408,1,1,OperatingTarget,0,0,1,6,Left,-1,,,,,1,0,0.000000,TaskSwitchPedal,0,0.500000,0.200000,,0.100000,5.000000,10.000000,-850657224,51.133209,51.131994,51.133209,71.212217,71.213432,0.001215,,1,0,1,1,OperatingTarget,Move1,Move1.PickupCoarseMove,Move1,Move1.PickupCoarseMove,1,"{""pedalAxisName"":""TaskSwitchPedal"",""usePlusMinusKeys"":true,""positivePedalKey"":61,""negativePedalKey"":45,""invertPedalAxis"":false,""pressThreshold"":0.5,""releaseThreshold"":0.20000000298023225,""minimumIntervalSeconds"":5.0,""maximumIntervalSeconds"":10.0,""minimumValidReactionSeconds"":0.10000000149011612,""randomSeed"":-850657224}",,0,0.000000,,CorrectSidePress,0,0,0,,,,,,,0.000000,0,0,Axis,0,1
20261008T105422765Z_782187cf958040a7a521f98797269696,,,1,1,PedalPressed,Visual,2026-10-08T10:55:36.3839865Z,73.607435,50.134511,3523,1,1,OperatingTarget,0,0,1,6,Left,-1,-1,Correct,1,2.394003,1,0,-1.000000,TaskSwitchPedal,0,0.500000,0.200000,,0.100000,5.000000,10.000000,-850657224,53.527212,51.131994,51.133209,71.212217,71.213432,0.001215,73.607435,1,0,1,1,OperatingTarget,Move1,Move1.PickupCoarseMove,Move1,Move1.PickupFineAlign,1,"{""pedalAxisName"":""TaskSwitchPedal"",""usePlusMinusKeys"":true,""positivePedalKey"":61,""negativePedalKey"":45,""invertPedalAxis"":false,""pressThreshold"":0.5,""releaseThreshold"":0.20000000298023225,""minimumIntervalSeconds"":5.0,""maximumIntervalSeconds"":10.0,""minimumValidReactionSeconds"":0.10000000149011612,""randomSeed"":-850657224}",,0,0.000000,2.394003,CorrectSidePress,1,0,0,-1,Correct,1,2.394003,73.607435,2.394003,0.000000,0,1,PlusMinusKeys,0,1
20261008T105422765Z_782187cf958040a7a521f98797269696,,,1,1,TrialFinished,Visual,2026-10-08T10:55:36.3839865Z,73.607435,50.134511,3523,1,1,OperatingTarget,0,0,1,6,Left,-1,-1,Correct,1,2.394003,1,0,-1.000000,TaskSwitchPedal,0,0.500000,0.200000,,0.100000,5.000000,10.000000,-850657224,53.527212,51.131994,51.133209,71.212217,71.213432,0.001215,73.607435,0,0,1,1,OperatingTarget,Move1,Move1.PickupCoarseMove,Move1,Move1.PickupFineAlign,1,"{""pedalAxisName"":""TaskSwitchPedal"",""usePlusMinusKeys"":true,""positivePedalKey"":61,""negativePedalKey"":45,""invertPedalAxis"":false,""pressThreshold"":0.5,""releaseThreshold"":0.20000000298023225,""minimumIntervalSeconds"":5.0,""maximumIntervalSeconds"":10.0,""minimumValidReactionSeconds"":0.10000000149011612,""randomSeed"":-850657224}",,0,0.000000,2.394003,CorrectSidePress,1,0,0,-1,Correct,1,2.394003,73.607435,2.394003,0.000000,0,1,PlusMinusKeys,0,1
20261008T105422765Z_782187cf958040a7a521f98797269696,,,1,1,StimulusScheduled,Visual,2026-10-08T10:55:36.3839865Z,73.607760,50.134511,3523,1,1,OperatingTarget,0,0,1,7,Right,1,,,,,0,0,-1.000000,TaskSwitchPedal,0,0.500000,0.200000,,0.100000,5.000000,10.000000,-850657224,53.527536,63.490289,,83.570512,,,,0,0,,,,,,Move1,Move1.PickupFineAlign,1,"{""pedalAxisName"":""TaskSwitchPedal"",""usePlusMinusKeys"":true,""positivePedalKey"":61,""negativePedalKey"":45,""invertPedalAxis"":false,""pressThreshold"":0.5,""releaseThreshold"":0.20000000298023225,""minimumIntervalSeconds"":5.0,""maximumIntervalSeconds"":10.0,""minimumValidReactionSeconds"":0.10000000149011612,""randomSeed"":-850657224}",,0,0.000000,,CorrectSidePress,0,0,0,,,,,,,0.000000,0,1,PlusMinusKeys,0,1
20261008T105422765Z_782187cf958040a7a521f98797269696,,,1,1,StimulusOnsetObserved,Visual,2026-10-08T10:55:46.3570734Z,83.581010,60.107798,3974,1,1,OperatingTarget,0,0,1,7,Right,1,,,,,1,0,0.000000,TaskSwitchPedal,0,0.500000,0.200000,,0.100000,5.000000,10.000000,-850657224,63.500786,63.490289,63.500786,83.570512,83.581010,0.010498,,0,1,1,1,OperatingTarget,LiftUp,LiftUp.LoadedRaising,LiftUp,LiftUp.LoadedRaising,1,"{""pedalAxisName"":""TaskSwitchPedal"",""usePlusMinusKeys"":true,""positivePedalKey"":61,""negativePedalKey"":45,""invertPedalAxis"":false,""pressThreshold"":0.5,""releaseThreshold"":0.20000000298023225,""minimumIntervalSeconds"":5.0,""maximumIntervalSeconds"":10.0,""minimumValidReactionSeconds"":0.10000000149011612,""randomSeed"":-850657224}",,0,0.000000,,CorrectSidePress,0,0,0,,,,,,,0.000000,0,0,Axis,0,1
20261008T105422765Z_782187cf958040a7a521f98797269696,,,1,1,PedalPressed,Visual,2026-10-08T10:55:48.0712025Z,85.295051,61.821889,4053,1,1,OperatingTarget,0,0,1,7,Right,1,1,Correct,1,1.714041,1,0,1.000000,TaskSwitchPedal,0,0.500000,0.200000,,0.100000,5.000000,10.000000,-850657224,65.214827,63.490289,63.500786,83.570512,83.581010,0.010498,85.295051,0,1,1,1,OperatingTarget,LiftUp,LiftUp.LoadedRaising,LiftUp,LiftUp.LoadedRaising,1,"{""pedalAxisName"":""TaskSwitchPedal"",""usePlusMinusKeys"":true,""positivePedalKey"":61,""negativePedalKey"":45,""invertPedalAxis"":false,""pressThreshold"":0.5,""releaseThreshold"":0.20000000298023225,""minimumIntervalSeconds"":5.0,""maximumIntervalSeconds"":10.0,""minimumValidReactionSeconds"":0.10000000149011612,""randomSeed"":-850657224}",,0,0.000000,1.714041,CorrectSidePress,1,0,0,1,Correct,1,1.714041,85.295051,1.714041,0.000000,1,0,PlusMinusKeys,0,1
20261008T105422765Z_782187cf958040a7a521f98797269696,,,1,1,TrialFinished,Visual,2026-10-08T10:55:48.0712025Z,85.295051,61.821889,4053,1,1,OperatingTarget,0,0,1,7,Right,1,1,Correct,1,1.714041,1,0,1.000000,TaskSwitchPedal,0,0.500000,0.200000,,0.100000,5.000000,10.000000,-850657224,65.214827,63.490289,63.500786,83.570512,83.581010,0.010498,85.295051,0,0,1,1,OperatingTarget,LiftUp,LiftUp.LoadedRaising,LiftUp,LiftUp.LoadedRaising,1,"{""pedalAxisName"":""TaskSwitchPedal"",""usePlusMinusKeys"":true,""positivePedalKey"":61,""negativePedalKey"":45,""invertPedalAxis"":false,""pressThreshold"":0.5,""releaseThreshold"":0.20000000298023225,""minimumIntervalSeconds"":5.0,""maximumIntervalSeconds"":10.0,""minimumValidReactionSeconds"":0.10000000149011612,""randomSeed"":-850657224}",,0,0.000000,1.714041,CorrectSidePress,1,0,0,1,Correct,1,1.714041,85.295051,1.714041,0.000000,1,0,PlusMinusKeys,0,1
20261008T105422765Z_782187cf958040a7a521f98797269696,,,1,1,StimulusScheduled,Visual,2026-10-08T10:55:48.0712025Z,85.295376,61.821889,4053,1,1,OperatingTarget,0,0,1,8,Left,-1,,,,,0,0,1.000000,TaskSwitchPedal,0,0.500000,0.200000,,0.100000,5.000000,10.000000,-850657224,65.215152,70.995608,,91.075831,,,,0,0,,,,,,LiftUp,LiftUp.LoadedRaising,1,"{""pedalAxisName"":""TaskSwitchPedal"",""usePlusMinusKeys"":true,""positivePedalKey"":61,""negativePedalKey"":45,""invertPedalAxis"":false,""pressThreshold"":0.5,""releaseThreshold"":0.20000000298023225,""minimumIntervalSeconds"":5.0,""maximumIntervalSeconds"":10.0,""minimumValidReactionSeconds"":0.10000000149011612,""randomSeed"":-850657224}",,0,0.000000,,CorrectSidePress,0,0,0,,,,,,,0.000000,1,0,PlusMinusKeys,0,1
20261008T105422765Z_782187cf958040a7a521f98797269696,,,1,1,StimulusOnsetObserved,Visual,2026-10-08T10:55:53.8669918Z,91.090401,67.616604,4305,1,0,OperatingSource,0,0,1,8,Left,-1,,,,,1,0,0.000000,TaskSwitchPedal,0,0.500000,0.200000,,0.100000,5.000000,10.000000,-850657224,71.010177,70.995608,71.010177,91.075831,91.090401,0.014569,,1,0,1,0,OperatingSource,Place,Place.PlacementLowering,Place,Place.PlacementLowering,1,"{""pedalAxisName"":""TaskSwitchPedal"",""usePlusMinusKeys"":true,""positivePedalKey"":61,""negativePedalKey"":45,""invertPedalAxis"":false,""pressThreshold"":0.5,""releaseThreshold"":0.20000000298023225,""minimumIntervalSeconds"":5.0,""maximumIntervalSeconds"":10.0,""minimumValidReactionSeconds"":0.10000000149011612,""randomSeed"":-850657224}",,0,0.000000,,CorrectSidePress,0,0,0,,,,,,,0.000000,0,0,Axis,0,1
20261008T105422765Z_782187cf958040a7a521f98797269696,,,1,1,PedalPressed,Visual,2026-10-08T10:55:55.1296963Z,92.353315,68.879442,4358,1,0,OperatingSource,0,0,1,8,Left,-1,-1,Correct,1,1.262914,1,0,-1.000000,TaskSwitchPedal,0,0.500000,0.200000,,0.100000,5.000000,10.000000,-850657224,72.273091,70.995608,71.010177,91.075831,91.090401,0.014569,92.353315,1,0,1,0,OperatingSource,Place,Place.PlacementLowering,Place,Place.PlacementLowering,1,"{""pedalAxisName"":""TaskSwitchPedal"",""usePlusMinusKeys"":true,""positivePedalKey"":61,""negativePedalKey"":45,""invertPedalAxis"":false,""pressThreshold"":0.5,""releaseThreshold"":0.20000000298023225,""minimumIntervalSeconds"":5.0,""maximumIntervalSeconds"":10.0,""minimumValidReactionSeconds"":0.10000000149011612,""randomSeed"":-850657224}",,0,0.000000,1.262915,CorrectSidePress,1,0,0,-1,Correct,1,1.262914,92.353315,1.262915,0.000000,0,1,PlusMinusKeys,0,1
20261008T105422765Z_782187cf958040a7a521f98797269696,,,1,1,TrialFinished,Visual,2026-10-08T10:55:55.1296963Z,92.353315,68.879442,4358,1,0,OperatingSource,0,0,1,8,Left,-1,-1,Correct,1,1.262914,1,0,-1.000000,TaskSwitchPedal,0,0.500000,0.200000,,0.100000,5.000000,10.000000,-850657224,72.273091,70.995608,71.010177,91.075831,91.090401,0.014569,92.353315,0,0,1,0,OperatingSource,Place,Place.PlacementLowering,Place,Place.PlacementLowering,1,"{""pedalAxisName"":""TaskSwitchPedal"",""usePlusMinusKeys"":true,""positivePedalKey"":61,""negativePedalKey"":45,""invertPedalAxis"":false,""pressThreshold"":0.5,""releaseThreshold"":0.20000000298023225,""minimumIntervalSeconds"":5.0,""maximumIntervalSeconds"":10.0,""minimumValidReactionSeconds"":0.10000000149011612,""randomSeed"":-850657224}",,0,0.000000,1.262915,CorrectSidePress,1,0,0,-1,Correct,1,1.262914,92.353315,1.262915,0.000000,0,1,PlusMinusKeys,0,1
20261008T105422765Z_782187cf958040a7a521f98797269696,,,1,1,StimulusScheduled,Visual,2026-10-08T10:55:55.1296963Z,92.353725,68.879442,4358,1,0,OperatingSource,0,0,1,9,Left,-1,,,,,0,0,-1.000000,TaskSwitchPedal,0,0.500000,0.200000,,0.100000,5.000000,10.000000,-850657224,72.273502,80.040248,,100.120472,,,,0,0,,,,,,Place,Place.PlacementLowering,1,"{""pedalAxisName"":""TaskSwitchPedal"",""usePlusMinusKeys"":true,""positivePedalKey"":61,""negativePedalKey"":45,""invertPedalAxis"":false,""pressThreshold"":0.5,""releaseThreshold"":0.20000000298023225,""minimumIntervalSeconds"":5.0,""maximumIntervalSeconds"":10.0,""minimumValidReactionSeconds"":0.10000000149011612,""randomSeed"":-850657224}",,0,0.000000,,CorrectSidePress,0,0,0,,,,,,,0.000000,0,1,PlusMinusKeys,0,1
20261008T105422765Z_782187cf958040a7a521f98797269696,,,1,1,StimulusOnsetObserved,Visual,2026-10-08T10:56:02.9131600Z,100.137516,76.664564,4676,1,0,OperatingSource,0,0,1,9,Left,-1,,,,,1,0,0.000000,TaskSwitchPedal,0,0.500000,0.200000,,0.100000,5.000000,10.000000,-850657224,80.057292,80.040248,80.057292,100.120472,100.137516,0.017044,,1,0,1,0,OperatingSource,Place,Place.PostPlacementRaising,Place,Place.PostPlacementRaising,1,"{""pedalAxisName"":""TaskSwitchPedal"",""usePlusMinusKeys"":true,""positivePedalKey"":61,""negativePedalKey"":45,""invertPedalAxis"":false,""pressThreshold"":0.5,""releaseThreshold"":0.20000000298023225,""minimumIntervalSeconds"":5.0,""maximumIntervalSeconds"":10.0,""minimumValidReactionSeconds"":0.10000000149011612,""randomSeed"":-850657224}",,0,0.000000,,CorrectSidePress,0,0,0,,,,,,,0.000000,0,0,Axis,0,1
20261008T105422765Z_782187cf958040a7a521f98797269696,,,1,1,PedalPressed,Visual,2026-10-08T10:56:03.4307396Z,100.655066,77.182253,4699,1,0,OperatingSource,0,0,1,9,Left,-1,-1,Correct,1,0.517551,1,0,-1.000000,TaskSwitchPedal,0,0.500000,0.200000,,0.100000,5.000000,10.000000,-850657224,80.574843,80.040248,80.057292,100.120472,100.137516,0.017044,100.655066,1,0,1,0,OperatingSource,Place,Place.PostPlacementRaising,Place,Place.PostPlacementRaising,1,"{""pedalAxisName"":""TaskSwitchPedal"",""usePlusMinusKeys"":true,""positivePedalKey"":61,""negativePedalKey"":45,""invertPedalAxis"":false,""pressThreshold"":0.5,""releaseThreshold"":0.20000000298023225,""minimumIntervalSeconds"":5.0,""maximumIntervalSeconds"":10.0,""minimumValidReactionSeconds"":0.10000000149011612,""randomSeed"":-850657224}",,0,0.000000,0.517551,CorrectSidePress,1,0,0,-1,Correct,1,0.517551,100.655066,0.517551,0.000000,0,1,PlusMinusKeys,0,1
20261008T105422765Z_782187cf958040a7a521f98797269696,,,1,1,TrialFinished,Visual,2026-10-08T10:56:03.4307396Z,100.655066,77.182253,4699,1,0,OperatingSource,0,0,1,9,Left,-1,-1,Correct,1,0.517551,1,0,-1.000000,TaskSwitchPedal,0,0.500000,0.200000,,0.100000,5.000000,10.000000,-850657224,80.574843,80.040248,80.057292,100.120472,100.137516,0.017044,100.655066,0,0,1,0,OperatingSource,Place,Place.PostPlacementRaising,Place,Place.PostPlacementRaising,1,"{""pedalAxisName"":""TaskSwitchPedal"",""usePlusMinusKeys"":true,""positivePedalKey"":61,""negativePedalKey"":45,""invertPedalAxis"":false,""pressThreshold"":0.5,""releaseThreshold"":0.20000000298023225,""minimumIntervalSeconds"":5.0,""maximumIntervalSeconds"":10.0,""minimumValidReactionSeconds"":0.10000000149011612,""randomSeed"":-850657224}",,0,0.000000,0.517551,CorrectSidePress,1,0,0,-1,Correct,1,0.517551,100.655066,0.517551,0.000000,0,1,PlusMinusKeys,0,1
20261008T105422765Z_782187cf958040a7a521f98797269696,,,1,1,StimulusScheduled,Visual,2026-10-08T10:56:03.4307396Z,100.655450,77.182253,4699,1,0,OperatingSource,0,0,1,10,Right,1,,,,,0,0,-1.000000,TaskSwitchPedal,0,0.500000,0.200000,,0.100000,5.000000,10.000000,-850657224,80.575227,87.477520,,107.557744,,,,0,0,,,,,,Place,Place.PostPlacementRaising,1,"{""pedalAxisName"":""TaskSwitchPedal"",""usePlusMinusKeys"":true,""positivePedalKey"":61,""negativePedalKey"":45,""invertPedalAxis"":false,""pressThreshold"":0.5,""releaseThreshold"":0.20000000298023225,""minimumIntervalSeconds"":5.0,""maximumIntervalSeconds"":10.0,""minimumValidReactionSeconds"":0.10000000149011612,""randomSeed"":-850657224}",,0,0.000000,,CorrectSidePress,0,0,0,,,,,,,0.000000,0,1,PlusMinusKeys,0,1
20261008T105422765Z_782187cf958040a7a521f98797269696,,,1,1,StimulusOnsetObserved,Visual,2026-10-08T10:56:10.3429840Z,107.567246,84.094613,5027,1,0,OperatingSource,0,0,1,10,Right,1,,,,,1,0,0.000000,TaskSwitchPedal,0,0.500000,0.200000,,0.100000,5.000000,10.000000,-850657224,87.487023,87.477520,87.487023,107.557744,107.567246,0.009503,,0,1,1,0,OperatingSource,Move1,Move1.PickupCoarseMove,Move1,Move1.PickupCoarseMove,1,"{""pedalAxisName"":""TaskSwitchPedal"",""usePlusMinusKeys"":true,""positivePedalKey"":61,""negativePedalKey"":45,""invertPedalAxis"":false,""pressThreshold"":0.5,""releaseThreshold"":0.20000000298023225,""minimumIntervalSeconds"":5.0,""maximumIntervalSeconds"":10.0,""minimumValidReactionSeconds"":0.10000000149011612,""randomSeed"":-850657224}",,0,0.000000,,CorrectSidePress,0,0,0,,,,,,,0.000000,0,0,Axis,0,1
20261008T105422765Z_782187cf958040a7a521f98797269696,,,1,1,PedalPressed,Visual,2026-10-08T10:56:12.0816052Z,109.305708,85.832972,5106,1,0,OperatingSource,0,0,1,10,Right,1,1,Correct,1,1.738462,1,0,1.000000,TaskSwitchPedal,0,0.500000,0.200000,,0.100000,5.000000,10.000000,-850657224,89.225485,87.477520,87.487023,107.557744,107.567246,0.009503,109.305708,0,1,1,0,OperatingSource,Move1,Move1.PickupCoarseMove,Move1,Move1.PickupCoarseMove,1,"{""pedalAxisName"":""TaskSwitchPedal"",""usePlusMinusKeys"":true,""positivePedalKey"":61,""negativePedalKey"":45,""invertPedalAxis"":false,""pressThreshold"":0.5,""releaseThreshold"":0.20000000298023225,""minimumIntervalSeconds"":5.0,""maximumIntervalSeconds"":10.0,""minimumValidReactionSeconds"":0.10000000149011612,""randomSeed"":-850657224}",,0,0.000000,1.738462,CorrectSidePress,1,0,0,1,Correct,1,1.738462,109.305708,1.738462,0.000000,1,0,PlusMinusKeys,0,1
20261008T105422765Z_782187cf958040a7a521f98797269696,,,1,1,TrialFinished,Visual,2026-10-08T10:56:12.0826430Z,109.305708,85.832972,5106,1,0,OperatingSource,0,0,1,10,Right,1,1,Correct,1,1.738462,1,0,1.000000,TaskSwitchPedal,0,0.500000,0.200000,,0.100000,5.000000,10.000000,-850657224,89.225485,87.477520,87.487023,107.557744,107.567246,0.009503,109.305708,0,0,1,0,OperatingSource,Move1,Move1.PickupCoarseMove,Move1,Move1.PickupCoarseMove,1,"{""pedalAxisName"":""TaskSwitchPedal"",""usePlusMinusKeys"":true,""positivePedalKey"":61,""negativePedalKey"":45,""invertPedalAxis"":false,""pressThreshold"":0.5,""releaseThreshold"":0.20000000298023225,""minimumIntervalSeconds"":5.0,""maximumIntervalSeconds"":10.0,""minimumValidReactionSeconds"":0.10000000149011612,""randomSeed"":-850657224}",,0,0.000000,1.738462,CorrectSidePress,1,0,0,1,Correct,1,1.738462,109.305708,1.738462,0.000000,1,0,PlusMinusKeys,0,1
20261008T105422765Z_782187cf958040a7a521f98797269696,,,1,1,StimulusScheduled,Visual,2026-10-08T10:56:12.0826430Z,109.306202,85.832972,5106,1,0,OperatingSource,0,0,1,11,Right,1,,,,,0,0,1.000000,TaskSwitchPedal,0,0.500000,0.200000,,0.100000,5.000000,10.000000,-850657224,89.225978,94.287410,,114.367634,,,,0,0,,,,,,Move1,Move1.PickupCoarseMove,1,"{""pedalAxisName"":""TaskSwitchPedal"",""usePlusMinusKeys"":true,""positivePedalKey"":61,""negativePedalKey"":45,""invertPedalAxis"":false,""pressThreshold"":0.5,""releaseThreshold"":0.20000000298023225,""minimumIntervalSeconds"":5.0,""maximumIntervalSeconds"":10.0,""minimumValidReactionSeconds"":0.10000000149011612,""randomSeed"":-850657224}",,0,0.000000,,CorrectSidePress,0,0,0,,,,,,,0.000000,1,0,PlusMinusKeys,0,1
20261008T105422765Z_782187cf958040a7a521f98797269696,,,1,1,StimulusOnsetObserved,Visual,2026-10-08T10:56:17.1465991Z,114.370600,90.897202,5355,1,0,OperatingSource,0,0,1,11,Right,1,,,,,1,0,0.000000,TaskSwitchPedal,0,0.500000,0.200000,,0.100000,5.000000,10.000000,-850657224,94.290376,94.287410,94.290376,114.367634,114.370600,0.002966,,0,1,1,0,OperatingSource,Move1,Move1.PickupCoarseMove,Move1,Move1.PickupCoarseMove,1,"{""pedalAxisName"":""TaskSwitchPedal"",""usePlusMinusKeys"":true,""positivePedalKey"":61,""negativePedalKey"":45,""invertPedalAxis"":false,""pressThreshold"":0.5,""releaseThreshold"":0.20000000298023225,""minimumIntervalSeconds"":5.0,""maximumIntervalSeconds"":10.0,""minimumValidReactionSeconds"":0.10000000149011612,""randomSeed"":-850657224}",,0,0.000000,,CorrectSidePress,0,0,0,,,,,,,0.000000,0,0,Axis,0,1
20261008T105422765Z_782187cf958040a7a521f98797269696,,,1,1,PedalPressed,Visual,2026-10-08T10:56:17.7748824Z,114.998258,91.525389,5387,1,0,OperatingSource,0,0,1,11,Right,1,1,Correct,1,0.627658,1,0,1.000000,TaskSwitchPedal,0,0.500000,0.200000,,0.100000,5.000000,10.000000,-850657224,94.918034,94.287410,94.290376,114.367634,114.370600,0.002966,114.998258,0,1,1,0,OperatingSource,Move1,Move1.PickupCoarseMove,Move1,Move1.PickupCoarseMove,1,"{""pedalAxisName"":""TaskSwitchPedal"",""usePlusMinusKeys"":true,""positivePedalKey"":61,""negativePedalKey"":45,""invertPedalAxis"":false,""pressThreshold"":0.5,""releaseThreshold"":0.20000000298023225,""minimumIntervalSeconds"":5.0,""maximumIntervalSeconds"":10.0,""minimumValidReactionSeconds"":0.10000000149011612,""randomSeed"":-850657224}",,0,0.000000,0.627658,CorrectSidePress,1,0,0,1,Correct,1,0.627658,114.998258,0.627658,0.000000,1,0,PlusMinusKeys,0,1
20261008T105422765Z_782187cf958040a7a521f98797269696,,,1,1,TrialFinished,Visual,2026-10-08T10:56:17.7748824Z,114.998258,91.525389,5387,1,0,OperatingSource,0,0,1,11,Right,1,1,Correct,1,0.627658,1,0,1.000000,TaskSwitchPedal,0,0.500000,0.200000,,0.100000,5.000000,10.000000,-850657224,94.918034,94.287410,94.290376,114.367634,114.370600,0.002966,114.998258,0,0,1,0,OperatingSource,Move1,Move1.PickupCoarseMove,Move1,Move1.PickupCoarseMove,1,"{""pedalAxisName"":""TaskSwitchPedal"",""usePlusMinusKeys"":true,""positivePedalKey"":61,""negativePedalKey"":45,""invertPedalAxis"":false,""pressThreshold"":0.5,""releaseThreshold"":0.20000000298023225,""minimumIntervalSeconds"":5.0,""maximumIntervalSeconds"":10.0,""minimumValidReactionSeconds"":0.10000000149011612,""randomSeed"":-850657224}",,0,0.000000,0.627658,CorrectSidePress,1,0,0,1,Correct,1,0.627658,114.998258,0.627658,0.000000,1,0,PlusMinusKeys,0,1
20261008T105422765Z_782187cf958040a7a521f98797269696,,,1,1,StimulusScheduled,Visual,2026-10-08T10:56:17.7748824Z,114.998610,91.525389,5387,1,0,OperatingSource,0,0,1,12,Right,1,,,,,0,0,1.000000,TaskSwitchPedal,0,0.500000,0.200000,,0.100000,5.000000,10.000000,-850657224,94.918386,104.634388,,124.714612,,,,0,0,,,,,,Move1,Move1.PickupCoarseMove,1,"{""pedalAxisName"":""TaskSwitchPedal"",""usePlusMinusKeys"":true,""positivePedalKey"":61,""negativePedalKey"":45,""invertPedalAxis"":false,""pressThreshold"":0.5,""releaseThreshold"":0.20000000298023225,""minimumIntervalSeconds"":5.0,""maximumIntervalSeconds"":10.0,""minimumValidReactionSeconds"":0.10000000149011612,""randomSeed"":-850657224}",,0,0.000000,,CorrectSidePress,0,0,0,,,,,,,0.000000,1,0,PlusMinusKeys,0,1
20261008T105422765Z_782187cf958040a7a521f98797269696,,,1,1,StimulusOnsetObserved,Visual,2026-10-08T10:56:27.4984115Z,124.721796,101.248200,5827,2,0,WaitingForOperatorSwitch,0,0,1,12,Right,1,,,,,1,0,0.000000,TaskSwitchPedal,0,0.500000,0.200000,,0.100000,5.000000,10.000000,-850657224,104.641572,104.634388,104.641572,124.714612,124.721796,0.007184,,0,1,2,0,WaitingForOperatorSwitch,LiftUp,LiftUp.LoadAcquisition,LiftUp,LiftUp.LoadAcquisition,1,"{""pedalAxisName"":""TaskSwitchPedal"",""usePlusMinusKeys"":true,""positivePedalKey"":61,""negativePedalKey"":45,""invertPedalAxis"":false,""pressThreshold"":0.5,""releaseThreshold"":0.20000000298023225,""minimumIntervalSeconds"":5.0,""maximumIntervalSeconds"":10.0,""minimumValidReactionSeconds"":0.10000000149011612,""randomSeed"":-850657224}",,0,0.000000,,CorrectSidePress,0,0,0,,,,,,,0.000000,0,0,Axis,0,1
20261008T105422765Z_782187cf958040a7a521f98797269696,,,1,1,PedalPressed,Visual,2026-10-08T10:56:28.4566985Z,125.680844,102.207008,5865,2,0,WaitingForOperatorSwitch,0,0,1,12,Right,1,1,Correct,1,0.959048,1,0,1.000000,TaskSwitchPedal,0,0.500000,0.200000,,0.100000,5.000000,10.000000,-850657224,105.600620,104.634388,104.641572,124.714612,124.721796,0.007184,125.680844,0,1,2,0,WaitingForOperatorSwitch,LiftUp,LiftUp.LoadAcquisition,LiftUp,LiftUp.LoadAcquisition,1,"{""pedalAxisName"":""TaskSwitchPedal"",""usePlusMinusKeys"":true,""positivePedalKey"":61,""negativePedalKey"":45,""invertPedalAxis"":false,""pressThreshold"":0.5,""releaseThreshold"":0.20000000298023225,""minimumIntervalSeconds"":5.0,""maximumIntervalSeconds"":10.0,""minimumValidReactionSeconds"":0.10000000149011612,""randomSeed"":-850657224}",,0,0.000000,0.959048,CorrectSidePress,1,0,0,1,Correct,1,0.959048,125.680844,0.959048,0.000000,1,0,PlusMinusKeys,0,1
20261008T105422765Z_782187cf958040a7a521f98797269696,,,1,1,TrialFinished,Visual,2026-10-08T10:56:28.4577213Z,125.680844,102.207008,5865,2,0,WaitingForOperatorSwitch,0,0,1,12,Right,1,1,Correct,1,0.959048,1,0,1.000000,TaskSwitchPedal,0,0.500000,0.200000,,0.100000,5.000000,10.000000,-850657224,105.600620,104.634388,104.641572,124.714612,124.721796,0.007184,125.680844,0,0,2,0,WaitingForOperatorSwitch,LiftUp,LiftUp.LoadAcquisition,LiftUp,LiftUp.LoadAcquisition,1,"{""pedalAxisName"":""TaskSwitchPedal"",""usePlusMinusKeys"":true,""positivePedalKey"":61,""negativePedalKey"":45,""invertPedalAxis"":false,""pressThreshold"":0.5,""releaseThreshold"":0.20000000298023225,""minimumIntervalSeconds"":5.0,""maximumIntervalSeconds"":10.0,""minimumValidReactionSeconds"":0.10000000149011612,""randomSeed"":-850657224}",,0,0.000000,0.959048,CorrectSidePress,1,0,0,1,Correct,1,0.959048,125.680844,0.959048,0.000000,1,0,PlusMinusKeys,0,1
20261008T105422765Z_782187cf958040a7a521f98797269696,,,1,1,StimulusScheduled,Visual,2026-10-08T10:56:28.4577213Z,125.681213,102.207008,5865,2,0,WaitingForOperatorSwitch,0,0,1,13,Right,1,,,,,0,0,1.000000,TaskSwitchPedal,0,0.500000,0.200000,,0.100000,5.000000,10.000000,-850657224,105.600989,114.904356,,134.984580,,,,0,0,,,,,,LiftUp,LiftUp.LoadAcquisition,1,"{""pedalAxisName"":""TaskSwitchPedal"",""usePlusMinusKeys"":true,""positivePedalKey"":61,""negativePedalKey"":45,""invertPedalAxis"":false,""pressThreshold"":0.5,""releaseThreshold"":0.20000000298023225,""minimumIntervalSeconds"":5.0,""maximumIntervalSeconds"":10.0,""minimumValidReactionSeconds"":0.10000000149011612,""randomSeed"":-850657224}",,0,0.000000,,CorrectSidePress,0,0,0,,,,,,,0.000000,1,0,PlusMinusKeys,0,1
20261008T105422765Z_782187cf958040a7a521f98797269696,,,1,1,StimulusOnsetObserved,Visual,2026-10-08T10:56:37.7635396Z,134.987583,111.513946,6246,2,1,OperatingTarget,0,0,1,13,Right,1,,,,,1,0,0.000000,TaskSwitchPedal,0,0.500000,0.200000,,0.100000,5.000000,10.000000,-850657224,114.907360,114.904356,114.907360,134.984580,134.987583,0.003004,,0,1,2,1,OperatingTarget,Move2,Move2.DestinationCoarseMove,Move2,Move2.DestinationCoarseMove,1,"{""pedalAxisName"":""TaskSwitchPedal"",""usePlusMinusKeys"":true,""positivePedalKey"":61,""negativePedalKey"":45,""invertPedalAxis"":false,""pressThreshold"":0.5,""releaseThreshold"":0.20000000298023225,""minimumIntervalSeconds"":5.0,""maximumIntervalSeconds"":10.0,""minimumValidReactionSeconds"":0.10000000149011612,""randomSeed"":-850657224}",,0,0.000000,,CorrectSidePress,0,0,0,,,,,,,0.000000,0,0,Axis,0,1
20261008T105422765Z_782187cf958040a7a521f98797269696,,,1,1,PedalPressed,Visual,2026-10-08T10:56:38.2940756Z,135.518260,112.044497,6269,2,1,OperatingTarget,0,0,1,13,Right,1,1,Correct,1,0.530676,1,0,1.000000,TaskSwitchPedal,0,0.500000,0.200000,,0.100000,5.000000,10.000000,-850657224,115.438036,114.904356,114.907360,134.984580,134.987583,0.003004,135.518260,0,1,2,1,OperatingTarget,Move2,Move2.DestinationCoarseMove,Move2,Move2.DestinationCoarseMove,1,"{""pedalAxisName"":""TaskSwitchPedal"",""usePlusMinusKeys"":true,""positivePedalKey"":61,""negativePedalKey"":45,""invertPedalAxis"":false,""pressThreshold"":0.5,""releaseThreshold"":0.20000000298023225,""minimumIntervalSeconds"":5.0,""maximumIntervalSeconds"":10.0,""minimumValidReactionSeconds"":0.10000000149011612,""randomSeed"":-850657224}",,0,0.000000,0.530677,CorrectSidePress,1,0,0,1,Correct,1,0.530676,135.518260,0.530677,0.000000,1,0,PlusMinusKeys,0,1
20261008T105422765Z_782187cf958040a7a521f98797269696,,,1,1,TrialFinished,Visual,2026-10-08T10:56:38.2940756Z,135.518260,112.044497,6269,2,1,OperatingTarget,0,0,1,13,Right,1,1,Correct,1,0.530676,1,0,1.000000,TaskSwitchPedal,0,0.500000,0.200000,,0.100000,5.000000,10.000000,-850657224,115.438036,114.904356,114.907360,134.984580,134.987583,0.003004,135.518260,0,0,2,1,OperatingTarget,Move2,Move2.DestinationCoarseMove,Move2,Move2.DestinationCoarseMove,1,"{""pedalAxisName"":""TaskSwitchPedal"",""usePlusMinusKeys"":true,""positivePedalKey"":61,""negativePedalKey"":45,""invertPedalAxis"":false,""pressThreshold"":0.5,""releaseThreshold"":0.20000000298023225,""minimumIntervalSeconds"":5.0,""maximumIntervalSeconds"":10.0,""minimumValidReactionSeconds"":0.10000000149011612,""randomSeed"":-850657224}",,0,0.000000,0.530677,CorrectSidePress,1,0,0,1,Correct,1,0.530676,135.518260,0.530677,0.000000,1,0,PlusMinusKeys,0,1
20261008T105422765Z_782187cf958040a7a521f98797269696,,,1,1,StimulusScheduled,Visual,2026-10-08T10:56:38.2950827Z,135.518595,112.044497,6269,2,1,OperatingTarget,0,0,1,14,Right,1,,,,,0,0,1.000000,TaskSwitchPedal,0,0.500000,0.200000,,0.100000,5.000000,10.000000,-850657224,115.438371,122.053680,,142.133903,,,,0,0,,,,,,Move2,Move2.DestinationCoarseMove,1,"{""pedalAxisName"":""TaskSwitchPedal"",""usePlusMinusKeys"":true,""positivePedalKey"":61,""negativePedalKey"":45,""invertPedalAxis"":false,""pressThreshold"":0.5,""releaseThreshold"":0.20000000298023225,""minimumIntervalSeconds"":5.0,""maximumIntervalSeconds"":10.0,""minimumValidReactionSeconds"":0.10000000149011612,""randomSeed"":-850657224}",,0,0.000000,,CorrectSidePress,0,0,0,,,,,,,0.000000,1,0,PlusMinusKeys,0,1
20261008T105422765Z_782187cf958040a7a521f98797269696,,,1,1,StimulusOnsetObserved,Visual,2026-10-08T10:56:44.9440885Z,142.167860,118.693796,6556,2,1,OperatingTarget,0,0,1,14,Right,1,,,,,1,0,0.000000,TaskSwitchPedal,0,0.500000,0.200000,,0.100000,5.000000,10.000000,-850657224,122.087636,122.053680,122.087636,142.133903,142.167860,0.033957,,0,1,2,1,OperatingTarget,Place,Place.PlacementLowering,Place,Place.PlacementLowering,1,"{""pedalAxisName"":""TaskSwitchPedal"",""usePlusMinusKeys"":true,""positivePedalKey"":61,""negativePedalKey"":45,""invertPedalAxis"":false,""pressThreshold"":0.5,""releaseThreshold"":0.20000000298023225,""minimumIntervalSeconds"":5.0,""maximumIntervalSeconds"":10.0,""minimumValidReactionSeconds"":0.10000000149011612,""randomSeed"":-850657224}",,0,0.000000,,CorrectSidePress,0,0,0,,,,,,,0.000000,0,0,Axis,0,1
20261008T105422765Z_782187cf958040a7a521f98797269696,,,1,1,PedalPressed,Visual,2026-10-08T10:56:45.6904554Z,142.913936,119.440433,6588,2,1,OperatingTarget,0,0,1,14,Right,1,1,Correct,1,0.746076,1,0,1.000000,TaskSwitchPedal,0,0.500000,0.200000,,0.100000,5.000000,10.000000,-850657224,122.833712,122.053680,122.087636,142.133903,142.167860,0.033957,142.913936,0,1,2,1,OperatingTarget,Place,Place.PlacementLowering,Place,Place.PlacementLowering,1,"{""pedalAxisName"":""TaskSwitchPedal"",""usePlusMinusKeys"":true,""positivePedalKey"":61,""negativePedalKey"":45,""invertPedalAxis"":false,""pressThreshold"":0.5,""releaseThreshold"":0.20000000298023225,""minimumIntervalSeconds"":5.0,""maximumIntervalSeconds"":10.0,""minimumValidReactionSeconds"":0.10000000149011612,""randomSeed"":-850657224}",,0,0.000000,0.746076,CorrectSidePress,1,0,0,1,Correct,1,0.746076,142.913936,0.746076,0.000000,1,0,PlusMinusKeys,0,1
20261008T105422765Z_782187cf958040a7a521f98797269696,,,1,1,TrialFinished,Visual,2026-10-08T10:56:45.6904554Z,142.913936,119.440433,6588,2,1,OperatingTarget,0,0,1,14,Right,1,1,Correct,1,0.746076,1,0,1.000000,TaskSwitchPedal,0,0.500000,0.200000,,0.100000,5.000000,10.000000,-850657224,122.833712,122.053680,122.087636,142.133903,142.167860,0.033957,142.913936,0,0,2,1,OperatingTarget,Place,Place.PlacementLowering,Place,Place.PlacementLowering,1,"{""pedalAxisName"":""TaskSwitchPedal"",""usePlusMinusKeys"":true,""positivePedalKey"":61,""negativePedalKey"":45,""invertPedalAxis"":false,""pressThreshold"":0.5,""releaseThreshold"":0.20000000298023225,""minimumIntervalSeconds"":5.0,""maximumIntervalSeconds"":10.0,""minimumValidReactionSeconds"":0.10000000149011612,""randomSeed"":-850657224}",,0,0.000000,0.746076,CorrectSidePress,1,0,0,1,Correct,1,0.746076,142.913936,0.746076,0.000000,1,0,PlusMinusKeys,0,1
20261008T105422765Z_782187cf958040a7a521f98797269696,,,1,1,StimulusScheduled,Visual,2026-10-08T10:56:45.6904554Z,142.914263,119.440433,6588,2,1,OperatingTarget,0,0,1,15,Right,1,,,,,0,0,1.000000,TaskSwitchPedal,0,0.500000,0.200000,,0.100000,5.000000,10.000000,-850657224,122.834040,132.620758,,152.700982,,,,0,0,,,,,,Place,Place.PlacementLowering,1,"{""pedalAxisName"":""TaskSwitchPedal"",""usePlusMinusKeys"":true,""positivePedalKey"":61,""negativePedalKey"":45,""invertPedalAxis"":false,""pressThreshold"":0.5,""releaseThreshold"":0.20000000298023225,""minimumIntervalSeconds"":5.0,""maximumIntervalSeconds"":10.0,""minimumValidReactionSeconds"":0.10000000149011612,""randomSeed"":-850657224}",,0,0.000000,,CorrectSidePress,0,0,0,,,,,,,0.000000,1,0,PlusMinusKeys,0,1
20261008T105422765Z_782187cf958040a7a521f98797269696,,,1,1,StimulusOnsetObserved,Visual,2026-10-08T10:56:55.4801407Z,152.703619,129.231015,7000,2,1,OperatingTarget,0,0,1,15,Right,1,,,,,1,0,0.000000,TaskSwitchPedal,0,0.500000,0.200000,,0.100000,5.000000,10.000000,-850657224,132.623395,132.620758,132.623395,152.700982,152.703619,0.002637,,0,1,2,1,OperatingTarget,Place,Place.PostPlacementRaising,Place,Place.PostPlacementRaising,1,"{""pedalAxisName"":""TaskSwitchPedal"",""usePlusMinusKeys"":true,""positivePedalKey"":61,""negativePedalKey"":45,""invertPedalAxis"":false,""pressThreshold"":0.5,""releaseThreshold"":0.20000000298023225,""minimumIntervalSeconds"":5.0,""maximumIntervalSeconds"":10.0,""minimumValidReactionSeconds"":0.10000000149011612,""randomSeed"":-850657224}",,0,0.000000,,CorrectSidePress,0,0,0,,,,,,,0.000000,0,0,Axis,0,1
20261008T105422765Z_782187cf958040a7a521f98797269696,,,1,1,PedalPressed,Visual,2026-10-08T10:56:55.9600724Z,153.183635,129.710883,7025,2,1,OperatingTarget,0,0,1,15,Right,1,1,Correct,1,0.480017,1,0,1.000000,TaskSwitchPedal,0,0.500000,0.200000,,0.100000,5.000000,10.000000,-850657224,133.103412,132.620758,132.623395,152.700982,152.703619,0.002637,153.183635,0,1,2,1,OperatingTarget,Place,Place.PostPlacementRaising,Place,Place.PostPlacementRaising,1,"{""pedalAxisName"":""TaskSwitchPedal"",""usePlusMinusKeys"":true,""positivePedalKey"":61,""negativePedalKey"":45,""invertPedalAxis"":false,""pressThreshold"":0.5,""releaseThreshold"":0.20000000298023225,""minimumIntervalSeconds"":5.0,""maximumIntervalSeconds"":10.0,""minimumValidReactionSeconds"":0.10000000149011612,""randomSeed"":-850657224}",,0,0.000000,0.480017,CorrectSidePress,1,0,0,1,Correct,1,0.480017,153.183635,0.480017,0.000000,1,0,PlusMinusKeys,0,1
20261008T105422765Z_782187cf958040a7a521f98797269696,,,1,1,TrialFinished,Visual,2026-10-08T10:56:55.9600724Z,153.183635,129.710883,7025,2,1,OperatingTarget,0,0,1,15,Right,1,1,Correct,1,0.480017,1,0,1.000000,TaskSwitchPedal,0,0.500000,0.200000,,0.100000,5.000000,10.000000,-850657224,133.103412,132.620758,132.623395,152.700982,152.703619,0.002637,153.183635,0,0,2,1,OperatingTarget,Place,Place.PostPlacementRaising,Place,Place.PostPlacementRaising,1,"{""pedalAxisName"":""TaskSwitchPedal"",""usePlusMinusKeys"":true,""positivePedalKey"":61,""negativePedalKey"":45,""invertPedalAxis"":false,""pressThreshold"":0.5,""releaseThreshold"":0.20000000298023225,""minimumIntervalSeconds"":5.0,""maximumIntervalSeconds"":10.0,""minimumValidReactionSeconds"":0.10000000149011612,""randomSeed"":-850657224}",,0,0.000000,0.480017,CorrectSidePress,1,0,0,1,Correct,1,0.480017,153.183635,0.480017,0.000000,1,0,PlusMinusKeys,0,1
20261008T105422765Z_782187cf958040a7a521f98797269696,,,1,1,StimulusScheduled,Visual,2026-10-08T10:56:55.9600724Z,153.184000,129.710883,7025,2,1,OperatingTarget,0,0,1,16,Right,1,,,,,0,0,1.000000,TaskSwitchPedal,0,0.500000,0.200000,,0.100000,5.000000,10.000000,-850657224,133.103776,138.353336,,158.433560,,,,0,0,,,,,,Place,Place.PostPlacementRaising,1,"{""pedalAxisName"":""TaskSwitchPedal"",""usePlusMinusKeys"":true,""positivePedalKey"":61,""negativePedalKey"":45,""invertPedalAxis"":false,""pressThreshold"":0.5,""releaseThreshold"":0.20000000298023225,""minimumIntervalSeconds"":5.0,""maximumIntervalSeconds"":10.0,""minimumValidReactionSeconds"":0.10000000149011612,""randomSeed"":-850657224}",,0,0.000000,,CorrectSidePress,0,0,0,,,,,,,0.000000,1,0,PlusMinusKeys,0,1
20261008T105422765Z_782187cf958040a7a521f98797269696,,,1,1,StimulusOnsetObserved,Visual,2026-10-08T10:57:01.2137413Z,158.437476,134.964855,7270,2,1,OperatingTarget,0,0,1,16,Right,1,,,,,1,0,0.000000,TaskSwitchPedal,0,0.500000,0.200000,,0.100000,5.000000,10.000000,-850657224,138.357252,138.353336,138.357252,158.433560,158.437476,0.003916,,0,1,2,1,OperatingTarget,Place,Place.PostPlacementRaising,Place,Place.PostPlacementRaising,1,"{""pedalAxisName"":""TaskSwitchPedal"",""usePlusMinusKeys"":true,""positivePedalKey"":61,""negativePedalKey"":45,""invertPedalAxis"":false,""pressThreshold"":0.5,""releaseThreshold"":0.20000000298023225,""minimumIntervalSeconds"":5.0,""maximumIntervalSeconds"":10.0,""minimumValidReactionSeconds"":0.10000000149011612,""randomSeed"":-850657224}",,0,0.000000,,CorrectSidePress,0,0,0,,,,,,,0.000000,0,0,Axis,0,1
20261008T105422765Z_782187cf958040a7a521f98797269696,,,1,1,PedalPressed,Visual,2026-10-08T10:57:02.9836178Z,160.207710,136.734736,7348,2,0,WaitingForSourceConfirmation,1,0,1,16,Right,1,1,Correct,1,1.770234,1,0,1.000000,TaskSwitchPedal,0,0.500000,0.200000,,0.100000,5.000000,10.000000,-850657224,140.127487,138.353336,138.357252,158.433560,158.437476,0.003916,160.207710,0,1,2,1,OperatingTarget,Place,Place.PostPlacementRaising,Move2,Move2.DestinationCoarseMove,1,"{""pedalAxisName"":""TaskSwitchPedal"",""usePlusMinusKeys"":true,""positivePedalKey"":61,""negativePedalKey"":45,""invertPedalAxis"":false,""pressThreshold"":0.5,""releaseThreshold"":0.20000000298023225,""minimumIntervalSeconds"":5.0,""maximumIntervalSeconds"":10.0,""minimumValidReactionSeconds"":0.10000000149011612,""randomSeed"":-850657224}",,0,0.000000,1.770234,CorrectSidePress,1,0,0,1,Correct,1,1.770234,160.207710,1.770234,0.000000,1,0,PlusMinusKeys,0,1
20261008T105422765Z_782187cf958040a7a521f98797269696,,,1,1,TrialFinished,Visual,2026-10-08T10:57:02.9836178Z,160.207710,136.734736,7348,2,0,WaitingForSourceConfirmation,1,0,1,16,Right,1,1,Correct,1,1.770234,1,0,1.000000,TaskSwitchPedal,0,0.500000,0.200000,,0.100000,5.000000,10.000000,-850657224,140.127487,138.353336,138.357252,158.433560,158.437476,0.003916,160.207710,0,0,2,1,OperatingTarget,Place,Place.PostPlacementRaising,Move2,Move2.DestinationCoarseMove,1,"{""pedalAxisName"":""TaskSwitchPedal"",""usePlusMinusKeys"":true,""positivePedalKey"":61,""negativePedalKey"":45,""invertPedalAxis"":false,""pressThreshold"":0.5,""releaseThreshold"":0.20000000298023225,""minimumIntervalSeconds"":5.0,""maximumIntervalSeconds"":10.0,""minimumValidReactionSeconds"":0.10000000149011612,""randomSeed"":-850657224}",,0,0.000000,1.770234,CorrectSidePress,1,0,0,1,Correct,1,1.770234,160.207710,1.770234,0.000000,1,0,PlusMinusKeys,0,1
20261008T105422765Z_782187cf958040a7a521f98797269696,,,1,1,StimulusScheduled,Visual,2026-10-08T10:57:02.9846123Z,160.208106,136.734736,7348,2,0,WaitingForSourceConfirmation,1,0,1,17,Right,1,,,,,0,0,1.000000,TaskSwitchPedal,0,0.500000,0.200000,,0.100000,5.000000,10.000000,-850657224,140.127883,146.598922,,166.679145,,,,0,0,,,,,,Move2,Move2.DestinationCoarseMove,1,"{""pedalAxisName"":""TaskSwitchPedal"",""usePlusMinusKeys"":true,""positivePedalKey"":61,""negativePedalKey"":45,""invertPedalAxis"":false,""pressThreshold"":0.5,""releaseThreshold"":0.20000000298023225,""minimumIntervalSeconds"":5.0,""maximumIntervalSeconds"":10.0,""minimumValidReactionSeconds"":0.10000000149011612,""randomSeed"":-850657224}",,0,0.000000,,CorrectSidePress,0,0,0,,,,,,,0.000000,1,0,PlusMinusKeys,0,1
20261008T105422765Z_782187cf958040a7a521f98797269696,,,1,1,StimulusOnsetObserved,Visual,2026-10-08T10:57:09.4759274Z,166.699336,143.225936,7657,2,0,OperatingSource,0,0,1,17,Right,1,,,,,1,0,0.000000,TaskSwitchPedal,0,0.500000,0.200000,,0.100000,5.000000,10.000000,-850657224,146.619112,146.598922,146.619112,166.679145,166.699336,0.020190,,0,1,2,0,OperatingSource,Move2,Move2.DestinationCoarseMove,Move2,Move2.DestinationCoarseMove,1,"{""pedalAxisName"":""TaskSwitchPedal"",""usePlusMinusKeys"":true,""positivePedalKey"":61,""negativePedalKey"":45,""invertPedalAxis"":false,""pressThreshold"":0.5,""releaseThreshold"":0.20000000298023225,""minimumIntervalSeconds"":5.0,""maximumIntervalSeconds"":10.0,""minimumValidReactionSeconds"":0.10000000149011612,""randomSeed"":-850657224}",,0,0.000000,,CorrectSidePress,0,0,0,,,,,,,0.000000,0,0,Axis,0,1
20261008T105422765Z_782187cf958040a7a521f98797269696,,,1,1,PedalPressed,Visual,2026-10-08T10:57:10.3227342Z,167.546632,144.074004,7696,2,0,OperatingSource,0,0,1,17,Right,1,1,Correct,1,0.847297,1,0,1.000000,TaskSwitchPedal,0,0.500000,0.200000,,0.100000,5.000000,10.000000,-850657224,147.466408,146.598922,146.619112,166.679145,166.699336,0.020190,167.546632,0,1,2,0,OperatingSource,Move2,Move2.DestinationCoarseMove,Move2,Move2.DestinationCoarseMove,1,"{""pedalAxisName"":""TaskSwitchPedal"",""usePlusMinusKeys"":true,""positivePedalKey"":61,""negativePedalKey"":45,""invertPedalAxis"":false,""pressThreshold"":0.5,""releaseThreshold"":0.20000000298023225,""minimumIntervalSeconds"":5.0,""maximumIntervalSeconds"":10.0,""minimumValidReactionSeconds"":0.10000000149011612,""randomSeed"":-850657224}",,0,0.000000,0.847296,CorrectSidePress,1,0,0,1,Correct,1,0.847297,167.546632,0.847296,0.000000,1,0,PlusMinusKeys,0,1
20261008T105422765Z_782187cf958040a7a521f98797269696,,,1,1,TrialFinished,Visual,2026-10-08T10:57:10.3227342Z,167.546632,144.074004,7696,2,0,OperatingSource,0,0,1,17,Right,1,1,Correct,1,0.847297,1,0,1.000000,TaskSwitchPedal,0,0.500000,0.200000,,0.100000,5.000000,10.000000,-850657224,147.466408,146.598922,146.619112,166.679145,166.699336,0.020190,167.546632,0,0,2,0,OperatingSource,Move2,Move2.DestinationCoarseMove,Move2,Move2.DestinationCoarseMove,1,"{""pedalAxisName"":""TaskSwitchPedal"",""usePlusMinusKeys"":true,""positivePedalKey"":61,""negativePedalKey"":45,""invertPedalAxis"":false,""pressThreshold"":0.5,""releaseThreshold"":0.20000000298023225,""minimumIntervalSeconds"":5.0,""maximumIntervalSeconds"":10.0,""minimumValidReactionSeconds"":0.10000000149011612,""randomSeed"":-850657224}",,0,0.000000,0.847296,CorrectSidePress,1,0,0,1,Correct,1,0.847297,167.546632,0.847296,0.000000,1,0,PlusMinusKeys,0,1
20261008T105422765Z_782187cf958040a7a521f98797269696,,,1,1,StimulusScheduled,Visual,2026-10-08T10:57:10.3227342Z,167.547099,144.074004,7696,2,0,OperatingSource,0,0,1,18,Right,1,,,,,0,0,1.000000,TaskSwitchPedal,0,0.500000,0.200000,,0.100000,5.000000,10.000000,-850657224,147.466875,153.714233,,173.794456,,,,0,0,,,,,,Move2,Move2.DestinationCoarseMove,1,"{""pedalAxisName"":""TaskSwitchPedal"",""usePlusMinusKeys"":true,""positivePedalKey"":61,""negativePedalKey"":45,""invertPedalAxis"":false,""pressThreshold"":0.5,""releaseThreshold"":0.20000000298023225,""minimumIntervalSeconds"":5.0,""maximumIntervalSeconds"":10.0,""minimumValidReactionSeconds"":0.10000000149011612,""randomSeed"":-850657224}",,0,0.000000,,CorrectSidePress,0,0,0,,,,,,,0.000000,1,0,PlusMinusKeys,0,1
20261008T105422765Z_782187cf958040a7a521f98797269696,,,1,1,StimulusOnsetObserved,Visual,2026-10-08T10:57:16.5816857Z,173.805701,150.332465,8000,2,0,OperatingSource,0,0,1,18,Right,1,,,,,1,0,0.000000,TaskSwitchPedal,0,0.500000,0.200000,,0.100000,5.000000,10.000000,-850657224,153.725478,153.714233,153.725478,173.794456,173.805701,0.011245,,0,1,2,0,OperatingSource,Move2,Move2.DestinationFineAlign,Move2,Move2.DestinationFineAlign,1,"{""pedalAxisName"":""TaskSwitchPedal"",""usePlusMinusKeys"":true,""positivePedalKey"":61,""negativePedalKey"":45,""invertPedalAxis"":false,""pressThreshold"":0.5,""releaseThreshold"":0.20000000298023225,""minimumIntervalSeconds"":5.0,""maximumIntervalSeconds"":10.0,""minimumValidReactionSeconds"":0.10000000149011612,""randomSeed"":-850657224}",,0,0.000000,,CorrectSidePress,0,0,0,,,,,,,0.000000,0,0,Axis,0,1
20261008T105422765Z_782187cf958040a7a521f98797269696,,,1,1,PedalPressed,Visual,2026-10-08T10:57:17.7977149Z,175.022413,151.549207,8056,2,0,OperatingSource,0,0,1,18,Right,1,1,Correct,1,1.216711,1,0,1.000000,TaskSwitchPedal,0,0.500000,0.200000,,0.100000,5.000000,10.000000,-850657224,154.942189,153.714233,153.725478,173.794456,173.805701,0.011245,175.022413,0,1,2,0,OperatingSource,Move2,Move2.DestinationFineAlign,Move2,Move2.DestinationFineAlign,1,"{""pedalAxisName"":""TaskSwitchPedal"",""usePlusMinusKeys"":true,""positivePedalKey"":61,""negativePedalKey"":45,""invertPedalAxis"":false,""pressThreshold"":0.5,""releaseThreshold"":0.20000000298023225,""minimumIntervalSeconds"":5.0,""maximumIntervalSeconds"":10.0,""minimumValidReactionSeconds"":0.10000000149011612,""randomSeed"":-850657224}",,0,0.000000,1.216712,CorrectSidePress,1,0,0,1,Correct,1,1.216711,175.022413,1.216712,0.000000,1,0,PlusMinusKeys,0,1
20261008T105422765Z_782187cf958040a7a521f98797269696,,,1,1,TrialFinished,Visual,2026-10-08T10:57:17.7990993Z,175.022413,151.549207,8056,2,0,OperatingSource,0,0,1,18,Right,1,1,Correct,1,1.216711,1,0,1.000000,TaskSwitchPedal,0,0.500000,0.200000,,0.100000,5.000000,10.000000,-850657224,154.942189,153.714233,153.725478,173.794456,173.805701,0.011245,175.022413,0,0,2,0,OperatingSource,Move2,Move2.DestinationFineAlign,Move2,Move2.DestinationFineAlign,1,"{""pedalAxisName"":""TaskSwitchPedal"",""usePlusMinusKeys"":true,""positivePedalKey"":61,""negativePedalKey"":45,""invertPedalAxis"":false,""pressThreshold"":0.5,""releaseThreshold"":0.20000000298023225,""minimumIntervalSeconds"":5.0,""maximumIntervalSeconds"":10.0,""minimumValidReactionSeconds"":0.10000000149011612,""randomSeed"":-850657224}",,0,0.000000,1.216712,CorrectSidePress,1,0,0,1,Correct,1,1.216711,175.022413,1.216712,0.000000,1,0,PlusMinusKeys,0,1
20261008T105422765Z_782187cf958040a7a521f98797269696,,,1,1,StimulusScheduled,Visual,2026-10-08T10:57:17.7990993Z,175.022797,151.549207,8056,2,0,OperatingSource,0,0,1,19,Left,-1,,,,,0,0,1.000000,TaskSwitchPedal,0,0.500000,0.200000,,0.100000,5.000000,10.000000,-850657224,154.942573,161.531369,,181.611592,,,,0,0,,,,,,Move2,Move2.DestinationFineAlign,1,"{""pedalAxisName"":""TaskSwitchPedal"",""usePlusMinusKeys"":true,""positivePedalKey"":61,""negativePedalKey"":45,""invertPedalAxis"":false,""pressThreshold"":0.5,""releaseThreshold"":0.20000000298023225,""minimumIntervalSeconds"":5.0,""maximumIntervalSeconds"":10.0,""minimumValidReactionSeconds"":0.10000000149011612,""randomSeed"":-850657224}",,0,0.000000,,CorrectSidePress,0,0,0,,,,,,,0.000000,1,0,PlusMinusKeys,0,1
20261008T105422765Z_782187cf958040a7a521f98797269696,,,1,1,StimulusOnsetObserved,Visual,2026-10-08T10:57:24.3927903Z,181.616797,158.143994,8332,3,0,WaitingForOperatorSwitch,0,0,1,19,Left,-1,,,,,1,0,0.000000,TaskSwitchPedal,0,0.500000,0.200000,,0.100000,5.000000,10.000000,-850657224,161.536574,161.531369,161.536574,181.611592,181.616797,0.005205,,1,0,3,0,WaitingForOperatorSwitch,Place,Place.PostPlacementRaising,Place,Place.PostPlacementRaising,1,"{""pedalAxisName"":""TaskSwitchPedal"",""usePlusMinusKeys"":true,""positivePedalKey"":61,""negativePedalKey"":45,""invertPedalAxis"":false,""pressThreshold"":0.5,""releaseThreshold"":0.20000000298023225,""minimumIntervalSeconds"":5.0,""maximumIntervalSeconds"":10.0,""minimumValidReactionSeconds"":0.10000000149011612,""randomSeed"":-850657224}",,0,0.000000,,CorrectSidePress,0,0,0,,,,,,,0.000000,0,0,Axis,0,1
20261008T105422765Z_782187cf958040a7a521f98797269696,,,1,1,PedalPressed,Visual,2026-10-08T10:57:25.2521400Z,182.476466,159.003060,8374,3,0,WaitingForOperatorSwitch,0,0,1,19,Left,-1,-1,Correct,1,0.859669,1,0,-1.000000,TaskSwitchPedal,0,0.500000,0.200000,,0.100000,5.000000,10.000000,-850657224,162.396243,161.531369,161.536574,181.611592,181.616797,0.005205,182.476466,1,0,3,0,WaitingForOperatorSwitch,Place,Place.PostPlacementRaising,Place,Place.PostPlacementRaising,1,"{""pedalAxisName"":""TaskSwitchPedal"",""usePlusMinusKeys"":true,""positivePedalKey"":61,""negativePedalKey"":45,""invertPedalAxis"":false,""pressThreshold"":0.5,""releaseThreshold"":0.20000000298023225,""minimumIntervalSeconds"":5.0,""maximumIntervalSeconds"":10.0,""minimumValidReactionSeconds"":0.10000000149011612,""randomSeed"":-850657224}",,0,0.000000,0.859669,CorrectSidePress,1,0,0,-1,Correct,1,0.859669,182.476466,0.859669,0.000000,0,1,PlusMinusKeys,0,1
20261008T105422765Z_782187cf958040a7a521f98797269696,,,1,1,TrialFinished,Visual,2026-10-08T10:57:25.2531401Z,182.476466,159.003060,8374,3,0,WaitingForOperatorSwitch,0,0,1,19,Left,-1,-1,Correct,1,0.859669,1,0,-1.000000,TaskSwitchPedal,0,0.500000,0.200000,,0.100000,5.000000,10.000000,-850657224,162.396243,161.531369,161.536574,181.611592,181.616797,0.005205,182.476466,0,0,3,0,WaitingForOperatorSwitch,Place,Place.PostPlacementRaising,Place,Place.PostPlacementRaising,1,"{""pedalAxisName"":""TaskSwitchPedal"",""usePlusMinusKeys"":true,""positivePedalKey"":61,""negativePedalKey"":45,""invertPedalAxis"":false,""pressThreshold"":0.5,""releaseThreshold"":0.20000000298023225,""minimumIntervalSeconds"":5.0,""maximumIntervalSeconds"":10.0,""minimumValidReactionSeconds"":0.10000000149011612,""randomSeed"":-850657224}",,0,0.000000,0.859669,CorrectSidePress,1,0,0,-1,Correct,1,0.859669,182.476466,0.859669,0.000000,0,1,PlusMinusKeys,0,1
20261008T105422765Z_782187cf958040a7a521f98797269696,,,1,1,StimulusScheduled,Visual,2026-10-08T10:57:25.2531401Z,182.476920,159.003060,8374,3,0,WaitingForOperatorSwitch,0,0,1,20,Right,1,,,,,0,0,-1.000000,TaskSwitchPedal,0,0.500000,0.200000,,0.100000,5.000000,10.000000,-850657224,162.396696,171.497389,,191.577612,,,,0,0,,,,,,Place,Place.PostPlacementRaising,1,"{""pedalAxisName"":""TaskSwitchPedal"",""usePlusMinusKeys"":true,""positivePedalKey"":61,""negativePedalKey"":45,""invertPedalAxis"":false,""pressThreshold"":0.5,""releaseThreshold"":0.20000000298023225,""minimumIntervalSeconds"":5.0,""maximumIntervalSeconds"":10.0,""minimumValidReactionSeconds"":0.10000000149011612,""randomSeed"":-850657224}",,0,0.000000,,CorrectSidePress,0,0,0,,,,,,,0.000000,0,1,PlusMinusKeys,0,1
20261008T105422765Z_782187cf958040a7a521f98797269696,,,1,1,StimulusOnsetObserved,Visual,2026-10-08T10:57:34.3673457Z,191.590886,168.118127,8812,3,1,OperatingTarget,0,0,1,20,Right,1,,,,,1,0,0.000000,TaskSwitchPedal,0,0.500000,0.200000,,0.100000,5.000000,10.000000,-850657224,171.510662,171.497389,171.510662,191.577612,191.590886,0.013273,,0,1,3,1,OperatingTarget,Move1,Move1.PickupFineAlign,Move1,Move1.PickupFineAlign,1,"{""pedalAxisName"":""TaskSwitchPedal"",""usePlusMinusKeys"":true,""positivePedalKey"":61,""negativePedalKey"":45,""invertPedalAxis"":false,""pressThreshold"":0.5,""releaseThreshold"":0.20000000298023225,""minimumIntervalSeconds"":5.0,""maximumIntervalSeconds"":10.0,""minimumValidReactionSeconds"":0.10000000149011612,""randomSeed"":-850657224}",,0,0.000000,,CorrectSidePress,0,0,0,,,,,,,0.000000,0,0,Axis,0,1
20261008T105422765Z_782187cf958040a7a521f98797269696,,,1,1,PedalPressed,Visual,2026-10-08T10:57:35.3868751Z,192.610748,169.137799,8856,3,1,OperatingTarget,0,0,1,20,Right,1,1,Correct,1,1.019862,1,0,1.000000,TaskSwitchPedal,0,0.500000,0.200000,,0.100000,5.000000,10.000000,-850657224,172.530524,171.497389,171.510662,191.577612,191.590886,0.013273,192.610748,0,1,3,1,OperatingTarget,Move1,Move1.PickupFineAlign,LiftUp,LiftUp.PickupLowering,1,"{""pedalAxisName"":""TaskSwitchPedal"",""usePlusMinusKeys"":true,""positivePedalKey"":61,""negativePedalKey"":45,""invertPedalAxis"":false,""pressThreshold"":0.5,""releaseThreshold"":0.20000000298023225,""minimumIntervalSeconds"":5.0,""maximumIntervalSeconds"":10.0,""minimumValidReactionSeconds"":0.10000000149011612,""randomSeed"":-850657224}",,0,0.000000,1.019862,CorrectSidePress,1,0,0,1,Correct,1,1.019862,192.610748,1.019862,0.000000,1,0,PlusMinusKeys,0,1
20261008T105422765Z_782187cf958040a7a521f98797269696,,,1,1,TrialFinished,Visual,2026-10-08T10:57:35.3868751Z,192.610748,169.137799,8856,3,1,OperatingTarget,0,0,1,20,Right,1,1,Correct,1,1.019862,1,0,1.000000,TaskSwitchPedal,0,0.500000,0.200000,,0.100000,5.000000,10.000000,-850657224,172.530524,171.497389,171.510662,191.577612,191.590886,0.013273,192.610748,0,0,3,1,OperatingTarget,Move1,Move1.PickupFineAlign,LiftUp,LiftUp.PickupLowering,1,"{""pedalAxisName"":""TaskSwitchPedal"",""usePlusMinusKeys"":true,""positivePedalKey"":61,""negativePedalKey"":45,""invertPedalAxis"":false,""pressThreshold"":0.5,""releaseThreshold"":0.20000000298023225,""minimumIntervalSeconds"":5.0,""maximumIntervalSeconds"":10.0,""minimumValidReactionSeconds"":0.10000000149011612,""randomSeed"":-850657224}",,0,0.000000,1.019862,CorrectSidePress,1,0,0,1,Correct,1,1.019862,192.610748,1.019862,0.000000,1,0,PlusMinusKeys,0,1
20261008T105422765Z_782187cf958040a7a521f98797269696,,,1,1,StimulusScheduled,Visual,2026-10-08T10:57:35.3868751Z,192.611090,169.137799,8856,3,1,OperatingTarget,0,0,1,21,Left,-1,,,,,0,0,1.000000,TaskSwitchPedal,0,0.500000,0.200000,,0.100000,5.000000,10.000000,-850657224,172.530867,179.769723,,199.849946,,,,0,0,,,,,,LiftUp,LiftUp.PickupLowering,1,"{""pedalAxisName"":""TaskSwitchPedal"",""usePlusMinusKeys"":true,""positivePedalKey"":61,""negativePedalKey"":45,""invertPedalAxis"":false,""pressThreshold"":0.5,""releaseThreshold"":0.20000000298023225,""minimumIntervalSeconds"":5.0,""maximumIntervalSeconds"":10.0,""minimumValidReactionSeconds"":0.10000000149011612,""randomSeed"":-850657224}",,0,0.000000,,CorrectSidePress,0,0,0,,,,,,,0.000000,1,0,PlusMinusKeys,0,1
20261008T105422765Z_782187cf958040a7a521f98797269696,,,1,1,StimulusOnsetObserved,Visual,2026-10-08T10:57:42.6359373Z,199.859517,176.383361,9145,3,1,OperatingTarget,0,0,1,21,Left,-1,,,,,1,0,0.000000,TaskSwitchPedal,0,0.500000,0.200000,,0.100000,5.000000,10.000000,-850657224,179.779293,179.769723,179.779293,199.849946,199.859517,0.009571,,1,0,3,1,OperatingTarget,LiftUp,LiftUp.LoadedRaising,LiftUp,LiftUp.LoadedRaising,1,"{""pedalAxisName"":""TaskSwitchPedal"",""usePlusMinusKeys"":true,""positivePedalKey"":61,""negativePedalKey"":45,""invertPedalAxis"":false,""pressThreshold"":0.5,""releaseThreshold"":0.20000000298023225,""minimumIntervalSeconds"":5.0,""maximumIntervalSeconds"":10.0,""minimumValidReactionSeconds"":0.10000000149011612,""randomSeed"":-850657224}",,0,0.000000,,CorrectSidePress,0,0,0,,,,,,,0.000000,0,0,Axis,0,1
20261008T105422765Z_782187cf958040a7a521f98797269696,,,1,1,PedalPressed,Visual,2026-10-08T10:57:44.1372918Z,201.360845,177.887219,9206,3,1,OperatingTarget,0,0,1,21,Left,-1,-1,Correct,1,1.501329,1,0,-1.000000,TaskSwitchPedal,0,0.500000,0.200000,,0.100000,5.000000,10.000000,-850657224,181.280622,179.769723,179.779293,199.849946,199.859517,0.009571,201.360845,1,0,3,1,OperatingTarget,LiftUp,LiftUp.LoadedRaising,LiftUp,LiftUp.LoadedRaising,1,"{""pedalAxisName"":""TaskSwitchPedal"",""usePlusMinusKeys"":true,""positivePedalKey"":61,""negativePedalKey"":45,""invertPedalAxis"":false,""pressThreshold"":0.5,""releaseThreshold"":0.20000000298023225,""minimumIntervalSeconds"":5.0,""maximumIntervalSeconds"":10.0,""minimumValidReactionSeconds"":0.10000000149011612,""randomSeed"":-850657224}",,0,0.000000,1.501328,CorrectSidePress,1,0,0,-1,Correct,1,1.501329,201.360845,1.501328,0.000000,0,1,PlusMinusKeys,0,1
20261008T105422765Z_782187cf958040a7a521f98797269696,,,1,1,TrialFinished,Visual,2026-10-08T10:57:44.1372918Z,201.360845,177.887219,9206,3,1,OperatingTarget,0,0,1,21,Left,-1,-1,Correct,1,1.501329,1,0,-1.000000,TaskSwitchPedal,0,0.500000,0.200000,,0.100000,5.000000,10.000000,-850657224,181.280622,179.769723,179.779293,199.849946,199.859517,0.009571,201.360845,0,0,3,1,OperatingTarget,LiftUp,LiftUp.LoadedRaising,LiftUp,LiftUp.LoadedRaising,1,"{""pedalAxisName"":""TaskSwitchPedal"",""usePlusMinusKeys"":true,""positivePedalKey"":61,""negativePedalKey"":45,""invertPedalAxis"":false,""pressThreshold"":0.5,""releaseThreshold"":0.20000000298023225,""minimumIntervalSeconds"":5.0,""maximumIntervalSeconds"":10.0,""minimumValidReactionSeconds"":0.10000000149011612,""randomSeed"":-850657224}",,0,0.000000,1.501328,CorrectSidePress,1,0,0,-1,Correct,1,1.501329,201.360845,1.501328,0.000000,0,1,PlusMinusKeys,0,1
20261008T105422765Z_782187cf958040a7a521f98797269696,,,1,1,StimulusScheduled,Visual,2026-10-08T10:57:44.1372918Z,201.361272,177.887219,9206,3,1,OperatingTarget,0,0,1,22,Right,1,,,,,0,0,-1.000000,TaskSwitchPedal,0,0.500000,0.200000,,0.100000,5.000000,10.000000,-850657224,181.281048,188.776578,,208.856802,,,,0,0,,,,,,LiftUp,LiftUp.LoadedRaising,1,"{""pedalAxisName"":""TaskSwitchPedal"",""usePlusMinusKeys"":true,""positivePedalKey"":61,""negativePedalKey"":45,""invertPedalAxis"":false,""pressThreshold"":0.5,""releaseThreshold"":0.20000000298023225,""minimumIntervalSeconds"":5.0,""maximumIntervalSeconds"":10.0,""minimumValidReactionSeconds"":0.10000000149011612,""randomSeed"":-850657224}",,0,0.000000,,CorrectSidePress,0,0,0,,,,,,,0.000000,0,1,PlusMinusKeys,0,1
20261008T105422765Z_782187cf958040a7a521f98797269696,,,1,1,StimulusOnsetObserved,Visual,2026-10-08T10:57:51.6380829Z,208.862019,185.389219,9547,3,0,OperatingSource,0,0,1,22,Right,1,,,,,1,0,0.000000,TaskSwitchPedal,0,0.500000,0.200000,,0.100000,5.000000,10.000000,-850657224,188.781795,188.776578,188.781795,208.856802,208.862019,0.005217,,0,1,3,0,OperatingSource,Move1,Move1.PickupCoarseMove,Move1,Move1.PickupCoarseMove,1,"{""pedalAxisName"":""TaskSwitchPedal"",""usePlusMinusKeys"":true,""positivePedalKey"":61,""negativePedalKey"":45,""invertPedalAxis"":false,""pressThreshold"":0.5,""releaseThreshold"":0.20000000298023225,""minimumIntervalSeconds"":5.0,""maximumIntervalSeconds"":10.0,""minimumValidReactionSeconds"":0.10000000149011612,""randomSeed"":-850657224}",,0,0.000000,,CorrectSidePress,0,0,0,,,,,,,0.000000,0,0,Axis,0,1
20261008T105422765Z_782187cf958040a7a521f98797269696,,,1,1,PedalPressed,Visual,2026-10-08T10:57:52.6880466Z,209.912679,186.439635,9595,3,0,OperatingSource,0,0,1,22,Right,1,1,Correct,1,1.050660,1,0,1.000000,TaskSwitchPedal,0,0.500000,0.200000,,0.100000,5.000000,10.000000,-850657224,189.832455,188.776578,188.781795,208.856802,208.862019,0.005217,209.912679,0,1,3,0,OperatingSource,Move1,Move1.PickupCoarseMove,Move1,Move1.PickupCoarseMove,1,"{""pedalAxisName"":""TaskSwitchPedal"",""usePlusMinusKeys"":true,""positivePedalKey"":61,""negativePedalKey"":45,""invertPedalAxis"":false,""pressThreshold"":0.5,""releaseThreshold"":0.20000000298023225,""minimumIntervalSeconds"":5.0,""maximumIntervalSeconds"":10.0,""minimumValidReactionSeconds"":0.10000000149011612,""randomSeed"":-850657224}",,0,0.000000,1.050660,CorrectSidePress,1,0,0,1,Correct,1,1.050660,209.912679,1.050660,0.000000,1,0,PlusMinusKeys,0,1
20261008T105422765Z_782187cf958040a7a521f98797269696,,,1,1,TrialFinished,Visual,2026-10-08T10:57:52.6880466Z,209.912679,186.439635,9595,3,0,OperatingSource,0,0,1,22,Right,1,1,Correct,1,1.050660,1,0,1.000000,TaskSwitchPedal,0,0.500000,0.200000,,0.100000,5.000000,10.000000,-850657224,189.832455,188.776578,188.781795,208.856802,208.862019,0.005217,209.912679,0,0,3,0,OperatingSource,Move1,Move1.PickupCoarseMove,Move1,Move1.PickupCoarseMove,1,"{""pedalAxisName"":""TaskSwitchPedal"",""usePlusMinusKeys"":true,""positivePedalKey"":61,""negativePedalKey"":45,""invertPedalAxis"":false,""pressThreshold"":0.5,""releaseThreshold"":0.20000000298023225,""minimumIntervalSeconds"":5.0,""maximumIntervalSeconds"":10.0,""minimumValidReactionSeconds"":0.10000000149011612,""randomSeed"":-850657224}",,0,0.000000,1.050660,CorrectSidePress,1,0,0,1,Correct,1,1.050660,209.912679,1.050660,0.000000,1,0,PlusMinusKeys,0,1
20261008T105422765Z_782187cf958040a7a521f98797269696,,,1,1,StimulusScheduled,Visual,2026-10-08T10:57:52.6893341Z,209.913069,186.439635,9595,3,0,OperatingSource,0,0,1,23,Left,-1,,,,,0,0,1.000000,TaskSwitchPedal,0,0.500000,0.200000,,0.100000,5.000000,10.000000,-850657224,189.832846,194.847047,,214.927271,,,,0,0,,,,,,Move1,Move1.PickupCoarseMove,1,"{""pedalAxisName"":""TaskSwitchPedal"",""usePlusMinusKeys"":true,""positivePedalKey"":61,""negativePedalKey"":45,""invertPedalAxis"":false,""pressThreshold"":0.5,""releaseThreshold"":0.20000000298023225,""minimumIntervalSeconds"":5.0,""maximumIntervalSeconds"":10.0,""minimumValidReactionSeconds"":0.10000000149011612,""randomSeed"":-850657224}",,0,0.000000,,CorrectSidePress,0,0,0,,,,,,,0.000000,1,0,PlusMinusKeys,0,1
20261008T105422765Z_782187cf958040a7a521f98797269696,,,1,1,StimulusOnsetObserved,Visual,2026-10-08T10:57:57.7142693Z,214.938151,191.464774,9831,3,0,OperatingSource,0,0,1,23,Left,-1,,,,,1,0,0.000000,TaskSwitchPedal,0,0.500000,0.200000,,0.100000,5.000000,10.000000,-850657224,194.857928,194.847047,194.857928,214.927271,214.938151,0.010880,,1,0,3,0,OperatingSource,Move1,Move1.PickupCoarseMove,Move1,Move1.PickupCoarseMove,1,"{""pedalAxisName"":""TaskSwitchPedal"",""usePlusMinusKeys"":true,""positivePedalKey"":61,""negativePedalKey"":45,""invertPedalAxis"":false,""pressThreshold"":0.5,""releaseThreshold"":0.20000000298023225,""minimumIntervalSeconds"":5.0,""maximumIntervalSeconds"":10.0,""minimumValidReactionSeconds"":0.10000000149011612,""randomSeed"":-850657224}",,0,0.000000,,CorrectSidePress,0,0,0,,,,,,,0.000000,0,0,Axis,0,1
20261008T105422765Z_782187cf958040a7a521f98797269696,,,1,1,PedalPressed,Visual,2026-10-08T10:57:58.4460295Z,215.670129,192.197536,9867,3,0,OperatingSource,0,0,1,23,Left,-1,-1,Correct,1,0.731978,1,0,-1.000000,TaskSwitchPedal,0,0.500000,0.200000,,0.100000,5.000000,10.000000,-850657224,195.589906,194.847047,194.857928,214.927271,214.938151,0.010880,215.670129,1,0,3,0,OperatingSource,Move1,Move1.PickupCoarseMove,Move1,Move1.PickupCoarseMove,1,"{""pedalAxisName"":""TaskSwitchPedal"",""usePlusMinusKeys"":true,""positivePedalKey"":61,""negativePedalKey"":45,""invertPedalAxis"":false,""pressThreshold"":0.5,""releaseThreshold"":0.20000000298023225,""minimumIntervalSeconds"":5.0,""maximumIntervalSeconds"":10.0,""minimumValidReactionSeconds"":0.10000000149011612,""randomSeed"":-850657224}",,0,0.000000,0.731978,CorrectSidePress,1,0,0,-1,Correct,1,0.731978,215.670129,0.731978,0.000000,0,1,PlusMinusKeys,0,1
20261008T105422765Z_782187cf958040a7a521f98797269696,,,1,1,TrialFinished,Visual,2026-10-08T10:57:58.4460295Z,215.670129,192.197536,9867,3,0,OperatingSource,0,0,1,23,Left,-1,-1,Correct,1,0.731978,1,0,-1.000000,TaskSwitchPedal,0,0.500000,0.200000,,0.100000,5.000000,10.000000,-850657224,195.589906,194.847047,194.857928,214.927271,214.938151,0.010880,215.670129,0,0,3,0,OperatingSource,Move1,Move1.PickupCoarseMove,Move1,Move1.PickupCoarseMove,1,"{""pedalAxisName"":""TaskSwitchPedal"",""usePlusMinusKeys"":true,""positivePedalKey"":61,""negativePedalKey"":45,""invertPedalAxis"":false,""pressThreshold"":0.5,""releaseThreshold"":0.20000000298023225,""minimumIntervalSeconds"":5.0,""maximumIntervalSeconds"":10.0,""minimumValidReactionSeconds"":0.10000000149011612,""randomSeed"":-850657224}",,0,0.000000,0.731978,CorrectSidePress,1,0,0,-1,Correct,1,0.731978,215.670129,0.731978,0.000000,0,1,PlusMinusKeys,0,1
20261008T105422765Z_782187cf958040a7a521f98797269696,,,1,1,StimulusScheduled,Visual,2026-10-08T10:57:58.4460295Z,215.670486,192.197536,9867,3,0,OperatingSource,0,0,1,24,Left,-1,,,,,0,0,-1.000000,TaskSwitchPedal,0,0.500000,0.200000,,0.100000,5.000000,10.000000,-850657224,195.590263,201.638126,,221.718349,,,,0,0,,,,,,Move1,Move1.PickupCoarseMove,1,"{""pedalAxisName"":""TaskSwitchPedal"",""usePlusMinusKeys"":true,""positivePedalKey"":61,""negativePedalKey"":45,""invertPedalAxis"":false,""pressThreshold"":0.5,""releaseThreshold"":0.20000000298023225,""minimumIntervalSeconds"":5.0,""maximumIntervalSeconds"":10.0,""minimumValidReactionSeconds"":0.10000000149011612,""randomSeed"":-850657224}",,0,0.000000,,CorrectSidePress,0,0,0,,,,,,,0.000000,0,1,PlusMinusKeys,0,1
20261008T105422765Z_782187cf958040a7a521f98797269696,,,1,1,StimulusOnsetObserved,Visual,2026-10-08T10:58:04.5022441Z,221.726740,198.253217,10146,3,0,OperatingSource,0,0,1,24,Left,-1,,,,,1,0,0.000000,TaskSwitchPedal,0,0.500000,0.200000,,0.100000,5.000000,10.000000,-850657224,201.646516,201.638126,201.646516,221.718349,221.726740,0.008391,,1,0,3,0,OperatingSource,LiftUp,LiftUp.PickupLowering,LiftUp,LiftUp.PickupLowering,1,"{""pedalAxisName"":""TaskSwitchPedal"",""usePlusMinusKeys"":true,""positivePedalKey"":61,""negativePedalKey"":45,""invertPedalAxis"":false,""pressThreshold"":0.5,""releaseThreshold"":0.20000000298023225,""minimumIntervalSeconds"":5.0,""maximumIntervalSeconds"":10.0,""minimumValidReactionSeconds"":0.10000000149011612,""randomSeed"":-850657224}",,0,0.000000,,CorrectSidePress,0,0,0,,,,,,,0.000000,0,0,Axis,0,1
20261008T105422765Z_782187cf958040a7a521f98797269696,,,1,1,PedalPressed,Visual,2026-10-08T10:58:05.6975388Z,222.921371,199.448341,10194,3,0,OperatingSource,0,0,1,24,Left,-1,-1,Correct,1,1.194631,1,0,-1.000000,TaskSwitchPedal,0,0.500000,0.200000,,0.100000,5.000000,10.000000,-850657224,202.841147,201.638126,201.646516,221.718349,221.726740,0.008391,222.921371,1,0,3,0,OperatingSource,LiftUp,LiftUp.PickupLowering,LiftUp,LiftUp.PickupLowering,1,"{""pedalAxisName"":""TaskSwitchPedal"",""usePlusMinusKeys"":true,""positivePedalKey"":61,""negativePedalKey"":45,""invertPedalAxis"":false,""pressThreshold"":0.5,""releaseThreshold"":0.20000000298023225,""minimumIntervalSeconds"":5.0,""maximumIntervalSeconds"":10.0,""minimumValidReactionSeconds"":0.10000000149011612,""randomSeed"":-850657224}",,0,0.000000,1.194631,CorrectSidePress,1,0,0,-1,Correct,1,1.194631,222.921371,1.194631,0.000000,0,1,PlusMinusKeys,0,1
20261008T105422765Z_782187cf958040a7a521f98797269696,,,1,1,TrialFinished,Visual,2026-10-08T10:58:05.6975388Z,222.921371,199.448341,10194,3,0,OperatingSource,0,0,1,24,Left,-1,-1,Correct,1,1.194631,1,0,-1.000000,TaskSwitchPedal,0,0.500000,0.200000,,0.100000,5.000000,10.000000,-850657224,202.841147,201.638126,201.646516,221.718349,221.726740,0.008391,222.921371,0,0,3,0,OperatingSource,LiftUp,LiftUp.PickupLowering,LiftUp,LiftUp.PickupLowering,1,"{""pedalAxisName"":""TaskSwitchPedal"",""usePlusMinusKeys"":true,""positivePedalKey"":61,""negativePedalKey"":45,""invertPedalAxis"":false,""pressThreshold"":0.5,""releaseThreshold"":0.20000000298023225,""minimumIntervalSeconds"":5.0,""maximumIntervalSeconds"":10.0,""minimumValidReactionSeconds"":0.10000000149011612,""randomSeed"":-850657224}",,0,0.000000,1.194631,CorrectSidePress,1,0,0,-1,Correct,1,1.194631,222.921371,1.194631,0.000000,0,1,PlusMinusKeys,0,1
20261008T105422765Z_782187cf958040a7a521f98797269696,,,1,1,StimulusScheduled,Visual,2026-10-08T10:58:05.6975388Z,222.921765,199.448341,10194,3,0,OperatingSource,0,0,1,25,Right,1,,,,,0,0,-1.000000,TaskSwitchPedal,0,0.500000,0.200000,,0.100000,5.000000,10.000000,-850657224,202.841542,211.082278,,231.162502,,,,0,0,,,,,,LiftUp,LiftUp.PickupLowering,1,"{""pedalAxisName"":""TaskSwitchPedal"",""usePlusMinusKeys"":true,""positivePedalKey"":61,""negativePedalKey"":45,""invertPedalAxis"":false,""pressThreshold"":0.5,""releaseThreshold"":0.20000000298023225,""minimumIntervalSeconds"":5.0,""maximumIntervalSeconds"":10.0,""minimumValidReactionSeconds"":0.10000000149011612,""randomSeed"":-850657224}",,0,0.000000,,CorrectSidePress,0,0,0,,,,,,,0.000000,0,1,PlusMinusKeys,0,1
20261008T105422765Z_782187cf958040a7a521f98797269696,,,1,1,StimulusOnsetObserved,Visual,2026-10-08T10:58:13.9761905Z,231.199853,207.724592,10514,4,0,WaitingForOperatorSwitch,0,0,1,25,Right,1,,,,,1,0,0.000000,TaskSwitchPedal,0,0.500000,0.200000,,0.100000,5.000000,10.000000,-850657224,211.119629,211.082278,211.119629,231.162502,231.199853,0.037351,,0,1,4,0,WaitingForOperatorSwitch,LiftUp,LiftUp.LoadAcquisition,LiftUp,LiftUp.LoadAcquisition,1,"{""pedalAxisName"":""TaskSwitchPedal"",""usePlusMinusKeys"":true,""positivePedalKey"":61,""negativePedalKey"":45,""invertPedalAxis"":false,""pressThreshold"":0.5,""releaseThreshold"":0.20000000298023225,""minimumIntervalSeconds"":5.0,""maximumIntervalSeconds"":10.0,""minimumValidReactionSeconds"":0.10000000149011612,""randomSeed"":-850657224}",,0,0.000000,,CorrectSidePress,0,0,0,,,,,,,0.000000,0,0,Axis,0,1
20261008T105422765Z_782187cf958040a7a521f98797269696,,,1,1,PedalPressed,Visual,2026-10-08T10:58:14.8621086Z,232.086965,208.614327,10547,4,0,WaitingForOperatorSwitch,0,0,1,25,Right,1,1,Correct,1,0.887112,1,0,1.000000,TaskSwitchPedal,0,0.500000,0.200000,,0.100000,5.000000,10.000000,-850657224,212.006741,211.082278,211.119629,231.162502,231.199853,0.037351,232.086965,0,1,4,0,WaitingForOperatorSwitch,LiftUp,LiftUp.LoadAcquisition,LiftUp,LiftUp.LoadedRaising,1,"{""pedalAxisName"":""TaskSwitchPedal"",""usePlusMinusKeys"":true,""positivePedalKey"":61,""negativePedalKey"":45,""invertPedalAxis"":false,""pressThreshold"":0.5,""releaseThreshold"":0.20000000298023225,""minimumIntervalSeconds"":5.0,""maximumIntervalSeconds"":10.0,""minimumValidReactionSeconds"":0.10000000149011612,""randomSeed"":-850657224}",,0,0.000000,0.887112,CorrectSidePress,1,0,0,1,Correct,1,0.887112,232.086965,0.887112,0.000000,1,0,PlusMinusKeys,0,1
20261008T105422765Z_782187cf958040a7a521f98797269696,,,1,1,TrialFinished,Visual,2026-10-08T10:58:14.8634953Z,232.086965,208.614327,10547,4,0,WaitingForOperatorSwitch,0,0,1,25,Right,1,1,Correct,1,0.887112,1,0,1.000000,TaskSwitchPedal,0,0.500000,0.200000,,0.100000,5.000000,10.000000,-850657224,212.006741,211.082278,211.119629,231.162502,231.199853,0.037351,232.086965,0,0,4,0,WaitingForOperatorSwitch,LiftUp,LiftUp.LoadAcquisition,LiftUp,LiftUp.LoadedRaising,1,"{""pedalAxisName"":""TaskSwitchPedal"",""usePlusMinusKeys"":true,""positivePedalKey"":61,""negativePedalKey"":45,""invertPedalAxis"":false,""pressThreshold"":0.5,""releaseThreshold"":0.20000000298023225,""minimumIntervalSeconds"":5.0,""maximumIntervalSeconds"":10.0,""minimumValidReactionSeconds"":0.10000000149011612,""randomSeed"":-850657224}",,0,0.000000,0.887112,CorrectSidePress,1,0,0,1,Correct,1,0.887112,232.086965,0.887112,0.000000,1,0,PlusMinusKeys,0,1
20261008T105422765Z_782187cf958040a7a521f98797269696,,,1,1,StimulusScheduled,Visual,2026-10-08T10:58:14.8634953Z,232.087332,208.614327,10547,4,0,WaitingForOperatorSwitch,0,0,1,26,Right,1,,,,,0,0,1.000000,TaskSwitchPedal,0,0.500000,0.200000,,0.100000,5.000000,10.000000,-850657224,212.007109,221.660921,,241.741144,,,,0,0,,,,,,LiftUp,LiftUp.LoadedRaising,1,"{""pedalAxisName"":""TaskSwitchPedal"",""usePlusMinusKeys"":true,""positivePedalKey"":61,""negativePedalKey"":45,""invertPedalAxis"":false,""pressThreshold"":0.5,""releaseThreshold"":0.20000000298023225,""minimumIntervalSeconds"":5.0,""maximumIntervalSeconds"":10.0,""minimumValidReactionSeconds"":0.10000000149011612,""randomSeed"":-850657224}",,0,0.000000,,CorrectSidePress,0,0,0,,,,,,,0.000000,1,0,PlusMinusKeys,0,1
20261008T105422765Z_782187cf958040a7a521f98797269696,,,1,1,StimulusOnsetObserved,Visual,2026-10-08T10:58:24.5172404Z,241.741619,218.268502,10927,4,0,WaitingForOperatorSwitch,0,0,1,26,Right,1,,,,,1,0,0.000000,TaskSwitchPedal,0,0.500000,0.200000,,0.100000,5.000000,10.000000,-850657224,221.661396,221.660921,221.661396,241.741144,241.741619,0.000475,,0,1,4,0,WaitingForOperatorSwitch,Move2,Move2.DestinationCoarseMove,Move2,Move2.DestinationCoarseMove,1,"{""pedalAxisName"":""TaskSwitchPedal"",""usePlusMinusKeys"":true,""positivePedalKey"":61,""negativePedalKey"":45,""invertPedalAxis"":false,""pressThreshold"":0.5,""releaseThreshold"":0.20000000298023225,""minimumIntervalSeconds"":5.0,""maximumIntervalSeconds"":10.0,""minimumValidReactionSeconds"":0.10000000149011612,""randomSeed"":-850657224}",,0,0.000000,,CorrectSidePress,0,0,0,,,,,,,0.000000,0,0,Axis,0,1
20261008T105422765Z_782187cf958040a7a521f98797269696,,,1,1,PedalPressed,Visual,2026-10-08T10:58:25.6145795Z,242.839408,219.365863,10969,4,1,OperatingTarget,0,0,1,26,Right,1,1,Correct,1,1.097788,1,0,1.000000,TaskSwitchPedal,0,0.500000,0.200000,,0.100000,5.000000,10.000000,-850657224,222.759184,221.660921,221.661396,241.741144,241.741619,0.000475,242.839408,0,1,4,0,WaitingForOperatorSwitch,Move2,Move2.DestinationCoarseMove,Move2,Move2.DestinationCoarseMove,1,"{""pedalAxisName"":""TaskSwitchPedal"",""usePlusMinusKeys"":true,""positivePedalKey"":61,""negativePedalKey"":45,""invertPedalAxis"":false,""pressThreshold"":0.5,""releaseThreshold"":0.20000000298023225,""minimumIntervalSeconds"":5.0,""maximumIntervalSeconds"":10.0,""minimumValidReactionSeconds"":0.10000000149011612,""randomSeed"":-850657224}",,0,0.000000,1.097788,CorrectSidePress,1,0,0,1,Correct,1,1.097788,242.839408,1.097788,0.000000,1,0,PlusMinusKeys,0,1
20261008T105422765Z_782187cf958040a7a521f98797269696,,,1,1,TrialFinished,Visual,2026-10-08T10:58:25.6159568Z,242.839408,219.365863,10969,4,1,OperatingTarget,0,0,1,26,Right,1,1,Correct,1,1.097788,1,0,1.000000,TaskSwitchPedal,0,0.500000,0.200000,,0.100000,5.000000,10.000000,-850657224,222.759184,221.660921,221.661396,241.741144,241.741619,0.000475,242.839408,0,0,4,0,WaitingForOperatorSwitch,Move2,Move2.DestinationCoarseMove,Move2,Move2.DestinationCoarseMove,1,"{""pedalAxisName"":""TaskSwitchPedal"",""usePlusMinusKeys"":true,""positivePedalKey"":61,""negativePedalKey"":45,""invertPedalAxis"":false,""pressThreshold"":0.5,""releaseThreshold"":0.20000000298023225,""minimumIntervalSeconds"":5.0,""maximumIntervalSeconds"":10.0,""minimumValidReactionSeconds"":0.10000000149011612,""randomSeed"":-850657224}",,0,0.000000,1.097788,CorrectSidePress,1,0,0,1,Correct,1,1.097788,242.839408,1.097788,0.000000,1,0,PlusMinusKeys,0,1
20261008T105422765Z_782187cf958040a7a521f98797269696,,,1,1,StimulusScheduled,Visual,2026-10-08T10:58:25.6159568Z,242.839869,219.365863,10969,4,1,OperatingTarget,0,0,1,27,Right,1,,,,,0,0,1.000000,TaskSwitchPedal,0,0.500000,0.200000,,0.100000,5.000000,10.000000,-850657224,222.759646,229.853462,,249.933685,,,,0,0,,,,,,Move2,Move2.DestinationCoarseMove,1,"{""pedalAxisName"":""TaskSwitchPedal"",""usePlusMinusKeys"":true,""positivePedalKey"":61,""negativePedalKey"":45,""invertPedalAxis"":false,""pressThreshold"":0.5,""releaseThreshold"":0.20000000298023225,""minimumIntervalSeconds"":5.0,""maximumIntervalSeconds"":10.0,""minimumValidReactionSeconds"":0.10000000149011612,""randomSeed"":-850657224}",,0,0.000000,,CorrectSidePress,0,0,0,,,,,,,0.000000,1,0,PlusMinusKeys,0,1
20261008T105422765Z_782187cf958040a7a521f98797269696,,,1,1,StimulusOnsetObserved,Visual,2026-10-08T10:58:32.7111883Z,249.935603,226.461917,11251,4,1,OperatingTarget,0,0,1,27,Right,1,,,,,1,0,0.000000,TaskSwitchPedal,0,0.500000,0.200000,,0.100000,5.000000,10.000000,-850657224,229.855379,229.853462,229.855379,249.933685,249.935603,0.001918,,0,1,4,1,OperatingTarget,Place,Place.PlacementLowering,Place,Place.PlacementLowering,1,"{""pedalAxisName"":""TaskSwitchPedal"",""usePlusMinusKeys"":true,""positivePedalKey"":61,""negativePedalKey"":45,""invertPedalAxis"":false,""pressThreshold"":0.5,""releaseThreshold"":0.20000000298023225,""minimumIntervalSeconds"":5.0,""maximumIntervalSeconds"":10.0,""minimumValidReactionSeconds"":0.10000000149011612,""randomSeed"":-850657224}",,0,0.000000,,CorrectSidePress,0,0,0,,,,,,,0.000000,0,0,Axis,0,1
20261008T105422765Z_782187cf958040a7a521f98797269696,,,1,1,PedalPressed,Visual,2026-10-08T10:58:33.8081813Z,251.032543,227.559080,11294,4,1,OperatingTarget,0,0,1,27,Right,1,1,Correct,1,1.096940,1,0,1.000000,TaskSwitchPedal,0,0.500000,0.200000,,0.100000,5.000000,10.000000,-850657224,230.952319,229.853462,229.855379,249.933685,249.935603,0.001918,251.032543,0,1,4,1,OperatingTarget,Place,Place.PlacementLowering,Place,Place.PlacementLowering,1,"{""pedalAxisName"":""TaskSwitchPedal"",""usePlusMinusKeys"":true,""positivePedalKey"":61,""negativePedalKey"":45,""invertPedalAxis"":false,""pressThreshold"":0.5,""releaseThreshold"":0.20000000298023225,""minimumIntervalSeconds"":5.0,""maximumIntervalSeconds"":10.0,""minimumValidReactionSeconds"":0.10000000149011612,""randomSeed"":-850657224}",,0,0.000000,1.096940,CorrectSidePress,1,0,0,1,Correct,1,1.096940,251.032543,1.096940,0.000000,1,0,PlusMinusKeys,0,1
20261008T105422765Z_782187cf958040a7a521f98797269696,,,1,1,TrialFinished,Visual,2026-10-08T10:58:33.8081813Z,251.032543,227.559080,11294,4,1,OperatingTarget,0,0,1,27,Right,1,1,Correct,1,1.096940,1,0,1.000000,TaskSwitchPedal,0,0.500000,0.200000,,0.100000,5.000000,10.000000,-850657224,230.952319,229.853462,229.855379,249.933685,249.935603,0.001918,251.032543,0,0,4,1,OperatingTarget,Place,Place.PlacementLowering,Place,Place.PlacementLowering,1,"{""pedalAxisName"":""TaskSwitchPedal"",""usePlusMinusKeys"":true,""positivePedalKey"":61,""negativePedalKey"":45,""invertPedalAxis"":false,""pressThreshold"":0.5,""releaseThreshold"":0.20000000298023225,""minimumIntervalSeconds"":5.0,""maximumIntervalSeconds"":10.0,""minimumValidReactionSeconds"":0.10000000149011612,""randomSeed"":-850657224}",,0,0.000000,1.096940,CorrectSidePress,1,0,0,1,Correct,1,1.096940,251.032543,1.096940,0.000000,1,0,PlusMinusKeys,0,1
20261008T105422765Z_782187cf958040a7a521f98797269696,,,1,1,StimulusScheduled,Visual,2026-10-08T10:58:33.8091806Z,251.032874,227.559080,11294,4,1,OperatingTarget,0,0,1,28,Left,-1,,,,,0,0,1.000000,TaskSwitchPedal,0,0.500000,0.200000,,0.100000,5.000000,10.000000,-850657224,230.952650,238.502527,,258.582751,,,,0,0,,,,,,Place,Place.PlacementLowering,1,"{""pedalAxisName"":""TaskSwitchPedal"",""usePlusMinusKeys"":true,""positivePedalKey"":61,""negativePedalKey"":45,""invertPedalAxis"":false,""pressThreshold"":0.5,""releaseThreshold"":0.20000000298023225,""minimumIntervalSeconds"":5.0,""maximumIntervalSeconds"":10.0,""minimumValidReactionSeconds"":0.10000000149011612,""randomSeed"":-850657224}",,0,0.000000,,CorrectSidePress,0,0,0,,,,,,,0.000000,1,0,PlusMinusKeys,0,1
20261008T105422765Z_782187cf958040a7a521f98797269696,,,1,1,StimulusOnsetObserved,Visual,2026-10-08T10:58:41.3878375Z,258.611735,235.137332,11568,4,1,OperatingTarget,0,0,1,28,Left,-1,,,,,1,0,0.000000,TaskSwitchPedal,0,0.500000,0.200000,,0.100000,5.000000,10.000000,-850657224,238.531511,238.502527,238.531511,258.582751,258.611735,0.028984,,1,0,4,1,OperatingTarget,Place,Place.LoadRelease,Place,Place.LoadRelease,1,"{""pedalAxisName"":""TaskSwitchPedal"",""usePlusMinusKeys"":true,""positivePedalKey"":61,""negativePedalKey"":45,""invertPedalAxis"":false,""pressThreshold"":0.5,""releaseThreshold"":0.20000000298023225,""minimumIntervalSeconds"":5.0,""maximumIntervalSeconds"":10.0,""minimumValidReactionSeconds"":0.10000000149011612,""randomSeed"":-850657224}",,0,0.000000,,CorrectSidePress,0,0,0,,,,,,,0.000000,0,0,Axis,0,1
20261008T105422765Z_782187cf958040a7a521f98797269696,,,1,1,PedalPressed,Visual,2026-10-08T10:58:42.3291453Z,259.553982,236.081059,11601,4,1,OperatingTarget,0,0,1,28,Left,-1,-1,Correct,1,0.942247,1,0,-1.000000,TaskSwitchPedal,0,0.500000,0.200000,,0.100000,5.000000,10.000000,-850657224,239.473758,238.502527,238.531511,258.582751,258.611735,0.028984,259.553982,1,0,4,1,OperatingTarget,Place,Place.LoadRelease,Place,Place.LoadRelease,1,"{""pedalAxisName"":""TaskSwitchPedal"",""usePlusMinusKeys"":true,""positivePedalKey"":61,""negativePedalKey"":45,""invertPedalAxis"":false,""pressThreshold"":0.5,""releaseThreshold"":0.20000000298023225,""minimumIntervalSeconds"":5.0,""maximumIntervalSeconds"":10.0,""minimumValidReactionSeconds"":0.10000000149011612,""randomSeed"":-850657224}",,0,0.000000,0.942247,CorrectSidePress,1,0,0,-1,Correct,1,0.942247,259.553982,0.942247,0.000000,0,1,PlusMinusKeys,0,1
20261008T105422765Z_782187cf958040a7a521f98797269696,,,1,1,TrialFinished,Visual,2026-10-08T10:58:42.3291453Z,259.553982,236.081059,11601,4,1,OperatingTarget,0,0,1,28,Left,-1,-1,Correct,1,0.942247,1,0,-1.000000,TaskSwitchPedal,0,0.500000,0.200000,,0.100000,5.000000,10.000000,-850657224,239.473758,238.502527,238.531511,258.582751,258.611735,0.028984,259.553982,0,0,4,1,OperatingTarget,Place,Place.LoadRelease,Place,Place.LoadRelease,1,"{""pedalAxisName"":""TaskSwitchPedal"",""usePlusMinusKeys"":true,""positivePedalKey"":61,""negativePedalKey"":45,""invertPedalAxis"":false,""pressThreshold"":0.5,""releaseThreshold"":0.20000000298023225,""minimumIntervalSeconds"":5.0,""maximumIntervalSeconds"":10.0,""minimumValidReactionSeconds"":0.10000000149011612,""randomSeed"":-850657224}",,0,0.000000,0.942247,CorrectSidePress,1,0,0,-1,Correct,1,0.942247,259.553982,0.942247,0.000000,0,1,PlusMinusKeys,0,1
20261008T105422765Z_782187cf958040a7a521f98797269696,,,1,1,StimulusScheduled,Visual,2026-10-08T10:58:42.3306424Z,259.554321,236.081059,11601,4,1,OperatingTarget,0,0,1,29,Left,-1,,,,,0,0,-1.000000,TaskSwitchPedal,0,0.500000,0.200000,,0.100000,5.000000,10.000000,-850657224,239.474097,247.390111,,267.470335,,,,0,0,,,,,,Place,Place.LoadRelease,1,"{""pedalAxisName"":""TaskSwitchPedal"",""usePlusMinusKeys"":true,""positivePedalKey"":61,""negativePedalKey"":45,""invertPedalAxis"":false,""pressThreshold"":0.5,""releaseThreshold"":0.20000000298023225,""minimumIntervalSeconds"":5.0,""maximumIntervalSeconds"":10.0,""minimumValidReactionSeconds"":0.10000000149011612,""randomSeed"":-850657224}",,0,0.000000,,CorrectSidePress,0,0,0,,,,,,,0.000000,0,1,PlusMinusKeys,0,1
20261008T105422765Z_782187cf958040a7a521f98797269696,,,1,1,StimulusOnsetObserved,Visual,2026-10-08T10:58:50.2561797Z,267.480811,244.007690,11987,4,1,OperatingTarget,0,0,1,29,Left,-1,,,,,1,0,0.000000,TaskSwitchPedal,0,0.500000,0.200000,,0.100000,5.000000,10.000000,-850657224,247.400587,247.390111,247.400587,267.470335,267.480811,0.010476,,1,0,4,1,OperatingTarget,Place,Place.PostPlacementRaising,Place,Place.PostPlacementRaising,1,"{""pedalAxisName"":""TaskSwitchPedal"",""usePlusMinusKeys"":true,""positivePedalKey"":61,""negativePedalKey"":45,""invertPedalAxis"":false,""pressThreshold"":0.5,""releaseThreshold"":0.20000000298023225,""minimumIntervalSeconds"":5.0,""maximumIntervalSeconds"":10.0,""minimumValidReactionSeconds"":0.10000000149011612,""randomSeed"":-850657224}",,0,0.000000,,CorrectSidePress,0,0,0,,,,,,,0.000000,0,0,Axis,0,1
20261008T105422765Z_782187cf958040a7a521f98797269696,,,1,1,PedalPressed,Visual,2026-10-08T10:58:51.7582692Z,268.981960,245.509052,12056,4,0,WaitingForSourceConfirmation,1,0,1,29,Left,-1,-1,Correct,1,1.501150,1,0,-1.000000,TaskSwitchPedal,0,0.500000,0.200000,,0.100000,5.000000,10.000000,-850657224,248.901737,247.390111,247.400587,267.470335,267.480811,0.010476,268.981960,1,0,4,1,OperatingTarget,Place,Place.PostPlacementRaising,Move2,Move2.DestinationCoarseMove,1,"{""pedalAxisName"":""TaskSwitchPedal"",""usePlusMinusKeys"":true,""positivePedalKey"":61,""negativePedalKey"":45,""invertPedalAxis"":false,""pressThreshold"":0.5,""releaseThreshold"":0.20000000298023225,""minimumIntervalSeconds"":5.0,""maximumIntervalSeconds"":10.0,""minimumValidReactionSeconds"":0.10000000149011612,""randomSeed"":-850657224}",,0,0.000000,1.501150,CorrectSidePress,1,0,0,-1,Correct,1,1.501150,268.981960,1.501150,0.000000,0,1,PlusMinusKeys,0,1
20261008T105422765Z_782187cf958040a7a521f98797269696,,,1,1,TrialFinished,Visual,2026-10-08T10:58:51.7582692Z,268.981960,245.509052,12056,4,0,WaitingForSourceConfirmation,1,0,1,29,Left,-1,-1,Correct,1,1.501150,1,0,-1.000000,TaskSwitchPedal,0,0.500000,0.200000,,0.100000,5.000000,10.000000,-850657224,248.901737,247.390111,247.400587,267.470335,267.480811,0.010476,268.981960,0,0,4,1,OperatingTarget,Place,Place.PostPlacementRaising,Move2,Move2.DestinationCoarseMove,1,"{""pedalAxisName"":""TaskSwitchPedal"",""usePlusMinusKeys"":true,""positivePedalKey"":61,""negativePedalKey"":45,""invertPedalAxis"":false,""pressThreshold"":0.5,""releaseThreshold"":0.20000000298023225,""minimumIntervalSeconds"":5.0,""maximumIntervalSeconds"":10.0,""minimumValidReactionSeconds"":0.10000000149011612,""randomSeed"":-850657224}",,0,0.000000,1.501150,CorrectSidePress,1,0,0,-1,Correct,1,1.501150,268.981960,1.501150,0.000000,0,1,PlusMinusKeys,0,1
20261008T105422765Z_782187cf958040a7a521f98797269696,,,1,1,StimulusScheduled,Visual,2026-10-08T10:58:51.7582692Z,268.982327,245.509052,12056,4,0,WaitingForSourceConfirmation,1,0,1,30,Right,1,,,,,0,0,-1.000000,TaskSwitchPedal,0,0.500000,0.200000,,0.100000,5.000000,10.000000,-850657224,248.902104,256.460741,,276.540965,,,,0,0,,,,,,Move2,Move2.DestinationCoarseMove,1,"{""pedalAxisName"":""TaskSwitchPedal"",""usePlusMinusKeys"":true,""positivePedalKey"":61,""negativePedalKey"":45,""invertPedalAxis"":false,""pressThreshold"":0.5,""releaseThreshold"":0.20000000298023225,""minimumIntervalSeconds"":5.0,""maximumIntervalSeconds"":10.0,""minimumValidReactionSeconds"":0.10000000149011612,""randomSeed"":-850657224}",,0,0.000000,,CorrectSidePress,0,0,0,,,,,,,0.000000,0,1,PlusMinusKeys,0,1
20261008T105422765Z_782187cf958040a7a521f98797269696,,,1,1,StimulusOnsetObserved,Visual,2026-10-08T10:58:59.3303428Z,276.554323,253.082271,12404,4,0,OperatingSource,0,0,1,30,Right,1,,,,,1,0,0.000000,TaskSwitchPedal,0,0.500000,0.200000,,0.100000,5.000000,10.000000,-850657224,256.474099,256.460741,256.474099,276.540965,276.554323,0.013358,,0,1,4,0,OperatingSource,Move2,Move2.DestinationCoarseMove,Move2,Move2.DestinationCoarseMove,1,"{""pedalAxisName"":""TaskSwitchPedal"",""usePlusMinusKeys"":true,""positivePedalKey"":61,""negativePedalKey"":45,""invertPedalAxis"":false,""pressThreshold"":0.5,""releaseThreshold"":0.20000000298023225,""minimumIntervalSeconds"":5.0,""maximumIntervalSeconds"":10.0,""minimumValidReactionSeconds"":0.10000000149011612,""randomSeed"":-850657224}",,0,0.000000,,CorrectSidePress,0,0,0,,,,,,,0.000000,0,0,Axis,0,1
20261008T105422765Z_782187cf958040a7a521f98797269696,,,1,1,PedalPressed,Visual,2026-10-08T10:58:59.9166406Z,277.141356,253.668027,12433,4,0,OperatingSource,0,0,1,30,Right,1,1,Correct,1,0.587033,1,0,1.000000,TaskSwitchPedal,0,0.500000,0.200000,,0.100000,5.000000,10.000000,-850657224,257.061132,256.460741,256.474099,276.540965,276.554323,0.013358,277.141356,0,1,4,0,OperatingSource,Move2,Move2.DestinationCoarseMove,Move2,Move2.DestinationCoarseMove,1,"{""pedalAxisName"":""TaskSwitchPedal"",""usePlusMinusKeys"":true,""positivePedalKey"":61,""negativePedalKey"":45,""invertPedalAxis"":false,""pressThreshold"":0.5,""releaseThreshold"":0.20000000298023225,""minimumIntervalSeconds"":5.0,""maximumIntervalSeconds"":10.0,""minimumValidReactionSeconds"":0.10000000149011612,""randomSeed"":-850657224}",,0,0.000000,0.587033,CorrectSidePress,1,0,0,1,Correct,1,0.587033,277.141356,0.587033,0.000000,1,0,PlusMinusKeys,0,1
20261008T105422765Z_782187cf958040a7a521f98797269696,,,1,1,TrialFinished,Visual,2026-10-08T10:58:59.9166406Z,277.141356,253.668027,12433,4,0,OperatingSource,0,0,1,30,Right,1,1,Correct,1,0.587033,1,0,1.000000,TaskSwitchPedal,0,0.500000,0.200000,,0.100000,5.000000,10.000000,-850657224,257.061132,256.460741,256.474099,276.540965,276.554323,0.013358,277.141356,0,0,4,0,OperatingSource,Move2,Move2.DestinationCoarseMove,Move2,Move2.DestinationCoarseMove,1,"{""pedalAxisName"":""TaskSwitchPedal"",""usePlusMinusKeys"":true,""positivePedalKey"":61,""negativePedalKey"":45,""invertPedalAxis"":false,""pressThreshold"":0.5,""releaseThreshold"":0.20000000298023225,""minimumIntervalSeconds"":5.0,""maximumIntervalSeconds"":10.0,""minimumValidReactionSeconds"":0.10000000149011612,""randomSeed"":-850657224}",,0,0.000000,0.587033,CorrectSidePress,1,0,0,1,Correct,1,0.587033,277.141356,0.587033,0.000000,1,0,PlusMinusKeys,0,1
20261008T105422765Z_782187cf958040a7a521f98797269696,,,1,1,StimulusScheduled,Visual,2026-10-08T10:58:59.9166406Z,277.141721,253.668027,12433,4,0,OperatingSource,0,0,1,31,Right,1,,,,,0,0,1.000000,TaskSwitchPedal,0,0.500000,0.200000,,0.100000,5.000000,10.000000,-850657224,257.061497,264.702058,,284.782281,,,,0,0,,,,,,Move2,Move2.DestinationCoarseMove,1,"{""pedalAxisName"":""TaskSwitchPedal"",""usePlusMinusKeys"":true,""positivePedalKey"":61,""negativePedalKey"":45,""invertPedalAxis"":false,""pressThreshold"":0.5,""releaseThreshold"":0.20000000298023225,""minimumIntervalSeconds"":5.0,""maximumIntervalSeconds"":10.0,""minimumValidReactionSeconds"":0.10000000149011612,""randomSeed"":-850657224}",,0,0.000000,,CorrectSidePress,0,0,0,,,,,,,0.000000,1,0,PlusMinusKeys,0,1
20261008T105422765Z_782187cf958040a7a521f98797269696,,,1,1,StimulusOnsetObserved,Visual,2026-10-08T10:59:07.5668362Z,284.790681,261.316857,12741,4,0,OperatingSource,0,0,1,31,Right,1,,,,,1,0,0.000000,TaskSwitchPedal,0,0.500000,0.200000,,0.100000,5.000000,10.000000,-850657224,264.710457,264.702058,264.710457,284.782281,284.790681,0.008399,,0,1,4,0,OperatingSource,Place,Place.PlacementLowering,Place,Place.PlacementLowering,1,"{""pedalAxisName"":""TaskSwitchPedal"",""usePlusMinusKeys"":true,""positivePedalKey"":61,""negativePedalKey"":45,""invertPedalAxis"":false,""pressThreshold"":0.5,""releaseThreshold"":0.20000000298023225,""minimumIntervalSeconds"":5.0,""maximumIntervalSeconds"":10.0,""minimumValidReactionSeconds"":0.10000000149011612,""randomSeed"":-850657224}",,0,0.000000,,CorrectSidePress,0,0,0,,,,,,,0.000000,0,0,Axis,0,1
20261008T105422765Z_782187cf958040a7a521f98797269696,,,1,1,PedalPressed,Visual,2026-10-08T10:59:08.2790245Z,285.502743,262.029710,12766,4,0,OperatingSource,0,0,1,31,Right,1,1,Correct,1,0.712063,1,0,1.000000,TaskSwitchPedal,0,0.500000,0.200000,,0.100000,5.000000,10.000000,-850657224,265.422520,264.702058,264.710457,284.782281,284.790681,0.008399,285.502743,0,1,4,0,OperatingSource,Place,Place.PlacementLowering,Place,Place.PlacementLowering,1,"{""pedalAxisName"":""TaskSwitchPedal"",""usePlusMinusKeys"":true,""positivePedalKey"":61,""negativePedalKey"":45,""invertPedalAxis"":false,""pressThreshold"":0.5,""releaseThreshold"":0.20000000298023225,""minimumIntervalSeconds"":5.0,""maximumIntervalSeconds"":10.0,""minimumValidReactionSeconds"":0.10000000149011612,""randomSeed"":-850657224}",,0,0.000000,0.712062,CorrectSidePress,1,0,0,1,Correct,1,0.712063,285.502743,0.712062,0.000000,1,0,PlusMinusKeys,0,1
20261008T105422765Z_782187cf958040a7a521f98797269696,,,1,1,TrialFinished,Visual,2026-10-08T10:59:08.2790245Z,285.502743,262.029710,12766,4,0,OperatingSource,0,0,1,31,Right,1,1,Correct,1,0.712063,1,0,1.000000,TaskSwitchPedal,0,0.500000,0.200000,,0.100000,5.000000,10.000000,-850657224,265.422520,264.702058,264.710457,284.782281,284.790681,0.008399,285.502743,0,0,4,0,OperatingSource,Place,Place.PlacementLowering,Place,Place.PlacementLowering,1,"{""pedalAxisName"":""TaskSwitchPedal"",""usePlusMinusKeys"":true,""positivePedalKey"":61,""negativePedalKey"":45,""invertPedalAxis"":false,""pressThreshold"":0.5,""releaseThreshold"":0.20000000298023225,""minimumIntervalSeconds"":5.0,""maximumIntervalSeconds"":10.0,""minimumValidReactionSeconds"":0.10000000149011612,""randomSeed"":-850657224}",,0,0.000000,0.712062,CorrectSidePress,1,0,0,1,Correct,1,0.712063,285.502743,0.712062,0.000000,1,0,PlusMinusKeys,0,1
20261008T105422765Z_782187cf958040a7a521f98797269696,,,1,1,StimulusScheduled,Visual,2026-10-08T10:59:08.2790245Z,285.503198,262.029710,12766,4,0,OperatingSource,0,0,1,32,Left,-1,,,,,0,0,1.000000,TaskSwitchPedal,0,0.500000,0.200000,,0.100000,5.000000,10.000000,-850657224,265.422974,274.960331,,295.040555,,,,0,0,,,,,,Place,Place.PlacementLowering,1,"{""pedalAxisName"":""TaskSwitchPedal"",""usePlusMinusKeys"":true,""positivePedalKey"":61,""negativePedalKey"":45,""invertPedalAxis"":false,""pressThreshold"":0.5,""releaseThreshold"":0.20000000298023225,""minimumIntervalSeconds"":5.0,""maximumIntervalSeconds"":10.0,""minimumValidReactionSeconds"":0.10000000149011612,""randomSeed"":-850657224}",,0,0.000000,,CorrectSidePress,0,0,0,,,,,,,0.000000,1,0,PlusMinusKeys,0,1
20261008T105422765Z_782187cf958040a7a521f98797269696,,,1,1,StimulusOnsetObserved,Visual,2026-10-08T10:59:17.8169110Z,295.041917,271.569162,13129,4,0,OperatingSource,0,0,1,32,Left,-1,,,,,1,0,0.000000,TaskSwitchPedal,0,0.500000,0.200000,,0.100000,5.000000,10.000000,-850657224,274.961693,274.960331,274.961693,295.040555,295.041917,0.001362,,1,0,4,0,OperatingSource,Place,Place.PostPlacementRaising,Place,Place.PostPlacementRaising,1,"{""pedalAxisName"":""TaskSwitchPedal"",""usePlusMinusKeys"":true,""positivePedalKey"":61,""negativePedalKey"":45,""invertPedalAxis"":false,""pressThreshold"":0.5,""releaseThreshold"":0.20000000298023225,""minimumIntervalSeconds"":5.0,""maximumIntervalSeconds"":10.0,""minimumValidReactionSeconds"":0.10000000149011612,""randomSeed"":-850657224}",,0,0.000000,,CorrectSidePress,0,0,0,,,,,,,0.000000,0,0,Axis,0,1
20261008T105422765Z_782187cf958040a7a521f98797269696,,,1,1,PedalPressed,Visual,2026-10-08T10:59:18.4299613Z,295.654791,272.182139,13156,4,0,OperatingSource,0,0,1,32,Left,-1,-1,Correct,1,0.612874,1,0,-1.000000,TaskSwitchPedal,0,0.500000,0.200000,,0.100000,5.000000,10.000000,-850657224,275.574567,274.960331,274.961693,295.040555,295.041917,0.001362,295.654791,1,0,4,0,OperatingSource,Place,Place.PostPlacementRaising,Place,Place.PostPlacementRaising,1,"{""pedalAxisName"":""TaskSwitchPedal"",""usePlusMinusKeys"":true,""positivePedalKey"":61,""negativePedalKey"":45,""invertPedalAxis"":false,""pressThreshold"":0.5,""releaseThreshold"":0.20000000298023225,""minimumIntervalSeconds"":5.0,""maximumIntervalSeconds"":10.0,""minimumValidReactionSeconds"":0.10000000149011612,""randomSeed"":-850657224}",,0,0.000000,0.612874,CorrectSidePress,1,0,0,-1,Correct,1,0.612874,295.654791,0.612874,0.000000,0,1,PlusMinusKeys,0,1
20261008T105422765Z_782187cf958040a7a521f98797269696,,,1,1,TrialFinished,Visual,2026-10-08T10:59:18.4312471Z,295.654791,272.182139,13156,4,0,OperatingSource,0,0,1,32,Left,-1,-1,Correct,1,0.612874,1,0,-1.000000,TaskSwitchPedal,0,0.500000,0.200000,,0.100000,5.000000,10.000000,-850657224,275.574567,274.960331,274.961693,295.040555,295.041917,0.001362,295.654791,0,0,4,0,OperatingSource,Place,Place.PostPlacementRaising,Place,Place.PostPlacementRaising,1,"{""pedalAxisName"":""TaskSwitchPedal"",""usePlusMinusKeys"":true,""positivePedalKey"":61,""negativePedalKey"":45,""invertPedalAxis"":false,""pressThreshold"":0.5,""releaseThreshold"":0.20000000298023225,""minimumIntervalSeconds"":5.0,""maximumIntervalSeconds"":10.0,""minimumValidReactionSeconds"":0.10000000149011612,""randomSeed"":-850657224}",,0,0.000000,0.612874,CorrectSidePress,1,0,0,-1,Correct,1,0.612874,295.654791,0.612874,0.000000,0,1,PlusMinusKeys,0,1
20261008T105422765Z_782187cf958040a7a521f98797269696,,,1,1,StimulusScheduled,Visual,2026-10-08T10:59:18.4312471Z,295.655200,272.182139,13156,4,0,OperatingSource,0,0,1,33,Left,-1,,,,,0,0,-1.000000,TaskSwitchPedal,0,0.500000,0.200000,,0.100000,5.000000,10.000000,-850657224,275.574976,282.030421,,302.110645,,,,0,0,,,,,,Place,Place.PostPlacementRaising,1,"{""pedalAxisName"":""TaskSwitchPedal"",""usePlusMinusKeys"":true,""positivePedalKey"":61,""negativePedalKey"":45,""invertPedalAxis"":false,""pressThreshold"":0.5,""releaseThreshold"":0.20000000298023225,""minimumIntervalSeconds"":5.0,""maximumIntervalSeconds"":10.0,""minimumValidReactionSeconds"":0.10000000149011612,""randomSeed"":-850657224}",,0,0.000000,,CorrectSidePress,0,0,0,,,,,,,0.000000,0,1,PlusMinusKeys,0,1
20261008T105422765Z_782187cf958040a7a521f98797269696,,,1,1,StimulusOnsetObserved,Visual,2026-10-08T10:59:24.8877663Z,302.111960,278.639247,13464,4,0,OperatingSource,0,0,1,33,Left,-1,,,,,1,0,0.000000,TaskSwitchPedal,0,0.500000,0.200000,,0.100000,5.000000,10.000000,-850657224,282.031736,282.030421,282.031736,302.110645,302.111960,0.001315,,1,0,4,0,OperatingSource,Move1,Move1.PickupCoarseMove,Move1,Move1.PickupCoarseMove,1,"{""pedalAxisName"":""TaskSwitchPedal"",""usePlusMinusKeys"":true,""positivePedalKey"":61,""negativePedalKey"":45,""invertPedalAxis"":false,""pressThreshold"":0.5,""releaseThreshold"":0.20000000298023225,""minimumIntervalSeconds"":5.0,""maximumIntervalSeconds"":10.0,""minimumValidReactionSeconds"":0.10000000149011612,""randomSeed"":-850657224}",,0,0.000000,,CorrectSidePress,0,0,0,,,,,,,0.000000,0,0,Axis,0,1
20261008T105422765Z_782187cf958040a7a521f98797269696,,,1,1,PedalPressed,Visual,2026-10-08T10:59:26.2516678Z,303.476636,280.003424,13527,4,0,OperatingSource,0,0,1,33,Left,-1,-1,Correct,1,1.364676,1,0,-1.000000,TaskSwitchPedal,0,0.500000,0.200000,,0.100000,5.000000,10.000000,-850657224,283.396412,282.030421,282.031736,302.110645,302.111960,0.001315,303.476636,1,0,4,0,OperatingSource,Move1,Move1.PickupCoarseMove,Move1,Move1.PickupCoarseMove,1,"{""pedalAxisName"":""TaskSwitchPedal"",""usePlusMinusKeys"":true,""positivePedalKey"":61,""negativePedalKey"":45,""invertPedalAxis"":false,""pressThreshold"":0.5,""releaseThreshold"":0.20000000298023225,""minimumIntervalSeconds"":5.0,""maximumIntervalSeconds"":10.0,""minimumValidReactionSeconds"":0.10000000149011612,""randomSeed"":-850657224}",,0,0.000000,1.364675,CorrectSidePress,1,0,0,-1,Correct,1,1.364676,303.476636,1.364675,0.000000,0,1,PlusMinusKeys,0,1
20261008T105422765Z_782187cf958040a7a521f98797269696,,,1,1,TrialFinished,Visual,2026-10-08T10:59:26.2516678Z,303.476636,280.003424,13527,4,0,OperatingSource,0,0,1,33,Left,-1,-1,Correct,1,1.364676,1,0,-1.000000,TaskSwitchPedal,0,0.500000,0.200000,,0.100000,5.000000,10.000000,-850657224,283.396412,282.030421,282.031736,302.110645,302.111960,0.001315,303.476636,0,0,4,0,OperatingSource,Move1,Move1.PickupCoarseMove,Move1,Move1.PickupCoarseMove,1,"{""pedalAxisName"":""TaskSwitchPedal"",""usePlusMinusKeys"":true,""positivePedalKey"":61,""negativePedalKey"":45,""invertPedalAxis"":false,""pressThreshold"":0.5,""releaseThreshold"":0.20000000298023225,""minimumIntervalSeconds"":5.0,""maximumIntervalSeconds"":10.0,""minimumValidReactionSeconds"":0.10000000149011612,""randomSeed"":-850657224}",,0,0.000000,1.364675,CorrectSidePress,1,0,0,-1,Correct,1,1.364676,303.476636,1.364675,0.000000,0,1,PlusMinusKeys,0,1
20261008T105422765Z_782187cf958040a7a521f98797269696,,,1,1,StimulusScheduled,Visual,2026-10-08T10:59:26.2531792Z,303.477019,280.003424,13527,4,0,OperatingSource,0,0,1,34,Left,-1,,,,,0,0,-1.000000,TaskSwitchPedal,0,0.500000,0.200000,,0.100000,5.000000,10.000000,-850657224,283.396796,292.628483,,312.708707,,,,0,0,,,,,,Move1,Move1.PickupCoarseMove,1,"{""pedalAxisName"":""TaskSwitchPedal"",""usePlusMinusKeys"":true,""positivePedalKey"":61,""negativePedalKey"":45,""invertPedalAxis"":false,""pressThreshold"":0.5,""releaseThreshold"":0.20000000298023225,""minimumIntervalSeconds"":5.0,""maximumIntervalSeconds"":10.0,""minimumValidReactionSeconds"":0.10000000149011612,""randomSeed"":-850657224}",,0,0.000000,,CorrectSidePress,0,0,0,,,,,,,0.000000,0,1,PlusMinusKeys,0,1
20261008T105422765Z_782187cf958040a7a521f98797269696,,,1,1,StimulusOnsetObserved,Visual,2026-10-08T10:59:35.5064169Z,312.730429,289.257340,13946,5,0,WaitingForOperatorSwitch,0,0,1,34,Left,-1,,,,,1,0,0.000000,TaskSwitchPedal,0,0.500000,0.200000,,0.100000,5.000000,10.000000,-850657224,292.650205,292.628483,292.650205,312.708707,312.730429,0.021722,,1,0,5,0,WaitingForOperatorSwitch,Move1,Move1.PickupCoarseMove,Move1,Move1.PickupCoarseMove,1,"{""pedalAxisName"":""TaskSwitchPedal"",""usePlusMinusKeys"":true,""positivePedalKey"":61,""negativePedalKey"":45,""invertPedalAxis"":false,""pressThreshold"":0.5,""releaseThreshold"":0.20000000298023225,""minimumIntervalSeconds"":5.0,""maximumIntervalSeconds"":10.0,""minimumValidReactionSeconds"":0.10000000149011612,""randomSeed"":-850657224}",,0,0.000000,,CorrectSidePress,0,0,0,,,,,,,0.000000,0,0,Axis,0,1
20261008T105422765Z_782187cf958040a7a521f98797269696,,,1,1,PedalPressed,Visual,2026-10-08T10:59:36.2759538Z,313.500369,290.027717,13985,5,0,WaitingForOperatorSwitch,0,0,1,34,Left,-1,-1,Correct,1,0.769940,1,0,-1.000000,TaskSwitchPedal,0,0.500000,0.200000,,0.100000,5.000000,10.000000,-850657224,293.420145,292.628483,292.650205,312.708707,312.730429,0.021722,313.500369,1,0,5,0,WaitingForOperatorSwitch,Move1,Move1.PickupCoarseMove,Move1,Move1.PickupCoarseMove,1,"{""pedalAxisName"":""TaskSwitchPedal"",""usePlusMinusKeys"":true,""positivePedalKey"":61,""negativePedalKey"":45,""invertPedalAxis"":false,""pressThreshold"":0.5,""releaseThreshold"":0.20000000298023225,""minimumIntervalSeconds"":5.0,""maximumIntervalSeconds"":10.0,""minimumValidReactionSeconds"":0.10000000149011612,""randomSeed"":-850657224}",,0,0.000000,0.769940,CorrectSidePress,1,0,0,-1,Correct,1,0.769940,313.500369,0.769940,0.000000,0,1,PlusMinusKeys,0,1
20261008T105422765Z_782187cf958040a7a521f98797269696,,,1,1,TrialFinished,Visual,2026-10-08T10:59:36.2759538Z,313.500369,290.027717,13985,5,0,WaitingForOperatorSwitch,0,0,1,34,Left,-1,-1,Correct,1,0.769940,1,0,-1.000000,TaskSwitchPedal,0,0.500000,0.200000,,0.100000,5.000000,10.000000,-850657224,293.420145,292.628483,292.650205,312.708707,312.730429,0.021722,313.500369,0,0,5,0,WaitingForOperatorSwitch,Move1,Move1.PickupCoarseMove,Move1,Move1.PickupCoarseMove,1,"{""pedalAxisName"":""TaskSwitchPedal"",""usePlusMinusKeys"":true,""positivePedalKey"":61,""negativePedalKey"":45,""invertPedalAxis"":false,""pressThreshold"":0.5,""releaseThreshold"":0.20000000298023225,""minimumIntervalSeconds"":5.0,""maximumIntervalSeconds"":10.0,""minimumValidReactionSeconds"":0.10000000149011612,""randomSeed"":-850657224}",,0,0.000000,0.769940,CorrectSidePress,1,0,0,-1,Correct,1,0.769940,313.500369,0.769940,0.000000,0,1,PlusMinusKeys,0,1
20261008T105422765Z_782187cf958040a7a521f98797269696,,,1,1,StimulusScheduled,Visual,2026-10-08T10:59:36.2759538Z,313.500731,290.027717,13985,5,0,WaitingForOperatorSwitch,0,0,1,35,Left,-1,,,,,0,0,-1.000000,TaskSwitchPedal,0,0.500000,0.200000,,0.100000,5.000000,10.000000,-850657224,293.420507,300.118294,,320.198518,,,,0,0,,,,,,Move1,Move1.PickupCoarseMove,1,"{""pedalAxisName"":""TaskSwitchPedal"",""usePlusMinusKeys"":true,""positivePedalKey"":61,""negativePedalKey"":45,""invertPedalAxis"":false,""pressThreshold"":0.5,""releaseThreshold"":0.20000000298023225,""minimumIntervalSeconds"":5.0,""maximumIntervalSeconds"":10.0,""minimumValidReactionSeconds"":0.10000000149011612,""randomSeed"":-850657224}",,0,0.000000,,CorrectSidePress,0,0,0,,,,,,,0.000000,0,1,PlusMinusKeys,0,1
20261008T105422765Z_782187cf958040a7a521f98797269696,,,1,1,StimulusOnsetObserved,Visual,2026-10-08T10:59:42.9885141Z,320.213136,296.740406,14293,5,1,OperatingTarget,0,0,1,35,Left,-1,,,,,1,0,0.000000,TaskSwitchPedal,0,0.500000,0.200000,,0.100000,5.000000,10.000000,-850657224,300.132913,300.118294,300.132913,320.198518,320.213136,0.014619,,1,0,5,1,OperatingTarget,Move1,Move1.PickupCoarseMove,Move1,Move1.PickupCoarseMove,1,"{""pedalAxisName"":""TaskSwitchPedal"",""usePlusMinusKeys"":true,""positivePedalKey"":61,""negativePedalKey"":45,""invertPedalAxis"":false,""pressThreshold"":0.5,""releaseThreshold"":0.20000000298023225,""minimumIntervalSeconds"":5.0,""maximumIntervalSeconds"":10.0,""minimumValidReactionSeconds"":0.10000000149011612,""randomSeed"":-850657224}",,0,0.000000,,CorrectSidePress,0,0,0,,,,,,,0.000000,0,0,Axis,0,1
20261008T105422765Z_782187cf958040a7a521f98797269696,,,1,1,PedalPressed,Visual,2026-10-08T10:59:43.8471610Z,321.072021,297.599405,14335,5,1,OperatingTarget,0,0,1,35,Left,-1,-1,Correct,1,0.858884,1,0,-1.000000,TaskSwitchPedal,0,0.500000,0.200000,,0.100000,5.000000,10.000000,-850657224,300.991797,300.118294,300.132913,320.198518,320.213136,0.014619,321.072021,1,0,5,1,OperatingTarget,Move1,Move1.PickupCoarseMove,Move1,Move1.PickupCoarseMove,1,"{""pedalAxisName"":""TaskSwitchPedal"",""usePlusMinusKeys"":true,""positivePedalKey"":61,""negativePedalKey"":45,""invertPedalAxis"":false,""pressThreshold"":0.5,""releaseThreshold"":0.20000000298023225,""minimumIntervalSeconds"":5.0,""maximumIntervalSeconds"":10.0,""minimumValidReactionSeconds"":0.10000000149011612,""randomSeed"":-850657224}",,0,0.000000,0.858884,CorrectSidePress,1,0,0,-1,Correct,1,0.858884,321.072021,0.858884,0.000000,0,1,PlusMinusKeys,0,1
20261008T105422765Z_782187cf958040a7a521f98797269696,,,1,1,TrialFinished,Visual,2026-10-08T10:59:43.8482620Z,321.072021,297.599405,14335,5,1,OperatingTarget,0,0,1,35,Left,-1,-1,Correct,1,0.858884,1,0,-1.000000,TaskSwitchPedal,0,0.500000,0.200000,,0.100000,5.000000,10.000000,-850657224,300.991797,300.118294,300.132913,320.198518,320.213136,0.014619,321.072021,0,0,5,1,OperatingTarget,Move1,Move1.PickupCoarseMove,Move1,Move1.PickupCoarseMove,1,"{""pedalAxisName"":""TaskSwitchPedal"",""usePlusMinusKeys"":true,""positivePedalKey"":61,""negativePedalKey"":45,""invertPedalAxis"":false,""pressThreshold"":0.5,""releaseThreshold"":0.20000000298023225,""minimumIntervalSeconds"":5.0,""maximumIntervalSeconds"":10.0,""minimumValidReactionSeconds"":0.10000000149011612,""randomSeed"":-850657224}",,0,0.000000,0.858884,CorrectSidePress,1,0,0,-1,Correct,1,0.858884,321.072021,0.858884,0.000000,0,1,PlusMinusKeys,0,1
20261008T105422765Z_782187cf958040a7a521f98797269696,,,1,1,StimulusScheduled,Visual,2026-10-08T10:59:43.8482620Z,321.072391,297.599405,14335,5,1,OperatingTarget,0,0,1,36,Right,1,,,,,0,0,-1.000000,TaskSwitchPedal,0,0.500000,0.200000,,0.100000,5.000000,10.000000,-850657224,300.992168,309.410163,,329.490387,,,,0,0,,,,,,Move1,Move1.PickupCoarseMove,1,"{""pedalAxisName"":""TaskSwitchPedal"",""usePlusMinusKeys"":true,""positivePedalKey"":61,""negativePedalKey"":45,""invertPedalAxis"":false,""pressThreshold"":0.5,""releaseThreshold"":0.20000000298023225,""minimumIntervalSeconds"":5.0,""maximumIntervalSeconds"":10.0,""minimumValidReactionSeconds"":0.10000000149011612,""randomSeed"":-850657224}",,0,0.000000,,CorrectSidePress,0,0,0,,,,,,,0.000000,0,1,PlusMinusKeys,0,1
20261008T105422765Z_782187cf958040a7a521f98797269696,,,1,1,StimulusOnsetObserved,Visual,2026-10-08T10:59:52.2868049Z,329.511085,306.037900,14685,5,1,OperatingTarget,0,0,1,36,Right,1,,,,,1,0,0.000000,TaskSwitchPedal,0,0.500000,0.200000,,0.100000,5.000000,10.000000,-850657224,309.430862,309.410163,309.430862,329.490387,329.511085,0.020699,,0,1,5,1,OperatingTarget,LiftUp,LiftUp.PickupLowering,LiftUp,LiftUp.PickupLowering,1,"{""pedalAxisName"":""TaskSwitchPedal"",""usePlusMinusKeys"":true,""positivePedalKey"":61,""negativePedalKey"":45,""invertPedalAxis"":false,""pressThreshold"":0.5,""releaseThreshold"":0.20000000298023225,""minimumIntervalSeconds"":5.0,""maximumIntervalSeconds"":10.0,""minimumValidReactionSeconds"":0.10000000149011612,""randomSeed"":-850657224}",,0,0.000000,,CorrectSidePress,0,0,0,,,,,,,0.000000,0,0,Axis,0,1
20261008T105422765Z_782187cf958040a7a521f98797269696,,,1,1,PedalPressed,Visual,2026-10-08T10:59:52.8940621Z,330.118177,306.643054,14708,5,1,OperatingTarget,0,0,1,36,Right,1,1,Correct,1,0.607091,1,0,1.000000,TaskSwitchPedal,0,0.500000,0.200000,,0.100000,5.000000,10.000000,-850657224,310.037953,309.410163,309.430862,329.490387,329.511085,0.020699,330.118177,0,1,5,1,OperatingTarget,LiftUp,LiftUp.PickupLowering,LiftUp,LiftUp.PickupLowering,1,"{""pedalAxisName"":""TaskSwitchPedal"",""usePlusMinusKeys"":true,""positivePedalKey"":61,""negativePedalKey"":45,""invertPedalAxis"":false,""pressThreshold"":0.5,""releaseThreshold"":0.20000000298023225,""minimumIntervalSeconds"":5.0,""maximumIntervalSeconds"":10.0,""minimumValidReactionSeconds"":0.10000000149011612,""randomSeed"":-850657224}",,0,0.000000,0.607091,CorrectSidePress,1,0,0,1,Correct,1,0.607091,330.118177,0.607091,0.000000,1,0,PlusMinusKeys,0,1
20261008T105422765Z_782187cf958040a7a521f98797269696,,,1,1,TrialFinished,Visual,2026-10-08T10:59:52.8940621Z,330.118177,306.643054,14708,5,1,OperatingTarget,0,0,1,36,Right,1,1,Correct,1,0.607091,1,0,1.000000,TaskSwitchPedal,0,0.500000,0.200000,,0.100000,5.000000,10.000000,-850657224,310.037953,309.410163,309.430862,329.490387,329.511085,0.020699,330.118177,0,0,5,1,OperatingTarget,LiftUp,LiftUp.PickupLowering,LiftUp,LiftUp.PickupLowering,1,"{""pedalAxisName"":""TaskSwitchPedal"",""usePlusMinusKeys"":true,""positivePedalKey"":61,""negativePedalKey"":45,""invertPedalAxis"":false,""pressThreshold"":0.5,""releaseThreshold"":0.20000000298023225,""minimumIntervalSeconds"":5.0,""maximumIntervalSeconds"":10.0,""minimumValidReactionSeconds"":0.10000000149011612,""randomSeed"":-850657224}",,0,0.000000,0.607091,CorrectSidePress,1,0,0,1,Correct,1,0.607091,330.118177,0.607091,0.000000,1,0,PlusMinusKeys,0,1
20261008T105422765Z_782187cf958040a7a521f98797269696,,,1,1,StimulusScheduled,Visual,2026-10-08T10:59:52.8940621Z,330.118500,306.643054,14708,5,1,OperatingTarget,0,0,1,37,Right,1,,,,,0,0,1.000000,TaskSwitchPedal,0,0.500000,0.200000,,0.100000,5.000000,10.000000,-850657224,310.038276,318.083488,,338.163712,,,,0,0,,,,,,LiftUp,LiftUp.PickupLowering,1,"{""pedalAxisName"":""TaskSwitchPedal"",""usePlusMinusKeys"":true,""positivePedalKey"":61,""negativePedalKey"":45,""invertPedalAxis"":false,""pressThreshold"":0.5,""releaseThreshold"":0.20000000298023225,""minimumIntervalSeconds"":5.0,""maximumIntervalSeconds"":10.0,""minimumValidReactionSeconds"":0.10000000149011612,""randomSeed"":-850657224}",,0,0.000000,,CorrectSidePress,0,0,0,,,,,,,0.000000,1,0,PlusMinusKeys,0,1
20261008T105422765Z_782187cf958040a7a521f98797269696,,,1,1,StimulusOnsetObserved,Visual,2026-10-08T11:00:00.9530658Z,338.177906,314.704038,14996,5,1,OperatingTarget,0,0,1,37,Right,1,,,,,1,0,0.000000,TaskSwitchPedal,0,0.500000,0.200000,,0.100000,5.000000,10.000000,-850657224,318.097682,318.083488,318.097682,338.163712,338.177906,0.014195,,0,1,5,1,OperatingTarget,LiftUp,LiftUp.LoadedRaising,LiftUp,LiftUp.LoadedRaising,1,"{""pedalAxisName"":""TaskSwitchPedal"",""usePlusMinusKeys"":true,""positivePedalKey"":61,""negativePedalKey"":45,""invertPedalAxis"":false,""pressThreshold"":0.5,""releaseThreshold"":0.20000000298023225,""minimumIntervalSeconds"":5.0,""maximumIntervalSeconds"":10.0,""minimumValidReactionSeconds"":0.10000000149011612,""randomSeed"":-850657224}",,0,0.000000,,CorrectSidePress,0,0,0,,,,,,,0.000000,0,0,Axis,0,1
20261008T105422765Z_782187cf958040a7a521f98797269696,,,1,1,PedalPressed,Visual,2026-10-08T11:00:01.4196923Z,338.644052,315.170767,15013,5,1,OperatingTarget,0,0,1,37,Right,1,1,Correct,1,0.466146,1,0,1.000000,TaskSwitchPedal,0,0.500000,0.200000,,0.100000,5.000000,10.000000,-850657224,318.563828,318.083488,318.097682,338.163712,338.177906,0.014195,338.644052,0,1,5,1,OperatingTarget,LiftUp,LiftUp.LoadedRaising,LiftUp,LiftUp.LoadedRaising,1,"{""pedalAxisName"":""TaskSwitchPedal"",""usePlusMinusKeys"":true,""positivePedalKey"":61,""negativePedalKey"":45,""invertPedalAxis"":false,""pressThreshold"":0.5,""releaseThreshold"":0.20000000298023225,""minimumIntervalSeconds"":5.0,""maximumIntervalSeconds"":10.0,""minimumValidReactionSeconds"":0.10000000149011612,""randomSeed"":-850657224}",,0,0.000000,0.466146,CorrectSidePress,1,0,0,1,Correct,1,0.466146,338.644052,0.466146,0.000000,1,0,PlusMinusKeys,0,1
20261008T105422765Z_782187cf958040a7a521f98797269696,,,1,1,TrialFinished,Visual,2026-10-08T11:00:01.4202320Z,338.644052,315.170767,15013,5,1,OperatingTarget,0,0,1,37,Right,1,1,Correct,1,0.466146,1,0,1.000000,TaskSwitchPedal,0,0.500000,0.200000,,0.100000,5.000000,10.000000,-850657224,318.563828,318.083488,318.097682,338.163712,338.177906,0.014195,338.644052,0,0,5,1,OperatingTarget,LiftUp,LiftUp.LoadedRaising,LiftUp,LiftUp.LoadedRaising,1,"{""pedalAxisName"":""TaskSwitchPedal"",""usePlusMinusKeys"":true,""positivePedalKey"":61,""negativePedalKey"":45,""invertPedalAxis"":false,""pressThreshold"":0.5,""releaseThreshold"":0.20000000298023225,""minimumIntervalSeconds"":5.0,""maximumIntervalSeconds"":10.0,""minimumValidReactionSeconds"":0.10000000149011612,""randomSeed"":-850657224}",,0,0.000000,0.466146,CorrectSidePress,1,0,0,1,Correct,1,0.466146,338.644052,0.466146,0.000000,1,0,PlusMinusKeys,0,1
20261008T105422765Z_782187cf958040a7a521f98797269696,,,1,1,StimulusScheduled,Visual,2026-10-08T11:00:01.4202320Z,338.644384,315.170767,15013,5,1,OperatingTarget,0,0,1,38,Right,1,,,,,0,0,1.000000,TaskSwitchPedal,0,0.500000,0.200000,,0.100000,5.000000,10.000000,-850657224,318.564160,324.821155,,344.901378,,,,0,0,,,,,,LiftUp,LiftUp.LoadedRaising,1,"{""pedalAxisName"":""TaskSwitchPedal"",""usePlusMinusKeys"":true,""positivePedalKey"":61,""negativePedalKey"":45,""invertPedalAxis"":false,""pressThreshold"":0.5,""releaseThreshold"":0.20000000298023225,""minimumIntervalSeconds"":5.0,""maximumIntervalSeconds"":10.0,""minimumValidReactionSeconds"":0.10000000149011612,""randomSeed"":-850657224}",,0,0.000000,,CorrectSidePress,0,0,0,,,,,,,0.000000,1,0,PlusMinusKeys,0,1
20261008T105422765Z_782187cf958040a7a521f98797269696,,,1,1,StimulusOnsetObserved,Visual,2026-10-08T11:00:07.7210617Z,344.946007,321.471114,15246,5,0,OperatingSource,0,0,1,38,Right,1,,,,,1,0,0.000000,TaskSwitchPedal,0,0.500000,0.200000,,0.100000,5.000000,10.000000,-850657224,324.865783,324.821155,324.865783,344.901378,344.946007,0.044628,,0,1,5,0,OperatingSource,LiftUp,LiftUp.PickupLowering,LiftUp,LiftUp.PickupLowering,1,"{""pedalAxisName"":""TaskSwitchPedal"",""usePlusMinusKeys"":true,""positivePedalKey"":61,""negativePedalKey"":45,""invertPedalAxis"":false,""pressThreshold"":0.5,""releaseThreshold"":0.20000000298023225,""minimumIntervalSeconds"":5.0,""maximumIntervalSeconds"":10.0,""minimumValidReactionSeconds"":0.10000000149011612,""randomSeed"":-850657224}",,0,0.000000,,CorrectSidePress,0,0,0,,,,,,,0.000000,0,0,Axis,0,1
20261008T105422765Z_782187cf958040a7a521f98797269696,,,1,1,PedalPressed,Visual,2026-10-08T11:00:08.2611351Z,345.485263,322.012111,15266,5,0,OperatingSource,0,0,1,38,Right,1,1,Correct,1,0.539256,1,0,1.000000,TaskSwitchPedal,0,0.500000,0.200000,,0.100000,5.000000,10.000000,-850657224,325.405039,324.821155,324.865783,344.901378,344.946007,0.044628,345.485263,0,1,5,0,OperatingSource,LiftUp,LiftUp.PickupLowering,LiftUp,LiftUp.PickupLowering,1,"{""pedalAxisName"":""TaskSwitchPedal"",""usePlusMinusKeys"":true,""positivePedalKey"":61,""negativePedalKey"":45,""invertPedalAxis"":false,""pressThreshold"":0.5,""releaseThreshold"":0.20000000298023225,""minimumIntervalSeconds"":5.0,""maximumIntervalSeconds"":10.0,""minimumValidReactionSeconds"":0.10000000149011612,""randomSeed"":-850657224}",,0,0.000000,0.539256,CorrectSidePress,1,0,0,1,Correct,1,0.539256,345.485263,0.539256,0.000000,1,0,PlusMinusKeys,0,1
20261008T105422765Z_782187cf958040a7a521f98797269696,,,1,1,TrialFinished,Visual,2026-10-08T11:00:08.2616413Z,345.485263,322.012111,15266,5,0,OperatingSource,0,0,1,38,Right,1,1,Correct,1,0.539256,1,0,1.000000,TaskSwitchPedal,0,0.500000,0.200000,,0.100000,5.000000,10.000000,-850657224,325.405039,324.821155,324.865783,344.901378,344.946007,0.044628,345.485263,0,0,5,0,OperatingSource,LiftUp,LiftUp.PickupLowering,LiftUp,LiftUp.PickupLowering,1,"{""pedalAxisName"":""TaskSwitchPedal"",""usePlusMinusKeys"":true,""positivePedalKey"":61,""negativePedalKey"":45,""invertPedalAxis"":false,""pressThreshold"":0.5,""releaseThreshold"":0.20000000298023225,""minimumIntervalSeconds"":5.0,""maximumIntervalSeconds"":10.0,""minimumValidReactionSeconds"":0.10000000149011612,""randomSeed"":-850657224}",,0,0.000000,0.539256,CorrectSidePress,1,0,0,1,Correct,1,0.539256,345.485263,0.539256,0.000000,1,0,PlusMinusKeys,0,1
20261008T105422765Z_782187cf958040a7a521f98797269696,,,1,1,StimulusScheduled,Visual,2026-10-08T11:00:08.2616413Z,345.485745,322.012111,15266,5,0,OperatingSource,0,0,1,39,Right,1,,,,,0,0,1.000000,TaskSwitchPedal,0,0.500000,0.200000,,0.100000,5.000000,10.000000,-850657224,325.405521,332.571038,,352.651261,,,,0,0,,,,,,LiftUp,LiftUp.PickupLowering,1,"{""pedalAxisName"":""TaskSwitchPedal"",""usePlusMinusKeys"":true,""positivePedalKey"":61,""negativePedalKey"":45,""invertPedalAxis"":false,""pressThreshold"":0.5,""releaseThreshold"":0.20000000298023225,""minimumIntervalSeconds"":5.0,""maximumIntervalSeconds"":10.0,""minimumValidReactionSeconds"":0.10000000149011612,""randomSeed"":-850657224}",,0,0.000000,,CorrectSidePress,0,0,0,,,,,,,0.000000,1,0,PlusMinusKeys,0,1
20261008T105422765Z_782187cf958040a7a521f98797269696,,,1,1,StimulusOnsetObserved,Visual,2026-10-08T11:00:15.4745181Z,352.698831,329.225292,15511,5,0,OperatingSource,0,0,1,39,Right,1,,,,,1,0,0.000000,TaskSwitchPedal,0,0.500000,0.200000,,0.100000,5.000000,10.000000,-850657224,332.618607,332.571038,332.618607,352.651261,352.698831,0.047569,,0,1,5,0,OperatingSource,LiftUp,LiftUp.LoadedRaising,LiftUp,LiftUp.LoadedRaising,1,"{""pedalAxisName"":""TaskSwitchPedal"",""usePlusMinusKeys"":true,""positivePedalKey"":61,""negativePedalKey"":45,""invertPedalAxis"":false,""pressThreshold"":0.5,""releaseThreshold"":0.20000000298023225,""minimumIntervalSeconds"":5.0,""maximumIntervalSeconds"":10.0,""minimumValidReactionSeconds"":0.10000000149011612,""randomSeed"":-850657224}",,0,0.000000,,CorrectSidePress,0,0,0,,,,,,,0.000000,0,0,Axis,0,1
20261008T105422765Z_782187cf958040a7a521f98797269696,,,1,1,PedalPressed,Visual,2026-10-08T11:00:16.3067935Z,353.531380,330.057465,15541,5,0,OperatingSource,0,0,1,39,Right,1,1,Correct,1,0.832549,1,0,1.000000,TaskSwitchPedal,0,0.500000,0.200000,,0.100000,5.000000,10.000000,-850657224,333.451156,332.571038,332.618607,352.651261,352.698831,0.047569,353.531380,0,1,5,0,OperatingSource,LiftUp,LiftUp.LoadedRaising,LiftUp,LiftUp.LoadedRaising,1,"{""pedalAxisName"":""TaskSwitchPedal"",""usePlusMinusKeys"":true,""positivePedalKey"":61,""negativePedalKey"":45,""invertPedalAxis"":false,""pressThreshold"":0.5,""releaseThreshold"":0.20000000298023225,""minimumIntervalSeconds"":5.0,""maximumIntervalSeconds"":10.0,""minimumValidReactionSeconds"":0.10000000149011612,""randomSeed"":-850657224}",,0,0.000000,0.832549,CorrectSidePress,1,0,0,1,Correct,1,0.832549,353.531380,0.832549,0.000000,1,0,PlusMinusKeys,0,1
20261008T105422765Z_782187cf958040a7a521f98797269696,,,1,1,TrialFinished,Visual,2026-10-08T11:00:16.3067935Z,353.531380,330.057465,15541,5,0,OperatingSource,0,0,1,39,Right,1,1,Correct,1,0.832549,1,0,1.000000,TaskSwitchPedal,0,0.500000,0.200000,,0.100000,5.000000,10.000000,-850657224,333.451156,332.571038,332.618607,352.651261,352.698831,0.047569,353.531380,0,0,5,0,OperatingSource,LiftUp,LiftUp.LoadedRaising,LiftUp,LiftUp.LoadedRaising,1,"{""pedalAxisName"":""TaskSwitchPedal"",""usePlusMinusKeys"":true,""positivePedalKey"":61,""negativePedalKey"":45,""invertPedalAxis"":false,""pressThreshold"":0.5,""releaseThreshold"":0.20000000298023225,""minimumIntervalSeconds"":5.0,""maximumIntervalSeconds"":10.0,""minimumValidReactionSeconds"":0.10000000149011612,""randomSeed"":-850657224}",,0,0.000000,0.832549,CorrectSidePress,1,0,0,1,Correct,1,0.832549,353.531380,0.832549,0.000000,1,0,PlusMinusKeys,0,1
20261008T105422765Z_782187cf958040a7a521f98797269696,,,1,1,StimulusScheduled,Visual,2026-10-08T11:00:16.3067935Z,353.531772,330.057465,15541,5,0,OperatingSource,0,0,1,40,Right,1,,,,,0,0,1.000000,TaskSwitchPedal,0,0.500000,0.200000,,0.100000,5.000000,10.000000,-850657224,333.451549,343.218092,,363.298315,,,,0,0,,,,,,LiftUp,LiftUp.LoadedRaising,1,"{""pedalAxisName"":""TaskSwitchPedal"",""usePlusMinusKeys"":true,""positivePedalKey"":61,""negativePedalKey"":45,""invertPedalAxis"":false,""pressThreshold"":0.5,""releaseThreshold"":0.20000000298023225,""minimumIntervalSeconds"":5.0,""maximumIntervalSeconds"":10.0,""minimumValidReactionSeconds"":0.10000000149011612,""randomSeed"":-850657224}",,0,0.000000,,CorrectSidePress,0,0,0,,,,,,,0.000000,1,0,PlusMinusKeys,0,1
20261008T105422765Z_782187cf958040a7a521f98797269696,,,1,1,StimulusOnsetObserved,Visual,2026-10-08T11:00:26.0871806Z,363.311557,339.838809,15896,5,0,OperatingSource,0,0,1,40,Right,1,,,,,1,0,0.000000,TaskSwitchPedal,0,0.500000,0.200000,,0.100000,5.000000,10.000000,-850657224,343.231333,343.218092,343.231333,363.298315,363.311557,0.013242,,0,1,5,0,OperatingSource,Move2,Move2.DestinationCoarseMove,Move2,Move2.DestinationCoarseMove,1,"{""pedalAxisName"":""TaskSwitchPedal"",""usePlusMinusKeys"":true,""positivePedalKey"":61,""negativePedalKey"":45,""invertPedalAxis"":false,""pressThreshold"":0.5,""releaseThreshold"":0.20000000298023225,""minimumIntervalSeconds"":5.0,""maximumIntervalSeconds"":10.0,""minimumValidReactionSeconds"":0.10000000149011612,""randomSeed"":-850657224}",,0,0.000000,,CorrectSidePress,0,0,0,,,,,,,0.000000,0,0,Axis,0,1
20261008T105422765Z_782187cf958040a7a521f98797269696,,,1,1,PedalPressed,Visual,2026-10-08T11:00:26.8365002Z,364.060439,340.584351,15922,5,0,OperatingSource,0,0,1,40,Right,1,1,Correct,1,0.748882,1,0,1.000000,TaskSwitchPedal,0,0.500000,0.200000,,0.100000,5.000000,10.000000,-850657224,343.980216,343.218092,343.231333,363.298315,363.311557,0.013242,364.060439,0,1,5,0,OperatingSource,Move2,Move2.DestinationCoarseMove,Move2,Move2.DestinationCoarseMove,1,"{""pedalAxisName"":""TaskSwitchPedal"",""usePlusMinusKeys"":true,""positivePedalKey"":61,""negativePedalKey"":45,""invertPedalAxis"":false,""pressThreshold"":0.5,""releaseThreshold"":0.20000000298023225,""minimumIntervalSeconds"":5.0,""maximumIntervalSeconds"":10.0,""minimumValidReactionSeconds"":0.10000000149011612,""randomSeed"":-850657224}",,0,0.000000,0.748882,CorrectSidePress,1,0,0,1,Correct,1,0.748882,364.060439,0.748882,0.000000,1,0,PlusMinusKeys,0,1
20261008T105422765Z_782187cf958040a7a521f98797269696,,,1,1,TrialFinished,Visual,2026-10-08T11:00:26.8365002Z,364.060439,340.584351,15922,5,0,OperatingSource,0,0,1,40,Right,1,1,Correct,1,0.748882,1,0,1.000000,TaskSwitchPedal,0,0.500000,0.200000,,0.100000,5.000000,10.000000,-850657224,343.980216,343.218092,343.231333,363.298315,363.311557,0.013242,364.060439,0,0,5,0,OperatingSource,Move2,Move2.DestinationCoarseMove,Move2,Move2.DestinationCoarseMove,1,"{""pedalAxisName"":""TaskSwitchPedal"",""usePlusMinusKeys"":true,""positivePedalKey"":61,""negativePedalKey"":45,""invertPedalAxis"":false,""pressThreshold"":0.5,""releaseThreshold"":0.20000000298023225,""minimumIntervalSeconds"":5.0,""maximumIntervalSeconds"":10.0,""minimumValidReactionSeconds"":0.10000000149011612,""randomSeed"":-850657224}",,0,0.000000,0.748882,CorrectSidePress,1,0,0,1,Correct,1,0.748882,364.060439,0.748882,0.000000,1,0,PlusMinusKeys,0,1
20261008T105422765Z_782187cf958040a7a521f98797269696,,,1,1,StimulusScheduled,Visual,2026-10-08T11:00:26.8365002Z,364.060836,340.584351,15922,5,0,OperatingSource,0,0,1,41,Left,-1,,,,,0,0,1.000000,TaskSwitchPedal,0,0.500000,0.200000,,0.100000,5.000000,10.000000,-850657224,343.980613,351.591171,,371.671394,,,,0,0,,,,,,Move2,Move2.DestinationCoarseMove,1,"{""pedalAxisName"":""TaskSwitchPedal"",""usePlusMinusKeys"":true,""positivePedalKey"":61,""negativePedalKey"":45,""invertPedalAxis"":false,""pressThreshold"":0.5,""releaseThreshold"":0.20000000298023225,""minimumIntervalSeconds"":5.0,""maximumIntervalSeconds"":10.0,""minimumValidReactionSeconds"":0.10000000149011612,""randomSeed"":-850657224}",,0,0.000000,,CorrectSidePress,0,0,0,,,,,,,0.000000,1,0,PlusMinusKeys,0,1
20261008T105422765Z_782187cf958040a7a521f98797269696,,,1,1,StimulusOnsetObserved,Visual,2026-10-08T11:00:34.4563805Z,371.681233,348.208064,16182,5,0,OperatingSource,0,0,1,41,Left,-1,,,,,1,0,0.000000,TaskSwitchPedal,0,0.500000,0.200000,,0.100000,5.000000,10.000000,-850657224,351.601009,351.591171,351.601009,371.671394,371.681233,0.009838,,1,0,5,0,OperatingSource,Move2,Move2.DestinationCoarseMove,Move2,Move2.DestinationCoarseMove,1,"{""pedalAxisName"":""TaskSwitchPedal"",""usePlusMinusKeys"":true,""positivePedalKey"":61,""negativePedalKey"":45,""invertPedalAxis"":false,""pressThreshold"":0.5,""releaseThreshold"":0.20000000298023225,""minimumIntervalSeconds"":5.0,""maximumIntervalSeconds"":10.0,""minimumValidReactionSeconds"":0.10000000149011612,""randomSeed"":-850657224}",,0,0.000000,,CorrectSidePress,0,0,0,,,,,,,0.000000,0,0,Axis,0,1
20261008T105422765Z_782187cf958040a7a521f98797269696,,,1,1,PedalPressed,Visual,2026-10-08T11:00:35.2231241Z,372.447548,348.974506,16210,5,0,OperatingSource,0,0,1,41,Left,-1,-1,Correct,1,0.766315,1,0,-1.000000,TaskSwitchPedal,0,0.500000,0.200000,,0.100000,5.000000,10.000000,-850657224,352.367324,351.591171,351.601009,371.671394,371.681233,0.009838,372.447548,1,0,5,0,OperatingSource,Move2,Move2.DestinationCoarseMove,Move2,Move2.DestinationCoarseMove,1,"{""pedalAxisName"":""TaskSwitchPedal"",""usePlusMinusKeys"":true,""positivePedalKey"":61,""negativePedalKey"":45,""invertPedalAxis"":false,""pressThreshold"":0.5,""releaseThreshold"":0.20000000298023225,""minimumIntervalSeconds"":5.0,""maximumIntervalSeconds"":10.0,""minimumValidReactionSeconds"":0.10000000149011612,""randomSeed"":-850657224}",,0,0.000000,0.766315,CorrectSidePress,1,0,0,-1,Correct,1,0.766315,372.447548,0.766315,0.000000,0,1,PlusMinusKeys,0,1
20261008T105422765Z_782187cf958040a7a521f98797269696,,,1,1,TrialFinished,Visual,2026-10-08T11:00:35.2231241Z,372.447548,348.974506,16210,5,0,OperatingSource,0,0,1,41,Left,-1,-1,Correct,1,0.766315,1,0,-1.000000,TaskSwitchPedal,0,0.500000,0.200000,,0.100000,5.000000,10.000000,-850657224,352.367324,351.591171,351.601009,371.671394,371.681233,0.009838,372.447548,0,0,5,0,OperatingSource,Move2,Move2.DestinationCoarseMove,Move2,Move2.DestinationCoarseMove,1,"{""pedalAxisName"":""TaskSwitchPedal"",""usePlusMinusKeys"":true,""positivePedalKey"":61,""negativePedalKey"":45,""invertPedalAxis"":false,""pressThreshold"":0.5,""releaseThreshold"":0.20000000298023225,""minimumIntervalSeconds"":5.0,""maximumIntervalSeconds"":10.0,""minimumValidReactionSeconds"":0.10000000149011612,""randomSeed"":-850657224}",,0,0.000000,0.766315,CorrectSidePress,1,0,0,-1,Correct,1,0.766315,372.447548,0.766315,0.000000,0,1,PlusMinusKeys,0,1
20261008T105422765Z_782187cf958040a7a521f98797269696,,,1,1,StimulusScheduled,Visual,2026-10-08T11:00:35.2231241Z,372.447850,348.974506,16210,5,0,OperatingSource,0,0,1,42,Left,-1,,,,,0,0,-1.000000,TaskSwitchPedal,0,0.500000,0.200000,,0.100000,5.000000,10.000000,-850657224,352.367626,357.385082,,377.465306,,,,0,0,,,,,,Move2,Move2.DestinationCoarseMove,1,"{""pedalAxisName"":""TaskSwitchPedal"",""usePlusMinusKeys"":true,""positivePedalKey"":61,""negativePedalKey"":45,""invertPedalAxis"":false,""pressThreshold"":0.5,""releaseThreshold"":0.20000000298023225,""minimumIntervalSeconds"":5.0,""maximumIntervalSeconds"":10.0,""minimumValidReactionSeconds"":0.10000000149011612,""randomSeed"":-850657224}",,0,0.000000,,CorrectSidePress,0,0,0,,,,,,,0.000000,0,1,PlusMinusKeys,0,1
20261008T105422765Z_782187cf958040a7a521f98797269696,,,1,1,StimulusOnsetObserved,Visual,2026-10-08T11:00:40.2482766Z,377.473479,353.998773,16375,5,0,OperatingSource,0,0,1,42,Left,-1,,,,,1,0,0.000000,TaskSwitchPedal,0,0.500000,0.200000,,0.100000,5.000000,10.000000,-850657224,357.393255,357.385082,357.393255,377.465306,377.473479,0.008173,,1,0,5,0,OperatingSource,Place,Place.PlacementLowering,Place,Place.PlacementLowering,1,"{""pedalAxisName"":""TaskSwitchPedal"",""usePlusMinusKeys"":true,""positivePedalKey"":61,""negativePedalKey"":45,""invertPedalAxis"":false,""pressThreshold"":0.5,""releaseThreshold"":0.20000000298023225,""minimumIntervalSeconds"":5.0,""maximumIntervalSeconds"":10.0,""minimumValidReactionSeconds"":0.10000000149011612,""randomSeed"":-850657224}",,0,0.000000,,CorrectSidePress,0,0,0,,,,,,,0.000000,0,0,Axis,0,1
20261008T105422765Z_782187cf958040a7a521f98797269696,,,1,1,PedalPressed,Visual,2026-10-08T11:00:40.8826217Z,378.106763,354.633379,16396,5,0,OperatingSource,0,0,1,42,Left,-1,-1,Correct,1,0.633284,1,0,-1.000000,TaskSwitchPedal,0,0.500000,0.200000,,0.100000,5.000000,10.000000,-850657224,358.026539,357.385082,357.393255,377.465306,377.473479,0.008173,378.106763,1,0,5,0,OperatingSource,Place,Place.PlacementLowering,Place,Place.PlacementLowering,1,"{""pedalAxisName"":""TaskSwitchPedal"",""usePlusMinusKeys"":true,""positivePedalKey"":61,""negativePedalKey"":45,""invertPedalAxis"":false,""pressThreshold"":0.5,""releaseThreshold"":0.20000000298023225,""minimumIntervalSeconds"":5.0,""maximumIntervalSeconds"":10.0,""minimumValidReactionSeconds"":0.10000000149011612,""randomSeed"":-850657224}",,0,0.000000,0.633284,CorrectSidePress,1,0,0,-1,Correct,1,0.633284,378.106763,0.633284,0.000000,0,1,PlusMinusKeys,0,1
20261008T105422765Z_782187cf958040a7a521f98797269696,,,1,1,TrialFinished,Visual,2026-10-08T11:00:40.8826217Z,378.106763,354.633379,16396,5,0,OperatingSource,0,0,1,42,Left,-1,-1,Correct,1,0.633284,1,0,-1.000000,TaskSwitchPedal,0,0.500000,0.200000,,0.100000,5.000000,10.000000,-850657224,358.026539,357.385082,357.393255,377.465306,377.473479,0.008173,378.106763,0,0,5,0,OperatingSource,Place,Place.PlacementLowering,Place,Place.PlacementLowering,1,"{""pedalAxisName"":""TaskSwitchPedal"",""usePlusMinusKeys"":true,""positivePedalKey"":61,""negativePedalKey"":45,""invertPedalAxis"":false,""pressThreshold"":0.5,""releaseThreshold"":0.20000000298023225,""minimumIntervalSeconds"":5.0,""maximumIntervalSeconds"":10.0,""minimumValidReactionSeconds"":0.10000000149011612,""randomSeed"":-850657224}",,0,0.000000,0.633284,CorrectSidePress,1,0,0,-1,Correct,1,0.633284,378.106763,0.633284,0.000000,0,1,PlusMinusKeys,0,1
20261008T105422765Z_782187cf958040a7a521f98797269696,,,1,1,StimulusScheduled,Visual,2026-10-08T11:00:40.8826217Z,378.107229,354.633379,16396,5,0,OperatingSource,0,0,1,43,Left,-1,,,,,0,0,-1.000000,TaskSwitchPedal,0,0.500000,0.200000,,0.100000,5.000000,10.000000,-850657224,358.027006,367.545875,,387.626099,,,,0,0,,,,,,Place,Place.PlacementLowering,1,"{""pedalAxisName"":""TaskSwitchPedal"",""usePlusMinusKeys"":true,""positivePedalKey"":61,""negativePedalKey"":45,""invertPedalAxis"":false,""pressThreshold"":0.5,""releaseThreshold"":0.20000000298023225,""minimumIntervalSeconds"":5.0,""maximumIntervalSeconds"":10.0,""minimumValidReactionSeconds"":0.10000000149011612,""randomSeed"":-850657224}",,0,0.000000,,CorrectSidePress,0,0,0,,,,,,,0.000000,0,1,PlusMinusKeys,0,1
20261008T105422765Z_782187cf958040a7a521f98797269696,,,1,1,PedalPressed,Visual,2026-10-08T11:00:45.4950928Z,382.719445,359.246364,16567,6,0,WaitingForOperatorSwitch,0,0,1,,,,1,FalseAlarm,,,0,0,1.000000,TaskSwitchPedal,0,0.500000,0.200000,,0.100000,5.000000,10.000000,-850657224,362.639221,,,,,,382.719445,0,0,,,,,,Place,Place.PostPlacementRaising,1,"{""pedalAxisName"":""TaskSwitchPedal"",""usePlusMinusKeys"":true,""positivePedalKey"":61,""negativePedalKey"":45,""invertPedalAxis"":false,""pressThreshold"":0.5,""releaseThreshold"":0.20000000298023225,""minimumIntervalSeconds"":5.0,""maximumIntervalSeconds"":10.0,""minimumValidReactionSeconds"":0.10000000149011612,""randomSeed"":-850657224}",,0,0.000000,,CorrectSidePress,,,,,,,,,,0.000000,1,0,PlusMinusKeys,0,1
20261008T105422765Z_782187cf958040a7a521f98797269696,,,1,1,StimulusOnsetObserved,Visual,2026-10-08T11:00:50.4142870Z,387.638226,364.165038,16787,6,1,OperatingTarget,0,0,1,43,Left,-1,,,,,1,0,0.000000,TaskSwitchPedal,0,0.500000,0.200000,,0.100000,5.000000,10.000000,-850657224,367.558002,367.545875,367.558002,387.626099,387.638226,0.012127,,1,0,6,1,OperatingTarget,Move2,Move2.DestinationCoarseMove,Move2,Move2.DestinationCoarseMove,1,"{""pedalAxisName"":""TaskSwitchPedal"",""usePlusMinusKeys"":true,""positivePedalKey"":61,""negativePedalKey"":45,""invertPedalAxis"":false,""pressThreshold"":0.5,""releaseThreshold"":0.20000000298023225,""minimumIntervalSeconds"":5.0,""maximumIntervalSeconds"":10.0,""minimumValidReactionSeconds"":0.10000000149011612,""randomSeed"":-850657224}",,0,0.000000,,CorrectSidePress,0,0,0,,,,,,,0.000000,0,0,Axis,0,1
20261008T105422765Z_782187cf958040a7a521f98797269696,,,1,1,PedalPressed,Visual,2026-10-08T11:00:51.0704666Z,388.295005,364.821347,16814,6,1,OperatingTarget,0,0,1,43,Left,-1,-1,Correct,1,0.656778,1,0,-1.000000,TaskSwitchPedal,0,0.500000,0.200000,,0.100000,5.000000,10.000000,-850657224,368.214781,367.545875,367.558002,387.626099,387.638226,0.012127,388.295005,1,0,6,1,OperatingTarget,Move2,Move2.DestinationCoarseMove,Move2,Move2.DestinationCoarseMove,1,"{""pedalAxisName"":""TaskSwitchPedal"",""usePlusMinusKeys"":true,""positivePedalKey"":61,""negativePedalKey"":45,""invertPedalAxis"":false,""pressThreshold"":0.5,""releaseThreshold"":0.20000000298023225,""minimumIntervalSeconds"":5.0,""maximumIntervalSeconds"":10.0,""minimumValidReactionSeconds"":0.10000000149011612,""randomSeed"":-850657224}",,0,0.000000,0.656779,CorrectSidePress,1,0,0,-1,Correct,1,0.656778,388.295005,0.656779,0.000000,0,1,PlusMinusKeys,0,1
20261008T105422765Z_782187cf958040a7a521f98797269696,,,1,1,TrialFinished,Visual,2026-10-08T11:00:51.0714622Z,388.295005,364.821347,16814,6,1,OperatingTarget,0,0,1,43,Left,-1,-1,Correct,1,0.656778,1,0,-1.000000,TaskSwitchPedal,0,0.500000,0.200000,,0.100000,5.000000,10.000000,-850657224,368.214781,367.545875,367.558002,387.626099,387.638226,0.012127,388.295005,0,0,6,1,OperatingTarget,Move2,Move2.DestinationCoarseMove,Move2,Move2.DestinationCoarseMove,1,"{""pedalAxisName"":""TaskSwitchPedal"",""usePlusMinusKeys"":true,""positivePedalKey"":61,""negativePedalKey"":45,""invertPedalAxis"":false,""pressThreshold"":0.5,""releaseThreshold"":0.20000000298023225,""minimumIntervalSeconds"":5.0,""maximumIntervalSeconds"":10.0,""minimumValidReactionSeconds"":0.10000000149011612,""randomSeed"":-850657224}",,0,0.000000,0.656779,CorrectSidePress,1,0,0,-1,Correct,1,0.656778,388.295005,0.656779,0.000000,0,1,PlusMinusKeys,0,1
20261008T105422765Z_782187cf958040a7a521f98797269696,,,1,1,StimulusScheduled,Visual,2026-10-08T11:00:51.0719719Z,388.295948,364.821347,16814,6,1,OperatingTarget,0,0,1,44,Left,-1,,,,,0,0,-1.000000,TaskSwitchPedal,0,0.500000,0.200000,,0.100000,5.000000,10.000000,-850657224,368.215725,373.803186,,393.883410,,,,0,0,,,,,,Move2,Move2.DestinationCoarseMove,1,"{""pedalAxisName"":""TaskSwitchPedal"",""usePlusMinusKeys"":true,""positivePedalKey"":61,""negativePedalKey"":45,""invertPedalAxis"":false,""pressThreshold"":0.5,""releaseThreshold"":0.20000000298023225,""minimumIntervalSeconds"":5.0,""maximumIntervalSeconds"":10.0,""minimumValidReactionSeconds"":0.10000000149011612,""randomSeed"":-850657224}",,0,0.000000,,CorrectSidePress,0,0,0,,,,,,,0.000000,0,1,PlusMinusKeys,0,1
20261008T105422765Z_782187cf958040a7a521f98797269696,,,1,1,StimulusOnsetObserved,Visual,2026-10-08T11:00:56.7194926Z,393.944003,370.468604,17017,6,1,OperatingTarget,0,0,1,44,Left,-1,,,,,1,0,0.000000,TaskSwitchPedal,0,0.500000,0.200000,,0.100000,5.000000,10.000000,-850657224,373.863779,373.803186,373.863779,393.883410,393.944003,0.060593,,1,0,6,1,OperatingTarget,Move2,,Move2,,1,"{""pedalAxisName"":""TaskSwitchPedal"",""usePlusMinusKeys"":true,""positivePedalKey"":61,""negativePedalKey"":45,""invertPedalAxis"":false,""pressThreshold"":0.5,""releaseThreshold"":0.20000000298023225,""minimumIntervalSeconds"":5.0,""maximumIntervalSeconds"":10.0,""minimumValidReactionSeconds"":0.10000000149011612,""randomSeed"":-850657224}",,0,0.000000,,CorrectSidePress,0,0,0,,,,,,,0.000000,0,0,Axis,0,1
20261008T105422765Z_782187cf958040a7a521f98797269696,,,1,1,PedalPressed,Visual,2026-10-08T11:00:57.5744992Z,394.798857,371.322188,17044,6,1,OperatingTarget,0,0,1,44,Left,-1,-1,Correct,1,0.854855,1,0,-1.000000,TaskSwitchPedal,0,0.500000,0.200000,,0.100000,5.000000,10.000000,-850657224,374.718634,373.803186,373.863779,393.883410,393.944003,0.060593,394.798857,1,0,6,1,OperatingTarget,Move2,,Place,Place.PlacementLowering,1,"{""pedalAxisName"":""TaskSwitchPedal"",""usePlusMinusKeys"":true,""positivePedalKey"":61,""negativePedalKey"":45,""invertPedalAxis"":false,""pressThreshold"":0.5,""releaseThreshold"":0.20000000298023225,""minimumIntervalSeconds"":5.0,""maximumIntervalSeconds"":10.0,""minimumValidReactionSeconds"":0.10000000149011612,""randomSeed"":-850657224}",,0,0.000000,0.854854,CorrectSidePress,1,0,0,-1,Correct,1,0.854855,394.798857,0.854854,0.000000,0,1,PlusMinusKeys,0,1
20261008T105422765Z_782187cf958040a7a521f98797269696,,,1,1,TrialFinished,Visual,2026-10-08T11:00:57.5744992Z,394.798857,371.322188,17044,6,1,OperatingTarget,0,0,1,44,Left,-1,-1,Correct,1,0.854855,1,0,-1.000000,TaskSwitchPedal,0,0.500000,0.200000,,0.100000,5.000000,10.000000,-850657224,374.718634,373.803186,373.863779,393.883410,393.944003,0.060593,394.798857,0,0,6,1,OperatingTarget,Move2,,Place,Place.PlacementLowering,1,"{""pedalAxisName"":""TaskSwitchPedal"",""usePlusMinusKeys"":true,""positivePedalKey"":61,""negativePedalKey"":45,""invertPedalAxis"":false,""pressThreshold"":0.5,""releaseThreshold"":0.20000000298023225,""minimumIntervalSeconds"":5.0,""maximumIntervalSeconds"":10.0,""minimumValidReactionSeconds"":0.10000000149011612,""randomSeed"":-850657224}",,0,0.000000,0.854854,CorrectSidePress,1,0,0,-1,Correct,1,0.854855,394.798857,0.854854,0.000000,0,1,PlusMinusKeys,0,1
20261008T105422765Z_782187cf958040a7a521f98797269696,,,1,1,StimulusScheduled,Visual,2026-10-08T11:00:57.5744992Z,394.799187,371.322188,17044,6,1,OperatingTarget,0,0,1,45,Right,1,,,,,0,0,-1.000000,TaskSwitchPedal,0,0.500000,0.200000,,0.100000,5.000000,10.000000,-850657224,374.718963,382.091149,,402.171372,,,,0,0,,,,,,Place,Place.PlacementLowering,1,"{""pedalAxisName"":""TaskSwitchPedal"",""usePlusMinusKeys"":true,""positivePedalKey"":61,""negativePedalKey"":45,""invertPedalAxis"":false,""pressThreshold"":0.5,""releaseThreshold"":0.20000000298023225,""minimumIntervalSeconds"":5.0,""maximumIntervalSeconds"":10.0,""minimumValidReactionSeconds"":0.10000000149011612,""randomSeed"":-850657224}",,0,0.000000,,CorrectSidePress,0,0,0,,,,,,,0.000000,0,1,PlusMinusKeys,0,1
20261008T105422765Z_782187cf958040a7a521f98797269696,,,1,1,StimulusOnsetObserved,Visual,2026-10-08T11:01:04.9606756Z,402.185920,378.712574,17299,6,1,OperatingTarget,0,0,1,45,Right,1,,,,,1,0,0.000000,TaskSwitchPedal,0,0.500000,0.200000,,0.100000,5.000000,10.000000,-850657224,382.105697,382.091149,382.105697,402.171372,402.185920,0.014548,,0,1,6,1,OperatingTarget,Place,Place.PlacementLowering,Place,Place.PlacementLowering,1,"{""pedalAxisName"":""TaskSwitchPedal"",""usePlusMinusKeys"":true,""positivePedalKey"":61,""negativePedalKey"":45,""invertPedalAxis"":false,""pressThreshold"":0.5,""releaseThreshold"":0.20000000298023225,""minimumIntervalSeconds"":5.0,""maximumIntervalSeconds"":10.0,""minimumValidReactionSeconds"":0.10000000149011612,""randomSeed"":-850657224}",,0,0.000000,,CorrectSidePress,0,0,0,,,,,,,0.000000,0,0,Axis,0,1
20261008T105422765Z_782187cf958040a7a521f98797269696,,,1,1,PedalPressed,Visual,2026-10-08T11:01:05.6742910Z,402.898674,379.420815,17320,6,1,OperatingTarget,0,0,1,45,Right,1,1,Correct,1,0.712753,1,0,1.000000,TaskSwitchPedal,0,0.500000,0.200000,,0.100000,5.000000,10.000000,-850657224,382.818450,382.091149,382.105697,402.171372,402.185920,0.014548,402.898674,0,1,6,1,OperatingTarget,Place,Place.PlacementLowering,Place,Place.LoadRelease,1,"{""pedalAxisName"":""TaskSwitchPedal"",""usePlusMinusKeys"":true,""positivePedalKey"":61,""negativePedalKey"":45,""invertPedalAxis"":false,""pressThreshold"":0.5,""releaseThreshold"":0.20000000298023225,""minimumIntervalSeconds"":5.0,""maximumIntervalSeconds"":10.0,""minimumValidReactionSeconds"":0.10000000149011612,""randomSeed"":-850657224}",,0,0.000000,0.712753,CorrectSidePress,1,0,0,1,Correct,1,0.712753,402.898674,0.712753,0.000000,1,0,PlusMinusKeys,0,1
20261008T105422765Z_782187cf958040a7a521f98797269696,,,1,1,TrialFinished,Visual,2026-10-08T11:01:05.6742910Z,402.898674,379.420815,17320,6,1,OperatingTarget,0,0,1,45,Right,1,1,Correct,1,0.712753,1,0,1.000000,TaskSwitchPedal,0,0.500000,0.200000,,0.100000,5.000000,10.000000,-850657224,382.818450,382.091149,382.105697,402.171372,402.185920,0.014548,402.898674,0,0,6,1,OperatingTarget,Place,Place.PlacementLowering,Place,Place.LoadRelease,1,"{""pedalAxisName"":""TaskSwitchPedal"",""usePlusMinusKeys"":true,""positivePedalKey"":61,""negativePedalKey"":45,""invertPedalAxis"":false,""pressThreshold"":0.5,""releaseThreshold"":0.20000000298023225,""minimumIntervalSeconds"":5.0,""maximumIntervalSeconds"":10.0,""minimumValidReactionSeconds"":0.10000000149011612,""randomSeed"":-850657224}",,0,0.000000,0.712753,CorrectSidePress,1,0,0,1,Correct,1,0.712753,402.898674,0.712753,0.000000,1,0,PlusMinusKeys,0,1
20261008T105422765Z_782187cf958040a7a521f98797269696,,,1,1,StimulusScheduled,Visual,2026-10-08T11:01:05.6742910Z,402.898928,379.420815,17320,6,1,OperatingTarget,0,0,1,46,Right,1,,,,,0,0,1.000000,TaskSwitchPedal,0,0.500000,0.200000,,0.100000,5.000000,10.000000,-850657224,382.818705,388.305661,,408.385885,,,,0,0,,,,,,Place,Place.LoadRelease,1,"{""pedalAxisName"":""TaskSwitchPedal"",""usePlusMinusKeys"":true,""positivePedalKey"":61,""negativePedalKey"":45,""invertPedalAxis"":false,""pressThreshold"":0.5,""releaseThreshold"":0.20000000298023225,""minimumIntervalSeconds"":5.0,""maximumIntervalSeconds"":10.0,""minimumValidReactionSeconds"":0.10000000149011612,""randomSeed"":-850657224}",,0,0.000000,,CorrectSidePress,0,0,0,,,,,,,0.000000,1,0,PlusMinusKeys,0,1
20261008T105422765Z_782187cf958040a7a521f98797269696,,,1,1,StimulusOnsetObserved,Visual,2026-10-08T11:01:11.1692529Z,408.393471,384.920117,17545,6,1,OperatingTarget,0,0,1,46,Right,1,,,,,1,0,0.000000,TaskSwitchPedal,0,0.500000,0.200000,,0.100000,5.000000,10.000000,-850657224,388.313247,388.305661,388.313247,408.385885,408.393471,0.007586,,0,1,6,1,OperatingTarget,Place,Place.PostPlacementRaising,Place,Place.PostPlacementRaising,1,"{""pedalAxisName"":""TaskSwitchPedal"",""usePlusMinusKeys"":true,""positivePedalKey"":61,""negativePedalKey"":45,""invertPedalAxis"":false,""pressThreshold"":0.5,""releaseThreshold"":0.20000000298023225,""minimumIntervalSeconds"":5.0,""maximumIntervalSeconds"":10.0,""minimumValidReactionSeconds"":0.10000000149011612,""randomSeed"":-850657224}",,0,0.000000,,CorrectSidePress,0,0,0,,,,,,,0.000000,0,0,Axis,0,1
20261008T105422765Z_782187cf958040a7a521f98797269696,,,1,1,PedalPressed,Visual,2026-10-08T11:01:11.8230626Z,409.048257,385.575685,17574,6,1,OperatingTarget,0,0,1,46,Right,1,1,Correct,1,0.654785,1,0,1.000000,TaskSwitchPedal,0,0.500000,0.200000,,0.100000,5.000000,10.000000,-850657224,388.968033,388.305661,388.313247,408.385885,408.393471,0.007586,409.048257,0,1,6,1,OperatingTarget,Place,Place.PostPlacementRaising,Place,Place.PostPlacementRaising,1,"{""pedalAxisName"":""TaskSwitchPedal"",""usePlusMinusKeys"":true,""positivePedalKey"":61,""negativePedalKey"":45,""invertPedalAxis"":false,""pressThreshold"":0.5,""releaseThreshold"":0.20000000298023225,""minimumIntervalSeconds"":5.0,""maximumIntervalSeconds"":10.0,""minimumValidReactionSeconds"":0.10000000149011612,""randomSeed"":-850657224}",,0,0.000000,0.654786,CorrectSidePress,1,0,0,1,Correct,1,0.654785,409.048257,0.654786,0.000000,1,0,PlusMinusKeys,0,1
20261008T105422765Z_782187cf958040a7a521f98797269696,,,1,1,TrialFinished,Visual,2026-10-08T11:01:11.8243516Z,409.048257,385.575685,17574,6,1,OperatingTarget,0,0,1,46,Right,1,1,Correct,1,0.654785,1,0,1.000000,TaskSwitchPedal,0,0.500000,0.200000,,0.100000,5.000000,10.000000,-850657224,388.968033,388.305661,388.313247,408.385885,408.393471,0.007586,409.048257,0,0,6,1,OperatingTarget,Place,Place.PostPlacementRaising,Place,Place.PostPlacementRaising,1,"{""pedalAxisName"":""TaskSwitchPedal"",""usePlusMinusKeys"":true,""positivePedalKey"":61,""negativePedalKey"":45,""invertPedalAxis"":false,""pressThreshold"":0.5,""releaseThreshold"":0.20000000298023225,""minimumIntervalSeconds"":5.0,""maximumIntervalSeconds"":10.0,""minimumValidReactionSeconds"":0.10000000149011612,""randomSeed"":-850657224}",,0,0.000000,0.654786,CorrectSidePress,1,0,0,1,Correct,1,0.654785,409.048257,0.654786,0.000000,1,0,PlusMinusKeys,0,1
20261008T105422765Z_782187cf958040a7a521f98797269696,,,1,1,StimulusScheduled,Visual,2026-10-08T11:01:11.8243516Z,409.048656,385.575685,17574,6,1,OperatingTarget,0,0,1,47,Left,-1,,,,,0,0,1.000000,TaskSwitchPedal,0,0.500000,0.200000,,0.100000,5.000000,10.000000,-850657224,388.968433,396.503001,,416.583224,,,,0,0,,,,,,Place,Place.PostPlacementRaising,1,"{""pedalAxisName"":""TaskSwitchPedal"",""usePlusMinusKeys"":true,""positivePedalKey"":61,""negativePedalKey"":45,""invertPedalAxis"":false,""pressThreshold"":0.5,""releaseThreshold"":0.20000000298023225,""minimumIntervalSeconds"":5.0,""maximumIntervalSeconds"":10.0,""minimumValidReactionSeconds"":0.10000000149011612,""randomSeed"":-850657224}",,0,0.000000,,CorrectSidePress,0,0,0,,,,,,,0.000000,1,0,PlusMinusKeys,0,1
20261008T105422765Z_782187cf958040a7a521f98797269696,,,1,1,StimulusOnsetObserved,Visual,2026-10-08T11:01:19.3725151Z,416.596731,393.123172,17918,6,0,OperatingSource,0,0,1,47,Left,-1,,,,,1,0,0.000000,TaskSwitchPedal,0,0.500000,0.200000,,0.100000,5.000000,10.000000,-850657224,396.516507,396.503001,396.516507,416.583224,416.596731,0.013507,,1,0,6,0,OperatingSource,Move1,Move1.PickupCoarseMove,Move1,Move1.PickupCoarseMove,1,"{""pedalAxisName"":""TaskSwitchPedal"",""usePlusMinusKeys"":true,""positivePedalKey"":61,""negativePedalKey"":45,""invertPedalAxis"":false,""pressThreshold"":0.5,""releaseThreshold"":0.20000000298023225,""minimumIntervalSeconds"":5.0,""maximumIntervalSeconds"":10.0,""minimumValidReactionSeconds"":0.10000000149011612,""randomSeed"":-850657224}",,0,0.000000,,CorrectSidePress,0,0,0,,,,,,,0.000000,0,0,Axis,0,1
20261008T105422765Z_782187cf958040a7a521f98797269696,,,1,1,PedalPressed,Visual,2026-10-08T11:01:26.2066553Z,423.431527,399.958181,18233,6,0,OperatingSource,0,0,1,47,Left,-1,-1,Correct,1,6.834796,1,0,-1.000000,TaskSwitchPedal,0,0.500000,0.200000,,0.100000,5.000000,10.000000,-850657224,403.351303,396.503001,396.516507,416.583224,416.596731,0.013507,423.431527,1,0,6,0,OperatingSource,Move1,Move1.PickupCoarseMove,Move1,Move1.PickupCoarseMove,1,"{""pedalAxisName"":""TaskSwitchPedal"",""usePlusMinusKeys"":true,""positivePedalKey"":61,""negativePedalKey"":45,""invertPedalAxis"":false,""pressThreshold"":0.5,""releaseThreshold"":0.20000000298023225,""minimumIntervalSeconds"":5.0,""maximumIntervalSeconds"":10.0,""minimumValidReactionSeconds"":0.10000000149011612,""randomSeed"":-850657224}",,0,0.000000,6.834796,CorrectSidePress,1,0,0,-1,Correct,1,6.834796,423.431527,6.834796,0.000000,0,1,PlusMinusKeys,0,1
20261008T105422765Z_782187cf958040a7a521f98797269696,,,1,1,TrialFinished,Visual,2026-10-08T11:01:26.2066553Z,423.431527,399.958181,18233,6,0,OperatingSource,0,0,1,47,Left,-1,-1,Correct,1,6.834796,1,0,-1.000000,TaskSwitchPedal,0,0.500000,0.200000,,0.100000,5.000000,10.000000,-850657224,403.351303,396.503001,396.516507,416.583224,416.596731,0.013507,423.431527,0,0,6,0,OperatingSource,Move1,Move1.PickupCoarseMove,Move1,Move1.PickupCoarseMove,1,"{""pedalAxisName"":""TaskSwitchPedal"",""usePlusMinusKeys"":true,""positivePedalKey"":61,""negativePedalKey"":45,""invertPedalAxis"":false,""pressThreshold"":0.5,""releaseThreshold"":0.20000000298023225,""minimumIntervalSeconds"":5.0,""maximumIntervalSeconds"":10.0,""minimumValidReactionSeconds"":0.10000000149011612,""randomSeed"":-850657224}",,0,0.000000,6.834796,CorrectSidePress,1,0,0,-1,Correct,1,6.834796,423.431527,6.834796,0.000000,0,1,PlusMinusKeys,0,1
20261008T105422765Z_782187cf958040a7a521f98797269696,,,1,1,StimulusScheduled,Visual,2026-10-08T11:01:26.2066553Z,423.431905,399.958181,18233,6,0,OperatingSource,0,0,1,48,Right,1,,,,,0,0,-1.000000,TaskSwitchPedal,0,0.500000,0.200000,,0.100000,5.000000,10.000000,-850657224,403.351681,408.581723,,428.661947,,,,0,0,,,,,,Move1,Move1.PickupCoarseMove,1,"{""pedalAxisName"":""TaskSwitchPedal"",""usePlusMinusKeys"":true,""positivePedalKey"":61,""negativePedalKey"":45,""invertPedalAxis"":false,""pressThreshold"":0.5,""releaseThreshold"":0.20000000298023225,""minimumIntervalSeconds"":5.0,""maximumIntervalSeconds"":10.0,""minimumValidReactionSeconds"":0.10000000149011612,""randomSeed"":-850657224}",,0,0.000000,,CorrectSidePress,0,0,0,,,,,,,0.000000,0,1,PlusMinusKeys,0,1
20261008T105422765Z_782187cf958040a7a521f98797269696,,,1,1,StimulusOnsetObserved,Visual,2026-10-08T11:01:31.4398941Z,428.664346,405.191680,18475,6,0,OperatingSource,0,0,1,48,Right,1,,,,,1,0,0.000000,TaskSwitchPedal,0,0.500000,0.200000,,0.100000,5.000000,10.000000,-850657224,408.584122,408.581723,408.584122,428.661947,428.664346,0.002399,,0,1,6,0,OperatingSource,Move1,Move1.PickupCoarseMove,Move1,Move1.PickupCoarseMove,1,"{""pedalAxisName"":""TaskSwitchPedal"",""usePlusMinusKeys"":true,""positivePedalKey"":61,""negativePedalKey"":45,""invertPedalAxis"":false,""pressThreshold"":0.5,""releaseThreshold"":0.20000000298023225,""minimumIntervalSeconds"":5.0,""maximumIntervalSeconds"":10.0,""minimumValidReactionSeconds"":0.10000000149011612,""randomSeed"":-850657224}",,0,0.000000,,CorrectSidePress,0,0,0,,,,,,,0.000000,0,0,Axis,0,1
20261008T105422765Z_782187cf958040a7a521f98797269696,,,1,1,PedalPressed,Visual,2026-10-08T11:01:32.1106488Z,429.334965,405.862283,18505,6,0,OperatingSource,0,0,1,48,Right,1,1,Correct,1,0.670618,1,0,1.000000,TaskSwitchPedal,0,0.500000,0.200000,,0.100000,5.000000,10.000000,-850657224,409.254741,408.581723,408.584122,428.661947,428.664346,0.002399,429.334965,0,1,6,0,OperatingSource,Move1,Move1.PickupCoarseMove,Move1,Move1.PickupCoarseMove,1,"{""pedalAxisName"":""TaskSwitchPedal"",""usePlusMinusKeys"":true,""positivePedalKey"":61,""negativePedalKey"":45,""invertPedalAxis"":false,""pressThreshold"":0.5,""releaseThreshold"":0.20000000298023225,""minimumIntervalSeconds"":5.0,""maximumIntervalSeconds"":10.0,""minimumValidReactionSeconds"":0.10000000149011612,""randomSeed"":-850657224}",,0,0.000000,0.670619,CorrectSidePress,1,0,0,1,Correct,1,0.670618,429.334965,0.670619,0.000000,1,0,PlusMinusKeys,0,1
20261008T105422765Z_782187cf958040a7a521f98797269696,,,1,1,TrialFinished,Visual,2026-10-08T11:01:32.1106488Z,429.334965,405.862283,18505,6,0,OperatingSource,0,0,1,48,Right,1,1,Correct,1,0.670618,1,0,1.000000,TaskSwitchPedal,0,0.500000,0.200000,,0.100000,5.000000,10.000000,-850657224,409.254741,408.581723,408.584122,428.661947,428.664346,0.002399,429.334965,0,0,6,0,OperatingSource,Move1,Move1.PickupCoarseMove,Move1,Move1.PickupCoarseMove,1,"{""pedalAxisName"":""TaskSwitchPedal"",""usePlusMinusKeys"":true,""positivePedalKey"":61,""negativePedalKey"":45,""invertPedalAxis"":false,""pressThreshold"":0.5,""releaseThreshold"":0.20000000298023225,""minimumIntervalSeconds"":5.0,""maximumIntervalSeconds"":10.0,""minimumValidReactionSeconds"":0.10000000149011612,""randomSeed"":-850657224}",,0,0.000000,0.670619,CorrectSidePress,1,0,0,1,Correct,1,0.670618,429.334965,0.670619,0.000000,1,0,PlusMinusKeys,0,1
20261008T105422765Z_782187cf958040a7a521f98797269696,,,1,1,StimulusScheduled,Visual,2026-10-08T11:01:32.1106488Z,429.335386,405.862283,18505,6,0,OperatingSource,0,0,1,49,Left,-1,,,,,0,0,1.000000,TaskSwitchPedal,0,0.500000,0.200000,,0.100000,5.000000,10.000000,-850657224,409.255163,415.581175,,435.661399,,,,0,0,,,,,,Move1,Move1.PickupCoarseMove,1,"{""pedalAxisName"":""TaskSwitchPedal"",""usePlusMinusKeys"":true,""positivePedalKey"":61,""negativePedalKey"":45,""invertPedalAxis"":false,""pressThreshold"":0.5,""releaseThreshold"":0.20000000298023225,""minimumIntervalSeconds"":5.0,""maximumIntervalSeconds"":10.0,""minimumValidReactionSeconds"":0.10000000149011612,""randomSeed"":-850657224}",,0,0.000000,,CorrectSidePress,0,0,0,,,,,,,0.000000,1,0,PlusMinusKeys,0,1
20261008T105422765Z_782187cf958040a7a521f98797269696,,,1,1,StimulusOnsetObserved,Visual,2026-10-08T11:01:38.4841440Z,435.709065,412.233466,18740,6,0,OperatingSource,0,0,1,49,Left,-1,,,,,1,0,0.000000,TaskSwitchPedal,0,0.500000,0.200000,,0.100000,5.000000,10.000000,-850657224,415.628842,415.581175,415.628842,435.661399,435.709065,0.047666,,1,0,6,0,OperatingSource,LiftUp,LiftUp.PickupLowering,LiftUp,LiftUp.PickupLowering,1,"{""pedalAxisName"":""TaskSwitchPedal"",""usePlusMinusKeys"":true,""positivePedalKey"":61,""negativePedalKey"":45,""invertPedalAxis"":false,""pressThreshold"":0.5,""releaseThreshold"":0.20000000298023225,""minimumIntervalSeconds"":5.0,""maximumIntervalSeconds"":10.0,""minimumValidReactionSeconds"":0.10000000149011612,""randomSeed"":-850657224}",,0,0.000000,,CorrectSidePress,0,0,0,,,,,,,0.000000,0,0,Axis,0,1
20261008T105422765Z_782187cf958040a7a521f98797269696,,,1,1,PedalPressed,Visual,2026-10-08T11:01:39.1684348Z,436.393200,412.919587,18763,6,0,OperatingSource,0,0,1,49,Left,-1,-1,Correct,1,0.684134,1,0,-1.000000,TaskSwitchPedal,0,0.500000,0.200000,,0.100000,5.000000,10.000000,-850657224,416.312976,415.581175,415.628842,435.661399,435.709065,0.047666,436.393200,1,0,6,0,OperatingSource,LiftUp,LiftUp.PickupLowering,LiftUp,LiftUp.LoadAcquisition,1,"{""pedalAxisName"":""TaskSwitchPedal"",""usePlusMinusKeys"":true,""positivePedalKey"":61,""negativePedalKey"":45,""invertPedalAxis"":false,""pressThreshold"":0.5,""releaseThreshold"":0.20000000298023225,""minimumIntervalSeconds"":5.0,""maximumIntervalSeconds"":10.0,""minimumValidReactionSeconds"":0.10000000149011612,""randomSeed"":-850657224}",,0,0.000000,0.684134,CorrectSidePress,1,0,0,-1,Correct,1,0.684134,436.393200,0.684134,0.000000,0,1,PlusMinusKeys,0,1
20261008T105422765Z_782187cf958040a7a521f98797269696,,,1,1,TrialFinished,Visual,2026-10-08T11:01:39.1684348Z,436.393200,412.919587,18763,6,0,OperatingSource,0,0,1,49,Left,-1,-1,Correct,1,0.684134,1,0,-1.000000,TaskSwitchPedal,0,0.500000,0.200000,,0.100000,5.000000,10.000000,-850657224,416.312976,415.581175,415.628842,435.661399,435.709065,0.047666,436.393200,0,0,6,0,OperatingSource,LiftUp,LiftUp.PickupLowering,LiftUp,LiftUp.LoadAcquisition,1,"{""pedalAxisName"":""TaskSwitchPedal"",""usePlusMinusKeys"":true,""positivePedalKey"":61,""negativePedalKey"":45,""invertPedalAxis"":false,""pressThreshold"":0.5,""releaseThreshold"":0.20000000298023225,""minimumIntervalSeconds"":5.0,""maximumIntervalSeconds"":10.0,""minimumValidReactionSeconds"":0.10000000149011612,""randomSeed"":-850657224}",,0,0.000000,0.684134,CorrectSidePress,1,0,0,-1,Correct,1,0.684134,436.393200,0.684134,0.000000,0,1,PlusMinusKeys,0,1
20261008T105422765Z_782187cf958040a7a521f98797269696,,,1,1,StimulusScheduled,Visual,2026-10-08T11:01:39.1684348Z,436.393572,412.919587,18763,6,0,OperatingSource,0,0,1,50,Right,1,,,,,0,0,-1.000000,TaskSwitchPedal,0,0.500000,0.200000,,0.100000,5.000000,10.000000,-850657224,416.313349,424.820135,,444.900358,,,,0,0,,,,,,LiftUp,LiftUp.LoadAcquisition,1,"{""pedalAxisName"":""TaskSwitchPedal"",""usePlusMinusKeys"":true,""positivePedalKey"":61,""negativePedalKey"":45,""invertPedalAxis"":false,""pressThreshold"":0.5,""releaseThreshold"":0.20000000298023225,""minimumIntervalSeconds"":5.0,""maximumIntervalSeconds"":10.0,""minimumValidReactionSeconds"":0.10000000149011612,""randomSeed"":-850657224}",,0,0.000000,,CorrectSidePress,0,0,0,,,,,,,0.000000,0,1,PlusMinusKeys,0,1
20261008T105422765Z_782187cf958040a7a521f98797269696,,,1,1,StimulusOnsetObserved,Visual,2026-10-08T11:01:47.6803535Z,444.905446,421.432652,19038,6,0,OperatingSource,0,0,1,50,Right,1,,,,,1,0,0.000000,TaskSwitchPedal,0,0.500000,0.200000,,0.100000,5.000000,10.000000,-850657224,424.825222,424.820135,424.825222,444.900358,444.905446,0.005088,,0,1,6,0,OperatingSource,LiftUp,LiftUp.LoadedRaising,LiftUp,LiftUp.LoadedRaising,1,"{""pedalAxisName"":""TaskSwitchPedal"",""usePlusMinusKeys"":true,""positivePedalKey"":61,""negativePedalKey"":45,""invertPedalAxis"":false,""pressThreshold"":0.5,""releaseThreshold"":0.20000000298023225,""minimumIntervalSeconds"":5.0,""maximumIntervalSeconds"":10.0,""minimumValidReactionSeconds"":0.10000000149011612,""randomSeed"":-850657224}",,0,0.000000,,CorrectSidePress,0,0,0,,,,,,,0.000000,0,0,Axis,0,1
20261008T105422765Z_782187cf958040a7a521f98797269696,,,1,1,PedalPressed,Visual,2026-10-08T11:01:48.3530448Z,445.578161,422.104891,19060,6,0,OperatingSource,0,0,1,50,Right,1,1,Correct,1,0.672715,1,0,1.000000,TaskSwitchPedal,0,0.500000,0.200000,,0.100000,5.000000,10.000000,-850657224,425.497938,424.820135,424.825222,444.900358,444.905446,0.005088,445.578161,0,1,6,0,OperatingSource,LiftUp,LiftUp.LoadedRaising,LiftUp,LiftUp.LoadedRaising,1,"{""pedalAxisName"":""TaskSwitchPedal"",""usePlusMinusKeys"":true,""positivePedalKey"":61,""negativePedalKey"":45,""invertPedalAxis"":false,""pressThreshold"":0.5,""releaseThreshold"":0.20000000298023225,""minimumIntervalSeconds"":5.0,""maximumIntervalSeconds"":10.0,""minimumValidReactionSeconds"":0.10000000149011612,""randomSeed"":-850657224}",,0,0.000000,0.672715,CorrectSidePress,1,0,0,1,Correct,1,0.672715,445.578161,0.672715,0.000000,1,0,PlusMinusKeys,0,1
20261008T105422765Z_782187cf958040a7a521f98797269696,,,1,1,TrialFinished,Visual,2026-10-08T11:01:48.3541336Z,445.578161,422.104891,19060,6,0,OperatingSource,0,0,1,50,Right,1,1,Correct,1,0.672715,1,0,1.000000,TaskSwitchPedal,0,0.500000,0.200000,,0.100000,5.000000,10.000000,-850657224,425.497938,424.820135,424.825222,444.900358,444.905446,0.005088,445.578161,0,0,6,0,OperatingSource,LiftUp,LiftUp.LoadedRaising,LiftUp,LiftUp.LoadedRaising,1,"{""pedalAxisName"":""TaskSwitchPedal"",""usePlusMinusKeys"":true,""positivePedalKey"":61,""negativePedalKey"":45,""invertPedalAxis"":false,""pressThreshold"":0.5,""releaseThreshold"":0.20000000298023225,""minimumIntervalSeconds"":5.0,""maximumIntervalSeconds"":10.0,""minimumValidReactionSeconds"":0.10000000149011612,""randomSeed"":-850657224}",,0,0.000000,0.672715,CorrectSidePress,1,0,0,1,Correct,1,0.672715,445.578161,0.672715,0.000000,1,0,PlusMinusKeys,0,1
20261008T105422765Z_782187cf958040a7a521f98797269696,,,1,1,StimulusScheduled,Visual,2026-10-08T11:01:48.3541336Z,445.578597,422.104891,19060,6,0,OperatingSource,0,0,1,51,Left,-1,,,,,0,0,1.000000,TaskSwitchPedal,0,0.500000,0.200000,,0.100000,5.000000,10.000000,-850657224,425.498374,432.826174,,452.906397,,,,0,0,,,,,,LiftUp,LiftUp.LoadedRaising,1,"{""pedalAxisName"":""TaskSwitchPedal"",""usePlusMinusKeys"":true,""positivePedalKey"":61,""negativePedalKey"":45,""invertPedalAxis"":false,""pressThreshold"":0.5,""releaseThreshold"":0.20000000298023225,""minimumIntervalSeconds"":5.0,""maximumIntervalSeconds"":10.0,""minimumValidReactionSeconds"":0.10000000149011612,""randomSeed"":-850657224}",,0,0.000000,,CorrectSidePress,0,0,0,,,,,,,0.000000,1,0,PlusMinusKeys,0,1
20261008T105422765Z_782187cf958040a7a521f98797269696,,,1,1,StimulusOnsetObserved,Visual,2026-10-08T11:01:55.7428775Z,452.968229,429.493720,19300,6,0,OperatingSource,0,0,1,51,Left,-1,,,,,1,0,0.000000,TaskSwitchPedal,0,0.500000,0.200000,,0.100000,5.000000,10.000000,-850657224,432.888005,432.826174,432.888005,452.906397,452.968229,0.061832,,1,0,6,0,OperatingSource,Move2,Move2.DestinationCoarseMove,Move2,Move2.DestinationCoarseMove,1,"{""pedalAxisName"":""TaskSwitchPedal"",""usePlusMinusKeys"":true,""positivePedalKey"":61,""negativePedalKey"":45,""invertPedalAxis"":false,""pressThreshold"":0.5,""releaseThreshold"":0.20000000298023225,""minimumIntervalSeconds"":5.0,""maximumIntervalSeconds"":10.0,""minimumValidReactionSeconds"":0.10000000149011612,""randomSeed"":-850657224}",,0,0.000000,,CorrectSidePress,0,0,0,,,,,,,0.000000,0,0,Axis,0,1
20261008T105422765Z_782187cf958040a7a521f98797269696,,,1,1,PedalPressed,Visual,2026-10-08T11:01:56.4928389Z,453.717432,430.243965,19325,6,0,OperatingSource,0,0,1,51,Left,-1,-1,Correct,1,0.749204,1,0,-1.000000,TaskSwitchPedal,0,0.500000,0.200000,,0.100000,5.000000,10.000000,-850657224,433.637209,432.826174,432.888005,452.906397,452.968229,0.061832,453.717432,1,0,6,0,OperatingSource,Move2,Move2.DestinationCoarseMove,Move2,Move2.DestinationCoarseMove,1,"{""pedalAxisName"":""TaskSwitchPedal"",""usePlusMinusKeys"":true,""positivePedalKey"":61,""negativePedalKey"":45,""invertPedalAxis"":false,""pressThreshold"":0.5,""releaseThreshold"":0.20000000298023225,""minimumIntervalSeconds"":5.0,""maximumIntervalSeconds"":10.0,""minimumValidReactionSeconds"":0.10000000149011612,""randomSeed"":-850657224}",,0,0.000000,0.749204,CorrectSidePress,1,0,0,-1,Correct,1,0.749204,453.717432,0.749204,0.000000,0,1,PlusMinusKeys,0,1
20261008T105422765Z_782187cf958040a7a521f98797269696,,,1,1,TrialFinished,Visual,2026-10-08T11:01:56.4928389Z,453.717432,430.243965,19325,6,0,OperatingSource,0,0,1,51,Left,-1,-1,Correct,1,0.749204,1,0,-1.000000,TaskSwitchPedal,0,0.500000,0.200000,,0.100000,5.000000,10.000000,-850657224,433.637209,432.826174,432.888005,452.906397,452.968229,0.061832,453.717432,0,0,6,0,OperatingSource,Move2,Move2.DestinationCoarseMove,Move2,Move2.DestinationCoarseMove,1,"{""pedalAxisName"":""TaskSwitchPedal"",""usePlusMinusKeys"":true,""positivePedalKey"":61,""negativePedalKey"":45,""invertPedalAxis"":false,""pressThreshold"":0.5,""releaseThreshold"":0.20000000298023225,""minimumIntervalSeconds"":5.0,""maximumIntervalSeconds"":10.0,""minimumValidReactionSeconds"":0.10000000149011612,""randomSeed"":-850657224}",,0,0.000000,0.749204,CorrectSidePress,1,0,0,-1,Correct,1,0.749204,453.717432,0.749204,0.000000,0,1,PlusMinusKeys,0,1
20261008T105422765Z_782187cf958040a7a521f98797269696,,,1,1,StimulusScheduled,Visual,2026-10-08T11:01:56.4928389Z,453.717833,430.243965,19325,6,0,OperatingSource,0,0,1,52,Left,-1,,,,,0,0,-1.000000,TaskSwitchPedal,0,0.500000,0.200000,,0.100000,5.000000,10.000000,-850657224,433.637610,442.336875,,462.417098,,,,0,0,,,,,,Move2,Move2.DestinationCoarseMove,1,"{""pedalAxisName"":""TaskSwitchPedal"",""usePlusMinusKeys"":true,""positivePedalKey"":61,""negativePedalKey"":45,""invertPedalAxis"":false,""pressThreshold"":0.5,""releaseThreshold"":0.20000000298023225,""minimumIntervalSeconds"":5.0,""maximumIntervalSeconds"":10.0,""minimumValidReactionSeconds"":0.10000000149011612,""randomSeed"":-850657224}",,0,0.000000,,CorrectSidePress,0,0,0,,,,,,,0.000000,0,1,PlusMinusKeys,0,1
20261008T105422765Z_782187cf958040a7a521f98797269696,,,1,1,StimulusOnsetObserved,Visual,2026-10-08T11:02:05.2491692Z,462.473848,438.998144,19607,6,0,OperatingSource,0,0,1,52,Left,-1,,,,,1,0,0.000000,TaskSwitchPedal,0,0.500000,0.200000,,0.100000,5.000000,10.000000,-850657224,442.393625,442.336875,442.393625,462.417098,462.473848,0.056750,,1,0,6,0,OperatingSource,Place,Place.PlacementLowering,Place,Place.PlacementLowering,1,"{""pedalAxisName"":""TaskSwitchPedal"",""usePlusMinusKeys"":true,""positivePedalKey"":61,""negativePedalKey"":45,""invertPedalAxis"":false,""pressThreshold"":0.5,""releaseThreshold"":0.20000000298023225,""minimumIntervalSeconds"":5.0,""maximumIntervalSeconds"":10.0,""minimumValidReactionSeconds"":0.10000000149011612,""randomSeed"":-850657224}",,0,0.000000,,CorrectSidePress,0,0,0,,,,,,,0.000000,0,0,Axis,0,1
20261008T105422765Z_782187cf958040a7a521f98797269696,,,1,1,PedalPressed,Visual,2026-10-08T11:02:05.7822630Z,463.007216,439.533597,19626,6,0,OperatingSource,0,0,1,52,Left,-1,-1,Correct,1,0.533368,1,0,-1.000000,TaskSwitchPedal,0,0.500000,0.200000,,0.100000,5.000000,10.000000,-850657224,442.926992,442.336875,442.393625,462.417098,462.473848,0.056750,463.007216,1,0,6,0,OperatingSource,Place,Place.PlacementLowering,Place,Place.PlacementLowering,1,"{""pedalAxisName"":""TaskSwitchPedal"",""usePlusMinusKeys"":true,""positivePedalKey"":61,""negativePedalKey"":45,""invertPedalAxis"":false,""pressThreshold"":0.5,""releaseThreshold"":0.20000000298023225,""minimumIntervalSeconds"":5.0,""maximumIntervalSeconds"":10.0,""minimumValidReactionSeconds"":0.10000000149011612,""randomSeed"":-850657224}",,0,0.000000,0.533367,CorrectSidePress,1,0,0,-1,Correct,1,0.533368,463.007216,0.533367,0.000000,0,1,PlusMinusKeys,0,1
20261008T105422765Z_782187cf958040a7a521f98797269696,,,1,1,TrialFinished,Visual,2026-10-08T11:02:05.7832649Z,463.007216,439.533597,19626,6,0,OperatingSource,0,0,1,52,Left,-1,-1,Correct,1,0.533368,1,0,-1.000000,TaskSwitchPedal,0,0.500000,0.200000,,0.100000,5.000000,10.000000,-850657224,442.926992,442.336875,442.393625,462.417098,462.473848,0.056750,463.007216,0,0,6,0,OperatingSource,Place,Place.PlacementLowering,Place,Place.PlacementLowering,1,"{""pedalAxisName"":""TaskSwitchPedal"",""usePlusMinusKeys"":true,""positivePedalKey"":61,""negativePedalKey"":45,""invertPedalAxis"":false,""pressThreshold"":0.5,""releaseThreshold"":0.20000000298023225,""minimumIntervalSeconds"":5.0,""maximumIntervalSeconds"":10.0,""minimumValidReactionSeconds"":0.10000000149011612,""randomSeed"":-850657224}",,0,0.000000,0.533367,CorrectSidePress,1,0,0,-1,Correct,1,0.533368,463.007216,0.533367,0.000000,0,1,PlusMinusKeys,0,1
20261008T105422765Z_782187cf958040a7a521f98797269696,,,1,1,StimulusScheduled,Visual,2026-10-08T11:02:05.7832649Z,463.007629,439.533597,19626,6,0,OperatingSource,0,0,1,53,Left,-1,,,,,0,0,-1.000000,TaskSwitchPedal,0,0.500000,0.200000,,0.100000,5.000000,10.000000,-850657224,442.927405,452.063082,,472.143306,,,,0,0,,,,,,Place,Place.PlacementLowering,1,"{""pedalAxisName"":""TaskSwitchPedal"",""usePlusMinusKeys"":true,""positivePedalKey"":61,""negativePedalKey"":45,""invertPedalAxis"":false,""pressThreshold"":0.5,""releaseThreshold"":0.20000000298023225,""minimumIntervalSeconds"":5.0,""maximumIntervalSeconds"":10.0,""minimumValidReactionSeconds"":0.10000000149011612,""randomSeed"":-850657224}",,0,0.000000,,CorrectSidePress,0,0,0,,,,,,,0.000000,0,1,PlusMinusKeys,0,1
20261008T105422765Z_782187cf958040a7a521f98797269696,,,1,1,StimulusOnsetObserved,Visual,2026-10-08T11:02:14.9451145Z,472.170199,448.695933,19988,6,0,OperatingSource,0,0,1,53,Left,-1,,,,,1,0,0.000000,TaskSwitchPedal,0,0.500000,0.200000,,0.100000,5.000000,10.000000,-850657224,452.089975,452.063082,452.089975,472.143306,472.170199,0.026893,,1,0,6,0,OperatingSource,Place,Place.PostPlacementRaising,Place,Place.PostPlacementRaising,1,"{""pedalAxisName"":""TaskSwitchPedal"",""usePlusMinusKeys"":true,""positivePedalKey"":61,""negativePedalKey"":45,""invertPedalAxis"":false,""pressThreshold"":0.5,""releaseThreshold"":0.20000000298023225,""minimumIntervalSeconds"":5.0,""maximumIntervalSeconds"":10.0,""minimumValidReactionSeconds"":0.10000000149011612,""randomSeed"":-850657224}",,0,0.000000,,CorrectSidePress,0,0,0,,,,,,,0.000000,0,0,Axis,0,1
20261008T105422765Z_782187cf958040a7a521f98797269696,,,1,1,TrialFinished,Visual,2026-10-08T11:02:15.3965693Z,472.621248,449.145031,20010,6,0,OperatingSource,0,0,1,53,Left,-1,,Interrupted,,,1,0,0.000000,TaskSwitchPedal,0,0.500000,0.200000,,0.100000,5.000000,10.000000,-850657224,452.541012,452.063082,452.089975,472.143306,472.170199,0.026893,,0,0,6,0,OperatingSource,Place,Place.PostPlacementRaising,Place,,1,"{""pedalAxisName"":""TaskSwitchPedal"",""usePlusMinusKeys"":true,""positivePedalKey"":61,""negativePedalKey"":45,""invertPedalAxis"":false,""pressThreshold"":0.5,""releaseThreshold"":0.20000000298023225,""minimumIntervalSeconds"":5.0,""maximumIntervalSeconds"":10.0,""minimumValidReactionSeconds"":0.10000000149011612,""randomSeed"":-850657224}",ExperimentCompleted,0,0.000000,,CorrectSidePress,0,0,0,,,,,,,0.000000,0,0,Axis,0,1
20261008T105422765Z_782187cf958040a7a521f98797269696,,,1,1,SubtaskStopped,Visual,2026-10-08T11:02:15.3975740Z,472.622014,449.145031,20010,6,0,OperatingSource,0,0,1,,,,,,,,0,0,0.000000,TaskSwitchPedal,0,0.500000,0.200000,,0.100000,5.000000,10.000000,-850657224,452.541791,,,,,,,0,0,,,,,,Place,,1,"{""pedalAxisName"":""TaskSwitchPedal"",""usePlusMinusKeys"":true,""positivePedalKey"":61,""negativePedalKey"":45,""invertPedalAxis"":false,""pressThreshold"":0.5,""releaseThreshold"":0.20000000298023225,""minimumIntervalSeconds"":5.0,""maximumIntervalSeconds"":10.0,""minimumValidReactionSeconds"":0.10000000149011612,""randomSeed"":-850657224}",ExperimentCompleted,0,0.000000,,CorrectSidePress,,,,,,,,,,0.000000,0,0,Axis,0,1
