session_id,participant_id,block_id,experiment_run_index,sample_index,utc_timestamp,real_elapsed_s,simulation_elapsed_s,frame,switch_index,active_crane_index,state,input_locked,global_paused,display_mode,operation_enabled,pause_interval_index,input_mode,movement_dead_zone,joystick2_horizontal,joystick2_vertical,joystick3_vertical,joystick3_slider,slider_axis,raw_current_slider,requested_current_a,requested_move_x,requested_move_y,requested_move_z,requested_spread,last_accepted_move_x,last_accepted_move_y,last_accepted_move_z,last_accepted_spread,accepted_command_frame,command_accepted_this_frame,applied_current_a,safe_current_hold_active,confirmation_button,detach_button,auditory_subtask_enabled,auditory_subtask_running,pedal_axis,raw_pedal,pedal_armed,secondary_task_mode,visual_subtask_enabled,visual_subtask_running,visual_left_red,visual_right_red,pedal_axis_raw,pedal_positive_key,pedal_negative_key,pedal_input_source,pedal_input_conflict,plus_minus_keys_enabled
20261008T070032425Z_5f6954a6d38f4efd8e6199648f8dfb00,,,1,0,2026-10-08T07:00:32.4896438Z,0.048399,0.000000,479,0,-1,Idle,0,1,TaskSwitchDisplay,1,1,Joystick,0.100000,0.000000,0.000000,0.000000,-1.000000,,,,0.000000,0.000000,0.000000,0.000000,0.000000,0.000000,0.000000,0.000000,-1,0,,0,0,0,0,0,TaskSwitchPedal,,0,Visual,1,0,0,0,,,,,,1
20261008T070032425Z_5f6954a6d38f4efd8e6199648f8dfb00,,,1,1,2026-10-08T07:00:32.5710049Z,0.130359,0.139959,481,0,-1,Idle,0,1,TaskSwitchDisplay,1,1,Joystick,0.100000,0.000000,0.000000,0.000000,-1.000000,,,,0.000000,0.000000,0.000000,0.000000,0.000000,0.000000,0.000000,0.000000,-1,0,,0,0,0,0,0,TaskSwitchPedal,,0,Visual,1,0,0,0,,,,,,1
20261008T070032425Z_5f6954a6d38f4efd8e6199648f8dfb00,,,1,2,2026-10-08T07:00:32.6307464Z,0.189980,0.139959,484,0,-1,Idle,0,1,TaskSwitchDisplay,1,1,Joystick,0.100000,0.000000,0.000000,0.000000,-1.000000,,,,0.000000,0.000000,0.000000,0.000000,0.000000,0.000000,0.000000,0.000000,-1,0,,0,0,0,0,0,TaskSwitchPedal,,0,Visual,1,0,0,0,,,,,,1
20261008T070032425Z_5f6954a6d38f4efd8e6199648f8dfb00,,,1,3,2026-10-08T07:00:32.6865409Z,0.245737,0.139959,487,0,-1,Idle,0,1,TaskSwitchDisplay,1,1,Joystick,0.100000,0.000000,0.000000,0.000000,-1.000000,,,,0.000000,0.000000,0.000000,0.000000,0.000000,0.000000,0.000000,0.000000,-1,0,,0,0,0,0,0,TaskSwitchPedal,,0,Visual,1,0,0,0,,,,,,1
20261008T070032425Z_5f6954a6d38f4efd8e6199648f8dfb00,,,1,4,2026-10-08T07:00:32.7499154Z,0.309470,0.139959,490,0,-1,Idle,0,1,TaskSwitchDisplay,1,1,Joystick,0.100000,0.000000,0.000000,0.000000,-1.000000,,,,0.000000,0.000000,0.000000,0.000000,0.000000,0.000000,0.000000,0.000000,-1,0,,0,0,0,0,0,TaskSwitchPedal,,0,Visual,1,0,0,0,,,,,,1
20261008T070032425Z_5f6954a6d38f4efd8e6199648f8dfb00,,,1,5,2026-10-08T07:00:32.8043798Z,0.364313,0.139959,493,0,-1,Idle,0,1,TaskSwitchDisplay,1,1,Joystick,0.100000,0.000000,0.000000,0.000000,-1.000000,,,,0.000000,0.000000,0.000000,0.000000,0.000000,0.000000,0.000000,0.000000,-1,0,,0,0,0,0,0,TaskSwitchPedal,,0,Visual,1,0,0,0,,,,,,1
20261008T070032425Z_5f6954a6d38f4efd8e6199648f8dfb00,,,1,6,2026-10-08T07:00:32.8607029Z,0.420762,0.139959,496,0,-1,Idle,0,1,TaskSwitchDisplay,1,1,Joystick,0.100000,0.000000,0.000000,0.000000,-1.000000,,,,0.000000,0.000000,0.000000,0.000000,0.000000,0.000000,0.000000,0.000000,-1,0,,0,0,0,0,0,TaskSwitchPedal,,0,Visual,1,0,0,0,,,,,,1
20261008T070032425Z_5f6954a6d38f4efd8e6199648f8dfb00,,,1,7,2026-10-08T07:00:32.9218656Z,0.481071,0.139959,499,0,-1,Idle,0,1,TaskSwitchDisplay,1,1,Joystick,0.100000,0.000000,0.000000,0.000000,-1.000000,,,,0.000000,0.000000,0.000000,0.000000,0.000000,0.000000,0.000000,0.000000,-1,0,,0,0,0,0,0,TaskSwitchPedal,,0,Visual,1,0,0,0,,,,,,1
20261008T070032425Z_5f6954a6d38f4efd8e6199648f8dfb00,,,1,8,2026-10-08T07:00:32.9773552Z,0.537619,0.139959,502,0,-1,Idle,0,1,TaskSwitchDisplay,1,1,Joystick,0.100000,0.000000,0.000000,0.000000,-1.000000,,,,0.000000,0.000000,0.000000,0.000000,0.000000,0.000000,0.000000,0.000000,-1,0,,0,0,0,0,0,TaskSwitchPedal,,0,Visual,1,0,0,0,,,,,,1
20261008T070032425Z_5f6954a6d38f4efd8e6199648f8dfb00,,,1,9,2026-10-08T07:00:33.0408367Z,0.600761,0.139959,505,0,-1,Idle,0,1,TaskSwitchDisplay,1,1,Joystick,0.100000,0.000000,0.000000,0.000000,-1.000000,,,,0.000000,0.000000,0.000000,0.000000,0.000000,0.000000,0.000000,0.000000,-1,0,,0,0,0,0,0,TaskSwitchPedal,,0,Visual,1,0,0,0,,,,,,1
20261008T070032425Z_5f6954a6d38f4efd8e6199648f8dfb00,,,1,10,2026-10-08T07:00:33.1036600Z,0.663505,0.139959,508,0,-1,Idle,0,1,TaskSwitchDisplay,1,1,Joystick,0.100000,0.000000,0.000000,0.000000,-1.000000,,,,0.000000,0.000000,0.000000,0.000000,0.000000,0.000000,0.000000,0.000000,-1,0,,0,0,0,0,0,TaskSwitchPedal,,0,Visual,1,0,0,0,,,,,,1
20261008T070032425Z_5f6954a6d38f4efd8e6199648f8dfb00,,,1,11,2026-10-08T07:00:33.1668289Z,0.726101,0.139959,511,0,-1,Idle,0,1,TaskSwitchDisplay,1,1,Joystick,0.100000,0.000000,0.000000,0.000000,-1.000000,,,,0.000000,0.000000,0.000000,0.000000,0.000000,0.000000,0.000000,0.000000,-1,0,,0,0,0,0,0,TaskSwitchPedal,,0,Visual,1,0,0,0,,,,,,1
20261008T070032425Z_5f6954a6d38f4efd8e6199648f8dfb00,,,1,12,2026-10-08T07:00:33.2253424Z,0.784395,0.139959,514,0,-1,Idle,0,1,TaskSwitchDisplay,1,1,Joystick,0.100000,0.000000,0.000000,0.000000,-1.000000,,,,0.000000,0.000000,0.000000,0.000000,0.000000,0.000000,0.000000,0.000000,-1,0,,0,0,0,0,0,TaskSwitchPedal,,0,Visual,1,0,0,0,,,,,,1
20261008T070032425Z_5f6954a6d38f4efd8e6199648f8dfb00,,,1,13,2026-10-08T07:00:33.2836223Z,0.842607,0.139959,517,0,-1,Idle,0,1,TaskSwitchDisplay,1,1,Joystick,0.100000,0.000000,0.000000,0.000000,-1.000000,,,,0.000000,0.000000,0.000000,0.000000,0.000000,0.000000,0.000000,0.000000,-1,0,,0,0,0,0,0,TaskSwitchPedal,,0,Visual,1,0,0,0,,,,,,1
20261008T070032425Z_5f6954a6d38f4efd8e6199648f8dfb00,,,1,14,2026-10-08T07:00:33.3339132Z,0.893670,0.139959,520,0,-1,Idle,0,1,TaskSwitchDisplay,1,1,Joystick,0.100000,0.000000,0.000000,0.000000,-1.000000,,,,0.000000,0.000000,0.000000,0.000000,0.000000,0.000000,0.000000,0.000000,-1,0,,0,0,0,0,0,TaskSwitchPedal,,0,Visual,1,0,0,0,,,,,,1
20261008T070032425Z_5f6954a6d38f4efd8e6199648f8dfb00,,,1,15,2026-10-08T07:00:33.3882022Z,0.947698,0.139959,523,0,-1,Idle,0,1,TaskSwitchDisplay,1,1,Joystick,0.100000,0.000000,0.000000,0.000000,-1.000000,,,,0.000000,0.000000,0.000000,0.000000,0.000000,0.000000,0.000000,0.000000,-1,0,,0,0,0,0,0,TaskSwitchPedal,,0,Visual,1,0,0,0,,,,,,1
20261008T070032425Z_5f6954a6d38f4efd8e6199648f8dfb00,,,1,16,2026-10-08T07:00:33.4466766Z,1.005757,0.139959,526,0,-1,Idle,0,1,TaskSwitchDisplay,1,1,Joystick,0.100000,0.000000,0.000000,0.000000,-1.000000,,,,0.000000,0.000000,0.000000,0.000000,0.000000,0.000000,0.000000,0.000000,-1,0,,0,0,0,0,0,TaskSwitchPedal,,0,Visual,1,0,0,0,,,,,,1
20261008T070032425Z_5f6954a6d38f4efd8e6199648f8dfb00,,,1,17,2026-10-08T07:00:33.5008926Z,1.060706,0.139959,529,0,-1,Idle,0,1,TaskSwitchDisplay,1,1,Joystick,0.100000,0.000000,0.000000,0.000000,-1.000000,,,,0.000000,0.000000,0.000000,0.000000,0.000000,0.000000,0.000000,0.000000,-1,0,,0,0,0,0,0,TaskSwitchPedal,,0,Visual,1,0,0,0,,,,,,1
20261008T070032425Z_5f6954a6d38f4efd8e6199648f8dfb00,,,1,18,2026-10-08T07:00:33.5568549Z,1.117016,0.139959,532,0,-1,Idle,0,1,TaskSwitchDisplay,1,1,Joystick,0.100000,0.000000,0.000000,0.000000,-1.000000,,,,0.000000,0.000000,0.000000,0.000000,0.000000,0.000000,0.000000,0.000000,-1,0,,0,0,0,0,0,TaskSwitchPedal,,0,Visual,1,0,0,0,,,,,,1
20261008T070032425Z_5f6954a6d38f4efd8e6199648f8dfb00,,,1,19,2026-10-08T07:00:33.6227002Z,1.181548,0.139959,535,0,-1,Idle,0,1,TaskSwitchDisplay,1,1,Joystick,0.100000,0.000000,0.000000,0.000000,-1.000000,,,,0.000000,0.000000,0.000000,0.000000,0.000000,0.000000,0.000000,0.000000,-1,0,,0,0,0,0,0,TaskSwitchPedal,,0,Visual,1,0,0,0,,,,,,1
20261008T070032425Z_5f6954a6d38f4efd8e6199648f8dfb00,,,1,20,2026-10-08T07:00:33.6830372Z,1.242259,0.139959,538,0,-1,Idle,0,1,TaskSwitchDisplay,1,1,Joystick,0.100000,0.000000,0.000000,0.000000,-1.000000,,,,0.000000,0.000000,0.000000,0.000000,0.000000,0.000000,0.000000,0.000000,-1,0,,0,0,0,0,0,TaskSwitchPedal,,0,Visual,1,0,0,0,,,,,,1
20261008T070032425Z_5f6954a6d38f4efd8e6199648f8dfb00,,,1,21,2026-10-08T07:00:33.7440395Z,1.303895,0.139959,541,0,-1,Idle,0,1,TaskSwitchDisplay,1,1,Joystick,0.100000,0.000000,0.000000,0.000000,-1.000000,,,,0.000000,0.000000,0.000000,0.000000,0.000000,0.000000,0.000000,0.000000,-1,0,,0,0,0,0,0,TaskSwitchPedal,,0,Visual,1,0,0,0,,,,,,1
20261008T070032425Z_5f6954a6d38f4efd8e6199648f8dfb00,,,1,22,2026-10-08T07:00:33.7994345Z,1.358723,0.139959,543,0,-1,Idle,0,1,TaskSwitchDisplay,1,1,Joystick,0.100000,0.000000,0.000000,0.000000,-1.000000,,,,0.000000,0.000000,0.000000,0.000000,0.000000,0.000000,0.000000,0.000000,-1,0,,0,0,0,0,0,TaskSwitchPedal,,0,Visual,1,0,0,0,,,,,,1
20261008T070032425Z_5f6954a6d38f4efd8e6199648f8dfb00,,,1,23,2026-10-08T07:00:33.8710884Z,1.430095,0.139959,546,0,-1,Idle,0,1,TaskSwitchDisplay,1,1,Joystick,0.100000,0.000000,0.000000,0.000000,-1.000000,,,,0.000000,0.000000,0.000000,0.000000,0.000000,0.000000,0.000000,0.000000,-1,0,,0,0,0,0,0,TaskSwitchPedal,,0,Visual,1,0,0,0,,,,,,1
20261008T070032425Z_5f6954a6d38f4efd8e6199648f8dfb00,,,1,24,2026-10-08T07:00:33.9355337Z,1.494739,0.139959,550,0,-1,Idle,0,1,TaskSwitchDisplay,1,1,Joystick,0.100000,0.000000,0.000000,0.000000,-1.000000,,,,0.000000,0.000000,0.000000,0.000000,0.000000,0.000000,0.000000,0.000000,-1,0,,0,0,0,0,0,TaskSwitchPedal,,0,Visual,1,0,0,0,,,,,,1
20261008T070032425Z_5f6954a6d38f4efd8e6199648f8dfb00,,,1,25,2026-10-08T07:00:33.9857154Z,1.544850,0.139959,553,0,-1,Idle,0,1,TaskSwitchDisplay,1,1,Joystick,0.100000,0.000000,0.000000,0.000000,-1.000000,,,,0.000000,0.000000,0.000000,0.000000,0.000000,0.000000,0.000000,0.000000,-1,0,,0,0,0,0,0,TaskSwitchPedal,,0,Visual,1,0,0,0,,,,,,1
20261008T070032425Z_5f6954a6d38f4efd8e6199648f8dfb00,,,1,26,2026-10-08T07:00:34.0531283Z,1.612063,0.139959,557,0,-1,Idle,0,1,TaskSwitchDisplay,1,1,Joystick,0.100000,0.000000,0.000000,0.000000,-1.000000,,,,0.000000,0.000000,0.000000,0.000000,0.000000,0.000000,0.000000,0.000000,-1,0,,0,0,0,0,0,TaskSwitchPedal,,0,Visual,1,0,0,0,,,,,,1
20261008T070032425Z_5f6954a6d38f4efd8e6199648f8dfb00,,,1,27,2026-10-08T07:00:34.1056225Z,1.664572,0.139959,560,0,-1,Idle,0,1,TaskSwitchDisplay,1,1,Joystick,0.100000,0.000000,0.000000,0.000000,-1.000000,,,,0.000000,0.000000,0.000000,0.000000,0.000000,0.000000,0.000000,0.000000,-1,0,,0,0,0,0,0,TaskSwitchPedal,,0,Visual,1,0,0,0,,,,,,1
20261008T070032425Z_5f6954a6d38f4efd8e6199648f8dfb00,,,1,28,2026-10-08T07:00:34.1562176Z,1.716056,0.139959,563,0,-1,Idle,0,1,TaskSwitchDisplay,1,1,Joystick,0.100000,0.000000,0.000000,0.000000,-1.000000,,,,0.000000,0.000000,0.000000,0.000000,0.000000,0.000000,0.000000,0.000000,-1,0,,0,0,0,0,0,TaskSwitchPedal,,0,Visual,1,0,0,0,,,,,,1
20261008T070032425Z_5f6954a6d38f4efd8e6199648f8dfb00,,,1,29,2026-10-08T07:00:34.2123280Z,1.771279,0.139959,566,0,-1,Idle,0,1,TaskSwitchDisplay,1,1,Joystick,0.100000,0.000000,0.000000,0.000000,-1.000000,,,,0.000000,0.000000,0.000000,0.000000,0.000000,0.000000,0.000000,0.000000,-1,0,,0,0,0,0,0,TaskSwitchPedal,,0,Visual,1,0,0,0,,,,,,1
20261008T070032425Z_5f6954a6d38f4efd8e6199648f8dfb00,,,1,30,2026-10-08T07:00:34.2654681Z,1.825715,0.139959,569,0,-1,Idle,0,1,TaskSwitchDisplay,1,1,Joystick,0.100000,0.000000,0.000000,0.000000,-1.000000,,,,0.000000,0.000000,0.000000,0.000000,0.000000,0.000000,0.000000,0.000000,-1,0,,0,0,0,0,0,TaskSwitchPedal,,0,Visual,1,0,0,0,,,,,,1
20261008T070032425Z_5f6954a6d38f4efd8e6199648f8dfb00,,,1,31,2026-10-08T07:00:34.3235844Z,1.883222,0.139959,572,0,-1,Idle,0,1,TaskSwitchDisplay,1,1,Joystick,0.100000,0.000000,0.000000,0.000000,-1.000000,,,,0.000000,0.000000,0.000000,0.000000,0.000000,0.000000,0.000000,0.000000,-1,0,,0,0,0,0,0,TaskSwitchPedal,,0,Visual,1,0,0,0,,,,,,1
20261008T070032425Z_5f6954a6d38f4efd8e6199648f8dfb00,,,1,32,2026-10-08T07:00:34.3841395Z,1.943179,0.139959,575,0,-1,Idle,0,1,TaskSwitchDisplay,1,1,Joystick,0.100000,0.000000,0.000000,0.000000,-1.000000,,,,0.000000,0.000000,0.000000,0.000000,0.000000,0.000000,0.000000,0.000000,-1,0,,0,0,0,0,0,TaskSwitchPedal,,0,Visual,1,0,0,0,,,,,,1
20261008T070032425Z_5f6954a6d38f4efd8e6199648f8dfb00,,,1,33,2026-10-08T07:00:34.4382021Z,1.997506,0.139959,578,0,-1,Idle,0,1,TaskSwitchDisplay,1,1,Joystick,0.100000,0.000000,0.000000,0.000000,-1.000000,,,,0.000000,0.000000,0.000000,0.000000,0.000000,0.000000,0.000000,0.000000,-1,0,,0,0,0,0,0,TaskSwitchPedal,,0,Visual,1,0,0,0,,,,,,1
20261008T070032425Z_5f6954a6d38f4efd8e6199648f8dfb00,,,1,34,2026-10-08T07:00:34.4994910Z,2.058349,0.139959,581,0,-1,Idle,0,1,TaskSwitchDisplay,1,1,Joystick,0.100000,0.000000,0.000000,0.000000,-1.000000,,,,0.000000,0.000000,0.000000,0.000000,0.000000,0.000000,0.000000,0.000000,-1,0,,0,0,0,0,0,TaskSwitchPedal,,0,Visual,1,0,0,0,,,,,,1
20261008T070032425Z_5f6954a6d38f4efd8e6199648f8dfb00,,,1,35,2026-10-08T07:00:34.5510738Z,2.110420,0.139959,584,0,-1,Idle,0,1,TaskSwitchDisplay,1,1,Joystick,0.100000,0.000000,0.000000,0.000000,-1.000000,,,,0.000000,0.000000,0.000000,0.000000,0.000000,0.000000,0.000000,0.000000,-1,0,,0,0,0,0,0,TaskSwitchPedal,,0,Visual,1,0,0,0,,,,,,1
20261008T070032425Z_5f6954a6d38f4efd8e6199648f8dfb00,,,1,36,2026-10-08T07:00:34.6028072Z,2.163023,0.139959,587,0,-1,Idle,0,1,TaskSwitchDisplay,1,1,Joystick,0.100000,0.000000,0.000000,0.000000,-1.000000,,,,0.000000,0.000000,0.000000,0.000000,0.000000,0.000000,0.000000,0.000000,-1,0,,0,0,0,0,0,TaskSwitchPedal,,0,Visual,1,0,0,0,,,,,,1
20261008T070032425Z_5f6954a6d38f4efd8e6199648f8dfb00,,,1,37,2026-10-08T07:00:34.6664211Z,2.226059,0.139959,590,0,-1,Idle,0,1,TaskSwitchDisplay,1,1,Joystick,0.100000,0.000000,0.000000,0.000000,-1.000000,,,,0.000000,0.000000,0.000000,0.000000,0.000000,0.000000,0.000000,0.000000,-1,0,,0,0,0,0,0,TaskSwitchPedal,,0,Visual,1,0,0,0,,,,,,1
20261008T070032425Z_5f6954a6d38f4efd8e6199648f8dfb00,,,1,38,2026-10-08T07:00:34.7198857Z,2.279327,0.139959,593,0,-1,Idle,0,1,TaskSwitchDisplay,1,1,Joystick,0.100000,0.000000,0.000000,0.000000,-1.000000,,,,0.000000,0.000000,0.000000,0.000000,0.000000,0.000000,0.000000,0.000000,-1,0,,0,0,0,0,0,TaskSwitchPedal,,0,Visual,1,0,0,0,,,,,,1
20261008T070032425Z_5f6954a6d38f4efd8e6199648f8dfb00,,,1,39,2026-10-08T07:00:34.7755105Z,2.335198,0.139959,596,0,-1,Idle,0,1,TaskSwitchDisplay,1,1,Joystick,0.100000,0.000000,0.000000,0.000000,-1.000000,,,,0.000000,0.000000,0.000000,0.000000,0.000000,0.000000,0.000000,0.000000,-1,0,,0,0,0,0,0,TaskSwitchPedal,,0,Visual,1,0,0,0,,,,,,1
20261008T070032425Z_5f6954a6d38f4efd8e6199648f8dfb00,,,1,40,2026-10-08T07:00:34.8359214Z,2.395629,0.139959,599,0,-1,Idle,0,1,TaskSwitchDisplay,1,1,Joystick,0.100000,0.000000,0.000000,0.000000,-1.000000,,,,0.000000,0.000000,0.000000,0.000000,0.000000,0.000000,0.000000,0.000000,-1,0,,0,0,0,0,0,TaskSwitchPedal,,0,Visual,1,0,0,0,,,,,,1
20261008T070032425Z_5f6954a6d38f4efd8e6199648f8dfb00,,,1,41,2026-10-08T07:00:34.8924612Z,2.452039,0.139959,602,0,-1,Idle,0,1,TaskSwitchDisplay,1,1,Joystick,0.100000,0.000000,0.000000,0.000000,-1.000000,,,,0.000000,0.000000,0.000000,0.000000,0.000000,0.000000,0.000000,0.000000,-1,0,,0,0,0,0,0,TaskSwitchPedal,,0,Visual,1,0,0,0,,,,,,1
20261008T070032425Z_5f6954a6d38f4efd8e6199648f8dfb00,,,1,42,2026-10-08T07:00:34.9465522Z,2.506869,0.139959,605,0,-1,Idle,0,1,TaskSwitchDisplay,1,1,Joystick,0.100000,0.000000,0.000000,0.000000,-1.000000,,,,0.000000,0.000000,0.000000,0.000000,0.000000,0.000000,0.000000,0.000000,-1,0,,0,0,0,0,0,TaskSwitchPedal,,0,Visual,1,0,0,0,,,,,,1
20261008T070032425Z_5f6954a6d38f4efd8e6199648f8dfb00,,,1,43,2026-10-08T07:00:35.0050276Z,2.564089,0.139959,608,0,-1,Idle,0,1,TaskSwitchDisplay,1,1,Joystick,0.100000,0.000000,0.000000,0.000000,-1.000000,,,,0.000000,0.000000,0.000000,0.000000,0.000000,0.000000,0.000000,0.000000,-1,0,,0,0,0,0,0,TaskSwitchPedal,,0,Visual,1,0,0,0,,,,,,1
20261008T070032425Z_5f6954a6d38f4efd8e6199648f8dfb00,,,1,44,2026-10-08T07:00:35.0606920Z,2.620931,0.139959,611,0,-1,Idle,0,1,TaskSwitchDisplay,1,1,Joystick,0.100000,0.000000,0.000000,0.000000,-1.000000,,,,0.000000,0.000000,0.000000,0.000000,0.000000,0.000000,0.000000,0.000000,-1,0,,0,0,0,0,0,TaskSwitchPedal,,0,Visual,1,0,0,0,,,,,,1
20261008T070032425Z_5f6954a6d38f4efd8e6199648f8dfb00,,,1,45,2026-10-08T07:00:35.1139475Z,2.673852,0.139959,614,0,-1,Idle,0,1,TaskSwitchDisplay,1,1,Joystick,0.100000,0.000000,0.000000,0.000000,-1.000000,,,,0.000000,0.000000,0.000000,0.000000,0.000000,0.000000,0.000000,0.000000,-1,0,,0,0,0,0,0,TaskSwitchPedal,,0,Visual,1,0,0,0,,,,,,1
20261008T070032425Z_5f6954a6d38f4efd8e6199648f8dfb00,,,1,46,2026-10-08T07:00:35.1662754Z,2.725209,0.139959,617,0,-1,Idle,0,1,TaskSwitchDisplay,1,1,Joystick,0.100000,0.000000,0.000000,0.000000,-1.000000,,,,0.000000,0.000000,0.000000,0.000000,0.000000,0.000000,0.000000,0.000000,-1,0,,0,0,0,0,0,TaskSwitchPedal,,0,Visual,1,0,0,0,,,,,,1
20261008T070032425Z_5f6954a6d38f4efd8e6199648f8dfb00,,,1,47,2026-10-08T07:00:35.2169194Z,2.776775,0.139959,620,0,-1,Idle,0,1,TaskSwitchDisplay,1,1,Joystick,0.100000,0.000000,0.000000,0.000000,-1.000000,,,,0.000000,0.000000,0.000000,0.000000,0.000000,0.000000,0.000000,0.000000,-1,0,,0,0,0,0,0,TaskSwitchPedal,,0,Visual,1,0,0,0,,,,,,1
20261008T070032425Z_5f6954a6d38f4efd8e6199648f8dfb00,,,1,48,2026-10-08T07:00:35.2714282Z,2.830566,0.139959,623,0,-1,Idle,0,1,TaskSwitchDisplay,1,1,Joystick,0.100000,0.000000,0.000000,0.000000,-1.000000,,,,0.000000,0.000000,0.000000,0.000000,0.000000,0.000000,0.000000,0.000000,-1,0,,0,0,0,0,0,TaskSwitchPedal,,0,Visual,1,0,0,0,,,,,,1
20261008T070032425Z_5f6954a6d38f4efd8e6199648f8dfb00,,,1,49,2026-10-08T07:00:35.3364606Z,2.895635,0.139959,627,0,-1,Idle,0,1,TaskSwitchDisplay,1,1,Joystick,0.100000,0.000000,0.000000,0.000000,-1.000000,,,,0.000000,0.000000,0.000000,0.000000,0.000000,0.000000,0.000000,0.000000,-1,0,,0,0,0,0,0,TaskSwitchPedal,,0,Visual,1,0,0,0,,,,,,1
20261008T070032425Z_5f6954a6d38f4efd8e6199648f8dfb00,,,1,50,2026-10-08T07:00:35.3890872Z,2.948222,0.139959,630,0,-1,Idle,0,1,TaskSwitchDisplay,1,1,Joystick,0.100000,0.000000,0.000000,0.000000,-1.000000,,,,0.000000,0.000000,0.000000,0.000000,0.000000,0.000000,0.000000,0.000000,-1,0,,0,0,0,0,0,TaskSwitchPedal,,0,Visual,1,0,0,0,,,,,,1
20261008T070032425Z_5f6954a6d38f4efd8e6199648f8dfb00,,,1,51,2026-10-08T07:00:35.4419804Z,3.002241,0.139959,631,0,-1,Idle,0,1,TaskSwitchDisplay,1,1,Joystick,0.100000,0.000000,0.000000,0.000000,-1.000000,,,,0.000000,0.000000,0.000000,0.000000,0.000000,0.000000,0.000000,0.000000,-1,0,,0,0,0,0,0,TaskSwitchPedal,,0,Visual,1,0,0,0,,,,,,1
20261008T070032425Z_5f6954a6d38f4efd8e6199648f8dfb00,,,1,52,2026-10-08T07:00:35.4991951Z,3.058997,0.139959,634,0,-1,Idle,0,1,TaskSwitchDisplay,1,1,Joystick,0.100000,0.000000,0.000000,0.000000,-1.000000,,,,0.000000,0.000000,0.000000,0.000000,0.000000,0.000000,0.000000,0.000000,-1,0,,0,0,0,0,0,TaskSwitchPedal,,0,Visual,1,0,0,0,,,,,,1
20261008T070032425Z_5f6954a6d38f4efd8e6199648f8dfb00,,,1,53,2026-10-08T07:00:35.5698006Z,3.129026,0.139959,638,0,-1,Idle,0,1,TaskSwitchDisplay,1,1,Joystick,0.100000,0.000000,0.000000,0.000000,-1.000000,,,,0.000000,0.000000,0.000000,0.000000,0.000000,0.000000,0.000000,0.000000,-1,0,,0,0,0,0,0,TaskSwitchPedal,,0,Visual,1,0,0,0,,,,,,1
20261008T070032425Z_5f6954a6d38f4efd8e6199648f8dfb00,,,1,54,2026-10-08T07:00:35.6245662Z,3.183481,0.139959,641,0,-1,Idle,0,1,TaskSwitchDisplay,1,1,Joystick,0.100000,0.000000,0.000000,0.000000,-1.000000,,,,0.000000,0.000000,0.000000,0.000000,0.000000,0.000000,0.000000,0.000000,-1,0,,0,0,0,0,0,TaskSwitchPedal,,0,Visual,1,0,0,0,,,,,,1
20261008T070032425Z_5f6954a6d38f4efd8e6199648f8dfb00,,,1,55,2026-10-08T07:00:35.6801273Z,3.239961,0.139959,644,0,-1,Idle,0,1,TaskSwitchDisplay,1,1,Joystick,0.100000,0.000000,0.000000,0.000000,-1.000000,,,,0.000000,0.000000,0.000000,0.000000,0.000000,0.000000,0.000000,0.000000,-1,0,,0,0,0,0,0,TaskSwitchPedal,,0,Visual,1,0,0,0,,,,,,1
20261008T070032425Z_5f6954a6d38f4efd8e6199648f8dfb00,,,1,56,2026-10-08T07:00:35.7480160Z,3.307293,0.139959,648,0,-1,Idle,0,1,TaskSwitchDisplay,1,1,Joystick,0.100000,0.000000,0.000000,0.000000,-1.000000,,,,0.000000,0.000000,0.000000,0.000000,0.000000,0.000000,0.000000,0.000000,-1,0,,0,0,0,0,0,TaskSwitchPedal,,0,Visual,1,0,0,0,,,,,,1
20261008T070032425Z_5f6954a6d38f4efd8e6199648f8dfb00,,,1,57,2026-10-08T07:00:35.7980880Z,3.358096,0.139959,651,0,-1,Idle,0,1,TaskSwitchDisplay,1,1,Joystick,0.100000,0.000000,0.000000,0.000000,-1.000000,,,,0.000000,0.000000,0.000000,0.000000,0.000000,0.000000,0.000000,0.000000,-1,0,,0,0,0,0,0,TaskSwitchPedal,,0,Visual,1,0,0,0,,,,,,1
20261008T070032425Z_5f6954a6d38f4efd8e6199648f8dfb00,,,1,58,2026-10-08T07:00:35.8670030Z,3.425927,0.139959,655,0,-1,Idle,0,1,TaskSwitchDisplay,1,1,Joystick,0.100000,0.000000,0.000000,0.000000,-1.000000,,,,0.000000,0.000000,0.000000,0.000000,0.000000,0.000000,0.000000,0.000000,-1,0,,0,0,0,0,0,TaskSwitchPedal,,0,Visual,1,0,0,0,,,,,,1
20261008T070032425Z_5f6954a6d38f4efd8e6199648f8dfb00,,,1,59,2026-10-08T07:00:35.9323788Z,3.491328,0.139959,659,0,-1,Idle,0,1,TaskSwitchDisplay,1,1,Joystick,0.100000,0.000000,0.000000,0.000000,-1.000000,,,,0.000000,0.000000,0.000000,0.000000,0.000000,0.000000,0.000000,0.000000,-1,0,,0,0,0,0,0,TaskSwitchPedal,,0,Visual,1,0,0,0,,,,,,1
20261008T070032425Z_5f6954a6d38f4efd8e6199648f8dfb00,,,1,60,2026-10-08T07:00:35.9831464Z,3.542197,0.139959,662,0,-1,Idle,0,1,TaskSwitchDisplay,1,1,Joystick,0.100000,0.000000,0.000000,0.000000,-1.000000,,,,0.000000,0.000000,0.000000,0.000000,0.000000,0.000000,0.000000,0.000000,-1,0,,0,0,0,0,0,TaskSwitchPedal,,0,Visual,1,0,0,0,,,,,,1
20261008T070032425Z_5f6954a6d38f4efd8e6199648f8dfb00,,,1,61,2026-10-08T07:00:36.0328640Z,3.592641,0.139959,665,0,-1,Idle,0,1,TaskSwitchDisplay,1,1,Joystick,0.100000,0.000000,0.000000,0.000000,-1.000000,,,,0.000000,0.000000,0.000000,0.000000,0.000000,0.000000,0.000000,0.000000,-1,0,,0,0,0,0,0,TaskSwitchPedal,,0,Visual,1,0,0,0,,,,,,1
20261008T070032425Z_5f6954a6d38f4efd8e6199648f8dfb00,,,1,62,2026-10-08T07:00:36.0901149Z,3.649100,0.139959,668,0,-1,Idle,0,1,TaskSwitchDisplay,1,1,Joystick,0.100000,0.000000,0.000000,0.000000,-1.000000,,,,0.000000,0.000000,0.000000,0.000000,0.000000,0.000000,0.000000,0.000000,-1,0,,0,0,0,0,0,TaskSwitchPedal,,0,Visual,1,0,0,0,,,,,,1
20261008T070032425Z_5f6954a6d38f4efd8e6199648f8dfb00,,,1,63,2026-10-08T07:00:36.1473491Z,3.707091,0.139959,671,0,-1,Idle,0,1,TaskSwitchDisplay,1,1,Joystick,0.100000,0.000000,0.000000,0.000000,-1.000000,,,,0.000000,0.000000,0.000000,0.000000,0.000000,0.000000,0.000000,0.000000,-1,0,,0,0,0,0,0,TaskSwitchPedal,,0,Visual,1,0,0,0,,,,,,1
20261008T070032425Z_5f6954a6d38f4efd8e6199648f8dfb00,,,1,64,2026-10-08T07:00:36.2107935Z,3.770328,0.139959,674,0,-1,Idle,0,1,TaskSwitchDisplay,1,1,Joystick,0.100000,0.000000,0.000000,0.000000,-1.000000,,,,0.000000,0.000000,0.000000,0.000000,0.000000,0.000000,0.000000,0.000000,-1,0,,0,0,0,0,0,TaskSwitchPedal,,0,Visual,1,0,0,0,,,,,,1
20261008T070032425Z_5f6954a6d38f4efd8e6199648f8dfb00,,,1,65,2026-10-08T07:00:36.2746997Z,3.834520,0.139959,677,0,-1,Idle,0,1,TaskSwitchDisplay,1,1,Joystick,0.100000,0.000000,0.000000,0.000000,-1.000000,,,,0.000000,0.000000,0.000000,0.000000,0.000000,0.000000,0.000000,0.000000,-1,0,,0,0,0,0,0,TaskSwitchPedal,,0,Visual,1,0,0,0,,,,,,1
20261008T070032425Z_5f6954a6d38f4efd8e6199648f8dfb00,,,1,66,2026-10-08T07:00:36.3361164Z,3.895149,0.139959,680,0,-1,Idle,0,1,TaskSwitchDisplay,1,1,Joystick,0.100000,0.000000,0.000000,0.000000,-1.000000,,,,0.000000,0.000000,0.000000,0.000000,0.000000,0.000000,0.000000,0.000000,-1,0,,0,0,0,0,0,TaskSwitchPedal,,0,Visual,1,0,0,0,,,,,,1
20261008T070032425Z_5f6954a6d38f4efd8e6199648f8dfb00,,,1,67,2026-10-08T07:00:36.3961214Z,3.955570,0.139959,683,0,-1,Idle,0,1,TaskSwitchDisplay,1,1,Joystick,0.100000,0.000000,0.000000,0.000000,-1.000000,,,,0.000000,0.000000,0.000000,0.000000,0.000000,0.000000,0.000000,0.000000,-1,0,,0,0,0,0,0,TaskSwitchPedal,,0,Visual,1,0,0,0,,,,,,1
20261008T070032425Z_5f6954a6d38f4efd8e6199648f8dfb00,,,1,68,2026-10-08T07:00:36.4492769Z,4.008819,0.139959,686,0,-1,Idle,0,1,TaskSwitchDisplay,1,1,Joystick,0.100000,0.000000,0.000000,0.000000,-1.000000,,,,0.000000,0.000000,0.000000,0.000000,0.000000,0.000000,0.000000,0.000000,-1,0,,0,0,0,0,0,TaskSwitchPedal,,0,Visual,1,0,0,0,,,,,,1
20261008T070032425Z_5f6954a6d38f4efd8e6199648f8dfb00,,,1,69,2026-10-08T07:00:36.5025838Z,4.061515,0.139959,689,0,-1,Idle,0,1,TaskSwitchDisplay,1,1,Joystick,0.100000,0.000000,0.000000,0.000000,-1.000000,,,,0.000000,0.000000,0.000000,0.000000,0.000000,0.000000,0.000000,0.000000,-1,0,,0,0,0,0,0,TaskSwitchPedal,,0,Visual,1,0,0,0,,,,,,1
20261008T070032425Z_5f6954a6d38f4efd8e6199648f8dfb00,,,1,70,2026-10-08T07:00:36.5523157Z,4.112137,0.139959,692,0,-1,Idle,0,1,TaskSwitchDisplay,1,1,Joystick,0.100000,0.000000,0.000000,0.000000,-1.000000,,,,0.000000,0.000000,0.000000,0.000000,0.000000,0.000000,0.000000,0.000000,-1,0,,0,0,0,0,0,TaskSwitchPedal,,0,Visual,1,0,0,0,,,,,,1
20261008T070032425Z_5f6954a6d38f4efd8e6199648f8dfb00,,,1,71,2026-10-08T07:00:36.6072543Z,4.166983,0.139959,695,0,-1,Idle,0,1,TaskSwitchDisplay,1,1,Joystick,0.100000,0.000000,0.000000,0.000000,-1.000000,,,,0.000000,0.000000,0.000000,0.000000,0.000000,0.000000,0.000000,0.000000,-1,0,,0,0,0,0,0,TaskSwitchPedal,,0,Visual,1,0,0,0,,,,,,1
20261008T070032425Z_5f6954a6d38f4efd8e6199648f8dfb00,,,1,72,2026-10-08T07:00:36.6698449Z,4.229002,0.139959,698,0,-1,Idle,0,1,TaskSwitchDisplay,1,1,Joystick,0.100000,0.000000,0.000000,0.000000,-1.000000,,,,0.000000,0.000000,0.000000,0.000000,0.000000,0.000000,0.000000,0.000000,-1,0,,0,0,0,0,0,TaskSwitchPedal,,0,Visual,1,0,0,0,,,,,,1
20261008T070032425Z_5f6954a6d38f4efd8e6199648f8dfb00,,,1,73,2026-10-08T07:00:36.7290898Z,4.288421,0.139959,701,0,-1,Idle,0,1,TaskSwitchDisplay,1,1,Joystick,0.100000,0.000000,0.000000,0.000000,-1.000000,,,,0.000000,0.000000,0.000000,0.000000,0.000000,0.000000,0.000000,0.000000,-1,0,,0,0,0,0,0,TaskSwitchPedal,,0,Visual,1,0,0,0,,,,,,1
20261008T070032425Z_5f6954a6d38f4efd8e6199648f8dfb00,,,1,74,2026-10-08T07:00:36.7919627Z,4.351403,0.139959,704,0,-1,Idle,0,1,TaskSwitchDisplay,1,1,Joystick,0.100000,0.000000,0.000000,0.000000,-1.000000,,,,0.000000,0.000000,0.000000,0.000000,0.000000,0.000000,0.000000,0.000000,-1,0,,0,0,0,0,0,TaskSwitchPedal,,0,Visual,1,0,0,0,,,,,,1
20261008T070032425Z_5f6954a6d38f4efd8e6199648f8dfb00,,,1,75,2026-10-08T07:00:36.8441760Z,4.403543,0.139959,707,0,-1,Idle,0,1,TaskSwitchDisplay,1,1,Joystick,0.100000,0.000000,0.000000,0.000000,-1.000000,,,,0.000000,0.000000,0.000000,0.000000,0.000000,0.000000,0.000000,0.000000,-1,0,,0,0,0,0,0,TaskSwitchPedal,,0,Visual,1,0,0,0,,,,,,1
20261008T070032425Z_5f6954a6d38f4efd8e6199648f8dfb00,,,1,76,2026-10-08T07:00:36.8956507Z,4.455574,0.139959,710,0,-1,Idle,0,1,TaskSwitchDisplay,1,1,Joystick,0.100000,0.000000,0.000000,0.000000,-1.000000,,,,0.000000,0.000000,0.000000,0.000000,0.000000,0.000000,0.000000,0.000000,-1,0,,0,0,0,0,0,TaskSwitchPedal,,0,Visual,1,0,0,0,,,,,,1
20261008T070032425Z_5f6954a6d38f4efd8e6199648f8dfb00,,,1,77,2026-10-08T07:00:36.9583126Z,4.517332,0.139959,713,0,-1,Idle,0,1,TaskSwitchDisplay,1,1,Joystick,0.100000,0.000000,0.000000,0.000000,-1.000000,,,,0.000000,0.000000,0.000000,0.000000,0.000000,0.000000,0.000000,0.000000,-1,0,,0,0,0,0,0,TaskSwitchPedal,,0,Visual,1,0,0,0,,,,,,1
20261008T070032425Z_5f6954a6d38f4efd8e6199648f8dfb00,,,1,78,2026-10-08T07:00:37.0220555Z,4.581770,0.139959,716,0,-1,Idle,0,1,TaskSwitchDisplay,1,1,Joystick,0.100000,0.000000,0.000000,0.000000,-1.000000,,,,0.000000,0.000000,0.000000,0.000000,0.000000,0.000000,0.000000,0.000000,-1,0,,0,0,0,0,0,TaskSwitchPedal,,0,Visual,1,0,0,0,,,,,,1
20261008T070032425Z_5f6954a6d38f4efd8e6199648f8dfb00,,,1,79,2026-10-08T07:00:37.0719727Z,4.632034,0.139959,719,0,-1,Idle,0,1,TaskSwitchDisplay,1,1,Joystick,0.100000,0.000000,0.000000,0.000000,-1.000000,,,,0.000000,0.000000,0.000000,0.000000,0.000000,0.000000,0.000000,0.000000,-1,0,,0,0,0,0,0,TaskSwitchPedal,,0,Visual,1,0,0,0,,,,,,1
20261008T070032425Z_5f6954a6d38f4efd8e6199648f8dfb00,,,1,80,2026-10-08T07:00:37.1374039Z,4.697146,0.139959,723,0,-1,Idle,0,1,TaskSwitchDisplay,1,1,Joystick,0.100000,0.000000,0.000000,0.000000,-1.000000,,,,0.000000,0.000000,0.000000,0.000000,0.000000,0.000000,0.000000,0.000000,-1,0,,0,0,0,0,0,TaskSwitchPedal,,0,Visual,1,0,0,0,,,,,,1
20261008T070032425Z_5f6954a6d38f4efd8e6199648f8dfb00,,,1,81,2026-10-08T07:00:37.1923168Z,4.751461,0.139959,726,0,-1,Idle,0,1,TaskSwitchDisplay,1,1,Joystick,0.100000,0.000000,0.000000,0.000000,-1.000000,,,,0.000000,0.000000,0.000000,0.000000,0.000000,0.000000,0.000000,0.000000,-1,0,,0,0,0,0,0,TaskSwitchPedal,,0,Visual,1,0,0,0,,,,,,1
20261008T070032425Z_5f6954a6d38f4efd8e6199648f8dfb00,,,1,82,2026-10-08T07:00:37.2568306Z,4.816170,0.139959,729,0,-1,Idle,0,1,TaskSwitchDisplay,1,1,Joystick,0.100000,0.000000,0.000000,0.000000,-1.000000,,,,0.000000,0.000000,0.000000,0.000000,0.000000,0.000000,0.000000,0.000000,-1,0,,0,0,0,0,0,TaskSwitchPedal,,0,Visual,1,0,0,0,,,,,,1
20261008T070032425Z_5f6954a6d38f4efd8e6199648f8dfb00,,,1,83,2026-10-08T07:00:37.3123711Z,4.871830,0.139959,732,0,-1,Idle,0,1,TaskSwitchDisplay,1,1,Joystick,0.100000,0.000000,0.000000,0.000000,-1.000000,,,,0.000000,0.000000,0.000000,0.000000,0.000000,0.000000,0.000000,0.000000,-1,0,,0,0,0,0,0,TaskSwitchPedal,,0,Visual,1,0,0,0,,,,,,1
20261008T070032425Z_5f6954a6d38f4efd8e6199648f8dfb00,,,1,84,2026-10-08T07:00:37.3792789Z,4.938823,0.139959,736,0,-1,Idle,0,1,TaskSwitchDisplay,1,1,Joystick,0.100000,0.000000,0.000000,0.000000,-1.000000,,,,0.000000,0.000000,0.000000,0.000000,0.000000,0.000000,0.000000,0.000000,-1,0,,0,0,0,0,0,TaskSwitchPedal,,0,Visual,1,0,0,0,,,,,,1
20261008T070032425Z_5f6954a6d38f4efd8e6199648f8dfb00,,,1,85,2026-10-08T07:00:37.4371030Z,4.996349,0.139959,738,0,-1,Idle,0,1,TaskSwitchDisplay,1,1,Joystick,0.100000,0.000000,0.000000,0.000000,-1.000000,,,,0.000000,0.000000,0.000000,0.000000,0.000000,0.000000,0.000000,0.000000,-1,0,,0,0,0,0,0,TaskSwitchPedal,,0,Visual,1,0,0,0,,,,,,1
20261008T070032425Z_5f6954a6d38f4efd8e6199648f8dfb00,,,1,86,2026-10-08T07:00:37.4946727Z,5.054521,0.139959,741,0,-1,Idle,0,1,TaskSwitchDisplay,1,1,Joystick,0.100000,0.000000,0.000000,0.000000,-1.000000,,,,0.000000,0.000000,0.000000,0.000000,0.000000,0.000000,0.000000,0.000000,-1,0,,0,0,0,0,0,TaskSwitchPedal,,0,Visual,1,0,0,0,,,,,,1
20261008T070032425Z_5f6954a6d38f4efd8e6199648f8dfb00,,,1,87,2026-10-08T07:00:37.5507771Z,5.110957,0.139959,744,0,-1,Idle,0,1,TaskSwitchDisplay,1,1,Joystick,0.100000,0.000000,0.000000,0.000000,-1.000000,,,,0.000000,0.000000,0.000000,0.000000,0.000000,0.000000,0.000000,0.000000,-1,0,,0,0,0,0,0,TaskSwitchPedal,,0,Visual,1,0,0,0,,,,,,1
20261008T070032425Z_5f6954a6d38f4efd8e6199648f8dfb00,,,1,88,2026-10-08T07:00:37.6083246Z,5.168157,0.139959,747,0,-1,Idle,0,1,TaskSwitchDisplay,1,1,Joystick,0.100000,0.000000,0.000000,0.000000,-1.000000,,,,0.000000,0.000000,0.000000,0.000000,0.000000,0.000000,0.000000,0.000000,-1,0,,0,0,0,0,0,TaskSwitchPedal,,0,Visual,1,0,0,0,,,,,,1
20261008T070032425Z_5f6954a6d38f4efd8e6199648f8dfb00,,,1,89,2026-10-08T07:00:37.6590819Z,5.218871,0.139959,750,0,-1,Idle,0,1,TaskSwitchDisplay,1,1,Joystick,0.100000,0.000000,0.000000,0.000000,-1.000000,,,,0.000000,0.000000,0.000000,0.000000,0.000000,0.000000,0.000000,0.000000,-1,0,,0,0,0,0,0,TaskSwitchPedal,,0,Visual,1,0,0,0,,,,,,1
20261008T070032425Z_5f6954a6d38f4efd8e6199648f8dfb00,,,1,90,2026-10-08T07:00:37.7157790Z,5.275499,0.139959,753,0,-1,Idle,0,1,TaskSwitchDisplay,1,1,Joystick,0.100000,0.000000,0.000000,0.000000,-1.000000,,,,0.000000,0.000000,0.000000,0.000000,0.000000,0.000000,0.000000,0.000000,-1,0,,0,0,0,0,0,TaskSwitchPedal,,0,Visual,1,0,0,0,,,,,,1
20261008T070032425Z_5f6954a6d38f4efd8e6199648f8dfb00,,,1,91,2026-10-08T07:00:37.7675443Z,5.326400,0.139959,756,0,-1,Idle,0,1,TaskSwitchDisplay,1,1,Joystick,0.100000,0.000000,0.000000,0.000000,-1.000000,,,,0.000000,0.000000,0.000000,0.000000,0.000000,0.000000,0.000000,0.000000,-1,0,,0,0,0,0,0,TaskSwitchPedal,,0,Visual,1,0,0,0,,,,,,1
20261008T070032425Z_5f6954a6d38f4efd8e6199648f8dfb00,,,1,92,2026-10-08T07:00:37.8170238Z,5.378194,0.139959,759,0,-1,Idle,0,1,TaskSwitchDisplay,1,1,Joystick,0.100000,0.000000,0.000000,0.000000,-1.000000,,,,0.000000,0.000000,0.000000,0.000000,0.000000,0.000000,0.000000,0.000000,-1,0,,0,0,0,0,0,TaskSwitchPedal,,0,Visual,1,0,0,0,,,,,,1
20261008T070032425Z_5f6954a6d38f4efd8e6199648f8dfb00,,,1,93,2026-10-08T07:00:37.8736290Z,5.432770,0.139959,762,0,-1,Idle,0,1,TaskSwitchDisplay,1,1,Joystick,0.100000,0.000000,0.000000,0.000000,-1.000000,,,,0.000000,0.000000,0.000000,0.000000,0.000000,0.000000,0.000000,0.000000,-1,0,,0,0,0,0,0,TaskSwitchPedal,,0,Visual,1,0,0,0,,,,,,1
20261008T070032425Z_5f6954a6d38f4efd8e6199648f8dfb00,,,1,94,2026-10-08T07:00:37.9247742Z,5.484119,0.139959,765,0,-1,Idle,0,1,TaskSwitchDisplay,1,1,Joystick,0.100000,0.000000,0.000000,0.000000,-1.000000,,,,0.000000,0.000000,0.000000,0.000000,0.000000,0.000000,0.000000,0.000000,-1,0,,0,0,0,0,0,TaskSwitchPedal,,0,Visual,1,0,0,0,,,,,,1
20261008T070032425Z_5f6954a6d38f4efd8e6199648f8dfb00,,,1,95,2026-10-08T07:00:37.9900604Z,5.549479,0.139959,769,0,-1,Idle,0,1,TaskSwitchDisplay,1,1,Joystick,0.100000,0.000000,0.000000,0.000000,-1.000000,,,,0.000000,0.000000,0.000000,0.000000,0.000000,0.000000,0.000000,0.000000,-1,0,,0,0,0,0,0,TaskSwitchPedal,,0,Visual,1,0,0,0,,,,,,1
20261008T070032425Z_5f6954a6d38f4efd8e6199648f8dfb00,,,1,96,2026-10-08T07:00:38.0532428Z,5.613062,0.139959,773,0,-1,Idle,0,1,TaskSwitchDisplay,1,1,Joystick,0.100000,0.000000,0.000000,0.000000,-1.000000,,,,0.000000,0.000000,0.000000,0.000000,0.000000,0.000000,0.000000,0.000000,-1,0,,0,0,0,0,0,TaskSwitchPedal,,0,Visual,1,0,0,0,,,,,,1
20261008T070032425Z_5f6954a6d38f4efd8e6199648f8dfb00,,,1,97,2026-10-08T07:00:38.1160451Z,5.675626,0.139959,777,0,-1,Idle,0,1,TaskSwitchDisplay,1,1,Joystick,0.100000,0.000000,0.000000,0.000000,-1.000000,,,,0.000000,0.000000,0.000000,0.000000,0.000000,0.000000,0.000000,0.000000,-1,0,,0,0,0,0,0,TaskSwitchPedal,,0,Visual,1,0,0,0,,,,,,1
20261008T070032425Z_5f6954a6d38f4efd8e6199648f8dfb00,,,1,98,2026-10-08T07:00:38.1794543Z,5.738408,0.139959,780,0,-1,Idle,0,1,TaskSwitchDisplay,1,1,Joystick,0.100000,0.000000,0.000000,0.000000,-1.000000,,,,0.000000,0.000000,0.000000,0.000000,0.000000,0.000000,0.000000,0.000000,-1,0,,0,0,0,0,0,TaskSwitchPedal,,0,Visual,1,0,0,0,,,,,,1
20261008T070032425Z_5f6954a6d38f4efd8e6199648f8dfb00,,,1,99,2026-10-08T07:00:38.2425769Z,5.801575,0.139959,784,0,-1,Idle,0,1,TaskSwitchDisplay,1,1,Joystick,0.100000,0.000000,0.000000,0.000000,-1.000000,,,,0.000000,0.000000,0.000000,0.000000,0.000000,0.000000,0.000000,0.000000,-1,0,,0,0,0,0,0,TaskSwitchPedal,,0,Visual,1,0,0,0,,,,,,1
20261008T070032425Z_5f6954a6d38f4efd8e6199648f8dfb00,,,1,100,2026-10-08T07:00:38.3072447Z,5.867423,0.139959,788,0,-1,Idle,0,1,TaskSwitchDisplay,1,1,Joystick,0.100000,0.000000,0.000000,0.000000,-1.000000,,,,0.000000,0.000000,0.000000,0.000000,0.000000,0.000000,0.000000,0.000000,-1,0,,0,0,0,0,0,TaskSwitchPedal,,0,Visual,1,0,0,0,,,,,,1
20261008T070032425Z_5f6954a6d38f4efd8e6199648f8dfb00,,,1,101,2026-10-08T07:00:38.3710904Z,5.929958,0.139959,792,0,-1,Idle,0,1,TaskSwitchDisplay,1,1,Joystick,0.100000,0.000000,0.000000,0.000000,-1.000000,,,,0.000000,0.000000,0.000000,0.000000,0.000000,0.000000,0.000000,0.000000,-1,0,,0,0,0,0,0,TaskSwitchPedal,,0,Visual,1,0,0,0,,,,,,1
20261008T070032425Z_5f6954a6d38f4efd8e6199648f8dfb00,,,1,102,2026-10-08T07:00:38.4341041Z,5.994017,0.139959,796,0,-1,Idle,0,1,TaskSwitchDisplay,1,1,Joystick,0.100000,0.000000,0.000000,0.000000,-1.000000,,,,0.000000,0.000000,0.000000,0.000000,0.000000,0.000000,0.000000,0.000000,-1,0,,0,0,0,0,0,TaskSwitchPedal,,0,Visual,1,0,0,0,,,,,,1
20261008T070032425Z_5f6954a6d38f4efd8e6199648f8dfb00,,,1,103,2026-10-08T07:00:38.5007400Z,6.059996,0.139959,800,0,-1,Idle,0,1,TaskSwitchDisplay,1,1,Joystick,0.100000,0.000000,0.000000,0.000000,-1.000000,,,,0.000000,0.000000,0.000000,0.000000,0.000000,0.000000,0.000000,0.000000,-1,0,,0,0,0,0,0,TaskSwitchPedal,,0,Visual,1,0,0,0,,,,,,1
20261008T070032425Z_5f6954a6d38f4efd8e6199648f8dfb00,,,1,104,2026-10-08T07:00:38.5633370Z,6.122947,0.139959,804,0,-1,Idle,0,1,TaskSwitchDisplay,1,1,Joystick,0.100000,0.000000,0.000000,0.000000,-1.000000,,,,0.000000,0.000000,0.000000,0.000000,0.000000,0.000000,0.000000,0.000000,-1,0,,0,0,0,0,0,TaskSwitchPedal,,0,Visual,1,0,0,0,,,,,,1
20261008T070032425Z_5f6954a6d38f4efd8e6199648f8dfb00,,,1,105,2026-10-08T07:00:38.6135666Z,6.172973,0.139959,807,0,-1,Idle,0,1,TaskSwitchDisplay,1,1,Joystick,0.100000,0.000000,0.000000,0.000000,-1.000000,,,,0.000000,0.000000,0.000000,0.000000,0.000000,0.000000,0.000000,0.000000,-1,0,,0,0,0,0,0,TaskSwitchPedal,,0,Visual,1,0,0,0,,,,,,1
20261008T070032425Z_5f6954a6d38f4efd8e6199648f8dfb00,,,1,106,2026-10-08T07:00:38.6808877Z,6.240813,0.139959,811,0,-1,Idle,0,1,TaskSwitchDisplay,1,1,Joystick,0.100000,0.000000,0.000000,0.000000,-1.000000,,,,0.000000,0.000000,0.000000,0.000000,0.000000,0.000000,0.000000,0.000000,-1,0,,0,0,0,0,0,TaskSwitchPedal,,0,Visual,1,0,0,0,,,,,,1
20261008T070032425Z_5f6954a6d38f4efd8e6199648f8dfb00,,,1,107,2026-10-08T07:00:38.7335671Z,6.293693,0.139959,814,0,-1,Idle,0,1,TaskSwitchDisplay,1,1,Joystick,0.100000,0.000000,0.000000,0.000000,-1.000000,,,,0.000000,0.000000,0.000000,0.000000,0.000000,0.000000,0.000000,0.000000,-1,0,,0,0,0,0,0,TaskSwitchPedal,,0,Visual,1,0,0,0,,,,,,1
20261008T070032425Z_5f6954a6d38f4efd8e6199648f8dfb00,,,1,108,2026-10-08T07:00:38.7922730Z,6.351662,0.139959,817,0,-1,Idle,0,1,TaskSwitchDisplay,1,1,Joystick,0.100000,0.000000,0.000000,0.000000,-1.000000,,,,0.000000,0.000000,0.000000,0.000000,0.000000,0.000000,0.000000,0.000000,-1,0,,0,0,0,0,0,TaskSwitchPedal,,0,Visual,1,0,0,0,,,,,,1
20261008T070032425Z_5f6954a6d38f4efd8e6199648f8dfb00,,,1,109,2026-10-08T07:00:38.8505021Z,6.409360,0.139959,820,0,-1,Idle,0,1,TaskSwitchDisplay,1,1,Joystick,0.100000,0.000000,0.000000,0.000000,-1.000000,,,,0.000000,0.000000,0.000000,0.000000,0.000000,0.000000,0.000000,0.000000,-1,0,,0,0,0,0,0,TaskSwitchPedal,,0,Visual,1,0,0,0,,,,,,1
20261008T070032425Z_5f6954a6d38f4efd8e6199648f8dfb00,,,1,110,2026-10-08T07:00:38.9069260Z,6.466995,0.139959,823,0,-1,Idle,0,1,TaskSwitchDisplay,1,1,Joystick,0.100000,0.000000,0.000000,0.000000,-1.000000,,,,0.000000,0.000000,0.000000,0.000000,0.000000,0.000000,0.000000,0.000000,-1,0,,0,0,0,0,0,TaskSwitchPedal,,0,Visual,1,0,0,0,,,,,,1
20261008T070032425Z_5f6954a6d38f4efd8e6199648f8dfb00,,,1,111,2026-10-08T07:00:38.9654746Z,6.524673,0.139959,826,0,-1,Idle,0,1,TaskSwitchDisplay,1,1,Joystick,0.100000,0.000000,0.000000,0.000000,-1.000000,,,,0.000000,0.000000,0.000000,0.000000,0.000000,0.000000,0.000000,0.000000,-1,0,,0,0,0,0,0,TaskSwitchPedal,,0,Visual,1,0,0,0,,,,,,1
20261008T070032425Z_5f6954a6d38f4efd8e6199648f8dfb00,,,1,112,2026-10-08T07:00:39.0335446Z,6.592431,0.139959,830,0,-1,Idle,0,1,TaskSwitchDisplay,1,1,Joystick,0.100000,0.000000,0.000000,0.000000,-1.000000,,,,0.000000,0.000000,0.000000,0.000000,0.000000,0.000000,0.000000,0.000000,-1,0,,0,0,0,0,0,TaskSwitchPedal,,0,Visual,1,0,0,0,,,,,,1
20261008T070032425Z_5f6954a6d38f4efd8e6199648f8dfb00,,,1,113,2026-10-08T07:00:39.0841044Z,6.643722,0.139959,833,0,-1,Idle,0,1,TaskSwitchDisplay,1,1,Joystick,0.100000,0.000000,0.000000,0.000000,-1.000000,,,,0.000000,0.000000,0.000000,0.000000,0.000000,0.000000,0.000000,0.000000,-1,0,,0,0,0,0,0,TaskSwitchPedal,,0,Visual,1,0,0,0,,,,,,1
20261008T070032425Z_5f6954a6d38f4efd8e6199648f8dfb00,,,1,114,2026-10-08T07:00:39.1511317Z,6.710056,0.139959,837,0,-1,Idle,0,1,TaskSwitchDisplay,1,1,Joystick,0.100000,0.000000,0.000000,0.000000,-1.000000,,,,0.000000,0.000000,0.000000,0.000000,0.000000,0.000000,0.000000,0.000000,-1,0,,0,0,0,0,0,TaskSwitchPedal,,0,Visual,1,0,0,0,,,,,,1
20261008T070032425Z_5f6954a6d38f4efd8e6199648f8dfb00,,,1,115,2026-10-08T07:00:39.2143912Z,6.773249,0.139959,841,0,-1,Idle,0,1,TaskSwitchDisplay,1,1,Joystick,0.100000,0.000000,0.000000,0.000000,-1.000000,,,,0.000000,0.000000,0.000000,0.000000,0.000000,0.000000,0.000000,0.000000,-1,0,,0,0,0,0,0,TaskSwitchPedal,,0,Visual,1,0,0,0,,,,,,1
20261008T070032425Z_5f6954a6d38f4efd8e6199648f8dfb00,,,1,116,2026-10-08T07:00:39.2782614Z,6.838204,0.139959,845,0,-1,Idle,0,1,TaskSwitchDisplay,1,1,Joystick,0.100000,0.000000,0.000000,0.000000,-1.000000,,,,0.000000,0.000000,0.000000,0.000000,0.000000,0.000000,0.000000,0.000000,-1,0,,0,0,0,0,0,TaskSwitchPedal,,0,Visual,1,0,0,0,,,,,,1
20261008T070032425Z_5f6954a6d38f4efd8e6199648f8dfb00,,,1,117,2026-10-08T07:00:39.3444351Z,6.903745,0.139959,849,0,-1,Idle,0,1,TaskSwitchDisplay,1,1,Joystick,0.100000,0.000000,0.000000,0.000000,-1.000000,,,,0.000000,0.000000,0.000000,0.000000,0.000000,0.000000,0.000000,0.000000,-1,0,,0,0,0,0,0,TaskSwitchPedal,,0,Visual,1,0,0,0,,,,,,1
20261008T070032425Z_5f6954a6d38f4efd8e6199648f8dfb00,,,1,118,2026-10-08T07:00:39.4130586Z,6.972424,0.139959,853,0,-1,Idle,0,1,TaskSwitchDisplay,1,1,Joystick,0.100000,0.000000,0.000000,0.000000,-1.000000,,,,0.000000,0.000000,0.000000,0.000000,0.000000,0.000000,0.000000,0.000000,-1,0,,0,0,0,0,0,TaskSwitchPedal,,0,Visual,1,0,0,0,,,,,,1
20261008T070032425Z_5f6954a6d38f4efd8e6199648f8dfb00,,,1,119,2026-10-08T07:00:39.4765430Z,7.035950,0.139959,856,0,-1,Idle,0,1,TaskSwitchDisplay,1,1,Joystick,0.100000,0.000000,0.000000,0.000000,-1.000000,,,,0.000000,0.000000,0.000000,0.000000,0.000000,0.000000,0.000000,0.000000,-1,0,,0,0,0,0,0,TaskSwitchPedal,,0,Visual,1,0,0,0,,,,,,1
20261008T070032425Z_5f6954a6d38f4efd8e6199648f8dfb00,,,1,120,2026-10-08T07:00:39.5410735Z,7.100603,0.139959,860,0,-1,Idle,0,1,TaskSwitchDisplay,1,1,Joystick,0.100000,0.000000,0.000000,0.000000,-1.000000,,,,0.000000,0.000000,0.000000,0.000000,0.000000,0.000000,0.000000,0.000000,-1,0,,0,0,0,0,0,TaskSwitchPedal,,0,Visual,1,0,0,0,,,,,,1
20261008T070032425Z_5f6954a6d38f4efd8e6199648f8dfb00,,,1,121,2026-10-08T07:00:39.5919706Z,7.151599,0.139959,863,0,-1,Idle,0,1,TaskSwitchDisplay,1,1,Joystick,0.100000,0.000000,0.000000,0.000000,-1.000000,,,,0.000000,0.000000,0.000000,0.000000,0.000000,0.000000,0.000000,0.000000,-1,0,,0,0,0,0,0,TaskSwitchPedal,,0,Visual,1,0,0,0,,,,,,1
20261008T070032425Z_5f6954a6d38f4efd8e6199648f8dfb00,,,1,122,2026-10-08T07:00:39.6564751Z,7.216422,0.139959,867,0,-1,Idle,0,1,TaskSwitchDisplay,1,1,Joystick,0.100000,0.000000,0.000000,0.000000,-1.000000,,,,0.000000,0.000000,0.000000,0.000000,0.000000,0.000000,0.000000,0.000000,-1,0,,0,0,0,0,0,TaskSwitchPedal,,0,Visual,1,0,0,0,,,,,,1
20261008T070032425Z_5f6954a6d38f4efd8e6199648f8dfb00,,,1,123,2026-10-08T07:00:39.7073603Z,7.266838,0.139959,870,0,-1,Idle,0,1,TaskSwitchDisplay,1,1,Joystick,0.100000,0.000000,0.000000,0.000000,-1.000000,,,,0.000000,0.000000,0.000000,0.000000,0.000000,0.000000,0.000000,0.000000,-1,0,,0,0,0,0,0,TaskSwitchPedal,,0,Visual,1,0,0,0,,,,,,1
20261008T070032425Z_5f6954a6d38f4efd8e6199648f8dfb00,,,1,124,2026-10-08T07:00:39.7586516Z,7.317751,0.139959,873,0,-1,Idle,0,1,TaskSwitchDisplay,1,1,Joystick,0.100000,0.000000,0.000000,0.000000,-1.000000,,,,0.000000,0.000000,0.000000,0.000000,0.000000,0.000000,0.000000,0.000000,-1,0,,0,0,0,0,0,TaskSwitchPedal,,0,Visual,1,0,0,0,,,,,,1
20261008T070032425Z_5f6954a6d38f4efd8e6199648f8dfb00,,,1,125,2026-10-08T07:00:39.8120734Z,7.372031,0.139959,876,0,-1,Idle,0,1,TaskSwitchDisplay,1,1,Joystick,0.100000,0.000000,0.000000,0.000000,-1.000000,,,,0.000000,0.000000,0.000000,0.000000,0.000000,0.000000,0.000000,0.000000,-1,0,,0,0,0,0,0,TaskSwitchPedal,,0,Visual,1,0,0,0,,,,,,1
20261008T070032425Z_5f6954a6d38f4efd8e6199648f8dfb00,,,1,126,2026-10-08T07:00:39.8769920Z,7.436617,0.139959,880,0,-1,Idle,0,1,TaskSwitchDisplay,1,1,Joystick,0.100000,0.000000,0.000000,0.000000,-1.000000,,,,0.000000,0.000000,0.000000,0.000000,0.000000,0.000000,0.000000,0.000000,-1,0,,0,0,0,0,0,TaskSwitchPedal,,0,Visual,1,0,0,0,,,,,,1
20261008T070032425Z_5f6954a6d38f4efd8e6199648f8dfb00,,,1,127,2026-10-08T07:00:39.9432209Z,7.502951,0.139959,884,0,-1,Idle,0,1,TaskSwitchDisplay,1,1,Joystick,0.100000,0.000000,0.000000,0.000000,-1.000000,,,,0.000000,0.000000,0.000000,0.000000,0.000000,0.000000,0.000000,0.000000,-1,0,,0,0,0,0,0,TaskSwitchPedal,,0,Visual,1,0,0,0,,,,,,1
20261008T070032425Z_5f6954a6d38f4efd8e6199648f8dfb00,,,1,128,2026-10-08T07:00:39.9952208Z,7.555021,0.139959,887,0,-1,Idle,0,1,TaskSwitchDisplay,1,1,Joystick,0.100000,0.000000,0.000000,0.000000,-1.000000,,,,0.000000,0.000000,0.000000,0.000000,0.000000,0.000000,0.000000,0.000000,-1,0,,0,0,0,0,0,TaskSwitchPedal,,0,Visual,1,0,0,0,,,,,,1
20261008T070032425Z_5f6954a6d38f4efd8e6199648f8dfb00,,,1,129,2026-10-08T07:00:40.0521923Z,7.611829,0.139959,890,0,-1,Idle,0,1,TaskSwitchDisplay,1,1,Joystick,0.100000,0.000000,0.000000,0.000000,-1.000000,,,,0.000000,0.000000,0.000000,0.000000,0.000000,0.000000,0.000000,0.000000,-1,0,,0,0,0,0,0,TaskSwitchPedal,,0,Visual,1,0,0,0,,,,,,1
20261008T070032425Z_5f6954a6d38f4efd8e6199648f8dfb00,,,1,130,2026-10-08T07:00:40.1077273Z,7.667316,0.139959,893,0,-1,Idle,0,1,TaskSwitchDisplay,1,1,Joystick,0.100000,0.000000,0.000000,0.000000,-1.000000,,,,0.000000,0.000000,0.000000,0.000000,0.000000,0.000000,0.000000,0.000000,-1,0,,0,0,0,0,0,TaskSwitchPedal,,0,Visual,1,0,0,0,,,,,,1
20261008T070032425Z_5f6954a6d38f4efd8e6199648f8dfb00,,,1,131,2026-10-08T07:00:40.1618348Z,7.720828,0.139959,896,0,-1,Idle,0,1,TaskSwitchDisplay,1,1,Joystick,0.100000,0.000000,0.000000,0.000000,-1.000000,,,,0.000000,0.000000,0.000000,0.000000,0.000000,0.000000,0.000000,0.000000,-1,0,,0,0,0,0,0,TaskSwitchPedal,,0,Visual,1,0,0,0,,,,,,1
20261008T070032425Z_5f6954a6d38f4efd8e6199648f8dfb00,,,1,132,2026-10-08T07:00:40.2199662Z,7.779797,0.139959,899,0,-1,Idle,0,1,TaskSwitchDisplay,1,1,Joystick,0.100000,0.000000,0.000000,0.000000,-1.000000,,,,0.000000,0.000000,0.000000,0.000000,0.000000,0.000000,0.000000,0.000000,-1,0,,0,0,0,0,0,TaskSwitchPedal,,0,Visual,1,0,0,0,,,,,,1
20261008T070032425Z_5f6954a6d38f4efd8e6199648f8dfb00,,,1,133,2026-10-08T07:00:40.2751086Z,7.834686,0.139959,902,0,-1,Idle,0,1,TaskSwitchDisplay,1,1,Joystick,0.100000,0.000000,0.000000,0.000000,-1.000000,,,,0.000000,0.000000,0.000000,0.000000,0.000000,0.000000,0.000000,0.000000,-1,0,,0,0,0,0,0,TaskSwitchPedal,,0,Visual,1,0,0,0,,,,,,1
20261008T070032425Z_5f6954a6d38f4efd8e6199648f8dfb00,,,1,134,2026-10-08T07:00:40.3262247Z,7.885954,0.139959,905,0,-1,Idle,0,1,TaskSwitchDisplay,1,1,Joystick,0.100000,0.000000,0.000000,0.000000,-1.000000,,,,0.000000,0.000000,0.000000,0.000000,0.000000,0.000000,0.000000,0.000000,-1,0,,0,0,0,0,0,TaskSwitchPedal,,0,Visual,1,0,0,0,,,,,,1
20261008T070032425Z_5f6954a6d38f4efd8e6199648f8dfb00,,,1,135,2026-10-08T07:00:40.3772285Z,7.936449,0.139959,908,0,-1,Idle,0,1,TaskSwitchDisplay,1,1,Joystick,0.100000,0.000000,0.000000,0.000000,-1.000000,,,,0.000000,0.000000,0.000000,0.000000,0.000000,0.000000,0.000000,0.000000,-1,0,,0,0,0,0,0,TaskSwitchPedal,,0,Visual,1,0,0,0,,,,,,1
20261008T070032425Z_5f6954a6d38f4efd8e6199648f8dfb00,,,1,136,2026-10-08T07:00:40.4433842Z,8.003256,0.139959,912,0,-1,Idle,0,1,TaskSwitchDisplay,1,1,Joystick,0.100000,0.000000,0.000000,0.000000,-1.000000,,,,0.000000,0.000000,0.000000,0.000000,0.000000,0.000000,0.000000,0.000000,-1,0,,0,0,0,0,0,TaskSwitchPedal,,0,Visual,1,0,0,0,,,,,,1
20261008T070032425Z_5f6954a6d38f4efd8e6199648f8dfb00,,,1,137,2026-10-08T07:00:40.4975467Z,8.057365,0.139959,915,0,-1,Idle,0,1,TaskSwitchDisplay,1,1,Joystick,0.100000,0.000000,0.000000,0.000000,-1.000000,,,,0.000000,0.000000,0.000000,0.000000,0.000000,0.000000,0.000000,0.000000,-1,0,,0,0,0,0,0,TaskSwitchPedal,,0,Visual,1,0,0,0,,,,,,1
20261008T070032425Z_5f6954a6d38f4efd8e6199648f8dfb00,,,1,138,2026-10-08T07:00:40.5511192Z,8.111033,0.139959,918,0,-1,Idle,0,1,TaskSwitchDisplay,1,1,Joystick,0.100000,0.000000,0.000000,0.000000,-1.000000,,,,0.000000,0.000000,0.000000,0.000000,0.000000,0.000000,0.000000,0.000000,-1,0,,0,0,0,0,0,TaskSwitchPedal,,0,Visual,1,0,0,0,,,,,,1
20261008T070032425Z_5f6954a6d38f4efd8e6199648f8dfb00,,,1,139,2026-10-08T07:00:40.6023938Z,8.162407,0.139959,921,0,-1,Idle,0,1,TaskSwitchDisplay,1,1,Joystick,0.100000,0.000000,0.000000,0.000000,-1.000000,,,,0.000000,0.000000,0.000000,0.000000,0.000000,0.000000,0.000000,0.000000,-1,0,,0,0,0,0,0,TaskSwitchPedal,,0,Visual,1,0,0,0,,,,,,1
20261008T070032425Z_5f6954a6d38f4efd8e6199648f8dfb00,,,1,140,2026-10-08T07:00:40.6679256Z,8.227256,0.139959,925,0,-1,Idle,0,1,TaskSwitchDisplay,1,1,Joystick,0.100000,0.000000,0.000000,0.000000,-1.000000,,,,0.000000,0.000000,0.000000,0.000000,0.000000,0.000000,0.000000,0.000000,-1,0,,0,0,0,0,0,TaskSwitchPedal,,0,Visual,1,0,0,0,,,,,,1
20261008T070032425Z_5f6954a6d38f4efd8e6199648f8dfb00,,,1,141,2026-10-08T07:00:40.7197104Z,8.278959,0.139959,928,0,-1,Idle,0,1,TaskSwitchDisplay,1,1,Joystick,0.100000,0.000000,0.000000,0.000000,-1.000000,,,,0.000000,0.000000,0.000000,0.000000,0.000000,0.000000,0.000000,0.000000,-1,0,,0,0,0,0,0,TaskSwitchPedal,,0,Visual,1,0,0,0,,,,,,1
20261008T070032425Z_5f6954a6d38f4efd8e6199648f8dfb00,,,1,142,2026-10-08T07:00:40.7736099Z,8.332462,0.139959,931,0,-1,Idle,0,1,TaskSwitchDisplay,1,1,Joystick,0.100000,0.000000,0.000000,0.000000,-1.000000,,,,0.000000,0.000000,0.000000,0.000000,0.000000,0.000000,0.000000,0.000000,-1,0,,0,0,0,0,0,TaskSwitchPedal,,0,Visual,1,0,0,0,,,,,,1
20261008T070032425Z_5f6954a6d38f4efd8e6199648f8dfb00,,,1,143,2026-10-08T07:00:40.8234874Z,8.382744,0.139959,934,0,-1,Idle,0,1,TaskSwitchDisplay,1,1,Joystick,0.100000,0.000000,0.000000,0.000000,-1.000000,,,,0.000000,0.000000,0.000000,0.000000,0.000000,0.000000,0.000000,0.000000,-1,0,,0,0,0,0,0,TaskSwitchPedal,,0,Visual,1,0,0,0,,,,,,1
20261008T070032425Z_5f6954a6d38f4efd8e6199648f8dfb00,,,1,144,2026-10-08T07:00:40.8799558Z,8.438999,0.139959,937,0,-1,Idle,0,1,TaskSwitchDisplay,1,1,Joystick,0.100000,0.000000,0.000000,0.000000,-1.000000,,,,0.000000,0.000000,0.000000,0.000000,0.000000,0.000000,0.000000,0.000000,-1,0,,0,0,0,0,0,TaskSwitchPedal,,0,Visual,1,0,0,0,,,,,,1
20261008T070032425Z_5f6954a6d38f4efd8e6199648f8dfb00,,,1,145,2026-10-08T07:00:40.9299697Z,8.489380,0.139959,940,0,-1,Idle,0,1,TaskSwitchDisplay,1,1,Joystick,0.100000,0.000000,0.000000,0.000000,-1.000000,,,,0.000000,0.000000,0.000000,0.000000,0.000000,0.000000,0.000000,0.000000,-1,0,,0,0,0,0,0,TaskSwitchPedal,,0,Visual,1,0,0,0,,,,,,1
20261008T070032425Z_5f6954a6d38f4efd8e6199648f8dfb00,,,1,146,2026-10-08T07:00:40.9941997Z,8.554349,0.139959,944,0,-1,Idle,0,1,TaskSwitchDisplay,1,1,Joystick,0.100000,0.000000,0.000000,0.000000,-1.000000,,,,0.000000,0.000000,0.000000,0.000000,0.000000,0.000000,0.000000,0.000000,-1,0,,0,0,0,0,0,TaskSwitchPedal,,0,Visual,1,0,0,0,,,,,,1
20261008T070032425Z_5f6954a6d38f4efd8e6199648f8dfb00,,,1,147,2026-10-08T07:00:41.0460937Z,8.605010,0.139959,947,0,-1,Idle,0,1,TaskSwitchDisplay,1,1,Joystick,0.100000,0.000000,0.000000,0.000000,-1.000000,,,,0.000000,0.000000,0.000000,0.000000,0.000000,0.000000,0.000000,0.000000,-1,0,,0,0,0,0,0,TaskSwitchPedal,,0,Visual,1,0,0,0,,,,,,1
20261008T070032425Z_5f6954a6d38f4efd8e6199648f8dfb00,,,1,148,2026-10-08T07:00:41.1078493Z,8.667950,0.139959,951,0,-1,Idle,0,1,TaskSwitchDisplay,1,1,Joystick,0.100000,0.000000,0.000000,0.000000,-1.000000,,,,0.000000,0.000000,0.000000,0.000000,0.000000,0.000000,0.000000,0.000000,-1,0,,0,0,0,0,0,TaskSwitchPedal,,0,Visual,1,0,0,0,,,,,,1
20261008T070032425Z_5f6954a6d38f4efd8e6199648f8dfb00,,,1,149,2026-10-08T07:00:41.1717275Z,8.731791,0.139959,955,0,-1,Idle,0,1,TaskSwitchDisplay,1,1,Joystick,0.100000,0.000000,0.000000,0.000000,-1.000000,,,,0.000000,0.000000,0.000000,0.000000,0.000000,0.000000,0.000000,0.000000,-1,0,,0,0,0,0,0,TaskSwitchPedal,,0,Visual,1,0,0,0,,,,,,1
20261008T070032425Z_5f6954a6d38f4efd8e6199648f8dfb00,,,1,150,2026-10-08T07:00:41.2358767Z,8.795284,0.139959,959,0,-1,Idle,0,1,TaskSwitchDisplay,1,1,Joystick,0.100000,0.000000,0.000000,0.000000,-1.000000,,,,0.000000,0.000000,0.000000,0.000000,0.000000,0.000000,0.000000,0.000000,-1,0,,0,0,0,0,0,TaskSwitchPedal,,0,Visual,1,0,0,0,,,,,,1
20261008T070032425Z_5f6954a6d38f4efd8e6199648f8dfb00,,,1,151,2026-10-08T07:00:41.2883283Z,8.847187,0.139959,962,0,-1,Idle,0,1,TaskSwitchDisplay,1,1,Joystick,0.100000,0.000000,0.000000,0.000000,-1.000000,,,,0.000000,0.000000,0.000000,0.000000,0.000000,0.000000,0.000000,0.000000,-1,0,,0,0,0,0,0,TaskSwitchPedal,,0,Visual,1,0,0,0,,,,,,1
20261008T070032425Z_5f6954a6d38f4efd8e6199648f8dfb00,,,1,152,2026-10-08T07:00:41.3407981Z,8.899819,0.139959,965,0,-1,Idle,0,1,TaskSwitchDisplay,1,1,Joystick,0.100000,0.000000,0.000000,0.000000,-1.000000,,,,0.000000,0.000000,0.000000,0.000000,0.000000,0.000000,0.000000,0.000000,-1,0,,0,0,0,0,0,TaskSwitchPedal,,0,Visual,1,0,0,0,,,,,,1
20261008T070032425Z_5f6954a6d38f4efd8e6199648f8dfb00,,,1,153,2026-10-08T07:00:41.3931813Z,8.952131,0.139959,968,0,-1,Idle,0,1,TaskSwitchDisplay,1,1,Joystick,0.100000,0.000000,0.000000,0.000000,-1.000000,,,,0.000000,0.000000,0.000000,0.000000,0.000000,0.000000,0.000000,0.000000,-1,0,,0,0,0,0,0,TaskSwitchPedal,,0,Visual,1,0,0,0,,,,,,1
20261008T070032425Z_5f6954a6d38f4efd8e6199648f8dfb00,,,1,154,2026-10-08T07:00:41.4459526Z,9.005124,0.139959,971,0,-1,Idle,0,1,TaskSwitchDisplay,1,1,Joystick,0.100000,0.000000,0.000000,0.000000,-1.000000,,,,0.000000,0.000000,0.000000,0.000000,0.000000,0.000000,0.000000,0.000000,-1,0,,0,0,0,0,0,TaskSwitchPedal,,0,Visual,1,0,0,0,,,,,,1
20261008T070032425Z_5f6954a6d38f4efd8e6199648f8dfb00,,,1,155,2026-10-08T07:00:41.5072691Z,9.066719,0.139959,974,0,-1,Idle,0,1,TaskSwitchDisplay,1,1,Joystick,0.100000,0.000000,0.000000,0.000000,-1.000000,,,,0.000000,0.000000,0.000000,0.000000,0.000000,0.000000,0.000000,0.000000,-1,0,,0,0,0,0,0,TaskSwitchPedal,,0,Visual,1,0,0,0,,,,,,1
20261008T070032425Z_5f6954a6d38f4efd8e6199648f8dfb00,,,1,156,2026-10-08T07:00:41.5728734Z,9.132985,0.139959,977,0,-1,Idle,0,1,TaskSwitchDisplay,1,1,Joystick,0.100000,0.000000,0.000000,0.000000,-1.000000,,,,0.000000,0.000000,0.000000,0.000000,0.000000,0.000000,0.000000,0.000000,-1,0,,0,0,0,0,0,TaskSwitchPedal,,0,Visual,1,0,0,0,,,,,,1
20261008T070032425Z_5f6954a6d38f4efd8e6199648f8dfb00,,,1,157,2026-10-08T07:00:41.6269738Z,9.186446,0.139959,980,0,-1,Idle,0,1,TaskSwitchDisplay,1,1,Joystick,0.100000,0.000000,0.000000,0.000000,-1.000000,,,,0.000000,0.000000,0.000000,0.000000,0.000000,0.000000,0.000000,0.000000,-1,0,,0,0,0,0,0,TaskSwitchPedal,,0,Visual,1,0,0,0,,,,,,1
20261008T070032425Z_5f6954a6d38f4efd8e6199648f8dfb00,,,1,158,2026-10-08T07:00:41.6775488Z,9.237164,0.139959,983,0,-1,Idle,0,1,TaskSwitchDisplay,1,1,Joystick,0.100000,0.000000,0.000000,0.000000,-1.000000,,,,0.000000,0.000000,0.000000,0.000000,0.000000,0.000000,0.000000,0.000000,-1,0,,0,0,0,0,0,TaskSwitchPedal,,0,Visual,1,0,0,0,,,,,,1
20261008T070032425Z_5f6954a6d38f4efd8e6199648f8dfb00,,,1,159,2026-10-08T07:00:41.7322542Z,9.291892,0.139959,986,0,-1,Idle,0,1,TaskSwitchDisplay,1,1,Joystick,0.100000,0.000000,0.000000,0.000000,-1.000000,,,,0.000000,0.000000,0.000000,0.000000,0.000000,0.000000,0.000000,0.000000,-1,0,,0,0,0,0,0,TaskSwitchPedal,,0,Visual,1,0,0,0,,,,,,1
20261008T070032425Z_5f6954a6d38f4efd8e6199648f8dfb00,,,1,160,2026-10-08T07:00:41.7977228Z,9.356979,0.139959,990,0,-1,Idle,0,1,TaskSwitchDisplay,1,1,Joystick,0.100000,0.000000,0.000000,0.000000,-1.000000,,,,0.000000,0.000000,0.000000,0.000000,0.000000,0.000000,0.000000,0.000000,-1,0,,0,0,0,0,0,TaskSwitchPedal,,0,Visual,1,0,0,0,,,,,,1
20261008T070032425Z_5f6954a6d38f4efd8e6199648f8dfb00,,,1,161,2026-10-08T07:00:41.8630999Z,9.422313,0.139959,994,0,-1,Idle,0,1,TaskSwitchDisplay,1,1,Joystick,0.100000,0.000000,0.000000,0.000000,-1.000000,,,,0.000000,0.000000,0.000000,0.000000,0.000000,0.000000,0.000000,0.000000,-1,0,,0,0,0,0,0,TaskSwitchPedal,,0,Visual,1,0,0,0,,,,,,1
20261008T070032425Z_5f6954a6d38f4efd8e6199648f8dfb00,,,1,162,2026-10-08T07:00:41.9163065Z,9.475902,0.139959,997,0,-1,Idle,0,1,TaskSwitchDisplay,1,1,Joystick,0.100000,0.000000,0.000000,0.000000,-1.000000,,,,0.000000,0.000000,0.000000,0.000000,0.000000,0.000000,0.000000,0.000000,-1,0,,0,0,0,0,0,TaskSwitchPedal,,0,Visual,1,0,0,0,,,,,,1
20261008T070032425Z_5f6954a6d38f4efd8e6199648f8dfb00,,,1,163,2026-10-08T07:00:41.9800563Z,9.539486,0.139959,1001,0,-1,Idle,0,1,TaskSwitchDisplay,1,1,Joystick,0.100000,0.000000,0.000000,0.000000,-1.000000,,,,0.000000,0.000000,0.000000,0.000000,0.000000,0.000000,0.000000,0.000000,-1,0,,0,0,0,0,0,TaskSwitchPedal,,0,Visual,1,0,0,0,,,,,,1
20261008T070032425Z_5f6954a6d38f4efd8e6199648f8dfb00,,,1,164,2026-10-08T07:00:42.0447321Z,9.604069,0.139959,1005,0,-1,Idle,0,1,TaskSwitchDisplay,1,1,Joystick,0.100000,0.000000,0.000000,0.000000,-1.000000,,,,0.000000,0.000000,0.000000,0.000000,0.000000,0.000000,0.000000,0.000000,-1,0,,0,0,0,0,0,TaskSwitchPedal,,0,Visual,1,0,0,0,,,,,,1
20261008T070032425Z_5f6954a6d38f4efd8e6199648f8dfb00,,,1,165,2026-10-08T07:00:42.1112103Z,9.670134,0.139959,1009,0,-1,Idle,0,1,TaskSwitchDisplay,1,1,Joystick,0.100000,0.000000,0.000000,0.000000,-1.000000,,,,0.000000,0.000000,0.000000,0.000000,0.000000,0.000000,0.000000,0.000000,-1,0,,0,0,0,0,0,TaskSwitchPedal,,0,Visual,1,0,0,0,,,,,,1
20261008T070032425Z_5f6954a6d38f4efd8e6199648f8dfb00,,,1,166,2026-10-08T07:00:42.1746198Z,9.733618,0.139959,1013,0,-1,Idle,0,1,TaskSwitchDisplay,1,1,Joystick,0.100000,0.000000,0.000000,0.000000,-1.000000,,,,0.000000,0.000000,0.000000,0.000000,0.000000,0.000000,0.000000,0.000000,-1,0,,0,0,0,0,0,TaskSwitchPedal,,0,Visual,1,0,0,0,,,,,,1
20261008T070032425Z_5f6954a6d38f4efd8e6199648f8dfb00,,,1,167,2026-10-08T07:00:42.2419022Z,9.800788,0.139959,1017,0,-1,Idle,0,1,TaskSwitchDisplay,1,1,Joystick,0.100000,0.000000,0.000000,0.000000,-1.000000,,,,0.000000,0.000000,0.000000,0.000000,0.000000,0.000000,0.000000,0.000000,-1,0,,0,0,0,0,0,TaskSwitchPedal,,0,Visual,1,0,0,0,,,,,,1
20261008T070032425Z_5f6954a6d38f4efd8e6199648f8dfb00,,,1,168,2026-10-08T07:00:42.3064115Z,9.865912,0.139959,1021,0,-1,Idle,0,1,TaskSwitchDisplay,1,1,Joystick,0.100000,0.000000,0.000000,0.000000,-1.000000,,,,0.000000,0.000000,0.000000,0.000000,0.000000,0.000000,0.000000,0.000000,-1,0,,0,0,0,0,0,TaskSwitchPedal,,0,Visual,1,0,0,0,,,,,,1
20261008T070032425Z_5f6954a6d38f4efd8e6199648f8dfb00,,,1,169,2026-10-08T07:00:42.3566664Z,9.916879,0.139959,1024,0,-1,Idle,0,1,TaskSwitchDisplay,1,1,Joystick,0.100000,0.000000,0.000000,0.000000,-1.000000,,,,0.000000,0.000000,0.000000,0.000000,0.000000,0.000000,0.000000,0.000000,-1,0,,0,0,0,0,0,TaskSwitchPedal,,0,Visual,1,0,0,0,,,,,,1
20261008T070032425Z_5f6954a6d38f4efd8e6199648f8dfb00,,,1,170,2026-10-08T07:00:42.4092055Z,9.968490,0.139959,1027,0,-1,Idle,0,1,TaskSwitchDisplay,1,1,Joystick,0.100000,0.000000,0.000000,0.000000,-1.000000,,,,0.000000,0.000000,0.000000,0.000000,0.000000,0.000000,0.000000,0.000000,-1,0,,0,0,0,0,0,TaskSwitchPedal,,0,Visual,1,0,0,0,,,,,,1
20261008T070032425Z_5f6954a6d38f4efd8e6199648f8dfb00,,,1,171,2026-10-08T07:00:42.4731180Z,10.032580,0.139959,1031,0,-1,Idle,0,1,TaskSwitchDisplay,1,1,Joystick,0.100000,0.000000,0.000000,0.000000,-1.000000,,,,0.000000,0.000000,0.000000,0.000000,0.000000,0.000000,0.000000,0.000000,-1,0,,0,0,0,0,0,TaskSwitchPedal,,0,Visual,1,0,0,0,,,,,,1
20261008T070032425Z_5f6954a6d38f4efd8e6199648f8dfb00,,,1,172,2026-10-08T07:00:42.5248849Z,10.085101,0.139959,1034,0,-1,Idle,0,1,TaskSwitchDisplay,1,1,Joystick,0.100000,0.000000,0.000000,0.000000,-1.000000,,,,0.000000,0.000000,0.000000,0.000000,0.000000,0.000000,0.000000,0.000000,-1,0,,0,0,0,0,0,TaskSwitchPedal,,0,Visual,1,0,0,0,,,,,,1
20261008T070032425Z_5f6954a6d38f4efd8e6199648f8dfb00,,,1,173,2026-10-08T07:00:42.5789724Z,10.138593,0.139959,1037,0,-1,Idle,0,1,TaskSwitchDisplay,1,1,Joystick,0.100000,0.000000,0.000000,0.000000,-1.000000,,,,0.000000,0.000000,0.000000,0.000000,0.000000,0.000000,0.000000,0.000000,-1,0,,0,0,0,0,0,TaskSwitchPedal,,0,Visual,1,0,0,0,,,,,,1
20261008T070032425Z_5f6954a6d38f4efd8e6199648f8dfb00,,,1,174,2026-10-08T07:00:42.6325596Z,10.191765,0.139959,1040,0,-1,Idle,0,1,TaskSwitchDisplay,1,1,Joystick,0.100000,0.000000,0.000000,0.000000,-1.000000,,,,0.000000,0.000000,0.000000,0.000000,0.000000,0.000000,0.000000,0.000000,-1,0,,0,0,0,0,0,TaskSwitchPedal,,0,Visual,1,0,0,0,,,,,,1
20261008T070032425Z_5f6954a6d38f4efd8e6199648f8dfb00,,,1,175,2026-10-08T07:00:42.6845732Z,10.244871,0.139959,1043,0,-1,Idle,0,1,TaskSwitchDisplay,1,1,Joystick,0.100000,0.000000,0.000000,0.000000,-1.000000,,,,0.000000,0.000000,0.000000,0.000000,0.000000,0.000000,0.000000,0.000000,-1,0,,0,0,0,0,0,TaskSwitchPedal,,0,Visual,1,0,0,0,,,,,,1
20261008T070032425Z_5f6954a6d38f4efd8e6199648f8dfb00,,,1,176,2026-10-08T07:00:42.7378534Z,10.297409,0.139959,1046,0,-1,Idle,0,1,TaskSwitchDisplay,1,1,Joystick,0.100000,0.000000,0.000000,0.000000,-1.000000,,,,0.000000,0.000000,0.000000,0.000000,0.000000,0.000000,0.000000,0.000000,-1,0,,0,0,0,0,0,TaskSwitchPedal,,0,Visual,1,0,0,0,,,,,,1
20261008T070032425Z_5f6954a6d38f4efd8e6199648f8dfb00,,,1,177,2026-10-08T07:00:42.7916986Z,10.351888,0.139959,1049,0,-1,Idle,0,1,TaskSwitchDisplay,1,1,Joystick,0.100000,0.000000,0.000000,0.000000,-1.000000,,,,0.000000,0.000000,0.000000,0.000000,0.000000,0.000000,0.000000,0.000000,-1,0,,0,0,0,0,0,TaskSwitchPedal,,0,Visual,1,0,0,0,,,,,,1
20261008T070032425Z_5f6954a6d38f4efd8e6199648f8dfb00,,,1,178,2026-10-08T07:00:42.8470507Z,10.406309,0.139959,1052,0,-1,Idle,0,1,TaskSwitchDisplay,1,1,Joystick,0.100000,0.000000,0.000000,0.000000,-1.000000,,,,0.000000,0.000000,0.000000,0.000000,0.000000,0.000000,0.000000,0.000000,-1,0,,0,0,0,0,0,TaskSwitchPedal,,0,Visual,1,0,0,0,,,,,,1
20261008T070032425Z_5f6954a6d38f4efd8e6199648f8dfb00,,,1,179,2026-10-08T07:00:42.9036760Z,10.462896,0.139959,1055,0,-1,Idle,0,1,TaskSwitchDisplay,1,1,Joystick,0.100000,0.000000,0.000000,0.000000,-1.000000,,,,0.000000,0.000000,0.000000,0.000000,0.000000,0.000000,0.000000,0.000000,-1,0,,0,0,0,0,0,TaskSwitchPedal,,0,Visual,1,0,0,0,,,,,,1
20261008T070032425Z_5f6954a6d38f4efd8e6199648f8dfb00,,,1,180,2026-10-08T07:00:42.9612169Z,10.521219,0.139959,1058,0,-1,Idle,0,1,TaskSwitchDisplay,1,1,Joystick,0.100000,0.000000,0.000000,0.000000,-1.000000,,,,0.000000,0.000000,0.000000,0.000000,0.000000,0.000000,0.000000,0.000000,-1,0,,0,0,0,0,0,TaskSwitchPedal,,0,Visual,1,0,0,0,,,,,,1
20261008T070032425Z_5f6954a6d38f4efd8e6199648f8dfb00,,,1,181,2026-10-08T07:00:43.0123415Z,10.571227,0.139959,1061,0,-1,Idle,0,1,TaskSwitchDisplay,1,1,Joystick,0.100000,0.000000,0.000000,0.000000,-1.000000,,,,0.000000,0.000000,0.000000,0.000000,0.000000,0.000000,0.000000,0.000000,-1,0,,0,0,0,0,0,TaskSwitchPedal,,0,Visual,1,0,0,0,,,,,,1
20261008T070032425Z_5f6954a6d38f4efd8e6199648f8dfb00,,,1,182,2026-10-08T07:00:43.0772636Z,10.636910,0.139959,1065,0,-1,Idle,0,1,TaskSwitchDisplay,1,1,Joystick,0.100000,0.000000,0.000000,0.000000,-1.000000,,,,0.000000,0.000000,0.000000,0.000000,0.000000,0.000000,0.000000,0.000000,-1,0,,0,0,0,0,0,TaskSwitchPedal,,0,Visual,1,0,0,0,,,,,,1
20261008T070032425Z_5f6954a6d38f4efd8e6199648f8dfb00,,,1,183,2026-10-08T07:00:43.1417437Z,10.701898,0.139959,1069,0,-1,Idle,0,1,TaskSwitchDisplay,1,1,Joystick,0.100000,0.000000,0.000000,0.000000,-1.000000,,,,0.000000,0.000000,0.000000,0.000000,0.000000,0.000000,0.000000,0.000000,-1,0,,0,0,0,0,0,TaskSwitchPedal,,0,Visual,1,0,0,0,,,,,,1
20261008T070032425Z_5f6954a6d38f4efd8e6199648f8dfb00,,,1,184,2026-10-08T07:00:43.1921932Z,10.752109,0.139959,1072,0,-1,Idle,0,1,TaskSwitchDisplay,1,1,Joystick,0.100000,0.000000,0.000000,0.000000,-1.000000,,,,0.000000,0.000000,0.000000,0.000000,0.000000,0.000000,0.000000,0.000000,-1,0,,0,0,0,0,0,TaskSwitchPedal,,0,Visual,1,0,0,0,,,,,,1
20261008T070032425Z_5f6954a6d38f4efd8e6199648f8dfb00,,,1,185,2026-10-08T07:00:43.2443742Z,10.803306,0.139959,1075,0,-1,Idle,0,1,TaskSwitchDisplay,1,1,Joystick,0.100000,0.000000,0.000000,0.000000,-1.000000,,,,0.000000,0.000000,0.000000,0.000000,0.000000,0.000000,0.000000,0.000000,-1,0,,0,0,0,0,0,TaskSwitchPedal,,0,Visual,1,0,0,0,,,,,,1
20261008T070032425Z_5f6954a6d38f4efd8e6199648f8dfb00,,,1,186,2026-10-08T07:00:43.2945865Z,10.854416,0.139959,1078,0,-1,Idle,0,1,TaskSwitchDisplay,1,1,Joystick,0.100000,0.000000,0.000000,0.000000,-1.000000,,,,0.000000,0.000000,0.000000,0.000000,0.000000,0.000000,0.000000,0.000000,-1,0,,0,0,0,0,0,TaskSwitchPedal,,0,Visual,1,0,0,0,,,,,,1
20261008T070032425Z_5f6954a6d38f4efd8e6199648f8dfb00,,,1,187,2026-10-08T07:00:43.3470193Z,10.907213,0.139959,1081,0,-1,Idle,0,1,TaskSwitchDisplay,1,1,Joystick,0.100000,0.000000,0.000000,0.000000,-1.000000,,,,0.000000,0.000000,0.000000,0.000000,0.000000,0.000000,0.000000,0.000000,-1,0,,0,0,0,0,0,TaskSwitchPedal,,0,Visual,1,0,0,0,,,,,,1
20261008T070032425Z_5f6954a6d38f4efd8e6199648f8dfb00,,,1,188,2026-10-08T07:00:43.3978285Z,10.957858,0.139959,1084,0,-1,Idle,0,1,TaskSwitchDisplay,1,1,Joystick,0.100000,0.000000,0.000000,0.000000,-1.000000,,,,0.000000,0.000000,0.000000,0.000000,0.000000,0.000000,0.000000,0.000000,-1,0,,0,0,0,0,0,TaskSwitchPedal,,0,Visual,1,0,0,0,,,,,,1
20261008T070032425Z_5f6954a6d38f4efd8e6199648f8dfb00,,,1,189,2026-10-08T07:00:43.4492325Z,11.008641,0.139959,1087,0,-1,Idle,0,1,TaskSwitchDisplay,1,1,Joystick,0.100000,0.000000,0.000000,0.000000,-1.000000,,,,0.000000,0.000000,0.000000,0.000000,0.000000,0.000000,0.000000,0.000000,-1,0,,0,0,0,0,0,TaskSwitchPedal,,0,Visual,1,0,0,0,,,,,,1
20261008T070032425Z_5f6954a6d38f4efd8e6199648f8dfb00,,,1,190,2026-10-08T07:00:43.5140554Z,11.074088,0.139959,1091,0,-1,Idle,0,1,TaskSwitchDisplay,1,1,Joystick,0.100000,0.000000,0.000000,0.000000,-1.000000,,,,0.000000,0.000000,0.000000,0.000000,0.000000,0.000000,0.000000,0.000000,-1,0,,0,0,0,0,0,TaskSwitchPedal,,0,Visual,1,0,0,0,,,,,,1
20261008T070032425Z_5f6954a6d38f4efd8e6199648f8dfb00,,,1,191,2026-10-08T07:00:43.5832501Z,11.142421,0.139959,1095,0,-1,Idle,0,1,TaskSwitchDisplay,1,1,Joystick,0.100000,0.000000,0.000000,0.000000,-1.000000,,,,0.000000,0.000000,0.000000,0.000000,0.000000,0.000000,0.000000,0.000000,-1,0,,0,0,0,0,0,TaskSwitchPedal,,0,Visual,1,0,0,0,,,,,,1
20261008T070032425Z_5f6954a6d38f4efd8e6199648f8dfb00,,,1,192,2026-10-08T07:00:43.6370767Z,11.197277,0.139959,1098,0,-1,Idle,0,1,TaskSwitchDisplay,1,1,Joystick,0.100000,0.000000,0.000000,0.000000,-1.000000,,,,0.000000,0.000000,0.000000,0.000000,0.000000,0.000000,0.000000,0.000000,-1,0,,0,0,0,0,0,TaskSwitchPedal,,0,Visual,1,0,0,0,,,,,,1
20261008T070032425Z_5f6954a6d38f4efd8e6199648f8dfb00,,,1,193,2026-10-08T07:00:43.6953477Z,11.255171,0.139959,1101,0,-1,Idle,0,1,TaskSwitchDisplay,1,1,Joystick,0.100000,0.000000,0.000000,0.000000,-1.000000,,,,0.000000,0.000000,0.000000,0.000000,0.000000,0.000000,0.000000,0.000000,-1,0,,0,0,0,0,0,TaskSwitchPedal,,0,Visual,1,0,0,0,,,,,,1
20261008T070032425Z_5f6954a6d38f4efd8e6199648f8dfb00,,,1,194,2026-10-08T07:00:43.7584499Z,11.317880,0.139959,1104,0,-1,Idle,0,1,TaskSwitchDisplay,1,1,Joystick,0.100000,0.000000,0.000000,0.000000,-1.000000,,,,0.000000,0.000000,0.000000,0.000000,0.000000,0.000000,0.000000,0.000000,-1,0,,0,0,0,0,0,TaskSwitchPedal,,0,Visual,1,0,0,0,,,,,,1
20261008T070032425Z_5f6954a6d38f4efd8e6199648f8dfb00,,,1,195,2026-10-08T07:00:43.8233695Z,11.382752,0.139959,1108,0,-1,Idle,0,1,TaskSwitchDisplay,1,1,Joystick,0.100000,0.000000,0.000000,0.000000,-1.000000,,,,0.000000,0.000000,0.000000,0.000000,0.000000,0.000000,0.000000,0.000000,-1,0,,0,0,0,0,0,TaskSwitchPedal,,0,Visual,1,0,0,0,,,,,,1
20261008T070032425Z_5f6954a6d38f4efd8e6199648f8dfb00,,,1,196,2026-10-08T07:00:43.8815511Z,11.440494,0.139959,1111,0,-1,Idle,0,1,TaskSwitchDisplay,1,1,Joystick,0.100000,0.000000,0.000000,0.000000,-1.000000,,,,0.000000,0.000000,0.000000,0.000000,0.000000,0.000000,0.000000,0.000000,-1,0,,0,0,0,0,0,TaskSwitchPedal,,0,Visual,1,0,0,0,,,,,,1
20261008T070032425Z_5f6954a6d38f4efd8e6199648f8dfb00,,,1,197,2026-10-08T07:00:43.9412062Z,11.500567,0.139959,1114,0,-1,Idle,0,1,TaskSwitchDisplay,1,1,Joystick,0.100000,0.000000,0.000000,0.000000,-1.000000,,,,0.000000,0.000000,0.000000,0.000000,0.000000,0.000000,0.000000,0.000000,-1,0,,0,0,0,0,0,TaskSwitchPedal,,0,Visual,1,0,0,0,,,,,,1
20261008T070032425Z_5f6954a6d38f4efd8e6199648f8dfb00,,,1,198,2026-10-08T07:00:44.0046128Z,11.564833,0.139959,1117,0,-1,Idle,0,1,TaskSwitchDisplay,1,1,Joystick,0.100000,0.000000,0.000000,0.000000,-1.000000,,,,0.000000,0.000000,0.000000,0.000000,0.000000,0.000000,0.000000,0.000000,-1,0,,0,0,0,0,0,TaskSwitchPedal,,0,Visual,1,0,0,0,,,,,,1
20261008T070032425Z_5f6954a6d38f4efd8e6199648f8dfb00,,,1,199,2026-10-08T07:00:44.0594217Z,11.618301,0.139959,1120,0,-1,Idle,0,1,TaskSwitchDisplay,1,1,Joystick,0.100000,0.000000,0.000000,0.000000,-1.000000,,,,0.000000,0.000000,0.000000,0.000000,0.000000,0.000000,0.000000,0.000000,-1,0,,0,0,0,0,0,TaskSwitchPedal,,0,Visual,1,0,0,0,,,,,,1
20261008T070032425Z_5f6954a6d38f4efd8e6199648f8dfb00,,,1,200,2026-10-08T07:00:44.1332939Z,11.692401,0.139959,1123,0,-1,Idle,0,1,TaskSwitchDisplay,1,1,Joystick,0.100000,0.000000,0.000000,0.000000,-1.000000,,,,0.000000,0.000000,0.000000,0.000000,0.000000,0.000000,0.000000,0.000000,-1,0,,0,0,0,0,0,TaskSwitchPedal,,0,Visual,1,0,0,0,,,,,,1
20261008T070032425Z_5f6954a6d38f4efd8e6199648f8dfb00,,,1,201,2026-10-08T07:00:44.1953104Z,11.754317,0.139959,1126,0,-1,Idle,0,1,TaskSwitchDisplay,1,1,Joystick,0.100000,0.000000,0.000000,0.000000,-1.000000,,,,0.000000,0.000000,0.000000,0.000000,0.000000,0.000000,0.000000,0.000000,-1,0,,0,0,0,0,0,TaskSwitchPedal,,0,Visual,1,0,0,0,,,,,,1
20261008T070032425Z_5f6954a6d38f4efd8e6199648f8dfb00,,,1,202,2026-10-08T07:00:44.2510579Z,11.810819,0.139959,1129,0,-1,Idle,0,1,TaskSwitchDisplay,1,1,Joystick,0.100000,0.000000,0.000000,0.000000,-1.000000,,,,0.000000,0.000000,0.000000,0.000000,0.000000,0.000000,0.000000,0.000000,-1,0,,0,0,0,0,0,TaskSwitchPedal,,0,Visual,1,0,0,0,,,,,,1
20261008T070032425Z_5f6954a6d38f4efd8e6199648f8dfb00,,,1,203,2026-10-08T07:00:44.3145164Z,11.873833,0.139959,1132,0,-1,Idle,0,1,TaskSwitchDisplay,1,1,Joystick,0.100000,0.000000,0.000000,0.000000,-1.000000,,,,0.000000,0.000000,0.000000,0.000000,0.000000,0.000000,0.000000,0.000000,-1,0,,0,0,0,0,0,TaskSwitchPedal,,0,Visual,1,0,0,0,,,,,,1
20261008T070032425Z_5f6954a6d38f4efd8e6199648f8dfb00,,,1,204,2026-10-08T07:00:44.3730290Z,11.932336,0.139959,1135,0,-1,Idle,0,1,TaskSwitchDisplay,1,1,Joystick,0.100000,0.000000,0.000000,0.000000,-1.000000,,,,0.000000,0.000000,0.000000,0.000000,0.000000,0.000000,0.000000,0.000000,-1,0,,0,0,0,0,0,TaskSwitchPedal,,0,Visual,1,0,0,0,,,,,,1
20261008T070032425Z_5f6954a6d38f4efd8e6199648f8dfb00,,,1,205,2026-10-08T07:00:44.4310965Z,11.990442,0.139959,1138,0,-1,Idle,0,1,TaskSwitchDisplay,1,1,Joystick,0.100000,0.000000,0.000000,0.000000,-1.000000,,,,0.000000,0.000000,0.000000,0.000000,0.000000,0.000000,0.000000,0.000000,-1,0,,0,0,0,0,0,TaskSwitchPedal,,0,Visual,1,0,0,0,,,,,,1
20261008T070032425Z_5f6954a6d38f4efd8e6199648f8dfb00,,,1,206,2026-10-08T07:00:44.4869329Z,12.045782,0.139959,1141,0,-1,Idle,0,1,TaskSwitchDisplay,1,1,Joystick,0.100000,0.000000,0.000000,0.000000,-1.000000,,,,0.000000,0.000000,0.000000,0.000000,0.000000,0.000000,0.000000,0.000000,-1,0,,0,0,0,0,0,TaskSwitchPedal,,0,Visual,1,0,0,0,,,,,,1
20261008T070032425Z_5f6954a6d38f4efd8e6199648f8dfb00,,,1,207,2026-10-08T07:00:44.5501957Z,12.109628,0.139959,1144,0,-1,Idle,0,1,TaskSwitchDisplay,1,1,Joystick,0.100000,0.000000,0.000000,0.000000,-1.000000,,,,0.000000,0.000000,0.000000,0.000000,0.000000,0.000000,0.000000,0.000000,-1,0,,0,0,0,0,0,TaskSwitchPedal,,0,Visual,1,0,0,0,,,,,,1
20261008T070032425Z_5f6954a6d38f4efd8e6199648f8dfb00,,,1,208,2026-10-08T07:00:44.6040087Z,12.163512,0.139959,1146,0,-1,Idle,0,1,TaskSwitchDisplay,1,1,Joystick,0.100000,0.000000,0.000000,0.000000,-1.000000,,,,0.000000,0.000000,0.000000,0.000000,0.000000,0.000000,0.000000,0.000000,-1,0,,0,0,0,0,0,TaskSwitchPedal,,0,Visual,1,0,0,0,,,,,,1
20261008T070032425Z_5f6954a6d38f4efd8e6199648f8dfb00,,,1,209,2026-10-08T07:00:44.6728660Z,12.232154,0.139959,1149,0,-1,Idle,0,1,TaskSwitchDisplay,1,1,Joystick,0.100000,0.000000,0.000000,0.000000,-1.000000,,,,0.000000,0.000000,0.000000,0.000000,0.000000,0.000000,0.000000,0.000000,-1,0,,0,0,0,0,0,TaskSwitchPedal,,0,Visual,1,0,0,0,,,,,,1
20261008T070032425Z_5f6954a6d38f4efd8e6199648f8dfb00,,,1,210,2026-10-08T07:00:44.7443734Z,12.304379,0.139959,1152,0,-1,Idle,0,1,TaskSwitchDisplay,1,1,Joystick,0.100000,0.000000,0.000000,0.000000,-1.000000,,,,0.000000,0.000000,0.000000,0.000000,0.000000,0.000000,0.000000,0.000000,-1,0,,0,0,0,0,0,TaskSwitchPedal,,0,Visual,1,0,0,0,,,,,,1
20261008T070032425Z_5f6954a6d38f4efd8e6199648f8dfb00,,,1,211,2026-10-08T07:00:44.8072631Z,12.366130,0.139959,1154,0,-1,Idle,0,1,TaskSwitchDisplay,1,1,Joystick,0.100000,0.000000,0.000000,0.000000,-1.000000,,,,0.000000,0.000000,0.000000,0.000000,0.000000,0.000000,0.000000,0.000000,-1,0,,0,0,0,0,0,TaskSwitchPedal,,0,Visual,1,0,0,0,,,,,,1
20261008T070032425Z_5f6954a6d38f4efd8e6199648f8dfb00,,,1,212,2026-10-08T07:00:44.8812460Z,12.440415,0.139959,1157,0,-1,Idle,0,1,TaskSwitchDisplay,1,1,Joystick,0.100000,0.000000,0.000000,0.000000,-1.000000,,,,0.000000,0.000000,0.000000,0.000000,0.000000,0.000000,0.000000,0.000000,-1,0,,0,0,0,0,0,TaskSwitchPedal,,0,Visual,1,0,0,0,,,,,,1
20261008T070032425Z_5f6954a6d38f4efd8e6199648f8dfb00,,,1,213,2026-10-08T07:00:44.9528820Z,12.511795,0.139959,1160,0,-1,Idle,0,1,TaskSwitchDisplay,1,1,Joystick,0.100000,0.000000,0.000000,0.000000,-1.000000,,,,0.000000,0.000000,0.000000,0.000000,0.000000,0.000000,0.000000,0.000000,-1,0,,0,0,0,0,0,TaskSwitchPedal,,0,Visual,1,0,0,0,,,,,,1
20261008T070032425Z_5f6954a6d38f4efd8e6199648f8dfb00,,,1,214,2026-10-08T07:00:45.0084112Z,12.567295,0.139959,1162,0,-1,Idle,0,1,TaskSwitchDisplay,1,1,Joystick,0.100000,0.000000,0.000000,0.000000,-1.000000,,,,0.000000,0.000000,0.000000,0.000000,0.000000,0.000000,0.000000,0.000000,-1,0,,0,0,0,0,0,TaskSwitchPedal,,0,Visual,1,0,0,0,,,,,,1
20261008T070032425Z_5f6954a6d38f4efd8e6199648f8dfb00,,,1,215,2026-10-08T07:00:45.0689303Z,12.628693,0.139959,1165,0,-1,Idle,0,1,TaskSwitchDisplay,1,1,Joystick,0.100000,0.000000,0.000000,0.000000,-1.000000,,,,0.000000,0.000000,0.000000,0.000000,0.000000,0.000000,0.000000,0.000000,-1,0,,0,0,0,0,0,TaskSwitchPedal,,0,Visual,1,0,0,0,,,,,,1
20261008T070032425Z_5f6954a6d38f4efd8e6199648f8dfb00,,,1,216,2026-10-08T07:00:45.1308471Z,12.689965,0.139959,1168,0,-1,Idle,0,1,TaskSwitchDisplay,1,1,Joystick,0.100000,0.000000,0.000000,0.000000,-1.000000,,,,0.000000,0.000000,0.000000,0.000000,0.000000,0.000000,0.000000,0.000000,-1,0,,0,0,0,0,0,TaskSwitchPedal,,0,Visual,1,0,0,0,,,,,,1
20261008T070032425Z_5f6954a6d38f4efd8e6199648f8dfb00,,,1,217,2026-10-08T07:00:45.1825347Z,12.742253,0.139959,1171,0,-1,Idle,0,1,TaskSwitchDisplay,1,1,Joystick,0.100000,0.000000,0.000000,0.000000,-1.000000,,,,0.000000,0.000000,0.000000,0.000000,0.000000,0.000000,0.000000,0.000000,-1,0,,0,0,0,0,0,TaskSwitchPedal,,0,Visual,1,0,0,0,,,,,,1
20261008T070032425Z_5f6954a6d38f4efd8e6199648f8dfb00,,,1,218,2026-10-08T07:00:45.2368323Z,12.796432,0.139959,1174,0,-1,Idle,0,1,TaskSwitchDisplay,1,1,Joystick,0.100000,0.000000,0.000000,0.000000,-1.000000,,,,0.000000,0.000000,0.000000,0.000000,0.000000,0.000000,0.000000,0.000000,-1,0,,0,0,0,0,0,TaskSwitchPedal,,0,Visual,1,0,0,0,,,,,,1
20261008T070032425Z_5f6954a6d38f4efd8e6199648f8dfb00,,,1,219,2026-10-08T07:00:45.2999866Z,12.859593,0.139959,1177,0,-1,Idle,0,1,TaskSwitchDisplay,1,1,Joystick,0.100000,0.000000,0.000000,0.000000,-1.000000,,,,0.000000,0.000000,0.000000,0.000000,0.000000,0.000000,0.000000,0.000000,-1,0,,0,0,0,0,0,TaskSwitchPedal,,0,Visual,1,0,0,0,,,,,,1
20261008T070032425Z_5f6954a6d38f4efd8e6199648f8dfb00,,,1,220,2026-10-08T07:00:45.3731988Z,12.932189,0.139959,1180,0,-1,Idle,0,1,TaskSwitchDisplay,1,1,Joystick,0.100000,0.000000,0.000000,0.000000,-1.000000,,,,0.000000,0.000000,0.000000,0.000000,0.000000,0.000000,0.000000,0.000000,-1,0,,0,0,0,0,0,TaskSwitchPedal,,0,Visual,1,0,0,0,,,,,,1
20261008T070032425Z_5f6954a6d38f4efd8e6199648f8dfb00,,,1,221,2026-10-08T07:00:45.4292859Z,12.988883,0.139959,1182,0,-1,Idle,0,1,TaskSwitchDisplay,1,1,Joystick,0.100000,0.000000,0.000000,0.000000,-1.000000,,,,0.000000,0.000000,0.000000,0.000000,0.000000,0.000000,0.000000,0.000000,-1,0,,0,0,0,0,0,TaskSwitchPedal,,0,Visual,1,0,0,0,,,,,,1
20261008T070032425Z_5f6954a6d38f4efd8e6199648f8dfb00,,,1,222,2026-10-08T07:00:45.4994404Z,13.059446,0.139959,1185,0,-1,Idle,0,1,TaskSwitchDisplay,1,1,Joystick,0.100000,0.000000,0.000000,0.000000,-1.000000,,,,0.000000,0.000000,0.000000,0.000000,0.000000,0.000000,0.000000,0.000000,-1,0,,0,0,0,0,0,TaskSwitchPedal,,0,Visual,1,0,0,0,,,,,,1
20261008T070032425Z_5f6954a6d38f4efd8e6199648f8dfb00,,,1,223,2026-10-08T07:00:45.5649621Z,13.124680,0.139959,1188,0,-1,Idle,0,1,TaskSwitchDisplay,1,1,Joystick,0.100000,0.000000,0.000000,0.000000,-1.000000,,,,0.000000,0.000000,0.000000,0.000000,0.000000,0.000000,0.000000,0.000000,-1,0,,0,0,0,0,0,TaskSwitchPedal,,0,Visual,1,0,0,0,,,,,,1
20261008T070032425Z_5f6954a6d38f4efd8e6199648f8dfb00,,,1,224,2026-10-08T07:00:45.6232296Z,13.182951,0.139959,1191,0,-1,Idle,0,1,TaskSwitchDisplay,1,1,Joystick,0.100000,0.000000,0.000000,0.000000,-1.000000,,,,0.000000,0.000000,0.000000,0.000000,0.000000,0.000000,0.000000,0.000000,-1,0,,0,0,0,0,0,TaskSwitchPedal,,0,Visual,1,0,0,0,,,,,,1
20261008T070032425Z_5f6954a6d38f4efd8e6199648f8dfb00,,,1,225,2026-10-08T07:00:45.6767227Z,13.236051,0.139959,1194,0,-1,Idle,0,1,TaskSwitchDisplay,1,1,Joystick,0.100000,0.000000,0.000000,0.000000,-1.000000,,,,0.000000,0.000000,0.000000,0.000000,0.000000,0.000000,0.000000,0.000000,-1,0,,0,0,0,0,0,TaskSwitchPedal,,0,Visual,1,0,0,0,,,,,,1
20261008T070032425Z_5f6954a6d38f4efd8e6199648f8dfb00,,,1,226,2026-10-08T07:00:45.7273617Z,13.288144,0.139959,1197,0,-1,Idle,0,1,TaskSwitchDisplay,1,1,Joystick,0.100000,0.000000,0.000000,0.000000,-1.000000,,,,0.000000,0.000000,0.000000,0.000000,0.000000,0.000000,0.000000,0.000000,-1,0,,0,0,0,0,0,TaskSwitchPedal,,0,Visual,1,0,0,0,,,,,,1
20261008T070032425Z_5f6954a6d38f4efd8e6199648f8dfb00,,,1,227,2026-10-08T07:00:45.7833250Z,13.342578,0.139959,1200,0,-1,Idle,0,1,TaskSwitchDisplay,1,1,Joystick,0.100000,0.000000,0.000000,0.000000,-1.000000,,,,0.000000,0.000000,0.000000,0.000000,0.000000,0.000000,0.000000,0.000000,-1,0,,0,0,0,0,0,TaskSwitchPedal,,0,Visual,1,0,0,0,,,,,,1
20261008T070032425Z_5f6954a6d38f4efd8e6199648f8dfb00,,,1,228,2026-10-08T07:00:45.8552265Z,13.414587,0.139959,1202,0,-1,Idle,0,1,TaskSwitchDisplay,1,1,Joystick,0.100000,0.000000,0.000000,0.000000,0.000000,,,,0.000000,0.000000,0.000000,0.000000,0.000000,0.000000,0.000000,0.000000,-1,0,,0,0,0,0,0,TaskSwitchPedal,,0,Visual,1,0,0,0,,,,,,1
20261008T070032425Z_5f6954a6d38f4efd8e6199648f8dfb00,,,1,229,2026-10-08T07:00:46.0900820Z,13.649234,0.139959,1203,0,-1,Idle,0,1,TaskSwitchDisplay,1,1,Joystick,0.100000,0.000000,0.000000,0.000000,0.000000,,,,0.000000,0.000000,0.000000,0.000000,0.000000,0.000000,0.000000,0.000000,-1,0,,0,0,0,0,0,TaskSwitchPedal,,0,Visual,1,0,0,0,,,,,,1
20261008T070032425Z_5f6954a6d38f4efd8e6199648f8dfb00,,,1,230,2026-10-08T07:00:46.1538120Z,13.712666,0.139959,1206,0,-1,Idle,0,1,TaskSwitchDisplay,1,1,Joystick,0.100000,0.000000,0.000000,0.000000,0.000000,,,,0.000000,0.000000,0.000000,0.000000,0.000000,0.000000,0.000000,0.000000,-1,0,,0,0,0,0,0,TaskSwitchPedal,,0,Visual,1,0,0,0,,,,,,1
20261008T070032425Z_5f6954a6d38f4efd8e6199648f8dfb00,,,1,231,2026-10-08T07:00:46.2166796Z,13.775999,0.139959,1210,0,-1,Idle,0,1,TaskSwitchDisplay,1,1,Joystick,0.100000,0.000000,0.000000,0.000000,0.000000,,,,0.000000,0.000000,0.000000,0.000000,0.000000,0.000000,0.000000,0.000000,-1,0,,0,0,0,0,0,TaskSwitchPedal,,0,Visual,1,0,0,0,,,,,,1
20261008T070032425Z_5f6954a6d38f4efd8e6199648f8dfb00,,,1,232,2026-10-08T07:00:46.2753619Z,13.834660,0.139959,1214,0,-1,Idle,0,1,TaskSwitchDisplay,1,1,Joystick,0.100000,0.000000,0.000000,0.000000,0.000000,,,,0.000000,0.000000,0.000000,0.000000,0.000000,0.000000,0.000000,0.000000,-1,0,,0,0,0,0,0,TaskSwitchPedal,,0,Visual,1,0,0,0,,,,,,1
20261008T070032425Z_5f6954a6d38f4efd8e6199648f8dfb00,,,1,233,2026-10-08T07:00:46.3345992Z,13.894341,0.139959,1218,0,-1,Idle,0,1,TaskSwitchDisplay,1,1,Joystick,0.100000,0.000000,0.000000,0.000000,0.000000,,,,0.000000,0.000000,0.000000,0.000000,0.000000,0.000000,0.000000,0.000000,-1,0,,0,0,0,0,0,TaskSwitchPedal,,0,Visual,1,0,0,0,,,,,,1
20261008T070032425Z_5f6954a6d38f4efd8e6199648f8dfb00,,,1,234,2026-10-08T07:00:46.3930354Z,13.952895,0.139959,1222,0,-1,Idle,0,1,TaskSwitchDisplay,1,1,Joystick,0.100000,0.000000,0.000000,0.000000,0.000000,,,,0.000000,0.000000,0.000000,0.000000,0.000000,0.000000,0.000000,0.000000,-1,0,,0,0,0,0,0,TaskSwitchPedal,,0,Visual,1,0,0,0,,,,,,1
20261008T070032425Z_5f6954a6d38f4efd8e6199648f8dfb00,,,1,235,2026-10-08T07:00:46.4443722Z,14.004262,0.139959,1225,0,-1,Idle,0,1,TaskSwitchDisplay,1,1,Joystick,0.100000,0.000000,0.000000,0.000000,0.000000,,,,0.000000,0.000000,0.000000,0.000000,0.000000,0.000000,0.000000,0.000000,-1,0,,0,0,0,0,0,TaskSwitchPedal,,0,Visual,1,0,0,0,,,,,,1
20261008T070032425Z_5f6954a6d38f4efd8e6199648f8dfb00,,,1,236,2026-10-08T07:00:46.5112898Z,14.070502,0.139959,1228,0,-1,Idle,0,1,TaskSwitchDisplay,1,1,Joystick,0.100000,0.000000,0.000000,0.000000,0.000000,,,,0.000000,0.000000,0.000000,0.000000,0.000000,0.000000,0.000000,0.000000,-1,0,,0,0,0,0,0,TaskSwitchPedal,,0,Visual,1,0,0,0,,,,,,1
20261008T070032425Z_5f6954a6d38f4efd8e6199648f8dfb00,,,1,237,2026-10-08T07:00:46.5711519Z,14.130208,0.139959,1230,0,-1,Idle,0,1,TaskSwitchDisplay,1,1,Joystick,0.100000,0.000000,0.000000,0.000000,0.000000,,,,0.000000,0.000000,0.000000,0.000000,0.000000,0.000000,0.000000,0.000000,-1,0,,0,0,0,0,0,TaskSwitchPedal,,0,Visual,1,0,0,0,,,,,,1
20261008T070032425Z_5f6954a6d38f4efd8e6199648f8dfb00,,,1,238,2026-10-08T07:00:46.6223868Z,14.181819,0.139959,1233,0,-1,Idle,0,1,TaskSwitchDisplay,1,1,Joystick,0.100000,0.000000,0.000000,0.000000,0.000000,,,,0.000000,0.000000,0.000000,0.000000,0.000000,0.000000,0.000000,0.000000,-1,0,,0,0,0,0,0,TaskSwitchPedal,,0,Visual,1,0,0,0,,,,,,1
20261008T070032425Z_5f6954a6d38f4efd8e6199648f8dfb00,,,1,239,2026-10-08T07:00:46.6854998Z,14.245345,0.139959,1237,0,-1,Idle,0,1,TaskSwitchDisplay,1,1,Joystick,0.100000,0.000000,0.000000,0.000000,0.000000,,,,0.000000,0.000000,0.000000,0.000000,0.000000,0.000000,0.000000,0.000000,-1,0,,0,0,0,0,0,TaskSwitchPedal,,0,Visual,1,0,0,0,,,,,,1
20261008T070032425Z_5f6954a6d38f4efd8e6199648f8dfb00,,,1,240,2026-10-08T07:00:46.7521905Z,14.311123,0.139959,1241,0,-1,Idle,0,1,TaskSwitchDisplay,1,1,Joystick,0.100000,0.000000,0.000000,0.000000,0.000000,,,,0.000000,0.000000,0.000000,0.000000,0.000000,0.000000,0.000000,0.000000,-1,0,,0,0,0,0,0,TaskSwitchPedal,,0,Visual,1,0,0,0,,,,,,1
20261008T070032425Z_5f6954a6d38f4efd8e6199648f8dfb00,,,1,241,2026-10-08T07:00:46.8039126Z,14.363400,0.139959,1244,0,-1,Idle,0,1,TaskSwitchDisplay,1,1,Joystick,0.100000,0.000000,0.000000,0.000000,0.000000,,,,0.000000,0.000000,0.000000,0.000000,0.000000,0.000000,0.000000,0.000000,-1,0,,0,0,0,0,0,TaskSwitchPedal,,0,Visual,1,0,0,0,,,,,,1
20261008T070032425Z_5f6954a6d38f4efd8e6199648f8dfb00,,,1,242,2026-10-08T07:00:46.8626966Z,14.422362,0.139959,1248,0,-1,Idle,0,1,TaskSwitchDisplay,1,1,Joystick,0.100000,0.000000,0.000000,0.000000,0.000000,,,,0.000000,0.000000,0.000000,0.000000,0.000000,0.000000,0.000000,0.000000,-1,0,,0,0,0,0,0,TaskSwitchPedal,,0,Visual,1,0,0,0,,,,,,1
20261008T070032425Z_5f6954a6d38f4efd8e6199648f8dfb00,,,1,243,2026-10-08T07:00:46.9234598Z,14.483308,0.139959,1252,0,-1,Idle,0,1,TaskSwitchDisplay,1,1,Joystick,0.100000,0.000000,0.000000,0.000000,0.000000,,,,0.000000,0.000000,0.000000,0.000000,0.000000,0.000000,0.000000,0.000000,-1,0,,0,0,0,0,0,TaskSwitchPedal,,0,Visual,1,0,0,0,,,,,,1
20261008T070032425Z_5f6954a6d38f4efd8e6199648f8dfb00,,,1,244,2026-10-08T07:00:46.9820578Z,14.541176,0.139959,1255,0,-1,Idle,0,1,TaskSwitchDisplay,1,1,Joystick,0.100000,0.000000,0.000000,0.000000,0.000000,,,,0.000000,0.000000,0.000000,0.000000,0.000000,0.000000,0.000000,0.000000,-1,0,,0,0,0,0,0,TaskSwitchPedal,,0,Visual,1,0,0,0,,,,,,1
20261008T070032425Z_5f6954a6d38f4efd8e6199648f8dfb00,,,1,245,2026-10-08T07:00:47.0485921Z,14.607732,0.139959,1260,0,-1,Idle,0,1,TaskSwitchDisplay,1,1,Joystick,0.100000,0.000000,0.000000,0.000000,0.000000,,,,0.000000,0.000000,0.000000,0.000000,0.000000,0.000000,0.000000,0.000000,-1,0,,0,0,0,0,0,TaskSwitchPedal,,0,Visual,1,0,0,0,,,,,,1
20261008T070032425Z_5f6954a6d38f4efd8e6199648f8dfb00,,,1,246,2026-10-08T07:00:47.1112059Z,14.670289,0.139959,1264,0,-1,Idle,0,1,TaskSwitchDisplay,1,1,Joystick,0.100000,0.000000,0.000000,0.000000,0.000000,,,,0.000000,0.000000,0.000000,0.000000,0.000000,0.000000,0.000000,0.000000,-1,0,,0,0,0,0,0,TaskSwitchPedal,,0,Visual,1,0,0,0,,,,,,1
20261008T070032425Z_5f6954a6d38f4efd8e6199648f8dfb00,,,1,247,2026-10-08T07:00:47.1709925Z,14.729878,0.139959,1268,0,-1,Idle,0,1,TaskSwitchDisplay,1,1,Joystick,0.100000,0.000000,0.000000,0.000000,0.000000,,,,0.000000,0.000000,0.000000,0.000000,0.000000,0.000000,0.000000,0.000000,-1,0,,0,0,0,0,0,TaskSwitchPedal,,0,Visual,1,0,0,0,,,,,,1
20261008T070032425Z_5f6954a6d38f4efd8e6199648f8dfb00,,,1,248,2026-10-08T07:00:47.2264071Z,14.785750,0.139959,1272,0,-1,Idle,0,1,TaskSwitchDisplay,1,1,Joystick,0.100000,0.000000,0.000000,0.000000,0.000000,,,,0.000000,0.000000,0.000000,0.000000,0.000000,0.000000,0.000000,0.000000,-1,0,,0,0,0,0,0,TaskSwitchPedal,,0,Visual,1,0,0,0,,,,,,1
20261008T070032425Z_5f6954a6d38f4efd8e6199648f8dfb00,,,1,249,2026-10-08T07:00:47.2913025Z,14.850406,0.139959,1276,0,-1,Idle,0,1,TaskSwitchDisplay,1,1,Joystick,0.100000,0.000000,0.000000,0.000000,0.000000,,,,0.000000,0.000000,0.000000,0.000000,0.000000,0.000000,0.000000,0.000000,-1,0,,0,0,0,0,0,TaskSwitchPedal,,0,Visual,1,0,0,0,,,,,,1
20261008T070032425Z_5f6954a6d38f4efd8e6199648f8dfb00,,,1,250,2026-10-08T07:00:47.3509500Z,14.910592,0.139959,1280,0,-1,Idle,0,1,TaskSwitchDisplay,1,1,Joystick,0.100000,0.000000,0.000000,0.000000,0.000000,,,,0.000000,0.000000,0.000000,0.000000,0.000000,0.000000,0.000000,0.000000,-1,0,,0,0,0,0,0,TaskSwitchPedal,,0,Visual,1,0,0,0,,,,,,1
20261008T070032425Z_5f6954a6d38f4efd8e6199648f8dfb00,,,1,251,2026-10-08T07:00:47.4015218Z,14.961087,0.139959,1284,0,-1,Idle,0,1,TaskSwitchDisplay,1,1,Joystick,0.100000,0.000000,0.000000,0.000000,0.000000,,,,0.000000,0.000000,0.000000,0.000000,0.000000,0.000000,0.000000,0.000000,-1,0,,0,0,0,0,0,TaskSwitchPedal,,0,Visual,1,0,0,0,,,,,,1
20261008T070032425Z_5f6954a6d38f4efd8e6199648f8dfb00,,,1,252,2026-10-08T07:00:47.4566679Z,15.016238,0.139959,1287,0,-1,Idle,0,1,TaskSwitchDisplay,1,1,Joystick,0.100000,0.000000,0.000000,0.000000,0.000000,,,,0.000000,0.000000,0.000000,0.000000,0.000000,0.000000,0.000000,0.000000,-1,0,,0,0,0,0,0,TaskSwitchPedal,,0,Visual,1,0,0,0,,,,,,1
20261008T070032425Z_5f6954a6d38f4efd8e6199648f8dfb00,,,1,253,2026-10-08T07:00:47.5161254Z,15.075418,0.139959,1291,0,-1,Idle,0,1,TaskSwitchDisplay,1,1,Joystick,0.100000,0.000000,0.000000,0.000000,0.000000,,,,0.000000,0.000000,0.000000,0.000000,0.000000,0.000000,0.000000,0.000000,-1,0,,0,0,0,0,0,TaskSwitchPedal,,0,Visual,1,0,0,0,,,,,,1
20261008T070032425Z_5f6954a6d38f4efd8e6199648f8dfb00,,,1,254,2026-10-08T07:00:47.5748935Z,15.134524,0.139959,1295,0,-1,Idle,0,1,TaskSwitchDisplay,1,1,Joystick,0.100000,0.000000,0.000000,0.000000,0.000000,,,,0.000000,0.000000,0.000000,0.000000,0.000000,0.000000,0.000000,0.000000,-1,0,,0,0,0,0,0,TaskSwitchPedal,,0,Visual,1,0,0,0,,,,,,1
20261008T070032425Z_5f6954a6d38f4efd8e6199648f8dfb00,,,1,255,2026-10-08T07:00:47.6381702Z,15.197241,0.139959,1299,0,-1,Idle,0,1,TaskSwitchDisplay,1,1,Joystick,0.100000,0.000000,0.000000,0.000000,0.000000,,,,0.000000,0.000000,0.000000,0.000000,0.000000,0.000000,0.000000,0.000000,-1,0,,0,0,0,0,0,TaskSwitchPedal,,0,Visual,1,0,0,0,,,,,,1
20261008T070032425Z_5f6954a6d38f4efd8e6199648f8dfb00,,,1,256,2026-10-08T07:00:47.7023183Z,15.262628,0.139959,1303,0,-1,Idle,0,1,TaskSwitchDisplay,1,1,Joystick,0.100000,0.000000,0.000000,0.000000,0.000000,,,,0.000000,0.000000,0.000000,0.000000,0.000000,0.000000,0.000000,0.000000,-1,0,,0,0,0,0,0,TaskSwitchPedal,,0,Visual,1,0,0,0,,,,,,1
20261008T070032425Z_5f6954a6d38f4efd8e6199648f8dfb00,,,1,257,2026-10-08T07:00:47.7623094Z,15.321680,0.139959,1307,0,-1,Idle,0,1,TaskSwitchDisplay,1,1,Joystick,0.100000,0.000000,0.000000,0.000000,0.000000,,,,0.000000,0.000000,0.000000,0.000000,0.000000,0.000000,0.000000,0.000000,-1,0,,0,0,0,0,0,TaskSwitchPedal,,0,Visual,1,0,0,0,,,,,,1
20261008T070032425Z_5f6954a6d38f4efd8e6199648f8dfb00,,,1,258,2026-10-08T07:00:47.8242547Z,15.384172,0.139959,1311,0,-1,Idle,0,1,TaskSwitchDisplay,1,1,Joystick,0.100000,0.000000,0.000000,0.000000,0.000000,,,,0.000000,0.000000,0.000000,0.000000,0.000000,0.000000,0.000000,0.000000,-1,0,,0,0,0,0,0,TaskSwitchPedal,,0,Visual,1,0,0,0,,,,,,1
20261008T070032425Z_5f6954a6d38f4efd8e6199648f8dfb00,,,1,259,2026-10-08T07:00:47.8771690Z,15.436327,0.139959,1313,0,-1,Idle,0,1,TaskSwitchDisplay,1,1,Joystick,0.100000,0.000000,0.000000,0.000000,0.000000,,,,0.000000,0.000000,0.000000,0.000000,0.000000,0.000000,0.000000,0.000000,-1,0,,0,0,0,0,0,TaskSwitchPedal,,0,Visual,1,0,0,0,,,,,,1
20261008T070032425Z_5f6954a6d38f4efd8e6199648f8dfb00,,,1,260,2026-10-08T07:00:47.9415692Z,15.500418,0.139959,1316,0,-1,Idle,0,1,TaskSwitchDisplay,1,1,Joystick,0.100000,0.000000,0.000000,0.000000,0.000000,,,,0.000000,0.000000,0.000000,0.000000,0.000000,0.000000,0.000000,0.000000,-1,0,,0,0,0,0,0,TaskSwitchPedal,,0,Visual,1,0,0,0,,,,,,1
20261008T070032425Z_5f6954a6d38f4efd8e6199648f8dfb00,,,1,261,2026-10-08T07:00:47.9922853Z,15.552563,0.139959,1319,0,-1,Idle,0,1,TaskSwitchDisplay,1,1,Joystick,0.100000,0.000000,0.000000,0.000000,0.000000,,,,0.000000,0.000000,0.000000,0.000000,0.000000,0.000000,0.000000,0.000000,-1,0,,0,0,0,0,0,TaskSwitchPedal,,0,Visual,1,0,0,0,,,,,,1
20261008T070032425Z_5f6954a6d38f4efd8e6199648f8dfb00,,,1,262,2026-10-08T07:00:48.0575640Z,15.617038,0.139959,1323,0,-1,Idle,0,1,TaskSwitchDisplay,1,1,Joystick,0.100000,0.000000,0.000000,0.000000,0.000000,,,,0.000000,0.000000,0.000000,0.000000,0.000000,0.000000,0.000000,0.000000,-1,0,,0,0,0,0,0,TaskSwitchPedal,,0,Visual,1,0,0,0,,,,,,1
20261008T070032425Z_5f6954a6d38f4efd8e6199648f8dfb00,,,1,263,2026-10-08T07:00:48.1213197Z,15.680271,0.139959,1326,0,-1,Idle,0,1,TaskSwitchDisplay,1,1,Joystick,0.100000,0.000000,0.000000,0.000000,-1.000000,,,,0.000000,0.000000,0.000000,0.000000,0.000000,0.000000,0.000000,0.000000,-1,0,,0,0,0,0,0,TaskSwitchPedal,,0,Visual,1,0,0,0,,,,,,1
20261008T070032425Z_5f6954a6d38f4efd8e6199648f8dfb00,,,1,264,2026-10-08T07:00:48.1729013Z,15.732746,0.139959,1329,0,-1,Idle,0,1,TaskSwitchDisplay,1,1,Joystick,0.100000,0.000000,0.000000,0.000000,-1.000000,,,,0.000000,0.000000,0.000000,0.000000,0.000000,0.000000,0.000000,0.000000,-1,0,,0,0,0,0,0,TaskSwitchPedal,,0,Visual,1,0,0,0,,,,,,1
20261008T070032425Z_5f6954a6d38f4efd8e6199648f8dfb00,,,1,265,2026-10-08T07:00:48.2303460Z,15.789355,0.139959,1333,0,-1,Idle,0,1,TaskSwitchDisplay,1,1,Joystick,0.100000,0.000000,0.000000,0.000000,-1.000000,,,,0.000000,0.000000,0.000000,0.000000,0.000000,0.000000,0.000000,0.000000,-1,0,,0,0,0,0,0,TaskSwitchPedal,,0,Visual,1,0,0,0,,,,,,1
20261008T070032425Z_5f6954a6d38f4efd8e6199648f8dfb00,,,1,266,2026-10-08T07:00:48.2832167Z,15.842202,0.139959,1337,0,-1,Idle,0,1,TaskSwitchDisplay,1,1,Joystick,0.100000,0.000000,0.000000,0.000000,-1.000000,,,,0.000000,0.000000,0.000000,0.000000,0.000000,0.000000,0.000000,0.000000,-1,0,,0,0,0,0,0,TaskSwitchPedal,,0,Visual,1,0,0,0,,,,,,1
20261008T070032425Z_5f6954a6d38f4efd8e6199648f8dfb00,,,1,267,2026-10-08T07:00:48.3329349Z,15.892642,0.139959,1341,0,-1,Idle,0,1,TaskSwitchDisplay,1,1,Joystick,0.100000,0.000000,0.000000,0.000000,-1.000000,,,,0.000000,0.000000,0.000000,0.000000,0.000000,0.000000,0.000000,0.000000,-1,0,,0,0,0,0,0,TaskSwitchPedal,,0,Visual,1,0,0,0,,,,,,1
20261008T070032425Z_5f6954a6d38f4efd8e6199648f8dfb00,,,1,268,2026-10-08T07:00:48.3840588Z,15.943806,0.139959,1345,0,-1,Idle,0,1,TaskSwitchDisplay,1,1,Joystick,0.100000,0.000000,0.000000,0.000000,-1.000000,,,,0.000000,0.000000,0.000000,0.000000,0.000000,0.000000,0.000000,0.000000,-1,0,,0,0,0,0,0,TaskSwitchPedal,,0,Visual,1,0,0,0,,,,,,1
20261008T070032425Z_5f6954a6d38f4efd8e6199648f8dfb00,,,1,269,2026-10-08T07:00:48.4369124Z,15.996248,0.139959,1349,0,-1,Idle,0,1,TaskSwitchDisplay,1,1,Joystick,0.100000,0.000000,0.000000,0.000000,-1.000000,,,,0.000000,0.000000,0.000000,0.000000,0.000000,0.000000,0.000000,0.000000,-1,0,,0,0,0,0,0,TaskSwitchPedal,,0,Visual,1,0,0,0,,,,,,1
20261008T070032425Z_5f6954a6d38f4efd8e6199648f8dfb00,,,1,270,2026-10-08T07:00:48.4905408Z,16.049758,0.139959,1353,0,-1,Idle,0,1,TaskSwitchDisplay,1,1,Joystick,0.100000,0.000000,0.000000,0.000000,-1.000000,,,,0.000000,0.000000,0.000000,0.000000,0.000000,0.000000,0.000000,0.000000,-1,0,,0,0,0,0,0,TaskSwitchPedal,,0,Visual,1,0,0,0,,,,,,1
20261008T070032425Z_5f6954a6d38f4efd8e6199648f8dfb00,,,1,271,2026-10-08T07:00:48.5420962Z,16.101768,0.139959,1357,0,-1,Idle,0,1,TaskSwitchDisplay,1,1,Joystick,0.100000,0.000000,0.000000,0.000000,-1.000000,,,,0.000000,0.000000,0.000000,0.000000,0.000000,0.000000,0.000000,0.000000,-1,0,,0,0,0,0,0,TaskSwitchPedal,,0,Visual,1,0,0,0,,,,,,1
20261008T070032425Z_5f6954a6d38f4efd8e6199648f8dfb00,,,1,272,2026-10-08T07:00:48.6048011Z,16.164296,0.139959,1362,0,-1,Idle,0,1,TaskSwitchDisplay,1,1,Joystick,0.100000,0.000000,0.000000,0.000000,-1.000000,,,,0.000000,0.000000,0.000000,0.000000,0.000000,0.000000,0.000000,0.000000,-1,0,,0,0,0,0,0,TaskSwitchPedal,,0,Visual,1,0,0,0,,,,,,1
20261008T070032425Z_5f6954a6d38f4efd8e6199648f8dfb00,,,1,273,2026-10-08T07:00:48.6611916Z,16.220188,0.139959,1366,0,-1,Idle,0,1,TaskSwitchDisplay,1,1,Joystick,0.100000,0.000000,0.000000,0.000000,-1.000000,,,,0.000000,0.000000,0.000000,0.000000,0.000000,0.000000,0.000000,0.000000,-1,0,,0,0,0,0,0,TaskSwitchPedal,,0,Visual,1,0,0,0,,,,,,1
20261008T070032425Z_5f6954a6d38f4efd8e6199648f8dfb00,,,1,274,2026-10-08T07:00:48.7245275Z,16.283521,0.139959,1370,0,-1,Idle,0,1,TaskSwitchDisplay,1,1,Joystick,0.100000,0.000000,0.000000,0.000000,-1.000000,,,,0.000000,0.000000,0.000000,0.000000,0.000000,0.000000,0.000000,0.000000,-1,0,,0,0,0,0,0,TaskSwitchPedal,,0,Visual,1,0,0,0,,,,,,1
20261008T070032425Z_5f6954a6d38f4efd8e6199648f8dfb00,,,1,275,2026-10-08T07:00:48.7885303Z,16.347392,0.139959,1374,0,-1,Idle,0,1,TaskSwitchDisplay,1,1,Joystick,0.100000,0.000000,0.000000,0.000000,-1.000000,,,,0.000000,0.000000,0.000000,0.000000,0.000000,0.000000,0.000000,0.000000,-1,0,,0,0,0,0,0,TaskSwitchPedal,,0,Visual,1,0,0,0,,,,,,1
20261008T070032425Z_5f6954a6d38f4efd8e6199648f8dfb00,,,1,276,2026-10-08T07:00:48.8419309Z,16.401767,0.139959,1377,0,-1,Idle,0,1,TaskSwitchDisplay,1,1,Joystick,0.100000,0.000000,0.000000,0.000000,-1.000000,,,,0.000000,0.000000,0.000000,0.000000,0.000000,0.000000,0.000000,0.000000,-1,0,,0,0,0,0,0,TaskSwitchPedal,,0,Visual,1,0,0,0,,,,,,1
20261008T070032425Z_5f6954a6d38f4efd8e6199648f8dfb00,,,1,277,2026-10-08T07:00:48.9030802Z,16.462355,0.139959,1381,0,-1,Idle,0,1,TaskSwitchDisplay,1,1,Joystick,0.100000,0.000000,0.000000,0.000000,-1.000000,,,,0.000000,0.000000,0.000000,0.000000,0.000000,0.000000,0.000000,0.000000,-1,0,,0,0,0,0,0,TaskSwitchPedal,,0,Visual,1,0,0,0,,,,,,1
20261008T070032425Z_5f6954a6d38f4efd8e6199648f8dfb00,,,1,278,2026-10-08T07:00:48.9567191Z,16.516223,0.139959,1384,0,-1,Idle,0,1,TaskSwitchDisplay,1,1,Joystick,0.100000,0.000000,0.000000,0.000000,-1.000000,,,,0.000000,0.000000,0.000000,0.000000,0.000000,0.000000,0.000000,0.000000,-1,0,,0,0,0,0,0,TaskSwitchPedal,,0,Visual,1,0,0,0,,,,,,1
20261008T070032425Z_5f6954a6d38f4efd8e6199648f8dfb00,,,1,279,2026-10-08T07:00:49.0210276Z,16.580282,0.139959,1388,0,-1,Idle,0,1,TaskSwitchDisplay,1,1,Joystick,0.100000,0.000000,0.000000,0.000000,-1.000000,,,,0.000000,0.000000,0.000000,0.000000,0.000000,0.000000,0.000000,0.000000,-1,0,,0,0,0,0,0,TaskSwitchPedal,,0,Visual,1,0,0,0,,,,,,1
20261008T070032425Z_5f6954a6d38f4efd8e6199648f8dfb00,,,1,280,2026-10-08T07:00:49.0842417Z,16.643363,0.139959,1392,0,-1,Idle,0,1,TaskSwitchDisplay,1,1,Joystick,0.100000,0.000000,0.000000,0.000000,-1.000000,,,,0.000000,0.000000,0.000000,0.000000,0.000000,0.000000,0.000000,0.000000,-1,0,,0,0,0,0,0,TaskSwitchPedal,,0,Visual,1,0,0,0,,,,,,1
20261008T070032425Z_5f6954a6d38f4efd8e6199648f8dfb00,,,1,281,2026-10-08T07:00:49.1360729Z,16.696400,0.139959,1395,0,-1,Idle,0,1,TaskSwitchDisplay,1,1,Joystick,0.100000,0.000000,0.000000,0.000000,-1.000000,,,,0.000000,0.000000,0.000000,0.000000,0.000000,0.000000,0.000000,0.000000,-1,0,,0,0,0,0,0,TaskSwitchPedal,,0,Visual,1,0,0,0,,,,,,1
20261008T070032425Z_5f6954a6d38f4efd8e6199648f8dfb00,,,1,282,2026-10-08T07:00:49.1937973Z,16.752921,0.139959,1399,0,-1,Idle,0,1,TaskSwitchDisplay,1,1,Joystick,0.100000,0.000000,0.000000,0.000000,-1.000000,,,,0.000000,0.000000,0.000000,0.000000,0.000000,0.000000,0.000000,0.000000,-1,0,,0,0,0,0,0,TaskSwitchPedal,,0,Visual,1,0,0,0,,,,,,1
20261008T070032425Z_5f6954a6d38f4efd8e6199648f8dfb00,,,1,283,2026-10-08T07:00:49.2584867Z,16.818763,0.139959,1403,0,-1,Idle,0,1,TaskSwitchDisplay,1,1,Joystick,0.100000,0.000000,0.000000,0.000000,-1.000000,,,,0.000000,0.000000,0.000000,0.000000,0.000000,0.000000,0.000000,0.000000,-1,0,,0,0,0,0,0,TaskSwitchPedal,,0,Visual,1,0,0,0,,,,,,1
20261008T070032425Z_5f6954a6d38f4efd8e6199648f8dfb00,,,1,284,2026-10-08T07:00:49.3140912Z,16.873288,0.139959,1406,0,-1,Idle,0,1,TaskSwitchDisplay,1,1,Joystick,0.100000,0.000000,0.000000,0.000000,-1.000000,,,,0.000000,0.000000,0.000000,0.000000,0.000000,0.000000,0.000000,0.000000,-1,0,,0,0,0,0,0,TaskSwitchPedal,,0,Visual,1,0,0,0,,,,,,1
20261008T070032425Z_5f6954a6d38f4efd8e6199648f8dfb00,,,1,285,2026-10-08T07:00:49.3797177Z,16.938869,0.139959,1410,0,-1,Idle,0,1,TaskSwitchDisplay,1,1,Joystick,0.100000,0.000000,0.000000,0.000000,-1.000000,,,,0.000000,0.000000,0.000000,0.000000,0.000000,0.000000,0.000000,0.000000,-1,0,,0,0,0,0,0,TaskSwitchPedal,,0,Visual,1,0,0,0,,,,,,1
20261008T070032425Z_5f6954a6d38f4efd8e6199648f8dfb00,,,1,286,2026-10-08T07:00:49.4395288Z,16.999118,0.139959,1414,0,-1,Idle,0,1,TaskSwitchDisplay,1,1,Joystick,0.100000,0.000000,0.000000,0.000000,-1.000000,,,,0.000000,0.000000,0.000000,0.000000,0.000000,0.000000,0.000000,0.000000,-1,0,,0,0,0,0,0,TaskSwitchPedal,,0,Visual,1,0,0,0,,,,,,1
20261008T070032425Z_5f6954a6d38f4efd8e6199648f8dfb00,,,1,287,2026-10-08T07:00:49.4913678Z,17.050477,0.139959,1418,0,-1,Idle,0,1,TaskSwitchDisplay,1,1,Joystick,0.100000,0.000000,0.000000,0.000000,-1.000000,,,,0.000000,0.000000,0.000000,0.000000,0.000000,0.000000,0.000000,0.000000,-1,0,,0,0,0,0,0,TaskSwitchPedal,,0,Visual,1,0,0,0,,,,,,1
20261008T070032425Z_5f6954a6d38f4efd8e6199648f8dfb00,,,1,288,2026-10-08T07:00:49.5446676Z,17.104600,0.139959,1422,0,-1,Idle,0,1,TaskSwitchDisplay,1,1,Joystick,0.100000,0.000000,0.000000,0.000000,-1.000000,,,,0.000000,0.000000,0.000000,0.000000,0.000000,0.000000,0.000000,0.000000,-1,0,,0,0,0,0,0,TaskSwitchPedal,,0,Visual,1,0,0,0,,,,,,1
20261008T070032425Z_5f6954a6d38f4efd8e6199648f8dfb00,,,1,289,2026-10-08T07:00:49.5994539Z,17.158902,0.139959,1426,0,-1,Idle,0,1,TaskSwitchDisplay,1,1,Joystick,0.100000,0.000000,0.000000,0.000000,-1.000000,,,,0.000000,0.000000,0.000000,0.000000,0.000000,0.000000,0.000000,0.000000,-1,0,,0,0,0,0,0,TaskSwitchPedal,,0,Visual,1,0,0,0,,,,,,1
20261008T070032425Z_5f6954a6d38f4efd8e6199648f8dfb00,,,1,290,2026-10-08T07:00:49.6524621Z,17.212291,0.139959,1430,0,-1,Idle,0,1,TaskSwitchDisplay,1,1,Joystick,0.100000,0.000000,0.000000,0.000000,-1.000000,,,,0.000000,0.000000,0.000000,0.000000,0.000000,0.000000,0.000000,0.000000,-1,0,,0,0,0,0,0,TaskSwitchPedal,,0,Visual,1,0,0,0,,,,,,1
20261008T070032425Z_5f6954a6d38f4efd8e6199648f8dfb00,,,1,291,2026-10-08T07:00:49.7062581Z,17.265817,0.139959,1434,0,-1,Idle,0,1,TaskSwitchDisplay,1,1,Joystick,0.100000,0.000000,0.000000,0.000000,-1.000000,,,,0.000000,0.000000,0.000000,0.000000,0.000000,0.000000,0.000000,0.000000,-1,0,,0,0,0,0,0,TaskSwitchPedal,,0,Visual,1,0,0,0,,,,,,1
20261008T070032425Z_5f6954a6d38f4efd8e6199648f8dfb00,,,1,292,2026-10-08T07:00:49.7607981Z,17.319806,0.139959,1438,0,-1,Idle,0,1,TaskSwitchDisplay,1,1,Joystick,0.100000,0.000000,0.000000,0.000000,-1.000000,,,,0.000000,0.000000,0.000000,0.000000,0.000000,0.000000,0.000000,0.000000,-1,0,,0,0,0,0,0,TaskSwitchPedal,,0,Visual,1,0,0,0,,,,,,1
20261008T070032425Z_5f6954a6d38f4efd8e6199648f8dfb00,,,1,293,2026-10-08T07:00:49.8169412Z,17.376059,0.139959,1442,0,-1,Idle,0,1,TaskSwitchDisplay,1,1,Joystick,0.100000,0.000000,0.000000,0.000000,-1.000000,,,,0.000000,0.000000,0.000000,0.000000,0.000000,0.000000,0.000000,0.000000,-1,0,,0,0,0,0,0,TaskSwitchPedal,,0,Visual,1,0,0,0,,,,,,1
20261008T070032425Z_5f6954a6d38f4efd8e6199648f8dfb00,,,1,294,2026-10-08T07:00:49.8732465Z,17.432929,0.139959,1446,0,-1,Idle,0,1,TaskSwitchDisplay,1,1,Joystick,0.100000,0.000000,0.000000,0.000000,-1.000000,,,,0.000000,0.000000,0.000000,0.000000,0.000000,0.000000,0.000000,0.000000,-1,0,,0,0,0,0,0,TaskSwitchPedal,,0,Visual,1,0,0,0,,,,,,1
20261008T070032425Z_5f6954a6d38f4efd8e6199648f8dfb00,,,1,295,2026-10-08T07:00:49.9262455Z,17.485797,0.139959,1450,0,-1,Idle,0,1,TaskSwitchDisplay,1,1,Joystick,0.100000,0.000000,0.000000,0.000000,-1.000000,,,,0.000000,0.000000,0.000000,0.000000,0.000000,0.000000,0.000000,0.000000,-1,0,,0,0,0,0,0,TaskSwitchPedal,,0,Visual,1,0,0,0,,,,,,1
20261008T070032425Z_5f6954a6d38f4efd8e6199648f8dfb00,,,1,296,2026-10-08T07:00:49.9802995Z,17.539649,0.139959,1454,0,-1,Idle,0,1,TaskSwitchDisplay,1,1,Joystick,0.100000,0.000000,0.000000,0.000000,-1.000000,,,,0.000000,0.000000,0.000000,0.000000,0.000000,0.000000,0.000000,0.000000,-1,0,,0,0,0,0,0,TaskSwitchPedal,,0,Visual,1,0,0,0,,,,,,1
20261008T070032425Z_5f6954a6d38f4efd8e6199648f8dfb00,,,1,297,2026-10-08T07:00:50.0368692Z,17.596124,0.139959,1458,0,-1,Idle,0,1,TaskSwitchDisplay,1,1,Joystick,0.100000,0.000000,0.000000,0.000000,-1.000000,,,,0.000000,0.000000,0.000000,0.000000,0.000000,0.000000,0.000000,0.000000,-1,0,,0,0,0,0,0,TaskSwitchPedal,,0,Visual,1,0,0,0,,,,,,1
20261008T070032425Z_5f6954a6d38f4efd8e6199648f8dfb00,,,1,298,2026-10-08T07:00:50.0889948Z,17.648128,0.139959,1462,0,-1,Idle,0,1,TaskSwitchDisplay,1,1,Joystick,0.100000,0.000000,0.000000,0.000000,-1.000000,,,,0.000000,0.000000,0.000000,0.000000,0.000000,0.000000,0.000000,0.000000,-1,0,,0,0,0,0,0,TaskSwitchPedal,,0,Visual,1,0,0,0,,,,,,1
20261008T070032425Z_5f6954a6d38f4efd8e6199648f8dfb00,,,1,299,2026-10-08T07:00:50.1483756Z,17.707611,0.139959,1466,0,-1,Idle,0,1,TaskSwitchDisplay,1,1,Joystick,0.100000,0.000000,0.000000,0.000000,-1.000000,,,,0.000000,0.000000,0.000000,0.000000,0.000000,0.000000,0.000000,0.000000,-1,0,,0,0,0,0,0,TaskSwitchPedal,,0,Visual,1,0,0,0,,,,,,1
20261008T070032425Z_5f6954a6d38f4efd8e6199648f8dfb00,,,1,300,2026-10-08T07:00:50.2056819Z,17.764665,0.139959,1470,0,-1,Idle,0,1,TaskSwitchDisplay,1,1,Joystick,0.100000,0.000000,0.000000,0.000000,-1.000000,,,,0.000000,0.000000,0.000000,0.000000,0.000000,0.000000,0.000000,0.000000,-1,0,,0,0,0,0,0,TaskSwitchPedal,,0,Visual,1,0,0,0,,,,,,1
20261008T070032425Z_5f6954a6d38f4efd8e6199648f8dfb00,,,1,301,2026-10-08T07:00:50.2701324Z,17.829444,0.139959,1474,0,-1,Idle,0,1,TaskSwitchDisplay,1,1,Joystick,0.100000,0.000000,0.000000,0.000000,-1.000000,,,,0.000000,0.000000,0.000000,0.000000,0.000000,0.000000,0.000000,0.000000,-1,0,,0,0,0,0,0,TaskSwitchPedal,,0,Visual,1,0,0,0,,,,,,1
20261008T070032425Z_5f6954a6d38f4efd8e6199648f8dfb00,,,1,302,2026-10-08T07:00:50.3229680Z,17.882569,0.139959,1477,0,-1,Idle,0,1,TaskSwitchDisplay,1,1,Joystick,0.100000,0.000000,0.000000,0.000000,-1.000000,,,,0.000000,0.000000,0.000000,0.000000,0.000000,0.000000,0.000000,0.000000,-1,0,,0,0,0,0,0,TaskSwitchPedal,,0,Visual,1,0,0,0,,,,,,1
20261008T070032425Z_5f6954a6d38f4efd8e6199648f8dfb00,,,1,303,2026-10-08T07:00:50.3740971Z,17.933058,0.139959,1479,0,-1,Idle,0,1,TaskSwitchDisplay,1,1,Joystick,0.100000,0.000000,0.000000,0.000000,-1.000000,,,,0.000000,0.000000,0.000000,0.000000,0.000000,0.000000,0.000000,0.000000,-1,0,,0,0,0,0,0,TaskSwitchPedal,,0,Visual,1,0,0,0,,,,,,1
20261008T070032425Z_5f6954a6d38f4efd8e6199648f8dfb00,,,1,304,2026-10-08T07:00:50.4245502Z,17.983697,0.139959,1482,0,-1,Idle,0,1,TaskSwitchDisplay,1,1,Joystick,0.100000,0.000000,0.000000,0.000000,-1.000000,,,,0.000000,0.000000,0.000000,0.000000,0.000000,0.000000,0.000000,0.000000,-1,0,,0,0,0,0,0,TaskSwitchPedal,,0,Visual,1,0,0,0,,,,,,1
20261008T070032425Z_5f6954a6d38f4efd8e6199648f8dfb00,,,1,305,2026-10-08T07:00:50.4856845Z,18.045283,0.139959,1485,0,-1,Idle,0,1,TaskSwitchDisplay,1,1,Joystick,0.100000,0.000000,0.000000,0.000000,-1.000000,,,,0.000000,0.000000,0.000000,0.000000,0.000000,0.000000,0.000000,0.000000,-1,0,,0,0,0,0,0,TaskSwitchPedal,,0,Visual,1,0,0,0,,,,,,1
20261008T070032425Z_5f6954a6d38f4efd8e6199648f8dfb00,,,1,306,2026-10-08T07:00:50.5414818Z,18.100998,0.139959,1488,0,-1,Idle,0,1,TaskSwitchDisplay,1,1,Joystick,0.100000,0.000000,0.000000,0.000000,-1.000000,,,,0.000000,0.000000,0.000000,0.000000,0.000000,0.000000,0.000000,0.000000,-1,0,,0,0,0,0,0,TaskSwitchPedal,,0,Visual,1,0,0,0,,,,,,1
20261008T070032425Z_5f6954a6d38f4efd8e6199648f8dfb00,,,1,307,2026-10-08T07:00:50.6035605Z,18.162488,0.139959,1492,0,-1,Idle,0,1,TaskSwitchDisplay,1,1,Joystick,0.100000,0.000000,0.000000,0.000000,-1.000000,,,,0.000000,0.000000,0.000000,0.000000,0.000000,0.000000,0.000000,0.000000,-1,0,,0,0,0,0,0,TaskSwitchPedal,,0,Visual,1,0,0,0,,,,,,1
20261008T070032425Z_5f6954a6d38f4efd8e6199648f8dfb00,,,1,308,2026-10-08T07:00:50.6660100Z,18.225156,0.139959,1495,0,-1,Idle,0,1,TaskSwitchDisplay,1,1,Joystick,0.100000,0.000000,0.000000,0.000000,-1.000000,,,,0.000000,0.000000,0.000000,0.000000,0.000000,0.000000,0.000000,0.000000,-1,0,,0,0,0,0,0,TaskSwitchPedal,,0,Visual,1,0,0,0,,,,,,1
20261008T070032425Z_5f6954a6d38f4efd8e6199648f8dfb00,,,1,309,2026-10-08T07:00:50.7226212Z,18.282570,0.139959,1499,0,-1,Idle,0,1,TaskSwitchDisplay,1,1,Joystick,0.100000,0.000000,0.000000,0.000000,-1.000000,,,,0.000000,0.000000,0.000000,0.000000,0.000000,0.000000,0.000000,0.000000,-1,0,,0,0,0,0,0,TaskSwitchPedal,,0,Visual,1,0,0,0,,,,,,1
20261008T070032425Z_5f6954a6d38f4efd8e6199648f8dfb00,,,1,310,2026-10-08T07:00:50.7745954Z,18.333850,0.139959,1502,0,-1,Idle,0,1,TaskSwitchDisplay,1,1,Joystick,0.100000,0.000000,0.000000,0.000000,-1.000000,,,,0.000000,0.000000,0.000000,0.000000,0.000000,0.000000,0.000000,0.000000,-1,0,,0,0,0,0,0,TaskSwitchPedal,,0,Visual,1,0,0,0,,,,,,1
20261008T070032425Z_5f6954a6d38f4efd8e6199648f8dfb00,,,1,311,2026-10-08T07:00:50.8313421Z,18.390964,0.139959,1506,0,-1,Idle,0,1,TaskSwitchDisplay,1,1,Joystick,0.100000,0.000000,0.000000,0.000000,-1.000000,,,,0.000000,0.000000,0.000000,0.000000,0.000000,0.000000,0.000000,0.000000,-1,0,,0,0,0,0,0,TaskSwitchPedal,,0,Visual,1,0,0,0,,,,,,1
20261008T070032425Z_5f6954a6d38f4efd8e6199648f8dfb00,,,1,312,2026-10-08T07:00:50.8823036Z,18.442194,0.139959,1509,0,-1,Idle,0,1,TaskSwitchDisplay,1,1,Joystick,0.100000,0.000000,0.000000,0.000000,-1.000000,,,,0.000000,0.000000,0.000000,0.000000,0.000000,0.000000,0.000000,0.000000,-1,0,,0,0,0,0,0,TaskSwitchPedal,,0,Visual,1,0,0,0,,,,,,1
20261008T070032425Z_5f6954a6d38f4efd8e6199648f8dfb00,,,1,313,2026-10-08T07:00:50.9347939Z,18.494713,0.139959,1513,0,-1,Idle,0,1,TaskSwitchDisplay,1,1,Joystick,0.100000,0.000000,0.000000,0.000000,-1.000000,,,,0.000000,0.000000,0.000000,0.000000,0.000000,0.000000,0.000000,0.000000,-1,0,,0,0,0,0,0,TaskSwitchPedal,,0,Visual,1,0,0,0,,,,,,1
20261008T070032425Z_5f6954a6d38f4efd8e6199648f8dfb00,,,1,314,2026-10-08T07:00:50.9851609Z,18.544758,0.139959,1517,0,-1,Idle,0,1,TaskSwitchDisplay,1,1,Joystick,0.100000,0.000000,0.000000,0.000000,-1.000000,,,,0.000000,0.000000,0.000000,0.000000,0.000000,0.000000,0.000000,0.000000,-1,0,,0,0,0,0,0,TaskSwitchPedal,,0,Visual,1,0,0,0,,,,,,1
20261008T070032425Z_5f6954a6d38f4efd8e6199648f8dfb00,,,1,315,2026-10-08T07:00:51.0515422Z,18.610692,0.139959,1521,0,-1,Idle,0,1,TaskSwitchDisplay,1,1,Joystick,0.100000,0.000000,0.000000,0.000000,-1.000000,,,,0.000000,0.000000,0.000000,0.000000,0.000000,0.000000,0.000000,0.000000,-1,0,,0,0,0,0,0,TaskSwitchPedal,,0,Visual,1,0,0,0,,,,,,1
20261008T070032425Z_5f6954a6d38f4efd8e6199648f8dfb00,,,1,316,2026-10-08T07:00:51.1172087Z,18.676848,0.139959,1525,0,-1,Idle,0,1,TaskSwitchDisplay,1,1,Joystick,0.100000,0.000000,0.000000,0.000000,-1.000000,,,,0.000000,0.000000,0.000000,0.000000,0.000000,0.000000,0.000000,0.000000,-1,0,,0,0,0,0,0,TaskSwitchPedal,,0,Visual,1,0,0,0,,,,,,1
20261008T070032425Z_5f6954a6d38f4efd8e6199648f8dfb00,,,1,317,2026-10-08T07:00:51.1822854Z,18.741262,0.139959,1529,0,-1,Idle,0,1,TaskSwitchDisplay,1,1,Joystick,0.100000,0.000000,0.000000,0.000000,-1.000000,,,,0.000000,0.000000,0.000000,0.000000,0.000000,0.000000,0.000000,0.000000,-1,0,,0,0,0,0,0,TaskSwitchPedal,,0,Visual,1,0,0,0,,,,,,1
20261008T070032425Z_5f6954a6d38f4efd8e6199648f8dfb00,,,1,318,2026-10-08T07:00:51.2442543Z,18.803932,0.139959,1533,0,-1,Idle,0,1,TaskSwitchDisplay,1,1,Joystick,0.100000,0.000000,0.000000,0.000000,-1.000000,,,,0.000000,0.000000,0.000000,0.000000,0.000000,0.000000,0.000000,0.000000,-1,0,,0,0,0,0,0,TaskSwitchPedal,,0,Visual,1,0,0,0,,,,,,1
20261008T070032425Z_5f6954a6d38f4efd8e6199648f8dfb00,,,1,319,2026-10-08T07:00:51.3120257Z,18.871803,0.139959,1536,0,-1,Idle,0,1,TaskSwitchDisplay,1,1,Joystick,0.100000,0.000000,0.000000,0.000000,-1.000000,,,,0.000000,0.000000,0.000000,0.000000,0.000000,0.000000,0.000000,0.000000,-1,0,,0,0,0,0,0,TaskSwitchPedal,,0,Visual,1,0,0,0,,,,,,1
20261008T070032425Z_5f6954a6d38f4efd8e6199648f8dfb00,,,1,320,2026-10-08T07:00:51.3711451Z,18.930689,0.139959,1539,0,-1,Idle,0,1,TaskSwitchDisplay,1,1,Joystick,0.100000,0.000000,0.000000,0.000000,-1.000000,,,,0.000000,0.000000,0.000000,0.000000,0.000000,0.000000,0.000000,0.000000,-1,0,,0,0,0,0,0,TaskSwitchPedal,,0,Visual,1,0,0,0,,,,,,1
20261008T070032425Z_5f6954a6d38f4efd8e6199648f8dfb00,,,1,321,2026-10-08T07:00:51.4285948Z,18.988174,0.139959,1543,0,-1,Idle,0,1,TaskSwitchDisplay,1,1,Joystick,0.100000,0.000000,0.000000,0.000000,-1.000000,,,,0.000000,0.000000,0.000000,0.000000,0.000000,0.000000,0.000000,0.000000,-1,0,,0,0,0,0,0,TaskSwitchPedal,,0,Visual,1,0,0,0,,,,,,1
20261008T070032425Z_5f6954a6d38f4efd8e6199648f8dfb00,,,1,322,2026-10-08T07:00:51.4810482Z,19.040096,0.139959,1546,0,-1,Idle,0,1,TaskSwitchDisplay,1,1,Joystick,0.100000,0.000000,0.000000,0.000000,-1.000000,,,,0.000000,0.000000,0.000000,0.000000,0.000000,0.000000,0.000000,0.000000,-1,0,,0,0,0,0,0,TaskSwitchPedal,,0,Visual,1,0,0,0,,,,,,1
20261008T070032425Z_5f6954a6d38f4efd8e6199648f8dfb00,,,1,323,2026-10-08T07:00:51.5357586Z,19.094987,0.139959,1549,0,-1,Idle,0,1,TaskSwitchDisplay,1,1,Joystick,0.100000,0.000000,0.000000,0.000000,-1.000000,,,,0.000000,0.000000,0.000000,0.000000,0.000000,0.000000,0.000000,0.000000,-1,0,,0,0,0,0,0,TaskSwitchPedal,,0,Visual,1,0,0,0,,,,,,1
20261008T070032425Z_5f6954a6d38f4efd8e6199648f8dfb00,,,1,324,2026-10-08T07:00:51.5896651Z,19.149938,0.139959,1552,0,-1,Idle,0,1,TaskSwitchDisplay,1,1,Joystick,0.100000,0.000000,0.000000,0.000000,-1.000000,,,,0.000000,0.000000,0.000000,0.000000,0.000000,0.000000,0.000000,0.000000,-1,0,,0,0,0,0,0,TaskSwitchPedal,,0,Visual,1,0,0,0,,,,,,1
20261008T070032425Z_5f6954a6d38f4efd8e6199648f8dfb00,,,1,325,2026-10-08T07:00:51.6410993Z,19.200001,0.139959,1555,0,-1,Idle,0,1,TaskSwitchDisplay,1,1,Joystick,0.100000,0.000000,0.000000,0.000000,-1.000000,,,,0.000000,0.000000,0.000000,0.000000,0.000000,0.000000,0.000000,0.000000,-1,0,,0,0,0,0,0,TaskSwitchPedal,,0,Visual,1,0,0,0,,,,,,1
20261008T070032425Z_5f6954a6d38f4efd8e6199648f8dfb00,,,1,326,2026-10-08T07:00:51.6993401Z,19.258347,0.139959,1559,0,-1,Idle,0,1,TaskSwitchDisplay,1,1,Joystick,0.100000,0.000000,0.000000,0.000000,-1.000000,,,,0.000000,0.000000,0.000000,0.000000,0.000000,0.000000,0.000000,0.000000,-1,0,,0,0,0,0,0,TaskSwitchPedal,,0,Visual,1,0,0,0,,,,,,1
20261008T070032425Z_5f6954a6d38f4efd8e6199648f8dfb00,,,1,327,2026-10-08T07:00:51.7667131Z,19.325766,0.139959,1563,0,-1,Idle,0,1,TaskSwitchDisplay,1,1,Joystick,0.100000,0.000000,0.000000,0.000000,-1.000000,,,,0.000000,0.000000,0.000000,0.000000,0.000000,0.000000,0.000000,0.000000,-1,0,,0,0,0,0,0,TaskSwitchPedal,,0,Visual,1,0,0,0,,,,,,1
20261008T070032425Z_5f6954a6d38f4efd8e6199648f8dfb00,,,1,328,2026-10-08T07:00:51.8270222Z,19.386782,0.139959,1566,0,-1,Idle,0,1,TaskSwitchDisplay,1,1,Joystick,0.100000,0.000000,0.000000,0.000000,-1.000000,,,,0.000000,0.000000,0.000000,0.000000,0.000000,0.000000,0.000000,0.000000,-1,0,,0,0,0,0,0,TaskSwitchPedal,,0,Visual,1,0,0,0,,,,,,1
20261008T070032425Z_5f6954a6d38f4efd8e6199648f8dfb00,,,1,329,2026-10-08T07:00:51.8888194Z,19.447923,0.139959,1569,0,-1,Idle,0,1,TaskSwitchDisplay,1,1,Joystick,0.100000,0.000000,0.000000,0.000000,-1.000000,,,,0.000000,0.000000,0.000000,0.000000,0.000000,0.000000,0.000000,0.000000,-1,0,,0,0,0,0,0,TaskSwitchPedal,,0,Visual,1,0,0,0,,,,,,1
20261008T070032425Z_5f6954a6d38f4efd8e6199648f8dfb00,,,1,330,2026-10-08T07:00:51.9413273Z,19.500612,0.139959,1572,0,-1,Idle,0,1,TaskSwitchDisplay,1,1,Joystick,0.100000,0.000000,0.000000,0.000000,-1.000000,,,,0.000000,0.000000,0.000000,0.000000,0.000000,0.000000,0.000000,0.000000,-1,0,,0,0,0,0,0,TaskSwitchPedal,,0,Visual,1,0,0,0,,,,,,1
20261008T070032425Z_5f6954a6d38f4efd8e6199648f8dfb00,,,1,331,2026-10-08T07:00:52.0104839Z,19.570299,0.139959,1575,0,-1,Idle,0,1,TaskSwitchDisplay,1,1,Joystick,0.100000,0.000000,0.000000,0.000000,-1.000000,,,,0.000000,0.000000,0.000000,0.000000,0.000000,0.000000,0.000000,0.000000,-1,0,,0,0,0,0,0,TaskSwitchPedal,,0,Visual,1,0,0,0,,,,,,1
20261008T070032425Z_5f6954a6d38f4efd8e6199648f8dfb00,,,1,332,2026-10-08T07:00:52.0714162Z,19.631616,0.139959,1579,0,-1,Idle,0,1,TaskSwitchDisplay,1,1,Joystick,0.100000,0.000000,0.000000,0.000000,-1.000000,,,,0.000000,0.000000,0.000000,0.000000,0.000000,0.000000,0.000000,0.000000,-1,0,,0,0,0,0,0,TaskSwitchPedal,,0,Visual,1,0,0,0,,,,,,1
20261008T070032425Z_5f6954a6d38f4efd8e6199648f8dfb00,,,1,333,2026-10-08T07:00:52.1384317Z,19.697367,0.139959,1583,0,-1,Idle,0,1,TaskSwitchDisplay,1,1,Joystick,0.100000,0.000000,0.000000,0.000000,-1.000000,,,,0.000000,0.000000,0.000000,0.000000,0.000000,0.000000,0.000000,0.000000,-1,0,,0,0,0,0,0,TaskSwitchPedal,,0,Visual,1,0,0,0,,,,,,1
