session_id,participant_id,block_id,experiment_run_index,sample_index,utc_timestamp,real_elapsed_s,simulation_elapsed_s,frame,switch_index,active_crane_index,state,input_locked,global_paused,display_mode,operation_enabled,pause_interval_index,crane_index,role,cycle_instance_id,cycle_number,phase,step,monitoring,cycle_running,cycle_paused,boundary_waiting,step_elapsed_s,condition_stable_s,position_condition_latched,position_exit_hysteresis,world_x,world_y,world_z,target_world_x,target_world_z,signed_error_x,signed_error_z,abs_error_x,abs_error_z,display_x,display_z,attached_board_count,attached_weight_kg,pickup_target_weight_kg,placement_remaining_target_kg,pickup_weight_error_kg,electric_current_a,required_current_a,lift_capacity_kg,safe_current_hold_active,maximum_current_a,safe_hold_release_threshold_a,step_configuration_json,display_weight_ton,x_highlighted,z_highlighted,weight_highlighted,achievement_frame,display_align_tolerance,x_within_display_tolerance,z_within_display_tolerance,current_rearm_condition,current_rearm_threshold_a
20261009T025226250Z_6ca46cab1d00446aa2b0a79bb208a1d8,,,1,0,2026-10-09T02:52:26.2902583Z,0.038604,0.000000,275,0,-1,Idle,0,1,TaskSwitchDisplay,1,1,0,Source,,1,Move1,,0,0,0,0,0.000000,0.000000,0,0.050000,0.000000,9.363750,0.000000,,,,,,,20.000000,250.000000,0,0.000000,1770.000000,,-1770.000000,0.000000,0.000000,0.000000,0,75.000000,70.000000,,,,,,,,,,None,0.000000
20261009T025226250Z_6ca46cab1d00446aa2b0a79bb208a1d8,,,1,0,2026-10-09T02:52:26.2902583Z,0.038604,0.000000,275,0,-1,Idle,0,1,TaskSwitchDisplay,1,1,1,Target,,1,Move1,,0,0,0,0,0.000000,0.000000,0,0.050000,20.000000,9.363750,0.000000,,,,,,,40.000000,250.000000,0,0.000000,,,,0.000000,0.000000,0.000000,0,75.000000,70.000000,,,,,,,,,,None,0.000000
20261009T025226250Z_6ca46cab1d00446aa2b0a79bb208a1d8,,,1,1,2026-10-09T02:52:26.3403518Z,0.089028,0.089752,278,0,-1,Idle,0,1,TaskSwitchDisplay,1,1,0,Source,,1,Move1,,0,0,0,0,0.000000,0.000000,0,0.050000,0.000000,9.363750,0.000000,,,,,,,20.000000,250.000000,0,0.000000,1770.000000,,-1770.000000,0.000000,0.000000,0.000000,0,75.000000,70.000000,,,,,,,,,,None,0.000000
20261009T025226250Z_6ca46cab1d00446aa2b0a79bb208a1d8,,,1,1,2026-10-09T02:52:26.3403518Z,0.089028,0.089752,278,0,-1,Idle,0,1,TaskSwitchDisplay,1,1,1,Target,,1,Move1,,0,0,0,0,0.000000,0.000000,0,0.050000,20.000000,9.363750,0.000000,,,,,,,40.000000,250.000000,0,0.000000,,,,0.000000,0.000000,0.000000,0,75.000000,70.000000,,,,,,,,,,None,0.000000
20261009T025226250Z_6ca46cab1d00446aa2b0a79bb208a1d8,,,1,2,2026-10-09T02:52:26.3924095Z,0.141446,0.089752,284,0,-1,Idle,0,1,TaskSwitchDisplay,1,1,0,Source,,1,Move1,,0,0,0,0,0.000000,0.000000,0,0.050000,0.000000,9.363750,0.000000,,,,,,,20.000000,250.000000,0,0.000000,1770.000000,,-1770.000000,0.000000,0.000000,0.000000,0,75.000000,70.000000,,,,,,,,,,None,0.000000
20261009T025226250Z_6ca46cab1d00446aa2b0a79bb208a1d8,,,1,2,2026-10-09T02:52:26.3924095Z,0.141446,0.089752,284,0,-1,Idle,0,1,TaskSwitchDisplay,1,1,1,Target,,1,Move1,,0,0,0,0,0.000000,0.000000,0,0.050000,20.000000,9.363750,0.000000,,,,,,,40.000000,250.000000,0,0.000000,,,,0.000000,0.000000,0.000000,0,75.000000,70.000000,,,,,,,,,,None,0.000000
20261009T025226250Z_6ca46cab1d00446aa2b0a79bb208a1d8,,,1,3,2026-10-09T02:52:26.4466905Z,0.195999,0.089752,290,0,-1,Idle,0,1,TaskSwitchDisplay,1,1,0,Source,,1,Move1,,0,0,0,0,0.000000,0.000000,0,0.050000,0.000000,9.363750,0.000000,,,,,,,20.000000,250.000000,0,0.000000,1770.000000,,-1770.000000,0.000000,0.000000,0.000000,0,75.000000,70.000000,,,,,,,,,,None,0.000000
20261009T025226250Z_6ca46cab1d00446aa2b0a79bb208a1d8,,,1,3,2026-10-09T02:52:26.4466905Z,0.195999,0.089752,290,0,-1,Idle,0,1,TaskSwitchDisplay,1,1,1,Target,,1,Move1,,0,0,0,0,0.000000,0.000000,0,0.050000,20.000000,9.363750,0.000000,,,,,,,40.000000,250.000000,0,0.000000,,,,0.000000,0.000000,0.000000,0,75.000000,70.000000,,,,,,,,,,None,0.000000
20261009T025226250Z_6ca46cab1d00446aa2b0a79bb208a1d8,,,1,4,2026-10-09T02:52:26.5000859Z,0.248958,0.089752,296,0,-1,Idle,0,1,TaskSwitchDisplay,1,1,0,Source,,1,Move1,,0,0,0,0,0.000000,0.000000,0,0.050000,0.000000,9.363750,0.000000,,,,,,,20.000000,250.000000,0,0.000000,1770.000000,,-1770.000000,0.000000,0.000000,0.000000,0,75.000000,70.000000,,,,,,,,,,None,0.000000
20261009T025226250Z_6ca46cab1d00446aa2b0a79bb208a1d8,,,1,4,2026-10-09T02:52:26.5000859Z,0.248958,0.089752,296,0,-1,Idle,0,1,TaskSwitchDisplay,1,1,1,Target,,1,Move1,,0,0,0,0,0.000000,0.000000,0,0.050000,20.000000,9.363750,0.000000,,,,,,,40.000000,250.000000,0,0.000000,,,,0.000000,0.000000,0.000000,0,75.000000,70.000000,,,,,,,,,,None,0.000000
20261009T025226250Z_6ca46cab1d00446aa2b0a79bb208a1d8,,,1,5,2026-10-09T02:52:26.5564625Z,0.305614,0.089752,302,0,-1,Idle,0,1,TaskSwitchDisplay,1,1,0,Source,,1,Move1,,0,0,0,0,0.000000,0.000000,0,0.050000,0.000000,9.363750,0.000000,,,,,,,20.000000,250.000000,0,0.000000,1770.000000,,-1770.000000,0.000000,0.000000,0.000000,0,75.000000,70.000000,,,,,,,,,,None,0.000000
20261009T025226250Z_6ca46cab1d00446aa2b0a79bb208a1d8,,,1,5,2026-10-09T02:52:26.5564625Z,0.305614,0.089752,302,0,-1,Idle,0,1,TaskSwitchDisplay,1,1,1,Target,,1,Move1,,0,0,0,0,0.000000,0.000000,0,0.050000,20.000000,9.363750,0.000000,,,,,,,40.000000,250.000000,0,0.000000,,,,0.000000,0.000000,0.000000,0,75.000000,70.000000,,,,,,,,,,None,0.000000
20261009T025226250Z_6ca46cab1d00446aa2b0a79bb208a1d8,,,1,6,2026-10-09T02:52:26.6155628Z,0.364962,0.089752,308,0,-1,Idle,0,1,TaskSwitchDisplay,1,1,0,Source,,1,Move1,,0,0,0,0,0.000000,0.000000,0,0.050000,0.000000,9.363750,0.000000,,,,,,,20.000000,250.000000,0,0.000000,1770.000000,,-1770.000000,0.000000,0.000000,0.000000,0,75.000000,70.000000,,,,,,,,,,None,0.000000
20261009T025226250Z_6ca46cab1d00446aa2b0a79bb208a1d8,,,1,6,2026-10-09T02:52:26.6155628Z,0.364962,0.089752,308,0,-1,Idle,0,1,TaskSwitchDisplay,1,1,1,Target,,1,Move1,,0,0,0,0,0.000000,0.000000,0,0.050000,20.000000,9.363750,0.000000,,,,,,,40.000000,250.000000,0,0.000000,,,,0.000000,0.000000,0.000000,0,75.000000,70.000000,,,,,,,,,,None,0.000000
20261009T025226250Z_6ca46cab1d00446aa2b0a79bb208a1d8,,,1,7,2026-10-09T02:52:26.6752179Z,0.424128,0.089752,314,0,-1,Idle,0,1,TaskSwitchDisplay,1,1,0,Source,,1,Move1,,0,0,0,0,0.000000,0.000000,0,0.050000,0.000000,9.363750,0.000000,,,,,,,20.000000,250.000000,0,0.000000,1770.000000,,-1770.000000,0.000000,0.000000,0.000000,0,75.000000,70.000000,,,,,,,,,,None,0.000000
20261009T025226250Z_6ca46cab1d00446aa2b0a79bb208a1d8,,,1,7,2026-10-09T02:52:26.6752179Z,0.424128,0.089752,314,0,-1,Idle,0,1,TaskSwitchDisplay,1,1,1,Target,,1,Move1,,0,0,0,0,0.000000,0.000000,0,0.050000,20.000000,9.363750,0.000000,,,,,,,40.000000,250.000000,0,0.000000,,,,0.000000,0.000000,0.000000,0,75.000000,70.000000,,,,,,,,,,None,0.000000
20261009T025226250Z_6ca46cab1d00446aa2b0a79bb208a1d8,,,1,8,2026-10-09T02:52:26.7325076Z,0.481067,0.089752,320,0,-1,Idle,0,1,TaskSwitchDisplay,1,1,0,Source,,1,Move1,,0,0,0,0,0.000000,0.000000,0,0.050000,0.000000,9.363750,0.000000,,,,,,,20.000000,250.000000,0,0.000000,1770.000000,,-1770.000000,0.000000,0.000000,0.000000,0,75.000000,70.000000,,,,,,,,,,None,0.000000
20261009T025226250Z_6ca46cab1d00446aa2b0a79bb208a1d8,,,1,8,2026-10-09T02:52:26.7325076Z,0.481067,0.089752,320,0,-1,Idle,0,1,TaskSwitchDisplay,1,1,1,Target,,1,Move1,,0,0,0,0,0.000000,0.000000,0,0.050000,20.000000,9.363750,0.000000,,,,,,,40.000000,250.000000,0,0.000000,,,,0.000000,0.000000,0.000000,0,75.000000,70.000000,,,,,,,,,,None,0.000000
20261009T025226250Z_6ca46cab1d00446aa2b0a79bb208a1d8,,,1,9,2026-10-09T02:52:26.7846643Z,0.533579,0.089752,326,0,-1,Idle,0,1,TaskSwitchDisplay,1,1,0,Source,,1,Move1,,0,0,0,0,0.000000,0.000000,0,0.050000,0.000000,9.363750,0.000000,,,,,,,20.000000,250.000000,0,0.000000,1770.000000,,-1770.000000,0.000000,0.000000,0.000000,0,75.000000,70.000000,,,,,,,,,,None,0.000000
20261009T025226250Z_6ca46cab1d00446aa2b0a79bb208a1d8,,,1,9,2026-10-09T02:52:26.7846643Z,0.533579,0.089752,326,0,-1,Idle,0,1,TaskSwitchDisplay,1,1,1,Target,,1,Move1,,0,0,0,0,0.000000,0.000000,0,0.050000,20.000000,9.363750,0.000000,,,,,,,40.000000,250.000000,0,0.000000,,,,0.000000,0.000000,0.000000,0,75.000000,70.000000,,,,,,,,,,None,0.000000
20261009T025226250Z_6ca46cab1d00446aa2b0a79bb208a1d8,,,1,10,2026-10-09T02:52:26.8400791Z,0.589131,0.089752,332,0,-1,Idle,0,1,TaskSwitchDisplay,1,1,0,Source,,1,Move1,,0,0,0,0,0.000000,0.000000,0,0.050000,0.000000,9.363750,0.000000,,,,,,,20.000000,250.000000,0,0.000000,1770.000000,,-1770.000000,0.000000,0.000000,0.000000,0,75.000000,70.000000,,,,,,,,,,None,0.000000
20261009T025226250Z_6ca46cab1d00446aa2b0a79bb208a1d8,,,1,10,2026-10-09T02:52:26.8400791Z,0.589131,0.089752,332,0,-1,Idle,0,1,TaskSwitchDisplay,1,1,1,Target,,1,Move1,,0,0,0,0,0.000000,0.000000,0,0.050000,20.000000,9.363750,0.000000,,,,,,,40.000000,250.000000,0,0.000000,,,,0.000000,0.000000,0.000000,0,75.000000,70.000000,,,,,,,,,,None,0.000000
20261009T025226250Z_6ca46cab1d00446aa2b0a79bb208a1d8,,,1,11,2026-10-09T02:52:26.8926775Z,0.641160,0.089752,338,0,-1,Idle,0,1,TaskSwitchDisplay,1,1,0,Source,,1,Move1,,0,0,0,0,0.000000,0.000000,0,0.050000,0.000000,9.363750,0.000000,,,,,,,20.000000,250.000000,0,0.000000,1770.000000,,-1770.000000,0.000000,0.000000,0.000000,0,75.000000,70.000000,,,,,,,,,,None,0.000000
20261009T025226250Z_6ca46cab1d00446aa2b0a79bb208a1d8,,,1,11,2026-10-09T02:52:26.8926775Z,0.641160,0.089752,338,0,-1,Idle,0,1,TaskSwitchDisplay,1,1,1,Target,,1,Move1,,0,0,0,0,0.000000,0.000000,0,0.050000,20.000000,9.363750,0.000000,,,,,,,40.000000,250.000000,0,0.000000,,,,0.000000,0.000000,0.000000,0,75.000000,70.000000,,,,,,,,,,None,0.000000
20261009T025226250Z_6ca46cab1d00446aa2b0a79bb208a1d8,,,1,12,2026-10-09T02:52:26.9489434Z,0.698452,0.089752,344,0,-1,Idle,0,1,TaskSwitchDisplay,1,1,0,Source,,1,Move1,,0,0,0,0,0.000000,0.000000,0,0.050000,0.000000,9.363750,0.000000,,,,,,,20.000000,250.000000,0,0.000000,1770.000000,,-1770.000000,0.000000,0.000000,0.000000,0,75.000000,70.000000,,,,,,,,,,None,0.000000
20261009T025226250Z_6ca46cab1d00446aa2b0a79bb208a1d8,,,1,12,2026-10-09T02:52:26.9489434Z,0.698452,0.089752,344,0,-1,Idle,0,1,TaskSwitchDisplay,1,1,1,Target,,1,Move1,,0,0,0,0,0.000000,0.000000,0,0.050000,20.000000,9.363750,0.000000,,,,,,,40.000000,250.000000,0,0.000000,,,,0.000000,0.000000,0.000000,0,75.000000,70.000000,,,,,,,,,,None,0.000000
20261009T025226250Z_6ca46cab1d00446aa2b0a79bb208a1d8,,,1,13,2026-10-09T02:52:27.0068618Z,0.756100,0.089752,350,0,-1,Idle,0,1,TaskSwitchDisplay,1,1,0,Source,,1,Move1,,0,0,0,0,0.000000,0.000000,0,0.050000,0.000000,9.363750,0.000000,,,,,,,20.000000,250.000000,0,0.000000,1770.000000,,-1770.000000,0.000000,0.000000,0.000000,0,75.000000,70.000000,,,,,,,,,,None,0.000000
20261009T025226250Z_6ca46cab1d00446aa2b0a79bb208a1d8,,,1,13,2026-10-09T02:52:27.0068618Z,0.756100,0.089752,350,0,-1,Idle,0,1,TaskSwitchDisplay,1,1,1,Target,,1,Move1,,0,0,0,0,0.000000,0.000000,0,0.050000,20.000000,9.363750,0.000000,,,,,,,40.000000,250.000000,0,0.000000,,,,0.000000,0.000000,0.000000,0,75.000000,70.000000,,,,,,,,,,None,0.000000
20261009T025226250Z_6ca46cab1d00446aa2b0a79bb208a1d8,,,1,14,2026-10-09T02:52:27.0641091Z,0.812642,0.089752,356,0,-1,Idle,0,1,TaskSwitchDisplay,1,1,0,Source,,1,Move1,,0,0,0,0,0.000000,0.000000,0,0.050000,0.000000,9.363750,0.000000,,,,,,,20.000000,250.000000,0,0.000000,1770.000000,,-1770.000000,0.000000,0.000000,0.000000,0,75.000000,70.000000,,,,,,,,,,None,0.000000
20261009T025226250Z_6ca46cab1d00446aa2b0a79bb208a1d8,,,1,14,2026-10-09T02:52:27.0641091Z,0.812642,0.089752,356,0,-1,Idle,0,1,TaskSwitchDisplay,1,1,1,Target,,1,Move1,,0,0,0,0,0.000000,0.000000,0,0.050000,20.000000,9.363750,0.000000,,,,,,,40.000000,250.000000,0,0.000000,,,,0.000000,0.000000,0.000000,0,75.000000,70.000000,,,,,,,,,,None,0.000000
20261009T025226250Z_6ca46cab1d00446aa2b0a79bb208a1d8,,,1,15,2026-10-09T02:52:27.1165758Z,0.865035,0.089752,362,0,-1,Idle,0,1,TaskSwitchDisplay,1,1,0,Source,,1,Move1,,0,0,0,0,0.000000,0.000000,0,0.050000,0.000000,9.363750,0.000000,,,,,,,20.000000,250.000000,0,0.000000,1770.000000,,-1770.000000,0.000000,0.000000,0.000000,0,75.000000,70.000000,,,,,,,,,,None,0.000000
20261009T025226250Z_6ca46cab1d00446aa2b0a79bb208a1d8,,,1,15,2026-10-09T02:52:27.1165758Z,0.865035,0.089752,362,0,-1,Idle,0,1,TaskSwitchDisplay,1,1,1,Target,,1,Move1,,0,0,0,0,0.000000,0.000000,0,0.050000,20.000000,9.363750,0.000000,,,,,,,40.000000,250.000000,0,0.000000,,,,0.000000,0.000000,0.000000,0,75.000000,70.000000,,,,,,,,,,None,0.000000
20261009T025226250Z_6ca46cab1d00446aa2b0a79bb208a1d8,,,1,16,2026-10-09T02:52:27.1691363Z,0.917886,0.089752,368,0,-1,Idle,0,1,TaskSwitchDisplay,1,1,0,Source,,1,Move1,,0,0,0,0,0.000000,0.000000,0,0.050000,0.000000,9.363750,0.000000,,,,,,,20.000000,250.000000,0,0.000000,1770.000000,,-1770.000000,0.000000,0.000000,0.000000,0,75.000000,70.000000,,,,,,,,,,None,0.000000
20261009T025226250Z_6ca46cab1d00446aa2b0a79bb208a1d8,,,1,16,2026-10-09T02:52:27.1691363Z,0.917886,0.089752,368,0,-1,Idle,0,1,TaskSwitchDisplay,1,1,1,Target,,1,Move1,,0,0,0,0,0.000000,0.000000,0,0.050000,20.000000,9.363750,0.000000,,,,,,,40.000000,250.000000,0,0.000000,,,,0.000000,0.000000,0.000000,0,75.000000,70.000000,,,,,,,,,,None,0.000000
20261009T025226250Z_6ca46cab1d00446aa2b0a79bb208a1d8,,,1,17,2026-10-09T02:52:27.2207833Z,0.969590,0.089752,374,0,-1,Idle,0,1,TaskSwitchDisplay,1,1,0,Source,,1,Move1,,0,0,0,0,0.000000,0.000000,0,0.050000,0.000000,9.363750,0.000000,,,,,,,20.000000,250.000000,0,0.000000,1770.000000,,-1770.000000,0.000000,0.000000,0.000000,0,75.000000,70.000000,,,,,,,,,,None,0.000000
20261009T025226250Z_6ca46cab1d00446aa2b0a79bb208a1d8,,,1,17,2026-10-09T02:52:27.2207833Z,0.969590,0.089752,374,0,-1,Idle,0,1,TaskSwitchDisplay,1,1,1,Target,,1,Move1,,0,0,0,0,0.000000,0.000000,0,0.050000,20.000000,9.363750,0.000000,,,,,,,40.000000,250.000000,0,0.000000,,,,0.000000,0.000000,0.000000,0,75.000000,70.000000,,,,,,,,,,None,0.000000
20261009T025226250Z_6ca46cab1d00446aa2b0a79bb208a1d8,,,1,18,2026-10-09T02:52:27.2808824Z,1.029634,0.089752,380,0,-1,Idle,0,1,TaskSwitchDisplay,1,1,0,Source,,1,Move1,,0,0,0,0,0.000000,0.000000,0,0.050000,0.000000,9.363750,0.000000,,,,,,,20.000000,250.000000,0,0.000000,1770.000000,,-1770.000000,0.000000,0.000000,0.000000,0,75.000000,70.000000,,,,,,,,,,None,0.000000
20261009T025226250Z_6ca46cab1d00446aa2b0a79bb208a1d8,,,1,18,2026-10-09T02:52:27.2808824Z,1.029634,0.089752,380,0,-1,Idle,0,1,TaskSwitchDisplay,1,1,1,Target,,1,Move1,,0,0,0,0,0.000000,0.000000,0,0.050000,20.000000,9.363750,0.000000,,,,,,,40.000000,250.000000,0,0.000000,,,,0.000000,0.000000,0.000000,0,75.000000,70.000000,,,,,,,,,,None,0.000000
20261009T025226250Z_6ca46cab1d00446aa2b0a79bb208a1d8,,,1,19,2026-10-09T02:52:27.3789182Z,1.128737,0.089752,383,0,0,OperatingSource,0,0,TaskSwitchDisplay,1,,0,Source,1,1,Move1,Move1.PickupCoarseMove,1,1,0,0,0.000000,0.000000,0,0.050000,0.000000,9.364000,0.000000,4.000000,-4.000000,-4.000000,4.000000,4.000000,4.000000,20.000000,250.000000,0,0.000000,1766.000000,,-1766.000000,0.000000,0.000000,0.000000,0,75.000000,70.000000,"{""stepId"":""Move1.PickupCoarseMove"",""displayName"":""吸着位置へ大まかに移動"",""majorPhase"":0,""completionConditions"":[{""conditionType"":1,""threshold"":0.5,""secondaryThreshold"":0.5},{""conditionType"":3,""threshold"":0.0,""secondaryThreshold"":0.0}],""requiredStableSeconds"":0.4000000059604645}",0.000000,0,0,0,383,0.050000,0,0,AtMost,10.000000
20261009T025226250Z_6ca46cab1d00446aa2b0a79bb208a1d8,,,1,19,2026-10-09T02:52:27.3789182Z,1.128737,0.089752,383,0,0,OperatingSource,0,0,TaskSwitchDisplay,1,,1,Target,,1,Move1,,0,0,0,0,0.000000,0.000000,0,0.050000,20.000000,9.364000,0.000000,16.000000,-2.000000,4.000000,2.000000,4.000000,2.000000,40.000000,250.000000,0,0.000000,1766.000000,,-1766.000000,0.000000,0.000000,0.000000,0,75.000000,70.000000,,,,,,,,,,None,0.000000
20261009T025226250Z_6ca46cab1d00446aa2b0a79bb208a1d8,,,1,20,2026-10-09T02:52:27.4332371Z,1.181805,0.212502,387,0,0,OperatingSource,0,0,TaskSwitchDisplay,1,,0,Source,1,1,Move1,Move1.PickupCoarseMove,1,1,0,0,0.122750,0.000000,0,0.050000,0.000000,9.364000,0.000000,4.000000,-4.000000,-4.000000,4.000000,4.000000,4.000000,20.000000,250.000000,0,0.000000,1766.000000,,-1766.000000,0.000000,0.000000,0.000000,0,75.000000,70.000000,"{""stepId"":""Move1.PickupCoarseMove"",""displayName"":""吸着位置へ大まかに移動"",""majorPhase"":0,""completionConditions"":[{""conditionType"":1,""threshold"":0.5,""secondaryThreshold"":0.5},{""conditionType"":3,""threshold"":0.0,""secondaryThreshold"":0.0}],""requiredStableSeconds"":0.4000000059604645}",0.000000,0,0,0,387,0.050000,0,0,AtMost,10.000000
20261009T025226250Z_6ca46cab1d00446aa2b0a79bb208a1d8,,,1,20,2026-10-09T02:52:27.4332371Z,1.181805,0.212502,387,0,0,OperatingSource,0,0,TaskSwitchDisplay,1,,1,Target,,1,Move1,,0,0,0,0,0.000000,0.000000,0,0.050000,20.000000,9.364000,0.000000,16.000000,-2.000000,4.000000,2.000000,4.000000,2.000000,40.000000,250.000000,0,0.000000,1766.000000,,-1766.000000,0.000000,0.000000,0.000000,0,75.000000,70.000000,,,,,,,,,,None,0.000000
20261009T025226250Z_6ca46cab1d00446aa2b0a79bb208a1d8,,,1,21,2026-10-09T02:52:27.4902412Z,1.238842,0.269233,394,0,0,OperatingSource,0,0,TaskSwitchDisplay,1,,0,Source,1,1,Move1,Move1.PickupCoarseMove,1,1,0,0,0.179481,0.000000,0,0.050000,0.000000,9.364000,0.000000,4.000000,-4.000000,-4.000000,4.000000,4.000000,4.000000,20.000000,250.000000,0,0.000000,1766.000000,,-1766.000000,0.000000,0.000000,0.000000,0,75.000000,70.000000,"{""stepId"":""Move1.PickupCoarseMove"",""displayName"":""吸着位置へ大まかに移動"",""majorPhase"":0,""completionConditions"":[{""conditionType"":1,""threshold"":0.5,""secondaryThreshold"":0.5},{""conditionType"":3,""threshold"":0.0,""secondaryThreshold"":0.0}],""requiredStableSeconds"":0.4000000059604645}",0.000000,0,0,0,394,0.050000,0,0,AtMost,10.000000
20261009T025226250Z_6ca46cab1d00446aa2b0a79bb208a1d8,,,1,21,2026-10-09T02:52:27.4902412Z,1.238842,0.269233,394,0,0,OperatingSource,0,0,TaskSwitchDisplay,1,,1,Target,,1,Move1,,0,0,0,0,0.000000,0.000000,0,0.050000,20.000000,9.364000,0.000000,16.000000,-2.000000,4.000000,2.000000,4.000000,2.000000,40.000000,250.000000,0,0.000000,1766.000000,,-1766.000000,0.000000,0.000000,0.000000,0,75.000000,70.000000,,,,,,,,,,None,0.000000
20261009T025226250Z_6ca46cab1d00446aa2b0a79bb208a1d8,,,1,22,2026-10-09T02:52:27.5439780Z,1.293202,0.324286,401,0,0,OperatingSource,0,0,TaskSwitchDisplay,1,,0,Source,1,1,Move1,Move1.PickupCoarseMove,1,1,0,0,0.234534,0.000000,0,0.050000,0.000000,9.364000,0.000000,4.000000,-4.000000,-4.000000,4.000000,4.000000,4.000000,20.000000,250.000000,0,0.000000,1766.000000,,-1766.000000,0.000000,0.000000,0.000000,0,75.000000,70.000000,"{""stepId"":""Move1.PickupCoarseMove"",""displayName"":""吸着位置へ大まかに移動"",""majorPhase"":0,""completionConditions"":[{""conditionType"":1,""threshold"":0.5,""secondaryThreshold"":0.5},{""conditionType"":3,""threshold"":0.0,""secondaryThreshold"":0.0}],""requiredStableSeconds"":0.4000000059604645}",0.000000,0,0,0,401,0.050000,0,0,AtMost,10.000000
20261009T025226250Z_6ca46cab1d00446aa2b0a79bb208a1d8,,,1,22,2026-10-09T02:52:27.5439780Z,1.293202,0.324286,401,0,0,OperatingSource,0,0,TaskSwitchDisplay,1,,1,Target,,1,Move1,,0,0,0,0,0.000000,0.000000,0,0.050000,20.000000,9.364000,0.000000,16.000000,-2.000000,4.000000,2.000000,4.000000,2.000000,40.000000,250.000000,0,0.000000,1766.000000,,-1766.000000,0.000000,0.000000,0.000000,0,75.000000,70.000000,,,,,,,,,,None,0.000000
20261009T025226250Z_6ca46cab1d00446aa2b0a79bb208a1d8,,,1,23,2026-10-09T02:52:27.6002886Z,1.348900,0.379968,409,0,0,OperatingSource,0,0,TaskSwitchDisplay,1,,0,Source,1,1,Move1,Move1.PickupCoarseMove,1,1,0,0,0.290216,0.000000,0,0.050000,0.000000,9.364000,0.000000,4.000000,-4.000000,-4.000000,4.000000,4.000000,4.000000,20.000000,250.000000,0,0.000000,1766.000000,,-1766.000000,0.000000,0.000000,0.000000,0,75.000000,70.000000,"{""stepId"":""Move1.PickupCoarseMove"",""displayName"":""吸着位置へ大まかに移動"",""majorPhase"":0,""completionConditions"":[{""conditionType"":1,""threshold"":0.5,""secondaryThreshold"":0.5},{""conditionType"":3,""threshold"":0.0,""secondaryThreshold"":0.0}],""requiredStableSeconds"":0.4000000059604645}",0.000000,0,0,0,409,0.050000,0,0,AtMost,10.000000
20261009T025226250Z_6ca46cab1d00446aa2b0a79bb208a1d8,,,1,23,2026-10-09T02:52:27.6002886Z,1.348900,0.379968,409,0,0,OperatingSource,0,0,TaskSwitchDisplay,1,,1,Target,,1,Move1,,0,0,0,0,0.000000,0.000000,0,0.050000,20.000000,9.364000,0.000000,16.000000,-2.000000,4.000000,2.000000,4.000000,2.000000,40.000000,250.000000,0,0.000000,1766.000000,,-1766.000000,0.000000,0.000000,0.000000,0,75.000000,70.000000,,,,,,,,,,None,0.000000
20261009T025226250Z_6ca46cab1d00446aa2b0a79bb208a1d8,,,1,24,2026-10-09T02:52:27.6549656Z,1.404227,0.435413,417,0,0,OperatingSource,0,0,TaskSwitchDisplay,1,,0,Source,1,1,Move1,Move1.PickupCoarseMove,1,1,0,0,0.345661,0.000000,0,0.050000,0.000000,9.364000,0.000000,4.000000,-4.000000,-4.000000,4.000000,4.000000,4.000000,20.000000,250.000000,0,0.000000,1766.000000,,-1766.000000,0.000000,0.000000,0.000000,0,75.000000,70.000000,"{""stepId"":""Move1.PickupCoarseMove"",""displayName"":""吸着位置へ大まかに移動"",""majorPhase"":0,""completionConditions"":[{""conditionType"":1,""threshold"":0.5,""secondaryThreshold"":0.5},{""conditionType"":3,""threshold"":0.0,""secondaryThreshold"":0.0}],""requiredStableSeconds"":0.4000000059604645}",0.000000,0,0,0,417,0.050000,0,0,AtMost,10.000000
20261009T025226250Z_6ca46cab1d00446aa2b0a79bb208a1d8,,,1,24,2026-10-09T02:52:27.6549656Z,1.404227,0.435413,417,0,0,OperatingSource,0,0,TaskSwitchDisplay,1,,1,Target,,1,Move1,,0,0,0,0,0.000000,0.000000,0,0.050000,20.000000,9.364000,0.000000,16.000000,-2.000000,4.000000,2.000000,4.000000,2.000000,40.000000,250.000000,0,0.000000,1766.000000,,-1766.000000,0.000000,0.000000,0.000000,0,75.000000,70.000000,,,,,,,,,,None,0.000000
20261009T025226250Z_6ca46cab1d00446aa2b0a79bb208a1d8,,,1,25,2026-10-09T02:52:27.7063287Z,1.455015,0.486162,424,0,0,OperatingSource,0,0,TaskSwitchDisplay,1,,0,Source,1,1,Move1,Move1.PickupCoarseMove,1,1,0,0,0.396410,0.000000,0,0.050000,0.000000,9.364000,0.000000,4.000000,-4.000000,-4.000000,4.000000,4.000000,4.000000,20.000000,250.000000,0,0.000000,1766.000000,,-1766.000000,0.000000,0.000000,0.000000,0,75.000000,70.000000,"{""stepId"":""Move1.PickupCoarseMove"",""displayName"":""吸着位置へ大まかに移動"",""majorPhase"":0,""completionConditions"":[{""conditionType"":1,""threshold"":0.5,""secondaryThreshold"":0.5},{""conditionType"":3,""threshold"":0.0,""secondaryThreshold"":0.0}],""requiredStableSeconds"":0.4000000059604645}",0.000000,0,0,0,424,0.050000,0,0,AtMost,10.000000
20261009T025226250Z_6ca46cab1d00446aa2b0a79bb208a1d8,,,1,25,2026-10-09T02:52:27.7063287Z,1.455015,0.486162,424,0,0,OperatingSource,0,0,TaskSwitchDisplay,1,,1,Target,,1,Move1,,0,0,0,0,0.000000,0.000000,0,0.050000,20.000000,9.364000,0.000000,16.000000,-2.000000,4.000000,2.000000,4.000000,2.000000,40.000000,250.000000,0,0.000000,1766.000000,,-1766.000000,0.000000,0.000000,0.000000,0,75.000000,70.000000,,,,,,,,,,None,0.000000
20261009T025226250Z_6ca46cab1d00446aa2b0a79bb208a1d8,,,1,26,2026-10-09T02:52:27.7618263Z,1.510407,0.541354,432,0,0,OperatingSource,0,0,TaskSwitchDisplay,1,,0,Source,1,1,Move1,Move1.PickupCoarseMove,1,1,0,0,0.451602,0.000000,0,0.050000,0.000000,9.364000,0.000000,4.000000,-4.000000,-4.000000,4.000000,4.000000,4.000000,20.000000,250.000000,0,0.000000,1766.000000,,-1766.000000,0.000000,0.000000,0.000000,0,75.000000,70.000000,"{""stepId"":""Move1.PickupCoarseMove"",""displayName"":""吸着位置へ大まかに移動"",""majorPhase"":0,""completionConditions"":[{""conditionType"":1,""threshold"":0.5,""secondaryThreshold"":0.5},{""conditionType"":3,""threshold"":0.0,""secondaryThreshold"":0.0}],""requiredStableSeconds"":0.4000000059604645}",0.000000,0,0,0,432,0.050000,0,0,AtMost,10.000000
20261009T025226250Z_6ca46cab1d00446aa2b0a79bb208a1d8,,,1,26,2026-10-09T02:52:27.7618263Z,1.510407,0.541354,432,0,0,OperatingSource,0,0,TaskSwitchDisplay,1,,1,Target,,1,Move1,,0,0,0,0,0.000000,0.000000,0,0.050000,20.000000,9.364000,0.000000,16.000000,-2.000000,4.000000,2.000000,4.000000,2.000000,40.000000,250.000000,0,0.000000,1766.000000,,-1766.000000,0.000000,0.000000,0.000000,0,75.000000,70.000000,,,,,,,,,,None,0.000000
20261009T025226250Z_6ca46cab1d00446aa2b0a79bb208a1d8,,,1,27,2026-10-09T02:52:27.8172089Z,1.566221,0.597289,440,0,0,OperatingSource,0,0,TaskSwitchDisplay,1,,0,Source,1,1,Move1,Move1.PickupCoarseMove,1,1,0,0,0.507537,0.000000,0,0.050000,0.000000,9.364000,0.000000,4.000000,-4.000000,-4.000000,4.000000,4.000000,4.000000,20.000000,250.000000,0,0.000000,1766.000000,,-1766.000000,0.000000,0.000000,0.000000,0,75.000000,70.000000,"{""stepId"":""Move1.PickupCoarseMove"",""displayName"":""吸着位置へ大まかに移動"",""majorPhase"":0,""completionConditions"":[{""conditionType"":1,""threshold"":0.5,""secondaryThreshold"":0.5},{""conditionType"":3,""threshold"":0.0,""secondaryThreshold"":0.0}],""requiredStableSeconds"":0.4000000059604645}",0.000000,0,0,0,440,0.050000,0,0,AtMost,10.000000
20261009T025226250Z_6ca46cab1d00446aa2b0a79bb208a1d8,,,1,27,2026-10-09T02:52:27.8172089Z,1.566221,0.597289,440,0,0,OperatingSource,0,0,TaskSwitchDisplay,1,,1,Target,,1,Move1,,0,0,0,0,0.000000,0.000000,0,0.050000,20.000000,9.364000,0.000000,16.000000,-2.000000,4.000000,2.000000,4.000000,2.000000,40.000000,250.000000,0,0.000000,1766.000000,,-1766.000000,0.000000,0.000000,0.000000,0,75.000000,70.000000,,,,,,,,,,None,0.000000
20261009T025226250Z_6ca46cab1d00446aa2b0a79bb208a1d8,,,1,28,2026-10-09T02:52:27.8687483Z,1.618084,0.648828,447,0,0,OperatingSource,0,0,TaskSwitchDisplay,1,,0,Source,1,1,Move1,Move1.PickupCoarseMove,1,1,0,0,0.559076,0.000000,0,0.050000,0.000000,9.364000,0.000000,4.000000,-4.000000,-4.000000,4.000000,4.000000,4.000000,20.000000,250.000000,0,0.000000,1766.000000,,-1766.000000,0.000000,0.000000,0.000000,0,75.000000,70.000000,"{""stepId"":""Move1.PickupCoarseMove"",""displayName"":""吸着位置へ大まかに移動"",""majorPhase"":0,""completionConditions"":[{""conditionType"":1,""threshold"":0.5,""secondaryThreshold"":0.5},{""conditionType"":3,""threshold"":0.0,""secondaryThreshold"":0.0}],""requiredStableSeconds"":0.4000000059604645}",0.000000,0,0,0,447,0.050000,0,0,AtMost,10.000000
20261009T025226250Z_6ca46cab1d00446aa2b0a79bb208a1d8,,,1,28,2026-10-09T02:52:27.8687483Z,1.618084,0.648828,447,0,0,OperatingSource,0,0,TaskSwitchDisplay,1,,1,Target,,1,Move1,,0,0,0,0,0.000000,0.000000,0,0.050000,20.000000,9.364000,0.000000,16.000000,-2.000000,4.000000,2.000000,4.000000,2.000000,40.000000,250.000000,0,0.000000,1766.000000,,-1766.000000,0.000000,0.000000,0.000000,0,75.000000,70.000000,,,,,,,,,,None,0.000000
20261009T025226250Z_6ca46cab1d00446aa2b0a79bb208a1d8,,,1,29,2026-10-09T02:52:27.9228047Z,1.671617,0.702793,455,0,0,OperatingSource,0,0,TaskSwitchDisplay,1,,0,Source,1,1,Move1,Move1.PickupCoarseMove,1,1,0,0,0.613041,0.000000,0,0.050000,0.000000,9.364000,0.000000,4.000000,-4.000000,-4.000000,4.000000,4.000000,4.000000,20.000000,250.000000,0,0.000000,1766.000000,,-1766.000000,0.000000,0.000000,0.000000,0,75.000000,70.000000,"{""stepId"":""Move1.PickupCoarseMove"",""displayName"":""吸着位置へ大まかに移動"",""majorPhase"":0,""completionConditions"":[{""conditionType"":1,""threshold"":0.5,""secondaryThreshold"":0.5},{""conditionType"":3,""threshold"":0.0,""secondaryThreshold"":0.0}],""requiredStableSeconds"":0.4000000059604645}",0.000000,0,0,0,455,0.050000,0,0,AtMost,10.000000
20261009T025226250Z_6ca46cab1d00446aa2b0a79bb208a1d8,,,1,29,2026-10-09T02:52:27.9228047Z,1.671617,0.702793,455,0,0,OperatingSource,0,0,TaskSwitchDisplay,1,,1,Target,,1,Move1,,0,0,0,0,0.000000,0.000000,0,0.050000,20.000000,9.364000,0.000000,16.000000,-2.000000,4.000000,2.000000,4.000000,2.000000,40.000000,250.000000,0,0.000000,1766.000000,,-1766.000000,0.000000,0.000000,0.000000,0,75.000000,70.000000,,,,,,,,,,None,0.000000
20261009T025226250Z_6ca46cab1d00446aa2b0a79bb208a1d8,,,1,30,2026-10-09T02:52:27.9785497Z,1.727150,0.758193,463,0,0,OperatingSource,0,0,TaskSwitchDisplay,1,,0,Source,1,1,Move1,Move1.PickupCoarseMove,1,1,0,0,0.668441,0.000000,0,0.050000,0.000000,9.364000,0.000000,4.000000,-4.000000,-4.000000,4.000000,4.000000,4.000000,20.000000,250.000000,0,0.000000,1766.000000,,-1766.000000,0.000000,0.000000,0.000000,0,75.000000,70.000000,"{""stepId"":""Move1.PickupCoarseMove"",""displayName"":""吸着位置へ大まかに移動"",""majorPhase"":0,""completionConditions"":[{""conditionType"":1,""threshold"":0.5,""secondaryThreshold"":0.5},{""conditionType"":3,""threshold"":0.0,""secondaryThreshold"":0.0}],""requiredStableSeconds"":0.4000000059604645}",0.000000,0,0,0,463,0.050000,0,0,AtMost,10.000000
20261009T025226250Z_6ca46cab1d00446aa2b0a79bb208a1d8,,,1,30,2026-10-09T02:52:27.9785497Z,1.727150,0.758193,463,0,0,OperatingSource,0,0,TaskSwitchDisplay,1,,1,Target,,1,Move1,,0,0,0,0,0.000000,0.000000,0,0.050000,20.000000,9.364000,0.000000,16.000000,-2.000000,4.000000,2.000000,4.000000,2.000000,40.000000,250.000000,0,0.000000,1766.000000,,-1766.000000,0.000000,0.000000,0.000000,0,75.000000,70.000000,,,,,,,,,,None,0.000000
20261009T025226250Z_6ca46cab1d00446aa2b0a79bb208a1d8,,,1,31,2026-10-09T02:52:28.0333353Z,1.782727,0.813274,471,0,0,OperatingSource,0,0,TaskSwitchDisplay,1,,0,Source,1,1,Move1,Move1.PickupCoarseMove,1,1,0,0,0.723522,0.000000,0,0.050000,0.000000,9.364000,0.000000,4.000000,-4.000000,-4.000000,4.000000,4.000000,4.000000,20.000000,250.000000,0,0.000000,1766.000000,,-1766.000000,0.000000,0.000000,0.000000,0,75.000000,70.000000,"{""stepId"":""Move1.PickupCoarseMove"",""displayName"":""吸着位置へ大まかに移動"",""majorPhase"":0,""completionConditions"":[{""conditionType"":1,""threshold"":0.5,""secondaryThreshold"":0.5},{""conditionType"":3,""threshold"":0.0,""secondaryThreshold"":0.0}],""requiredStableSeconds"":0.4000000059604645}",0.000000,0,0,0,471,0.050000,0,0,AtMost,10.000000
20261009T025226250Z_6ca46cab1d00446aa2b0a79bb208a1d8,,,1,31,2026-10-09T02:52:28.0333353Z,1.782727,0.813274,471,0,0,OperatingSource,0,0,TaskSwitchDisplay,1,,1,Target,,1,Move1,,0,0,0,0,0.000000,0.000000,0,0.050000,20.000000,9.364000,0.000000,16.000000,-2.000000,4.000000,2.000000,4.000000,2.000000,40.000000,250.000000,0,0.000000,1766.000000,,-1766.000000,0.000000,0.000000,0.000000,0,75.000000,70.000000,,,,,,,,,,None,0.000000
20261009T025226250Z_6ca46cab1d00446aa2b0a79bb208a1d8,,,1,32,2026-10-09T02:52:28.0885950Z,1.837084,0.867810,479,0,0,OperatingSource,0,0,TaskSwitchDisplay,1,,0,Source,1,1,Move1,Move1.PickupCoarseMove,1,1,0,0,0.778058,0.000000,0,0.050000,0.000000,9.364000,0.000000,4.000000,-4.000000,-4.000000,4.000000,4.000000,4.000000,20.000000,250.000000,0,0.000000,1766.000000,,-1766.000000,0.000000,0.000000,0.000000,0,75.000000,70.000000,"{""stepId"":""Move1.PickupCoarseMove"",""displayName"":""吸着位置へ大まかに移動"",""majorPhase"":0,""completionConditions"":[{""conditionType"":1,""threshold"":0.5,""secondaryThreshold"":0.5},{""conditionType"":3,""threshold"":0.0,""secondaryThreshold"":0.0}],""requiredStableSeconds"":0.4000000059604645}",0.000000,0,0,0,479,0.050000,0,0,AtMost,10.000000
20261009T025226250Z_6ca46cab1d00446aa2b0a79bb208a1d8,,,1,32,2026-10-09T02:52:28.0885950Z,1.837084,0.867810,479,0,0,OperatingSource,0,0,TaskSwitchDisplay,1,,1,Target,,1,Move1,,0,0,0,0,0.000000,0.000000,0,0.050000,20.000000,9.364000,0.000000,16.000000,-2.000000,4.000000,2.000000,4.000000,2.000000,40.000000,250.000000,0,0.000000,1766.000000,,-1766.000000,0.000000,0.000000,0.000000,0,75.000000,70.000000,,,,,,,,,,None,0.000000
20261009T025226250Z_6ca46cab1d00446aa2b0a79bb208a1d8,,,1,33,2026-10-09T02:52:28.1421329Z,1.891233,0.922135,487,0,0,OperatingSource,0,0,TaskSwitchDisplay,1,,0,Source,1,1,Move1,Move1.PickupCoarseMove,1,1,0,0,0.832383,0.000000,0,0.050000,0.000000,9.364000,0.000000,4.000000,-4.000000,-4.000000,4.000000,4.000000,4.000000,20.000000,250.000000,0,0.000000,1766.000000,,-1766.000000,0.000000,0.000000,0.000000,0,75.000000,70.000000,"{""stepId"":""Move1.PickupCoarseMove"",""displayName"":""吸着位置へ大まかに移動"",""majorPhase"":0,""completionConditions"":[{""conditionType"":1,""threshold"":0.5,""secondaryThreshold"":0.5},{""conditionType"":3,""threshold"":0.0,""secondaryThreshold"":0.0}],""requiredStableSeconds"":0.4000000059604645}",0.000000,0,0,0,487,0.050000,0,0,AtMost,10.000000
20261009T025226250Z_6ca46cab1d00446aa2b0a79bb208a1d8,,,1,33,2026-10-09T02:52:28.1421329Z,1.891233,0.922135,487,0,0,OperatingSource,0,0,TaskSwitchDisplay,1,,1,Target,,1,Move1,,0,0,0,0,0.000000,0.000000,0,0.050000,20.000000,9.364000,0.000000,16.000000,-2.000000,4.000000,2.000000,4.000000,2.000000,40.000000,250.000000,0,0.000000,1766.000000,,-1766.000000,0.000000,0.000000,0.000000,0,75.000000,70.000000,,,,,,,,,,None,0.000000
20261009T025226250Z_6ca46cab1d00446aa2b0a79bb208a1d8,,,1,34,2026-10-09T02:52:28.1926032Z,1.941236,0.971901,494,0,0,OperatingSource,0,0,TaskSwitchDisplay,1,,0,Source,1,1,Move1,Move1.PickupCoarseMove,1,1,0,0,0.882149,0.000000,0,0.050000,0.000000,9.364000,0.000000,4.000000,-4.000000,-4.000000,4.000000,4.000000,4.000000,20.000000,250.000000,0,0.000000,1766.000000,,-1766.000000,0.000000,0.000000,0.000000,0,75.000000,70.000000,"{""stepId"":""Move1.PickupCoarseMove"",""displayName"":""吸着位置へ大まかに移動"",""majorPhase"":0,""completionConditions"":[{""conditionType"":1,""threshold"":0.5,""secondaryThreshold"":0.5},{""conditionType"":3,""threshold"":0.0,""secondaryThreshold"":0.0}],""requiredStableSeconds"":0.4000000059604645}",0.000000,0,0,0,494,0.050000,0,0,AtMost,10.000000
20261009T025226250Z_6ca46cab1d00446aa2b0a79bb208a1d8,,,1,34,2026-10-09T02:52:28.1926032Z,1.941236,0.971901,494,0,0,OperatingSource,0,0,TaskSwitchDisplay,1,,1,Target,,1,Move1,,0,0,0,0,0.000000,0.000000,0,0.050000,20.000000,9.364000,0.000000,16.000000,-2.000000,4.000000,2.000000,4.000000,2.000000,40.000000,250.000000,0,0.000000,1766.000000,,-1766.000000,0.000000,0.000000,0.000000,0,75.000000,70.000000,,,,,,,,,,None,0.000000
20261009T025226250Z_6ca46cab1d00446aa2b0a79bb208a1d8,,,1,35,2026-10-09T02:52:28.2486315Z,1.997129,1.027886,502,0,0,OperatingSource,0,0,TaskSwitchDisplay,1,,0,Source,1,1,Move1,Move1.PickupCoarseMove,1,1,0,0,0.938134,0.000000,0,0.050000,0.000000,9.364000,0.000000,4.000000,-4.000000,-4.000000,4.000000,4.000000,4.000000,20.000000,250.000000,0,0.000000,1766.000000,,-1766.000000,0.000000,0.000000,0.000000,0,75.000000,70.000000,"{""stepId"":""Move1.PickupCoarseMove"",""displayName"":""吸着位置へ大まかに移動"",""majorPhase"":0,""completionConditions"":[{""conditionType"":1,""threshold"":0.5,""secondaryThreshold"":0.5},{""conditionType"":3,""threshold"":0.0,""secondaryThreshold"":0.0}],""requiredStableSeconds"":0.4000000059604645}",0.000000,0,0,0,502,0.050000,0,0,AtMost,10.000000
20261009T025226250Z_6ca46cab1d00446aa2b0a79bb208a1d8,,,1,35,2026-10-09T02:52:28.2486315Z,1.997129,1.027886,502,0,0,OperatingSource,0,0,TaskSwitchDisplay,1,,1,Target,,1,Move1,,0,0,0,0,0.000000,0.000000,0,0.050000,20.000000,9.364000,0.000000,16.000000,-2.000000,4.000000,2.000000,4.000000,2.000000,40.000000,250.000000,0,0.000000,1766.000000,,-1766.000000,0.000000,0.000000,0.000000,0,75.000000,70.000000,,,,,,,,,,None,0.000000
20261009T025226250Z_6ca46cab1d00446aa2b0a79bb208a1d8,,,1,36,2026-10-09T02:52:28.3027702Z,2.051316,1.082377,510,0,0,OperatingSource,0,0,TaskSwitchDisplay,1,,0,Source,1,1,Move1,Move1.PickupCoarseMove,1,1,0,0,0.992625,0.000000,0,0.050000,0.000000,9.364000,0.000000,4.000000,-4.000000,-4.000000,4.000000,4.000000,4.000000,20.000000,250.000000,0,0.000000,1766.000000,,-1766.000000,0.000000,0.000000,0.000000,0,75.000000,70.000000,"{""stepId"":""Move1.PickupCoarseMove"",""displayName"":""吸着位置へ大まかに移動"",""majorPhase"":0,""completionConditions"":[{""conditionType"":1,""threshold"":0.5,""secondaryThreshold"":0.5},{""conditionType"":3,""threshold"":0.0,""secondaryThreshold"":0.0}],""requiredStableSeconds"":0.4000000059604645}",0.000000,0,0,0,510,0.050000,0,0,AtMost,10.000000
20261009T025226250Z_6ca46cab1d00446aa2b0a79bb208a1d8,,,1,36,2026-10-09T02:52:28.3027702Z,2.051316,1.082377,510,0,0,OperatingSource,0,0,TaskSwitchDisplay,1,,1,Target,,1,Move1,,0,0,0,0,0.000000,0.000000,0,0.050000,20.000000,9.364000,0.000000,16.000000,-2.000000,4.000000,2.000000,4.000000,2.000000,40.000000,250.000000,0,0.000000,1766.000000,,-1766.000000,0.000000,0.000000,0.000000,0,75.000000,70.000000,,,,,,,,,,None,0.000000
20261009T025226250Z_6ca46cab1d00446aa2b0a79bb208a1d8,,,1,37,2026-10-09T02:52:28.3516730Z,2.101329,1.131785,517,0,0,OperatingSource,0,0,TaskSwitchDisplay,1,,0,Source,1,1,Move1,Move1.PickupCoarseMove,1,1,0,0,1.042033,0.000000,0,0.050000,0.000000,9.364000,0.000000,4.000000,-4.000000,-4.000000,4.000000,4.000000,4.000000,20.000000,250.000000,0,0.000000,1766.000000,,-1766.000000,0.000000,0.000000,0.000000,0,75.000000,70.000000,"{""stepId"":""Move1.PickupCoarseMove"",""displayName"":""吸着位置へ大まかに移動"",""majorPhase"":0,""completionConditions"":[{""conditionType"":1,""threshold"":0.5,""secondaryThreshold"":0.5},{""conditionType"":3,""threshold"":0.0,""secondaryThreshold"":0.0}],""requiredStableSeconds"":0.4000000059604645}",0.000000,0,0,0,517,0.050000,0,0,AtMost,10.000000
20261009T025226250Z_6ca46cab1d00446aa2b0a79bb208a1d8,,,1,37,2026-10-09T02:52:28.3516730Z,2.101329,1.131785,517,0,0,OperatingSource,0,0,TaskSwitchDisplay,1,,1,Target,,1,Move1,,0,0,0,0,0.000000,0.000000,0,0.050000,20.000000,9.364000,0.000000,16.000000,-2.000000,4.000000,2.000000,4.000000,2.000000,40.000000,250.000000,0,0.000000,1766.000000,,-1766.000000,0.000000,0.000000,0.000000,0,75.000000,70.000000,,,,,,,,,,None,0.000000
20261009T025226250Z_6ca46cab1d00446aa2b0a79bb208a1d8,,,1,38,2026-10-09T02:52:28.4075453Z,2.156872,1.187528,525,0,0,OperatingSource,0,0,TaskSwitchDisplay,1,,0,Source,1,1,Move1,Move1.PickupCoarseMove,1,1,0,0,1.097775,0.000000,0,0.050000,0.000000,9.364000,0.000000,4.000000,-4.000000,-4.000000,4.000000,4.000000,4.000000,20.000000,250.000000,0,0.000000,1766.000000,,-1766.000000,0.000000,0.000000,0.000000,0,75.000000,70.000000,"{""stepId"":""Move1.PickupCoarseMove"",""displayName"":""吸着位置へ大まかに移動"",""majorPhase"":0,""completionConditions"":[{""conditionType"":1,""threshold"":0.5,""secondaryThreshold"":0.5},{""conditionType"":3,""threshold"":0.0,""secondaryThreshold"":0.0}],""requiredStableSeconds"":0.4000000059604645}",0.000000,0,0,0,525,0.050000,0,0,AtMost,10.000000
20261009T025226250Z_6ca46cab1d00446aa2b0a79bb208a1d8,,,1,38,2026-10-09T02:52:28.4075453Z,2.156872,1.187528,525,0,0,OperatingSource,0,0,TaskSwitchDisplay,1,,1,Target,,1,Move1,,0,0,0,0,0.000000,0.000000,0,0.050000,20.000000,9.364000,0.000000,16.000000,-2.000000,4.000000,2.000000,4.000000,2.000000,40.000000,250.000000,0,0.000000,1766.000000,,-1766.000000,0.000000,0.000000,0.000000,0,75.000000,70.000000,,,,,,,,,,None,0.000000
20261009T025226250Z_6ca46cab1d00446aa2b0a79bb208a1d8,,,1,39,2026-10-09T02:52:28.4635969Z,2.212540,1.243537,533,0,0,OperatingSource,0,0,TaskSwitchDisplay,1,,0,Source,1,1,Move1,Move1.PickupCoarseMove,1,1,0,0,1.153785,0.000000,0,0.050000,0.000000,9.364000,0.000000,4.000000,-4.000000,-4.000000,4.000000,4.000000,4.000000,20.000000,250.000000,0,0.000000,1766.000000,,-1766.000000,0.000000,0.000000,0.000000,0,75.000000,70.000000,"{""stepId"":""Move1.PickupCoarseMove"",""displayName"":""吸着位置へ大まかに移動"",""majorPhase"":0,""completionConditions"":[{""conditionType"":1,""threshold"":0.5,""secondaryThreshold"":0.5},{""conditionType"":3,""threshold"":0.0,""secondaryThreshold"":0.0}],""requiredStableSeconds"":0.4000000059604645}",0.000000,0,0,0,533,0.050000,0,0,AtMost,10.000000
20261009T025226250Z_6ca46cab1d00446aa2b0a79bb208a1d8,,,1,39,2026-10-09T02:52:28.4635969Z,2.212540,1.243537,533,0,0,OperatingSource,0,0,TaskSwitchDisplay,1,,1,Target,,1,Move1,,0,0,0,0,0.000000,0.000000,0,0.050000,20.000000,9.364000,0.000000,16.000000,-2.000000,4.000000,2.000000,4.000000,2.000000,40.000000,250.000000,0,0.000000,1766.000000,,-1766.000000,0.000000,0.000000,0.000000,0,75.000000,70.000000,,,,,,,,,,None,0.000000
20261009T025226250Z_6ca46cab1d00446aa2b0a79bb208a1d8,,,1,40,2026-10-09T02:52:28.5200868Z,2.269035,1.300114,541,0,0,OperatingSource,0,0,TaskSwitchDisplay,1,,0,Source,1,1,Move1,Move1.PickupCoarseMove,1,1,0,0,1.210362,0.000000,0,0.050000,0.000000,9.364000,0.000000,4.000000,-4.000000,-4.000000,4.000000,4.000000,4.000000,20.000000,250.000000,0,0.000000,1766.000000,,-1766.000000,0.000000,0.000000,0.000000,0,75.000000,70.000000,"{""stepId"":""Move1.PickupCoarseMove"",""displayName"":""吸着位置へ大まかに移動"",""majorPhase"":0,""completionConditions"":[{""conditionType"":1,""threshold"":0.5,""secondaryThreshold"":0.5},{""conditionType"":3,""threshold"":0.0,""secondaryThreshold"":0.0}],""requiredStableSeconds"":0.4000000059604645}",0.000000,0,0,0,541,0.050000,0,0,AtMost,10.000000
20261009T025226250Z_6ca46cab1d00446aa2b0a79bb208a1d8,,,1,40,2026-10-09T02:52:28.5200868Z,2.269035,1.300114,541,0,0,OperatingSource,0,0,TaskSwitchDisplay,1,,1,Target,,1,Move1,,0,0,0,0,0.000000,0.000000,0,0.050000,20.000000,9.364000,0.000000,16.000000,-2.000000,4.000000,2.000000,4.000000,2.000000,40.000000,250.000000,0,0.000000,1766.000000,,-1766.000000,0.000000,0.000000,0.000000,0,75.000000,70.000000,,,,,,,,,,None,0.000000
20261009T025226250Z_6ca46cab1d00446aa2b0a79bb208a1d8,,,1,41,2026-10-09T02:52:28.5748066Z,2.323249,1.354327,549,0,0,OperatingSource,0,0,TaskSwitchDisplay,1,,0,Source,1,1,Move1,Move1.PickupCoarseMove,1,1,0,0,1.264575,0.000000,0,0.050000,0.000000,9.364000,0.000000,4.000000,-4.000000,-4.000000,4.000000,4.000000,4.000000,20.000000,250.000000,0,0.000000,1766.000000,,-1766.000000,0.000000,0.000000,0.000000,0,75.000000,70.000000,"{""stepId"":""Move1.PickupCoarseMove"",""displayName"":""吸着位置へ大まかに移動"",""majorPhase"":0,""completionConditions"":[{""conditionType"":1,""threshold"":0.5,""secondaryThreshold"":0.5},{""conditionType"":3,""threshold"":0.0,""secondaryThreshold"":0.0}],""requiredStableSeconds"":0.4000000059604645}",0.000000,0,0,0,549,0.050000,0,0,AtMost,10.000000
20261009T025226250Z_6ca46cab1d00446aa2b0a79bb208a1d8,,,1,41,2026-10-09T02:52:28.5748066Z,2.323249,1.354327,549,0,0,OperatingSource,0,0,TaskSwitchDisplay,1,,1,Target,,1,Move1,,0,0,0,0,0.000000,0.000000,0,0.050000,20.000000,9.364000,0.000000,16.000000,-2.000000,4.000000,2.000000,4.000000,2.000000,40.000000,250.000000,0,0.000000,1766.000000,,-1766.000000,0.000000,0.000000,0.000000,0,75.000000,70.000000,,,,,,,,,,None,0.000000
20261009T025226250Z_6ca46cab1d00446aa2b0a79bb208a1d8,,,1,42,2026-10-09T02:52:28.6316743Z,2.380194,1.410881,557,0,0,OperatingSource,0,0,TaskSwitchDisplay,1,,0,Source,1,1,Move1,Move1.PickupCoarseMove,1,1,0,0,1.321129,0.000000,0,0.050000,0.000000,9.364000,0.000000,4.000000,-4.000000,-4.000000,4.000000,4.000000,4.000000,20.000000,250.000000,0,0.000000,1766.000000,,-1766.000000,0.000000,0.000000,0.000000,0,75.000000,70.000000,"{""stepId"":""Move1.PickupCoarseMove"",""displayName"":""吸着位置へ大まかに移動"",""majorPhase"":0,""completionConditions"":[{""conditionType"":1,""threshold"":0.5,""secondaryThreshold"":0.5},{""conditionType"":3,""threshold"":0.0,""secondaryThreshold"":0.0}],""requiredStableSeconds"":0.4000000059604645}",0.000000,0,0,0,557,0.050000,0,0,AtMost,10.000000
20261009T025226250Z_6ca46cab1d00446aa2b0a79bb208a1d8,,,1,42,2026-10-09T02:52:28.6316743Z,2.380194,1.410881,557,0,0,OperatingSource,0,0,TaskSwitchDisplay,1,,1,Target,,1,Move1,,0,0,0,0,0.000000,0.000000,0,0.050000,20.000000,9.364000,0.000000,16.000000,-2.000000,4.000000,2.000000,4.000000,2.000000,40.000000,250.000000,0,0.000000,1766.000000,,-1766.000000,0.000000,0.000000,0.000000,0,75.000000,70.000000,,,,,,,,,,None,0.000000
20261009T025226250Z_6ca46cab1d00446aa2b0a79bb208a1d8,,,1,43,2026-10-09T02:52:28.6812010Z,2.430473,1.461090,564,0,0,OperatingSource,0,0,TaskSwitchDisplay,1,,0,Source,1,1,Move1,Move1.PickupCoarseMove,1,1,0,0,1.371338,0.000000,0,0.050000,0.000000,9.364000,0.000000,4.000000,-4.000000,-4.000000,4.000000,4.000000,4.000000,20.000000,250.000000,0,0.000000,1766.000000,,-1766.000000,0.000000,0.000000,0.000000,0,75.000000,70.000000,"{""stepId"":""Move1.PickupCoarseMove"",""displayName"":""吸着位置へ大まかに移動"",""majorPhase"":0,""completionConditions"":[{""conditionType"":1,""threshold"":0.5,""secondaryThreshold"":0.5},{""conditionType"":3,""threshold"":0.0,""secondaryThreshold"":0.0}],""requiredStableSeconds"":0.4000000059604645}",0.000000,0,0,0,564,0.050000,0,0,AtMost,10.000000
20261009T025226250Z_6ca46cab1d00446aa2b0a79bb208a1d8,,,1,43,2026-10-09T02:52:28.6812010Z,2.430473,1.461090,564,0,0,OperatingSource,0,0,TaskSwitchDisplay,1,,1,Target,,1,Move1,,0,0,0,0,0.000000,0.000000,0,0.050000,20.000000,9.364000,0.000000,16.000000,-2.000000,4.000000,2.000000,4.000000,2.000000,40.000000,250.000000,0,0.000000,1766.000000,,-1766.000000,0.000000,0.000000,0.000000,0,75.000000,70.000000,,,,,,,,,,None,0.000000
20261009T025226250Z_6ca46cab1d00446aa2b0a79bb208a1d8,,,1,44,2026-10-09T02:52:28.7374288Z,2.486258,1.517357,572,0,0,OperatingSource,0,0,TaskSwitchDisplay,1,,0,Source,1,1,Move1,Move1.PickupCoarseMove,1,1,0,0,1.427605,0.000000,0,0.050000,0.000000,9.364000,0.000000,4.000000,-4.000000,-4.000000,4.000000,4.000000,4.000000,20.000000,250.000000,0,0.000000,1766.000000,,-1766.000000,0.000000,0.000000,0.000000,0,75.000000,70.000000,"{""stepId"":""Move1.PickupCoarseMove"",""displayName"":""吸着位置へ大まかに移動"",""majorPhase"":0,""completionConditions"":[{""conditionType"":1,""threshold"":0.5,""secondaryThreshold"":0.5},{""conditionType"":3,""threshold"":0.0,""secondaryThreshold"":0.0}],""requiredStableSeconds"":0.4000000059604645}",0.000000,0,0,0,572,0.050000,0,0,AtMost,10.000000
20261009T025226250Z_6ca46cab1d00446aa2b0a79bb208a1d8,,,1,44,2026-10-09T02:52:28.7374288Z,2.486258,1.517357,572,0,0,OperatingSource,0,0,TaskSwitchDisplay,1,,1,Target,,1,Move1,,0,0,0,0,0.000000,0.000000,0,0.050000,20.000000,9.364000,0.000000,16.000000,-2.000000,4.000000,2.000000,4.000000,2.000000,40.000000,250.000000,0,0.000000,1766.000000,,-1766.000000,0.000000,0.000000,0.000000,0,75.000000,70.000000,,,,,,,,,,None,0.000000
20261009T025226250Z_6ca46cab1d00446aa2b0a79bb208a1d8,,,1,45,2026-10-09T02:52:28.7936096Z,2.542082,1.573131,580,0,0,OperatingSource,0,0,TaskSwitchDisplay,1,,0,Source,1,1,Move1,Move1.PickupCoarseMove,1,1,0,0,1.483379,0.000000,0,0.050000,0.000000,9.364000,0.000000,4.000000,-4.000000,-4.000000,4.000000,4.000000,4.000000,20.000000,250.000000,0,0.000000,1766.000000,,-1766.000000,0.000000,0.000000,0.000000,0,75.000000,70.000000,"{""stepId"":""Move1.PickupCoarseMove"",""displayName"":""吸着位置へ大まかに移動"",""majorPhase"":0,""completionConditions"":[{""conditionType"":1,""threshold"":0.5,""secondaryThreshold"":0.5},{""conditionType"":3,""threshold"":0.0,""secondaryThreshold"":0.0}],""requiredStableSeconds"":0.4000000059604645}",0.000000,0,0,0,580,0.050000,0,0,AtMost,10.000000
20261009T025226250Z_6ca46cab1d00446aa2b0a79bb208a1d8,,,1,45,2026-10-09T02:52:28.7936096Z,2.542082,1.573131,580,0,0,OperatingSource,0,0,TaskSwitchDisplay,1,,1,Target,,1,Move1,,0,0,0,0,0.000000,0.000000,0,0.050000,20.000000,9.364000,0.000000,16.000000,-2.000000,4.000000,2.000000,4.000000,2.000000,40.000000,250.000000,0,0.000000,1766.000000,,-1766.000000,0.000000,0.000000,0.000000,0,75.000000,70.000000,,,,,,,,,,None,0.000000
20261009T025226250Z_6ca46cab1d00446aa2b0a79bb208a1d8,,,1,46,2026-10-09T02:52:28.8491153Z,2.597621,1.628303,588,0,0,OperatingSource,0,0,TaskSwitchDisplay,1,,0,Source,1,1,Move1,Move1.PickupCoarseMove,1,1,0,0,1.538551,0.000000,0,0.050000,0.000000,9.364000,0.000000,4.000000,-4.000000,-4.000000,4.000000,4.000000,4.000000,20.000000,250.000000,0,0.000000,1766.000000,,-1766.000000,0.000000,0.000000,0.000000,0,75.000000,70.000000,"{""stepId"":""Move1.PickupCoarseMove"",""displayName"":""吸着位置へ大まかに移動"",""majorPhase"":0,""completionConditions"":[{""conditionType"":1,""threshold"":0.5,""secondaryThreshold"":0.5},{""conditionType"":3,""threshold"":0.0,""secondaryThreshold"":0.0}],""requiredStableSeconds"":0.4000000059604645}",0.000000,0,0,0,588,0.050000,0,0,AtMost,10.000000
20261009T025226250Z_6ca46cab1d00446aa2b0a79bb208a1d8,,,1,46,2026-10-09T02:52:28.8491153Z,2.597621,1.628303,588,0,0,OperatingSource,0,0,TaskSwitchDisplay,1,,1,Target,,1,Move1,,0,0,0,0,0.000000,0.000000,0,0.050000,20.000000,9.364000,0.000000,16.000000,-2.000000,4.000000,2.000000,4.000000,2.000000,40.000000,250.000000,0,0.000000,1766.000000,,-1766.000000,0.000000,0.000000,0.000000,0,75.000000,70.000000,,,,,,,,,,None,0.000000
20261009T025226250Z_6ca46cab1d00446aa2b0a79bb208a1d8,,,1,47,2026-10-09T02:52:28.8994979Z,2.648012,1.679017,595,0,0,OperatingSource,0,0,TaskSwitchDisplay,1,,0,Source,1,1,Move1,Move1.PickupCoarseMove,1,1,0,0,1.589266,0.000000,0,0.050000,0.000000,9.364000,0.000000,4.000000,-4.000000,-4.000000,4.000000,4.000000,4.000000,20.000000,250.000000,0,0.000000,1766.000000,,-1766.000000,0.000000,0.000000,0.000000,0,75.000000,70.000000,"{""stepId"":""Move1.PickupCoarseMove"",""displayName"":""吸着位置へ大まかに移動"",""majorPhase"":0,""completionConditions"":[{""conditionType"":1,""threshold"":0.5,""secondaryThreshold"":0.5},{""conditionType"":3,""threshold"":0.0,""secondaryThreshold"":0.0}],""requiredStableSeconds"":0.4000000059604645}",0.000000,0,0,0,595,0.050000,0,0,AtMost,10.000000
20261009T025226250Z_6ca46cab1d00446aa2b0a79bb208a1d8,,,1,47,2026-10-09T02:52:28.8994979Z,2.648012,1.679017,595,0,0,OperatingSource,0,0,TaskSwitchDisplay,1,,1,Target,,1,Move1,,0,0,0,0,0.000000,0.000000,0,0.050000,20.000000,9.364000,0.000000,16.000000,-2.000000,4.000000,2.000000,4.000000,2.000000,40.000000,250.000000,0,0.000000,1766.000000,,-1766.000000,0.000000,0.000000,0.000000,0,75.000000,70.000000,,,,,,,,,,None,0.000000
20261009T025226250Z_6ca46cab1d00446aa2b0a79bb208a1d8,,,1,48,2026-10-09T02:52:28.9526389Z,2.701793,1.732963,603,0,0,OperatingSource,0,0,TaskSwitchDisplay,1,,0,Source,1,1,Move1,Move1.PickupCoarseMove,1,1,0,0,1.643211,0.000000,0,0.050000,0.000000,9.364000,0.000000,4.000000,-4.000000,-4.000000,4.000000,4.000000,4.000000,20.000000,250.000000,0,0.000000,1766.000000,,-1766.000000,0.000000,0.000000,0.000000,0,75.000000,70.000000,"{""stepId"":""Move1.PickupCoarseMove"",""displayName"":""吸着位置へ大まかに移動"",""majorPhase"":0,""completionConditions"":[{""conditionType"":1,""threshold"":0.5,""secondaryThreshold"":0.5},{""conditionType"":3,""threshold"":0.0,""secondaryThreshold"":0.0}],""requiredStableSeconds"":0.4000000059604645}",0.000000,0,0,0,603,0.050000,0,0,AtMost,10.000000
20261009T025226250Z_6ca46cab1d00446aa2b0a79bb208a1d8,,,1,48,2026-10-09T02:52:28.9526389Z,2.701793,1.732963,603,0,0,OperatingSource,0,0,TaskSwitchDisplay,1,,1,Target,,1,Move1,,0,0,0,0,0.000000,0.000000,0,0.050000,20.000000,9.364000,0.000000,16.000000,-2.000000,4.000000,2.000000,4.000000,2.000000,40.000000,250.000000,0,0.000000,1766.000000,,-1766.000000,0.000000,0.000000,0.000000,0,75.000000,70.000000,,,,,,,,,,None,0.000000
20261009T025226250Z_6ca46cab1d00446aa2b0a79bb208a1d8,,,1,49,2026-10-09T02:52:29.0058737Z,2.755050,1.786113,611,0,0,OperatingSource,0,0,TaskSwitchDisplay,1,,0,Source,1,1,Move1,Move1.PickupCoarseMove,1,1,0,0,1.696361,0.000000,0,0.050000,0.000000,9.364000,0.000000,4.000000,-4.000000,-4.000000,4.000000,4.000000,4.000000,20.000000,250.000000,0,0.000000,1766.000000,,-1766.000000,0.000000,0.000000,0.000000,0,75.000000,70.000000,"{""stepId"":""Move1.PickupCoarseMove"",""displayName"":""吸着位置へ大まかに移動"",""majorPhase"":0,""completionConditions"":[{""conditionType"":1,""threshold"":0.5,""secondaryThreshold"":0.5},{""conditionType"":3,""threshold"":0.0,""secondaryThreshold"":0.0}],""requiredStableSeconds"":0.4000000059604645}",0.000000,0,0,0,611,0.050000,0,0,AtMost,10.000000
20261009T025226250Z_6ca46cab1d00446aa2b0a79bb208a1d8,,,1,49,2026-10-09T02:52:29.0058737Z,2.755050,1.786113,611,0,0,OperatingSource,0,0,TaskSwitchDisplay,1,,1,Target,,1,Move1,,0,0,0,0,0.000000,0.000000,0,0.050000,20.000000,9.364000,0.000000,16.000000,-2.000000,4.000000,2.000000,4.000000,2.000000,40.000000,250.000000,0,0.000000,1766.000000,,-1766.000000,0.000000,0.000000,0.000000,0,75.000000,70.000000,,,,,,,,,,None,0.000000
20261009T025226250Z_6ca46cab1d00446aa2b0a79bb208a1d8,,,1,50,2026-10-09T02:52:29.0616889Z,2.810674,1.841712,619,0,0,OperatingSource,0,0,TaskSwitchDisplay,1,,0,Source,1,1,Move1,Move1.PickupCoarseMove,1,1,0,0,1.751961,0.000000,0,0.050000,0.000000,9.364000,0.000000,4.000000,-4.000000,-4.000000,4.000000,4.000000,4.000000,20.000000,250.000000,0,0.000000,1766.000000,,-1766.000000,0.000000,0.000000,0.000000,0,75.000000,70.000000,"{""stepId"":""Move1.PickupCoarseMove"",""displayName"":""吸着位置へ大まかに移動"",""majorPhase"":0,""completionConditions"":[{""conditionType"":1,""threshold"":0.5,""secondaryThreshold"":0.5},{""conditionType"":3,""threshold"":0.0,""secondaryThreshold"":0.0}],""requiredStableSeconds"":0.4000000059604645}",0.000000,0,0,0,619,0.050000,0,0,AtMost,10.000000
20261009T025226250Z_6ca46cab1d00446aa2b0a79bb208a1d8,,,1,50,2026-10-09T02:52:29.0616889Z,2.810674,1.841712,619,0,0,OperatingSource,0,0,TaskSwitchDisplay,1,,1,Target,,1,Move1,,0,0,0,0,0.000000,0.000000,0,0.050000,20.000000,9.364000,0.000000,16.000000,-2.000000,4.000000,2.000000,4.000000,2.000000,40.000000,250.000000,0,0.000000,1766.000000,,-1766.000000,0.000000,0.000000,0.000000,0,75.000000,70.000000,,,,,,,,,,None,0.000000
20261009T025226250Z_6ca46cab1d00446aa2b0a79bb208a1d8,,,1,51,2026-10-09T02:52:29.1159797Z,2.864675,1.895710,627,0,0,OperatingSource,0,0,TaskSwitchDisplay,1,,0,Source,1,1,Move1,Move1.PickupCoarseMove,1,1,0,0,1.805959,0.000000,0,0.050000,0.000000,9.364000,0.000000,4.000000,-4.000000,-4.000000,4.000000,4.000000,4.000000,20.000000,250.000000,0,0.000000,1766.000000,,-1766.000000,0.000000,0.000000,0.000000,0,75.000000,70.000000,"{""stepId"":""Move1.PickupCoarseMove"",""displayName"":""吸着位置へ大まかに移動"",""majorPhase"":0,""completionConditions"":[{""conditionType"":1,""threshold"":0.5,""secondaryThreshold"":0.5},{""conditionType"":3,""threshold"":0.0,""secondaryThreshold"":0.0}],""requiredStableSeconds"":0.4000000059604645}",0.000000,0,0,0,627,0.050000,0,0,AtMost,10.000000
20261009T025226250Z_6ca46cab1d00446aa2b0a79bb208a1d8,,,1,51,2026-10-09T02:52:29.1159797Z,2.864675,1.895710,627,0,0,OperatingSource,0,0,TaskSwitchDisplay,1,,1,Target,,1,Move1,,0,0,0,0,0.000000,0.000000,0,0.050000,20.000000,9.364000,0.000000,16.000000,-2.000000,4.000000,2.000000,4.000000,2.000000,40.000000,250.000000,0,0.000000,1766.000000,,-1766.000000,0.000000,0.000000,0.000000,0,75.000000,70.000000,,,,,,,,,,None,0.000000
20261009T025226250Z_6ca46cab1d00446aa2b0a79bb208a1d8,,,1,52,2026-10-09T02:52:29.1693293Z,2.918230,1.948951,635,0,0,OperatingSource,0,0,TaskSwitchDisplay,1,,0,Source,1,1,Move1,Move1.PickupCoarseMove,1,1,0,0,1.859199,0.000000,0,0.050000,0.000000,9.364000,0.000000,4.000000,-4.000000,-4.000000,4.000000,4.000000,4.000000,20.000000,250.000000,0,0.000000,1766.000000,,-1766.000000,0.000000,0.000000,0.000000,0,75.000000,70.000000,"{""stepId"":""Move1.PickupCoarseMove"",""displayName"":""吸着位置へ大まかに移動"",""majorPhase"":0,""completionConditions"":[{""conditionType"":1,""threshold"":0.5,""secondaryThreshold"":0.5},{""conditionType"":3,""threshold"":0.0,""secondaryThreshold"":0.0}],""requiredStableSeconds"":0.4000000059604645}",0.000000,0,0,0,635,0.050000,0,0,AtMost,10.000000
20261009T025226250Z_6ca46cab1d00446aa2b0a79bb208a1d8,,,1,52,2026-10-09T02:52:29.1693293Z,2.918230,1.948951,635,0,0,OperatingSource,0,0,TaskSwitchDisplay,1,,1,Target,,1,Move1,,0,0,0,0,0.000000,0.000000,0,0.050000,20.000000,9.364000,0.000000,16.000000,-2.000000,4.000000,2.000000,4.000000,2.000000,40.000000,250.000000,0,0.000000,1766.000000,,-1766.000000,0.000000,0.000000,0.000000,0,75.000000,70.000000,,,,,,,,,,None,0.000000
20261009T025226250Z_6ca46cab1d00446aa2b0a79bb208a1d8,,,1,53,2026-10-09T02:52:29.2260815Z,2.974872,2.005975,643,0,0,OperatingSource,0,0,TaskSwitchDisplay,1,,0,Source,1,1,Move1,Move1.PickupCoarseMove,1,1,0,0,1.916224,0.000000,0,0.050000,0.000000,9.364000,0.000000,4.000000,-4.000000,-4.000000,4.000000,4.000000,4.000000,20.000000,250.000000,0,0.000000,1766.000000,,-1766.000000,0.000000,0.000000,0.000000,0,75.000000,70.000000,"{""stepId"":""Move1.PickupCoarseMove"",""displayName"":""吸着位置へ大まかに移動"",""majorPhase"":0,""completionConditions"":[{""conditionType"":1,""threshold"":0.5,""secondaryThreshold"":0.5},{""conditionType"":3,""threshold"":0.0,""secondaryThreshold"":0.0}],""requiredStableSeconds"":0.4000000059604645}",0.000000,0,0,0,643,0.050000,0,0,AtMost,10.000000
20261009T025226250Z_6ca46cab1d00446aa2b0a79bb208a1d8,,,1,53,2026-10-09T02:52:29.2260815Z,2.974872,2.005975,643,0,0,OperatingSource,0,0,TaskSwitchDisplay,1,,1,Target,,1,Move1,,0,0,0,0,0.000000,0.000000,0,0.050000,20.000000,9.364000,0.000000,16.000000,-2.000000,4.000000,2.000000,4.000000,2.000000,40.000000,250.000000,0,0.000000,1766.000000,,-1766.000000,0.000000,0.000000,0.000000,0,75.000000,70.000000,,,,,,,,,,None,0.000000
20261009T025226250Z_6ca46cab1d00446aa2b0a79bb208a1d8,,,1,54,2026-10-09T02:52:29.2789052Z,3.028772,2.059739,650,0,0,OperatingSource,0,0,TaskSwitchDisplay,1,,0,Source,1,1,Move1,Move1.PickupCoarseMove,1,1,0,0,1.969988,0.000000,0,0.050000,0.000000,9.364000,0.000000,4.000000,-4.000000,-4.000000,4.000000,4.000000,4.000000,20.000000,250.000000,0,0.000000,1766.000000,,-1766.000000,0.000000,0.000000,0.000000,0,75.000000,70.000000,"{""stepId"":""Move1.PickupCoarseMove"",""displayName"":""吸着位置へ大まかに移動"",""majorPhase"":0,""completionConditions"":[{""conditionType"":1,""threshold"":0.5,""secondaryThreshold"":0.5},{""conditionType"":3,""threshold"":0.0,""secondaryThreshold"":0.0}],""requiredStableSeconds"":0.4000000059604645}",0.000000,0,0,0,650,0.050000,0,0,AtMost,10.000000
20261009T025226250Z_6ca46cab1d00446aa2b0a79bb208a1d8,,,1,54,2026-10-09T02:52:29.2789052Z,3.028772,2.059739,650,0,0,OperatingSource,0,0,TaskSwitchDisplay,1,,1,Target,,1,Move1,,0,0,0,0,0.000000,0.000000,0,0.050000,20.000000,9.364000,0.000000,16.000000,-2.000000,4.000000,2.000000,4.000000,2.000000,40.000000,250.000000,0,0.000000,1766.000000,,-1766.000000,0.000000,0.000000,0.000000,0,75.000000,70.000000,,,,,,,,,,None,0.000000
20261009T025226250Z_6ca46cab1d00446aa2b0a79bb208a1d8,,,1,55,2026-10-09T02:52:29.3354402Z,3.084867,2.115855,656,0,0,OperatingSource,0,0,TaskSwitchDisplay,1,,0,Source,1,1,Move1,Move1.PickupCoarseMove,1,1,0,0,2.026103,0.000000,0,0.050000,0.000000,9.364000,0.000000,4.000000,-4.000000,-4.000000,4.000000,4.000000,4.000000,20.000000,250.000000,0,0.000000,1766.000000,,-1766.000000,0.000000,0.000000,0.000000,0,75.000000,70.000000,"{""stepId"":""Move1.PickupCoarseMove"",""displayName"":""吸着位置へ大まかに移動"",""majorPhase"":0,""completionConditions"":[{""conditionType"":1,""threshold"":0.5,""secondaryThreshold"":0.5},{""conditionType"":3,""threshold"":0.0,""secondaryThreshold"":0.0}],""requiredStableSeconds"":0.4000000059604645}",0.000000,0,0,0,656,0.050000,0,0,AtMost,10.000000
20261009T025226250Z_6ca46cab1d00446aa2b0a79bb208a1d8,,,1,55,2026-10-09T02:52:29.3354402Z,3.084867,2.115855,656,0,0,OperatingSource,0,0,TaskSwitchDisplay,1,,1,Target,,1,Move1,,0,0,0,0,0.000000,0.000000,0,0.050000,20.000000,9.364000,0.000000,16.000000,-2.000000,4.000000,2.000000,4.000000,2.000000,40.000000,250.000000,0,0.000000,1766.000000,,-1766.000000,0.000000,0.000000,0.000000,0,75.000000,70.000000,,,,,,,,,,None,0.000000
20261009T025226250Z_6ca46cab1d00446aa2b0a79bb208a1d8,,,1,56,2026-10-09T02:52:29.3927294Z,3.141472,2.171966,664,0,0,OperatingSource,0,0,TaskSwitchDisplay,1,,0,Source,1,1,Move1,Move1.PickupCoarseMove,1,1,0,0,2.082215,0.000000,0,0.050000,0.000000,9.364000,0.000000,4.000000,-4.000000,-4.000000,4.000000,4.000000,4.000000,20.000000,250.000000,0,0.000000,1766.000000,,-1766.000000,0.000000,0.000000,0.000000,0,75.000000,70.000000,"{""stepId"":""Move1.PickupCoarseMove"",""displayName"":""吸着位置へ大まかに移動"",""majorPhase"":0,""completionConditions"":[{""conditionType"":1,""threshold"":0.5,""secondaryThreshold"":0.5},{""conditionType"":3,""threshold"":0.0,""secondaryThreshold"":0.0}],""requiredStableSeconds"":0.4000000059604645}",0.000000,0,0,0,664,0.050000,0,0,AtMost,10.000000
20261009T025226250Z_6ca46cab1d00446aa2b0a79bb208a1d8,,,1,56,2026-10-09T02:52:29.3927294Z,3.141472,2.171966,664,0,0,OperatingSource,0,0,TaskSwitchDisplay,1,,1,Target,,1,Move1,,0,0,0,0,0.000000,0.000000,0,0.050000,20.000000,9.364000,0.000000,16.000000,-2.000000,4.000000,2.000000,4.000000,2.000000,40.000000,250.000000,0,0.000000,1766.000000,,-1766.000000,0.000000,0.000000,0.000000,0,75.000000,70.000000,,,,,,,,,,None,0.000000
20261009T025226250Z_6ca46cab1d00446aa2b0a79bb208a1d8,,,1,57,2026-10-09T02:52:29.4489703Z,3.198359,2.229178,672,0,0,OperatingSource,0,0,TaskSwitchDisplay,1,,0,Source,1,1,Move1,Move1.PickupCoarseMove,1,1,0,0,2.139426,0.000000,0,0.050000,0.000000,9.364000,0.000000,4.000000,-4.000000,-4.000000,4.000000,4.000000,4.000000,20.000000,250.000000,0,0.000000,1766.000000,,-1766.000000,0.000000,0.000000,0.000000,0,75.000000,70.000000,"{""stepId"":""Move1.PickupCoarseMove"",""displayName"":""吸着位置へ大まかに移動"",""majorPhase"":0,""completionConditions"":[{""conditionType"":1,""threshold"":0.5,""secondaryThreshold"":0.5},{""conditionType"":3,""threshold"":0.0,""secondaryThreshold"":0.0}],""requiredStableSeconds"":0.4000000059604645}",0.000000,0,0,0,672,0.050000,0,0,AtMost,10.000000
20261009T025226250Z_6ca46cab1d00446aa2b0a79bb208a1d8,,,1,57,2026-10-09T02:52:29.4489703Z,3.198359,2.229178,672,0,0,OperatingSource,0,0,TaskSwitchDisplay,1,,1,Target,,1,Move1,,0,0,0,0,0.000000,0.000000,0,0.050000,20.000000,9.364000,0.000000,16.000000,-2.000000,4.000000,2.000000,4.000000,2.000000,40.000000,250.000000,0,0.000000,1766.000000,,-1766.000000,0.000000,0.000000,0.000000,0,75.000000,70.000000,,,,,,,,,,None,0.000000
20261009T025226250Z_6ca46cab1d00446aa2b0a79bb208a1d8,,,1,58,2026-10-09T02:52:29.5053452Z,3.254075,2.285174,680,0,0,OperatingSource,0,0,TaskSwitchDisplay,1,,0,Source,1,1,Move1,Move1.PickupCoarseMove,1,1,0,0,2.195423,0.000000,0,0.050000,0.000000,9.364000,0.000000,4.000000,-4.000000,-4.000000,4.000000,4.000000,4.000000,20.000000,250.000000,0,0.000000,1766.000000,,-1766.000000,0.000000,0.000000,0.000000,0,75.000000,70.000000,"{""stepId"":""Move1.PickupCoarseMove"",""displayName"":""吸着位置へ大まかに移動"",""majorPhase"":0,""completionConditions"":[{""conditionType"":1,""threshold"":0.5,""secondaryThreshold"":0.5},{""conditionType"":3,""threshold"":0.0,""secondaryThreshold"":0.0}],""requiredStableSeconds"":0.4000000059604645}",0.000000,0,0,0,680,0.050000,0,0,AtMost,10.000000
20261009T025226250Z_6ca46cab1d00446aa2b0a79bb208a1d8,,,1,58,2026-10-09T02:52:29.5053452Z,3.254075,2.285174,680,0,0,OperatingSource,0,0,TaskSwitchDisplay,1,,1,Target,,1,Move1,,0,0,0,0,0.000000,0.000000,0,0.050000,20.000000,9.364000,0.000000,16.000000,-2.000000,4.000000,2.000000,4.000000,2.000000,40.000000,250.000000,0,0.000000,1766.000000,,-1766.000000,0.000000,0.000000,0.000000,0,75.000000,70.000000,,,,,,,,,,None,0.000000
20261009T025226250Z_6ca46cab1d00446aa2b0a79bb208a1d8,,,1,59,2026-10-09T02:52:29.5601038Z,3.309209,2.340261,688,0,0,OperatingSource,0,0,TaskSwitchDisplay,1,,0,Source,1,1,Move1,Move1.PickupCoarseMove,1,1,0,0,2.250509,0.000000,0,0.050000,0.000000,9.364000,0.000000,4.000000,-4.000000,-4.000000,4.000000,4.000000,4.000000,20.000000,250.000000,0,0.000000,1766.000000,,-1766.000000,0.000000,0.000000,0.000000,0,75.000000,70.000000,"{""stepId"":""Move1.PickupCoarseMove"",""displayName"":""吸着位置へ大まかに移動"",""majorPhase"":0,""completionConditions"":[{""conditionType"":1,""threshold"":0.5,""secondaryThreshold"":0.5},{""conditionType"":3,""threshold"":0.0,""secondaryThreshold"":0.0}],""requiredStableSeconds"":0.4000000059604645}",0.000000,0,0,0,688,0.050000,0,0,AtMost,10.000000
20261009T025226250Z_6ca46cab1d00446aa2b0a79bb208a1d8,,,1,59,2026-10-09T02:52:29.5601038Z,3.309209,2.340261,688,0,0,OperatingSource,0,0,TaskSwitchDisplay,1,,1,Target,,1,Move1,,0,0,0,0,0.000000,0.000000,0,0.050000,20.000000,9.364000,0.000000,16.000000,-2.000000,4.000000,2.000000,4.000000,2.000000,40.000000,250.000000,0,0.000000,1766.000000,,-1766.000000,0.000000,0.000000,0.000000,0,75.000000,70.000000,,,,,,,,,,None,0.000000
20261009T025226250Z_6ca46cab1d00446aa2b0a79bb208a1d8,,,1,60,2026-10-09T02:52:29.6169761Z,3.365682,2.396750,696,0,0,OperatingSource,0,0,TaskSwitchDisplay,1,,0,Source,1,1,Move1,Move1.PickupCoarseMove,1,1,0,0,2.306998,0.000000,0,0.050000,0.000000,9.364000,0.000000,4.000000,-4.000000,-4.000000,4.000000,4.000000,4.000000,20.000000,250.000000,0,0.000000,1766.000000,,-1766.000000,0.000000,0.000000,0.000000,0,75.000000,70.000000,"{""stepId"":""Move1.PickupCoarseMove"",""displayName"":""吸着位置へ大まかに移動"",""majorPhase"":0,""completionConditions"":[{""conditionType"":1,""threshold"":0.5,""secondaryThreshold"":0.5},{""conditionType"":3,""threshold"":0.0,""secondaryThreshold"":0.0}],""requiredStableSeconds"":0.4000000059604645}",0.000000,0,0,0,696,0.050000,0,0,AtMost,10.000000
20261009T025226250Z_6ca46cab1d00446aa2b0a79bb208a1d8,,,1,60,2026-10-09T02:52:29.6169761Z,3.365682,2.396750,696,0,0,OperatingSource,0,0,TaskSwitchDisplay,1,,1,Target,,1,Move1,,0,0,0,0,0.000000,0.000000,0,0.050000,20.000000,9.364000,0.000000,16.000000,-2.000000,4.000000,2.000000,4.000000,2.000000,40.000000,250.000000,0,0.000000,1766.000000,,-1766.000000,0.000000,0.000000,0.000000,0,75.000000,70.000000,,,,,,,,,,None,0.000000
20261009T025226250Z_6ca46cab1d00446aa2b0a79bb208a1d8,,,1,61,2026-10-09T02:52:29.6729923Z,3.421431,2.452326,704,0,0,OperatingSource,0,0,TaskSwitchDisplay,1,,0,Source,1,1,Move1,Move1.PickupCoarseMove,1,1,0,0,2.362575,0.000000,0,0.050000,0.000000,9.364000,0.000000,4.000000,-4.000000,-4.000000,4.000000,4.000000,4.000000,20.000000,250.000000,0,0.000000,1766.000000,,-1766.000000,0.000000,0.000000,0.000000,0,75.000000,70.000000,"{""stepId"":""Move1.PickupCoarseMove"",""displayName"":""吸着位置へ大まかに移動"",""majorPhase"":0,""completionConditions"":[{""conditionType"":1,""threshold"":0.5,""secondaryThreshold"":0.5},{""conditionType"":3,""threshold"":0.0,""secondaryThreshold"":0.0}],""requiredStableSeconds"":0.4000000059604645}",0.000000,0,0,0,704,0.050000,0,0,AtMost,10.000000
20261009T025226250Z_6ca46cab1d00446aa2b0a79bb208a1d8,,,1,61,2026-10-09T02:52:29.6729923Z,3.421431,2.452326,704,0,0,OperatingSource,0,0,TaskSwitchDisplay,1,,1,Target,,1,Move1,,0,0,0,0,0.000000,0.000000,0,0.050000,20.000000,9.364000,0.000000,16.000000,-2.000000,4.000000,2.000000,4.000000,2.000000,40.000000,250.000000,0,0.000000,1766.000000,,-1766.000000,0.000000,0.000000,0.000000,0,75.000000,70.000000,,,,,,,,,,None,0.000000
20261009T025226250Z_6ca46cab1d00446aa2b0a79bb208a1d8,,,1,62,2026-10-09T02:52:29.7225630Z,3.471967,2.503041,711,0,0,OperatingSource,0,0,TaskSwitchDisplay,1,,0,Source,1,1,Move1,Move1.PickupCoarseMove,1,1,0,0,2.413290,0.000000,0,0.050000,0.000000,9.364000,0.000000,4.000000,-4.000000,-4.000000,4.000000,4.000000,4.000000,20.000000,250.000000,0,0.000000,1766.000000,,-1766.000000,0.000000,0.000000,0.000000,0,75.000000,70.000000,"{""stepId"":""Move1.PickupCoarseMove"",""displayName"":""吸着位置へ大まかに移動"",""majorPhase"":0,""completionConditions"":[{""conditionType"":1,""threshold"":0.5,""secondaryThreshold"":0.5},{""conditionType"":3,""threshold"":0.0,""secondaryThreshold"":0.0}],""requiredStableSeconds"":0.4000000059604645}",0.000000,0,0,0,711,0.050000,0,0,AtMost,10.000000
20261009T025226250Z_6ca46cab1d00446aa2b0a79bb208a1d8,,,1,62,2026-10-09T02:52:29.7225630Z,3.471967,2.503041,711,0,0,OperatingSource,0,0,TaskSwitchDisplay,1,,1,Target,,1,Move1,,0,0,0,0,0.000000,0.000000,0,0.050000,20.000000,9.364000,0.000000,16.000000,-2.000000,4.000000,2.000000,4.000000,2.000000,40.000000,250.000000,0,0.000000,1766.000000,,-1766.000000,0.000000,0.000000,0.000000,0,75.000000,70.000000,,,,,,,,,,None,0.000000
20261009T025226250Z_6ca46cab1d00446aa2b0a79bb208a1d8,,,1,63,2026-10-09T02:52:29.7786418Z,3.527963,2.559033,719,0,0,OperatingSource,0,0,TaskSwitchDisplay,1,,0,Source,1,1,Move1,Move1.PickupCoarseMove,1,1,0,0,2.469281,0.000000,0,0.050000,0.000000,9.364000,0.000000,4.000000,-4.000000,-4.000000,4.000000,4.000000,4.000000,20.000000,250.000000,0,0.000000,1766.000000,,-1766.000000,0.000000,0.000000,0.000000,0,75.000000,70.000000,"{""stepId"":""Move1.PickupCoarseMove"",""displayName"":""吸着位置へ大まかに移動"",""majorPhase"":0,""completionConditions"":[{""conditionType"":1,""threshold"":0.5,""secondaryThreshold"":0.5},{""conditionType"":3,""threshold"":0.0,""secondaryThreshold"":0.0}],""requiredStableSeconds"":0.4000000059604645}",0.000000,0,0,0,719,0.050000,0,0,AtMost,10.000000
20261009T025226250Z_6ca46cab1d00446aa2b0a79bb208a1d8,,,1,63,2026-10-09T02:52:29.7786418Z,3.527963,2.559033,719,0,0,OperatingSource,0,0,TaskSwitchDisplay,1,,1,Target,,1,Move1,,0,0,0,0,0.000000,0.000000,0,0.050000,20.000000,9.364000,0.000000,16.000000,-2.000000,4.000000,2.000000,4.000000,2.000000,40.000000,250.000000,0,0.000000,1766.000000,,-1766.000000,0.000000,0.000000,0.000000,0,75.000000,70.000000,,,,,,,,,,None,0.000000
20261009T025226250Z_6ca46cab1d00446aa2b0a79bb208a1d8,,,1,64,2026-10-09T02:52:29.8291476Z,3.578491,2.609210,726,0,0,OperatingSource,0,0,TaskSwitchDisplay,1,,0,Source,1,1,Move1,Move1.PickupCoarseMove,1,1,0,0,2.519458,0.000000,0,0.050000,0.000000,9.364000,0.000000,4.000000,-4.000000,-4.000000,4.000000,4.000000,4.000000,20.000000,250.000000,0,0.000000,1766.000000,,-1766.000000,0.000000,0.000000,0.000000,0,75.000000,70.000000,"{""stepId"":""Move1.PickupCoarseMove"",""displayName"":""吸着位置へ大まかに移動"",""majorPhase"":0,""completionConditions"":[{""conditionType"":1,""threshold"":0.5,""secondaryThreshold"":0.5},{""conditionType"":3,""threshold"":0.0,""secondaryThreshold"":0.0}],""requiredStableSeconds"":0.4000000059604645}",0.000000,0,0,0,726,0.050000,0,0,AtMost,10.000000
20261009T025226250Z_6ca46cab1d00446aa2b0a79bb208a1d8,,,1,64,2026-10-09T02:52:29.8291476Z,3.578491,2.609210,726,0,0,OperatingSource,0,0,TaskSwitchDisplay,1,,1,Target,,1,Move1,,0,0,0,0,0.000000,0.000000,0,0.050000,20.000000,9.364000,0.000000,16.000000,-2.000000,4.000000,2.000000,4.000000,2.000000,40.000000,250.000000,0,0.000000,1766.000000,,-1766.000000,0.000000,0.000000,0.000000,0,75.000000,70.000000,,,,,,,,,,None,0.000000
20261009T025226250Z_6ca46cab1d00446aa2b0a79bb208a1d8,,,1,65,2026-10-09T02:52:29.8814408Z,3.630056,2.661080,733,0,0,OperatingSource,0,0,TaskSwitchDisplay,1,,0,Source,1,1,Move1,Move1.PickupCoarseMove,1,1,0,0,2.571328,0.000000,0,0.050000,0.000000,9.364000,0.000000,4.000000,-4.000000,-4.000000,4.000000,4.000000,4.000000,20.000000,250.000000,0,0.000000,1766.000000,,-1766.000000,0.000000,0.000000,0.000000,0,75.000000,70.000000,"{""stepId"":""Move1.PickupCoarseMove"",""displayName"":""吸着位置へ大まかに移動"",""majorPhase"":0,""completionConditions"":[{""conditionType"":1,""threshold"":0.5,""secondaryThreshold"":0.5},{""conditionType"":3,""threshold"":0.0,""secondaryThreshold"":0.0}],""requiredStableSeconds"":0.4000000059604645}",0.000000,0,0,0,733,0.050000,0,0,AtMost,10.000000
20261009T025226250Z_6ca46cab1d00446aa2b0a79bb208a1d8,,,1,65,2026-10-09T02:52:29.8814408Z,3.630056,2.661080,733,0,0,OperatingSource,0,0,TaskSwitchDisplay,1,,1,Target,,1,Move1,,0,0,0,0,0.000000,0.000000,0,0.050000,20.000000,9.364000,0.000000,16.000000,-2.000000,4.000000,2.000000,4.000000,2.000000,40.000000,250.000000,0,0.000000,1766.000000,,-1766.000000,0.000000,0.000000,0.000000,0,75.000000,70.000000,,,,,,,,,,None,0.000000
20261009T025226250Z_6ca46cab1d00446aa2b0a79bb208a1d8,,,1,66,2026-10-09T02:52:29.9359244Z,3.684477,2.715567,741,0,0,OperatingSource,0,0,TaskSwitchDisplay,1,,0,Source,1,1,Move1,Move1.PickupCoarseMove,1,1,0,0,2.625815,0.000000,0,0.050000,0.000000,9.364000,0.000000,4.000000,-4.000000,-4.000000,4.000000,4.000000,4.000000,20.000000,250.000000,0,0.000000,1766.000000,,-1766.000000,0.000000,0.000000,0.000000,0,75.000000,70.000000,"{""stepId"":""Move1.PickupCoarseMove"",""displayName"":""吸着位置へ大まかに移動"",""majorPhase"":0,""completionConditions"":[{""conditionType"":1,""threshold"":0.5,""secondaryThreshold"":0.5},{""conditionType"":3,""threshold"":0.0,""secondaryThreshold"":0.0}],""requiredStableSeconds"":0.4000000059604645}",0.000000,0,0,0,741,0.050000,0,0,AtMost,10.000000
20261009T025226250Z_6ca46cab1d00446aa2b0a79bb208a1d8,,,1,66,2026-10-09T02:52:29.9359244Z,3.684477,2.715567,741,0,0,OperatingSource,0,0,TaskSwitchDisplay,1,,1,Target,,1,Move1,,0,0,0,0,0.000000,0.000000,0,0.050000,20.000000,9.364000,0.000000,16.000000,-2.000000,4.000000,2.000000,4.000000,2.000000,40.000000,250.000000,0,0.000000,1766.000000,,-1766.000000,0.000000,0.000000,0.000000,0,75.000000,70.000000,,,,,,,,,,None,0.000000
20261009T025226250Z_6ca46cab1d00446aa2b0a79bb208a1d8,,,1,67,2026-10-09T02:52:29.9915051Z,3.739973,2.770727,749,0,0,OperatingSource,0,0,TaskSwitchDisplay,1,,0,Source,1,1,Move1,Move1.PickupCoarseMove,1,1,0,0,2.680975,0.000000,0,0.050000,0.000000,9.364000,0.000000,4.000000,-4.000000,-4.000000,4.000000,4.000000,4.000000,20.000000,250.000000,0,0.000000,1766.000000,,-1766.000000,0.000000,0.000000,0.000000,0,75.000000,70.000000,"{""stepId"":""Move1.PickupCoarseMove"",""displayName"":""吸着位置へ大まかに移動"",""majorPhase"":0,""completionConditions"":[{""conditionType"":1,""threshold"":0.5,""secondaryThreshold"":0.5},{""conditionType"":3,""threshold"":0.0,""secondaryThreshold"":0.0}],""requiredStableSeconds"":0.4000000059604645}",0.000000,0,0,0,749,0.050000,0,0,AtMost,10.000000
20261009T025226250Z_6ca46cab1d00446aa2b0a79bb208a1d8,,,1,67,2026-10-09T02:52:29.9915051Z,3.739973,2.770727,749,0,0,OperatingSource,0,0,TaskSwitchDisplay,1,,1,Target,,1,Move1,,0,0,0,0,0.000000,0.000000,0,0.050000,20.000000,9.364000,0.000000,16.000000,-2.000000,4.000000,2.000000,4.000000,2.000000,40.000000,250.000000,0,0.000000,1766.000000,,-1766.000000,0.000000,0.000000,0.000000,0,75.000000,70.000000,,,,,,,,,,None,0.000000
20261009T025226250Z_6ca46cab1d00446aa2b0a79bb208a1d8,,,1,68,2026-10-09T02:52:30.0452656Z,3.794697,2.825752,757,0,0,OperatingSource,0,0,TaskSwitchDisplay,1,,0,Source,1,1,Move1,Move1.PickupCoarseMove,1,1,0,0,2.736000,0.000000,0,0.050000,0.000000,9.364000,0.000000,4.000000,-4.000000,-4.000000,4.000000,4.000000,4.000000,20.000000,250.000000,0,0.000000,1766.000000,,-1766.000000,0.000000,0.000000,0.000000,0,75.000000,70.000000,"{""stepId"":""Move1.PickupCoarseMove"",""displayName"":""吸着位置へ大まかに移動"",""majorPhase"":0,""completionConditions"":[{""conditionType"":1,""threshold"":0.5,""secondaryThreshold"":0.5},{""conditionType"":3,""threshold"":0.0,""secondaryThreshold"":0.0}],""requiredStableSeconds"":0.4000000059604645}",0.000000,0,0,0,757,0.050000,0,0,AtMost,10.000000
20261009T025226250Z_6ca46cab1d00446aa2b0a79bb208a1d8,,,1,68,2026-10-09T02:52:30.0452656Z,3.794697,2.825752,757,0,0,OperatingSource,0,0,TaskSwitchDisplay,1,,1,Target,,1,Move1,,0,0,0,0,0.000000,0.000000,0,0.050000,20.000000,9.364000,0.000000,16.000000,-2.000000,4.000000,2.000000,4.000000,2.000000,40.000000,250.000000,0,0.000000,1766.000000,,-1766.000000,0.000000,0.000000,0.000000,0,75.000000,70.000000,,,,,,,,,,None,0.000000
20261009T025226250Z_6ca46cab1d00446aa2b0a79bb208a1d8,,,1,69,2026-10-09T02:52:30.1010672Z,3.850397,2.881539,765,0,0,OperatingSource,0,0,TaskSwitchDisplay,1,,0,Source,1,1,Move1,Move1.PickupCoarseMove,1,1,0,0,2.791787,0.000000,0,0.050000,0.000000,9.364000,0.000000,4.000000,-4.000000,-4.000000,4.000000,4.000000,4.000000,20.000000,250.000000,0,0.000000,1766.000000,,-1766.000000,0.000000,0.000000,0.000000,0,75.000000,70.000000,"{""stepId"":""Move1.PickupCoarseMove"",""displayName"":""吸着位置へ大まかに移動"",""majorPhase"":0,""completionConditions"":[{""conditionType"":1,""threshold"":0.5,""secondaryThreshold"":0.5},{""conditionType"":3,""threshold"":0.0,""secondaryThreshold"":0.0}],""requiredStableSeconds"":0.4000000059604645}",0.000000,0,0,0,765,0.050000,0,0,AtMost,10.000000
20261009T025226250Z_6ca46cab1d00446aa2b0a79bb208a1d8,,,1,69,2026-10-09T02:52:30.1010672Z,3.850397,2.881539,765,0,0,OperatingSource,0,0,TaskSwitchDisplay,1,,1,Target,,1,Move1,,0,0,0,0,0.000000,0.000000,0,0.050000,20.000000,9.364000,0.000000,16.000000,-2.000000,4.000000,2.000000,4.000000,2.000000,40.000000,250.000000,0,0.000000,1766.000000,,-1766.000000,0.000000,0.000000,0.000000,0,75.000000,70.000000,,,,,,,,,,None,0.000000
20261009T025226250Z_6ca46cab1d00446aa2b0a79bb208a1d8,,,1,70,2026-10-09T02:52:30.1545419Z,3.903241,2.934395,772,0,0,OperatingSource,0,0,TaskSwitchDisplay,1,,0,Source,1,1,Move1,Move1.PickupCoarseMove,1,1,0,0,2.844644,0.000000,0,0.050000,0.028000,9.364000,0.000000,4.000000,-4.000000,-3.972000,4.000000,3.972000,4.000000,20.028000,250.000000,0,0.000000,1766.000000,,-1766.000000,0.000000,0.000000,0.000000,0,75.000000,70.000000,"{""stepId"":""Move1.PickupCoarseMove"",""displayName"":""吸着位置へ大まかに移動"",""majorPhase"":0,""completionConditions"":[{""conditionType"":1,""threshold"":0.5,""secondaryThreshold"":0.5},{""conditionType"":3,""threshold"":0.0,""secondaryThreshold"":0.0}],""requiredStableSeconds"":0.4000000059604645}",0.000000,0,0,0,772,0.050000,0,0,AtMost,10.000000
20261009T025226250Z_6ca46cab1d00446aa2b0a79bb208a1d8,,,1,70,2026-10-09T02:52:30.1545419Z,3.903241,2.934395,772,0,0,OperatingSource,0,0,TaskSwitchDisplay,1,,1,Target,,1,Move1,,0,0,0,0,0.000000,0.000000,0,0.050000,20.000000,9.364000,0.000000,16.000000,-2.000000,4.000000,2.000000,4.000000,2.000000,40.000000,250.000000,0,0.000000,1766.000000,,-1766.000000,0.000000,0.000000,0.000000,0,75.000000,70.000000,,,,,,,,,,None,0.000000
20261009T025226250Z_6ca46cab1d00446aa2b0a79bb208a1d8,,,1,71,2026-10-09T02:52:30.2042319Z,3.953574,2.984681,779,0,0,OperatingSource,0,0,TaskSwitchDisplay,1,,0,Source,1,1,Move1,Move1.PickupCoarseMove,1,1,0,0,2.894929,0.000000,0,0.050000,0.056000,9.364000,0.000000,4.000000,-4.000000,-3.944000,4.000000,3.944000,4.000000,20.056000,250.000000,0,0.000000,1766.000000,,-1766.000000,0.000000,0.000000,0.000000,0,75.000000,70.000000,"{""stepId"":""Move1.PickupCoarseMove"",""displayName"":""吸着位置へ大まかに移動"",""majorPhase"":0,""completionConditions"":[{""conditionType"":1,""threshold"":0.5,""secondaryThreshold"":0.5},{""conditionType"":3,""threshold"":0.0,""secondaryThreshold"":0.0}],""requiredStableSeconds"":0.4000000059604645}",0.000000,0,0,0,779,0.050000,0,0,AtMost,10.000000
20261009T025226250Z_6ca46cab1d00446aa2b0a79bb208a1d8,,,1,71,2026-10-09T02:52:30.2042319Z,3.953574,2.984681,779,0,0,OperatingSource,0,0,TaskSwitchDisplay,1,,1,Target,,1,Move1,,0,0,0,0,0.000000,0.000000,0,0.050000,20.000000,9.364000,0.000000,16.000000,-2.000000,4.000000,2.000000,4.000000,2.000000,40.000000,250.000000,0,0.000000,1766.000000,,-1766.000000,0.000000,0.000000,0.000000,0,75.000000,70.000000,,,,,,,,,,None,0.000000
20261009T025226250Z_6ca46cab1d00446aa2b0a79bb208a1d8,,,1,72,2026-10-09T02:52:30.2607442Z,4.009706,3.040743,787,0,0,OperatingSource,0,0,TaskSwitchDisplay,1,,0,Source,1,1,Move1,Move1.PickupCoarseMove,1,1,0,0,2.950992,0.000000,0,0.050000,0.098000,9.364000,0.000000,4.000000,-4.000000,-3.902000,4.000000,3.902000,4.000000,20.098000,250.000000,0,0.000000,1766.000000,,-1766.000000,0.000000,0.000000,0.000000,0,75.000000,70.000000,"{""stepId"":""Move1.PickupCoarseMove"",""displayName"":""吸着位置へ大まかに移動"",""majorPhase"":0,""completionConditions"":[{""conditionType"":1,""threshold"":0.5,""secondaryThreshold"":0.5},{""conditionType"":3,""threshold"":0.0,""secondaryThreshold"":0.0}],""requiredStableSeconds"":0.4000000059604645}",0.000000,0,0,0,787,0.050000,0,0,AtMost,10.000000
20261009T025226250Z_6ca46cab1d00446aa2b0a79bb208a1d8,,,1,72,2026-10-09T02:52:30.2607442Z,4.009706,3.040743,787,0,0,OperatingSource,0,0,TaskSwitchDisplay,1,,1,Target,,1,Move1,,0,0,0,0,0.000000,0.000000,0,0.050000,20.000000,9.364000,0.000000,16.000000,-2.000000,4.000000,2.000000,4.000000,2.000000,40.000000,250.000000,0,0.000000,1766.000000,,-1766.000000,0.000000,0.000000,0.000000,0,75.000000,70.000000,,,,,,,,,,None,0.000000
20261009T025226250Z_6ca46cab1d00446aa2b0a79bb208a1d8,,,1,73,2026-10-09T02:52:30.3165379Z,4.064991,3.096076,795,0,0,OperatingSource,0,0,TaskSwitchDisplay,1,,0,Source,1,1,Move1,Move1.PickupCoarseMove,1,1,0,0,3.006325,0.000000,0,0.050000,0.140000,9.364000,0.000000,4.000000,-4.000000,-3.860000,4.000000,3.860000,4.000000,20.139999,250.000000,0,0.000000,1766.000000,,-1766.000000,0.000000,0.000000,0.000000,0,75.000000,70.000000,"{""stepId"":""Move1.PickupCoarseMove"",""displayName"":""吸着位置へ大まかに移動"",""majorPhase"":0,""completionConditions"":[{""conditionType"":1,""threshold"":0.5,""secondaryThreshold"":0.5},{""conditionType"":3,""threshold"":0.0,""secondaryThreshold"":0.0}],""requiredStableSeconds"":0.4000000059604645}",0.000000,0,0,0,795,0.050000,0,0,AtMost,10.000000
20261009T025226250Z_6ca46cab1d00446aa2b0a79bb208a1d8,,,1,73,2026-10-09T02:52:30.3165379Z,4.064991,3.096076,795,0,0,OperatingSource,0,0,TaskSwitchDisplay,1,,1,Target,,1,Move1,,0,0,0,0,0.000000,0.000000,0,0.050000,20.000000,9.364000,0.000000,16.000000,-2.000000,4.000000,2.000000,4.000000,2.000000,40.000000,250.000000,0,0.000000,1766.000000,,-1766.000000,0.000000,0.000000,0.000000,0,75.000000,70.000000,,,,,,,,,,None,0.000000
20261009T025226250Z_6ca46cab1d00446aa2b0a79bb208a1d8,,,1,74,2026-10-09T02:52:30.3720764Z,4.120777,3.151578,803,0,0,OperatingSource,0,0,TaskSwitchDisplay,1,,0,Source,1,1,Move1,Move1.PickupCoarseMove,1,1,0,0,3.061826,0.000000,0,0.050000,0.182000,9.364000,0.000000,4.000000,-4.000000,-3.818000,4.000000,3.818000,4.000000,20.181999,250.000000,0,0.000000,1766.000000,,-1766.000000,0.000000,0.000000,0.000000,0,75.000000,70.000000,"{""stepId"":""Move1.PickupCoarseMove"",""displayName"":""吸着位置へ大まかに移動"",""majorPhase"":0,""completionConditions"":[{""conditionType"":1,""threshold"":0.5,""secondaryThreshold"":0.5},{""conditionType"":3,""threshold"":0.0,""secondaryThreshold"":0.0}],""requiredStableSeconds"":0.4000000059604645}",0.000000,0,0,0,803,0.050000,0,0,AtMost,10.000000
20261009T025226250Z_6ca46cab1d00446aa2b0a79bb208a1d8,,,1,74,2026-10-09T02:52:30.3720764Z,4.120777,3.151578,803,0,0,OperatingSource,0,0,TaskSwitchDisplay,1,,1,Target,,1,Move1,,0,0,0,0,0.000000,0.000000,0,0.050000,20.000000,9.364000,0.000000,16.000000,-2.000000,4.000000,2.000000,4.000000,2.000000,40.000000,250.000000,0,0.000000,1766.000000,,-1766.000000,0.000000,0.000000,0.000000,0,75.000000,70.000000,,,,,,,,,,None,0.000000
20261009T025226250Z_6ca46cab1d00446aa2b0a79bb208a1d8,,,1,75,2026-10-09T02:52:30.4292885Z,4.177783,3.208451,811,0,0,OperatingSource,0,0,TaskSwitchDisplay,1,,0,Source,1,1,Move1,Move1.PickupCoarseMove,1,1,0,0,3.118699,0.000000,0,0.050000,0.224000,9.364000,0.000000,4.000000,-4.000000,-3.776000,4.000000,3.776000,4.000000,20.223999,250.000000,0,0.000000,1766.000000,,-1766.000000,0.000000,0.000000,0.000000,0,75.000000,70.000000,"{""stepId"":""Move1.PickupCoarseMove"",""displayName"":""吸着位置へ大まかに移動"",""majorPhase"":0,""completionConditions"":[{""conditionType"":1,""threshold"":0.5,""secondaryThreshold"":0.5},{""conditionType"":3,""threshold"":0.0,""secondaryThreshold"":0.0}],""requiredStableSeconds"":0.4000000059604645}",0.000000,0,0,0,811,0.050000,0,0,AtMost,10.000000
20261009T025226250Z_6ca46cab1d00446aa2b0a79bb208a1d8,,,1,75,2026-10-09T02:52:30.4292885Z,4.177783,3.208451,811,0,0,OperatingSource,0,0,TaskSwitchDisplay,1,,1,Target,,1,Move1,,0,0,0,0,0.000000,0.000000,0,0.050000,20.000000,9.364000,0.000000,16.000000,-2.000000,4.000000,2.000000,4.000000,2.000000,40.000000,250.000000,0,0.000000,1766.000000,,-1766.000000,0.000000,0.000000,0.000000,0,75.000000,70.000000,,,,,,,,,,None,0.000000
20261009T025226250Z_6ca46cab1d00446aa2b0a79bb208a1d8,,,1,76,2026-10-09T02:52:30.4828181Z,4.232031,3.263092,819,0,0,OperatingSource,0,0,TaskSwitchDisplay,1,,0,Source,1,1,Move1,Move1.PickupCoarseMove,1,1,0,0,3.173340,0.000000,0,0.050000,0.252000,9.364000,0.000000,4.000000,-4.000000,-3.748000,4.000000,3.748000,4.000000,20.252001,250.000000,0,0.000000,1766.000000,,-1766.000000,0.000000,0.000000,0.000000,0,75.000000,70.000000,"{""stepId"":""Move1.PickupCoarseMove"",""displayName"":""吸着位置へ大まかに移動"",""majorPhase"":0,""completionConditions"":[{""conditionType"":1,""threshold"":0.5,""secondaryThreshold"":0.5},{""conditionType"":3,""threshold"":0.0,""secondaryThreshold"":0.0}],""requiredStableSeconds"":0.4000000059604645}",0.000000,0,0,0,819,0.050000,0,0,AtMost,10.000000
20261009T025226250Z_6ca46cab1d00446aa2b0a79bb208a1d8,,,1,76,2026-10-09T02:52:30.4828181Z,4.232031,3.263092,819,0,0,OperatingSource,0,0,TaskSwitchDisplay,1,,1,Target,,1,Move1,,0,0,0,0,0.000000,0.000000,0,0.050000,20.000000,9.364000,0.000000,16.000000,-2.000000,4.000000,2.000000,4.000000,2.000000,40.000000,250.000000,0,0.000000,1766.000000,,-1766.000000,0.000000,0.000000,0.000000,0,75.000000,70.000000,,,,,,,,,,None,0.000000
20261009T025226250Z_6ca46cab1d00446aa2b0a79bb208a1d8,,,1,77,2026-10-09T02:52:30.5370611Z,4.286208,3.317334,827,0,0,OperatingSource,0,0,TaskSwitchDisplay,1,,0,Source,1,1,Move1,Move1.PickupCoarseMove,1,1,0,0,3.227583,0.000000,0,0.050000,0.294000,9.364000,0.000000,4.000000,-4.000000,-3.706000,4.000000,3.706000,4.000000,20.294001,250.000000,0,0.000000,1766.000000,,-1766.000000,0.000000,0.000000,0.000000,0,75.000000,70.000000,"{""stepId"":""Move1.PickupCoarseMove"",""displayName"":""吸着位置へ大まかに移動"",""majorPhase"":0,""completionConditions"":[{""conditionType"":1,""threshold"":0.5,""secondaryThreshold"":0.5},{""conditionType"":3,""threshold"":0.0,""secondaryThreshold"":0.0}],""requiredStableSeconds"":0.4000000059604645}",0.000000,0,0,0,827,0.050000,0,0,AtMost,10.000000
20261009T025226250Z_6ca46cab1d00446aa2b0a79bb208a1d8,,,1,77,2026-10-09T02:52:30.5370611Z,4.286208,3.317334,827,0,0,OperatingSource,0,0,TaskSwitchDisplay,1,,1,Target,,1,Move1,,0,0,0,0,0.000000,0.000000,0,0.050000,20.000000,9.364000,0.000000,16.000000,-2.000000,4.000000,2.000000,4.000000,2.000000,40.000000,250.000000,0,0.000000,1766.000000,,-1766.000000,0.000000,0.000000,0.000000,0,75.000000,70.000000,,,,,,,,,,None,0.000000
20261009T025226250Z_6ca46cab1d00446aa2b0a79bb208a1d8,,,1,78,2026-10-09T02:52:30.5872694Z,4.336280,3.367120,834,0,0,OperatingSource,0,0,TaskSwitchDisplay,1,,0,Source,1,1,Move1,Move1.PickupCoarseMove,1,1,0,0,3.277368,0.000000,0,0.050000,0.336000,9.364000,0.000000,4.000000,-4.000000,-3.664000,4.000000,3.664000,4.000000,20.336000,250.000000,0,0.000000,1766.000000,,-1766.000000,0.000000,0.000000,0.000000,0,75.000000,70.000000,"{""stepId"":""Move1.PickupCoarseMove"",""displayName"":""吸着位置へ大まかに移動"",""majorPhase"":0,""completionConditions"":[{""conditionType"":1,""threshold"":0.5,""secondaryThreshold"":0.5},{""conditionType"":3,""threshold"":0.0,""secondaryThreshold"":0.0}],""requiredStableSeconds"":0.4000000059604645}",0.000000,0,0,0,834,0.050000,0,0,AtMost,10.000000
20261009T025226250Z_6ca46cab1d00446aa2b0a79bb208a1d8,,,1,78,2026-10-09T02:52:30.5872694Z,4.336280,3.367120,834,0,0,OperatingSource,0,0,TaskSwitchDisplay,1,,1,Target,,1,Move1,,0,0,0,0,0.000000,0.000000,0,0.050000,20.000000,9.364000,0.000000,16.000000,-2.000000,4.000000,2.000000,4.000000,2.000000,40.000000,250.000000,0,0.000000,1766.000000,,-1766.000000,0.000000,0.000000,0.000000,0,75.000000,70.000000,,,,,,,,,,None,0.000000
20261009T025226250Z_6ca46cab1d00446aa2b0a79bb208a1d8,,,1,79,2026-10-09T02:52:30.6384760Z,4.387754,3.418780,841,0,0,OperatingSource,0,0,TaskSwitchDisplay,1,,0,Source,1,1,Move1,Move1.PickupCoarseMove,1,1,0,0,3.329028,0.000000,0,0.050000,0.364000,9.364000,0.000000,4.000000,-4.000000,-3.636000,4.000000,3.636000,4.000000,20.364000,250.000000,0,0.000000,1766.000000,,-1766.000000,0.000000,0.000000,0.000000,0,75.000000,70.000000,"{""stepId"":""Move1.PickupCoarseMove"",""displayName"":""吸着位置へ大まかに移動"",""majorPhase"":0,""completionConditions"":[{""conditionType"":1,""threshold"":0.5,""secondaryThreshold"":0.5},{""conditionType"":3,""threshold"":0.0,""secondaryThreshold"":0.0}],""requiredStableSeconds"":0.4000000059604645}",0.000000,0,0,0,841,0.050000,0,0,AtMost,10.000000
20261009T025226250Z_6ca46cab1d00446aa2b0a79bb208a1d8,,,1,79,2026-10-09T02:52:30.6384760Z,4.387754,3.418780,841,0,0,OperatingSource,0,0,TaskSwitchDisplay,1,,1,Target,,1,Move1,,0,0,0,0,0.000000,0.000000,0,0.050000,20.000000,9.364000,0.000000,16.000000,-2.000000,4.000000,2.000000,4.000000,2.000000,40.000000,250.000000,0,0.000000,1766.000000,,-1766.000000,0.000000,0.000000,0.000000,0,75.000000,70.000000,,,,,,,,,,None,0.000000
20261009T025226250Z_6ca46cab1d00446aa2b0a79bb208a1d8,,,1,80,2026-10-09T02:52:30.6889462Z,4.438673,3.468937,848,0,0,OperatingSource,0,0,TaskSwitchDisplay,1,,0,Source,1,1,Move1,Move1.PickupCoarseMove,1,1,0,0,3.379186,0.000000,0,0.050000,0.406000,9.364000,0.000000,4.000000,-4.000000,-3.594000,4.000000,3.594000,4.000000,20.406000,250.000000,0,0.000000,1766.000000,,-1766.000000,0.000000,0.000000,0.000000,0,75.000000,70.000000,"{""stepId"":""Move1.PickupCoarseMove"",""displayName"":""吸着位置へ大まかに移動"",""majorPhase"":0,""completionConditions"":[{""conditionType"":1,""threshold"":0.5,""secondaryThreshold"":0.5},{""conditionType"":3,""threshold"":0.0,""secondaryThreshold"":0.0}],""requiredStableSeconds"":0.4000000059604645}",0.000000,0,0,0,848,0.050000,0,0,AtMost,10.000000
20261009T025226250Z_6ca46cab1d00446aa2b0a79bb208a1d8,,,1,80,2026-10-09T02:52:30.6889462Z,4.438673,3.468937,848,0,0,OperatingSource,0,0,TaskSwitchDisplay,1,,1,Target,,1,Move1,,0,0,0,0,0.000000,0.000000,0,0.050000,20.000000,9.364000,0.000000,16.000000,-2.000000,4.000000,2.000000,4.000000,2.000000,40.000000,250.000000,0,0.000000,1766.000000,,-1766.000000,0.000000,0.000000,0.000000,0,75.000000,70.000000,,,,,,,,,,None,0.000000
20261009T025226250Z_6ca46cab1d00446aa2b0a79bb208a1d8,,,1,81,2026-10-09T02:52:30.7402326Z,4.489765,3.520591,855,0,0,OperatingSource,0,0,TaskSwitchDisplay,1,,0,Source,1,1,Move1,Move1.PickupCoarseMove,1,1,0,0,3.430840,0.000000,0,0.050000,0.434000,9.364000,0.000000,4.000000,-4.000000,-3.566000,4.000000,3.566000,4.000000,20.434000,250.000000,0,0.000000,1766.000000,,-1766.000000,0.000000,0.000000,0.000000,0,75.000000,70.000000,"{""stepId"":""Move1.PickupCoarseMove"",""displayName"":""吸着位置へ大まかに移動"",""majorPhase"":0,""completionConditions"":[{""conditionType"":1,""threshold"":0.5,""secondaryThreshold"":0.5},{""conditionType"":3,""threshold"":0.0,""secondaryThreshold"":0.0}],""requiredStableSeconds"":0.4000000059604645}",0.000000,0,0,0,855,0.050000,0,0,AtMost,10.000000
20261009T025226250Z_6ca46cab1d00446aa2b0a79bb208a1d8,,,1,81,2026-10-09T02:52:30.7402326Z,4.489765,3.520591,855,0,0,OperatingSource,0,0,TaskSwitchDisplay,1,,1,Target,,1,Move1,,0,0,0,0,0.000000,0.000000,0,0.050000,20.000000,9.364000,0.000000,16.000000,-2.000000,4.000000,2.000000,4.000000,2.000000,40.000000,250.000000,0,0.000000,1766.000000,,-1766.000000,0.000000,0.000000,0.000000,0,75.000000,70.000000,,,,,,,,,,None,0.000000
20261009T025226250Z_6ca46cab1d00446aa2b0a79bb208a1d8,,,1,82,2026-10-09T02:52:30.7915990Z,4.541369,3.572177,862,0,0,OperatingSource,0,0,TaskSwitchDisplay,1,,0,Source,1,1,Move1,Move1.PickupCoarseMove,1,1,0,0,3.482426,0.000000,0,0.050000,0.476000,9.364000,0.000000,4.000000,-4.000000,-3.524000,4.000000,3.524000,4.000000,20.476000,250.000000,0,0.000000,1766.000000,,-1766.000000,0.000000,0.000000,0.000000,0,75.000000,70.000000,"{""stepId"":""Move1.PickupCoarseMove"",""displayName"":""吸着位置へ大まかに移動"",""majorPhase"":0,""completionConditions"":[{""conditionType"":1,""threshold"":0.5,""secondaryThreshold"":0.5},{""conditionType"":3,""threshold"":0.0,""secondaryThreshold"":0.0}],""requiredStableSeconds"":0.4000000059604645}",0.000000,0,0,0,862,0.050000,0,0,AtMost,10.000000
20261009T025226250Z_6ca46cab1d00446aa2b0a79bb208a1d8,,,1,82,2026-10-09T02:52:30.7915990Z,4.541369,3.572177,862,0,0,OperatingSource,0,0,TaskSwitchDisplay,1,,1,Target,,1,Move1,,0,0,0,0,0.000000,0.000000,0,0.050000,20.000000,9.364000,0.000000,16.000000,-2.000000,4.000000,2.000000,4.000000,2.000000,40.000000,250.000000,0,0.000000,1766.000000,,-1766.000000,0.000000,0.000000,0.000000,0,75.000000,70.000000,,,,,,,,,,None,0.000000
20261009T025226250Z_6ca46cab1d00446aa2b0a79bb208a1d8,,,1,83,2026-10-09T02:52:30.8427840Z,4.591991,3.622918,869,0,0,OperatingSource,0,0,TaskSwitchDisplay,1,,0,Source,1,1,Move1,Move1.PickupCoarseMove,1,1,0,0,3.533167,0.000000,0,0.050000,0.504000,9.364000,0.000000,4.000000,-4.000000,-3.496000,4.000000,3.496000,4.000000,20.504000,250.000000,0,0.000000,1766.000000,,-1766.000000,0.000000,0.000000,0.000000,0,75.000000,70.000000,"{""stepId"":""Move1.PickupCoarseMove"",""displayName"":""吸着位置へ大まかに移動"",""majorPhase"":0,""completionConditions"":[{""conditionType"":1,""threshold"":0.5,""secondaryThreshold"":0.5},{""conditionType"":3,""threshold"":0.0,""secondaryThreshold"":0.0}],""requiredStableSeconds"":0.4000000059604645}",0.000000,0,0,0,869,0.050000,0,0,AtMost,10.000000
20261009T025226250Z_6ca46cab1d00446aa2b0a79bb208a1d8,,,1,83,2026-10-09T02:52:30.8427840Z,4.591991,3.622918,869,0,0,OperatingSource,0,0,TaskSwitchDisplay,1,,1,Target,,1,Move1,,0,0,0,0,0.000000,0.000000,0,0.050000,20.000000,9.364000,0.000000,16.000000,-2.000000,4.000000,2.000000,4.000000,2.000000,40.000000,250.000000,0,0.000000,1766.000000,,-1766.000000,0.000000,0.000000,0.000000,0,75.000000,70.000000,,,,,,,,,,None,0.000000
20261009T025226250Z_6ca46cab1d00446aa2b0a79bb208a1d8,,,1,84,2026-10-09T02:52:30.8968434Z,4.646242,3.677311,876,0,0,OperatingSource,0,0,TaskSwitchDisplay,1,,0,Source,1,1,Move1,Move1.PickupCoarseMove,1,1,0,0,3.587560,0.000000,0,0.050000,0.546000,9.364000,0.000000,4.000000,-4.000000,-3.454000,4.000000,3.454000,4.000000,20.546000,250.000000,0,0.000000,1766.000000,,-1766.000000,0.000000,0.000000,0.000000,0,75.000000,70.000000,"{""stepId"":""Move1.PickupCoarseMove"",""displayName"":""吸着位置へ大まかに移動"",""majorPhase"":0,""completionConditions"":[{""conditionType"":1,""threshold"":0.5,""secondaryThreshold"":0.5},{""conditionType"":3,""threshold"":0.0,""secondaryThreshold"":0.0}],""requiredStableSeconds"":0.4000000059604645}",0.000000,0,0,0,876,0.050000,0,0,AtMost,10.000000
20261009T025226250Z_6ca46cab1d00446aa2b0a79bb208a1d8,,,1,84,2026-10-09T02:52:30.8968434Z,4.646242,3.677311,876,0,0,OperatingSource,0,0,TaskSwitchDisplay,1,,1,Target,,1,Move1,,0,0,0,0,0.000000,0.000000,0,0.050000,20.000000,9.364000,0.000000,16.000000,-2.000000,4.000000,2.000000,4.000000,2.000000,40.000000,250.000000,0,0.000000,1766.000000,,-1766.000000,0.000000,0.000000,0.000000,0,75.000000,70.000000,,,,,,,,,,None,0.000000
20261009T025226250Z_6ca46cab1d00446aa2b0a79bb208a1d8,,,1,85,2026-10-09T02:52:30.9489833Z,4.697885,3.728559,883,0,0,OperatingSource,0,0,TaskSwitchDisplay,1,,0,Source,1,1,Move1,Move1.PickupCoarseMove,1,1,0,0,3.638808,0.000000,0,0.050000,0.588000,9.364000,0.000000,4.000000,-4.000000,-3.412000,4.000000,3.412000,4.000000,20.587999,250.000000,0,0.000000,1766.000000,,-1766.000000,0.000000,0.000000,0.000000,0,75.000000,70.000000,"{""stepId"":""Move1.PickupCoarseMove"",""displayName"":""吸着位置へ大まかに移動"",""majorPhase"":0,""completionConditions"":[{""conditionType"":1,""threshold"":0.5,""secondaryThreshold"":0.5},{""conditionType"":3,""threshold"":0.0,""secondaryThreshold"":0.0}],""requiredStableSeconds"":0.4000000059604645}",0.000000,0,0,0,883,0.050000,0,0,AtMost,10.000000
20261009T025226250Z_6ca46cab1d00446aa2b0a79bb208a1d8,,,1,85,2026-10-09T02:52:30.9489833Z,4.697885,3.728559,883,0,0,OperatingSource,0,0,TaskSwitchDisplay,1,,1,Target,,1,Move1,,0,0,0,0,0.000000,0.000000,0,0.050000,20.000000,9.364000,0.000000,16.000000,-2.000000,4.000000,2.000000,4.000000,2.000000,40.000000,250.000000,0,0.000000,1766.000000,,-1766.000000,0.000000,0.000000,0.000000,0,75.000000,70.000000,,,,,,,,,,None,0.000000
20261009T025226250Z_6ca46cab1d00446aa2b0a79bb208a1d8,,,1,86,2026-10-09T02:52:31.0016003Z,4.750528,3.781595,890,0,0,OperatingSource,0,0,TaskSwitchDisplay,1,,0,Source,1,1,Move1,Move1.PickupCoarseMove,1,1,0,0,3.691844,0.000000,0,0.050000,0.616000,9.364000,0.000000,4.000000,-4.000000,-3.384000,4.000000,3.384000,4.000000,20.615999,250.000000,0,0.000000,1766.000000,,-1766.000000,0.000000,0.000000,0.000000,0,75.000000,70.000000,"{""stepId"":""Move1.PickupCoarseMove"",""displayName"":""吸着位置へ大まかに移動"",""majorPhase"":0,""completionConditions"":[{""conditionType"":1,""threshold"":0.5,""secondaryThreshold"":0.5},{""conditionType"":3,""threshold"":0.0,""secondaryThreshold"":0.0}],""requiredStableSeconds"":0.4000000059604645}",0.000000,0,0,0,890,0.050000,0,0,AtMost,10.000000
20261009T025226250Z_6ca46cab1d00446aa2b0a79bb208a1d8,,,1,86,2026-10-09T02:52:31.0016003Z,4.750528,3.781595,890,0,0,OperatingSource,0,0,TaskSwitchDisplay,1,,1,Target,,1,Move1,,0,0,0,0,0.000000,0.000000,0,0.050000,20.000000,9.364000,0.000000,16.000000,-2.000000,4.000000,2.000000,4.000000,2.000000,40.000000,250.000000,0,0.000000,1766.000000,,-1766.000000,0.000000,0.000000,0.000000,0,75.000000,70.000000,,,,,,,,,,None,0.000000
20261009T025226250Z_6ca46cab1d00446aa2b0a79bb208a1d8,,,1,87,2026-10-09T02:52:31.0584280Z,4.807384,3.838381,897,0,0,OperatingSource,0,0,TaskSwitchDisplay,1,,0,Source,1,1,Move1,Move1.PickupCoarseMove,1,1,0,0,3.748631,0.000000,0,0.050000,0.658000,9.364000,0.000000,4.000000,-4.000000,-3.342000,4.000000,3.342000,4.000000,20.657999,250.000000,0,0.000000,1766.000000,,-1766.000000,0.000000,0.000000,0.000000,0,75.000000,70.000000,"{""stepId"":""Move1.PickupCoarseMove"",""displayName"":""吸着位置へ大まかに移動"",""majorPhase"":0,""completionConditions"":[{""conditionType"":1,""threshold"":0.5,""secondaryThreshold"":0.5},{""conditionType"":3,""threshold"":0.0,""secondaryThreshold"":0.0}],""requiredStableSeconds"":0.4000000059604645}",0.000000,0,0,0,897,0.050000,0,0,AtMost,10.000000
20261009T025226250Z_6ca46cab1d00446aa2b0a79bb208a1d8,,,1,87,2026-10-09T02:52:31.0584280Z,4.807384,3.838381,897,0,0,OperatingSource,0,0,TaskSwitchDisplay,1,,1,Target,,1,Move1,,0,0,0,0,0.000000,0.000000,0,0.050000,20.000000,9.364000,0.000000,16.000000,-2.000000,4.000000,2.000000,4.000000,2.000000,40.000000,250.000000,0,0.000000,1766.000000,,-1766.000000,0.000000,0.000000,0.000000,0,75.000000,70.000000,,,,,,,,,,None,0.000000
20261009T025226250Z_6ca46cab1d00446aa2b0a79bb208a1d8,,,1,88,2026-10-09T02:52:31.1137516Z,4.862367,3.892884,904,0,0,OperatingSource,0,0,TaskSwitchDisplay,1,,0,Source,1,1,Move1,Move1.PickupCoarseMove,1,1,0,0,3.803134,0.000000,0,0.050000,0.700000,9.364000,0.000000,4.000000,-4.000000,-3.300000,4.000000,3.300000,4.000000,20.700001,250.000000,0,0.000000,1766.000000,,-1766.000000,0.000000,0.000000,0.000000,0,75.000000,70.000000,"{""stepId"":""Move1.PickupCoarseMove"",""displayName"":""吸着位置へ大まかに移動"",""majorPhase"":0,""completionConditions"":[{""conditionType"":1,""threshold"":0.5,""secondaryThreshold"":0.5},{""conditionType"":3,""threshold"":0.0,""secondaryThreshold"":0.0}],""requiredStableSeconds"":0.4000000059604645}",0.000000,0,0,0,904,0.050000,0,0,AtMost,10.000000
20261009T025226250Z_6ca46cab1d00446aa2b0a79bb208a1d8,,,1,88,2026-10-09T02:52:31.1137516Z,4.862367,3.892884,904,0,0,OperatingSource,0,0,TaskSwitchDisplay,1,,1,Target,,1,Move1,,0,0,0,0,0.000000,0.000000,0,0.050000,20.000000,9.364000,0.000000,16.000000,-2.000000,4.000000,2.000000,4.000000,2.000000,40.000000,250.000000,0,0.000000,1766.000000,,-1766.000000,0.000000,0.000000,0.000000,0,75.000000,70.000000,,,,,,,,,,None,0.000000
20261009T025226250Z_6ca46cab1d00446aa2b0a79bb208a1d8,,,1,89,2026-10-09T02:52:31.1675109Z,4.916347,3.946744,911,0,0,OperatingSource,0,0,TaskSwitchDisplay,1,,0,Source,1,1,Move1,Move1.PickupCoarseMove,1,1,0,0,3.856994,0.000000,0,0.050000,0.742000,9.364000,0.000000,4.000000,-4.000000,-3.258000,4.000000,3.258000,4.000000,20.742001,250.000000,0,0.000000,1766.000000,,-1766.000000,0.000000,0.000000,0.000000,0,75.000000,70.000000,"{""stepId"":""Move1.PickupCoarseMove"",""displayName"":""吸着位置へ大まかに移動"",""majorPhase"":0,""completionConditions"":[{""conditionType"":1,""threshold"":0.5,""secondaryThreshold"":0.5},{""conditionType"":3,""threshold"":0.0,""secondaryThreshold"":0.0}],""requiredStableSeconds"":0.4000000059604645}",0.000000,0,0,0,911,0.050000,0,0,AtMost,10.000000
20261009T025226250Z_6ca46cab1d00446aa2b0a79bb208a1d8,,,1,89,2026-10-09T02:52:31.1675109Z,4.916347,3.946744,911,0,0,OperatingSource,0,0,TaskSwitchDisplay,1,,1,Target,,1,Move1,,0,0,0,0,0.000000,0.000000,0,0.050000,20.000000,9.364000,0.000000,16.000000,-2.000000,4.000000,2.000000,4.000000,2.000000,40.000000,250.000000,0,0.000000,1766.000000,,-1766.000000,0.000000,0.000000,0.000000,0,75.000000,70.000000,,,,,,,,,,None,0.000000
20261009T025226250Z_6ca46cab1d00446aa2b0a79bb208a1d8,,,1,90,2026-10-09T02:52:31.2211765Z,4.969665,4.000418,916,0,0,OperatingSource,0,0,TaskSwitchDisplay,1,,0,Source,1,1,Move1,Move1.PickupCoarseMove,1,1,0,0,3.910668,0.000000,0,0.050000,0.770000,9.364000,0.000000,4.000000,-4.000000,-3.230000,4.000000,3.230000,4.000000,20.770000,250.000000,0,0.000000,1766.000000,,-1766.000000,0.000000,0.000000,0.000000,0,75.000000,70.000000,"{""stepId"":""Move1.PickupCoarseMove"",""displayName"":""吸着位置へ大まかに移動"",""majorPhase"":0,""completionConditions"":[{""conditionType"":1,""threshold"":0.5,""secondaryThreshold"":0.5},{""conditionType"":3,""threshold"":0.0,""secondaryThreshold"":0.0}],""requiredStableSeconds"":0.4000000059604645}",0.000000,0,0,0,916,0.050000,0,0,AtMost,10.000000
20261009T025226250Z_6ca46cab1d00446aa2b0a79bb208a1d8,,,1,90,2026-10-09T02:52:31.2211765Z,4.969665,4.000418,916,0,0,OperatingSource,0,0,TaskSwitchDisplay,1,,1,Target,,1,Move1,,0,0,0,0,0.000000,0.000000,0,0.050000,20.000000,9.364000,0.000000,16.000000,-2.000000,4.000000,2.000000,4.000000,2.000000,40.000000,250.000000,0,0.000000,1766.000000,,-1766.000000,0.000000,0.000000,0.000000,0,75.000000,70.000000,,,,,,,,,,None,0.000000
20261009T025226250Z_6ca46cab1d00446aa2b0a79bb208a1d8,,,1,91,2026-10-09T02:52:31.2737256Z,5.022799,4.053811,923,0,0,OperatingSource,0,0,TaskSwitchDisplay,1,,0,Source,1,1,Move1,Move1.PickupCoarseMove,1,1,0,0,3.964061,0.000000,0,0.050000,0.812000,9.364000,0.000000,4.000000,-4.000000,-3.188000,4.000000,3.188000,4.000000,20.812000,250.000000,0,0.000000,1766.000000,,-1766.000000,0.000000,0.000000,0.000000,0,75.000000,70.000000,"{""stepId"":""Move1.PickupCoarseMove"",""displayName"":""吸着位置へ大まかに移動"",""majorPhase"":0,""completionConditions"":[{""conditionType"":1,""threshold"":0.5,""secondaryThreshold"":0.5},{""conditionType"":3,""threshold"":0.0,""secondaryThreshold"":0.0}],""requiredStableSeconds"":0.4000000059604645}",0.000000,0,0,0,923,0.050000,0,0,AtMost,10.000000
20261009T025226250Z_6ca46cab1d00446aa2b0a79bb208a1d8,,,1,91,2026-10-09T02:52:31.2737256Z,5.022799,4.053811,923,0,0,OperatingSource,0,0,TaskSwitchDisplay,1,,1,Target,,1,Move1,,0,0,0,0,0.000000,0.000000,0,0.050000,20.000000,9.364000,0.000000,16.000000,-2.000000,4.000000,2.000000,4.000000,2.000000,40.000000,250.000000,0,0.000000,1766.000000,,-1766.000000,0.000000,0.000000,0.000000,0,75.000000,70.000000,,,,,,,,,,None,0.000000
20261009T025226250Z_6ca46cab1d00446aa2b0a79bb208a1d8,,,1,92,2026-10-09T02:52:31.3250472Z,5.073585,4.104497,930,0,0,OperatingSource,0,0,TaskSwitchDisplay,1,,0,Source,1,1,Move1,Move1.PickupCoarseMove,1,1,0,0,4.014747,0.000000,0,0.050000,0.840000,9.364000,0.000000,4.000000,-4.000000,-3.160000,4.000000,3.160000,4.000000,20.840000,250.000000,0,0.000000,1766.000000,,-1766.000000,0.000000,0.000000,0.000000,0,75.000000,70.000000,"{""stepId"":""Move1.PickupCoarseMove"",""displayName"":""吸着位置へ大まかに移動"",""majorPhase"":0,""completionConditions"":[{""conditionType"":1,""threshold"":0.5,""secondaryThreshold"":0.5},{""conditionType"":3,""threshold"":0.0,""secondaryThreshold"":0.0}],""requiredStableSeconds"":0.4000000059604645}",0.000000,0,0,0,930,0.050000,0,0,AtMost,10.000000
20261009T025226250Z_6ca46cab1d00446aa2b0a79bb208a1d8,,,1,92,2026-10-09T02:52:31.3250472Z,5.073585,4.104497,930,0,0,OperatingSource,0,0,TaskSwitchDisplay,1,,1,Target,,1,Move1,,0,0,0,0,0.000000,0.000000,0,0.050000,20.000000,9.364000,0.000000,16.000000,-2.000000,4.000000,2.000000,4.000000,2.000000,40.000000,250.000000,0,0.000000,1766.000000,,-1766.000000,0.000000,0.000000,0.000000,0,75.000000,70.000000,,,,,,,,,,None,0.000000
20261009T025226250Z_6ca46cab1d00446aa2b0a79bb208a1d8,,,1,93,2026-10-09T02:52:31.3779919Z,5.127308,4.158216,937,0,0,OperatingSource,0,0,TaskSwitchDisplay,1,,0,Source,1,1,Move1,Move1.PickupCoarseMove,1,1,0,0,4.068466,0.000000,0,0.050000,0.882000,9.364000,0.000000,4.000000,-4.000000,-3.118000,4.000000,3.118000,4.000000,20.882000,250.000000,0,0.000000,1766.000000,,-1766.000000,0.000000,0.000000,0.000000,0,75.000000,70.000000,"{""stepId"":""Move1.PickupCoarseMove"",""displayName"":""吸着位置へ大まかに移動"",""majorPhase"":0,""completionConditions"":[{""conditionType"":1,""threshold"":0.5,""secondaryThreshold"":0.5},{""conditionType"":3,""threshold"":0.0,""secondaryThreshold"":0.0}],""requiredStableSeconds"":0.4000000059604645}",0.000000,0,0,0,937,0.050000,0,0,AtMost,10.000000
20261009T025226250Z_6ca46cab1d00446aa2b0a79bb208a1d8,,,1,93,2026-10-09T02:52:31.3779919Z,5.127308,4.158216,937,0,0,OperatingSource,0,0,TaskSwitchDisplay,1,,1,Target,,1,Move1,,0,0,0,0,0.000000,0.000000,0,0.050000,20.000000,9.364000,0.000000,16.000000,-2.000000,4.000000,2.000000,4.000000,2.000000,40.000000,250.000000,0,0.000000,1766.000000,,-1766.000000,0.000000,0.000000,0.000000,0,75.000000,70.000000,,,,,,,,,,None,0.000000
20261009T025226250Z_6ca46cab1d00446aa2b0a79bb208a1d8,,,1,94,2026-10-09T02:52:31.4318253Z,5.181090,4.211406,944,0,0,OperatingSource,0,0,TaskSwitchDisplay,1,,0,Source,1,1,Move1,Move1.PickupCoarseMove,1,1,0,0,4.121655,0.000000,0,0.050000,0.924000,9.352000,0.000000,4.000000,-4.000000,-3.076000,4.000000,3.076000,4.000000,20.924000,250.000000,0,0.000000,1766.000000,,-1766.000000,0.000000,0.000000,0.000000,0,75.000000,70.000000,"{""stepId"":""Move1.PickupCoarseMove"",""displayName"":""吸着位置へ大まかに移動"",""majorPhase"":0,""completionConditions"":[{""conditionType"":1,""threshold"":0.5,""secondaryThreshold"":0.5},{""conditionType"":3,""threshold"":0.0,""secondaryThreshold"":0.0}],""requiredStableSeconds"":0.4000000059604645}",0.000000,0,0,0,944,0.050000,0,0,AtMost,10.000000
20261009T025226250Z_6ca46cab1d00446aa2b0a79bb208a1d8,,,1,94,2026-10-09T02:52:31.4318253Z,5.181090,4.211406,944,0,0,OperatingSource,0,0,TaskSwitchDisplay,1,,1,Target,,1,Move1,,0,0,0,0,0.000000,0.000000,0,0.050000,20.000000,9.364000,0.000000,16.000000,-2.000000,4.000000,2.000000,4.000000,2.000000,40.000000,250.000000,0,0.000000,1766.000000,,-1766.000000,0.000000,0.000000,0.000000,0,75.000000,70.000000,,,,,,,,,,None,0.000000
20261009T025226250Z_6ca46cab1d00446aa2b0a79bb208a1d8,,,1,95,2026-10-09T02:52:31.4874976Z,5.236999,4.267308,952,0,0,OperatingSource,0,0,TaskSwitchDisplay,1,,0,Source,1,1,Move1,Move1.PickupCoarseMove,1,1,0,0,4.177558,0.000000,0,0.050000,0.966000,9.340000,0.000000,4.000000,-4.000000,-3.034000,4.000000,3.034000,4.000000,20.966000,250.000000,0,0.000000,1766.000000,,-1766.000000,0.000000,0.000000,0.000000,0,75.000000,70.000000,"{""stepId"":""Move1.PickupCoarseMove"",""displayName"":""吸着位置へ大まかに移動"",""majorPhase"":0,""completionConditions"":[{""conditionType"":1,""threshold"":0.5,""secondaryThreshold"":0.5},{""conditionType"":3,""threshold"":0.0,""secondaryThreshold"":0.0}],""requiredStableSeconds"":0.4000000059604645}",0.000000,0,0,0,952,0.050000,0,0,AtMost,10.000000
20261009T025226250Z_6ca46cab1d00446aa2b0a79bb208a1d8,,,1,95,2026-10-09T02:52:31.4874976Z,5.236999,4.267308,952,0,0,OperatingSource,0,0,TaskSwitchDisplay,1,,1,Target,,1,Move1,,0,0,0,0,0.000000,0.000000,0,0.050000,20.000000,9.364000,0.000000,16.000000,-2.000000,4.000000,2.000000,4.000000,2.000000,40.000000,250.000000,0,0.000000,1766.000000,,-1766.000000,0.000000,0.000000,0.000000,0,75.000000,70.000000,,,,,,,,,,None,0.000000
20261009T025226250Z_6ca46cab1d00446aa2b0a79bb208a1d8,,,1,96,2026-10-09T02:52:31.5391093Z,5.287648,4.318715,958,0,0,OperatingSource,0,0,TaskSwitchDisplay,1,,0,Source,1,1,Move1,Move1.PickupCoarseMove,1,1,0,0,4.228965,0.000000,0,0.050000,0.966000,9.332000,0.000000,4.000000,-4.000000,-3.034000,4.000000,3.034000,4.000000,20.966000,250.000000,0,0.000000,1766.000000,,-1766.000000,0.000000,0.000000,0.000000,0,75.000000,70.000000,"{""stepId"":""Move1.PickupCoarseMove"",""displayName"":""吸着位置へ大まかに移動"",""majorPhase"":0,""completionConditions"":[{""conditionType"":1,""threshold"":0.5,""secondaryThreshold"":0.5},{""conditionType"":3,""threshold"":0.0,""secondaryThreshold"":0.0}],""requiredStableSeconds"":0.4000000059604645}",0.000000,0,0,0,958,0.050000,0,0,AtMost,10.000000
20261009T025226250Z_6ca46cab1d00446aa2b0a79bb208a1d8,,,1,96,2026-10-09T02:52:31.5391093Z,5.287648,4.318715,958,0,0,OperatingSource,0,0,TaskSwitchDisplay,1,,1,Target,,1,Move1,,0,0,0,0,0.000000,0.000000,0,0.050000,20.000000,9.364000,0.000000,16.000000,-2.000000,4.000000,2.000000,4.000000,2.000000,40.000000,250.000000,0,0.000000,1766.000000,,-1766.000000,0.000000,0.000000,0.000000,0,75.000000,70.000000,,,,,,,,,,None,0.000000
20261009T025226250Z_6ca46cab1d00446aa2b0a79bb208a1d8,,,1,97,2026-10-09T02:52:31.5943271Z,5.343348,4.373683,965,0,0,OperatingSource,0,0,TaskSwitchDisplay,1,,0,Source,1,1,Move1,Move1.PickupCoarseMove,1,1,0,0,4.283934,0.000000,0,0.050000,0.966000,9.320001,0.000000,4.000000,-4.000000,-3.034000,4.000000,3.034000,4.000000,20.966000,250.000000,0,0.000000,1766.000000,,-1766.000000,0.000000,0.000000,0.000000,0,75.000000,70.000000,"{""stepId"":""Move1.PickupCoarseMove"",""displayName"":""吸着位置へ大まかに移動"",""majorPhase"":0,""completionConditions"":[{""conditionType"":1,""threshold"":0.5,""secondaryThreshold"":0.5},{""conditionType"":3,""threshold"":0.0,""secondaryThreshold"":0.0}],""requiredStableSeconds"":0.4000000059604645}",0.000000,0,0,0,965,0.050000,0,0,AtMost,10.000000
20261009T025226250Z_6ca46cab1d00446aa2b0a79bb208a1d8,,,1,97,2026-10-09T02:52:31.5943271Z,5.343348,4.373683,965,0,0,OperatingSource,0,0,TaskSwitchDisplay,1,,1,Target,,1,Move1,,0,0,0,0,0.000000,0.000000,0,0.050000,20.000000,9.364000,0.000000,16.000000,-2.000000,4.000000,2.000000,4.000000,2.000000,40.000000,250.000000,0,0.000000,1766.000000,,-1766.000000,0.000000,0.000000,0.000000,0,75.000000,70.000000,,,,,,,,,,None,0.000000
20261009T025226250Z_6ca46cab1d00446aa2b0a79bb208a1d8,,,1,98,2026-10-09T02:52:31.6490476Z,5.398093,4.428410,972,0,0,OperatingSource,0,0,TaskSwitchDisplay,1,,0,Source,1,1,Move1,Move1.PickupCoarseMove,1,1,0,0,4.338661,0.000000,0,0.050000,0.966000,9.308001,0.000000,4.000000,-4.000000,-3.034000,4.000000,3.034000,4.000000,20.966000,250.000000,0,0.000000,1766.000000,,-1766.000000,0.000000,0.000000,0.000000,0,75.000000,70.000000,"{""stepId"":""Move1.PickupCoarseMove"",""displayName"":""吸着位置へ大まかに移動"",""majorPhase"":0,""completionConditions"":[{""conditionType"":1,""threshold"":0.5,""secondaryThreshold"":0.5},{""conditionType"":3,""threshold"":0.0,""secondaryThreshold"":0.0}],""requiredStableSeconds"":0.4000000059604645}",0.000000,0,0,0,972,0.050000,0,0,AtMost,10.000000
20261009T025226250Z_6ca46cab1d00446aa2b0a79bb208a1d8,,,1,98,2026-10-09T02:52:31.6490476Z,5.398093,4.428410,972,0,0,OperatingSource,0,0,TaskSwitchDisplay,1,,1,Target,,1,Move1,,0,0,0,0,0.000000,0.000000,0,0.050000,20.000000,9.364000,0.000000,16.000000,-2.000000,4.000000,2.000000,4.000000,2.000000,40.000000,250.000000,0,0.000000,1766.000000,,-1766.000000,0.000000,0.000000,0.000000,0,75.000000,70.000000,,,,,,,,,,None,0.000000
20261009T025226250Z_6ca46cab1d00446aa2b0a79bb208a1d8,,,1,99,2026-10-09T02:52:31.7031251Z,5.452498,4.483607,979,0,0,OperatingSource,0,0,TaskSwitchDisplay,1,,0,Source,1,1,Move1,Move1.PickupCoarseMove,1,1,0,0,4.393857,0.000000,0,0.050000,0.966000,9.300000,0.000000,4.000000,-4.000000,-3.034000,4.000000,3.034000,4.000000,20.966000,250.000000,0,0.000000,1766.000000,,-1766.000000,0.000000,0.000000,0.000000,0,75.000000,70.000000,"{""stepId"":""Move1.PickupCoarseMove"",""displayName"":""吸着位置へ大まかに移動"",""majorPhase"":0,""completionConditions"":[{""conditionType"":1,""threshold"":0.5,""secondaryThreshold"":0.5},{""conditionType"":3,""threshold"":0.0,""secondaryThreshold"":0.0}],""requiredStableSeconds"":0.4000000059604645}",0.000000,0,0,0,979,0.050000,0,0,AtMost,10.000000
20261009T025226250Z_6ca46cab1d00446aa2b0a79bb208a1d8,,,1,99,2026-10-09T02:52:31.7031251Z,5.452498,4.483607,979,0,0,OperatingSource,0,0,TaskSwitchDisplay,1,,1,Target,,1,Move1,,0,0,0,0,0.000000,0.000000,0,0.050000,20.000000,9.364000,0.000000,16.000000,-2.000000,4.000000,2.000000,4.000000,2.000000,40.000000,250.000000,0,0.000000,1766.000000,,-1766.000000,0.000000,0.000000,0.000000,0,75.000000,70.000000,,,,,,,,,,None,0.000000
20261009T025226250Z_6ca46cab1d00446aa2b0a79bb208a1d8,,,1,100,2026-10-09T02:52:31.7563299Z,5.505360,4.536301,985,0,0,OperatingSource,0,0,TaskSwitchDisplay,1,,0,Source,1,1,Move1,Move1.PickupCoarseMove,1,1,0,0,4.446552,0.000000,0,0.050000,0.966000,9.288000,0.000000,4.000000,-4.000000,-3.034000,4.000000,3.034000,4.000000,20.966000,250.000000,0,0.000000,1766.000000,,-1766.000000,0.000000,0.000000,0.000000,0,75.000000,70.000000,"{""stepId"":""Move1.PickupCoarseMove"",""displayName"":""吸着位置へ大まかに移動"",""majorPhase"":0,""completionConditions"":[{""conditionType"":1,""threshold"":0.5,""secondaryThreshold"":0.5},{""conditionType"":3,""threshold"":0.0,""secondaryThreshold"":0.0}],""requiredStableSeconds"":0.4000000059604645}",0.000000,0,0,0,985,0.050000,0,0,AtMost,10.000000
20261009T025226250Z_6ca46cab1d00446aa2b0a79bb208a1d8,,,1,100,2026-10-09T02:52:31.7563299Z,5.505360,4.536301,985,0,0,OperatingSource,0,0,TaskSwitchDisplay,1,,1,Target,,1,Move1,,0,0,0,0,0.000000,0.000000,0,0.050000,20.000000,9.364000,0.000000,16.000000,-2.000000,4.000000,2.000000,4.000000,2.000000,40.000000,250.000000,0,0.000000,1766.000000,,-1766.000000,0.000000,0.000000,0.000000,0,75.000000,70.000000,,,,,,,,,,None,0.000000
20261009T025226250Z_6ca46cab1d00446aa2b0a79bb208a1d8,,,1,101,2026-10-09T02:52:31.8078053Z,5.556283,4.586640,992,0,0,OperatingSource,0,0,TaskSwitchDisplay,1,,0,Source,1,1,Move1,Move1.PickupCoarseMove,1,1,0,0,4.496891,0.000000,0,0.050000,0.966000,9.276000,0.000000,4.000000,-4.000000,-3.034000,4.000000,3.034000,4.000000,20.966000,250.000000,0,0.000000,1766.000000,,-1766.000000,0.000000,0.000000,0.000000,0,75.000000,70.000000,"{""stepId"":""Move1.PickupCoarseMove"",""displayName"":""吸着位置へ大まかに移動"",""majorPhase"":0,""completionConditions"":[{""conditionType"":1,""threshold"":0.5,""secondaryThreshold"":0.5},{""conditionType"":3,""threshold"":0.0,""secondaryThreshold"":0.0}],""requiredStableSeconds"":0.4000000059604645}",0.000000,0,0,0,992,0.050000,0,0,AtMost,10.000000
20261009T025226250Z_6ca46cab1d00446aa2b0a79bb208a1d8,,,1,101,2026-10-09T02:52:31.8078053Z,5.556283,4.586640,992,0,0,OperatingSource,0,0,TaskSwitchDisplay,1,,1,Target,,1,Move1,,0,0,0,0,0.000000,0.000000,0,0.050000,20.000000,9.364000,0.000000,16.000000,-2.000000,4.000000,2.000000,4.000000,2.000000,40.000000,250.000000,0,0.000000,1766.000000,,-1766.000000,0.000000,0.000000,0.000000,0,75.000000,70.000000,,,,,,,,,,None,0.000000
20261009T025226250Z_6ca46cab1d00446aa2b0a79bb208a1d8,,,1,102,2026-10-09T02:52:31.8580247Z,5.607301,4.638272,999,0,0,OperatingSource,0,0,TaskSwitchDisplay,1,,0,Source,1,1,Move1,Move1.PickupCoarseMove,1,1,0,0,4.548523,0.000000,0,0.050000,0.966000,9.268001,0.000000,4.000000,-4.000000,-3.034000,4.000000,3.034000,4.000000,20.966000,250.000000,0,0.000000,1766.000000,,-1766.000000,0.000000,0.000000,0.000000,0,75.000000,70.000000,"{""stepId"":""Move1.PickupCoarseMove"",""displayName"":""吸着位置へ大まかに移動"",""majorPhase"":0,""completionConditions"":[{""conditionType"":1,""threshold"":0.5,""secondaryThreshold"":0.5},{""conditionType"":3,""threshold"":0.0,""secondaryThreshold"":0.0}],""requiredStableSeconds"":0.4000000059604645}",0.000000,0,0,0,999,0.050000,0,0,AtMost,10.000000
20261009T025226250Z_6ca46cab1d00446aa2b0a79bb208a1d8,,,1,102,2026-10-09T02:52:31.8580247Z,5.607301,4.638272,999,0,0,OperatingSource,0,0,TaskSwitchDisplay,1,,1,Target,,1,Move1,,0,0,0,0,0.000000,0.000000,0,0.050000,20.000000,9.364000,0.000000,16.000000,-2.000000,4.000000,2.000000,4.000000,2.000000,40.000000,250.000000,0,0.000000,1766.000000,,-1766.000000,0.000000,0.000000,0.000000,0,75.000000,70.000000,,,,,,,,,,None,0.000000
20261009T025226250Z_6ca46cab1d00446aa2b0a79bb208a1d8,,,1,103,2026-10-09T02:52:31.9188198Z,5.668436,4.694941,1006,0,0,OperatingSource,0,0,TaskSwitchDisplay,1,,0,Source,1,1,Move1,Move1.PickupCoarseMove,1,1,0,0,4.605192,0.000000,0,0.050000,0.966000,9.256001,0.000000,4.000000,-4.000000,-3.034000,4.000000,3.034000,4.000000,20.966000,250.000000,0,0.000000,1766.000000,,-1766.000000,0.000000,0.000000,0.000000,0,75.000000,70.000000,"{""stepId"":""Move1.PickupCoarseMove"",""displayName"":""吸着位置へ大まかに移動"",""majorPhase"":0,""completionConditions"":[{""conditionType"":1,""threshold"":0.5,""secondaryThreshold"":0.5},{""conditionType"":3,""threshold"":0.0,""secondaryThreshold"":0.0}],""requiredStableSeconds"":0.4000000059604645}",0.000000,0,0,0,1006,0.050000,0,0,AtMost,10.000000
20261009T025226250Z_6ca46cab1d00446aa2b0a79bb208a1d8,,,1,103,2026-10-09T02:52:31.9188198Z,5.668436,4.694941,1006,0,0,OperatingSource,0,0,TaskSwitchDisplay,1,,1,Target,,1,Move1,,0,0,0,0,0.000000,0.000000,0,0.050000,20.000000,9.364000,0.000000,16.000000,-2.000000,4.000000,2.000000,4.000000,2.000000,40.000000,250.000000,0,0.000000,1766.000000,,-1766.000000,0.000000,0.000000,0.000000,0,75.000000,70.000000,,,,,,,,,,None,0.000000
20261009T025226250Z_6ca46cab1d00446aa2b0a79bb208a1d8,,,1,104,2026-10-09T02:52:31.9763331Z,5.725190,4.756257,1013,0,0,OperatingSource,0,0,TaskSwitchDisplay,1,,0,Source,1,1,Move1,Move1.PickupCoarseMove,1,1,0,0,4.666508,0.000000,0,0.050000,0.966000,9.244000,0.000000,4.000000,-4.000000,-3.034000,4.000000,3.034000,4.000000,20.966000,250.000000,0,0.000000,1766.000000,,-1766.000000,0.000000,0.000000,0.000000,0,75.000000,70.000000,"{""stepId"":""Move1.PickupCoarseMove"",""displayName"":""吸着位置へ大まかに移動"",""majorPhase"":0,""completionConditions"":[{""conditionType"":1,""threshold"":0.5,""secondaryThreshold"":0.5},{""conditionType"":3,""threshold"":0.0,""secondaryThreshold"":0.0}],""requiredStableSeconds"":0.4000000059604645}",0.000000,0,0,0,1013,0.050000,0,0,AtMost,10.000000
20261009T025226250Z_6ca46cab1d00446aa2b0a79bb208a1d8,,,1,104,2026-10-09T02:52:31.9763331Z,5.725190,4.756257,1013,0,0,OperatingSource,0,0,TaskSwitchDisplay,1,,1,Target,,1,Move1,,0,0,0,0,0.000000,0.000000,0,0.050000,20.000000,9.364000,0.000000,16.000000,-2.000000,4.000000,2.000000,4.000000,2.000000,40.000000,250.000000,0,0.000000,1766.000000,,-1766.000000,0.000000,0.000000,0.000000,0,75.000000,70.000000,,,,,,,,,,None,0.000000
20261009T025226250Z_6ca46cab1d00446aa2b0a79bb208a1d8,,,1,105,2026-10-09T02:52:32.0268140Z,5.775950,4.806403,1020,0,0,OperatingSource,0,0,TaskSwitchDisplay,1,,0,Source,1,1,Move1,Move1.PickupCoarseMove,1,1,0,0,4.716655,0.000000,0,0.050000,0.966000,9.232000,0.000000,4.000000,-4.000000,-3.034000,4.000000,3.034000,4.000000,20.966000,250.000000,0,0.000000,1766.000000,,-1766.000000,0.000000,0.000000,0.000000,0,75.000000,70.000000,"{""stepId"":""Move1.PickupCoarseMove"",""displayName"":""吸着位置へ大まかに移動"",""majorPhase"":0,""completionConditions"":[{""conditionType"":1,""threshold"":0.5,""secondaryThreshold"":0.5},{""conditionType"":3,""threshold"":0.0,""secondaryThreshold"":0.0}],""requiredStableSeconds"":0.4000000059604645}",0.000000,0,0,0,1020,0.050000,0,0,AtMost,10.000000
20261009T025226250Z_6ca46cab1d00446aa2b0a79bb208a1d8,,,1,105,2026-10-09T02:52:32.0268140Z,5.775950,4.806403,1020,0,0,OperatingSource,0,0,TaskSwitchDisplay,1,,1,Target,,1,Move1,,0,0,0,0,0.000000,0.000000,0,0.050000,20.000000,9.364000,0.000000,16.000000,-2.000000,4.000000,2.000000,4.000000,2.000000,40.000000,250.000000,0,0.000000,1766.000000,,-1766.000000,0.000000,0.000000,0.000000,0,75.000000,70.000000,,,,,,,,,,None,0.000000
20261009T025226250Z_6ca46cab1d00446aa2b0a79bb208a1d8,,,1,106,2026-10-09T02:52:32.0833194Z,5.832063,4.862752,1027,0,0,OperatingSource,0,0,TaskSwitchDisplay,1,,0,Source,1,1,Move1,Move1.PickupCoarseMove,1,1,0,0,4.773003,0.000000,0,0.050000,0.966000,9.224000,0.000000,4.000000,-4.000000,-3.034000,4.000000,3.034000,4.000000,20.966000,250.000000,0,0.000000,1766.000000,,-1766.000000,0.000000,0.000000,0.000000,0,75.000000,70.000000,"{""stepId"":""Move1.PickupCoarseMove"",""displayName"":""吸着位置へ大まかに移動"",""majorPhase"":0,""completionConditions"":[{""conditionType"":1,""threshold"":0.5,""secondaryThreshold"":0.5},{""conditionType"":3,""threshold"":0.0,""secondaryThreshold"":0.0}],""requiredStableSeconds"":0.4000000059604645}",0.000000,0,0,0,1027,0.050000,0,0,AtMost,10.000000
20261009T025226250Z_6ca46cab1d00446aa2b0a79bb208a1d8,,,1,106,2026-10-09T02:52:32.0833194Z,5.832063,4.862752,1027,0,0,OperatingSource,0,0,TaskSwitchDisplay,1,,1,Target,,1,Move1,,0,0,0,0,0.000000,0.000000,0,0.050000,20.000000,9.364000,0.000000,16.000000,-2.000000,4.000000,2.000000,4.000000,2.000000,40.000000,250.000000,0,0.000000,1766.000000,,-1766.000000,0.000000,0.000000,0.000000,0,75.000000,70.000000,,,,,,,,,,None,0.000000
20261009T025226250Z_6ca46cab1d00446aa2b0a79bb208a1d8,,,1,107,2026-10-09T02:52:32.1344749Z,5.883367,4.913706,1033,0,0,OperatingSource,0,0,TaskSwitchDisplay,1,,0,Source,1,1,Move1,Move1.PickupCoarseMove,1,1,0,0,4.823957,0.000000,0,0.050000,0.966000,9.212000,0.000000,4.000000,-4.000000,-3.034000,4.000000,3.034000,4.000000,20.966000,250.000000,0,0.000000,1766.000000,,-1766.000000,0.000000,0.000000,0.000000,0,75.000000,70.000000,"{""stepId"":""Move1.PickupCoarseMove"",""displayName"":""吸着位置へ大まかに移動"",""majorPhase"":0,""completionConditions"":[{""conditionType"":1,""threshold"":0.5,""secondaryThreshold"":0.5},{""conditionType"":3,""threshold"":0.0,""secondaryThreshold"":0.0}],""requiredStableSeconds"":0.4000000059604645}",0.000000,0,0,0,1033,0.050000,0,0,AtMost,10.000000
20261009T025226250Z_6ca46cab1d00446aa2b0a79bb208a1d8,,,1,107,2026-10-09T02:52:32.1344749Z,5.883367,4.913706,1033,0,0,OperatingSource,0,0,TaskSwitchDisplay,1,,1,Target,,1,Move1,,0,0,0,0,0.000000,0.000000,0,0.050000,20.000000,9.364000,0.000000,16.000000,-2.000000,4.000000,2.000000,4.000000,2.000000,40.000000,250.000000,0,0.000000,1766.000000,,-1766.000000,0.000000,0.000000,0.000000,0,75.000000,70.000000,,,,,,,,,,None,0.000000
20261009T025226250Z_6ca46cab1d00446aa2b0a79bb208a1d8,,,1,108,2026-10-09T02:52:32.1862256Z,5.934851,4.966050,1040,0,0,OperatingSource,0,0,TaskSwitchDisplay,1,,0,Source,1,1,Move1,Move1.PickupCoarseMove,1,1,0,0,4.876301,0.000000,0,0.050000,0.966000,9.204000,0.000000,4.000000,-4.000000,-3.034000,4.000000,3.034000,4.000000,20.966000,250.000000,0,0.000000,1766.000000,,-1766.000000,0.000000,0.000000,0.000000,0,75.000000,70.000000,"{""stepId"":""Move1.PickupCoarseMove"",""displayName"":""吸着位置へ大まかに移動"",""majorPhase"":0,""completionConditions"":[{""conditionType"":1,""threshold"":0.5,""secondaryThreshold"":0.5},{""conditionType"":3,""threshold"":0.0,""secondaryThreshold"":0.0}],""requiredStableSeconds"":0.4000000059604645}",0.000000,0,0,0,1040,0.050000,0,0,AtMost,10.000000
20261009T025226250Z_6ca46cab1d00446aa2b0a79bb208a1d8,,,1,108,2026-10-09T02:52:32.1862256Z,5.934851,4.966050,1040,0,0,OperatingSource,0,0,TaskSwitchDisplay,1,,1,Target,,1,Move1,,0,0,0,0,0.000000,0.000000,0,0.050000,20.000000,9.364000,0.000000,16.000000,-2.000000,4.000000,2.000000,4.000000,2.000000,40.000000,250.000000,0,0.000000,1766.000000,,-1766.000000,0.000000,0.000000,0.000000,0,75.000000,70.000000,,,,,,,,,,None,0.000000
20261009T025226250Z_6ca46cab1d00446aa2b0a79bb208a1d8,,,1,109,2026-10-09T02:52:32.2365920Z,5.985895,5.016918,1047,0,0,OperatingSource,0,0,TaskSwitchDisplay,1,,0,Source,1,1,Move1,Move1.PickupCoarseMove,1,1,0,0,4.927169,0.000000,0,0.050000,0.966000,9.192000,0.000000,4.000000,-4.000000,-3.034000,4.000000,3.034000,4.000000,20.966000,250.000000,0,0.000000,1766.000000,,-1766.000000,0.000000,0.000000,0.000000,0,75.000000,70.000000,"{""stepId"":""Move1.PickupCoarseMove"",""displayName"":""吸着位置へ大まかに移動"",""majorPhase"":0,""completionConditions"":[{""conditionType"":1,""threshold"":0.5,""secondaryThreshold"":0.5},{""conditionType"":3,""threshold"":0.0,""secondaryThreshold"":0.0}],""requiredStableSeconds"":0.4000000059604645}",0.000000,0,0,0,1047,0.050000,0,0,AtMost,10.000000
20261009T025226250Z_6ca46cab1d00446aa2b0a79bb208a1d8,,,1,109,2026-10-09T02:52:32.2365920Z,5.985895,5.016918,1047,0,0,OperatingSource,0,0,TaskSwitchDisplay,1,,1,Target,,1,Move1,,0,0,0,0,0.000000,0.000000,0,0.050000,20.000000,9.364000,0.000000,16.000000,-2.000000,4.000000,2.000000,4.000000,2.000000,40.000000,250.000000,0,0.000000,1766.000000,,-1766.000000,0.000000,0.000000,0.000000,0,75.000000,70.000000,,,,,,,,,,None,0.000000
20261009T025226250Z_6ca46cab1d00446aa2b0a79bb208a1d8,,,1,110,2026-10-09T02:52:32.2903284Z,6.038827,5.069279,1054,0,0,OperatingSource,0,0,TaskSwitchDisplay,1,,0,Source,1,1,Move1,Move1.PickupCoarseMove,1,1,0,0,4.979529,0.000000,0,0.050000,0.966000,9.180000,0.000000,4.000000,-4.000000,-3.034000,4.000000,3.034000,4.000000,20.966000,250.000000,0,0.000000,1766.000000,,-1766.000000,0.000000,0.000000,0.000000,0,75.000000,70.000000,"{""stepId"":""Move1.PickupCoarseMove"",""displayName"":""吸着位置へ大まかに移動"",""majorPhase"":0,""completionConditions"":[{""conditionType"":1,""threshold"":0.5,""secondaryThreshold"":0.5},{""conditionType"":3,""threshold"":0.0,""secondaryThreshold"":0.0}],""requiredStableSeconds"":0.4000000059604645}",0.000000,0,0,0,1054,0.050000,0,0,AtMost,10.000000
20261009T025226250Z_6ca46cab1d00446aa2b0a79bb208a1d8,,,1,110,2026-10-09T02:52:32.2903284Z,6.038827,5.069279,1054,0,0,OperatingSource,0,0,TaskSwitchDisplay,1,,1,Target,,1,Move1,,0,0,0,0,0.000000,0.000000,0,0.050000,20.000000,9.364000,0.000000,16.000000,-2.000000,4.000000,2.000000,4.000000,2.000000,40.000000,250.000000,0,0.000000,1766.000000,,-1766.000000,0.000000,0.000000,0.000000,0,75.000000,70.000000,,,,,,,,,,None,0.000000
20261009T025226250Z_6ca46cab1d00446aa2b0a79bb208a1d8,,,1,111,2026-10-09T02:52:32.3461691Z,6.094703,5.124573,1061,0,0,OperatingSource,0,0,TaskSwitchDisplay,1,,0,Source,1,1,Move1,Move1.PickupCoarseMove,1,1,0,0,5.034824,0.000000,0,0.050000,0.966000,9.172001,0.000000,4.000000,-4.000000,-3.034000,4.000000,3.034000,4.000000,20.966000,250.000000,0,0.000000,1766.000000,,-1766.000000,0.000000,0.000000,0.000000,0,75.000000,70.000000,"{""stepId"":""Move1.PickupCoarseMove"",""displayName"":""吸着位置へ大まかに移動"",""majorPhase"":0,""completionConditions"":[{""conditionType"":1,""threshold"":0.5,""secondaryThreshold"":0.5},{""conditionType"":3,""threshold"":0.0,""secondaryThreshold"":0.0}],""requiredStableSeconds"":0.4000000059604645}",0.000000,0,0,0,1061,0.050000,0,0,AtMost,10.000000
20261009T025226250Z_6ca46cab1d00446aa2b0a79bb208a1d8,,,1,111,2026-10-09T02:52:32.3461691Z,6.094703,5.124573,1061,0,0,OperatingSource,0,0,TaskSwitchDisplay,1,,1,Target,,1,Move1,,0,0,0,0,0.000000,0.000000,0,0.050000,20.000000,9.364000,0.000000,16.000000,-2.000000,4.000000,2.000000,4.000000,2.000000,40.000000,250.000000,0,0.000000,1766.000000,,-1766.000000,0.000000,0.000000,0.000000,0,75.000000,70.000000,,,,,,,,,,None,0.000000
20261009T025226250Z_6ca46cab1d00446aa2b0a79bb208a1d8,,,1,112,2026-10-09T02:52:32.3975850Z,6.146198,5.177224,1067,0,0,OperatingSource,0,0,TaskSwitchDisplay,1,,0,Source,1,1,Move1,Move1.PickupCoarseMove,1,1,0,0,5.087474,0.000000,0,0.050000,0.966000,9.160000,0.000000,4.000000,-4.000000,-3.034000,4.000000,3.034000,4.000000,20.966000,250.000000,0,0.000000,1766.000000,,-1766.000000,0.000000,0.000000,0.000000,0,75.000000,70.000000,"{""stepId"":""Move1.PickupCoarseMove"",""displayName"":""吸着位置へ大まかに移動"",""majorPhase"":0,""completionConditions"":[{""conditionType"":1,""threshold"":0.5,""secondaryThreshold"":0.5},{""conditionType"":3,""threshold"":0.0,""secondaryThreshold"":0.0}],""requiredStableSeconds"":0.4000000059604645}",0.000000,0,0,0,1067,0.050000,0,0,AtMost,10.000000
20261009T025226250Z_6ca46cab1d00446aa2b0a79bb208a1d8,,,1,112,2026-10-09T02:52:32.3975850Z,6.146198,5.177224,1067,0,0,OperatingSource,0,0,TaskSwitchDisplay,1,,1,Target,,1,Move1,,0,0,0,0,0.000000,0.000000,0,0.050000,20.000000,9.364000,0.000000,16.000000,-2.000000,4.000000,2.000000,4.000000,2.000000,40.000000,250.000000,0,0.000000,1766.000000,,-1766.000000,0.000000,0.000000,0.000000,0,75.000000,70.000000,,,,,,,,,,None,0.000000
20261009T025226250Z_6ca46cab1d00446aa2b0a79bb208a1d8,,,1,113,2026-10-09T02:52:32.4506267Z,6.199615,5.230027,1073,0,0,OperatingSource,0,0,TaskSwitchDisplay,1,,0,Source,1,1,Move1,Move1.PickupCoarseMove,1,1,0,0,5.140277,0.000000,0,0.050000,0.966000,9.148001,0.000000,4.000000,-4.000000,-3.034000,4.000000,3.034000,4.000000,20.966000,250.000000,0,0.000000,1766.000000,,-1766.000000,0.000000,0.000000,0.000000,0,75.000000,70.000000,"{""stepId"":""Move1.PickupCoarseMove"",""displayName"":""吸着位置へ大まかに移動"",""majorPhase"":0,""completionConditions"":[{""conditionType"":1,""threshold"":0.5,""secondaryThreshold"":0.5},{""conditionType"":3,""threshold"":0.0,""secondaryThreshold"":0.0}],""requiredStableSeconds"":0.4000000059604645}",0.000000,0,0,0,1073,0.050000,0,0,AtMost,10.000000
20261009T025226250Z_6ca46cab1d00446aa2b0a79bb208a1d8,,,1,113,2026-10-09T02:52:32.4506267Z,6.199615,5.230027,1073,0,0,OperatingSource,0,0,TaskSwitchDisplay,1,,1,Target,,1,Move1,,0,0,0,0,0.000000,0.000000,0,0.050000,20.000000,9.364000,0.000000,16.000000,-2.000000,4.000000,2.000000,4.000000,2.000000,40.000000,250.000000,0,0.000000,1766.000000,,-1766.000000,0.000000,0.000000,0.000000,0,75.000000,70.000000,,,,,,,,,,None,0.000000
20261009T025226250Z_6ca46cab1d00446aa2b0a79bb208a1d8,,,1,114,2026-10-09T02:52:32.5093852Z,6.258624,5.288809,1080,0,0,OperatingSource,0,0,TaskSwitchDisplay,1,,0,Source,1,1,Move1,Move1.PickupCoarseMove,1,1,0,0,5.199059,0.000000,0,0.050000,0.966000,9.136001,0.000000,4.000000,-4.000000,-3.034000,4.000000,3.034000,4.000000,20.966000,250.000000,0,0.000000,1766.000000,,-1766.000000,0.000000,0.000000,0.000000,0,75.000000,70.000000,"{""stepId"":""Move1.PickupCoarseMove"",""displayName"":""吸着位置へ大まかに移動"",""majorPhase"":0,""completionConditions"":[{""conditionType"":1,""threshold"":0.5,""secondaryThreshold"":0.5},{""conditionType"":3,""threshold"":0.0,""secondaryThreshold"":0.0}],""requiredStableSeconds"":0.4000000059604645}",0.000000,0,0,0,1080,0.050000,0,0,AtMost,10.000000
20261009T025226250Z_6ca46cab1d00446aa2b0a79bb208a1d8,,,1,114,2026-10-09T02:52:32.5093852Z,6.258624,5.288809,1080,0,0,OperatingSource,0,0,TaskSwitchDisplay,1,,1,Target,,1,Move1,,0,0,0,0,0.000000,0.000000,0,0.050000,20.000000,9.364000,0.000000,16.000000,-2.000000,4.000000,2.000000,4.000000,2.000000,40.000000,250.000000,0,0.000000,1766.000000,,-1766.000000,0.000000,0.000000,0.000000,0,75.000000,70.000000,,,,,,,,,,None,0.000000
20261009T025226250Z_6ca46cab1d00446aa2b0a79bb208a1d8,,,1,115,2026-10-09T02:52:32.5627311Z,6.311491,5.342408,1086,0,0,OperatingSource,0,0,TaskSwitchDisplay,1,,0,Source,1,1,Move1,Move1.PickupCoarseMove,1,1,0,0,5.252658,0.000000,0,0.050000,0.966000,9.128000,0.000000,4.000000,-4.000000,-3.034000,4.000000,3.034000,4.000000,20.966000,250.000000,0,0.000000,1766.000000,,-1766.000000,0.000000,0.000000,0.000000,0,75.000000,70.000000,"{""stepId"":""Move1.PickupCoarseMove"",""displayName"":""吸着位置へ大まかに移動"",""majorPhase"":0,""completionConditions"":[{""conditionType"":1,""threshold"":0.5,""secondaryThreshold"":0.5},{""conditionType"":3,""threshold"":0.0,""secondaryThreshold"":0.0}],""requiredStableSeconds"":0.4000000059604645}",0.000000,0,0,0,1086,0.050000,0,0,AtMost,10.000000
20261009T025226250Z_6ca46cab1d00446aa2b0a79bb208a1d8,,,1,115,2026-10-09T02:52:32.5627311Z,6.311491,5.342408,1086,0,0,OperatingSource,0,0,TaskSwitchDisplay,1,,1,Target,,1,Move1,,0,0,0,0,0.000000,0.000000,0,0.050000,20.000000,9.364000,0.000000,16.000000,-2.000000,4.000000,2.000000,4.000000,2.000000,40.000000,250.000000,0,0.000000,1766.000000,,-1766.000000,0.000000,0.000000,0.000000,0,75.000000,70.000000,,,,,,,,,,None,0.000000
20261009T025226250Z_6ca46cab1d00446aa2b0a79bb208a1d8,,,1,116,2026-10-09T02:52:32.6147077Z,6.363576,5.393569,1092,0,0,OperatingSource,0,0,TaskSwitchDisplay,1,,0,Source,1,1,Move1,Move1.PickupCoarseMove,1,1,0,0,5.303819,0.000000,0,0.050000,0.966000,9.116000,0.000000,4.000000,-4.000000,-3.034000,4.000000,3.034000,4.000000,20.966000,250.000000,0,0.000000,1766.000000,,-1766.000000,0.000000,0.000000,0.000000,0,75.000000,70.000000,"{""stepId"":""Move1.PickupCoarseMove"",""displayName"":""吸着位置へ大まかに移動"",""majorPhase"":0,""completionConditions"":[{""conditionType"":1,""threshold"":0.5,""secondaryThreshold"":0.5},{""conditionType"":3,""threshold"":0.0,""secondaryThreshold"":0.0}],""requiredStableSeconds"":0.4000000059604645}",0.000000,0,0,0,1092,0.050000,0,0,AtMost,10.000000
20261009T025226250Z_6ca46cab1d00446aa2b0a79bb208a1d8,,,1,116,2026-10-09T02:52:32.6147077Z,6.363576,5.393569,1092,0,0,OperatingSource,0,0,TaskSwitchDisplay,1,,1,Target,,1,Move1,,0,0,0,0,0.000000,0.000000,0,0.050000,20.000000,9.364000,0.000000,16.000000,-2.000000,4.000000,2.000000,4.000000,2.000000,40.000000,250.000000,0,0.000000,1766.000000,,-1766.000000,0.000000,0.000000,0.000000,0,75.000000,70.000000,,,,,,,,,,None,0.000000
20261009T025226250Z_6ca46cab1d00446aa2b0a79bb208a1d8,,,1,117,2026-10-09T02:52:32.6671501Z,6.416286,5.446754,1099,0,0,OperatingSource,0,0,TaskSwitchDisplay,1,,0,Source,1,1,Move1,Move1.PickupCoarseMove,1,1,0,0,5.357004,0.000000,0,0.050000,0.966000,9.104000,0.000000,4.000000,-4.000000,-3.034000,4.000000,3.034000,4.000000,20.966000,250.000000,0,0.000000,1766.000000,,-1766.000000,0.000000,0.000000,0.000000,0,75.000000,70.000000,"{""stepId"":""Move1.PickupCoarseMove"",""displayName"":""吸着位置へ大まかに移動"",""majorPhase"":0,""completionConditions"":[{""conditionType"":1,""threshold"":0.5,""secondaryThreshold"":0.5},{""conditionType"":3,""threshold"":0.0,""secondaryThreshold"":0.0}],""requiredStableSeconds"":0.4000000059604645}",0.000000,0,0,0,1099,0.050000,0,0,AtMost,10.000000
20261009T025226250Z_6ca46cab1d00446aa2b0a79bb208a1d8,,,1,117,2026-10-09T02:52:32.6671501Z,6.416286,5.446754,1099,0,0,OperatingSource,0,0,TaskSwitchDisplay,1,,1,Target,,1,Move1,,0,0,0,0,0.000000,0.000000,0,0.050000,20.000000,9.364000,0.000000,16.000000,-2.000000,4.000000,2.000000,4.000000,2.000000,40.000000,250.000000,0,0.000000,1766.000000,,-1766.000000,0.000000,0.000000,0.000000,0,75.000000,70.000000,,,,,,,,,,None,0.000000
20261009T025226250Z_6ca46cab1d00446aa2b0a79bb208a1d8,,,1,118,2026-10-09T02:52:32.7183448Z,6.467255,5.498329,1106,0,0,OperatingSource,0,0,TaskSwitchDisplay,1,,0,Source,1,1,Move1,Move1.PickupCoarseMove,1,1,0,0,5.408578,0.000000,0,0.050000,0.966000,9.096001,0.000000,4.000000,-4.000000,-3.034000,4.000000,3.034000,4.000000,20.966000,250.000000,0,0.000000,1766.000000,,-1766.000000,0.000000,0.000000,0.000000,0,75.000000,70.000000,"{""stepId"":""Move1.PickupCoarseMove"",""displayName"":""吸着位置へ大まかに移動"",""majorPhase"":0,""completionConditions"":[{""conditionType"":1,""threshold"":0.5,""secondaryThreshold"":0.5},{""conditionType"":3,""threshold"":0.0,""secondaryThreshold"":0.0}],""requiredStableSeconds"":0.4000000059604645}",0.000000,0,0,0,1106,0.050000,0,0,AtMost,10.000000
20261009T025226250Z_6ca46cab1d00446aa2b0a79bb208a1d8,,,1,118,2026-10-09T02:52:32.7183448Z,6.467255,5.498329,1106,0,0,OperatingSource,0,0,TaskSwitchDisplay,1,,1,Target,,1,Move1,,0,0,0,0,0.000000,0.000000,0,0.050000,20.000000,9.364000,0.000000,16.000000,-2.000000,4.000000,2.000000,4.000000,2.000000,40.000000,250.000000,0,0.000000,1766.000000,,-1766.000000,0.000000,0.000000,0.000000,0,75.000000,70.000000,,,,,,,,,,None,0.000000
20261009T025226250Z_6ca46cab1d00446aa2b0a79bb208a1d8,,,1,119,2026-10-09T02:52:32.7686868Z,6.517604,5.547301,1112,0,0,OperatingSource,0,0,TaskSwitchDisplay,1,,0,Source,1,1,Move1,Move1.PickupCoarseMove,1,1,0,0,5.457551,0.000000,0,0.050000,0.966000,9.084001,0.000000,4.000000,-4.000000,-3.034000,4.000000,3.034000,4.000000,20.966000,250.000000,0,0.000000,1766.000000,,-1766.000000,0.000000,0.000000,0.000000,0,75.000000,70.000000,"{""stepId"":""Move1.PickupCoarseMove"",""displayName"":""吸着位置へ大まかに移動"",""majorPhase"":0,""completionConditions"":[{""conditionType"":1,""threshold"":0.5,""secondaryThreshold"":0.5},{""conditionType"":3,""threshold"":0.0,""secondaryThreshold"":0.0}],""requiredStableSeconds"":0.4000000059604645}",0.000000,0,0,0,1112,0.050000,0,0,AtMost,10.000000
20261009T025226250Z_6ca46cab1d00446aa2b0a79bb208a1d8,,,1,119,2026-10-09T02:52:32.7686868Z,6.517604,5.547301,1112,0,0,OperatingSource,0,0,TaskSwitchDisplay,1,,1,Target,,1,Move1,,0,0,0,0,0.000000,0.000000,0,0.050000,20.000000,9.364000,0.000000,16.000000,-2.000000,4.000000,2.000000,4.000000,2.000000,40.000000,250.000000,0,0.000000,1766.000000,,-1766.000000,0.000000,0.000000,0.000000,0,75.000000,70.000000,,,,,,,,,,None,0.000000
20261009T025226250Z_6ca46cab1d00446aa2b0a79bb208a1d8,,,1,120,2026-10-09T02:52:32.8213311Z,6.570257,5.601428,1119,0,0,OperatingSource,0,0,TaskSwitchDisplay,1,,0,Source,1,1,Move1,Move1.PickupCoarseMove,1,1,0,0,5.511679,0.000000,0,0.050000,0.966000,9.076000,0.000000,4.000000,-4.000000,-3.034000,4.000000,3.034000,4.000000,20.966000,250.000000,0,0.000000,1766.000000,,-1766.000000,0.000000,0.000000,0.000000,0,75.000000,70.000000,"{""stepId"":""Move1.PickupCoarseMove"",""displayName"":""吸着位置へ大まかに移動"",""majorPhase"":0,""completionConditions"":[{""conditionType"":1,""threshold"":0.5,""secondaryThreshold"":0.5},{""conditionType"":3,""threshold"":0.0,""secondaryThreshold"":0.0}],""requiredStableSeconds"":0.4000000059604645}",0.000000,0,0,0,1119,0.050000,0,0,AtMost,10.000000
20261009T025226250Z_6ca46cab1d00446aa2b0a79bb208a1d8,,,1,120,2026-10-09T02:52:32.8213311Z,6.570257,5.601428,1119,0,0,OperatingSource,0,0,TaskSwitchDisplay,1,,1,Target,,1,Move1,,0,0,0,0,0.000000,0.000000,0,0.050000,20.000000,9.364000,0.000000,16.000000,-2.000000,4.000000,2.000000,4.000000,2.000000,40.000000,250.000000,0,0.000000,1766.000000,,-1766.000000,0.000000,0.000000,0.000000,0,75.000000,70.000000,,,,,,,,,,None,0.000000
20261009T025226250Z_6ca46cab1d00446aa2b0a79bb208a1d8,,,1,121,2026-10-09T02:52:32.8752930Z,6.624092,5.655115,1126,0,0,OperatingSource,0,0,TaskSwitchDisplay,1,,0,Source,1,1,Move1,Move1.PickupCoarseMove,1,1,0,0,5.565365,0.000000,0,0.050000,0.966000,9.064000,0.000000,4.000000,-4.000000,-3.034000,4.000000,3.034000,4.000000,20.966000,250.000000,0,0.000000,1766.000000,,-1766.000000,0.000000,0.000000,0.000000,0,75.000000,70.000000,"{""stepId"":""Move1.PickupCoarseMove"",""displayName"":""吸着位置へ大まかに移動"",""majorPhase"":0,""completionConditions"":[{""conditionType"":1,""threshold"":0.5,""secondaryThreshold"":0.5},{""conditionType"":3,""threshold"":0.0,""secondaryThreshold"":0.0}],""requiredStableSeconds"":0.4000000059604645}",0.000000,0,0,0,1126,0.050000,0,0,AtMost,10.000000
20261009T025226250Z_6ca46cab1d00446aa2b0a79bb208a1d8,,,1,121,2026-10-09T02:52:32.8752930Z,6.624092,5.655115,1126,0,0,OperatingSource,0,0,TaskSwitchDisplay,1,,1,Target,,1,Move1,,0,0,0,0,0.000000,0.000000,0,0.050000,20.000000,9.364000,0.000000,16.000000,-2.000000,4.000000,2.000000,4.000000,2.000000,40.000000,250.000000,0,0.000000,1766.000000,,-1766.000000,0.000000,0.000000,0.000000,0,75.000000,70.000000,,,,,,,,,,None,0.000000
20261009T025226250Z_6ca46cab1d00446aa2b0a79bb208a1d8,,,1,122,2026-10-09T02:52:32.9341226Z,6.683773,5.714533,1134,0,0,OperatingSource,0,0,TaskSwitchDisplay,1,,0,Source,1,1,Move1,Move1.PickupCoarseMove,1,1,0,0,5.624784,0.000000,0,0.050000,0.966000,9.064000,0.000000,4.000000,-4.000000,-3.034000,4.000000,3.034000,4.000000,20.966000,250.000000,0,0.000000,1766.000000,,-1766.000000,0.000000,0.000000,0.000000,0,75.000000,70.000000,"{""stepId"":""Move1.PickupCoarseMove"",""displayName"":""吸着位置へ大まかに移動"",""majorPhase"":0,""completionConditions"":[{""conditionType"":1,""threshold"":0.5,""secondaryThreshold"":0.5},{""conditionType"":3,""threshold"":0.0,""secondaryThreshold"":0.0}],""requiredStableSeconds"":0.4000000059604645}",0.000000,0,0,0,1134,0.050000,0,0,AtMost,10.000000
20261009T025226250Z_6ca46cab1d00446aa2b0a79bb208a1d8,,,1,122,2026-10-09T02:52:32.9341226Z,6.683773,5.714533,1134,0,0,OperatingSource,0,0,TaskSwitchDisplay,1,,1,Target,,1,Move1,,0,0,0,0,0.000000,0.000000,0,0.050000,20.000000,9.364000,0.000000,16.000000,-2.000000,4.000000,2.000000,4.000000,2.000000,40.000000,250.000000,0,0.000000,1766.000000,,-1766.000000,0.000000,0.000000,0.000000,0,75.000000,70.000000,,,,,,,,,,None,0.000000
20261009T025226250Z_6ca46cab1d00446aa2b0a79bb208a1d8,,,1,123,2026-10-09T02:52:32.9886758Z,6.738091,5.768640,1141,0,0,OperatingSource,0,0,TaskSwitchDisplay,1,,0,Source,1,1,Move1,Move1.PickupCoarseMove,1,1,0,0,5.678890,0.000000,0,0.050000,0.966000,9.064000,0.000000,4.000000,-4.000000,-3.034000,4.000000,3.034000,4.000000,20.966000,250.000000,0,0.000000,1766.000000,,-1766.000000,0.000000,0.000000,0.000000,0,75.000000,70.000000,"{""stepId"":""Move1.PickupCoarseMove"",""displayName"":""吸着位置へ大まかに移動"",""majorPhase"":0,""completionConditions"":[{""conditionType"":1,""threshold"":0.5,""secondaryThreshold"":0.5},{""conditionType"":3,""threshold"":0.0,""secondaryThreshold"":0.0}],""requiredStableSeconds"":0.4000000059604645}",0.000000,0,0,0,1141,0.050000,0,0,AtMost,10.000000
20261009T025226250Z_6ca46cab1d00446aa2b0a79bb208a1d8,,,1,123,2026-10-09T02:52:32.9886758Z,6.738091,5.768640,1141,0,0,OperatingSource,0,0,TaskSwitchDisplay,1,,1,Target,,1,Move1,,0,0,0,0,0.000000,0.000000,0,0.050000,20.000000,9.364000,0.000000,16.000000,-2.000000,4.000000,2.000000,4.000000,2.000000,40.000000,250.000000,0,0.000000,1766.000000,,-1766.000000,0.000000,0.000000,0.000000,0,75.000000,70.000000,,,,,,,,,,None,0.000000
20261009T025226250Z_6ca46cab1d00446aa2b0a79bb208a1d8,,,1,124,2026-10-09T02:52:33.0435955Z,6.792197,5.823240,1148,0,0,OperatingSource,0,0,TaskSwitchDisplay,1,,0,Source,1,1,Move1,Move1.PickupCoarseMove,1,1,0,0,5.733490,0.000000,0,0.050000,0.966000,9.064000,0.000000,4.000000,-4.000000,-3.034000,4.000000,3.034000,4.000000,20.966000,250.000000,0,0.000000,1766.000000,,-1766.000000,0.000000,0.000000,0.000000,0,75.000000,70.000000,"{""stepId"":""Move1.PickupCoarseMove"",""displayName"":""吸着位置へ大まかに移動"",""majorPhase"":0,""completionConditions"":[{""conditionType"":1,""threshold"":0.5,""secondaryThreshold"":0.5},{""conditionType"":3,""threshold"":0.0,""secondaryThreshold"":0.0}],""requiredStableSeconds"":0.4000000059604645}",0.000000,0,0,0,1148,0.050000,0,0,AtMost,10.000000
20261009T025226250Z_6ca46cab1d00446aa2b0a79bb208a1d8,,,1,124,2026-10-09T02:52:33.0435955Z,6.792197,5.823240,1148,0,0,OperatingSource,0,0,TaskSwitchDisplay,1,,1,Target,,1,Move1,,0,0,0,0,0.000000,0.000000,0,0.050000,20.000000,9.364000,0.000000,16.000000,-2.000000,4.000000,2.000000,4.000000,2.000000,40.000000,250.000000,0,0.000000,1766.000000,,-1766.000000,0.000000,0.000000,0.000000,0,75.000000,70.000000,,,,,,,,,,None,0.000000
20261009T025226250Z_6ca46cab1d00446aa2b0a79bb208a1d8,,,1,125,2026-10-09T02:52:33.0993451Z,6.848087,5.879132,1155,0,0,OperatingSource,0,0,TaskSwitchDisplay,1,,0,Source,1,1,Move1,Move1.PickupCoarseMove,1,1,0,0,5.789382,0.000000,0,0.050000,0.966000,9.064000,0.000000,4.000000,-4.000000,-3.034000,4.000000,3.034000,4.000000,20.966000,250.000000,0,0.000000,1766.000000,,-1766.000000,0.000000,0.000000,0.000000,0,75.000000,70.000000,"{""stepId"":""Move1.PickupCoarseMove"",""displayName"":""吸着位置へ大まかに移動"",""majorPhase"":0,""completionConditions"":[{""conditionType"":1,""threshold"":0.5,""secondaryThreshold"":0.5},{""conditionType"":3,""threshold"":0.0,""secondaryThreshold"":0.0}],""requiredStableSeconds"":0.4000000059604645}",0.000000,0,0,0,1155,0.050000,0,0,AtMost,10.000000
20261009T025226250Z_6ca46cab1d00446aa2b0a79bb208a1d8,,,1,125,2026-10-09T02:52:33.0993451Z,6.848087,5.879132,1155,0,0,OperatingSource,0,0,TaskSwitchDisplay,1,,1,Target,,1,Move1,,0,0,0,0,0.000000,0.000000,0,0.050000,20.000000,9.364000,0.000000,16.000000,-2.000000,4.000000,2.000000,4.000000,2.000000,40.000000,250.000000,0,0.000000,1766.000000,,-1766.000000,0.000000,0.000000,0.000000,0,75.000000,70.000000,,,,,,,,,,None,0.000000
20261009T025226250Z_6ca46cab1d00446aa2b0a79bb208a1d8,,,1,126,2026-10-09T02:52:33.1524355Z,6.901427,5.932131,1161,0,0,OperatingSource,0,0,TaskSwitchDisplay,1,,0,Source,1,1,Move1,Move1.PickupCoarseMove,1,1,0,0,5.842381,0.000000,0,0.050000,0.966000,9.064000,0.000000,4.000000,-4.000000,-3.034000,4.000000,3.034000,4.000000,20.966000,250.000000,0,0.000000,1766.000000,,-1766.000000,0.000000,0.000000,0.000000,0,75.000000,70.000000,"{""stepId"":""Move1.PickupCoarseMove"",""displayName"":""吸着位置へ大まかに移動"",""majorPhase"":0,""completionConditions"":[{""conditionType"":1,""threshold"":0.5,""secondaryThreshold"":0.5},{""conditionType"":3,""threshold"":0.0,""secondaryThreshold"":0.0}],""requiredStableSeconds"":0.4000000059604645}",0.000000,0,0,0,1161,0.050000,0,0,AtMost,10.000000
20261009T025226250Z_6ca46cab1d00446aa2b0a79bb208a1d8,,,1,126,2026-10-09T02:52:33.1524355Z,6.901427,5.932131,1161,0,0,OperatingSource,0,0,TaskSwitchDisplay,1,,1,Target,,1,Move1,,0,0,0,0,0.000000,0.000000,0,0.050000,20.000000,9.364000,0.000000,16.000000,-2.000000,4.000000,2.000000,4.000000,2.000000,40.000000,250.000000,0,0.000000,1766.000000,,-1766.000000,0.000000,0.000000,0.000000,0,75.000000,70.000000,,,,,,,,,,None,0.000000
20261009T025226250Z_6ca46cab1d00446aa2b0a79bb208a1d8,,,1,127,2026-10-09T02:52:33.2027599Z,6.952245,5.983393,1165,0,0,OperatingSource,0,0,TaskSwitchDisplay,1,,0,Source,1,1,Move1,Move1.PickupCoarseMove,1,1,0,0,5.893643,0.000000,0,0.050000,0.966000,9.064000,0.000000,4.000000,-4.000000,-3.034000,4.000000,3.034000,4.000000,20.966000,250.000000,0,0.000000,1766.000000,,-1766.000000,0.000000,0.000000,0.000000,0,75.000000,70.000000,"{""stepId"":""Move1.PickupCoarseMove"",""displayName"":""吸着位置へ大まかに移動"",""majorPhase"":0,""completionConditions"":[{""conditionType"":1,""threshold"":0.5,""secondaryThreshold"":0.5},{""conditionType"":3,""threshold"":0.0,""secondaryThreshold"":0.0}],""requiredStableSeconds"":0.4000000059604645}",0.000000,0,0,0,1165,0.050000,0,0,AtMost,10.000000
20261009T025226250Z_6ca46cab1d00446aa2b0a79bb208a1d8,,,1,127,2026-10-09T02:52:33.2027599Z,6.952245,5.983393,1165,0,0,OperatingSource,0,0,TaskSwitchDisplay,1,,1,Target,,1,Move1,,0,0,0,0,0.000000,0.000000,0,0.050000,20.000000,9.364000,0.000000,16.000000,-2.000000,4.000000,2.000000,4.000000,2.000000,40.000000,250.000000,0,0.000000,1766.000000,,-1766.000000,0.000000,0.000000,0.000000,0,75.000000,70.000000,,,,,,,,,,None,0.000000
20261009T025226250Z_6ca46cab1d00446aa2b0a79bb208a1d8,,,1,128,2026-10-09T02:52:33.2555352Z,7.004422,6.035595,1171,0,0,OperatingSource,0,0,TaskSwitchDisplay,1,,0,Source,1,1,Move1,Move1.PickupCoarseMove,1,1,0,0,5.945845,0.000000,0,0.050000,0.966000,9.064000,0.000000,4.000000,-4.000000,-3.034000,4.000000,3.034000,4.000000,20.966000,250.000000,0,0.000000,1766.000000,,-1766.000000,0.000000,0.000000,0.000000,0,75.000000,70.000000,"{""stepId"":""Move1.PickupCoarseMove"",""displayName"":""吸着位置へ大まかに移動"",""majorPhase"":0,""completionConditions"":[{""conditionType"":1,""threshold"":0.5,""secondaryThreshold"":0.5},{""conditionType"":3,""threshold"":0.0,""secondaryThreshold"":0.0}],""requiredStableSeconds"":0.4000000059604645}",0.000000,0,0,0,1171,0.050000,0,0,AtMost,10.000000
20261009T025226250Z_6ca46cab1d00446aa2b0a79bb208a1d8,,,1,128,2026-10-09T02:52:33.2555352Z,7.004422,6.035595,1171,0,0,OperatingSource,0,0,TaskSwitchDisplay,1,,1,Target,,1,Move1,,0,0,0,0,0.000000,0.000000,0,0.050000,20.000000,9.364000,0.000000,16.000000,-2.000000,4.000000,2.000000,4.000000,2.000000,40.000000,250.000000,0,0.000000,1766.000000,,-1766.000000,0.000000,0.000000,0.000000,0,75.000000,70.000000,,,,,,,,,,None,0.000000
20261009T025226250Z_6ca46cab1d00446aa2b0a79bb208a1d8,,,1,129,2026-10-09T02:52:33.3115749Z,7.060835,6.091451,1178,0,0,OperatingSource,0,0,TaskSwitchDisplay,1,,0,Source,1,1,Move1,Move1.PickupCoarseMove,1,1,0,0,6.001701,0.000000,0,0.050000,0.966000,9.064000,0.000000,4.000000,-4.000000,-3.034000,4.000000,3.034000,4.000000,20.966000,250.000000,0,0.000000,1766.000000,,-1766.000000,0.000000,0.000000,0.000000,0,75.000000,70.000000,"{""stepId"":""Move1.PickupCoarseMove"",""displayName"":""吸着位置へ大まかに移動"",""majorPhase"":0,""completionConditions"":[{""conditionType"":1,""threshold"":0.5,""secondaryThreshold"":0.5},{""conditionType"":3,""threshold"":0.0,""secondaryThreshold"":0.0}],""requiredStableSeconds"":0.4000000059604645}",0.000000,0,0,0,1178,0.050000,0,0,AtMost,10.000000
20261009T025226250Z_6ca46cab1d00446aa2b0a79bb208a1d8,,,1,129,2026-10-09T02:52:33.3115749Z,7.060835,6.091451,1178,0,0,OperatingSource,0,0,TaskSwitchDisplay,1,,1,Target,,1,Move1,,0,0,0,0,0.000000,0.000000,0,0.050000,20.000000,9.364000,0.000000,16.000000,-2.000000,4.000000,2.000000,4.000000,2.000000,40.000000,250.000000,0,0.000000,1766.000000,,-1766.000000,0.000000,0.000000,0.000000,0,75.000000,70.000000,,,,,,,,,,None,0.000000
20261009T025226250Z_6ca46cab1d00446aa2b0a79bb208a1d8,,,1,130,2026-10-09T02:52:33.3648366Z,7.113751,6.144783,1184,0,0,OperatingSource,0,0,TaskSwitchDisplay,1,,0,Source,1,1,Move1,Move1.PickupCoarseMove,1,1,0,0,6.055033,0.000000,0,0.050000,0.966000,9.064000,0.000000,4.000000,-4.000000,-3.034000,4.000000,3.034000,4.000000,20.966000,250.000000,0,0.000000,1766.000000,,-1766.000000,0.000000,0.000000,0.000000,0,75.000000,70.000000,"{""stepId"":""Move1.PickupCoarseMove"",""displayName"":""吸着位置へ大まかに移動"",""majorPhase"":0,""completionConditions"":[{""conditionType"":1,""threshold"":0.5,""secondaryThreshold"":0.5},{""conditionType"":3,""threshold"":0.0,""secondaryThreshold"":0.0}],""requiredStableSeconds"":0.4000000059604645}",0.000000,0,0,0,1184,0.050000,0,0,AtMost,10.000000
20261009T025226250Z_6ca46cab1d00446aa2b0a79bb208a1d8,,,1,130,2026-10-09T02:52:33.3648366Z,7.113751,6.144783,1184,0,0,OperatingSource,0,0,TaskSwitchDisplay,1,,1,Target,,1,Move1,,0,0,0,0,0.000000,0.000000,0,0.050000,20.000000,9.364000,0.000000,16.000000,-2.000000,4.000000,2.000000,4.000000,2.000000,40.000000,250.000000,0,0.000000,1766.000000,,-1766.000000,0.000000,0.000000,0.000000,0,75.000000,70.000000,,,,,,,,,,None,0.000000
20261009T025226250Z_6ca46cab1d00446aa2b0a79bb208a1d8,,,1,131,2026-10-09T02:52:33.4147392Z,7.163922,6.194576,1190,0,0,OperatingSource,0,0,TaskSwitchDisplay,1,,0,Source,1,1,Move1,Move1.PickupCoarseMove,1,1,0,0,6.104827,0.000000,0,0.050000,0.966000,9.064000,0.000000,4.000000,-4.000000,-3.034000,4.000000,3.034000,4.000000,20.966000,250.000000,0,0.000000,1766.000000,,-1766.000000,0.000000,0.000000,0.000000,0,75.000000,70.000000,"{""stepId"":""Move1.PickupCoarseMove"",""displayName"":""吸着位置へ大まかに移動"",""majorPhase"":0,""completionConditions"":[{""conditionType"":1,""threshold"":0.5,""secondaryThreshold"":0.5},{""conditionType"":3,""threshold"":0.0,""secondaryThreshold"":0.0}],""requiredStableSeconds"":0.4000000059604645}",0.000000,0,0,0,1190,0.050000,0,0,AtMost,10.000000
20261009T025226250Z_6ca46cab1d00446aa2b0a79bb208a1d8,,,1,131,2026-10-09T02:52:33.4147392Z,7.163922,6.194576,1190,0,0,OperatingSource,0,0,TaskSwitchDisplay,1,,1,Target,,1,Move1,,0,0,0,0,0.000000,0.000000,0,0.050000,20.000000,9.364000,0.000000,16.000000,-2.000000,4.000000,2.000000,4.000000,2.000000,40.000000,250.000000,0,0.000000,1766.000000,,-1766.000000,0.000000,0.000000,0.000000,0,75.000000,70.000000,,,,,,,,,,None,0.000000
20261009T025226250Z_6ca46cab1d00446aa2b0a79bb208a1d8,,,1,132,2026-10-09T02:52:33.4717173Z,7.220961,6.251704,1197,0,0,OperatingSource,0,0,TaskSwitchDisplay,1,,0,Source,1,1,Move1,Move1.PickupCoarseMove,1,1,0,0,6.161954,0.000000,0,0.050000,0.966000,9.064000,0.000000,4.000000,-4.000000,-3.034000,4.000000,3.034000,4.000000,20.966000,250.000000,0,0.000000,1766.000000,,-1766.000000,0.000000,0.000000,0.000000,0,75.000000,70.000000,"{""stepId"":""Move1.PickupCoarseMove"",""displayName"":""吸着位置へ大まかに移動"",""majorPhase"":0,""completionConditions"":[{""conditionType"":1,""threshold"":0.5,""secondaryThreshold"":0.5},{""conditionType"":3,""threshold"":0.0,""secondaryThreshold"":0.0}],""requiredStableSeconds"":0.4000000059604645}",0.000000,0,0,0,1197,0.050000,0,0,AtMost,10.000000
20261009T025226250Z_6ca46cab1d00446aa2b0a79bb208a1d8,,,1,132,2026-10-09T02:52:33.4717173Z,7.220961,6.251704,1197,0,0,OperatingSource,0,0,TaskSwitchDisplay,1,,1,Target,,1,Move1,,0,0,0,0,0.000000,0.000000,0,0.050000,20.000000,9.364000,0.000000,16.000000,-2.000000,4.000000,2.000000,4.000000,2.000000,40.000000,250.000000,0,0.000000,1766.000000,,-1766.000000,0.000000,0.000000,0.000000,0,75.000000,70.000000,,,,,,,,,,None,0.000000
20261009T025226250Z_6ca46cab1d00446aa2b0a79bb208a1d8,,,1,133,2026-10-09T02:52:33.5253197Z,7.274597,6.305735,1204,0,0,OperatingSource,0,0,TaskSwitchDisplay,1,,0,Source,1,1,Move1,Move1.PickupCoarseMove,1,1,0,0,6.215985,0.000000,0,0.050000,0.966000,9.064000,0.000000,4.000000,-4.000000,-3.034000,4.000000,3.034000,4.000000,20.966000,250.000000,0,0.000000,1766.000000,,-1766.000000,0.000000,0.000000,0.000000,0,75.000000,70.000000,"{""stepId"":""Move1.PickupCoarseMove"",""displayName"":""吸着位置へ大まかに移動"",""majorPhase"":0,""completionConditions"":[{""conditionType"":1,""threshold"":0.5,""secondaryThreshold"":0.5},{""conditionType"":3,""threshold"":0.0,""secondaryThreshold"":0.0}],""requiredStableSeconds"":0.4000000059604645}",0.000000,0,0,0,1204,0.050000,0,0,AtMost,10.000000
20261009T025226250Z_6ca46cab1d00446aa2b0a79bb208a1d8,,,1,133,2026-10-09T02:52:33.5253197Z,7.274597,6.305735,1204,0,0,OperatingSource,0,0,TaskSwitchDisplay,1,,1,Target,,1,Move1,,0,0,0,0,0.000000,0.000000,0,0.050000,20.000000,9.364000,0.000000,16.000000,-2.000000,4.000000,2.000000,4.000000,2.000000,40.000000,250.000000,0,0.000000,1766.000000,,-1766.000000,0.000000,0.000000,0.000000,0,75.000000,70.000000,,,,,,,,,,None,0.000000
20261009T025226250Z_6ca46cab1d00446aa2b0a79bb208a1d8,,,1,134,2026-10-09T02:52:33.5803738Z,7.329069,6.360192,1210,0,0,OperatingSource,0,0,TaskSwitchDisplay,1,,0,Source,1,1,Move1,Move1.PickupCoarseMove,1,1,0,0,6.270442,0.000000,0,0.050000,0.966000,9.064000,0.000000,4.000000,-4.000000,-3.034000,4.000000,3.034000,4.000000,20.966000,250.000000,0,0.000000,1766.000000,,-1766.000000,0.000000,0.000000,0.000000,0,75.000000,70.000000,"{""stepId"":""Move1.PickupCoarseMove"",""displayName"":""吸着位置へ大まかに移動"",""majorPhase"":0,""completionConditions"":[{""conditionType"":1,""threshold"":0.5,""secondaryThreshold"":0.5},{""conditionType"":3,""threshold"":0.0,""secondaryThreshold"":0.0}],""requiredStableSeconds"":0.4000000059604645}",0.000000,0,0,0,1210,0.050000,0,0,AtMost,10.000000
20261009T025226250Z_6ca46cab1d00446aa2b0a79bb208a1d8,,,1,134,2026-10-09T02:52:33.5803738Z,7.329069,6.360192,1210,0,0,OperatingSource,0,0,TaskSwitchDisplay,1,,1,Target,,1,Move1,,0,0,0,0,0.000000,0.000000,0,0.050000,20.000000,9.364000,0.000000,16.000000,-2.000000,4.000000,2.000000,4.000000,2.000000,40.000000,250.000000,0,0.000000,1766.000000,,-1766.000000,0.000000,0.000000,0.000000,0,75.000000,70.000000,,,,,,,,,,None,0.000000
20261009T025226250Z_6ca46cab1d00446aa2b0a79bb208a1d8,,,1,135,2026-10-09T02:52:33.6305235Z,7.379626,6.410462,1217,0,0,OperatingSource,0,0,TaskSwitchDisplay,1,,0,Source,1,1,Move1,Move1.PickupCoarseMove,1,1,0,0,6.320711,0.000000,0,0.050000,0.966000,9.064000,0.000000,4.000000,-4.000000,-3.034000,4.000000,3.034000,4.000000,20.966000,250.000000,0,0.000000,1766.000000,,-1766.000000,0.000000,0.000000,0.000000,0,75.000000,70.000000,"{""stepId"":""Move1.PickupCoarseMove"",""displayName"":""吸着位置へ大まかに移動"",""majorPhase"":0,""completionConditions"":[{""conditionType"":1,""threshold"":0.5,""secondaryThreshold"":0.5},{""conditionType"":3,""threshold"":0.0,""secondaryThreshold"":0.0}],""requiredStableSeconds"":0.4000000059604645}",0.000000,0,0,0,1217,0.050000,0,0,AtMost,10.000000
20261009T025226250Z_6ca46cab1d00446aa2b0a79bb208a1d8,,,1,135,2026-10-09T02:52:33.6305235Z,7.379626,6.410462,1217,0,0,OperatingSource,0,0,TaskSwitchDisplay,1,,1,Target,,1,Move1,,0,0,0,0,0.000000,0.000000,0,0.050000,20.000000,9.364000,0.000000,16.000000,-2.000000,4.000000,2.000000,4.000000,2.000000,40.000000,250.000000,0,0.000000,1766.000000,,-1766.000000,0.000000,0.000000,0.000000,0,75.000000,70.000000,,,,,,,,,,None,0.000000
20261009T025226250Z_6ca46cab1d00446aa2b0a79bb208a1d8,,,1,136,2026-10-09T02:52:33.6814071Z,7.430033,6.461026,1224,0,0,OperatingSource,0,0,TaskSwitchDisplay,1,,0,Source,1,1,Move1,Move1.PickupCoarseMove,1,1,0,0,6.371274,0.000000,0,0.050000,0.966000,9.064000,0.000000,4.000000,-4.000000,-3.034000,4.000000,3.034000,4.000000,20.966000,250.000000,0,0.000000,1766.000000,,-1766.000000,0.000000,0.000000,0.000000,0,75.000000,70.000000,"{""stepId"":""Move1.PickupCoarseMove"",""displayName"":""吸着位置へ大まかに移動"",""majorPhase"":0,""completionConditions"":[{""conditionType"":1,""threshold"":0.5,""secondaryThreshold"":0.5},{""conditionType"":3,""threshold"":0.0,""secondaryThreshold"":0.0}],""requiredStableSeconds"":0.4000000059604645}",0.000000,0,0,0,1224,0.050000,0,0,AtMost,10.000000
20261009T025226250Z_6ca46cab1d00446aa2b0a79bb208a1d8,,,1,136,2026-10-09T02:52:33.6814071Z,7.430033,6.461026,1224,0,0,OperatingSource,0,0,TaskSwitchDisplay,1,,1,Target,,1,Move1,,0,0,0,0,0.000000,0.000000,0,0.050000,20.000000,9.364000,0.000000,16.000000,-2.000000,4.000000,2.000000,4.000000,2.000000,40.000000,250.000000,0,0.000000,1766.000000,,-1766.000000,0.000000,0.000000,0.000000,0,75.000000,70.000000,,,,,,,,,,None,0.000000
20261009T025226250Z_6ca46cab1d00446aa2b0a79bb208a1d8,,,1,137,2026-10-09T02:52:33.7378614Z,7.487238,6.518428,1232,0,0,OperatingSource,0,0,TaskSwitchDisplay,1,,0,Source,1,1,Move1,Move1.PickupCoarseMove,1,1,0,0,6.428677,0.000000,0,0.050000,0.966000,9.064000,0.000000,4.000000,-4.000000,-3.034000,4.000000,3.034000,4.000000,20.966000,250.000000,0,0.000000,1766.000000,,-1766.000000,0.000000,0.000000,0.000000,0,75.000000,70.000000,"{""stepId"":""Move1.PickupCoarseMove"",""displayName"":""吸着位置へ大まかに移動"",""majorPhase"":0,""completionConditions"":[{""conditionType"":1,""threshold"":0.5,""secondaryThreshold"":0.5},{""conditionType"":3,""threshold"":0.0,""secondaryThreshold"":0.0}],""requiredStableSeconds"":0.4000000059604645}",0.000000,0,0,0,1232,0.050000,0,0,AtMost,10.000000
20261009T025226250Z_6ca46cab1d00446aa2b0a79bb208a1d8,,,1,137,2026-10-09T02:52:33.7378614Z,7.487238,6.518428,1232,0,0,OperatingSource,0,0,TaskSwitchDisplay,1,,1,Target,,1,Move1,,0,0,0,0,0.000000,0.000000,0,0.050000,20.000000,9.364000,0.000000,16.000000,-2.000000,4.000000,2.000000,4.000000,2.000000,40.000000,250.000000,0,0.000000,1766.000000,,-1766.000000,0.000000,0.000000,0.000000,0,75.000000,70.000000,,,,,,,,,,None,0.000000
20261009T025226250Z_6ca46cab1d00446aa2b0a79bb208a1d8,,,1,138,2026-10-09T02:52:33.7929665Z,7.541590,6.572350,1239,0,0,OperatingSource,0,0,TaskSwitchDisplay,1,,0,Source,1,1,Move1,Move1.PickupCoarseMove,1,1,0,0,6.482599,0.000000,0,0.050000,0.966000,9.064000,0.000000,4.000000,-4.000000,-3.034000,4.000000,3.034000,4.000000,20.966000,250.000000,0,0.000000,1766.000000,,-1766.000000,0.000000,0.000000,0.000000,0,75.000000,70.000000,"{""stepId"":""Move1.PickupCoarseMove"",""displayName"":""吸着位置へ大まかに移動"",""majorPhase"":0,""completionConditions"":[{""conditionType"":1,""threshold"":0.5,""secondaryThreshold"":0.5},{""conditionType"":3,""threshold"":0.0,""secondaryThreshold"":0.0}],""requiredStableSeconds"":0.4000000059604645}",0.000000,0,0,0,1239,0.050000,0,0,AtMost,10.000000
20261009T025226250Z_6ca46cab1d00446aa2b0a79bb208a1d8,,,1,138,2026-10-09T02:52:33.7929665Z,7.541590,6.572350,1239,0,0,OperatingSource,0,0,TaskSwitchDisplay,1,,1,Target,,1,Move1,,0,0,0,0,0.000000,0.000000,0,0.050000,20.000000,9.364000,0.000000,16.000000,-2.000000,4.000000,2.000000,4.000000,2.000000,40.000000,250.000000,0,0.000000,1766.000000,,-1766.000000,0.000000,0.000000,0.000000,0,75.000000,70.000000,,,,,,,,,,None,0.000000
20261009T025226250Z_6ca46cab1d00446aa2b0a79bb208a1d8,,,1,139,2026-10-09T02:52:33.8422906Z,7.591618,6.622671,1245,0,0,OperatingSource,0,0,TaskSwitchDisplay,1,,0,Source,1,1,Move1,Move1.PickupCoarseMove,1,1,0,0,6.532920,0.000000,0,0.050000,0.966000,9.064000,0.000000,4.000000,-4.000000,-3.034000,4.000000,3.034000,4.000000,20.966000,250.000000,0,0.000000,1766.000000,,-1766.000000,0.000000,0.000000,0.000000,0,75.000000,70.000000,"{""stepId"":""Move1.PickupCoarseMove"",""displayName"":""吸着位置へ大まかに移動"",""majorPhase"":0,""completionConditions"":[{""conditionType"":1,""threshold"":0.5,""secondaryThreshold"":0.5},{""conditionType"":3,""threshold"":0.0,""secondaryThreshold"":0.0}],""requiredStableSeconds"":0.4000000059604645}",0.000000,0,0,0,1245,0.050000,0,0,AtMost,10.000000
20261009T025226250Z_6ca46cab1d00446aa2b0a79bb208a1d8,,,1,139,2026-10-09T02:52:33.8422906Z,7.591618,6.622671,1245,0,0,OperatingSource,0,0,TaskSwitchDisplay,1,,1,Target,,1,Move1,,0,0,0,0,0.000000,0.000000,0,0.050000,20.000000,9.364000,0.000000,16.000000,-2.000000,4.000000,2.000000,4.000000,2.000000,40.000000,250.000000,0,0.000000,1766.000000,,-1766.000000,0.000000,0.000000,0.000000,0,75.000000,70.000000,,,,,,,,,,None,0.000000
20261009T025226250Z_6ca46cab1d00446aa2b0a79bb208a1d8,,,1,140,2026-10-09T02:52:33.8946684Z,7.643392,6.674542,1252,0,0,OperatingSource,0,0,TaskSwitchDisplay,1,,0,Source,1,1,Move1,Move1.PickupCoarseMove,1,1,0,0,6.584791,0.000000,0,0.050000,0.966000,9.064000,0.000000,4.000000,-4.000000,-3.034000,4.000000,3.034000,4.000000,20.966000,250.000000,0,0.000000,1766.000000,,-1766.000000,0.000000,0.000000,0.000000,0,75.000000,70.000000,"{""stepId"":""Move1.PickupCoarseMove"",""displayName"":""吸着位置へ大まかに移動"",""majorPhase"":0,""completionConditions"":[{""conditionType"":1,""threshold"":0.5,""secondaryThreshold"":0.5},{""conditionType"":3,""threshold"":0.0,""secondaryThreshold"":0.0}],""requiredStableSeconds"":0.4000000059604645}",0.000000,0,0,0,1252,0.050000,0,0,AtMost,10.000000
20261009T025226250Z_6ca46cab1d00446aa2b0a79bb208a1d8,,,1,140,2026-10-09T02:52:33.8946684Z,7.643392,6.674542,1252,0,0,OperatingSource,0,0,TaskSwitchDisplay,1,,1,Target,,1,Move1,,0,0,0,0,0.000000,0.000000,0,0.050000,20.000000,9.364000,0.000000,16.000000,-2.000000,4.000000,2.000000,4.000000,2.000000,40.000000,250.000000,0,0.000000,1766.000000,,-1766.000000,0.000000,0.000000,0.000000,0,75.000000,70.000000,,,,,,,,,,None,0.000000
20261009T025226250Z_6ca46cab1d00446aa2b0a79bb208a1d8,,,1,141,2026-10-09T02:52:33.9529889Z,7.701796,6.732324,1260,0,0,OperatingSource,0,0,TaskSwitchDisplay,1,,0,Source,1,1,Move1,Move1.PickupCoarseMove,1,1,0,0,6.642573,0.000000,0,0.050000,0.966000,9.064000,0.000000,4.000000,-4.000000,-3.034000,4.000000,3.034000,4.000000,20.966000,250.000000,0,0.000000,1766.000000,,-1766.000000,0.000000,0.000000,0.000000,0,75.000000,70.000000,"{""stepId"":""Move1.PickupCoarseMove"",""displayName"":""吸着位置へ大まかに移動"",""majorPhase"":0,""completionConditions"":[{""conditionType"":1,""threshold"":0.5,""secondaryThreshold"":0.5},{""conditionType"":3,""threshold"":0.0,""secondaryThreshold"":0.0}],""requiredStableSeconds"":0.4000000059604645}",0.000000,0,0,0,1260,0.050000,0,0,AtMost,10.000000
20261009T025226250Z_6ca46cab1d00446aa2b0a79bb208a1d8,,,1,141,2026-10-09T02:52:33.9529889Z,7.701796,6.732324,1260,0,0,OperatingSource,0,0,TaskSwitchDisplay,1,,1,Target,,1,Move1,,0,0,0,0,0.000000,0.000000,0,0.050000,20.000000,9.364000,0.000000,16.000000,-2.000000,4.000000,2.000000,4.000000,2.000000,40.000000,250.000000,0,0.000000,1766.000000,,-1766.000000,0.000000,0.000000,0.000000,0,75.000000,70.000000,,,,,,,,,,None,0.000000
20261009T025226250Z_6ca46cab1d00446aa2b0a79bb208a1d8,,,1,142,2026-10-09T02:52:34.0055743Z,7.754793,6.785631,1266,0,0,OperatingSource,0,0,TaskSwitchDisplay,1,,0,Source,1,1,Move1,Move1.PickupCoarseMove,1,1,0,0,6.695879,0.000000,0,0.050000,0.966000,9.064000,0.000000,4.000000,-4.000000,-3.034000,4.000000,3.034000,4.000000,20.966000,250.000000,0,0.000000,1766.000000,,-1766.000000,0.000000,0.000000,0.000000,0,75.000000,70.000000,"{""stepId"":""Move1.PickupCoarseMove"",""displayName"":""吸着位置へ大まかに移動"",""majorPhase"":0,""completionConditions"":[{""conditionType"":1,""threshold"":0.5,""secondaryThreshold"":0.5},{""conditionType"":3,""threshold"":0.0,""secondaryThreshold"":0.0}],""requiredStableSeconds"":0.4000000059604645}",0.000000,0,0,0,1266,0.050000,0,0,AtMost,10.000000
20261009T025226250Z_6ca46cab1d00446aa2b0a79bb208a1d8,,,1,142,2026-10-09T02:52:34.0055743Z,7.754793,6.785631,1266,0,0,OperatingSource,0,0,TaskSwitchDisplay,1,,1,Target,,1,Move1,,0,0,0,0,0.000000,0.000000,0,0.050000,20.000000,9.364000,0.000000,16.000000,-2.000000,4.000000,2.000000,4.000000,2.000000,40.000000,250.000000,0,0.000000,1766.000000,,-1766.000000,0.000000,0.000000,0.000000,0,75.000000,70.000000,,,,,,,,,,None,0.000000
20261009T025226250Z_6ca46cab1d00446aa2b0a79bb208a1d8,,,1,143,2026-10-09T02:52:34.0580103Z,7.806646,6.837821,1273,0,0,OperatingSource,0,0,TaskSwitchDisplay,1,,0,Source,1,1,Move1,Move1.PickupCoarseMove,1,1,0,0,6.748069,0.000000,0,0.050000,0.966000,9.064000,0.000000,4.000000,-4.000000,-3.034000,4.000000,3.034000,4.000000,20.966000,250.000000,0,0.000000,1766.000000,,-1766.000000,0.000000,0.000000,0.000000,0,75.000000,70.000000,"{""stepId"":""Move1.PickupCoarseMove"",""displayName"":""吸着位置へ大まかに移動"",""majorPhase"":0,""completionConditions"":[{""conditionType"":1,""threshold"":0.5,""secondaryThreshold"":0.5},{""conditionType"":3,""threshold"":0.0,""secondaryThreshold"":0.0}],""requiredStableSeconds"":0.4000000059604645}",0.000000,0,0,0,1273,0.050000,0,0,AtMost,10.000000
20261009T025226250Z_6ca46cab1d00446aa2b0a79bb208a1d8,,,1,143,2026-10-09T02:52:34.0580103Z,7.806646,6.837821,1273,0,0,OperatingSource,0,0,TaskSwitchDisplay,1,,1,Target,,1,Move1,,0,0,0,0,0.000000,0.000000,0,0.050000,20.000000,9.364000,0.000000,16.000000,-2.000000,4.000000,2.000000,4.000000,2.000000,40.000000,250.000000,0,0.000000,1766.000000,,-1766.000000,0.000000,0.000000,0.000000,0,75.000000,70.000000,,,,,,,,,,None,0.000000
