session_id,participant_id,block_id,experiment_run_index,activation_index,event_type,secondary_task_mode,utc_timestamp,real_elapsed_s,simulation_elapsed_s,frame,switch_index,active_crane_index,state,input_locked,global_paused,operation_enabled,trial_index,stimulus_side,expected_sign,response_sign,outcome,correct,reaction_time_s,presented,held_at_onset,raw_pedal,pedal_axis,invert_axis,press_threshold,release_threshold,response_timeout_s,minimum_valid_reaction_s,minimum_interval_s,maximum_interval_s,random_seed,active_clock_s,scheduled_onset_active_clock_s,actual_onset_active_clock_s,scheduled_onset_estimated_real_s,onset_observed_real_s,onset_frame_delay_s,response_observed_real_s,left_red,right_red,onset_switch_index,onset_crane_index,onset_state,onset_phase,onset_step,current_phase,current_step,app_focused,configuration_json,detail,pause_count,paused_duration_s,wall_reaction_time_s,completion_policy,response_count,incorrect_response_count,too_early_response_count,first_response_sign,first_response_outcome,first_response_correct,first_reaction_time_s,first_response_observed_real_s,first_wall_reaction_time_s,pedal_axis_raw,pedal_positive_key,pedal_negative_key,pedal_input_source,pedal_input_conflict,plus_minus_keys_enabled
20261008T082119469Z_04162e34eb32420696a9d803ab422fa6,,,1,1,SubtaskStarted,Visual,2026-10-08T08:21:21.2028752Z,1.719165,0.151172,258,0,0,OperatingSource,0,0,1,,,,,,,,0,0,0.000000,TaskSwitchPedal,0,0.500000,0.200000,,0.100000,5.000000,10.000000,702958461,3.547449,,,,,,,0,0,,,,,,Move1,Move1.PickupCoarseMove,1,"{""pedalAxisName"":""TaskSwitchPedal"",""usePlusMinusKeys"":true,""positivePedalKey"":61,""negativePedalKey"":45,""invertPedalAxis"":false,""pressThreshold"":0.5,""releaseThreshold"":0.20000000298023225,""minimumIntervalSeconds"":5.0,""maximumIntervalSeconds"":10.0,""minimumValidReactionSeconds"":0.10000000149011612,""randomSeed"":702958461}","{""pedalAxisName"":""TaskSwitchPedal"",""usePlusMinusKeys"":true,""positivePedalKey"":61,""negativePedalKey"":45,""invertPedalAxis"":false,""pressThreshold"":0.5,""releaseThreshold"":0.20000000298023225,""minimumIntervalSeconds"":5.0,""maximumIntervalSeconds"":10.0,""minimumValidReactionSeconds"":0.10000000149011612,""randomSeed"":702958461}",0,0.000000,,CorrectSidePress,,,,,,,,,,0.000000,0,0,Axis,0,1
20261008T082119469Z_04162e34eb32420696a9d803ab422fa6,,,1,1,StimulusScheduled,Visual,2026-10-08T08:21:21.2049823Z,1.722143,0.151172,258,0,0,OperatingSource,0,0,1,1,Right,1,,,,,0,0,0.000000,TaskSwitchPedal,0,0.500000,0.200000,,0.100000,5.000000,10.000000,702958461,3.550420,11.430808,,9.602531,,,,0,0,,,,,,Move1,Move1.PickupCoarseMove,1,"{""pedalAxisName"":""TaskSwitchPedal"",""usePlusMinusKeys"":true,""positivePedalKey"":61,""negativePedalKey"":45,""invertPedalAxis"":false,""pressThreshold"":0.5,""releaseThreshold"":0.20000000298023225,""minimumIntervalSeconds"":5.0,""maximumIntervalSeconds"":10.0,""minimumValidReactionSeconds"":0.10000000149011612,""randomSeed"":702958461}",,0,0.000000,,CorrectSidePress,0,0,0,,,,,,,0.000000,0,0,Axis,0,1
20261008T082119469Z_04162e34eb32420696a9d803ab422fa6,,,1,1,StimulusOnsetObserved,Visual,2026-10-08T08:21:29.0950565Z,9.613479,8.137177,638,0,0,OperatingSource,0,0,1,1,Right,1,,,,,1,0,0.000000,TaskSwitchPedal,0,0.500000,0.200000,,0.100000,5.000000,10.000000,702958461,11.441760,11.430808,11.441760,9.602531,9.613479,0.010947,,0,1,0,0,OperatingSource,Move1,Move1.PickupCoarseMove,Move1,Move1.PickupCoarseMove,1,"{""pedalAxisName"":""TaskSwitchPedal"",""usePlusMinusKeys"":true,""positivePedalKey"":61,""negativePedalKey"":45,""invertPedalAxis"":false,""pressThreshold"":0.5,""releaseThreshold"":0.20000000298023225,""minimumIntervalSeconds"":5.0,""maximumIntervalSeconds"":10.0,""minimumValidReactionSeconds"":0.10000000149011612,""randomSeed"":702958461}",,0,0.000000,,CorrectSidePress,0,0,0,,,,,,,0.000000,0,0,Axis,0,1
20261008T082119469Z_04162e34eb32420696a9d803ab422fa6,,,1,1,PedalPressed,Visual,2026-10-08T08:21:30.4411817Z,10.961005,9.484829,702,0,0,OperatingSource,0,0,1,1,Right,1,1,Correct,1,1.347526,1,0,1.000000,TaskSwitchPedal,0,0.500000,0.200000,,0.100000,5.000000,10.000000,702958461,12.789286,11.430808,11.441760,9.602531,9.613479,0.010947,10.961005,0,1,0,0,OperatingSource,Move1,Move1.PickupCoarseMove,Move1,Move1.PickupCoarseMove,1,"{""pedalAxisName"":""TaskSwitchPedal"",""usePlusMinusKeys"":true,""positivePedalKey"":61,""negativePedalKey"":45,""invertPedalAxis"":false,""pressThreshold"":0.5,""releaseThreshold"":0.20000000298023225,""minimumIntervalSeconds"":5.0,""maximumIntervalSeconds"":10.0,""minimumValidReactionSeconds"":0.10000000149011612,""randomSeed"":702958461}",,0,0.000000,1.347526,CorrectSidePress,1,0,0,1,Correct,1,1.347526,10.961005,1.347526,0.000000,1,0,PlusMinusKeys,0,1
20261008T082119469Z_04162e34eb32420696a9d803ab422fa6,,,1,1,TrialFinished,Visual,2026-10-08T08:21:30.4425361Z,10.961005,9.484829,702,0,0,OperatingSource,0,0,1,1,Right,1,1,Correct,1,1.347526,1,0,1.000000,TaskSwitchPedal,0,0.500000,0.200000,,0.100000,5.000000,10.000000,702958461,12.789286,11.430808,11.441760,9.602531,9.613479,0.010947,10.961005,0,0,0,0,OperatingSource,Move1,Move1.PickupCoarseMove,Move1,Move1.PickupCoarseMove,1,"{""pedalAxisName"":""TaskSwitchPedal"",""usePlusMinusKeys"":true,""positivePedalKey"":61,""negativePedalKey"":45,""invertPedalAxis"":false,""pressThreshold"":0.5,""releaseThreshold"":0.20000000298023225,""minimumIntervalSeconds"":5.0,""maximumIntervalSeconds"":10.0,""minimumValidReactionSeconds"":0.10000000149011612,""randomSeed"":702958461}",,0,0.000000,1.347526,CorrectSidePress,1,0,0,1,Correct,1,1.347526,10.961005,1.347526,0.000000,1,0,PlusMinusKeys,0,1
20261008T082119469Z_04162e34eb32420696a9d803ab422fa6,,,1,1,StimulusScheduled,Visual,2026-10-08T08:21:30.4425361Z,10.962076,9.484829,702,0,0,OperatingSource,0,0,1,2,Right,1,,,,,0,0,1.000000,TaskSwitchPedal,0,0.500000,0.200000,,0.100000,5.000000,10.000000,702958461,12.790356,21.848490,,20.020209,,,,0,0,,,,,,Move1,Move1.PickupCoarseMove,1,"{""pedalAxisName"":""TaskSwitchPedal"",""usePlusMinusKeys"":true,""positivePedalKey"":61,""negativePedalKey"":45,""invertPedalAxis"":false,""pressThreshold"":0.5,""releaseThreshold"":0.20000000298023225,""minimumIntervalSeconds"":5.0,""maximumIntervalSeconds"":10.0,""minimumValidReactionSeconds"":0.10000000149011612,""randomSeed"":702958461}",,0,0.000000,,CorrectSidePress,0,0,0,,,,,,,0.000000,1,0,PlusMinusKeys,0,1
20261008T082119469Z_04162e34eb32420696a9d803ab422fa6,,,1,1,StimulusOnsetObserved,Visual,2026-10-08T08:21:39.5022949Z,20.022747,18.546646,1139,0,0,OperatingSource,0,0,1,2,Right,1,,,,,1,0,0.000000,TaskSwitchPedal,0,0.500000,0.200000,,0.100000,5.000000,10.000000,702958461,21.851028,21.848490,21.851028,20.020209,20.022747,0.002538,,0,1,0,0,OperatingSource,Move1,Move1.PickupCoarseMove,Move1,Move1.PickupCoarseMove,1,"{""pedalAxisName"":""TaskSwitchPedal"",""usePlusMinusKeys"":true,""positivePedalKey"":61,""negativePedalKey"":45,""invertPedalAxis"":false,""pressThreshold"":0.5,""releaseThreshold"":0.20000000298023225,""minimumIntervalSeconds"":5.0,""maximumIntervalSeconds"":10.0,""minimumValidReactionSeconds"":0.10000000149011612,""randomSeed"":702958461}",,0,0.000000,,CorrectSidePress,0,0,0,,,,,,,0.000000,0,0,Axis,0,1
20261008T082119469Z_04162e34eb32420696a9d803ab422fa6,,,1,1,PedalPressed,Visual,2026-10-08T08:21:43.1145116Z,23.633857,22.157274,1314,0,0,OperatingSource,0,0,1,2,Right,1,1,Correct,1,3.611110,1,0,1.000000,TaskSwitchPedal,0,0.500000,0.200000,,0.100000,5.000000,10.000000,702958461,25.462138,21.848490,21.851028,20.020209,20.022747,0.002538,23.633857,0,1,0,0,OperatingSource,Move1,Move1.PickupCoarseMove,Move1,Move1.PickupFineAlign,1,"{""pedalAxisName"":""TaskSwitchPedal"",""usePlusMinusKeys"":true,""positivePedalKey"":61,""negativePedalKey"":45,""invertPedalAxis"":false,""pressThreshold"":0.5,""releaseThreshold"":0.20000000298023225,""minimumIntervalSeconds"":5.0,""maximumIntervalSeconds"":10.0,""minimumValidReactionSeconds"":0.10000000149011612,""randomSeed"":702958461}",,0,0.000000,3.611110,CorrectSidePress,1,0,0,1,Correct,1,3.611110,23.633857,3.611110,0.000000,1,0,PlusMinusKeys,0,1
20261008T082119469Z_04162e34eb32420696a9d803ab422fa6,,,1,1,TrialFinished,Visual,2026-10-08T08:21:43.1145116Z,23.633857,22.157274,1314,0,0,OperatingSource,0,0,1,2,Right,1,1,Correct,1,3.611110,1,0,1.000000,TaskSwitchPedal,0,0.500000,0.200000,,0.100000,5.000000,10.000000,702958461,25.462138,21.848490,21.851028,20.020209,20.022747,0.002538,23.633857,0,0,0,0,OperatingSource,Move1,Move1.PickupCoarseMove,Move1,Move1.PickupFineAlign,1,"{""pedalAxisName"":""TaskSwitchPedal"",""usePlusMinusKeys"":true,""positivePedalKey"":61,""negativePedalKey"":45,""invertPedalAxis"":false,""pressThreshold"":0.5,""releaseThreshold"":0.20000000298023225,""minimumIntervalSeconds"":5.0,""maximumIntervalSeconds"":10.0,""minimumValidReactionSeconds"":0.10000000149011612,""randomSeed"":702958461}",,0,0.000000,3.611110,CorrectSidePress,1,0,0,1,Correct,1,3.611110,23.633857,3.611110,0.000000,1,0,PlusMinusKeys,0,1
20261008T082119469Z_04162e34eb32420696a9d803ab422fa6,,,1,1,StimulusScheduled,Visual,2026-10-08T08:21:43.1145116Z,23.634305,22.157274,1314,0,0,OperatingSource,0,0,1,3,Right,1,,,,,0,0,1.000000,TaskSwitchPedal,0,0.500000,0.200000,,0.100000,5.000000,10.000000,702958461,25.462587,35.437586,,33.609305,,,,0,0,,,,,,Move1,Move1.PickupFineAlign,1,"{""pedalAxisName"":""TaskSwitchPedal"",""usePlusMinusKeys"":true,""positivePedalKey"":61,""negativePedalKey"":45,""invertPedalAxis"":false,""pressThreshold"":0.5,""releaseThreshold"":0.20000000298023225,""minimumIntervalSeconds"":5.0,""maximumIntervalSeconds"":10.0,""minimumValidReactionSeconds"":0.10000000149011612,""randomSeed"":702958461}",,0,0.000000,,CorrectSidePress,0,0,0,,,,,,,0.000000,1,0,PlusMinusKeys,0,1
20261008T082119469Z_04162e34eb32420696a9d803ab422fa6,,,1,1,StimulusOnsetObserved,Visual,2026-10-08T08:21:53.1003848Z,33.620840,32.144612,1771,1,0,WaitingForPhaseBoundary,0,0,1,3,Right,1,,,,,1,0,0.000000,TaskSwitchPedal,0,0.500000,0.200000,,0.100000,5.000000,10.000000,702958461,35.449121,35.437586,35.449121,33.609305,33.620840,0.011535,,0,1,1,0,WaitingForPhaseBoundary,LiftUp,LiftUp.LoadedRaising,LiftUp,LiftUp.LoadedRaising,1,"{""pedalAxisName"":""TaskSwitchPedal"",""usePlusMinusKeys"":true,""positivePedalKey"":61,""negativePedalKey"":45,""invertPedalAxis"":false,""pressThreshold"":0.5,""releaseThreshold"":0.20000000298023225,""minimumIntervalSeconds"":5.0,""maximumIntervalSeconds"":10.0,""minimumValidReactionSeconds"":0.10000000149011612,""randomSeed"":702958461}",,0,0.000000,,CorrectSidePress,0,0,0,,,,,,,0.000000,0,0,Axis,0,1
20261008T082119469Z_04162e34eb32420696a9d803ab422fa6,,,1,1,PedalPressed,Visual,2026-10-08T08:21:54.1843170Z,34.704503,33.228265,1824,1,0,WaitingForPhaseBoundary,0,0,1,3,Right,1,1,Correct,1,1.083664,1,0,1.000000,TaskSwitchPedal,0,0.500000,0.200000,,0.100000,5.000000,10.000000,702958461,36.532785,35.437586,35.449121,33.609305,33.620840,0.011535,34.704503,0,1,1,0,WaitingForPhaseBoundary,LiftUp,LiftUp.LoadedRaising,LiftUp,LiftUp.LoadedRaising,1,"{""pedalAxisName"":""TaskSwitchPedal"",""usePlusMinusKeys"":true,""positivePedalKey"":61,""negativePedalKey"":45,""invertPedalAxis"":false,""pressThreshold"":0.5,""releaseThreshold"":0.20000000298023225,""minimumIntervalSeconds"":5.0,""maximumIntervalSeconds"":10.0,""minimumValidReactionSeconds"":0.10000000149011612,""randomSeed"":702958461}",,0,0.000000,1.083664,CorrectSidePress,1,0,0,1,Correct,1,1.083664,34.704503,1.083664,0.000000,1,0,PlusMinusKeys,0,1
20261008T082119469Z_04162e34eb32420696a9d803ab422fa6,,,1,1,TrialFinished,Visual,2026-10-08T08:21:54.1843170Z,34.704503,33.228265,1824,1,0,WaitingForPhaseBoundary,0,0,1,3,Right,1,1,Correct,1,1.083664,1,0,1.000000,TaskSwitchPedal,0,0.500000,0.200000,,0.100000,5.000000,10.000000,702958461,36.532785,35.437586,35.449121,33.609305,33.620840,0.011535,34.704503,0,0,1,0,WaitingForPhaseBoundary,LiftUp,LiftUp.LoadedRaising,LiftUp,LiftUp.LoadedRaising,1,"{""pedalAxisName"":""TaskSwitchPedal"",""usePlusMinusKeys"":true,""positivePedalKey"":61,""negativePedalKey"":45,""invertPedalAxis"":false,""pressThreshold"":0.5,""releaseThreshold"":0.20000000298023225,""minimumIntervalSeconds"":5.0,""maximumIntervalSeconds"":10.0,""minimumValidReactionSeconds"":0.10000000149011612,""randomSeed"":702958461}",,0,0.000000,1.083664,CorrectSidePress,1,0,0,1,Correct,1,1.083664,34.704503,1.083664,0.000000,1,0,PlusMinusKeys,0,1
20261008T082119469Z_04162e34eb32420696a9d803ab422fa6,,,1,1,StimulusScheduled,Visual,2026-10-08T08:21:54.1843170Z,34.704944,33.228265,1824,1,0,WaitingForPhaseBoundary,0,0,1,4,Left,-1,,,,,0,0,1.000000,TaskSwitchPedal,0,0.500000,0.200000,,0.100000,5.000000,10.000000,702958461,36.533226,43.950923,,42.122642,,,,0,0,,,,,,LiftUp,LiftUp.LoadedRaising,1,"{""pedalAxisName"":""TaskSwitchPedal"",""usePlusMinusKeys"":true,""positivePedalKey"":61,""negativePedalKey"":45,""invertPedalAxis"":false,""pressThreshold"":0.5,""releaseThreshold"":0.20000000298023225,""minimumIntervalSeconds"":5.0,""maximumIntervalSeconds"":10.0,""minimumValidReactionSeconds"":0.10000000149011612,""randomSeed"":702958461}",,0,0.000000,,CorrectSidePress,0,0,0,,,,,,,0.000000,1,0,PlusMinusKeys,0,1
20261008T082119469Z_04162e34eb32420696a9d803ab422fa6,,,1,1,StimulusOnsetObserved,Visual,2026-10-08T08:22:01.6101422Z,42.130916,40.654673,2179,1,1,OperatingTarget,0,0,1,4,Left,-1,,,,,1,0,0.000000,TaskSwitchPedal,0,0.500000,0.200000,,0.100000,5.000000,10.000000,702958461,43.959197,43.950923,43.959197,42.122642,42.130916,0.008274,,1,0,1,1,OperatingTarget,Move1,Move1.PickupCoarseMove,Move1,Move1.PickupCoarseMove,1,"{""pedalAxisName"":""TaskSwitchPedal"",""usePlusMinusKeys"":true,""positivePedalKey"":61,""negativePedalKey"":45,""invertPedalAxis"":false,""pressThreshold"":0.5,""releaseThreshold"":0.20000000298023225,""minimumIntervalSeconds"":5.0,""maximumIntervalSeconds"":10.0,""minimumValidReactionSeconds"":0.10000000149011612,""randomSeed"":702958461}",,0,0.000000,,CorrectSidePress,0,0,0,,,,,,,0.000000,0,0,Axis,0,1
20261008T082119469Z_04162e34eb32420696a9d803ab422fa6,,,1,1,PedalPressed,Visual,2026-10-08T08:22:02.8590103Z,43.379452,41.903438,2238,1,1,OperatingTarget,0,0,1,4,Left,-1,-1,Correct,1,1.248535,1,0,-1.000000,TaskSwitchPedal,0,0.500000,0.200000,,0.100000,5.000000,10.000000,702958461,45.207733,43.950923,43.959197,42.122642,42.130916,0.008274,43.379452,1,0,1,1,OperatingTarget,Move1,Move1.PickupCoarseMove,Move1,Move1.PickupCoarseMove,1,"{""pedalAxisName"":""TaskSwitchPedal"",""usePlusMinusKeys"":true,""positivePedalKey"":61,""negativePedalKey"":45,""invertPedalAxis"":false,""pressThreshold"":0.5,""releaseThreshold"":0.20000000298023225,""minimumIntervalSeconds"":5.0,""maximumIntervalSeconds"":10.0,""minimumValidReactionSeconds"":0.10000000149011612,""randomSeed"":702958461}",,0,0.000000,1.248535,CorrectSidePress,1,0,0,-1,Correct,1,1.248535,43.379452,1.248535,0.000000,0,1,PlusMinusKeys,0,1
20261008T082119469Z_04162e34eb32420696a9d803ab422fa6,,,1,1,TrialFinished,Visual,2026-10-08T08:22:02.8590103Z,43.379452,41.903438,2238,1,1,OperatingTarget,0,0,1,4,Left,-1,-1,Correct,1,1.248535,1,0,-1.000000,TaskSwitchPedal,0,0.500000,0.200000,,0.100000,5.000000,10.000000,702958461,45.207733,43.950923,43.959197,42.122642,42.130916,0.008274,43.379452,0,0,1,1,OperatingTarget,Move1,Move1.PickupCoarseMove,Move1,Move1.PickupCoarseMove,1,"{""pedalAxisName"":""TaskSwitchPedal"",""usePlusMinusKeys"":true,""positivePedalKey"":61,""negativePedalKey"":45,""invertPedalAxis"":false,""pressThreshold"":0.5,""releaseThreshold"":0.20000000298023225,""minimumIntervalSeconds"":5.0,""maximumIntervalSeconds"":10.0,""minimumValidReactionSeconds"":0.10000000149011612,""randomSeed"":702958461}",,0,0.000000,1.248535,CorrectSidePress,1,0,0,-1,Correct,1,1.248535,43.379452,1.248535,0.000000,0,1,PlusMinusKeys,0,1
20261008T082119469Z_04162e34eb32420696a9d803ab422fa6,,,1,1,StimulusScheduled,Visual,2026-10-08T08:22:02.8590103Z,43.379896,41.903438,2238,1,1,OperatingTarget,0,0,1,5,Left,-1,,,,,0,0,-1.000000,TaskSwitchPedal,0,0.500000,0.200000,,0.100000,5.000000,10.000000,702958461,45.208177,51.711268,,49.882986,,,,0,0,,,,,,Move1,Move1.PickupCoarseMove,1,"{""pedalAxisName"":""TaskSwitchPedal"",""usePlusMinusKeys"":true,""positivePedalKey"":61,""negativePedalKey"":45,""invertPedalAxis"":false,""pressThreshold"":0.5,""releaseThreshold"":0.20000000298023225,""minimumIntervalSeconds"":5.0,""maximumIntervalSeconds"":10.0,""minimumValidReactionSeconds"":0.10000000149011612,""randomSeed"":702958461}",,0,0.000000,,CorrectSidePress,0,0,0,,,,,,,0.000000,0,1,PlusMinusKeys,0,1
20261008T082119469Z_04162e34eb32420696a9d803ab422fa6,,,1,1,StimulusOnsetObserved,Visual,2026-10-08T08:22:09.3727332Z,49.893572,48.417430,2552,1,1,OperatingTarget,0,0,1,5,Left,-1,,,,,1,0,0.000000,TaskSwitchPedal,0,0.500000,0.200000,,0.100000,5.000000,10.000000,702958461,51.721853,51.711268,51.721853,49.882986,49.893572,0.010586,,1,0,1,1,OperatingTarget,LiftUp,LiftUp.PickupLowering,LiftUp,LiftUp.PickupLowering,1,"{""pedalAxisName"":""TaskSwitchPedal"",""usePlusMinusKeys"":true,""positivePedalKey"":61,""negativePedalKey"":45,""invertPedalAxis"":false,""pressThreshold"":0.5,""releaseThreshold"":0.20000000298023225,""minimumIntervalSeconds"":5.0,""maximumIntervalSeconds"":10.0,""minimumValidReactionSeconds"":0.10000000149011612,""randomSeed"":702958461}",,0,0.000000,,CorrectSidePress,0,0,0,,,,,,,0.000000,0,0,Axis,0,1
20261008T082119469Z_04162e34eb32420696a9d803ab422fa6,,,1,1,PedalPressed,Visual,2026-10-08T08:22:10.5419380Z,51.063320,49.586657,2606,1,1,OperatingTarget,0,0,1,5,Left,-1,-1,Correct,1,1.169748,1,0,-1.000000,TaskSwitchPedal,0,0.500000,0.200000,,0.100000,5.000000,10.000000,702958461,52.891601,51.711268,51.721853,49.882986,49.893572,0.010586,51.063320,1,0,1,1,OperatingTarget,LiftUp,LiftUp.PickupLowering,LiftUp,LiftUp.PickupLowering,1,"{""pedalAxisName"":""TaskSwitchPedal"",""usePlusMinusKeys"":true,""positivePedalKey"":61,""negativePedalKey"":45,""invertPedalAxis"":false,""pressThreshold"":0.5,""releaseThreshold"":0.20000000298023225,""minimumIntervalSeconds"":5.0,""maximumIntervalSeconds"":10.0,""minimumValidReactionSeconds"":0.10000000149011612,""randomSeed"":702958461}",,0,0.000000,1.169748,CorrectSidePress,1,0,0,-1,Correct,1,1.169748,51.063320,1.169748,0.000000,0,1,PlusMinusKeys,0,1
20261008T082119469Z_04162e34eb32420696a9d803ab422fa6,,,1,1,TrialFinished,Visual,2026-10-08T08:22:10.5419380Z,51.063320,49.586657,2606,1,1,OperatingTarget,0,0,1,5,Left,-1,-1,Correct,1,1.169748,1,0,-1.000000,TaskSwitchPedal,0,0.500000,0.200000,,0.100000,5.000000,10.000000,702958461,52.891601,51.711268,51.721853,49.882986,49.893572,0.010586,51.063320,0,0,1,1,OperatingTarget,LiftUp,LiftUp.PickupLowering,LiftUp,LiftUp.PickupLowering,1,"{""pedalAxisName"":""TaskSwitchPedal"",""usePlusMinusKeys"":true,""positivePedalKey"":61,""negativePedalKey"":45,""invertPedalAxis"":false,""pressThreshold"":0.5,""releaseThreshold"":0.20000000298023225,""minimumIntervalSeconds"":5.0,""maximumIntervalSeconds"":10.0,""minimumValidReactionSeconds"":0.10000000149011612,""randomSeed"":702958461}",,0,0.000000,1.169748,CorrectSidePress,1,0,0,-1,Correct,1,1.169748,51.063320,1.169748,0.000000,0,1,PlusMinusKeys,0,1
20261008T082119469Z_04162e34eb32420696a9d803ab422fa6,,,1,1,StimulusScheduled,Visual,2026-10-08T08:22:10.5419380Z,51.063710,49.586657,2606,1,1,OperatingTarget,0,0,1,6,Left,-1,,,,,0,0,-1.000000,TaskSwitchPedal,0,0.500000,0.200000,,0.100000,5.000000,10.000000,702958461,52.891992,59.818816,,57.990535,,,,0,0,,,,,,LiftUp,LiftUp.PickupLowering,1,"{""pedalAxisName"":""TaskSwitchPedal"",""usePlusMinusKeys"":true,""positivePedalKey"":61,""negativePedalKey"":45,""invertPedalAxis"":false,""pressThreshold"":0.5,""releaseThreshold"":0.20000000298023225,""minimumIntervalSeconds"":5.0,""maximumIntervalSeconds"":10.0,""minimumValidReactionSeconds"":0.10000000149011612,""randomSeed"":702958461}",,0,0.000000,,CorrectSidePress,0,0,0,,,,,,,0.000000,0,1,PlusMinusKeys,0,1
20261008T082119469Z_04162e34eb32420696a9d803ab422fa6,,,1,1,StimulusOnsetObserved,Visual,2026-10-08T08:22:17.4829539Z,58.005150,56.528704,2928,1,1,OperatingTarget,0,0,1,6,Left,-1,,,,,1,0,0.000000,TaskSwitchPedal,0,0.500000,0.200000,,0.100000,5.000000,10.000000,702958461,59.833431,59.818816,59.833431,57.990535,58.005150,0.014615,,1,0,1,1,OperatingTarget,LiftUp,LiftUp.LoadAcquisition,LiftUp,LiftUp.LoadAcquisition,1,"{""pedalAxisName"":""TaskSwitchPedal"",""usePlusMinusKeys"":true,""positivePedalKey"":61,""negativePedalKey"":45,""invertPedalAxis"":false,""pressThreshold"":0.5,""releaseThreshold"":0.20000000298023225,""minimumIntervalSeconds"":5.0,""maximumIntervalSeconds"":10.0,""minimumValidReactionSeconds"":0.10000000149011612,""randomSeed"":702958461}",,0,0.000000,,CorrectSidePress,0,0,0,,,,,,,0.000000,0,0,Axis,0,1
20261008T082119469Z_04162e34eb32420696a9d803ab422fa6,,,1,1,PedalPressed,Visual,2026-10-08T08:22:18.6155930Z,59.136537,57.660214,2980,1,1,OperatingTarget,0,0,1,6,Left,-1,-1,Correct,1,1.131387,1,0,-1.000000,TaskSwitchPedal,0,0.500000,0.200000,,0.100000,5.000000,10.000000,702958461,60.964818,59.818816,59.833431,57.990535,58.005150,0.014615,59.136537,1,0,1,1,OperatingTarget,LiftUp,LiftUp.LoadAcquisition,LiftUp,LiftUp.LoadAcquisition,1,"{""pedalAxisName"":""TaskSwitchPedal"",""usePlusMinusKeys"":true,""positivePedalKey"":61,""negativePedalKey"":45,""invertPedalAxis"":false,""pressThreshold"":0.5,""releaseThreshold"":0.20000000298023225,""minimumIntervalSeconds"":5.0,""maximumIntervalSeconds"":10.0,""minimumValidReactionSeconds"":0.10000000149011612,""randomSeed"":702958461}",,0,0.000000,1.131387,CorrectSidePress,1,0,0,-1,Correct,1,1.131387,59.136537,1.131387,0.000000,0,1,PlusMinusKeys,0,1
20261008T082119469Z_04162e34eb32420696a9d803ab422fa6,,,1,1,TrialFinished,Visual,2026-10-08T08:22:18.6155930Z,59.136537,57.660214,2980,1,1,OperatingTarget,0,0,1,6,Left,-1,-1,Correct,1,1.131387,1,0,-1.000000,TaskSwitchPedal,0,0.500000,0.200000,,0.100000,5.000000,10.000000,702958461,60.964818,59.818816,59.833431,57.990535,58.005150,0.014615,59.136537,0,0,1,1,OperatingTarget,LiftUp,LiftUp.LoadAcquisition,LiftUp,LiftUp.LoadAcquisition,1,"{""pedalAxisName"":""TaskSwitchPedal"",""usePlusMinusKeys"":true,""positivePedalKey"":61,""negativePedalKey"":45,""invertPedalAxis"":false,""pressThreshold"":0.5,""releaseThreshold"":0.20000000298023225,""minimumIntervalSeconds"":5.0,""maximumIntervalSeconds"":10.0,""minimumValidReactionSeconds"":0.10000000149011612,""randomSeed"":702958461}",,0,0.000000,1.131387,CorrectSidePress,1,0,0,-1,Correct,1,1.131387,59.136537,1.131387,0.000000,0,1,PlusMinusKeys,0,1
20261008T082119469Z_04162e34eb32420696a9d803ab422fa6,,,1,1,StimulusScheduled,Visual,2026-10-08T08:22:18.6155930Z,59.136854,57.660214,2980,1,1,OperatingTarget,0,0,1,7,Right,1,,,,,0,0,-1.000000,TaskSwitchPedal,0,0.500000,0.200000,,0.100000,5.000000,10.000000,702958461,60.965136,70.849627,,69.021346,,,,0,0,,,,,,LiftUp,LiftUp.LoadAcquisition,1,"{""pedalAxisName"":""TaskSwitchPedal"",""usePlusMinusKeys"":true,""positivePedalKey"":61,""negativePedalKey"":45,""invertPedalAxis"":false,""pressThreshold"":0.5,""releaseThreshold"":0.20000000298023225,""minimumIntervalSeconds"":5.0,""maximumIntervalSeconds"":10.0,""minimumValidReactionSeconds"":0.10000000149011612,""randomSeed"":702958461}",,0,0.000000,,CorrectSidePress,0,0,0,,,,,,,0.000000,0,1,PlusMinusKeys,0,1
20261008T082119469Z_04162e34eb32420696a9d803ab422fa6,,,1,1,StimulusOnsetObserved,Visual,2026-10-08T08:22:28.5065685Z,69.028771,67.551231,3420,1,0,OperatingSource,0,0,1,7,Right,1,,,,,1,0,0.000000,TaskSwitchPedal,0,0.500000,0.200000,,0.100000,5.000000,10.000000,702958461,70.857052,70.849627,70.857052,69.021346,69.028771,0.007426,,0,1,1,0,OperatingSource,Move2,Move2.DestinationCoarseMove,Move2,Move2.DestinationCoarseMove,1,"{""pedalAxisName"":""TaskSwitchPedal"",""usePlusMinusKeys"":true,""positivePedalKey"":61,""negativePedalKey"":45,""invertPedalAxis"":false,""pressThreshold"":0.5,""releaseThreshold"":0.20000000298023225,""minimumIntervalSeconds"":5.0,""maximumIntervalSeconds"":10.0,""minimumValidReactionSeconds"":0.10000000149011612,""randomSeed"":702958461}",,0,0.000000,,CorrectSidePress,0,0,0,,,,,,,0.000000,0,0,Axis,0,1
20261008T082119469Z_04162e34eb32420696a9d803ab422fa6,,,1,1,PedalPressed,Visual,2026-10-08T08:22:30.0971375Z,70.619860,69.143521,3491,1,0,OperatingSource,0,0,1,7,Right,1,1,Correct,1,1.591089,1,0,1.000000,TaskSwitchPedal,0,0.500000,0.200000,,0.100000,5.000000,10.000000,702958461,72.448141,70.849627,70.857052,69.021346,69.028771,0.007426,70.619860,0,1,1,0,OperatingSource,Move2,Move2.DestinationCoarseMove,Move2,Move2.DestinationCoarseMove,1,"{""pedalAxisName"":""TaskSwitchPedal"",""usePlusMinusKeys"":true,""positivePedalKey"":61,""negativePedalKey"":45,""invertPedalAxis"":false,""pressThreshold"":0.5,""releaseThreshold"":0.20000000298023225,""minimumIntervalSeconds"":5.0,""maximumIntervalSeconds"":10.0,""minimumValidReactionSeconds"":0.10000000149011612,""randomSeed"":702958461}",,0,0.000000,1.591089,CorrectSidePress,1,0,0,1,Correct,1,1.591089,70.619860,1.591089,0.000000,1,0,PlusMinusKeys,0,1
20261008T082119469Z_04162e34eb32420696a9d803ab422fa6,,,1,1,TrialFinished,Visual,2026-10-08T08:22:30.0986055Z,70.619860,69.143521,3491,1,0,OperatingSource,0,0,1,7,Right,1,1,Correct,1,1.591089,1,0,1.000000,TaskSwitchPedal,0,0.500000,0.200000,,0.100000,5.000000,10.000000,702958461,72.448141,70.849627,70.857052,69.021346,69.028771,0.007426,70.619860,0,0,1,0,OperatingSource,Move2,Move2.DestinationCoarseMove,Move2,Move2.DestinationCoarseMove,1,"{""pedalAxisName"":""TaskSwitchPedal"",""usePlusMinusKeys"":true,""positivePedalKey"":61,""negativePedalKey"":45,""invertPedalAxis"":false,""pressThreshold"":0.5,""releaseThreshold"":0.20000000298023225,""minimumIntervalSeconds"":5.0,""maximumIntervalSeconds"":10.0,""minimumValidReactionSeconds"":0.10000000149011612,""randomSeed"":702958461}",,0,0.000000,1.591089,CorrectSidePress,1,0,0,1,Correct,1,1.591089,70.619860,1.591089,0.000000,1,0,PlusMinusKeys,0,1
20261008T082119469Z_04162e34eb32420696a9d803ab422fa6,,,1,1,StimulusScheduled,Visual,2026-10-08T08:22:30.0986055Z,70.620293,69.143521,3491,1,0,OperatingSource,0,0,1,8,Left,-1,,,,,0,0,1.000000,TaskSwitchPedal,0,0.500000,0.200000,,0.100000,5.000000,10.000000,702958461,72.448574,79.718660,,77.890379,,,,0,0,,,,,,Move2,Move2.DestinationCoarseMove,1,"{""pedalAxisName"":""TaskSwitchPedal"",""usePlusMinusKeys"":true,""positivePedalKey"":61,""negativePedalKey"":45,""invertPedalAxis"":false,""pressThreshold"":0.5,""releaseThreshold"":0.20000000298023225,""minimumIntervalSeconds"":5.0,""maximumIntervalSeconds"":10.0,""minimumValidReactionSeconds"":0.10000000149011612,""randomSeed"":702958461}",,0,0.000000,,CorrectSidePress,0,0,0,,,,,,,0.000000,1,0,PlusMinusKeys,0,1
20261008T082119469Z_04162e34eb32420696a9d803ab422fa6,,,1,1,StimulusOnsetObserved,Visual,2026-10-08T08:22:37.3859952Z,77.908697,76.431760,3818,1,0,OperatingSource,0,0,1,8,Left,-1,,,,,1,0,0.000000,TaskSwitchPedal,0,0.500000,0.200000,,0.100000,5.000000,10.000000,702958461,79.736978,79.718660,79.736978,77.890379,77.908697,0.018318,,1,0,1,0,OperatingSource,Move2,Move2.DestinationCoarseMove,Move2,Move2.DestinationCoarseMove,1,"{""pedalAxisName"":""TaskSwitchPedal"",""usePlusMinusKeys"":true,""positivePedalKey"":61,""negativePedalKey"":45,""invertPedalAxis"":false,""pressThreshold"":0.5,""releaseThreshold"":0.20000000298023225,""minimumIntervalSeconds"":5.0,""maximumIntervalSeconds"":10.0,""minimumValidReactionSeconds"":0.10000000149011612,""randomSeed"":702958461}",,0,0.000000,,CorrectSidePress,0,0,0,,,,,,,0.000000,0,0,Axis,0,1
20261008T082119469Z_04162e34eb32420696a9d803ab422fa6,,,1,1,PedalPressed,Visual,2026-10-08T08:22:40.3366303Z,80.859444,79.381924,3949,1,0,OperatingSource,0,0,1,8,Left,-1,-1,Correct,1,2.950747,1,0,-1.000000,TaskSwitchPedal,0,0.500000,0.200000,,0.100000,5.000000,10.000000,702958461,82.687725,79.718660,79.736978,77.890379,77.908697,0.018318,80.859444,1,0,1,0,OperatingSource,Move2,Move2.DestinationCoarseMove,Move2,Move2.DestinationCoarseMove,1,"{""pedalAxisName"":""TaskSwitchPedal"",""usePlusMinusKeys"":true,""positivePedalKey"":61,""negativePedalKey"":45,""invertPedalAxis"":false,""pressThreshold"":0.5,""releaseThreshold"":0.20000000298023225,""minimumIntervalSeconds"":5.0,""maximumIntervalSeconds"":10.0,""minimumValidReactionSeconds"":0.10000000149011612,""randomSeed"":702958461}",,0,0.000000,2.950747,CorrectSidePress,1,0,0,-1,Correct,1,2.950747,80.859444,2.950747,0.000000,0,1,PlusMinusKeys,0,1
20261008T082119469Z_04162e34eb32420696a9d803ab422fa6,,,1,1,TrialFinished,Visual,2026-10-08T08:22:40.3376279Z,80.859444,79.381924,3949,1,0,OperatingSource,0,0,1,8,Left,-1,-1,Correct,1,2.950747,1,0,-1.000000,TaskSwitchPedal,0,0.500000,0.200000,,0.100000,5.000000,10.000000,702958461,82.687725,79.718660,79.736978,77.890379,77.908697,0.018318,80.859444,0,0,1,0,OperatingSource,Move2,Move2.DestinationCoarseMove,Move2,Move2.DestinationCoarseMove,1,"{""pedalAxisName"":""TaskSwitchPedal"",""usePlusMinusKeys"":true,""positivePedalKey"":61,""negativePedalKey"":45,""invertPedalAxis"":false,""pressThreshold"":0.5,""releaseThreshold"":0.20000000298023225,""minimumIntervalSeconds"":5.0,""maximumIntervalSeconds"":10.0,""minimumValidReactionSeconds"":0.10000000149011612,""randomSeed"":702958461}",,0,0.000000,2.950747,CorrectSidePress,1,0,0,-1,Correct,1,2.950747,80.859444,2.950747,0.000000,0,1,PlusMinusKeys,0,1
20261008T082119469Z_04162e34eb32420696a9d803ab422fa6,,,1,1,StimulusScheduled,Visual,2026-10-08T08:22:40.3376279Z,80.859837,79.381924,3949,1,0,OperatingSource,0,0,1,9,Right,1,,,,,0,0,-1.000000,TaskSwitchPedal,0,0.500000,0.200000,,0.100000,5.000000,10.000000,702958461,82.688119,92.075183,,90.246902,,,,0,0,,,,,,Move2,Move2.DestinationCoarseMove,1,"{""pedalAxisName"":""TaskSwitchPedal"",""usePlusMinusKeys"":true,""positivePedalKey"":61,""negativePedalKey"":45,""invertPedalAxis"":false,""pressThreshold"":0.5,""releaseThreshold"":0.20000000298023225,""minimumIntervalSeconds"":5.0,""maximumIntervalSeconds"":10.0,""minimumValidReactionSeconds"":0.10000000149011612,""randomSeed"":702958461}",,0,0.000000,,CorrectSidePress,0,0,0,,,,,,,0.000000,0,1,PlusMinusKeys,0,1
20261008T082119469Z_04162e34eb32420696a9d803ab422fa6,,,1,1,StimulusOnsetObserved,Visual,2026-10-08T08:22:49.7321924Z,90.255432,88.779180,4349,1,0,OperatingSource,0,0,1,9,Right,1,,,,,1,0,0.000000,TaskSwitchPedal,0,0.500000,0.200000,,0.100000,5.000000,10.000000,702958461,92.083713,92.075183,92.083713,90.246902,90.255432,0.008530,,0,1,1,0,OperatingSource,Place,Place.PlacementLowering,Place,Place.PlacementLowering,1,"{""pedalAxisName"":""TaskSwitchPedal"",""usePlusMinusKeys"":true,""positivePedalKey"":61,""negativePedalKey"":45,""invertPedalAxis"":false,""pressThreshold"":0.5,""releaseThreshold"":0.20000000298023225,""minimumIntervalSeconds"":5.0,""maximumIntervalSeconds"":10.0,""minimumValidReactionSeconds"":0.10000000149011612,""randomSeed"":702958461}",,0,0.000000,,CorrectSidePress,0,0,0,,,,,,,0.000000,0,0,Axis,0,1
20261008T082119469Z_04162e34eb32420696a9d803ab422fa6,,,1,1,PedalPressed,Visual,2026-10-08T08:22:50.8714097Z,91.394365,89.917632,4394,1,0,OperatingSource,0,0,1,9,Right,1,1,Correct,1,1.138933,1,0,1.000000,TaskSwitchPedal,0,0.500000,0.200000,,0.100000,5.000000,10.000000,702958461,93.222646,92.075183,92.083713,90.246902,90.255432,0.008530,91.394365,0,1,1,0,OperatingSource,Place,Place.PlacementLowering,Place,Place.PlacementLowering,1,"{""pedalAxisName"":""TaskSwitchPedal"",""usePlusMinusKeys"":true,""positivePedalKey"":61,""negativePedalKey"":45,""invertPedalAxis"":false,""pressThreshold"":0.5,""releaseThreshold"":0.20000000298023225,""minimumIntervalSeconds"":5.0,""maximumIntervalSeconds"":10.0,""minimumValidReactionSeconds"":0.10000000149011612,""randomSeed"":702958461}",,0,0.000000,1.138933,CorrectSidePress,1,0,0,1,Correct,1,1.138933,91.394365,1.138933,0.000000,1,0,PlusMinusKeys,0,1
20261008T082119469Z_04162e34eb32420696a9d803ab422fa6,,,1,1,TrialFinished,Visual,2026-10-08T08:22:50.8714097Z,91.394365,89.917632,4394,1,0,OperatingSource,0,0,1,9,Right,1,1,Correct,1,1.138933,1,0,1.000000,TaskSwitchPedal,0,0.500000,0.200000,,0.100000,5.000000,10.000000,702958461,93.222646,92.075183,92.083713,90.246902,90.255432,0.008530,91.394365,0,0,1,0,OperatingSource,Place,Place.PlacementLowering,Place,Place.PlacementLowering,1,"{""pedalAxisName"":""TaskSwitchPedal"",""usePlusMinusKeys"":true,""positivePedalKey"":61,""negativePedalKey"":45,""invertPedalAxis"":false,""pressThreshold"":0.5,""releaseThreshold"":0.20000000298023225,""minimumIntervalSeconds"":5.0,""maximumIntervalSeconds"":10.0,""minimumValidReactionSeconds"":0.10000000149011612,""randomSeed"":702958461}",,0,0.000000,1.138933,CorrectSidePress,1,0,0,1,Correct,1,1.138933,91.394365,1.138933,0.000000,1,0,PlusMinusKeys,0,1
20261008T082119469Z_04162e34eb32420696a9d803ab422fa6,,,1,1,StimulusScheduled,Visual,2026-10-08T08:22:50.8714097Z,91.394745,89.917632,4394,1,0,OperatingSource,0,0,1,10,Right,1,,,,,0,0,1.000000,TaskSwitchPedal,0,0.500000,0.200000,,0.100000,5.000000,10.000000,702958461,93.223026,102.237765,,100.409483,,,,0,0,,,,,,Place,Place.PlacementLowering,1,"{""pedalAxisName"":""TaskSwitchPedal"",""usePlusMinusKeys"":true,""positivePedalKey"":61,""negativePedalKey"":45,""invertPedalAxis"":false,""pressThreshold"":0.5,""releaseThreshold"":0.20000000298023225,""minimumIntervalSeconds"":5.0,""maximumIntervalSeconds"":10.0,""minimumValidReactionSeconds"":0.10000000149011612,""randomSeed"":702958461}",,0,0.000000,,CorrectSidePress,0,0,0,,,,,,,0.000000,1,0,PlusMinusKeys,0,1
20261008T082119469Z_04162e34eb32420696a9d803ab422fa6,,,1,1,StimulusOnsetObserved,Visual,2026-10-08T08:22:59.8987530Z,100.422033,98.946018,4786,1,0,OperatingSource,0,0,1,10,Right,1,,,,,1,0,0.000000,TaskSwitchPedal,0,0.500000,0.200000,,0.100000,5.000000,10.000000,702958461,102.250315,102.237765,102.250315,100.409483,100.422033,0.012550,,0,1,1,0,OperatingSource,Place,Place.PostPlacementRaising,Place,Place.PostPlacementRaising,1,"{""pedalAxisName"":""TaskSwitchPedal"",""usePlusMinusKeys"":true,""positivePedalKey"":61,""negativePedalKey"":45,""invertPedalAxis"":false,""pressThreshold"":0.5,""releaseThreshold"":0.20000000298023225,""minimumIntervalSeconds"":5.0,""maximumIntervalSeconds"":10.0,""minimumValidReactionSeconds"":0.10000000149011612,""randomSeed"":702958461}",,0,0.000000,,CorrectSidePress,0,0,0,,,,,,,0.000000,0,0,Axis,0,1
20261008T082119469Z_04162e34eb32420696a9d803ab422fa6,,,1,1,PedalPressed,Visual,2026-10-08T08:23:00.8911856Z,101.414413,99.938494,4831,1,0,OperatingSource,0,0,1,10,Right,1,1,Correct,1,0.992379,1,0,1.000000,TaskSwitchPedal,0,0.500000,0.200000,,0.100000,5.000000,10.000000,702958461,103.242694,102.237765,102.250315,100.409483,100.422033,0.012550,101.414413,0,1,1,0,OperatingSource,Place,Place.PostPlacementRaising,Place,Place.PostPlacementRaising,1,"{""pedalAxisName"":""TaskSwitchPedal"",""usePlusMinusKeys"":true,""positivePedalKey"":61,""negativePedalKey"":45,""invertPedalAxis"":false,""pressThreshold"":0.5,""releaseThreshold"":0.20000000298023225,""minimumIntervalSeconds"":5.0,""maximumIntervalSeconds"":10.0,""minimumValidReactionSeconds"":0.10000000149011612,""randomSeed"":702958461}",,0,0.000000,0.992379,CorrectSidePress,1,0,0,1,Correct,1,0.992379,101.414413,0.992379,0.000000,1,0,PlusMinusKeys,0,1
20261008T082119469Z_04162e34eb32420696a9d803ab422fa6,,,1,1,TrialFinished,Visual,2026-10-08T08:23:00.8916925Z,101.414413,99.938494,4831,1,0,OperatingSource,0,0,1,10,Right,1,1,Correct,1,0.992379,1,0,1.000000,TaskSwitchPedal,0,0.500000,0.200000,,0.100000,5.000000,10.000000,702958461,103.242694,102.237765,102.250315,100.409483,100.422033,0.012550,101.414413,0,0,1,0,OperatingSource,Place,Place.PostPlacementRaising,Place,Place.PostPlacementRaising,1,"{""pedalAxisName"":""TaskSwitchPedal"",""usePlusMinusKeys"":true,""positivePedalKey"":61,""negativePedalKey"":45,""invertPedalAxis"":false,""pressThreshold"":0.5,""releaseThreshold"":0.20000000298023225,""minimumIntervalSeconds"":5.0,""maximumIntervalSeconds"":10.0,""minimumValidReactionSeconds"":0.10000000149011612,""randomSeed"":702958461}",,0,0.000000,0.992379,CorrectSidePress,1,0,0,1,Correct,1,0.992379,101.414413,0.992379,0.000000,1,0,PlusMinusKeys,0,1
20261008T082119469Z_04162e34eb32420696a9d803ab422fa6,,,1,1,StimulusScheduled,Visual,2026-10-08T08:23:00.8916925Z,101.414758,99.938494,4831,1,0,OperatingSource,0,0,1,11,Left,-1,,,,,0,0,1.000000,TaskSwitchPedal,0,0.500000,0.200000,,0.100000,5.000000,10.000000,702958461,103.243039,112.631745,,110.803464,,,,0,0,,,,,,Place,Place.PostPlacementRaising,1,"{""pedalAxisName"":""TaskSwitchPedal"",""usePlusMinusKeys"":true,""positivePedalKey"":61,""negativePedalKey"":45,""invertPedalAxis"":false,""pressThreshold"":0.5,""releaseThreshold"":0.20000000298023225,""minimumIntervalSeconds"":5.0,""maximumIntervalSeconds"":10.0,""minimumValidReactionSeconds"":0.10000000149011612,""randomSeed"":702958461}",,0,0.000000,,CorrectSidePress,0,0,0,,,,,,,0.000000,1,0,PlusMinusKeys,0,1
20261008T082119469Z_04162e34eb32420696a9d803ab422fa6,,,1,1,StimulusOnsetObserved,Visual,2026-10-08T08:23:10.3133948Z,110.836823,109.359757,5270,1,0,OperatingSource,0,0,1,11,Left,-1,,,,,1,0,0.000000,TaskSwitchPedal,0,0.500000,0.200000,,0.100000,5.000000,10.000000,702958461,112.665104,112.631745,112.665104,110.803464,110.836823,0.033359,,1,0,1,0,OperatingSource,Move1,Move1.PickupCoarseMove,Move1,Move1.PickupCoarseMove,1,"{""pedalAxisName"":""TaskSwitchPedal"",""usePlusMinusKeys"":true,""positivePedalKey"":61,""negativePedalKey"":45,""invertPedalAxis"":false,""pressThreshold"":0.5,""releaseThreshold"":0.20000000298023225,""minimumIntervalSeconds"":5.0,""maximumIntervalSeconds"":10.0,""minimumValidReactionSeconds"":0.10000000149011612,""randomSeed"":702958461}",,0,0.000000,,CorrectSidePress,0,0,0,,,,,,,0.000000,0,0,Axis,0,1
20261008T082119469Z_04162e34eb32420696a9d803ab422fa6,,,1,1,PedalPressed,Visual,2026-10-08T08:23:11.3057031Z,111.829204,110.352564,5315,1,0,OperatingSource,0,0,1,11,Left,-1,-1,Correct,1,0.992382,1,0,-1.000000,TaskSwitchPedal,0,0.500000,0.200000,,0.100000,5.000000,10.000000,702958461,113.657486,112.631745,112.665104,110.803464,110.836823,0.033359,111.829204,1,0,1,0,OperatingSource,Move1,Move1.PickupCoarseMove,Move1,Move1.PickupCoarseMove,1,"{""pedalAxisName"":""TaskSwitchPedal"",""usePlusMinusKeys"":true,""positivePedalKey"":61,""negativePedalKey"":45,""invertPedalAxis"":false,""pressThreshold"":0.5,""releaseThreshold"":0.20000000298023225,""minimumIntervalSeconds"":5.0,""maximumIntervalSeconds"":10.0,""minimumValidReactionSeconds"":0.10000000149011612,""randomSeed"":702958461}",,0,0.000000,0.992382,CorrectSidePress,1,0,0,-1,Correct,1,0.992382,111.829204,0.992382,0.000000,0,1,PlusMinusKeys,0,1
20261008T082119469Z_04162e34eb32420696a9d803ab422fa6,,,1,1,TrialFinished,Visual,2026-10-08T08:23:11.3057031Z,111.829204,110.352564,5315,1,0,OperatingSource,0,0,1,11,Left,-1,-1,Correct,1,0.992382,1,0,-1.000000,TaskSwitchPedal,0,0.500000,0.200000,,0.100000,5.000000,10.000000,702958461,113.657486,112.631745,112.665104,110.803464,110.836823,0.033359,111.829204,0,0,1,0,OperatingSource,Move1,Move1.PickupCoarseMove,Move1,Move1.PickupCoarseMove,1,"{""pedalAxisName"":""TaskSwitchPedal"",""usePlusMinusKeys"":true,""positivePedalKey"":61,""negativePedalKey"":45,""invertPedalAxis"":false,""pressThreshold"":0.5,""releaseThreshold"":0.20000000298023225,""minimumIntervalSeconds"":5.0,""maximumIntervalSeconds"":10.0,""minimumValidReactionSeconds"":0.10000000149011612,""randomSeed"":702958461}",,0,0.000000,0.992382,CorrectSidePress,1,0,0,-1,Correct,1,0.992382,111.829204,0.992382,0.000000,0,1,PlusMinusKeys,0,1
20261008T082119469Z_04162e34eb32420696a9d803ab422fa6,,,1,1,StimulusScheduled,Visual,2026-10-08T08:23:11.3057031Z,111.829589,110.352564,5315,1,0,OperatingSource,0,0,1,12,Right,1,,,,,0,0,-1.000000,TaskSwitchPedal,0,0.500000,0.200000,,0.100000,5.000000,10.000000,702958461,113.657870,123.522153,,121.693872,,,,0,0,,,,,,Move1,Move1.PickupCoarseMove,1,"{""pedalAxisName"":""TaskSwitchPedal"",""usePlusMinusKeys"":true,""positivePedalKey"":61,""negativePedalKey"":45,""invertPedalAxis"":false,""pressThreshold"":0.5,""releaseThreshold"":0.20000000298023225,""minimumIntervalSeconds"":5.0,""maximumIntervalSeconds"":10.0,""minimumValidReactionSeconds"":0.10000000149011612,""randomSeed"":702958461}",,0,0.000000,,CorrectSidePress,0,0,0,,,,,,,0.000000,0,1,PlusMinusKeys,0,1
20261008T082119469Z_04162e34eb32420696a9d803ab422fa6,,,1,1,StimulusOnsetObserved,Visual,2026-10-08T08:23:21.1897814Z,121.714114,120.238061,5759,2,1,OperatingTarget,1,0,1,12,Right,1,,,,,1,0,0.000000,TaskSwitchPedal,0,0.500000,0.200000,,0.100000,5.000000,10.000000,702958461,123.542395,123.522153,123.542395,121.693872,121.714114,0.020242,,0,1,2,1,OperatingTarget,Move2,Move2.DestinationCoarseMove,Move2,Move2.DestinationCoarseMove,1,"{""pedalAxisName"":""TaskSwitchPedal"",""usePlusMinusKeys"":true,""positivePedalKey"":61,""negativePedalKey"":45,""invertPedalAxis"":false,""pressThreshold"":0.5,""releaseThreshold"":0.20000000298023225,""minimumIntervalSeconds"":5.0,""maximumIntervalSeconds"":10.0,""minimumValidReactionSeconds"":0.10000000149011612,""randomSeed"":702958461}",,0,0.000000,,CorrectSidePress,0,0,0,,,,,,,0.000000,0,0,Axis,0,1
20261008T082119469Z_04162e34eb32420696a9d803ab422fa6,,,1,1,PedalPressed,Visual,2026-10-08T08:23:22.3322827Z,122.856910,121.380979,5809,2,1,OperatingTarget,0,0,1,12,Right,1,1,Correct,1,1.142796,1,0,1.000000,TaskSwitchPedal,0,0.500000,0.200000,,0.100000,5.000000,10.000000,702958461,124.685191,123.522153,123.542395,121.693872,121.714114,0.020242,122.856910,0,1,2,1,OperatingTarget,Move2,Move2.DestinationCoarseMove,Move2,Move2.DestinationCoarseMove,1,"{""pedalAxisName"":""TaskSwitchPedal"",""usePlusMinusKeys"":true,""positivePedalKey"":61,""negativePedalKey"":45,""invertPedalAxis"":false,""pressThreshold"":0.5,""releaseThreshold"":0.20000000298023225,""minimumIntervalSeconds"":5.0,""maximumIntervalSeconds"":10.0,""minimumValidReactionSeconds"":0.10000000149011612,""randomSeed"":702958461}",,0,0.000000,1.142796,CorrectSidePress,1,0,0,1,Correct,1,1.142796,122.856910,1.142796,0.000000,1,0,PlusMinusKeys,0,1
20261008T082119469Z_04162e34eb32420696a9d803ab422fa6,,,1,1,TrialFinished,Visual,2026-10-08T08:23:22.3322827Z,122.856910,121.380979,5809,2,1,OperatingTarget,0,0,1,12,Right,1,1,Correct,1,1.142796,1,0,1.000000,TaskSwitchPedal,0,0.500000,0.200000,,0.100000,5.000000,10.000000,702958461,124.685191,123.522153,123.542395,121.693872,121.714114,0.020242,122.856910,0,0,2,1,OperatingTarget,Move2,Move2.DestinationCoarseMove,Move2,Move2.DestinationCoarseMove,1,"{""pedalAxisName"":""TaskSwitchPedal"",""usePlusMinusKeys"":true,""positivePedalKey"":61,""negativePedalKey"":45,""invertPedalAxis"":false,""pressThreshold"":0.5,""releaseThreshold"":0.20000000298023225,""minimumIntervalSeconds"":5.0,""maximumIntervalSeconds"":10.0,""minimumValidReactionSeconds"":0.10000000149011612,""randomSeed"":702958461}",,0,0.000000,1.142796,CorrectSidePress,1,0,0,1,Correct,1,1.142796,122.856910,1.142796,0.000000,1,0,PlusMinusKeys,0,1
20261008T082119469Z_04162e34eb32420696a9d803ab422fa6,,,1,1,StimulusScheduled,Visual,2026-10-08T08:23:22.3332917Z,122.857280,121.380979,5809,2,1,OperatingTarget,0,0,1,13,Right,1,,,,,0,0,1.000000,TaskSwitchPedal,0,0.500000,0.200000,,0.100000,5.000000,10.000000,702958461,124.685561,130.753023,,128.924742,,,,0,0,,,,,,Move2,Move2.DestinationCoarseMove,1,"{""pedalAxisName"":""TaskSwitchPedal"",""usePlusMinusKeys"":true,""positivePedalKey"":61,""negativePedalKey"":45,""invertPedalAxis"":false,""pressThreshold"":0.5,""releaseThreshold"":0.20000000298023225,""minimumIntervalSeconds"":5.0,""maximumIntervalSeconds"":10.0,""minimumValidReactionSeconds"":0.10000000149011612,""randomSeed"":702958461}",,0,0.000000,,CorrectSidePress,0,0,0,,,,,,,0.000000,1,0,PlusMinusKeys,0,1
20261008T082119469Z_04162e34eb32420696a9d803ab422fa6,,,1,1,StimulusOnsetObserved,Visual,2026-10-08T08:23:28.4114856Z,128.936361,127.459671,6094,2,1,OperatingTarget,0,0,1,13,Right,1,,,,,1,0,0.000000,TaskSwitchPedal,0,0.500000,0.200000,,0.100000,5.000000,10.000000,702958461,130.764642,130.753023,130.764642,128.924742,128.936361,0.011619,,0,1,2,1,OperatingTarget,Move2,Move2.DestinationCoarseMove,Move2,Move2.DestinationCoarseMove,1,"{""pedalAxisName"":""TaskSwitchPedal"",""usePlusMinusKeys"":true,""positivePedalKey"":61,""negativePedalKey"":45,""invertPedalAxis"":false,""pressThreshold"":0.5,""releaseThreshold"":0.20000000298023225,""minimumIntervalSeconds"":5.0,""maximumIntervalSeconds"":10.0,""minimumValidReactionSeconds"":0.10000000149011612,""randomSeed"":702958461}",,0,0.000000,,CorrectSidePress,0,0,0,,,,,,,0.000000,0,0,Axis,0,1
20261008T082119469Z_04162e34eb32420696a9d803ab422fa6,,,1,1,PedalPressed,Visual,2026-10-08T08:23:29.3477714Z,129.873133,128.395366,6137,2,1,OperatingTarget,0,0,1,13,Right,1,1,Correct,1,0.936772,1,0,1.000000,TaskSwitchPedal,0,0.500000,0.200000,,0.100000,5.000000,10.000000,702958461,131.701414,130.753023,130.764642,128.924742,128.936361,0.011619,129.873133,0,1,2,1,OperatingTarget,Move2,Move2.DestinationCoarseMove,Move2,Move2.DestinationFineAlign,1,"{""pedalAxisName"":""TaskSwitchPedal"",""usePlusMinusKeys"":true,""positivePedalKey"":61,""negativePedalKey"":45,""invertPedalAxis"":false,""pressThreshold"":0.5,""releaseThreshold"":0.20000000298023225,""minimumIntervalSeconds"":5.0,""maximumIntervalSeconds"":10.0,""minimumValidReactionSeconds"":0.10000000149011612,""randomSeed"":702958461}",,0,0.000000,0.936773,CorrectSidePress,1,0,0,1,Correct,1,0.936772,129.873133,0.936773,0.000000,1,0,PlusMinusKeys,0,1
20261008T082119469Z_04162e34eb32420696a9d803ab422fa6,,,1,1,TrialFinished,Visual,2026-10-08T08:23:29.3490697Z,129.873133,128.395366,6137,2,1,OperatingTarget,0,0,1,13,Right,1,1,Correct,1,0.936772,1,0,1.000000,TaskSwitchPedal,0,0.500000,0.200000,,0.100000,5.000000,10.000000,702958461,131.701414,130.753023,130.764642,128.924742,128.936361,0.011619,129.873133,0,0,2,1,OperatingTarget,Move2,Move2.DestinationCoarseMove,Move2,Move2.DestinationFineAlign,1,"{""pedalAxisName"":""TaskSwitchPedal"",""usePlusMinusKeys"":true,""positivePedalKey"":61,""negativePedalKey"":45,""invertPedalAxis"":false,""pressThreshold"":0.5,""releaseThreshold"":0.20000000298023225,""minimumIntervalSeconds"":5.0,""maximumIntervalSeconds"":10.0,""minimumValidReactionSeconds"":0.10000000149011612,""randomSeed"":702958461}",,0,0.000000,0.936773,CorrectSidePress,1,0,0,1,Correct,1,0.936772,129.873133,0.936773,0.000000,1,0,PlusMinusKeys,0,1
20261008T082119469Z_04162e34eb32420696a9d803ab422fa6,,,1,1,StimulusScheduled,Visual,2026-10-08T08:23:29.3490697Z,129.873518,128.395366,6137,2,1,OperatingTarget,0,0,1,14,Left,-1,,,,,0,0,1.000000,TaskSwitchPedal,0,0.500000,0.200000,,0.100000,5.000000,10.000000,702958461,131.701799,140.205378,,138.377097,,,,0,0,,,,,,Move2,Move2.DestinationFineAlign,1,"{""pedalAxisName"":""TaskSwitchPedal"",""usePlusMinusKeys"":true,""positivePedalKey"":61,""negativePedalKey"":45,""invertPedalAxis"":false,""pressThreshold"":0.5,""releaseThreshold"":0.20000000298023225,""minimumIntervalSeconds"":5.0,""maximumIntervalSeconds"":10.0,""minimumValidReactionSeconds"":0.10000000149011612,""randomSeed"":702958461}",,0,0.000000,,CorrectSidePress,0,0,0,,,,,,,0.000000,1,0,PlusMinusKeys,0,1
20261008T082119469Z_04162e34eb32420696a9d803ab422fa6,,,1,1,StimulusOnsetObserved,Visual,2026-10-08T08:23:37.8615660Z,138.386594,136.908330,6490,2,1,OperatingTarget,0,0,1,14,Left,-1,,,,,1,0,0.000000,TaskSwitchPedal,0,0.500000,0.200000,,0.100000,5.000000,10.000000,702958461,140.214875,140.205378,140.214875,138.377097,138.386594,0.009497,,1,0,2,1,OperatingTarget,Place,Place.PlacementLowering,Place,Place.PlacementLowering,1,"{""pedalAxisName"":""TaskSwitchPedal"",""usePlusMinusKeys"":true,""positivePedalKey"":61,""negativePedalKey"":45,""invertPedalAxis"":false,""pressThreshold"":0.5,""releaseThreshold"":0.20000000298023225,""minimumIntervalSeconds"":5.0,""maximumIntervalSeconds"":10.0,""minimumValidReactionSeconds"":0.10000000149011612,""randomSeed"":702958461}",,0,0.000000,,CorrectSidePress,0,0,0,,,,,,,0.000000,0,0,Axis,0,1
20261008T082119469Z_04162e34eb32420696a9d803ab422fa6,,,1,1,PedalPressed,Visual,2026-10-08T08:23:39.3399126Z,139.865329,138.386306,6549,2,1,OperatingTarget,0,0,1,14,Left,-1,-1,Correct,1,1.478734,1,0,-1.000000,TaskSwitchPedal,0,0.500000,0.200000,,0.100000,5.000000,10.000000,702958461,141.693609,140.205378,140.214875,138.377097,138.386594,0.009497,139.865329,1,0,2,1,OperatingTarget,Place,Place.PlacementLowering,Place,Place.PlacementLowering,1,"{""pedalAxisName"":""TaskSwitchPedal"",""usePlusMinusKeys"":true,""positivePedalKey"":61,""negativePedalKey"":45,""invertPedalAxis"":false,""pressThreshold"":0.5,""releaseThreshold"":0.20000000298023225,""minimumIntervalSeconds"":5.0,""maximumIntervalSeconds"":10.0,""minimumValidReactionSeconds"":0.10000000149011612,""randomSeed"":702958461}",,0,0.000000,1.478734,CorrectSidePress,1,0,0,-1,Correct,1,1.478734,139.865329,1.478734,0.000000,0,1,PlusMinusKeys,0,1
20261008T082119469Z_04162e34eb32420696a9d803ab422fa6,,,1,1,TrialFinished,Visual,2026-10-08T08:23:39.3399126Z,139.865329,138.386306,6549,2,1,OperatingTarget,0,0,1,14,Left,-1,-1,Correct,1,1.478734,1,0,-1.000000,TaskSwitchPedal,0,0.500000,0.200000,,0.100000,5.000000,10.000000,702958461,141.693609,140.205378,140.214875,138.377097,138.386594,0.009497,139.865329,0,0,2,1,OperatingTarget,Place,Place.PlacementLowering,Place,Place.PlacementLowering,1,"{""pedalAxisName"":""TaskSwitchPedal"",""usePlusMinusKeys"":true,""positivePedalKey"":61,""negativePedalKey"":45,""invertPedalAxis"":false,""pressThreshold"":0.5,""releaseThreshold"":0.20000000298023225,""minimumIntervalSeconds"":5.0,""maximumIntervalSeconds"":10.0,""minimumValidReactionSeconds"":0.10000000149011612,""randomSeed"":702958461}",,0,0.000000,1.478734,CorrectSidePress,1,0,0,-1,Correct,1,1.478734,139.865329,1.478734,0.000000,0,1,PlusMinusKeys,0,1
20261008T082119469Z_04162e34eb32420696a9d803ab422fa6,,,1,1,StimulusScheduled,Visual,2026-10-08T08:23:39.3409122Z,139.865751,138.386306,6549,2,1,OperatingTarget,0,0,1,15,Right,1,,,,,0,0,-1.000000,TaskSwitchPedal,0,0.500000,0.200000,,0.100000,5.000000,10.000000,702958461,141.694032,147.311744,,145.483462,,,,0,0,,,,,,Place,Place.PlacementLowering,1,"{""pedalAxisName"":""TaskSwitchPedal"",""usePlusMinusKeys"":true,""positivePedalKey"":61,""negativePedalKey"":45,""invertPedalAxis"":false,""pressThreshold"":0.5,""releaseThreshold"":0.20000000298023225,""minimumIntervalSeconds"":5.0,""maximumIntervalSeconds"":10.0,""minimumValidReactionSeconds"":0.10000000149011612,""randomSeed"":702958461}",,0,0.000000,,CorrectSidePress,0,0,0,,,,,,,0.000000,0,1,PlusMinusKeys,0,1
20261008T082119469Z_04162e34eb32420696a9d803ab422fa6,,,1,1,StimulusOnsetObserved,Visual,2026-10-08T08:23:44.9697142Z,145.495402,144.019153,6776,2,1,OperatingTarget,0,0,1,15,Right,1,,,,,1,0,0.000000,TaskSwitchPedal,0,0.500000,0.200000,,0.100000,5.000000,10.000000,702958461,147.323683,147.311744,147.323683,145.483462,145.495402,0.011939,,0,1,2,1,OperatingTarget,Place,Place.PostPlacementRaising,Place,Place.PostPlacementRaising,1,"{""pedalAxisName"":""TaskSwitchPedal"",""usePlusMinusKeys"":true,""positivePedalKey"":61,""negativePedalKey"":45,""invertPedalAxis"":false,""pressThreshold"":0.5,""releaseThreshold"":0.20000000298023225,""minimumIntervalSeconds"":5.0,""maximumIntervalSeconds"":10.0,""minimumValidReactionSeconds"":0.10000000149011612,""randomSeed"":702958461}",,0,0.000000,,CorrectSidePress,0,0,0,,,,,,,0.000000,0,0,Axis,0,1
20261008T082119469Z_04162e34eb32420696a9d803ab422fa6,,,1,1,PedalPressed,Visual,2026-10-08T08:23:45.9728675Z,146.498847,145.022760,6823,2,1,OperatingTarget,0,0,1,15,Right,1,1,Correct,1,1.003446,1,0,1.000000,TaskSwitchPedal,0,0.500000,0.200000,,0.100000,5.000000,10.000000,702958461,148.327128,147.311744,147.323683,145.483462,145.495402,0.011939,146.498847,0,1,2,1,OperatingTarget,Place,Place.PostPlacementRaising,Place,Place.PostPlacementRaising,1,"{""pedalAxisName"":""TaskSwitchPedal"",""usePlusMinusKeys"":true,""positivePedalKey"":61,""negativePedalKey"":45,""invertPedalAxis"":false,""pressThreshold"":0.5,""releaseThreshold"":0.20000000298023225,""minimumIntervalSeconds"":5.0,""maximumIntervalSeconds"":10.0,""minimumValidReactionSeconds"":0.10000000149011612,""randomSeed"":702958461}",,0,0.000000,1.003446,CorrectSidePress,1,0,0,1,Correct,1,1.003446,146.498847,1.003446,0.000000,1,0,PlusMinusKeys,0,1
20261008T082119469Z_04162e34eb32420696a9d803ab422fa6,,,1,1,TrialFinished,Visual,2026-10-08T08:23:45.9739369Z,146.498847,145.022760,6823,2,1,OperatingTarget,0,0,1,15,Right,1,1,Correct,1,1.003446,1,0,1.000000,TaskSwitchPedal,0,0.500000,0.200000,,0.100000,5.000000,10.000000,702958461,148.327128,147.311744,147.323683,145.483462,145.495402,0.011939,146.498847,0,0,2,1,OperatingTarget,Place,Place.PostPlacementRaising,Place,Place.PostPlacementRaising,1,"{""pedalAxisName"":""TaskSwitchPedal"",""usePlusMinusKeys"":true,""positivePedalKey"":61,""negativePedalKey"":45,""invertPedalAxis"":false,""pressThreshold"":0.5,""releaseThreshold"":0.20000000298023225,""minimumIntervalSeconds"":5.0,""maximumIntervalSeconds"":10.0,""minimumValidReactionSeconds"":0.10000000149011612,""randomSeed"":702958461}",,0,0.000000,1.003446,CorrectSidePress,1,0,0,1,Correct,1,1.003446,146.498847,1.003446,0.000000,1,0,PlusMinusKeys,0,1
20261008T082119469Z_04162e34eb32420696a9d803ab422fa6,,,1,1,StimulusScheduled,Visual,2026-10-08T08:23:45.9739369Z,146.499273,145.022760,6823,2,1,OperatingTarget,0,0,1,16,Right,1,,,,,0,0,1.000000,TaskSwitchPedal,0,0.500000,0.200000,,0.100000,5.000000,10.000000,702958461,148.327554,154.743157,,152.914876,,,,0,0,,,,,,Place,Place.PostPlacementRaising,1,"{""pedalAxisName"":""TaskSwitchPedal"",""usePlusMinusKeys"":true,""positivePedalKey"":61,""negativePedalKey"":45,""invertPedalAxis"":false,""pressThreshold"":0.5,""releaseThreshold"":0.20000000298023225,""minimumIntervalSeconds"":5.0,""maximumIntervalSeconds"":10.0,""minimumValidReactionSeconds"":0.10000000149011612,""randomSeed"":702958461}",,0,0.000000,,CorrectSidePress,0,0,0,,,,,,,0.000000,1,0,PlusMinusKeys,0,1
20261008T082119469Z_04162e34eb32420696a9d803ab422fa6,,,1,1,StimulusOnsetObserved,Visual,2026-10-08T08:23:52.3972172Z,152.922881,151.446921,7116,2,1,OperatingTarget,0,0,1,16,Right,1,,,,,1,0,0.000000,TaskSwitchPedal,0,0.500000,0.200000,,0.100000,5.000000,10.000000,702958461,154.751162,154.743157,154.751162,152.914876,152.922881,0.008005,,0,1,2,1,OperatingTarget,Place,Place.PostPlacementRaising,Place,Place.PostPlacementRaising,1,"{""pedalAxisName"":""TaskSwitchPedal"",""usePlusMinusKeys"":true,""positivePedalKey"":61,""negativePedalKey"":45,""invertPedalAxis"":false,""pressThreshold"":0.5,""releaseThreshold"":0.20000000298023225,""minimumIntervalSeconds"":5.0,""maximumIntervalSeconds"":10.0,""minimumValidReactionSeconds"":0.10000000149011612,""randomSeed"":702958461}",,0,0.000000,,CorrectSidePress,0,0,0,,,,,,,0.000000,0,0,Axis,0,1
20261008T082119469Z_04162e34eb32420696a9d803ab422fa6,,,1,1,PedalPressed,Visual,2026-10-08T08:23:53.7452323Z,154.271138,152.794727,7160,2,0,WaitingForSourceConfirmation,1,0,1,16,Right,1,1,Correct,1,1.348257,1,0,1.000000,TaskSwitchPedal,0,0.500000,0.200000,,0.100000,5.000000,10.000000,702958461,156.099419,154.743157,154.751162,152.914876,152.922881,0.008005,154.271138,0,1,2,1,OperatingTarget,Place,Place.PostPlacementRaising,Move1,,1,"{""pedalAxisName"":""TaskSwitchPedal"",""usePlusMinusKeys"":true,""positivePedalKey"":61,""negativePedalKey"":45,""invertPedalAxis"":false,""pressThreshold"":0.5,""releaseThreshold"":0.20000000298023225,""minimumIntervalSeconds"":5.0,""maximumIntervalSeconds"":10.0,""minimumValidReactionSeconds"":0.10000000149011612,""randomSeed"":702958461}",,0,0.000000,1.348257,CorrectSidePress,1,0,0,1,Correct,1,1.348257,154.271138,1.348257,0.000000,1,0,PlusMinusKeys,0,1
20261008T082119469Z_04162e34eb32420696a9d803ab422fa6,,,1,1,TrialFinished,Visual,2026-10-08T08:23:53.7452323Z,154.271138,152.794727,7160,2,0,WaitingForSourceConfirmation,1,0,1,16,Right,1,1,Correct,1,1.348257,1,0,1.000000,TaskSwitchPedal,0,0.500000,0.200000,,0.100000,5.000000,10.000000,702958461,156.099419,154.743157,154.751162,152.914876,152.922881,0.008005,154.271138,0,0,2,1,OperatingTarget,Place,Place.PostPlacementRaising,Move1,,1,"{""pedalAxisName"":""TaskSwitchPedal"",""usePlusMinusKeys"":true,""positivePedalKey"":61,""negativePedalKey"":45,""invertPedalAxis"":false,""pressThreshold"":0.5,""releaseThreshold"":0.20000000298023225,""minimumIntervalSeconds"":5.0,""maximumIntervalSeconds"":10.0,""minimumValidReactionSeconds"":0.10000000149011612,""randomSeed"":702958461}",,0,0.000000,1.348257,CorrectSidePress,1,0,0,1,Correct,1,1.348257,154.271138,1.348257,0.000000,1,0,PlusMinusKeys,0,1
20261008T082119469Z_04162e34eb32420696a9d803ab422fa6,,,1,1,StimulusScheduled,Visual,2026-10-08T08:23:53.7452323Z,154.271505,152.794727,7160,2,0,WaitingForSourceConfirmation,1,0,1,17,Right,1,,,,,0,0,1.000000,TaskSwitchPedal,0,0.500000,0.200000,,0.100000,5.000000,10.000000,702958461,156.099787,165.490475,,163.662194,,,,0,0,,,,,,Move1,,1,"{""pedalAxisName"":""TaskSwitchPedal"",""usePlusMinusKeys"":true,""positivePedalKey"":61,""negativePedalKey"":45,""invertPedalAxis"":false,""pressThreshold"":0.5,""releaseThreshold"":0.20000000298023225,""minimumIntervalSeconds"":5.0,""maximumIntervalSeconds"":10.0,""minimumValidReactionSeconds"":0.10000000149011612,""randomSeed"":702958461}",,0,0.000000,,CorrectSidePress,0,0,0,,,,,,,0.000000,1,0,PlusMinusKeys,0,1
20261008T082119469Z_04162e34eb32420696a9d803ab422fa6,,,1,1,StimulusOnsetObserved,Visual,2026-10-08T08:24:03.1555404Z,163.682084,162.205437,7505,2,0,OperatingSource,0,0,1,17,Right,1,,,,,1,0,0.000000,TaskSwitchPedal,0,0.500000,0.200000,,0.100000,5.000000,10.000000,702958461,165.510365,165.490475,165.510365,163.662194,163.682084,0.019890,,0,1,2,0,OperatingSource,LiftUp,LiftUp.PickupLowering,LiftUp,LiftUp.PickupLowering,1,"{""pedalAxisName"":""TaskSwitchPedal"",""usePlusMinusKeys"":true,""positivePedalKey"":61,""negativePedalKey"":45,""invertPedalAxis"":false,""pressThreshold"":0.5,""releaseThreshold"":0.20000000298023225,""minimumIntervalSeconds"":5.0,""maximumIntervalSeconds"":10.0,""minimumValidReactionSeconds"":0.10000000149011612,""randomSeed"":702958461}",,0,0.000000,,CorrectSidePress,0,0,0,,,,,,,0.000000,0,0,Axis,0,1
20261008T082119469Z_04162e34eb32420696a9d803ab422fa6,,,1,1,PedalPressed,Visual,2026-10-08T08:24:04.2322322Z,164.758496,163.281297,7545,2,0,OperatingSource,0,0,1,17,Right,1,1,Correct,1,1.076413,1,0,1.000000,TaskSwitchPedal,0,0.500000,0.200000,,0.100000,5.000000,10.000000,702958461,166.586778,165.490475,165.510365,163.662194,163.682084,0.019890,164.758496,0,1,2,0,OperatingSource,LiftUp,LiftUp.PickupLowering,LiftUp,LiftUp.PickupLowering,1,"{""pedalAxisName"":""TaskSwitchPedal"",""usePlusMinusKeys"":true,""positivePedalKey"":61,""negativePedalKey"":45,""invertPedalAxis"":false,""pressThreshold"":0.5,""releaseThreshold"":0.20000000298023225,""minimumIntervalSeconds"":5.0,""maximumIntervalSeconds"":10.0,""minimumValidReactionSeconds"":0.10000000149011612,""randomSeed"":702958461}",,0,0.000000,1.076413,CorrectSidePress,1,0,0,1,Correct,1,1.076413,164.758496,1.076413,0.000000,1,0,PlusMinusKeys,0,1
20261008T082119469Z_04162e34eb32420696a9d803ab422fa6,,,1,1,TrialFinished,Visual,2026-10-08T08:24:04.2322322Z,164.758496,163.281297,7545,2,0,OperatingSource,0,0,1,17,Right,1,1,Correct,1,1.076413,1,0,1.000000,TaskSwitchPedal,0,0.500000,0.200000,,0.100000,5.000000,10.000000,702958461,166.586778,165.490475,165.510365,163.662194,163.682084,0.019890,164.758496,0,0,2,0,OperatingSource,LiftUp,LiftUp.PickupLowering,LiftUp,LiftUp.PickupLowering,1,"{""pedalAxisName"":""TaskSwitchPedal"",""usePlusMinusKeys"":true,""positivePedalKey"":61,""negativePedalKey"":45,""invertPedalAxis"":false,""pressThreshold"":0.5,""releaseThreshold"":0.20000000298023225,""minimumIntervalSeconds"":5.0,""maximumIntervalSeconds"":10.0,""minimumValidReactionSeconds"":0.10000000149011612,""randomSeed"":702958461}",,0,0.000000,1.076413,CorrectSidePress,1,0,0,1,Correct,1,1.076413,164.758496,1.076413,0.000000,1,0,PlusMinusKeys,0,1
20261008T082119469Z_04162e34eb32420696a9d803ab422fa6,,,1,1,StimulusScheduled,Visual,2026-10-08T08:24:04.2322322Z,164.758916,163.281297,7545,2,0,OperatingSource,0,0,1,18,Left,-1,,,,,0,0,1.000000,TaskSwitchPedal,0,0.500000,0.200000,,0.100000,5.000000,10.000000,702958461,166.587197,173.997396,,172.169115,,,,0,0,,,,,,LiftUp,LiftUp.PickupLowering,1,"{""pedalAxisName"":""TaskSwitchPedal"",""usePlusMinusKeys"":true,""positivePedalKey"":61,""negativePedalKey"":45,""invertPedalAxis"":false,""pressThreshold"":0.5,""releaseThreshold"":0.20000000298023225,""minimumIntervalSeconds"":5.0,""maximumIntervalSeconds"":10.0,""minimumValidReactionSeconds"":0.10000000149011612,""randomSeed"":702958461}",,0,0.000000,,CorrectSidePress,0,0,0,,,,,,,0.000000,1,0,PlusMinusKeys,0,1
20261008T082119469Z_04162e34eb32420696a9d803ab422fa6,,,1,1,StimulusOnsetObserved,Visual,2026-10-08T08:24:11.6583732Z,172.184686,170.708654,7839,2,0,OperatingSource,0,0,1,18,Left,-1,,,,,1,0,0.000000,TaskSwitchPedal,0,0.500000,0.200000,,0.100000,5.000000,10.000000,702958461,174.012967,173.997396,174.012967,172.169115,172.184686,0.015571,,1,0,2,0,OperatingSource,LiftUp,LiftUp.LoadedRaising,LiftUp,LiftUp.LoadedRaising,1,"{""pedalAxisName"":""TaskSwitchPedal"",""usePlusMinusKeys"":true,""positivePedalKey"":61,""negativePedalKey"":45,""invertPedalAxis"":false,""pressThreshold"":0.5,""releaseThreshold"":0.20000000298023225,""minimumIntervalSeconds"":5.0,""maximumIntervalSeconds"":10.0,""minimumValidReactionSeconds"":0.10000000149011612,""randomSeed"":702958461}",,0,0.000000,,CorrectSidePress,0,0,0,,,,,,,0.000000,0,0,Axis,0,1
20261008T082119469Z_04162e34eb32420696a9d803ab422fa6,,,1,1,PedalPressed,Visual,2026-10-08T08:24:12.6744109Z,173.201721,171.725474,7880,2,0,OperatingSource,0,0,1,18,Left,-1,-1,Correct,1,1.017036,1,0,-1.000000,TaskSwitchPedal,0,0.500000,0.200000,,0.100000,5.000000,10.000000,702958461,175.030002,173.997396,174.012967,172.169115,172.184686,0.015571,173.201721,1,0,2,0,OperatingSource,LiftUp,LiftUp.LoadedRaising,LiftUp,LiftUp.LoadedRaising,1,"{""pedalAxisName"":""TaskSwitchPedal"",""usePlusMinusKeys"":true,""positivePedalKey"":61,""negativePedalKey"":45,""invertPedalAxis"":false,""pressThreshold"":0.5,""releaseThreshold"":0.20000000298023225,""minimumIntervalSeconds"":5.0,""maximumIntervalSeconds"":10.0,""minimumValidReactionSeconds"":0.10000000149011612,""randomSeed"":702958461}",,0,0.000000,1.017035,CorrectSidePress,1,0,0,-1,Correct,1,1.017036,173.201721,1.017035,0.000000,0,1,PlusMinusKeys,0,1
20261008T082119469Z_04162e34eb32420696a9d803ab422fa6,,,1,1,TrialFinished,Visual,2026-10-08T08:24:12.6744109Z,173.201721,171.725474,7880,2,0,OperatingSource,0,0,1,18,Left,-1,-1,Correct,1,1.017036,1,0,-1.000000,TaskSwitchPedal,0,0.500000,0.200000,,0.100000,5.000000,10.000000,702958461,175.030002,173.997396,174.012967,172.169115,172.184686,0.015571,173.201721,0,0,2,0,OperatingSource,LiftUp,LiftUp.LoadedRaising,LiftUp,LiftUp.LoadedRaising,1,"{""pedalAxisName"":""TaskSwitchPedal"",""usePlusMinusKeys"":true,""positivePedalKey"":61,""negativePedalKey"":45,""invertPedalAxis"":false,""pressThreshold"":0.5,""releaseThreshold"":0.20000000298023225,""minimumIntervalSeconds"":5.0,""maximumIntervalSeconds"":10.0,""minimumValidReactionSeconds"":0.10000000149011612,""randomSeed"":702958461}",,0,0.000000,1.017035,CorrectSidePress,1,0,0,-1,Correct,1,1.017036,173.201721,1.017035,0.000000,0,1,PlusMinusKeys,0,1
20261008T082119469Z_04162e34eb32420696a9d803ab422fa6,,,1,1,StimulusScheduled,Visual,2026-10-08T08:24:12.6757152Z,173.202009,171.725474,7880,2,0,OperatingSource,0,0,1,19,Right,1,,,,,0,0,-1.000000,TaskSwitchPedal,0,0.500000,0.200000,,0.100000,5.000000,10.000000,702958461,175.030290,182.354330,,180.526049,,,,0,0,,,,,,LiftUp,LiftUp.LoadedRaising,1,"{""pedalAxisName"":""TaskSwitchPedal"",""usePlusMinusKeys"":true,""positivePedalKey"":61,""negativePedalKey"":45,""invertPedalAxis"":false,""pressThreshold"":0.5,""releaseThreshold"":0.20000000298023225,""minimumIntervalSeconds"":5.0,""maximumIntervalSeconds"":10.0,""minimumValidReactionSeconds"":0.10000000149011612,""randomSeed"":702958461}",,0,0.000000,,CorrectSidePress,0,0,0,,,,,,,0.000000,0,1,PlusMinusKeys,0,1
20261008T082119469Z_04162e34eb32420696a9d803ab422fa6,,,1,1,StimulusOnsetObserved,Visual,2026-10-08T08:24:20.0336166Z,180.560938,179.083539,8183,2,0,OperatingSource,0,0,1,19,Right,1,,,,,1,0,0.000000,TaskSwitchPedal,0,0.500000,0.200000,,0.100000,5.000000,10.000000,702958461,182.389219,182.354330,182.389219,180.526049,180.560938,0.034888,,0,1,2,0,OperatingSource,Move2,Move2.DestinationCoarseMove,Move2,Move2.DestinationCoarseMove,1,"{""pedalAxisName"":""TaskSwitchPedal"",""usePlusMinusKeys"":true,""positivePedalKey"":61,""negativePedalKey"":45,""invertPedalAxis"":false,""pressThreshold"":0.5,""releaseThreshold"":0.20000000298023225,""minimumIntervalSeconds"":5.0,""maximumIntervalSeconds"":10.0,""minimumValidReactionSeconds"":0.10000000149011612,""randomSeed"":702958461}",,0,0.000000,,CorrectSidePress,0,0,0,,,,,,,0.000000,0,0,Axis,0,1
20261008T082119469Z_04162e34eb32420696a9d803ab422fa6,,,1,1,PedalPressed,Visual,2026-10-08T08:24:21.6926476Z,182.219642,180.742999,8244,2,0,OperatingSource,0,0,1,19,Right,1,1,Correct,1,1.658704,1,0,1.000000,TaskSwitchPedal,0,0.500000,0.200000,,0.100000,5.000000,10.000000,702958461,184.047923,182.354330,182.389219,180.526049,180.560938,0.034888,182.219642,0,1,2,0,OperatingSource,Move2,Move2.DestinationCoarseMove,Move2,Move2.DestinationCoarseMove,1,"{""pedalAxisName"":""TaskSwitchPedal"",""usePlusMinusKeys"":true,""positivePedalKey"":61,""negativePedalKey"":45,""invertPedalAxis"":false,""pressThreshold"":0.5,""releaseThreshold"":0.20000000298023225,""minimumIntervalSeconds"":5.0,""maximumIntervalSeconds"":10.0,""minimumValidReactionSeconds"":0.10000000149011612,""randomSeed"":702958461}",,0,0.000000,1.658704,CorrectSidePress,1,0,0,1,Correct,1,1.658704,182.219642,1.658704,0.000000,1,0,PlusMinusKeys,0,1
20261008T082119469Z_04162e34eb32420696a9d803ab422fa6,,,1,1,TrialFinished,Visual,2026-10-08T08:24:21.6926476Z,182.219642,180.742999,8244,2,0,OperatingSource,0,0,1,19,Right,1,1,Correct,1,1.658704,1,0,1.000000,TaskSwitchPedal,0,0.500000,0.200000,,0.100000,5.000000,10.000000,702958461,184.047923,182.354330,182.389219,180.526049,180.560938,0.034888,182.219642,0,0,2,0,OperatingSource,Move2,Move2.DestinationCoarseMove,Move2,Move2.DestinationCoarseMove,1,"{""pedalAxisName"":""TaskSwitchPedal"",""usePlusMinusKeys"":true,""positivePedalKey"":61,""negativePedalKey"":45,""invertPedalAxis"":false,""pressThreshold"":0.5,""releaseThreshold"":0.20000000298023225,""minimumIntervalSeconds"":5.0,""maximumIntervalSeconds"":10.0,""minimumValidReactionSeconds"":0.10000000149011612,""randomSeed"":702958461}",,0,0.000000,1.658704,CorrectSidePress,1,0,0,1,Correct,1,1.658704,182.219642,1.658704,0.000000,1,0,PlusMinusKeys,0,1
20261008T082119469Z_04162e34eb32420696a9d803ab422fa6,,,1,1,StimulusScheduled,Visual,2026-10-08T08:24:21.6926476Z,182.220142,180.742999,8244,2,0,OperatingSource,0,0,1,20,Left,-1,,,,,0,0,1.000000,TaskSwitchPedal,0,0.500000,0.200000,,0.100000,5.000000,10.000000,702958461,184.048423,192.578353,,190.750072,,,,0,0,,,,,,Move2,Move2.DestinationCoarseMove,1,"{""pedalAxisName"":""TaskSwitchPedal"",""usePlusMinusKeys"":true,""positivePedalKey"":61,""negativePedalKey"":45,""invertPedalAxis"":false,""pressThreshold"":0.5,""releaseThreshold"":0.20000000298023225,""minimumIntervalSeconds"":5.0,""maximumIntervalSeconds"":10.0,""minimumValidReactionSeconds"":0.10000000149011612,""randomSeed"":702958461}",,0,0.000000,,CorrectSidePress,0,0,0,,,,,,,0.000000,1,0,PlusMinusKeys,0,1
20261008T082119469Z_04162e34eb32420696a9d803ab422fa6,,,1,1,StimulusOnsetObserved,Visual,2026-10-08T08:24:30.2292993Z,190.756747,189.280667,8568,3,0,WaitingForPhaseBoundary,0,0,1,20,Left,-1,,,,,1,0,0.000000,TaskSwitchPedal,0,0.500000,0.200000,,0.100000,5.000000,10.000000,702958461,192.585028,192.578353,192.585028,190.750072,190.756747,0.006675,,1,0,3,0,WaitingForPhaseBoundary,Move2,Move2.DestinationCoarseMove,Move2,Move2.DestinationCoarseMove,1,"{""pedalAxisName"":""TaskSwitchPedal"",""usePlusMinusKeys"":true,""positivePedalKey"":61,""negativePedalKey"":45,""invertPedalAxis"":false,""pressThreshold"":0.5,""releaseThreshold"":0.20000000298023225,""minimumIntervalSeconds"":5.0,""maximumIntervalSeconds"":10.0,""minimumValidReactionSeconds"":0.10000000149011612,""randomSeed"":702958461}",,0,0.000000,,CorrectSidePress,0,0,0,,,,,,,0.000000,0,0,Axis,0,1
20261008T082119469Z_04162e34eb32420696a9d803ab422fa6,,,1,1,PedalPressed,Visual,2026-10-08T08:24:31.4097368Z,191.937816,190.458989,8615,3,0,WaitingForPhaseBoundary,0,0,1,20,Left,-1,-1,Correct,1,1.181068,1,0,-1.000000,TaskSwitchPedal,0,0.500000,0.200000,,0.100000,5.000000,10.000000,702958461,193.766097,192.578353,192.585028,190.750072,190.756747,0.006675,191.937816,1,0,3,0,WaitingForPhaseBoundary,Move2,Move2.DestinationCoarseMove,Move2,Move2.DestinationCoarseMove,1,"{""pedalAxisName"":""TaskSwitchPedal"",""usePlusMinusKeys"":true,""positivePedalKey"":61,""negativePedalKey"":45,""invertPedalAxis"":false,""pressThreshold"":0.5,""releaseThreshold"":0.20000000298023225,""minimumIntervalSeconds"":5.0,""maximumIntervalSeconds"":10.0,""minimumValidReactionSeconds"":0.10000000149011612,""randomSeed"":702958461}",,0,0.000000,1.181068,CorrectSidePress,1,0,0,-1,Correct,1,1.181068,191.937816,1.181068,0.000000,0,1,PlusMinusKeys,0,1
20261008T082119469Z_04162e34eb32420696a9d803ab422fa6,,,1,1,TrialFinished,Visual,2026-10-08T08:24:31.4097368Z,191.937816,190.458989,8615,3,0,WaitingForPhaseBoundary,0,0,1,20,Left,-1,-1,Correct,1,1.181068,1,0,-1.000000,TaskSwitchPedal,0,0.500000,0.200000,,0.100000,5.000000,10.000000,702958461,193.766097,192.578353,192.585028,190.750072,190.756747,0.006675,191.937816,0,0,3,0,WaitingForPhaseBoundary,Move2,Move2.DestinationCoarseMove,Move2,Move2.DestinationCoarseMove,1,"{""pedalAxisName"":""TaskSwitchPedal"",""usePlusMinusKeys"":true,""positivePedalKey"":61,""negativePedalKey"":45,""invertPedalAxis"":false,""pressThreshold"":0.5,""releaseThreshold"":0.20000000298023225,""minimumIntervalSeconds"":5.0,""maximumIntervalSeconds"":10.0,""minimumValidReactionSeconds"":0.10000000149011612,""randomSeed"":702958461}",,0,0.000000,1.181068,CorrectSidePress,1,0,0,-1,Correct,1,1.181068,191.937816,1.181068,0.000000,0,1,PlusMinusKeys,0,1
20261008T082119469Z_04162e34eb32420696a9d803ab422fa6,,,1,1,StimulusScheduled,Visual,2026-10-08T08:24:31.4097368Z,191.938326,190.458989,8615,3,0,WaitingForPhaseBoundary,0,0,1,21,Left,-1,,,,,0,0,-1.000000,TaskSwitchPedal,0,0.500000,0.200000,,0.100000,5.000000,10.000000,702958461,193.766607,203.394487,,201.566206,,,,0,0,,,,,,Move2,Move2.DestinationCoarseMove,1,"{""pedalAxisName"":""TaskSwitchPedal"",""usePlusMinusKeys"":true,""positivePedalKey"":61,""negativePedalKey"":45,""invertPedalAxis"":false,""pressThreshold"":0.5,""releaseThreshold"":0.20000000298023225,""minimumIntervalSeconds"":5.0,""maximumIntervalSeconds"":10.0,""minimumValidReactionSeconds"":0.10000000149011612,""randomSeed"":702958461}",,0,0.000000,,CorrectSidePress,0,0,0,,,,,,,0.000000,0,1,PlusMinusKeys,0,1
20261008T082119469Z_04162e34eb32420696a9d803ab422fa6,,,1,1,StimulusOnsetObserved,Visual,2026-10-08T08:24:41.0436415Z,201.572483,200.096311,9010,3,1,OperatingTarget,0,0,1,21,Left,-1,,,,,1,0,0.000000,TaskSwitchPedal,0,0.500000,0.200000,,0.100000,5.000000,10.000000,702958461,203.400764,203.394487,203.400764,201.566206,201.572483,0.006277,,1,0,3,1,OperatingTarget,Move1,Move1.PickupCoarseMove,Move1,Move1.PickupCoarseMove,1,"{""pedalAxisName"":""TaskSwitchPedal"",""usePlusMinusKeys"":true,""positivePedalKey"":61,""negativePedalKey"":45,""invertPedalAxis"":false,""pressThreshold"":0.5,""releaseThreshold"":0.20000000298023225,""minimumIntervalSeconds"":5.0,""maximumIntervalSeconds"":10.0,""minimumValidReactionSeconds"":0.10000000149011612,""randomSeed"":702958461}",,0,0.000000,,CorrectSidePress,0,0,0,,,,,,,0.000000,0,0,Axis,0,1
20261008T082119469Z_04162e34eb32420696a9d803ab422fa6,,,1,1,PedalPressed,Visual,2026-10-08T08:24:42.1158747Z,202.644173,201.167947,9056,3,1,OperatingTarget,0,0,1,21,Left,-1,-1,Correct,1,1.071690,1,0,-1.000000,TaskSwitchPedal,0,0.500000,0.200000,,0.100000,5.000000,10.000000,702958461,204.472454,203.394487,203.400764,201.566206,201.572483,0.006277,202.644173,1,0,3,1,OperatingTarget,Move1,Move1.PickupCoarseMove,Move1,Move1.PickupCoarseMove,1,"{""pedalAxisName"":""TaskSwitchPedal"",""usePlusMinusKeys"":true,""positivePedalKey"":61,""negativePedalKey"":45,""invertPedalAxis"":false,""pressThreshold"":0.5,""releaseThreshold"":0.20000000298023225,""minimumIntervalSeconds"":5.0,""maximumIntervalSeconds"":10.0,""minimumValidReactionSeconds"":0.10000000149011612,""randomSeed"":702958461}",,0,0.000000,1.071690,CorrectSidePress,1,0,0,-1,Correct,1,1.071690,202.644173,1.071690,0.000000,0,1,PlusMinusKeys,0,1
20261008T082119469Z_04162e34eb32420696a9d803ab422fa6,,,1,1,TrialFinished,Visual,2026-10-08T08:24:42.1158747Z,202.644173,201.167947,9056,3,1,OperatingTarget,0,0,1,21,Left,-1,-1,Correct,1,1.071690,1,0,-1.000000,TaskSwitchPedal,0,0.500000,0.200000,,0.100000,5.000000,10.000000,702958461,204.472454,203.394487,203.400764,201.566206,201.572483,0.006277,202.644173,0,0,3,1,OperatingTarget,Move1,Move1.PickupCoarseMove,Move1,Move1.PickupCoarseMove,1,"{""pedalAxisName"":""TaskSwitchPedal"",""usePlusMinusKeys"":true,""positivePedalKey"":61,""negativePedalKey"":45,""invertPedalAxis"":false,""pressThreshold"":0.5,""releaseThreshold"":0.20000000298023225,""minimumIntervalSeconds"":5.0,""maximumIntervalSeconds"":10.0,""minimumValidReactionSeconds"":0.10000000149011612,""randomSeed"":702958461}",,0,0.000000,1.071690,CorrectSidePress,1,0,0,-1,Correct,1,1.071690,202.644173,1.071690,0.000000,0,1,PlusMinusKeys,0,1
20261008T082119469Z_04162e34eb32420696a9d803ab422fa6,,,1,1,StimulusScheduled,Visual,2026-10-08T08:24:42.1158747Z,202.644560,201.167947,9056,3,1,OperatingTarget,0,0,1,22,Left,-1,,,,,0,0,-1.000000,TaskSwitchPedal,0,0.500000,0.200000,,0.100000,5.000000,10.000000,702958461,204.472842,213.755027,,211.926746,,,,0,0,,,,,,Move1,Move1.PickupCoarseMove,1,"{""pedalAxisName"":""TaskSwitchPedal"",""usePlusMinusKeys"":true,""positivePedalKey"":61,""negativePedalKey"":45,""invertPedalAxis"":false,""pressThreshold"":0.5,""releaseThreshold"":0.20000000298023225,""minimumIntervalSeconds"":5.0,""maximumIntervalSeconds"":10.0,""minimumValidReactionSeconds"":0.10000000149011612,""randomSeed"":702958461}",,0,0.000000,,CorrectSidePress,0,0,0,,,,,,,0.000000,0,1,PlusMinusKeys,0,1
20261008T082119469Z_04162e34eb32420696a9d803ab422fa6,,,1,1,StimulusOnsetObserved,Visual,2026-10-08T08:24:51.4014711Z,211.930363,210.453947,9469,3,1,OperatingTarget,0,0,1,22,Left,-1,,,,,1,0,0.000000,TaskSwitchPedal,0,0.500000,0.200000,,0.100000,5.000000,10.000000,702958461,213.758644,213.755027,213.758644,211.926746,211.930363,0.003617,,1,0,3,1,OperatingTarget,LiftUp,LiftUp.PickupLowering,LiftUp,LiftUp.PickupLowering,1,"{""pedalAxisName"":""TaskSwitchPedal"",""usePlusMinusKeys"":true,""positivePedalKey"":61,""negativePedalKey"":45,""invertPedalAxis"":false,""pressThreshold"":0.5,""releaseThreshold"":0.20000000298023225,""minimumIntervalSeconds"":5.0,""maximumIntervalSeconds"":10.0,""minimumValidReactionSeconds"":0.10000000149011612,""randomSeed"":702958461}",,0,0.000000,,CorrectSidePress,0,0,0,,,,,,,0.000000,0,0,Axis,0,1
20261008T082119469Z_04162e34eb32420696a9d803ab422fa6,,,1,1,PedalPressed,Visual,2026-10-08T08:24:52.6941905Z,213.223301,211.747014,9528,3,1,OperatingTarget,0,0,1,22,Left,-1,-1,Correct,1,1.292938,1,0,-1.000000,TaskSwitchPedal,0,0.500000,0.200000,,0.100000,5.000000,10.000000,702958461,215.051582,213.755027,213.758644,211.926746,211.930363,0.003617,213.223301,1,0,3,1,OperatingTarget,LiftUp,LiftUp.PickupLowering,LiftUp,LiftUp.PickupLowering,1,"{""pedalAxisName"":""TaskSwitchPedal"",""usePlusMinusKeys"":true,""positivePedalKey"":61,""negativePedalKey"":45,""invertPedalAxis"":false,""pressThreshold"":0.5,""releaseThreshold"":0.20000000298023225,""minimumIntervalSeconds"":5.0,""maximumIntervalSeconds"":10.0,""minimumValidReactionSeconds"":0.10000000149011612,""randomSeed"":702958461}",,0,0.000000,1.292938,CorrectSidePress,1,0,0,-1,Correct,1,1.292938,213.223301,1.292938,0.000000,0,1,PlusMinusKeys,0,1
20261008T082119469Z_04162e34eb32420696a9d803ab422fa6,,,1,1,TrialFinished,Visual,2026-10-08T08:24:52.6952571Z,213.223301,211.747014,9528,3,1,OperatingTarget,0,0,1,22,Left,-1,-1,Correct,1,1.292938,1,0,-1.000000,TaskSwitchPedal,0,0.500000,0.200000,,0.100000,5.000000,10.000000,702958461,215.051582,213.755027,213.758644,211.926746,211.930363,0.003617,213.223301,0,0,3,1,OperatingTarget,LiftUp,LiftUp.PickupLowering,LiftUp,LiftUp.PickupLowering,1,"{""pedalAxisName"":""TaskSwitchPedal"",""usePlusMinusKeys"":true,""positivePedalKey"":61,""negativePedalKey"":45,""invertPedalAxis"":false,""pressThreshold"":0.5,""releaseThreshold"":0.20000000298023225,""minimumIntervalSeconds"":5.0,""maximumIntervalSeconds"":10.0,""minimumValidReactionSeconds"":0.10000000149011612,""randomSeed"":702958461}",,0,0.000000,1.292938,CorrectSidePress,1,0,0,-1,Correct,1,1.292938,213.223301,1.292938,0.000000,0,1,PlusMinusKeys,0,1
20261008T082119469Z_04162e34eb32420696a9d803ab422fa6,,,1,1,StimulusScheduled,Visual,2026-10-08T08:24:52.6952571Z,213.223687,211.747014,9528,3,1,OperatingTarget,0,0,1,23,Left,-1,,,,,0,0,-1.000000,TaskSwitchPedal,0,0.500000,0.200000,,0.100000,5.000000,10.000000,702958461,215.051968,221.565175,,219.736894,,,,0,0,,,,,,LiftUp,LiftUp.PickupLowering,1,"{""pedalAxisName"":""TaskSwitchPedal"",""usePlusMinusKeys"":true,""positivePedalKey"":61,""negativePedalKey"":45,""invertPedalAxis"":false,""pressThreshold"":0.5,""releaseThreshold"":0.20000000298023225,""minimumIntervalSeconds"":5.0,""maximumIntervalSeconds"":10.0,""minimumValidReactionSeconds"":0.10000000149011612,""randomSeed"":702958461}",,0,0.000000,,CorrectSidePress,0,0,0,,,,,,,0.000000,0,1,PlusMinusKeys,0,1
20261008T082119469Z_04162e34eb32420696a9d803ab422fa6,,,1,1,StimulusOnsetObserved,Visual,2026-10-08T08:24:59.2447359Z,219.773589,218.296493,9789,3,1,OperatingTarget,0,0,1,23,Left,-1,,,,,1,0,0.000000,TaskSwitchPedal,0,0.500000,0.200000,,0.100000,5.000000,10.000000,702958461,221.601870,221.565175,221.601870,219.736894,219.773589,0.036696,,1,0,3,1,OperatingTarget,LiftUp,LiftUp.LoadAcquisition,LiftUp,LiftUp.LoadAcquisition,1,"{""pedalAxisName"":""TaskSwitchPedal"",""usePlusMinusKeys"":true,""positivePedalKey"":61,""negativePedalKey"":45,""invertPedalAxis"":false,""pressThreshold"":0.5,""releaseThreshold"":0.20000000298023225,""minimumIntervalSeconds"":5.0,""maximumIntervalSeconds"":10.0,""minimumValidReactionSeconds"":0.10000000149011612,""randomSeed"":702958461}",,0,0.000000,,CorrectSidePress,0,0,0,,,,,,,0.000000,0,0,Axis,0,1
20261008T082119469Z_04162e34eb32420696a9d803ab422fa6,,,1,1,PedalPressed,Visual,2026-10-08T08:25:00.2344308Z,220.763715,219.287057,9825,3,1,OperatingTarget,0,0,1,23,Left,-1,-1,Correct,1,0.990125,1,0,-1.000000,TaskSwitchPedal,0,0.500000,0.200000,,0.100000,5.000000,10.000000,702958461,222.591996,221.565175,221.601870,219.736894,219.773589,0.036696,220.763715,1,0,3,1,OperatingTarget,LiftUp,LiftUp.LoadAcquisition,LiftUp,LiftUp.LoadAcquisition,1,"{""pedalAxisName"":""TaskSwitchPedal"",""usePlusMinusKeys"":true,""positivePedalKey"":61,""negativePedalKey"":45,""invertPedalAxis"":false,""pressThreshold"":0.5,""releaseThreshold"":0.20000000298023225,""minimumIntervalSeconds"":5.0,""maximumIntervalSeconds"":10.0,""minimumValidReactionSeconds"":0.10000000149011612,""randomSeed"":702958461}",,0,0.000000,0.990125,CorrectSidePress,1,0,0,-1,Correct,1,0.990125,220.763715,0.990125,0.000000,0,1,PlusMinusKeys,0,1
20261008T082119469Z_04162e34eb32420696a9d803ab422fa6,,,1,1,TrialFinished,Visual,2026-10-08T08:25:00.2344308Z,220.763715,219.287057,9825,3,1,OperatingTarget,0,0,1,23,Left,-1,-1,Correct,1,0.990125,1,0,-1.000000,TaskSwitchPedal,0,0.500000,0.200000,,0.100000,5.000000,10.000000,702958461,222.591996,221.565175,221.601870,219.736894,219.773589,0.036696,220.763715,0,0,3,1,OperatingTarget,LiftUp,LiftUp.LoadAcquisition,LiftUp,LiftUp.LoadAcquisition,1,"{""pedalAxisName"":""TaskSwitchPedal"",""usePlusMinusKeys"":true,""positivePedalKey"":61,""negativePedalKey"":45,""invertPedalAxis"":false,""pressThreshold"":0.5,""releaseThreshold"":0.20000000298023225,""minimumIntervalSeconds"":5.0,""maximumIntervalSeconds"":10.0,""minimumValidReactionSeconds"":0.10000000149011612,""randomSeed"":702958461}",,0,0.000000,0.990125,CorrectSidePress,1,0,0,-1,Correct,1,0.990125,220.763715,0.990125,0.000000,0,1,PlusMinusKeys,0,1
20261008T082119469Z_04162e34eb32420696a9d803ab422fa6,,,1,1,StimulusScheduled,Visual,2026-10-08T08:25:00.2354215Z,220.764035,219.287057,9825,3,1,OperatingTarget,0,0,1,24,Right,1,,,,,0,0,-1.000000,TaskSwitchPedal,0,0.500000,0.200000,,0.100000,5.000000,10.000000,702958461,222.592316,232.449408,,230.621127,,,,0,0,,,,,,LiftUp,LiftUp.LoadAcquisition,1,"{""pedalAxisName"":""TaskSwitchPedal"",""usePlusMinusKeys"":true,""positivePedalKey"":61,""negativePedalKey"":45,""invertPedalAxis"":false,""pressThreshold"":0.5,""releaseThreshold"":0.20000000298023225,""minimumIntervalSeconds"":5.0,""maximumIntervalSeconds"":10.0,""minimumValidReactionSeconds"":0.10000000149011612,""randomSeed"":702958461}",,0,0.000000,,CorrectSidePress,0,0,0,,,,,,,0.000000,0,1,PlusMinusKeys,0,1
20261008T082119469Z_04162e34eb32420696a9d803ab422fa6,,,1,1,StimulusOnsetObserved,Visual,2026-10-08T08:25:10.1026204Z,230.632403,229.155363,10198,3,0,OperatingSource,0,0,1,24,Right,1,,,,,1,0,0.000000,TaskSwitchPedal,0,0.500000,0.200000,,0.100000,5.000000,10.000000,702958461,232.460684,232.449408,232.460684,230.621127,230.632403,0.011276,,0,1,3,0,OperatingSource,Place,Place.PlacementLowering,Place,Place.PlacementLowering,1,"{""pedalAxisName"":""TaskSwitchPedal"",""usePlusMinusKeys"":true,""positivePedalKey"":61,""negativePedalKey"":45,""invertPedalAxis"":false,""pressThreshold"":0.5,""releaseThreshold"":0.20000000298023225,""minimumIntervalSeconds"":5.0,""maximumIntervalSeconds"":10.0,""minimumValidReactionSeconds"":0.10000000149011612,""randomSeed"":702958461}",,0,0.000000,,CorrectSidePress,0,0,0,,,,,,,0.000000,0,0,Axis,0,1
20261008T082119469Z_04162e34eb32420696a9d803ab422fa6,,,1,1,PedalPressed,Visual,2026-10-08T08:25:11.1405955Z,231.669998,230.192600,10235,3,0,OperatingSource,0,0,1,24,Right,1,1,Correct,1,1.037596,1,0,1.000000,TaskSwitchPedal,0,0.500000,0.200000,,0.100000,5.000000,10.000000,702958461,233.498279,232.449408,232.460684,230.621127,230.632403,0.011276,231.669998,0,1,3,0,OperatingSource,Place,Place.PlacementLowering,Place,Place.PlacementLowering,1,"{""pedalAxisName"":""TaskSwitchPedal"",""usePlusMinusKeys"":true,""positivePedalKey"":61,""negativePedalKey"":45,""invertPedalAxis"":false,""pressThreshold"":0.5,""releaseThreshold"":0.20000000298023225,""minimumIntervalSeconds"":5.0,""maximumIntervalSeconds"":10.0,""minimumValidReactionSeconds"":0.10000000149011612,""randomSeed"":702958461}",,0,0.000000,1.037596,CorrectSidePress,1,0,0,1,Correct,1,1.037596,231.669998,1.037596,0.000000,1,0,PlusMinusKeys,0,1
20261008T082119469Z_04162e34eb32420696a9d803ab422fa6,,,1,1,TrialFinished,Visual,2026-10-08T08:25:11.1411040Z,231.669998,230.192600,10235,3,0,OperatingSource,0,0,1,24,Right,1,1,Correct,1,1.037596,1,0,1.000000,TaskSwitchPedal,0,0.500000,0.200000,,0.100000,5.000000,10.000000,702958461,233.498279,232.449408,232.460684,230.621127,230.632403,0.011276,231.669998,0,0,3,0,OperatingSource,Place,Place.PlacementLowering,Place,Place.PlacementLowering,1,"{""pedalAxisName"":""TaskSwitchPedal"",""usePlusMinusKeys"":true,""positivePedalKey"":61,""negativePedalKey"":45,""invertPedalAxis"":false,""pressThreshold"":0.5,""releaseThreshold"":0.20000000298023225,""minimumIntervalSeconds"":5.0,""maximumIntervalSeconds"":10.0,""minimumValidReactionSeconds"":0.10000000149011612,""randomSeed"":702958461}",,0,0.000000,1.037596,CorrectSidePress,1,0,0,1,Correct,1,1.037596,231.669998,1.037596,0.000000,1,0,PlusMinusKeys,0,1
20261008T082119469Z_04162e34eb32420696a9d803ab422fa6,,,1,1,StimulusScheduled,Visual,2026-10-08T08:25:11.1411040Z,231.670359,230.192600,10235,3,0,OperatingSource,0,0,1,25,Right,1,,,,,0,0,1.000000,TaskSwitchPedal,0,0.500000,0.200000,,0.100000,5.000000,10.000000,702958461,233.498641,241.703867,,239.875586,,,,0,0,,,,,,Place,Place.PlacementLowering,1,"{""pedalAxisName"":""TaskSwitchPedal"",""usePlusMinusKeys"":true,""positivePedalKey"":61,""negativePedalKey"":45,""invertPedalAxis"":false,""pressThreshold"":0.5,""releaseThreshold"":0.20000000298023225,""minimumIntervalSeconds"":5.0,""maximumIntervalSeconds"":10.0,""minimumValidReactionSeconds"":0.10000000149011612,""randomSeed"":702958461}",,0,0.000000,,CorrectSidePress,0,0,0,,,,,,,0.000000,1,0,PlusMinusKeys,0,1
20261008T082119469Z_04162e34eb32420696a9d803ab422fa6,,,1,1,StimulusOnsetObserved,Visual,2026-10-08T08:25:19.3532562Z,239.883344,238.407445,10561,3,0,OperatingSource,0,0,1,25,Right,1,,,,,1,0,0.000000,TaskSwitchPedal,0,0.500000,0.200000,,0.100000,5.000000,10.000000,702958461,241.711625,241.703867,241.711625,239.875586,239.883344,0.007758,,0,1,3,0,OperatingSource,Place,Place.PostPlacementRaising,Place,Place.PostPlacementRaising,1,"{""pedalAxisName"":""TaskSwitchPedal"",""usePlusMinusKeys"":true,""positivePedalKey"":61,""negativePedalKey"":45,""invertPedalAxis"":false,""pressThreshold"":0.5,""releaseThreshold"":0.20000000298023225,""minimumIntervalSeconds"":5.0,""maximumIntervalSeconds"":10.0,""minimumValidReactionSeconds"":0.10000000149011612,""randomSeed"":702958461}",,0,0.000000,,CorrectSidePress,0,0,0,,,,,,,0.000000,0,0,Axis,0,1
20261008T082119469Z_04162e34eb32420696a9d803ab422fa6,,,1,1,PedalPressed,Visual,2026-10-08T08:25:20.5914570Z,241.121753,239.645659,10620,3,0,OperatingSource,0,0,1,25,Right,1,1,Correct,1,1.238410,1,0,1.000000,TaskSwitchPedal,0,0.500000,0.200000,,0.100000,5.000000,10.000000,702958461,242.950035,241.703867,241.711625,239.875586,239.883344,0.007758,241.121753,0,1,3,0,OperatingSource,Place,Place.PostPlacementRaising,Place,Place.PostPlacementRaising,1,"{""pedalAxisName"":""TaskSwitchPedal"",""usePlusMinusKeys"":true,""positivePedalKey"":61,""negativePedalKey"":45,""invertPedalAxis"":false,""pressThreshold"":0.5,""releaseThreshold"":0.20000000298023225,""minimumIntervalSeconds"":5.0,""maximumIntervalSeconds"":10.0,""minimumValidReactionSeconds"":0.10000000149011612,""randomSeed"":702958461}",,0,0.000000,1.238409,CorrectSidePress,1,0,0,1,Correct,1,1.238410,241.121753,1.238409,0.000000,1,0,PlusMinusKeys,0,1
20261008T082119469Z_04162e34eb32420696a9d803ab422fa6,,,1,1,TrialFinished,Visual,2026-10-08T08:25:20.5914570Z,241.121753,239.645659,10620,3,0,OperatingSource,0,0,1,25,Right,1,1,Correct,1,1.238410,1,0,1.000000,TaskSwitchPedal,0,0.500000,0.200000,,0.100000,5.000000,10.000000,702958461,242.950035,241.703867,241.711625,239.875586,239.883344,0.007758,241.121753,0,0,3,0,OperatingSource,Place,Place.PostPlacementRaising,Place,Place.PostPlacementRaising,1,"{""pedalAxisName"":""TaskSwitchPedal"",""usePlusMinusKeys"":true,""positivePedalKey"":61,""negativePedalKey"":45,""invertPedalAxis"":false,""pressThreshold"":0.5,""releaseThreshold"":0.20000000298023225,""minimumIntervalSeconds"":5.0,""maximumIntervalSeconds"":10.0,""minimumValidReactionSeconds"":0.10000000149011612,""randomSeed"":702958461}",,0,0.000000,1.238409,CorrectSidePress,1,0,0,1,Correct,1,1.238410,241.121753,1.238409,0.000000,1,0,PlusMinusKeys,0,1
20261008T082119469Z_04162e34eb32420696a9d803ab422fa6,,,1,1,StimulusScheduled,Visual,2026-10-08T08:25:20.5924528Z,241.122057,239.645659,10620,3,0,OperatingSource,0,0,1,26,Left,-1,,,,,0,0,1.000000,TaskSwitchPedal,0,0.500000,0.200000,,0.100000,5.000000,10.000000,702958461,242.950338,248.902402,,247.074121,,,,0,0,,,,,,Place,Place.PostPlacementRaising,1,"{""pedalAxisName"":""TaskSwitchPedal"",""usePlusMinusKeys"":true,""positivePedalKey"":61,""negativePedalKey"":45,""invertPedalAxis"":false,""pressThreshold"":0.5,""releaseThreshold"":0.20000000298023225,""minimumIntervalSeconds"":5.0,""maximumIntervalSeconds"":10.0,""minimumValidReactionSeconds"":0.10000000149011612,""randomSeed"":702958461}",,0,0.000000,,CorrectSidePress,0,0,0,,,,,,,0.000000,1,0,PlusMinusKeys,0,1
20261008T082119469Z_04162e34eb32420696a9d803ab422fa6,,,1,1,StimulusOnsetObserved,Visual,2026-10-08T08:25:26.5462327Z,247.077276,245.600984,10878,4,0,WaitingForPhaseBoundary,0,0,1,26,Left,-1,,,,,1,0,0.000000,TaskSwitchPedal,0,0.500000,0.200000,,0.100000,5.000000,10.000000,702958461,248.905557,248.902402,248.905557,247.074121,247.077276,0.003155,,1,0,4,0,WaitingForPhaseBoundary,Move1,Move1.PickupCoarseMove,Move1,Move1.PickupCoarseMove,1,"{""pedalAxisName"":""TaskSwitchPedal"",""usePlusMinusKeys"":true,""positivePedalKey"":61,""negativePedalKey"":45,""invertPedalAxis"":false,""pressThreshold"":0.5,""releaseThreshold"":0.20000000298023225,""minimumIntervalSeconds"":5.0,""maximumIntervalSeconds"":10.0,""minimumValidReactionSeconds"":0.10000000149011612,""randomSeed"":702958461}",,0,0.000000,,CorrectSidePress,0,0,0,,,,,,,0.000000,0,0,Axis,0,1
20261008T082119469Z_04162e34eb32420696a9d803ab422fa6,,,1,1,PedalPressed,Visual,2026-10-08T08:25:27.5452123Z,248.075304,246.599056,10922,4,0,WaitingForPhaseBoundary,0,0,1,26,Left,-1,-1,Correct,1,0.998027,1,0,-1.000000,TaskSwitchPedal,0,0.500000,0.200000,,0.100000,5.000000,10.000000,702958461,249.903585,248.902402,248.905557,247.074121,247.077276,0.003155,248.075304,1,0,4,0,WaitingForPhaseBoundary,Move1,Move1.PickupCoarseMove,Move1,Move1.PickupCoarseMove,1,"{""pedalAxisName"":""TaskSwitchPedal"",""usePlusMinusKeys"":true,""positivePedalKey"":61,""negativePedalKey"":45,""invertPedalAxis"":false,""pressThreshold"":0.5,""releaseThreshold"":0.20000000298023225,""minimumIntervalSeconds"":5.0,""maximumIntervalSeconds"":10.0,""minimumValidReactionSeconds"":0.10000000149011612,""randomSeed"":702958461}",,0,0.000000,0.998027,CorrectSidePress,1,0,0,-1,Correct,1,0.998027,248.075304,0.998027,0.000000,0,1,PlusMinusKeys,0,1
20261008T082119469Z_04162e34eb32420696a9d803ab422fa6,,,1,1,TrialFinished,Visual,2026-10-08T08:25:27.5452123Z,248.075304,246.599056,10922,4,0,WaitingForPhaseBoundary,0,0,1,26,Left,-1,-1,Correct,1,0.998027,1,0,-1.000000,TaskSwitchPedal,0,0.500000,0.200000,,0.100000,5.000000,10.000000,702958461,249.903585,248.902402,248.905557,247.074121,247.077276,0.003155,248.075304,0,0,4,0,WaitingForPhaseBoundary,Move1,Move1.PickupCoarseMove,Move1,Move1.PickupCoarseMove,1,"{""pedalAxisName"":""TaskSwitchPedal"",""usePlusMinusKeys"":true,""positivePedalKey"":61,""negativePedalKey"":45,""invertPedalAxis"":false,""pressThreshold"":0.5,""releaseThreshold"":0.20000000298023225,""minimumIntervalSeconds"":5.0,""maximumIntervalSeconds"":10.0,""minimumValidReactionSeconds"":0.10000000149011612,""randomSeed"":702958461}",,0,0.000000,0.998027,CorrectSidePress,1,0,0,-1,Correct,1,0.998027,248.075304,0.998027,0.000000,0,1,PlusMinusKeys,0,1
20261008T082119469Z_04162e34eb32420696a9d803ab422fa6,,,1,1,StimulusScheduled,Visual,2026-10-08T08:25:27.5452123Z,248.075693,246.599056,10922,4,0,WaitingForPhaseBoundary,0,0,1,27,Left,-1,,,,,0,0,-1.000000,TaskSwitchPedal,0,0.500000,0.200000,,0.100000,5.000000,10.000000,702958461,249.903974,257.122910,,255.294629,,,,0,0,,,,,,Move1,Move1.PickupCoarseMove,1,"{""pedalAxisName"":""TaskSwitchPedal"",""usePlusMinusKeys"":true,""positivePedalKey"":61,""negativePedalKey"":45,""invertPedalAxis"":false,""pressThreshold"":0.5,""releaseThreshold"":0.20000000298023225,""minimumIntervalSeconds"":5.0,""maximumIntervalSeconds"":10.0,""minimumValidReactionSeconds"":0.10000000149011612,""randomSeed"":702958461}",,0,0.000000,,CorrectSidePress,0,0,0,,,,,,,0.000000,0,1,PlusMinusKeys,0,1
20261008T082119469Z_04162e34eb32420696a9d803ab422fa6,,,1,1,StimulusOnsetObserved,Visual,2026-10-08T08:25:34.7835623Z,255.314048,253.838034,11240,4,0,WaitingForPhaseBoundary,0,0,1,27,Left,-1,,,,,1,0,0.000000,TaskSwitchPedal,0,0.500000,0.200000,,0.100000,5.000000,10.000000,702958461,257.142329,257.122910,257.142329,255.294629,255.314048,0.019419,,1,0,4,0,WaitingForPhaseBoundary,Move1,Move1.PickupCoarseMove,Move1,Move1.PickupCoarseMove,1,"{""pedalAxisName"":""TaskSwitchPedal"",""usePlusMinusKeys"":true,""positivePedalKey"":61,""negativePedalKey"":45,""invertPedalAxis"":false,""pressThreshold"":0.5,""releaseThreshold"":0.20000000298023225,""minimumIntervalSeconds"":5.0,""maximumIntervalSeconds"":10.0,""minimumValidReactionSeconds"":0.10000000149011612,""randomSeed"":702958461}",,0,0.000000,,CorrectSidePress,0,0,0,,,,,,,0.000000,0,0,Axis,0,1
20261008T082119469Z_04162e34eb32420696a9d803ab422fa6,,,1,1,PedalPressed,Visual,2026-10-08T08:25:35.7144676Z,256.245919,254.769403,11280,4,0,WaitingForPhaseBoundary,0,0,1,27,Left,-1,-1,Correct,1,0.931871,1,0,-1.000000,TaskSwitchPedal,0,0.500000,0.200000,,0.100000,5.000000,10.000000,702958461,258.074200,257.122910,257.142329,255.294629,255.314048,0.019419,256.245919,1,0,4,0,WaitingForPhaseBoundary,Move1,Move1.PickupCoarseMove,Move1,Move1.PickupFineAlign,1,"{""pedalAxisName"":""TaskSwitchPedal"",""usePlusMinusKeys"":true,""positivePedalKey"":61,""negativePedalKey"":45,""invertPedalAxis"":false,""pressThreshold"":0.5,""releaseThreshold"":0.20000000298023225,""minimumIntervalSeconds"":5.0,""maximumIntervalSeconds"":10.0,""minimumValidReactionSeconds"":0.10000000149011612,""randomSeed"":702958461}",,0,0.000000,0.931871,CorrectSidePress,1,0,0,-1,Correct,1,0.931871,256.245919,0.931871,0.000000,0,1,PlusMinusKeys,0,1
20261008T082119469Z_04162e34eb32420696a9d803ab422fa6,,,1,1,TrialFinished,Visual,2026-10-08T08:25:35.7144676Z,256.245919,254.769403,11280,4,0,WaitingForPhaseBoundary,0,0,1,27,Left,-1,-1,Correct,1,0.931871,1,0,-1.000000,TaskSwitchPedal,0,0.500000,0.200000,,0.100000,5.000000,10.000000,702958461,258.074200,257.122910,257.142329,255.294629,255.314048,0.019419,256.245919,0,0,4,0,WaitingForPhaseBoundary,Move1,Move1.PickupCoarseMove,Move1,Move1.PickupFineAlign,1,"{""pedalAxisName"":""TaskSwitchPedal"",""usePlusMinusKeys"":true,""positivePedalKey"":61,""negativePedalKey"":45,""invertPedalAxis"":false,""pressThreshold"":0.5,""releaseThreshold"":0.20000000298023225,""minimumIntervalSeconds"":5.0,""maximumIntervalSeconds"":10.0,""minimumValidReactionSeconds"":0.10000000149011612,""randomSeed"":702958461}",,0,0.000000,0.931871,CorrectSidePress,1,0,0,-1,Correct,1,0.931871,256.245919,0.931871,0.000000,0,1,PlusMinusKeys,0,1
20261008T082119469Z_04162e34eb32420696a9d803ab422fa6,,,1,1,StimulusScheduled,Visual,2026-10-08T08:25:35.7159624Z,256.246276,254.769403,11280,4,0,WaitingForPhaseBoundary,0,0,1,28,Left,-1,,,,,0,0,-1.000000,TaskSwitchPedal,0,0.500000,0.200000,,0.100000,5.000000,10.000000,702958461,258.074557,267.897673,,266.069391,,,,0,0,,,,,,Move1,Move1.PickupFineAlign,1,"{""pedalAxisName"":""TaskSwitchPedal"",""usePlusMinusKeys"":true,""positivePedalKey"":61,""negativePedalKey"":45,""invertPedalAxis"":false,""pressThreshold"":0.5,""releaseThreshold"":0.20000000298023225,""minimumIntervalSeconds"":5.0,""maximumIntervalSeconds"":10.0,""minimumValidReactionSeconds"":0.10000000149011612,""randomSeed"":702958461}",,0,0.000000,,CorrectSidePress,0,0,0,,,,,,,0.000000,0,1,PlusMinusKeys,0,1
20261008T082119469Z_04162e34eb32420696a9d803ab422fa6,,,1,1,StimulusOnsetObserved,Visual,2026-10-08T08:25:45.5587166Z,266.090131,264.613808,11703,4,1,OperatingTarget,0,0,1,28,Left,-1,,,,,1,0,0.000000,TaskSwitchPedal,0,0.500000,0.200000,,0.100000,5.000000,10.000000,702958461,267.918412,267.897673,267.918412,266.069391,266.090131,0.020740,,1,0,4,1,OperatingTarget,Move2,Move2.DestinationFineAlign,Move2,Move2.DestinationFineAlign,1,"{""pedalAxisName"":""TaskSwitchPedal"",""usePlusMinusKeys"":true,""positivePedalKey"":61,""negativePedalKey"":45,""invertPedalAxis"":false,""pressThreshold"":0.5,""releaseThreshold"":0.20000000298023225,""minimumIntervalSeconds"":5.0,""maximumIntervalSeconds"":10.0,""minimumValidReactionSeconds"":0.10000000149011612,""randomSeed"":702958461}",,0,0.000000,,CorrectSidePress,0,0,0,,,,,,,0.000000,0,0,Axis,0,1
20261008T082119469Z_04162e34eb32420696a9d803ab422fa6,,,1,1,PedalPressed,Visual,2026-10-08T08:25:46.8791765Z,267.410060,265.933034,11759,4,1,OperatingTarget,0,0,1,28,Left,-1,-1,Correct,1,1.319928,1,0,-1.000000,TaskSwitchPedal,0,0.500000,0.200000,,0.100000,5.000000,10.000000,702958461,269.238341,267.897673,267.918412,266.069391,266.090131,0.020740,267.410060,1,0,4,1,OperatingTarget,Move2,Move2.DestinationFineAlign,Move2,Move2.DestinationFineAlign,1,"{""pedalAxisName"":""TaskSwitchPedal"",""usePlusMinusKeys"":true,""positivePedalKey"":61,""negativePedalKey"":45,""invertPedalAxis"":false,""pressThreshold"":0.5,""releaseThreshold"":0.20000000298023225,""minimumIntervalSeconds"":5.0,""maximumIntervalSeconds"":10.0,""minimumValidReactionSeconds"":0.10000000149011612,""randomSeed"":702958461}",,0,0.000000,1.319929,CorrectSidePress,1,0,0,-1,Correct,1,1.319928,267.410060,1.319929,0.000000,0,1,PlusMinusKeys,0,1
20261008T082119469Z_04162e34eb32420696a9d803ab422fa6,,,1,1,TrialFinished,Visual,2026-10-08T08:25:46.8791765Z,267.410060,265.933034,11759,4,1,OperatingTarget,0,0,1,28,Left,-1,-1,Correct,1,1.319928,1,0,-1.000000,TaskSwitchPedal,0,0.500000,0.200000,,0.100000,5.000000,10.000000,702958461,269.238341,267.897673,267.918412,266.069391,266.090131,0.020740,267.410060,0,0,4,1,OperatingTarget,Move2,Move2.DestinationFineAlign,Move2,Move2.DestinationFineAlign,1,"{""pedalAxisName"":""TaskSwitchPedal"",""usePlusMinusKeys"":true,""positivePedalKey"":61,""negativePedalKey"":45,""invertPedalAxis"":false,""pressThreshold"":0.5,""releaseThreshold"":0.20000000298023225,""minimumIntervalSeconds"":5.0,""maximumIntervalSeconds"":10.0,""minimumValidReactionSeconds"":0.10000000149011612,""randomSeed"":702958461}",,0,0.000000,1.319929,CorrectSidePress,1,0,0,-1,Correct,1,1.319928,267.410060,1.319929,0.000000,0,1,PlusMinusKeys,0,1
20261008T082119469Z_04162e34eb32420696a9d803ab422fa6,,,1,1,StimulusScheduled,Visual,2026-10-08T08:25:46.8796871Z,267.410456,265.933034,11759,4,1,OperatingTarget,0,0,1,29,Left,-1,,,,,0,0,-1.000000,TaskSwitchPedal,0,0.500000,0.200000,,0.100000,5.000000,10.000000,702958461,269.238738,277.710361,,275.882080,,,,0,0,,,,,,Move2,Move2.DestinationFineAlign,1,"{""pedalAxisName"":""TaskSwitchPedal"",""usePlusMinusKeys"":true,""positivePedalKey"":61,""negativePedalKey"":45,""invertPedalAxis"":false,""pressThreshold"":0.5,""releaseThreshold"":0.20000000298023225,""minimumIntervalSeconds"":5.0,""maximumIntervalSeconds"":10.0,""minimumValidReactionSeconds"":0.10000000149011612,""randomSeed"":702958461}",,0,0.000000,,CorrectSidePress,0,0,0,,,,,,,0.000000,0,1,PlusMinusKeys,0,1
20261008T082119469Z_04162e34eb32420696a9d803ab422fa6,,,1,1,StimulusOnsetObserved,Visual,2026-10-08T08:25:55.3659093Z,275.897654,274.419498,12070,4,1,OperatingTarget,0,0,1,29,Left,-1,,,,,1,0,0.000000,TaskSwitchPedal,0,0.500000,0.200000,,0.100000,5.000000,10.000000,702958461,277.725935,277.710361,277.725935,275.882080,275.897654,0.015573,,1,0,4,1,OperatingTarget,Place,Place.PlacementLowering,Place,Place.PlacementLowering,1,"{""pedalAxisName"":""TaskSwitchPedal"",""usePlusMinusKeys"":true,""positivePedalKey"":61,""negativePedalKey"":45,""invertPedalAxis"":false,""pressThreshold"":0.5,""releaseThreshold"":0.20000000298023225,""minimumIntervalSeconds"":5.0,""maximumIntervalSeconds"":10.0,""minimumValidReactionSeconds"":0.10000000149011612,""randomSeed"":702958461}",,0,0.000000,,CorrectSidePress,0,0,0,,,,,,,0.000000,0,0,Axis,0,1
20261008T082119469Z_04162e34eb32420696a9d803ab422fa6,,,1,1,PedalPressed,Visual,2026-10-08T08:25:56.3842784Z,276.916526,275.438603,12105,4,1,OperatingTarget,0,0,1,29,Left,-1,-1,Correct,1,1.018872,1,0,-1.000000,TaskSwitchPedal,0,0.500000,0.200000,,0.100000,5.000000,10.000000,702958461,278.744807,277.710361,277.725935,275.882080,275.897654,0.015573,276.916526,1,0,4,1,OperatingTarget,Place,Place.PlacementLowering,Place,Place.LoadRelease,1,"{""pedalAxisName"":""TaskSwitchPedal"",""usePlusMinusKeys"":true,""positivePedalKey"":61,""negativePedalKey"":45,""invertPedalAxis"":false,""pressThreshold"":0.5,""releaseThreshold"":0.20000000298023225,""minimumIntervalSeconds"":5.0,""maximumIntervalSeconds"":10.0,""minimumValidReactionSeconds"":0.10000000149011612,""randomSeed"":702958461}",,0,0.000000,1.018872,CorrectSidePress,1,0,0,-1,Correct,1,1.018872,276.916526,1.018872,0.000000,0,1,PlusMinusKeys,0,1
20261008T082119469Z_04162e34eb32420696a9d803ab422fa6,,,1,1,TrialFinished,Visual,2026-10-08T08:25:56.3842784Z,276.916526,275.438603,12105,4,1,OperatingTarget,0,0,1,29,Left,-1,-1,Correct,1,1.018872,1,0,-1.000000,TaskSwitchPedal,0,0.500000,0.200000,,0.100000,5.000000,10.000000,702958461,278.744807,277.710361,277.725935,275.882080,275.897654,0.015573,276.916526,0,0,4,1,OperatingTarget,Place,Place.PlacementLowering,Place,Place.LoadRelease,1,"{""pedalAxisName"":""TaskSwitchPedal"",""usePlusMinusKeys"":true,""positivePedalKey"":61,""negativePedalKey"":45,""invertPedalAxis"":false,""pressThreshold"":0.5,""releaseThreshold"":0.20000000298023225,""minimumIntervalSeconds"":5.0,""maximumIntervalSeconds"":10.0,""minimumValidReactionSeconds"":0.10000000149011612,""randomSeed"":702958461}",,0,0.000000,1.018872,CorrectSidePress,1,0,0,-1,Correct,1,1.018872,276.916526,1.018872,0.000000,0,1,PlusMinusKeys,0,1
20261008T082119469Z_04162e34eb32420696a9d803ab422fa6,,,1,1,StimulusScheduled,Visual,2026-10-08T08:25:56.3842784Z,276.916876,275.438603,12105,4,1,OperatingTarget,0,0,1,30,Left,-1,,,,,0,0,-1.000000,TaskSwitchPedal,0,0.500000,0.200000,,0.100000,5.000000,10.000000,702958461,278.745157,285.446873,,283.618592,,,,0,0,,,,,,Place,Place.LoadRelease,1,"{""pedalAxisName"":""TaskSwitchPedal"",""usePlusMinusKeys"":true,""positivePedalKey"":61,""negativePedalKey"":45,""invertPedalAxis"":false,""pressThreshold"":0.5,""releaseThreshold"":0.20000000298023225,""minimumIntervalSeconds"":5.0,""maximumIntervalSeconds"":10.0,""minimumValidReactionSeconds"":0.10000000149011612,""randomSeed"":702958461}",,0,0.000000,,CorrectSidePress,0,0,0,,,,,,,0.000000,0,1,PlusMinusKeys,0,1
20261008T082119469Z_04162e34eb32420696a9d803ab422fa6,,,1,1,StimulusOnsetObserved,Visual,2026-10-08T08:26:03.0989356Z,283.630563,282.153485,12380,4,1,OperatingTarget,0,0,1,30,Left,-1,,,,,1,0,0.000000,TaskSwitchPedal,0,0.500000,0.200000,,0.100000,5.000000,10.000000,702958461,285.458844,285.446873,285.458844,283.618592,283.630563,0.011970,,1,0,4,1,OperatingTarget,Place,Place.PostPlacementRaising,Place,Place.PostPlacementRaising,1,"{""pedalAxisName"":""TaskSwitchPedal"",""usePlusMinusKeys"":true,""positivePedalKey"":61,""negativePedalKey"":45,""invertPedalAxis"":false,""pressThreshold"":0.5,""releaseThreshold"":0.20000000298023225,""minimumIntervalSeconds"":5.0,""maximumIntervalSeconds"":10.0,""minimumValidReactionSeconds"":0.10000000149011612,""randomSeed"":702958461}",,0,0.000000,,CorrectSidePress,0,0,0,,,,,,,0.000000,0,0,Axis,0,1
20261008T082119469Z_04162e34eb32420696a9d803ab422fa6,,,1,1,PedalPressed,Visual,2026-10-08T08:26:04.2270493Z,284.759039,283.282138,12429,4,1,OperatingTarget,0,0,1,30,Left,-1,-1,Correct,1,1.128477,1,0,-1.000000,TaskSwitchPedal,0,0.500000,0.200000,,0.100000,5.000000,10.000000,702958461,286.587320,285.446873,285.458844,283.618592,283.630563,0.011970,284.759039,1,0,4,1,OperatingTarget,Place,Place.PostPlacementRaising,Place,Place.PostPlacementRaising,1,"{""pedalAxisName"":""TaskSwitchPedal"",""usePlusMinusKeys"":true,""positivePedalKey"":61,""negativePedalKey"":45,""invertPedalAxis"":false,""pressThreshold"":0.5,""releaseThreshold"":0.20000000298023225,""minimumIntervalSeconds"":5.0,""maximumIntervalSeconds"":10.0,""minimumValidReactionSeconds"":0.10000000149011612,""randomSeed"":702958461}",,0,0.000000,1.128477,CorrectSidePress,1,0,0,-1,Correct,1,1.128477,284.759039,1.128477,0.000000,0,1,PlusMinusKeys,0,1
20261008T082119469Z_04162e34eb32420696a9d803ab422fa6,,,1,1,TrialFinished,Visual,2026-10-08T08:26:04.2270493Z,284.759039,283.282138,12429,4,1,OperatingTarget,0,0,1,30,Left,-1,-1,Correct,1,1.128477,1,0,-1.000000,TaskSwitchPedal,0,0.500000,0.200000,,0.100000,5.000000,10.000000,702958461,286.587320,285.446873,285.458844,283.618592,283.630563,0.011970,284.759039,0,0,4,1,OperatingTarget,Place,Place.PostPlacementRaising,Place,Place.PostPlacementRaising,1,"{""pedalAxisName"":""TaskSwitchPedal"",""usePlusMinusKeys"":true,""positivePedalKey"":61,""negativePedalKey"":45,""invertPedalAxis"":false,""pressThreshold"":0.5,""releaseThreshold"":0.20000000298023225,""minimumIntervalSeconds"":5.0,""maximumIntervalSeconds"":10.0,""minimumValidReactionSeconds"":0.10000000149011612,""randomSeed"":702958461}",,0,0.000000,1.128477,CorrectSidePress,1,0,0,-1,Correct,1,1.128477,284.759039,1.128477,0.000000,0,1,PlusMinusKeys,0,1
20261008T082119469Z_04162e34eb32420696a9d803ab422fa6,,,1,1,StimulusScheduled,Visual,2026-10-08T08:26:04.2280543Z,284.759829,283.282138,12429,4,1,OperatingTarget,0,0,1,31,Left,-1,,,,,0,0,-1.000000,TaskSwitchPedal,0,0.500000,0.200000,,0.100000,5.000000,10.000000,702958461,286.588110,292.163252,,290.334970,,,,0,0,,,,,,Place,Place.PostPlacementRaising,1,"{""pedalAxisName"":""TaskSwitchPedal"",""usePlusMinusKeys"":true,""positivePedalKey"":61,""negativePedalKey"":45,""invertPedalAxis"":false,""pressThreshold"":0.5,""releaseThreshold"":0.20000000298023225,""minimumIntervalSeconds"":5.0,""maximumIntervalSeconds"":10.0,""minimumValidReactionSeconds"":0.10000000149011612,""randomSeed"":702958461}",,0,0.000000,,CorrectSidePress,0,0,0,,,,,,,0.000000,0,1,PlusMinusKeys,0,1
20261008T082119469Z_04162e34eb32420696a9d803ab422fa6,,,1,1,StimulusOnsetObserved,Visual,2026-10-08T08:26:09.8208038Z,290.353117,288.876050,12680,4,1,OperatingTarget,0,0,1,31,Left,-1,,,,,1,0,0.000000,TaskSwitchPedal,0,0.500000,0.200000,,0.100000,5.000000,10.000000,702958461,292.181398,292.163252,292.181398,290.334970,290.353117,0.018147,,1,0,4,1,OperatingTarget,Place,Place.PostPlacementRaising,Place,Place.PostPlacementRaising,1,"{""pedalAxisName"":""TaskSwitchPedal"",""usePlusMinusKeys"":true,""positivePedalKey"":61,""negativePedalKey"":45,""invertPedalAxis"":false,""pressThreshold"":0.5,""releaseThreshold"":0.20000000298023225,""minimumIntervalSeconds"":5.0,""maximumIntervalSeconds"":10.0,""minimumValidReactionSeconds"":0.10000000149011612,""randomSeed"":702958461}",,0,0.000000,,CorrectSidePress,0,0,0,,,,,,,0.000000,0,0,Axis,0,1
20261008T082119469Z_04162e34eb32420696a9d803ab422fa6,,,1,1,PedalPressed,Visual,2026-10-08T08:26:10.8417110Z,291.373962,289.897210,12726,4,1,OperatingTarget,0,0,1,31,Left,-1,-1,Correct,1,1.020845,1,0,-1.000000,TaskSwitchPedal,0,0.500000,0.200000,,0.100000,5.000000,10.000000,702958461,293.202243,292.163252,292.181398,290.334970,290.353117,0.018147,291.373962,1,0,4,1,OperatingTarget,Place,Place.PostPlacementRaising,Place,Place.PostPlacementRaising,1,"{""pedalAxisName"":""TaskSwitchPedal"",""usePlusMinusKeys"":true,""positivePedalKey"":61,""negativePedalKey"":45,""invertPedalAxis"":false,""pressThreshold"":0.5,""releaseThreshold"":0.20000000298023225,""minimumIntervalSeconds"":5.0,""maximumIntervalSeconds"":10.0,""minimumValidReactionSeconds"":0.10000000149011612,""randomSeed"":702958461}",,0,0.000000,1.020845,CorrectSidePress,1,0,0,-1,Correct,1,1.020845,291.373962,1.020845,0.000000,0,1,PlusMinusKeys,0,1
20261008T082119469Z_04162e34eb32420696a9d803ab422fa6,,,1,1,TrialFinished,Visual,2026-10-08T08:26:10.8417110Z,291.373962,289.897210,12726,4,1,OperatingTarget,0,0,1,31,Left,-1,-1,Correct,1,1.020845,1,0,-1.000000,TaskSwitchPedal,0,0.500000,0.200000,,0.100000,5.000000,10.000000,702958461,293.202243,292.163252,292.181398,290.334970,290.353117,0.018147,291.373962,0,0,4,1,OperatingTarget,Place,Place.PostPlacementRaising,Place,Place.PostPlacementRaising,1,"{""pedalAxisName"":""TaskSwitchPedal"",""usePlusMinusKeys"":true,""positivePedalKey"":61,""negativePedalKey"":45,""invertPedalAxis"":false,""pressThreshold"":0.5,""releaseThreshold"":0.20000000298023225,""minimumIntervalSeconds"":5.0,""maximumIntervalSeconds"":10.0,""minimumValidReactionSeconds"":0.10000000149011612,""randomSeed"":702958461}",,0,0.000000,1.020845,CorrectSidePress,1,0,0,-1,Correct,1,1.020845,291.373962,1.020845,0.000000,0,1,PlusMinusKeys,0,1
20261008T082119469Z_04162e34eb32420696a9d803ab422fa6,,,1,1,StimulusScheduled,Visual,2026-10-08T08:26:10.8417110Z,291.374350,289.897210,12726,4,1,OperatingTarget,0,0,1,32,Right,1,,,,,0,0,-1.000000,TaskSwitchPedal,0,0.500000,0.200000,,0.100000,5.000000,10.000000,702958461,293.202631,298.348207,,296.519926,,,,0,0,,,,,,Place,Place.PostPlacementRaising,1,"{""pedalAxisName"":""TaskSwitchPedal"",""usePlusMinusKeys"":true,""positivePedalKey"":61,""negativePedalKey"":45,""invertPedalAxis"":false,""pressThreshold"":0.5,""releaseThreshold"":0.20000000298023225,""minimumIntervalSeconds"":5.0,""maximumIntervalSeconds"":10.0,""minimumValidReactionSeconds"":0.10000000149011612,""randomSeed"":702958461}",,0,0.000000,,CorrectSidePress,0,0,0,,,,,,,0.000000,0,1,PlusMinusKeys,0,1
20261008T082119469Z_04162e34eb32420696a9d803ab422fa6,,,1,1,StimulusOnsetObserved,Visual,2026-10-08T08:26:15.9904684Z,296.522915,295.046576,12949,4,0,OperatingSource,0,0,1,32,Right,1,,,,,1,0,0.000000,TaskSwitchPedal,0,0.500000,0.200000,,0.100000,5.000000,10.000000,702958461,298.351196,298.348207,298.351196,296.519926,296.522915,0.002989,,0,1,4,0,OperatingSource,LiftUp,LiftUp.PickupLowering,LiftUp,LiftUp.PickupLowering,1,"{""pedalAxisName"":""TaskSwitchPedal"",""usePlusMinusKeys"":true,""positivePedalKey"":61,""negativePedalKey"":45,""invertPedalAxis"":false,""pressThreshold"":0.5,""releaseThreshold"":0.20000000298023225,""minimumIntervalSeconds"":5.0,""maximumIntervalSeconds"":10.0,""minimumValidReactionSeconds"":0.10000000149011612,""randomSeed"":702958461}",,0,0.000000,,CorrectSidePress,0,0,0,,,,,,,0.000000,0,0,Axis,0,1
20261008T082119469Z_04162e34eb32420696a9d803ab422fa6,,,1,1,PedalPressed,Visual,2026-10-08T08:26:17.5576866Z,298.090191,296.613201,13011,4,0,OperatingSource,0,0,1,32,Right,1,1,Correct,1,1.567276,1,0,1.000000,TaskSwitchPedal,0,0.500000,0.200000,,0.100000,5.000000,10.000000,702958461,299.918472,298.348207,298.351196,296.519926,296.522915,0.002989,298.090191,0,1,4,0,OperatingSource,LiftUp,LiftUp.PickupLowering,LiftUp,LiftUp.PickupLowering,1,"{""pedalAxisName"":""TaskSwitchPedal"",""usePlusMinusKeys"":true,""positivePedalKey"":61,""negativePedalKey"":45,""invertPedalAxis"":false,""pressThreshold"":0.5,""releaseThreshold"":0.20000000298023225,""minimumIntervalSeconds"":5.0,""maximumIntervalSeconds"":10.0,""minimumValidReactionSeconds"":0.10000000149011612,""randomSeed"":702958461}",,0,0.000000,1.567276,CorrectSidePress,1,0,0,1,Correct,1,1.567276,298.090191,1.567276,0.000000,1,0,PlusMinusKeys,0,1
20261008T082119469Z_04162e34eb32420696a9d803ab422fa6,,,1,1,TrialFinished,Visual,2026-10-08T08:26:17.5576866Z,298.090191,296.613201,13011,4,0,OperatingSource,0,0,1,32,Right,1,1,Correct,1,1.567276,1,0,1.000000,TaskSwitchPedal,0,0.500000,0.200000,,0.100000,5.000000,10.000000,702958461,299.918472,298.348207,298.351196,296.519926,296.522915,0.002989,298.090191,0,0,4,0,OperatingSource,LiftUp,LiftUp.PickupLowering,LiftUp,LiftUp.PickupLowering,1,"{""pedalAxisName"":""TaskSwitchPedal"",""usePlusMinusKeys"":true,""positivePedalKey"":61,""negativePedalKey"":45,""invertPedalAxis"":false,""pressThreshold"":0.5,""releaseThreshold"":0.20000000298023225,""minimumIntervalSeconds"":5.0,""maximumIntervalSeconds"":10.0,""minimumValidReactionSeconds"":0.10000000149011612,""randomSeed"":702958461}",,0,0.000000,1.567276,CorrectSidePress,1,0,0,1,Correct,1,1.567276,298.090191,1.567276,0.000000,1,0,PlusMinusKeys,0,1
20261008T082119469Z_04162e34eb32420696a9d803ab422fa6,,,1,1,StimulusScheduled,Visual,2026-10-08T08:26:17.5576866Z,298.090670,296.613201,13011,4,0,OperatingSource,0,0,1,33,Right,1,,,,,0,0,1.000000,TaskSwitchPedal,0,0.500000,0.200000,,0.100000,5.000000,10.000000,702958461,299.918951,305.325101,,303.496820,,,,0,0,,,,,,LiftUp,LiftUp.PickupLowering,1,"{""pedalAxisName"":""TaskSwitchPedal"",""usePlusMinusKeys"":true,""positivePedalKey"":61,""negativePedalKey"":45,""invertPedalAxis"":false,""pressThreshold"":0.5,""releaseThreshold"":0.20000000298023225,""minimumIntervalSeconds"":5.0,""maximumIntervalSeconds"":10.0,""minimumValidReactionSeconds"":0.10000000149011612,""randomSeed"":702958461}",,0,0.000000,,CorrectSidePress,0,0,0,,,,,,,0.000000,1,0,PlusMinusKeys,0,1
20261008T082119469Z_04162e34eb32420696a9d803ab422fa6,,,1,1,StimulusOnsetObserved,Visual,2026-10-08T08:26:22.9809782Z,303.513663,302.033346,13207,4,0,OperatingSource,0,0,1,33,Right,1,,,,,1,0,0.000000,TaskSwitchPedal,0,0.500000,0.200000,,0.100000,5.000000,10.000000,702958461,305.341944,305.325101,305.341944,303.496820,303.513663,0.016842,,0,1,4,0,OperatingSource,LiftUp,LiftUp.PickupLowering,LiftUp,LiftUp.PickupLowering,1,"{""pedalAxisName"":""TaskSwitchPedal"",""usePlusMinusKeys"":true,""positivePedalKey"":61,""negativePedalKey"":45,""invertPedalAxis"":false,""pressThreshold"":0.5,""releaseThreshold"":0.20000000298023225,""minimumIntervalSeconds"":5.0,""maximumIntervalSeconds"":10.0,""minimumValidReactionSeconds"":0.10000000149011612,""randomSeed"":702958461}",,0,0.000000,,CorrectSidePress,0,0,0,,,,,,,0.000000,0,0,Axis,0,1
20261008T082119469Z_04162e34eb32420696a9d803ab422fa6,,,1,1,PedalPressed,Visual,2026-10-08T08:26:24.1736215Z,304.707463,303.230830,13248,4,0,OperatingSource,0,0,1,33,Right,1,1,Correct,1,1.193800,1,0,1.000000,TaskSwitchPedal,0,0.500000,0.200000,,0.100000,5.000000,10.000000,702958461,306.535744,305.325101,305.341944,303.496820,303.513663,0.016842,304.707463,0,1,4,0,OperatingSource,LiftUp,LiftUp.PickupLowering,LiftUp,LiftUp.LoadAcquisition,1,"{""pedalAxisName"":""TaskSwitchPedal"",""usePlusMinusKeys"":true,""positivePedalKey"":61,""negativePedalKey"":45,""invertPedalAxis"":false,""pressThreshold"":0.5,""releaseThreshold"":0.20000000298023225,""minimumIntervalSeconds"":5.0,""maximumIntervalSeconds"":10.0,""minimumValidReactionSeconds"":0.10000000149011612,""randomSeed"":702958461}",,0,0.000000,1.193800,CorrectSidePress,1,0,0,1,Correct,1,1.193800,304.707463,1.193800,0.000000,1,0,PlusMinusKeys,0,1
20261008T082119469Z_04162e34eb32420696a9d803ab422fa6,,,1,1,TrialFinished,Visual,2026-10-08T08:26:24.1750710Z,304.707463,303.230830,13248,4,0,OperatingSource,0,0,1,33,Right,1,1,Correct,1,1.193800,1,0,1.000000,TaskSwitchPedal,0,0.500000,0.200000,,0.100000,5.000000,10.000000,702958461,306.535744,305.325101,305.341944,303.496820,303.513663,0.016842,304.707463,0,0,4,0,OperatingSource,LiftUp,LiftUp.PickupLowering,LiftUp,LiftUp.LoadAcquisition,1,"{""pedalAxisName"":""TaskSwitchPedal"",""usePlusMinusKeys"":true,""positivePedalKey"":61,""negativePedalKey"":45,""invertPedalAxis"":false,""pressThreshold"":0.5,""releaseThreshold"":0.20000000298023225,""minimumIntervalSeconds"":5.0,""maximumIntervalSeconds"":10.0,""minimumValidReactionSeconds"":0.10000000149011612,""randomSeed"":702958461}",,0,0.000000,1.193800,CorrectSidePress,1,0,0,1,Correct,1,1.193800,304.707463,1.193800,0.000000,1,0,PlusMinusKeys,0,1
20261008T082119469Z_04162e34eb32420696a9d803ab422fa6,,,1,1,StimulusScheduled,Visual,2026-10-08T08:26:24.1750710Z,304.707987,303.230830,13248,4,0,OperatingSource,0,0,1,34,Left,-1,,,,,0,0,1.000000,TaskSwitchPedal,0,0.500000,0.200000,,0.100000,5.000000,10.000000,702958461,306.536268,313.801970,,311.973689,,,,0,0,,,,,,LiftUp,LiftUp.LoadAcquisition,1,"{""pedalAxisName"":""TaskSwitchPedal"",""usePlusMinusKeys"":true,""positivePedalKey"":61,""negativePedalKey"":45,""invertPedalAxis"":false,""pressThreshold"":0.5,""releaseThreshold"":0.20000000298023225,""minimumIntervalSeconds"":5.0,""maximumIntervalSeconds"":10.0,""minimumValidReactionSeconds"":0.10000000149011612,""randomSeed"":702958461}",,0,0.000000,,CorrectSidePress,0,0,0,,,,,,,0.000000,1,0,PlusMinusKeys,0,1
20261008T082119469Z_04162e34eb32420696a9d803ab422fa6,,,1,1,StimulusOnsetObserved,Visual,2026-10-08T08:26:31.4417495Z,311.974625,310.498254,13508,4,0,OperatingSource,0,0,1,34,Left,-1,,,,,1,0,0.000000,TaskSwitchPedal,0,0.500000,0.200000,,0.100000,5.000000,10.000000,702958461,313.802906,313.801970,313.802906,311.973689,311.974625,0.000936,,1,0,4,0,OperatingSource,LiftUp,LiftUp.LoadedRaising,LiftUp,LiftUp.LoadedRaising,1,"{""pedalAxisName"":""TaskSwitchPedal"",""usePlusMinusKeys"":true,""positivePedalKey"":61,""negativePedalKey"":45,""invertPedalAxis"":false,""pressThreshold"":0.5,""releaseThreshold"":0.20000000298023225,""minimumIntervalSeconds"":5.0,""maximumIntervalSeconds"":10.0,""minimumValidReactionSeconds"":0.10000000149011612,""randomSeed"":702958461}",,0,0.000000,,CorrectSidePress,0,0,0,,,,,,,0.000000,0,0,Axis,0,1
20261008T082119469Z_04162e34eb32420696a9d803ab422fa6,,,1,1,PedalPressed,Visual,2026-10-08T08:26:32.3587460Z,312.892377,311.414711,13540,4,0,OperatingSource,0,0,1,34,Left,-1,-1,Correct,1,0.917753,1,0,-1.000000,TaskSwitchPedal,0,0.500000,0.200000,,0.100000,5.000000,10.000000,702958461,314.720659,313.801970,313.802906,311.973689,311.974625,0.000936,312.892377,1,0,4,0,OperatingSource,LiftUp,LiftUp.LoadedRaising,LiftUp,LiftUp.LoadedRaising,1,"{""pedalAxisName"":""TaskSwitchPedal"",""usePlusMinusKeys"":true,""positivePedalKey"":61,""negativePedalKey"":45,""invertPedalAxis"":false,""pressThreshold"":0.5,""releaseThreshold"":0.20000000298023225,""minimumIntervalSeconds"":5.0,""maximumIntervalSeconds"":10.0,""minimumValidReactionSeconds"":0.10000000149011612,""randomSeed"":702958461}",,0,0.000000,0.917753,CorrectSidePress,1,0,0,-1,Correct,1,0.917753,312.892377,0.917753,0.000000,0,1,PlusMinusKeys,0,1
20261008T082119469Z_04162e34eb32420696a9d803ab422fa6,,,1,1,TrialFinished,Visual,2026-10-08T08:26:32.3597526Z,312.892377,311.414711,13540,4,0,OperatingSource,0,0,1,34,Left,-1,-1,Correct,1,0.917753,1,0,-1.000000,TaskSwitchPedal,0,0.500000,0.200000,,0.100000,5.000000,10.000000,702958461,314.720659,313.801970,313.802906,311.973689,311.974625,0.000936,312.892377,0,0,4,0,OperatingSource,LiftUp,LiftUp.LoadedRaising,LiftUp,LiftUp.LoadedRaising,1,"{""pedalAxisName"":""TaskSwitchPedal"",""usePlusMinusKeys"":true,""positivePedalKey"":61,""negativePedalKey"":45,""invertPedalAxis"":false,""pressThreshold"":0.5,""releaseThreshold"":0.20000000298023225,""minimumIntervalSeconds"":5.0,""maximumIntervalSeconds"":10.0,""minimumValidReactionSeconds"":0.10000000149011612,""randomSeed"":702958461}",,0,0.000000,0.917753,CorrectSidePress,1,0,0,-1,Correct,1,0.917753,312.892377,0.917753,0.000000,0,1,PlusMinusKeys,0,1
20261008T082119469Z_04162e34eb32420696a9d803ab422fa6,,,1,1,StimulusScheduled,Visual,2026-10-08T08:26:32.3597526Z,312.893398,311.414711,13540,4,0,OperatingSource,0,0,1,35,Left,-1,,,,,0,0,-1.000000,TaskSwitchPedal,0,0.500000,0.200000,,0.100000,5.000000,10.000000,702958461,314.721679,321.687447,,319.859166,,,,0,0,,,,,,LiftUp,LiftUp.LoadedRaising,1,"{""pedalAxisName"":""TaskSwitchPedal"",""usePlusMinusKeys"":true,""positivePedalKey"":61,""negativePedalKey"":45,""invertPedalAxis"":false,""pressThreshold"":0.5,""releaseThreshold"":0.20000000298023225,""minimumIntervalSeconds"":5.0,""maximumIntervalSeconds"":10.0,""minimumValidReactionSeconds"":0.10000000149011612,""randomSeed"":702958461}",,0,0.000000,,CorrectSidePress,0,0,0,,,,,,,0.000000,0,1,PlusMinusKeys,0,1
20261008T082119469Z_04162e34eb32420696a9d803ab422fa6,,,1,1,StimulusOnsetObserved,Visual,2026-10-08T08:26:39.3366261Z,319.871171,318.395313,13782,4,0,OperatingSource,0,0,1,35,Left,-1,,,,,1,0,0.000000,TaskSwitchPedal,0,0.500000,0.200000,,0.100000,5.000000,10.000000,702958461,321.699452,321.687447,321.699452,319.859166,319.871171,0.012004,,1,0,4,0,OperatingSource,Move2,Move2.DestinationCoarseMove,Move2,Move2.DestinationCoarseMove,1,"{""pedalAxisName"":""TaskSwitchPedal"",""usePlusMinusKeys"":true,""positivePedalKey"":61,""negativePedalKey"":45,""invertPedalAxis"":false,""pressThreshold"":0.5,""releaseThreshold"":0.20000000298023225,""minimumIntervalSeconds"":5.0,""maximumIntervalSeconds"":10.0,""minimumValidReactionSeconds"":0.10000000149011612,""randomSeed"":702958461}",,0,0.000000,,CorrectSidePress,0,0,0,,,,,,,0.000000,0,0,Axis,0,1
20261008T082119469Z_04162e34eb32420696a9d803ab422fa6,,,1,1,PedalPressed,Visual,2026-10-08T08:26:40.4670053Z,321.000748,319.524753,13822,4,0,OperatingSource,0,0,1,35,Left,-1,-1,Correct,1,1.129577,1,0,-1.000000,TaskSwitchPedal,0,0.500000,0.200000,,0.100000,5.000000,10.000000,702958461,322.829029,321.687447,321.699452,319.859166,319.871171,0.012004,321.000748,1,0,4,0,OperatingSource,Move2,Move2.DestinationCoarseMove,Move2,Move2.DestinationCoarseMove,1,"{""pedalAxisName"":""TaskSwitchPedal"",""usePlusMinusKeys"":true,""positivePedalKey"":61,""negativePedalKey"":45,""invertPedalAxis"":false,""pressThreshold"":0.5,""releaseThreshold"":0.20000000298023225,""minimumIntervalSeconds"":5.0,""maximumIntervalSeconds"":10.0,""minimumValidReactionSeconds"":0.10000000149011612,""randomSeed"":702958461}",,0,0.000000,1.129577,CorrectSidePress,1,0,0,-1,Correct,1,1.129577,321.000748,1.129577,0.000000,0,1,PlusMinusKeys,0,1
20261008T082119469Z_04162e34eb32420696a9d803ab422fa6,,,1,1,TrialFinished,Visual,2026-10-08T08:26:40.4670053Z,321.000748,319.524753,13822,4,0,OperatingSource,0,0,1,35,Left,-1,-1,Correct,1,1.129577,1,0,-1.000000,TaskSwitchPedal,0,0.500000,0.200000,,0.100000,5.000000,10.000000,702958461,322.829029,321.687447,321.699452,319.859166,319.871171,0.012004,321.000748,0,0,4,0,OperatingSource,Move2,Move2.DestinationCoarseMove,Move2,Move2.DestinationCoarseMove,1,"{""pedalAxisName"":""TaskSwitchPedal"",""usePlusMinusKeys"":true,""positivePedalKey"":61,""negativePedalKey"":45,""invertPedalAxis"":false,""pressThreshold"":0.5,""releaseThreshold"":0.20000000298023225,""minimumIntervalSeconds"":5.0,""maximumIntervalSeconds"":10.0,""minimumValidReactionSeconds"":0.10000000149011612,""randomSeed"":702958461}",,0,0.000000,1.129577,CorrectSidePress,1,0,0,-1,Correct,1,1.129577,321.000748,1.129577,0.000000,0,1,PlusMinusKeys,0,1
20261008T082119469Z_04162e34eb32420696a9d803ab422fa6,,,1,1,StimulusScheduled,Visual,2026-10-08T08:26:40.4699062Z,321.003704,319.524753,13822,4,0,OperatingSource,0,0,1,36,Left,-1,,,,,0,0,-1.000000,TaskSwitchPedal,0,0.500000,0.200000,,0.100000,5.000000,10.000000,702958461,322.831985,331.263755,,329.435474,,,,0,0,,,,,,Move2,Move2.DestinationCoarseMove,1,"{""pedalAxisName"":""TaskSwitchPedal"",""usePlusMinusKeys"":true,""positivePedalKey"":61,""negativePedalKey"":45,""invertPedalAxis"":false,""pressThreshold"":0.5,""releaseThreshold"":0.20000000298023225,""minimumIntervalSeconds"":5.0,""maximumIntervalSeconds"":10.0,""minimumValidReactionSeconds"":0.10000000149011612,""randomSeed"":702958461}",,0,0.000000,,CorrectSidePress,0,0,0,,,,,,,0.000000,0,1,PlusMinusKeys,0,1
20261008T082119469Z_04162e34eb32420696a9d803ab422fa6,,,1,1,StimulusOnsetObserved,Visual,2026-10-08T08:26:48.9081404Z,329.442677,327.966680,14125,4,0,OperatingSource,0,0,1,36,Left,-1,,,,,1,0,0.000000,TaskSwitchPedal,0,0.500000,0.200000,,0.100000,5.000000,10.000000,702958461,331.270958,331.263755,331.270958,329.435474,329.442677,0.007203,,1,0,4,0,OperatingSource,Move2,Move2.DestinationFineAlign,Move2,Move2.DestinationFineAlign,1,"{""pedalAxisName"":""TaskSwitchPedal"",""usePlusMinusKeys"":true,""positivePedalKey"":61,""negativePedalKey"":45,""invertPedalAxis"":false,""pressThreshold"":0.5,""releaseThreshold"":0.20000000298023225,""minimumIntervalSeconds"":5.0,""maximumIntervalSeconds"":10.0,""minimumValidReactionSeconds"":0.10000000149011612,""randomSeed"":702958461}",,0,0.000000,,CorrectSidePress,0,0,0,,,,,,,0.000000,0,0,Axis,0,1
20261008T082119469Z_04162e34eb32420696a9d803ab422fa6,,,1,1,PedalPressed,Visual,2026-10-08T08:26:49.9161720Z,330.450366,328.973438,14161,4,0,OperatingSource,0,0,1,36,Left,-1,-1,Correct,1,1.007689,1,0,-1.000000,TaskSwitchPedal,0,0.500000,0.200000,,0.100000,5.000000,10.000000,702958461,332.278647,331.263755,331.270958,329.435474,329.442677,0.007203,330.450366,1,0,4,0,OperatingSource,Move2,Move2.DestinationFineAlign,Move2,Move2.DestinationFineAlign,1,"{""pedalAxisName"":""TaskSwitchPedal"",""usePlusMinusKeys"":true,""positivePedalKey"":61,""negativePedalKey"":45,""invertPedalAxis"":false,""pressThreshold"":0.5,""releaseThreshold"":0.20000000298023225,""minimumIntervalSeconds"":5.0,""maximumIntervalSeconds"":10.0,""minimumValidReactionSeconds"":0.10000000149011612,""randomSeed"":702958461}",,0,0.000000,1.007688,CorrectSidePress,1,0,0,-1,Correct,1,1.007689,330.450366,1.007688,0.000000,0,1,PlusMinusKeys,0,1
20261008T082119469Z_04162e34eb32420696a9d803ab422fa6,,,1,1,TrialFinished,Visual,2026-10-08T08:26:49.9161720Z,330.450366,328.973438,14161,4,0,OperatingSource,0,0,1,36,Left,-1,-1,Correct,1,1.007689,1,0,-1.000000,TaskSwitchPedal,0,0.500000,0.200000,,0.100000,5.000000,10.000000,702958461,332.278647,331.263755,331.270958,329.435474,329.442677,0.007203,330.450366,0,0,4,0,OperatingSource,Move2,Move2.DestinationFineAlign,Move2,Move2.DestinationFineAlign,1,"{""pedalAxisName"":""TaskSwitchPedal"",""usePlusMinusKeys"":true,""positivePedalKey"":61,""negativePedalKey"":45,""invertPedalAxis"":false,""pressThreshold"":0.5,""releaseThreshold"":0.20000000298023225,""minimumIntervalSeconds"":5.0,""maximumIntervalSeconds"":10.0,""minimumValidReactionSeconds"":0.10000000149011612,""randomSeed"":702958461}",,0,0.000000,1.007688,CorrectSidePress,1,0,0,-1,Correct,1,1.007689,330.450366,1.007688,0.000000,0,1,PlusMinusKeys,0,1
20261008T082119469Z_04162e34eb32420696a9d803ab422fa6,,,1,1,StimulusScheduled,Visual,2026-10-08T08:26:49.9198938Z,330.453897,328.973438,14161,4,0,OperatingSource,0,0,1,37,Right,1,,,,,0,0,-1.000000,TaskSwitchPedal,0,0.500000,0.200000,,0.100000,5.000000,10.000000,702958461,332.282178,337.564429,,335.736148,,,,0,0,,,,,,Move2,Move2.DestinationFineAlign,1,"{""pedalAxisName"":""TaskSwitchPedal"",""usePlusMinusKeys"":true,""positivePedalKey"":61,""negativePedalKey"":45,""invertPedalAxis"":false,""pressThreshold"":0.5,""releaseThreshold"":0.20000000298023225,""minimumIntervalSeconds"":5.0,""maximumIntervalSeconds"":10.0,""minimumValidReactionSeconds"":0.10000000149011612,""randomSeed"":702958461}",,0,0.000000,,CorrectSidePress,0,0,0,,,,,,,0.000000,0,1,PlusMinusKeys,0,1
20261008T082119469Z_04162e34eb32420696a9d803ab422fa6,,,1,1,StimulusOnsetObserved,Visual,2026-10-08T08:26:55.2158229Z,335.750370,334.272624,14341,4,0,OperatingSource,0,0,1,37,Right,1,,,,,1,0,0.000000,TaskSwitchPedal,0,0.500000,0.200000,,0.100000,5.000000,10.000000,702958461,337.578651,337.564429,337.578651,335.736148,335.750370,0.014222,,0,1,4,0,OperatingSource,Place,Place.PlacementLowering,Place,Place.PlacementLowering,1,"{""pedalAxisName"":""TaskSwitchPedal"",""usePlusMinusKeys"":true,""positivePedalKey"":61,""negativePedalKey"":45,""invertPedalAxis"":false,""pressThreshold"":0.5,""releaseThreshold"":0.20000000298023225,""minimumIntervalSeconds"":5.0,""maximumIntervalSeconds"":10.0,""minimumValidReactionSeconds"":0.10000000149011612,""randomSeed"":702958461}",,0,0.000000,,CorrectSidePress,0,0,0,,,,,,,0.000000,0,0,Axis,0,1
20261008T082119469Z_04162e34eb32420696a9d803ab422fa6,,,1,1,PedalPressed,Visual,2026-10-08T08:26:57.1779039Z,337.712633,336.235221,14405,4,0,OperatingSource,0,0,1,37,Right,1,1,Correct,1,1.962263,1,0,1.000000,TaskSwitchPedal,0,0.500000,0.200000,,0.100000,5.000000,10.000000,702958461,339.540914,337.564429,337.578651,335.736148,335.750370,0.014222,337.712633,0,1,4,0,OperatingSource,Place,Place.PlacementLowering,Place,Place.LoadRelease,1,"{""pedalAxisName"":""TaskSwitchPedal"",""usePlusMinusKeys"":true,""positivePedalKey"":61,""negativePedalKey"":45,""invertPedalAxis"":false,""pressThreshold"":0.5,""releaseThreshold"":0.20000000298023225,""minimumIntervalSeconds"":5.0,""maximumIntervalSeconds"":10.0,""minimumValidReactionSeconds"":0.10000000149011612,""randomSeed"":702958461}",,0,0.000000,1.962263,CorrectSidePress,1,0,0,1,Correct,1,1.962263,337.712633,1.962263,0.000000,1,0,PlusMinusKeys,0,1
20261008T082119469Z_04162e34eb32420696a9d803ab422fa6,,,1,1,TrialFinished,Visual,2026-10-08T08:26:57.1787119Z,337.712633,336.235221,14405,4,0,OperatingSource,0,0,1,37,Right,1,1,Correct,1,1.962263,1,0,1.000000,TaskSwitchPedal,0,0.500000,0.200000,,0.100000,5.000000,10.000000,702958461,339.540914,337.564429,337.578651,335.736148,335.750370,0.014222,337.712633,0,0,4,0,OperatingSource,Place,Place.PlacementLowering,Place,Place.LoadRelease,1,"{""pedalAxisName"":""TaskSwitchPedal"",""usePlusMinusKeys"":true,""positivePedalKey"":61,""negativePedalKey"":45,""invertPedalAxis"":false,""pressThreshold"":0.5,""releaseThreshold"":0.20000000298023225,""minimumIntervalSeconds"":5.0,""maximumIntervalSeconds"":10.0,""minimumValidReactionSeconds"":0.10000000149011612,""randomSeed"":702958461}",,0,0.000000,1.962263,CorrectSidePress,1,0,0,1,Correct,1,1.962263,337.712633,1.962263,0.000000,1,0,PlusMinusKeys,0,1
20261008T082119469Z_04162e34eb32420696a9d803ab422fa6,,,1,1,StimulusScheduled,Visual,2026-10-08T08:26:57.1787119Z,337.713312,336.235221,14405,4,0,OperatingSource,0,0,1,38,Right,1,,,,,0,0,1.000000,TaskSwitchPedal,0,0.500000,0.200000,,0.100000,5.000000,10.000000,702958461,339.541593,347.616802,,345.788522,,,,0,0,,,,,,Place,Place.LoadRelease,1,"{""pedalAxisName"":""TaskSwitchPedal"",""usePlusMinusKeys"":true,""positivePedalKey"":61,""negativePedalKey"":45,""invertPedalAxis"":false,""pressThreshold"":0.5,""releaseThreshold"":0.20000000298023225,""minimumIntervalSeconds"":5.0,""maximumIntervalSeconds"":10.0,""minimumValidReactionSeconds"":0.10000000149011612,""randomSeed"":702958461}",,0,0.000000,,CorrectSidePress,0,0,0,,,,,,,0.000000,1,0,PlusMinusKeys,0,1
20261008T082119469Z_04162e34eb32420696a9d803ab422fa6,,,1,1,StimulusOnsetObserved,Visual,2026-10-08T08:27:05.2693323Z,345.804519,344.328038,14724,5,1,OperatingTarget,0,0,1,38,Right,1,,,,,1,0,0.000000,TaskSwitchPedal,0,0.500000,0.200000,,0.100000,5.000000,10.000000,702958461,347.632800,347.616802,347.632800,345.788522,345.804519,0.015998,,0,1,5,1,OperatingTarget,Move1,Move1.PickupCoarseMove,Move1,Move1.PickupCoarseMove,1,"{""pedalAxisName"":""TaskSwitchPedal"",""usePlusMinusKeys"":true,""positivePedalKey"":61,""negativePedalKey"":45,""invertPedalAxis"":false,""pressThreshold"":0.5,""releaseThreshold"":0.20000000298023225,""minimumIntervalSeconds"":5.0,""maximumIntervalSeconds"":10.0,""minimumValidReactionSeconds"":0.10000000149011612,""randomSeed"":702958461}",,0,0.000000,,CorrectSidePress,0,0,0,,,,,,,0.000000,0,0,Axis,0,1
20261008T082119469Z_04162e34eb32420696a9d803ab422fa6,,,1,1,PedalPressed,Visual,2026-10-08T08:27:06.3691377Z,346.904507,345.428544,14772,5,1,OperatingTarget,0,0,1,38,Right,1,1,Correct,1,1.099988,1,0,1.000000,TaskSwitchPedal,0,0.500000,0.200000,,0.100000,5.000000,10.000000,702958461,348.732788,347.616802,347.632800,345.788522,345.804519,0.015998,346.904507,0,1,5,1,OperatingTarget,Move1,Move1.PickupCoarseMove,Move1,Move1.PickupCoarseMove,1,"{""pedalAxisName"":""TaskSwitchPedal"",""usePlusMinusKeys"":true,""positivePedalKey"":61,""negativePedalKey"":45,""invertPedalAxis"":false,""pressThreshold"":0.5,""releaseThreshold"":0.20000000298023225,""minimumIntervalSeconds"":5.0,""maximumIntervalSeconds"":10.0,""minimumValidReactionSeconds"":0.10000000149011612,""randomSeed"":702958461}",,0,0.000000,1.099987,CorrectSidePress,1,0,0,1,Correct,1,1.099988,346.904507,1.099987,0.000000,1,0,PlusMinusKeys,0,1
20261008T082119469Z_04162e34eb32420696a9d803ab422fa6,,,1,1,TrialFinished,Visual,2026-10-08T08:27:06.3701610Z,346.904507,345.428544,14772,5,1,OperatingTarget,0,0,1,38,Right,1,1,Correct,1,1.099988,1,0,1.000000,TaskSwitchPedal,0,0.500000,0.200000,,0.100000,5.000000,10.000000,702958461,348.732788,347.616802,347.632800,345.788522,345.804519,0.015998,346.904507,0,0,5,1,OperatingTarget,Move1,Move1.PickupCoarseMove,Move1,Move1.PickupCoarseMove,1,"{""pedalAxisName"":""TaskSwitchPedal"",""usePlusMinusKeys"":true,""positivePedalKey"":61,""negativePedalKey"":45,""invertPedalAxis"":false,""pressThreshold"":0.5,""releaseThreshold"":0.20000000298023225,""minimumIntervalSeconds"":5.0,""maximumIntervalSeconds"":10.0,""minimumValidReactionSeconds"":0.10000000149011612,""randomSeed"":702958461}",,0,0.000000,1.099987,CorrectSidePress,1,0,0,1,Correct,1,1.099988,346.904507,1.099987,0.000000,1,0,PlusMinusKeys,0,1
20261008T082119469Z_04162e34eb32420696a9d803ab422fa6,,,1,1,StimulusScheduled,Visual,2026-10-08T08:27:06.3701610Z,346.904962,345.428544,14772,5,1,OperatingTarget,0,0,1,39,Right,1,,,,,0,0,1.000000,TaskSwitchPedal,0,0.500000,0.200000,,0.100000,5.000000,10.000000,702958461,348.733243,355.378081,,353.549800,,,,0,0,,,,,,Move1,Move1.PickupCoarseMove,1,"{""pedalAxisName"":""TaskSwitchPedal"",""usePlusMinusKeys"":true,""positivePedalKey"":61,""negativePedalKey"":45,""invertPedalAxis"":false,""pressThreshold"":0.5,""releaseThreshold"":0.20000000298023225,""minimumIntervalSeconds"":5.0,""maximumIntervalSeconds"":10.0,""minimumValidReactionSeconds"":0.10000000149011612,""randomSeed"":702958461}",,0,0.000000,,CorrectSidePress,0,0,0,,,,,,,0.000000,1,0,PlusMinusKeys,0,1
20261008T082119469Z_04162e34eb32420696a9d803ab422fa6,,,1,1,StimulusOnsetObserved,Visual,2026-10-08T08:27:13.0228882Z,353.558461,352.082258,15064,5,1,OperatingTarget,0,0,1,39,Right,1,,,,,1,0,0.000000,TaskSwitchPedal,0,0.500000,0.200000,,0.100000,5.000000,10.000000,702958461,355.386742,355.378081,355.386742,353.549800,353.558461,0.008661,,0,1,5,1,OperatingTarget,Move1,Move1.PickupCoarseMove,Move1,Move1.PickupCoarseMove,1,"{""pedalAxisName"":""TaskSwitchPedal"",""usePlusMinusKeys"":true,""positivePedalKey"":61,""negativePedalKey"":45,""invertPedalAxis"":false,""pressThreshold"":0.5,""releaseThreshold"":0.20000000298023225,""minimumIntervalSeconds"":5.0,""maximumIntervalSeconds"":10.0,""minimumValidReactionSeconds"":0.10000000149011612,""randomSeed"":702958461}",,0,0.000000,,CorrectSidePress,0,0,0,,,,,,,0.000000,0,0,Axis,0,1
20261008T082119469Z_04162e34eb32420696a9d803ab422fa6,,,1,1,PedalPressed,Visual,2026-10-08T08:27:14.0577786Z,354.593450,353.116337,15107,5,1,OperatingTarget,0,0,1,39,Right,1,1,Correct,1,1.034989,1,0,1.000000,TaskSwitchPedal,0,0.500000,0.200000,,0.100000,5.000000,10.000000,702958461,356.421731,355.378081,355.386742,353.549800,353.558461,0.008661,354.593450,0,1,5,1,OperatingTarget,Move1,Move1.PickupCoarseMove,Move1,Move1.PickupFineAlign,1,"{""pedalAxisName"":""TaskSwitchPedal"",""usePlusMinusKeys"":true,""positivePedalKey"":61,""negativePedalKey"":45,""invertPedalAxis"":false,""pressThreshold"":0.5,""releaseThreshold"":0.20000000298023225,""minimumIntervalSeconds"":5.0,""maximumIntervalSeconds"":10.0,""minimumValidReactionSeconds"":0.10000000149011612,""randomSeed"":702958461}",,0,0.000000,1.034989,CorrectSidePress,1,0,0,1,Correct,1,1.034989,354.593450,1.034989,0.000000,1,0,PlusMinusKeys,0,1
20261008T082119469Z_04162e34eb32420696a9d803ab422fa6,,,1,1,TrialFinished,Visual,2026-10-08T08:27:14.0587961Z,354.593450,353.116337,15107,5,1,OperatingTarget,0,0,1,39,Right,1,1,Correct,1,1.034989,1,0,1.000000,TaskSwitchPedal,0,0.500000,0.200000,,0.100000,5.000000,10.000000,702958461,356.421731,355.378081,355.386742,353.549800,353.558461,0.008661,354.593450,0,0,5,1,OperatingTarget,Move1,Move1.PickupCoarseMove,Move1,Move1.PickupFineAlign,1,"{""pedalAxisName"":""TaskSwitchPedal"",""usePlusMinusKeys"":true,""positivePedalKey"":61,""negativePedalKey"":45,""invertPedalAxis"":false,""pressThreshold"":0.5,""releaseThreshold"":0.20000000298023225,""minimumIntervalSeconds"":5.0,""maximumIntervalSeconds"":10.0,""minimumValidReactionSeconds"":0.10000000149011612,""randomSeed"":702958461}",,0,0.000000,1.034989,CorrectSidePress,1,0,0,1,Correct,1,1.034989,354.593450,1.034989,0.000000,1,0,PlusMinusKeys,0,1
20261008T082119469Z_04162e34eb32420696a9d803ab422fa6,,,1,1,StimulusScheduled,Visual,2026-10-08T08:27:14.0587961Z,354.593967,353.116337,15107,5,1,OperatingTarget,0,0,1,40,Left,-1,,,,,0,0,1.000000,TaskSwitchPedal,0,0.500000,0.200000,,0.100000,5.000000,10.000000,702958461,356.422248,363.511599,,361.683318,,,,0,0,,,,,,Move1,Move1.PickupFineAlign,1,"{""pedalAxisName"":""TaskSwitchPedal"",""usePlusMinusKeys"":true,""positivePedalKey"":61,""negativePedalKey"":45,""invertPedalAxis"":false,""pressThreshold"":0.5,""releaseThreshold"":0.20000000298023225,""minimumIntervalSeconds"":5.0,""maximumIntervalSeconds"":10.0,""minimumValidReactionSeconds"":0.10000000149011612,""randomSeed"":702958461}",,0,0.000000,,CorrectSidePress,0,0,0,,,,,,,0.000000,1,0,PlusMinusKeys,0,1
20261008T082119469Z_04162e34eb32420696a9d803ab422fa6,,,1,1,StimulusOnsetObserved,Visual,2026-10-08T08:27:21.1667345Z,361.702331,360.225850,15370,5,1,OperatingTarget,0,0,1,40,Left,-1,,,,,1,0,0.000000,TaskSwitchPedal,0,0.500000,0.200000,,0.100000,5.000000,10.000000,702958461,363.530612,363.511599,363.530612,361.683318,361.702331,0.019013,,1,0,5,1,OperatingTarget,LiftUp,LiftUp.PickupLowering,LiftUp,LiftUp.PickupLowering,1,"{""pedalAxisName"":""TaskSwitchPedal"",""usePlusMinusKeys"":true,""positivePedalKey"":61,""negativePedalKey"":45,""invertPedalAxis"":false,""pressThreshold"":0.5,""releaseThreshold"":0.20000000298023225,""minimumIntervalSeconds"":5.0,""maximumIntervalSeconds"":10.0,""minimumValidReactionSeconds"":0.10000000149011612,""randomSeed"":702958461}",,0,0.000000,,CorrectSidePress,0,0,0,,,,,,,0.000000,0,0,Axis,0,1
20261008T082119469Z_04162e34eb32420696a9d803ab422fa6,,,1,1,PedalPressed,Visual,2026-10-08T08:27:22.5640739Z,363.099690,361.622585,15416,5,1,OperatingTarget,0,0,1,40,Left,-1,-1,Correct,1,1.397358,1,0,-1.000000,TaskSwitchPedal,0,0.500000,0.200000,,0.100000,5.000000,10.000000,702958461,364.927971,363.511599,363.530612,361.683318,361.702331,0.019013,363.099690,1,0,5,1,OperatingTarget,LiftUp,LiftUp.PickupLowering,LiftUp,LiftUp.PickupLowering,1,"{""pedalAxisName"":""TaskSwitchPedal"",""usePlusMinusKeys"":true,""positivePedalKey"":61,""negativePedalKey"":45,""invertPedalAxis"":false,""pressThreshold"":0.5,""releaseThreshold"":0.20000000298023225,""minimumIntervalSeconds"":5.0,""maximumIntervalSeconds"":10.0,""minimumValidReactionSeconds"":0.10000000149011612,""randomSeed"":702958461}",,0,0.000000,1.397359,CorrectSidePress,1,0,0,-1,Correct,1,1.397358,363.099690,1.397359,0.000000,0,1,PlusMinusKeys,0,1
20261008T082119469Z_04162e34eb32420696a9d803ab422fa6,,,1,1,TrialFinished,Visual,2026-10-08T08:27:22.5640739Z,363.099690,361.622585,15416,5,1,OperatingTarget,0,0,1,40,Left,-1,-1,Correct,1,1.397358,1,0,-1.000000,TaskSwitchPedal,0,0.500000,0.200000,,0.100000,5.000000,10.000000,702958461,364.927971,363.511599,363.530612,361.683318,361.702331,0.019013,363.099690,0,0,5,1,OperatingTarget,LiftUp,LiftUp.PickupLowering,LiftUp,LiftUp.PickupLowering,1,"{""pedalAxisName"":""TaskSwitchPedal"",""usePlusMinusKeys"":true,""positivePedalKey"":61,""negativePedalKey"":45,""invertPedalAxis"":false,""pressThreshold"":0.5,""releaseThreshold"":0.20000000298023225,""minimumIntervalSeconds"":5.0,""maximumIntervalSeconds"":10.0,""minimumValidReactionSeconds"":0.10000000149011612,""randomSeed"":702958461}",,0,0.000000,1.397359,CorrectSidePress,1,0,0,-1,Correct,1,1.397358,363.099690,1.397359,0.000000,0,1,PlusMinusKeys,0,1
20261008T082119469Z_04162e34eb32420696a9d803ab422fa6,,,1,1,StimulusScheduled,Visual,2026-10-08T08:27:22.5640739Z,363.100098,361.622585,15416,5,1,OperatingTarget,0,0,1,41,Right,1,,,,,0,0,-1.000000,TaskSwitchPedal,0,0.500000,0.200000,,0.100000,5.000000,10.000000,702958461,364.928379,373.588849,,371.760568,,,,0,0,,,,,,LiftUp,LiftUp.PickupLowering,1,"{""pedalAxisName"":""TaskSwitchPedal"",""usePlusMinusKeys"":true,""positivePedalKey"":61,""negativePedalKey"":45,""invertPedalAxis"":false,""pressThreshold"":0.5,""releaseThreshold"":0.20000000298023225,""minimumIntervalSeconds"":5.0,""maximumIntervalSeconds"":10.0,""minimumValidReactionSeconds"":0.10000000149011612,""randomSeed"":702958461}",,0,0.000000,,CorrectSidePress,0,0,0,,,,,,,0.000000,0,1,PlusMinusKeys,0,1
20261008T082119469Z_04162e34eb32420696a9d803ab422fa6,,,1,1,StimulusOnsetObserved,Visual,2026-10-08T08:27:31.2255891Z,371.761622,370.284442,15707,5,1,OperatingTarget,0,0,1,41,Right,1,,,,,1,0,0.000000,TaskSwitchPedal,0,0.500000,0.200000,,0.100000,5.000000,10.000000,702958461,373.589903,373.588849,373.589903,371.760568,371.761622,0.001054,,0,1,5,1,OperatingTarget,LiftUp,LiftUp.LoadedRaising,LiftUp,LiftUp.LoadedRaising,1,"{""pedalAxisName"":""TaskSwitchPedal"",""usePlusMinusKeys"":true,""positivePedalKey"":61,""negativePedalKey"":45,""invertPedalAxis"":false,""pressThreshold"":0.5,""releaseThreshold"":0.20000000298023225,""minimumIntervalSeconds"":5.0,""maximumIntervalSeconds"":10.0,""minimumValidReactionSeconds"":0.10000000149011612,""randomSeed"":702958461}",,0,0.000000,,CorrectSidePress,0,0,0,,,,,,,0.000000,0,0,Axis,0,1
20261008T082119469Z_04162e34eb32420696a9d803ab422fa6,,,1,1,PedalPressed,Visual,2026-10-08T08:27:32.2408639Z,372.777333,371.299068,15741,5,1,OperatingTarget,0,0,1,41,Right,1,1,Correct,1,1.015711,1,0,1.000000,TaskSwitchPedal,0,0.500000,0.200000,,0.100000,5.000000,10.000000,702958461,374.605614,373.588849,373.589903,371.760568,371.761622,0.001054,372.777333,0,1,5,1,OperatingTarget,LiftUp,LiftUp.LoadedRaising,LiftUp,LiftUp.LoadedRaising,1,"{""pedalAxisName"":""TaskSwitchPedal"",""usePlusMinusKeys"":true,""positivePedalKey"":61,""negativePedalKey"":45,""invertPedalAxis"":false,""pressThreshold"":0.5,""releaseThreshold"":0.20000000298023225,""minimumIntervalSeconds"":5.0,""maximumIntervalSeconds"":10.0,""minimumValidReactionSeconds"":0.10000000149011612,""randomSeed"":702958461}",,0,0.000000,1.015711,CorrectSidePress,1,0,0,1,Correct,1,1.015711,372.777333,1.015711,0.000000,1,0,PlusMinusKeys,0,1
20261008T082119469Z_04162e34eb32420696a9d803ab422fa6,,,1,1,TrialFinished,Visual,2026-10-08T08:27:32.2408639Z,372.777333,371.299068,15741,5,1,OperatingTarget,0,0,1,41,Right,1,1,Correct,1,1.015711,1,0,1.000000,TaskSwitchPedal,0,0.500000,0.200000,,0.100000,5.000000,10.000000,702958461,374.605614,373.588849,373.589903,371.760568,371.761622,0.001054,372.777333,0,0,5,1,OperatingTarget,LiftUp,LiftUp.LoadedRaising,LiftUp,LiftUp.LoadedRaising,1,"{""pedalAxisName"":""TaskSwitchPedal"",""usePlusMinusKeys"":true,""positivePedalKey"":61,""negativePedalKey"":45,""invertPedalAxis"":false,""pressThreshold"":0.5,""releaseThreshold"":0.20000000298023225,""minimumIntervalSeconds"":5.0,""maximumIntervalSeconds"":10.0,""minimumValidReactionSeconds"":0.10000000149011612,""randomSeed"":702958461}",,0,0.000000,1.015711,CorrectSidePress,1,0,0,1,Correct,1,1.015711,372.777333,1.015711,0.000000,1,0,PlusMinusKeys,0,1
20261008T082119469Z_04162e34eb32420696a9d803ab422fa6,,,1,1,StimulusScheduled,Visual,2026-10-08T08:27:32.2408639Z,372.777632,371.299068,15741,5,1,OperatingTarget,0,0,1,42,Left,-1,,,,,0,0,1.000000,TaskSwitchPedal,0,0.500000,0.200000,,0.100000,5.000000,10.000000,702958461,374.605914,383.697994,,381.869712,,,,0,0,,,,,,LiftUp,LiftUp.LoadedRaising,1,"{""pedalAxisName"":""TaskSwitchPedal"",""usePlusMinusKeys"":true,""positivePedalKey"":61,""negativePedalKey"":45,""invertPedalAxis"":false,""pressThreshold"":0.5,""releaseThreshold"":0.20000000298023225,""minimumIntervalSeconds"":5.0,""maximumIntervalSeconds"":10.0,""minimumValidReactionSeconds"":0.10000000149011612,""randomSeed"":702958461}",,0,0.000000,,CorrectSidePress,0,0,0,,,,,,,0.000000,1,0,PlusMinusKeys,0,1
20261008T082119469Z_04162e34eb32420696a9d803ab422fa6,,,1,1,StimulusOnsetObserved,Visual,2026-10-08T08:27:41.3467525Z,381.883857,380.407757,16137,5,0,OperatingSource,0,0,1,42,Left,-1,,,,,1,0,0.000000,TaskSwitchPedal,0,0.500000,0.200000,,0.100000,5.000000,10.000000,702958461,383.712138,383.697994,383.712138,381.869712,381.883857,0.014144,,1,0,5,0,OperatingSource,Move1,Move1.PickupCoarseMove,Move1,Move1.PickupCoarseMove,1,"{""pedalAxisName"":""TaskSwitchPedal"",""usePlusMinusKeys"":true,""positivePedalKey"":61,""negativePedalKey"":45,""invertPedalAxis"":false,""pressThreshold"":0.5,""releaseThreshold"":0.20000000298023225,""minimumIntervalSeconds"":5.0,""maximumIntervalSeconds"":10.0,""minimumValidReactionSeconds"":0.10000000149011612,""randomSeed"":702958461}",,0,0.000000,,CorrectSidePress,0,0,0,,,,,,,0.000000,0,0,Axis,0,1
20261008T082119469Z_04162e34eb32420696a9d803ab422fa6,,,1,1,PedalPressed,Visual,2026-10-08T08:27:42.8853019Z,383.422184,381.945981,16205,5,0,OperatingSource,0,0,1,42,Left,-1,-1,Correct,1,1.538328,1,0,-1.000000,TaskSwitchPedal,0,0.500000,0.200000,,0.100000,5.000000,10.000000,702958461,385.250465,383.697994,383.712138,381.869712,381.883857,0.014144,383.422184,1,0,5,0,OperatingSource,Move1,Move1.PickupCoarseMove,Move1,Move1.PickupCoarseMove,1,"{""pedalAxisName"":""TaskSwitchPedal"",""usePlusMinusKeys"":true,""positivePedalKey"":61,""negativePedalKey"":45,""invertPedalAxis"":false,""pressThreshold"":0.5,""releaseThreshold"":0.20000000298023225,""minimumIntervalSeconds"":5.0,""maximumIntervalSeconds"":10.0,""minimumValidReactionSeconds"":0.10000000149011612,""randomSeed"":702958461}",,0,0.000000,1.538328,CorrectSidePress,1,0,0,-1,Correct,1,1.538328,383.422184,1.538328,0.000000,0,1,PlusMinusKeys,0,1
20261008T082119469Z_04162e34eb32420696a9d803ab422fa6,,,1,1,TrialFinished,Visual,2026-10-08T08:27:42.8853019Z,383.422184,381.945981,16205,5,0,OperatingSource,0,0,1,42,Left,-1,-1,Correct,1,1.538328,1,0,-1.000000,TaskSwitchPedal,0,0.500000,0.200000,,0.100000,5.000000,10.000000,702958461,385.250465,383.697994,383.712138,381.869712,381.883857,0.014144,383.422184,0,0,5,0,OperatingSource,Move1,Move1.PickupCoarseMove,Move1,Move1.PickupCoarseMove,1,"{""pedalAxisName"":""TaskSwitchPedal"",""usePlusMinusKeys"":true,""positivePedalKey"":61,""negativePedalKey"":45,""invertPedalAxis"":false,""pressThreshold"":0.5,""releaseThreshold"":0.20000000298023225,""minimumIntervalSeconds"":5.0,""maximumIntervalSeconds"":10.0,""minimumValidReactionSeconds"":0.10000000149011612,""randomSeed"":702958461}",,0,0.000000,1.538328,CorrectSidePress,1,0,0,-1,Correct,1,1.538328,383.422184,1.538328,0.000000,0,1,PlusMinusKeys,0,1
20261008T082119469Z_04162e34eb32420696a9d803ab422fa6,,,1,1,StimulusScheduled,Visual,2026-10-08T08:27:42.8853019Z,383.422520,381.945981,16205,5,0,OperatingSource,0,0,1,43,Right,1,,,,,0,0,-1.000000,TaskSwitchPedal,0,0.500000,0.200000,,0.100000,5.000000,10.000000,702958461,385.250801,391.882644,,390.054363,,,,0,0,,,,,,Move1,Move1.PickupCoarseMove,1,"{""pedalAxisName"":""TaskSwitchPedal"",""usePlusMinusKeys"":true,""positivePedalKey"":61,""negativePedalKey"":45,""invertPedalAxis"":false,""pressThreshold"":0.5,""releaseThreshold"":0.20000000298023225,""minimumIntervalSeconds"":5.0,""maximumIntervalSeconds"":10.0,""minimumValidReactionSeconds"":0.10000000149011612,""randomSeed"":702958461}",,0,0.000000,,CorrectSidePress,0,0,0,,,,,,,0.000000,0,1,PlusMinusKeys,0,1
20261008T082119469Z_04162e34eb32420696a9d803ab422fa6,,,1,1,StimulusOnsetObserved,Visual,2026-10-08T08:27:49.5711846Z,390.108302,388.630561,16493,5,0,OperatingSource,0,0,1,43,Right,1,,,,,1,0,0.000000,TaskSwitchPedal,0,0.500000,0.200000,,0.100000,5.000000,10.000000,702958461,391.936583,391.882644,391.936583,390.054363,390.108302,0.053939,,0,1,5,0,OperatingSource,Move1,Move1.PickupFineAlign,Move1,Move1.PickupFineAlign,1,"{""pedalAxisName"":""TaskSwitchPedal"",""usePlusMinusKeys"":true,""positivePedalKey"":61,""negativePedalKey"":45,""invertPedalAxis"":false,""pressThreshold"":0.5,""releaseThreshold"":0.20000000298023225,""minimumIntervalSeconds"":5.0,""maximumIntervalSeconds"":10.0,""minimumValidReactionSeconds"":0.10000000149011612,""randomSeed"":702958461}",,0,0.000000,,CorrectSidePress,0,0,0,,,,,,,0.000000,0,0,Axis,0,1
20261008T082119469Z_04162e34eb32420696a9d803ab422fa6,,,1,1,PedalPressed,Visual,2026-10-08T08:27:50.6435474Z,391.181118,389.704170,16534,5,0,OperatingSource,0,0,1,43,Right,1,1,Correct,1,1.072816,1,0,1.000000,TaskSwitchPedal,0,0.500000,0.200000,,0.100000,5.000000,10.000000,702958461,393.009399,391.882644,391.936583,390.054363,390.108302,0.053939,391.181118,0,1,5,0,OperatingSource,Move1,Move1.PickupFineAlign,LiftUp,LiftUp.PickupLowering,1,"{""pedalAxisName"":""TaskSwitchPedal"",""usePlusMinusKeys"":true,""positivePedalKey"":61,""negativePedalKey"":45,""invertPedalAxis"":false,""pressThreshold"":0.5,""releaseThreshold"":0.20000000298023225,""minimumIntervalSeconds"":5.0,""maximumIntervalSeconds"":10.0,""minimumValidReactionSeconds"":0.10000000149011612,""randomSeed"":702958461}",,0,0.000000,1.072816,CorrectSidePress,1,0,0,1,Correct,1,1.072816,391.181118,1.072816,0.000000,1,0,PlusMinusKeys,0,1
20261008T082119469Z_04162e34eb32420696a9d803ab422fa6,,,1,1,TrialFinished,Visual,2026-10-08T08:27:50.6445680Z,391.181118,389.704170,16534,5,0,OperatingSource,0,0,1,43,Right,1,1,Correct,1,1.072816,1,0,1.000000,TaskSwitchPedal,0,0.500000,0.200000,,0.100000,5.000000,10.000000,702958461,393.009399,391.882644,391.936583,390.054363,390.108302,0.053939,391.181118,0,0,5,0,OperatingSource,Move1,Move1.PickupFineAlign,LiftUp,LiftUp.PickupLowering,1,"{""pedalAxisName"":""TaskSwitchPedal"",""usePlusMinusKeys"":true,""positivePedalKey"":61,""negativePedalKey"":45,""invertPedalAxis"":false,""pressThreshold"":0.5,""releaseThreshold"":0.20000000298023225,""minimumIntervalSeconds"":5.0,""maximumIntervalSeconds"":10.0,""minimumValidReactionSeconds"":0.10000000149011612,""randomSeed"":702958461}",,0,0.000000,1.072816,CorrectSidePress,1,0,0,1,Correct,1,1.072816,391.181118,1.072816,0.000000,1,0,PlusMinusKeys,0,1
20261008T082119469Z_04162e34eb32420696a9d803ab422fa6,,,1,1,StimulusScheduled,Visual,2026-10-08T08:27:50.6445680Z,391.181839,389.704170,16534,5,0,OperatingSource,0,0,1,44,Right,1,,,,,0,0,1.000000,TaskSwitchPedal,0,0.500000,0.200000,,0.100000,5.000000,10.000000,702958461,393.010120,399.511797,,397.683516,,,,0,0,,,,,,LiftUp,LiftUp.PickupLowering,1,"{""pedalAxisName"":""TaskSwitchPedal"",""usePlusMinusKeys"":true,""positivePedalKey"":61,""negativePedalKey"":45,""invertPedalAxis"":false,""pressThreshold"":0.5,""releaseThreshold"":0.20000000298023225,""minimumIntervalSeconds"":5.0,""maximumIntervalSeconds"":10.0,""minimumValidReactionSeconds"":0.10000000149011612,""randomSeed"":702958461}",,0,0.000000,,CorrectSidePress,0,0,0,,,,,,,0.000000,1,0,PlusMinusKeys,0,1
20261008T082119469Z_04162e34eb32420696a9d803ab422fa6,,,1,1,StimulusOnsetObserved,Visual,2026-10-08T08:27:57.1985435Z,397.736398,396.258179,16765,5,0,OperatingSource,0,0,1,44,Right,1,,,,,1,0,0.000000,TaskSwitchPedal,0,0.500000,0.200000,,0.100000,5.000000,10.000000,702958461,399.564679,399.511797,399.564679,397.683516,397.736398,0.052882,,0,1,5,0,OperatingSource,LiftUp,LiftUp.PickupLowering,LiftUp,LiftUp.PickupLowering,1,"{""pedalAxisName"":""TaskSwitchPedal"",""usePlusMinusKeys"":true,""positivePedalKey"":61,""negativePedalKey"":45,""invertPedalAxis"":false,""pressThreshold"":0.5,""releaseThreshold"":0.20000000298023225,""minimumIntervalSeconds"":5.0,""maximumIntervalSeconds"":10.0,""minimumValidReactionSeconds"":0.10000000149011612,""randomSeed"":702958461}",,0,0.000000,,CorrectSidePress,0,0,0,,,,,,,0.000000,0,0,Axis,0,1
20261008T082119469Z_04162e34eb32420696a9d803ab422fa6,,,1,1,PedalPressed,Visual,2026-10-08T08:27:58.3062245Z,398.843719,397.367438,16802,5,0,OperatingSource,0,0,1,44,Right,1,1,Correct,1,1.107320,1,0,1.000000,TaskSwitchPedal,0,0.500000,0.200000,,0.100000,5.000000,10.000000,702958461,400.671999,399.511797,399.564679,397.683516,397.736398,0.052882,398.843719,0,1,5,0,OperatingSource,LiftUp,LiftUp.PickupLowering,LiftUp,LiftUp.PickupLowering,1,"{""pedalAxisName"":""TaskSwitchPedal"",""usePlusMinusKeys"":true,""positivePedalKey"":61,""negativePedalKey"":45,""invertPedalAxis"":false,""pressThreshold"":0.5,""releaseThreshold"":0.20000000298023225,""minimumIntervalSeconds"":5.0,""maximumIntervalSeconds"":10.0,""minimumValidReactionSeconds"":0.10000000149011612,""randomSeed"":702958461}",,0,0.000000,1.107321,CorrectSidePress,1,0,0,1,Correct,1,1.107320,398.843719,1.107321,0.000000,1,0,PlusMinusKeys,0,1
20261008T082119469Z_04162e34eb32420696a9d803ab422fa6,,,1,1,TrialFinished,Visual,2026-10-08T08:27:58.3062245Z,398.843719,397.367438,16802,5,0,OperatingSource,0,0,1,44,Right,1,1,Correct,1,1.107320,1,0,1.000000,TaskSwitchPedal,0,0.500000,0.200000,,0.100000,5.000000,10.000000,702958461,400.671999,399.511797,399.564679,397.683516,397.736398,0.052882,398.843719,0,0,5,0,OperatingSource,LiftUp,LiftUp.PickupLowering,LiftUp,LiftUp.PickupLowering,1,"{""pedalAxisName"":""TaskSwitchPedal"",""usePlusMinusKeys"":true,""positivePedalKey"":61,""negativePedalKey"":45,""invertPedalAxis"":false,""pressThreshold"":0.5,""releaseThreshold"":0.20000000298023225,""minimumIntervalSeconds"":5.0,""maximumIntervalSeconds"":10.0,""minimumValidReactionSeconds"":0.10000000149011612,""randomSeed"":702958461}",,0,0.000000,1.107321,CorrectSidePress,1,0,0,1,Correct,1,1.107320,398.843719,1.107321,0.000000,1,0,PlusMinusKeys,0,1
20261008T082119469Z_04162e34eb32420696a9d803ab422fa6,,,1,1,StimulusScheduled,Visual,2026-10-08T08:27:58.3062245Z,398.844115,397.367438,16802,5,0,OperatingSource,0,0,1,45,Left,-1,,,,,0,0,1.000000,TaskSwitchPedal,0,0.500000,0.200000,,0.100000,5.000000,10.000000,702958461,400.672397,410.373703,,408.545422,,,,0,0,,,,,,LiftUp,LiftUp.PickupLowering,1,"{""pedalAxisName"":""TaskSwitchPedal"",""usePlusMinusKeys"":true,""positivePedalKey"":61,""negativePedalKey"":45,""invertPedalAxis"":false,""pressThreshold"":0.5,""releaseThreshold"":0.20000000298023225,""minimumIntervalSeconds"":5.0,""maximumIntervalSeconds"":10.0,""minimumValidReactionSeconds"":0.10000000149011612,""randomSeed"":702958461}",,0,0.000000,,CorrectSidePress,0,0,0,,,,,,,0.000000,1,0,PlusMinusKeys,0,1
20261008T082119469Z_04162e34eb32420696a9d803ab422fa6,,,1,1,StimulusOnsetObserved,Visual,2026-10-08T08:28:08.0184590Z,408.556323,407.078221,17122,5,0,OperatingSource,0,0,1,45,Left,-1,,,,,1,0,0.000000,TaskSwitchPedal,0,0.500000,0.200000,,0.100000,5.000000,10.000000,702958461,410.384604,410.373703,410.384604,408.545422,408.556323,0.010902,,1,0,5,0,OperatingSource,LiftUp,LiftUp.LoadedRaising,LiftUp,LiftUp.LoadedRaising,1,"{""pedalAxisName"":""TaskSwitchPedal"",""usePlusMinusKeys"":true,""positivePedalKey"":61,""negativePedalKey"":45,""invertPedalAxis"":false,""pressThreshold"":0.5,""releaseThreshold"":0.20000000298023225,""minimumIntervalSeconds"":5.0,""maximumIntervalSeconds"":10.0,""minimumValidReactionSeconds"":0.10000000149011612,""randomSeed"":702958461}",,0,0.000000,,CorrectSidePress,0,0,0,,,,,,,0.000000,0,0,Axis,0,1
20261008T082119469Z_04162e34eb32420696a9d803ab422fa6,,,1,1,PedalPressed,Visual,2026-10-08T08:28:08.9434457Z,409.481786,408.005595,17153,5,0,OperatingSource,0,0,1,45,Left,-1,-1,Correct,1,0.925462,1,0,-1.000000,TaskSwitchPedal,0,0.500000,0.200000,,0.100000,5.000000,10.000000,702958461,411.310066,410.373703,410.384604,408.545422,408.556323,0.010902,409.481786,1,0,5,0,OperatingSource,LiftUp,LiftUp.LoadedRaising,Move2,Move2.DestinationCoarseMove,1,"{""pedalAxisName"":""TaskSwitchPedal"",""usePlusMinusKeys"":true,""positivePedalKey"":61,""negativePedalKey"":45,""invertPedalAxis"":false,""pressThreshold"":0.5,""releaseThreshold"":0.20000000298023225,""minimumIntervalSeconds"":5.0,""maximumIntervalSeconds"":10.0,""minimumValidReactionSeconds"":0.10000000149011612,""randomSeed"":702958461}",,0,0.000000,0.925462,CorrectSidePress,1,0,0,-1,Correct,1,0.925462,409.481786,0.925462,0.000000,0,1,PlusMinusKeys,0,1
20261008T082119469Z_04162e34eb32420696a9d803ab422fa6,,,1,1,TrialFinished,Visual,2026-10-08T08:28:08.9444492Z,409.481786,408.005595,17153,5,0,OperatingSource,0,0,1,45,Left,-1,-1,Correct,1,0.925462,1,0,-1.000000,TaskSwitchPedal,0,0.500000,0.200000,,0.100000,5.000000,10.000000,702958461,411.310066,410.373703,410.384604,408.545422,408.556323,0.010902,409.481786,0,0,5,0,OperatingSource,LiftUp,LiftUp.LoadedRaising,Move2,Move2.DestinationCoarseMove,1,"{""pedalAxisName"":""TaskSwitchPedal"",""usePlusMinusKeys"":true,""positivePedalKey"":61,""negativePedalKey"":45,""invertPedalAxis"":false,""pressThreshold"":0.5,""releaseThreshold"":0.20000000298023225,""minimumIntervalSeconds"":5.0,""maximumIntervalSeconds"":10.0,""minimumValidReactionSeconds"":0.10000000149011612,""randomSeed"":702958461}",,0,0.000000,0.925462,CorrectSidePress,1,0,0,-1,Correct,1,0.925462,409.481786,0.925462,0.000000,0,1,PlusMinusKeys,0,1
20261008T082119469Z_04162e34eb32420696a9d803ab422fa6,,,1,1,StimulusScheduled,Visual,2026-10-08T08:28:08.9444492Z,409.482214,408.005595,17153,5,0,OperatingSource,0,0,1,46,Left,-1,,,,,0,0,-1.000000,TaskSwitchPedal,0,0.500000,0.200000,,0.100000,5.000000,10.000000,702958461,411.310496,419.008401,,417.180119,,,,0,0,,,,,,Move2,Move2.DestinationCoarseMove,1,"{""pedalAxisName"":""TaskSwitchPedal"",""usePlusMinusKeys"":true,""positivePedalKey"":61,""negativePedalKey"":45,""invertPedalAxis"":false,""pressThreshold"":0.5,""releaseThreshold"":0.20000000298023225,""minimumIntervalSeconds"":5.0,""maximumIntervalSeconds"":10.0,""minimumValidReactionSeconds"":0.10000000149011612,""randomSeed"":702958461}",,0,0.000000,,CorrectSidePress,0,0,0,,,,,,,0.000000,0,1,PlusMinusKeys,0,1
20261008T082119469Z_04162e34eb32420696a9d803ab422fa6,,,1,1,StimulusOnsetObserved,Visual,2026-10-08T08:28:16.6839396Z,417.221873,415.744122,17405,5,0,OperatingSource,0,0,1,46,Left,-1,,,,,1,0,0.000000,TaskSwitchPedal,0,0.500000,0.200000,,0.100000,5.000000,10.000000,702958461,419.050154,419.008401,419.050154,417.180119,417.221873,0.041754,,1,0,5,0,OperatingSource,Move2,Move2.DestinationCoarseMove,Move2,Move2.DestinationCoarseMove,1,"{""pedalAxisName"":""TaskSwitchPedal"",""usePlusMinusKeys"":true,""positivePedalKey"":61,""negativePedalKey"":45,""invertPedalAxis"":false,""pressThreshold"":0.5,""releaseThreshold"":0.20000000298023225,""minimumIntervalSeconds"":5.0,""maximumIntervalSeconds"":10.0,""minimumValidReactionSeconds"":0.10000000149011612,""randomSeed"":702958461}",,0,0.000000,,CorrectSidePress,0,0,0,,,,,,,0.000000,0,0,Axis,0,1
20261008T082119469Z_04162e34eb32420696a9d803ab422fa6,,,1,1,PedalPressed,Visual,2026-10-08T08:28:17.7706247Z,418.309387,416.831752,17439,5,0,OperatingSource,0,0,1,46,Left,-1,-1,Correct,1,1.087514,1,0,-1.000000,TaskSwitchPedal,0,0.500000,0.200000,,0.100000,5.000000,10.000000,702958461,420.137668,419.008401,419.050154,417.180119,417.221873,0.041754,418.309387,1,0,5,0,OperatingSource,Move2,Move2.DestinationCoarseMove,Move2,Move2.DestinationCoarseMove,1,"{""pedalAxisName"":""TaskSwitchPedal"",""usePlusMinusKeys"":true,""positivePedalKey"":61,""negativePedalKey"":45,""invertPedalAxis"":false,""pressThreshold"":0.5,""releaseThreshold"":0.20000000298023225,""minimumIntervalSeconds"":5.0,""maximumIntervalSeconds"":10.0,""minimumValidReactionSeconds"":0.10000000149011612,""randomSeed"":702958461}",,0,0.000000,1.087514,CorrectSidePress,1,0,0,-1,Correct,1,1.087514,418.309387,1.087514,0.000000,0,1,PlusMinusKeys,0,1
20261008T082119469Z_04162e34eb32420696a9d803ab422fa6,,,1,1,TrialFinished,Visual,2026-10-08T08:28:17.7716255Z,418.309387,416.831752,17439,5,0,OperatingSource,0,0,1,46,Left,-1,-1,Correct,1,1.087514,1,0,-1.000000,TaskSwitchPedal,0,0.500000,0.200000,,0.100000,5.000000,10.000000,702958461,420.137668,419.008401,419.050154,417.180119,417.221873,0.041754,418.309387,0,0,5,0,OperatingSource,Move2,Move2.DestinationCoarseMove,Move2,Move2.DestinationCoarseMove,1,"{""pedalAxisName"":""TaskSwitchPedal"",""usePlusMinusKeys"":true,""positivePedalKey"":61,""negativePedalKey"":45,""invertPedalAxis"":false,""pressThreshold"":0.5,""releaseThreshold"":0.20000000298023225,""minimumIntervalSeconds"":5.0,""maximumIntervalSeconds"":10.0,""minimumValidReactionSeconds"":0.10000000149011612,""randomSeed"":702958461}",,0,0.000000,1.087514,CorrectSidePress,1,0,0,-1,Correct,1,1.087514,418.309387,1.087514,0.000000,0,1,PlusMinusKeys,0,1
20261008T082119469Z_04162e34eb32420696a9d803ab422fa6,,,1,1,StimulusScheduled,Visual,2026-10-08T08:28:17.7716255Z,418.309796,416.831752,17439,5,0,OperatingSource,0,0,1,47,Left,-1,,,,,0,0,-1.000000,TaskSwitchPedal,0,0.500000,0.200000,,0.100000,5.000000,10.000000,702958461,420.138078,426.542805,,424.714523,,,,0,0,,,,,,Move2,Move2.DestinationCoarseMove,1,"{""pedalAxisName"":""TaskSwitchPedal"",""usePlusMinusKeys"":true,""positivePedalKey"":61,""negativePedalKey"":45,""invertPedalAxis"":false,""pressThreshold"":0.5,""releaseThreshold"":0.20000000298023225,""minimumIntervalSeconds"":5.0,""maximumIntervalSeconds"":10.0,""minimumValidReactionSeconds"":0.10000000149011612,""randomSeed"":702958461}",,0,0.000000,,CorrectSidePress,0,0,0,,,,,,,0.000000,0,1,PlusMinusKeys,0,1
20261008T082119469Z_04162e34eb32420696a9d803ab422fa6,,,1,1,StimulusOnsetObserved,Visual,2026-10-08T08:28:24.1771285Z,424.715420,423.239357,17647,5,0,OperatingSource,0,0,1,47,Left,-1,,,,,1,0,0.000000,TaskSwitchPedal,0,0.500000,0.200000,,0.100000,5.000000,10.000000,702958461,426.543701,426.542805,426.543701,424.714523,424.715420,0.000897,,1,0,5,0,OperatingSource,Move2,Move2.DestinationCoarseMove,Move2,Move2.DestinationCoarseMove,1,"{""pedalAxisName"":""TaskSwitchPedal"",""usePlusMinusKeys"":true,""positivePedalKey"":61,""negativePedalKey"":45,""invertPedalAxis"":false,""pressThreshold"":0.5,""releaseThreshold"":0.20000000298023225,""minimumIntervalSeconds"":5.0,""maximumIntervalSeconds"":10.0,""minimumValidReactionSeconds"":0.10000000149011612,""randomSeed"":702958461}",,0,0.000000,,CorrectSidePress,0,0,0,,,,,,,0.000000,0,0,Axis,0,1
20261008T082119469Z_04162e34eb32420696a9d803ab422fa6,,,1,1,PedalPressed,Visual,2026-10-08T08:28:25.1101703Z,425.649154,424.171860,17678,5,0,OperatingSource,0,0,1,47,Left,-1,-1,Correct,1,0.933730,1,0,-1.000000,TaskSwitchPedal,0,0.500000,0.200000,,0.100000,5.000000,10.000000,702958461,427.477432,426.542805,426.543701,424.714523,424.715420,0.000897,425.649154,1,0,5,0,OperatingSource,Move2,Move2.DestinationCoarseMove,Move2,Move2.DestinationCoarseMove,1,"{""pedalAxisName"":""TaskSwitchPedal"",""usePlusMinusKeys"":true,""positivePedalKey"":61,""negativePedalKey"":45,""invertPedalAxis"":false,""pressThreshold"":0.5,""releaseThreshold"":0.20000000298023225,""minimumIntervalSeconds"":5.0,""maximumIntervalSeconds"":10.0,""minimumValidReactionSeconds"":0.10000000149011612,""randomSeed"":702958461}",,0,0.000000,0.933733,CorrectSidePress,1,0,0,-1,Correct,1,0.933730,425.649154,0.933733,0.000000,0,1,PlusMinusKeys,0,1
20261008T082119469Z_04162e34eb32420696a9d803ab422fa6,,,1,1,TrialFinished,Visual,2026-10-08T08:28:25.1135127Z,425.649154,424.171860,17678,5,0,OperatingSource,0,0,1,47,Left,-1,-1,Correct,1,0.933730,1,0,-1.000000,TaskSwitchPedal,0,0.500000,0.200000,,0.100000,5.000000,10.000000,702958461,427.477432,426.542805,426.543701,424.714523,424.715420,0.000897,425.649154,0,0,5,0,OperatingSource,Move2,Move2.DestinationCoarseMove,Move2,Move2.DestinationCoarseMove,1,"{""pedalAxisName"":""TaskSwitchPedal"",""usePlusMinusKeys"":true,""positivePedalKey"":61,""negativePedalKey"":45,""invertPedalAxis"":false,""pressThreshold"":0.5,""releaseThreshold"":0.20000000298023225,""minimumIntervalSeconds"":5.0,""maximumIntervalSeconds"":10.0,""minimumValidReactionSeconds"":0.10000000149011612,""randomSeed"":702958461}",,0,0.000000,0.933733,CorrectSidePress,1,0,0,-1,Correct,1,0.933730,425.649154,0.933733,0.000000,0,1,PlusMinusKeys,0,1
20261008T082119469Z_04162e34eb32420696a9d803ab422fa6,,,1,1,StimulusScheduled,Visual,2026-10-08T08:28:25.1135127Z,425.652748,424.171860,17678,5,0,OperatingSource,0,0,1,48,Right,1,,,,,0,0,-1.000000,TaskSwitchPedal,0,0.500000,0.200000,,0.100000,5.000000,10.000000,702958461,427.481029,433.095787,,431.267506,,,,0,0,,,,,,Move2,Move2.DestinationCoarseMove,1,"{""pedalAxisName"":""TaskSwitchPedal"",""usePlusMinusKeys"":true,""positivePedalKey"":61,""negativePedalKey"":45,""invertPedalAxis"":false,""pressThreshold"":0.5,""releaseThreshold"":0.20000000298023225,""minimumIntervalSeconds"":5.0,""maximumIntervalSeconds"":10.0,""minimumValidReactionSeconds"":0.10000000149011612,""randomSeed"":702958461}",,0,0.000000,,CorrectSidePress,0,0,0,,,,,,,0.000000,0,1,PlusMinusKeys,0,1
20261008T082119469Z_04162e34eb32420696a9d803ab422fa6,,,1,1,StimulusOnsetObserved,Visual,2026-10-08T08:28:30.7655684Z,431.305922,429.826879,17854,6,0,WaitingForPhaseBoundary,0,0,1,48,Right,1,,,,,1,0,0.000000,TaskSwitchPedal,0,0.500000,0.200000,,0.100000,5.000000,10.000000,702958461,433.134203,433.095787,433.134203,431.267506,431.305922,0.038417,,0,1,6,0,WaitingForPhaseBoundary,Place,Place.PlacementLowering,Place,Place.PlacementLowering,1,"{""pedalAxisName"":""TaskSwitchPedal"",""usePlusMinusKeys"":true,""positivePedalKey"":61,""negativePedalKey"":45,""invertPedalAxis"":false,""pressThreshold"":0.5,""releaseThreshold"":0.20000000298023225,""minimumIntervalSeconds"":5.0,""maximumIntervalSeconds"":10.0,""minimumValidReactionSeconds"":0.10000000149011612,""randomSeed"":702958461}",,0,0.000000,,CorrectSidePress,0,0,0,,,,,,,0.000000,0,0,Axis,0,1
20261008T082119469Z_04162e34eb32420696a9d803ab422fa6,,,1,1,PedalPressed,Visual,2026-10-08T08:28:31.9640919Z,432.503949,431.027376,17892,6,0,WaitingForPhaseBoundary,0,0,1,48,Right,1,1,Correct,1,1.198027,1,0,1.000000,TaskSwitchPedal,0,0.500000,0.200000,,0.100000,5.000000,10.000000,702958461,434.332230,433.095787,433.134203,431.267506,431.305922,0.038417,432.503949,0,1,6,0,WaitingForPhaseBoundary,Place,Place.PlacementLowering,Place,Place.PlacementLowering,1,"{""pedalAxisName"":""TaskSwitchPedal"",""usePlusMinusKeys"":true,""positivePedalKey"":61,""negativePedalKey"":45,""invertPedalAxis"":false,""pressThreshold"":0.5,""releaseThreshold"":0.20000000298023225,""minimumIntervalSeconds"":5.0,""maximumIntervalSeconds"":10.0,""minimumValidReactionSeconds"":0.10000000149011612,""randomSeed"":702958461}",,0,0.000000,1.198027,CorrectSidePress,1,0,0,1,Correct,1,1.198027,432.503949,1.198027,0.000000,1,0,PlusMinusKeys,0,1
20261008T082119469Z_04162e34eb32420696a9d803ab422fa6,,,1,1,TrialFinished,Visual,2026-10-08T08:28:31.9640919Z,432.503949,431.027376,17892,6,0,WaitingForPhaseBoundary,0,0,1,48,Right,1,1,Correct,1,1.198027,1,0,1.000000,TaskSwitchPedal,0,0.500000,0.200000,,0.100000,5.000000,10.000000,702958461,434.332230,433.095787,433.134203,431.267506,431.305922,0.038417,432.503949,0,0,6,0,WaitingForPhaseBoundary,Place,Place.PlacementLowering,Place,Place.PlacementLowering,1,"{""pedalAxisName"":""TaskSwitchPedal"",""usePlusMinusKeys"":true,""positivePedalKey"":61,""negativePedalKey"":45,""invertPedalAxis"":false,""pressThreshold"":0.5,""releaseThreshold"":0.20000000298023225,""minimumIntervalSeconds"":5.0,""maximumIntervalSeconds"":10.0,""minimumValidReactionSeconds"":0.10000000149011612,""randomSeed"":702958461}",,0,0.000000,1.198027,CorrectSidePress,1,0,0,1,Correct,1,1.198027,432.503949,1.198027,0.000000,1,0,PlusMinusKeys,0,1
20261008T082119469Z_04162e34eb32420696a9d803ab422fa6,,,1,1,StimulusScheduled,Visual,2026-10-08T08:28:31.9656101Z,432.504293,431.027376,17892,6,0,WaitingForPhaseBoundary,0,0,1,49,Left,-1,,,,,0,0,1.000000,TaskSwitchPedal,0,0.500000,0.200000,,0.100000,5.000000,10.000000,702958461,434.332574,444.320721,,442.492440,,,,0,0,,,,,,Place,Place.PlacementLowering,1,"{""pedalAxisName"":""TaskSwitchPedal"",""usePlusMinusKeys"":true,""positivePedalKey"":61,""negativePedalKey"":45,""invertPedalAxis"":false,""pressThreshold"":0.5,""releaseThreshold"":0.20000000298023225,""minimumIntervalSeconds"":5.0,""maximumIntervalSeconds"":10.0,""minimumValidReactionSeconds"":0.10000000149011612,""randomSeed"":702958461}",,0,0.000000,,CorrectSidePress,0,0,0,,,,,,,0.000000,1,0,PlusMinusKeys,0,1
20261008T082119469Z_04162e34eb32420696a9d803ab422fa6,,,1,1,StimulusOnsetObserved,Visual,2026-10-08T08:28:41.9598051Z,442.499664,441.023533,18269,6,1,WaitingForConfirmation,1,0,1,49,Left,-1,,,,,1,0,0.000000,TaskSwitchPedal,0,0.500000,0.200000,,0.100000,5.000000,10.000000,702958461,444.327946,444.320721,444.327946,442.492440,442.499664,0.007224,,1,0,6,1,WaitingForConfirmation,LiftUp,,LiftUp,,1,"{""pedalAxisName"":""TaskSwitchPedal"",""usePlusMinusKeys"":true,""positivePedalKey"":61,""negativePedalKey"":45,""invertPedalAxis"":false,""pressThreshold"":0.5,""releaseThreshold"":0.20000000298023225,""minimumIntervalSeconds"":5.0,""maximumIntervalSeconds"":10.0,""minimumValidReactionSeconds"":0.10000000149011612,""randomSeed"":702958461}",,0,0.000000,,CorrectSidePress,0,0,0,,,,,,,0.000000,0,0,Axis,0,1
20261008T082119469Z_04162e34eb32420696a9d803ab422fa6,,,1,1,PedalPressed,Visual,2026-10-08T08:28:43.2022397Z,443.741839,442.266003,18320,6,1,OperatingTarget,0,0,1,49,Left,-1,-1,Correct,1,1.242175,1,0,-1.000000,TaskSwitchPedal,0,0.500000,0.200000,,0.100000,5.000000,10.000000,702958461,445.570121,444.320721,444.327946,442.492440,442.499664,0.007224,443.741839,1,0,6,1,WaitingForConfirmation,LiftUp,,Move2,Move2.DestinationCoarseMove,1,"{""pedalAxisName"":""TaskSwitchPedal"",""usePlusMinusKeys"":true,""positivePedalKey"":61,""negativePedalKey"":45,""invertPedalAxis"":false,""pressThreshold"":0.5,""releaseThreshold"":0.20000000298023225,""minimumIntervalSeconds"":5.0,""maximumIntervalSeconds"":10.0,""minimumValidReactionSeconds"":0.10000000149011612,""randomSeed"":702958461}",,0,0.000000,1.242175,CorrectSidePress,1,0,0,-1,Correct,1,1.242175,443.741839,1.242175,0.000000,0,1,PlusMinusKeys,0,1
20261008T082119469Z_04162e34eb32420696a9d803ab422fa6,,,1,1,TrialFinished,Visual,2026-10-08T08:28:43.2022397Z,443.741839,442.266003,18320,6,1,OperatingTarget,0,0,1,49,Left,-1,-1,Correct,1,1.242175,1,0,-1.000000,TaskSwitchPedal,0,0.500000,0.200000,,0.100000,5.000000,10.000000,702958461,445.570121,444.320721,444.327946,442.492440,442.499664,0.007224,443.741839,0,0,6,1,WaitingForConfirmation,LiftUp,,Move2,Move2.DestinationCoarseMove,1,"{""pedalAxisName"":""TaskSwitchPedal"",""usePlusMinusKeys"":true,""positivePedalKey"":61,""negativePedalKey"":45,""invertPedalAxis"":false,""pressThreshold"":0.5,""releaseThreshold"":0.20000000298023225,""minimumIntervalSeconds"":5.0,""maximumIntervalSeconds"":10.0,""minimumValidReactionSeconds"":0.10000000149011612,""randomSeed"":702958461}",,0,0.000000,1.242175,CorrectSidePress,1,0,0,-1,Correct,1,1.242175,443.741839,1.242175,0.000000,0,1,PlusMinusKeys,0,1
20261008T082119469Z_04162e34eb32420696a9d803ab422fa6,,,1,1,StimulusScheduled,Visual,2026-10-08T08:28:43.2022397Z,443.742370,442.266003,18320,6,1,OperatingTarget,0,0,1,50,Right,1,,,,,0,0,-1.000000,TaskSwitchPedal,0,0.500000,0.200000,,0.100000,5.000000,10.000000,702958461,445.570651,455.505861,,453.677580,,,,0,0,,,,,,Move2,Move2.DestinationCoarseMove,1,"{""pedalAxisName"":""TaskSwitchPedal"",""usePlusMinusKeys"":true,""positivePedalKey"":61,""negativePedalKey"":45,""invertPedalAxis"":false,""pressThreshold"":0.5,""releaseThreshold"":0.20000000298023225,""minimumIntervalSeconds"":5.0,""maximumIntervalSeconds"":10.0,""minimumValidReactionSeconds"":0.10000000149011612,""randomSeed"":702958461}",,0,0.000000,,CorrectSidePress,0,0,0,,,,,,,0.000000,0,1,PlusMinusKeys,0,1
20261008T082119469Z_04162e34eb32420696a9d803ab422fa6,,,1,1,StimulusOnsetObserved,Visual,2026-10-08T08:28:53.1511677Z,453.691886,452.215283,18737,6,1,OperatingTarget,0,0,1,50,Right,1,,,,,1,0,0.000000,TaskSwitchPedal,0,0.500000,0.200000,,0.100000,5.000000,10.000000,702958461,455.520167,455.505861,455.520167,453.677580,453.691886,0.014306,,0,1,6,1,OperatingTarget,Place,Place.PlacementLowering,Place,Place.PlacementLowering,1,"{""pedalAxisName"":""TaskSwitchPedal"",""usePlusMinusKeys"":true,""positivePedalKey"":61,""negativePedalKey"":45,""invertPedalAxis"":false,""pressThreshold"":0.5,""releaseThreshold"":0.20000000298023225,""minimumIntervalSeconds"":5.0,""maximumIntervalSeconds"":10.0,""minimumValidReactionSeconds"":0.10000000149011612,""randomSeed"":702958461}",,0,0.000000,,CorrectSidePress,0,0,0,,,,,,,0.000000,0,0,Axis,0,1
20261008T082119469Z_04162e34eb32420696a9d803ab422fa6,,,1,1,PedalPressed,Visual,2026-10-08T08:28:56.1106020Z,456.651134,455.173439,18838,6,1,OperatingTarget,0,0,1,50,Right,1,1,Correct,1,2.959248,1,0,1.000000,TaskSwitchPedal,0,0.500000,0.200000,,0.100000,5.000000,10.000000,702958461,458.479415,455.505861,455.520167,453.677580,453.691886,0.014306,456.651134,0,1,6,1,OperatingTarget,Place,Place.PlacementLowering,Place,Place.PlacementLowering,1,"{""pedalAxisName"":""TaskSwitchPedal"",""usePlusMinusKeys"":true,""positivePedalKey"":61,""negativePedalKey"":45,""invertPedalAxis"":false,""pressThreshold"":0.5,""releaseThreshold"":0.20000000298023225,""minimumIntervalSeconds"":5.0,""maximumIntervalSeconds"":10.0,""minimumValidReactionSeconds"":0.10000000149011612,""randomSeed"":702958461}",,0,0.000000,2.959248,CorrectSidePress,1,0,0,1,Correct,1,2.959248,456.651134,2.959248,0.000000,1,0,PlusMinusKeys,0,1
20261008T082119469Z_04162e34eb32420696a9d803ab422fa6,,,1,1,TrialFinished,Visual,2026-10-08T08:28:56.1106020Z,456.651134,455.173439,18838,6,1,OperatingTarget,0,0,1,50,Right,1,1,Correct,1,2.959248,1,0,1.000000,TaskSwitchPedal,0,0.500000,0.200000,,0.100000,5.000000,10.000000,702958461,458.479415,455.505861,455.520167,453.677580,453.691886,0.014306,456.651134,0,0,6,1,OperatingTarget,Place,Place.PlacementLowering,Place,Place.PlacementLowering,1,"{""pedalAxisName"":""TaskSwitchPedal"",""usePlusMinusKeys"":true,""positivePedalKey"":61,""negativePedalKey"":45,""invertPedalAxis"":false,""pressThreshold"":0.5,""releaseThreshold"":0.20000000298023225,""minimumIntervalSeconds"":5.0,""maximumIntervalSeconds"":10.0,""minimumValidReactionSeconds"":0.10000000149011612,""randomSeed"":702958461}",,0,0.000000,2.959248,CorrectSidePress,1,0,0,1,Correct,1,2.959248,456.651134,2.959248,0.000000,1,0,PlusMinusKeys,0,1
20261008T082119469Z_04162e34eb32420696a9d803ab422fa6,,,1,1,StimulusScheduled,Visual,2026-10-08T08:28:56.1116166Z,456.651460,455.173439,18838,6,1,OperatingTarget,0,0,1,51,Right,1,,,,,0,0,1.000000,TaskSwitchPedal,0,0.500000,0.200000,,0.100000,5.000000,10.000000,702958461,458.479741,466.608156,,464.779874,,,,0,0,,,,,,Place,Place.PlacementLowering,1,"{""pedalAxisName"":""TaskSwitchPedal"",""usePlusMinusKeys"":true,""positivePedalKey"":61,""negativePedalKey"":45,""invertPedalAxis"":false,""pressThreshold"":0.5,""releaseThreshold"":0.20000000298023225,""minimumIntervalSeconds"":5.0,""maximumIntervalSeconds"":10.0,""minimumValidReactionSeconds"":0.10000000149011612,""randomSeed"":702958461}",,0,0.000000,,CorrectSidePress,0,0,0,,,,,,,0.000000,1,0,PlusMinusKeys,0,1
20261008T082119469Z_04162e34eb32420696a9d803ab422fa6,,,1,1,StimulusOnsetObserved,Visual,2026-10-08T08:29:04.2557582Z,464.796217,463.317899,19077,6,1,OperatingTarget,0,0,1,51,Right,1,,,,,1,0,0.000000,TaskSwitchPedal,0,0.500000,0.200000,,0.100000,5.000000,10.000000,702958461,466.624498,466.608156,466.624498,464.779874,464.796217,0.016343,,0,1,6,1,OperatingTarget,Place,Place.LoadRelease,Place,Place.LoadRelease,1,"{""pedalAxisName"":""TaskSwitchPedal"",""usePlusMinusKeys"":true,""positivePedalKey"":61,""negativePedalKey"":45,""invertPedalAxis"":false,""pressThreshold"":0.5,""releaseThreshold"":0.20000000298023225,""minimumIntervalSeconds"":5.0,""maximumIntervalSeconds"":10.0,""minimumValidReactionSeconds"":0.10000000149011612,""randomSeed"":702958461}",,0,0.000000,,CorrectSidePress,0,0,0,,,,,,,0.000000,0,0,Axis,0,1
20261008T082119469Z_04162e34eb32420696a9d803ab422fa6,,,1,1,PedalPressed,Visual,2026-10-08T08:29:05.5826311Z,466.122931,464.646745,19123,6,1,OperatingTarget,0,0,1,51,Right,1,1,Correct,1,1.326714,1,0,1.000000,TaskSwitchPedal,0,0.500000,0.200000,,0.100000,5.000000,10.000000,702958461,467.951212,466.608156,466.624498,464.779874,464.796217,0.016343,466.122931,0,1,6,1,OperatingTarget,Place,Place.LoadRelease,Place,Place.PostPlacementRaising,1,"{""pedalAxisName"":""TaskSwitchPedal"",""usePlusMinusKeys"":true,""positivePedalKey"":61,""negativePedalKey"":45,""invertPedalAxis"":false,""pressThreshold"":0.5,""releaseThreshold"":0.20000000298023225,""minimumIntervalSeconds"":5.0,""maximumIntervalSeconds"":10.0,""minimumValidReactionSeconds"":0.10000000149011612,""randomSeed"":702958461}",,0,0.000000,1.326714,CorrectSidePress,1,0,0,1,Correct,1,1.326714,466.122931,1.326714,0.000000,1,0,PlusMinusKeys,0,1
20261008T082119469Z_04162e34eb32420696a9d803ab422fa6,,,1,1,TrialFinished,Visual,2026-10-08T08:29:05.5826311Z,466.122931,464.646745,19123,6,1,OperatingTarget,0,0,1,51,Right,1,1,Correct,1,1.326714,1,0,1.000000,TaskSwitchPedal,0,0.500000,0.200000,,0.100000,5.000000,10.000000,702958461,467.951212,466.608156,466.624498,464.779874,464.796217,0.016343,466.122931,0,0,6,1,OperatingTarget,Place,Place.LoadRelease,Place,Place.PostPlacementRaising,1,"{""pedalAxisName"":""TaskSwitchPedal"",""usePlusMinusKeys"":true,""positivePedalKey"":61,""negativePedalKey"":45,""invertPedalAxis"":false,""pressThreshold"":0.5,""releaseThreshold"":0.20000000298023225,""minimumIntervalSeconds"":5.0,""maximumIntervalSeconds"":10.0,""minimumValidReactionSeconds"":0.10000000149011612,""randomSeed"":702958461}",,0,0.000000,1.326714,CorrectSidePress,1,0,0,1,Correct,1,1.326714,466.122931,1.326714,0.000000,1,0,PlusMinusKeys,0,1
20261008T082119469Z_04162e34eb32420696a9d803ab422fa6,,,1,1,StimulusScheduled,Visual,2026-10-08T08:29:05.5826311Z,466.123263,464.646745,19123,6,1,OperatingTarget,0,0,1,52,Left,-1,,,,,0,0,1.000000,TaskSwitchPedal,0,0.500000,0.200000,,0.100000,5.000000,10.000000,702958461,467.951545,474.931725,,473.103443,,,,0,0,,,,,,Place,Place.PostPlacementRaising,1,"{""pedalAxisName"":""TaskSwitchPedal"",""usePlusMinusKeys"":true,""positivePedalKey"":61,""negativePedalKey"":45,""invertPedalAxis"":false,""pressThreshold"":0.5,""releaseThreshold"":0.20000000298023225,""minimumIntervalSeconds"":5.0,""maximumIntervalSeconds"":10.0,""minimumValidReactionSeconds"":0.10000000149011612,""randomSeed"":702958461}",,0,0.000000,,CorrectSidePress,0,0,0,,,,,,,0.000000,1,0,PlusMinusKeys,0,1
20261008T082119469Z_04162e34eb32420696a9d803ab422fa6,,,1,1,StimulusOnsetObserved,Visual,2026-10-08T08:29:12.5730912Z,473.114271,471.638275,19433,6,1,OperatingTarget,0,0,1,52,Left,-1,,,,,1,0,0.000000,TaskSwitchPedal,0,0.500000,0.200000,,0.100000,5.000000,10.000000,702958461,474.942552,474.931725,474.942552,473.103443,473.114271,0.010828,,1,0,6,1,OperatingTarget,Place,Place.PostPlacementRaising,Place,Place.PostPlacementRaising,1,"{""pedalAxisName"":""TaskSwitchPedal"",""usePlusMinusKeys"":true,""positivePedalKey"":61,""negativePedalKey"":45,""invertPedalAxis"":false,""pressThreshold"":0.5,""releaseThreshold"":0.20000000298023225,""minimumIntervalSeconds"":5.0,""maximumIntervalSeconds"":10.0,""minimumValidReactionSeconds"":0.10000000149011612,""randomSeed"":702958461}",,0,0.000000,,CorrectSidePress,0,0,0,,,,,,,0.000000,0,0,Axis,0,1
20261008T082119469Z_04162e34eb32420696a9d803ab422fa6,,,1,1,PedalPressed,Visual,2026-10-08T08:29:13.4715341Z,474.012592,472.536504,19472,6,1,OperatingTarget,0,0,1,52,Left,-1,-1,Correct,1,0.898321,1,0,-1.000000,TaskSwitchPedal,0,0.500000,0.200000,,0.100000,5.000000,10.000000,702958461,475.840873,474.931725,474.942552,473.103443,473.114271,0.010828,474.012592,1,0,6,1,OperatingTarget,Place,Place.PostPlacementRaising,Place,Place.PostPlacementRaising,1,"{""pedalAxisName"":""TaskSwitchPedal"",""usePlusMinusKeys"":true,""positivePedalKey"":61,""negativePedalKey"":45,""invertPedalAxis"":false,""pressThreshold"":0.5,""releaseThreshold"":0.20000000298023225,""minimumIntervalSeconds"":5.0,""maximumIntervalSeconds"":10.0,""minimumValidReactionSeconds"":0.10000000149011612,""randomSeed"":702958461}",,0,0.000000,0.898321,CorrectSidePress,1,0,0,-1,Correct,1,0.898321,474.012592,0.898321,0.000000,0,1,PlusMinusKeys,0,1
20261008T082119469Z_04162e34eb32420696a9d803ab422fa6,,,1,1,TrialFinished,Visual,2026-10-08T08:29:13.4715341Z,474.012592,472.536504,19472,6,1,OperatingTarget,0,0,1,52,Left,-1,-1,Correct,1,0.898321,1,0,-1.000000,TaskSwitchPedal,0,0.500000,0.200000,,0.100000,5.000000,10.000000,702958461,475.840873,474.931725,474.942552,473.103443,473.114271,0.010828,474.012592,0,0,6,1,OperatingTarget,Place,Place.PostPlacementRaising,Place,Place.PostPlacementRaising,1,"{""pedalAxisName"":""TaskSwitchPedal"",""usePlusMinusKeys"":true,""positivePedalKey"":61,""negativePedalKey"":45,""invertPedalAxis"":false,""pressThreshold"":0.5,""releaseThreshold"":0.20000000298023225,""minimumIntervalSeconds"":5.0,""maximumIntervalSeconds"":10.0,""minimumValidReactionSeconds"":0.10000000149011612,""randomSeed"":702958461}",,0,0.000000,0.898321,CorrectSidePress,1,0,0,-1,Correct,1,0.898321,474.012592,0.898321,0.000000,0,1,PlusMinusKeys,0,1
20261008T082119469Z_04162e34eb32420696a9d803ab422fa6,,,1,1,StimulusScheduled,Visual,2026-10-08T08:29:13.4715341Z,474.013085,472.536504,19472,6,1,OperatingTarget,0,0,1,53,Right,1,,,,,0,0,-1.000000,TaskSwitchPedal,0,0.500000,0.200000,,0.100000,5.000000,10.000000,702958461,475.841366,481.898075,,480.069794,,,,0,0,,,,,,Place,Place.PostPlacementRaising,1,"{""pedalAxisName"":""TaskSwitchPedal"",""usePlusMinusKeys"":true,""positivePedalKey"":61,""negativePedalKey"":45,""invertPedalAxis"":false,""pressThreshold"":0.5,""releaseThreshold"":0.20000000298023225,""minimumIntervalSeconds"":5.0,""maximumIntervalSeconds"":10.0,""minimumValidReactionSeconds"":0.10000000149011612,""randomSeed"":702958461}",,0,0.000000,,CorrectSidePress,0,0,0,,,,,,,0.000000,0,1,PlusMinusKeys,0,1
20261008T082119469Z_04162e34eb32420696a9d803ab422fa6,,,1,1,StimulusOnsetObserved,Visual,2026-10-08T08:29:19.5526324Z,480.094314,478.617366,19732,6,0,OperatingSource,0,0,1,53,Right,1,,,,,1,0,0.000000,TaskSwitchPedal,0,0.500000,0.200000,,0.100000,5.000000,10.000000,702958461,481.922595,481.898075,481.922595,480.069794,480.094314,0.024520,,0,1,6,0,OperatingSource,Move1,Move1.PickupCoarseMove,Move1,Move1.PickupCoarseMove,1,"{""pedalAxisName"":""TaskSwitchPedal"",""usePlusMinusKeys"":true,""positivePedalKey"":61,""negativePedalKey"":45,""invertPedalAxis"":false,""pressThreshold"":0.5,""releaseThreshold"":0.20000000298023225,""minimumIntervalSeconds"":5.0,""maximumIntervalSeconds"":10.0,""minimumValidReactionSeconds"":0.10000000149011612,""randomSeed"":702958461}",,0,0.000000,,CorrectSidePress,0,0,0,,,,,,,0.000000,0,0,Axis,0,1
20261008T082119469Z_04162e34eb32420696a9d803ab422fa6,,,1,1,PedalPressed,Visual,2026-10-08T08:29:20.6097896Z,481.150878,479.674287,19776,6,0,OperatingSource,0,0,1,53,Right,1,1,Correct,1,1.056564,1,0,1.000000,TaskSwitchPedal,0,0.500000,0.200000,,0.100000,5.000000,10.000000,702958461,482.979159,481.898075,481.922595,480.069794,480.094314,0.024520,481.150878,0,1,6,0,OperatingSource,Move1,Move1.PickupCoarseMove,Move1,Move1.PickupCoarseMove,1,"{""pedalAxisName"":""TaskSwitchPedal"",""usePlusMinusKeys"":true,""positivePedalKey"":61,""negativePedalKey"":45,""invertPedalAxis"":false,""pressThreshold"":0.5,""releaseThreshold"":0.20000000298023225,""minimumIntervalSeconds"":5.0,""maximumIntervalSeconds"":10.0,""minimumValidReactionSeconds"":0.10000000149011612,""randomSeed"":702958461}",,0,0.000000,1.056564,CorrectSidePress,1,0,0,1,Correct,1,1.056564,481.150878,1.056564,0.000000,1,0,PlusMinusKeys,0,1
20261008T082119469Z_04162e34eb32420696a9d803ab422fa6,,,1,1,TrialFinished,Visual,2026-10-08T08:29:20.6097896Z,481.150878,479.674287,19776,6,0,OperatingSource,0,0,1,53,Right,1,1,Correct,1,1.056564,1,0,1.000000,TaskSwitchPedal,0,0.500000,0.200000,,0.100000,5.000000,10.000000,702958461,482.979159,481.898075,481.922595,480.069794,480.094314,0.024520,481.150878,0,0,6,0,OperatingSource,Move1,Move1.PickupCoarseMove,Move1,Move1.PickupCoarseMove,1,"{""pedalAxisName"":""TaskSwitchPedal"",""usePlusMinusKeys"":true,""positivePedalKey"":61,""negativePedalKey"":45,""invertPedalAxis"":false,""pressThreshold"":0.5,""releaseThreshold"":0.20000000298023225,""minimumIntervalSeconds"":5.0,""maximumIntervalSeconds"":10.0,""minimumValidReactionSeconds"":0.10000000149011612,""randomSeed"":702958461}",,0,0.000000,1.056564,CorrectSidePress,1,0,0,1,Correct,1,1.056564,481.150878,1.056564,0.000000,1,0,PlusMinusKeys,0,1
20261008T082119469Z_04162e34eb32420696a9d803ab422fa6,,,1,1,StimulusScheduled,Visual,2026-10-08T08:29:20.6097896Z,481.151269,479.674287,19776,6,0,OperatingSource,0,0,1,54,Right,1,,,,,0,0,1.000000,TaskSwitchPedal,0,0.500000,0.200000,,0.100000,5.000000,10.000000,702958461,482.979550,489.425841,,487.597559,,,,0,0,,,,,,Move1,Move1.PickupCoarseMove,1,"{""pedalAxisName"":""TaskSwitchPedal"",""usePlusMinusKeys"":true,""positivePedalKey"":61,""negativePedalKey"":45,""invertPedalAxis"":false,""pressThreshold"":0.5,""releaseThreshold"":0.20000000298023225,""minimumIntervalSeconds"":5.0,""maximumIntervalSeconds"":10.0,""minimumValidReactionSeconds"":0.10000000149011612,""randomSeed"":702958461}",,0,0.000000,,CorrectSidePress,0,0,0,,,,,,,0.000000,1,0,PlusMinusKeys,0,1
20261008T082119469Z_04162e34eb32420696a9d803ab422fa6,,,1,1,StimulusOnsetObserved,Visual,2026-10-08T08:29:27.0753926Z,487.616765,486.139342,20055,6,0,OperatingSource,0,0,1,54,Right,1,,,,,1,0,0.000000,TaskSwitchPedal,0,0.500000,0.200000,,0.100000,5.000000,10.000000,702958461,489.445046,489.425841,489.445046,487.597559,487.616765,0.019206,,0,1,6,0,OperatingSource,Move1,Move1.PickupCoarseMove,Move1,Move1.PickupCoarseMove,1,"{""pedalAxisName"":""TaskSwitchPedal"",""usePlusMinusKeys"":true,""positivePedalKey"":61,""negativePedalKey"":45,""invertPedalAxis"":false,""pressThreshold"":0.5,""releaseThreshold"":0.20000000298023225,""minimumIntervalSeconds"":5.0,""maximumIntervalSeconds"":10.0,""minimumValidReactionSeconds"":0.10000000149011612,""randomSeed"":702958461}",,0,0.000000,,CorrectSidePress,0,0,0,,,,,,,0.000000,0,0,Axis,0,1
20261008T082119469Z_04162e34eb32420696a9d803ab422fa6,,,1,1,PedalPressed,Visual,2026-10-08T08:29:28.1459539Z,488.687527,487.209503,20101,6,0,OperatingSource,0,0,1,54,Right,1,1,Correct,1,1.070762,1,0,1.000000,TaskSwitchPedal,0,0.500000,0.200000,,0.100000,5.000000,10.000000,702958461,490.515808,489.425841,489.445046,487.597559,487.616765,0.019206,488.687527,0,1,6,0,OperatingSource,Move1,Move1.PickupCoarseMove,Move1,Move1.PickupCoarseMove,1,"{""pedalAxisName"":""TaskSwitchPedal"",""usePlusMinusKeys"":true,""positivePedalKey"":61,""negativePedalKey"":45,""invertPedalAxis"":false,""pressThreshold"":0.5,""releaseThreshold"":0.20000000298023225,""minimumIntervalSeconds"":5.0,""maximumIntervalSeconds"":10.0,""minimumValidReactionSeconds"":0.10000000149011612,""randomSeed"":702958461}",,0,0.000000,1.070761,CorrectSidePress,1,0,0,1,Correct,1,1.070762,488.687527,1.070761,0.000000,1,0,PlusMinusKeys,0,1
20261008T082119469Z_04162e34eb32420696a9d803ab422fa6,,,1,1,TrialFinished,Visual,2026-10-08T08:29:28.1459539Z,488.687527,487.209503,20101,6,0,OperatingSource,0,0,1,54,Right,1,1,Correct,1,1.070762,1,0,1.000000,TaskSwitchPedal,0,0.500000,0.200000,,0.100000,5.000000,10.000000,702958461,490.515808,489.425841,489.445046,487.597559,487.616765,0.019206,488.687527,0,0,6,0,OperatingSource,Move1,Move1.PickupCoarseMove,Move1,Move1.PickupCoarseMove,1,"{""pedalAxisName"":""TaskSwitchPedal"",""usePlusMinusKeys"":true,""positivePedalKey"":61,""negativePedalKey"":45,""invertPedalAxis"":false,""pressThreshold"":0.5,""releaseThreshold"":0.20000000298023225,""minimumIntervalSeconds"":5.0,""maximumIntervalSeconds"":10.0,""minimumValidReactionSeconds"":0.10000000149011612,""randomSeed"":702958461}",,0,0.000000,1.070761,CorrectSidePress,1,0,0,1,Correct,1,1.070762,488.687527,1.070761,0.000000,1,0,PlusMinusKeys,0,1
20261008T082119469Z_04162e34eb32420696a9d803ab422fa6,,,1,1,StimulusScheduled,Visual,2026-10-08T08:29:28.1459539Z,488.687858,487.209503,20101,6,0,OperatingSource,0,0,1,55,Left,-1,,,,,0,0,1.000000,TaskSwitchPedal,0,0.500000,0.200000,,0.100000,5.000000,10.000000,702958461,490.516139,497.542651,,495.714369,,,,0,0,,,,,,Move1,Move1.PickupCoarseMove,1,"{""pedalAxisName"":""TaskSwitchPedal"",""usePlusMinusKeys"":true,""positivePedalKey"":61,""negativePedalKey"":45,""invertPedalAxis"":false,""pressThreshold"":0.5,""releaseThreshold"":0.20000000298023225,""minimumIntervalSeconds"":5.0,""maximumIntervalSeconds"":10.0,""minimumValidReactionSeconds"":0.10000000149011612,""randomSeed"":702958461}",,0,0.000000,,CorrectSidePress,0,0,0,,,,,,,0.000000,1,0,PlusMinusKeys,0,1
20261008T082119469Z_04162e34eb32420696a9d803ab422fa6,,,1,1,StimulusOnsetObserved,Visual,2026-10-08T08:29:35.1765062Z,495.718277,494.242207,20393,6,0,OperatingSource,0,0,1,55,Left,-1,,,,,1,0,0.000000,TaskSwitchPedal,0,0.500000,0.200000,,0.100000,5.000000,10.000000,702958461,497.546558,497.542651,497.546558,495.714369,495.718277,0.003907,,1,0,6,0,OperatingSource,Move1,Move1.PickupCoarseMove,Move1,Move1.PickupCoarseMove,1,"{""pedalAxisName"":""TaskSwitchPedal"",""usePlusMinusKeys"":true,""positivePedalKey"":61,""negativePedalKey"":45,""invertPedalAxis"":false,""pressThreshold"":0.5,""releaseThreshold"":0.20000000298023225,""minimumIntervalSeconds"":5.0,""maximumIntervalSeconds"":10.0,""minimumValidReactionSeconds"":0.10000000149011612,""randomSeed"":702958461}",,0,0.000000,,CorrectSidePress,0,0,0,,,,,,,0.000000,0,0,Axis,0,1
20261008T082119469Z_04162e34eb32420696a9d803ab422fa6,,,1,1,PedalPressed,Visual,2026-10-08T08:29:36.2532423Z,496.794936,495.318779,20442,6,0,OperatingSource,0,0,1,55,Left,-1,-1,Correct,1,1.076659,1,0,-1.000000,TaskSwitchPedal,0,0.500000,0.200000,,0.100000,5.000000,10.000000,702958461,498.623217,497.542651,497.546558,495.714369,495.718277,0.003907,496.794936,1,0,6,0,OperatingSource,Move1,Move1.PickupCoarseMove,Move1,Move1.PickupCoarseMove,1,"{""pedalAxisName"":""TaskSwitchPedal"",""usePlusMinusKeys"":true,""positivePedalKey"":61,""negativePedalKey"":45,""invertPedalAxis"":false,""pressThreshold"":0.5,""releaseThreshold"":0.20000000298023225,""minimumIntervalSeconds"":5.0,""maximumIntervalSeconds"":10.0,""minimumValidReactionSeconds"":0.10000000149011612,""randomSeed"":702958461}",,0,0.000000,1.076659,CorrectSidePress,1,0,0,-1,Correct,1,1.076659,496.794936,1.076659,0.000000,0,1,PlusMinusKeys,0,1
20261008T082119469Z_04162e34eb32420696a9d803ab422fa6,,,1,1,TrialFinished,Visual,2026-10-08T08:29:36.2532423Z,496.794936,495.318779,20442,6,0,OperatingSource,0,0,1,55,Left,-1,-1,Correct,1,1.076659,1,0,-1.000000,TaskSwitchPedal,0,0.500000,0.200000,,0.100000,5.000000,10.000000,702958461,498.623217,497.542651,497.546558,495.714369,495.718277,0.003907,496.794936,0,0,6,0,OperatingSource,Move1,Move1.PickupCoarseMove,Move1,Move1.PickupCoarseMove,1,"{""pedalAxisName"":""TaskSwitchPedal"",""usePlusMinusKeys"":true,""positivePedalKey"":61,""negativePedalKey"":45,""invertPedalAxis"":false,""pressThreshold"":0.5,""releaseThreshold"":0.20000000298023225,""minimumIntervalSeconds"":5.0,""maximumIntervalSeconds"":10.0,""minimumValidReactionSeconds"":0.10000000149011612,""randomSeed"":702958461}",,0,0.000000,1.076659,CorrectSidePress,1,0,0,-1,Correct,1,1.076659,496.794936,1.076659,0.000000,0,1,PlusMinusKeys,0,1
20261008T082119469Z_04162e34eb32420696a9d803ab422fa6,,,1,1,StimulusScheduled,Visual,2026-10-08T08:29:36.2532423Z,496.795316,495.318779,20442,6,0,OperatingSource,0,0,1,56,Right,1,,,,,0,0,-1.000000,TaskSwitchPedal,0,0.500000,0.200000,,0.100000,5.000000,10.000000,702958461,498.623597,503.932124,,502.103843,,,,0,0,,,,,,Move1,Move1.PickupCoarseMove,1,"{""pedalAxisName"":""TaskSwitchPedal"",""usePlusMinusKeys"":true,""positivePedalKey"":61,""negativePedalKey"":45,""invertPedalAxis"":false,""pressThreshold"":0.5,""releaseThreshold"":0.20000000298023225,""minimumIntervalSeconds"":5.0,""maximumIntervalSeconds"":10.0,""minimumValidReactionSeconds"":0.10000000149011612,""randomSeed"":702958461}",,0,0.000000,,CorrectSidePress,0,0,0,,,,,,,0.000000,0,1,PlusMinusKeys,0,1
20261008T082119469Z_04162e34eb32420696a9d803ab422fa6,,,1,1,StimulusOnsetObserved,Visual,2026-10-08T08:29:41.5771899Z,502.119809,500.643807,20675,6,0,OperatingSource,0,0,1,56,Right,1,,,,,1,0,0.000000,TaskSwitchPedal,0,0.500000,0.200000,,0.100000,5.000000,10.000000,702958461,503.948090,503.932124,503.948090,502.103843,502.119809,0.015966,,0,1,6,0,OperatingSource,LiftUp,LiftUp.PickupLowering,LiftUp,LiftUp.PickupLowering,1,"{""pedalAxisName"":""TaskSwitchPedal"",""usePlusMinusKeys"":true,""positivePedalKey"":61,""negativePedalKey"":45,""invertPedalAxis"":false,""pressThreshold"":0.5,""releaseThreshold"":0.20000000298023225,""minimumIntervalSeconds"":5.0,""maximumIntervalSeconds"":10.0,""minimumValidReactionSeconds"":0.10000000149011612,""randomSeed"":702958461}",,0,0.000000,,CorrectSidePress,0,0,0,,,,,,,0.000000,0,0,Axis,0,1
20261008T082119469Z_04162e34eb32420696a9d803ab422fa6,,,1,1,PedalPressed,Visual,2026-10-08T08:29:42.9994847Z,503.541567,502.063445,20729,7,0,WaitingForPhaseBoundary,0,0,1,56,Right,1,1,Correct,1,1.421758,1,0,1.000000,TaskSwitchPedal,0,0.500000,0.200000,,0.100000,5.000000,10.000000,702958461,505.369848,503.932124,503.948090,502.103843,502.119809,0.015966,503.541567,0,1,6,0,OperatingSource,LiftUp,LiftUp.PickupLowering,LiftUp,LiftUp.PickupLowering,1,"{""pedalAxisName"":""TaskSwitchPedal"",""usePlusMinusKeys"":true,""positivePedalKey"":61,""negativePedalKey"":45,""invertPedalAxis"":false,""pressThreshold"":0.5,""releaseThreshold"":0.20000000298023225,""minimumIntervalSeconds"":5.0,""maximumIntervalSeconds"":10.0,""minimumValidReactionSeconds"":0.10000000149011612,""randomSeed"":702958461}",,0,0.000000,1.421758,CorrectSidePress,1,0,0,1,Correct,1,1.421758,503.541567,1.421758,0.000000,1,0,PlusMinusKeys,0,1
20261008T082119469Z_04162e34eb32420696a9d803ab422fa6,,,1,1,TrialFinished,Visual,2026-10-08T08:29:42.9994847Z,503.541567,502.063445,20729,7,0,WaitingForPhaseBoundary,0,0,1,56,Right,1,1,Correct,1,1.421758,1,0,1.000000,TaskSwitchPedal,0,0.500000,0.200000,,0.100000,5.000000,10.000000,702958461,505.369848,503.932124,503.948090,502.103843,502.119809,0.015966,503.541567,0,0,6,0,OperatingSource,LiftUp,LiftUp.PickupLowering,LiftUp,LiftUp.PickupLowering,1,"{""pedalAxisName"":""TaskSwitchPedal"",""usePlusMinusKeys"":true,""positivePedalKey"":61,""negativePedalKey"":45,""invertPedalAxis"":false,""pressThreshold"":0.5,""releaseThreshold"":0.20000000298023225,""minimumIntervalSeconds"":5.0,""maximumIntervalSeconds"":10.0,""minimumValidReactionSeconds"":0.10000000149011612,""randomSeed"":702958461}",,0,0.000000,1.421758,CorrectSidePress,1,0,0,1,Correct,1,1.421758,503.541567,1.421758,0.000000,1,0,PlusMinusKeys,0,1
20261008T082119469Z_04162e34eb32420696a9d803ab422fa6,,,1,1,StimulusScheduled,Visual,2026-10-08T08:29:42.9994847Z,503.542002,502.063445,20729,7,0,WaitingForPhaseBoundary,0,0,1,57,Left,-1,,,,,0,0,1.000000,TaskSwitchPedal,0,0.500000,0.200000,,0.100000,5.000000,10.000000,702958461,505.370284,513.736507,,511.908226,,,,0,0,,,,,,LiftUp,LiftUp.PickupLowering,1,"{""pedalAxisName"":""TaskSwitchPedal"",""usePlusMinusKeys"":true,""positivePedalKey"":61,""negativePedalKey"":45,""invertPedalAxis"":false,""pressThreshold"":0.5,""releaseThreshold"":0.20000000298023225,""minimumIntervalSeconds"":5.0,""maximumIntervalSeconds"":10.0,""minimumValidReactionSeconds"":0.10000000149011612,""randomSeed"":702958461}",,0,0.000000,,CorrectSidePress,0,0,0,,,,,,,0.000000,1,0,PlusMinusKeys,0,1
20261008T082119469Z_04162e34eb32420696a9d803ab422fa6,,,1,1,StimulusOnsetObserved,Visual,2026-10-08T08:29:51.3677656Z,511.910585,510.434127,21003,7,0,WaitingForPhaseBoundary,0,0,1,57,Left,-1,,,,,1,0,0.000000,TaskSwitchPedal,0,0.500000,0.200000,,0.100000,5.000000,10.000000,702958461,513.738866,513.736507,513.738866,511.908226,511.910585,0.002359,,1,0,7,0,WaitingForPhaseBoundary,LiftUp,LiftUp.PickupLowering,LiftUp,LiftUp.PickupLowering,1,"{""pedalAxisName"":""TaskSwitchPedal"",""usePlusMinusKeys"":true,""positivePedalKey"":61,""negativePedalKey"":45,""invertPedalAxis"":false,""pressThreshold"":0.5,""releaseThreshold"":0.20000000298023225,""minimumIntervalSeconds"":5.0,""maximumIntervalSeconds"":10.0,""minimumValidReactionSeconds"":0.10000000149011612,""randomSeed"":702958461}",,0,0.000000,,CorrectSidePress,0,0,0,,,,,,,0.000000,0,0,Axis,0,1
20261008T082119469Z_04162e34eb32420696a9d803ab422fa6,,,1,1,PedalPressed,Visual,2026-10-08T08:29:52.4149646Z,512.958219,511.481166,21036,7,0,WaitingForPhaseBoundary,0,0,1,57,Left,-1,-1,Correct,1,1.047634,1,0,-1.000000,TaskSwitchPedal,0,0.500000,0.200000,,0.100000,5.000000,10.000000,702958461,514.786500,513.736507,513.738866,511.908226,511.910585,0.002359,512.958219,1,0,7,0,WaitingForPhaseBoundary,LiftUp,LiftUp.PickupLowering,LiftUp,LiftUp.LoadAcquisition,1,"{""pedalAxisName"":""TaskSwitchPedal"",""usePlusMinusKeys"":true,""positivePedalKey"":61,""negativePedalKey"":45,""invertPedalAxis"":false,""pressThreshold"":0.5,""releaseThreshold"":0.20000000298023225,""minimumIntervalSeconds"":5.0,""maximumIntervalSeconds"":10.0,""minimumValidReactionSeconds"":0.10000000149011612,""randomSeed"":702958461}",,0,0.000000,1.047634,CorrectSidePress,1,0,0,-1,Correct,1,1.047634,512.958219,1.047634,0.000000,0,1,PlusMinusKeys,0,1
20261008T082119469Z_04162e34eb32420696a9d803ab422fa6,,,1,1,TrialFinished,Visual,2026-10-08T08:29:52.4149646Z,512.958219,511.481166,21036,7,0,WaitingForPhaseBoundary,0,0,1,57,Left,-1,-1,Correct,1,1.047634,1,0,-1.000000,TaskSwitchPedal,0,0.500000,0.200000,,0.100000,5.000000,10.000000,702958461,514.786500,513.736507,513.738866,511.908226,511.910585,0.002359,512.958219,0,0,7,0,WaitingForPhaseBoundary,LiftUp,LiftUp.PickupLowering,LiftUp,LiftUp.LoadAcquisition,1,"{""pedalAxisName"":""TaskSwitchPedal"",""usePlusMinusKeys"":true,""positivePedalKey"":61,""negativePedalKey"":45,""invertPedalAxis"":false,""pressThreshold"":0.5,""releaseThreshold"":0.20000000298023225,""minimumIntervalSeconds"":5.0,""maximumIntervalSeconds"":10.0,""minimumValidReactionSeconds"":0.10000000149011612,""randomSeed"":702958461}",,0,0.000000,1.047634,CorrectSidePress,1,0,0,-1,Correct,1,1.047634,512.958219,1.047634,0.000000,0,1,PlusMinusKeys,0,1
20261008T082119469Z_04162e34eb32420696a9d803ab422fa6,,,1,1,StimulusScheduled,Visual,2026-10-08T08:29:52.4161201Z,512.958670,511.481166,21036,7,0,WaitingForPhaseBoundary,0,0,1,58,Left,-1,,,,,0,0,-1.000000,TaskSwitchPedal,0,0.500000,0.200000,,0.100000,5.000000,10.000000,702958461,514.786951,522.583917,,520.755636,,,,0,0,,,,,,LiftUp,LiftUp.LoadAcquisition,1,"{""pedalAxisName"":""TaskSwitchPedal"",""usePlusMinusKeys"":true,""positivePedalKey"":61,""negativePedalKey"":45,""invertPedalAxis"":false,""pressThreshold"":0.5,""releaseThreshold"":0.20000000298023225,""minimumIntervalSeconds"":5.0,""maximumIntervalSeconds"":10.0,""minimumValidReactionSeconds"":0.10000000149011612,""randomSeed"":702958461}",,0,0.000000,,CorrectSidePress,0,0,0,,,,,,,0.000000,0,1,PlusMinusKeys,0,1
20261008T082119469Z_04162e34eb32420696a9d803ab422fa6,,,1,1,StimulusOnsetObserved,Visual,2026-10-08T08:30:00.2153659Z,520.758848,519.280295,21287,7,0,WaitingForPhaseBoundary,0,0,1,58,Left,-1,,,,,1,0,0.000000,TaskSwitchPedal,0,0.500000,0.200000,,0.100000,5.000000,10.000000,702958461,522.587129,522.583917,522.587129,520.755636,520.758848,0.003213,,1,0,7,0,WaitingForPhaseBoundary,LiftUp,LiftUp.LoadedRaising,LiftUp,LiftUp.LoadedRaising,1,"{""pedalAxisName"":""TaskSwitchPedal"",""usePlusMinusKeys"":true,""positivePedalKey"":61,""negativePedalKey"":45,""invertPedalAxis"":false,""pressThreshold"":0.5,""releaseThreshold"":0.20000000298023225,""minimumIntervalSeconds"":5.0,""maximumIntervalSeconds"":10.0,""minimumValidReactionSeconds"":0.10000000149011612,""randomSeed"":702958461}",,0,0.000000,,CorrectSidePress,0,0,0,,,,,,,0.000000,0,0,Axis,0,1
20261008T082119469Z_04162e34eb32420696a9d803ab422fa6,,,1,1,PedalPressed,Visual,2026-10-08T08:30:01.1104909Z,521.653392,520.176068,21315,7,0,WaitingForPhaseBoundary,0,0,1,58,Left,-1,-1,Correct,1,0.894544,1,0,-1.000000,TaskSwitchPedal,0,0.500000,0.200000,,0.100000,5.000000,10.000000,702958461,523.481673,522.583917,522.587129,520.755636,520.758848,0.003213,521.653392,1,0,7,0,WaitingForPhaseBoundary,LiftUp,LiftUp.LoadedRaising,LiftUp,LiftUp.LoadedRaising,1,"{""pedalAxisName"":""TaskSwitchPedal"",""usePlusMinusKeys"":true,""positivePedalKey"":61,""negativePedalKey"":45,""invertPedalAxis"":false,""pressThreshold"":0.5,""releaseThreshold"":0.20000000298023225,""minimumIntervalSeconds"":5.0,""maximumIntervalSeconds"":10.0,""minimumValidReactionSeconds"":0.10000000149011612,""randomSeed"":702958461}",,0,0.000000,0.894543,CorrectSidePress,1,0,0,-1,Correct,1,0.894544,521.653392,0.894543,0.000000,0,1,PlusMinusKeys,0,1
20261008T082119469Z_04162e34eb32420696a9d803ab422fa6,,,1,1,TrialFinished,Visual,2026-10-08T08:30:01.1104909Z,521.653392,520.176068,21315,7,0,WaitingForPhaseBoundary,0,0,1,58,Left,-1,-1,Correct,1,0.894544,1,0,-1.000000,TaskSwitchPedal,0,0.500000,0.200000,,0.100000,5.000000,10.000000,702958461,523.481673,522.583917,522.587129,520.755636,520.758848,0.003213,521.653392,0,0,7,0,WaitingForPhaseBoundary,LiftUp,LiftUp.LoadedRaising,LiftUp,LiftUp.LoadedRaising,1,"{""pedalAxisName"":""TaskSwitchPedal"",""usePlusMinusKeys"":true,""positivePedalKey"":61,""negativePedalKey"":45,""invertPedalAxis"":false,""pressThreshold"":0.5,""releaseThreshold"":0.20000000298023225,""minimumIntervalSeconds"":5.0,""maximumIntervalSeconds"":10.0,""minimumValidReactionSeconds"":0.10000000149011612,""randomSeed"":702958461}",,0,0.000000,0.894543,CorrectSidePress,1,0,0,-1,Correct,1,0.894544,521.653392,0.894543,0.000000,0,1,PlusMinusKeys,0,1
20261008T082119469Z_04162e34eb32420696a9d803ab422fa6,,,1,1,StimulusScheduled,Visual,2026-10-08T08:30:01.1104909Z,521.653777,520.176068,21315,7,0,WaitingForPhaseBoundary,0,0,1,59,Right,1,,,,,0,0,-1.000000,TaskSwitchPedal,0,0.500000,0.200000,,0.100000,5.000000,10.000000,702958461,523.482059,529.510370,,527.682088,,,,0,0,,,,,,LiftUp,LiftUp.LoadedRaising,1,"{""pedalAxisName"":""TaskSwitchPedal"",""usePlusMinusKeys"":true,""positivePedalKey"":61,""negativePedalKey"":45,""invertPedalAxis"":false,""pressThreshold"":0.5,""releaseThreshold"":0.20000000298023225,""minimumIntervalSeconds"":5.0,""maximumIntervalSeconds"":10.0,""minimumValidReactionSeconds"":0.10000000149011612,""randomSeed"":702958461}",,0,0.000000,,CorrectSidePress,0,0,0,,,,,,,0.000000,0,1,PlusMinusKeys,0,1
20261008T082119469Z_04162e34eb32420696a9d803ab422fa6,,,1,1,StimulusOnsetObserved,Visual,2026-10-08T08:30:07.1516588Z,527.695362,526.219377,21533,7,1,OperatingTarget,0,0,1,59,Right,1,,,,,1,0,0.000000,TaskSwitchPedal,0,0.500000,0.200000,,0.100000,5.000000,10.000000,702958461,529.523643,529.510370,529.523643,527.682088,527.695362,0.013274,,0,1,7,1,OperatingTarget,Move1,Move1.PickupCoarseMove,Move1,Move1.PickupCoarseMove,1,"{""pedalAxisName"":""TaskSwitchPedal"",""usePlusMinusKeys"":true,""positivePedalKey"":61,""negativePedalKey"":45,""invertPedalAxis"":false,""pressThreshold"":0.5,""releaseThreshold"":0.20000000298023225,""minimumIntervalSeconds"":5.0,""maximumIntervalSeconds"":10.0,""minimumValidReactionSeconds"":0.10000000149011612,""randomSeed"":702958461}",,0,0.000000,,CorrectSidePress,0,0,0,,,,,,,0.000000,0,0,Axis,0,1
20261008T082119469Z_04162e34eb32420696a9d803ab422fa6,,,1,1,PedalPressed,Visual,2026-10-08T08:30:08.7450196Z,529.289165,527.811857,21602,7,1,OperatingTarget,0,0,1,59,Right,1,1,Correct,1,1.593803,1,0,1.000000,TaskSwitchPedal,0,0.500000,0.200000,,0.100000,5.000000,10.000000,702958461,531.117446,529.510370,529.523643,527.682088,527.695362,0.013274,529.289165,0,1,7,1,OperatingTarget,Move1,Move1.PickupCoarseMove,Move1,Move1.PickupCoarseMove,1,"{""pedalAxisName"":""TaskSwitchPedal"",""usePlusMinusKeys"":true,""positivePedalKey"":61,""negativePedalKey"":45,""invertPedalAxis"":false,""pressThreshold"":0.5,""releaseThreshold"":0.20000000298023225,""minimumIntervalSeconds"":5.0,""maximumIntervalSeconds"":10.0,""minimumValidReactionSeconds"":0.10000000149011612,""randomSeed"":702958461}",,0,0.000000,1.593803,CorrectSidePress,1,0,0,1,Correct,1,1.593803,529.289165,1.593803,0.000000,1,0,PlusMinusKeys,0,1
20261008T082119469Z_04162e34eb32420696a9d803ab422fa6,,,1,1,TrialFinished,Visual,2026-10-08T08:30:08.7460168Z,529.289165,527.811857,21602,7,1,OperatingTarget,0,0,1,59,Right,1,1,Correct,1,1.593803,1,0,1.000000,TaskSwitchPedal,0,0.500000,0.200000,,0.100000,5.000000,10.000000,702958461,531.117446,529.510370,529.523643,527.682088,527.695362,0.013274,529.289165,0,0,7,1,OperatingTarget,Move1,Move1.PickupCoarseMove,Move1,Move1.PickupCoarseMove,1,"{""pedalAxisName"":""TaskSwitchPedal"",""usePlusMinusKeys"":true,""positivePedalKey"":61,""negativePedalKey"":45,""invertPedalAxis"":false,""pressThreshold"":0.5,""releaseThreshold"":0.20000000298023225,""minimumIntervalSeconds"":5.0,""maximumIntervalSeconds"":10.0,""minimumValidReactionSeconds"":0.10000000149011612,""randomSeed"":702958461}",,0,0.000000,1.593803,CorrectSidePress,1,0,0,1,Correct,1,1.593803,529.289165,1.593803,0.000000,1,0,PlusMinusKeys,0,1
20261008T082119469Z_04162e34eb32420696a9d803ab422fa6,,,1,1,StimulusScheduled,Visual,2026-10-08T08:30:08.7460168Z,529.289546,527.811857,21602,7,1,OperatingTarget,0,0,1,60,Left,-1,,,,,0,0,1.000000,TaskSwitchPedal,0,0.500000,0.200000,,0.100000,5.000000,10.000000,702958461,531.117828,538.405168,,536.576886,,,,0,0,,,,,,Move1,Move1.PickupCoarseMove,1,"{""pedalAxisName"":""TaskSwitchPedal"",""usePlusMinusKeys"":true,""positivePedalKey"":61,""negativePedalKey"":45,""invertPedalAxis"":false,""pressThreshold"":0.5,""releaseThreshold"":0.20000000298023225,""minimumIntervalSeconds"":5.0,""maximumIntervalSeconds"":10.0,""minimumValidReactionSeconds"":0.10000000149011612,""randomSeed"":702958461}",,0,0.000000,,CorrectSidePress,0,0,0,,,,,,,0.000000,1,0,PlusMinusKeys,0,1
20261008T082119469Z_04162e34eb32420696a9d803ab422fa6,,,1,1,StimulusOnsetObserved,Visual,2026-10-08T08:30:16.0451144Z,536.589051,535.112286,21915,7,1,OperatingTarget,0,0,1,60,Left,-1,,,,,1,0,0.000000,TaskSwitchPedal,0,0.500000,0.200000,,0.100000,5.000000,10.000000,702958461,538.417332,538.405168,538.417332,536.576886,536.589051,0.012164,,1,0,7,1,OperatingTarget,LiftUp,LiftUp.PickupLowering,LiftUp,LiftUp.PickupLowering,1,"{""pedalAxisName"":""TaskSwitchPedal"",""usePlusMinusKeys"":true,""positivePedalKey"":61,""negativePedalKey"":45,""invertPedalAxis"":false,""pressThreshold"":0.5,""releaseThreshold"":0.20000000298023225,""minimumIntervalSeconds"":5.0,""maximumIntervalSeconds"":10.0,""minimumValidReactionSeconds"":0.10000000149011612,""randomSeed"":702958461}",,0,0.000000,,CorrectSidePress,0,0,0,,,,,,,0.000000,0,0,Axis,0,1
20261008T082119469Z_04162e34eb32420696a9d803ab422fa6,,,1,1,PedalPressed,Visual,2026-10-08T08:30:17.9665922Z,538.510592,537.034031,21995,7,1,OperatingTarget,0,0,1,60,Left,-1,-1,Correct,1,1.921541,1,0,-1.000000,TaskSwitchPedal,0,0.500000,0.200000,,0.100000,5.000000,10.000000,702958461,540.338873,538.405168,538.417332,536.576886,536.589051,0.012164,538.510592,1,0,7,1,OperatingTarget,LiftUp,LiftUp.PickupLowering,LiftUp,LiftUp.PickupLowering,1,"{""pedalAxisName"":""TaskSwitchPedal"",""usePlusMinusKeys"":true,""positivePedalKey"":61,""negativePedalKey"":45,""invertPedalAxis"":false,""pressThreshold"":0.5,""releaseThreshold"":0.20000000298023225,""minimumIntervalSeconds"":5.0,""maximumIntervalSeconds"":10.0,""minimumValidReactionSeconds"":0.10000000149011612,""randomSeed"":702958461}",,0,0.000000,1.921541,CorrectSidePress,1,0,0,-1,Correct,1,1.921541,538.510592,1.921541,0.000000,0,1,PlusMinusKeys,0,1
20261008T082119469Z_04162e34eb32420696a9d803ab422fa6,,,1,1,TrialFinished,Visual,2026-10-08T08:30:17.9665922Z,538.510592,537.034031,21995,7,1,OperatingTarget,0,0,1,60,Left,-1,-1,Correct,1,1.921541,1,0,-1.000000,TaskSwitchPedal,0,0.500000,0.200000,,0.100000,5.000000,10.000000,702958461,540.338873,538.405168,538.417332,536.576886,536.589051,0.012164,538.510592,0,0,7,1,OperatingTarget,LiftUp,LiftUp.PickupLowering,LiftUp,LiftUp.PickupLowering,1,"{""pedalAxisName"":""TaskSwitchPedal"",""usePlusMinusKeys"":true,""positivePedalKey"":61,""negativePedalKey"":45,""invertPedalAxis"":false,""pressThreshold"":0.5,""releaseThreshold"":0.20000000298023225,""minimumIntervalSeconds"":5.0,""maximumIntervalSeconds"":10.0,""minimumValidReactionSeconds"":0.10000000149011612,""randomSeed"":702958461}",,0,0.000000,1.921541,CorrectSidePress,1,0,0,-1,Correct,1,1.921541,538.510592,1.921541,0.000000,0,1,PlusMinusKeys,0,1
20261008T082119469Z_04162e34eb32420696a9d803ab422fa6,,,1,1,StimulusScheduled,Visual,2026-10-08T08:30:17.9665922Z,538.511047,537.034031,21995,7,1,OperatingTarget,0,0,1,61,Right,1,,,,,0,0,-1.000000,TaskSwitchPedal,0,0.500000,0.200000,,0.100000,5.000000,10.000000,702958461,540.339328,547.043862,,545.215581,,,,0,0,,,,,,LiftUp,LiftUp.PickupLowering,1,"{""pedalAxisName"":""TaskSwitchPedal"",""usePlusMinusKeys"":true,""positivePedalKey"":61,""negativePedalKey"":45,""invertPedalAxis"":false,""pressThreshold"":0.5,""releaseThreshold"":0.20000000298023225,""minimumIntervalSeconds"":5.0,""maximumIntervalSeconds"":10.0,""minimumValidReactionSeconds"":0.10000000149011612,""randomSeed"":702958461}",,0,0.000000,,CorrectSidePress,0,0,0,,,,,,,0.000000,0,1,PlusMinusKeys,0,1
20261008T082119469Z_04162e34eb32420696a9d803ab422fa6,,,1,1,StimulusOnsetObserved,Visual,2026-10-08T08:30:24.6747747Z,545.218841,543.742377,22202,7,1,OperatingTarget,0,0,1,61,Right,1,,,,,1,0,0.000000,TaskSwitchPedal,0,0.500000,0.200000,,0.100000,5.000000,10.000000,702958461,547.047122,547.043862,547.047122,545.215581,545.218841,0.003260,,0,1,7,1,OperatingTarget,LiftUp,LiftUp.LoadAcquisition,LiftUp,LiftUp.LoadAcquisition,1,"{""pedalAxisName"":""TaskSwitchPedal"",""usePlusMinusKeys"":true,""positivePedalKey"":61,""negativePedalKey"":45,""invertPedalAxis"":false,""pressThreshold"":0.5,""releaseThreshold"":0.20000000298023225,""minimumIntervalSeconds"":5.0,""maximumIntervalSeconds"":10.0,""minimumValidReactionSeconds"":0.10000000149011612,""randomSeed"":702958461}",,0,0.000000,,CorrectSidePress,0,0,0,,,,,,,0.000000,0,0,Axis,0,1
20261008T082119469Z_04162e34eb32420696a9d803ab422fa6,,,1,1,PedalPressed,Visual,2026-10-08T08:30:26.1907117Z,546.735443,545.258167,22248,7,1,OperatingTarget,0,0,1,61,Right,1,1,Correct,1,1.516602,1,0,1.000000,TaskSwitchPedal,0,0.500000,0.200000,,0.100000,5.000000,10.000000,702958461,548.563724,547.043862,547.047122,545.215581,545.218841,0.003260,546.735443,0,1,7,1,OperatingTarget,LiftUp,LiftUp.LoadAcquisition,LiftUp,LiftUp.LoadedRaising,1,"{""pedalAxisName"":""TaskSwitchPedal"",""usePlusMinusKeys"":true,""positivePedalKey"":61,""negativePedalKey"":45,""invertPedalAxis"":false,""pressThreshold"":0.5,""releaseThreshold"":0.20000000298023225,""minimumIntervalSeconds"":5.0,""maximumIntervalSeconds"":10.0,""minimumValidReactionSeconds"":0.10000000149011612,""randomSeed"":702958461}",,0,0.000000,1.516602,CorrectSidePress,1,0,0,1,Correct,1,1.516602,546.735443,1.516602,0.000000,1,0,PlusMinusKeys,0,1
20261008T082119469Z_04162e34eb32420696a9d803ab422fa6,,,1,1,TrialFinished,Visual,2026-10-08T08:30:26.1907117Z,546.735443,545.258167,22248,7,1,OperatingTarget,0,0,1,61,Right,1,1,Correct,1,1.516602,1,0,1.000000,TaskSwitchPedal,0,0.500000,0.200000,,0.100000,5.000000,10.000000,702958461,548.563724,547.043862,547.047122,545.215581,545.218841,0.003260,546.735443,0,0,7,1,OperatingTarget,LiftUp,LiftUp.LoadAcquisition,LiftUp,LiftUp.LoadedRaising,1,"{""pedalAxisName"":""TaskSwitchPedal"",""usePlusMinusKeys"":true,""positivePedalKey"":61,""negativePedalKey"":45,""invertPedalAxis"":false,""pressThreshold"":0.5,""releaseThreshold"":0.20000000298023225,""minimumIntervalSeconds"":5.0,""maximumIntervalSeconds"":10.0,""minimumValidReactionSeconds"":0.10000000149011612,""randomSeed"":702958461}",,0,0.000000,1.516602,CorrectSidePress,1,0,0,1,Correct,1,1.516602,546.735443,1.516602,0.000000,1,0,PlusMinusKeys,0,1
20261008T082119469Z_04162e34eb32420696a9d803ab422fa6,,,1,1,StimulusScheduled,Visual,2026-10-08T08:30:26.1907117Z,546.735774,545.258167,22248,7,1,OperatingTarget,0,0,1,62,Left,-1,,,,,0,0,1.000000,TaskSwitchPedal,0,0.500000,0.200000,,0.100000,5.000000,10.000000,702958461,548.564056,554.222818,,552.394537,,,,0,0,,,,,,LiftUp,LiftUp.LoadedRaising,1,"{""pedalAxisName"":""TaskSwitchPedal"",""usePlusMinusKeys"":true,""positivePedalKey"":61,""negativePedalKey"":45,""invertPedalAxis"":false,""pressThreshold"":0.5,""releaseThreshold"":0.20000000298023225,""minimumIntervalSeconds"":5.0,""maximumIntervalSeconds"":10.0,""minimumValidReactionSeconds"":0.10000000149011612,""randomSeed"":702958461}",,0,0.000000,,CorrectSidePress,0,0,0,,,,,,,0.000000,1,0,PlusMinusKeys,0,1
20261008T082119469Z_04162e34eb32420696a9d803ab422fa6,,,1,1,StimulusOnsetObserved,Visual,2026-10-08T08:30:31.8578976Z,552.402248,550.926002,22440,7,0,OperatingSource,0,0,1,62,Left,-1,,,,,1,0,0.000000,TaskSwitchPedal,0,0.500000,0.200000,,0.100000,5.000000,10.000000,702958461,554.230529,554.222818,554.230529,552.394537,552.402248,0.007711,,1,0,7,0,OperatingSource,Move2,Move2.DestinationCoarseMove,Move2,Move2.DestinationCoarseMove,1,"{""pedalAxisName"":""TaskSwitchPedal"",""usePlusMinusKeys"":true,""positivePedalKey"":61,""negativePedalKey"":45,""invertPedalAxis"":false,""pressThreshold"":0.5,""releaseThreshold"":0.20000000298023225,""minimumIntervalSeconds"":5.0,""maximumIntervalSeconds"":10.0,""minimumValidReactionSeconds"":0.10000000149011612,""randomSeed"":702958461}",,0,0.000000,,CorrectSidePress,0,0,0,,,,,,,0.000000,0,0,Axis,0,1
20261008T082119469Z_04162e34eb32420696a9d803ab422fa6,,,1,1,PedalPressed,Visual,2026-10-08T08:30:32.8713378Z,553.416223,551.938278,22470,7,0,OperatingSource,0,0,1,62,Left,-1,-1,Correct,1,1.013975,1,0,-1.000000,TaskSwitchPedal,0,0.500000,0.200000,,0.100000,5.000000,10.000000,702958461,555.244504,554.222818,554.230529,552.394537,552.402248,0.007711,553.416223,1,0,7,0,OperatingSource,Move2,Move2.DestinationCoarseMove,Move2,Move2.DestinationCoarseMove,1,"{""pedalAxisName"":""TaskSwitchPedal"",""usePlusMinusKeys"":true,""positivePedalKey"":61,""negativePedalKey"":45,""invertPedalAxis"":false,""pressThreshold"":0.5,""releaseThreshold"":0.20000000298023225,""minimumIntervalSeconds"":5.0,""maximumIntervalSeconds"":10.0,""minimumValidReactionSeconds"":0.10000000149011612,""randomSeed"":702958461}",,0,0.000000,1.013975,CorrectSidePress,1,0,0,-1,Correct,1,1.013975,553.416223,1.013975,0.000000,0,1,PlusMinusKeys,0,1
20261008T082119469Z_04162e34eb32420696a9d803ab422fa6,,,1,1,TrialFinished,Visual,2026-10-08T08:30:32.8713378Z,553.416223,551.938278,22470,7,0,OperatingSource,0,0,1,62,Left,-1,-1,Correct,1,1.013975,1,0,-1.000000,TaskSwitchPedal,0,0.500000,0.200000,,0.100000,5.000000,10.000000,702958461,555.244504,554.222818,554.230529,552.394537,552.402248,0.007711,553.416223,0,0,7,0,OperatingSource,Move2,Move2.DestinationCoarseMove,Move2,Move2.DestinationCoarseMove,1,"{""pedalAxisName"":""TaskSwitchPedal"",""usePlusMinusKeys"":true,""positivePedalKey"":61,""negativePedalKey"":45,""invertPedalAxis"":false,""pressThreshold"":0.5,""releaseThreshold"":0.20000000298023225,""minimumIntervalSeconds"":5.0,""maximumIntervalSeconds"":10.0,""minimumValidReactionSeconds"":0.10000000149011612,""randomSeed"":702958461}",,0,0.000000,1.013975,CorrectSidePress,1,0,0,-1,Correct,1,1.013975,553.416223,1.013975,0.000000,0,1,PlusMinusKeys,0,1
20261008T082119469Z_04162e34eb32420696a9d803ab422fa6,,,1,1,StimulusScheduled,Visual,2026-10-08T08:30:32.8713378Z,553.416642,551.938278,22470,7,0,OperatingSource,0,0,1,63,Left,-1,,,,,0,0,-1.000000,TaskSwitchPedal,0,0.500000,0.200000,,0.100000,5.000000,10.000000,702958461,555.244924,563.647576,,561.819294,,,,0,0,,,,,,Move2,Move2.DestinationCoarseMove,1,"{""pedalAxisName"":""TaskSwitchPedal"",""usePlusMinusKeys"":true,""positivePedalKey"":61,""negativePedalKey"":45,""invertPedalAxis"":false,""pressThreshold"":0.5,""releaseThreshold"":0.20000000298023225,""minimumIntervalSeconds"":5.0,""maximumIntervalSeconds"":10.0,""minimumValidReactionSeconds"":0.10000000149011612,""randomSeed"":702958461}",,0,0.000000,,CorrectSidePress,0,0,0,,,,,,,0.000000,0,1,PlusMinusKeys,0,1
20261008T082119469Z_04162e34eb32420696a9d803ab422fa6,,,1,1,StimulusOnsetObserved,Visual,2026-10-08T08:30:41.2941827Z,561.840324,560.364198,22722,7,0,OperatingSource,0,0,1,63,Left,-1,,,,,1,0,0.000000,TaskSwitchPedal,0,0.500000,0.200000,,0.100000,5.000000,10.000000,702958461,563.668605,563.647576,563.668605,561.819294,561.840324,0.021030,,1,0,7,0,OperatingSource,Move2,Move2.DestinationCoarseMove,Move2,Move2.DestinationCoarseMove,1,"{""pedalAxisName"":""TaskSwitchPedal"",""usePlusMinusKeys"":true,""positivePedalKey"":61,""negativePedalKey"":45,""invertPedalAxis"":false,""pressThreshold"":0.5,""releaseThreshold"":0.20000000298023225,""minimumIntervalSeconds"":5.0,""maximumIntervalSeconds"":10.0,""minimumValidReactionSeconds"":0.10000000149011612,""randomSeed"":702958461}",,0,0.000000,,CorrectSidePress,0,0,0,,,,,,,0.000000,0,0,Axis,0,1
20261008T082119469Z_04162e34eb32420696a9d803ab422fa6,,,1,1,PedalPressed,Visual,2026-10-08T08:30:42.3347838Z,562.880206,561.402803,22753,7,0,OperatingSource,0,0,1,63,Left,-1,-1,Correct,1,1.039882,1,0,-1.000000,TaskSwitchPedal,0,0.500000,0.200000,,0.100000,5.000000,10.000000,702958461,564.708487,563.647576,563.668605,561.819294,561.840324,0.021030,562.880206,1,0,7,0,OperatingSource,Move2,Move2.DestinationCoarseMove,Move2,Move2.DestinationCoarseMove,1,"{""pedalAxisName"":""TaskSwitchPedal"",""usePlusMinusKeys"":true,""positivePedalKey"":61,""negativePedalKey"":45,""invertPedalAxis"":false,""pressThreshold"":0.5,""releaseThreshold"":0.20000000298023225,""minimumIntervalSeconds"":5.0,""maximumIntervalSeconds"":10.0,""minimumValidReactionSeconds"":0.10000000149011612,""randomSeed"":702958461}",,0,0.000000,1.039882,CorrectSidePress,1,0,0,-1,Correct,1,1.039882,562.880206,1.039882,0.000000,0,1,PlusMinusKeys,0,1
20261008T082119469Z_04162e34eb32420696a9d803ab422fa6,,,1,1,TrialFinished,Visual,2026-10-08T08:30:42.3347838Z,562.880206,561.402803,22753,7,0,OperatingSource,0,0,1,63,Left,-1,-1,Correct,1,1.039882,1,0,-1.000000,TaskSwitchPedal,0,0.500000,0.200000,,0.100000,5.000000,10.000000,702958461,564.708487,563.647576,563.668605,561.819294,561.840324,0.021030,562.880206,0,0,7,0,OperatingSource,Move2,Move2.DestinationCoarseMove,Move2,Move2.DestinationCoarseMove,1,"{""pedalAxisName"":""TaskSwitchPedal"",""usePlusMinusKeys"":true,""positivePedalKey"":61,""negativePedalKey"":45,""invertPedalAxis"":false,""pressThreshold"":0.5,""releaseThreshold"":0.20000000298023225,""minimumIntervalSeconds"":5.0,""maximumIntervalSeconds"":10.0,""minimumValidReactionSeconds"":0.10000000149011612,""randomSeed"":702958461}",,0,0.000000,1.039882,CorrectSidePress,1,0,0,-1,Correct,1,1.039882,562.880206,1.039882,0.000000,0,1,PlusMinusKeys,0,1
20261008T082119469Z_04162e34eb32420696a9d803ab422fa6,,,1,1,StimulusScheduled,Visual,2026-10-08T08:30:42.3347838Z,562.880606,561.402803,22753,7,0,OperatingSource,0,0,1,64,Right,1,,,,,0,0,-1.000000,TaskSwitchPedal,0,0.500000,0.200000,,0.100000,5.000000,10.000000,702958461,564.708887,574.584781,,572.756500,,,,0,0,,,,,,Move2,Move2.DestinationCoarseMove,1,"{""pedalAxisName"":""TaskSwitchPedal"",""usePlusMinusKeys"":true,""positivePedalKey"":61,""negativePedalKey"":45,""invertPedalAxis"":false,""pressThreshold"":0.5,""releaseThreshold"":0.20000000298023225,""minimumIntervalSeconds"":5.0,""maximumIntervalSeconds"":10.0,""minimumValidReactionSeconds"":0.10000000149011612,""randomSeed"":702958461}",,0,0.000000,,CorrectSidePress,0,0,0,,,,,,,0.000000,0,1,PlusMinusKeys,0,1
20261008T082119469Z_04162e34eb32420696a9d803ab422fa6,,,1,1,StimulusOnsetObserved,Visual,2026-10-08T08:30:52.2263406Z,572.771979,571.294293,23042,7,0,OperatingSource,0,0,1,64,Right,1,,,,,1,0,0.000000,TaskSwitchPedal,0,0.500000,0.200000,,0.100000,5.000000,10.000000,702958461,574.600260,574.584781,574.600260,572.756500,572.771979,0.015479,,0,1,7,0,OperatingSource,Place,Place.PlacementLowering,Place,Place.PlacementLowering,1,"{""pedalAxisName"":""TaskSwitchPedal"",""usePlusMinusKeys"":true,""positivePedalKey"":61,""negativePedalKey"":45,""invertPedalAxis"":false,""pressThreshold"":0.5,""releaseThreshold"":0.20000000298023225,""minimumIntervalSeconds"":5.0,""maximumIntervalSeconds"":10.0,""minimumValidReactionSeconds"":0.10000000149011612,""randomSeed"":702958461}",,0,0.000000,,CorrectSidePress,0,0,0,,,,,,,0.000000,0,0,Axis,0,1
20261008T082119469Z_04162e34eb32420696a9d803ab422fa6,,,1,1,PedalPressed,Visual,2026-10-08T08:30:53.3237478Z,573.870224,572.392011,23072,7,0,OperatingSource,0,0,1,64,Right,1,1,Correct,1,1.098246,1,0,1.000000,TaskSwitchPedal,0,0.500000,0.200000,,0.100000,5.000000,10.000000,702958461,575.698505,574.584781,574.600260,572.756500,572.771979,0.015479,573.870224,0,1,7,0,OperatingSource,Place,Place.PlacementLowering,Place,Place.PlacementLowering,1,"{""pedalAxisName"":""TaskSwitchPedal"",""usePlusMinusKeys"":true,""positivePedalKey"":61,""negativePedalKey"":45,""invertPedalAxis"":false,""pressThreshold"":0.5,""releaseThreshold"":0.20000000298023225,""minimumIntervalSeconds"":5.0,""maximumIntervalSeconds"":10.0,""minimumValidReactionSeconds"":0.10000000149011612,""randomSeed"":702958461}",,0,0.000000,1.098246,CorrectSidePress,1,0,0,1,Correct,1,1.098246,573.870224,1.098246,0.000000,1,0,PlusMinusKeys,0,1
20261008T082119469Z_04162e34eb32420696a9d803ab422fa6,,,1,1,TrialFinished,Visual,2026-10-08T08:30:53.3237478Z,573.870224,572.392011,23072,7,0,OperatingSource,0,0,1,64,Right,1,1,Correct,1,1.098246,1,0,1.000000,TaskSwitchPedal,0,0.500000,0.200000,,0.100000,5.000000,10.000000,702958461,575.698505,574.584781,574.600260,572.756500,572.771979,0.015479,573.870224,0,0,7,0,OperatingSource,Place,Place.PlacementLowering,Place,Place.PlacementLowering,1,"{""pedalAxisName"":""TaskSwitchPedal"",""usePlusMinusKeys"":true,""positivePedalKey"":61,""negativePedalKey"":45,""invertPedalAxis"":false,""pressThreshold"":0.5,""releaseThreshold"":0.20000000298023225,""minimumIntervalSeconds"":5.0,""maximumIntervalSeconds"":10.0,""minimumValidReactionSeconds"":0.10000000149011612,""randomSeed"":702958461}",,0,0.000000,1.098246,CorrectSidePress,1,0,0,1,Correct,1,1.098246,573.870224,1.098246,0.000000,1,0,PlusMinusKeys,0,1
20261008T082119469Z_04162e34eb32420696a9d803ab422fa6,,,1,1,StimulusScheduled,Visual,2026-10-08T08:30:53.3251122Z,573.870583,572.392011,23072,7,0,OperatingSource,0,0,1,65,Right,1,,,,,0,0,1.000000,TaskSwitchPedal,0,0.500000,0.200000,,0.100000,5.000000,10.000000,702958461,575.698864,582.908947,,581.080665,,,,0,0,,,,,,Place,Place.PlacementLowering,1,"{""pedalAxisName"":""TaskSwitchPedal"",""usePlusMinusKeys"":true,""positivePedalKey"":61,""negativePedalKey"":45,""invertPedalAxis"":false,""pressThreshold"":0.5,""releaseThreshold"":0.20000000298023225,""minimumIntervalSeconds"":5.0,""maximumIntervalSeconds"":10.0,""minimumValidReactionSeconds"":0.10000000149011612,""randomSeed"":702958461}",,0,0.000000,,CorrectSidePress,0,0,0,,,,,,,0.000000,1,0,PlusMinusKeys,0,1
20261008T082119469Z_04162e34eb32420696a9d803ab422fa6,,,1,1,StimulusOnsetObserved,Visual,2026-10-08T08:31:00.5500825Z,581.096681,579.619772,23275,7,0,OperatingSource,0,0,1,65,Right,1,,,,,1,0,0.000000,TaskSwitchPedal,0,0.500000,0.200000,,0.100000,5.000000,10.000000,702958461,582.924962,582.908947,582.924962,581.080665,581.096681,0.016015,,0,1,7,0,OperatingSource,Place,Place.LoadRelease,Place,Place.LoadRelease,1,"{""pedalAxisName"":""TaskSwitchPedal"",""usePlusMinusKeys"":true,""positivePedalKey"":61,""negativePedalKey"":45,""invertPedalAxis"":false,""pressThreshold"":0.5,""releaseThreshold"":0.20000000298023225,""minimumIntervalSeconds"":5.0,""maximumIntervalSeconds"":10.0,""minimumValidReactionSeconds"":0.10000000149011612,""randomSeed"":702958461}",,0,0.000000,,CorrectSidePress,0,0,0,,,,,,,0.000000,0,0,Axis,0,1
20261008T082119469Z_04162e34eb32420696a9d803ab422fa6,,,1,1,PedalPressed,Visual,2026-10-08T08:31:01.6079332Z,582.154530,580.678148,23312,7,0,OperatingSource,0,0,1,65,Right,1,1,Correct,1,1.057849,1,0,1.000000,TaskSwitchPedal,0,0.500000,0.200000,,0.100000,5.000000,10.000000,702958461,583.982811,582.908947,582.924962,581.080665,581.096681,0.016015,582.154530,0,1,7,0,OperatingSource,Place,Place.LoadRelease,Place,Place.PostPlacementRaising,1,"{""pedalAxisName"":""TaskSwitchPedal"",""usePlusMinusKeys"":true,""positivePedalKey"":61,""negativePedalKey"":45,""invertPedalAxis"":false,""pressThreshold"":0.5,""releaseThreshold"":0.20000000298023225,""minimumIntervalSeconds"":5.0,""maximumIntervalSeconds"":10.0,""minimumValidReactionSeconds"":0.10000000149011612,""randomSeed"":702958461}",,0,0.000000,1.057849,CorrectSidePress,1,0,0,1,Correct,1,1.057849,582.154530,1.057849,0.000000,1,0,PlusMinusKeys,0,1
20261008T082119469Z_04162e34eb32420696a9d803ab422fa6,,,1,1,TrialFinished,Visual,2026-10-08T08:31:01.6079332Z,582.154530,580.678148,23312,7,0,OperatingSource,0,0,1,65,Right,1,1,Correct,1,1.057849,1,0,1.000000,TaskSwitchPedal,0,0.500000,0.200000,,0.100000,5.000000,10.000000,702958461,583.982811,582.908947,582.924962,581.080665,581.096681,0.016015,582.154530,0,0,7,0,OperatingSource,Place,Place.LoadRelease,Place,Place.PostPlacementRaising,1,"{""pedalAxisName"":""TaskSwitchPedal"",""usePlusMinusKeys"":true,""positivePedalKey"":61,""negativePedalKey"":45,""invertPedalAxis"":false,""pressThreshold"":0.5,""releaseThreshold"":0.20000000298023225,""minimumIntervalSeconds"":5.0,""maximumIntervalSeconds"":10.0,""minimumValidReactionSeconds"":0.10000000149011612,""randomSeed"":702958461}",,0,0.000000,1.057849,CorrectSidePress,1,0,0,1,Correct,1,1.057849,582.154530,1.057849,0.000000,1,0,PlusMinusKeys,0,1
20261008T082119469Z_04162e34eb32420696a9d803ab422fa6,,,1,1,StimulusScheduled,Visual,2026-10-08T08:31:01.6090267Z,582.154986,580.678148,23312,7,0,OperatingSource,0,0,1,66,Left,-1,,,,,0,0,1.000000,TaskSwitchPedal,0,0.500000,0.200000,,0.100000,5.000000,10.000000,702958461,583.983267,593.250103,,591.421822,,,,0,0,,,,,,Place,Place.PostPlacementRaising,1,"{""pedalAxisName"":""TaskSwitchPedal"",""usePlusMinusKeys"":true,""positivePedalKey"":61,""negativePedalKey"":45,""invertPedalAxis"":false,""pressThreshold"":0.5,""releaseThreshold"":0.20000000298023225,""minimumIntervalSeconds"":5.0,""maximumIntervalSeconds"":10.0,""minimumValidReactionSeconds"":0.10000000149011612,""randomSeed"":702958461}",,0,0.000000,,CorrectSidePress,0,0,0,,,,,,,0.000000,1,0,PlusMinusKeys,0,1
20261008T082119469Z_04162e34eb32420696a9d803ab422fa6,,,1,1,TrialFinished,Visual,2026-10-08T08:31:09.2064907Z,589.752761,588.272876,23643,7,0,OperatingSource,0,0,1,66,Left,-1,,CancelledBeforeOnset,,,0,0,0.000000,TaskSwitchPedal,0,0.500000,0.200000,,0.100000,5.000000,10.000000,702958461,591.581031,593.250103,,591.421822,,,,0,0,,,,,,Place,,1,"{""pedalAxisName"":""TaskSwitchPedal"",""usePlusMinusKeys"":true,""positivePedalKey"":61,""negativePedalKey"":45,""invertPedalAxis"":false,""pressThreshold"":0.5,""releaseThreshold"":0.20000000298023225,""minimumIntervalSeconds"":5.0,""maximumIntervalSeconds"":10.0,""minimumValidReactionSeconds"":0.10000000149011612,""randomSeed"":702958461}",ExperimentCompleted,0,0.000000,,CorrectSidePress,0,0,0,,,,,,,0.000000,0,0,Axis,0,1
20261008T082119469Z_04162e34eb32420696a9d803ab422fa6,,,1,1,SubtaskStopped,Visual,2026-10-08T08:31:09.2064907Z,589.753434,588.272876,23643,7,0,OperatingSource,0,0,1,,,,,,,,0,0,0.000000,TaskSwitchPedal,0,0.500000,0.200000,,0.100000,5.000000,10.000000,702958461,591.581716,,,,,,,0,0,,,,,,Place,,1,"{""pedalAxisName"":""TaskSwitchPedal"",""usePlusMinusKeys"":true,""positivePedalKey"":61,""negativePedalKey"":45,""invertPedalAxis"":false,""pressThreshold"":0.5,""releaseThreshold"":0.20000000298023225,""minimumIntervalSeconds"":5.0,""maximumIntervalSeconds"":10.0,""minimumValidReactionSeconds"":0.10000000149011612,""randomSeed"":702958461}",ExperimentCompleted,0,0.000000,,CorrectSidePress,,,,,,,,,,0.000000,0,0,Axis,0,1
