session_id,participant_id,block_id,experiment_run_index,activation_index,event_type,secondary_task_mode,utc_timestamp,real_elapsed_s,simulation_elapsed_s,frame,switch_index,active_crane_index,state,input_locked,global_paused,operation_enabled,trial_index,stimulus_side,expected_sign,response_sign,outcome,correct,reaction_time_s,presented,held_at_onset,raw_pedal,pedal_axis,invert_axis,press_threshold,release_threshold,response_timeout_s,minimum_valid_reaction_s,minimum_interval_s,maximum_interval_s,random_seed,active_clock_s,scheduled_onset_active_clock_s,actual_onset_active_clock_s,scheduled_onset_estimated_real_s,onset_observed_real_s,onset_frame_delay_s,response_observed_real_s,left_red,right_red,onset_switch_index,onset_crane_index,onset_state,onset_phase,onset_step,current_phase,current_step,app_focused,configuration_json,detail,pause_count,paused_duration_s,wall_reaction_time_s,completion_policy,response_count,incorrect_response_count,too_early_response_count,first_response_sign,first_response_outcome,first_response_correct,first_reaction_time_s,first_response_observed_real_s,first_wall_reaction_time_s,pedal_axis_raw,pedal_positive_key,pedal_negative_key,pedal_input_source,pedal_input_conflict,plus_minus_keys_enabled
20261008T104449390Z_3a71836f0fb0402ca73bb86152d1bd37,,,1,1,SubtaskStarted,Visual,2026-10-08T10:44:56.4952810Z,7.089982,0.152824,469,0,0,OperatingSource,0,0,1,,,,,,,,0,0,0.000000,TaskSwitchPedal,0,0.500000,0.200000,,0.100000,5.000000,10.000000,1007226408,3.643262,,,,,,,0,0,,,,,,Move1,Move1.PickupCoarseMove,1,"{""pedalAxisName"":""TaskSwitchPedal"",""usePlusMinusKeys"":true,""positivePedalKey"":61,""negativePedalKey"":45,""invertPedalAxis"":false,""pressThreshold"":0.5,""releaseThreshold"":0.20000000298023225,""minimumIntervalSeconds"":5.0,""maximumIntervalSeconds"":10.0,""minimumValidReactionSeconds"":0.10000000149011612,""randomSeed"":1007226408}","{""pedalAxisName"":""TaskSwitchPedal"",""usePlusMinusKeys"":true,""positivePedalKey"":61,""negativePedalKey"":45,""invertPedalAxis"":false,""pressThreshold"":0.5,""releaseThreshold"":0.20000000298023225,""minimumIntervalSeconds"":5.0,""maximumIntervalSeconds"":10.0,""minimumValidReactionSeconds"":0.10000000149011612,""randomSeed"":1007226408}",0,0.000000,,CorrectSidePress,,,,,,,,,,0.000000,0,0,Axis,0,1
20261008T104449390Z_3a71836f0fb0402ca73bb86152d1bd37,,,1,1,StimulusScheduled,Visual,2026-10-08T10:44:56.4975973Z,7.093054,0.152824,469,0,0,OperatingSource,0,0,1,1,Left,-1,,,,,0,0,0.000000,TaskSwitchPedal,0,0.500000,0.200000,,0.100000,5.000000,10.000000,1007226408,3.646325,10.572500,,14.019229,,,,0,0,,,,,,Move1,Move1.PickupCoarseMove,1,"{""pedalAxisName"":""TaskSwitchPedal"",""usePlusMinusKeys"":true,""positivePedalKey"":61,""negativePedalKey"":45,""invertPedalAxis"":false,""pressThreshold"":0.5,""releaseThreshold"":0.20000000298023225,""minimumIntervalSeconds"":5.0,""maximumIntervalSeconds"":10.0,""minimumValidReactionSeconds"":0.10000000149011612,""randomSeed"":1007226408}",,0,0.000000,,CorrectSidePress,0,0,0,,,,,,,0.000000,0,0,Axis,0,1
20261008T104449390Z_3a71836f0fb0402ca73bb86152d1bd37,,,1,1,StimulusOnsetObserved,Visual,2026-10-08T10:45:03.4440101Z,14.040581,7.190610,804,0,0,OperatingSource,0,0,1,1,Left,-1,,,,,1,0,0.000000,TaskSwitchPedal,0,0.500000,0.200000,,0.100000,5.000000,10.000000,1007226408,10.593859,10.572500,10.593859,14.019229,14.040581,0.021352,,1,0,0,0,OperatingSource,Move1,Move1.PickupCoarseMove,Move1,Move1.PickupCoarseMove,1,"{""pedalAxisName"":""TaskSwitchPedal"",""usePlusMinusKeys"":true,""positivePedalKey"":61,""negativePedalKey"":45,""invertPedalAxis"":false,""pressThreshold"":0.5,""releaseThreshold"":0.20000000298023225,""minimumIntervalSeconds"":5.0,""maximumIntervalSeconds"":10.0,""minimumValidReactionSeconds"":0.10000000149011612,""randomSeed"":1007226408}",,0,0.000000,,CorrectSidePress,0,0,0,,,,,,,0.000000,0,0,Axis,0,1
20261008T104449390Z_3a71836f0fb0402ca73bb86152d1bd37,,,1,1,PedalPressed,Visual,2026-10-08T10:45:04.3436194Z,14.940640,8.090568,846,0,0,OperatingSource,0,0,1,1,Left,-1,-1,Correct,1,0.900058,1,0,-1.000000,TaskSwitchPedal,0,0.500000,0.200000,,0.100000,5.000000,10.000000,1007226408,11.493917,10.572500,10.593859,14.019229,14.040581,0.021352,14.940640,1,0,0,0,OperatingSource,Move1,Move1.PickupCoarseMove,Move1,Move1.PickupFineAlign,1,"{""pedalAxisName"":""TaskSwitchPedal"",""usePlusMinusKeys"":true,""positivePedalKey"":61,""negativePedalKey"":45,""invertPedalAxis"":false,""pressThreshold"":0.5,""releaseThreshold"":0.20000000298023225,""minimumIntervalSeconds"":5.0,""maximumIntervalSeconds"":10.0,""minimumValidReactionSeconds"":0.10000000149011612,""randomSeed"":1007226408}",,0,0.000000,0.900058,CorrectSidePress,1,0,0,-1,Correct,1,0.900058,14.940640,0.900058,0.000000,0,1,PlusMinusKeys,0,1
20261008T104449390Z_3a71836f0fb0402ca73bb86152d1bd37,,,1,1,TrialFinished,Visual,2026-10-08T10:45:04.3436194Z,14.940640,8.090568,846,0,0,OperatingSource,0,0,1,1,Left,-1,-1,Correct,1,0.900058,1,0,-1.000000,TaskSwitchPedal,0,0.500000,0.200000,,0.100000,5.000000,10.000000,1007226408,11.493917,10.572500,10.593859,14.019229,14.040581,0.021352,14.940640,0,0,0,0,OperatingSource,Move1,Move1.PickupCoarseMove,Move1,Move1.PickupFineAlign,1,"{""pedalAxisName"":""TaskSwitchPedal"",""usePlusMinusKeys"":true,""positivePedalKey"":61,""negativePedalKey"":45,""invertPedalAxis"":false,""pressThreshold"":0.5,""releaseThreshold"":0.20000000298023225,""minimumIntervalSeconds"":5.0,""maximumIntervalSeconds"":10.0,""minimumValidReactionSeconds"":0.10000000149011612,""randomSeed"":1007226408}",,0,0.000000,0.900058,CorrectSidePress,1,0,0,-1,Correct,1,0.900058,14.940640,0.900058,0.000000,0,1,PlusMinusKeys,0,1
20261008T104449390Z_3a71836f0fb0402ca73bb86152d1bd37,,,1,1,StimulusScheduled,Visual,2026-10-08T10:45:04.3451309Z,14.941547,8.090568,846,0,0,OperatingSource,0,0,1,2,Right,1,,,,,0,0,-1.000000,TaskSwitchPedal,0,0.500000,0.200000,,0.100000,5.000000,10.000000,1007226408,11.494824,19.754305,,23.201028,,,,0,0,,,,,,Move1,Move1.PickupFineAlign,1,"{""pedalAxisName"":""TaskSwitchPedal"",""usePlusMinusKeys"":true,""positivePedalKey"":61,""negativePedalKey"":45,""invertPedalAxis"":false,""pressThreshold"":0.5,""releaseThreshold"":0.20000000298023225,""minimumIntervalSeconds"":5.0,""maximumIntervalSeconds"":10.0,""minimumValidReactionSeconds"":0.10000000149011612,""randomSeed"":1007226408}",,0,0.000000,,CorrectSidePress,0,0,0,,,,,,,0.000000,0,1,PlusMinusKeys,0,1
20261008T104449390Z_3a71836f0fb0402ca73bb86152d1bd37,,,1,1,PedalPressed,Visual,2026-10-08T10:45:05.1785322Z,15.775859,8.924301,887,0,0,OperatingSource,0,0,1,,,,-1,FalseAlarm,,,0,0,-1.000000,TaskSwitchPedal,0,0.500000,0.200000,,0.100000,5.000000,10.000000,1007226408,12.329136,,,,,,15.775859,0,0,,,,,,Move1,Move1.PickupFineAlign,1,"{""pedalAxisName"":""TaskSwitchPedal"",""usePlusMinusKeys"":true,""positivePedalKey"":61,""negativePedalKey"":45,""invertPedalAxis"":false,""pressThreshold"":0.5,""releaseThreshold"":0.20000000298023225,""minimumIntervalSeconds"":5.0,""maximumIntervalSeconds"":10.0,""minimumValidReactionSeconds"":0.10000000149011612,""randomSeed"":1007226408}",,0,0.000000,,CorrectSidePress,,,,,,,,,,0.000000,0,1,PlusMinusKeys,0,1
20261008T104449390Z_3a71836f0fb0402ca73bb86152d1bd37,,,1,1,StimulusOnsetObserved,Visual,2026-10-08T10:45:12.6094222Z,23.205864,16.356620,1240,0,0,OperatingSource,0,0,1,2,Right,1,,,,,1,0,0.000000,TaskSwitchPedal,0,0.500000,0.200000,,0.100000,5.000000,10.000000,1007226408,19.759141,19.754305,19.759141,23.201028,23.205864,0.004836,,0,1,0,0,OperatingSource,LiftUp,LiftUp.PickupLowering,LiftUp,LiftUp.PickupLowering,1,"{""pedalAxisName"":""TaskSwitchPedal"",""usePlusMinusKeys"":true,""positivePedalKey"":61,""negativePedalKey"":45,""invertPedalAxis"":false,""pressThreshold"":0.5,""releaseThreshold"":0.20000000298023225,""minimumIntervalSeconds"":5.0,""maximumIntervalSeconds"":10.0,""minimumValidReactionSeconds"":0.10000000149011612,""randomSeed"":1007226408}",,0,0.000000,,CorrectSidePress,0,0,0,,,,,,,0.000000,0,0,Axis,0,1
20261008T104449390Z_3a71836f0fb0402ca73bb86152d1bd37,,,1,1,PedalPressed,Visual,2026-10-08T10:45:13.2691148Z,23.866299,17.015535,1270,0,0,OperatingSource,0,0,1,2,Right,1,1,Correct,1,0.660434,1,0,1.000000,TaskSwitchPedal,0,0.500000,0.200000,,0.100000,5.000000,10.000000,1007226408,20.419576,19.754305,19.759141,23.201028,23.205864,0.004836,23.866299,0,1,0,0,OperatingSource,LiftUp,LiftUp.PickupLowering,LiftUp,LiftUp.PickupLowering,1,"{""pedalAxisName"":""TaskSwitchPedal"",""usePlusMinusKeys"":true,""positivePedalKey"":61,""negativePedalKey"":45,""invertPedalAxis"":false,""pressThreshold"":0.5,""releaseThreshold"":0.20000000298023225,""minimumIntervalSeconds"":5.0,""maximumIntervalSeconds"":10.0,""minimumValidReactionSeconds"":0.10000000149011612,""randomSeed"":1007226408}",,0,0.000000,0.660434,CorrectSidePress,1,0,0,1,Correct,1,0.660434,23.866299,0.660434,0.000000,1,0,PlusMinusKeys,0,1
20261008T104449390Z_3a71836f0fb0402ca73bb86152d1bd37,,,1,1,TrialFinished,Visual,2026-10-08T10:45:13.2701125Z,23.866299,17.015535,1270,0,0,OperatingSource,0,0,1,2,Right,1,1,Correct,1,0.660434,1,0,1.000000,TaskSwitchPedal,0,0.500000,0.200000,,0.100000,5.000000,10.000000,1007226408,20.419576,19.754305,19.759141,23.201028,23.205864,0.004836,23.866299,0,0,0,0,OperatingSource,LiftUp,LiftUp.PickupLowering,LiftUp,LiftUp.PickupLowering,1,"{""pedalAxisName"":""TaskSwitchPedal"",""usePlusMinusKeys"":true,""positivePedalKey"":61,""negativePedalKey"":45,""invertPedalAxis"":false,""pressThreshold"":0.5,""releaseThreshold"":0.20000000298023225,""minimumIntervalSeconds"":5.0,""maximumIntervalSeconds"":10.0,""minimumValidReactionSeconds"":0.10000000149011612,""randomSeed"":1007226408}",,0,0.000000,0.660434,CorrectSidePress,1,0,0,1,Correct,1,0.660434,23.866299,0.660434,0.000000,1,0,PlusMinusKeys,0,1
20261008T104449390Z_3a71836f0fb0402ca73bb86152d1bd37,,,1,1,StimulusScheduled,Visual,2026-10-08T10:45:13.2701125Z,23.866702,17.015535,1270,0,0,OperatingSource,0,0,1,3,Left,-1,,,,,0,0,1.000000,TaskSwitchPedal,0,0.500000,0.200000,,0.100000,5.000000,10.000000,1007226408,20.419980,26.086027,,29.532750,,,,0,0,,,,,,LiftUp,LiftUp.PickupLowering,1,"{""pedalAxisName"":""TaskSwitchPedal"",""usePlusMinusKeys"":true,""positivePedalKey"":61,""negativePedalKey"":45,""invertPedalAxis"":false,""pressThreshold"":0.5,""releaseThreshold"":0.20000000298023225,""minimumIntervalSeconds"":5.0,""maximumIntervalSeconds"":10.0,""minimumValidReactionSeconds"":0.10000000149011612,""randomSeed"":1007226408}",,0,0.000000,,CorrectSidePress,0,0,0,,,,,,,0.000000,1,0,PlusMinusKeys,0,1
20261008T104449390Z_3a71836f0fb0402ca73bb86152d1bd37,,,1,1,StimulusOnsetObserved,Visual,2026-10-08T10:45:18.9521726Z,29.549773,22.699862,1529,1,0,WaitingForPhaseBoundary,0,0,1,3,Left,-1,,,,,1,0,0.000000,TaskSwitchPedal,0,0.500000,0.200000,,0.100000,5.000000,10.000000,1007226408,26.103050,26.086027,26.103050,29.532750,29.549773,0.017023,,1,0,1,0,WaitingForPhaseBoundary,LiftUp,LiftUp.LoadedRaising,LiftUp,LiftUp.LoadedRaising,1,"{""pedalAxisName"":""TaskSwitchPedal"",""usePlusMinusKeys"":true,""positivePedalKey"":61,""negativePedalKey"":45,""invertPedalAxis"":false,""pressThreshold"":0.5,""releaseThreshold"":0.20000000298023225,""minimumIntervalSeconds"":5.0,""maximumIntervalSeconds"":10.0,""minimumValidReactionSeconds"":0.10000000149011612,""randomSeed"":1007226408}",,0,0.000000,,CorrectSidePress,0,0,0,,,,,,,0.000000,0,0,Axis,0,1
20261008T104449390Z_3a71836f0fb0402ca73bb86152d1bd37,,,1,1,PedalPressed,Visual,2026-10-08T10:45:19.4755333Z,30.072874,23.222333,1554,1,0,WaitingForPhaseBoundary,0,0,1,3,Left,-1,-1,Correct,1,0.523101,1,0,-1.000000,TaskSwitchPedal,0,0.500000,0.200000,,0.100000,5.000000,10.000000,1007226408,26.626151,26.086027,26.103050,29.532750,29.549773,0.017023,30.072874,1,0,1,0,WaitingForPhaseBoundary,LiftUp,LiftUp.LoadedRaising,LiftUp,LiftUp.LoadedRaising,1,"{""pedalAxisName"":""TaskSwitchPedal"",""usePlusMinusKeys"":true,""positivePedalKey"":61,""negativePedalKey"":45,""invertPedalAxis"":false,""pressThreshold"":0.5,""releaseThreshold"":0.20000000298023225,""minimumIntervalSeconds"":5.0,""maximumIntervalSeconds"":10.0,""minimumValidReactionSeconds"":0.10000000149011612,""randomSeed"":1007226408}",,0,0.000000,0.523101,CorrectSidePress,1,0,0,-1,Correct,1,0.523101,30.072874,0.523101,0.000000,0,1,PlusMinusKeys,0,1
20261008T104449390Z_3a71836f0fb0402ca73bb86152d1bd37,,,1,1,TrialFinished,Visual,2026-10-08T10:45:19.4755333Z,30.072874,23.222333,1554,1,0,WaitingForPhaseBoundary,0,0,1,3,Left,-1,-1,Correct,1,0.523101,1,0,-1.000000,TaskSwitchPedal,0,0.500000,0.200000,,0.100000,5.000000,10.000000,1007226408,26.626151,26.086027,26.103050,29.532750,29.549773,0.017023,30.072874,0,0,1,0,WaitingForPhaseBoundary,LiftUp,LiftUp.LoadedRaising,LiftUp,LiftUp.LoadedRaising,1,"{""pedalAxisName"":""TaskSwitchPedal"",""usePlusMinusKeys"":true,""positivePedalKey"":61,""negativePedalKey"":45,""invertPedalAxis"":false,""pressThreshold"":0.5,""releaseThreshold"":0.20000000298023225,""minimumIntervalSeconds"":5.0,""maximumIntervalSeconds"":10.0,""minimumValidReactionSeconds"":0.10000000149011612,""randomSeed"":1007226408}",,0,0.000000,0.523101,CorrectSidePress,1,0,0,-1,Correct,1,0.523101,30.072874,0.523101,0.000000,0,1,PlusMinusKeys,0,1
20261008T104449390Z_3a71836f0fb0402ca73bb86152d1bd37,,,1,1,StimulusScheduled,Visual,2026-10-08T10:45:19.4767345Z,30.073298,23.222333,1554,1,0,WaitingForPhaseBoundary,0,0,1,4,Left,-1,,,,,0,0,-1.000000,TaskSwitchPedal,0,0.500000,0.200000,,0.100000,5.000000,10.000000,1007226408,26.626575,36.618446,,40.065169,,,,0,0,,,,,,LiftUp,LiftUp.LoadedRaising,1,"{""pedalAxisName"":""TaskSwitchPedal"",""usePlusMinusKeys"":true,""positivePedalKey"":61,""negativePedalKey"":45,""invertPedalAxis"":false,""pressThreshold"":0.5,""releaseThreshold"":0.20000000298023225,""minimumIntervalSeconds"":5.0,""maximumIntervalSeconds"":10.0,""minimumValidReactionSeconds"":0.10000000149011612,""randomSeed"":1007226408}",,0,0.000000,,CorrectSidePress,0,0,0,,,,,,,0.000000,0,1,PlusMinusKeys,0,1
20261008T104449390Z_3a71836f0fb0402ca73bb86152d1bd37,,,1,1,StimulusOnsetObserved,Visual,2026-10-08T10:45:29.4788031Z,40.075500,33.225694,2057,1,1,OperatingTarget,0,0,1,4,Left,-1,,,,,1,0,0.000000,TaskSwitchPedal,0,0.500000,0.200000,,0.100000,5.000000,10.000000,1007226408,36.628777,36.618446,36.628777,40.065169,40.075500,0.010331,,1,0,1,1,OperatingTarget,LiftUp,LiftUp.PickupLowering,LiftUp,LiftUp.PickupLowering,1,"{""pedalAxisName"":""TaskSwitchPedal"",""usePlusMinusKeys"":true,""positivePedalKey"":61,""negativePedalKey"":45,""invertPedalAxis"":false,""pressThreshold"":0.5,""releaseThreshold"":0.20000000298023225,""minimumIntervalSeconds"":5.0,""maximumIntervalSeconds"":10.0,""minimumValidReactionSeconds"":0.10000000149011612,""randomSeed"":1007226408}",,0,0.000000,,CorrectSidePress,0,0,0,,,,,,,0.000000,0,0,Axis,0,1
20261008T104449390Z_3a71836f0fb0402ca73bb86152d1bd37,,,1,1,PedalPressed,Visual,2026-10-08T10:45:30.1238617Z,40.720329,33.869811,2087,1,1,OperatingTarget,0,0,1,4,Left,-1,-1,Correct,1,0.644828,1,0,-1.000000,TaskSwitchPedal,0,0.500000,0.200000,,0.100000,5.000000,10.000000,1007226408,37.273606,36.618446,36.628777,40.065169,40.075500,0.010331,40.720329,1,0,1,1,OperatingTarget,LiftUp,LiftUp.PickupLowering,LiftUp,LiftUp.PickupLowering,1,"{""pedalAxisName"":""TaskSwitchPedal"",""usePlusMinusKeys"":true,""positivePedalKey"":61,""negativePedalKey"":45,""invertPedalAxis"":false,""pressThreshold"":0.5,""releaseThreshold"":0.20000000298023225,""minimumIntervalSeconds"":5.0,""maximumIntervalSeconds"":10.0,""minimumValidReactionSeconds"":0.10000000149011612,""randomSeed"":1007226408}",,0,0.000000,0.644829,CorrectSidePress,1,0,0,-1,Correct,1,0.644828,40.720329,0.644829,0.000000,0,1,PlusMinusKeys,0,1
20261008T104449390Z_3a71836f0fb0402ca73bb86152d1bd37,,,1,1,TrialFinished,Visual,2026-10-08T10:45:30.1238617Z,40.720329,33.869811,2087,1,1,OperatingTarget,0,0,1,4,Left,-1,-1,Correct,1,0.644828,1,0,-1.000000,TaskSwitchPedal,0,0.500000,0.200000,,0.100000,5.000000,10.000000,1007226408,37.273606,36.618446,36.628777,40.065169,40.075500,0.010331,40.720329,0,0,1,1,OperatingTarget,LiftUp,LiftUp.PickupLowering,LiftUp,LiftUp.PickupLowering,1,"{""pedalAxisName"":""TaskSwitchPedal"",""usePlusMinusKeys"":true,""positivePedalKey"":61,""negativePedalKey"":45,""invertPedalAxis"":false,""pressThreshold"":0.5,""releaseThreshold"":0.20000000298023225,""minimumIntervalSeconds"":5.0,""maximumIntervalSeconds"":10.0,""minimumValidReactionSeconds"":0.10000000149011612,""randomSeed"":1007226408}",,0,0.000000,0.644829,CorrectSidePress,1,0,0,-1,Correct,1,0.644828,40.720329,0.644829,0.000000,0,1,PlusMinusKeys,0,1
20261008T104449390Z_3a71836f0fb0402ca73bb86152d1bd37,,,1,1,StimulusScheduled,Visual,2026-10-08T10:45:30.1243720Z,40.720939,33.869811,2087,1,1,OperatingTarget,0,0,1,5,Right,1,,,,,0,0,-1.000000,TaskSwitchPedal,0,0.500000,0.200000,,0.100000,5.000000,10.000000,1007226408,37.274216,46.000312,,49.447035,,,,0,0,,,,,,LiftUp,LiftUp.PickupLowering,1,"{""pedalAxisName"":""TaskSwitchPedal"",""usePlusMinusKeys"":true,""positivePedalKey"":61,""negativePedalKey"":45,""invertPedalAxis"":false,""pressThreshold"":0.5,""releaseThreshold"":0.20000000298023225,""minimumIntervalSeconds"":5.0,""maximumIntervalSeconds"":10.0,""minimumValidReactionSeconds"":0.10000000149011612,""randomSeed"":1007226408}",,0,0.000000,,CorrectSidePress,0,0,0,,,,,,,0.000000,0,1,PlusMinusKeys,0,1
20261008T104449390Z_3a71836f0fb0402ca73bb86152d1bd37,,,1,1,StimulusOnsetObserved,Visual,2026-10-08T10:45:38.8726943Z,49.469317,42.617828,2510,1,1,OperatingTarget,0,0,1,5,Right,1,,,,,1,0,0.000000,TaskSwitchPedal,0,0.500000,0.200000,,0.100000,5.000000,10.000000,1007226408,46.022594,46.000312,46.022594,49.447035,49.469317,0.022282,,0,1,1,1,OperatingTarget,LiftUp,LiftUp.LoadedRaising,LiftUp,LiftUp.LoadedRaising,1,"{""pedalAxisName"":""TaskSwitchPedal"",""usePlusMinusKeys"":true,""positivePedalKey"":61,""negativePedalKey"":45,""invertPedalAxis"":false,""pressThreshold"":0.5,""releaseThreshold"":0.20000000298023225,""minimumIntervalSeconds"":5.0,""maximumIntervalSeconds"":10.0,""minimumValidReactionSeconds"":0.10000000149011612,""randomSeed"":1007226408}",,0,0.000000,,CorrectSidePress,0,0,0,,,,,,,0.000000,0,0,Axis,0,1
20261008T104449390Z_3a71836f0fb0402ca73bb86152d1bd37,,,1,1,PedalPressed,Visual,2026-10-08T10:45:39.5255380Z,50.122567,43.272110,2541,1,1,OperatingTarget,0,0,1,5,Right,1,1,Correct,1,0.653250,1,0,1.000000,TaskSwitchPedal,0,0.500000,0.200000,,0.100000,5.000000,10.000000,1007226408,46.675844,46.000312,46.022594,49.447035,49.469317,0.022282,50.122567,0,1,1,1,OperatingTarget,LiftUp,LiftUp.LoadedRaising,LiftUp,LiftUp.LoadedRaising,1,"{""pedalAxisName"":""TaskSwitchPedal"",""usePlusMinusKeys"":true,""positivePedalKey"":61,""negativePedalKey"":45,""invertPedalAxis"":false,""pressThreshold"":0.5,""releaseThreshold"":0.20000000298023225,""minimumIntervalSeconds"":5.0,""maximumIntervalSeconds"":10.0,""minimumValidReactionSeconds"":0.10000000149011612,""randomSeed"":1007226408}",,0,0.000000,0.653250,CorrectSidePress,1,0,0,1,Correct,1,0.653250,50.122567,0.653250,0.000000,1,0,PlusMinusKeys,0,1
20261008T104449390Z_3a71836f0fb0402ca73bb86152d1bd37,,,1,1,TrialFinished,Visual,2026-10-08T10:45:39.5255380Z,50.122567,43.272110,2541,1,1,OperatingTarget,0,0,1,5,Right,1,1,Correct,1,0.653250,1,0,1.000000,TaskSwitchPedal,0,0.500000,0.200000,,0.100000,5.000000,10.000000,1007226408,46.675844,46.000312,46.022594,49.447035,49.469317,0.022282,50.122567,0,0,1,1,OperatingTarget,LiftUp,LiftUp.LoadedRaising,LiftUp,LiftUp.LoadedRaising,1,"{""pedalAxisName"":""TaskSwitchPedal"",""usePlusMinusKeys"":true,""positivePedalKey"":61,""negativePedalKey"":45,""invertPedalAxis"":false,""pressThreshold"":0.5,""releaseThreshold"":0.20000000298023225,""minimumIntervalSeconds"":5.0,""maximumIntervalSeconds"":10.0,""minimumValidReactionSeconds"":0.10000000149011612,""randomSeed"":1007226408}",,0,0.000000,0.653250,CorrectSidePress,1,0,0,1,Correct,1,0.653250,50.122567,0.653250,0.000000,1,0,PlusMinusKeys,0,1
20261008T104449390Z_3a71836f0fb0402ca73bb86152d1bd37,,,1,1,StimulusScheduled,Visual,2026-10-08T10:45:39.5255380Z,50.122885,43.272110,2541,1,1,OperatingTarget,0,0,1,6,Right,1,,,,,0,0,1.000000,TaskSwitchPedal,0,0.500000,0.200000,,0.100000,5.000000,10.000000,1007226408,46.676162,54.747885,,58.194608,,,,0,0,,,,,,LiftUp,LiftUp.LoadedRaising,1,"{""pedalAxisName"":""TaskSwitchPedal"",""usePlusMinusKeys"":true,""positivePedalKey"":61,""negativePedalKey"":45,""invertPedalAxis"":false,""pressThreshold"":0.5,""releaseThreshold"":0.20000000298023225,""minimumIntervalSeconds"":5.0,""maximumIntervalSeconds"":10.0,""minimumValidReactionSeconds"":0.10000000149011612,""randomSeed"":1007226408}",,0,0.000000,,CorrectSidePress,0,0,0,,,,,,,0.000000,1,0,PlusMinusKeys,0,1
20261008T104449390Z_3a71836f0fb0402ca73bb86152d1bd37,,,1,1,StimulusOnsetObserved,Visual,2026-10-08T10:45:47.6053803Z,58.202915,51.352963,2905,1,0,OperatingSource,0,0,1,6,Right,1,,,,,1,0,0.000000,TaskSwitchPedal,0,0.500000,0.200000,,0.100000,5.000000,10.000000,1007226408,54.756192,54.747885,54.756192,58.194608,58.202915,0.008308,,0,1,1,0,OperatingSource,Move2,Move2.DestinationCoarseMove,Move2,Move2.DestinationCoarseMove,1,"{""pedalAxisName"":""TaskSwitchPedal"",""usePlusMinusKeys"":true,""positivePedalKey"":61,""negativePedalKey"":45,""invertPedalAxis"":false,""pressThreshold"":0.5,""releaseThreshold"":0.20000000298023225,""minimumIntervalSeconds"":5.0,""maximumIntervalSeconds"":10.0,""minimumValidReactionSeconds"":0.10000000149011612,""randomSeed"":1007226408}",,0,0.000000,,CorrectSidePress,0,0,0,,,,,,,0.000000,0,0,Axis,0,1
20261008T104449390Z_3a71836f0fb0402ca73bb86152d1bd37,,,1,1,PedalPressed,Visual,2026-10-08T10:45:48.4354519Z,59.032745,52.181750,2941,1,0,OperatingSource,0,0,1,6,Right,1,1,Correct,1,0.829830,1,0,1.000000,TaskSwitchPedal,0,0.500000,0.200000,,0.100000,5.000000,10.000000,1007226408,55.586022,54.747885,54.756192,58.194608,58.202915,0.008308,59.032745,0,1,1,0,OperatingSource,Move2,Move2.DestinationCoarseMove,Move2,Move2.DestinationCoarseMove,1,"{""pedalAxisName"":""TaskSwitchPedal"",""usePlusMinusKeys"":true,""positivePedalKey"":61,""negativePedalKey"":45,""invertPedalAxis"":false,""pressThreshold"":0.5,""releaseThreshold"":0.20000000298023225,""minimumIntervalSeconds"":5.0,""maximumIntervalSeconds"":10.0,""minimumValidReactionSeconds"":0.10000000149011612,""randomSeed"":1007226408}",,0,0.000000,0.829830,CorrectSidePress,1,0,0,1,Correct,1,0.829830,59.032745,0.829830,0.000000,1,0,PlusMinusKeys,0,1
20261008T104449390Z_3a71836f0fb0402ca73bb86152d1bd37,,,1,1,TrialFinished,Visual,2026-10-08T10:45:48.4364690Z,59.032745,52.181750,2941,1,0,OperatingSource,0,0,1,6,Right,1,1,Correct,1,0.829830,1,0,1.000000,TaskSwitchPedal,0,0.500000,0.200000,,0.100000,5.000000,10.000000,1007226408,55.586022,54.747885,54.756192,58.194608,58.202915,0.008308,59.032745,0,0,1,0,OperatingSource,Move2,Move2.DestinationCoarseMove,Move2,Move2.DestinationCoarseMove,1,"{""pedalAxisName"":""TaskSwitchPedal"",""usePlusMinusKeys"":true,""positivePedalKey"":61,""negativePedalKey"":45,""invertPedalAxis"":false,""pressThreshold"":0.5,""releaseThreshold"":0.20000000298023225,""minimumIntervalSeconds"":5.0,""maximumIntervalSeconds"":10.0,""minimumValidReactionSeconds"":0.10000000149011612,""randomSeed"":1007226408}",,0,0.000000,0.829830,CorrectSidePress,1,0,0,1,Correct,1,0.829830,59.032745,0.829830,0.000000,1,0,PlusMinusKeys,0,1
20261008T104449390Z_3a71836f0fb0402ca73bb86152d1bd37,,,1,1,StimulusScheduled,Visual,2026-10-08T10:45:48.4364690Z,59.033139,52.181750,2941,1,0,OperatingSource,0,0,1,7,Right,1,,,,,0,0,1.000000,TaskSwitchPedal,0,0.500000,0.200000,,0.100000,5.000000,10.000000,1007226408,55.586417,62.172047,,65.618770,,,,0,0,,,,,,Move2,Move2.DestinationCoarseMove,1,"{""pedalAxisName"":""TaskSwitchPedal"",""usePlusMinusKeys"":true,""positivePedalKey"":61,""negativePedalKey"":45,""invertPedalAxis"":false,""pressThreshold"":0.5,""releaseThreshold"":0.20000000298023225,""minimumIntervalSeconds"":5.0,""maximumIntervalSeconds"":10.0,""minimumValidReactionSeconds"":0.10000000149011612,""randomSeed"":1007226408}",,0,0.000000,,CorrectSidePress,0,0,0,,,,,,,0.000000,1,0,PlusMinusKeys,0,1
20261008T104449390Z_3a71836f0fb0402ca73bb86152d1bd37,,,1,1,StimulusOnsetObserved,Visual,2026-10-08T10:45:55.0447546Z,65.642228,58.792039,3235,1,0,OperatingSource,0,0,1,7,Right,1,,,,,1,0,0.000000,TaskSwitchPedal,0,0.500000,0.200000,,0.100000,5.000000,10.000000,1007226408,62.195505,62.172047,62.195505,65.618770,65.642228,0.023458,,0,1,1,0,OperatingSource,Move2,Move2.DestinationCoarseMove,Move2,Move2.DestinationCoarseMove,1,"{""pedalAxisName"":""TaskSwitchPedal"",""usePlusMinusKeys"":true,""positivePedalKey"":61,""negativePedalKey"":45,""invertPedalAxis"":false,""pressThreshold"":0.5,""releaseThreshold"":0.20000000298023225,""minimumIntervalSeconds"":5.0,""maximumIntervalSeconds"":10.0,""minimumValidReactionSeconds"":0.10000000149011612,""randomSeed"":1007226408}",,0,0.000000,,CorrectSidePress,0,0,0,,,,,,,0.000000,0,0,Axis,0,1
20261008T104449390Z_3a71836f0fb0402ca73bb86152d1bd37,,,1,1,PedalPressed,Visual,2026-10-08T10:45:55.6082609Z,66.205394,59.355530,3261,1,0,OperatingSource,0,0,1,7,Right,1,1,Correct,1,0.563166,1,0,1.000000,TaskSwitchPedal,0,0.500000,0.200000,,0.100000,5.000000,10.000000,1007226408,62.758671,62.172047,62.195505,65.618770,65.642228,0.023458,66.205394,0,1,1,0,OperatingSource,Move2,Move2.DestinationCoarseMove,Move2,Move2.DestinationCoarseMove,1,"{""pedalAxisName"":""TaskSwitchPedal"",""usePlusMinusKeys"":true,""positivePedalKey"":61,""negativePedalKey"":45,""invertPedalAxis"":false,""pressThreshold"":0.5,""releaseThreshold"":0.20000000298023225,""minimumIntervalSeconds"":5.0,""maximumIntervalSeconds"":10.0,""minimumValidReactionSeconds"":0.10000000149011612,""randomSeed"":1007226408}",,0,0.000000,0.563166,CorrectSidePress,1,0,0,1,Correct,1,0.563166,66.205394,0.563166,0.000000,1,0,PlusMinusKeys,0,1
20261008T104449390Z_3a71836f0fb0402ca73bb86152d1bd37,,,1,1,TrialFinished,Visual,2026-10-08T10:45:55.6082609Z,66.205394,59.355530,3261,1,0,OperatingSource,0,0,1,7,Right,1,1,Correct,1,0.563166,1,0,1.000000,TaskSwitchPedal,0,0.500000,0.200000,,0.100000,5.000000,10.000000,1007226408,62.758671,62.172047,62.195505,65.618770,65.642228,0.023458,66.205394,0,0,1,0,OperatingSource,Move2,Move2.DestinationCoarseMove,Move2,Move2.DestinationCoarseMove,1,"{""pedalAxisName"":""TaskSwitchPedal"",""usePlusMinusKeys"":true,""positivePedalKey"":61,""negativePedalKey"":45,""invertPedalAxis"":false,""pressThreshold"":0.5,""releaseThreshold"":0.20000000298023225,""minimumIntervalSeconds"":5.0,""maximumIntervalSeconds"":10.0,""minimumValidReactionSeconds"":0.10000000149011612,""randomSeed"":1007226408}",,0,0.000000,0.563166,CorrectSidePress,1,0,0,1,Correct,1,0.563166,66.205394,0.563166,0.000000,1,0,PlusMinusKeys,0,1
20261008T104449390Z_3a71836f0fb0402ca73bb86152d1bd37,,,1,1,StimulusScheduled,Visual,2026-10-08T10:45:55.6082609Z,66.205750,59.355530,3261,1,0,OperatingSource,0,0,1,8,Left,-1,,,,,0,0,1.000000,TaskSwitchPedal,0,0.500000,0.200000,,0.100000,5.000000,10.000000,1007226408,62.759027,72.735440,,76.182163,,,,0,0,,,,,,Move2,Move2.DestinationCoarseMove,1,"{""pedalAxisName"":""TaskSwitchPedal"",""usePlusMinusKeys"":true,""positivePedalKey"":61,""negativePedalKey"":45,""invertPedalAxis"":false,""pressThreshold"":0.5,""releaseThreshold"":0.20000000298023225,""minimumIntervalSeconds"":5.0,""maximumIntervalSeconds"":10.0,""minimumValidReactionSeconds"":0.10000000149011612,""randomSeed"":1007226408}",,0,0.000000,,CorrectSidePress,0,0,0,,,,,,,0.000000,1,0,PlusMinusKeys,0,1
20261008T104449390Z_3a71836f0fb0402ca73bb86152d1bd37,,,1,1,StimulusOnsetObserved,Visual,2026-10-08T10:46:05.6022887Z,76.199111,69.346673,3687,1,0,OperatingSource,0,0,1,8,Left,-1,,,,,1,0,0.000000,TaskSwitchPedal,0,0.500000,0.200000,,0.100000,5.000000,10.000000,1007226408,72.752387,72.735440,72.752387,76.182163,76.199111,0.016948,,1,0,1,0,OperatingSource,Place,Place.PlacementLowering,Place,Place.PlacementLowering,1,"{""pedalAxisName"":""TaskSwitchPedal"",""usePlusMinusKeys"":true,""positivePedalKey"":61,""negativePedalKey"":45,""invertPedalAxis"":false,""pressThreshold"":0.5,""releaseThreshold"":0.20000000298023225,""minimumIntervalSeconds"":5.0,""maximumIntervalSeconds"":10.0,""minimumValidReactionSeconds"":0.10000000149011612,""randomSeed"":1007226408}",,0,0.000000,,CorrectSidePress,0,0,0,,,,,,,0.000000,0,0,Axis,0,1
20261008T104449390Z_3a71836f0fb0402ca73bb86152d1bd37,,,1,1,PedalPressed,Visual,2026-10-08T10:46:06.2463467Z,76.843024,69.991005,3715,1,0,OperatingSource,0,0,1,8,Left,-1,-1,Correct,1,0.643914,1,0,-1.000000,TaskSwitchPedal,0,0.500000,0.200000,,0.100000,5.000000,10.000000,1007226408,73.396301,72.735440,72.752387,76.182163,76.199111,0.016948,76.843024,1,0,1,0,OperatingSource,Place,Place.PlacementLowering,Place,Place.PlacementLowering,1,"{""pedalAxisName"":""TaskSwitchPedal"",""usePlusMinusKeys"":true,""positivePedalKey"":61,""negativePedalKey"":45,""invertPedalAxis"":false,""pressThreshold"":0.5,""releaseThreshold"":0.20000000298023225,""minimumIntervalSeconds"":5.0,""maximumIntervalSeconds"":10.0,""minimumValidReactionSeconds"":0.10000000149011612,""randomSeed"":1007226408}",,0,0.000000,0.643913,CorrectSidePress,1,0,0,-1,Correct,1,0.643914,76.843024,0.643913,0.000000,0,1,PlusMinusKeys,0,1
20261008T104449390Z_3a71836f0fb0402ca73bb86152d1bd37,,,1,1,TrialFinished,Visual,2026-10-08T10:46:06.2463467Z,76.843024,69.991005,3715,1,0,OperatingSource,0,0,1,8,Left,-1,-1,Correct,1,0.643914,1,0,-1.000000,TaskSwitchPedal,0,0.500000,0.200000,,0.100000,5.000000,10.000000,1007226408,73.396301,72.735440,72.752387,76.182163,76.199111,0.016948,76.843024,0,0,1,0,OperatingSource,Place,Place.PlacementLowering,Place,Place.PlacementLowering,1,"{""pedalAxisName"":""TaskSwitchPedal"",""usePlusMinusKeys"":true,""positivePedalKey"":61,""negativePedalKey"":45,""invertPedalAxis"":false,""pressThreshold"":0.5,""releaseThreshold"":0.20000000298023225,""minimumIntervalSeconds"":5.0,""maximumIntervalSeconds"":10.0,""minimumValidReactionSeconds"":0.10000000149011612,""randomSeed"":1007226408}",,0,0.000000,0.643913,CorrectSidePress,1,0,0,-1,Correct,1,0.643914,76.843024,0.643913,0.000000,0,1,PlusMinusKeys,0,1
20261008T104449390Z_3a71836f0fb0402ca73bb86152d1bd37,,,1,1,StimulusScheduled,Visual,2026-10-08T10:46:06.2463467Z,76.843436,69.991005,3715,1,0,OperatingSource,0,0,1,9,Left,-1,,,,,0,0,-1.000000,TaskSwitchPedal,0,0.500000,0.200000,,0.100000,5.000000,10.000000,1007226408,73.396713,79.159821,,82.606544,,,,0,0,,,,,,Place,Place.PlacementLowering,1,"{""pedalAxisName"":""TaskSwitchPedal"",""usePlusMinusKeys"":true,""positivePedalKey"":61,""negativePedalKey"":45,""invertPedalAxis"":false,""pressThreshold"":0.5,""releaseThreshold"":0.20000000298023225,""minimumIntervalSeconds"":5.0,""maximumIntervalSeconds"":10.0,""minimumValidReactionSeconds"":0.10000000149011612,""randomSeed"":1007226408}",,0,0.000000,,CorrectSidePress,0,0,0,,,,,,,0.000000,0,1,PlusMinusKeys,0,1
20261008T104449390Z_3a71836f0fb0402ca73bb86152d1bd37,,,1,1,StimulusOnsetObserved,Visual,2026-10-08T10:46:12.0192098Z,82.616785,75.766818,3948,1,0,OperatingSource,0,0,1,9,Left,-1,,,,,1,0,0.000000,TaskSwitchPedal,0,0.500000,0.200000,,0.100000,5.000000,10.000000,1007226408,79.170062,79.159821,79.170062,82.606544,82.616785,0.010241,,1,0,1,0,OperatingSource,Place,Place.PostPlacementRaising,Place,Place.PostPlacementRaising,1,"{""pedalAxisName"":""TaskSwitchPedal"",""usePlusMinusKeys"":true,""positivePedalKey"":61,""negativePedalKey"":45,""invertPedalAxis"":false,""pressThreshold"":0.5,""releaseThreshold"":0.20000000298023225,""minimumIntervalSeconds"":5.0,""maximumIntervalSeconds"":10.0,""minimumValidReactionSeconds"":0.10000000149011612,""randomSeed"":1007226408}",,0,0.000000,,CorrectSidePress,0,0,0,,,,,,,0.000000,0,0,Axis,0,1
20261008T104449390Z_3a71836f0fb0402ca73bb86152d1bd37,,,1,1,PedalPressed,Visual,2026-10-08T10:46:12.6869167Z,83.283537,76.433540,3978,1,0,OperatingSource,0,0,1,9,Left,-1,-1,Correct,1,0.666752,1,0,-1.000000,TaskSwitchPedal,0,0.500000,0.200000,,0.100000,5.000000,10.000000,1007226408,79.836814,79.159821,79.170062,82.606544,82.616785,0.010241,83.283537,1,0,1,0,OperatingSource,Place,Place.PostPlacementRaising,Place,Place.PostPlacementRaising,1,"{""pedalAxisName"":""TaskSwitchPedal"",""usePlusMinusKeys"":true,""positivePedalKey"":61,""negativePedalKey"":45,""invertPedalAxis"":false,""pressThreshold"":0.5,""releaseThreshold"":0.20000000298023225,""minimumIntervalSeconds"":5.0,""maximumIntervalSeconds"":10.0,""minimumValidReactionSeconds"":0.10000000149011612,""randomSeed"":1007226408}",,0,0.000000,0.666752,CorrectSidePress,1,0,0,-1,Correct,1,0.666752,83.283537,0.666752,0.000000,0,1,PlusMinusKeys,0,1
20261008T104449390Z_3a71836f0fb0402ca73bb86152d1bd37,,,1,1,TrialFinished,Visual,2026-10-08T10:46:12.6869167Z,83.283537,76.433540,3978,1,0,OperatingSource,0,0,1,9,Left,-1,-1,Correct,1,0.666752,1,0,-1.000000,TaskSwitchPedal,0,0.500000,0.200000,,0.100000,5.000000,10.000000,1007226408,79.836814,79.159821,79.170062,82.606544,82.616785,0.010241,83.283537,0,0,1,0,OperatingSource,Place,Place.PostPlacementRaising,Place,Place.PostPlacementRaising,1,"{""pedalAxisName"":""TaskSwitchPedal"",""usePlusMinusKeys"":true,""positivePedalKey"":61,""negativePedalKey"":45,""invertPedalAxis"":false,""pressThreshold"":0.5,""releaseThreshold"":0.20000000298023225,""minimumIntervalSeconds"":5.0,""maximumIntervalSeconds"":10.0,""minimumValidReactionSeconds"":0.10000000149011612,""randomSeed"":1007226408}",,0,0.000000,0.666752,CorrectSidePress,1,0,0,-1,Correct,1,0.666752,83.283537,0.666752,0.000000,0,1,PlusMinusKeys,0,1
20261008T104449390Z_3a71836f0fb0402ca73bb86152d1bd37,,,1,1,StimulusScheduled,Visual,2026-10-08T10:46:12.6869167Z,83.283994,76.433540,3978,1,0,OperatingSource,0,0,1,10,Left,-1,,,,,0,0,-1.000000,TaskSwitchPedal,0,0.500000,0.200000,,0.100000,5.000000,10.000000,1007226408,79.837272,88.244810,,91.691533,,,,0,0,,,,,,Place,Place.PostPlacementRaising,1,"{""pedalAxisName"":""TaskSwitchPedal"",""usePlusMinusKeys"":true,""positivePedalKey"":61,""negativePedalKey"":45,""invertPedalAxis"":false,""pressThreshold"":0.5,""releaseThreshold"":0.20000000298023225,""minimumIntervalSeconds"":5.0,""maximumIntervalSeconds"":10.0,""minimumValidReactionSeconds"":0.10000000149011612,""randomSeed"":1007226408}",,0,0.000000,,CorrectSidePress,0,0,0,,,,,,,0.000000,0,1,PlusMinusKeys,0,1
20261008T104449390Z_3a71836f0fb0402ca73bb86152d1bd37,,,1,1,StimulusOnsetObserved,Visual,2026-10-08T10:46:21.0976636Z,91.694750,84.844399,4362,1,0,OperatingSource,0,0,1,10,Left,-1,,,,,1,0,0.000000,TaskSwitchPedal,0,0.500000,0.200000,,0.100000,5.000000,10.000000,1007226408,88.248027,88.244810,88.248027,91.691533,91.694750,0.003217,,1,0,1,0,OperatingSource,Move1,Move1.PickupCoarseMove,Move1,Move1.PickupCoarseMove,1,"{""pedalAxisName"":""TaskSwitchPedal"",""usePlusMinusKeys"":true,""positivePedalKey"":61,""negativePedalKey"":45,""invertPedalAxis"":false,""pressThreshold"":0.5,""releaseThreshold"":0.20000000298023225,""minimumIntervalSeconds"":5.0,""maximumIntervalSeconds"":10.0,""minimumValidReactionSeconds"":0.10000000149011612,""randomSeed"":1007226408}",,0,0.000000,,CorrectSidePress,0,0,0,,,,,,,0.000000,0,0,Axis,0,1
20261008T104449390Z_3a71836f0fb0402ca73bb86152d1bd37,,,1,1,PedalPressed,Visual,2026-10-08T10:46:23.5884577Z,94.185403,87.335293,4472,2,0,WaitingForPhaseBoundary,0,0,1,10,Left,-1,-1,Correct,1,2.490653,1,0,-1.000000,TaskSwitchPedal,0,0.500000,0.200000,,0.100000,5.000000,10.000000,1007226408,90.738680,88.244810,88.248027,91.691533,91.694750,0.003217,94.185403,1,0,1,0,OperatingSource,Move1,Move1.PickupCoarseMove,Move1,Move1.PickupCoarseMove,1,"{""pedalAxisName"":""TaskSwitchPedal"",""usePlusMinusKeys"":true,""positivePedalKey"":61,""negativePedalKey"":45,""invertPedalAxis"":false,""pressThreshold"":0.5,""releaseThreshold"":0.20000000298023225,""minimumIntervalSeconds"":5.0,""maximumIntervalSeconds"":10.0,""minimumValidReactionSeconds"":0.10000000149011612,""randomSeed"":1007226408}",,0,0.000000,2.490653,CorrectSidePress,1,0,0,-1,Correct,1,2.490653,94.185403,2.490653,0.000000,0,1,PlusMinusKeys,0,1
20261008T104449390Z_3a71836f0fb0402ca73bb86152d1bd37,,,1,1,TrialFinished,Visual,2026-10-08T10:46:23.5884577Z,94.185403,87.335293,4472,2,0,WaitingForPhaseBoundary,0,0,1,10,Left,-1,-1,Correct,1,2.490653,1,0,-1.000000,TaskSwitchPedal,0,0.500000,0.200000,,0.100000,5.000000,10.000000,1007226408,90.738680,88.244810,88.248027,91.691533,91.694750,0.003217,94.185403,0,0,1,0,OperatingSource,Move1,Move1.PickupCoarseMove,Move1,Move1.PickupCoarseMove,1,"{""pedalAxisName"":""TaskSwitchPedal"",""usePlusMinusKeys"":true,""positivePedalKey"":61,""negativePedalKey"":45,""invertPedalAxis"":false,""pressThreshold"":0.5,""releaseThreshold"":0.20000000298023225,""minimumIntervalSeconds"":5.0,""maximumIntervalSeconds"":10.0,""minimumValidReactionSeconds"":0.10000000149011612,""randomSeed"":1007226408}",,0,0.000000,2.490653,CorrectSidePress,1,0,0,-1,Correct,1,2.490653,94.185403,2.490653,0.000000,0,1,PlusMinusKeys,0,1
20261008T104449390Z_3a71836f0fb0402ca73bb86152d1bd37,,,1,1,StimulusScheduled,Visual,2026-10-08T10:46:23.5884577Z,94.185817,87.335293,4472,2,0,WaitingForPhaseBoundary,0,0,1,11,Left,-1,,,,,0,0,-1.000000,TaskSwitchPedal,0,0.500000,0.200000,,0.100000,5.000000,10.000000,1007226408,90.739095,99.535884,,102.982606,,,,0,0,,,,,,Move1,Move1.PickupCoarseMove,1,"{""pedalAxisName"":""TaskSwitchPedal"",""usePlusMinusKeys"":true,""positivePedalKey"":61,""negativePedalKey"":45,""invertPedalAxis"":false,""pressThreshold"":0.5,""releaseThreshold"":0.20000000298023225,""minimumIntervalSeconds"":5.0,""maximumIntervalSeconds"":10.0,""minimumValidReactionSeconds"":0.10000000149011612,""randomSeed"":1007226408}",,0,0.000000,,CorrectSidePress,0,0,0,,,,,,,0.000000,0,1,PlusMinusKeys,0,1
20261008T104449390Z_3a71836f0fb0402ca73bb86152d1bd37,,,1,1,StimulusOnsetObserved,Visual,2026-10-08T10:46:32.3905364Z,102.988270,96.138099,4882,2,0,WaitingForPhaseBoundary,0,0,1,11,Left,-1,,,,,1,0,0.000000,TaskSwitchPedal,0,0.500000,0.200000,,0.100000,5.000000,10.000000,1007226408,99.541547,99.535884,99.541547,102.982606,102.988270,0.005664,,1,0,2,0,WaitingForPhaseBoundary,Move1,Move1.PickupCoarseMove,Move1,Move1.PickupCoarseMove,1,"{""pedalAxisName"":""TaskSwitchPedal"",""usePlusMinusKeys"":true,""positivePedalKey"":61,""negativePedalKey"":45,""invertPedalAxis"":false,""pressThreshold"":0.5,""releaseThreshold"":0.20000000298023225,""minimumIntervalSeconds"":5.0,""maximumIntervalSeconds"":10.0,""minimumValidReactionSeconds"":0.10000000149011612,""randomSeed"":1007226408}",,0,0.000000,,CorrectSidePress,0,0,0,,,,,,,0.000000,0,0,Axis,0,1
20261008T104449390Z_3a71836f0fb0402ca73bb86152d1bd37,,,1,1,PedalPressed,Visual,2026-10-08T10:46:32.9262764Z,103.522967,96.672512,4909,2,0,WaitingForPhaseBoundary,0,0,1,11,Left,-1,-1,Correct,1,0.534697,1,0,-1.000000,TaskSwitchPedal,0,0.500000,0.200000,,0.100000,5.000000,10.000000,1007226408,100.076244,99.535884,99.541547,102.982606,102.988270,0.005664,103.522967,1,0,2,0,WaitingForPhaseBoundary,Move1,Move1.PickupCoarseMove,Move1,Move1.PickupCoarseMove,1,"{""pedalAxisName"":""TaskSwitchPedal"",""usePlusMinusKeys"":true,""positivePedalKey"":61,""negativePedalKey"":45,""invertPedalAxis"":false,""pressThreshold"":0.5,""releaseThreshold"":0.20000000298023225,""minimumIntervalSeconds"":5.0,""maximumIntervalSeconds"":10.0,""minimumValidReactionSeconds"":0.10000000149011612,""randomSeed"":1007226408}",,0,0.000000,0.534697,CorrectSidePress,1,0,0,-1,Correct,1,0.534697,103.522967,0.534697,0.000000,0,1,PlusMinusKeys,0,1
20261008T104449390Z_3a71836f0fb0402ca73bb86152d1bd37,,,1,1,TrialFinished,Visual,2026-10-08T10:46:32.9262764Z,103.522967,96.672512,4909,2,0,WaitingForPhaseBoundary,0,0,1,11,Left,-1,-1,Correct,1,0.534697,1,0,-1.000000,TaskSwitchPedal,0,0.500000,0.200000,,0.100000,5.000000,10.000000,1007226408,100.076244,99.535884,99.541547,102.982606,102.988270,0.005664,103.522967,0,0,2,0,WaitingForPhaseBoundary,Move1,Move1.PickupCoarseMove,Move1,Move1.PickupCoarseMove,1,"{""pedalAxisName"":""TaskSwitchPedal"",""usePlusMinusKeys"":true,""positivePedalKey"":61,""negativePedalKey"":45,""invertPedalAxis"":false,""pressThreshold"":0.5,""releaseThreshold"":0.20000000298023225,""minimumIntervalSeconds"":5.0,""maximumIntervalSeconds"":10.0,""minimumValidReactionSeconds"":0.10000000149011612,""randomSeed"":1007226408}",,0,0.000000,0.534697,CorrectSidePress,1,0,0,-1,Correct,1,0.534697,103.522967,0.534697,0.000000,0,1,PlusMinusKeys,0,1
20261008T104449390Z_3a71836f0fb0402ca73bb86152d1bd37,,,1,1,StimulusScheduled,Visual,2026-10-08T10:46:32.9262764Z,103.523316,96.672512,4909,2,0,WaitingForPhaseBoundary,0,0,1,12,Left,-1,,,,,0,0,-1.000000,TaskSwitchPedal,0,0.500000,0.200000,,0.100000,5.000000,10.000000,1007226408,100.076594,107.609138,,111.055861,,,,0,0,,,,,,Move1,Move1.PickupCoarseMove,1,"{""pedalAxisName"":""TaskSwitchPedal"",""usePlusMinusKeys"":true,""positivePedalKey"":61,""negativePedalKey"":45,""invertPedalAxis"":false,""pressThreshold"":0.5,""releaseThreshold"":0.20000000298023225,""minimumIntervalSeconds"":5.0,""maximumIntervalSeconds"":10.0,""minimumValidReactionSeconds"":0.10000000149011612,""randomSeed"":1007226408}",,0,0.000000,,CorrectSidePress,0,0,0,,,,,,,0.000000,0,1,PlusMinusKeys,0,1
20261008T104449390Z_3a71836f0fb0402ca73bb86152d1bd37,,,1,1,StimulusOnsetObserved,Visual,2026-10-08T10:46:40.4763874Z,111.073583,104.223184,5252,2,1,OperatingTarget,0,0,1,12,Left,-1,,,,,1,0,0.000000,TaskSwitchPedal,0,0.500000,0.200000,,0.100000,5.000000,10.000000,1007226408,107.626860,107.609138,107.626860,111.055861,111.073583,0.017723,,1,0,2,1,OperatingTarget,Move2,Move2.DestinationCoarseMove,Move2,Move2.DestinationCoarseMove,1,"{""pedalAxisName"":""TaskSwitchPedal"",""usePlusMinusKeys"":true,""positivePedalKey"":61,""negativePedalKey"":45,""invertPedalAxis"":false,""pressThreshold"":0.5,""releaseThreshold"":0.20000000298023225,""minimumIntervalSeconds"":5.0,""maximumIntervalSeconds"":10.0,""minimumValidReactionSeconds"":0.10000000149011612,""randomSeed"":1007226408}",,0,0.000000,,CorrectSidePress,0,0,0,,,,,,,0.000000,0,0,Axis,0,1
20261008T104449390Z_3a71836f0fb0402ca73bb86152d1bd37,,,1,1,PedalPressed,Visual,2026-10-08T10:46:45.9974055Z,116.594496,109.741809,5495,2,1,OperatingTarget,0,0,1,12,Left,-1,-1,Correct,1,5.520912,1,0,-1.000000,TaskSwitchPedal,0,0.500000,0.200000,,0.100000,5.000000,10.000000,1007226408,113.147773,107.609138,107.626860,111.055861,111.073583,0.017723,116.594496,1,0,2,1,OperatingTarget,Move2,Move2.DestinationCoarseMove,Place,Place.PlacementLowering,1,"{""pedalAxisName"":""TaskSwitchPedal"",""usePlusMinusKeys"":true,""positivePedalKey"":61,""negativePedalKey"":45,""invertPedalAxis"":false,""pressThreshold"":0.5,""releaseThreshold"":0.20000000298023225,""minimumIntervalSeconds"":5.0,""maximumIntervalSeconds"":10.0,""minimumValidReactionSeconds"":0.10000000149011612,""randomSeed"":1007226408}",,0,0.000000,5.520912,CorrectSidePress,1,0,0,-1,Correct,1,5.520912,116.594496,5.520912,0.000000,0,1,PlusMinusKeys,0,1
20261008T104449390Z_3a71836f0fb0402ca73bb86152d1bd37,,,1,1,TrialFinished,Visual,2026-10-08T10:46:45.9974055Z,116.594496,109.741809,5495,2,1,OperatingTarget,0,0,1,12,Left,-1,-1,Correct,1,5.520912,1,0,-1.000000,TaskSwitchPedal,0,0.500000,0.200000,,0.100000,5.000000,10.000000,1007226408,113.147773,107.609138,107.626860,111.055861,111.073583,0.017723,116.594496,0,0,2,1,OperatingTarget,Move2,Move2.DestinationCoarseMove,Place,Place.PlacementLowering,1,"{""pedalAxisName"":""TaskSwitchPedal"",""usePlusMinusKeys"":true,""positivePedalKey"":61,""negativePedalKey"":45,""invertPedalAxis"":false,""pressThreshold"":0.5,""releaseThreshold"":0.20000000298023225,""minimumIntervalSeconds"":5.0,""maximumIntervalSeconds"":10.0,""minimumValidReactionSeconds"":0.10000000149011612,""randomSeed"":1007226408}",,0,0.000000,5.520912,CorrectSidePress,1,0,0,-1,Correct,1,5.520912,116.594496,5.520912,0.000000,0,1,PlusMinusKeys,0,1
20261008T104449390Z_3a71836f0fb0402ca73bb86152d1bd37,,,1,1,StimulusScheduled,Visual,2026-10-08T10:46:45.9974055Z,116.594837,109.741809,5495,2,1,OperatingTarget,0,0,1,13,Right,1,,,,,0,0,-1.000000,TaskSwitchPedal,0,0.500000,0.200000,,0.100000,5.000000,10.000000,1007226408,113.148114,120.382026,,123.828749,,,,0,0,,,,,,Place,Place.PlacementLowering,1,"{""pedalAxisName"":""TaskSwitchPedal"",""usePlusMinusKeys"":true,""positivePedalKey"":61,""negativePedalKey"":45,""invertPedalAxis"":false,""pressThreshold"":0.5,""releaseThreshold"":0.20000000298023225,""minimumIntervalSeconds"":5.0,""maximumIntervalSeconds"":10.0,""minimumValidReactionSeconds"":0.10000000149011612,""randomSeed"":1007226408}",,0,0.000000,,CorrectSidePress,0,0,0,,,,,,,0.000000,0,1,PlusMinusKeys,0,1
20261008T104449390Z_3a71836f0fb0402ca73bb86152d1bd37,,,1,1,StimulusOnsetObserved,Visual,2026-10-08T10:46:53.2452474Z,123.842156,116.991062,5796,2,1,OperatingTarget,0,0,1,13,Right,1,,,,,1,0,0.000000,TaskSwitchPedal,0,0.500000,0.200000,,0.100000,5.000000,10.000000,1007226408,120.395433,120.382026,120.395433,123.828749,123.842156,0.013407,,0,1,2,1,OperatingTarget,Place,Place.LoadRelease,Place,Place.LoadRelease,1,"{""pedalAxisName"":""TaskSwitchPedal"",""usePlusMinusKeys"":true,""positivePedalKey"":61,""negativePedalKey"":45,""invertPedalAxis"":false,""pressThreshold"":0.5,""releaseThreshold"":0.20000000298023225,""minimumIntervalSeconds"":5.0,""maximumIntervalSeconds"":10.0,""minimumValidReactionSeconds"":0.10000000149011612,""randomSeed"":1007226408}",,0,0.000000,,CorrectSidePress,0,0,0,,,,,,,0.000000,0,0,Axis,0,1
20261008T104449390Z_3a71836f0fb0402ca73bb86152d1bd37,,,1,1,PedalPressed,Visual,2026-10-08T10:46:55.1200962Z,125.718036,118.867838,5868,2,1,OperatingTarget,0,0,1,13,Right,1,1,Correct,1,1.875880,1,0,1.000000,TaskSwitchPedal,0,0.500000,0.200000,,0.100000,5.000000,10.000000,1007226408,122.271313,120.382026,120.395433,123.828749,123.842156,0.013407,125.718036,0,1,2,1,OperatingTarget,Place,Place.LoadRelease,Place,Place.PostPlacementRaising,1,"{""pedalAxisName"":""TaskSwitchPedal"",""usePlusMinusKeys"":true,""positivePedalKey"":61,""negativePedalKey"":45,""invertPedalAxis"":false,""pressThreshold"":0.5,""releaseThreshold"":0.20000000298023225,""minimumIntervalSeconds"":5.0,""maximumIntervalSeconds"":10.0,""minimumValidReactionSeconds"":0.10000000149011612,""randomSeed"":1007226408}",,0,0.000000,1.875880,CorrectSidePress,1,0,0,1,Correct,1,1.875880,125.718036,1.875880,0.000000,1,0,PlusMinusKeys,0,1
20261008T104449390Z_3a71836f0fb0402ca73bb86152d1bd37,,,1,1,TrialFinished,Visual,2026-10-08T10:46:55.1214321Z,125.718036,118.867838,5868,2,1,OperatingTarget,0,0,1,13,Right,1,1,Correct,1,1.875880,1,0,1.000000,TaskSwitchPedal,0,0.500000,0.200000,,0.100000,5.000000,10.000000,1007226408,122.271313,120.382026,120.395433,123.828749,123.842156,0.013407,125.718036,0,0,2,1,OperatingTarget,Place,Place.LoadRelease,Place,Place.PostPlacementRaising,1,"{""pedalAxisName"":""TaskSwitchPedal"",""usePlusMinusKeys"":true,""positivePedalKey"":61,""negativePedalKey"":45,""invertPedalAxis"":false,""pressThreshold"":0.5,""releaseThreshold"":0.20000000298023225,""minimumIntervalSeconds"":5.0,""maximumIntervalSeconds"":10.0,""minimumValidReactionSeconds"":0.10000000149011612,""randomSeed"":1007226408}",,0,0.000000,1.875880,CorrectSidePress,1,0,0,1,Correct,1,1.875880,125.718036,1.875880,0.000000,1,0,PlusMinusKeys,0,1
20261008T104449390Z_3a71836f0fb0402ca73bb86152d1bd37,,,1,1,StimulusScheduled,Visual,2026-10-08T10:46:55.1214321Z,125.718427,118.867838,5868,2,1,OperatingTarget,0,0,1,14,Left,-1,,,,,0,0,1.000000,TaskSwitchPedal,0,0.500000,0.200000,,0.100000,5.000000,10.000000,1007226408,122.271704,127.948024,,131.394747,,,,0,0,,,,,,Place,Place.PostPlacementRaising,1,"{""pedalAxisName"":""TaskSwitchPedal"",""usePlusMinusKeys"":true,""positivePedalKey"":61,""negativePedalKey"":45,""invertPedalAxis"":false,""pressThreshold"":0.5,""releaseThreshold"":0.20000000298023225,""minimumIntervalSeconds"":5.0,""maximumIntervalSeconds"":10.0,""minimumValidReactionSeconds"":0.10000000149011612,""randomSeed"":1007226408}",,0,0.000000,,CorrectSidePress,0,0,0,,,,,,,0.000000,1,0,PlusMinusKeys,0,1
20261008T104449390Z_3a71836f0fb0402ca73bb86152d1bd37,,,1,1,StimulusOnsetObserved,Visual,2026-10-08T10:47:00.8182530Z,131.415497,124.564939,6142,2,1,OperatingTarget,0,0,1,14,Left,-1,,,,,1,0,0.000000,TaskSwitchPedal,0,0.500000,0.200000,,0.100000,5.000000,10.000000,1007226408,127.968774,127.948024,127.968774,131.394747,131.415497,0.020751,,1,0,2,1,OperatingTarget,Place,Place.PostPlacementRaising,Place,Place.PostPlacementRaising,1,"{""pedalAxisName"":""TaskSwitchPedal"",""usePlusMinusKeys"":true,""positivePedalKey"":61,""negativePedalKey"":45,""invertPedalAxis"":false,""pressThreshold"":0.5,""releaseThreshold"":0.20000000298023225,""minimumIntervalSeconds"":5.0,""maximumIntervalSeconds"":10.0,""minimumValidReactionSeconds"":0.10000000149011612,""randomSeed"":1007226408}",,0,0.000000,,CorrectSidePress,0,0,0,,,,,,,0.000000,0,0,Axis,0,1
20261008T104449390Z_3a71836f0fb0402ca73bb86152d1bd37,,,1,1,PedalPressed,Visual,2026-10-08T10:47:01.4377295Z,132.035280,125.184290,6175,2,1,OperatingTarget,0,0,1,14,Left,-1,-1,Correct,1,0.619783,1,0,-1.000000,TaskSwitchPedal,0,0.500000,0.200000,,0.100000,5.000000,10.000000,1007226408,128.588557,127.948024,127.968774,131.394747,131.415497,0.020751,132.035280,1,0,2,1,OperatingTarget,Place,Place.PostPlacementRaising,Place,Place.PostPlacementRaising,1,"{""pedalAxisName"":""TaskSwitchPedal"",""usePlusMinusKeys"":true,""positivePedalKey"":61,""negativePedalKey"":45,""invertPedalAxis"":false,""pressThreshold"":0.5,""releaseThreshold"":0.20000000298023225,""minimumIntervalSeconds"":5.0,""maximumIntervalSeconds"":10.0,""minimumValidReactionSeconds"":0.10000000149011612,""randomSeed"":1007226408}",,0,0.000000,0.619783,CorrectSidePress,1,0,0,-1,Correct,1,0.619783,132.035280,0.619783,0.000000,0,1,PlusMinusKeys,0,1
20261008T104449390Z_3a71836f0fb0402ca73bb86152d1bd37,,,1,1,TrialFinished,Visual,2026-10-08T10:47:01.4377295Z,132.035280,125.184290,6175,2,1,OperatingTarget,0,0,1,14,Left,-1,-1,Correct,1,0.619783,1,0,-1.000000,TaskSwitchPedal,0,0.500000,0.200000,,0.100000,5.000000,10.000000,1007226408,128.588557,127.948024,127.968774,131.394747,131.415497,0.020751,132.035280,0,0,2,1,OperatingTarget,Place,Place.PostPlacementRaising,Place,Place.PostPlacementRaising,1,"{""pedalAxisName"":""TaskSwitchPedal"",""usePlusMinusKeys"":true,""positivePedalKey"":61,""negativePedalKey"":45,""invertPedalAxis"":false,""pressThreshold"":0.5,""releaseThreshold"":0.20000000298023225,""minimumIntervalSeconds"":5.0,""maximumIntervalSeconds"":10.0,""minimumValidReactionSeconds"":0.10000000149011612,""randomSeed"":1007226408}",,0,0.000000,0.619783,CorrectSidePress,1,0,0,-1,Correct,1,0.619783,132.035280,0.619783,0.000000,0,1,PlusMinusKeys,0,1
20261008T104449390Z_3a71836f0fb0402ca73bb86152d1bd37,,,1,1,StimulusScheduled,Visual,2026-10-08T10:47:01.4388583Z,132.035712,125.184290,6175,2,1,OperatingTarget,0,0,1,15,Right,1,,,,,0,0,-1.000000,TaskSwitchPedal,0,0.500000,0.200000,,0.100000,5.000000,10.000000,1007226408,128.588990,135.345694,,138.792416,,,,0,0,,,,,,Place,Place.PostPlacementRaising,1,"{""pedalAxisName"":""TaskSwitchPedal"",""usePlusMinusKeys"":true,""positivePedalKey"":61,""negativePedalKey"":45,""invertPedalAxis"":false,""pressThreshold"":0.5,""releaseThreshold"":0.20000000298023225,""minimumIntervalSeconds"":5.0,""maximumIntervalSeconds"":10.0,""minimumValidReactionSeconds"":0.10000000149011612,""randomSeed"":1007226408}",,0,0.000000,,CorrectSidePress,0,0,0,,,,,,,0.000000,0,1,PlusMinusKeys,0,1
20261008T104449390Z_3a71836f0fb0402ca73bb86152d1bd37,,,1,1,StimulusOnsetObserved,Visual,2026-10-08T10:47:08.2113193Z,138.808849,131.957720,6476,2,0,OperatingSource,0,0,1,15,Right,1,,,,,1,0,0.000000,TaskSwitchPedal,0,0.500000,0.200000,,0.100000,5.000000,10.000000,1007226408,135.362126,135.345694,135.362126,138.792416,138.808849,0.016432,,0,1,2,0,OperatingSource,LiftUp,LiftUp.PickupLowering,LiftUp,LiftUp.PickupLowering,1,"{""pedalAxisName"":""TaskSwitchPedal"",""usePlusMinusKeys"":true,""positivePedalKey"":61,""negativePedalKey"":45,""invertPedalAxis"":false,""pressThreshold"":0.5,""releaseThreshold"":0.20000000298023225,""minimumIntervalSeconds"":5.0,""maximumIntervalSeconds"":10.0,""minimumValidReactionSeconds"":0.10000000149011612,""randomSeed"":1007226408}",,0,0.000000,,CorrectSidePress,0,0,0,,,,,,,0.000000,0,0,Axis,0,1
20261008T104449390Z_3a71836f0fb0402ca73bb86152d1bd37,,,1,1,PedalPressed,Visual,2026-10-08T10:47:08.8359947Z,139.432990,132.580643,6502,2,0,OperatingSource,0,0,1,15,Right,1,1,Correct,1,0.624142,1,0,1.000000,TaskSwitchPedal,0,0.500000,0.200000,,0.100000,5.000000,10.000000,1007226408,135.986267,135.345694,135.362126,138.792416,138.808849,0.016432,139.432990,0,1,2,0,OperatingSource,LiftUp,LiftUp.PickupLowering,LiftUp,LiftUp.PickupLowering,1,"{""pedalAxisName"":""TaskSwitchPedal"",""usePlusMinusKeys"":true,""positivePedalKey"":61,""negativePedalKey"":45,""invertPedalAxis"":false,""pressThreshold"":0.5,""releaseThreshold"":0.20000000298023225,""minimumIntervalSeconds"":5.0,""maximumIntervalSeconds"":10.0,""minimumValidReactionSeconds"":0.10000000149011612,""randomSeed"":1007226408}",,0,0.000000,0.624141,CorrectSidePress,1,0,0,1,Correct,1,0.624142,139.432990,0.624141,0.000000,1,0,PlusMinusKeys,0,1
20261008T104449390Z_3a71836f0fb0402ca73bb86152d1bd37,,,1,1,TrialFinished,Visual,2026-10-08T10:47:08.8359947Z,139.432990,132.580643,6502,2,0,OperatingSource,0,0,1,15,Right,1,1,Correct,1,0.624142,1,0,1.000000,TaskSwitchPedal,0,0.500000,0.200000,,0.100000,5.000000,10.000000,1007226408,135.986267,135.345694,135.362126,138.792416,138.808849,0.016432,139.432990,0,0,2,0,OperatingSource,LiftUp,LiftUp.PickupLowering,LiftUp,LiftUp.PickupLowering,1,"{""pedalAxisName"":""TaskSwitchPedal"",""usePlusMinusKeys"":true,""positivePedalKey"":61,""negativePedalKey"":45,""invertPedalAxis"":false,""pressThreshold"":0.5,""releaseThreshold"":0.20000000298023225,""minimumIntervalSeconds"":5.0,""maximumIntervalSeconds"":10.0,""minimumValidReactionSeconds"":0.10000000149011612,""randomSeed"":1007226408}",,0,0.000000,0.624141,CorrectSidePress,1,0,0,1,Correct,1,0.624142,139.432990,0.624141,0.000000,1,0,PlusMinusKeys,0,1
20261008T104449390Z_3a71836f0fb0402ca73bb86152d1bd37,,,1,1,StimulusScheduled,Visual,2026-10-08T10:47:08.8359947Z,139.433338,132.580643,6502,2,0,OperatingSource,0,0,1,16,Right,1,,,,,0,0,1.000000,TaskSwitchPedal,0,0.500000,0.200000,,0.100000,5.000000,10.000000,1007226408,135.986615,145.030841,,148.477563,,,,0,0,,,,,,LiftUp,LiftUp.PickupLowering,1,"{""pedalAxisName"":""TaskSwitchPedal"",""usePlusMinusKeys"":true,""positivePedalKey"":61,""negativePedalKey"":45,""invertPedalAxis"":false,""pressThreshold"":0.5,""releaseThreshold"":0.20000000298023225,""minimumIntervalSeconds"":5.0,""maximumIntervalSeconds"":10.0,""minimumValidReactionSeconds"":0.10000000149011612,""randomSeed"":1007226408}",,0,0.000000,,CorrectSidePress,0,0,0,,,,,,,0.000000,1,0,PlusMinusKeys,0,1
20261008T104449390Z_3a71836f0fb0402ca73bb86152d1bd37,,,1,1,StimulusOnsetObserved,Visual,2026-10-08T10:47:17.8901913Z,148.487437,141.637105,6867,2,0,OperatingSource,0,0,1,16,Right,1,,,,,1,0,0.000000,TaskSwitchPedal,0,0.500000,0.200000,,0.100000,5.000000,10.000000,1007226408,145.040714,145.030841,145.040714,148.477563,148.487437,0.009874,,0,1,2,0,OperatingSource,LiftUp,LiftUp.LoadAcquisition,LiftUp,LiftUp.LoadAcquisition,1,"{""pedalAxisName"":""TaskSwitchPedal"",""usePlusMinusKeys"":true,""positivePedalKey"":61,""negativePedalKey"":45,""invertPedalAxis"":false,""pressThreshold"":0.5,""releaseThreshold"":0.20000000298023225,""minimumIntervalSeconds"":5.0,""maximumIntervalSeconds"":10.0,""minimumValidReactionSeconds"":0.10000000149011612,""randomSeed"":1007226408}",,0,0.000000,,CorrectSidePress,0,0,0,,,,,,,0.000000,0,0,Axis,0,1
20261008T104449390Z_3a71836f0fb0402ca73bb86152d1bd37,,,1,1,PedalPressed,Visual,2026-10-08T10:47:18.8838958Z,149.481005,142.629212,6902,2,0,OperatingSource,0,0,1,16,Right,1,1,Correct,1,0.993568,1,0,1.000000,TaskSwitchPedal,0,0.500000,0.200000,,0.100000,5.000000,10.000000,1007226408,146.034282,145.030841,145.040714,148.477563,148.487437,0.009874,149.481005,0,1,2,0,OperatingSource,LiftUp,LiftUp.LoadAcquisition,LiftUp,LiftUp.LoadedRaising,1,"{""pedalAxisName"":""TaskSwitchPedal"",""usePlusMinusKeys"":true,""positivePedalKey"":61,""negativePedalKey"":45,""invertPedalAxis"":false,""pressThreshold"":0.5,""releaseThreshold"":0.20000000298023225,""minimumIntervalSeconds"":5.0,""maximumIntervalSeconds"":10.0,""minimumValidReactionSeconds"":0.10000000149011612,""randomSeed"":1007226408}",,0,0.000000,0.993568,CorrectSidePress,1,0,0,1,Correct,1,0.993568,149.481005,0.993568,0.000000,1,0,PlusMinusKeys,0,1
20261008T104449390Z_3a71836f0fb0402ca73bb86152d1bd37,,,1,1,TrialFinished,Visual,2026-10-08T10:47:18.8838958Z,149.481005,142.629212,6902,2,0,OperatingSource,0,0,1,16,Right,1,1,Correct,1,0.993568,1,0,1.000000,TaskSwitchPedal,0,0.500000,0.200000,,0.100000,5.000000,10.000000,1007226408,146.034282,145.030841,145.040714,148.477563,148.487437,0.009874,149.481005,0,0,2,0,OperatingSource,LiftUp,LiftUp.LoadAcquisition,LiftUp,LiftUp.LoadedRaising,1,"{""pedalAxisName"":""TaskSwitchPedal"",""usePlusMinusKeys"":true,""positivePedalKey"":61,""negativePedalKey"":45,""invertPedalAxis"":false,""pressThreshold"":0.5,""releaseThreshold"":0.20000000298023225,""minimumIntervalSeconds"":5.0,""maximumIntervalSeconds"":10.0,""minimumValidReactionSeconds"":0.10000000149011612,""randomSeed"":1007226408}",,0,0.000000,0.993568,CorrectSidePress,1,0,0,1,Correct,1,0.993568,149.481005,0.993568,0.000000,1,0,PlusMinusKeys,0,1
20261008T104449390Z_3a71836f0fb0402ca73bb86152d1bd37,,,1,1,StimulusScheduled,Visual,2026-10-08T10:47:18.8838958Z,149.481365,142.629212,6902,2,0,OperatingSource,0,0,1,17,Left,-1,,,,,0,0,1.000000,TaskSwitchPedal,0,0.500000,0.200000,,0.100000,5.000000,10.000000,1007226408,146.034643,153.968664,,157.415387,,,,0,0,,,,,,LiftUp,LiftUp.LoadedRaising,1,"{""pedalAxisName"":""TaskSwitchPedal"",""usePlusMinusKeys"":true,""positivePedalKey"":61,""negativePedalKey"":45,""invertPedalAxis"":false,""pressThreshold"":0.5,""releaseThreshold"":0.20000000298023225,""minimumIntervalSeconds"":5.0,""maximumIntervalSeconds"":10.0,""minimumValidReactionSeconds"":0.10000000149011612,""randomSeed"":1007226408}",,0,0.000000,,CorrectSidePress,0,0,0,,,,,,,0.000000,1,0,PlusMinusKeys,0,1
20261008T104449390Z_3a71836f0fb0402ca73bb86152d1bd37,,,1,1,StimulusOnsetObserved,Visual,2026-10-08T10:47:26.8361882Z,157.433956,150.583483,7224,2,0,OperatingSource,0,0,1,17,Left,-1,,,,,1,0,0.000000,TaskSwitchPedal,0,0.500000,0.200000,,0.100000,5.000000,10.000000,1007226408,153.987233,153.968664,153.987233,157.415387,157.433956,0.018569,,1,0,2,0,OperatingSource,LiftUp,LiftUp.LoadedRaising,LiftUp,LiftUp.LoadedRaising,1,"{""pedalAxisName"":""TaskSwitchPedal"",""usePlusMinusKeys"":true,""positivePedalKey"":61,""negativePedalKey"":45,""invertPedalAxis"":false,""pressThreshold"":0.5,""releaseThreshold"":0.20000000298023225,""minimumIntervalSeconds"":5.0,""maximumIntervalSeconds"":10.0,""minimumValidReactionSeconds"":0.10000000149011612,""randomSeed"":1007226408}",,0,0.000000,,CorrectSidePress,0,0,0,,,,,,,0.000000,0,0,Axis,0,1
20261008T104449390Z_3a71836f0fb0402ca73bb86152d1bd37,,,1,1,PedalPressed,Visual,2026-10-08T10:47:27.3172223Z,157.914777,151.064870,7244,2,0,OperatingSource,0,0,1,17,Left,-1,-1,Correct,1,0.480821,1,0,-1.000000,TaskSwitchPedal,0,0.500000,0.200000,,0.100000,5.000000,10.000000,1007226408,154.468053,153.968664,153.987233,157.415387,157.433956,0.018569,157.914777,1,0,2,0,OperatingSource,LiftUp,LiftUp.LoadedRaising,Move2,Move2.DestinationCoarseMove,1,"{""pedalAxisName"":""TaskSwitchPedal"",""usePlusMinusKeys"":true,""positivePedalKey"":61,""negativePedalKey"":45,""invertPedalAxis"":false,""pressThreshold"":0.5,""releaseThreshold"":0.20000000298023225,""minimumIntervalSeconds"":5.0,""maximumIntervalSeconds"":10.0,""minimumValidReactionSeconds"":0.10000000149011612,""randomSeed"":1007226408}",,0,0.000000,0.480821,CorrectSidePress,1,0,0,-1,Correct,1,0.480821,157.914777,0.480821,0.000000,0,1,PlusMinusKeys,0,1
20261008T104449390Z_3a71836f0fb0402ca73bb86152d1bd37,,,1,1,TrialFinished,Visual,2026-10-08T10:47:27.3172223Z,157.914777,151.064870,7244,2,0,OperatingSource,0,0,1,17,Left,-1,-1,Correct,1,0.480821,1,0,-1.000000,TaskSwitchPedal,0,0.500000,0.200000,,0.100000,5.000000,10.000000,1007226408,154.468053,153.968664,153.987233,157.415387,157.433956,0.018569,157.914777,0,0,2,0,OperatingSource,LiftUp,LiftUp.LoadedRaising,Move2,Move2.DestinationCoarseMove,1,"{""pedalAxisName"":""TaskSwitchPedal"",""usePlusMinusKeys"":true,""positivePedalKey"":61,""negativePedalKey"":45,""invertPedalAxis"":false,""pressThreshold"":0.5,""releaseThreshold"":0.20000000298023225,""minimumIntervalSeconds"":5.0,""maximumIntervalSeconds"":10.0,""minimumValidReactionSeconds"":0.10000000149011612,""randomSeed"":1007226408}",,0,0.000000,0.480821,CorrectSidePress,1,0,0,-1,Correct,1,0.480821,157.914777,0.480821,0.000000,0,1,PlusMinusKeys,0,1
20261008T104449390Z_3a71836f0fb0402ca73bb86152d1bd37,,,1,1,StimulusScheduled,Visual,2026-10-08T10:47:27.3182671Z,157.915223,151.064870,7244,2,0,OperatingSource,0,0,1,18,Right,1,,,,,0,0,-1.000000,TaskSwitchPedal,0,0.500000,0.200000,,0.100000,5.000000,10.000000,1007226408,154.468500,161.529379,,164.976102,,,,0,0,,,,,,Move2,Move2.DestinationCoarseMove,1,"{""pedalAxisName"":""TaskSwitchPedal"",""usePlusMinusKeys"":true,""positivePedalKey"":61,""negativePedalKey"":45,""invertPedalAxis"":false,""pressThreshold"":0.5,""releaseThreshold"":0.20000000298023225,""minimumIntervalSeconds"":5.0,""maximumIntervalSeconds"":10.0,""minimumValidReactionSeconds"":0.10000000149011612,""randomSeed"":1007226408}",,0,0.000000,,CorrectSidePress,0,0,0,,,,,,,0.000000,0,1,PlusMinusKeys,0,1
20261008T104449390Z_3a71836f0fb0402ca73bb86152d1bd37,,,1,1,StimulusOnsetObserved,Visual,2026-10-08T10:47:34.4170900Z,165.013966,158.162229,7516,3,0,WaitingForPhaseBoundary,0,0,1,18,Right,1,,,,,1,0,0.000000,TaskSwitchPedal,0,0.500000,0.200000,,0.100000,5.000000,10.000000,1007226408,161.567243,161.529379,161.567243,164.976102,165.013966,0.037864,,0,1,3,0,WaitingForPhaseBoundary,Move2,Move2.DestinationCoarseMove,Move2,Move2.DestinationCoarseMove,1,"{""pedalAxisName"":""TaskSwitchPedal"",""usePlusMinusKeys"":true,""positivePedalKey"":61,""negativePedalKey"":45,""invertPedalAxis"":false,""pressThreshold"":0.5,""releaseThreshold"":0.20000000298023225,""minimumIntervalSeconds"":5.0,""maximumIntervalSeconds"":10.0,""minimumValidReactionSeconds"":0.10000000149011612,""randomSeed"":1007226408}",,0,0.000000,,CorrectSidePress,0,0,0,,,,,,,0.000000,0,0,Axis,0,1
20261008T104449390Z_3a71836f0fb0402ca73bb86152d1bd37,,,1,1,PedalPressed,Visual,2026-10-08T10:47:35.0980008Z,165.695030,158.844729,7542,3,0,WaitingForPhaseBoundary,0,0,1,18,Right,1,1,Correct,1,0.681064,1,0,1.000000,TaskSwitchPedal,0,0.500000,0.200000,,0.100000,5.000000,10.000000,1007226408,162.248307,161.529379,161.567243,164.976102,165.013966,0.037864,165.695030,0,1,3,0,WaitingForPhaseBoundary,Move2,Move2.DestinationCoarseMove,Move2,Move2.DestinationCoarseMove,1,"{""pedalAxisName"":""TaskSwitchPedal"",""usePlusMinusKeys"":true,""positivePedalKey"":61,""negativePedalKey"":45,""invertPedalAxis"":false,""pressThreshold"":0.5,""releaseThreshold"":0.20000000298023225,""minimumIntervalSeconds"":5.0,""maximumIntervalSeconds"":10.0,""minimumValidReactionSeconds"":0.10000000149011612,""randomSeed"":1007226408}",,0,0.000000,0.681064,CorrectSidePress,1,0,0,1,Correct,1,0.681064,165.695030,0.681064,0.000000,1,0,PlusMinusKeys,0,1
20261008T104449390Z_3a71836f0fb0402ca73bb86152d1bd37,,,1,1,TrialFinished,Visual,2026-10-08T10:47:35.0980008Z,165.695030,158.844729,7542,3,0,WaitingForPhaseBoundary,0,0,1,18,Right,1,1,Correct,1,0.681064,1,0,1.000000,TaskSwitchPedal,0,0.500000,0.200000,,0.100000,5.000000,10.000000,1007226408,162.248307,161.529379,161.567243,164.976102,165.013966,0.037864,165.695030,0,0,3,0,WaitingForPhaseBoundary,Move2,Move2.DestinationCoarseMove,Move2,Move2.DestinationCoarseMove,1,"{""pedalAxisName"":""TaskSwitchPedal"",""usePlusMinusKeys"":true,""positivePedalKey"":61,""negativePedalKey"":45,""invertPedalAxis"":false,""pressThreshold"":0.5,""releaseThreshold"":0.20000000298023225,""minimumIntervalSeconds"":5.0,""maximumIntervalSeconds"":10.0,""minimumValidReactionSeconds"":0.10000000149011612,""randomSeed"":1007226408}",,0,0.000000,0.681064,CorrectSidePress,1,0,0,1,Correct,1,0.681064,165.695030,0.681064,0.000000,1,0,PlusMinusKeys,0,1
20261008T104449390Z_3a71836f0fb0402ca73bb86152d1bd37,,,1,1,StimulusScheduled,Visual,2026-10-08T10:47:35.0980008Z,165.695508,158.844729,7542,3,0,WaitingForPhaseBoundary,0,0,1,19,Right,1,,,,,0,0,1.000000,TaskSwitchPedal,0,0.500000,0.200000,,0.100000,5.000000,10.000000,1007226408,162.248786,168.506185,,171.952908,,,,0,0,,,,,,Move2,Move2.DestinationCoarseMove,1,"{""pedalAxisName"":""TaskSwitchPedal"",""usePlusMinusKeys"":true,""positivePedalKey"":61,""negativePedalKey"":45,""invertPedalAxis"":false,""pressThreshold"":0.5,""releaseThreshold"":0.20000000298023225,""minimumIntervalSeconds"":5.0,""maximumIntervalSeconds"":10.0,""minimumValidReactionSeconds"":0.10000000149011612,""randomSeed"":1007226408}",,0,0.000000,,CorrectSidePress,0,0,0,,,,,,,0.000000,1,0,PlusMinusKeys,0,1
20261008T104449390Z_3a71836f0fb0402ca73bb86152d1bd37,,,1,1,StimulusOnsetObserved,Visual,2026-10-08T10:47:41.3593671Z,171.957291,165.106619,7794,3,0,WaitingForPhaseBoundary,0,0,1,19,Right,1,,,,,1,0,0.000000,TaskSwitchPedal,0,0.500000,0.200000,,0.100000,5.000000,10.000000,1007226408,168.510567,168.506185,168.510567,171.952908,171.957291,0.004383,,0,1,3,0,WaitingForPhaseBoundary,Move2,Move2.DestinationFineAlign,Move2,Move2.DestinationFineAlign,1,"{""pedalAxisName"":""TaskSwitchPedal"",""usePlusMinusKeys"":true,""positivePedalKey"":61,""negativePedalKey"":45,""invertPedalAxis"":false,""pressThreshold"":0.5,""releaseThreshold"":0.20000000298023225,""minimumIntervalSeconds"":5.0,""maximumIntervalSeconds"":10.0,""minimumValidReactionSeconds"":0.10000000149011612,""randomSeed"":1007226408}",,0,0.000000,,CorrectSidePress,0,0,0,,,,,,,0.000000,0,0,Axis,0,1
20261008T104449390Z_3a71836f0fb0402ca73bb86152d1bd37,,,1,1,PedalPressed,Visual,2026-10-08T10:47:42.6251579Z,173.222151,166.372403,7845,3,1,WaitingForConfirmation,1,0,1,19,Right,1,1,Correct,1,1.264861,1,0,1.000000,TaskSwitchPedal,0,0.500000,0.200000,,0.100000,5.000000,10.000000,1007226408,169.775428,168.506185,168.510567,171.952908,171.957291,0.004383,173.222151,0,1,3,0,WaitingForPhaseBoundary,Move2,Move2.DestinationFineAlign,Place,,1,"{""pedalAxisName"":""TaskSwitchPedal"",""usePlusMinusKeys"":true,""positivePedalKey"":61,""negativePedalKey"":45,""invertPedalAxis"":false,""pressThreshold"":0.5,""releaseThreshold"":0.20000000298023225,""minimumIntervalSeconds"":5.0,""maximumIntervalSeconds"":10.0,""minimumValidReactionSeconds"":0.10000000149011612,""randomSeed"":1007226408}",,0,0.000000,1.264860,CorrectSidePress,1,0,0,1,Correct,1,1.264861,173.222151,1.264860,0.000000,1,0,PlusMinusKeys,0,1
20261008T104449390Z_3a71836f0fb0402ca73bb86152d1bd37,,,1,1,TrialFinished,Visual,2026-10-08T10:47:42.6251579Z,173.222151,166.372403,7845,3,1,WaitingForConfirmation,1,0,1,19,Right,1,1,Correct,1,1.264861,1,0,1.000000,TaskSwitchPedal,0,0.500000,0.200000,,0.100000,5.000000,10.000000,1007226408,169.775428,168.506185,168.510567,171.952908,171.957291,0.004383,173.222151,0,0,3,0,WaitingForPhaseBoundary,Move2,Move2.DestinationFineAlign,Place,,1,"{""pedalAxisName"":""TaskSwitchPedal"",""usePlusMinusKeys"":true,""positivePedalKey"":61,""negativePedalKey"":45,""invertPedalAxis"":false,""pressThreshold"":0.5,""releaseThreshold"":0.20000000298023225,""minimumIntervalSeconds"":5.0,""maximumIntervalSeconds"":10.0,""minimumValidReactionSeconds"":0.10000000149011612,""randomSeed"":1007226408}",,0,0.000000,1.264860,CorrectSidePress,1,0,0,1,Correct,1,1.264861,173.222151,1.264860,0.000000,1,0,PlusMinusKeys,0,1
20261008T104449390Z_3a71836f0fb0402ca73bb86152d1bd37,,,1,1,StimulusScheduled,Visual,2026-10-08T10:47:42.6251579Z,173.222549,166.372403,7845,3,1,WaitingForConfirmation,1,0,1,20,Left,-1,,,,,0,0,1.000000,TaskSwitchPedal,0,0.500000,0.200000,,0.100000,5.000000,10.000000,1007226408,169.775826,177.094737,,180.541460,,,,0,0,,,,,,Place,,1,"{""pedalAxisName"":""TaskSwitchPedal"",""usePlusMinusKeys"":true,""positivePedalKey"":61,""negativePedalKey"":45,""invertPedalAxis"":false,""pressThreshold"":0.5,""releaseThreshold"":0.20000000298023225,""minimumIntervalSeconds"":5.0,""maximumIntervalSeconds"":10.0,""minimumValidReactionSeconds"":0.10000000149011612,""randomSeed"":1007226408}",,0,0.000000,,CorrectSidePress,0,0,0,,,,,,,0.000000,1,0,PlusMinusKeys,0,1
20261008T104449390Z_3a71836f0fb0402ca73bb86152d1bd37,,,1,1,StimulusOnsetObserved,Visual,2026-10-08T10:47:49.9560788Z,180.552967,173.703075,8175,3,1,OperatingTarget,0,0,1,20,Left,-1,,,,,1,0,0.000000,TaskSwitchPedal,0,0.500000,0.200000,,0.100000,5.000000,10.000000,1007226408,177.106244,177.094737,177.106244,180.541460,180.552967,0.011507,,1,0,3,1,OperatingTarget,Move1,Move1.PickupFineAlign,Move1,Move1.PickupFineAlign,1,"{""pedalAxisName"":""TaskSwitchPedal"",""usePlusMinusKeys"":true,""positivePedalKey"":61,""negativePedalKey"":45,""invertPedalAxis"":false,""pressThreshold"":0.5,""releaseThreshold"":0.20000000298023225,""minimumIntervalSeconds"":5.0,""maximumIntervalSeconds"":10.0,""minimumValidReactionSeconds"":0.10000000149011612,""randomSeed"":1007226408}",,0,0.000000,,CorrectSidePress,0,0,0,,,,,,,0.000000,0,0,Axis,0,1
20261008T104449390Z_3a71836f0fb0402ca73bb86152d1bd37,,,1,1,PedalPressed,Visual,2026-10-08T10:47:51.1568206Z,181.755107,174.904673,8226,3,1,OperatingTarget,0,0,1,20,Left,-1,-1,Correct,1,1.202140,1,0,-1.000000,TaskSwitchPedal,0,0.500000,0.200000,,0.100000,5.000000,10.000000,1007226408,178.308384,177.094737,177.106244,180.541460,180.552967,0.011507,181.755107,1,0,3,1,OperatingTarget,Move1,Move1.PickupFineAlign,Move1,Move1.PickupFineAlign,1,"{""pedalAxisName"":""TaskSwitchPedal"",""usePlusMinusKeys"":true,""positivePedalKey"":61,""negativePedalKey"":45,""invertPedalAxis"":false,""pressThreshold"":0.5,""releaseThreshold"":0.20000000298023225,""minimumIntervalSeconds"":5.0,""maximumIntervalSeconds"":10.0,""minimumValidReactionSeconds"":0.10000000149011612,""randomSeed"":1007226408}",,0,0.000000,1.202140,CorrectSidePress,1,0,0,-1,Correct,1,1.202140,181.755107,1.202140,0.000000,0,1,PlusMinusKeys,0,1
20261008T104449390Z_3a71836f0fb0402ca73bb86152d1bd37,,,1,1,TrialFinished,Visual,2026-10-08T10:47:51.1583435Z,181.755107,174.904673,8226,3,1,OperatingTarget,0,0,1,20,Left,-1,-1,Correct,1,1.202140,1,0,-1.000000,TaskSwitchPedal,0,0.500000,0.200000,,0.100000,5.000000,10.000000,1007226408,178.308384,177.094737,177.106244,180.541460,180.552967,0.011507,181.755107,0,0,3,1,OperatingTarget,Move1,Move1.PickupFineAlign,Move1,Move1.PickupFineAlign,1,"{""pedalAxisName"":""TaskSwitchPedal"",""usePlusMinusKeys"":true,""positivePedalKey"":61,""negativePedalKey"":45,""invertPedalAxis"":false,""pressThreshold"":0.5,""releaseThreshold"":0.20000000298023225,""minimumIntervalSeconds"":5.0,""maximumIntervalSeconds"":10.0,""minimumValidReactionSeconds"":0.10000000149011612,""randomSeed"":1007226408}",,0,0.000000,1.202140,CorrectSidePress,1,0,0,-1,Correct,1,1.202140,181.755107,1.202140,0.000000,0,1,PlusMinusKeys,0,1
20261008T104449390Z_3a71836f0fb0402ca73bb86152d1bd37,,,1,1,StimulusScheduled,Visual,2026-10-08T10:47:51.1583435Z,181.755426,174.904673,8226,3,1,OperatingTarget,0,0,1,21,Right,1,,,,,0,0,-1.000000,TaskSwitchPedal,0,0.500000,0.200000,,0.100000,5.000000,10.000000,1007226408,178.308704,184.344948,,187.791671,,,,0,0,,,,,,Move1,Move1.PickupFineAlign,1,"{""pedalAxisName"":""TaskSwitchPedal"",""usePlusMinusKeys"":true,""positivePedalKey"":61,""negativePedalKey"":45,""invertPedalAxis"":false,""pressThreshold"":0.5,""releaseThreshold"":0.20000000298023225,""minimumIntervalSeconds"":5.0,""maximumIntervalSeconds"":10.0,""minimumValidReactionSeconds"":0.10000000149011612,""randomSeed"":1007226408}",,0,0.000000,,CorrectSidePress,0,0,0,,,,,,,0.000000,0,1,PlusMinusKeys,0,1
20261008T104449390Z_3a71836f0fb0402ca73bb86152d1bd37,,,1,1,StimulusOnsetObserved,Visual,2026-10-08T10:47:57.2124872Z,187.809937,180.957902,8480,3,1,OperatingTarget,0,0,1,21,Right,1,,,,,1,0,0.000000,TaskSwitchPedal,0,0.500000,0.200000,,0.100000,5.000000,10.000000,1007226408,184.363214,184.344948,184.363214,187.791671,187.809937,0.018266,,0,1,3,1,OperatingTarget,LiftUp,LiftUp.PickupLowering,LiftUp,LiftUp.PickupLowering,1,"{""pedalAxisName"":""TaskSwitchPedal"",""usePlusMinusKeys"":true,""positivePedalKey"":61,""negativePedalKey"":45,""invertPedalAxis"":false,""pressThreshold"":0.5,""releaseThreshold"":0.20000000298023225,""minimumIntervalSeconds"":5.0,""maximumIntervalSeconds"":10.0,""minimumValidReactionSeconds"":0.10000000149011612,""randomSeed"":1007226408}",,0,0.000000,,CorrectSidePress,0,0,0,,,,,,,0.000000,0,0,Axis,0,1
20261008T104449390Z_3a71836f0fb0402ca73bb86152d1bd37,,,1,1,PedalPressed,Visual,2026-10-08T10:47:57.9583101Z,188.556081,181.704865,8508,3,1,OperatingTarget,0,0,1,21,Right,1,1,Correct,1,0.746144,1,0,1.000000,TaskSwitchPedal,0,0.500000,0.200000,,0.100000,5.000000,10.000000,1007226408,185.109358,184.344948,184.363214,187.791671,187.809937,0.018266,188.556081,0,1,3,1,OperatingTarget,LiftUp,LiftUp.PickupLowering,LiftUp,LiftUp.LoadAcquisition,1,"{""pedalAxisName"":""TaskSwitchPedal"",""usePlusMinusKeys"":true,""positivePedalKey"":61,""negativePedalKey"":45,""invertPedalAxis"":false,""pressThreshold"":0.5,""releaseThreshold"":0.20000000298023225,""minimumIntervalSeconds"":5.0,""maximumIntervalSeconds"":10.0,""minimumValidReactionSeconds"":0.10000000149011612,""randomSeed"":1007226408}",,0,0.000000,0.746144,CorrectSidePress,1,0,0,1,Correct,1,0.746144,188.556081,0.746144,0.000000,1,0,PlusMinusKeys,0,1
20261008T104449390Z_3a71836f0fb0402ca73bb86152d1bd37,,,1,1,TrialFinished,Visual,2026-10-08T10:47:57.9583101Z,188.556081,181.704865,8508,3,1,OperatingTarget,0,0,1,21,Right,1,1,Correct,1,0.746144,1,0,1.000000,TaskSwitchPedal,0,0.500000,0.200000,,0.100000,5.000000,10.000000,1007226408,185.109358,184.344948,184.363214,187.791671,187.809937,0.018266,188.556081,0,0,3,1,OperatingTarget,LiftUp,LiftUp.PickupLowering,LiftUp,LiftUp.LoadAcquisition,1,"{""pedalAxisName"":""TaskSwitchPedal"",""usePlusMinusKeys"":true,""positivePedalKey"":61,""negativePedalKey"":45,""invertPedalAxis"":false,""pressThreshold"":0.5,""releaseThreshold"":0.20000000298023225,""minimumIntervalSeconds"":5.0,""maximumIntervalSeconds"":10.0,""minimumValidReactionSeconds"":0.10000000149011612,""randomSeed"":1007226408}",,0,0.000000,0.746144,CorrectSidePress,1,0,0,1,Correct,1,0.746144,188.556081,0.746144,0.000000,1,0,PlusMinusKeys,0,1
20261008T104449390Z_3a71836f0fb0402ca73bb86152d1bd37,,,1,1,StimulusScheduled,Visual,2026-10-08T10:47:57.9593111Z,188.556359,181.704865,8508,3,1,OperatingTarget,0,0,1,22,Left,-1,,,,,0,0,1.000000,TaskSwitchPedal,0,0.500000,0.200000,,0.100000,5.000000,10.000000,1007226408,185.109636,191.271696,,194.718419,,,,0,0,,,,,,LiftUp,LiftUp.LoadAcquisition,1,"{""pedalAxisName"":""TaskSwitchPedal"",""usePlusMinusKeys"":true,""positivePedalKey"":61,""negativePedalKey"":45,""invertPedalAxis"":false,""pressThreshold"":0.5,""releaseThreshold"":0.20000000298023225,""minimumIntervalSeconds"":5.0,""maximumIntervalSeconds"":10.0,""minimumValidReactionSeconds"":0.10000000149011612,""randomSeed"":1007226408}",,0,0.000000,,CorrectSidePress,0,0,0,,,,,,,0.000000,1,0,PlusMinusKeys,0,1
20261008T104449390Z_3a71836f0fb0402ca73bb86152d1bd37,,,1,1,StimulusOnsetObserved,Visual,2026-10-08T10:48:04.1298058Z,194.726984,187.876331,8747,3,1,OperatingTarget,0,0,1,22,Left,-1,,,,,1,0,0.000000,TaskSwitchPedal,0,0.500000,0.200000,,0.100000,5.000000,10.000000,1007226408,191.280261,191.271696,191.280261,194.718419,194.726984,0.008565,,1,0,3,1,OperatingTarget,LiftUp,LiftUp.LoadedRaising,LiftUp,LiftUp.LoadedRaising,1,"{""pedalAxisName"":""TaskSwitchPedal"",""usePlusMinusKeys"":true,""positivePedalKey"":61,""negativePedalKey"":45,""invertPedalAxis"":false,""pressThreshold"":0.5,""releaseThreshold"":0.20000000298023225,""minimumIntervalSeconds"":5.0,""maximumIntervalSeconds"":10.0,""minimumValidReactionSeconds"":0.10000000149011612,""randomSeed"":1007226408}",,0,0.000000,,CorrectSidePress,0,0,0,,,,,,,0.000000,0,0,Axis,0,1
20261008T104449390Z_3a71836f0fb0402ca73bb86152d1bd37,,,1,1,PedalPressed,Visual,2026-10-08T10:48:04.5823949Z,195.180008,188.329985,8762,3,0,WaitingForSourceConfirmation,1,0,1,22,Left,-1,-1,Correct,1,0.453024,1,0,-1.000000,TaskSwitchPedal,0,0.500000,0.200000,,0.100000,5.000000,10.000000,1007226408,191.733284,191.271696,191.280261,194.718419,194.726984,0.008565,195.180008,1,0,3,1,OperatingTarget,LiftUp,LiftUp.LoadedRaising,Move2,,1,"{""pedalAxisName"":""TaskSwitchPedal"",""usePlusMinusKeys"":true,""positivePedalKey"":61,""negativePedalKey"":45,""invertPedalAxis"":false,""pressThreshold"":0.5,""releaseThreshold"":0.20000000298023225,""minimumIntervalSeconds"":5.0,""maximumIntervalSeconds"":10.0,""minimumValidReactionSeconds"":0.10000000149011612,""randomSeed"":1007226408}",,0,0.000000,0.453023,CorrectSidePress,1,0,0,-1,Correct,1,0.453024,195.180008,0.453023,0.000000,0,1,PlusMinusKeys,0,1
20261008T104449390Z_3a71836f0fb0402ca73bb86152d1bd37,,,1,1,TrialFinished,Visual,2026-10-08T10:48:04.5823949Z,195.180008,188.329985,8762,3,0,WaitingForSourceConfirmation,1,0,1,22,Left,-1,-1,Correct,1,0.453024,1,0,-1.000000,TaskSwitchPedal,0,0.500000,0.200000,,0.100000,5.000000,10.000000,1007226408,191.733284,191.271696,191.280261,194.718419,194.726984,0.008565,195.180008,0,0,3,1,OperatingTarget,LiftUp,LiftUp.LoadedRaising,Move2,,1,"{""pedalAxisName"":""TaskSwitchPedal"",""usePlusMinusKeys"":true,""positivePedalKey"":61,""negativePedalKey"":45,""invertPedalAxis"":false,""pressThreshold"":0.5,""releaseThreshold"":0.20000000298023225,""minimumIntervalSeconds"":5.0,""maximumIntervalSeconds"":10.0,""minimumValidReactionSeconds"":0.10000000149011612,""randomSeed"":1007226408}",,0,0.000000,0.453023,CorrectSidePress,1,0,0,-1,Correct,1,0.453024,195.180008,0.453023,0.000000,0,1,PlusMinusKeys,0,1
20261008T104449390Z_3a71836f0fb0402ca73bb86152d1bd37,,,1,1,StimulusScheduled,Visual,2026-10-08T10:48:04.5833934Z,195.180395,188.329985,8762,3,0,WaitingForSourceConfirmation,1,0,1,23,Right,1,,,,,0,0,-1.000000,TaskSwitchPedal,0,0.500000,0.200000,,0.100000,5.000000,10.000000,1007226408,191.733672,200.687036,,204.133759,,,,0,0,,,,,,Move2,,1,"{""pedalAxisName"":""TaskSwitchPedal"",""usePlusMinusKeys"":true,""positivePedalKey"":61,""negativePedalKey"":45,""invertPedalAxis"":false,""pressThreshold"":0.5,""releaseThreshold"":0.20000000298023225,""minimumIntervalSeconds"":5.0,""maximumIntervalSeconds"":10.0,""minimumValidReactionSeconds"":0.10000000149011612,""randomSeed"":1007226408}",,0,0.000000,,CorrectSidePress,0,0,0,,,,,,,0.000000,0,1,PlusMinusKeys,0,1
20261008T104449390Z_3a71836f0fb0402ca73bb86152d1bd37,,,1,1,StimulusOnsetObserved,Visual,2026-10-08T10:48:13.5484932Z,204.146236,197.294777,9095,3,0,OperatingSource,0,0,1,23,Right,1,,,,,1,0,0.000000,TaskSwitchPedal,0,0.500000,0.200000,,0.100000,5.000000,10.000000,1007226408,200.699513,200.687036,200.699513,204.133759,204.146236,0.012477,,0,1,3,0,OperatingSource,Place,Place.LoadRelease,Place,Place.LoadRelease,1,"{""pedalAxisName"":""TaskSwitchPedal"",""usePlusMinusKeys"":true,""positivePedalKey"":61,""negativePedalKey"":45,""invertPedalAxis"":false,""pressThreshold"":0.5,""releaseThreshold"":0.20000000298023225,""minimumIntervalSeconds"":5.0,""maximumIntervalSeconds"":10.0,""minimumValidReactionSeconds"":0.10000000149011612,""randomSeed"":1007226408}",,0,0.000000,,CorrectSidePress,0,0,0,,,,,,,0.000000,0,0,Axis,0,1
20261008T104449390Z_3a71836f0fb0402ca73bb86152d1bd37,,,1,1,PedalPressed,Visual,2026-10-08T10:48:14.1008994Z,204.698794,197.847638,9116,3,0,OperatingSource,0,0,1,23,Right,1,1,Correct,1,0.552558,1,0,1.000000,TaskSwitchPedal,0,0.500000,0.200000,,0.100000,5.000000,10.000000,1007226408,201.252071,200.687036,200.699513,204.133759,204.146236,0.012477,204.698794,0,1,3,0,OperatingSource,Place,Place.LoadRelease,Place,Place.PostPlacementRaising,1,"{""pedalAxisName"":""TaskSwitchPedal"",""usePlusMinusKeys"":true,""positivePedalKey"":61,""negativePedalKey"":45,""invertPedalAxis"":false,""pressThreshold"":0.5,""releaseThreshold"":0.20000000298023225,""minimumIntervalSeconds"":5.0,""maximumIntervalSeconds"":10.0,""minimumValidReactionSeconds"":0.10000000149011612,""randomSeed"":1007226408}",,0,0.000000,0.552558,CorrectSidePress,1,0,0,1,Correct,1,0.552558,204.698794,0.552558,0.000000,1,0,PlusMinusKeys,0,1
20261008T104449390Z_3a71836f0fb0402ca73bb86152d1bd37,,,1,1,TrialFinished,Visual,2026-10-08T10:48:14.1008994Z,204.698794,197.847638,9116,3,0,OperatingSource,0,0,1,23,Right,1,1,Correct,1,0.552558,1,0,1.000000,TaskSwitchPedal,0,0.500000,0.200000,,0.100000,5.000000,10.000000,1007226408,201.252071,200.687036,200.699513,204.133759,204.146236,0.012477,204.698794,0,0,3,0,OperatingSource,Place,Place.LoadRelease,Place,Place.PostPlacementRaising,1,"{""pedalAxisName"":""TaskSwitchPedal"",""usePlusMinusKeys"":true,""positivePedalKey"":61,""negativePedalKey"":45,""invertPedalAxis"":false,""pressThreshold"":0.5,""releaseThreshold"":0.20000000298023225,""minimumIntervalSeconds"":5.0,""maximumIntervalSeconds"":10.0,""minimumValidReactionSeconds"":0.10000000149011612,""randomSeed"":1007226408}",,0,0.000000,0.552558,CorrectSidePress,1,0,0,1,Correct,1,0.552558,204.698794,0.552558,0.000000,1,0,PlusMinusKeys,0,1
20261008T104449390Z_3a71836f0fb0402ca73bb86152d1bd37,,,1,1,StimulusScheduled,Visual,2026-10-08T10:48:14.1020167Z,204.699145,197.847638,9116,3,0,OperatingSource,0,0,1,24,Left,-1,,,,,0,0,1.000000,TaskSwitchPedal,0,0.500000,0.200000,,0.100000,5.000000,10.000000,1007226408,201.252422,210.837924,,214.284647,,,,0,0,,,,,,Place,Place.PostPlacementRaising,1,"{""pedalAxisName"":""TaskSwitchPedal"",""usePlusMinusKeys"":true,""positivePedalKey"":61,""negativePedalKey"":45,""invertPedalAxis"":false,""pressThreshold"":0.5,""releaseThreshold"":0.20000000298023225,""minimumIntervalSeconds"":5.0,""maximumIntervalSeconds"":10.0,""minimumValidReactionSeconds"":0.10000000149011612,""randomSeed"":1007226408}",,0,0.000000,,CorrectSidePress,0,0,0,,,,,,,0.000000,1,0,PlusMinusKeys,0,1
20261008T104449390Z_3a71836f0fb0402ca73bb86152d1bd37,,,1,1,StimulusOnsetObserved,Visual,2026-10-08T10:48:23.6975630Z,214.294835,207.443949,9540,4,0,WaitingForPhaseBoundary,0,0,1,24,Left,-1,,,,,1,0,0.000000,TaskSwitchPedal,0,0.500000,0.200000,,0.100000,5.000000,10.000000,1007226408,210.848112,210.837924,210.848112,214.284647,214.294835,0.010188,,1,0,4,0,WaitingForPhaseBoundary,Move1,Move1.PickupCoarseMove,Move1,Move1.PickupCoarseMove,1,"{""pedalAxisName"":""TaskSwitchPedal"",""usePlusMinusKeys"":true,""positivePedalKey"":61,""negativePedalKey"":45,""invertPedalAxis"":false,""pressThreshold"":0.5,""releaseThreshold"":0.20000000298023225,""minimumIntervalSeconds"":5.0,""maximumIntervalSeconds"":10.0,""minimumValidReactionSeconds"":0.10000000149011612,""randomSeed"":1007226408}",,0,0.000000,,CorrectSidePress,0,0,0,,,,,,,0.000000,0,0,Axis,0,1
20261008T104449390Z_3a71836f0fb0402ca73bb86152d1bd37,,,1,1,PedalPressed,Visual,2026-10-08T10:48:24.9970199Z,215.594677,208.744467,9595,4,0,WaitingForPhaseBoundary,0,0,1,24,Left,-1,-1,Correct,1,1.299841,1,0,-1.000000,TaskSwitchPedal,0,0.500000,0.200000,,0.100000,5.000000,10.000000,1007226408,212.147953,210.837924,210.848112,214.284647,214.294835,0.010188,215.594677,1,0,4,0,WaitingForPhaseBoundary,Move1,Move1.PickupCoarseMove,Move1,Move1.PickupCoarseMove,1,"{""pedalAxisName"":""TaskSwitchPedal"",""usePlusMinusKeys"":true,""positivePedalKey"":61,""negativePedalKey"":45,""invertPedalAxis"":false,""pressThreshold"":0.5,""releaseThreshold"":0.20000000298023225,""minimumIntervalSeconds"":5.0,""maximumIntervalSeconds"":10.0,""minimumValidReactionSeconds"":0.10000000149011612,""randomSeed"":1007226408}",,0,0.000000,1.299841,CorrectSidePress,1,0,0,-1,Correct,1,1.299841,215.594677,1.299841,0.000000,0,1,PlusMinusKeys,0,1
20261008T104449390Z_3a71836f0fb0402ca73bb86152d1bd37,,,1,1,TrialFinished,Visual,2026-10-08T10:48:24.9970199Z,215.594677,208.744467,9595,4,0,WaitingForPhaseBoundary,0,0,1,24,Left,-1,-1,Correct,1,1.299841,1,0,-1.000000,TaskSwitchPedal,0,0.500000,0.200000,,0.100000,5.000000,10.000000,1007226408,212.147953,210.837924,210.848112,214.284647,214.294835,0.010188,215.594677,0,0,4,0,WaitingForPhaseBoundary,Move1,Move1.PickupCoarseMove,Move1,Move1.PickupCoarseMove,1,"{""pedalAxisName"":""TaskSwitchPedal"",""usePlusMinusKeys"":true,""positivePedalKey"":61,""negativePedalKey"":45,""invertPedalAxis"":false,""pressThreshold"":0.5,""releaseThreshold"":0.20000000298023225,""minimumIntervalSeconds"":5.0,""maximumIntervalSeconds"":10.0,""minimumValidReactionSeconds"":0.10000000149011612,""randomSeed"":1007226408}",,0,0.000000,1.299841,CorrectSidePress,1,0,0,-1,Correct,1,1.299841,215.594677,1.299841,0.000000,0,1,PlusMinusKeys,0,1
20261008T104449390Z_3a71836f0fb0402ca73bb86152d1bd37,,,1,1,StimulusScheduled,Visual,2026-10-08T10:48:24.9970199Z,215.594996,208.744467,9595,4,0,WaitingForPhaseBoundary,0,0,1,25,Left,-1,,,,,0,0,-1.000000,TaskSwitchPedal,0,0.500000,0.200000,,0.100000,5.000000,10.000000,1007226408,212.148273,222.074413,,225.521135,,,,0,0,,,,,,Move1,Move1.PickupCoarseMove,1,"{""pedalAxisName"":""TaskSwitchPedal"",""usePlusMinusKeys"":true,""positivePedalKey"":61,""negativePedalKey"":45,""invertPedalAxis"":false,""pressThreshold"":0.5,""releaseThreshold"":0.20000000298023225,""minimumIntervalSeconds"":5.0,""maximumIntervalSeconds"":10.0,""minimumValidReactionSeconds"":0.10000000149011612,""randomSeed"":1007226408}",,0,0.000000,,CorrectSidePress,0,0,0,,,,,,,0.000000,0,1,PlusMinusKeys,0,1
20261008T104449390Z_3a71836f0fb0402ca73bb86152d1bd37,,,1,1,StimulusOnsetObserved,Visual,2026-10-08T10:48:34.9630735Z,225.560724,218.709322,10041,4,1,WaitingForConfirmation,1,0,1,25,Left,-1,,,,,1,0,0.000000,TaskSwitchPedal,0,0.500000,0.200000,,0.100000,5.000000,10.000000,1007226408,222.114001,222.074413,222.114001,225.521135,225.560724,0.039589,,1,0,4,1,WaitingForConfirmation,LiftUp,,LiftUp,,1,"{""pedalAxisName"":""TaskSwitchPedal"",""usePlusMinusKeys"":true,""positivePedalKey"":61,""negativePedalKey"":45,""invertPedalAxis"":false,""pressThreshold"":0.5,""releaseThreshold"":0.20000000298023225,""minimumIntervalSeconds"":5.0,""maximumIntervalSeconds"":10.0,""minimumValidReactionSeconds"":0.10000000149011612,""randomSeed"":1007226408}",,0,0.000000,,CorrectSidePress,0,0,0,,,,,,,0.000000,0,0,Axis,0,1
20261008T104449390Z_3a71836f0fb0402ca73bb86152d1bd37,,,1,1,PedalPressed,Visual,2026-10-08T10:48:35.5242560Z,226.122581,219.272511,10062,4,1,OperatingTarget,0,0,1,25,Left,-1,-1,Correct,1,0.561856,1,0,-1.000000,TaskSwitchPedal,0,0.500000,0.200000,,0.100000,5.000000,10.000000,1007226408,222.675857,222.074413,222.114001,225.521135,225.560724,0.039589,226.122581,1,0,4,1,WaitingForConfirmation,LiftUp,,Move2,Move2.DestinationCoarseMove,1,"{""pedalAxisName"":""TaskSwitchPedal"",""usePlusMinusKeys"":true,""positivePedalKey"":61,""negativePedalKey"":45,""invertPedalAxis"":false,""pressThreshold"":0.5,""releaseThreshold"":0.20000000298023225,""minimumIntervalSeconds"":5.0,""maximumIntervalSeconds"":10.0,""minimumValidReactionSeconds"":0.10000000149011612,""randomSeed"":1007226408}",,0,0.000000,0.561856,CorrectSidePress,1,0,0,-1,Correct,1,0.561856,226.122581,0.561856,0.000000,0,1,PlusMinusKeys,0,1
20261008T104449390Z_3a71836f0fb0402ca73bb86152d1bd37,,,1,1,TrialFinished,Visual,2026-10-08T10:48:35.5257125Z,226.122581,219.272511,10062,4,1,OperatingTarget,0,0,1,25,Left,-1,-1,Correct,1,0.561856,1,0,-1.000000,TaskSwitchPedal,0,0.500000,0.200000,,0.100000,5.000000,10.000000,1007226408,222.675857,222.074413,222.114001,225.521135,225.560724,0.039589,226.122581,0,0,4,1,WaitingForConfirmation,LiftUp,,Move2,Move2.DestinationCoarseMove,1,"{""pedalAxisName"":""TaskSwitchPedal"",""usePlusMinusKeys"":true,""positivePedalKey"":61,""negativePedalKey"":45,""invertPedalAxis"":false,""pressThreshold"":0.5,""releaseThreshold"":0.20000000298023225,""minimumIntervalSeconds"":5.0,""maximumIntervalSeconds"":10.0,""minimumValidReactionSeconds"":0.10000000149011612,""randomSeed"":1007226408}",,0,0.000000,0.561856,CorrectSidePress,1,0,0,-1,Correct,1,0.561856,226.122581,0.561856,0.000000,0,1,PlusMinusKeys,0,1
20261008T104449390Z_3a71836f0fb0402ca73bb86152d1bd37,,,1,1,StimulusScheduled,Visual,2026-10-08T10:48:35.5257125Z,226.122967,219.272511,10062,4,1,OperatingTarget,0,0,1,26,Left,-1,,,,,0,0,-1.000000,TaskSwitchPedal,0,0.500000,0.200000,,0.100000,5.000000,10.000000,1007226408,222.676244,230.500305,,233.947028,,,,0,0,,,,,,Move2,Move2.DestinationCoarseMove,1,"{""pedalAxisName"":""TaskSwitchPedal"",""usePlusMinusKeys"":true,""positivePedalKey"":61,""negativePedalKey"":45,""invertPedalAxis"":false,""pressThreshold"":0.5,""releaseThreshold"":0.20000000298023225,""minimumIntervalSeconds"":5.0,""maximumIntervalSeconds"":10.0,""minimumValidReactionSeconds"":0.10000000149011612,""randomSeed"":1007226408}",,0,0.000000,,CorrectSidePress,0,0,0,,,,,,,0.000000,0,1,PlusMinusKeys,0,1
20261008T104449390Z_3a71836f0fb0402ca73bb86152d1bd37,,,1,1,StimulusOnsetObserved,Visual,2026-10-08T10:48:43.3745210Z,233.972364,227.120011,10399,4,1,OperatingTarget,0,0,1,26,Left,-1,,,,,1,0,0.000000,TaskSwitchPedal,0,0.500000,0.200000,,0.100000,5.000000,10.000000,1007226408,230.525641,230.500305,230.525641,233.947028,233.972364,0.025336,,1,0,4,1,OperatingTarget,Move2,Move2.DestinationFineAlign,Move2,Move2.DestinationFineAlign,1,"{""pedalAxisName"":""TaskSwitchPedal"",""usePlusMinusKeys"":true,""positivePedalKey"":61,""negativePedalKey"":45,""invertPedalAxis"":false,""pressThreshold"":0.5,""releaseThreshold"":0.20000000298023225,""minimumIntervalSeconds"":5.0,""maximumIntervalSeconds"":10.0,""minimumValidReactionSeconds"":0.10000000149011612,""randomSeed"":1007226408}",,0,0.000000,,CorrectSidePress,0,0,0,,,,,,,0.000000,0,0,Axis,0,1
20261008T104449390Z_3a71836f0fb0402ca73bb86152d1bd37,,,1,1,PedalPressed,Visual,2026-10-08T10:48:44.6742871Z,235.271916,228.418792,10447,4,1,OperatingTarget,0,0,1,26,Left,-1,-1,Correct,1,1.299553,1,0,-1.000000,TaskSwitchPedal,0,0.500000,0.200000,,0.100000,5.000000,10.000000,1007226408,231.825193,230.500305,230.525641,233.947028,233.972364,0.025336,235.271916,1,0,4,1,OperatingTarget,Move2,Move2.DestinationFineAlign,Place,Place.PlacementLowering,1,"{""pedalAxisName"":""TaskSwitchPedal"",""usePlusMinusKeys"":true,""positivePedalKey"":61,""negativePedalKey"":45,""invertPedalAxis"":false,""pressThreshold"":0.5,""releaseThreshold"":0.20000000298023225,""minimumIntervalSeconds"":5.0,""maximumIntervalSeconds"":10.0,""minimumValidReactionSeconds"":0.10000000149011612,""randomSeed"":1007226408}",,0,0.000000,1.299552,CorrectSidePress,1,0,0,-1,Correct,1,1.299553,235.271916,1.299552,0.000000,0,1,PlusMinusKeys,0,1
20261008T104449390Z_3a71836f0fb0402ca73bb86152d1bd37,,,1,1,TrialFinished,Visual,2026-10-08T10:48:44.6742871Z,235.271916,228.418792,10447,4,1,OperatingTarget,0,0,1,26,Left,-1,-1,Correct,1,1.299553,1,0,-1.000000,TaskSwitchPedal,0,0.500000,0.200000,,0.100000,5.000000,10.000000,1007226408,231.825193,230.500305,230.525641,233.947028,233.972364,0.025336,235.271916,0,0,4,1,OperatingTarget,Move2,Move2.DestinationFineAlign,Place,Place.PlacementLowering,1,"{""pedalAxisName"":""TaskSwitchPedal"",""usePlusMinusKeys"":true,""positivePedalKey"":61,""negativePedalKey"":45,""invertPedalAxis"":false,""pressThreshold"":0.5,""releaseThreshold"":0.20000000298023225,""minimumIntervalSeconds"":5.0,""maximumIntervalSeconds"":10.0,""minimumValidReactionSeconds"":0.10000000149011612,""randomSeed"":1007226408}",,0,0.000000,1.299552,CorrectSidePress,1,0,0,-1,Correct,1,1.299553,235.271916,1.299552,0.000000,0,1,PlusMinusKeys,0,1
20261008T104449390Z_3a71836f0fb0402ca73bb86152d1bd37,,,1,1,StimulusScheduled,Visual,2026-10-08T10:48:44.6742871Z,235.272246,228.418792,10447,4,1,OperatingTarget,0,0,1,27,Left,-1,,,,,0,0,-1.000000,TaskSwitchPedal,0,0.500000,0.200000,,0.100000,5.000000,10.000000,1007226408,231.825524,240.012172,,243.458895,,,,0,0,,,,,,Place,Place.PlacementLowering,1,"{""pedalAxisName"":""TaskSwitchPedal"",""usePlusMinusKeys"":true,""positivePedalKey"":61,""negativePedalKey"":45,""invertPedalAxis"":false,""pressThreshold"":0.5,""releaseThreshold"":0.20000000298023225,""minimumIntervalSeconds"":5.0,""maximumIntervalSeconds"":10.0,""minimumValidReactionSeconds"":0.10000000149011612,""randomSeed"":1007226408}",,0,0.000000,,CorrectSidePress,0,0,0,,,,,,,0.000000,0,1,PlusMinusKeys,0,1
20261008T104449390Z_3a71836f0fb0402ca73bb86152d1bd37,,,1,1,StimulusOnsetObserved,Visual,2026-10-08T10:48:52.9052160Z,243.503044,236.649663,10730,4,1,OperatingTarget,0,0,1,27,Left,-1,,,,,1,0,0.000000,TaskSwitchPedal,0,0.500000,0.200000,,0.100000,5.000000,10.000000,1007226408,240.056322,240.012172,240.056322,243.458895,243.503044,0.044149,,1,0,4,1,OperatingTarget,Place,Place.LoadRelease,Place,Place.LoadRelease,1,"{""pedalAxisName"":""TaskSwitchPedal"",""usePlusMinusKeys"":true,""positivePedalKey"":61,""negativePedalKey"":45,""invertPedalAxis"":false,""pressThreshold"":0.5,""releaseThreshold"":0.20000000298023225,""minimumIntervalSeconds"":5.0,""maximumIntervalSeconds"":10.0,""minimumValidReactionSeconds"":0.10000000149011612,""randomSeed"":1007226408}",,0,0.000000,,CorrectSidePress,0,0,0,,,,,,,0.000000,0,0,Axis,0,1
20261008T104449390Z_3a71836f0fb0402ca73bb86152d1bd37,,,1,1,PedalPressed,Visual,2026-10-08T10:48:53.7867238Z,244.384605,237.531756,10759,4,1,OperatingTarget,0,0,1,27,Left,-1,-1,Correct,1,0.881561,1,0,-1.000000,TaskSwitchPedal,0,0.500000,0.200000,,0.100000,5.000000,10.000000,1007226408,240.937882,240.012172,240.056322,243.458895,243.503044,0.044149,244.384605,1,0,4,1,OperatingTarget,Place,Place.LoadRelease,Place,Place.LoadRelease,1,"{""pedalAxisName"":""TaskSwitchPedal"",""usePlusMinusKeys"":true,""positivePedalKey"":61,""negativePedalKey"":45,""invertPedalAxis"":false,""pressThreshold"":0.5,""releaseThreshold"":0.20000000298023225,""minimumIntervalSeconds"":5.0,""maximumIntervalSeconds"":10.0,""minimumValidReactionSeconds"":0.10000000149011612,""randomSeed"":1007226408}",,0,0.000000,0.881561,CorrectSidePress,1,0,0,-1,Correct,1,0.881561,244.384605,0.881561,0.000000,0,1,PlusMinusKeys,0,1
20261008T104449390Z_3a71836f0fb0402ca73bb86152d1bd37,,,1,1,TrialFinished,Visual,2026-10-08T10:48:53.7867238Z,244.384605,237.531756,10759,4,1,OperatingTarget,0,0,1,27,Left,-1,-1,Correct,1,0.881561,1,0,-1.000000,TaskSwitchPedal,0,0.500000,0.200000,,0.100000,5.000000,10.000000,1007226408,240.937882,240.012172,240.056322,243.458895,243.503044,0.044149,244.384605,0,0,4,1,OperatingTarget,Place,Place.LoadRelease,Place,Place.LoadRelease,1,"{""pedalAxisName"":""TaskSwitchPedal"",""usePlusMinusKeys"":true,""positivePedalKey"":61,""negativePedalKey"":45,""invertPedalAxis"":false,""pressThreshold"":0.5,""releaseThreshold"":0.20000000298023225,""minimumIntervalSeconds"":5.0,""maximumIntervalSeconds"":10.0,""minimumValidReactionSeconds"":0.10000000149011612,""randomSeed"":1007226408}",,0,0.000000,0.881561,CorrectSidePress,1,0,0,-1,Correct,1,0.881561,244.384605,0.881561,0.000000,0,1,PlusMinusKeys,0,1
20261008T104449390Z_3a71836f0fb0402ca73bb86152d1bd37,,,1,1,StimulusScheduled,Visual,2026-10-08T10:48:53.7867238Z,244.385099,237.531756,10759,4,1,OperatingTarget,0,0,1,28,Right,1,,,,,0,0,-1.000000,TaskSwitchPedal,0,0.500000,0.200000,,0.100000,5.000000,10.000000,1007226408,240.938377,248.253809,,251.700532,,,,0,0,,,,,,Place,Place.LoadRelease,1,"{""pedalAxisName"":""TaskSwitchPedal"",""usePlusMinusKeys"":true,""positivePedalKey"":61,""negativePedalKey"":45,""invertPedalAxis"":false,""pressThreshold"":0.5,""releaseThreshold"":0.20000000298023225,""minimumIntervalSeconds"":5.0,""maximumIntervalSeconds"":10.0,""minimumValidReactionSeconds"":0.10000000149011612,""randomSeed"":1007226408}",,0,0.000000,,CorrectSidePress,0,0,0,,,,,,,0.000000,0,1,PlusMinusKeys,0,1
20261008T104449390Z_3a71836f0fb0402ca73bb86152d1bd37,,,1,1,StimulusOnsetObserved,Visual,2026-10-08T10:49:01.1130120Z,251.711389,244.861268,11084,4,1,OperatingTarget,0,0,1,28,Right,1,,,,,1,0,0.000000,TaskSwitchPedal,0,0.500000,0.200000,,0.100000,5.000000,10.000000,1007226408,248.264666,248.253809,248.264666,251.700532,251.711389,0.010857,,0,1,4,1,OperatingTarget,Place,Place.PostPlacementRaising,Place,Place.PostPlacementRaising,1,"{""pedalAxisName"":""TaskSwitchPedal"",""usePlusMinusKeys"":true,""positivePedalKey"":61,""negativePedalKey"":45,""invertPedalAxis"":false,""pressThreshold"":0.5,""releaseThreshold"":0.20000000298023225,""minimumIntervalSeconds"":5.0,""maximumIntervalSeconds"":10.0,""minimumValidReactionSeconds"":0.10000000149011612,""randomSeed"":1007226408}",,0,0.000000,,CorrectSidePress,0,0,0,,,,,,,0.000000,0,0,Axis,0,1
20261008T104449390Z_3a71836f0fb0402ca73bb86152d1bd37,,,1,1,PedalPressed,Visual,2026-10-08T10:49:01.7931011Z,252.390855,245.540758,11113,4,1,OperatingTarget,0,0,1,28,Right,1,1,Correct,1,0.679466,1,0,1.000000,TaskSwitchPedal,0,0.500000,0.200000,,0.100000,5.000000,10.000000,1007226408,248.944132,248.253809,248.264666,251.700532,251.711389,0.010857,252.390855,0,1,4,1,OperatingTarget,Place,Place.PostPlacementRaising,Place,Place.PostPlacementRaising,1,"{""pedalAxisName"":""TaskSwitchPedal"",""usePlusMinusKeys"":true,""positivePedalKey"":61,""negativePedalKey"":45,""invertPedalAxis"":false,""pressThreshold"":0.5,""releaseThreshold"":0.20000000298023225,""minimumIntervalSeconds"":5.0,""maximumIntervalSeconds"":10.0,""minimumValidReactionSeconds"":0.10000000149011612,""randomSeed"":1007226408}",,0,0.000000,0.679466,CorrectSidePress,1,0,0,1,Correct,1,0.679466,252.390855,0.679466,0.000000,1,0,PlusMinusKeys,0,1
20261008T104449390Z_3a71836f0fb0402ca73bb86152d1bd37,,,1,1,TrialFinished,Visual,2026-10-08T10:49:01.7931011Z,252.390855,245.540758,11113,4,1,OperatingTarget,0,0,1,28,Right,1,1,Correct,1,0.679466,1,0,1.000000,TaskSwitchPedal,0,0.500000,0.200000,,0.100000,5.000000,10.000000,1007226408,248.944132,248.253809,248.264666,251.700532,251.711389,0.010857,252.390855,0,0,4,1,OperatingTarget,Place,Place.PostPlacementRaising,Place,Place.PostPlacementRaising,1,"{""pedalAxisName"":""TaskSwitchPedal"",""usePlusMinusKeys"":true,""positivePedalKey"":61,""negativePedalKey"":45,""invertPedalAxis"":false,""pressThreshold"":0.5,""releaseThreshold"":0.20000000298023225,""minimumIntervalSeconds"":5.0,""maximumIntervalSeconds"":10.0,""minimumValidReactionSeconds"":0.10000000149011612,""randomSeed"":1007226408}",,0,0.000000,0.679466,CorrectSidePress,1,0,0,1,Correct,1,0.679466,252.390855,0.679466,0.000000,1,0,PlusMinusKeys,0,1
20261008T104449390Z_3a71836f0fb0402ca73bb86152d1bd37,,,1,1,StimulusScheduled,Visual,2026-10-08T10:49:01.7931011Z,252.391217,245.540758,11113,4,1,OperatingTarget,0,0,1,29,Left,-1,,,,,0,0,1.000000,TaskSwitchPedal,0,0.500000,0.200000,,0.100000,5.000000,10.000000,1007226408,248.944494,256.676385,,260.123107,,,,0,0,,,,,,Place,Place.PostPlacementRaising,1,"{""pedalAxisName"":""TaskSwitchPedal"",""usePlusMinusKeys"":true,""positivePedalKey"":61,""negativePedalKey"":45,""invertPedalAxis"":false,""pressThreshold"":0.5,""releaseThreshold"":0.20000000298023225,""minimumIntervalSeconds"":5.0,""maximumIntervalSeconds"":10.0,""minimumValidReactionSeconds"":0.10000000149011612,""randomSeed"":1007226408}",,0,0.000000,,CorrectSidePress,0,0,0,,,,,,,0.000000,1,0,PlusMinusKeys,0,1
20261008T104449390Z_3a71836f0fb0402ca73bb86152d1bd37,,,1,1,StimulusOnsetObserved,Visual,2026-10-08T10:49:09.5347075Z,260.132280,253.281707,11424,4,0,OperatingSource,0,0,1,29,Left,-1,,,,,1,0,0.000000,TaskSwitchPedal,0,0.500000,0.200000,,0.100000,5.000000,10.000000,1007226408,256.685557,256.676385,256.685557,260.123107,260.132280,0.009173,,1,0,4,0,OperatingSource,LiftUp,LiftUp.PickupLowering,LiftUp,LiftUp.PickupLowering,1,"{""pedalAxisName"":""TaskSwitchPedal"",""usePlusMinusKeys"":true,""positivePedalKey"":61,""negativePedalKey"":45,""invertPedalAxis"":false,""pressThreshold"":0.5,""releaseThreshold"":0.20000000298023225,""minimumIntervalSeconds"":5.0,""maximumIntervalSeconds"":10.0,""minimumValidReactionSeconds"":0.10000000149011612,""randomSeed"":1007226408}",,0,0.000000,,CorrectSidePress,0,0,0,,,,,,,0.000000,0,0,Axis,0,1
20261008T104449390Z_3a71836f0fb0402ca73bb86152d1bd37,,,1,1,PedalPressed,Visual,2026-10-08T10:49:10.1630603Z,260.760233,253.907647,11446,4,0,OperatingSource,0,0,1,29,Left,-1,-1,Correct,1,0.627953,1,0,-1.000000,TaskSwitchPedal,0,0.500000,0.200000,,0.100000,5.000000,10.000000,1007226408,257.313510,256.676385,256.685557,260.123107,260.132280,0.009173,260.760233,1,0,4,0,OperatingSource,LiftUp,LiftUp.PickupLowering,LiftUp,LiftUp.PickupLowering,1,"{""pedalAxisName"":""TaskSwitchPedal"",""usePlusMinusKeys"":true,""positivePedalKey"":61,""negativePedalKey"":45,""invertPedalAxis"":false,""pressThreshold"":0.5,""releaseThreshold"":0.20000000298023225,""minimumIntervalSeconds"":5.0,""maximumIntervalSeconds"":10.0,""minimumValidReactionSeconds"":0.10000000149011612,""randomSeed"":1007226408}",,0,0.000000,0.627953,CorrectSidePress,1,0,0,-1,Correct,1,0.627953,260.760233,0.627953,0.000000,0,1,PlusMinusKeys,0,1
20261008T104449390Z_3a71836f0fb0402ca73bb86152d1bd37,,,1,1,TrialFinished,Visual,2026-10-08T10:49:10.1630603Z,260.760233,253.907647,11446,4,0,OperatingSource,0,0,1,29,Left,-1,-1,Correct,1,0.627953,1,0,-1.000000,TaskSwitchPedal,0,0.500000,0.200000,,0.100000,5.000000,10.000000,1007226408,257.313510,256.676385,256.685557,260.123107,260.132280,0.009173,260.760233,0,0,4,0,OperatingSource,LiftUp,LiftUp.PickupLowering,LiftUp,LiftUp.PickupLowering,1,"{""pedalAxisName"":""TaskSwitchPedal"",""usePlusMinusKeys"":true,""positivePedalKey"":61,""negativePedalKey"":45,""invertPedalAxis"":false,""pressThreshold"":0.5,""releaseThreshold"":0.20000000298023225,""minimumIntervalSeconds"":5.0,""maximumIntervalSeconds"":10.0,""minimumValidReactionSeconds"":0.10000000149011612,""randomSeed"":1007226408}",,0,0.000000,0.627953,CorrectSidePress,1,0,0,-1,Correct,1,0.627953,260.760233,0.627953,0.000000,0,1,PlusMinusKeys,0,1
20261008T104449390Z_3a71836f0fb0402ca73bb86152d1bd37,,,1,1,StimulusScheduled,Visual,2026-10-08T10:49:10.1630603Z,260.760667,253.907647,11446,4,0,OperatingSource,0,0,1,30,Left,-1,,,,,0,0,-1.000000,TaskSwitchPedal,0,0.500000,0.200000,,0.100000,5.000000,10.000000,1007226408,257.313944,264.303695,,267.750418,,,,0,0,,,,,,LiftUp,LiftUp.PickupLowering,1,"{""pedalAxisName"":""TaskSwitchPedal"",""usePlusMinusKeys"":true,""positivePedalKey"":61,""negativePedalKey"":45,""invertPedalAxis"":false,""pressThreshold"":0.5,""releaseThreshold"":0.20000000298023225,""minimumIntervalSeconds"":5.0,""maximumIntervalSeconds"":10.0,""minimumValidReactionSeconds"":0.10000000149011612,""randomSeed"":1007226408}",,0,0.000000,,CorrectSidePress,0,0,0,,,,,,,0.000000,0,1,PlusMinusKeys,0,1
20261008T104449390Z_3a71836f0fb0402ca73bb86152d1bd37,,,1,1,StimulusOnsetObserved,Visual,2026-10-08T10:49:17.1527746Z,267.750712,260.899400,11704,4,0,OperatingSource,0,0,1,30,Left,-1,,,,,1,0,0.000000,TaskSwitchPedal,0,0.500000,0.200000,,0.100000,5.000000,10.000000,1007226408,264.303989,264.303695,264.303989,267.750418,267.750712,0.000295,,1,0,4,0,OperatingSource,LiftUp,LiftUp.LoadedRaising,LiftUp,LiftUp.LoadedRaising,1,"{""pedalAxisName"":""TaskSwitchPedal"",""usePlusMinusKeys"":true,""positivePedalKey"":61,""negativePedalKey"":45,""invertPedalAxis"":false,""pressThreshold"":0.5,""releaseThreshold"":0.20000000298023225,""minimumIntervalSeconds"":5.0,""maximumIntervalSeconds"":10.0,""minimumValidReactionSeconds"":0.10000000149011612,""randomSeed"":1007226408}",,0,0.000000,,CorrectSidePress,0,0,0,,,,,,,0.000000,0,0,Axis,0,1
20261008T104449390Z_3a71836f0fb0402ca73bb86152d1bd37,,,1,1,PedalPressed,Visual,2026-10-08T10:49:17.6231461Z,268.220677,261.370851,11723,4,0,OperatingSource,0,0,1,30,Left,-1,-1,Correct,1,0.469965,1,0,-1.000000,TaskSwitchPedal,0,0.500000,0.200000,,0.100000,5.000000,10.000000,1007226408,264.773954,264.303695,264.303989,267.750418,267.750712,0.000295,268.220677,1,0,4,0,OperatingSource,LiftUp,LiftUp.LoadedRaising,LiftUp,LiftUp.LoadedRaising,1,"{""pedalAxisName"":""TaskSwitchPedal"",""usePlusMinusKeys"":true,""positivePedalKey"":61,""negativePedalKey"":45,""invertPedalAxis"":false,""pressThreshold"":0.5,""releaseThreshold"":0.20000000298023225,""minimumIntervalSeconds"":5.0,""maximumIntervalSeconds"":10.0,""minimumValidReactionSeconds"":0.10000000149011612,""randomSeed"":1007226408}",,0,0.000000,0.469964,CorrectSidePress,1,0,0,-1,Correct,1,0.469965,268.220677,0.469964,0.000000,0,1,PlusMinusKeys,0,1
20261008T104449390Z_3a71836f0fb0402ca73bb86152d1bd37,,,1,1,TrialFinished,Visual,2026-10-08T10:49:17.6231461Z,268.220677,261.370851,11723,4,0,OperatingSource,0,0,1,30,Left,-1,-1,Correct,1,0.469965,1,0,-1.000000,TaskSwitchPedal,0,0.500000,0.200000,,0.100000,5.000000,10.000000,1007226408,264.773954,264.303695,264.303989,267.750418,267.750712,0.000295,268.220677,0,0,4,0,OperatingSource,LiftUp,LiftUp.LoadedRaising,LiftUp,LiftUp.LoadedRaising,1,"{""pedalAxisName"":""TaskSwitchPedal"",""usePlusMinusKeys"":true,""positivePedalKey"":61,""negativePedalKey"":45,""invertPedalAxis"":false,""pressThreshold"":0.5,""releaseThreshold"":0.20000000298023225,""minimumIntervalSeconds"":5.0,""maximumIntervalSeconds"":10.0,""minimumValidReactionSeconds"":0.10000000149011612,""randomSeed"":1007226408}",,0,0.000000,0.469964,CorrectSidePress,1,0,0,-1,Correct,1,0.469965,268.220677,0.469964,0.000000,0,1,PlusMinusKeys,0,1
20261008T104449390Z_3a71836f0fb0402ca73bb86152d1bd37,,,1,1,StimulusScheduled,Visual,2026-10-08T10:49:17.6231461Z,268.221016,261.370851,11723,4,0,OperatingSource,0,0,1,31,Right,1,,,,,0,0,-1.000000,TaskSwitchPedal,0,0.500000,0.200000,,0.100000,5.000000,10.000000,1007226408,264.774293,270.812246,,274.258969,,,,0,0,,,,,,LiftUp,LiftUp.LoadedRaising,1,"{""pedalAxisName"":""TaskSwitchPedal"",""usePlusMinusKeys"":true,""positivePedalKey"":61,""negativePedalKey"":45,""invertPedalAxis"":false,""pressThreshold"":0.5,""releaseThreshold"":0.20000000298023225,""minimumIntervalSeconds"":5.0,""maximumIntervalSeconds"":10.0,""minimumValidReactionSeconds"":0.10000000149011612,""randomSeed"":1007226408}",,0,0.000000,,CorrectSidePress,0,0,0,,,,,,,0.000000,0,1,PlusMinusKeys,0,1
20261008T104449390Z_3a71836f0fb0402ca73bb86152d1bd37,,,1,1,StimulusOnsetObserved,Visual,2026-10-08T10:49:23.6784289Z,274.276448,267.424873,11938,4,0,OperatingSource,0,0,1,31,Right,1,,,,,1,0,0.000000,TaskSwitchPedal,0,0.500000,0.200000,,0.100000,5.000000,10.000000,1007226408,270.829725,270.812246,270.829725,274.258969,274.276448,0.017479,,0,1,4,0,OperatingSource,Move2,Move2.DestinationCoarseMove,Move2,Move2.DestinationCoarseMove,1,"{""pedalAxisName"":""TaskSwitchPedal"",""usePlusMinusKeys"":true,""positivePedalKey"":61,""negativePedalKey"":45,""invertPedalAxis"":false,""pressThreshold"":0.5,""releaseThreshold"":0.20000000298023225,""minimumIntervalSeconds"":5.0,""maximumIntervalSeconds"":10.0,""minimumValidReactionSeconds"":0.10000000149011612,""randomSeed"":1007226408}",,0,0.000000,,CorrectSidePress,0,0,0,,,,,,,0.000000,0,0,Axis,0,1
20261008T104449390Z_3a71836f0fb0402ca73bb86152d1bd37,,,1,1,PedalPressed,Visual,2026-10-08T10:49:24.8812415Z,275.479591,268.627144,11979,4,0,OperatingSource,0,0,1,31,Right,1,1,Correct,1,1.203143,1,0,1.000000,TaskSwitchPedal,0,0.500000,0.200000,,0.100000,5.000000,10.000000,1007226408,272.032868,270.812246,270.829725,274.258969,274.276448,0.017479,275.479591,0,1,4,0,OperatingSource,Move2,Move2.DestinationCoarseMove,Move2,Move2.DestinationCoarseMove,1,"{""pedalAxisName"":""TaskSwitchPedal"",""usePlusMinusKeys"":true,""positivePedalKey"":61,""negativePedalKey"":45,""invertPedalAxis"":false,""pressThreshold"":0.5,""releaseThreshold"":0.20000000298023225,""minimumIntervalSeconds"":5.0,""maximumIntervalSeconds"":10.0,""minimumValidReactionSeconds"":0.10000000149011612,""randomSeed"":1007226408}",,0,0.000000,1.203143,CorrectSidePress,1,0,0,1,Correct,1,1.203143,275.479591,1.203143,0.000000,1,0,PlusMinusKeys,0,1
20261008T104449390Z_3a71836f0fb0402ca73bb86152d1bd37,,,1,1,TrialFinished,Visual,2026-10-08T10:49:24.8812415Z,275.479591,268.627144,11979,4,0,OperatingSource,0,0,1,31,Right,1,1,Correct,1,1.203143,1,0,1.000000,TaskSwitchPedal,0,0.500000,0.200000,,0.100000,5.000000,10.000000,1007226408,272.032868,270.812246,270.829725,274.258969,274.276448,0.017479,275.479591,0,0,4,0,OperatingSource,Move2,Move2.DestinationCoarseMove,Move2,Move2.DestinationCoarseMove,1,"{""pedalAxisName"":""TaskSwitchPedal"",""usePlusMinusKeys"":true,""positivePedalKey"":61,""negativePedalKey"":45,""invertPedalAxis"":false,""pressThreshold"":0.5,""releaseThreshold"":0.20000000298023225,""minimumIntervalSeconds"":5.0,""maximumIntervalSeconds"":10.0,""minimumValidReactionSeconds"":0.10000000149011612,""randomSeed"":1007226408}",,0,0.000000,1.203143,CorrectSidePress,1,0,0,1,Correct,1,1.203143,275.479591,1.203143,0.000000,1,0,PlusMinusKeys,0,1
20261008T104449390Z_3a71836f0fb0402ca73bb86152d1bd37,,,1,1,StimulusScheduled,Visual,2026-10-08T10:49:24.8827512Z,275.480055,268.627144,11979,4,0,OperatingSource,0,0,1,32,Right,1,,,,,0,0,1.000000,TaskSwitchPedal,0,0.500000,0.200000,,0.100000,5.000000,10.000000,1007226408,272.033332,277.471999,,280.918722,,,,0,0,,,,,,Move2,Move2.DestinationCoarseMove,1,"{""pedalAxisName"":""TaskSwitchPedal"",""usePlusMinusKeys"":true,""positivePedalKey"":61,""negativePedalKey"":45,""invertPedalAxis"":false,""pressThreshold"":0.5,""releaseThreshold"":0.20000000298023225,""minimumIntervalSeconds"":5.0,""maximumIntervalSeconds"":10.0,""minimumValidReactionSeconds"":0.10000000149011612,""randomSeed"":1007226408}",,0,0.000000,,CorrectSidePress,0,0,0,,,,,,,0.000000,1,0,PlusMinusKeys,0,1
20261008T104449390Z_3a71836f0fb0402ca73bb86152d1bd37,,,1,1,StimulusOnsetObserved,Visual,2026-10-08T10:49:30.3684640Z,280.966234,274.114941,12178,4,0,OperatingSource,0,0,1,32,Right,1,,,,,1,0,0.000000,TaskSwitchPedal,0,0.500000,0.200000,,0.100000,5.000000,10.000000,1007226408,277.519510,277.471999,277.519510,280.918722,280.966234,0.047512,,0,1,4,0,OperatingSource,Move2,Move2.DestinationCoarseMove,Move2,Move2.DestinationCoarseMove,1,"{""pedalAxisName"":""TaskSwitchPedal"",""usePlusMinusKeys"":true,""positivePedalKey"":61,""negativePedalKey"":45,""invertPedalAxis"":false,""pressThreshold"":0.5,""releaseThreshold"":0.20000000298023225,""minimumIntervalSeconds"":5.0,""maximumIntervalSeconds"":10.0,""minimumValidReactionSeconds"":0.10000000149011612,""randomSeed"":1007226408}",,0,0.000000,,CorrectSidePress,0,0,0,,,,,,,0.000000,0,0,Axis,0,1
20261008T104449390Z_3a71836f0fb0402ca73bb86152d1bd37,,,1,1,PedalPressed,Visual,2026-10-08T10:49:31.0716878Z,281.669205,274.818664,12204,4,0,OperatingSource,0,0,1,32,Right,1,1,Correct,1,0.702971,1,0,1.000000,TaskSwitchPedal,0,0.500000,0.200000,,0.100000,5.000000,10.000000,1007226408,278.222482,277.471999,277.519510,280.918722,280.966234,0.047512,281.669205,0,1,4,0,OperatingSource,Move2,Move2.DestinationCoarseMove,Move2,Move2.DestinationCoarseMove,1,"{""pedalAxisName"":""TaskSwitchPedal"",""usePlusMinusKeys"":true,""positivePedalKey"":61,""negativePedalKey"":45,""invertPedalAxis"":false,""pressThreshold"":0.5,""releaseThreshold"":0.20000000298023225,""minimumIntervalSeconds"":5.0,""maximumIntervalSeconds"":10.0,""minimumValidReactionSeconds"":0.10000000149011612,""randomSeed"":1007226408}",,0,0.000000,0.702971,CorrectSidePress,1,0,0,1,Correct,1,0.702971,281.669205,0.702971,0.000000,1,0,PlusMinusKeys,0,1
20261008T104449390Z_3a71836f0fb0402ca73bb86152d1bd37,,,1,1,TrialFinished,Visual,2026-10-08T10:49:31.0716878Z,281.669205,274.818664,12204,4,0,OperatingSource,0,0,1,32,Right,1,1,Correct,1,0.702971,1,0,1.000000,TaskSwitchPedal,0,0.500000,0.200000,,0.100000,5.000000,10.000000,1007226408,278.222482,277.471999,277.519510,280.918722,280.966234,0.047512,281.669205,0,0,4,0,OperatingSource,Move2,Move2.DestinationCoarseMove,Move2,Move2.DestinationCoarseMove,1,"{""pedalAxisName"":""TaskSwitchPedal"",""usePlusMinusKeys"":true,""positivePedalKey"":61,""negativePedalKey"":45,""invertPedalAxis"":false,""pressThreshold"":0.5,""releaseThreshold"":0.20000000298023225,""minimumIntervalSeconds"":5.0,""maximumIntervalSeconds"":10.0,""minimumValidReactionSeconds"":0.10000000149011612,""randomSeed"":1007226408}",,0,0.000000,0.702971,CorrectSidePress,1,0,0,1,Correct,1,0.702971,281.669205,0.702971,0.000000,1,0,PlusMinusKeys,0,1
20261008T104449390Z_3a71836f0fb0402ca73bb86152d1bd37,,,1,1,StimulusScheduled,Visual,2026-10-08T10:49:31.0716878Z,281.669575,274.818664,12204,4,0,OperatingSource,0,0,1,33,Right,1,,,,,0,0,1.000000,TaskSwitchPedal,0,0.500000,0.200000,,0.100000,5.000000,10.000000,1007226408,278.222852,288.168377,,291.615100,,,,0,0,,,,,,Move2,Move2.DestinationCoarseMove,1,"{""pedalAxisName"":""TaskSwitchPedal"",""usePlusMinusKeys"":true,""positivePedalKey"":61,""negativePedalKey"":45,""invertPedalAxis"":false,""pressThreshold"":0.5,""releaseThreshold"":0.20000000298023225,""minimumIntervalSeconds"":5.0,""maximumIntervalSeconds"":10.0,""minimumValidReactionSeconds"":0.10000000149011612,""randomSeed"":1007226408}",,0,0.000000,,CorrectSidePress,0,0,0,,,,,,,0.000000,1,0,PlusMinusKeys,0,1
20261008T104449390Z_3a71836f0fb0402ca73bb86152d1bd37,,,1,1,StimulusOnsetObserved,Visual,2026-10-08T10:49:41.0348418Z,291.632114,284.781514,12571,5,0,WaitingForPhaseBoundary,0,0,1,33,Right,1,,,,,1,0,0.000000,TaskSwitchPedal,0,0.500000,0.200000,,0.100000,5.000000,10.000000,1007226408,288.185391,288.168377,288.185391,291.615100,291.632114,0.017014,,0,1,5,0,WaitingForPhaseBoundary,Place,Place.PostPlacementRaising,Place,Place.PostPlacementRaising,1,"{""pedalAxisName"":""TaskSwitchPedal"",""usePlusMinusKeys"":true,""positivePedalKey"":61,""negativePedalKey"":45,""invertPedalAxis"":false,""pressThreshold"":0.5,""releaseThreshold"":0.20000000298023225,""minimumIntervalSeconds"":5.0,""maximumIntervalSeconds"":10.0,""minimumValidReactionSeconds"":0.10000000149011612,""randomSeed"":1007226408}",,0,0.000000,,CorrectSidePress,0,0,0,,,,,,,0.000000,0,0,Axis,0,1
20261008T104449390Z_3a71836f0fb0402ca73bb86152d1bd37,,,1,1,PedalPressed,Visual,2026-10-08T10:49:41.7174529Z,292.315889,285.465992,12603,5,0,WaitingForPhaseBoundary,0,0,1,33,Right,1,1,Correct,1,0.683775,1,0,1.000000,TaskSwitchPedal,0,0.500000,0.200000,,0.100000,5.000000,10.000000,1007226408,288.869166,288.168377,288.185391,291.615100,291.632114,0.017014,292.315889,0,1,5,0,WaitingForPhaseBoundary,Place,Place.PostPlacementRaising,Place,Place.PostPlacementRaising,1,"{""pedalAxisName"":""TaskSwitchPedal"",""usePlusMinusKeys"":true,""positivePedalKey"":61,""negativePedalKey"":45,""invertPedalAxis"":false,""pressThreshold"":0.5,""releaseThreshold"":0.20000000298023225,""minimumIntervalSeconds"":5.0,""maximumIntervalSeconds"":10.0,""minimumValidReactionSeconds"":0.10000000149011612,""randomSeed"":1007226408}",,0,0.000000,0.683775,CorrectSidePress,1,0,0,1,Correct,1,0.683775,292.315889,0.683775,0.000000,1,0,PlusMinusKeys,0,1
20261008T104449390Z_3a71836f0fb0402ca73bb86152d1bd37,,,1,1,TrialFinished,Visual,2026-10-08T10:49:41.7174529Z,292.315889,285.465992,12603,5,0,WaitingForPhaseBoundary,0,0,1,33,Right,1,1,Correct,1,0.683775,1,0,1.000000,TaskSwitchPedal,0,0.500000,0.200000,,0.100000,5.000000,10.000000,1007226408,288.869166,288.168377,288.185391,291.615100,291.632114,0.017014,292.315889,0,0,5,0,WaitingForPhaseBoundary,Place,Place.PostPlacementRaising,Place,Place.PostPlacementRaising,1,"{""pedalAxisName"":""TaskSwitchPedal"",""usePlusMinusKeys"":true,""positivePedalKey"":61,""negativePedalKey"":45,""invertPedalAxis"":false,""pressThreshold"":0.5,""releaseThreshold"":0.20000000298023225,""minimumIntervalSeconds"":5.0,""maximumIntervalSeconds"":10.0,""minimumValidReactionSeconds"":0.10000000149011612,""randomSeed"":1007226408}",,0,0.000000,0.683775,CorrectSidePress,1,0,0,1,Correct,1,0.683775,292.315889,0.683775,0.000000,1,0,PlusMinusKeys,0,1
20261008T104449390Z_3a71836f0fb0402ca73bb86152d1bd37,,,1,1,StimulusScheduled,Visual,2026-10-08T10:49:41.7174529Z,292.316255,285.465992,12603,5,0,WaitingForPhaseBoundary,0,0,1,34,Left,-1,,,,,0,0,1.000000,TaskSwitchPedal,0,0.500000,0.200000,,0.100000,5.000000,10.000000,1007226408,288.869532,294.732199,,298.178922,,,,0,0,,,,,,Place,Place.PostPlacementRaising,1,"{""pedalAxisName"":""TaskSwitchPedal"",""usePlusMinusKeys"":true,""positivePedalKey"":61,""negativePedalKey"":45,""invertPedalAxis"":false,""pressThreshold"":0.5,""releaseThreshold"":0.20000000298023225,""minimumIntervalSeconds"":5.0,""maximumIntervalSeconds"":10.0,""minimumValidReactionSeconds"":0.10000000149011612,""randomSeed"":1007226408}",,0,0.000000,,CorrectSidePress,0,0,0,,,,,,,0.000000,1,0,PlusMinusKeys,0,1
20261008T104449390Z_3a71836f0fb0402ca73bb86152d1bd37,,,1,1,StimulusOnsetObserved,Visual,2026-10-08T10:49:47.5860037Z,298.184410,291.334328,12864,5,1,OperatingTarget,0,0,1,34,Left,-1,,,,,1,0,0.000000,TaskSwitchPedal,0,0.500000,0.200000,,0.100000,5.000000,10.000000,1007226408,294.737687,294.732199,294.737687,298.178922,298.184410,0.005489,,1,0,5,1,OperatingTarget,Move1,Move1.PickupCoarseMove,Move1,Move1.PickupCoarseMove,1,"{""pedalAxisName"":""TaskSwitchPedal"",""usePlusMinusKeys"":true,""positivePedalKey"":61,""negativePedalKey"":45,""invertPedalAxis"":false,""pressThreshold"":0.5,""releaseThreshold"":0.20000000298023225,""minimumIntervalSeconds"":5.0,""maximumIntervalSeconds"":10.0,""minimumValidReactionSeconds"":0.10000000149011612,""randomSeed"":1007226408}",,0,0.000000,,CorrectSidePress,0,0,0,,,,,,,0.000000,0,0,Axis,0,1
20261008T104449390Z_3a71836f0fb0402ca73bb86152d1bd37,,,1,1,PedalPressed,Visual,2026-10-08T10:49:48.4275814Z,299.026052,292.175704,12900,5,1,OperatingTarget,0,0,1,34,Left,-1,-1,Correct,1,0.841642,1,0,-1.000000,TaskSwitchPedal,0,0.500000,0.200000,,0.100000,5.000000,10.000000,1007226408,295.579329,294.732199,294.737687,298.178922,298.184410,0.005489,299.026052,1,0,5,1,OperatingTarget,Move1,Move1.PickupCoarseMove,Move1,Move1.PickupCoarseMove,1,"{""pedalAxisName"":""TaskSwitchPedal"",""usePlusMinusKeys"":true,""positivePedalKey"":61,""negativePedalKey"":45,""invertPedalAxis"":false,""pressThreshold"":0.5,""releaseThreshold"":0.20000000298023225,""minimumIntervalSeconds"":5.0,""maximumIntervalSeconds"":10.0,""minimumValidReactionSeconds"":0.10000000149011612,""randomSeed"":1007226408}",,0,0.000000,0.841642,CorrectSidePress,1,0,0,-1,Correct,1,0.841642,299.026052,0.841642,0.000000,0,1,PlusMinusKeys,0,1
20261008T104449390Z_3a71836f0fb0402ca73bb86152d1bd37,,,1,1,TrialFinished,Visual,2026-10-08T10:49:48.4275814Z,299.026052,292.175704,12900,5,1,OperatingTarget,0,0,1,34,Left,-1,-1,Correct,1,0.841642,1,0,-1.000000,TaskSwitchPedal,0,0.500000,0.200000,,0.100000,5.000000,10.000000,1007226408,295.579329,294.732199,294.737687,298.178922,298.184410,0.005489,299.026052,0,0,5,1,OperatingTarget,Move1,Move1.PickupCoarseMove,Move1,Move1.PickupCoarseMove,1,"{""pedalAxisName"":""TaskSwitchPedal"",""usePlusMinusKeys"":true,""positivePedalKey"":61,""negativePedalKey"":45,""invertPedalAxis"":false,""pressThreshold"":0.5,""releaseThreshold"":0.20000000298023225,""minimumIntervalSeconds"":5.0,""maximumIntervalSeconds"":10.0,""minimumValidReactionSeconds"":0.10000000149011612,""randomSeed"":1007226408}",,0,0.000000,0.841642,CorrectSidePress,1,0,0,-1,Correct,1,0.841642,299.026052,0.841642,0.000000,0,1,PlusMinusKeys,0,1
20261008T104449390Z_3a71836f0fb0402ca73bb86152d1bd37,,,1,1,StimulusScheduled,Visual,2026-10-08T10:49:48.4275814Z,299.026442,292.175704,12900,5,1,OperatingTarget,0,0,1,35,Left,-1,,,,,0,0,-1.000000,TaskSwitchPedal,0,0.500000,0.200000,,0.100000,5.000000,10.000000,1007226408,295.579720,301.362156,,304.808879,,,,0,0,,,,,,Move1,Move1.PickupCoarseMove,1,"{""pedalAxisName"":""TaskSwitchPedal"",""usePlusMinusKeys"":true,""positivePedalKey"":61,""negativePedalKey"":45,""invertPedalAxis"":false,""pressThreshold"":0.5,""releaseThreshold"":0.20000000298023225,""minimumIntervalSeconds"":5.0,""maximumIntervalSeconds"":10.0,""minimumValidReactionSeconds"":0.10000000149011612,""randomSeed"":1007226408}",,0,0.000000,,CorrectSidePress,0,0,0,,,,,,,0.000000,0,1,PlusMinusKeys,0,1
20261008T104449390Z_3a71836f0fb0402ca73bb86152d1bd37,,,1,1,StimulusOnsetObserved,Visual,2026-10-08T10:49:54.2265766Z,304.823914,297.972202,13157,5,1,OperatingTarget,0,0,1,35,Left,-1,,,,,1,0,0.000000,TaskSwitchPedal,0,0.500000,0.200000,,0.100000,5.000000,10.000000,1007226408,301.377191,301.362156,301.377191,304.808879,304.823914,0.015035,,1,0,5,1,OperatingTarget,LiftUp,LiftUp.PickupLowering,LiftUp,LiftUp.PickupLowering,1,"{""pedalAxisName"":""TaskSwitchPedal"",""usePlusMinusKeys"":true,""positivePedalKey"":61,""negativePedalKey"":45,""invertPedalAxis"":false,""pressThreshold"":0.5,""releaseThreshold"":0.20000000298023225,""minimumIntervalSeconds"":5.0,""maximumIntervalSeconds"":10.0,""minimumValidReactionSeconds"":0.10000000149011612,""randomSeed"":1007226408}",,0,0.000000,,CorrectSidePress,0,0,0,,,,,,,0.000000,0,0,Axis,0,1
20261008T104449390Z_3a71836f0fb0402ca73bb86152d1bd37,,,1,1,PedalPressed,Visual,2026-10-08T10:49:54.7350744Z,305.332878,298.482198,13175,5,1,OperatingTarget,0,0,1,35,Left,-1,-1,Correct,1,0.508965,1,0,-1.000000,TaskSwitchPedal,0,0.500000,0.200000,,0.100000,5.000000,10.000000,1007226408,301.886155,301.362156,301.377191,304.808879,304.823914,0.015035,305.332878,1,0,5,1,OperatingTarget,LiftUp,LiftUp.PickupLowering,LiftUp,LiftUp.PickupLowering,1,"{""pedalAxisName"":""TaskSwitchPedal"",""usePlusMinusKeys"":true,""positivePedalKey"":61,""negativePedalKey"":45,""invertPedalAxis"":false,""pressThreshold"":0.5,""releaseThreshold"":0.20000000298023225,""minimumIntervalSeconds"":5.0,""maximumIntervalSeconds"":10.0,""minimumValidReactionSeconds"":0.10000000149011612,""randomSeed"":1007226408}",,0,0.000000,0.508965,CorrectSidePress,1,0,0,-1,Correct,1,0.508965,305.332878,0.508965,0.000000,0,1,PlusMinusKeys,0,1
20261008T104449390Z_3a71836f0fb0402ca73bb86152d1bd37,,,1,1,TrialFinished,Visual,2026-10-08T10:49:54.7350744Z,305.332878,298.482198,13175,5,1,OperatingTarget,0,0,1,35,Left,-1,-1,Correct,1,0.508965,1,0,-1.000000,TaskSwitchPedal,0,0.500000,0.200000,,0.100000,5.000000,10.000000,1007226408,301.886155,301.362156,301.377191,304.808879,304.823914,0.015035,305.332878,0,0,5,1,OperatingTarget,LiftUp,LiftUp.PickupLowering,LiftUp,LiftUp.PickupLowering,1,"{""pedalAxisName"":""TaskSwitchPedal"",""usePlusMinusKeys"":true,""positivePedalKey"":61,""negativePedalKey"":45,""invertPedalAxis"":false,""pressThreshold"":0.5,""releaseThreshold"":0.20000000298023225,""minimumIntervalSeconds"":5.0,""maximumIntervalSeconds"":10.0,""minimumValidReactionSeconds"":0.10000000149011612,""randomSeed"":1007226408}",,0,0.000000,0.508965,CorrectSidePress,1,0,0,-1,Correct,1,0.508965,305.332878,0.508965,0.000000,0,1,PlusMinusKeys,0,1
20261008T104449390Z_3a71836f0fb0402ca73bb86152d1bd37,,,1,1,StimulusScheduled,Visual,2026-10-08T10:49:54.7361020Z,305.333491,298.482198,13175,5,1,OperatingTarget,0,0,1,36,Left,-1,,,,,0,0,-1.000000,TaskSwitchPedal,0,0.500000,0.200000,,0.100000,5.000000,10.000000,1007226408,301.886768,311.254242,,314.700965,,,,0,0,,,,,,LiftUp,LiftUp.PickupLowering,1,"{""pedalAxisName"":""TaskSwitchPedal"",""usePlusMinusKeys"":true,""positivePedalKey"":61,""negativePedalKey"":45,""invertPedalAxis"":false,""pressThreshold"":0.5,""releaseThreshold"":0.20000000298023225,""minimumIntervalSeconds"":5.0,""maximumIntervalSeconds"":10.0,""minimumValidReactionSeconds"":0.10000000149011612,""randomSeed"":1007226408}",,0,0.000000,,CorrectSidePress,0,0,0,,,,,,,0.000000,0,1,PlusMinusKeys,0,1
20261008T104449390Z_3a71836f0fb0402ca73bb86152d1bd37,,,1,1,StimulusOnsetObserved,Visual,2026-10-08T10:50:04.1406315Z,314.738545,307.885830,13512,5,1,OperatingTarget,0,0,1,36,Left,-1,,,,,1,0,0.000000,TaskSwitchPedal,0,0.500000,0.200000,,0.100000,5.000000,10.000000,1007226408,311.291821,311.254242,311.291821,314.700965,314.738545,0.037580,,1,0,5,1,OperatingTarget,LiftUp,LiftUp.LoadedRaising,LiftUp,LiftUp.LoadedRaising,1,"{""pedalAxisName"":""TaskSwitchPedal"",""usePlusMinusKeys"":true,""positivePedalKey"":61,""negativePedalKey"":45,""invertPedalAxis"":false,""pressThreshold"":0.5,""releaseThreshold"":0.20000000298023225,""minimumIntervalSeconds"":5.0,""maximumIntervalSeconds"":10.0,""minimumValidReactionSeconds"":0.10000000149011612,""randomSeed"":1007226408}",,0,0.000000,,CorrectSidePress,0,0,0,,,,,,,0.000000,0,0,Axis,0,1
20261008T104449390Z_3a71836f0fb0402ca73bb86152d1bd37,,,1,1,PedalPressed,Visual,2026-10-08T10:50:04.8421271Z,315.439724,308.589055,13536,5,1,OperatingTarget,0,0,1,36,Left,-1,-1,Correct,1,0.701180,1,0,-1.000000,TaskSwitchPedal,0,0.500000,0.200000,,0.100000,5.000000,10.000000,1007226408,311.993001,311.254242,311.291821,314.700965,314.738545,0.037580,315.439724,1,0,5,1,OperatingTarget,LiftUp,LiftUp.LoadedRaising,LiftUp,LiftUp.LoadedRaising,1,"{""pedalAxisName"":""TaskSwitchPedal"",""usePlusMinusKeys"":true,""positivePedalKey"":61,""negativePedalKey"":45,""invertPedalAxis"":false,""pressThreshold"":0.5,""releaseThreshold"":0.20000000298023225,""minimumIntervalSeconds"":5.0,""maximumIntervalSeconds"":10.0,""minimumValidReactionSeconds"":0.10000000149011612,""randomSeed"":1007226408}",,0,0.000000,0.701180,CorrectSidePress,1,0,0,-1,Correct,1,0.701180,315.439724,0.701180,0.000000,0,1,PlusMinusKeys,0,1
20261008T104449390Z_3a71836f0fb0402ca73bb86152d1bd37,,,1,1,TrialFinished,Visual,2026-10-08T10:50:04.8421271Z,315.439724,308.589055,13536,5,1,OperatingTarget,0,0,1,36,Left,-1,-1,Correct,1,0.701180,1,0,-1.000000,TaskSwitchPedal,0,0.500000,0.200000,,0.100000,5.000000,10.000000,1007226408,311.993001,311.254242,311.291821,314.700965,314.738545,0.037580,315.439724,0,0,5,1,OperatingTarget,LiftUp,LiftUp.LoadedRaising,LiftUp,LiftUp.LoadedRaising,1,"{""pedalAxisName"":""TaskSwitchPedal"",""usePlusMinusKeys"":true,""positivePedalKey"":61,""negativePedalKey"":45,""invertPedalAxis"":false,""pressThreshold"":0.5,""releaseThreshold"":0.20000000298023225,""minimumIntervalSeconds"":5.0,""maximumIntervalSeconds"":10.0,""minimumValidReactionSeconds"":0.10000000149011612,""randomSeed"":1007226408}",,0,0.000000,0.701180,CorrectSidePress,1,0,0,-1,Correct,1,0.701180,315.439724,0.701180,0.000000,0,1,PlusMinusKeys,0,1
20261008T104449390Z_3a71836f0fb0402ca73bb86152d1bd37,,,1,1,StimulusScheduled,Visual,2026-10-08T10:50:04.8421271Z,315.440049,308.589055,13536,5,1,OperatingTarget,0,0,1,37,Left,-1,,,,,0,0,-1.000000,TaskSwitchPedal,0,0.500000,0.200000,,0.100000,5.000000,10.000000,1007226408,311.993327,320.407483,,323.854206,,,,0,0,,,,,,LiftUp,LiftUp.LoadedRaising,1,"{""pedalAxisName"":""TaskSwitchPedal"",""usePlusMinusKeys"":true,""positivePedalKey"":61,""negativePedalKey"":45,""invertPedalAxis"":false,""pressThreshold"":0.5,""releaseThreshold"":0.20000000298023225,""minimumIntervalSeconds"":5.0,""maximumIntervalSeconds"":10.0,""minimumValidReactionSeconds"":0.10000000149011612,""randomSeed"":1007226408}",,0,0.000000,,CorrectSidePress,0,0,0,,,,,,,0.000000,0,1,PlusMinusKeys,0,1
20261008T104449390Z_3a71836f0fb0402ca73bb86152d1bd37,,,1,1,StimulusOnsetObserved,Visual,2026-10-08T10:50:13.2718325Z,323.869786,317.020007,13887,5,0,OperatingSource,0,0,1,37,Left,-1,,,,,1,0,0.000000,TaskSwitchPedal,0,0.500000,0.200000,,0.100000,5.000000,10.000000,1007226408,320.423063,320.407483,320.423063,323.854206,323.869786,0.015580,,1,0,5,0,OperatingSource,Move1,Move1.PickupCoarseMove,Move1,Move1.PickupCoarseMove,1,"{""pedalAxisName"":""TaskSwitchPedal"",""usePlusMinusKeys"":true,""positivePedalKey"":61,""negativePedalKey"":45,""invertPedalAxis"":false,""pressThreshold"":0.5,""releaseThreshold"":0.20000000298023225,""minimumIntervalSeconds"":5.0,""maximumIntervalSeconds"":10.0,""minimumValidReactionSeconds"":0.10000000149011612,""randomSeed"":1007226408}",,0,0.000000,,CorrectSidePress,0,0,0,,,,,,,0.000000,0,0,Axis,0,1
20261008T104449390Z_3a71836f0fb0402ca73bb86152d1bd37,,,1,1,PedalPressed,Visual,2026-10-08T10:50:15.4565426Z,326.054808,319.202745,13981,5,0,OperatingSource,0,0,1,37,Left,-1,-1,Correct,1,2.185022,1,0,-1.000000,TaskSwitchPedal,0,0.500000,0.200000,,0.100000,5.000000,10.000000,1007226408,322.608085,320.407483,320.423063,323.854206,323.869786,0.015580,326.054808,1,0,5,0,OperatingSource,Move1,Move1.PickupCoarseMove,Move1,Move1.PickupCoarseMove,1,"{""pedalAxisName"":""TaskSwitchPedal"",""usePlusMinusKeys"":true,""positivePedalKey"":61,""negativePedalKey"":45,""invertPedalAxis"":false,""pressThreshold"":0.5,""releaseThreshold"":0.20000000298023225,""minimumIntervalSeconds"":5.0,""maximumIntervalSeconds"":10.0,""minimumValidReactionSeconds"":0.10000000149011612,""randomSeed"":1007226408}",,0,0.000000,2.185023,CorrectSidePress,1,0,0,-1,Correct,1,2.185022,326.054808,2.185023,0.000000,0,1,PlusMinusKeys,0,1
20261008T104449390Z_3a71836f0fb0402ca73bb86152d1bd37,,,1,1,TrialFinished,Visual,2026-10-08T10:50:15.4565426Z,326.054808,319.202745,13981,5,0,OperatingSource,0,0,1,37,Left,-1,-1,Correct,1,2.185022,1,0,-1.000000,TaskSwitchPedal,0,0.500000,0.200000,,0.100000,5.000000,10.000000,1007226408,322.608085,320.407483,320.423063,323.854206,323.869786,0.015580,326.054808,0,0,5,0,OperatingSource,Move1,Move1.PickupCoarseMove,Move1,Move1.PickupCoarseMove,1,"{""pedalAxisName"":""TaskSwitchPedal"",""usePlusMinusKeys"":true,""positivePedalKey"":61,""negativePedalKey"":45,""invertPedalAxis"":false,""pressThreshold"":0.5,""releaseThreshold"":0.20000000298023225,""minimumIntervalSeconds"":5.0,""maximumIntervalSeconds"":10.0,""minimumValidReactionSeconds"":0.10000000149011612,""randomSeed"":1007226408}",,0,0.000000,2.185023,CorrectSidePress,1,0,0,-1,Correct,1,2.185022,326.054808,2.185023,0.000000,0,1,PlusMinusKeys,0,1
20261008T104449390Z_3a71836f0fb0402ca73bb86152d1bd37,,,1,1,StimulusScheduled,Visual,2026-10-08T10:50:15.4565426Z,326.055149,319.202745,13981,5,0,OperatingSource,0,0,1,38,Left,-1,,,,,0,0,-1.000000,TaskSwitchPedal,0,0.500000,0.200000,,0.100000,5.000000,10.000000,1007226408,322.608427,332.461665,,335.908388,,,,0,0,,,,,,Move1,Move1.PickupCoarseMove,1,"{""pedalAxisName"":""TaskSwitchPedal"",""usePlusMinusKeys"":true,""positivePedalKey"":61,""negativePedalKey"":45,""invertPedalAxis"":false,""pressThreshold"":0.5,""releaseThreshold"":0.20000000298023225,""minimumIntervalSeconds"":5.0,""maximumIntervalSeconds"":10.0,""minimumValidReactionSeconds"":0.10000000149011612,""randomSeed"":1007226408}",,0,0.000000,,CorrectSidePress,0,0,0,,,,,,,0.000000,0,1,PlusMinusKeys,0,1
20261008T104449390Z_3a71836f0fb0402ca73bb86152d1bd37,,,1,1,StimulusOnsetObserved,Visual,2026-10-08T10:50:25.3272291Z,335.924982,329.075154,14443,5,0,OperatingSource,0,0,1,38,Left,-1,,,,,1,0,0.000000,TaskSwitchPedal,0,0.500000,0.200000,,0.100000,5.000000,10.000000,1007226408,332.478259,332.461665,332.478259,335.908388,335.924982,0.016594,,1,0,5,0,OperatingSource,Move1,Move1.PickupCoarseMove,Move1,Move1.PickupCoarseMove,1,"{""pedalAxisName"":""TaskSwitchPedal"",""usePlusMinusKeys"":true,""positivePedalKey"":61,""negativePedalKey"":45,""invertPedalAxis"":false,""pressThreshold"":0.5,""releaseThreshold"":0.20000000298023225,""minimumIntervalSeconds"":5.0,""maximumIntervalSeconds"":10.0,""minimumValidReactionSeconds"":0.10000000149011612,""randomSeed"":1007226408}",,0,0.000000,,CorrectSidePress,0,0,0,,,,,,,0.000000,0,0,Axis,0,1
20261008T104449390Z_3a71836f0fb0402ca73bb86152d1bd37,,,1,1,PedalPressed,Visual,2026-10-08T10:50:26.1234105Z,336.721647,329.871667,14476,5,0,OperatingSource,0,0,1,38,Left,-1,-1,Correct,1,0.796665,1,0,-1.000000,TaskSwitchPedal,0,0.500000,0.200000,,0.100000,5.000000,10.000000,1007226408,333.274924,332.461665,332.478259,335.908388,335.924982,0.016594,336.721647,1,0,5,0,OperatingSource,Move1,Move1.PickupCoarseMove,Move1,Move1.PickupFineAlign,1,"{""pedalAxisName"":""TaskSwitchPedal"",""usePlusMinusKeys"":true,""positivePedalKey"":61,""negativePedalKey"":45,""invertPedalAxis"":false,""pressThreshold"":0.5,""releaseThreshold"":0.20000000298023225,""minimumIntervalSeconds"":5.0,""maximumIntervalSeconds"":10.0,""minimumValidReactionSeconds"":0.10000000149011612,""randomSeed"":1007226408}",,0,0.000000,0.796665,CorrectSidePress,1,0,0,-1,Correct,1,0.796665,336.721647,0.796665,0.000000,0,1,PlusMinusKeys,0,1
20261008T104449390Z_3a71836f0fb0402ca73bb86152d1bd37,,,1,1,TrialFinished,Visual,2026-10-08T10:50:26.1234105Z,336.721647,329.871667,14476,5,0,OperatingSource,0,0,1,38,Left,-1,-1,Correct,1,0.796665,1,0,-1.000000,TaskSwitchPedal,0,0.500000,0.200000,,0.100000,5.000000,10.000000,1007226408,333.274924,332.461665,332.478259,335.908388,335.924982,0.016594,336.721647,0,0,5,0,OperatingSource,Move1,Move1.PickupCoarseMove,Move1,Move1.PickupFineAlign,1,"{""pedalAxisName"":""TaskSwitchPedal"",""usePlusMinusKeys"":true,""positivePedalKey"":61,""negativePedalKey"":45,""invertPedalAxis"":false,""pressThreshold"":0.5,""releaseThreshold"":0.20000000298023225,""minimumIntervalSeconds"":5.0,""maximumIntervalSeconds"":10.0,""minimumValidReactionSeconds"":0.10000000149011612,""randomSeed"":1007226408}",,0,0.000000,0.796665,CorrectSidePress,1,0,0,-1,Correct,1,0.796665,336.721647,0.796665,0.000000,0,1,PlusMinusKeys,0,1
20261008T104449390Z_3a71836f0fb0402ca73bb86152d1bd37,,,1,1,StimulusScheduled,Visual,2026-10-08T10:50:26.1234105Z,336.721931,329.871667,14476,5,0,OperatingSource,0,0,1,39,Left,-1,,,,,0,0,-1.000000,TaskSwitchPedal,0,0.500000,0.200000,,0.100000,5.000000,10.000000,1007226408,333.275208,339.478356,,342.925079,,,,0,0,,,,,,Move1,Move1.PickupFineAlign,1,"{""pedalAxisName"":""TaskSwitchPedal"",""usePlusMinusKeys"":true,""positivePedalKey"":61,""negativePedalKey"":45,""invertPedalAxis"":false,""pressThreshold"":0.5,""releaseThreshold"":0.20000000298023225,""minimumIntervalSeconds"":5.0,""maximumIntervalSeconds"":10.0,""minimumValidReactionSeconds"":0.10000000149011612,""randomSeed"":1007226408}",,0,0.000000,,CorrectSidePress,0,0,0,,,,,,,0.000000,0,1,PlusMinusKeys,0,1
20261008T104449390Z_3a71836f0fb0402ca73bb86152d1bd37,,,1,1,StimulusOnsetObserved,Visual,2026-10-08T10:50:32.3483833Z,342.946578,336.095628,14703,5,0,OperatingSource,0,0,1,39,Left,-1,,,,,1,0,0.000000,TaskSwitchPedal,0,0.500000,0.200000,,0.100000,5.000000,10.000000,1007226408,339.499855,339.478356,339.499855,342.925079,342.946578,0.021499,,1,0,5,0,OperatingSource,LiftUp,LiftUp.PickupLowering,LiftUp,LiftUp.PickupLowering,1,"{""pedalAxisName"":""TaskSwitchPedal"",""usePlusMinusKeys"":true,""positivePedalKey"":61,""negativePedalKey"":45,""invertPedalAxis"":false,""pressThreshold"":0.5,""releaseThreshold"":0.20000000298023225,""minimumIntervalSeconds"":5.0,""maximumIntervalSeconds"":10.0,""minimumValidReactionSeconds"":0.10000000149011612,""randomSeed"":1007226408}",,0,0.000000,,CorrectSidePress,0,0,0,,,,,,,0.000000,0,0,Axis,0,1
20261008T104449390Z_3a71836f0fb0402ca73bb86152d1bd37,,,1,1,PedalPressed,Visual,2026-10-08T10:50:33.0135066Z,343.612063,336.761807,14727,5,0,OperatingSource,0,0,1,39,Left,-1,-1,Correct,1,0.665484,1,0,-1.000000,TaskSwitchPedal,0,0.500000,0.200000,,0.100000,5.000000,10.000000,1007226408,340.165340,339.478356,339.499855,342.925079,342.946578,0.021499,343.612063,1,0,5,0,OperatingSource,LiftUp,LiftUp.PickupLowering,LiftUp,LiftUp.PickupLowering,1,"{""pedalAxisName"":""TaskSwitchPedal"",""usePlusMinusKeys"":true,""positivePedalKey"":61,""negativePedalKey"":45,""invertPedalAxis"":false,""pressThreshold"":0.5,""releaseThreshold"":0.20000000298023225,""minimumIntervalSeconds"":5.0,""maximumIntervalSeconds"":10.0,""minimumValidReactionSeconds"":0.10000000149011612,""randomSeed"":1007226408}",,0,0.000000,0.665484,CorrectSidePress,1,0,0,-1,Correct,1,0.665484,343.612063,0.665484,0.000000,0,1,PlusMinusKeys,0,1
20261008T104449390Z_3a71836f0fb0402ca73bb86152d1bd37,,,1,1,TrialFinished,Visual,2026-10-08T10:50:33.0148029Z,343.612063,336.761807,14727,5,0,OperatingSource,0,0,1,39,Left,-1,-1,Correct,1,0.665484,1,0,-1.000000,TaskSwitchPedal,0,0.500000,0.200000,,0.100000,5.000000,10.000000,1007226408,340.165340,339.478356,339.499855,342.925079,342.946578,0.021499,343.612063,0,0,5,0,OperatingSource,LiftUp,LiftUp.PickupLowering,LiftUp,LiftUp.PickupLowering,1,"{""pedalAxisName"":""TaskSwitchPedal"",""usePlusMinusKeys"":true,""positivePedalKey"":61,""negativePedalKey"":45,""invertPedalAxis"":false,""pressThreshold"":0.5,""releaseThreshold"":0.20000000298023225,""minimumIntervalSeconds"":5.0,""maximumIntervalSeconds"":10.0,""minimumValidReactionSeconds"":0.10000000149011612,""randomSeed"":1007226408}",,0,0.000000,0.665484,CorrectSidePress,1,0,0,-1,Correct,1,0.665484,343.612063,0.665484,0.000000,0,1,PlusMinusKeys,0,1
20261008T104449390Z_3a71836f0fb0402ca73bb86152d1bd37,,,1,1,StimulusScheduled,Visual,2026-10-08T10:50:33.0148029Z,343.612532,336.761807,14727,5,0,OperatingSource,0,0,1,40,Right,1,,,,,0,0,-1.000000,TaskSwitchPedal,0,0.500000,0.200000,,0.100000,5.000000,10.000000,1007226408,340.165809,347.292572,,350.739295,,,,0,0,,,,,,LiftUp,LiftUp.PickupLowering,1,"{""pedalAxisName"":""TaskSwitchPedal"",""usePlusMinusKeys"":true,""positivePedalKey"":61,""negativePedalKey"":45,""invertPedalAxis"":false,""pressThreshold"":0.5,""releaseThreshold"":0.20000000298023225,""minimumIntervalSeconds"":5.0,""maximumIntervalSeconds"":10.0,""minimumValidReactionSeconds"":0.10000000149011612,""randomSeed"":1007226408}",,0,0.000000,,CorrectSidePress,0,0,0,,,,,,,0.000000,0,1,PlusMinusKeys,0,1
20261008T104449390Z_3a71836f0fb0402ca73bb86152d1bd37,,,1,1,StimulusOnsetObserved,Visual,2026-10-08T10:50:40.1497880Z,350.747572,343.893804,14967,5,0,OperatingSource,0,0,1,40,Right,1,,,,,1,0,0.000000,TaskSwitchPedal,0,0.500000,0.200000,,0.100000,5.000000,10.000000,1007226408,347.300849,347.292572,347.300849,350.739295,350.747572,0.008277,,0,1,5,0,OperatingSource,LiftUp,LiftUp.LoadedRaising,LiftUp,LiftUp.LoadedRaising,1,"{""pedalAxisName"":""TaskSwitchPedal"",""usePlusMinusKeys"":true,""positivePedalKey"":61,""negativePedalKey"":45,""invertPedalAxis"":false,""pressThreshold"":0.5,""releaseThreshold"":0.20000000298023225,""minimumIntervalSeconds"":5.0,""maximumIntervalSeconds"":10.0,""minimumValidReactionSeconds"":0.10000000149011612,""randomSeed"":1007226408}",,0,0.000000,,CorrectSidePress,0,0,0,,,,,,,0.000000,0,0,Axis,0,1
20261008T104449390Z_3a71836f0fb0402ca73bb86152d1bd37,,,1,1,PedalPressed,Visual,2026-10-08T10:50:40.7085569Z,351.305970,344.455635,14986,5,0,OperatingSource,0,0,1,40,Right,1,1,Correct,1,0.558397,1,0,1.000000,TaskSwitchPedal,0,0.500000,0.200000,,0.100000,5.000000,10.000000,1007226408,347.859246,347.292572,347.300849,350.739295,350.747572,0.008277,351.305970,0,1,5,0,OperatingSource,LiftUp,LiftUp.LoadedRaising,LiftUp,LiftUp.LoadedRaising,1,"{""pedalAxisName"":""TaskSwitchPedal"",""usePlusMinusKeys"":true,""positivePedalKey"":61,""negativePedalKey"":45,""invertPedalAxis"":false,""pressThreshold"":0.5,""releaseThreshold"":0.20000000298023225,""minimumIntervalSeconds"":5.0,""maximumIntervalSeconds"":10.0,""minimumValidReactionSeconds"":0.10000000149011612,""randomSeed"":1007226408}",,0,0.000000,0.558397,CorrectSidePress,1,0,0,1,Correct,1,0.558397,351.305970,0.558397,0.000000,1,0,PlusMinusKeys,0,1
20261008T104449390Z_3a71836f0fb0402ca73bb86152d1bd37,,,1,1,TrialFinished,Visual,2026-10-08T10:50:40.7085569Z,351.305970,344.455635,14986,5,0,OperatingSource,0,0,1,40,Right,1,1,Correct,1,0.558397,1,0,1.000000,TaskSwitchPedal,0,0.500000,0.200000,,0.100000,5.000000,10.000000,1007226408,347.859246,347.292572,347.300849,350.739295,350.747572,0.008277,351.305970,0,0,5,0,OperatingSource,LiftUp,LiftUp.LoadedRaising,LiftUp,LiftUp.LoadedRaising,1,"{""pedalAxisName"":""TaskSwitchPedal"",""usePlusMinusKeys"":true,""positivePedalKey"":61,""negativePedalKey"":45,""invertPedalAxis"":false,""pressThreshold"":0.5,""releaseThreshold"":0.20000000298023225,""minimumIntervalSeconds"":5.0,""maximumIntervalSeconds"":10.0,""minimumValidReactionSeconds"":0.10000000149011612,""randomSeed"":1007226408}",,0,0.000000,0.558397,CorrectSidePress,1,0,0,1,Correct,1,0.558397,351.305970,0.558397,0.000000,1,0,PlusMinusKeys,0,1
20261008T104449390Z_3a71836f0fb0402ca73bb86152d1bd37,,,1,1,StimulusScheduled,Visual,2026-10-08T10:50:40.7085569Z,351.306474,344.455635,14986,5,0,OperatingSource,0,0,1,41,Right,1,,,,,0,0,1.000000,TaskSwitchPedal,0,0.500000,0.200000,,0.100000,5.000000,10.000000,1007226408,347.859751,357.487850,,360.934573,,,,0,0,,,,,,LiftUp,LiftUp.LoadedRaising,1,"{""pedalAxisName"":""TaskSwitchPedal"",""usePlusMinusKeys"":true,""positivePedalKey"":61,""negativePedalKey"":45,""invertPedalAxis"":false,""pressThreshold"":0.5,""releaseThreshold"":0.20000000298023225,""minimumIntervalSeconds"":5.0,""maximumIntervalSeconds"":10.0,""minimumValidReactionSeconds"":0.10000000149011612,""randomSeed"":1007226408}",,0,0.000000,,CorrectSidePress,0,0,0,,,,,,,0.000000,1,0,PlusMinusKeys,0,1
20261008T104449390Z_3a71836f0fb0402ca73bb86152d1bd37,,,1,1,StimulusOnsetObserved,Visual,2026-10-08T10:50:50.3528374Z,360.950473,354.097839,15309,5,0,OperatingSource,0,0,1,41,Right,1,,,,,1,0,0.000000,TaskSwitchPedal,0,0.500000,0.200000,,0.100000,5.000000,10.000000,1007226408,357.503750,357.487850,357.503750,360.934573,360.950473,0.015900,,0,1,5,0,OperatingSource,Move2,Move2.DestinationCoarseMove,Move2,Move2.DestinationCoarseMove,1,"{""pedalAxisName"":""TaskSwitchPedal"",""usePlusMinusKeys"":true,""positivePedalKey"":61,""negativePedalKey"":45,""invertPedalAxis"":false,""pressThreshold"":0.5,""releaseThreshold"":0.20000000298023225,""minimumIntervalSeconds"":5.0,""maximumIntervalSeconds"":10.0,""minimumValidReactionSeconds"":0.10000000149011612,""randomSeed"":1007226408}",,0,0.000000,,CorrectSidePress,0,0,0,,,,,,,0.000000,0,0,Axis,0,1
20261008T104449390Z_3a71836f0fb0402ca73bb86152d1bd37,,,1,1,PedalPressed,Visual,2026-10-08T10:50:50.9061353Z,361.503838,354.653956,15330,5,0,OperatingSource,0,0,1,41,Right,1,1,Correct,1,0.553364,1,0,1.000000,TaskSwitchPedal,0,0.500000,0.200000,,0.100000,5.000000,10.000000,1007226408,358.057115,357.487850,357.503750,360.934573,360.950473,0.015900,361.503838,0,1,5,0,OperatingSource,Move2,Move2.DestinationCoarseMove,Move2,Move2.DestinationCoarseMove,1,"{""pedalAxisName"":""TaskSwitchPedal"",""usePlusMinusKeys"":true,""positivePedalKey"":61,""negativePedalKey"":45,""invertPedalAxis"":false,""pressThreshold"":0.5,""releaseThreshold"":0.20000000298023225,""minimumIntervalSeconds"":5.0,""maximumIntervalSeconds"":10.0,""minimumValidReactionSeconds"":0.10000000149011612,""randomSeed"":1007226408}",,0,0.000000,0.553364,CorrectSidePress,1,0,0,1,Correct,1,0.553364,361.503838,0.553364,0.000000,1,0,PlusMinusKeys,0,1
20261008T104449390Z_3a71836f0fb0402ca73bb86152d1bd37,,,1,1,TrialFinished,Visual,2026-10-08T10:50:50.9061353Z,361.503838,354.653956,15330,5,0,OperatingSource,0,0,1,41,Right,1,1,Correct,1,0.553364,1,0,1.000000,TaskSwitchPedal,0,0.500000,0.200000,,0.100000,5.000000,10.000000,1007226408,358.057115,357.487850,357.503750,360.934573,360.950473,0.015900,361.503838,0,0,5,0,OperatingSource,Move2,Move2.DestinationCoarseMove,Move2,Move2.DestinationCoarseMove,1,"{""pedalAxisName"":""TaskSwitchPedal"",""usePlusMinusKeys"":true,""positivePedalKey"":61,""negativePedalKey"":45,""invertPedalAxis"":false,""pressThreshold"":0.5,""releaseThreshold"":0.20000000298023225,""minimumIntervalSeconds"":5.0,""maximumIntervalSeconds"":10.0,""minimumValidReactionSeconds"":0.10000000149011612,""randomSeed"":1007226408}",,0,0.000000,0.553364,CorrectSidePress,1,0,0,1,Correct,1,0.553364,361.503838,0.553364,0.000000,1,0,PlusMinusKeys,0,1
20261008T104449390Z_3a71836f0fb0402ca73bb86152d1bd37,,,1,1,StimulusScheduled,Visual,2026-10-08T10:50:50.9061353Z,361.504223,354.653956,15330,5,0,OperatingSource,0,0,1,42,Left,-1,,,,,0,0,1.000000,TaskSwitchPedal,0,0.500000,0.200000,,0.100000,5.000000,10.000000,1007226408,358.057500,364.637749,,368.084471,,,,0,0,,,,,,Move2,Move2.DestinationCoarseMove,1,"{""pedalAxisName"":""TaskSwitchPedal"",""usePlusMinusKeys"":true,""positivePedalKey"":61,""negativePedalKey"":45,""invertPedalAxis"":false,""pressThreshold"":0.5,""releaseThreshold"":0.20000000298023225,""minimumIntervalSeconds"":5.0,""maximumIntervalSeconds"":10.0,""minimumValidReactionSeconds"":0.10000000149011612,""randomSeed"":1007226408}",,0,0.000000,,CorrectSidePress,0,0,0,,,,,,,0.000000,1,0,PlusMinusKeys,0,1
20261008T104449390Z_3a71836f0fb0402ca73bb86152d1bd37,,,1,1,StimulusOnsetObserved,Visual,2026-10-08T10:50:57.5331043Z,368.130606,361.278129,15561,5,0,OperatingSource,0,0,1,42,Left,-1,,,,,1,0,0.000000,TaskSwitchPedal,0,0.500000,0.200000,,0.100000,5.000000,10.000000,1007226408,364.683883,364.637749,364.683883,368.084471,368.130606,0.046135,,1,0,5,0,OperatingSource,Move2,Move2.DestinationFineAlign,Move2,Move2.DestinationFineAlign,1,"{""pedalAxisName"":""TaskSwitchPedal"",""usePlusMinusKeys"":true,""positivePedalKey"":61,""negativePedalKey"":45,""invertPedalAxis"":false,""pressThreshold"":0.5,""releaseThreshold"":0.20000000298023225,""minimumIntervalSeconds"":5.0,""maximumIntervalSeconds"":10.0,""minimumValidReactionSeconds"":0.10000000149011612,""randomSeed"":1007226408}",,0,0.000000,,CorrectSidePress,0,0,0,,,,,,,0.000000,0,0,Axis,0,1
20261008T104449390Z_3a71836f0fb0402ca73bb86152d1bd37,,,1,1,PedalPressed,Visual,2026-10-08T10:50:58.7244446Z,369.322003,362.470527,15599,5,0,OperatingSource,0,0,1,42,Left,-1,-1,Correct,1,1.191397,1,0,-1.000000,TaskSwitchPedal,0,0.500000,0.200000,,0.100000,5.000000,10.000000,1007226408,365.875280,364.637749,364.683883,368.084471,368.130606,0.046135,369.322003,1,0,5,0,OperatingSource,Move2,Move2.DestinationFineAlign,Place,Place.PlacementLowering,1,"{""pedalAxisName"":""TaskSwitchPedal"",""usePlusMinusKeys"":true,""positivePedalKey"":61,""negativePedalKey"":45,""invertPedalAxis"":false,""pressThreshold"":0.5,""releaseThreshold"":0.20000000298023225,""minimumIntervalSeconds"":5.0,""maximumIntervalSeconds"":10.0,""minimumValidReactionSeconds"":0.10000000149011612,""randomSeed"":1007226408}",,0,0.000000,1.191397,CorrectSidePress,1,0,0,-1,Correct,1,1.191397,369.322003,1.191397,0.000000,0,1,PlusMinusKeys,0,1
20261008T104449390Z_3a71836f0fb0402ca73bb86152d1bd37,,,1,1,TrialFinished,Visual,2026-10-08T10:50:58.7244446Z,369.322003,362.470527,15599,5,0,OperatingSource,0,0,1,42,Left,-1,-1,Correct,1,1.191397,1,0,-1.000000,TaskSwitchPedal,0,0.500000,0.200000,,0.100000,5.000000,10.000000,1007226408,365.875280,364.637749,364.683883,368.084471,368.130606,0.046135,369.322003,0,0,5,0,OperatingSource,Move2,Move2.DestinationFineAlign,Place,Place.PlacementLowering,1,"{""pedalAxisName"":""TaskSwitchPedal"",""usePlusMinusKeys"":true,""positivePedalKey"":61,""negativePedalKey"":45,""invertPedalAxis"":false,""pressThreshold"":0.5,""releaseThreshold"":0.20000000298023225,""minimumIntervalSeconds"":5.0,""maximumIntervalSeconds"":10.0,""minimumValidReactionSeconds"":0.10000000149011612,""randomSeed"":1007226408}",,0,0.000000,1.191397,CorrectSidePress,1,0,0,-1,Correct,1,1.191397,369.322003,1.191397,0.000000,0,1,PlusMinusKeys,0,1
20261008T104449390Z_3a71836f0fb0402ca73bb86152d1bd37,,,1,1,StimulusScheduled,Visual,2026-10-08T10:50:58.7249702Z,369.322452,362.470527,15599,5,0,OperatingSource,0,0,1,43,Right,1,,,,,0,0,-1.000000,TaskSwitchPedal,0,0.500000,0.200000,,0.100000,5.000000,10.000000,1007226408,365.875728,371.942961,,375.389684,,,,0,0,,,,,,Place,Place.PlacementLowering,1,"{""pedalAxisName"":""TaskSwitchPedal"",""usePlusMinusKeys"":true,""positivePedalKey"":61,""negativePedalKey"":45,""invertPedalAxis"":false,""pressThreshold"":0.5,""releaseThreshold"":0.20000000298023225,""minimumIntervalSeconds"":5.0,""maximumIntervalSeconds"":10.0,""minimumValidReactionSeconds"":0.10000000149011612,""randomSeed"":1007226408}",,0,0.000000,,CorrectSidePress,0,0,0,,,,,,,0.000000,0,1,PlusMinusKeys,0,1
20261008T104449390Z_3a71836f0fb0402ca73bb86152d1bd37,,,1,1,StimulusOnsetObserved,Visual,2026-10-08T10:51:04.7919359Z,375.389915,368.537225,15788,5,0,OperatingSource,0,0,1,43,Right,1,,,,,1,0,0.000000,TaskSwitchPedal,0,0.500000,0.200000,,0.100000,5.000000,10.000000,1007226408,371.943192,371.942961,371.943192,375.389684,375.389915,0.000231,,0,1,5,0,OperatingSource,Place,Place.LoadRelease,Place,Place.LoadRelease,1,"{""pedalAxisName"":""TaskSwitchPedal"",""usePlusMinusKeys"":true,""positivePedalKey"":61,""negativePedalKey"":45,""invertPedalAxis"":false,""pressThreshold"":0.5,""releaseThreshold"":0.20000000298023225,""minimumIntervalSeconds"":5.0,""maximumIntervalSeconds"":10.0,""minimumValidReactionSeconds"":0.10000000149011612,""randomSeed"":1007226408}",,0,0.000000,,CorrectSidePress,0,0,0,,,,,,,0.000000,0,0,Axis,0,1
20261008T104449390Z_3a71836f0fb0402ca73bb86152d1bd37,,,1,1,PedalPressed,Visual,2026-10-08T10:51:05.5545243Z,376.152777,369.301371,15810,6,0,WaitingForPhaseBoundary,0,0,1,43,Right,1,1,Correct,1,0.762862,1,0,1.000000,TaskSwitchPedal,0,0.500000,0.200000,,0.100000,5.000000,10.000000,1007226408,372.706054,371.942961,371.943192,375.389684,375.389915,0.000231,376.152777,0,1,5,0,OperatingSource,Place,Place.LoadRelease,Place,Place.PostPlacementRaising,1,"{""pedalAxisName"":""TaskSwitchPedal"",""usePlusMinusKeys"":true,""positivePedalKey"":61,""negativePedalKey"":45,""invertPedalAxis"":false,""pressThreshold"":0.5,""releaseThreshold"":0.20000000298023225,""minimumIntervalSeconds"":5.0,""maximumIntervalSeconds"":10.0,""minimumValidReactionSeconds"":0.10000000149011612,""randomSeed"":1007226408}",,0,0.000000,0.762862,CorrectSidePress,1,0,0,1,Correct,1,0.762862,376.152777,0.762862,0.000000,1,0,PlusMinusKeys,0,1
20261008T104449390Z_3a71836f0fb0402ca73bb86152d1bd37,,,1,1,TrialFinished,Visual,2026-10-08T10:51:05.5545243Z,376.152777,369.301371,15810,6,0,WaitingForPhaseBoundary,0,0,1,43,Right,1,1,Correct,1,0.762862,1,0,1.000000,TaskSwitchPedal,0,0.500000,0.200000,,0.100000,5.000000,10.000000,1007226408,372.706054,371.942961,371.943192,375.389684,375.389915,0.000231,376.152777,0,0,5,0,OperatingSource,Place,Place.LoadRelease,Place,Place.PostPlacementRaising,1,"{""pedalAxisName"":""TaskSwitchPedal"",""usePlusMinusKeys"":true,""positivePedalKey"":61,""negativePedalKey"":45,""invertPedalAxis"":false,""pressThreshold"":0.5,""releaseThreshold"":0.20000000298023225,""minimumIntervalSeconds"":5.0,""maximumIntervalSeconds"":10.0,""minimumValidReactionSeconds"":0.10000000149011612,""randomSeed"":1007226408}",,0,0.000000,0.762862,CorrectSidePress,1,0,0,1,Correct,1,0.762862,376.152777,0.762862,0.000000,1,0,PlusMinusKeys,0,1
20261008T104449390Z_3a71836f0fb0402ca73bb86152d1bd37,,,1,1,StimulusScheduled,Visual,2026-10-08T10:51:05.5545243Z,376.153108,369.301371,15810,6,0,WaitingForPhaseBoundary,0,0,1,44,Left,-1,,,,,0,0,1.000000,TaskSwitchPedal,0,0.500000,0.200000,,0.100000,5.000000,10.000000,1007226408,372.706386,378.193835,,381.640557,,,,0,0,,,,,,Place,Place.PostPlacementRaising,1,"{""pedalAxisName"":""TaskSwitchPedal"",""usePlusMinusKeys"":true,""positivePedalKey"":61,""negativePedalKey"":45,""invertPedalAxis"":false,""pressThreshold"":0.5,""releaseThreshold"":0.20000000298023225,""minimumIntervalSeconds"":5.0,""maximumIntervalSeconds"":10.0,""minimumValidReactionSeconds"":0.10000000149011612,""randomSeed"":1007226408}",,0,0.000000,,CorrectSidePress,0,0,0,,,,,,,0.000000,1,0,PlusMinusKeys,0,1
20261008T104449390Z_3a71836f0fb0402ca73bb86152d1bd37,,,1,1,StimulusOnsetObserved,Visual,2026-10-08T10:51:11.0528972Z,381.650908,374.801237,16055,6,1,WaitingForConfirmation,1,0,1,44,Left,-1,,,,,1,0,0.000000,TaskSwitchPedal,0,0.500000,0.200000,,0.100000,5.000000,10.000000,1007226408,378.204185,378.193835,378.204185,381.640557,381.650908,0.010350,,1,0,6,1,WaitingForConfirmation,LiftUp,,LiftUp,,1,"{""pedalAxisName"":""TaskSwitchPedal"",""usePlusMinusKeys"":true,""positivePedalKey"":61,""negativePedalKey"":45,""invertPedalAxis"":false,""pressThreshold"":0.5,""releaseThreshold"":0.20000000298023225,""minimumIntervalSeconds"":5.0,""maximumIntervalSeconds"":10.0,""minimumValidReactionSeconds"":0.10000000149011612,""randomSeed"":1007226408}",,0,0.000000,,CorrectSidePress,0,0,0,,,,,,,0.000000,0,0,Axis,0,1
20261008T104449390Z_3a71836f0fb0402ca73bb86152d1bd37,,,1,1,PedalPressed,Visual,2026-10-08T10:51:11.9243403Z,382.522638,375.672946,16090,6,1,OperatingTarget,0,0,1,44,Left,-1,-1,Correct,1,0.871731,1,0,-1.000000,TaskSwitchPedal,0,0.500000,0.200000,,0.100000,5.000000,10.000000,1007226408,379.075915,378.193835,378.204185,381.640557,381.650908,0.010350,382.522638,1,0,6,1,WaitingForConfirmation,LiftUp,,Move2,Move2.DestinationCoarseMove,1,"{""pedalAxisName"":""TaskSwitchPedal"",""usePlusMinusKeys"":true,""positivePedalKey"":61,""negativePedalKey"":45,""invertPedalAxis"":false,""pressThreshold"":0.5,""releaseThreshold"":0.20000000298023225,""minimumIntervalSeconds"":5.0,""maximumIntervalSeconds"":10.0,""minimumValidReactionSeconds"":0.10000000149011612,""randomSeed"":1007226408}",,0,0.000000,0.871730,CorrectSidePress,1,0,0,-1,Correct,1,0.871731,382.522638,0.871730,0.000000,0,1,PlusMinusKeys,0,1
20261008T104449390Z_3a71836f0fb0402ca73bb86152d1bd37,,,1,1,TrialFinished,Visual,2026-10-08T10:51:11.9243403Z,382.522638,375.672946,16090,6,1,OperatingTarget,0,0,1,44,Left,-1,-1,Correct,1,0.871731,1,0,-1.000000,TaskSwitchPedal,0,0.500000,0.200000,,0.100000,5.000000,10.000000,1007226408,379.075915,378.193835,378.204185,381.640557,381.650908,0.010350,382.522638,0,0,6,1,WaitingForConfirmation,LiftUp,,Move2,Move2.DestinationCoarseMove,1,"{""pedalAxisName"":""TaskSwitchPedal"",""usePlusMinusKeys"":true,""positivePedalKey"":61,""negativePedalKey"":45,""invertPedalAxis"":false,""pressThreshold"":0.5,""releaseThreshold"":0.20000000298023225,""minimumIntervalSeconds"":5.0,""maximumIntervalSeconds"":10.0,""minimumValidReactionSeconds"":0.10000000149011612,""randomSeed"":1007226408}",,0,0.000000,0.871730,CorrectSidePress,1,0,0,-1,Correct,1,0.871731,382.522638,0.871730,0.000000,0,1,PlusMinusKeys,0,1
20261008T104449390Z_3a71836f0fb0402ca73bb86152d1bd37,,,1,1,StimulusScheduled,Visual,2026-10-08T10:51:11.9254448Z,382.523004,375.672946,16090,6,1,OperatingTarget,0,0,1,45,Left,-1,,,,,0,0,-1.000000,TaskSwitchPedal,0,0.500000,0.200000,,0.100000,5.000000,10.000000,1007226408,379.076281,387.006719,,390.453442,,,,0,0,,,,,,Move2,Move2.DestinationCoarseMove,1,"{""pedalAxisName"":""TaskSwitchPedal"",""usePlusMinusKeys"":true,""positivePedalKey"":61,""negativePedalKey"":45,""invertPedalAxis"":false,""pressThreshold"":0.5,""releaseThreshold"":0.20000000298023225,""minimumIntervalSeconds"":5.0,""maximumIntervalSeconds"":10.0,""minimumValidReactionSeconds"":0.10000000149011612,""randomSeed"":1007226408}",,0,0.000000,,CorrectSidePress,0,0,0,,,,,,,0.000000,0,1,PlusMinusKeys,0,1
20261008T104449390Z_3a71836f0fb0402ca73bb86152d1bd37,,,1,1,StimulusOnsetObserved,Visual,2026-10-08T10:51:19.8625842Z,390.461438,383.607813,16391,6,1,OperatingTarget,0,0,1,45,Left,-1,,,,,1,0,0.000000,TaskSwitchPedal,0,0.500000,0.200000,,0.100000,5.000000,10.000000,1007226408,387.014715,387.006719,387.014715,390.453442,390.461438,0.007996,,1,0,6,1,OperatingTarget,Place,Place.PlacementLowering,Place,Place.PlacementLowering,1,"{""pedalAxisName"":""TaskSwitchPedal"",""usePlusMinusKeys"":true,""positivePedalKey"":61,""negativePedalKey"":45,""invertPedalAxis"":false,""pressThreshold"":0.5,""releaseThreshold"":0.20000000298023225,""minimumIntervalSeconds"":5.0,""maximumIntervalSeconds"":10.0,""minimumValidReactionSeconds"":0.10000000149011612,""randomSeed"":1007226408}",,0,0.000000,,CorrectSidePress,0,0,0,,,,,,,0.000000,0,0,Axis,0,1
20261008T104449390Z_3a71836f0fb0402ca73bb86152d1bd37,,,1,1,PedalPressed,Visual,2026-10-08T10:51:20.4368606Z,391.035050,384.183051,16409,6,1,OperatingTarget,0,0,1,45,Left,-1,-1,Correct,1,0.573612,1,0,-1.000000,TaskSwitchPedal,0,0.500000,0.200000,,0.100000,5.000000,10.000000,1007226408,387.588327,387.006719,387.014715,390.453442,390.461438,0.007996,391.035050,1,0,6,1,OperatingTarget,Place,Place.PlacementLowering,Place,Place.PlacementLowering,1,"{""pedalAxisName"":""TaskSwitchPedal"",""usePlusMinusKeys"":true,""positivePedalKey"":61,""negativePedalKey"":45,""invertPedalAxis"":false,""pressThreshold"":0.5,""releaseThreshold"":0.20000000298023225,""minimumIntervalSeconds"":5.0,""maximumIntervalSeconds"":10.0,""minimumValidReactionSeconds"":0.10000000149011612,""randomSeed"":1007226408}",,0,0.000000,0.573612,CorrectSidePress,1,0,0,-1,Correct,1,0.573612,391.035050,0.573612,0.000000,0,1,PlusMinusKeys,0,1
20261008T104449390Z_3a71836f0fb0402ca73bb86152d1bd37,,,1,1,TrialFinished,Visual,2026-10-08T10:51:20.4368606Z,391.035050,384.183051,16409,6,1,OperatingTarget,0,0,1,45,Left,-1,-1,Correct,1,0.573612,1,0,-1.000000,TaskSwitchPedal,0,0.500000,0.200000,,0.100000,5.000000,10.000000,1007226408,387.588327,387.006719,387.014715,390.453442,390.461438,0.007996,391.035050,0,0,6,1,OperatingTarget,Place,Place.PlacementLowering,Place,Place.PlacementLowering,1,"{""pedalAxisName"":""TaskSwitchPedal"",""usePlusMinusKeys"":true,""positivePedalKey"":61,""negativePedalKey"":45,""invertPedalAxis"":false,""pressThreshold"":0.5,""releaseThreshold"":0.20000000298023225,""minimumIntervalSeconds"":5.0,""maximumIntervalSeconds"":10.0,""minimumValidReactionSeconds"":0.10000000149011612,""randomSeed"":1007226408}",,0,0.000000,0.573612,CorrectSidePress,1,0,0,-1,Correct,1,0.573612,391.035050,0.573612,0.000000,0,1,PlusMinusKeys,0,1
20261008T104449390Z_3a71836f0fb0402ca73bb86152d1bd37,,,1,1,StimulusScheduled,Visual,2026-10-08T10:51:20.4368606Z,391.035470,384.183051,16409,6,1,OperatingTarget,0,0,1,46,Right,1,,,,,0,0,-1.000000,TaskSwitchPedal,0,0.500000,0.200000,,0.100000,5.000000,10.000000,1007226408,387.588747,392.757205,,396.203928,,,,0,0,,,,,,Place,Place.PlacementLowering,1,"{""pedalAxisName"":""TaskSwitchPedal"",""usePlusMinusKeys"":true,""positivePedalKey"":61,""negativePedalKey"":45,""invertPedalAxis"":false,""pressThreshold"":0.5,""releaseThreshold"":0.20000000298023225,""minimumIntervalSeconds"":5.0,""maximumIntervalSeconds"":10.0,""minimumValidReactionSeconds"":0.10000000149011612,""randomSeed"":1007226408}",,0,0.000000,,CorrectSidePress,0,0,0,,,,,,,0.000000,0,1,PlusMinusKeys,0,1
20261008T104449390Z_3a71836f0fb0402ca73bb86152d1bd37,,,1,1,StimulusOnsetObserved,Visual,2026-10-08T10:51:25.6069790Z,396.205324,389.354748,16573,6,1,OperatingTarget,0,0,1,46,Right,1,,,,,1,0,0.000000,TaskSwitchPedal,0,0.500000,0.200000,,0.100000,5.000000,10.000000,1007226408,392.758600,392.757205,392.758600,396.203928,396.205324,0.001396,,0,1,6,1,OperatingTarget,Place,Place.PlacementLowering,Place,Place.PlacementLowering,1,"{""pedalAxisName"":""TaskSwitchPedal"",""usePlusMinusKeys"":true,""positivePedalKey"":61,""negativePedalKey"":45,""invertPedalAxis"":false,""pressThreshold"":0.5,""releaseThreshold"":0.20000000298023225,""minimumIntervalSeconds"":5.0,""maximumIntervalSeconds"":10.0,""minimumValidReactionSeconds"":0.10000000149011612,""randomSeed"":1007226408}",,0,0.000000,,CorrectSidePress,0,0,0,,,,,,,0.000000,0,0,Axis,0,1
20261008T104449390Z_3a71836f0fb0402ca73bb86152d1bd37,,,1,1,PedalPressed,Visual,2026-10-08T10:51:26.2096300Z,396.807380,389.953853,16591,6,1,OperatingTarget,0,0,1,46,Right,1,1,Correct,1,0.602039,1,0,1.000000,TaskSwitchPedal,0,0.500000,0.200000,,0.100000,5.000000,10.000000,1007226408,393.360639,392.757205,392.758600,396.203928,396.205324,0.001396,396.807380,0,1,6,1,OperatingTarget,Place,Place.PlacementLowering,Place,Place.PlacementLowering,1,"{""pedalAxisName"":""TaskSwitchPedal"",""usePlusMinusKeys"":true,""positivePedalKey"":61,""negativePedalKey"":45,""invertPedalAxis"":false,""pressThreshold"":0.5,""releaseThreshold"":0.20000000298023225,""minimumIntervalSeconds"":5.0,""maximumIntervalSeconds"":10.0,""minimumValidReactionSeconds"":0.10000000149011612,""randomSeed"":1007226408}",,0,0.000000,0.602056,CorrectSidePress,1,0,0,1,Correct,1,0.602039,396.807380,0.602056,0.000000,1,0,PlusMinusKeys,0,1
20261008T104449390Z_3a71836f0fb0402ca73bb86152d1bd37,,,1,1,TrialFinished,Visual,2026-10-08T10:51:26.2096300Z,396.807380,389.953853,16591,6,1,OperatingTarget,0,0,1,46,Right,1,1,Correct,1,0.602039,1,0,1.000000,TaskSwitchPedal,0,0.500000,0.200000,,0.100000,5.000000,10.000000,1007226408,393.360639,392.757205,392.758600,396.203928,396.205324,0.001396,396.807380,0,0,6,1,OperatingTarget,Place,Place.PlacementLowering,Place,Place.PlacementLowering,1,"{""pedalAxisName"":""TaskSwitchPedal"",""usePlusMinusKeys"":true,""positivePedalKey"":61,""negativePedalKey"":45,""invertPedalAxis"":false,""pressThreshold"":0.5,""releaseThreshold"":0.20000000298023225,""minimumIntervalSeconds"":5.0,""maximumIntervalSeconds"":10.0,""minimumValidReactionSeconds"":0.10000000149011612,""randomSeed"":1007226408}",,0,0.000000,0.602056,CorrectSidePress,1,0,0,1,Correct,1,0.602039,396.807380,0.602056,0.000000,1,0,PlusMinusKeys,0,1
20261008T104449390Z_3a71836f0fb0402ca73bb86152d1bd37,,,1,1,StimulusScheduled,Visual,2026-10-08T10:51:26.2096300Z,396.807813,389.953853,16591,6,1,OperatingTarget,0,0,1,47,Left,-1,,,,,0,0,1.000000,TaskSwitchPedal,0,0.500000,0.200000,,0.100000,5.000000,10.000000,1007226408,393.361090,400.582452,,404.029175,,,,0,0,,,,,,Place,Place.PlacementLowering,1,"{""pedalAxisName"":""TaskSwitchPedal"",""usePlusMinusKeys"":true,""positivePedalKey"":61,""negativePedalKey"":45,""invertPedalAxis"":false,""pressThreshold"":0.5,""releaseThreshold"":0.20000000298023225,""minimumIntervalSeconds"":5.0,""maximumIntervalSeconds"":10.0,""minimumValidReactionSeconds"":0.10000000149011612,""randomSeed"":1007226408}",,0,0.000000,,CorrectSidePress,0,0,0,,,,,,,0.000000,1,0,PlusMinusKeys,0,1
20261008T104449390Z_3a71836f0fb0402ca73bb86152d1bd37,,,1,1,StimulusOnsetObserved,Visual,2026-10-08T10:51:33.4454780Z,404.044299,397.194297,16857,6,1,OperatingTarget,0,0,1,47,Left,-1,,,,,1,0,0.000000,TaskSwitchPedal,0,0.500000,0.200000,,0.100000,5.000000,10.000000,1007226408,400.597576,400.582452,400.597576,404.029175,404.044299,0.015124,,1,0,6,1,OperatingTarget,Place,Place.PostPlacementRaising,Place,Place.PostPlacementRaising,1,"{""pedalAxisName"":""TaskSwitchPedal"",""usePlusMinusKeys"":true,""positivePedalKey"":61,""negativePedalKey"":45,""invertPedalAxis"":false,""pressThreshold"":0.5,""releaseThreshold"":0.20000000298023225,""minimumIntervalSeconds"":5.0,""maximumIntervalSeconds"":10.0,""minimumValidReactionSeconds"":0.10000000149011612,""randomSeed"":1007226408}",,0,0.000000,,CorrectSidePress,0,0,0,,,,,,,0.000000,0,0,Axis,0,1
20261008T104449390Z_3a71836f0fb0402ca73bb86152d1bd37,,,1,1,PedalPressed,Visual,2026-10-08T10:51:34.0688568Z,404.666885,397.815275,16885,6,1,OperatingTarget,0,0,1,47,Left,-1,-1,Correct,1,0.622587,1,0,-1.000000,TaskSwitchPedal,0,0.500000,0.200000,,0.100000,5.000000,10.000000,1007226408,401.220162,400.582452,400.597576,404.029175,404.044299,0.015124,404.666885,1,0,6,1,OperatingTarget,Place,Place.PostPlacementRaising,Place,Place.PostPlacementRaising,1,"{""pedalAxisName"":""TaskSwitchPedal"",""usePlusMinusKeys"":true,""positivePedalKey"":61,""negativePedalKey"":45,""invertPedalAxis"":false,""pressThreshold"":0.5,""releaseThreshold"":0.20000000298023225,""minimumIntervalSeconds"":5.0,""maximumIntervalSeconds"":10.0,""minimumValidReactionSeconds"":0.10000000149011612,""randomSeed"":1007226408}",,0,0.000000,0.622587,CorrectSidePress,1,0,0,-1,Correct,1,0.622587,404.666885,0.622587,0.000000,0,1,PlusMinusKeys,0,1
20261008T104449390Z_3a71836f0fb0402ca73bb86152d1bd37,,,1,1,TrialFinished,Visual,2026-10-08T10:51:34.0688568Z,404.666885,397.815275,16885,6,1,OperatingTarget,0,0,1,47,Left,-1,-1,Correct,1,0.622587,1,0,-1.000000,TaskSwitchPedal,0,0.500000,0.200000,,0.100000,5.000000,10.000000,1007226408,401.220162,400.582452,400.597576,404.029175,404.044299,0.015124,404.666885,0,0,6,1,OperatingTarget,Place,Place.PostPlacementRaising,Place,Place.PostPlacementRaising,1,"{""pedalAxisName"":""TaskSwitchPedal"",""usePlusMinusKeys"":true,""positivePedalKey"":61,""negativePedalKey"":45,""invertPedalAxis"":false,""pressThreshold"":0.5,""releaseThreshold"":0.20000000298023225,""minimumIntervalSeconds"":5.0,""maximumIntervalSeconds"":10.0,""minimumValidReactionSeconds"":0.10000000149011612,""randomSeed"":1007226408}",,0,0.000000,0.622587,CorrectSidePress,1,0,0,-1,Correct,1,0.622587,404.666885,0.622587,0.000000,0,1,PlusMinusKeys,0,1
20261008T104449390Z_3a71836f0fb0402ca73bb86152d1bd37,,,1,1,StimulusScheduled,Visual,2026-10-08T10:51:34.0698605Z,404.667381,397.815275,16885,6,1,OperatingTarget,0,0,1,48,Right,1,,,,,0,0,-1.000000,TaskSwitchPedal,0,0.500000,0.200000,,0.100000,5.000000,10.000000,1007226408,401.220658,406.495201,,409.941924,,,,0,0,,,,,,Place,Place.PostPlacementRaising,1,"{""pedalAxisName"":""TaskSwitchPedal"",""usePlusMinusKeys"":true,""positivePedalKey"":61,""negativePedalKey"":45,""invertPedalAxis"":false,""pressThreshold"":0.5,""releaseThreshold"":0.20000000298023225,""minimumIntervalSeconds"":5.0,""maximumIntervalSeconds"":10.0,""minimumValidReactionSeconds"":0.10000000149011612,""randomSeed"":1007226408}",,0,0.000000,,CorrectSidePress,0,0,0,,,,,,,0.000000,0,1,PlusMinusKeys,0,1
20261008T104449390Z_3a71836f0fb0402ca73bb86152d1bd37,,,1,1,StimulusOnsetObserved,Visual,2026-10-08T10:51:39.3529468Z,409.950557,403.100746,17116,6,0,OperatingSource,0,0,1,48,Right,1,,,,,1,0,0.000000,TaskSwitchPedal,0,0.500000,0.200000,,0.100000,5.000000,10.000000,1007226408,406.503834,406.495201,406.503834,409.941924,409.950557,0.008633,,0,1,6,0,OperatingSource,Move1,Move1.PickupCoarseMove,Move1,Move1.PickupCoarseMove,1,"{""pedalAxisName"":""TaskSwitchPedal"",""usePlusMinusKeys"":true,""positivePedalKey"":61,""negativePedalKey"":45,""invertPedalAxis"":false,""pressThreshold"":0.5,""releaseThreshold"":0.20000000298023225,""minimumIntervalSeconds"":5.0,""maximumIntervalSeconds"":10.0,""minimumValidReactionSeconds"":0.10000000149011612,""randomSeed"":1007226408}",,0,0.000000,,CorrectSidePress,0,0,0,,,,,,,0.000000,0,0,Axis,0,1
20261008T104449390Z_3a71836f0fb0402ca73bb86152d1bd37,,,1,1,PedalPressed,Visual,2026-10-08T10:51:40.5382130Z,411.137200,404.286606,17171,6,0,OperatingSource,0,0,1,48,Right,1,1,Correct,1,1.186643,1,0,1.000000,TaskSwitchPedal,0,0.500000,0.200000,,0.100000,5.000000,10.000000,1007226408,407.690477,406.495201,406.503834,409.941924,409.950557,0.008633,411.137200,0,1,6,0,OperatingSource,Move1,Move1.PickupCoarseMove,Move1,Move1.PickupCoarseMove,1,"{""pedalAxisName"":""TaskSwitchPedal"",""usePlusMinusKeys"":true,""positivePedalKey"":61,""negativePedalKey"":45,""invertPedalAxis"":false,""pressThreshold"":0.5,""releaseThreshold"":0.20000000298023225,""minimumIntervalSeconds"":5.0,""maximumIntervalSeconds"":10.0,""minimumValidReactionSeconds"":0.10000000149011612,""randomSeed"":1007226408}",,0,0.000000,1.186643,CorrectSidePress,1,0,0,1,Correct,1,1.186643,411.137200,1.186643,0.000000,1,0,PlusMinusKeys,0,1
20261008T104449390Z_3a71836f0fb0402ca73bb86152d1bd37,,,1,1,TrialFinished,Visual,2026-10-08T10:51:40.5397184Z,411.137200,404.286606,17171,6,0,OperatingSource,0,0,1,48,Right,1,1,Correct,1,1.186643,1,0,1.000000,TaskSwitchPedal,0,0.500000,0.200000,,0.100000,5.000000,10.000000,1007226408,407.690477,406.495201,406.503834,409.941924,409.950557,0.008633,411.137200,0,0,6,0,OperatingSource,Move1,Move1.PickupCoarseMove,Move1,Move1.PickupCoarseMove,1,"{""pedalAxisName"":""TaskSwitchPedal"",""usePlusMinusKeys"":true,""positivePedalKey"":61,""negativePedalKey"":45,""invertPedalAxis"":false,""pressThreshold"":0.5,""releaseThreshold"":0.20000000298023225,""minimumIntervalSeconds"":5.0,""maximumIntervalSeconds"":10.0,""minimumValidReactionSeconds"":0.10000000149011612,""randomSeed"":1007226408}",,0,0.000000,1.186643,CorrectSidePress,1,0,0,1,Correct,1,1.186643,411.137200,1.186643,0.000000,1,0,PlusMinusKeys,0,1
20261008T104449390Z_3a71836f0fb0402ca73bb86152d1bd37,,,1,1,StimulusScheduled,Visual,2026-10-08T10:51:40.5397184Z,411.137513,404.286606,17171,6,0,OperatingSource,0,0,1,49,Left,-1,,,,,0,0,1.000000,TaskSwitchPedal,0,0.500000,0.200000,,0.100000,5.000000,10.000000,1007226408,407.690790,415.862026,,419.308749,,,,0,0,,,,,,Move1,Move1.PickupCoarseMove,1,"{""pedalAxisName"":""TaskSwitchPedal"",""usePlusMinusKeys"":true,""positivePedalKey"":61,""negativePedalKey"":45,""invertPedalAxis"":false,""pressThreshold"":0.5,""releaseThreshold"":0.20000000298023225,""minimumIntervalSeconds"":5.0,""maximumIntervalSeconds"":10.0,""minimumValidReactionSeconds"":0.10000000149011612,""randomSeed"":1007226408}",,0,0.000000,,CorrectSidePress,0,0,0,,,,,,,0.000000,1,0,PlusMinusKeys,0,1
20261008T104449390Z_3a71836f0fb0402ca73bb86152d1bd37,,,1,1,StimulusOnsetObserved,Visual,2026-10-08T10:51:48.7255514Z,419.323470,412.473641,17533,6,0,OperatingSource,0,0,1,49,Left,-1,,,,,1,0,0.000000,TaskSwitchPedal,0,0.500000,0.200000,,0.100000,5.000000,10.000000,1007226408,415.876747,415.862026,415.876747,419.308749,419.323470,0.014721,,1,0,6,0,OperatingSource,Move1,Move1.PickupCoarseMove,Move1,Move1.PickupCoarseMove,1,"{""pedalAxisName"":""TaskSwitchPedal"",""usePlusMinusKeys"":true,""positivePedalKey"":61,""negativePedalKey"":45,""invertPedalAxis"":false,""pressThreshold"":0.5,""releaseThreshold"":0.20000000298023225,""minimumIntervalSeconds"":5.0,""maximumIntervalSeconds"":10.0,""minimumValidReactionSeconds"":0.10000000149011612,""randomSeed"":1007226408}",,0,0.000000,,CorrectSidePress,0,0,0,,,,,,,0.000000,0,0,Axis,0,1
20261008T104449390Z_3a71836f0fb0402ca73bb86152d1bd37,,,1,1,PedalPressed,Visual,2026-10-08T10:51:49.5029710Z,420.101022,413.250735,17567,6,0,OperatingSource,0,0,1,49,Left,-1,-1,Correct,1,0.777552,1,0,-1.000000,TaskSwitchPedal,0,0.500000,0.200000,,0.100000,5.000000,10.000000,1007226408,416.654299,415.862026,415.876747,419.308749,419.323470,0.014721,420.101022,1,0,6,0,OperatingSource,Move1,Move1.PickupCoarseMove,Move1,Move1.PickupCoarseMove,1,"{""pedalAxisName"":""TaskSwitchPedal"",""usePlusMinusKeys"":true,""positivePedalKey"":61,""negativePedalKey"":45,""invertPedalAxis"":false,""pressThreshold"":0.5,""releaseThreshold"":0.20000000298023225,""minimumIntervalSeconds"":5.0,""maximumIntervalSeconds"":10.0,""minimumValidReactionSeconds"":0.10000000149011612,""randomSeed"":1007226408}",,0,0.000000,0.777552,CorrectSidePress,1,0,0,-1,Correct,1,0.777552,420.101022,0.777552,0.000000,0,1,PlusMinusKeys,0,1
20261008T104449390Z_3a71836f0fb0402ca73bb86152d1bd37,,,1,1,TrialFinished,Visual,2026-10-08T10:51:49.5029710Z,420.101022,413.250735,17567,6,0,OperatingSource,0,0,1,49,Left,-1,-1,Correct,1,0.777552,1,0,-1.000000,TaskSwitchPedal,0,0.500000,0.200000,,0.100000,5.000000,10.000000,1007226408,416.654299,415.862026,415.876747,419.308749,419.323470,0.014721,420.101022,0,0,6,0,OperatingSource,Move1,Move1.PickupCoarseMove,Move1,Move1.PickupCoarseMove,1,"{""pedalAxisName"":""TaskSwitchPedal"",""usePlusMinusKeys"":true,""positivePedalKey"":61,""negativePedalKey"":45,""invertPedalAxis"":false,""pressThreshold"":0.5,""releaseThreshold"":0.20000000298023225,""minimumIntervalSeconds"":5.0,""maximumIntervalSeconds"":10.0,""minimumValidReactionSeconds"":0.10000000149011612,""randomSeed"":1007226408}",,0,0.000000,0.777552,CorrectSidePress,1,0,0,-1,Correct,1,0.777552,420.101022,0.777552,0.000000,0,1,PlusMinusKeys,0,1
20261008T104449390Z_3a71836f0fb0402ca73bb86152d1bd37,,,1,1,StimulusScheduled,Visual,2026-10-08T10:51:49.5029710Z,420.101526,413.250735,17567,6,0,OperatingSource,0,0,1,50,Right,1,,,,,0,0,-1.000000,TaskSwitchPedal,0,0.500000,0.200000,,0.100000,5.000000,10.000000,1007226408,416.654803,422.935044,,426.381767,,,,0,0,,,,,,Move1,Move1.PickupCoarseMove,1,"{""pedalAxisName"":""TaskSwitchPedal"",""usePlusMinusKeys"":true,""positivePedalKey"":61,""negativePedalKey"":45,""invertPedalAxis"":false,""pressThreshold"":0.5,""releaseThreshold"":0.20000000298023225,""minimumIntervalSeconds"":5.0,""maximumIntervalSeconds"":10.0,""minimumValidReactionSeconds"":0.10000000149011612,""randomSeed"":1007226408}",,0,0.000000,,CorrectSidePress,0,0,0,,,,,,,0.000000,0,1,PlusMinusKeys,0,1
20261008T104449390Z_3a71836f0fb0402ca73bb86152d1bd37,,,1,1,StimulusOnsetObserved,Visual,2026-10-08T10:51:55.7989048Z,426.397356,419.546744,17842,6,0,OperatingSource,0,0,1,50,Right,1,,,,,1,0,0.000000,TaskSwitchPedal,0,0.500000,0.200000,,0.100000,5.000000,10.000000,1007226408,422.950633,422.935044,422.950633,426.381767,426.397356,0.015589,,0,1,6,0,OperatingSource,LiftUp,LiftUp.PickupLowering,LiftUp,LiftUp.PickupLowering,1,"{""pedalAxisName"":""TaskSwitchPedal"",""usePlusMinusKeys"":true,""positivePedalKey"":61,""negativePedalKey"":45,""invertPedalAxis"":false,""pressThreshold"":0.5,""releaseThreshold"":0.20000000298023225,""minimumIntervalSeconds"":5.0,""maximumIntervalSeconds"":10.0,""minimumValidReactionSeconds"":0.10000000149011612,""randomSeed"":1007226408}",,0,0.000000,,CorrectSidePress,0,0,0,,,,,,,0.000000,0,0,Axis,0,1
20261008T104449390Z_3a71836f0fb0402ca73bb86152d1bd37,,,1,1,PedalPressed,Visual,2026-10-08T10:52:01.4800301Z,432.077807,425.227204,18032,6,0,OperatingSource,0,0,1,50,Right,1,1,Correct,1,5.680451,1,0,1.000000,TaskSwitchPedal,0,0.500000,0.200000,,0.100000,5.000000,10.000000,1007226408,428.631084,422.935044,422.950633,426.381767,426.397356,0.015589,432.077807,0,1,6,0,OperatingSource,LiftUp,LiftUp.PickupLowering,LiftUp,LiftUp.PickupLowering,1,"{""pedalAxisName"":""TaskSwitchPedal"",""usePlusMinusKeys"":true,""positivePedalKey"":61,""negativePedalKey"":45,""invertPedalAxis"":false,""pressThreshold"":0.5,""releaseThreshold"":0.20000000298023225,""minimumIntervalSeconds"":5.0,""maximumIntervalSeconds"":10.0,""minimumValidReactionSeconds"":0.10000000149011612,""randomSeed"":1007226408}",,0,0.000000,5.680451,CorrectSidePress,1,0,0,1,Correct,1,5.680451,432.077807,5.680451,0.000000,1,0,PlusMinusKeys,0,1
20261008T104449390Z_3a71836f0fb0402ca73bb86152d1bd37,,,1,1,TrialFinished,Visual,2026-10-08T10:52:01.4800301Z,432.077807,425.227204,18032,6,0,OperatingSource,0,0,1,50,Right,1,1,Correct,1,5.680451,1,0,1.000000,TaskSwitchPedal,0,0.500000,0.200000,,0.100000,5.000000,10.000000,1007226408,428.631084,422.935044,422.950633,426.381767,426.397356,0.015589,432.077807,0,0,6,0,OperatingSource,LiftUp,LiftUp.PickupLowering,LiftUp,LiftUp.PickupLowering,1,"{""pedalAxisName"":""TaskSwitchPedal"",""usePlusMinusKeys"":true,""positivePedalKey"":61,""negativePedalKey"":45,""invertPedalAxis"":false,""pressThreshold"":0.5,""releaseThreshold"":0.20000000298023225,""minimumIntervalSeconds"":5.0,""maximumIntervalSeconds"":10.0,""minimumValidReactionSeconds"":0.10000000149011612,""randomSeed"":1007226408}",,0,0.000000,5.680451,CorrectSidePress,1,0,0,1,Correct,1,5.680451,432.077807,5.680451,0.000000,1,0,PlusMinusKeys,0,1
20261008T104449390Z_3a71836f0fb0402ca73bb86152d1bd37,,,1,1,StimulusScheduled,Visual,2026-10-08T10:52:01.4800301Z,432.078277,425.227204,18032,6,0,OperatingSource,0,0,1,51,Right,1,,,,,0,0,1.000000,TaskSwitchPedal,0,0.500000,0.200000,,0.100000,5.000000,10.000000,1007226408,428.631554,435.413665,,438.860388,,,,0,0,,,,,,LiftUp,LiftUp.PickupLowering,1,"{""pedalAxisName"":""TaskSwitchPedal"",""usePlusMinusKeys"":true,""positivePedalKey"":61,""negativePedalKey"":45,""invertPedalAxis"":false,""pressThreshold"":0.5,""releaseThreshold"":0.20000000298023225,""minimumIntervalSeconds"":5.0,""maximumIntervalSeconds"":10.0,""minimumValidReactionSeconds"":0.10000000149011612,""randomSeed"":1007226408}",,0,0.000000,,CorrectSidePress,0,0,0,,,,,,,0.000000,1,0,PlusMinusKeys,0,1
20261008T104449390Z_3a71836f0fb0402ca73bb86152d1bd37,,,1,1,StimulusOnsetObserved,Visual,2026-10-08T10:52:08.2688910Z,438.866592,432.016280,18254,7,0,WaitingForPhaseBoundary,0,0,1,51,Right,1,,,,,1,0,0.000000,TaskSwitchPedal,0,0.500000,0.200000,,0.100000,5.000000,10.000000,1007226408,435.419869,435.413665,435.419869,438.860388,438.866592,0.006204,,0,1,7,0,WaitingForPhaseBoundary,LiftUp,LiftUp.LoadedRaising,LiftUp,LiftUp.LoadedRaising,1,"{""pedalAxisName"":""TaskSwitchPedal"",""usePlusMinusKeys"":true,""positivePedalKey"":61,""negativePedalKey"":45,""invertPedalAxis"":false,""pressThreshold"":0.5,""releaseThreshold"":0.20000000298023225,""minimumIntervalSeconds"":5.0,""maximumIntervalSeconds"":10.0,""minimumValidReactionSeconds"":0.10000000149011612,""randomSeed"":1007226408}",,0,0.000000,,CorrectSidePress,0,0,0,,,,,,,0.000000,0,0,Axis,0,1
20261008T104449390Z_3a71836f0fb0402ca73bb86152d1bd37,,,1,1,PedalPressed,Visual,2026-10-08T10:52:08.9128214Z,439.510433,432.659835,18274,7,0,WaitingForPhaseBoundary,0,0,1,51,Right,1,1,Correct,1,0.643841,1,0,1.000000,TaskSwitchPedal,0,0.500000,0.200000,,0.100000,5.000000,10.000000,1007226408,436.063710,435.413665,435.419869,438.860388,438.866592,0.006204,439.510433,0,1,7,0,WaitingForPhaseBoundary,LiftUp,LiftUp.LoadedRaising,LiftUp,LiftUp.LoadedRaising,1,"{""pedalAxisName"":""TaskSwitchPedal"",""usePlusMinusKeys"":true,""positivePedalKey"":61,""negativePedalKey"":45,""invertPedalAxis"":false,""pressThreshold"":0.5,""releaseThreshold"":0.20000000298023225,""minimumIntervalSeconds"":5.0,""maximumIntervalSeconds"":10.0,""minimumValidReactionSeconds"":0.10000000149011612,""randomSeed"":1007226408}",,0,0.000000,0.643841,CorrectSidePress,1,0,0,1,Correct,1,0.643841,439.510433,0.643841,0.000000,1,0,PlusMinusKeys,0,1
20261008T104449390Z_3a71836f0fb0402ca73bb86152d1bd37,,,1,1,TrialFinished,Visual,2026-10-08T10:52:08.9128214Z,439.510433,432.659835,18274,7,0,WaitingForPhaseBoundary,0,0,1,51,Right,1,1,Correct,1,0.643841,1,0,1.000000,TaskSwitchPedal,0,0.500000,0.200000,,0.100000,5.000000,10.000000,1007226408,436.063710,435.413665,435.419869,438.860388,438.866592,0.006204,439.510433,0,0,7,0,WaitingForPhaseBoundary,LiftUp,LiftUp.LoadedRaising,LiftUp,LiftUp.LoadedRaising,1,"{""pedalAxisName"":""TaskSwitchPedal"",""usePlusMinusKeys"":true,""positivePedalKey"":61,""negativePedalKey"":45,""invertPedalAxis"":false,""pressThreshold"":0.5,""releaseThreshold"":0.20000000298023225,""minimumIntervalSeconds"":5.0,""maximumIntervalSeconds"":10.0,""minimumValidReactionSeconds"":0.10000000149011612,""randomSeed"":1007226408}",,0,0.000000,0.643841,CorrectSidePress,1,0,0,1,Correct,1,0.643841,439.510433,0.643841,0.000000,1,0,PlusMinusKeys,0,1
20261008T104449390Z_3a71836f0fb0402ca73bb86152d1bd37,,,1,1,StimulusScheduled,Visual,2026-10-08T10:52:08.9128214Z,439.510843,432.659835,18274,7,0,WaitingForPhaseBoundary,0,0,1,52,Right,1,,,,,0,0,1.000000,TaskSwitchPedal,0,0.500000,0.200000,,0.100000,5.000000,10.000000,1007226408,436.064120,442.543021,,445.989744,,,,0,0,,,,,,LiftUp,LiftUp.LoadedRaising,1,"{""pedalAxisName"":""TaskSwitchPedal"",""usePlusMinusKeys"":true,""positivePedalKey"":61,""negativePedalKey"":45,""invertPedalAxis"":false,""pressThreshold"":0.5,""releaseThreshold"":0.20000000298023225,""minimumIntervalSeconds"":5.0,""maximumIntervalSeconds"":10.0,""minimumValidReactionSeconds"":0.10000000149011612,""randomSeed"":1007226408}",,0,0.000000,,CorrectSidePress,0,0,0,,,,,,,0.000000,1,0,PlusMinusKeys,0,1
20261008T104449390Z_3a71836f0fb0402ca73bb86152d1bd37,,,1,1,StimulusOnsetObserved,Visual,2026-10-08T10:52:15.3924365Z,445.990944,439.140986,18483,7,1,WaitingForConfirmation,1,0,1,52,Right,1,,,,,1,0,0.000000,TaskSwitchPedal,0,0.500000,0.200000,,0.100000,5.000000,10.000000,1007226408,442.544221,442.543021,442.544221,445.989744,445.990944,0.001200,,0,1,7,1,WaitingForConfirmation,Place,,Place,,1,"{""pedalAxisName"":""TaskSwitchPedal"",""usePlusMinusKeys"":true,""positivePedalKey"":61,""negativePedalKey"":45,""invertPedalAxis"":false,""pressThreshold"":0.5,""releaseThreshold"":0.20000000298023225,""minimumIntervalSeconds"":5.0,""maximumIntervalSeconds"":10.0,""minimumValidReactionSeconds"":0.10000000149011612,""randomSeed"":1007226408}",,0,0.000000,,CorrectSidePress,0,0,0,,,,,,,0.000000,0,0,Axis,0,1
20261008T104449390Z_3a71836f0fb0402ca73bb86152d1bd37,,,1,1,PedalPressed,Visual,2026-10-08T10:52:16.5151832Z,447.114169,440.263391,18527,7,1,OperatingTarget,0,0,1,52,Right,1,1,Correct,1,1.123224,1,0,1.000000,TaskSwitchPedal,0,0.500000,0.200000,,0.100000,5.000000,10.000000,1007226408,443.667446,442.543021,442.544221,445.989744,445.990944,0.001200,447.114169,0,1,7,1,WaitingForConfirmation,Place,,Move1,Move1.PickupCoarseMove,1,"{""pedalAxisName"":""TaskSwitchPedal"",""usePlusMinusKeys"":true,""positivePedalKey"":61,""negativePedalKey"":45,""invertPedalAxis"":false,""pressThreshold"":0.5,""releaseThreshold"":0.20000000298023225,""minimumIntervalSeconds"":5.0,""maximumIntervalSeconds"":10.0,""minimumValidReactionSeconds"":0.10000000149011612,""randomSeed"":1007226408}",,0,0.000000,1.123224,CorrectSidePress,1,0,0,1,Correct,1,1.123224,447.114169,1.123224,0.000000,1,0,PlusMinusKeys,0,1
20261008T104449390Z_3a71836f0fb0402ca73bb86152d1bd37,,,1,1,TrialFinished,Visual,2026-10-08T10:52:16.5167403Z,447.114169,440.263391,18527,7,1,OperatingTarget,0,0,1,52,Right,1,1,Correct,1,1.123224,1,0,1.000000,TaskSwitchPedal,0,0.500000,0.200000,,0.100000,5.000000,10.000000,1007226408,443.667446,442.543021,442.544221,445.989744,445.990944,0.001200,447.114169,0,0,7,1,WaitingForConfirmation,Place,,Move1,Move1.PickupCoarseMove,1,"{""pedalAxisName"":""TaskSwitchPedal"",""usePlusMinusKeys"":true,""positivePedalKey"":61,""negativePedalKey"":45,""invertPedalAxis"":false,""pressThreshold"":0.5,""releaseThreshold"":0.20000000298023225,""minimumIntervalSeconds"":5.0,""maximumIntervalSeconds"":10.0,""minimumValidReactionSeconds"":0.10000000149011612,""randomSeed"":1007226408}",,0,0.000000,1.123224,CorrectSidePress,1,0,0,1,Correct,1,1.123224,447.114169,1.123224,0.000000,1,0,PlusMinusKeys,0,1
20261008T104449390Z_3a71836f0fb0402ca73bb86152d1bd37,,,1,1,StimulusScheduled,Visual,2026-10-08T10:52:16.5167403Z,447.114527,440.263391,18527,7,1,OperatingTarget,0,0,1,53,Left,-1,,,,,0,0,1.000000,TaskSwitchPedal,0,0.500000,0.200000,,0.100000,5.000000,10.000000,1007226408,443.667804,449.742530,,453.189253,,,,0,0,,,,,,Move1,Move1.PickupCoarseMove,1,"{""pedalAxisName"":""TaskSwitchPedal"",""usePlusMinusKeys"":true,""positivePedalKey"":61,""negativePedalKey"":45,""invertPedalAxis"":false,""pressThreshold"":0.5,""releaseThreshold"":0.20000000298023225,""minimumIntervalSeconds"":5.0,""maximumIntervalSeconds"":10.0,""minimumValidReactionSeconds"":0.10000000149011612,""randomSeed"":1007226408}",,0,0.000000,,CorrectSidePress,0,0,0,,,,,,,0.000000,1,0,PlusMinusKeys,0,1
20261008T104449390Z_3a71836f0fb0402ca73bb86152d1bd37,,,1,1,StimulusOnsetObserved,Visual,2026-10-08T10:52:22.6122690Z,453.209858,446.359179,18804,7,1,OperatingTarget,0,0,1,53,Left,-1,,,,,1,0,0.000000,TaskSwitchPedal,0,0.500000,0.200000,,0.100000,5.000000,10.000000,1007226408,449.763135,449.742530,449.763135,453.189253,453.209858,0.020606,,1,0,7,1,OperatingTarget,Move1,Move1.PickupCoarseMove,Move1,Move1.PickupCoarseMove,1,"{""pedalAxisName"":""TaskSwitchPedal"",""usePlusMinusKeys"":true,""positivePedalKey"":61,""negativePedalKey"":45,""invertPedalAxis"":false,""pressThreshold"":0.5,""releaseThreshold"":0.20000000298023225,""minimumIntervalSeconds"":5.0,""maximumIntervalSeconds"":10.0,""minimumValidReactionSeconds"":0.10000000149011612,""randomSeed"":1007226408}",,0,0.000000,,CorrectSidePress,0,0,0,,,,,,,0.000000,0,0,Axis,0,1
20261008T104449390Z_3a71836f0fb0402ca73bb86152d1bd37,,,1,1,PedalPressed,Visual,2026-10-08T10:52:23.8253426Z,454.423850,447.573683,18857,7,1,OperatingTarget,0,0,1,53,Left,-1,-1,Correct,1,1.213992,1,0,-1.000000,TaskSwitchPedal,0,0.500000,0.200000,,0.100000,5.000000,10.000000,1007226408,450.977127,449.742530,449.763135,453.189253,453.209858,0.020606,454.423850,1,0,7,1,OperatingTarget,Move1,Move1.PickupCoarseMove,Move1,Move1.PickupFineAlign,1,"{""pedalAxisName"":""TaskSwitchPedal"",""usePlusMinusKeys"":true,""positivePedalKey"":61,""negativePedalKey"":45,""invertPedalAxis"":false,""pressThreshold"":0.5,""releaseThreshold"":0.20000000298023225,""minimumIntervalSeconds"":5.0,""maximumIntervalSeconds"":10.0,""minimumValidReactionSeconds"":0.10000000149011612,""randomSeed"":1007226408}",,0,0.000000,1.213992,CorrectSidePress,1,0,0,-1,Correct,1,1.213992,454.423850,1.213992,0.000000,0,1,PlusMinusKeys,0,1
20261008T104449390Z_3a71836f0fb0402ca73bb86152d1bd37,,,1,1,TrialFinished,Visual,2026-10-08T10:52:23.8253426Z,454.423850,447.573683,18857,7,1,OperatingTarget,0,0,1,53,Left,-1,-1,Correct,1,1.213992,1,0,-1.000000,TaskSwitchPedal,0,0.500000,0.200000,,0.100000,5.000000,10.000000,1007226408,450.977127,449.742530,449.763135,453.189253,453.209858,0.020606,454.423850,0,0,7,1,OperatingTarget,Move1,Move1.PickupCoarseMove,Move1,Move1.PickupFineAlign,1,"{""pedalAxisName"":""TaskSwitchPedal"",""usePlusMinusKeys"":true,""positivePedalKey"":61,""negativePedalKey"":45,""invertPedalAxis"":false,""pressThreshold"":0.5,""releaseThreshold"":0.20000000298023225,""minimumIntervalSeconds"":5.0,""maximumIntervalSeconds"":10.0,""minimumValidReactionSeconds"":0.10000000149011612,""randomSeed"":1007226408}",,0,0.000000,1.213992,CorrectSidePress,1,0,0,-1,Correct,1,1.213992,454.423850,1.213992,0.000000,0,1,PlusMinusKeys,0,1
20261008T104449390Z_3a71836f0fb0402ca73bb86152d1bd37,,,1,1,StimulusScheduled,Visual,2026-10-08T10:52:23.8253426Z,454.424260,447.573683,18857,7,1,OperatingTarget,0,0,1,54,Left,-1,,,,,0,0,-1.000000,TaskSwitchPedal,0,0.500000,0.200000,,0.100000,5.000000,10.000000,1007226408,450.977537,458.785190,,462.231913,,,,0,0,,,,,,Move1,Move1.PickupFineAlign,1,"{""pedalAxisName"":""TaskSwitchPedal"",""usePlusMinusKeys"":true,""positivePedalKey"":61,""negativePedalKey"":45,""invertPedalAxis"":false,""pressThreshold"":0.5,""releaseThreshold"":0.20000000298023225,""minimumIntervalSeconds"":5.0,""maximumIntervalSeconds"":10.0,""minimumValidReactionSeconds"":0.10000000149011612,""randomSeed"":1007226408}",,0,0.000000,,CorrectSidePress,0,0,0,,,,,,,0.000000,0,1,PlusMinusKeys,0,1
20261008T104449390Z_3a71836f0fb0402ca73bb86152d1bd37,,,1,1,StimulusOnsetObserved,Visual,2026-10-08T10:52:31.6644543Z,462.262958,455.410909,19111,7,1,OperatingTarget,0,0,1,54,Left,-1,,,,,1,0,0.000000,TaskSwitchPedal,0,0.500000,0.200000,,0.100000,5.000000,10.000000,1007226408,458.816235,458.785190,458.816235,462.231913,462.262958,0.031045,,1,0,7,1,OperatingTarget,LiftUp,LiftUp.LoadAcquisition,LiftUp,LiftUp.LoadAcquisition,1,"{""pedalAxisName"":""TaskSwitchPedal"",""usePlusMinusKeys"":true,""positivePedalKey"":61,""negativePedalKey"":45,""invertPedalAxis"":false,""pressThreshold"":0.5,""releaseThreshold"":0.20000000298023225,""minimumIntervalSeconds"":5.0,""maximumIntervalSeconds"":10.0,""minimumValidReactionSeconds"":0.10000000149011612,""randomSeed"":1007226408}",,0,0.000000,,CorrectSidePress,0,0,0,,,,,,,0.000000,0,0,Axis,0,1
20261008T104449390Z_3a71836f0fb0402ca73bb86152d1bd37,,,1,1,PedalPressed,Visual,2026-10-08T10:52:32.9568049Z,463.554603,456.702004,19150,7,1,OperatingTarget,0,0,1,54,Left,-1,-1,Correct,1,1.291645,1,0,-1.000000,TaskSwitchPedal,0,0.500000,0.200000,,0.100000,5.000000,10.000000,1007226408,460.107880,458.785190,458.816235,462.231913,462.262958,0.031045,463.554603,1,0,7,1,OperatingTarget,LiftUp,LiftUp.LoadAcquisition,LiftUp,LiftUp.LoadedRaising,1,"{""pedalAxisName"":""TaskSwitchPedal"",""usePlusMinusKeys"":true,""positivePedalKey"":61,""negativePedalKey"":45,""invertPedalAxis"":false,""pressThreshold"":0.5,""releaseThreshold"":0.20000000298023225,""minimumIntervalSeconds"":5.0,""maximumIntervalSeconds"":10.0,""minimumValidReactionSeconds"":0.10000000149011612,""randomSeed"":1007226408}",,0,0.000000,1.291645,CorrectSidePress,1,0,0,-1,Correct,1,1.291645,463.554603,1.291645,0.000000,0,1,PlusMinusKeys,0,1
20261008T104449390Z_3a71836f0fb0402ca73bb86152d1bd37,,,1,1,TrialFinished,Visual,2026-10-08T10:52:32.9568049Z,463.554603,456.702004,19150,7,1,OperatingTarget,0,0,1,54,Left,-1,-1,Correct,1,1.291645,1,0,-1.000000,TaskSwitchPedal,0,0.500000,0.200000,,0.100000,5.000000,10.000000,1007226408,460.107880,458.785190,458.816235,462.231913,462.262958,0.031045,463.554603,0,0,7,1,OperatingTarget,LiftUp,LiftUp.LoadAcquisition,LiftUp,LiftUp.LoadedRaising,1,"{""pedalAxisName"":""TaskSwitchPedal"",""usePlusMinusKeys"":true,""positivePedalKey"":61,""negativePedalKey"":45,""invertPedalAxis"":false,""pressThreshold"":0.5,""releaseThreshold"":0.20000000298023225,""minimumIntervalSeconds"":5.0,""maximumIntervalSeconds"":10.0,""minimumValidReactionSeconds"":0.10000000149011612,""randomSeed"":1007226408}",,0,0.000000,1.291645,CorrectSidePress,1,0,0,-1,Correct,1,1.291645,463.554603,1.291645,0.000000,0,1,PlusMinusKeys,0,1
20261008T104449390Z_3a71836f0fb0402ca73bb86152d1bd37,,,1,1,StimulusScheduled,Visual,2026-10-08T10:52:32.9568049Z,463.554936,456.702004,19150,7,1,OperatingTarget,0,0,1,55,Left,-1,,,,,0,0,-1.000000,TaskSwitchPedal,0,0.500000,0.200000,,0.100000,5.000000,10.000000,1007226408,460.108213,466.689699,,470.136421,,,,0,0,,,,,,LiftUp,LiftUp.LoadedRaising,1,"{""pedalAxisName"":""TaskSwitchPedal"",""usePlusMinusKeys"":true,""positivePedalKey"":61,""negativePedalKey"":45,""invertPedalAxis"":false,""pressThreshold"":0.5,""releaseThreshold"":0.20000000298023225,""minimumIntervalSeconds"":5.0,""maximumIntervalSeconds"":10.0,""minimumValidReactionSeconds"":0.10000000149011612,""randomSeed"":1007226408}",,0,0.000000,,CorrectSidePress,0,0,0,,,,,,,0.000000,0,1,PlusMinusKeys,0,1
20261008T104449390Z_3a71836f0fb0402ca73bb86152d1bd37,,,1,1,StimulusOnsetObserved,Visual,2026-10-08T10:52:39.5488727Z,470.146611,463.296120,19378,7,0,OperatingSource,0,0,1,55,Left,-1,,,,,1,0,0.000000,TaskSwitchPedal,0,0.500000,0.200000,,0.100000,5.000000,10.000000,1007226408,466.699888,466.689699,466.699888,470.136421,470.146611,0.010190,,1,0,7,0,OperatingSource,Move2,Move2.DestinationCoarseMove,Move2,Move2.DestinationCoarseMove,1,"{""pedalAxisName"":""TaskSwitchPedal"",""usePlusMinusKeys"":true,""positivePedalKey"":61,""negativePedalKey"":45,""invertPedalAxis"":false,""pressThreshold"":0.5,""releaseThreshold"":0.20000000298023225,""minimumIntervalSeconds"":5.0,""maximumIntervalSeconds"":10.0,""minimumValidReactionSeconds"":0.10000000149011612,""randomSeed"":1007226408}",,0,0.000000,,CorrectSidePress,0,0,0,,,,,,,0.000000,0,0,Axis,0,1
20261008T104449390Z_3a71836f0fb0402ca73bb86152d1bd37,,,1,1,PedalPressed,Visual,2026-10-08T10:52:40.5880027Z,471.186426,464.335027,19410,7,0,OperatingSource,0,0,1,55,Left,-1,-1,Correct,1,1.039815,1,0,-1.000000,TaskSwitchPedal,0,0.500000,0.200000,,0.100000,5.000000,10.000000,1007226408,467.739703,466.689699,466.699888,470.136421,470.146611,0.010190,471.186426,1,0,7,0,OperatingSource,Move2,Move2.DestinationCoarseMove,Move2,Move2.DestinationCoarseMove,1,"{""pedalAxisName"":""TaskSwitchPedal"",""usePlusMinusKeys"":true,""positivePedalKey"":61,""negativePedalKey"":45,""invertPedalAxis"":false,""pressThreshold"":0.5,""releaseThreshold"":0.20000000298023225,""minimumIntervalSeconds"":5.0,""maximumIntervalSeconds"":10.0,""minimumValidReactionSeconds"":0.10000000149011612,""randomSeed"":1007226408}",,0,0.000000,1.039815,CorrectSidePress,1,0,0,-1,Correct,1,1.039815,471.186426,1.039815,0.000000,0,1,PlusMinusKeys,0,1
20261008T104449390Z_3a71836f0fb0402ca73bb86152d1bd37,,,1,1,TrialFinished,Visual,2026-10-08T10:52:40.5880027Z,471.186426,464.335027,19410,7,0,OperatingSource,0,0,1,55,Left,-1,-1,Correct,1,1.039815,1,0,-1.000000,TaskSwitchPedal,0,0.500000,0.200000,,0.100000,5.000000,10.000000,1007226408,467.739703,466.689699,466.699888,470.136421,470.146611,0.010190,471.186426,0,0,7,0,OperatingSource,Move2,Move2.DestinationCoarseMove,Move2,Move2.DestinationCoarseMove,1,"{""pedalAxisName"":""TaskSwitchPedal"",""usePlusMinusKeys"":true,""positivePedalKey"":61,""negativePedalKey"":45,""invertPedalAxis"":false,""pressThreshold"":0.5,""releaseThreshold"":0.20000000298023225,""minimumIntervalSeconds"":5.0,""maximumIntervalSeconds"":10.0,""minimumValidReactionSeconds"":0.10000000149011612,""randomSeed"":1007226408}",,0,0.000000,1.039815,CorrectSidePress,1,0,0,-1,Correct,1,1.039815,471.186426,1.039815,0.000000,0,1,PlusMinusKeys,0,1
20261008T104449390Z_3a71836f0fb0402ca73bb86152d1bd37,,,1,1,StimulusScheduled,Visual,2026-10-08T10:52:40.5890614Z,471.186773,464.335027,19410,7,0,OperatingSource,0,0,1,56,Left,-1,,,,,0,0,-1.000000,TaskSwitchPedal,0,0.500000,0.200000,,0.100000,5.000000,10.000000,1007226408,467.740051,476.097869,,479.544592,,,,0,0,,,,,,Move2,Move2.DestinationCoarseMove,1,"{""pedalAxisName"":""TaskSwitchPedal"",""usePlusMinusKeys"":true,""positivePedalKey"":61,""negativePedalKey"":45,""invertPedalAxis"":false,""pressThreshold"":0.5,""releaseThreshold"":0.20000000298023225,""minimumIntervalSeconds"":5.0,""maximumIntervalSeconds"":10.0,""minimumValidReactionSeconds"":0.10000000149011612,""randomSeed"":1007226408}",,0,0.000000,,CorrectSidePress,0,0,0,,,,,,,0.000000,0,1,PlusMinusKeys,0,1
20261008T104449390Z_3a71836f0fb0402ca73bb86152d1bd37,,,1,1,StimulusOnsetObserved,Visual,2026-10-08T10:52:48.9472309Z,479.544934,472.694552,19674,7,0,OperatingSource,0,0,1,56,Left,-1,,,,,1,0,0.000000,TaskSwitchPedal,0,0.500000,0.200000,,0.100000,5.000000,10.000000,1007226408,476.098210,476.097869,476.098210,479.544592,479.544934,0.000342,,1,0,7,0,OperatingSource,Move2,Move2.DestinationCoarseMove,Move2,Move2.DestinationCoarseMove,1,"{""pedalAxisName"":""TaskSwitchPedal"",""usePlusMinusKeys"":true,""positivePedalKey"":61,""negativePedalKey"":45,""invertPedalAxis"":false,""pressThreshold"":0.5,""releaseThreshold"":0.20000000298023225,""minimumIntervalSeconds"":5.0,""maximumIntervalSeconds"":10.0,""minimumValidReactionSeconds"":0.10000000149011612,""randomSeed"":1007226408}",,0,0.000000,,CorrectSidePress,0,0,0,,,,,,,0.000000,0,0,Axis,0,1
20261008T104449390Z_3a71836f0fb0402ca73bb86152d1bd37,,,1,1,PedalPressed,Visual,2026-10-08T10:52:49.7066873Z,480.304533,473.454466,19694,7,0,OperatingSource,0,0,1,56,Left,-1,-1,Correct,1,0.759600,1,0,-1.000000,TaskSwitchPedal,0,0.500000,0.200000,,0.100000,5.000000,10.000000,1007226408,476.857810,476.097869,476.098210,479.544592,479.544934,0.000342,480.304533,1,0,7,0,OperatingSource,Move2,Move2.DestinationCoarseMove,Move2,Move2.DestinationCoarseMove,1,"{""pedalAxisName"":""TaskSwitchPedal"",""usePlusMinusKeys"":true,""positivePedalKey"":61,""negativePedalKey"":45,""invertPedalAxis"":false,""pressThreshold"":0.5,""releaseThreshold"":0.20000000298023225,""minimumIntervalSeconds"":5.0,""maximumIntervalSeconds"":10.0,""minimumValidReactionSeconds"":0.10000000149011612,""randomSeed"":1007226408}",,0,0.000000,0.759600,CorrectSidePress,1,0,0,-1,Correct,1,0.759600,480.304533,0.759600,0.000000,0,1,PlusMinusKeys,0,1
20261008T104449390Z_3a71836f0fb0402ca73bb86152d1bd37,,,1,1,TrialFinished,Visual,2026-10-08T10:52:49.7066873Z,480.304533,473.454466,19694,7,0,OperatingSource,0,0,1,56,Left,-1,-1,Correct,1,0.759600,1,0,-1.000000,TaskSwitchPedal,0,0.500000,0.200000,,0.100000,5.000000,10.000000,1007226408,476.857810,476.097869,476.098210,479.544592,479.544934,0.000342,480.304533,0,0,7,0,OperatingSource,Move2,Move2.DestinationCoarseMove,Move2,Move2.DestinationCoarseMove,1,"{""pedalAxisName"":""TaskSwitchPedal"",""usePlusMinusKeys"":true,""positivePedalKey"":61,""negativePedalKey"":45,""invertPedalAxis"":false,""pressThreshold"":0.5,""releaseThreshold"":0.20000000298023225,""minimumIntervalSeconds"":5.0,""maximumIntervalSeconds"":10.0,""minimumValidReactionSeconds"":0.10000000149011612,""randomSeed"":1007226408}",,0,0.000000,0.759600,CorrectSidePress,1,0,0,-1,Correct,1,0.759600,480.304533,0.759600,0.000000,0,1,PlusMinusKeys,0,1
20261008T104449390Z_3a71836f0fb0402ca73bb86152d1bd37,,,1,1,StimulusScheduled,Visual,2026-10-08T10:52:49.7066873Z,480.304885,473.454466,19694,7,0,OperatingSource,0,0,1,57,Left,-1,,,,,0,0,-1.000000,TaskSwitchPedal,0,0.500000,0.200000,,0.100000,5.000000,10.000000,1007226408,476.858163,481.910753,,485.357476,,,,0,0,,,,,,Move2,Move2.DestinationCoarseMove,1,"{""pedalAxisName"":""TaskSwitchPedal"",""usePlusMinusKeys"":true,""positivePedalKey"":61,""negativePedalKey"":45,""invertPedalAxis"":false,""pressThreshold"":0.5,""releaseThreshold"":0.20000000298023225,""minimumIntervalSeconds"":5.0,""maximumIntervalSeconds"":10.0,""minimumValidReactionSeconds"":0.10000000149011612,""randomSeed"":1007226408}",,0,0.000000,,CorrectSidePress,0,0,0,,,,,,,0.000000,0,1,PlusMinusKeys,0,1
20261008T104449390Z_3a71836f0fb0402ca73bb86152d1bd37,,,1,1,StimulusOnsetObserved,Visual,2026-10-08T10:52:54.7743420Z,485.373210,478.523207,19854,7,0,OperatingSource,0,0,1,57,Left,-1,,,,,1,0,0.000000,TaskSwitchPedal,0,0.500000,0.200000,,0.100000,5.000000,10.000000,1007226408,481.926487,481.910753,481.926487,485.357476,485.373210,0.015734,,1,0,7,0,OperatingSource,Move2,Move2.DestinationCoarseMove,Move2,Move2.DestinationCoarseMove,1,"{""pedalAxisName"":""TaskSwitchPedal"",""usePlusMinusKeys"":true,""positivePedalKey"":61,""negativePedalKey"":45,""invertPedalAxis"":false,""pressThreshold"":0.5,""releaseThreshold"":0.20000000298023225,""minimumIntervalSeconds"":5.0,""maximumIntervalSeconds"":10.0,""minimumValidReactionSeconds"":0.10000000149011612,""randomSeed"":1007226408}",,0,0.000000,,CorrectSidePress,0,0,0,,,,,,,0.000000,0,0,Axis,0,1
20261008T104449390Z_3a71836f0fb0402ca73bb86152d1bd37,,,1,1,PedalPressed,Visual,2026-10-08T10:52:55.5683892Z,486.167049,479.316871,19877,7,0,OperatingSource,0,0,1,57,Left,-1,-1,Correct,1,0.793839,1,0,-1.000000,TaskSwitchPedal,0,0.500000,0.200000,,0.100000,5.000000,10.000000,1007226408,482.720326,481.910753,481.926487,485.357476,485.373210,0.015734,486.167049,1,0,7,0,OperatingSource,Move2,Move2.DestinationCoarseMove,Move2,Move2.DestinationCoarseMove,1,"{""pedalAxisName"":""TaskSwitchPedal"",""usePlusMinusKeys"":true,""positivePedalKey"":61,""negativePedalKey"":45,""invertPedalAxis"":false,""pressThreshold"":0.5,""releaseThreshold"":0.20000000298023225,""minimumIntervalSeconds"":5.0,""maximumIntervalSeconds"":10.0,""minimumValidReactionSeconds"":0.10000000149011612,""randomSeed"":1007226408}",,0,0.000000,0.793839,CorrectSidePress,1,0,0,-1,Correct,1,0.793839,486.167049,0.793839,0.000000,0,1,PlusMinusKeys,0,1
20261008T104449390Z_3a71836f0fb0402ca73bb86152d1bd37,,,1,1,TrialFinished,Visual,2026-10-08T10:52:55.5694502Z,486.167049,479.316871,19877,7,0,OperatingSource,0,0,1,57,Left,-1,-1,Correct,1,0.793839,1,0,-1.000000,TaskSwitchPedal,0,0.500000,0.200000,,0.100000,5.000000,10.000000,1007226408,482.720326,481.910753,481.926487,485.357476,485.373210,0.015734,486.167049,0,0,7,0,OperatingSource,Move2,Move2.DestinationCoarseMove,Move2,Move2.DestinationCoarseMove,1,"{""pedalAxisName"":""TaskSwitchPedal"",""usePlusMinusKeys"":true,""positivePedalKey"":61,""negativePedalKey"":45,""invertPedalAxis"":false,""pressThreshold"":0.5,""releaseThreshold"":0.20000000298023225,""minimumIntervalSeconds"":5.0,""maximumIntervalSeconds"":10.0,""minimumValidReactionSeconds"":0.10000000149011612,""randomSeed"":1007226408}",,0,0.000000,0.793839,CorrectSidePress,1,0,0,-1,Correct,1,0.793839,486.167049,0.793839,0.000000,0,1,PlusMinusKeys,0,1
20261008T104449390Z_3a71836f0fb0402ca73bb86152d1bd37,,,1,1,StimulusScheduled,Visual,2026-10-08T10:52:55.5694502Z,486.167657,479.316871,19877,7,0,OperatingSource,0,0,1,58,Right,1,,,,,0,0,-1.000000,TaskSwitchPedal,0,0.500000,0.200000,,0.100000,5.000000,10.000000,1007226408,482.720934,489.545282,,492.992005,,,,0,0,,,,,,Move2,Move2.DestinationCoarseMove,1,"{""pedalAxisName"":""TaskSwitchPedal"",""usePlusMinusKeys"":true,""positivePedalKey"":61,""negativePedalKey"":45,""invertPedalAxis"":false,""pressThreshold"":0.5,""releaseThreshold"":0.20000000298023225,""minimumIntervalSeconds"":5.0,""maximumIntervalSeconds"":10.0,""minimumValidReactionSeconds"":0.10000000149011612,""randomSeed"":1007226408}",,0,0.000000,,CorrectSidePress,0,0,0,,,,,,,0.000000,0,1,PlusMinusKeys,0,1
20261008T104449390Z_3a71836f0fb0402ca73bb86152d1bd37,,,1,1,StimulusOnsetObserved,Visual,2026-10-08T10:53:02.3960714Z,492.994729,486.144160,20092,7,0,OperatingSource,0,0,1,58,Right,1,,,,,1,0,0.000000,TaskSwitchPedal,0,0.500000,0.200000,,0.100000,5.000000,10.000000,1007226408,489.548006,489.545282,489.548006,492.992005,492.994729,0.002724,,0,1,7,0,OperatingSource,Move2,Move2.DestinationFineAlign,Move2,Move2.DestinationFineAlign,1,"{""pedalAxisName"":""TaskSwitchPedal"",""usePlusMinusKeys"":true,""positivePedalKey"":61,""negativePedalKey"":45,""invertPedalAxis"":false,""pressThreshold"":0.5,""releaseThreshold"":0.20000000298023225,""minimumIntervalSeconds"":5.0,""maximumIntervalSeconds"":10.0,""minimumValidReactionSeconds"":0.10000000149011612,""randomSeed"":1007226408}",,0,0.000000,,CorrectSidePress,0,0,0,,,,,,,0.000000,0,0,Axis,0,1
20261008T104449390Z_3a71836f0fb0402ca73bb86152d1bd37,,,1,1,PedalPressed,Visual,2026-10-08T10:53:03.1894486Z,493.787358,486.936357,20113,7,0,OperatingSource,0,0,1,58,Right,1,1,Correct,1,0.792629,1,0,1.000000,TaskSwitchPedal,0,0.500000,0.200000,,0.100000,5.000000,10.000000,1007226408,490.340635,489.545282,489.548006,492.992005,492.994729,0.002724,493.787358,0,1,7,0,OperatingSource,Move2,Move2.DestinationFineAlign,Place,Place.PlacementLowering,1,"{""pedalAxisName"":""TaskSwitchPedal"",""usePlusMinusKeys"":true,""positivePedalKey"":61,""negativePedalKey"":45,""invertPedalAxis"":false,""pressThreshold"":0.5,""releaseThreshold"":0.20000000298023225,""minimumIntervalSeconds"":5.0,""maximumIntervalSeconds"":10.0,""minimumValidReactionSeconds"":0.10000000149011612,""randomSeed"":1007226408}",,0,0.000000,0.792629,CorrectSidePress,1,0,0,1,Correct,1,0.792629,493.787358,0.792629,0.000000,1,0,PlusMinusKeys,0,1
20261008T104449390Z_3a71836f0fb0402ca73bb86152d1bd37,,,1,1,TrialFinished,Visual,2026-10-08T10:53:03.1894486Z,493.787358,486.936357,20113,7,0,OperatingSource,0,0,1,58,Right,1,1,Correct,1,0.792629,1,0,1.000000,TaskSwitchPedal,0,0.500000,0.200000,,0.100000,5.000000,10.000000,1007226408,490.340635,489.545282,489.548006,492.992005,492.994729,0.002724,493.787358,0,0,7,0,OperatingSource,Move2,Move2.DestinationFineAlign,Place,Place.PlacementLowering,1,"{""pedalAxisName"":""TaskSwitchPedal"",""usePlusMinusKeys"":true,""positivePedalKey"":61,""negativePedalKey"":45,""invertPedalAxis"":false,""pressThreshold"":0.5,""releaseThreshold"":0.20000000298023225,""minimumIntervalSeconds"":5.0,""maximumIntervalSeconds"":10.0,""minimumValidReactionSeconds"":0.10000000149011612,""randomSeed"":1007226408}",,0,0.000000,0.792629,CorrectSidePress,1,0,0,1,Correct,1,0.792629,493.787358,0.792629,0.000000,1,0,PlusMinusKeys,0,1
20261008T104449390Z_3a71836f0fb0402ca73bb86152d1bd37,,,1,1,StimulusScheduled,Visual,2026-10-08T10:53:03.1894486Z,493.787736,486.936357,20113,7,0,OperatingSource,0,0,1,59,Right,1,,,,,0,0,1.000000,TaskSwitchPedal,0,0.500000,0.200000,,0.100000,5.000000,10.000000,1007226408,490.341013,497.246246,,500.692969,,,,0,0,,,,,,Place,Place.PlacementLowering,1,"{""pedalAxisName"":""TaskSwitchPedal"",""usePlusMinusKeys"":true,""positivePedalKey"":61,""negativePedalKey"":45,""invertPedalAxis"":false,""pressThreshold"":0.5,""releaseThreshold"":0.20000000298023225,""minimumIntervalSeconds"":5.0,""maximumIntervalSeconds"":10.0,""minimumValidReactionSeconds"":0.10000000149011612,""randomSeed"":1007226408}",,0,0.000000,,CorrectSidePress,0,0,0,,,,,,,0.000000,1,0,PlusMinusKeys,0,1
20261008T104449390Z_3a71836f0fb0402ca73bb86152d1bd37,,,1,1,StimulusOnsetObserved,Visual,2026-10-08T10:53:10.0963934Z,500.695526,493.839957,20307,7,0,OperatingSource,0,0,1,59,Right,1,,,,,1,0,0.000000,TaskSwitchPedal,0,0.500000,0.200000,,0.100000,5.000000,10.000000,1007226408,497.248803,497.246246,497.248803,500.692969,500.695526,0.002557,,0,1,7,0,OperatingSource,Place,Place.PlacementLowering,Place,Place.PlacementLowering,1,"{""pedalAxisName"":""TaskSwitchPedal"",""usePlusMinusKeys"":true,""positivePedalKey"":61,""negativePedalKey"":45,""invertPedalAxis"":false,""pressThreshold"":0.5,""releaseThreshold"":0.20000000298023225,""minimumIntervalSeconds"":5.0,""maximumIntervalSeconds"":10.0,""minimumValidReactionSeconds"":0.10000000149011612,""randomSeed"":1007226408}",,0,0.000000,,CorrectSidePress,0,0,0,,,,,,,0.000000,0,0,Axis,0,1
20261008T104449390Z_3a71836f0fb0402ca73bb86152d1bd37,,,1,1,PedalPressed,Visual,2026-10-08T10:53:11.6231541Z,502.221369,495.370956,20350,7,0,OperatingSource,0,0,1,59,Right,1,1,Correct,1,1.525842,1,0,1.000000,TaskSwitchPedal,0,0.500000,0.200000,,0.100000,5.000000,10.000000,1007226408,498.774646,497.246246,497.248803,500.692969,500.695526,0.002557,502.221369,0,1,7,0,OperatingSource,Place,Place.PlacementLowering,Place,Place.LoadRelease,1,"{""pedalAxisName"":""TaskSwitchPedal"",""usePlusMinusKeys"":true,""positivePedalKey"":61,""negativePedalKey"":45,""invertPedalAxis"":false,""pressThreshold"":0.5,""releaseThreshold"":0.20000000298023225,""minimumIntervalSeconds"":5.0,""maximumIntervalSeconds"":10.0,""minimumValidReactionSeconds"":0.10000000149011612,""randomSeed"":1007226408}",,0,0.000000,1.525842,CorrectSidePress,1,0,0,1,Correct,1,1.525842,502.221369,1.525842,0.000000,1,0,PlusMinusKeys,0,1
20261008T104449390Z_3a71836f0fb0402ca73bb86152d1bd37,,,1,1,TrialFinished,Visual,2026-10-08T10:53:11.6231541Z,502.221369,495.370956,20350,7,0,OperatingSource,0,0,1,59,Right,1,1,Correct,1,1.525842,1,0,1.000000,TaskSwitchPedal,0,0.500000,0.200000,,0.100000,5.000000,10.000000,1007226408,498.774646,497.246246,497.248803,500.692969,500.695526,0.002557,502.221369,0,0,7,0,OperatingSource,Place,Place.PlacementLowering,Place,Place.LoadRelease,1,"{""pedalAxisName"":""TaskSwitchPedal"",""usePlusMinusKeys"":true,""positivePedalKey"":61,""negativePedalKey"":45,""invertPedalAxis"":false,""pressThreshold"":0.5,""releaseThreshold"":0.20000000298023225,""minimumIntervalSeconds"":5.0,""maximumIntervalSeconds"":10.0,""minimumValidReactionSeconds"":0.10000000149011612,""randomSeed"":1007226408}",,0,0.000000,1.525842,CorrectSidePress,1,0,0,1,Correct,1,1.525842,502.221369,1.525842,0.000000,1,0,PlusMinusKeys,0,1
20261008T104449390Z_3a71836f0fb0402ca73bb86152d1bd37,,,1,1,StimulusScheduled,Visual,2026-10-08T10:53:11.6231541Z,502.221711,495.370956,20350,7,0,OperatingSource,0,0,1,60,Left,-1,,,,,0,0,1.000000,TaskSwitchPedal,0,0.500000,0.200000,,0.100000,5.000000,10.000000,1007226408,498.774988,507.542558,,510.989281,,,,0,0,,,,,,Place,Place.LoadRelease,1,"{""pedalAxisName"":""TaskSwitchPedal"",""usePlusMinusKeys"":true,""positivePedalKey"":61,""negativePedalKey"":45,""invertPedalAxis"":false,""pressThreshold"":0.5,""releaseThreshold"":0.20000000298023225,""minimumIntervalSeconds"":5.0,""maximumIntervalSeconds"":10.0,""minimumValidReactionSeconds"":0.10000000149011612,""randomSeed"":1007226408}",,0,0.000000,,CorrectSidePress,0,0,0,,,,,,,0.000000,1,0,PlusMinusKeys,0,1
20261008T104449390Z_3a71836f0fb0402ca73bb86152d1bd37,,,1,1,StimulusOnsetObserved,Visual,2026-10-08T10:53:20.4206831Z,511.019092,504.167038,20715,7,0,OperatingSource,0,0,1,60,Left,-1,,,,,1,0,0.000000,TaskSwitchPedal,0,0.500000,0.200000,,0.100000,5.000000,10.000000,1007226408,507.572369,507.542558,507.572369,510.989281,511.019092,0.029811,,1,0,7,0,OperatingSource,Place,Place.PostPlacementRaising,Place,Place.PostPlacementRaising,1,"{""pedalAxisName"":""TaskSwitchPedal"",""usePlusMinusKeys"":true,""positivePedalKey"":61,""negativePedalKey"":45,""invertPedalAxis"":false,""pressThreshold"":0.5,""releaseThreshold"":0.20000000298023225,""minimumIntervalSeconds"":5.0,""maximumIntervalSeconds"":10.0,""minimumValidReactionSeconds"":0.10000000149011612,""randomSeed"":1007226408}",,0,0.000000,,CorrectSidePress,0,0,0,,,,,,,0.000000,0,0,Axis,0,1
20261008T104449390Z_3a71836f0fb0402ca73bb86152d1bd37,,,1,1,TrialFinished,Visual,2026-10-08T10:53:21.1856081Z,511.783677,504.931140,20749,7,0,OperatingSource,0,0,1,60,Left,-1,,Interrupted,,,1,0,0.000000,TaskSwitchPedal,0,0.500000,0.200000,,0.100000,5.000000,10.000000,1007226408,508.336943,507.542558,507.572369,510.989281,511.019092,0.029811,,0,0,7,0,OperatingSource,Place,Place.PostPlacementRaising,Place,,1,"{""pedalAxisName"":""TaskSwitchPedal"",""usePlusMinusKeys"":true,""positivePedalKey"":61,""negativePedalKey"":45,""invertPedalAxis"":false,""pressThreshold"":0.5,""releaseThreshold"":0.20000000298023225,""minimumIntervalSeconds"":5.0,""maximumIntervalSeconds"":10.0,""minimumValidReactionSeconds"":0.10000000149011612,""randomSeed"":1007226408}",ExperimentCompleted,0,0.000000,,CorrectSidePress,0,0,0,,,,,,,0.000000,0,0,Axis,0,1
20261008T104449390Z_3a71836f0fb0402ca73bb86152d1bd37,,,1,1,SubtaskStopped,Visual,2026-10-08T10:53:21.1856081Z,511.784242,504.931140,20749,7,0,OperatingSource,0,0,1,,,,,,,,0,0,0.000000,TaskSwitchPedal,0,0.500000,0.200000,,0.100000,5.000000,10.000000,1007226408,508.337520,,,,,,,0,0,,,,,,Place,,1,"{""pedalAxisName"":""TaskSwitchPedal"",""usePlusMinusKeys"":true,""positivePedalKey"":61,""negativePedalKey"":45,""invertPedalAxis"":false,""pressThreshold"":0.5,""releaseThreshold"":0.20000000298023225,""minimumIntervalSeconds"":5.0,""maximumIntervalSeconds"":10.0,""minimumValidReactionSeconds"":0.10000000149011612,""randomSeed"":1007226408}",ExperimentCompleted,0,0.000000,,CorrectSidePress,,,,,,,,,,0.000000,0,0,Axis,0,1
