session_id,participant_id,block_id,experiment_run_index,activation_index,event_type,secondary_task_mode,utc_timestamp,real_elapsed_s,simulation_elapsed_s,frame,switch_index,active_crane_index,state,input_locked,global_paused,operation_enabled,trial_index,stimulus_side,expected_sign,response_sign,outcome,correct,reaction_time_s,presented,held_at_onset,raw_pedal,pedal_axis,invert_axis,press_threshold,release_threshold,response_timeout_s,minimum_valid_reaction_s,minimum_interval_s,maximum_interval_s,random_seed,active_clock_s,scheduled_onset_active_clock_s,actual_onset_active_clock_s,scheduled_onset_estimated_real_s,onset_observed_real_s,onset_frame_delay_s,response_observed_real_s,left_red,right_red,onset_switch_index,onset_crane_index,onset_state,onset_phase,onset_step,current_phase,current_step,app_focused,configuration_json,detail,pause_count,paused_duration_s,wall_reaction_time_s,completion_policy,response_count,incorrect_response_count,too_early_response_count,first_response_sign,first_response_outcome,first_response_correct,first_reaction_time_s,first_response_observed_real_s,first_wall_reaction_time_s,pedal_axis_raw,pedal_positive_key,pedal_negative_key,pedal_input_source,pedal_input_conflict,plus_minus_keys_enabled
20261008T103449461Z_aa970ef5be5a434094358b737dd8f822,,,1,1,SubtaskStarted,Visual,2026-10-08T10:34:54.9105841Z,5.434386,0.154010,455,0,0,OperatingSource,0,0,1,,,,,,,,0,0,0.000000,TaskSwitchPedal,0,0.500000,0.200000,,0.100000,5.000000,10.000000,-196575783,3.691229,,,,,,,0,0,,,,,,Move1,Move1.PickupCoarseMove,1,"{""pedalAxisName"":""TaskSwitchPedal"",""usePlusMinusKeys"":true,""positivePedalKey"":61,""negativePedalKey"":45,""invertPedalAxis"":false,""pressThreshold"":0.5,""releaseThreshold"":0.20000000298023225,""minimumIntervalSeconds"":5.0,""maximumIntervalSeconds"":10.0,""minimumValidReactionSeconds"":0.10000000149011612,""randomSeed"":-196575783}","{""pedalAxisName"":""TaskSwitchPedal"",""usePlusMinusKeys"":true,""positivePedalKey"":61,""negativePedalKey"":45,""invertPedalAxis"":false,""pressThreshold"":0.5,""releaseThreshold"":0.20000000298023225,""minimumIntervalSeconds"":5.0,""maximumIntervalSeconds"":10.0,""minimumValidReactionSeconds"":0.10000000149011612,""randomSeed"":-196575783}",0,0.000000,,CorrectSidePress,,,,,,,,,,0.000000,0,0,Axis,0,1
20261008T103449461Z_aa970ef5be5a434094358b737dd8f822,,,1,1,StimulusScheduled,Visual,2026-10-08T10:34:54.9146411Z,5.439510,0.154010,455,0,0,OperatingSource,0,0,1,1,Left,-1,,,,,0,0,0.000000,TaskSwitchPedal,0,0.500000,0.200000,,0.100000,5.000000,10.000000,-196575783,3.696339,13.306305,,15.049475,,,,0,0,,,,,,Move1,Move1.PickupCoarseMove,1,"{""pedalAxisName"":""TaskSwitchPedal"",""usePlusMinusKeys"":true,""positivePedalKey"":61,""negativePedalKey"":45,""invertPedalAxis"":false,""pressThreshold"":0.5,""releaseThreshold"":0.20000000298023225,""minimumIntervalSeconds"":5.0,""maximumIntervalSeconds"":10.0,""minimumValidReactionSeconds"":0.10000000149011612,""randomSeed"":-196575783}",,0,0.000000,,CorrectSidePress,0,0,0,,,,,,,0.000000,0,0,Axis,0,1
20261008T103449461Z_aa970ef5be5a434094358b737dd8f822,,,1,1,StimulusOnsetObserved,Visual,2026-10-08T10:35:04.5332527Z,15.059690,9.880629,901,0,0,OperatingSource,0,0,1,1,Left,-1,,,,,1,0,0.000000,TaskSwitchPedal,0,0.500000,0.200000,,0.100000,5.000000,10.000000,-196575783,13.316530,13.306305,13.316530,15.049475,15.059690,0.010215,,1,0,0,0,OperatingSource,Move1,Move1.PickupCoarseMove,Move1,Move1.PickupCoarseMove,1,"{""pedalAxisName"":""TaskSwitchPedal"",""usePlusMinusKeys"":true,""positivePedalKey"":61,""negativePedalKey"":45,""invertPedalAxis"":false,""pressThreshold"":0.5,""releaseThreshold"":0.20000000298023225,""minimumIntervalSeconds"":5.0,""maximumIntervalSeconds"":10.0,""minimumValidReactionSeconds"":0.10000000149011612,""randomSeed"":-196575783}",,0,0.000000,,CorrectSidePress,0,0,0,,,,,,,0.000000,0,0,Axis,0,1
20261008T103449461Z_aa970ef5be5a434094358b737dd8f822,,,1,1,PedalPressed,Visual,2026-10-08T10:35:04.9833832Z,15.509641,10.330951,922,0,0,OperatingSource,0,0,1,1,Left,-1,-1,Correct,1,0.449952,1,0,-1.000000,TaskSwitchPedal,0,0.500000,0.200000,,0.100000,5.000000,10.000000,-196575783,13.766482,13.306305,13.316530,15.049475,15.059690,0.010215,15.509641,1,0,0,0,OperatingSource,Move1,Move1.PickupCoarseMove,Move1,Move1.PickupCoarseMove,1,"{""pedalAxisName"":""TaskSwitchPedal"",""usePlusMinusKeys"":true,""positivePedalKey"":61,""negativePedalKey"":45,""invertPedalAxis"":false,""pressThreshold"":0.5,""releaseThreshold"":0.20000000298023225,""minimumIntervalSeconds"":5.0,""maximumIntervalSeconds"":10.0,""minimumValidReactionSeconds"":0.10000000149011612,""randomSeed"":-196575783}",,0,0.000000,0.449951,CorrectSidePress,1,0,0,-1,Correct,1,0.449952,15.509641,0.449951,0.000000,0,1,PlusMinusKeys,0,1
20261008T103449461Z_aa970ef5be5a434094358b737dd8f822,,,1,1,TrialFinished,Visual,2026-10-08T10:35:04.9843807Z,15.509641,10.330951,922,0,0,OperatingSource,0,0,1,1,Left,-1,-1,Correct,1,0.449952,1,0,-1.000000,TaskSwitchPedal,0,0.500000,0.200000,,0.100000,5.000000,10.000000,-196575783,13.766482,13.306305,13.316530,15.049475,15.059690,0.010215,15.509641,0,0,0,0,OperatingSource,Move1,Move1.PickupCoarseMove,Move1,Move1.PickupCoarseMove,1,"{""pedalAxisName"":""TaskSwitchPedal"",""usePlusMinusKeys"":true,""positivePedalKey"":61,""negativePedalKey"":45,""invertPedalAxis"":false,""pressThreshold"":0.5,""releaseThreshold"":0.20000000298023225,""minimumIntervalSeconds"":5.0,""maximumIntervalSeconds"":10.0,""minimumValidReactionSeconds"":0.10000000149011612,""randomSeed"":-196575783}",,0,0.000000,0.449951,CorrectSidePress,1,0,0,-1,Correct,1,0.449952,15.509641,0.449951,0.000000,0,1,PlusMinusKeys,0,1
20261008T103449461Z_aa970ef5be5a434094358b737dd8f822,,,1,1,StimulusScheduled,Visual,2026-10-08T10:35:04.9843807Z,15.510541,10.330951,922,0,0,OperatingSource,0,0,1,2,Right,1,,,,,0,0,-1.000000,TaskSwitchPedal,0,0.500000,0.200000,,0.100000,5.000000,10.000000,-196575783,13.767383,20.286133,,22.029292,,,,0,0,,,,,,Move1,Move1.PickupCoarseMove,1,"{""pedalAxisName"":""TaskSwitchPedal"",""usePlusMinusKeys"":true,""positivePedalKey"":61,""negativePedalKey"":45,""invertPedalAxis"":false,""pressThreshold"":0.5,""releaseThreshold"":0.20000000298023225,""minimumIntervalSeconds"":5.0,""maximumIntervalSeconds"":10.0,""minimumValidReactionSeconds"":0.10000000149011612,""randomSeed"":-196575783}",,0,0.000000,,CorrectSidePress,0,0,0,,,,,,,0.000000,0,1,PlusMinusKeys,0,1
20261008T103449461Z_aa970ef5be5a434094358b737dd8f822,,,1,1,StimulusOnsetObserved,Visual,2026-10-08T10:35:11.5049946Z,22.031597,16.849953,1215,0,0,OperatingSource,0,0,1,2,Right,1,,,,,1,0,0.000000,TaskSwitchPedal,0,0.500000,0.200000,,0.100000,5.000000,10.000000,-196575783,20.288438,20.286133,20.288438,22.029292,22.031597,0.002306,,0,1,0,0,OperatingSource,LiftUp,LiftUp.PickupLowering,LiftUp,LiftUp.PickupLowering,1,"{""pedalAxisName"":""TaskSwitchPedal"",""usePlusMinusKeys"":true,""positivePedalKey"":61,""negativePedalKey"":45,""invertPedalAxis"":false,""pressThreshold"":0.5,""releaseThreshold"":0.20000000298023225,""minimumIntervalSeconds"":5.0,""maximumIntervalSeconds"":10.0,""minimumValidReactionSeconds"":0.10000000149011612,""randomSeed"":-196575783}",,0,0.000000,,CorrectSidePress,0,0,0,,,,,,,0.000000,0,0,Axis,0,1
20261008T103449461Z_aa970ef5be5a434094358b737dd8f822,,,1,1,PedalPressed,Visual,2026-10-08T10:35:12.0533949Z,22.579661,17.399917,1240,0,0,OperatingSource,0,0,1,2,Right,1,1,Correct,1,0.548064,1,0,1.000000,TaskSwitchPedal,0,0.500000,0.200000,,0.100000,5.000000,10.000000,-196575783,20.836502,20.286133,20.288438,22.029292,22.031597,0.002306,22.579661,0,1,0,0,OperatingSource,LiftUp,LiftUp.PickupLowering,LiftUp,LiftUp.PickupLowering,1,"{""pedalAxisName"":""TaskSwitchPedal"",""usePlusMinusKeys"":true,""positivePedalKey"":61,""negativePedalKey"":45,""invertPedalAxis"":false,""pressThreshold"":0.5,""releaseThreshold"":0.20000000298023225,""minimumIntervalSeconds"":5.0,""maximumIntervalSeconds"":10.0,""minimumValidReactionSeconds"":0.10000000149011612,""randomSeed"":-196575783}",,0,0.000000,0.548064,CorrectSidePress,1,0,0,1,Correct,1,0.548064,22.579661,0.548064,0.000000,1,0,PlusMinusKeys,0,1
20261008T103449461Z_aa970ef5be5a434094358b737dd8f822,,,1,1,TrialFinished,Visual,2026-10-08T10:35:12.0533949Z,22.579661,17.399917,1240,0,0,OperatingSource,0,0,1,2,Right,1,1,Correct,1,0.548064,1,0,1.000000,TaskSwitchPedal,0,0.500000,0.200000,,0.100000,5.000000,10.000000,-196575783,20.836502,20.286133,20.288438,22.029292,22.031597,0.002306,22.579661,0,0,0,0,OperatingSource,LiftUp,LiftUp.PickupLowering,LiftUp,LiftUp.PickupLowering,1,"{""pedalAxisName"":""TaskSwitchPedal"",""usePlusMinusKeys"":true,""positivePedalKey"":61,""negativePedalKey"":45,""invertPedalAxis"":false,""pressThreshold"":0.5,""releaseThreshold"":0.20000000298023225,""minimumIntervalSeconds"":5.0,""maximumIntervalSeconds"":10.0,""minimumValidReactionSeconds"":0.10000000149011612,""randomSeed"":-196575783}",,0,0.000000,0.548064,CorrectSidePress,1,0,0,1,Correct,1,0.548064,22.579661,0.548064,0.000000,1,0,PlusMinusKeys,0,1
20261008T103449461Z_aa970ef5be5a434094358b737dd8f822,,,1,1,StimulusScheduled,Visual,2026-10-08T10:35:12.0533949Z,22.580016,17.399917,1240,0,0,OperatingSource,0,0,1,3,Left,-1,,,,,0,0,1.000000,TaskSwitchPedal,0,0.500000,0.200000,,0.100000,5.000000,10.000000,-196575783,20.836857,25.905660,,27.648819,,,,0,0,,,,,,LiftUp,LiftUp.PickupLowering,1,"{""pedalAxisName"":""TaskSwitchPedal"",""usePlusMinusKeys"":true,""positivePedalKey"":61,""negativePedalKey"":45,""invertPedalAxis"":false,""pressThreshold"":0.5,""releaseThreshold"":0.20000000298023225,""minimumIntervalSeconds"":5.0,""maximumIntervalSeconds"":10.0,""minimumValidReactionSeconds"":0.10000000149011612,""randomSeed"":-196575783}",,0,0.000000,,CorrectSidePress,0,0,0,,,,,,,0.000000,1,0,PlusMinusKeys,0,1
20261008T103449461Z_aa970ef5be5a434094358b737dd8f822,,,1,1,StimulusOnsetObserved,Visual,2026-10-08T10:35:17.1333828Z,27.660461,22.480225,1467,0,0,OperatingSource,0,0,1,3,Left,-1,,,,,1,0,0.000000,TaskSwitchPedal,0,0.500000,0.200000,,0.100000,5.000000,10.000000,-196575783,25.917301,25.905660,25.917301,27.648819,27.660461,0.011641,,1,0,0,0,OperatingSource,LiftUp,LiftUp.LoadedRaising,LiftUp,LiftUp.LoadedRaising,1,"{""pedalAxisName"":""TaskSwitchPedal"",""usePlusMinusKeys"":true,""positivePedalKey"":61,""negativePedalKey"":45,""invertPedalAxis"":false,""pressThreshold"":0.5,""releaseThreshold"":0.20000000298023225,""minimumIntervalSeconds"":5.0,""maximumIntervalSeconds"":10.0,""minimumValidReactionSeconds"":0.10000000149011612,""randomSeed"":-196575783}",,0,0.000000,,CorrectSidePress,0,0,0,,,,,,,0.000000,0,0,Axis,0,1
20261008T103449461Z_aa970ef5be5a434094358b737dd8f822,,,1,1,PedalPressed,Visual,2026-10-08T10:35:17.9230532Z,28.449323,23.269990,1500,0,0,OperatingSource,0,0,1,3,Left,-1,-1,Correct,1,0.788863,1,0,-1.000000,TaskSwitchPedal,0,0.500000,0.200000,,0.100000,5.000000,10.000000,-196575783,26.706164,25.905660,25.917301,27.648819,27.660461,0.011641,28.449323,1,0,0,0,OperatingSource,LiftUp,LiftUp.LoadedRaising,LiftUp,LiftUp.LoadedRaising,1,"{""pedalAxisName"":""TaskSwitchPedal"",""usePlusMinusKeys"":true,""positivePedalKey"":61,""negativePedalKey"":45,""invertPedalAxis"":false,""pressThreshold"":0.5,""releaseThreshold"":0.20000000298023225,""minimumIntervalSeconds"":5.0,""maximumIntervalSeconds"":10.0,""minimumValidReactionSeconds"":0.10000000149011612,""randomSeed"":-196575783}",,0,0.000000,0.788862,CorrectSidePress,1,0,0,-1,Correct,1,0.788863,28.449323,0.788862,0.000000,0,1,PlusMinusKeys,0,1
20261008T103449461Z_aa970ef5be5a434094358b737dd8f822,,,1,1,TrialFinished,Visual,2026-10-08T10:35:17.9230532Z,28.449323,23.269990,1500,0,0,OperatingSource,0,0,1,3,Left,-1,-1,Correct,1,0.788863,1,0,-1.000000,TaskSwitchPedal,0,0.500000,0.200000,,0.100000,5.000000,10.000000,-196575783,26.706164,25.905660,25.917301,27.648819,27.660461,0.011641,28.449323,0,0,0,0,OperatingSource,LiftUp,LiftUp.LoadedRaising,LiftUp,LiftUp.LoadedRaising,1,"{""pedalAxisName"":""TaskSwitchPedal"",""usePlusMinusKeys"":true,""positivePedalKey"":61,""negativePedalKey"":45,""invertPedalAxis"":false,""pressThreshold"":0.5,""releaseThreshold"":0.20000000298023225,""minimumIntervalSeconds"":5.0,""maximumIntervalSeconds"":10.0,""minimumValidReactionSeconds"":0.10000000149011612,""randomSeed"":-196575783}",,0,0.000000,0.788862,CorrectSidePress,1,0,0,-1,Correct,1,0.788863,28.449323,0.788862,0.000000,0,1,PlusMinusKeys,0,1
20261008T103449461Z_aa970ef5be5a434094358b737dd8f822,,,1,1,StimulusScheduled,Visual,2026-10-08T10:35:17.9230532Z,28.449659,23.269990,1500,0,0,OperatingSource,0,0,1,4,Right,1,,,,,0,0,-1.000000,TaskSwitchPedal,0,0.500000,0.200000,,0.100000,5.000000,10.000000,-196575783,26.706501,32.020845,,33.764004,,,,0,0,,,,,,LiftUp,LiftUp.LoadedRaising,1,"{""pedalAxisName"":""TaskSwitchPedal"",""usePlusMinusKeys"":true,""positivePedalKey"":61,""negativePedalKey"":45,""invertPedalAxis"":false,""pressThreshold"":0.5,""releaseThreshold"":0.20000000298023225,""minimumIntervalSeconds"":5.0,""maximumIntervalSeconds"":10.0,""minimumValidReactionSeconds"":0.10000000149011612,""randomSeed"":-196575783}",,0,0.000000,,CorrectSidePress,0,0,0,,,,,,,0.000000,0,1,PlusMinusKeys,0,1
20261008T103449461Z_aa970ef5be5a434094358b737dd8f822,,,1,1,StimulusOnsetObserved,Visual,2026-10-08T10:35:23.2488218Z,33.774722,28.594132,1740,0,0,OperatingSource,0,0,1,4,Right,1,,,,,1,0,0.000000,TaskSwitchPedal,0,0.500000,0.200000,,0.100000,5.000000,10.000000,-196575783,32.031563,32.020845,32.031563,33.764004,33.774722,0.010718,,0,1,0,0,OperatingSource,LiftUp,LiftUp.LoadedRaising,LiftUp,LiftUp.LoadedRaising,1,"{""pedalAxisName"":""TaskSwitchPedal"",""usePlusMinusKeys"":true,""positivePedalKey"":61,""negativePedalKey"":45,""invertPedalAxis"":false,""pressThreshold"":0.5,""releaseThreshold"":0.20000000298023225,""minimumIntervalSeconds"":5.0,""maximumIntervalSeconds"":10.0,""minimumValidReactionSeconds"":0.10000000149011612,""randomSeed"":-196575783}",,0,0.000000,,CorrectSidePress,0,0,0,,,,,,,0.000000,0,0,Axis,0,1
20261008T103449461Z_aa970ef5be5a434094358b737dd8f822,,,1,1,PedalPressed,Visual,2026-10-08T10:35:23.6868202Z,34.212709,29.033915,1760,0,0,OperatingSource,0,0,1,4,Right,1,1,Correct,1,0.437987,1,0,1.000000,TaskSwitchPedal,0,0.500000,0.200000,,0.100000,5.000000,10.000000,-196575783,32.469549,32.020845,32.031563,33.764004,33.774722,0.010718,34.212709,0,1,0,0,OperatingSource,LiftUp,LiftUp.LoadedRaising,LiftUp,LiftUp.LoadedRaising,1,"{""pedalAxisName"":""TaskSwitchPedal"",""usePlusMinusKeys"":true,""positivePedalKey"":61,""negativePedalKey"":45,""invertPedalAxis"":false,""pressThreshold"":0.5,""releaseThreshold"":0.20000000298023225,""minimumIntervalSeconds"":5.0,""maximumIntervalSeconds"":10.0,""minimumValidReactionSeconds"":0.10000000149011612,""randomSeed"":-196575783}",,0,0.000000,0.437987,CorrectSidePress,1,0,0,1,Correct,1,0.437987,34.212709,0.437987,0.000000,1,0,PlusMinusKeys,0,1
20261008T103449461Z_aa970ef5be5a434094358b737dd8f822,,,1,1,TrialFinished,Visual,2026-10-08T10:35:23.6868202Z,34.212709,29.033915,1760,0,0,OperatingSource,0,0,1,4,Right,1,1,Correct,1,0.437987,1,0,1.000000,TaskSwitchPedal,0,0.500000,0.200000,,0.100000,5.000000,10.000000,-196575783,32.469549,32.020845,32.031563,33.764004,33.774722,0.010718,34.212709,0,0,0,0,OperatingSource,LiftUp,LiftUp.LoadedRaising,LiftUp,LiftUp.LoadedRaising,1,"{""pedalAxisName"":""TaskSwitchPedal"",""usePlusMinusKeys"":true,""positivePedalKey"":61,""negativePedalKey"":45,""invertPedalAxis"":false,""pressThreshold"":0.5,""releaseThreshold"":0.20000000298023225,""minimumIntervalSeconds"":5.0,""maximumIntervalSeconds"":10.0,""minimumValidReactionSeconds"":0.10000000149011612,""randomSeed"":-196575783}",,0,0.000000,0.437987,CorrectSidePress,1,0,0,1,Correct,1,0.437987,34.212709,0.437987,0.000000,1,0,PlusMinusKeys,0,1
20261008T103449461Z_aa970ef5be5a434094358b737dd8f822,,,1,1,StimulusScheduled,Visual,2026-10-08T10:35:23.6868202Z,34.213133,29.033915,1760,0,0,OperatingSource,0,0,1,5,Left,-1,,,,,0,0,1.000000,TaskSwitchPedal,0,0.500000,0.200000,,0.100000,5.000000,10.000000,-196575783,32.469974,38.628077,,40.371236,,,,0,0,,,,,,LiftUp,LiftUp.LoadedRaising,1,"{""pedalAxisName"":""TaskSwitchPedal"",""usePlusMinusKeys"":true,""positivePedalKey"":61,""negativePedalKey"":45,""invertPedalAxis"":false,""pressThreshold"":0.5,""releaseThreshold"":0.20000000298023225,""minimumIntervalSeconds"":5.0,""maximumIntervalSeconds"":10.0,""minimumValidReactionSeconds"":0.10000000149011612,""randomSeed"":-196575783}",,0,0.000000,,CorrectSidePress,0,0,0,,,,,,,0.000000,1,0,PlusMinusKeys,0,1
20261008T103449461Z_aa970ef5be5a434094358b737dd8f822,,,1,1,StimulusOnsetObserved,Visual,2026-10-08T10:35:29.8636758Z,40.390618,35.211219,2031,0,0,OperatingSource,0,0,1,5,Left,-1,,,,,1,0,0.000000,TaskSwitchPedal,0,0.500000,0.200000,,0.100000,5.000000,10.000000,-196575783,38.647459,38.628077,38.647459,40.371236,40.390618,0.019382,,1,0,0,0,OperatingSource,Move2,Move2.DestinationCoarseMove,Move2,Move2.DestinationCoarseMove,1,"{""pedalAxisName"":""TaskSwitchPedal"",""usePlusMinusKeys"":true,""positivePedalKey"":61,""negativePedalKey"":45,""invertPedalAxis"":false,""pressThreshold"":0.5,""releaseThreshold"":0.20000000298023225,""minimumIntervalSeconds"":5.0,""maximumIntervalSeconds"":10.0,""minimumValidReactionSeconds"":0.10000000149011612,""randomSeed"":-196575783}",,0,0.000000,,CorrectSidePress,0,0,0,,,,,,,0.000000,0,0,Axis,0,1
20261008T103449461Z_aa970ef5be5a434094358b737dd8f822,,,1,1,PedalPressed,Visual,2026-10-08T10:35:30.7230549Z,41.249380,36.070328,2069,0,0,OperatingSource,0,0,1,5,Left,-1,-1,Correct,1,0.858761,1,0,-1.000000,TaskSwitchPedal,0,0.500000,0.200000,,0.100000,5.000000,10.000000,-196575783,39.506220,38.628077,38.647459,40.371236,40.390618,0.019382,41.249380,1,0,0,0,OperatingSource,Move2,Move2.DestinationCoarseMove,Move2,Move2.DestinationCoarseMove,1,"{""pedalAxisName"":""TaskSwitchPedal"",""usePlusMinusKeys"":true,""positivePedalKey"":61,""negativePedalKey"":45,""invertPedalAxis"":false,""pressThreshold"":0.5,""releaseThreshold"":0.20000000298023225,""minimumIntervalSeconds"":5.0,""maximumIntervalSeconds"":10.0,""minimumValidReactionSeconds"":0.10000000149011612,""randomSeed"":-196575783}",,0,0.000000,0.858761,CorrectSidePress,1,0,0,-1,Correct,1,0.858761,41.249380,0.858761,0.000000,0,1,PlusMinusKeys,0,1
20261008T103449461Z_aa970ef5be5a434094358b737dd8f822,,,1,1,TrialFinished,Visual,2026-10-08T10:35:30.7230549Z,41.249380,36.070328,2069,0,0,OperatingSource,0,0,1,5,Left,-1,-1,Correct,1,0.858761,1,0,-1.000000,TaskSwitchPedal,0,0.500000,0.200000,,0.100000,5.000000,10.000000,-196575783,39.506220,38.628077,38.647459,40.371236,40.390618,0.019382,41.249380,0,0,0,0,OperatingSource,Move2,Move2.DestinationCoarseMove,Move2,Move2.DestinationCoarseMove,1,"{""pedalAxisName"":""TaskSwitchPedal"",""usePlusMinusKeys"":true,""positivePedalKey"":61,""negativePedalKey"":45,""invertPedalAxis"":false,""pressThreshold"":0.5,""releaseThreshold"":0.20000000298023225,""minimumIntervalSeconds"":5.0,""maximumIntervalSeconds"":10.0,""minimumValidReactionSeconds"":0.10000000149011612,""randomSeed"":-196575783}",,0,0.000000,0.858761,CorrectSidePress,1,0,0,-1,Correct,1,0.858761,41.249380,0.858761,0.000000,0,1,PlusMinusKeys,0,1
20261008T103449461Z_aa970ef5be5a434094358b737dd8f822,,,1,1,StimulusScheduled,Visual,2026-10-08T10:35:30.7230549Z,41.249686,36.070328,2069,0,0,OperatingSource,0,0,1,6,Right,1,,,,,0,0,-1.000000,TaskSwitchPedal,0,0.500000,0.200000,,0.100000,5.000000,10.000000,-196575783,39.506527,47.916555,,49.659714,,,,0,0,,,,,,Move2,Move2.DestinationCoarseMove,1,"{""pedalAxisName"":""TaskSwitchPedal"",""usePlusMinusKeys"":true,""positivePedalKey"":61,""negativePedalKey"":45,""invertPedalAxis"":false,""pressThreshold"":0.5,""releaseThreshold"":0.20000000298023225,""minimumIntervalSeconds"":5.0,""maximumIntervalSeconds"":10.0,""minimumValidReactionSeconds"":0.10000000149011612,""randomSeed"":-196575783}",,0,0.000000,,CorrectSidePress,0,0,0,,,,,,,0.000000,0,1,PlusMinusKeys,0,1
20261008T103449461Z_aa970ef5be5a434094358b737dd8f822,,,1,1,StimulusOnsetObserved,Visual,2026-10-08T10:35:39.1374155Z,49.663509,44.483465,2431,0,0,OperatingSource,0,0,1,6,Right,1,,,,,1,0,0.000000,TaskSwitchPedal,0,0.500000,0.200000,,0.100000,5.000000,10.000000,-196575783,47.920350,47.916555,47.920350,49.659714,49.663509,0.003795,,0,1,0,0,OperatingSource,Move2,Move2.DestinationCoarseMove,Move2,Move2.DestinationCoarseMove,1,"{""pedalAxisName"":""TaskSwitchPedal"",""usePlusMinusKeys"":true,""positivePedalKey"":61,""negativePedalKey"":45,""invertPedalAxis"":false,""pressThreshold"":0.5,""releaseThreshold"":0.20000000298023225,""minimumIntervalSeconds"":5.0,""maximumIntervalSeconds"":10.0,""minimumValidReactionSeconds"":0.10000000149011612,""randomSeed"":-196575783}",,0,0.000000,,CorrectSidePress,0,0,0,,,,,,,0.000000,0,0,Axis,0,1
20261008T103449461Z_aa970ef5be5a434094358b737dd8f822,,,1,1,PedalPressed,Visual,2026-10-08T10:35:39.8847541Z,50.411405,45.232119,2462,0,0,OperatingSource,0,0,1,6,Right,1,1,Correct,1,0.747896,1,0,1.000000,TaskSwitchPedal,0,0.500000,0.200000,,0.100000,5.000000,10.000000,-196575783,48.668246,47.916555,47.920350,49.659714,49.663509,0.003795,50.411405,0,1,0,0,OperatingSource,Move2,Move2.DestinationCoarseMove,Move2,Move2.DestinationCoarseMove,1,"{""pedalAxisName"":""TaskSwitchPedal"",""usePlusMinusKeys"":true,""positivePedalKey"":61,""negativePedalKey"":45,""invertPedalAxis"":false,""pressThreshold"":0.5,""releaseThreshold"":0.20000000298023225,""minimumIntervalSeconds"":5.0,""maximumIntervalSeconds"":10.0,""minimumValidReactionSeconds"":0.10000000149011612,""randomSeed"":-196575783}",,0,0.000000,0.747896,CorrectSidePress,1,0,0,1,Correct,1,0.747896,50.411405,0.747896,0.000000,1,0,PlusMinusKeys,0,1
20261008T103449461Z_aa970ef5be5a434094358b737dd8f822,,,1,1,TrialFinished,Visual,2026-10-08T10:35:39.8847541Z,50.411405,45.232119,2462,0,0,OperatingSource,0,0,1,6,Right,1,1,Correct,1,0.747896,1,0,1.000000,TaskSwitchPedal,0,0.500000,0.200000,,0.100000,5.000000,10.000000,-196575783,48.668246,47.916555,47.920350,49.659714,49.663509,0.003795,50.411405,0,0,0,0,OperatingSource,Move2,Move2.DestinationCoarseMove,Move2,Move2.DestinationCoarseMove,1,"{""pedalAxisName"":""TaskSwitchPedal"",""usePlusMinusKeys"":true,""positivePedalKey"":61,""negativePedalKey"":45,""invertPedalAxis"":false,""pressThreshold"":0.5,""releaseThreshold"":0.20000000298023225,""minimumIntervalSeconds"":5.0,""maximumIntervalSeconds"":10.0,""minimumValidReactionSeconds"":0.10000000149011612,""randomSeed"":-196575783}",,0,0.000000,0.747896,CorrectSidePress,1,0,0,1,Correct,1,0.747896,50.411405,0.747896,0.000000,1,0,PlusMinusKeys,0,1
20261008T103449461Z_aa970ef5be5a434094358b737dd8f822,,,1,1,StimulusScheduled,Visual,2026-10-08T10:35:39.8857593Z,50.411753,45.232119,2462,0,0,OperatingSource,0,0,1,7,Left,-1,,,,,0,0,1.000000,TaskSwitchPedal,0,0.500000,0.200000,,0.100000,5.000000,10.000000,-196575783,48.668594,57.673086,,59.416245,,,,0,0,,,,,,Move2,Move2.DestinationCoarseMove,1,"{""pedalAxisName"":""TaskSwitchPedal"",""usePlusMinusKeys"":true,""positivePedalKey"":61,""negativePedalKey"":45,""invertPedalAxis"":false,""pressThreshold"":0.5,""releaseThreshold"":0.20000000298023225,""minimumIntervalSeconds"":5.0,""maximumIntervalSeconds"":10.0,""minimumValidReactionSeconds"":0.10000000149011612,""randomSeed"":-196575783}",,0,0.000000,,CorrectSidePress,0,0,0,,,,,,,0.000000,1,0,PlusMinusKeys,0,1
20261008T103449461Z_aa970ef5be5a434094358b737dd8f822,,,1,1,StimulusOnsetObserved,Visual,2026-10-08T10:35:48.9015963Z,59.428616,54.249472,2855,1,1,WaitingForConfirmation,1,0,1,7,Left,-1,,,,,1,0,0.000000,TaskSwitchPedal,0,0.500000,0.200000,,0.100000,5.000000,10.000000,-196575783,57.685456,57.673086,57.685456,59.416245,59.428616,0.012371,,1,0,1,1,WaitingForConfirmation,Move1,,Move1,,1,"{""pedalAxisName"":""TaskSwitchPedal"",""usePlusMinusKeys"":true,""positivePedalKey"":61,""negativePedalKey"":45,""invertPedalAxis"":false,""pressThreshold"":0.5,""releaseThreshold"":0.20000000298023225,""minimumIntervalSeconds"":5.0,""maximumIntervalSeconds"":10.0,""minimumValidReactionSeconds"":0.10000000149011612,""randomSeed"":-196575783}",,0,0.000000,,CorrectSidePress,0,0,0,,,,,,,0.000000,0,0,Axis,0,1
20261008T103449461Z_aa970ef5be5a434094358b737dd8f822,,,1,1,PedalPressed,Visual,2026-10-08T10:35:49.5085302Z,60.034633,54.855667,2884,1,1,WaitingForConfirmation,1,0,1,7,Left,-1,1,Incorrect,0,0.606018,1,0,1.000000,TaskSwitchPedal,0,0.500000,0.200000,,0.100000,5.000000,10.000000,-196575783,58.291474,57.673086,57.685456,59.416245,59.428616,0.012371,60.034633,1,0,1,1,WaitingForConfirmation,Move1,,Move1,,1,"{""pedalAxisName"":""TaskSwitchPedal"",""usePlusMinusKeys"":true,""positivePedalKey"":61,""negativePedalKey"":45,""invertPedalAxis"":false,""pressThreshold"":0.5,""releaseThreshold"":0.20000000298023225,""minimumIntervalSeconds"":5.0,""maximumIntervalSeconds"":10.0,""minimumValidReactionSeconds"":0.10000000149011612,""randomSeed"":-196575783}",,0,0.000000,0.606017,CorrectSidePress,1,1,0,1,Incorrect,0,0.606018,60.034633,0.606017,0.000000,1,0,PlusMinusKeys,0,1
20261008T103449461Z_aa970ef5be5a434094358b737dd8f822,,,1,1,PedalPressed,Visual,2026-10-08T10:35:50.3235148Z,60.849820,55.670316,2921,1,1,OperatingTarget,0,0,1,7,Left,-1,-1,Correct,1,1.421205,1,0,-1.000000,TaskSwitchPedal,0,0.500000,0.200000,,0.100000,5.000000,10.000000,-196575783,59.106661,57.673086,57.685456,59.416245,59.428616,0.012371,60.849820,1,0,1,1,WaitingForConfirmation,Move1,,Move1,Move1.PickupCoarseMove,1,"{""pedalAxisName"":""TaskSwitchPedal"",""usePlusMinusKeys"":true,""positivePedalKey"":61,""negativePedalKey"":45,""invertPedalAxis"":false,""pressThreshold"":0.5,""releaseThreshold"":0.20000000298023225,""minimumIntervalSeconds"":5.0,""maximumIntervalSeconds"":10.0,""minimumValidReactionSeconds"":0.10000000149011612,""randomSeed"":-196575783}",,0,0.000000,1.421204,CorrectSidePress,2,1,0,1,Incorrect,0,0.606018,60.034633,0.606017,0.000000,0,1,PlusMinusKeys,0,1
20261008T103449461Z_aa970ef5be5a434094358b737dd8f822,,,1,1,TrialFinished,Visual,2026-10-08T10:35:50.3235148Z,60.849820,55.670316,2921,1,1,OperatingTarget,0,0,1,7,Left,-1,-1,Correct,1,1.421205,1,0,-1.000000,TaskSwitchPedal,0,0.500000,0.200000,,0.100000,5.000000,10.000000,-196575783,59.106661,57.673086,57.685456,59.416245,59.428616,0.012371,60.849820,0,0,1,1,WaitingForConfirmation,Move1,,Move1,Move1.PickupCoarseMove,1,"{""pedalAxisName"":""TaskSwitchPedal"",""usePlusMinusKeys"":true,""positivePedalKey"":61,""negativePedalKey"":45,""invertPedalAxis"":false,""pressThreshold"":0.5,""releaseThreshold"":0.20000000298023225,""minimumIntervalSeconds"":5.0,""maximumIntervalSeconds"":10.0,""minimumValidReactionSeconds"":0.10000000149011612,""randomSeed"":-196575783}",,0,0.000000,1.421204,CorrectSidePress,2,1,0,1,Incorrect,0,0.606018,60.034633,0.606017,0.000000,0,1,PlusMinusKeys,0,1
20261008T103449461Z_aa970ef5be5a434094358b737dd8f822,,,1,1,StimulusScheduled,Visual,2026-10-08T10:35:50.3235148Z,60.850287,55.670316,2921,1,1,OperatingTarget,0,0,1,8,Left,-1,,,,,0,0,-1.000000,TaskSwitchPedal,0,0.500000,0.200000,,0.100000,5.000000,10.000000,-196575783,59.107128,66.930130,,68.673289,,,,0,0,,,,,,Move1,Move1.PickupCoarseMove,1,"{""pedalAxisName"":""TaskSwitchPedal"",""usePlusMinusKeys"":true,""positivePedalKey"":61,""negativePedalKey"":45,""invertPedalAxis"":false,""pressThreshold"":0.5,""releaseThreshold"":0.20000000298023225,""minimumIntervalSeconds"":5.0,""maximumIntervalSeconds"":10.0,""minimumValidReactionSeconds"":0.10000000149011612,""randomSeed"":-196575783}",,0,0.000000,,CorrectSidePress,0,0,0,,,,,,,0.000000,0,1,PlusMinusKeys,0,1
20261008T103449461Z_aa970ef5be5a434094358b737dd8f822,,,1,1,StimulusOnsetObserved,Visual,2026-10-08T10:35:58.1515927Z,68.677923,63.498542,3299,1,1,OperatingTarget,0,0,1,8,Left,-1,,,,,1,0,0.000000,TaskSwitchPedal,0,0.500000,0.200000,,0.100000,5.000000,10.000000,-196575783,66.934763,66.930130,66.934763,68.673289,68.677923,0.004633,,1,0,1,1,OperatingTarget,Move1,Move1.PickupCoarseMove,Move1,Move1.PickupCoarseMove,1,"{""pedalAxisName"":""TaskSwitchPedal"",""usePlusMinusKeys"":true,""positivePedalKey"":61,""negativePedalKey"":45,""invertPedalAxis"":false,""pressThreshold"":0.5,""releaseThreshold"":0.20000000298023225,""minimumIntervalSeconds"":5.0,""maximumIntervalSeconds"":10.0,""minimumValidReactionSeconds"":0.10000000149011612,""randomSeed"":-196575783}",,0,0.000000,,CorrectSidePress,0,0,0,,,,,,,0.000000,0,0,Axis,0,1
20261008T103449461Z_aa970ef5be5a434094358b737dd8f822,,,1,1,PedalPressed,Visual,2026-10-08T10:35:59.1301867Z,69.656127,64.476884,3345,1,1,OperatingTarget,0,0,1,8,Left,-1,-1,Correct,1,0.978205,1,0,-1.000000,TaskSwitchPedal,0,0.500000,0.200000,,0.100000,5.000000,10.000000,-196575783,67.912968,66.930130,66.934763,68.673289,68.677923,0.004633,69.656127,1,0,1,1,OperatingTarget,Move1,Move1.PickupCoarseMove,Move1,Move1.PickupFineAlign,1,"{""pedalAxisName"":""TaskSwitchPedal"",""usePlusMinusKeys"":true,""positivePedalKey"":61,""negativePedalKey"":45,""invertPedalAxis"":false,""pressThreshold"":0.5,""releaseThreshold"":0.20000000298023225,""minimumIntervalSeconds"":5.0,""maximumIntervalSeconds"":10.0,""minimumValidReactionSeconds"":0.10000000149011612,""randomSeed"":-196575783}",,0,0.000000,0.978205,CorrectSidePress,1,0,0,-1,Correct,1,0.978205,69.656127,0.978205,0.000000,0,1,PlusMinusKeys,0,1
20261008T103449461Z_aa970ef5be5a434094358b737dd8f822,,,1,1,TrialFinished,Visual,2026-10-08T10:35:59.1301867Z,69.656127,64.476884,3345,1,1,OperatingTarget,0,0,1,8,Left,-1,-1,Correct,1,0.978205,1,0,-1.000000,TaskSwitchPedal,0,0.500000,0.200000,,0.100000,5.000000,10.000000,-196575783,67.912968,66.930130,66.934763,68.673289,68.677923,0.004633,69.656127,0,0,1,1,OperatingTarget,Move1,Move1.PickupCoarseMove,Move1,Move1.PickupFineAlign,1,"{""pedalAxisName"":""TaskSwitchPedal"",""usePlusMinusKeys"":true,""positivePedalKey"":61,""negativePedalKey"":45,""invertPedalAxis"":false,""pressThreshold"":0.5,""releaseThreshold"":0.20000000298023225,""minimumIntervalSeconds"":5.0,""maximumIntervalSeconds"":10.0,""minimumValidReactionSeconds"":0.10000000149011612,""randomSeed"":-196575783}",,0,0.000000,0.978205,CorrectSidePress,1,0,0,-1,Correct,1,0.978205,69.656127,0.978205,0.000000,0,1,PlusMinusKeys,0,1
20261008T103449461Z_aa970ef5be5a434094358b737dd8f822,,,1,1,StimulusScheduled,Visual,2026-10-08T10:35:59.1301867Z,69.656670,64.476884,3345,1,1,OperatingTarget,0,0,1,9,Left,-1,,,,,0,0,-1.000000,TaskSwitchPedal,0,0.500000,0.200000,,0.100000,5.000000,10.000000,-196575783,67.913511,73.997823,,75.740981,,,,0,0,,,,,,Move1,Move1.PickupFineAlign,1,"{""pedalAxisName"":""TaskSwitchPedal"",""usePlusMinusKeys"":true,""positivePedalKey"":61,""negativePedalKey"":45,""invertPedalAxis"":false,""pressThreshold"":0.5,""releaseThreshold"":0.20000000298023225,""minimumIntervalSeconds"":5.0,""maximumIntervalSeconds"":10.0,""minimumValidReactionSeconds"":0.10000000149011612,""randomSeed"":-196575783}",,0,0.000000,,CorrectSidePress,0,0,0,,,,,,,0.000000,0,1,PlusMinusKeys,0,1
20261008T103449461Z_aa970ef5be5a434094358b737dd8f822,,,1,1,StimulusOnsetObserved,Visual,2026-10-08T10:36:05.2202136Z,75.747685,70.568779,3623,1,1,OperatingTarget,0,0,1,9,Left,-1,,,,,1,0,0.000000,TaskSwitchPedal,0,0.500000,0.200000,,0.100000,5.000000,10.000000,-196575783,74.004525,73.997823,74.004525,75.740981,75.747685,0.006703,,1,0,1,1,OperatingTarget,LiftUp,LiftUp.PickupLowering,LiftUp,LiftUp.PickupLowering,1,"{""pedalAxisName"":""TaskSwitchPedal"",""usePlusMinusKeys"":true,""positivePedalKey"":61,""negativePedalKey"":45,""invertPedalAxis"":false,""pressThreshold"":0.5,""releaseThreshold"":0.20000000298023225,""minimumIntervalSeconds"":5.0,""maximumIntervalSeconds"":10.0,""minimumValidReactionSeconds"":0.10000000149011612,""randomSeed"":-196575783}",,0,0.000000,,CorrectSidePress,0,0,0,,,,,,,0.000000,0,0,Axis,0,1
20261008T103449461Z_aa970ef5be5a434094358b737dd8f822,,,1,1,PedalPressed,Visual,2026-10-08T10:36:05.8849170Z,76.411487,71.232202,3654,1,1,OperatingTarget,0,0,1,9,Left,-1,-1,Correct,1,0.663802,1,0,-1.000000,TaskSwitchPedal,0,0.500000,0.200000,,0.100000,5.000000,10.000000,-196575783,74.668327,73.997823,74.004525,75.740981,75.747685,0.006703,76.411487,1,0,1,1,OperatingTarget,LiftUp,LiftUp.PickupLowering,LiftUp,LiftUp.PickupLowering,1,"{""pedalAxisName"":""TaskSwitchPedal"",""usePlusMinusKeys"":true,""positivePedalKey"":61,""negativePedalKey"":45,""invertPedalAxis"":false,""pressThreshold"":0.5,""releaseThreshold"":0.20000000298023225,""minimumIntervalSeconds"":5.0,""maximumIntervalSeconds"":10.0,""minimumValidReactionSeconds"":0.10000000149011612,""randomSeed"":-196575783}",,0,0.000000,0.663802,CorrectSidePress,1,0,0,-1,Correct,1,0.663802,76.411487,0.663802,0.000000,0,1,PlusMinusKeys,0,1
20261008T103449461Z_aa970ef5be5a434094358b737dd8f822,,,1,1,TrialFinished,Visual,2026-10-08T10:36:05.8849170Z,76.411487,71.232202,3654,1,1,OperatingTarget,0,0,1,9,Left,-1,-1,Correct,1,0.663802,1,0,-1.000000,TaskSwitchPedal,0,0.500000,0.200000,,0.100000,5.000000,10.000000,-196575783,74.668327,73.997823,74.004525,75.740981,75.747685,0.006703,76.411487,0,0,1,1,OperatingTarget,LiftUp,LiftUp.PickupLowering,LiftUp,LiftUp.PickupLowering,1,"{""pedalAxisName"":""TaskSwitchPedal"",""usePlusMinusKeys"":true,""positivePedalKey"":61,""negativePedalKey"":45,""invertPedalAxis"":false,""pressThreshold"":0.5,""releaseThreshold"":0.20000000298023225,""minimumIntervalSeconds"":5.0,""maximumIntervalSeconds"":10.0,""minimumValidReactionSeconds"":0.10000000149011612,""randomSeed"":-196575783}",,0,0.000000,0.663802,CorrectSidePress,1,0,0,-1,Correct,1,0.663802,76.411487,0.663802,0.000000,0,1,PlusMinusKeys,0,1
20261008T103449461Z_aa970ef5be5a434094358b737dd8f822,,,1,1,StimulusScheduled,Visual,2026-10-08T10:36:05.8849170Z,76.411861,71.232202,3654,1,1,OperatingTarget,0,0,1,10,Left,-1,,,,,0,0,-1.000000,TaskSwitchPedal,0,0.500000,0.200000,,0.100000,5.000000,10.000000,-196575783,74.668702,80.016823,,81.759982,,,,0,0,,,,,,LiftUp,LiftUp.PickupLowering,1,"{""pedalAxisName"":""TaskSwitchPedal"",""usePlusMinusKeys"":true,""positivePedalKey"":61,""negativePedalKey"":45,""invertPedalAxis"":false,""pressThreshold"":0.5,""releaseThreshold"":0.20000000298023225,""minimumIntervalSeconds"":5.0,""maximumIntervalSeconds"":10.0,""minimumValidReactionSeconds"":0.10000000149011612,""randomSeed"":-196575783}",,0,0.000000,,CorrectSidePress,0,0,0,,,,,,,0.000000,0,1,PlusMinusKeys,0,1
20261008T103449461Z_aa970ef5be5a434094358b737dd8f822,,,1,1,StimulusOnsetObserved,Visual,2026-10-08T10:36:11.2548596Z,81.781308,76.601356,3892,1,1,OperatingTarget,0,0,1,10,Left,-1,,,,,1,0,0.000000,TaskSwitchPedal,0,0.500000,0.200000,,0.100000,5.000000,10.000000,-196575783,80.038149,80.016823,80.038149,81.759982,81.781308,0.021327,,1,0,1,1,OperatingTarget,LiftUp,LiftUp.LoadedRaising,LiftUp,LiftUp.LoadedRaising,1,"{""pedalAxisName"":""TaskSwitchPedal"",""usePlusMinusKeys"":true,""positivePedalKey"":61,""negativePedalKey"":45,""invertPedalAxis"":false,""pressThreshold"":0.5,""releaseThreshold"":0.20000000298023225,""minimumIntervalSeconds"":5.0,""maximumIntervalSeconds"":10.0,""minimumValidReactionSeconds"":0.10000000149011612,""randomSeed"":-196575783}",,0,0.000000,,CorrectSidePress,0,0,0,,,,,,,0.000000,0,0,Axis,0,1
20261008T103449461Z_aa970ef5be5a434094358b737dd8f822,,,1,1,PedalPressed,Visual,2026-10-08T10:36:11.8832298Z,82.409945,77.230214,3918,1,1,OperatingTarget,0,0,1,10,Left,-1,-1,Correct,1,0.628637,1,0,-1.000000,TaskSwitchPedal,0,0.500000,0.200000,,0.100000,5.000000,10.000000,-196575783,80.666786,80.016823,80.038149,81.759982,81.781308,0.021327,82.409945,1,0,1,1,OperatingTarget,LiftUp,LiftUp.LoadedRaising,LiftUp,LiftUp.LoadedRaising,1,"{""pedalAxisName"":""TaskSwitchPedal"",""usePlusMinusKeys"":true,""positivePedalKey"":61,""negativePedalKey"":45,""invertPedalAxis"":false,""pressThreshold"":0.5,""releaseThreshold"":0.20000000298023225,""minimumIntervalSeconds"":5.0,""maximumIntervalSeconds"":10.0,""minimumValidReactionSeconds"":0.10000000149011612,""randomSeed"":-196575783}",,0,0.000000,0.628637,CorrectSidePress,1,0,0,-1,Correct,1,0.628637,82.409945,0.628637,0.000000,0,1,PlusMinusKeys,0,1
20261008T103449461Z_aa970ef5be5a434094358b737dd8f822,,,1,1,TrialFinished,Visual,2026-10-08T10:36:11.8832298Z,82.409945,77.230214,3918,1,1,OperatingTarget,0,0,1,10,Left,-1,-1,Correct,1,0.628637,1,0,-1.000000,TaskSwitchPedal,0,0.500000,0.200000,,0.100000,5.000000,10.000000,-196575783,80.666786,80.016823,80.038149,81.759982,81.781308,0.021327,82.409945,0,0,1,1,OperatingTarget,LiftUp,LiftUp.LoadedRaising,LiftUp,LiftUp.LoadedRaising,1,"{""pedalAxisName"":""TaskSwitchPedal"",""usePlusMinusKeys"":true,""positivePedalKey"":61,""negativePedalKey"":45,""invertPedalAxis"":false,""pressThreshold"":0.5,""releaseThreshold"":0.20000000298023225,""minimumIntervalSeconds"":5.0,""maximumIntervalSeconds"":10.0,""minimumValidReactionSeconds"":0.10000000149011612,""randomSeed"":-196575783}",,0,0.000000,0.628637,CorrectSidePress,1,0,0,-1,Correct,1,0.628637,82.409945,0.628637,0.000000,0,1,PlusMinusKeys,0,1
20261008T103449461Z_aa970ef5be5a434094358b737dd8f822,,,1,1,StimulusScheduled,Visual,2026-10-08T10:36:11.8842288Z,82.410246,77.230214,3918,1,1,OperatingTarget,0,0,1,11,Left,-1,,,,,0,0,-1.000000,TaskSwitchPedal,0,0.500000,0.200000,,0.100000,5.000000,10.000000,-196575783,80.667087,90.194808,,91.937967,,,,0,0,,,,,,LiftUp,LiftUp.LoadedRaising,1,"{""pedalAxisName"":""TaskSwitchPedal"",""usePlusMinusKeys"":true,""positivePedalKey"":61,""negativePedalKey"":45,""invertPedalAxis"":false,""pressThreshold"":0.5,""releaseThreshold"":0.20000000298023225,""minimumIntervalSeconds"":5.0,""maximumIntervalSeconds"":10.0,""minimumValidReactionSeconds"":0.10000000149011612,""randomSeed"":-196575783}",,0,0.000000,,CorrectSidePress,0,0,0,,,,,,,0.000000,0,1,PlusMinusKeys,0,1
20261008T103449461Z_aa970ef5be5a434094358b737dd8f822,,,1,1,StimulusOnsetObserved,Visual,2026-10-08T10:36:21.4294484Z,91.955829,86.777644,4363,1,0,OperatingSource,0,0,1,11,Left,-1,,,,,1,0,0.000000,TaskSwitchPedal,0,0.500000,0.200000,,0.100000,5.000000,10.000000,-196575783,90.212669,90.194808,90.212669,91.937967,91.955829,0.017862,,1,0,1,0,OperatingSource,Move1,Move1.PickupCoarseMove,Move1,Move1.PickupCoarseMove,1,"{""pedalAxisName"":""TaskSwitchPedal"",""usePlusMinusKeys"":true,""positivePedalKey"":61,""negativePedalKey"":45,""invertPedalAxis"":false,""pressThreshold"":0.5,""releaseThreshold"":0.20000000298023225,""minimumIntervalSeconds"":5.0,""maximumIntervalSeconds"":10.0,""minimumValidReactionSeconds"":0.10000000149011612,""randomSeed"":-196575783}",,0,0.000000,,CorrectSidePress,0,0,0,,,,,,,0.000000,0,0,Axis,0,1
20261008T103449461Z_aa970ef5be5a434094358b737dd8f822,,,1,1,PedalPressed,Visual,2026-10-08T10:36:21.9657157Z,92.491739,87.313099,4390,1,0,OperatingSource,0,0,1,11,Left,-1,-1,Correct,1,0.535911,1,0,-1.000000,TaskSwitchPedal,0,0.500000,0.200000,,0.100000,5.000000,10.000000,-196575783,90.748580,90.194808,90.212669,91.937967,91.955829,0.017862,92.491739,1,0,1,0,OperatingSource,Move1,Move1.PickupCoarseMove,Move1,Move1.PickupCoarseMove,1,"{""pedalAxisName"":""TaskSwitchPedal"",""usePlusMinusKeys"":true,""positivePedalKey"":61,""negativePedalKey"":45,""invertPedalAxis"":false,""pressThreshold"":0.5,""releaseThreshold"":0.20000000298023225,""minimumIntervalSeconds"":5.0,""maximumIntervalSeconds"":10.0,""minimumValidReactionSeconds"":0.10000000149011612,""randomSeed"":-196575783}",,0,0.000000,0.535910,CorrectSidePress,1,0,0,-1,Correct,1,0.535911,92.491739,0.535910,0.000000,0,1,PlusMinusKeys,0,1
20261008T103449461Z_aa970ef5be5a434094358b737dd8f822,,,1,1,TrialFinished,Visual,2026-10-08T10:36:21.9657157Z,92.491739,87.313099,4390,1,0,OperatingSource,0,0,1,11,Left,-1,-1,Correct,1,0.535911,1,0,-1.000000,TaskSwitchPedal,0,0.500000,0.200000,,0.100000,5.000000,10.000000,-196575783,90.748580,90.194808,90.212669,91.937967,91.955829,0.017862,92.491739,0,0,1,0,OperatingSource,Move1,Move1.PickupCoarseMove,Move1,Move1.PickupCoarseMove,1,"{""pedalAxisName"":""TaskSwitchPedal"",""usePlusMinusKeys"":true,""positivePedalKey"":61,""negativePedalKey"":45,""invertPedalAxis"":false,""pressThreshold"":0.5,""releaseThreshold"":0.20000000298023225,""minimumIntervalSeconds"":5.0,""maximumIntervalSeconds"":10.0,""minimumValidReactionSeconds"":0.10000000149011612,""randomSeed"":-196575783}",,0,0.000000,0.535910,CorrectSidePress,1,0,0,-1,Correct,1,0.535911,92.491739,0.535910,0.000000,0,1,PlusMinusKeys,0,1
20261008T103449461Z_aa970ef5be5a434094358b737dd8f822,,,1,1,StimulusScheduled,Visual,2026-10-08T10:36:21.9662263Z,92.492246,87.313099,4390,1,0,OperatingSource,0,0,1,12,Right,1,,,,,0,0,-1.000000,TaskSwitchPedal,0,0.500000,0.200000,,0.100000,5.000000,10.000000,-196575783,90.749087,96.916603,,98.659762,,,,0,0,,,,,,Move1,Move1.PickupCoarseMove,1,"{""pedalAxisName"":""TaskSwitchPedal"",""usePlusMinusKeys"":true,""positivePedalKey"":61,""negativePedalKey"":45,""invertPedalAxis"":false,""pressThreshold"":0.5,""releaseThreshold"":0.20000000298023225,""minimumIntervalSeconds"":5.0,""maximumIntervalSeconds"":10.0,""minimumValidReactionSeconds"":0.10000000149011612,""randomSeed"":-196575783}",,0,0.000000,,CorrectSidePress,0,0,0,,,,,,,0.000000,0,1,PlusMinusKeys,0,1
20261008T103449461Z_aa970ef5be5a434094358b737dd8f822,,,1,1,StimulusOnsetObserved,Visual,2026-10-08T10:36:28.1521961Z,98.679402,93.500627,4676,1,0,OperatingSource,0,0,1,12,Right,1,,,,,1,0,0.000000,TaskSwitchPedal,0,0.500000,0.200000,,0.100000,5.000000,10.000000,-196575783,96.936243,96.916603,96.936243,98.659762,98.679402,0.019639,,0,1,1,0,OperatingSource,Move1,Move1.PickupCoarseMove,Move1,Move1.PickupCoarseMove,1,"{""pedalAxisName"":""TaskSwitchPedal"",""usePlusMinusKeys"":true,""positivePedalKey"":61,""negativePedalKey"":45,""invertPedalAxis"":false,""pressThreshold"":0.5,""releaseThreshold"":0.20000000298023225,""minimumIntervalSeconds"":5.0,""maximumIntervalSeconds"":10.0,""minimumValidReactionSeconds"":0.10000000149011612,""randomSeed"":-196575783}",,0,0.000000,,CorrectSidePress,0,0,0,,,,,,,0.000000,0,0,Axis,0,1
20261008T103449461Z_aa970ef5be5a434094358b737dd8f822,,,1,1,PedalPressed,Visual,2026-10-08T10:36:28.6624061Z,99.188809,94.009456,4699,1,0,OperatingSource,0,0,1,12,Right,1,1,Correct,1,0.509407,1,0,1.000000,TaskSwitchPedal,0,0.500000,0.200000,,0.100000,5.000000,10.000000,-196575783,97.445649,96.916603,96.936243,98.659762,98.679402,0.019639,99.188809,0,1,1,0,OperatingSource,Move1,Move1.PickupCoarseMove,Move1,Move1.PickupCoarseMove,1,"{""pedalAxisName"":""TaskSwitchPedal"",""usePlusMinusKeys"":true,""positivePedalKey"":61,""negativePedalKey"":45,""invertPedalAxis"":false,""pressThreshold"":0.5,""releaseThreshold"":0.20000000298023225,""minimumIntervalSeconds"":5.0,""maximumIntervalSeconds"":10.0,""minimumValidReactionSeconds"":0.10000000149011612,""randomSeed"":-196575783}",,0,0.000000,0.509407,CorrectSidePress,1,0,0,1,Correct,1,0.509407,99.188809,0.509407,0.000000,1,0,PlusMinusKeys,0,1
20261008T103449461Z_aa970ef5be5a434094358b737dd8f822,,,1,1,TrialFinished,Visual,2026-10-08T10:36:28.6624061Z,99.188809,94.009456,4699,1,0,OperatingSource,0,0,1,12,Right,1,1,Correct,1,0.509407,1,0,1.000000,TaskSwitchPedal,0,0.500000,0.200000,,0.100000,5.000000,10.000000,-196575783,97.445649,96.916603,96.936243,98.659762,98.679402,0.019639,99.188809,0,0,1,0,OperatingSource,Move1,Move1.PickupCoarseMove,Move1,Move1.PickupCoarseMove,1,"{""pedalAxisName"":""TaskSwitchPedal"",""usePlusMinusKeys"":true,""positivePedalKey"":61,""negativePedalKey"":45,""invertPedalAxis"":false,""pressThreshold"":0.5,""releaseThreshold"":0.20000000298023225,""minimumIntervalSeconds"":5.0,""maximumIntervalSeconds"":10.0,""minimumValidReactionSeconds"":0.10000000149011612,""randomSeed"":-196575783}",,0,0.000000,0.509407,CorrectSidePress,1,0,0,1,Correct,1,0.509407,99.188809,0.509407,0.000000,1,0,PlusMinusKeys,0,1
20261008T103449461Z_aa970ef5be5a434094358b737dd8f822,,,1,1,StimulusScheduled,Visual,2026-10-08T10:36:28.6624061Z,99.189239,94.009456,4699,1,0,OperatingSource,0,0,1,13,Left,-1,,,,,0,0,1.000000,TaskSwitchPedal,0,0.500000,0.200000,,0.100000,5.000000,10.000000,-196575783,97.446080,105.269839,,107.012998,,,,0,0,,,,,,Move1,Move1.PickupCoarseMove,1,"{""pedalAxisName"":""TaskSwitchPedal"",""usePlusMinusKeys"":true,""positivePedalKey"":61,""negativePedalKey"":45,""invertPedalAxis"":false,""pressThreshold"":0.5,""releaseThreshold"":0.20000000298023225,""minimumIntervalSeconds"":5.0,""maximumIntervalSeconds"":10.0,""minimumValidReactionSeconds"":0.10000000149011612,""randomSeed"":-196575783}",,0,0.000000,,CorrectSidePress,0,0,0,,,,,,,0.000000,1,0,PlusMinusKeys,0,1
20261008T103449461Z_aa970ef5be5a434094358b737dd8f822,,,1,1,StimulusOnsetObserved,Visual,2026-10-08T10:36:36.5071718Z,107.034182,101.854079,5069,1,0,OperatingSource,0,0,1,13,Left,-1,,,,,1,0,0.000000,TaskSwitchPedal,0,0.500000,0.200000,,0.100000,5.000000,10.000000,-196575783,105.291023,105.269839,105.291023,107.012998,107.034182,0.021184,,1,0,1,0,OperatingSource,Move1,Move1.PickupFineAlign,Move1,Move1.PickupFineAlign,1,"{""pedalAxisName"":""TaskSwitchPedal"",""usePlusMinusKeys"":true,""positivePedalKey"":61,""negativePedalKey"":45,""invertPedalAxis"":false,""pressThreshold"":0.5,""releaseThreshold"":0.20000000298023225,""minimumIntervalSeconds"":5.0,""maximumIntervalSeconds"":10.0,""minimumValidReactionSeconds"":0.10000000149011612,""randomSeed"":-196575783}",,0,0.000000,,CorrectSidePress,0,0,0,,,,,,,0.000000,0,0,Axis,0,1
20261008T103449461Z_aa970ef5be5a434094358b737dd8f822,,,1,1,PedalPressed,Visual,2026-10-08T10:36:37.3663064Z,107.893382,102.713731,5106,1,0,OperatingSource,0,0,1,13,Left,-1,-1,Correct,1,0.859199,1,0,-1.000000,TaskSwitchPedal,0,0.500000,0.200000,,0.100000,5.000000,10.000000,-196575783,106.150222,105.269839,105.291023,107.012998,107.034182,0.021184,107.893382,1,0,1,0,OperatingSource,Move1,Move1.PickupFineAlign,LiftUp,LiftUp.PickupLowering,1,"{""pedalAxisName"":""TaskSwitchPedal"",""usePlusMinusKeys"":true,""positivePedalKey"":61,""negativePedalKey"":45,""invertPedalAxis"":false,""pressThreshold"":0.5,""releaseThreshold"":0.20000000298023225,""minimumIntervalSeconds"":5.0,""maximumIntervalSeconds"":10.0,""minimumValidReactionSeconds"":0.10000000149011612,""randomSeed"":-196575783}",,0,0.000000,0.859200,CorrectSidePress,1,0,0,-1,Correct,1,0.859199,107.893382,0.859200,0.000000,0,1,PlusMinusKeys,0,1
20261008T103449461Z_aa970ef5be5a434094358b737dd8f822,,,1,1,TrialFinished,Visual,2026-10-08T10:36:37.3663064Z,107.893382,102.713731,5106,1,0,OperatingSource,0,0,1,13,Left,-1,-1,Correct,1,0.859199,1,0,-1.000000,TaskSwitchPedal,0,0.500000,0.200000,,0.100000,5.000000,10.000000,-196575783,106.150222,105.269839,105.291023,107.012998,107.034182,0.021184,107.893382,0,0,1,0,OperatingSource,Move1,Move1.PickupFineAlign,LiftUp,LiftUp.PickupLowering,1,"{""pedalAxisName"":""TaskSwitchPedal"",""usePlusMinusKeys"":true,""positivePedalKey"":61,""negativePedalKey"":45,""invertPedalAxis"":false,""pressThreshold"":0.5,""releaseThreshold"":0.20000000298023225,""minimumIntervalSeconds"":5.0,""maximumIntervalSeconds"":10.0,""minimumValidReactionSeconds"":0.10000000149011612,""randomSeed"":-196575783}",,0,0.000000,0.859200,CorrectSidePress,1,0,0,-1,Correct,1,0.859199,107.893382,0.859200,0.000000,0,1,PlusMinusKeys,0,1
20261008T103449461Z_aa970ef5be5a434094358b737dd8f822,,,1,1,StimulusScheduled,Visual,2026-10-08T10:36:37.3663064Z,107.893711,102.713731,5106,1,0,OperatingSource,0,0,1,14,Right,1,,,,,0,0,-1.000000,TaskSwitchPedal,0,0.500000,0.200000,,0.100000,5.000000,10.000000,-196575783,106.150552,115.584398,,117.327557,,,,0,0,,,,,,LiftUp,LiftUp.PickupLowering,1,"{""pedalAxisName"":""TaskSwitchPedal"",""usePlusMinusKeys"":true,""positivePedalKey"":61,""negativePedalKey"":45,""invertPedalAxis"":false,""pressThreshold"":0.5,""releaseThreshold"":0.20000000298023225,""minimumIntervalSeconds"":5.0,""maximumIntervalSeconds"":10.0,""minimumValidReactionSeconds"":0.10000000149011612,""randomSeed"":-196575783}",,0,0.000000,,CorrectSidePress,0,0,0,,,,,,,0.000000,0,1,PlusMinusKeys,0,1
20261008T103449461Z_aa970ef5be5a434094358b737dd8f822,,,1,1,StimulusOnsetObserved,Visual,2026-10-08T10:36:46.8220596Z,117.348391,112.169480,5505,2,1,OperatingTarget,0,0,1,14,Right,1,,,,,1,0,0.000000,TaskSwitchPedal,0,0.500000,0.200000,,0.100000,5.000000,10.000000,-196575783,115.605232,115.584398,115.605232,117.327557,117.348391,0.020834,,0,1,2,1,OperatingTarget,Move2,Move2.DestinationCoarseMove,Move2,Move2.DestinationCoarseMove,1,"{""pedalAxisName"":""TaskSwitchPedal"",""usePlusMinusKeys"":true,""positivePedalKey"":61,""negativePedalKey"":45,""invertPedalAxis"":false,""pressThreshold"":0.5,""releaseThreshold"":0.20000000298023225,""minimumIntervalSeconds"":5.0,""maximumIntervalSeconds"":10.0,""minimumValidReactionSeconds"":0.10000000149011612,""randomSeed"":-196575783}",,0,0.000000,,CorrectSidePress,0,0,0,,,,,,,0.000000,0,0,Axis,0,1
20261008T103449461Z_aa970ef5be5a434094358b737dd8f822,,,1,1,PedalPressed,Visual,2026-10-08T10:36:47.6375444Z,118.164311,112.985461,5543,2,1,OperatingTarget,0,0,1,14,Right,1,1,Correct,1,0.815919,1,0,1.000000,TaskSwitchPedal,0,0.500000,0.200000,,0.100000,5.000000,10.000000,-196575783,116.421151,115.584398,115.605232,117.327557,117.348391,0.020834,118.164311,0,1,2,1,OperatingTarget,Move2,Move2.DestinationCoarseMove,Move2,Move2.DestinationCoarseMove,1,"{""pedalAxisName"":""TaskSwitchPedal"",""usePlusMinusKeys"":true,""positivePedalKey"":61,""negativePedalKey"":45,""invertPedalAxis"":false,""pressThreshold"":0.5,""releaseThreshold"":0.20000000298023225,""minimumIntervalSeconds"":5.0,""maximumIntervalSeconds"":10.0,""minimumValidReactionSeconds"":0.10000000149011612,""randomSeed"":-196575783}",,0,0.000000,0.815919,CorrectSidePress,1,0,0,1,Correct,1,0.815919,118.164311,0.815919,0.000000,1,0,PlusMinusKeys,0,1
20261008T103449461Z_aa970ef5be5a434094358b737dd8f822,,,1,1,TrialFinished,Visual,2026-10-08T10:36:47.6375444Z,118.164311,112.985461,5543,2,1,OperatingTarget,0,0,1,14,Right,1,1,Correct,1,0.815919,1,0,1.000000,TaskSwitchPedal,0,0.500000,0.200000,,0.100000,5.000000,10.000000,-196575783,116.421151,115.584398,115.605232,117.327557,117.348391,0.020834,118.164311,0,0,2,1,OperatingTarget,Move2,Move2.DestinationCoarseMove,Move2,Move2.DestinationCoarseMove,1,"{""pedalAxisName"":""TaskSwitchPedal"",""usePlusMinusKeys"":true,""positivePedalKey"":61,""negativePedalKey"":45,""invertPedalAxis"":false,""pressThreshold"":0.5,""releaseThreshold"":0.20000000298023225,""minimumIntervalSeconds"":5.0,""maximumIntervalSeconds"":10.0,""minimumValidReactionSeconds"":0.10000000149011612,""randomSeed"":-196575783}",,0,0.000000,0.815919,CorrectSidePress,1,0,0,1,Correct,1,0.815919,118.164311,0.815919,0.000000,1,0,PlusMinusKeys,0,1
20261008T103449461Z_aa970ef5be5a434094358b737dd8f822,,,1,1,StimulusScheduled,Visual,2026-10-08T10:36:47.6375444Z,118.164736,112.985461,5543,2,1,OperatingTarget,0,0,1,15,Left,-1,,,,,0,0,1.000000,TaskSwitchPedal,0,0.500000,0.200000,,0.100000,5.000000,10.000000,-196575783,116.421577,123.973548,,125.716707,,,,0,0,,,,,,Move2,Move2.DestinationCoarseMove,1,"{""pedalAxisName"":""TaskSwitchPedal"",""usePlusMinusKeys"":true,""positivePedalKey"":61,""negativePedalKey"":45,""invertPedalAxis"":false,""pressThreshold"":0.5,""releaseThreshold"":0.20000000298023225,""minimumIntervalSeconds"":5.0,""maximumIntervalSeconds"":10.0,""minimumValidReactionSeconds"":0.10000000149011612,""randomSeed"":-196575783}",,0,0.000000,,CorrectSidePress,0,0,0,,,,,,,0.000000,1,0,PlusMinusKeys,0,1
20261008T103449461Z_aa970ef5be5a434094358b737dd8f822,,,1,1,StimulusOnsetObserved,Visual,2026-10-08T10:36:55.2047943Z,125.731013,120.551816,5892,2,1,OperatingTarget,0,0,1,15,Left,-1,,,,,1,0,0.000000,TaskSwitchPedal,0,0.500000,0.200000,,0.100000,5.000000,10.000000,-196575783,123.987853,123.973548,123.987853,125.716707,125.731013,0.014306,,1,0,2,1,OperatingTarget,Place,Place.PlacementLowering,Place,Place.PlacementLowering,1,"{""pedalAxisName"":""TaskSwitchPedal"",""usePlusMinusKeys"":true,""positivePedalKey"":61,""negativePedalKey"":45,""invertPedalAxis"":false,""pressThreshold"":0.5,""releaseThreshold"":0.20000000298023225,""minimumIntervalSeconds"":5.0,""maximumIntervalSeconds"":10.0,""minimumValidReactionSeconds"":0.10000000149011612,""randomSeed"":-196575783}",,0,0.000000,,CorrectSidePress,0,0,0,,,,,,,0.000000,0,0,Axis,0,1
20261008T103449461Z_aa970ef5be5a434094358b737dd8f822,,,1,1,PedalPressed,Visual,2026-10-08T10:36:56.1308910Z,126.657449,121.475547,5930,2,1,OperatingTarget,0,0,1,15,Left,-1,-1,Correct,1,0.926436,1,0,-1.000000,TaskSwitchPedal,0,0.500000,0.200000,,0.100000,5.000000,10.000000,-196575783,124.914290,123.973548,123.987853,125.716707,125.731013,0.014306,126.657449,1,0,2,1,OperatingTarget,Place,Place.PlacementLowering,Place,Place.PlacementLowering,1,"{""pedalAxisName"":""TaskSwitchPedal"",""usePlusMinusKeys"":true,""positivePedalKey"":61,""negativePedalKey"":45,""invertPedalAxis"":false,""pressThreshold"":0.5,""releaseThreshold"":0.20000000298023225,""minimumIntervalSeconds"":5.0,""maximumIntervalSeconds"":10.0,""minimumValidReactionSeconds"":0.10000000149011612,""randomSeed"":-196575783}",,0,0.000000,0.926436,CorrectSidePress,1,0,0,-1,Correct,1,0.926436,126.657449,0.926436,0.000000,0,1,PlusMinusKeys,0,1
20261008T103449461Z_aa970ef5be5a434094358b737dd8f822,,,1,1,TrialFinished,Visual,2026-10-08T10:36:56.1308910Z,126.657449,121.475547,5930,2,1,OperatingTarget,0,0,1,15,Left,-1,-1,Correct,1,0.926436,1,0,-1.000000,TaskSwitchPedal,0,0.500000,0.200000,,0.100000,5.000000,10.000000,-196575783,124.914290,123.973548,123.987853,125.716707,125.731013,0.014306,126.657449,0,0,2,1,OperatingTarget,Place,Place.PlacementLowering,Place,Place.PlacementLowering,1,"{""pedalAxisName"":""TaskSwitchPedal"",""usePlusMinusKeys"":true,""positivePedalKey"":61,""negativePedalKey"":45,""invertPedalAxis"":false,""pressThreshold"":0.5,""releaseThreshold"":0.20000000298023225,""minimumIntervalSeconds"":5.0,""maximumIntervalSeconds"":10.0,""minimumValidReactionSeconds"":0.10000000149011612,""randomSeed"":-196575783}",,0,0.000000,0.926436,CorrectSidePress,1,0,0,-1,Correct,1,0.926436,126.657449,0.926436,0.000000,0,1,PlusMinusKeys,0,1
20261008T103449461Z_aa970ef5be5a434094358b737dd8f822,,,1,1,StimulusScheduled,Visual,2026-10-08T10:36:56.1308910Z,126.657817,121.475547,5930,2,1,OperatingTarget,0,0,1,16,Right,1,,,,,0,0,-1.000000,TaskSwitchPedal,0,0.500000,0.200000,,0.100000,5.000000,10.000000,-196575783,124.914658,133.991760,,135.734919,,,,0,0,,,,,,Place,Place.PlacementLowering,1,"{""pedalAxisName"":""TaskSwitchPedal"",""usePlusMinusKeys"":true,""positivePedalKey"":61,""negativePedalKey"":45,""invertPedalAxis"":false,""pressThreshold"":0.5,""releaseThreshold"":0.20000000298023225,""minimumIntervalSeconds"":5.0,""maximumIntervalSeconds"":10.0,""minimumValidReactionSeconds"":0.10000000149011612,""randomSeed"":-196575783}",,0,0.000000,,CorrectSidePress,0,0,0,,,,,,,0.000000,0,1,PlusMinusKeys,0,1
20261008T103449461Z_aa970ef5be5a434094358b737dd8f822,,,1,1,StimulusOnsetObserved,Visual,2026-10-08T10:37:05.2309377Z,135.758151,130.577973,6308,2,1,OperatingTarget,0,0,1,16,Right,1,,,,,1,0,0.000000,TaskSwitchPedal,0,0.500000,0.200000,,0.100000,5.000000,10.000000,-196575783,134.014991,133.991760,134.014991,135.734919,135.758151,0.023232,,0,1,2,1,OperatingTarget,Place,Place.PostPlacementRaising,Place,Place.PostPlacementRaising,1,"{""pedalAxisName"":""TaskSwitchPedal"",""usePlusMinusKeys"":true,""positivePedalKey"":61,""negativePedalKey"":45,""invertPedalAxis"":false,""pressThreshold"":0.5,""releaseThreshold"":0.20000000298023225,""minimumIntervalSeconds"":5.0,""maximumIntervalSeconds"":10.0,""minimumValidReactionSeconds"":0.10000000149011612,""randomSeed"":-196575783}",,0,0.000000,,CorrectSidePress,0,0,0,,,,,,,0.000000,0,0,Axis,0,1
20261008T103449461Z_aa970ef5be5a434094358b737dd8f822,,,1,1,PedalPressed,Visual,2026-10-08T10:37:06.0128618Z,136.539608,131.360204,6343,2,1,OperatingTarget,0,0,1,16,Right,1,1,Correct,1,0.781458,1,0,1.000000,TaskSwitchPedal,0,0.500000,0.200000,,0.100000,5.000000,10.000000,-196575783,134.796449,133.991760,134.014991,135.734919,135.758151,0.023232,136.539608,0,1,2,1,OperatingTarget,Place,Place.PostPlacementRaising,Place,Place.PostPlacementRaising,1,"{""pedalAxisName"":""TaskSwitchPedal"",""usePlusMinusKeys"":true,""positivePedalKey"":61,""negativePedalKey"":45,""invertPedalAxis"":false,""pressThreshold"":0.5,""releaseThreshold"":0.20000000298023225,""minimumIntervalSeconds"":5.0,""maximumIntervalSeconds"":10.0,""minimumValidReactionSeconds"":0.10000000149011612,""randomSeed"":-196575783}",,0,0.000000,0.781458,CorrectSidePress,1,0,0,1,Correct,1,0.781458,136.539608,0.781458,0.000000,1,0,PlusMinusKeys,0,1
20261008T103449461Z_aa970ef5be5a434094358b737dd8f822,,,1,1,TrialFinished,Visual,2026-10-08T10:37:06.0128618Z,136.539608,131.360204,6343,2,1,OperatingTarget,0,0,1,16,Right,1,1,Correct,1,0.781458,1,0,1.000000,TaskSwitchPedal,0,0.500000,0.200000,,0.100000,5.000000,10.000000,-196575783,134.796449,133.991760,134.014991,135.734919,135.758151,0.023232,136.539608,0,0,2,1,OperatingTarget,Place,Place.PostPlacementRaising,Place,Place.PostPlacementRaising,1,"{""pedalAxisName"":""TaskSwitchPedal"",""usePlusMinusKeys"":true,""positivePedalKey"":61,""negativePedalKey"":45,""invertPedalAxis"":false,""pressThreshold"":0.5,""releaseThreshold"":0.20000000298023225,""minimumIntervalSeconds"":5.0,""maximumIntervalSeconds"":10.0,""minimumValidReactionSeconds"":0.10000000149011612,""randomSeed"":-196575783}",,0,0.000000,0.781458,CorrectSidePress,1,0,0,1,Correct,1,0.781458,136.539608,0.781458,0.000000,1,0,PlusMinusKeys,0,1
20261008T103449461Z_aa970ef5be5a434094358b737dd8f822,,,1,1,StimulusScheduled,Visual,2026-10-08T10:37:06.0128618Z,136.540092,131.360204,6343,2,1,OperatingTarget,0,0,1,17,Left,-1,,,,,0,0,1.000000,TaskSwitchPedal,0,0.500000,0.200000,,0.100000,5.000000,10.000000,-196575783,134.796933,144.114357,,145.857516,,,,0,0,,,,,,Place,Place.PostPlacementRaising,1,"{""pedalAxisName"":""TaskSwitchPedal"",""usePlusMinusKeys"":true,""positivePedalKey"":61,""negativePedalKey"":45,""invertPedalAxis"":false,""pressThreshold"":0.5,""releaseThreshold"":0.20000000298023225,""minimumIntervalSeconds"":5.0,""maximumIntervalSeconds"":10.0,""minimumValidReactionSeconds"":0.10000000149011612,""randomSeed"":-196575783}",,0,0.000000,,CorrectSidePress,0,0,0,,,,,,,0.000000,1,0,PlusMinusKeys,0,1
20261008T103449461Z_aa970ef5be5a434094358b737dd8f822,,,1,1,StimulusOnsetObserved,Visual,2026-10-08T10:37:15.3469520Z,145.873578,140.694874,6755,2,0,OperatingSource,0,0,1,17,Left,-1,,,,,1,0,0.000000,TaskSwitchPedal,0,0.500000,0.200000,,0.100000,5.000000,10.000000,-196575783,144.130419,144.114357,144.130419,145.857516,145.873578,0.016062,,1,0,2,0,OperatingSource,LiftUp,LiftUp.LoadAcquisition,LiftUp,LiftUp.LoadAcquisition,1,"{""pedalAxisName"":""TaskSwitchPedal"",""usePlusMinusKeys"":true,""positivePedalKey"":61,""negativePedalKey"":45,""invertPedalAxis"":false,""pressThreshold"":0.5,""releaseThreshold"":0.20000000298023225,""minimumIntervalSeconds"":5.0,""maximumIntervalSeconds"":10.0,""minimumValidReactionSeconds"":0.10000000149011612,""randomSeed"":-196575783}",,0,0.000000,,CorrectSidePress,0,0,0,,,,,,,0.000000,0,0,Axis,0,1
20261008T103449461Z_aa970ef5be5a434094358b737dd8f822,,,1,1,PedalPressed,Visual,2026-10-08T10:37:16.4830321Z,147.010821,141.832111,6797,2,0,OperatingSource,0,0,1,17,Left,-1,-1,Correct,1,1.137243,1,0,-1.000000,TaskSwitchPedal,0,0.500000,0.200000,,0.100000,5.000000,10.000000,-196575783,145.267662,144.114357,144.130419,145.857516,145.873578,0.016062,147.010821,1,0,2,0,OperatingSource,LiftUp,LiftUp.LoadAcquisition,LiftUp,LiftUp.LoadAcquisition,1,"{""pedalAxisName"":""TaskSwitchPedal"",""usePlusMinusKeys"":true,""positivePedalKey"":61,""negativePedalKey"":45,""invertPedalAxis"":false,""pressThreshold"":0.5,""releaseThreshold"":0.20000000298023225,""minimumIntervalSeconds"":5.0,""maximumIntervalSeconds"":10.0,""minimumValidReactionSeconds"":0.10000000149011612,""randomSeed"":-196575783}",,0,0.000000,1.137243,CorrectSidePress,1,0,0,-1,Correct,1,1.137243,147.010821,1.137243,0.000000,0,1,PlusMinusKeys,0,1
20261008T103449461Z_aa970ef5be5a434094358b737dd8f822,,,1,1,TrialFinished,Visual,2026-10-08T10:37:16.4830321Z,147.010821,141.832111,6797,2,0,OperatingSource,0,0,1,17,Left,-1,-1,Correct,1,1.137243,1,0,-1.000000,TaskSwitchPedal,0,0.500000,0.200000,,0.100000,5.000000,10.000000,-196575783,145.267662,144.114357,144.130419,145.857516,145.873578,0.016062,147.010821,0,0,2,0,OperatingSource,LiftUp,LiftUp.LoadAcquisition,LiftUp,LiftUp.LoadAcquisition,1,"{""pedalAxisName"":""TaskSwitchPedal"",""usePlusMinusKeys"":true,""positivePedalKey"":61,""negativePedalKey"":45,""invertPedalAxis"":false,""pressThreshold"":0.5,""releaseThreshold"":0.20000000298023225,""minimumIntervalSeconds"":5.0,""maximumIntervalSeconds"":10.0,""minimumValidReactionSeconds"":0.10000000149011612,""randomSeed"":-196575783}",,0,0.000000,1.137243,CorrectSidePress,1,0,0,-1,Correct,1,1.137243,147.010821,1.137243,0.000000,0,1,PlusMinusKeys,0,1
20261008T103449461Z_aa970ef5be5a434094358b737dd8f822,,,1,1,StimulusScheduled,Visual,2026-10-08T10:37:16.4850275Z,147.011266,141.832111,6797,2,0,OperatingSource,0,0,1,18,Left,-1,,,,,0,0,-1.000000,TaskSwitchPedal,0,0.500000,0.200000,,0.100000,5.000000,10.000000,-196575783,145.268107,155.157936,,156.901095,,,,0,0,,,,,,LiftUp,LiftUp.LoadAcquisition,1,"{""pedalAxisName"":""TaskSwitchPedal"",""usePlusMinusKeys"":true,""positivePedalKey"":61,""negativePedalKey"":45,""invertPedalAxis"":false,""pressThreshold"":0.5,""releaseThreshold"":0.20000000298023225,""minimumIntervalSeconds"":5.0,""maximumIntervalSeconds"":10.0,""minimumValidReactionSeconds"":0.10000000149011612,""randomSeed"":-196575783}",,0,0.000000,,CorrectSidePress,0,0,0,,,,,,,0.000000,0,1,PlusMinusKeys,0,1
20261008T103449461Z_aa970ef5be5a434094358b737dd8f822,,,1,1,StimulusOnsetObserved,Visual,2026-10-08T10:37:26.3915937Z,156.918856,151.739491,7203,2,0,OperatingSource,0,0,1,18,Left,-1,,,,,1,0,0.000000,TaskSwitchPedal,0,0.500000,0.200000,,0.100000,5.000000,10.000000,-196575783,155.175697,155.157936,155.175697,156.901095,156.918856,0.017761,,1,0,2,0,OperatingSource,Move2,Move2.DestinationCoarseMove,Move2,Move2.DestinationCoarseMove,1,"{""pedalAxisName"":""TaskSwitchPedal"",""usePlusMinusKeys"":true,""positivePedalKey"":61,""negativePedalKey"":45,""invertPedalAxis"":false,""pressThreshold"":0.5,""releaseThreshold"":0.20000000298023225,""minimumIntervalSeconds"":5.0,""maximumIntervalSeconds"":10.0,""minimumValidReactionSeconds"":0.10000000149011612,""randomSeed"":-196575783}",,0,0.000000,,CorrectSidePress,0,0,0,,,,,,,0.000000,0,0,Axis,0,1
20261008T103449461Z_aa970ef5be5a434094358b737dd8f822,,,1,1,PedalPressed,Visual,2026-10-08T10:37:27.2245006Z,157.751722,152.572656,7235,2,0,OperatingSource,0,0,1,18,Left,-1,-1,Correct,1,0.832866,1,0,-1.000000,TaskSwitchPedal,0,0.500000,0.200000,,0.100000,5.000000,10.000000,-196575783,156.008563,155.157936,155.175697,156.901095,156.918856,0.017761,157.751722,1,0,2,0,OperatingSource,Move2,Move2.DestinationCoarseMove,Move2,Move2.DestinationCoarseMove,1,"{""pedalAxisName"":""TaskSwitchPedal"",""usePlusMinusKeys"":true,""positivePedalKey"":61,""negativePedalKey"":45,""invertPedalAxis"":false,""pressThreshold"":0.5,""releaseThreshold"":0.20000000298023225,""minimumIntervalSeconds"":5.0,""maximumIntervalSeconds"":10.0,""minimumValidReactionSeconds"":0.10000000149011612,""randomSeed"":-196575783}",,0,0.000000,0.832866,CorrectSidePress,1,0,0,-1,Correct,1,0.832866,157.751722,0.832866,0.000000,0,1,PlusMinusKeys,0,1
20261008T103449461Z_aa970ef5be5a434094358b737dd8f822,,,1,1,TrialFinished,Visual,2026-10-08T10:37:27.2245006Z,157.751722,152.572656,7235,2,0,OperatingSource,0,0,1,18,Left,-1,-1,Correct,1,0.832866,1,0,-1.000000,TaskSwitchPedal,0,0.500000,0.200000,,0.100000,5.000000,10.000000,-196575783,156.008563,155.157936,155.175697,156.901095,156.918856,0.017761,157.751722,0,0,2,0,OperatingSource,Move2,Move2.DestinationCoarseMove,Move2,Move2.DestinationCoarseMove,1,"{""pedalAxisName"":""TaskSwitchPedal"",""usePlusMinusKeys"":true,""positivePedalKey"":61,""negativePedalKey"":45,""invertPedalAxis"":false,""pressThreshold"":0.5,""releaseThreshold"":0.20000000298023225,""minimumIntervalSeconds"":5.0,""maximumIntervalSeconds"":10.0,""minimumValidReactionSeconds"":0.10000000149011612,""randomSeed"":-196575783}",,0,0.000000,0.832866,CorrectSidePress,1,0,0,-1,Correct,1,0.832866,157.751722,0.832866,0.000000,0,1,PlusMinusKeys,0,1
20261008T103449461Z_aa970ef5be5a434094358b737dd8f822,,,1,1,StimulusScheduled,Visual,2026-10-08T10:37:27.2245006Z,157.752147,152.572656,7235,2,0,OperatingSource,0,0,1,19,Left,-1,,,,,0,0,-1.000000,TaskSwitchPedal,0,0.500000,0.200000,,0.100000,5.000000,10.000000,-196575783,156.008988,163.448560,,165.191719,,,,0,0,,,,,,Move2,Move2.DestinationCoarseMove,1,"{""pedalAxisName"":""TaskSwitchPedal"",""usePlusMinusKeys"":true,""positivePedalKey"":61,""negativePedalKey"":45,""invertPedalAxis"":false,""pressThreshold"":0.5,""releaseThreshold"":0.20000000298023225,""minimumIntervalSeconds"":5.0,""maximumIntervalSeconds"":10.0,""minimumValidReactionSeconds"":0.10000000149011612,""randomSeed"":-196575783}",,0,0.000000,,CorrectSidePress,0,0,0,,,,,,,0.000000,0,1,PlusMinusKeys,0,1
20261008T103449461Z_aa970ef5be5a434094358b737dd8f822,,,1,1,StimulusOnsetObserved,Visual,2026-10-08T10:37:34.6810597Z,165.208153,160.029143,7539,3,0,CountingDown,0,0,1,19,Left,-1,,,,,1,0,0.000000,TaskSwitchPedal,0,0.500000,0.200000,,0.100000,5.000000,10.000000,-196575783,163.464993,163.448560,163.464993,165.191719,165.208153,0.016434,,1,0,3,0,CountingDown,Move2,Move2.DestinationCoarseMove,Move2,Move2.DestinationCoarseMove,1,"{""pedalAxisName"":""TaskSwitchPedal"",""usePlusMinusKeys"":true,""positivePedalKey"":61,""negativePedalKey"":45,""invertPedalAxis"":false,""pressThreshold"":0.5,""releaseThreshold"":0.20000000298023225,""minimumIntervalSeconds"":5.0,""maximumIntervalSeconds"":10.0,""minimumValidReactionSeconds"":0.10000000149011612,""randomSeed"":-196575783}",,0,0.000000,,CorrectSidePress,0,0,0,,,,,,,0.000000,0,0,Axis,0,1
20261008T103449461Z_aa970ef5be5a434094358b737dd8f822,,,1,1,PedalPressed,Visual,2026-10-08T10:37:35.7856011Z,166.312678,161.133908,7585,3,1,WaitingForConfirmation,1,0,1,19,Left,-1,-1,Correct,1,1.104525,1,0,-1.000000,TaskSwitchPedal,0,0.500000,0.200000,,0.100000,5.000000,10.000000,-196575783,164.569519,163.448560,163.464993,165.191719,165.208153,0.016434,166.312678,1,0,3,0,CountingDown,Move2,Move2.DestinationCoarseMove,Place,,1,"{""pedalAxisName"":""TaskSwitchPedal"",""usePlusMinusKeys"":true,""positivePedalKey"":61,""negativePedalKey"":45,""invertPedalAxis"":false,""pressThreshold"":0.5,""releaseThreshold"":0.20000000298023225,""minimumIntervalSeconds"":5.0,""maximumIntervalSeconds"":10.0,""minimumValidReactionSeconds"":0.10000000149011612,""randomSeed"":-196575783}",,0,0.000000,1.104525,CorrectSidePress,1,0,0,-1,Correct,1,1.104525,166.312678,1.104525,0.000000,0,1,PlusMinusKeys,0,1
20261008T103449461Z_aa970ef5be5a434094358b737dd8f822,,,1,1,TrialFinished,Visual,2026-10-08T10:37:35.7866485Z,166.312678,161.133908,7585,3,1,WaitingForConfirmation,1,0,1,19,Left,-1,-1,Correct,1,1.104525,1,0,-1.000000,TaskSwitchPedal,0,0.500000,0.200000,,0.100000,5.000000,10.000000,-196575783,164.569519,163.448560,163.464993,165.191719,165.208153,0.016434,166.312678,0,0,3,0,CountingDown,Move2,Move2.DestinationCoarseMove,Place,,1,"{""pedalAxisName"":""TaskSwitchPedal"",""usePlusMinusKeys"":true,""positivePedalKey"":61,""negativePedalKey"":45,""invertPedalAxis"":false,""pressThreshold"":0.5,""releaseThreshold"":0.20000000298023225,""minimumIntervalSeconds"":5.0,""maximumIntervalSeconds"":10.0,""minimumValidReactionSeconds"":0.10000000149011612,""randomSeed"":-196575783}",,0,0.000000,1.104525,CorrectSidePress,1,0,0,-1,Correct,1,1.104525,166.312678,1.104525,0.000000,0,1,PlusMinusKeys,0,1
20261008T103449461Z_aa970ef5be5a434094358b737dd8f822,,,1,1,StimulusScheduled,Visual,2026-10-08T10:37:35.7866485Z,166.313061,161.133908,7585,3,1,WaitingForConfirmation,1,0,1,20,Right,1,,,,,0,0,-1.000000,TaskSwitchPedal,0,0.500000,0.200000,,0.100000,5.000000,10.000000,-196575783,164.569902,171.751715,,173.494874,,,,0,0,,,,,,Place,,1,"{""pedalAxisName"":""TaskSwitchPedal"",""usePlusMinusKeys"":true,""positivePedalKey"":61,""negativePedalKey"":45,""invertPedalAxis"":false,""pressThreshold"":0.5,""releaseThreshold"":0.20000000298023225,""minimumIntervalSeconds"":5.0,""maximumIntervalSeconds"":10.0,""minimumValidReactionSeconds"":0.10000000149011612,""randomSeed"":-196575783}",,0,0.000000,,CorrectSidePress,0,0,0,,,,,,,0.000000,0,1,PlusMinusKeys,0,1
20261008T103449461Z_aa970ef5be5a434094358b737dd8f822,,,1,1,StimulusOnsetObserved,Visual,2026-10-08T10:37:42.9738660Z,173.501544,168.322387,7920,3,1,OperatingTarget,0,0,1,20,Right,1,,,,,1,0,0.000000,TaskSwitchPedal,0,0.500000,0.200000,,0.100000,5.000000,10.000000,-196575783,171.758384,171.751715,171.758384,173.494874,173.501544,0.006669,,0,1,3,1,OperatingTarget,Move1,Move1.PickupCoarseMove,Move1,Move1.PickupCoarseMove,1,"{""pedalAxisName"":""TaskSwitchPedal"",""usePlusMinusKeys"":true,""positivePedalKey"":61,""negativePedalKey"":45,""invertPedalAxis"":false,""pressThreshold"":0.5,""releaseThreshold"":0.20000000298023225,""minimumIntervalSeconds"":5.0,""maximumIntervalSeconds"":10.0,""minimumValidReactionSeconds"":0.10000000149011612,""randomSeed"":-196575783}",,0,0.000000,,CorrectSidePress,0,0,0,,,,,,,0.000000,0,0,Axis,0,1
20261008T103449461Z_aa970ef5be5a434094358b737dd8f822,,,1,1,PedalPressed,Visual,2026-10-08T10:37:43.8463863Z,174.373359,169.194238,7959,3,1,OperatingTarget,0,0,1,20,Right,1,1,Correct,1,0.871815,1,0,1.000000,TaskSwitchPedal,0,0.500000,0.200000,,0.100000,5.000000,10.000000,-196575783,172.630200,171.751715,171.758384,173.494874,173.501544,0.006669,174.373359,0,1,3,1,OperatingTarget,Move1,Move1.PickupCoarseMove,Move1,Move1.PickupFineAlign,1,"{""pedalAxisName"":""TaskSwitchPedal"",""usePlusMinusKeys"":true,""positivePedalKey"":61,""negativePedalKey"":45,""invertPedalAxis"":false,""pressThreshold"":0.5,""releaseThreshold"":0.20000000298023225,""minimumIntervalSeconds"":5.0,""maximumIntervalSeconds"":10.0,""minimumValidReactionSeconds"":0.10000000149011612,""randomSeed"":-196575783}",,0,0.000000,0.871815,CorrectSidePress,1,0,0,1,Correct,1,0.871815,174.373359,0.871815,0.000000,1,0,PlusMinusKeys,0,1
20261008T103449461Z_aa970ef5be5a434094358b737dd8f822,,,1,1,TrialFinished,Visual,2026-10-08T10:37:43.8471828Z,174.373359,169.194238,7959,3,1,OperatingTarget,0,0,1,20,Right,1,1,Correct,1,0.871815,1,0,1.000000,TaskSwitchPedal,0,0.500000,0.200000,,0.100000,5.000000,10.000000,-196575783,172.630200,171.751715,171.758384,173.494874,173.501544,0.006669,174.373359,0,0,3,1,OperatingTarget,Move1,Move1.PickupCoarseMove,Move1,Move1.PickupFineAlign,1,"{""pedalAxisName"":""TaskSwitchPedal"",""usePlusMinusKeys"":true,""positivePedalKey"":61,""negativePedalKey"":45,""invertPedalAxis"":false,""pressThreshold"":0.5,""releaseThreshold"":0.20000000298023225,""minimumIntervalSeconds"":5.0,""maximumIntervalSeconds"":10.0,""minimumValidReactionSeconds"":0.10000000149011612,""randomSeed"":-196575783}",,0,0.000000,0.871815,CorrectSidePress,1,0,0,1,Correct,1,0.871815,174.373359,0.871815,0.000000,1,0,PlusMinusKeys,0,1
20261008T103449461Z_aa970ef5be5a434094358b737dd8f822,,,1,1,StimulusScheduled,Visual,2026-10-08T10:37:43.8471828Z,174.373767,169.194238,7959,3,1,OperatingTarget,0,0,1,21,Left,-1,,,,,0,0,1.000000,TaskSwitchPedal,0,0.500000,0.200000,,0.100000,5.000000,10.000000,-196575783,172.630608,178.197251,,179.940410,,,,0,0,,,,,,Move1,Move1.PickupFineAlign,1,"{""pedalAxisName"":""TaskSwitchPedal"",""usePlusMinusKeys"":true,""positivePedalKey"":61,""negativePedalKey"":45,""invertPedalAxis"":false,""pressThreshold"":0.5,""releaseThreshold"":0.20000000298023225,""minimumIntervalSeconds"":5.0,""maximumIntervalSeconds"":10.0,""minimumValidReactionSeconds"":0.10000000149011612,""randomSeed"":-196575783}",,0,0.000000,,CorrectSidePress,0,0,0,,,,,,,0.000000,1,0,PlusMinusKeys,0,1
20261008T103449461Z_aa970ef5be5a434094358b737dd8f822,,,1,1,StimulusOnsetObserved,Visual,2026-10-08T10:37:49.4237928Z,179.951274,174.772565,8211,3,1,OperatingTarget,0,0,1,21,Left,-1,,,,,1,0,0.000000,TaskSwitchPedal,0,0.500000,0.200000,,0.100000,5.000000,10.000000,-196575783,178.208114,178.197251,178.208114,179.940410,179.951274,0.010864,,1,0,3,1,OperatingTarget,LiftUp,LiftUp.PickupLowering,LiftUp,LiftUp.PickupLowering,1,"{""pedalAxisName"":""TaskSwitchPedal"",""usePlusMinusKeys"":true,""positivePedalKey"":61,""negativePedalKey"":45,""invertPedalAxis"":false,""pressThreshold"":0.5,""releaseThreshold"":0.20000000298023225,""minimumIntervalSeconds"":5.0,""maximumIntervalSeconds"":10.0,""minimumValidReactionSeconds"":0.10000000149011612,""randomSeed"":-196575783}",,0,0.000000,,CorrectSidePress,0,0,0,,,,,,,0.000000,0,0,Axis,0,1
20261008T103449461Z_aa970ef5be5a434094358b737dd8f822,,,1,1,PedalPressed,Visual,2026-10-08T10:37:50.2756053Z,180.802316,175.621574,8249,3,1,OperatingTarget,0,0,1,21,Left,-1,-1,Correct,1,0.851043,1,0,-1.000000,TaskSwitchPedal,0,0.500000,0.200000,,0.100000,5.000000,10.000000,-196575783,179.059157,178.197251,178.208114,179.940410,179.951274,0.010864,180.802316,1,0,3,1,OperatingTarget,LiftUp,LiftUp.PickupLowering,LiftUp,LiftUp.PickupLowering,1,"{""pedalAxisName"":""TaskSwitchPedal"",""usePlusMinusKeys"":true,""positivePedalKey"":61,""negativePedalKey"":45,""invertPedalAxis"":false,""pressThreshold"":0.5,""releaseThreshold"":0.20000000298023225,""minimumIntervalSeconds"":5.0,""maximumIntervalSeconds"":10.0,""minimumValidReactionSeconds"":0.10000000149011612,""randomSeed"":-196575783}",,0,0.000000,0.851043,CorrectSidePress,1,0,0,-1,Correct,1,0.851043,180.802316,0.851043,0.000000,0,1,PlusMinusKeys,0,1
20261008T103449461Z_aa970ef5be5a434094358b737dd8f822,,,1,1,TrialFinished,Visual,2026-10-08T10:37:50.2756053Z,180.802316,175.621574,8249,3,1,OperatingTarget,0,0,1,21,Left,-1,-1,Correct,1,0.851043,1,0,-1.000000,TaskSwitchPedal,0,0.500000,0.200000,,0.100000,5.000000,10.000000,-196575783,179.059157,178.197251,178.208114,179.940410,179.951274,0.010864,180.802316,0,0,3,1,OperatingTarget,LiftUp,LiftUp.PickupLowering,LiftUp,LiftUp.PickupLowering,1,"{""pedalAxisName"":""TaskSwitchPedal"",""usePlusMinusKeys"":true,""positivePedalKey"":61,""negativePedalKey"":45,""invertPedalAxis"":false,""pressThreshold"":0.5,""releaseThreshold"":0.20000000298023225,""minimumIntervalSeconds"":5.0,""maximumIntervalSeconds"":10.0,""minimumValidReactionSeconds"":0.10000000149011612,""randomSeed"":-196575783}",,0,0.000000,0.851043,CorrectSidePress,1,0,0,-1,Correct,1,0.851043,180.802316,0.851043,0.000000,0,1,PlusMinusKeys,0,1
20261008T103449461Z_aa970ef5be5a434094358b737dd8f822,,,1,1,StimulusScheduled,Visual,2026-10-08T10:37:50.2756053Z,180.802691,175.621574,8249,3,1,OperatingTarget,0,0,1,22,Left,-1,,,,,0,0,-1.000000,TaskSwitchPedal,0,0.500000,0.200000,,0.100000,5.000000,10.000000,-196575783,179.059532,186.027828,,187.770987,,,,0,0,,,,,,LiftUp,LiftUp.PickupLowering,1,"{""pedalAxisName"":""TaskSwitchPedal"",""usePlusMinusKeys"":true,""positivePedalKey"":61,""negativePedalKey"":45,""invertPedalAxis"":false,""pressThreshold"":0.5,""releaseThreshold"":0.20000000298023225,""minimumIntervalSeconds"":5.0,""maximumIntervalSeconds"":10.0,""minimumValidReactionSeconds"":0.10000000149011612,""randomSeed"":-196575783}",,0,0.000000,,CorrectSidePress,0,0,0,,,,,,,0.000000,0,1,PlusMinusKeys,0,1
20261008T103449461Z_aa970ef5be5a434094358b737dd8f822,,,1,1,StimulusOnsetObserved,Visual,2026-10-08T10:37:57.2825060Z,187.810243,182.629268,8514,3,1,OperatingTarget,0,0,1,22,Left,-1,,,,,1,0,0.000000,TaskSwitchPedal,0,0.500000,0.200000,,0.100000,5.000000,10.000000,-196575783,186.067084,186.027828,186.067084,187.770987,187.810243,0.039256,,1,0,3,1,OperatingTarget,LiftUp,LiftUp.LoadedRaising,LiftUp,LiftUp.LoadedRaising,1,"{""pedalAxisName"":""TaskSwitchPedal"",""usePlusMinusKeys"":true,""positivePedalKey"":61,""negativePedalKey"":45,""invertPedalAxis"":false,""pressThreshold"":0.5,""releaseThreshold"":0.20000000298023225,""minimumIntervalSeconds"":5.0,""maximumIntervalSeconds"":10.0,""minimumValidReactionSeconds"":0.10000000149011612,""randomSeed"":-196575783}",,0,0.000000,,CorrectSidePress,0,0,0,,,,,,,0.000000,0,0,Axis,0,1
20261008T103449461Z_aa970ef5be5a434094358b737dd8f822,,,1,1,PedalPressed,Visual,2026-10-08T10:37:58.5428899Z,189.069427,183.888935,8561,3,1,OperatingTarget,0,0,1,22,Left,-1,-1,Correct,1,1.259184,1,0,-1.000000,TaskSwitchPedal,0,0.500000,0.200000,,0.100000,5.000000,10.000000,-196575783,187.326267,186.027828,186.067084,187.770987,187.810243,0.039256,189.069427,1,0,3,1,OperatingTarget,LiftUp,LiftUp.LoadedRaising,LiftUp,LiftUp.LoadedRaising,1,"{""pedalAxisName"":""TaskSwitchPedal"",""usePlusMinusKeys"":true,""positivePedalKey"":61,""negativePedalKey"":45,""invertPedalAxis"":false,""pressThreshold"":0.5,""releaseThreshold"":0.20000000298023225,""minimumIntervalSeconds"":5.0,""maximumIntervalSeconds"":10.0,""minimumValidReactionSeconds"":0.10000000149011612,""randomSeed"":-196575783}",,0,0.000000,1.259184,CorrectSidePress,1,0,0,-1,Correct,1,1.259184,189.069427,1.259184,0.000000,0,1,PlusMinusKeys,0,1
20261008T103449461Z_aa970ef5be5a434094358b737dd8f822,,,1,1,TrialFinished,Visual,2026-10-08T10:37:58.5428899Z,189.069427,183.888935,8561,3,1,OperatingTarget,0,0,1,22,Left,-1,-1,Correct,1,1.259184,1,0,-1.000000,TaskSwitchPedal,0,0.500000,0.200000,,0.100000,5.000000,10.000000,-196575783,187.326267,186.027828,186.067084,187.770987,187.810243,0.039256,189.069427,0,0,3,1,OperatingTarget,LiftUp,LiftUp.LoadedRaising,LiftUp,LiftUp.LoadedRaising,1,"{""pedalAxisName"":""TaskSwitchPedal"",""usePlusMinusKeys"":true,""positivePedalKey"":61,""negativePedalKey"":45,""invertPedalAxis"":false,""pressThreshold"":0.5,""releaseThreshold"":0.20000000298023225,""minimumIntervalSeconds"":5.0,""maximumIntervalSeconds"":10.0,""minimumValidReactionSeconds"":0.10000000149011612,""randomSeed"":-196575783}",,0,0.000000,1.259184,CorrectSidePress,1,0,0,-1,Correct,1,1.259184,189.069427,1.259184,0.000000,0,1,PlusMinusKeys,0,1
20261008T103449461Z_aa970ef5be5a434094358b737dd8f822,,,1,1,StimulusScheduled,Visual,2026-10-08T10:37:58.5433978Z,189.069924,183.888935,8561,3,1,OperatingTarget,0,0,1,23,Right,1,,,,,0,0,-1.000000,TaskSwitchPedal,0,0.500000,0.200000,,0.100000,5.000000,10.000000,-196575783,187.326765,192.471934,,194.215093,,,,0,0,,,,,,LiftUp,LiftUp.LoadedRaising,1,"{""pedalAxisName"":""TaskSwitchPedal"",""usePlusMinusKeys"":true,""positivePedalKey"":61,""negativePedalKey"":45,""invertPedalAxis"":false,""pressThreshold"":0.5,""releaseThreshold"":0.20000000298023225,""minimumIntervalSeconds"":5.0,""maximumIntervalSeconds"":10.0,""minimumValidReactionSeconds"":0.10000000149011612,""randomSeed"":-196575783}",,0,0.000000,,CorrectSidePress,0,0,0,,,,,,,0.000000,0,1,PlusMinusKeys,0,1
20261008T103449461Z_aa970ef5be5a434094358b737dd8f822,,,1,1,StimulusOnsetObserved,Visual,2026-10-08T10:38:03.6927933Z,194.219717,189.039789,8772,3,0,OperatingSource,0,0,1,23,Right,1,,,,,1,0,0.000000,TaskSwitchPedal,0,0.500000,0.200000,,0.100000,5.000000,10.000000,-196575783,192.476558,192.471934,192.476558,194.215093,194.219717,0.004623,,0,1,3,0,OperatingSource,Move2,Move2.DestinationFineAlign,Move2,Move2.DestinationFineAlign,1,"{""pedalAxisName"":""TaskSwitchPedal"",""usePlusMinusKeys"":true,""positivePedalKey"":61,""negativePedalKey"":45,""invertPedalAxis"":false,""pressThreshold"":0.5,""releaseThreshold"":0.20000000298023225,""minimumIntervalSeconds"":5.0,""maximumIntervalSeconds"":10.0,""minimumValidReactionSeconds"":0.10000000149011612,""randomSeed"":-196575783}",,0,0.000000,,CorrectSidePress,0,0,0,,,,,,,0.000000,0,0,Axis,0,1
20261008T103449461Z_aa970ef5be5a434094358b737dd8f822,,,1,1,PedalPressed,Visual,2026-10-08T10:38:04.6113713Z,195.138672,189.958656,8807,3,0,OperatingSource,0,0,1,23,Right,1,1,Correct,1,0.918955,1,0,1.000000,TaskSwitchPedal,0,0.500000,0.200000,,0.100000,5.000000,10.000000,-196575783,193.395513,192.471934,192.476558,194.215093,194.219717,0.004623,195.138672,0,1,3,0,OperatingSource,Move2,Move2.DestinationFineAlign,Move2,Move2.DestinationFineAlign,1,"{""pedalAxisName"":""TaskSwitchPedal"",""usePlusMinusKeys"":true,""positivePedalKey"":61,""negativePedalKey"":45,""invertPedalAxis"":false,""pressThreshold"":0.5,""releaseThreshold"":0.20000000298023225,""minimumIntervalSeconds"":5.0,""maximumIntervalSeconds"":10.0,""minimumValidReactionSeconds"":0.10000000149011612,""randomSeed"":-196575783}",,0,0.000000,0.918955,CorrectSidePress,1,0,0,1,Correct,1,0.918955,195.138672,0.918955,0.000000,1,0,PlusMinusKeys,0,1
20261008T103449461Z_aa970ef5be5a434094358b737dd8f822,,,1,1,TrialFinished,Visual,2026-10-08T10:38:04.6123884Z,195.138672,189.958656,8807,3,0,OperatingSource,0,0,1,23,Right,1,1,Correct,1,0.918955,1,0,1.000000,TaskSwitchPedal,0,0.500000,0.200000,,0.100000,5.000000,10.000000,-196575783,193.395513,192.471934,192.476558,194.215093,194.219717,0.004623,195.138672,0,0,3,0,OperatingSource,Move2,Move2.DestinationFineAlign,Move2,Move2.DestinationFineAlign,1,"{""pedalAxisName"":""TaskSwitchPedal"",""usePlusMinusKeys"":true,""positivePedalKey"":61,""negativePedalKey"":45,""invertPedalAxis"":false,""pressThreshold"":0.5,""releaseThreshold"":0.20000000298023225,""minimumIntervalSeconds"":5.0,""maximumIntervalSeconds"":10.0,""minimumValidReactionSeconds"":0.10000000149011612,""randomSeed"":-196575783}",,0,0.000000,0.918955,CorrectSidePress,1,0,0,1,Correct,1,0.918955,195.138672,0.918955,0.000000,1,0,PlusMinusKeys,0,1
20261008T103449461Z_aa970ef5be5a434094358b737dd8f822,,,1,1,StimulusScheduled,Visual,2026-10-08T10:38:04.6123884Z,195.139074,189.958656,8807,3,0,OperatingSource,0,0,1,24,Left,-1,,,,,0,0,1.000000,TaskSwitchPedal,0,0.500000,0.200000,,0.100000,5.000000,10.000000,-196575783,193.395915,201.103726,,202.846885,,,,0,0,,,,,,Move2,Move2.DestinationFineAlign,1,"{""pedalAxisName"":""TaskSwitchPedal"",""usePlusMinusKeys"":true,""positivePedalKey"":61,""negativePedalKey"":45,""invertPedalAxis"":false,""pressThreshold"":0.5,""releaseThreshold"":0.20000000298023225,""minimumIntervalSeconds"":5.0,""maximumIntervalSeconds"":10.0,""minimumValidReactionSeconds"":0.10000000149011612,""randomSeed"":-196575783}",,0,0.000000,,CorrectSidePress,0,0,0,,,,,,,0.000000,1,0,PlusMinusKeys,0,1
20261008T103449461Z_aa970ef5be5a434094358b737dd8f822,,,1,1,StimulusOnsetObserved,Visual,2026-10-08T10:38:12.3420781Z,202.869056,197.688689,9093,3,0,OperatingSource,0,0,1,24,Left,-1,,,,,1,0,0.000000,TaskSwitchPedal,0,0.500000,0.200000,,0.100000,5.000000,10.000000,-196575783,201.125896,201.103726,201.125896,202.846885,202.869056,0.022170,,1,0,3,0,OperatingSource,Place,Place.LoadRelease,Place,Place.LoadRelease,1,"{""pedalAxisName"":""TaskSwitchPedal"",""usePlusMinusKeys"":true,""positivePedalKey"":61,""negativePedalKey"":45,""invertPedalAxis"":false,""pressThreshold"":0.5,""releaseThreshold"":0.20000000298023225,""minimumIntervalSeconds"":5.0,""maximumIntervalSeconds"":10.0,""minimumValidReactionSeconds"":0.10000000149011612,""randomSeed"":-196575783}",,0,0.000000,,CorrectSidePress,0,0,0,,,,,,,0.000000,0,0,Axis,0,1
20261008T103449461Z_aa970ef5be5a434094358b737dd8f822,,,1,1,PedalPressed,Visual,2026-10-08T10:38:13.5025011Z,204.030216,198.849541,9133,3,0,OperatingSource,0,0,1,24,Left,-1,-1,Correct,1,1.161160,1,0,-1.000000,TaskSwitchPedal,0,0.500000,0.200000,,0.100000,5.000000,10.000000,-196575783,202.287056,201.103726,201.125896,202.846885,202.869056,0.022170,204.030216,1,0,3,0,OperatingSource,Place,Place.LoadRelease,Place,Place.LoadRelease,1,"{""pedalAxisName"":""TaskSwitchPedal"",""usePlusMinusKeys"":true,""positivePedalKey"":61,""negativePedalKey"":45,""invertPedalAxis"":false,""pressThreshold"":0.5,""releaseThreshold"":0.20000000298023225,""minimumIntervalSeconds"":5.0,""maximumIntervalSeconds"":10.0,""minimumValidReactionSeconds"":0.10000000149011612,""randomSeed"":-196575783}",,0,0.000000,1.161160,CorrectSidePress,1,0,0,-1,Correct,1,1.161160,204.030216,1.161160,0.000000,0,1,PlusMinusKeys,0,1
20261008T103449461Z_aa970ef5be5a434094358b737dd8f822,,,1,1,TrialFinished,Visual,2026-10-08T10:38:13.5039650Z,204.030216,198.849541,9133,3,0,OperatingSource,0,0,1,24,Left,-1,-1,Correct,1,1.161160,1,0,-1.000000,TaskSwitchPedal,0,0.500000,0.200000,,0.100000,5.000000,10.000000,-196575783,202.287056,201.103726,201.125896,202.846885,202.869056,0.022170,204.030216,0,0,3,0,OperatingSource,Place,Place.LoadRelease,Place,Place.LoadRelease,1,"{""pedalAxisName"":""TaskSwitchPedal"",""usePlusMinusKeys"":true,""positivePedalKey"":61,""negativePedalKey"":45,""invertPedalAxis"":false,""pressThreshold"":0.5,""releaseThreshold"":0.20000000298023225,""minimumIntervalSeconds"":5.0,""maximumIntervalSeconds"":10.0,""minimumValidReactionSeconds"":0.10000000149011612,""randomSeed"":-196575783}",,0,0.000000,1.161160,CorrectSidePress,1,0,0,-1,Correct,1,1.161160,204.030216,1.161160,0.000000,0,1,PlusMinusKeys,0,1
20261008T103449461Z_aa970ef5be5a434094358b737dd8f822,,,1,1,StimulusScheduled,Visual,2026-10-08T10:38:13.5039650Z,204.030587,198.849541,9133,3,0,OperatingSource,0,0,1,25,Right,1,,,,,0,0,-1.000000,TaskSwitchPedal,0,0.500000,0.200000,,0.100000,5.000000,10.000000,-196575783,202.287428,209.958178,,211.701337,,,,0,0,,,,,,Place,Place.LoadRelease,1,"{""pedalAxisName"":""TaskSwitchPedal"",""usePlusMinusKeys"":true,""positivePedalKey"":61,""negativePedalKey"":45,""invertPedalAxis"":false,""pressThreshold"":0.5,""releaseThreshold"":0.20000000298023225,""minimumIntervalSeconds"":5.0,""maximumIntervalSeconds"":10.0,""minimumValidReactionSeconds"":0.10000000149011612,""randomSeed"":-196575783}",,0,0.000000,,CorrectSidePress,0,0,0,,,,,,,0.000000,0,1,PlusMinusKeys,0,1
20261008T103449461Z_aa970ef5be5a434094358b737dd8f822,,,1,1,StimulusOnsetObserved,Visual,2026-10-08T10:38:21.1962535Z,211.722808,206.543305,9503,3,0,OperatingSource,0,0,1,25,Right,1,,,,,1,0,0.000000,TaskSwitchPedal,0,0.500000,0.200000,,0.100000,5.000000,10.000000,-196575783,209.979649,209.958178,209.979649,211.701337,211.722808,0.021471,,0,1,3,0,OperatingSource,Move1,Move1.PickupCoarseMove,Move1,Move1.PickupCoarseMove,1,"{""pedalAxisName"":""TaskSwitchPedal"",""usePlusMinusKeys"":true,""positivePedalKey"":61,""negativePedalKey"":45,""invertPedalAxis"":false,""pressThreshold"":0.5,""releaseThreshold"":0.20000000298023225,""minimumIntervalSeconds"":5.0,""maximumIntervalSeconds"":10.0,""minimumValidReactionSeconds"":0.10000000149011612,""randomSeed"":-196575783}",,0,0.000000,,CorrectSidePress,0,0,0,,,,,,,0.000000,0,0,Axis,0,1
20261008T103449461Z_aa970ef5be5a434094358b737dd8f822,,,1,1,PedalPressed,Visual,2026-10-08T10:38:22.0079435Z,212.534364,207.354506,9534,4,0,CountingDown,0,0,1,25,Right,1,1,Correct,1,0.811556,1,0,1.000000,TaskSwitchPedal,0,0.500000,0.200000,,0.100000,5.000000,10.000000,-196575783,210.791205,209.958178,209.979649,211.701337,211.722808,0.021471,212.534364,0,1,3,0,OperatingSource,Move1,Move1.PickupCoarseMove,Move1,Move1.PickupCoarseMove,1,"{""pedalAxisName"":""TaskSwitchPedal"",""usePlusMinusKeys"":true,""positivePedalKey"":61,""negativePedalKey"":45,""invertPedalAxis"":false,""pressThreshold"":0.5,""releaseThreshold"":0.20000000298023225,""minimumIntervalSeconds"":5.0,""maximumIntervalSeconds"":10.0,""minimumValidReactionSeconds"":0.10000000149011612,""randomSeed"":-196575783}",,0,0.000000,0.811556,CorrectSidePress,1,0,0,1,Correct,1,0.811556,212.534364,0.811556,0.000000,1,0,PlusMinusKeys,0,1
20261008T103449461Z_aa970ef5be5a434094358b737dd8f822,,,1,1,TrialFinished,Visual,2026-10-08T10:38:22.0079435Z,212.534364,207.354506,9534,4,0,CountingDown,0,0,1,25,Right,1,1,Correct,1,0.811556,1,0,1.000000,TaskSwitchPedal,0,0.500000,0.200000,,0.100000,5.000000,10.000000,-196575783,210.791205,209.958178,209.979649,211.701337,211.722808,0.021471,212.534364,0,0,3,0,OperatingSource,Move1,Move1.PickupCoarseMove,Move1,Move1.PickupCoarseMove,1,"{""pedalAxisName"":""TaskSwitchPedal"",""usePlusMinusKeys"":true,""positivePedalKey"":61,""negativePedalKey"":45,""invertPedalAxis"":false,""pressThreshold"":0.5,""releaseThreshold"":0.20000000298023225,""minimumIntervalSeconds"":5.0,""maximumIntervalSeconds"":10.0,""minimumValidReactionSeconds"":0.10000000149011612,""randomSeed"":-196575783}",,0,0.000000,0.811556,CorrectSidePress,1,0,0,1,Correct,1,0.811556,212.534364,0.811556,0.000000,1,0,PlusMinusKeys,0,1
20261008T103449461Z_aa970ef5be5a434094358b737dd8f822,,,1,1,StimulusScheduled,Visual,2026-10-08T10:38:22.0079435Z,212.534859,207.354506,9534,4,0,CountingDown,0,0,1,26,Left,-1,,,,,0,0,1.000000,TaskSwitchPedal,0,0.500000,0.200000,,0.100000,5.000000,10.000000,-196575783,210.791700,217.680546,,219.423705,,,,0,0,,,,,,Move1,Move1.PickupCoarseMove,1,"{""pedalAxisName"":""TaskSwitchPedal"",""usePlusMinusKeys"":true,""positivePedalKey"":61,""negativePedalKey"":45,""invertPedalAxis"":false,""pressThreshold"":0.5,""releaseThreshold"":0.20000000298023225,""minimumIntervalSeconds"":5.0,""maximumIntervalSeconds"":10.0,""minimumValidReactionSeconds"":0.10000000149011612,""randomSeed"":-196575783}",,0,0.000000,,CorrectSidePress,0,0,0,,,,,,,0.000000,1,0,PlusMinusKeys,0,1
20261008T103449461Z_aa970ef5be5a434094358b737dd8f822,,,1,1,StimulusOnsetObserved,Visual,2026-10-08T10:38:28.9131036Z,219.439882,214.259223,9839,4,1,OperatingTarget,0,0,1,26,Left,-1,,,,,1,0,0.000000,TaskSwitchPedal,0,0.500000,0.200000,,0.100000,5.000000,10.000000,-196575783,217.696723,217.680546,217.696723,219.423705,219.439882,0.016177,,1,0,4,1,OperatingTarget,Move2,Move2.DestinationCoarseMove,Move2,Move2.DestinationCoarseMove,1,"{""pedalAxisName"":""TaskSwitchPedal"",""usePlusMinusKeys"":true,""positivePedalKey"":61,""negativePedalKey"":45,""invertPedalAxis"":false,""pressThreshold"":0.5,""releaseThreshold"":0.20000000298023225,""minimumIntervalSeconds"":5.0,""maximumIntervalSeconds"":10.0,""minimumValidReactionSeconds"":0.10000000149011612,""randomSeed"":-196575783}",,0,0.000000,,CorrectSidePress,0,0,0,,,,,,,0.000000,0,0,Axis,0,1
20261008T103449461Z_aa970ef5be5a434094358b737dd8f822,,,1,1,PedalPressed,Visual,2026-10-08T10:38:29.6534781Z,220.179971,215.000840,9873,4,1,OperatingTarget,0,0,1,26,Left,-1,-1,Correct,1,0.740089,1,0,-1.000000,TaskSwitchPedal,0,0.500000,0.200000,,0.100000,5.000000,10.000000,-196575783,218.436812,217.680546,217.696723,219.423705,219.439882,0.016177,220.179971,1,0,4,1,OperatingTarget,Move2,Move2.DestinationCoarseMove,Move2,Move2.DestinationCoarseMove,1,"{""pedalAxisName"":""TaskSwitchPedal"",""usePlusMinusKeys"":true,""positivePedalKey"":61,""negativePedalKey"":45,""invertPedalAxis"":false,""pressThreshold"":0.5,""releaseThreshold"":0.20000000298023225,""minimumIntervalSeconds"":5.0,""maximumIntervalSeconds"":10.0,""minimumValidReactionSeconds"":0.10000000149011612,""randomSeed"":-196575783}",,0,0.000000,0.740089,CorrectSidePress,1,0,0,-1,Correct,1,0.740089,220.179971,0.740089,0.000000,0,1,PlusMinusKeys,0,1
20261008T103449461Z_aa970ef5be5a434094358b737dd8f822,,,1,1,TrialFinished,Visual,2026-10-08T10:38:29.6534781Z,220.179971,215.000840,9873,4,1,OperatingTarget,0,0,1,26,Left,-1,-1,Correct,1,0.740089,1,0,-1.000000,TaskSwitchPedal,0,0.500000,0.200000,,0.100000,5.000000,10.000000,-196575783,218.436812,217.680546,217.696723,219.423705,219.439882,0.016177,220.179971,0,0,4,1,OperatingTarget,Move2,Move2.DestinationCoarseMove,Move2,Move2.DestinationCoarseMove,1,"{""pedalAxisName"":""TaskSwitchPedal"",""usePlusMinusKeys"":true,""positivePedalKey"":61,""negativePedalKey"":45,""invertPedalAxis"":false,""pressThreshold"":0.5,""releaseThreshold"":0.20000000298023225,""minimumIntervalSeconds"":5.0,""maximumIntervalSeconds"":10.0,""minimumValidReactionSeconds"":0.10000000149011612,""randomSeed"":-196575783}",,0,0.000000,0.740089,CorrectSidePress,1,0,0,-1,Correct,1,0.740089,220.179971,0.740089,0.000000,0,1,PlusMinusKeys,0,1
20261008T103449461Z_aa970ef5be5a434094358b737dd8f822,,,1,1,StimulusScheduled,Visual,2026-10-08T10:38:29.6534781Z,220.180772,215.000840,9873,4,1,OperatingTarget,0,0,1,27,Right,1,,,,,0,0,-1.000000,TaskSwitchPedal,0,0.500000,0.200000,,0.100000,5.000000,10.000000,-196575783,218.437613,227.714007,,229.457167,,,,0,0,,,,,,Move2,Move2.DestinationCoarseMove,1,"{""pedalAxisName"":""TaskSwitchPedal"",""usePlusMinusKeys"":true,""positivePedalKey"":61,""negativePedalKey"":45,""invertPedalAxis"":false,""pressThreshold"":0.5,""releaseThreshold"":0.20000000298023225,""minimumIntervalSeconds"":5.0,""maximumIntervalSeconds"":10.0,""minimumValidReactionSeconds"":0.10000000149011612,""randomSeed"":-196575783}",,0,0.000000,,CorrectSidePress,0,0,0,,,,,,,0.000000,0,1,PlusMinusKeys,0,1
20261008T103449461Z_aa970ef5be5a434094358b737dd8f822,,,1,1,StimulusOnsetObserved,Visual,2026-10-08T10:38:38.9550127Z,229.481734,224.301169,10259,4,1,OperatingTarget,0,0,1,27,Right,1,,,,,1,0,0.000000,TaskSwitchPedal,0,0.500000,0.200000,,0.100000,5.000000,10.000000,-196575783,227.738574,227.714007,227.738574,229.457167,229.481734,0.024567,,0,1,4,1,OperatingTarget,Place,Place.PlacementLowering,Place,Place.PlacementLowering,1,"{""pedalAxisName"":""TaskSwitchPedal"",""usePlusMinusKeys"":true,""positivePedalKey"":61,""negativePedalKey"":45,""invertPedalAxis"":false,""pressThreshold"":0.5,""releaseThreshold"":0.20000000298023225,""minimumIntervalSeconds"":5.0,""maximumIntervalSeconds"":10.0,""minimumValidReactionSeconds"":0.10000000149011612,""randomSeed"":-196575783}",,0,0.000000,,CorrectSidePress,0,0,0,,,,,,,0.000000,0,0,Axis,0,1
20261008T103449461Z_aa970ef5be5a434094358b737dd8f822,,,1,1,PedalPressed,Visual,2026-10-08T10:38:39.5127484Z,230.039969,224.858316,10280,4,1,OperatingTarget,0,0,1,27,Right,1,1,Correct,1,0.558235,1,0,1.000000,TaskSwitchPedal,0,0.500000,0.200000,,0.100000,5.000000,10.000000,-196575783,228.296810,227.714007,227.738574,229.457167,229.481734,0.024567,230.039969,0,1,4,1,OperatingTarget,Place,Place.PlacementLowering,Place,Place.PlacementLowering,1,"{""pedalAxisName"":""TaskSwitchPedal"",""usePlusMinusKeys"":true,""positivePedalKey"":61,""negativePedalKey"":45,""invertPedalAxis"":false,""pressThreshold"":0.5,""releaseThreshold"":0.20000000298023225,""minimumIntervalSeconds"":5.0,""maximumIntervalSeconds"":10.0,""minimumValidReactionSeconds"":0.10000000149011612,""randomSeed"":-196575783}",,0,0.000000,0.558235,CorrectSidePress,1,0,0,1,Correct,1,0.558235,230.039969,0.558235,0.000000,1,0,PlusMinusKeys,0,1
20261008T103449461Z_aa970ef5be5a434094358b737dd8f822,,,1,1,TrialFinished,Visual,2026-10-08T10:38:39.5127484Z,230.039969,224.858316,10280,4,1,OperatingTarget,0,0,1,27,Right,1,1,Correct,1,0.558235,1,0,1.000000,TaskSwitchPedal,0,0.500000,0.200000,,0.100000,5.000000,10.000000,-196575783,228.296810,227.714007,227.738574,229.457167,229.481734,0.024567,230.039969,0,0,4,1,OperatingTarget,Place,Place.PlacementLowering,Place,Place.PlacementLowering,1,"{""pedalAxisName"":""TaskSwitchPedal"",""usePlusMinusKeys"":true,""positivePedalKey"":61,""negativePedalKey"":45,""invertPedalAxis"":false,""pressThreshold"":0.5,""releaseThreshold"":0.20000000298023225,""minimumIntervalSeconds"":5.0,""maximumIntervalSeconds"":10.0,""minimumValidReactionSeconds"":0.10000000149011612,""randomSeed"":-196575783}",,0,0.000000,0.558235,CorrectSidePress,1,0,0,1,Correct,1,0.558235,230.039969,0.558235,0.000000,1,0,PlusMinusKeys,0,1
20261008T103449461Z_aa970ef5be5a434094358b737dd8f822,,,1,1,StimulusScheduled,Visual,2026-10-08T10:38:39.5127484Z,230.040319,224.858316,10280,4,1,OperatingTarget,0,0,1,28,Right,1,,,,,0,0,1.000000,TaskSwitchPedal,0,0.500000,0.200000,,0.100000,5.000000,10.000000,-196575783,228.297160,238.220899,,239.964058,,,,0,0,,,,,,Place,Place.PlacementLowering,1,"{""pedalAxisName"":""TaskSwitchPedal"",""usePlusMinusKeys"":true,""positivePedalKey"":61,""negativePedalKey"":45,""invertPedalAxis"":false,""pressThreshold"":0.5,""releaseThreshold"":0.20000000298023225,""minimumIntervalSeconds"":5.0,""maximumIntervalSeconds"":10.0,""minimumValidReactionSeconds"":0.10000000149011612,""randomSeed"":-196575783}",,0,0.000000,,CorrectSidePress,0,0,0,,,,,,,0.000000,1,0,PlusMinusKeys,0,1
20261008T103449461Z_aa970ef5be5a434094358b737dd8f822,,,1,1,StimulusOnsetObserved,Visual,2026-10-08T10:38:49.4574376Z,239.983992,234.805183,10688,4,1,OperatingTarget,0,0,1,28,Right,1,,,,,1,0,0.000000,TaskSwitchPedal,0,0.500000,0.200000,,0.100000,5.000000,10.000000,-196575783,238.240833,238.220899,238.240833,239.964058,239.983992,0.019934,,0,1,4,1,OperatingTarget,Place,Place.PostPlacementRaising,Place,Place.PostPlacementRaising,1,"{""pedalAxisName"":""TaskSwitchPedal"",""usePlusMinusKeys"":true,""positivePedalKey"":61,""negativePedalKey"":45,""invertPedalAxis"":false,""pressThreshold"":0.5,""releaseThreshold"":0.20000000298023225,""minimumIntervalSeconds"":5.0,""maximumIntervalSeconds"":10.0,""minimumValidReactionSeconds"":0.10000000149011612,""randomSeed"":-196575783}",,0,0.000000,,CorrectSidePress,0,0,0,,,,,,,0.000000,0,0,Axis,0,1
20261008T103449461Z_aa970ef5be5a434094358b737dd8f822,,,1,1,PedalPressed,Visual,2026-10-08T10:38:50.1451028Z,240.673001,235.494247,10722,4,1,OperatingTarget,0,0,1,28,Right,1,1,Correct,1,0.689009,1,0,1.000000,TaskSwitchPedal,0,0.500000,0.200000,,0.100000,5.000000,10.000000,-196575783,238.929842,238.220899,238.240833,239.964058,239.983992,0.019934,240.673001,0,1,4,1,OperatingTarget,Place,Place.PostPlacementRaising,Place,Place.PostPlacementRaising,1,"{""pedalAxisName"":""TaskSwitchPedal"",""usePlusMinusKeys"":true,""positivePedalKey"":61,""negativePedalKey"":45,""invertPedalAxis"":false,""pressThreshold"":0.5,""releaseThreshold"":0.20000000298023225,""minimumIntervalSeconds"":5.0,""maximumIntervalSeconds"":10.0,""minimumValidReactionSeconds"":0.10000000149011612,""randomSeed"":-196575783}",,0,0.000000,0.689009,CorrectSidePress,1,0,0,1,Correct,1,0.689009,240.673001,0.689009,0.000000,1,0,PlusMinusKeys,0,1
20261008T103449461Z_aa970ef5be5a434094358b737dd8f822,,,1,1,TrialFinished,Visual,2026-10-08T10:38:50.1465635Z,240.673001,235.494247,10722,4,1,OperatingTarget,0,0,1,28,Right,1,1,Correct,1,0.689009,1,0,1.000000,TaskSwitchPedal,0,0.500000,0.200000,,0.100000,5.000000,10.000000,-196575783,238.929842,238.220899,238.240833,239.964058,239.983992,0.019934,240.673001,0,0,4,1,OperatingTarget,Place,Place.PostPlacementRaising,Place,Place.PostPlacementRaising,1,"{""pedalAxisName"":""TaskSwitchPedal"",""usePlusMinusKeys"":true,""positivePedalKey"":61,""negativePedalKey"":45,""invertPedalAxis"":false,""pressThreshold"":0.5,""releaseThreshold"":0.20000000298023225,""minimumIntervalSeconds"":5.0,""maximumIntervalSeconds"":10.0,""minimumValidReactionSeconds"":0.10000000149011612,""randomSeed"":-196575783}",,0,0.000000,0.689009,CorrectSidePress,1,0,0,1,Correct,1,0.689009,240.673001,0.689009,0.000000,1,0,PlusMinusKeys,0,1
20261008T103449461Z_aa970ef5be5a434094358b737dd8f822,,,1,1,StimulusScheduled,Visual,2026-10-08T10:38:50.1465635Z,240.673364,235.494247,10722,4,1,OperatingTarget,0,0,1,29,Right,1,,,,,0,0,1.000000,TaskSwitchPedal,0,0.500000,0.200000,,0.100000,5.000000,10.000000,-196575783,238.930205,244.347033,,246.090192,,,,0,0,,,,,,Place,Place.PostPlacementRaising,1,"{""pedalAxisName"":""TaskSwitchPedal"",""usePlusMinusKeys"":true,""positivePedalKey"":61,""negativePedalKey"":45,""invertPedalAxis"":false,""pressThreshold"":0.5,""releaseThreshold"":0.20000000298023225,""minimumIntervalSeconds"":5.0,""maximumIntervalSeconds"":10.0,""minimumValidReactionSeconds"":0.10000000149011612,""randomSeed"":-196575783}",,0,0.000000,,CorrectSidePress,0,0,0,,,,,,,0.000000,1,0,PlusMinusKeys,0,1
20261008T103449461Z_aa970ef5be5a434094358b737dd8f822,,,1,1,StimulusOnsetObserved,Visual,2026-10-08T10:38:55.5650109Z,246.092679,240.913712,10969,4,0,OperatingSource,0,0,1,29,Right,1,,,,,1,0,0.000000,TaskSwitchPedal,0,0.500000,0.200000,,0.100000,5.000000,10.000000,-196575783,244.349520,244.347033,244.349520,246.090192,246.092679,0.002487,,0,1,4,0,OperatingSource,Move1,Move1.PickupCoarseMove,Move1,Move1.PickupCoarseMove,1,"{""pedalAxisName"":""TaskSwitchPedal"",""usePlusMinusKeys"":true,""positivePedalKey"":61,""negativePedalKey"":45,""invertPedalAxis"":false,""pressThreshold"":0.5,""releaseThreshold"":0.20000000298023225,""minimumIntervalSeconds"":5.0,""maximumIntervalSeconds"":10.0,""minimumValidReactionSeconds"":0.10000000149011612,""randomSeed"":-196575783}",,0,0.000000,,CorrectSidePress,0,0,0,,,,,,,0.000000,0,0,Axis,0,1
20261008T103449461Z_aa970ef5be5a434094358b737dd8f822,,,1,1,PedalPressed,Visual,2026-10-08T10:38:57.5515139Z,248.078623,242.899453,11064,4,0,OperatingSource,0,0,1,29,Right,1,1,Correct,1,1.985944,1,0,1.000000,TaskSwitchPedal,0,0.500000,0.200000,,0.100000,5.000000,10.000000,-196575783,246.335464,244.347033,244.349520,246.090192,246.092679,0.002487,248.078623,0,1,4,0,OperatingSource,Move1,Move1.PickupCoarseMove,Move1,Move1.PickupCoarseMove,1,"{""pedalAxisName"":""TaskSwitchPedal"",""usePlusMinusKeys"":true,""positivePedalKey"":61,""negativePedalKey"":45,""invertPedalAxis"":false,""pressThreshold"":0.5,""releaseThreshold"":0.20000000298023225,""minimumIntervalSeconds"":5.0,""maximumIntervalSeconds"":10.0,""minimumValidReactionSeconds"":0.10000000149011612,""randomSeed"":-196575783}",,0,0.000000,1.985944,CorrectSidePress,1,0,0,1,Correct,1,1.985944,248.078623,1.985944,0.000000,1,0,PlusMinusKeys,0,1
20261008T103449461Z_aa970ef5be5a434094358b737dd8f822,,,1,1,TrialFinished,Visual,2026-10-08T10:38:57.5515139Z,248.078623,242.899453,11064,4,0,OperatingSource,0,0,1,29,Right,1,1,Correct,1,1.985944,1,0,1.000000,TaskSwitchPedal,0,0.500000,0.200000,,0.100000,5.000000,10.000000,-196575783,246.335464,244.347033,244.349520,246.090192,246.092679,0.002487,248.078623,0,0,4,0,OperatingSource,Move1,Move1.PickupCoarseMove,Move1,Move1.PickupCoarseMove,1,"{""pedalAxisName"":""TaskSwitchPedal"",""usePlusMinusKeys"":true,""positivePedalKey"":61,""negativePedalKey"":45,""invertPedalAxis"":false,""pressThreshold"":0.5,""releaseThreshold"":0.20000000298023225,""minimumIntervalSeconds"":5.0,""maximumIntervalSeconds"":10.0,""minimumValidReactionSeconds"":0.10000000149011612,""randomSeed"":-196575783}",,0,0.000000,1.985944,CorrectSidePress,1,0,0,1,Correct,1,1.985944,248.078623,1.985944,0.000000,1,0,PlusMinusKeys,0,1
20261008T103449461Z_aa970ef5be5a434094358b737dd8f822,,,1,1,StimulusScheduled,Visual,2026-10-08T10:38:57.5515139Z,248.078995,242.899453,11064,4,0,OperatingSource,0,0,1,30,Right,1,,,,,0,0,1.000000,TaskSwitchPedal,0,0.500000,0.200000,,0.100000,5.000000,10.000000,-196575783,246.335836,252.331125,,254.074284,,,,0,0,,,,,,Move1,Move1.PickupCoarseMove,1,"{""pedalAxisName"":""TaskSwitchPedal"",""usePlusMinusKeys"":true,""positivePedalKey"":61,""negativePedalKey"":45,""invertPedalAxis"":false,""pressThreshold"":0.5,""releaseThreshold"":0.20000000298023225,""minimumIntervalSeconds"":5.0,""maximumIntervalSeconds"":10.0,""minimumValidReactionSeconds"":0.10000000149011612,""randomSeed"":-196575783}",,0,0.000000,,CorrectSidePress,0,0,0,,,,,,,0.000000,1,0,PlusMinusKeys,0,1
20261008T103449461Z_aa970ef5be5a434094358b737dd8f822,,,1,1,StimulusOnsetObserved,Visual,2026-10-08T10:39:03.5624844Z,254.089441,248.909983,11338,4,0,OperatingSource,0,0,1,30,Right,1,,,,,1,0,0.000000,TaskSwitchPedal,0,0.500000,0.200000,,0.100000,5.000000,10.000000,-196575783,252.346281,252.331125,252.346281,254.074284,254.089441,0.015156,,0,1,4,0,OperatingSource,Move1,Move1.PickupFineAlign,Move1,Move1.PickupFineAlign,1,"{""pedalAxisName"":""TaskSwitchPedal"",""usePlusMinusKeys"":true,""positivePedalKey"":61,""negativePedalKey"":45,""invertPedalAxis"":false,""pressThreshold"":0.5,""releaseThreshold"":0.20000000298023225,""minimumIntervalSeconds"":5.0,""maximumIntervalSeconds"":10.0,""minimumValidReactionSeconds"":0.10000000149011612,""randomSeed"":-196575783}",,0,0.000000,,CorrectSidePress,0,0,0,,,,,,,0.000000,0,0,Axis,0,1
20261008T103449461Z_aa970ef5be5a434094358b737dd8f822,,,1,1,PedalPressed,Visual,2026-10-08T10:39:04.7965759Z,255.323910,250.140757,11383,4,0,OperatingSource,0,0,1,30,Right,1,1,Correct,1,1.234469,1,0,1.000000,TaskSwitchPedal,0,0.500000,0.200000,,0.100000,5.000000,10.000000,-196575783,253.580751,252.331125,252.346281,254.074284,254.089441,0.015156,255.323910,0,1,4,0,OperatingSource,Move1,Move1.PickupFineAlign,LiftUp,LiftUp.PickupLowering,1,"{""pedalAxisName"":""TaskSwitchPedal"",""usePlusMinusKeys"":true,""positivePedalKey"":61,""negativePedalKey"":45,""invertPedalAxis"":false,""pressThreshold"":0.5,""releaseThreshold"":0.20000000298023225,""minimumIntervalSeconds"":5.0,""maximumIntervalSeconds"":10.0,""minimumValidReactionSeconds"":0.10000000149011612,""randomSeed"":-196575783}",,0,0.000000,1.234470,CorrectSidePress,1,0,0,1,Correct,1,1.234469,255.323910,1.234470,0.000000,1,0,PlusMinusKeys,0,1
20261008T103449461Z_aa970ef5be5a434094358b737dd8f822,,,1,1,TrialFinished,Visual,2026-10-08T10:39:04.7975711Z,255.323910,250.140757,11383,4,0,OperatingSource,0,0,1,30,Right,1,1,Correct,1,1.234469,1,0,1.000000,TaskSwitchPedal,0,0.500000,0.200000,,0.100000,5.000000,10.000000,-196575783,253.580751,252.331125,252.346281,254.074284,254.089441,0.015156,255.323910,0,0,4,0,OperatingSource,Move1,Move1.PickupFineAlign,LiftUp,LiftUp.PickupLowering,1,"{""pedalAxisName"":""TaskSwitchPedal"",""usePlusMinusKeys"":true,""positivePedalKey"":61,""negativePedalKey"":45,""invertPedalAxis"":false,""pressThreshold"":0.5,""releaseThreshold"":0.20000000298023225,""minimumIntervalSeconds"":5.0,""maximumIntervalSeconds"":10.0,""minimumValidReactionSeconds"":0.10000000149011612,""randomSeed"":-196575783}",,0,0.000000,1.234470,CorrectSidePress,1,0,0,1,Correct,1,1.234469,255.323910,1.234470,0.000000,1,0,PlusMinusKeys,0,1
20261008T103449461Z_aa970ef5be5a434094358b737dd8f822,,,1,1,StimulusScheduled,Visual,2026-10-08T10:39:04.7975711Z,255.324278,250.140757,11383,4,0,OperatingSource,0,0,1,31,Right,1,,,,,0,0,1.000000,TaskSwitchPedal,0,0.500000,0.200000,,0.100000,5.000000,10.000000,-196575783,253.581119,259.994748,,261.737907,,,,0,0,,,,,,LiftUp,LiftUp.PickupLowering,1,"{""pedalAxisName"":""TaskSwitchPedal"",""usePlusMinusKeys"":true,""positivePedalKey"":61,""negativePedalKey"":45,""invertPedalAxis"":false,""pressThreshold"":0.5,""releaseThreshold"":0.20000000298023225,""minimumIntervalSeconds"":5.0,""maximumIntervalSeconds"":10.0,""minimumValidReactionSeconds"":0.10000000149011612,""randomSeed"":-196575783}",,0,0.000000,,CorrectSidePress,0,0,0,,,,,,,0.000000,1,0,PlusMinusKeys,0,1
20261008T103449461Z_aa970ef5be5a434094358b737dd8f822,,,1,1,StimulusOnsetObserved,Visual,2026-10-08T10:39:11.2232785Z,261.750479,256.571737,11616,4,0,OperatingSource,0,0,1,31,Right,1,,,,,1,0,0.000000,TaskSwitchPedal,0,0.500000,0.200000,,0.100000,5.000000,10.000000,-196575783,260.007320,259.994748,260.007320,261.737907,261.750479,0.012573,,0,1,4,0,OperatingSource,LiftUp,LiftUp.LoadAcquisition,LiftUp,LiftUp.LoadAcquisition,1,"{""pedalAxisName"":""TaskSwitchPedal"",""usePlusMinusKeys"":true,""positivePedalKey"":61,""negativePedalKey"":45,""invertPedalAxis"":false,""pressThreshold"":0.5,""releaseThreshold"":0.20000000298023225,""minimumIntervalSeconds"":5.0,""maximumIntervalSeconds"":10.0,""minimumValidReactionSeconds"":0.10000000149011612,""randomSeed"":-196575783}",,0,0.000000,,CorrectSidePress,0,0,0,,,,,,,0.000000,0,0,Axis,0,1
20261008T103449461Z_aa970ef5be5a434094358b737dd8f822,,,1,1,PedalPressed,Visual,2026-10-08T10:39:11.9662046Z,262.493059,257.313250,11641,4,0,OperatingSource,0,0,1,31,Right,1,1,Correct,1,0.742579,1,0,1.000000,TaskSwitchPedal,0,0.500000,0.200000,,0.100000,5.000000,10.000000,-196575783,260.749900,259.994748,260.007320,261.737907,261.750479,0.012573,262.493059,0,1,4,0,OperatingSource,LiftUp,LiftUp.LoadAcquisition,LiftUp,LiftUp.LoadAcquisition,1,"{""pedalAxisName"":""TaskSwitchPedal"",""usePlusMinusKeys"":true,""positivePedalKey"":61,""negativePedalKey"":45,""invertPedalAxis"":false,""pressThreshold"":0.5,""releaseThreshold"":0.20000000298023225,""minimumIntervalSeconds"":5.0,""maximumIntervalSeconds"":10.0,""minimumValidReactionSeconds"":0.10000000149011612,""randomSeed"":-196575783}",,0,0.000000,0.742580,CorrectSidePress,1,0,0,1,Correct,1,0.742579,262.493059,0.742580,0.000000,1,0,PlusMinusKeys,0,1
20261008T103449461Z_aa970ef5be5a434094358b737dd8f822,,,1,1,TrialFinished,Visual,2026-10-08T10:39:11.9662046Z,262.493059,257.313250,11641,4,0,OperatingSource,0,0,1,31,Right,1,1,Correct,1,0.742579,1,0,1.000000,TaskSwitchPedal,0,0.500000,0.200000,,0.100000,5.000000,10.000000,-196575783,260.749900,259.994748,260.007320,261.737907,261.750479,0.012573,262.493059,0,0,4,0,OperatingSource,LiftUp,LiftUp.LoadAcquisition,LiftUp,LiftUp.LoadAcquisition,1,"{""pedalAxisName"":""TaskSwitchPedal"",""usePlusMinusKeys"":true,""positivePedalKey"":61,""negativePedalKey"":45,""invertPedalAxis"":false,""pressThreshold"":0.5,""releaseThreshold"":0.20000000298023225,""minimumIntervalSeconds"":5.0,""maximumIntervalSeconds"":10.0,""minimumValidReactionSeconds"":0.10000000149011612,""randomSeed"":-196575783}",,0,0.000000,0.742580,CorrectSidePress,1,0,0,1,Correct,1,0.742579,262.493059,0.742580,0.000000,1,0,PlusMinusKeys,0,1
20261008T103449461Z_aa970ef5be5a434094358b737dd8f822,,,1,1,StimulusScheduled,Visual,2026-10-08T10:39:11.9662046Z,262.493526,257.313250,11641,4,0,OperatingSource,0,0,1,32,Left,-1,,,,,0,0,1.000000,TaskSwitchPedal,0,0.500000,0.200000,,0.100000,5.000000,10.000000,-196575783,260.750367,266.920436,,268.663595,,,,0,0,,,,,,LiftUp,LiftUp.LoadAcquisition,1,"{""pedalAxisName"":""TaskSwitchPedal"",""usePlusMinusKeys"":true,""positivePedalKey"":61,""negativePedalKey"":45,""invertPedalAxis"":false,""pressThreshold"":0.5,""releaseThreshold"":0.20000000298023225,""minimumIntervalSeconds"":5.0,""maximumIntervalSeconds"":10.0,""minimumValidReactionSeconds"":0.10000000149011612,""randomSeed"":-196575783}",,0,0.000000,,CorrectSidePress,0,0,0,,,,,,,0.000000,1,0,PlusMinusKeys,0,1
20261008T103449461Z_aa970ef5be5a434094358b737dd8f822,,,1,1,StimulusOnsetObserved,Visual,2026-10-08T10:39:18.1397325Z,268.666813,263.487816,11868,4,0,OperatingSource,0,0,1,32,Left,-1,,,,,1,0,0.000000,TaskSwitchPedal,0,0.500000,0.200000,,0.100000,5.000000,10.000000,-196575783,266.923653,266.920436,266.923653,268.663595,268.666813,0.003218,,1,0,4,0,OperatingSource,LiftUp,LiftUp.LoadedRaising,LiftUp,LiftUp.LoadedRaising,1,"{""pedalAxisName"":""TaskSwitchPedal"",""usePlusMinusKeys"":true,""positivePedalKey"":61,""negativePedalKey"":45,""invertPedalAxis"":false,""pressThreshold"":0.5,""releaseThreshold"":0.20000000298023225,""minimumIntervalSeconds"":5.0,""maximumIntervalSeconds"":10.0,""minimumValidReactionSeconds"":0.10000000149011612,""randomSeed"":-196575783}",,0,0.000000,,CorrectSidePress,0,0,0,,,,,,,0.000000,0,0,Axis,0,1
20261008T103449461Z_aa970ef5be5a434094358b737dd8f822,,,1,1,PedalPressed,Visual,2026-10-08T10:39:19.1929571Z,269.719980,264.540607,11908,4,0,OperatingSource,0,0,1,32,Left,-1,-1,Correct,1,1.053167,1,0,-1.000000,TaskSwitchPedal,0,0.500000,0.200000,,0.100000,5.000000,10.000000,-196575783,267.976820,266.920436,266.923653,268.663595,268.666813,0.003218,269.719980,1,0,4,0,OperatingSource,LiftUp,LiftUp.LoadedRaising,Move2,Move2.DestinationCoarseMove,1,"{""pedalAxisName"":""TaskSwitchPedal"",""usePlusMinusKeys"":true,""positivePedalKey"":61,""negativePedalKey"":45,""invertPedalAxis"":false,""pressThreshold"":0.5,""releaseThreshold"":0.20000000298023225,""minimumIntervalSeconds"":5.0,""maximumIntervalSeconds"":10.0,""minimumValidReactionSeconds"":0.10000000149011612,""randomSeed"":-196575783}",,0,0.000000,1.053167,CorrectSidePress,1,0,0,-1,Correct,1,1.053167,269.719980,1.053167,0.000000,0,1,PlusMinusKeys,0,1
20261008T103449461Z_aa970ef5be5a434094358b737dd8f822,,,1,1,TrialFinished,Visual,2026-10-08T10:39:19.1929571Z,269.719980,264.540607,11908,4,0,OperatingSource,0,0,1,32,Left,-1,-1,Correct,1,1.053167,1,0,-1.000000,TaskSwitchPedal,0,0.500000,0.200000,,0.100000,5.000000,10.000000,-196575783,267.976820,266.920436,266.923653,268.663595,268.666813,0.003218,269.719980,0,0,4,0,OperatingSource,LiftUp,LiftUp.LoadedRaising,Move2,Move2.DestinationCoarseMove,1,"{""pedalAxisName"":""TaskSwitchPedal"",""usePlusMinusKeys"":true,""positivePedalKey"":61,""negativePedalKey"":45,""invertPedalAxis"":false,""pressThreshold"":0.5,""releaseThreshold"":0.20000000298023225,""minimumIntervalSeconds"":5.0,""maximumIntervalSeconds"":10.0,""minimumValidReactionSeconds"":0.10000000149011612,""randomSeed"":-196575783}",,0,0.000000,1.053167,CorrectSidePress,1,0,0,-1,Correct,1,1.053167,269.719980,1.053167,0.000000,0,1,PlusMinusKeys,0,1
20261008T103449461Z_aa970ef5be5a434094358b737dd8f822,,,1,1,StimulusScheduled,Visual,2026-10-08T10:39:19.1929571Z,269.720473,264.540607,11908,4,0,OperatingSource,0,0,1,33,Right,1,,,,,0,0,-1.000000,TaskSwitchPedal,0,0.500000,0.200000,,0.100000,5.000000,10.000000,-196575783,267.977314,274.024393,,275.767553,,,,0,0,,,,,,Move2,Move2.DestinationCoarseMove,1,"{""pedalAxisName"":""TaskSwitchPedal"",""usePlusMinusKeys"":true,""positivePedalKey"":61,""negativePedalKey"":45,""invertPedalAxis"":false,""pressThreshold"":0.5,""releaseThreshold"":0.20000000298023225,""minimumIntervalSeconds"":5.0,""maximumIntervalSeconds"":10.0,""minimumValidReactionSeconds"":0.10000000149011612,""randomSeed"":-196575783}",,0,0.000000,,CorrectSidePress,0,0,0,,,,,,,0.000000,0,1,PlusMinusKeys,0,1
20261008T103449461Z_aa970ef5be5a434094358b737dd8f822,,,1,1,StimulusOnsetObserved,Visual,2026-10-08T10:39:25.2515766Z,275.778670,270.599014,12123,5,0,CountingDown,0,0,1,33,Right,1,,,,,1,0,0.000000,TaskSwitchPedal,0,0.500000,0.200000,,0.100000,5.000000,10.000000,-196575783,274.035511,274.024393,274.035511,275.767553,275.778670,0.011117,,0,1,5,0,CountingDown,Move2,Move2.DestinationCoarseMove,Move2,Move2.DestinationCoarseMove,1,"{""pedalAxisName"":""TaskSwitchPedal"",""usePlusMinusKeys"":true,""positivePedalKey"":61,""negativePedalKey"":45,""invertPedalAxis"":false,""pressThreshold"":0.5,""releaseThreshold"":0.20000000298023225,""minimumIntervalSeconds"":5.0,""maximumIntervalSeconds"":10.0,""minimumValidReactionSeconds"":0.10000000149011612,""randomSeed"":-196575783}",,0,0.000000,,CorrectSidePress,0,0,0,,,,,,,0.000000,0,0,Axis,0,1
20261008T103449461Z_aa970ef5be5a434094358b737dd8f822,,,1,1,PedalPressed,Visual,2026-10-08T10:39:25.7903928Z,276.317659,271.138192,12141,5,0,CountingDown,0,0,1,33,Right,1,1,Correct,1,0.538989,1,0,1.000000,TaskSwitchPedal,0,0.500000,0.200000,,0.100000,5.000000,10.000000,-196575783,274.574500,274.024393,274.035511,275.767553,275.778670,0.011117,276.317659,0,1,5,0,CountingDown,Move2,Move2.DestinationCoarseMove,Move2,Move2.DestinationCoarseMove,1,"{""pedalAxisName"":""TaskSwitchPedal"",""usePlusMinusKeys"":true,""positivePedalKey"":61,""negativePedalKey"":45,""invertPedalAxis"":false,""pressThreshold"":0.5,""releaseThreshold"":0.20000000298023225,""minimumIntervalSeconds"":5.0,""maximumIntervalSeconds"":10.0,""minimumValidReactionSeconds"":0.10000000149011612,""randomSeed"":-196575783}",,0,0.000000,0.538989,CorrectSidePress,1,0,0,1,Correct,1,0.538989,276.317659,0.538989,0.000000,1,0,PlusMinusKeys,0,1
20261008T103449461Z_aa970ef5be5a434094358b737dd8f822,,,1,1,TrialFinished,Visual,2026-10-08T10:39:25.7903928Z,276.317659,271.138192,12141,5,0,CountingDown,0,0,1,33,Right,1,1,Correct,1,0.538989,1,0,1.000000,TaskSwitchPedal,0,0.500000,0.200000,,0.100000,5.000000,10.000000,-196575783,274.574500,274.024393,274.035511,275.767553,275.778670,0.011117,276.317659,0,0,5,0,CountingDown,Move2,Move2.DestinationCoarseMove,Move2,Move2.DestinationCoarseMove,1,"{""pedalAxisName"":""TaskSwitchPedal"",""usePlusMinusKeys"":true,""positivePedalKey"":61,""negativePedalKey"":45,""invertPedalAxis"":false,""pressThreshold"":0.5,""releaseThreshold"":0.20000000298023225,""minimumIntervalSeconds"":5.0,""maximumIntervalSeconds"":10.0,""minimumValidReactionSeconds"":0.10000000149011612,""randomSeed"":-196575783}",,0,0.000000,0.538989,CorrectSidePress,1,0,0,1,Correct,1,0.538989,276.317659,0.538989,0.000000,1,0,PlusMinusKeys,0,1
20261008T103449461Z_aa970ef5be5a434094358b737dd8f822,,,1,1,StimulusScheduled,Visual,2026-10-08T10:39:25.7913951Z,276.318162,271.138192,12141,5,0,CountingDown,0,0,1,34,Left,-1,,,,,0,0,1.000000,TaskSwitchPedal,0,0.500000,0.200000,,0.100000,5.000000,10.000000,-196575783,274.575003,284.397164,,286.140323,,,,0,0,,,,,,Move2,Move2.DestinationCoarseMove,1,"{""pedalAxisName"":""TaskSwitchPedal"",""usePlusMinusKeys"":true,""positivePedalKey"":61,""negativePedalKey"":45,""invertPedalAxis"":false,""pressThreshold"":0.5,""releaseThreshold"":0.20000000298023225,""minimumIntervalSeconds"":5.0,""maximumIntervalSeconds"":10.0,""minimumValidReactionSeconds"":0.10000000149011612,""randomSeed"":-196575783}",,0,0.000000,,CorrectSidePress,0,0,0,,,,,,,0.000000,1,0,PlusMinusKeys,0,1
20261008T103449461Z_aa970ef5be5a434094358b737dd8f822,,,1,1,StimulusOnsetObserved,Visual,2026-10-08T10:39:35.6179129Z,286.145665,280.966626,12569,5,1,OperatingTarget,0,0,1,34,Left,-1,,,,,1,0,0.000000,TaskSwitchPedal,0,0.500000,0.200000,,0.100000,5.000000,10.000000,-196575783,284.402506,284.397164,284.402506,286.140323,286.145665,0.005342,,1,0,5,1,OperatingTarget,Move1,Move1.PickupCoarseMove,Move1,Move1.PickupCoarseMove,1,"{""pedalAxisName"":""TaskSwitchPedal"",""usePlusMinusKeys"":true,""positivePedalKey"":61,""negativePedalKey"":45,""invertPedalAxis"":false,""pressThreshold"":0.5,""releaseThreshold"":0.20000000298023225,""minimumIntervalSeconds"":5.0,""maximumIntervalSeconds"":10.0,""minimumValidReactionSeconds"":0.10000000149011612,""randomSeed"":-196575783}",,0,0.000000,,CorrectSidePress,0,0,0,,,,,,,0.000000,0,0,Axis,0,1
20261008T103449461Z_aa970ef5be5a434094358b737dd8f822,,,1,1,PedalPressed,Visual,2026-10-08T10:39:38.2930564Z,288.820280,283.640538,12688,5,1,OperatingTarget,0,0,1,34,Left,-1,-1,Correct,1,2.674614,1,0,-1.000000,TaskSwitchPedal,0,0.500000,0.200000,,0.100000,5.000000,10.000000,-196575783,287.077121,284.397164,284.402506,286.140323,286.145665,0.005342,288.820280,1,0,5,1,OperatingTarget,Move1,Move1.PickupCoarseMove,Move1,Move1.PickupFineAlign,1,"{""pedalAxisName"":""TaskSwitchPedal"",""usePlusMinusKeys"":true,""positivePedalKey"":61,""negativePedalKey"":45,""invertPedalAxis"":false,""pressThreshold"":0.5,""releaseThreshold"":0.20000000298023225,""minimumIntervalSeconds"":5.0,""maximumIntervalSeconds"":10.0,""minimumValidReactionSeconds"":0.10000000149011612,""randomSeed"":-196575783}",,0,0.000000,2.674615,CorrectSidePress,1,0,0,-1,Correct,1,2.674614,288.820280,2.674615,0.000000,0,1,PlusMinusKeys,0,1
20261008T103449461Z_aa970ef5be5a434094358b737dd8f822,,,1,1,TrialFinished,Visual,2026-10-08T10:39:38.2930564Z,288.820280,283.640538,12688,5,1,OperatingTarget,0,0,1,34,Left,-1,-1,Correct,1,2.674614,1,0,-1.000000,TaskSwitchPedal,0,0.500000,0.200000,,0.100000,5.000000,10.000000,-196575783,287.077121,284.397164,284.402506,286.140323,286.145665,0.005342,288.820280,0,0,5,1,OperatingTarget,Move1,Move1.PickupCoarseMove,Move1,Move1.PickupFineAlign,1,"{""pedalAxisName"":""TaskSwitchPedal"",""usePlusMinusKeys"":true,""positivePedalKey"":61,""negativePedalKey"":45,""invertPedalAxis"":false,""pressThreshold"":0.5,""releaseThreshold"":0.20000000298023225,""minimumIntervalSeconds"":5.0,""maximumIntervalSeconds"":10.0,""minimumValidReactionSeconds"":0.10000000149011612,""randomSeed"":-196575783}",,0,0.000000,2.674615,CorrectSidePress,1,0,0,-1,Correct,1,2.674614,288.820280,2.674615,0.000000,0,1,PlusMinusKeys,0,1
20261008T103449461Z_aa970ef5be5a434094358b737dd8f822,,,1,1,StimulusScheduled,Visual,2026-10-08T10:39:38.2930564Z,288.820630,283.640538,12688,5,1,OperatingTarget,0,0,1,35,Left,-1,,,,,0,0,-1.000000,TaskSwitchPedal,0,0.500000,0.200000,,0.100000,5.000000,10.000000,-196575783,287.077471,294.107848,,295.851006,,,,0,0,,,,,,Move1,Move1.PickupFineAlign,1,"{""pedalAxisName"":""TaskSwitchPedal"",""usePlusMinusKeys"":true,""positivePedalKey"":61,""negativePedalKey"":45,""invertPedalAxis"":false,""pressThreshold"":0.5,""releaseThreshold"":0.20000000298023225,""minimumIntervalSeconds"":5.0,""maximumIntervalSeconds"":10.0,""minimumValidReactionSeconds"":0.10000000149011612,""randomSeed"":-196575783}",,0,0.000000,,CorrectSidePress,0,0,0,,,,,,,0.000000,0,1,PlusMinusKeys,0,1
20261008T103449461Z_aa970ef5be5a434094358b737dd8f822,,,1,1,StimulusOnsetObserved,Visual,2026-10-08T10:39:45.3334740Z,295.860382,290.680736,12949,5,1,OperatingTarget,0,0,1,35,Left,-1,,,,,1,0,0.000000,TaskSwitchPedal,0,0.500000,0.200000,,0.100000,5.000000,10.000000,-196575783,294.117222,294.107848,294.117222,295.851006,295.860382,0.009375,,1,0,5,1,OperatingTarget,LiftUp,LiftUp.LoadAcquisition,LiftUp,LiftUp.LoadAcquisition,1,"{""pedalAxisName"":""TaskSwitchPedal"",""usePlusMinusKeys"":true,""positivePedalKey"":61,""negativePedalKey"":45,""invertPedalAxis"":false,""pressThreshold"":0.5,""releaseThreshold"":0.20000000298023225,""minimumIntervalSeconds"":5.0,""maximumIntervalSeconds"":10.0,""minimumValidReactionSeconds"":0.10000000149011612,""randomSeed"":-196575783}",,0,0.000000,,CorrectSidePress,0,0,0,,,,,,,0.000000,0,0,Axis,0,1
20261008T103449461Z_aa970ef5be5a434094358b737dd8f822,,,1,1,PedalPressed,Visual,2026-10-08T10:39:47.0931263Z,297.620212,292.438966,13011,5,1,OperatingTarget,0,0,1,35,Left,-1,-1,Correct,1,1.759830,1,0,-1.000000,TaskSwitchPedal,0,0.500000,0.200000,,0.100000,5.000000,10.000000,-196575783,295.877053,294.107848,294.117222,295.851006,295.860382,0.009375,297.620212,1,0,5,1,OperatingTarget,LiftUp,LiftUp.LoadAcquisition,LiftUp,LiftUp.LoadAcquisition,1,"{""pedalAxisName"":""TaskSwitchPedal"",""usePlusMinusKeys"":true,""positivePedalKey"":61,""negativePedalKey"":45,""invertPedalAxis"":false,""pressThreshold"":0.5,""releaseThreshold"":0.20000000298023225,""minimumIntervalSeconds"":5.0,""maximumIntervalSeconds"":10.0,""minimumValidReactionSeconds"":0.10000000149011612,""randomSeed"":-196575783}",,0,0.000000,1.759830,CorrectSidePress,1,0,0,-1,Correct,1,1.759830,297.620212,1.759830,0.000000,0,1,PlusMinusKeys,0,1
20261008T103449461Z_aa970ef5be5a434094358b737dd8f822,,,1,1,TrialFinished,Visual,2026-10-08T10:39:47.0931263Z,297.620212,292.438966,13011,5,1,OperatingTarget,0,0,1,35,Left,-1,-1,Correct,1,1.759830,1,0,-1.000000,TaskSwitchPedal,0,0.500000,0.200000,,0.100000,5.000000,10.000000,-196575783,295.877053,294.107848,294.117222,295.851006,295.860382,0.009375,297.620212,0,0,5,1,OperatingTarget,LiftUp,LiftUp.LoadAcquisition,LiftUp,LiftUp.LoadAcquisition,1,"{""pedalAxisName"":""TaskSwitchPedal"",""usePlusMinusKeys"":true,""positivePedalKey"":61,""negativePedalKey"":45,""invertPedalAxis"":false,""pressThreshold"":0.5,""releaseThreshold"":0.20000000298023225,""minimumIntervalSeconds"":5.0,""maximumIntervalSeconds"":10.0,""minimumValidReactionSeconds"":0.10000000149011612,""randomSeed"":-196575783}",,0,0.000000,1.759830,CorrectSidePress,1,0,0,-1,Correct,1,1.759830,297.620212,1.759830,0.000000,0,1,PlusMinusKeys,0,1
20261008T103449461Z_aa970ef5be5a434094358b737dd8f822,,,1,1,StimulusScheduled,Visual,2026-10-08T10:39:47.0941302Z,297.620810,292.438966,13011,5,1,OperatingTarget,0,0,1,36,Left,-1,,,,,0,0,-1.000000,TaskSwitchPedal,0,0.500000,0.200000,,0.100000,5.000000,10.000000,-196575783,295.877651,304.533662,,306.276821,,,,0,0,,,,,,LiftUp,LiftUp.LoadAcquisition,1,"{""pedalAxisName"":""TaskSwitchPedal"",""usePlusMinusKeys"":true,""positivePedalKey"":61,""negativePedalKey"":45,""invertPedalAxis"":false,""pressThreshold"":0.5,""releaseThreshold"":0.20000000298023225,""minimumIntervalSeconds"":5.0,""maximumIntervalSeconds"":10.0,""minimumValidReactionSeconds"":0.10000000149011612,""randomSeed"":-196575783}",,0,0.000000,,CorrectSidePress,0,0,0,,,,,,,0.000000,0,1,PlusMinusKeys,0,1
20261008T103449461Z_aa970ef5be5a434094358b737dd8f822,,,1,1,StimulusOnsetObserved,Visual,2026-10-08T10:39:55.7523494Z,306.279322,301.100126,13333,5,0,OperatingSource,0,0,1,36,Left,-1,,,,,1,0,0.000000,TaskSwitchPedal,0,0.500000,0.200000,,0.100000,5.000000,10.000000,-196575783,304.536163,304.533662,304.536163,306.276821,306.279322,0.002501,,1,0,5,0,OperatingSource,Move2,Move2.DestinationCoarseMove,Move2,Move2.DestinationCoarseMove,1,"{""pedalAxisName"":""TaskSwitchPedal"",""usePlusMinusKeys"":true,""positivePedalKey"":61,""negativePedalKey"":45,""invertPedalAxis"":false,""pressThreshold"":0.5,""releaseThreshold"":0.20000000298023225,""minimumIntervalSeconds"":5.0,""maximumIntervalSeconds"":10.0,""minimumValidReactionSeconds"":0.10000000149011612,""randomSeed"":-196575783}",,0,0.000000,,CorrectSidePress,0,0,0,,,,,,,0.000000,0,0,Axis,0,1
20261008T103449461Z_aa970ef5be5a434094358b737dd8f822,,,1,1,PedalPressed,Visual,2026-10-08T10:39:56.5294950Z,307.056638,301.874732,13359,5,0,OperatingSource,0,0,1,36,Left,-1,-1,Correct,1,0.777315,1,0,-1.000000,TaskSwitchPedal,0,0.500000,0.200000,,0.100000,5.000000,10.000000,-196575783,305.313478,304.533662,304.536163,306.276821,306.279322,0.002501,307.056638,1,0,5,0,OperatingSource,Move2,Move2.DestinationCoarseMove,Move2,Move2.DestinationCoarseMove,1,"{""pedalAxisName"":""TaskSwitchPedal"",""usePlusMinusKeys"":true,""positivePedalKey"":61,""negativePedalKey"":45,""invertPedalAxis"":false,""pressThreshold"":0.5,""releaseThreshold"":0.20000000298023225,""minimumIntervalSeconds"":5.0,""maximumIntervalSeconds"":10.0,""minimumValidReactionSeconds"":0.10000000149011612,""randomSeed"":-196575783}",,0,0.000000,0.777315,CorrectSidePress,1,0,0,-1,Correct,1,0.777315,307.056638,0.777315,0.000000,0,1,PlusMinusKeys,0,1
20261008T103449461Z_aa970ef5be5a434094358b737dd8f822,,,1,1,TrialFinished,Visual,2026-10-08T10:39:56.5300037Z,307.056638,301.874732,13359,5,0,OperatingSource,0,0,1,36,Left,-1,-1,Correct,1,0.777315,1,0,-1.000000,TaskSwitchPedal,0,0.500000,0.200000,,0.100000,5.000000,10.000000,-196575783,305.313478,304.533662,304.536163,306.276821,306.279322,0.002501,307.056638,0,0,5,0,OperatingSource,Move2,Move2.DestinationCoarseMove,Move2,Move2.DestinationCoarseMove,1,"{""pedalAxisName"":""TaskSwitchPedal"",""usePlusMinusKeys"":true,""positivePedalKey"":61,""negativePedalKey"":45,""invertPedalAxis"":false,""pressThreshold"":0.5,""releaseThreshold"":0.20000000298023225,""minimumIntervalSeconds"":5.0,""maximumIntervalSeconds"":10.0,""minimumValidReactionSeconds"":0.10000000149011612,""randomSeed"":-196575783}",,0,0.000000,0.777315,CorrectSidePress,1,0,0,-1,Correct,1,0.777315,307.056638,0.777315,0.000000,0,1,PlusMinusKeys,0,1
20261008T103449461Z_aa970ef5be5a434094358b737dd8f822,,,1,1,StimulusScheduled,Visual,2026-10-08T10:39:56.5300037Z,307.057125,301.874732,13359,5,0,OperatingSource,0,0,1,37,Left,-1,,,,,0,0,-1.000000,TaskSwitchPedal,0,0.500000,0.200000,,0.100000,5.000000,10.000000,-196575783,305.313966,313.984697,,315.727856,,,,0,0,,,,,,Move2,Move2.DestinationCoarseMove,1,"{""pedalAxisName"":""TaskSwitchPedal"",""usePlusMinusKeys"":true,""positivePedalKey"":61,""negativePedalKey"":45,""invertPedalAxis"":false,""pressThreshold"":0.5,""releaseThreshold"":0.20000000298023225,""minimumIntervalSeconds"":5.0,""maximumIntervalSeconds"":10.0,""minimumValidReactionSeconds"":0.10000000149011612,""randomSeed"":-196575783}",,0,0.000000,,CorrectSidePress,0,0,0,,,,,,,0.000000,0,1,PlusMinusKeys,0,1
20261008T103449461Z_aa970ef5be5a434094358b737dd8f822,,,1,1,StimulusOnsetObserved,Visual,2026-10-08T10:40:05.2522084Z,315.779624,310.598011,13662,5,0,OperatingSource,0,0,1,37,Left,-1,,,,,1,0,0.000000,TaskSwitchPedal,0,0.500000,0.200000,,0.100000,5.000000,10.000000,-196575783,314.036465,313.984697,314.036465,315.727856,315.779624,0.051768,,1,0,5,0,OperatingSource,Place,Place.PlacementLowering,Place,Place.PlacementLowering,1,"{""pedalAxisName"":""TaskSwitchPedal"",""usePlusMinusKeys"":true,""positivePedalKey"":61,""negativePedalKey"":45,""invertPedalAxis"":false,""pressThreshold"":0.5,""releaseThreshold"":0.20000000298023225,""minimumIntervalSeconds"":5.0,""maximumIntervalSeconds"":10.0,""minimumValidReactionSeconds"":0.10000000149011612,""randomSeed"":-196575783}",,0,0.000000,,CorrectSidePress,0,0,0,,,,,,,0.000000,0,0,Axis,0,1
20261008T103449461Z_aa970ef5be5a434094358b737dd8f822,,,1,1,PedalPressed,Visual,2026-10-08T10:40:06.0334753Z,316.561039,311.380542,13692,5,0,OperatingSource,0,0,1,37,Left,-1,-1,Correct,1,0.781414,1,0,-1.000000,TaskSwitchPedal,0,0.500000,0.200000,,0.100000,5.000000,10.000000,-196575783,314.817879,313.984697,314.036465,315.727856,315.779624,0.051768,316.561039,1,0,5,0,OperatingSource,Place,Place.PlacementLowering,Place,Place.PlacementLowering,1,"{""pedalAxisName"":""TaskSwitchPedal"",""usePlusMinusKeys"":true,""positivePedalKey"":61,""negativePedalKey"":45,""invertPedalAxis"":false,""pressThreshold"":0.5,""releaseThreshold"":0.20000000298023225,""minimumIntervalSeconds"":5.0,""maximumIntervalSeconds"":10.0,""minimumValidReactionSeconds"":0.10000000149011612,""randomSeed"":-196575783}",,0,0.000000,0.781415,CorrectSidePress,1,0,0,-1,Correct,1,0.781414,316.561039,0.781415,0.000000,0,1,PlusMinusKeys,0,1
20261008T103449461Z_aa970ef5be5a434094358b737dd8f822,,,1,1,TrialFinished,Visual,2026-10-08T10:40:06.0334753Z,316.561039,311.380542,13692,5,0,OperatingSource,0,0,1,37,Left,-1,-1,Correct,1,0.781414,1,0,-1.000000,TaskSwitchPedal,0,0.500000,0.200000,,0.100000,5.000000,10.000000,-196575783,314.817879,313.984697,314.036465,315.727856,315.779624,0.051768,316.561039,0,0,5,0,OperatingSource,Place,Place.PlacementLowering,Place,Place.PlacementLowering,1,"{""pedalAxisName"":""TaskSwitchPedal"",""usePlusMinusKeys"":true,""positivePedalKey"":61,""negativePedalKey"":45,""invertPedalAxis"":false,""pressThreshold"":0.5,""releaseThreshold"":0.20000000298023225,""minimumIntervalSeconds"":5.0,""maximumIntervalSeconds"":10.0,""minimumValidReactionSeconds"":0.10000000149011612,""randomSeed"":-196575783}",,0,0.000000,0.781415,CorrectSidePress,1,0,0,-1,Correct,1,0.781414,316.561039,0.781415,0.000000,0,1,PlusMinusKeys,0,1
20261008T103449461Z_aa970ef5be5a434094358b737dd8f822,,,1,1,StimulusScheduled,Visual,2026-10-08T10:40:06.0334753Z,316.561431,311.380542,13692,5,0,OperatingSource,0,0,1,38,Right,1,,,,,0,0,-1.000000,TaskSwitchPedal,0,0.500000,0.200000,,0.100000,5.000000,10.000000,-196575783,314.818272,320.524009,,322.267168,,,,0,0,,,,,,Place,Place.PlacementLowering,1,"{""pedalAxisName"":""TaskSwitchPedal"",""usePlusMinusKeys"":true,""positivePedalKey"":61,""negativePedalKey"":45,""invertPedalAxis"":false,""pressThreshold"":0.5,""releaseThreshold"":0.20000000298023225,""minimumIntervalSeconds"":5.0,""maximumIntervalSeconds"":10.0,""minimumValidReactionSeconds"":0.10000000149011612,""randomSeed"":-196575783}",,0,0.000000,,CorrectSidePress,0,0,0,,,,,,,0.000000,0,1,PlusMinusKeys,0,1
20261008T103449461Z_aa970ef5be5a434094358b737dd8f822,,,1,1,StimulusOnsetObserved,Visual,2026-10-08T10:40:11.7850627Z,322.312922,317.131546,13891,5,0,OperatingSource,0,0,1,38,Right,1,,,,,1,0,0.000000,TaskSwitchPedal,0,0.500000,0.200000,,0.100000,5.000000,10.000000,-196575783,320.569763,320.524009,320.569763,322.267168,322.312922,0.045754,,0,1,5,0,OperatingSource,Place,Place.LoadRelease,Place,Place.LoadRelease,1,"{""pedalAxisName"":""TaskSwitchPedal"",""usePlusMinusKeys"":true,""positivePedalKey"":61,""negativePedalKey"":45,""invertPedalAxis"":false,""pressThreshold"":0.5,""releaseThreshold"":0.20000000298023225,""minimumIntervalSeconds"":5.0,""maximumIntervalSeconds"":10.0,""minimumValidReactionSeconds"":0.10000000149011612,""randomSeed"":-196575783}",,0,0.000000,,CorrectSidePress,0,0,0,,,,,,,0.000000,0,0,Axis,0,1
20261008T103449461Z_aa970ef5be5a434094358b737dd8f822,,,1,1,PedalPressed,Visual,2026-10-08T10:40:12.5021046Z,323.029489,317.849636,13922,5,0,OperatingSource,0,0,1,38,Right,1,1,Correct,1,0.716566,1,0,1.000000,TaskSwitchPedal,0,0.500000,0.200000,,0.100000,5.000000,10.000000,-196575783,321.286329,320.524009,320.569763,322.267168,322.312922,0.045754,323.029489,0,1,5,0,OperatingSource,Place,Place.LoadRelease,Place,Place.PostPlacementRaising,1,"{""pedalAxisName"":""TaskSwitchPedal"",""usePlusMinusKeys"":true,""positivePedalKey"":61,""negativePedalKey"":45,""invertPedalAxis"":false,""pressThreshold"":0.5,""releaseThreshold"":0.20000000298023225,""minimumIntervalSeconds"":5.0,""maximumIntervalSeconds"":10.0,""minimumValidReactionSeconds"":0.10000000149011612,""randomSeed"":-196575783}",,0,0.000000,0.716567,CorrectSidePress,1,0,0,1,Correct,1,0.716566,323.029489,0.716567,0.000000,1,0,PlusMinusKeys,0,1
20261008T103449461Z_aa970ef5be5a434094358b737dd8f822,,,1,1,TrialFinished,Visual,2026-10-08T10:40:12.5031045Z,323.029489,317.849636,13922,5,0,OperatingSource,0,0,1,38,Right,1,1,Correct,1,0.716566,1,0,1.000000,TaskSwitchPedal,0,0.500000,0.200000,,0.100000,5.000000,10.000000,-196575783,321.286329,320.524009,320.569763,322.267168,322.312922,0.045754,323.029489,0,0,5,0,OperatingSource,Place,Place.LoadRelease,Place,Place.PostPlacementRaising,1,"{""pedalAxisName"":""TaskSwitchPedal"",""usePlusMinusKeys"":true,""positivePedalKey"":61,""negativePedalKey"":45,""invertPedalAxis"":false,""pressThreshold"":0.5,""releaseThreshold"":0.20000000298023225,""minimumIntervalSeconds"":5.0,""maximumIntervalSeconds"":10.0,""minimumValidReactionSeconds"":0.10000000149011612,""randomSeed"":-196575783}",,0,0.000000,0.716567,CorrectSidePress,1,0,0,1,Correct,1,0.716566,323.029489,0.716567,0.000000,1,0,PlusMinusKeys,0,1
20261008T103449461Z_aa970ef5be5a434094358b737dd8f822,,,1,1,StimulusScheduled,Visual,2026-10-08T10:40:12.5031045Z,323.030067,317.849636,13922,5,0,OperatingSource,0,0,1,39,Right,1,,,,,0,0,1.000000,TaskSwitchPedal,0,0.500000,0.200000,,0.100000,5.000000,10.000000,-196575783,321.286908,330.657592,,332.400751,,,,0,0,,,,,,Place,Place.PostPlacementRaising,1,"{""pedalAxisName"":""TaskSwitchPedal"",""usePlusMinusKeys"":true,""positivePedalKey"":61,""negativePedalKey"":45,""invertPedalAxis"":false,""pressThreshold"":0.5,""releaseThreshold"":0.20000000298023225,""minimumIntervalSeconds"":5.0,""maximumIntervalSeconds"":10.0,""minimumValidReactionSeconds"":0.10000000149011612,""randomSeed"":-196575783}",,0,0.000000,,CorrectSidePress,0,0,0,,,,,,,0.000000,1,0,PlusMinusKeys,0,1
20261008T103449461Z_aa970ef5be5a434094358b737dd8f822,,,1,1,StimulusOnsetObserved,Visual,2026-10-08T10:40:21.9269602Z,332.454904,327.274098,14346,5,0,OperatingSource,0,0,1,39,Right,1,,,,,1,0,0.000000,TaskSwitchPedal,0,0.500000,0.200000,,0.100000,5.000000,10.000000,-196575783,330.711744,330.657592,330.711744,332.400751,332.454904,0.054153,,0,1,5,0,OperatingSource,Move1,Move1.PickupCoarseMove,Move1,Move1.PickupCoarseMove,1,"{""pedalAxisName"":""TaskSwitchPedal"",""usePlusMinusKeys"":true,""positivePedalKey"":61,""negativePedalKey"":45,""invertPedalAxis"":false,""pressThreshold"":0.5,""releaseThreshold"":0.20000000298023225,""minimumIntervalSeconds"":5.0,""maximumIntervalSeconds"":10.0,""minimumValidReactionSeconds"":0.10000000149011612,""randomSeed"":-196575783}",,0,0.000000,,CorrectSidePress,0,0,0,,,,,,,0.000000,0,0,Axis,0,1
20261008T103449461Z_aa970ef5be5a434094358b737dd8f822,,,1,1,PedalPressed,Visual,2026-10-08T10:40:22.5489110Z,333.075987,327.897098,14375,5,0,OperatingSource,0,0,1,39,Right,1,1,Correct,1,0.621084,1,0,1.000000,TaskSwitchPedal,0,0.500000,0.200000,,0.100000,5.000000,10.000000,-196575783,331.332828,330.657592,330.711744,332.400751,332.454904,0.054153,333.075987,0,1,5,0,OperatingSource,Move1,Move1.PickupCoarseMove,Move1,Move1.PickupCoarseMove,1,"{""pedalAxisName"":""TaskSwitchPedal"",""usePlusMinusKeys"":true,""positivePedalKey"":61,""negativePedalKey"":45,""invertPedalAxis"":false,""pressThreshold"":0.5,""releaseThreshold"":0.20000000298023225,""minimumIntervalSeconds"":5.0,""maximumIntervalSeconds"":10.0,""minimumValidReactionSeconds"":0.10000000149011612,""randomSeed"":-196575783}",,0,0.000000,0.621084,CorrectSidePress,1,0,0,1,Correct,1,0.621084,333.075987,0.621084,0.000000,1,0,PlusMinusKeys,0,1
20261008T103449461Z_aa970ef5be5a434094358b737dd8f822,,,1,1,TrialFinished,Visual,2026-10-08T10:40:22.5489110Z,333.075987,327.897098,14375,5,0,OperatingSource,0,0,1,39,Right,1,1,Correct,1,0.621084,1,0,1.000000,TaskSwitchPedal,0,0.500000,0.200000,,0.100000,5.000000,10.000000,-196575783,331.332828,330.657592,330.711744,332.400751,332.454904,0.054153,333.075987,0,0,5,0,OperatingSource,Move1,Move1.PickupCoarseMove,Move1,Move1.PickupCoarseMove,1,"{""pedalAxisName"":""TaskSwitchPedal"",""usePlusMinusKeys"":true,""positivePedalKey"":61,""negativePedalKey"":45,""invertPedalAxis"":false,""pressThreshold"":0.5,""releaseThreshold"":0.20000000298023225,""minimumIntervalSeconds"":5.0,""maximumIntervalSeconds"":10.0,""minimumValidReactionSeconds"":0.10000000149011612,""randomSeed"":-196575783}",,0,0.000000,0.621084,CorrectSidePress,1,0,0,1,Correct,1,0.621084,333.075987,0.621084,0.000000,1,0,PlusMinusKeys,0,1
20261008T103449461Z_aa970ef5be5a434094358b737dd8f822,,,1,1,StimulusScheduled,Visual,2026-10-08T10:40:22.5489110Z,333.076286,327.897098,14375,5,0,OperatingSource,0,0,1,40,Right,1,,,,,0,0,1.000000,TaskSwitchPedal,0,0.500000,0.200000,,0.100000,5.000000,10.000000,-196575783,331.333127,340.183008,,341.926167,,,,0,0,,,,,,Move1,Move1.PickupCoarseMove,1,"{""pedalAxisName"":""TaskSwitchPedal"",""usePlusMinusKeys"":true,""positivePedalKey"":61,""negativePedalKey"":45,""invertPedalAxis"":false,""pressThreshold"":0.5,""releaseThreshold"":0.20000000298023225,""minimumIntervalSeconds"":5.0,""maximumIntervalSeconds"":10.0,""minimumValidReactionSeconds"":0.10000000149011612,""randomSeed"":-196575783}",,0,0.000000,,CorrectSidePress,0,0,0,,,,,,,0.000000,1,0,PlusMinusKeys,0,1
20261008T103449461Z_aa970ef5be5a434094358b737dd8f822,,,1,1,StimulusOnsetObserved,Visual,2026-10-08T10:40:31.4070341Z,341.934112,336.754399,14773,5,0,OperatingSource,0,0,1,40,Right,1,,,,,1,0,0.000000,TaskSwitchPedal,0,0.500000,0.200000,,0.100000,5.000000,10.000000,-196575783,340.190952,340.183008,340.190952,341.926167,341.934112,0.007944,,0,1,5,0,OperatingSource,Move1,Move1.PickupCoarseMove,Move1,Move1.PickupCoarseMove,1,"{""pedalAxisName"":""TaskSwitchPedal"",""usePlusMinusKeys"":true,""positivePedalKey"":61,""negativePedalKey"":45,""invertPedalAxis"":false,""pressThreshold"":0.5,""releaseThreshold"":0.20000000298023225,""minimumIntervalSeconds"":5.0,""maximumIntervalSeconds"":10.0,""minimumValidReactionSeconds"":0.10000000149011612,""randomSeed"":-196575783}",,0,0.000000,,CorrectSidePress,0,0,0,,,,,,,0.000000,0,0,Axis,0,1
20261008T103449461Z_aa970ef5be5a434094358b737dd8f822,,,1,1,PedalPressed,Visual,2026-10-08T10:40:32.0745841Z,342.602117,337.422671,14807,5,0,OperatingSource,0,0,1,40,Right,1,1,Correct,1,0.668006,1,0,1.000000,TaskSwitchPedal,0,0.500000,0.200000,,0.100000,5.000000,10.000000,-196575783,340.858958,340.183008,340.190952,341.926167,341.934112,0.007944,342.602117,0,1,5,0,OperatingSource,Move1,Move1.PickupCoarseMove,Move1,Move1.PickupCoarseMove,1,"{""pedalAxisName"":""TaskSwitchPedal"",""usePlusMinusKeys"":true,""positivePedalKey"":61,""negativePedalKey"":45,""invertPedalAxis"":false,""pressThreshold"":0.5,""releaseThreshold"":0.20000000298023225,""minimumIntervalSeconds"":5.0,""maximumIntervalSeconds"":10.0,""minimumValidReactionSeconds"":0.10000000149011612,""randomSeed"":-196575783}",,0,0.000000,0.668005,CorrectSidePress,1,0,0,1,Correct,1,0.668006,342.602117,0.668005,0.000000,1,0,PlusMinusKeys,0,1
20261008T103449461Z_aa970ef5be5a434094358b737dd8f822,,,1,1,TrialFinished,Visual,2026-10-08T10:40:32.0745841Z,342.602117,337.422671,14807,5,0,OperatingSource,0,0,1,40,Right,1,1,Correct,1,0.668006,1,0,1.000000,TaskSwitchPedal,0,0.500000,0.200000,,0.100000,5.000000,10.000000,-196575783,340.858958,340.183008,340.190952,341.926167,341.934112,0.007944,342.602117,0,0,5,0,OperatingSource,Move1,Move1.PickupCoarseMove,Move1,Move1.PickupCoarseMove,1,"{""pedalAxisName"":""TaskSwitchPedal"",""usePlusMinusKeys"":true,""positivePedalKey"":61,""negativePedalKey"":45,""invertPedalAxis"":false,""pressThreshold"":0.5,""releaseThreshold"":0.20000000298023225,""minimumIntervalSeconds"":5.0,""maximumIntervalSeconds"":10.0,""minimumValidReactionSeconds"":0.10000000149011612,""randomSeed"":-196575783}",,0,0.000000,0.668005,CorrectSidePress,1,0,0,1,Correct,1,0.668006,342.602117,0.668005,0.000000,1,0,PlusMinusKeys,0,1
20261008T103449461Z_aa970ef5be5a434094358b737dd8f822,,,1,1,StimulusScheduled,Visual,2026-10-08T10:40:32.0755801Z,342.602484,337.422671,14807,5,0,OperatingSource,0,0,1,41,Right,1,,,,,0,0,1.000000,TaskSwitchPedal,0,0.500000,0.200000,,0.100000,5.000000,10.000000,-196575783,340.859325,350.254375,,351.997534,,,,0,0,,,,,,Move1,Move1.PickupCoarseMove,1,"{""pedalAxisName"":""TaskSwitchPedal"",""usePlusMinusKeys"":true,""positivePedalKey"":61,""negativePedalKey"":45,""invertPedalAxis"":false,""pressThreshold"":0.5,""releaseThreshold"":0.20000000298023225,""minimumIntervalSeconds"":5.0,""maximumIntervalSeconds"":10.0,""minimumValidReactionSeconds"":0.10000000149011612,""randomSeed"":-196575783}",,0,0.000000,,CorrectSidePress,0,0,0,,,,,,,0.000000,1,0,PlusMinusKeys,0,1
20261008T103449461Z_aa970ef5be5a434094358b737dd8f822,,,1,1,StimulusOnsetObserved,Visual,2026-10-08T10:40:41.5228500Z,352.050181,346.868481,15175,5,0,OperatingSource,0,0,1,41,Right,1,,,,,1,0,0.000000,TaskSwitchPedal,0,0.500000,0.200000,,0.100000,5.000000,10.000000,-196575783,350.307022,350.254375,350.307022,351.997534,352.050181,0.052647,,0,1,5,0,OperatingSource,LiftUp,LiftUp.LoadAcquisition,LiftUp,LiftUp.LoadAcquisition,1,"{""pedalAxisName"":""TaskSwitchPedal"",""usePlusMinusKeys"":true,""positivePedalKey"":61,""negativePedalKey"":45,""invertPedalAxis"":false,""pressThreshold"":0.5,""releaseThreshold"":0.20000000298023225,""minimumIntervalSeconds"":5.0,""maximumIntervalSeconds"":10.0,""minimumValidReactionSeconds"":0.10000000149011612,""randomSeed"":-196575783}",,0,0.000000,,CorrectSidePress,0,0,0,,,,,,,0.000000,0,0,Axis,0,1
20261008T103449461Z_aa970ef5be5a434094358b737dd8f822,,,1,1,PedalPressed,Visual,2026-10-08T10:40:42.3818987Z,352.909588,347.730769,15204,5,0,OperatingSource,0,0,1,41,Right,1,1,Correct,1,0.859392,1,0,1.000000,TaskSwitchPedal,0,0.500000,0.200000,,0.100000,5.000000,10.000000,-196575783,351.166414,350.254375,350.307022,351.997534,352.050181,0.052647,352.909588,0,1,5,0,OperatingSource,LiftUp,LiftUp.LoadAcquisition,LiftUp,LiftUp.LoadAcquisition,1,"{""pedalAxisName"":""TaskSwitchPedal"",""usePlusMinusKeys"":true,""positivePedalKey"":61,""negativePedalKey"":45,""invertPedalAxis"":false,""pressThreshold"":0.5,""releaseThreshold"":0.20000000298023225,""minimumIntervalSeconds"":5.0,""maximumIntervalSeconds"":10.0,""minimumValidReactionSeconds"":0.10000000149011612,""randomSeed"":-196575783}",,0,0.000000,0.859407,CorrectSidePress,1,0,0,1,Correct,1,0.859392,352.909588,0.859407,0.000000,1,0,PlusMinusKeys,0,1
20261008T103449461Z_aa970ef5be5a434094358b737dd8f822,,,1,1,TrialFinished,Visual,2026-10-08T10:40:42.3818987Z,352.909588,347.730769,15204,5,0,OperatingSource,0,0,1,41,Right,1,1,Correct,1,0.859392,1,0,1.000000,TaskSwitchPedal,0,0.500000,0.200000,,0.100000,5.000000,10.000000,-196575783,351.166414,350.254375,350.307022,351.997534,352.050181,0.052647,352.909588,0,0,5,0,OperatingSource,LiftUp,LiftUp.LoadAcquisition,LiftUp,LiftUp.LoadAcquisition,1,"{""pedalAxisName"":""TaskSwitchPedal"",""usePlusMinusKeys"":true,""positivePedalKey"":61,""negativePedalKey"":45,""invertPedalAxis"":false,""pressThreshold"":0.5,""releaseThreshold"":0.20000000298023225,""minimumIntervalSeconds"":5.0,""maximumIntervalSeconds"":10.0,""minimumValidReactionSeconds"":0.10000000149011612,""randomSeed"":-196575783}",,0,0.000000,0.859407,CorrectSidePress,1,0,0,1,Correct,1,0.859392,352.909588,0.859407,0.000000,1,0,PlusMinusKeys,0,1
20261008T103449461Z_aa970ef5be5a434094358b737dd8f822,,,1,1,StimulusScheduled,Visual,2026-10-08T10:40:42.3830912Z,352.909968,347.730769,15204,5,0,OperatingSource,0,0,1,42,Right,1,,,,,0,0,1.000000,TaskSwitchPedal,0,0.500000,0.200000,,0.100000,5.000000,10.000000,-196575783,351.166809,361.086354,,362.829513,,,,0,0,,,,,,LiftUp,LiftUp.LoadAcquisition,1,"{""pedalAxisName"":""TaskSwitchPedal"",""usePlusMinusKeys"":true,""positivePedalKey"":61,""negativePedalKey"":45,""invertPedalAxis"":false,""pressThreshold"":0.5,""releaseThreshold"":0.20000000298023225,""minimumIntervalSeconds"":5.0,""maximumIntervalSeconds"":10.0,""minimumValidReactionSeconds"":0.10000000149011612,""randomSeed"":-196575783}",,0,0.000000,,CorrectSidePress,0,0,0,,,,,,,0.000000,1,0,PlusMinusKeys,0,1
20261008T103449461Z_aa970ef5be5a434094358b737dd8f822,,,1,1,StimulusOnsetObserved,Visual,2026-10-08T10:40:52.3244905Z,362.852259,357.673517,15547,5,0,OperatingSource,0,0,1,42,Right,1,,,,,1,0,0.000000,TaskSwitchPedal,0,0.500000,0.200000,,0.100000,5.000000,10.000000,-196575783,361.109099,361.086354,361.109099,362.829513,362.852259,0.022745,,0,1,5,0,OperatingSource,Move2,Move2.DestinationCoarseMove,Move2,Move2.DestinationCoarseMove,1,"{""pedalAxisName"":""TaskSwitchPedal"",""usePlusMinusKeys"":true,""positivePedalKey"":61,""negativePedalKey"":45,""invertPedalAxis"":false,""pressThreshold"":0.5,""releaseThreshold"":0.20000000298023225,""minimumIntervalSeconds"":5.0,""maximumIntervalSeconds"":10.0,""minimumValidReactionSeconds"":0.10000000149011612,""randomSeed"":-196575783}",,0,0.000000,,CorrectSidePress,0,0,0,,,,,,,0.000000,0,0,Axis,0,1
20261008T103449461Z_aa970ef5be5a434094358b737dd8f822,,,1,1,PedalPressed,Visual,2026-10-08T10:40:53.6565459Z,364.183504,359.003425,15592,5,0,OperatingSource,0,0,1,42,Right,1,1,Correct,1,1.331246,1,0,1.000000,TaskSwitchPedal,0,0.500000,0.200000,,0.100000,5.000000,10.000000,-196575783,362.440345,361.086354,361.109099,362.829513,362.852259,0.022745,364.183504,0,1,5,0,OperatingSource,Move2,Move2.DestinationCoarseMove,Move2,Move2.DestinationCoarseMove,1,"{""pedalAxisName"":""TaskSwitchPedal"",""usePlusMinusKeys"":true,""positivePedalKey"":61,""negativePedalKey"":45,""invertPedalAxis"":false,""pressThreshold"":0.5,""releaseThreshold"":0.20000000298023225,""minimumIntervalSeconds"":5.0,""maximumIntervalSeconds"":10.0,""minimumValidReactionSeconds"":0.10000000149011612,""randomSeed"":-196575783}",,0,0.000000,1.331246,CorrectSidePress,1,0,0,1,Correct,1,1.331246,364.183504,1.331246,0.000000,1,0,PlusMinusKeys,0,1
20261008T103449461Z_aa970ef5be5a434094358b737dd8f822,,,1,1,TrialFinished,Visual,2026-10-08T10:40:53.6565459Z,364.183504,359.003425,15592,5,0,OperatingSource,0,0,1,42,Right,1,1,Correct,1,1.331246,1,0,1.000000,TaskSwitchPedal,0,0.500000,0.200000,,0.100000,5.000000,10.000000,-196575783,362.440345,361.086354,361.109099,362.829513,362.852259,0.022745,364.183504,0,0,5,0,OperatingSource,Move2,Move2.DestinationCoarseMove,Move2,Move2.DestinationCoarseMove,1,"{""pedalAxisName"":""TaskSwitchPedal"",""usePlusMinusKeys"":true,""positivePedalKey"":61,""negativePedalKey"":45,""invertPedalAxis"":false,""pressThreshold"":0.5,""releaseThreshold"":0.20000000298023225,""minimumIntervalSeconds"":5.0,""maximumIntervalSeconds"":10.0,""minimumValidReactionSeconds"":0.10000000149011612,""randomSeed"":-196575783}",,0,0.000000,1.331246,CorrectSidePress,1,0,0,1,Correct,1,1.331246,364.183504,1.331246,0.000000,1,0,PlusMinusKeys,0,1
20261008T103449461Z_aa970ef5be5a434094358b737dd8f822,,,1,1,StimulusScheduled,Visual,2026-10-08T10:40:53.6565459Z,364.183853,359.003425,15592,5,0,OperatingSource,0,0,1,43,Left,-1,,,,,0,0,1.000000,TaskSwitchPedal,0,0.500000,0.200000,,0.100000,5.000000,10.000000,-196575783,362.440694,371.657301,,373.400460,,,,0,0,,,,,,Move2,Move2.DestinationCoarseMove,1,"{""pedalAxisName"":""TaskSwitchPedal"",""usePlusMinusKeys"":true,""positivePedalKey"":61,""negativePedalKey"":45,""invertPedalAxis"":false,""pressThreshold"":0.5,""releaseThreshold"":0.20000000298023225,""minimumIntervalSeconds"":5.0,""maximumIntervalSeconds"":10.0,""minimumValidReactionSeconds"":0.10000000149011612,""randomSeed"":-196575783}",,0,0.000000,,CorrectSidePress,0,0,0,,,,,,,0.000000,1,0,PlusMinusKeys,0,1
20261008T103449461Z_aa970ef5be5a434094358b737dd8f822,,,1,1,StimulusOnsetObserved,Visual,2026-10-08T10:41:02.8767058Z,373.404483,368.222880,15894,5,0,OperatingSource,0,0,1,43,Left,-1,,,,,1,0,0.000000,TaskSwitchPedal,0,0.500000,0.200000,,0.100000,5.000000,10.000000,-196575783,371.661324,371.657301,371.661324,373.400460,373.404483,0.004024,,1,0,5,0,OperatingSource,Move2,Move2.DestinationCoarseMove,Move2,Move2.DestinationCoarseMove,1,"{""pedalAxisName"":""TaskSwitchPedal"",""usePlusMinusKeys"":true,""positivePedalKey"":61,""negativePedalKey"":45,""invertPedalAxis"":false,""pressThreshold"":0.5,""releaseThreshold"":0.20000000298023225,""minimumIntervalSeconds"":5.0,""maximumIntervalSeconds"":10.0,""minimumValidReactionSeconds"":0.10000000149011612,""randomSeed"":-196575783}",,0,0.000000,,CorrectSidePress,0,0,0,,,,,,,0.000000,0,0,Axis,0,1
20261008T103449461Z_aa970ef5be5a434094358b737dd8f822,,,1,1,PedalPressed,Visual,2026-10-08T10:41:03.4626678Z,373.989681,368.810335,15915,5,0,OperatingSource,0,0,1,43,Left,-1,-1,Correct,1,0.585198,1,0,-1.000000,TaskSwitchPedal,0,0.500000,0.200000,,0.100000,5.000000,10.000000,-196575783,372.246521,371.657301,371.661324,373.400460,373.404483,0.004024,373.989681,1,0,5,0,OperatingSource,Move2,Move2.DestinationCoarseMove,Move2,Move2.DestinationCoarseMove,1,"{""pedalAxisName"":""TaskSwitchPedal"",""usePlusMinusKeys"":true,""positivePedalKey"":61,""negativePedalKey"":45,""invertPedalAxis"":false,""pressThreshold"":0.5,""releaseThreshold"":0.20000000298023225,""minimumIntervalSeconds"":5.0,""maximumIntervalSeconds"":10.0,""minimumValidReactionSeconds"":0.10000000149011612,""randomSeed"":-196575783}",,0,0.000000,0.585197,CorrectSidePress,1,0,0,-1,Correct,1,0.585198,373.989681,0.585197,0.000000,0,1,PlusMinusKeys,0,1
20261008T103449461Z_aa970ef5be5a434094358b737dd8f822,,,1,1,TrialFinished,Visual,2026-10-08T10:41:03.4626678Z,373.989681,368.810335,15915,5,0,OperatingSource,0,0,1,43,Left,-1,-1,Correct,1,0.585198,1,0,-1.000000,TaskSwitchPedal,0,0.500000,0.200000,,0.100000,5.000000,10.000000,-196575783,372.246521,371.657301,371.661324,373.400460,373.404483,0.004024,373.989681,0,0,5,0,OperatingSource,Move2,Move2.DestinationCoarseMove,Move2,Move2.DestinationCoarseMove,1,"{""pedalAxisName"":""TaskSwitchPedal"",""usePlusMinusKeys"":true,""positivePedalKey"":61,""negativePedalKey"":45,""invertPedalAxis"":false,""pressThreshold"":0.5,""releaseThreshold"":0.20000000298023225,""minimumIntervalSeconds"":5.0,""maximumIntervalSeconds"":10.0,""minimumValidReactionSeconds"":0.10000000149011612,""randomSeed"":-196575783}",,0,0.000000,0.585197,CorrectSidePress,1,0,0,-1,Correct,1,0.585198,373.989681,0.585197,0.000000,0,1,PlusMinusKeys,0,1
20261008T103449461Z_aa970ef5be5a434094358b737dd8f822,,,1,1,StimulusScheduled,Visual,2026-10-08T10:41:03.4626678Z,373.990226,368.810335,15915,5,0,OperatingSource,0,0,1,44,Left,-1,,,,,0,0,-1.000000,TaskSwitchPedal,0,0.500000,0.200000,,0.100000,5.000000,10.000000,-196575783,372.247067,381.761206,,383.504365,,,,0,0,,,,,,Move2,Move2.DestinationCoarseMove,1,"{""pedalAxisName"":""TaskSwitchPedal"",""usePlusMinusKeys"":true,""positivePedalKey"":61,""negativePedalKey"":45,""invertPedalAxis"":false,""pressThreshold"":0.5,""releaseThreshold"":0.20000000298023225,""minimumIntervalSeconds"":5.0,""maximumIntervalSeconds"":10.0,""minimumValidReactionSeconds"":0.10000000149011612,""randomSeed"":-196575783}",,0,0.000000,,CorrectSidePress,0,0,0,,,,,,,0.000000,0,1,PlusMinusKeys,0,1
20261008T103449461Z_aa970ef5be5a434094358b737dd8f822,,,1,1,StimulusOnsetObserved,Visual,2026-10-08T10:41:12.9805316Z,383.507797,378.327749,16230,5,0,OperatingSource,0,0,1,44,Left,-1,,,,,1,0,0.000000,TaskSwitchPedal,0,0.500000,0.200000,,0.100000,5.000000,10.000000,-196575783,381.764638,381.761206,381.764638,383.504365,383.507797,0.003432,,1,0,5,0,OperatingSource,Place,Place.PlacementLowering,Place,Place.PlacementLowering,1,"{""pedalAxisName"":""TaskSwitchPedal"",""usePlusMinusKeys"":true,""positivePedalKey"":61,""negativePedalKey"":45,""invertPedalAxis"":false,""pressThreshold"":0.5,""releaseThreshold"":0.20000000298023225,""minimumIntervalSeconds"":5.0,""maximumIntervalSeconds"":10.0,""minimumValidReactionSeconds"":0.10000000149011612,""randomSeed"":-196575783}",,0,0.000000,,CorrectSidePress,0,0,0,,,,,,,0.000000,0,0,Axis,0,1
20261008T103449461Z_aa970ef5be5a434094358b737dd8f822,,,1,1,PedalPressed,Visual,2026-10-08T10:41:13.6622718Z,384.190086,379.009881,16251,6,0,CountingDown,0,0,1,44,Left,-1,-1,Correct,1,0.682289,1,0,-1.000000,TaskSwitchPedal,0,0.500000,0.200000,,0.100000,5.000000,10.000000,-196575783,382.446926,381.761206,381.764638,383.504365,383.507797,0.003432,384.190086,1,0,5,0,OperatingSource,Place,Place.PlacementLowering,Place,Place.PlacementLowering,1,"{""pedalAxisName"":""TaskSwitchPedal"",""usePlusMinusKeys"":true,""positivePedalKey"":61,""negativePedalKey"":45,""invertPedalAxis"":false,""pressThreshold"":0.5,""releaseThreshold"":0.20000000298023225,""minimumIntervalSeconds"":5.0,""maximumIntervalSeconds"":10.0,""minimumValidReactionSeconds"":0.10000000149011612,""randomSeed"":-196575783}",,0,0.000000,0.682289,CorrectSidePress,1,0,0,-1,Correct,1,0.682289,384.190086,0.682289,0.000000,0,1,PlusMinusKeys,0,1
20261008T103449461Z_aa970ef5be5a434094358b737dd8f822,,,1,1,TrialFinished,Visual,2026-10-08T10:41:13.6632709Z,384.190086,379.009881,16251,6,0,CountingDown,0,0,1,44,Left,-1,-1,Correct,1,0.682289,1,0,-1.000000,TaskSwitchPedal,0,0.500000,0.200000,,0.100000,5.000000,10.000000,-196575783,382.446926,381.761206,381.764638,383.504365,383.507797,0.003432,384.190086,0,0,5,0,OperatingSource,Place,Place.PlacementLowering,Place,Place.PlacementLowering,1,"{""pedalAxisName"":""TaskSwitchPedal"",""usePlusMinusKeys"":true,""positivePedalKey"":61,""negativePedalKey"":45,""invertPedalAxis"":false,""pressThreshold"":0.5,""releaseThreshold"":0.20000000298023225,""minimumIntervalSeconds"":5.0,""maximumIntervalSeconds"":10.0,""minimumValidReactionSeconds"":0.10000000149011612,""randomSeed"":-196575783}",,0,0.000000,0.682289,CorrectSidePress,1,0,0,-1,Correct,1,0.682289,384.190086,0.682289,0.000000,0,1,PlusMinusKeys,0,1
20261008T103449461Z_aa970ef5be5a434094358b737dd8f822,,,1,1,StimulusScheduled,Visual,2026-10-08T10:41:13.6632709Z,384.190466,379.009881,16251,6,0,CountingDown,0,0,1,45,Left,-1,,,,,0,0,-1.000000,TaskSwitchPedal,0,0.500000,0.200000,,0.100000,5.000000,10.000000,-196575783,382.447307,389.696591,,391.439749,,,,0,0,,,,,,Place,Place.PlacementLowering,1,"{""pedalAxisName"":""TaskSwitchPedal"",""usePlusMinusKeys"":true,""positivePedalKey"":61,""negativePedalKey"":45,""invertPedalAxis"":false,""pressThreshold"":0.5,""releaseThreshold"":0.20000000298023225,""minimumIntervalSeconds"":5.0,""maximumIntervalSeconds"":10.0,""minimumValidReactionSeconds"":0.10000000149011612,""randomSeed"":-196575783}",,0,0.000000,,CorrectSidePress,0,0,0,,,,,,,0.000000,0,1,PlusMinusKeys,0,1
20261008T103449461Z_aa970ef5be5a434094358b737dd8f822,,,1,1,StimulusOnsetObserved,Visual,2026-10-08T10:41:20.9258561Z,391.453755,386.274876,16526,6,1,OperatingTarget,0,0,1,45,Left,-1,,,,,1,0,0.000000,TaskSwitchPedal,0,0.500000,0.200000,,0.100000,5.000000,10.000000,-196575783,389.710596,389.696591,389.710596,391.439749,391.453755,0.014006,,1,0,6,1,OperatingTarget,Move2,Move2.DestinationCoarseMove,Move2,Move2.DestinationCoarseMove,1,"{""pedalAxisName"":""TaskSwitchPedal"",""usePlusMinusKeys"":true,""positivePedalKey"":61,""negativePedalKey"":45,""invertPedalAxis"":false,""pressThreshold"":0.5,""releaseThreshold"":0.20000000298023225,""minimumIntervalSeconds"":5.0,""maximumIntervalSeconds"":10.0,""minimumValidReactionSeconds"":0.10000000149011612,""randomSeed"":-196575783}",,0,0.000000,,CorrectSidePress,0,0,0,,,,,,,0.000000,0,0,Axis,0,1
20261008T103449461Z_aa970ef5be5a434094358b737dd8f822,,,1,1,PedalPressed,Visual,2026-10-08T10:41:22.6731100Z,393.200385,388.020106,16597,6,1,OperatingTarget,0,0,1,45,Left,-1,-1,Correct,1,1.746630,1,0,-1.000000,TaskSwitchPedal,0,0.500000,0.200000,,0.100000,5.000000,10.000000,-196575783,391.457226,389.696591,389.710596,391.439749,391.453755,0.014006,393.200385,1,0,6,1,OperatingTarget,Move2,Move2.DestinationCoarseMove,Move2,Move2.DestinationCoarseMove,1,"{""pedalAxisName"":""TaskSwitchPedal"",""usePlusMinusKeys"":true,""positivePedalKey"":61,""negativePedalKey"":45,""invertPedalAxis"":false,""pressThreshold"":0.5,""releaseThreshold"":0.20000000298023225,""minimumIntervalSeconds"":5.0,""maximumIntervalSeconds"":10.0,""minimumValidReactionSeconds"":0.10000000149011612,""randomSeed"":-196575783}",,0,0.000000,1.746630,CorrectSidePress,1,0,0,-1,Correct,1,1.746630,393.200385,1.746630,0.000000,0,1,PlusMinusKeys,0,1
20261008T103449461Z_aa970ef5be5a434094358b737dd8f822,,,1,1,TrialFinished,Visual,2026-10-08T10:41:22.6731100Z,393.200385,388.020106,16597,6,1,OperatingTarget,0,0,1,45,Left,-1,-1,Correct,1,1.746630,1,0,-1.000000,TaskSwitchPedal,0,0.500000,0.200000,,0.100000,5.000000,10.000000,-196575783,391.457226,389.696591,389.710596,391.439749,391.453755,0.014006,393.200385,0,0,6,1,OperatingTarget,Move2,Move2.DestinationCoarseMove,Move2,Move2.DestinationCoarseMove,1,"{""pedalAxisName"":""TaskSwitchPedal"",""usePlusMinusKeys"":true,""positivePedalKey"":61,""negativePedalKey"":45,""invertPedalAxis"":false,""pressThreshold"":0.5,""releaseThreshold"":0.20000000298023225,""minimumIntervalSeconds"":5.0,""maximumIntervalSeconds"":10.0,""minimumValidReactionSeconds"":0.10000000149011612,""randomSeed"":-196575783}",,0,0.000000,1.746630,CorrectSidePress,1,0,0,-1,Correct,1,1.746630,393.200385,1.746630,0.000000,0,1,PlusMinusKeys,0,1
20261008T103449461Z_aa970ef5be5a434094358b737dd8f822,,,1,1,StimulusScheduled,Visual,2026-10-08T10:41:22.6731100Z,393.200744,388.020106,16597,6,1,OperatingTarget,0,0,1,46,Right,1,,,,,0,0,-1.000000,TaskSwitchPedal,0,0.500000,0.200000,,0.100000,5.000000,10.000000,-196575783,391.457585,397.616220,,399.359379,,,,0,0,,,,,,Move2,Move2.DestinationCoarseMove,1,"{""pedalAxisName"":""TaskSwitchPedal"",""usePlusMinusKeys"":true,""positivePedalKey"":61,""negativePedalKey"":45,""invertPedalAxis"":false,""pressThreshold"":0.5,""releaseThreshold"":0.20000000298023225,""minimumIntervalSeconds"":5.0,""maximumIntervalSeconds"":10.0,""minimumValidReactionSeconds"":0.10000000149011612,""randomSeed"":-196575783}",,0,0.000000,,CorrectSidePress,0,0,0,,,,,,,0.000000,0,1,PlusMinusKeys,0,1
20261008T103449461Z_aa970ef5be5a434094358b737dd8f822,,,1,1,StimulusOnsetObserved,Visual,2026-10-08T10:41:28.8379278Z,399.365164,394.184406,16801,6,1,OperatingTarget,0,0,1,46,Right,1,,,,,1,0,0.000000,TaskSwitchPedal,0,0.500000,0.200000,,0.100000,5.000000,10.000000,-196575783,397.622005,397.616220,397.622005,399.359379,399.365164,0.005786,,0,1,6,1,OperatingTarget,Place,Place.PlacementLowering,Place,Place.PlacementLowering,1,"{""pedalAxisName"":""TaskSwitchPedal"",""usePlusMinusKeys"":true,""positivePedalKey"":61,""negativePedalKey"":45,""invertPedalAxis"":false,""pressThreshold"":0.5,""releaseThreshold"":0.20000000298023225,""minimumIntervalSeconds"":5.0,""maximumIntervalSeconds"":10.0,""minimumValidReactionSeconds"":0.10000000149011612,""randomSeed"":-196575783}",,0,0.000000,,CorrectSidePress,0,0,0,,,,,,,0.000000,0,0,Axis,0,1
20261008T103449461Z_aa970ef5be5a434094358b737dd8f822,,,1,1,PedalPressed,Visual,2026-10-08T10:41:29.6896864Z,400.216808,395.037222,16828,6,1,OperatingTarget,0,0,1,46,Right,1,1,Correct,1,0.851644,1,0,1.000000,TaskSwitchPedal,0,0.500000,0.200000,,0.100000,5.000000,10.000000,-196575783,398.473649,397.616220,397.622005,399.359379,399.365164,0.005786,400.216808,0,1,6,1,OperatingTarget,Place,Place.PlacementLowering,Place,Place.PlacementLowering,1,"{""pedalAxisName"":""TaskSwitchPedal"",""usePlusMinusKeys"":true,""positivePedalKey"":61,""negativePedalKey"":45,""invertPedalAxis"":false,""pressThreshold"":0.5,""releaseThreshold"":0.20000000298023225,""minimumIntervalSeconds"":5.0,""maximumIntervalSeconds"":10.0,""minimumValidReactionSeconds"":0.10000000149011612,""randomSeed"":-196575783}",,0,0.000000,0.851644,CorrectSidePress,1,0,0,1,Correct,1,0.851644,400.216808,0.851644,0.000000,1,0,PlusMinusKeys,0,1
20261008T103449461Z_aa970ef5be5a434094358b737dd8f822,,,1,1,TrialFinished,Visual,2026-10-08T10:41:29.6896864Z,400.216808,395.037222,16828,6,1,OperatingTarget,0,0,1,46,Right,1,1,Correct,1,0.851644,1,0,1.000000,TaskSwitchPedal,0,0.500000,0.200000,,0.100000,5.000000,10.000000,-196575783,398.473649,397.616220,397.622005,399.359379,399.365164,0.005786,400.216808,0,0,6,1,OperatingTarget,Place,Place.PlacementLowering,Place,Place.PlacementLowering,1,"{""pedalAxisName"":""TaskSwitchPedal"",""usePlusMinusKeys"":true,""positivePedalKey"":61,""negativePedalKey"":45,""invertPedalAxis"":false,""pressThreshold"":0.5,""releaseThreshold"":0.20000000298023225,""minimumIntervalSeconds"":5.0,""maximumIntervalSeconds"":10.0,""minimumValidReactionSeconds"":0.10000000149011612,""randomSeed"":-196575783}",,0,0.000000,0.851644,CorrectSidePress,1,0,0,1,Correct,1,0.851644,400.216808,0.851644,0.000000,1,0,PlusMinusKeys,0,1
20261008T103449461Z_aa970ef5be5a434094358b737dd8f822,,,1,1,StimulusScheduled,Visual,2026-10-08T10:41:29.6896864Z,400.217125,395.037222,16828,6,1,OperatingTarget,0,0,1,47,Right,1,,,,,0,0,1.000000,TaskSwitchPedal,0,0.500000,0.200000,,0.100000,5.000000,10.000000,-196575783,398.473966,408.145342,,409.888501,,,,0,0,,,,,,Place,Place.PlacementLowering,1,"{""pedalAxisName"":""TaskSwitchPedal"",""usePlusMinusKeys"":true,""positivePedalKey"":61,""negativePedalKey"":45,""invertPedalAxis"":false,""pressThreshold"":0.5,""releaseThreshold"":0.20000000298023225,""minimumIntervalSeconds"":5.0,""maximumIntervalSeconds"":10.0,""minimumValidReactionSeconds"":0.10000000149011612,""randomSeed"":-196575783}",,0,0.000000,,CorrectSidePress,0,0,0,,,,,,,0.000000,1,0,PlusMinusKeys,0,1
20261008T103449461Z_aa970ef5be5a434094358b737dd8f822,,,1,1,StimulusOnsetObserved,Visual,2026-10-08T10:41:39.3758737Z,409.904273,404.725449,17164,6,1,OperatingTarget,0,0,1,47,Right,1,,,,,1,0,0.000000,TaskSwitchPedal,0,0.500000,0.200000,,0.100000,5.000000,10.000000,-196575783,408.161113,408.145342,408.161113,409.888501,409.904273,0.015772,,0,1,6,1,OperatingTarget,Place,Place.PostPlacementRaising,Place,Place.PostPlacementRaising,1,"{""pedalAxisName"":""TaskSwitchPedal"",""usePlusMinusKeys"":true,""positivePedalKey"":61,""negativePedalKey"":45,""invertPedalAxis"":false,""pressThreshold"":0.5,""releaseThreshold"":0.20000000298023225,""minimumIntervalSeconds"":5.0,""maximumIntervalSeconds"":10.0,""minimumValidReactionSeconds"":0.10000000149011612,""randomSeed"":-196575783}",,0,0.000000,,CorrectSidePress,0,0,0,,,,,,,0.000000,0,0,Axis,0,1
20261008T103449461Z_aa970ef5be5a434094358b737dd8f822,,,1,1,PedalPressed,Visual,2026-10-08T10:41:40.2075062Z,410.734951,405.556151,17198,6,1,OperatingTarget,0,0,1,47,Right,1,1,Correct,1,0.830678,1,0,1.000000,TaskSwitchPedal,0,0.500000,0.200000,,0.100000,5.000000,10.000000,-196575783,408.991791,408.145342,408.161113,409.888501,409.904273,0.015772,410.734951,0,1,6,1,OperatingTarget,Place,Place.PostPlacementRaising,Place,Place.PostPlacementRaising,1,"{""pedalAxisName"":""TaskSwitchPedal"",""usePlusMinusKeys"":true,""positivePedalKey"":61,""negativePedalKey"":45,""invertPedalAxis"":false,""pressThreshold"":0.5,""releaseThreshold"":0.20000000298023225,""minimumIntervalSeconds"":5.0,""maximumIntervalSeconds"":10.0,""minimumValidReactionSeconds"":0.10000000149011612,""randomSeed"":-196575783}",,0,0.000000,0.830678,CorrectSidePress,1,0,0,1,Correct,1,0.830678,410.734951,0.830678,0.000000,1,0,PlusMinusKeys,0,1
20261008T103449461Z_aa970ef5be5a434094358b737dd8f822,,,1,1,TrialFinished,Visual,2026-10-08T10:41:40.2080118Z,410.734951,405.556151,17198,6,1,OperatingTarget,0,0,1,47,Right,1,1,Correct,1,0.830678,1,0,1.000000,TaskSwitchPedal,0,0.500000,0.200000,,0.100000,5.000000,10.000000,-196575783,408.991791,408.145342,408.161113,409.888501,409.904273,0.015772,410.734951,0,0,6,1,OperatingTarget,Place,Place.PostPlacementRaising,Place,Place.PostPlacementRaising,1,"{""pedalAxisName"":""TaskSwitchPedal"",""usePlusMinusKeys"":true,""positivePedalKey"":61,""negativePedalKey"":45,""invertPedalAxis"":false,""pressThreshold"":0.5,""releaseThreshold"":0.20000000298023225,""minimumIntervalSeconds"":5.0,""maximumIntervalSeconds"":10.0,""minimumValidReactionSeconds"":0.10000000149011612,""randomSeed"":-196575783}",,0,0.000000,0.830678,CorrectSidePress,1,0,0,1,Correct,1,0.830678,410.734951,0.830678,0.000000,1,0,PlusMinusKeys,0,1
20261008T103449461Z_aa970ef5be5a434094358b737dd8f822,,,1,1,StimulusScheduled,Visual,2026-10-08T10:41:40.2080118Z,410.735473,405.556151,17198,6,1,OperatingTarget,0,0,1,48,Right,1,,,,,0,0,1.000000,TaskSwitchPedal,0,0.500000,0.200000,,0.100000,5.000000,10.000000,-196575783,408.992314,416.189523,,417.932683,,,,0,0,,,,,,Place,Place.PostPlacementRaising,1,"{""pedalAxisName"":""TaskSwitchPedal"",""usePlusMinusKeys"":true,""positivePedalKey"":61,""negativePedalKey"":45,""invertPedalAxis"":false,""pressThreshold"":0.5,""releaseThreshold"":0.20000000298023225,""minimumIntervalSeconds"":5.0,""maximumIntervalSeconds"":10.0,""minimumValidReactionSeconds"":0.10000000149011612,""randomSeed"":-196575783}",,0,0.000000,,CorrectSidePress,0,0,0,,,,,,,0.000000,1,0,PlusMinusKeys,0,1
20261008T103449461Z_aa970ef5be5a434094358b737dd8f822,,,1,1,StimulusOnsetObserved,Visual,2026-10-08T10:41:47.4050869Z,417.932776,412.753464,17509,6,0,OperatingSource,0,0,1,48,Right,1,,,,,1,0,0.000000,TaskSwitchPedal,0,0.500000,0.200000,,0.100000,5.000000,10.000000,-196575783,416.189616,416.189523,416.189616,417.932683,417.932776,0.000092,,0,1,6,0,OperatingSource,Place,Place.PostPlacementRaising,Place,Place.PostPlacementRaising,1,"{""pedalAxisName"":""TaskSwitchPedal"",""usePlusMinusKeys"":true,""positivePedalKey"":61,""negativePedalKey"":45,""invertPedalAxis"":false,""pressThreshold"":0.5,""releaseThreshold"":0.20000000298023225,""minimumIntervalSeconds"":5.0,""maximumIntervalSeconds"":10.0,""minimumValidReactionSeconds"":0.10000000149011612,""randomSeed"":-196575783}",,0,0.000000,,CorrectSidePress,0,0,0,,,,,,,0.000000,0,0,Axis,0,1
20261008T103449461Z_aa970ef5be5a434094358b737dd8f822,,,1,1,PedalPressed,Visual,2026-10-08T10:41:48.2934729Z,418.821691,413.643034,17548,6,0,OperatingSource,0,0,1,48,Right,1,1,Correct,1,0.888916,1,0,1.000000,TaskSwitchPedal,0,0.500000,0.200000,,0.100000,5.000000,10.000000,-196575783,417.078532,416.189523,416.189616,417.932683,417.932776,0.000092,418.821691,0,1,6,0,OperatingSource,Place,Place.PostPlacementRaising,Place,Place.PostPlacementRaising,1,"{""pedalAxisName"":""TaskSwitchPedal"",""usePlusMinusKeys"":true,""positivePedalKey"":61,""negativePedalKey"":45,""invertPedalAxis"":false,""pressThreshold"":0.5,""releaseThreshold"":0.20000000298023225,""minimumIntervalSeconds"":5.0,""maximumIntervalSeconds"":10.0,""minimumValidReactionSeconds"":0.10000000149011612,""randomSeed"":-196575783}",,0,0.000000,0.888916,CorrectSidePress,1,0,0,1,Correct,1,0.888916,418.821691,0.888916,0.000000,1,0,PlusMinusKeys,0,1
20261008T103449461Z_aa970ef5be5a434094358b737dd8f822,,,1,1,TrialFinished,Visual,2026-10-08T10:41:48.2934729Z,418.821691,413.643034,17548,6,0,OperatingSource,0,0,1,48,Right,1,1,Correct,1,0.888916,1,0,1.000000,TaskSwitchPedal,0,0.500000,0.200000,,0.100000,5.000000,10.000000,-196575783,417.078532,416.189523,416.189616,417.932683,417.932776,0.000092,418.821691,0,0,6,0,OperatingSource,Place,Place.PostPlacementRaising,Place,Place.PostPlacementRaising,1,"{""pedalAxisName"":""TaskSwitchPedal"",""usePlusMinusKeys"":true,""positivePedalKey"":61,""negativePedalKey"":45,""invertPedalAxis"":false,""pressThreshold"":0.5,""releaseThreshold"":0.20000000298023225,""minimumIntervalSeconds"":5.0,""maximumIntervalSeconds"":10.0,""minimumValidReactionSeconds"":0.10000000149011612,""randomSeed"":-196575783}",,0,0.000000,0.888916,CorrectSidePress,1,0,0,1,Correct,1,0.888916,418.821691,0.888916,0.000000,1,0,PlusMinusKeys,0,1
20261008T103449461Z_aa970ef5be5a434094358b737dd8f822,,,1,1,StimulusScheduled,Visual,2026-10-08T10:41:48.2948728Z,418.822041,413.643034,17548,6,0,OperatingSource,0,0,1,49,Left,-1,,,,,0,0,1.000000,TaskSwitchPedal,0,0.500000,0.200000,,0.100000,5.000000,10.000000,-196575783,417.078882,426.553402,,428.296561,,,,0,0,,,,,,Place,Place.PostPlacementRaising,1,"{""pedalAxisName"":""TaskSwitchPedal"",""usePlusMinusKeys"":true,""positivePedalKey"":61,""negativePedalKey"":45,""invertPedalAxis"":false,""pressThreshold"":0.5,""releaseThreshold"":0.20000000298023225,""minimumIntervalSeconds"":5.0,""maximumIntervalSeconds"":10.0,""minimumValidReactionSeconds"":0.10000000149011612,""randomSeed"":-196575783}",,0,0.000000,,CorrectSidePress,0,0,0,,,,,,,0.000000,1,0,PlusMinusKeys,0,1
20261008T103449461Z_aa970ef5be5a434094358b737dd8f822,,,1,1,StimulusOnsetObserved,Visual,2026-10-08T10:41:57.7812195Z,428.309773,423.130140,17969,7,0,CountingDown,0,0,1,49,Left,-1,,,,,1,0,0.000000,TaskSwitchPedal,0,0.500000,0.200000,,0.100000,5.000000,10.000000,-196575783,426.566614,426.553402,426.566614,428.296561,428.309773,0.013212,,1,0,7,0,CountingDown,Move1,Move1.PickupCoarseMove,Move1,Move1.PickupCoarseMove,1,"{""pedalAxisName"":""TaskSwitchPedal"",""usePlusMinusKeys"":true,""positivePedalKey"":61,""negativePedalKey"":45,""invertPedalAxis"":false,""pressThreshold"":0.5,""releaseThreshold"":0.20000000298023225,""minimumIntervalSeconds"":5.0,""maximumIntervalSeconds"":10.0,""minimumValidReactionSeconds"":0.10000000149011612,""randomSeed"":-196575783}",,0,0.000000,,CorrectSidePress,0,0,0,,,,,,,0.000000,0,0,Axis,0,1
20261008T103449461Z_aa970ef5be5a434094358b737dd8f822,,,1,1,PedalPressed,Visual,2026-10-08T10:41:58.4300099Z,428.957326,423.778524,18002,7,0,CountingDown,0,0,1,49,Left,-1,-1,Correct,1,0.647553,1,0,-1.000000,TaskSwitchPedal,0,0.500000,0.200000,,0.100000,5.000000,10.000000,-196575783,427.214166,426.553402,426.566614,428.296561,428.309773,0.013212,428.957326,1,0,7,0,CountingDown,Move1,Move1.PickupCoarseMove,Move1,Move1.PickupCoarseMove,1,"{""pedalAxisName"":""TaskSwitchPedal"",""usePlusMinusKeys"":true,""positivePedalKey"":61,""negativePedalKey"":45,""invertPedalAxis"":false,""pressThreshold"":0.5,""releaseThreshold"":0.20000000298023225,""minimumIntervalSeconds"":5.0,""maximumIntervalSeconds"":10.0,""minimumValidReactionSeconds"":0.10000000149011612,""randomSeed"":-196575783}",,0,0.000000,0.647553,CorrectSidePress,1,0,0,-1,Correct,1,0.647553,428.957326,0.647553,0.000000,0,1,PlusMinusKeys,0,1
20261008T103449461Z_aa970ef5be5a434094358b737dd8f822,,,1,1,TrialFinished,Visual,2026-10-08T10:41:58.4300099Z,428.957326,423.778524,18002,7,0,CountingDown,0,0,1,49,Left,-1,-1,Correct,1,0.647553,1,0,-1.000000,TaskSwitchPedal,0,0.500000,0.200000,,0.100000,5.000000,10.000000,-196575783,427.214166,426.553402,426.566614,428.296561,428.309773,0.013212,428.957326,0,0,7,0,CountingDown,Move1,Move1.PickupCoarseMove,Move1,Move1.PickupCoarseMove,1,"{""pedalAxisName"":""TaskSwitchPedal"",""usePlusMinusKeys"":true,""positivePedalKey"":61,""negativePedalKey"":45,""invertPedalAxis"":false,""pressThreshold"":0.5,""releaseThreshold"":0.20000000298023225,""minimumIntervalSeconds"":5.0,""maximumIntervalSeconds"":10.0,""minimumValidReactionSeconds"":0.10000000149011612,""randomSeed"":-196575783}",,0,0.000000,0.647553,CorrectSidePress,1,0,0,-1,Correct,1,0.647553,428.957326,0.647553,0.000000,0,1,PlusMinusKeys,0,1
20261008T103449461Z_aa970ef5be5a434094358b737dd8f822,,,1,1,StimulusScheduled,Visual,2026-10-08T10:41:58.4300099Z,428.957672,423.778524,18002,7,0,CountingDown,0,0,1,50,Left,-1,,,,,0,0,-1.000000,TaskSwitchPedal,0,0.500000,0.200000,,0.100000,5.000000,10.000000,-196575783,427.214513,432.790730,,434.533889,,,,0,0,,,,,,Move1,Move1.PickupCoarseMove,1,"{""pedalAxisName"":""TaskSwitchPedal"",""usePlusMinusKeys"":true,""positivePedalKey"":61,""negativePedalKey"":45,""invertPedalAxis"":false,""pressThreshold"":0.5,""releaseThreshold"":0.20000000298023225,""minimumIntervalSeconds"":5.0,""maximumIntervalSeconds"":10.0,""minimumValidReactionSeconds"":0.10000000149011612,""randomSeed"":-196575783}",,0,0.000000,,CorrectSidePress,0,0,0,,,,,,,0.000000,0,1,PlusMinusKeys,0,1
20261008T103449461Z_aa970ef5be5a434094358b737dd8f822,,,1,1,StimulusOnsetObserved,Visual,2026-10-08T10:42:04.0184401Z,434.545702,429.366424,18245,7,1,OperatingTarget,0,0,1,50,Left,-1,,,,,1,0,0.000000,TaskSwitchPedal,0,0.500000,0.200000,,0.100000,5.000000,10.000000,-196575783,432.802542,432.790730,432.802542,434.533889,434.545702,0.011813,,1,0,7,1,OperatingTarget,Move1,Move1.PickupCoarseMove,Move1,Move1.PickupCoarseMove,1,"{""pedalAxisName"":""TaskSwitchPedal"",""usePlusMinusKeys"":true,""positivePedalKey"":61,""negativePedalKey"":45,""invertPedalAxis"":false,""pressThreshold"":0.5,""releaseThreshold"":0.20000000298023225,""minimumIntervalSeconds"":5.0,""maximumIntervalSeconds"":10.0,""minimumValidReactionSeconds"":0.10000000149011612,""randomSeed"":-196575783}",,0,0.000000,,CorrectSidePress,0,0,0,,,,,,,0.000000,0,0,Axis,0,1
20261008T103449461Z_aa970ef5be5a434094358b737dd8f822,,,1,1,PedalPressed,Visual,2026-10-08T10:42:05.0333865Z,435.560830,430.381308,18287,7,1,OperatingTarget,0,0,1,50,Left,-1,-1,Correct,1,1.015128,1,0,-1.000000,TaskSwitchPedal,0,0.500000,0.200000,,0.100000,5.000000,10.000000,-196575783,433.817671,432.790730,432.802542,434.533889,434.545702,0.011813,435.560830,1,0,7,1,OperatingTarget,Move1,Move1.PickupCoarseMove,Move1,Move1.PickupCoarseMove,1,"{""pedalAxisName"":""TaskSwitchPedal"",""usePlusMinusKeys"":true,""positivePedalKey"":61,""negativePedalKey"":45,""invertPedalAxis"":false,""pressThreshold"":0.5,""releaseThreshold"":0.20000000298023225,""minimumIntervalSeconds"":5.0,""maximumIntervalSeconds"":10.0,""minimumValidReactionSeconds"":0.10000000149011612,""randomSeed"":-196575783}",,0,0.000000,1.015128,CorrectSidePress,1,0,0,-1,Correct,1,1.015128,435.560830,1.015128,0.000000,0,1,PlusMinusKeys,0,1
20261008T103449461Z_aa970ef5be5a434094358b737dd8f822,,,1,1,TrialFinished,Visual,2026-10-08T10:42:05.0333865Z,435.560830,430.381308,18287,7,1,OperatingTarget,0,0,1,50,Left,-1,-1,Correct,1,1.015128,1,0,-1.000000,TaskSwitchPedal,0,0.500000,0.200000,,0.100000,5.000000,10.000000,-196575783,433.817671,432.790730,432.802542,434.533889,434.545702,0.011813,435.560830,0,0,7,1,OperatingTarget,Move1,Move1.PickupCoarseMove,Move1,Move1.PickupCoarseMove,1,"{""pedalAxisName"":""TaskSwitchPedal"",""usePlusMinusKeys"":true,""positivePedalKey"":61,""negativePedalKey"":45,""invertPedalAxis"":false,""pressThreshold"":0.5,""releaseThreshold"":0.20000000298023225,""minimumIntervalSeconds"":5.0,""maximumIntervalSeconds"":10.0,""minimumValidReactionSeconds"":0.10000000149011612,""randomSeed"":-196575783}",,0,0.000000,1.015128,CorrectSidePress,1,0,0,-1,Correct,1,1.015128,435.560830,1.015128,0.000000,0,1,PlusMinusKeys,0,1
20261008T103449461Z_aa970ef5be5a434094358b737dd8f822,,,1,1,StimulusScheduled,Visual,2026-10-08T10:42:05.0333865Z,435.561245,430.381308,18287,7,1,OperatingTarget,0,0,1,51,Left,-1,,,,,0,0,-1.000000,TaskSwitchPedal,0,0.500000,0.200000,,0.100000,5.000000,10.000000,-196575783,433.818086,443.020484,,444.763643,,,,0,0,,,,,,Move1,Move1.PickupCoarseMove,1,"{""pedalAxisName"":""TaskSwitchPedal"",""usePlusMinusKeys"":true,""positivePedalKey"":61,""negativePedalKey"":45,""invertPedalAxis"":false,""pressThreshold"":0.5,""releaseThreshold"":0.20000000298023225,""minimumIntervalSeconds"":5.0,""maximumIntervalSeconds"":10.0,""minimumValidReactionSeconds"":0.10000000149011612,""randomSeed"":-196575783}",,0,0.000000,,CorrectSidePress,0,0,0,,,,,,,0.000000,0,1,PlusMinusKeys,0,1
20261008T103449461Z_aa970ef5be5a434094358b737dd8f822,,,1,1,StimulusOnsetObserved,Visual,2026-10-08T10:42:14.2400989Z,444.767520,439.588001,18677,7,1,OperatingTarget,0,0,1,51,Left,-1,,,,,1,0,0.000000,TaskSwitchPedal,0,0.500000,0.200000,,0.100000,5.000000,10.000000,-196575783,443.024361,443.020484,443.024361,444.763643,444.767520,0.003876,,1,0,7,1,OperatingTarget,LiftUp,LiftUp.PickupLowering,LiftUp,LiftUp.PickupLowering,1,"{""pedalAxisName"":""TaskSwitchPedal"",""usePlusMinusKeys"":true,""positivePedalKey"":61,""negativePedalKey"":45,""invertPedalAxis"":false,""pressThreshold"":0.5,""releaseThreshold"":0.20000000298023225,""minimumIntervalSeconds"":5.0,""maximumIntervalSeconds"":10.0,""minimumValidReactionSeconds"":0.10000000149011612,""randomSeed"":-196575783}",,0,0.000000,,CorrectSidePress,0,0,0,,,,,,,0.000000,0,0,Axis,0,1
20261008T103449461Z_aa970ef5be5a434094358b737dd8f822,,,1,1,PedalPressed,Visual,2026-10-08T10:42:14.8207018Z,445.348177,440.168314,18694,7,1,OperatingTarget,0,0,1,51,Left,-1,-1,Correct,1,0.580657,1,0,-1.000000,TaskSwitchPedal,0,0.500000,0.200000,,0.100000,5.000000,10.000000,-196575783,443.605018,443.020484,443.024361,444.763643,444.767520,0.003876,445.348177,1,0,7,1,OperatingTarget,LiftUp,LiftUp.PickupLowering,LiftUp,LiftUp.PickupLowering,1,"{""pedalAxisName"":""TaskSwitchPedal"",""usePlusMinusKeys"":true,""positivePedalKey"":61,""negativePedalKey"":45,""invertPedalAxis"":false,""pressThreshold"":0.5,""releaseThreshold"":0.20000000298023225,""minimumIntervalSeconds"":5.0,""maximumIntervalSeconds"":10.0,""minimumValidReactionSeconds"":0.10000000149011612,""randomSeed"":-196575783}",,0,0.000000,0.580657,CorrectSidePress,1,0,0,-1,Correct,1,0.580657,445.348177,0.580657,0.000000,0,1,PlusMinusKeys,0,1
20261008T103449461Z_aa970ef5be5a434094358b737dd8f822,,,1,1,TrialFinished,Visual,2026-10-08T10:42:14.8212098Z,445.348177,440.168314,18694,7,1,OperatingTarget,0,0,1,51,Left,-1,-1,Correct,1,0.580657,1,0,-1.000000,TaskSwitchPedal,0,0.500000,0.200000,,0.100000,5.000000,10.000000,-196575783,443.605018,443.020484,443.024361,444.763643,444.767520,0.003876,445.348177,0,0,7,1,OperatingTarget,LiftUp,LiftUp.PickupLowering,LiftUp,LiftUp.PickupLowering,1,"{""pedalAxisName"":""TaskSwitchPedal"",""usePlusMinusKeys"":true,""positivePedalKey"":61,""negativePedalKey"":45,""invertPedalAxis"":false,""pressThreshold"":0.5,""releaseThreshold"":0.20000000298023225,""minimumIntervalSeconds"":5.0,""maximumIntervalSeconds"":10.0,""minimumValidReactionSeconds"":0.10000000149011612,""randomSeed"":-196575783}",,0,0.000000,0.580657,CorrectSidePress,1,0,0,-1,Correct,1,0.580657,445.348177,0.580657,0.000000,0,1,PlusMinusKeys,0,1
20261008T103449461Z_aa970ef5be5a434094358b737dd8f822,,,1,1,StimulusScheduled,Visual,2026-10-08T10:42:14.8212098Z,445.348681,440.168314,18694,7,1,OperatingTarget,0,0,1,52,Left,-1,,,,,0,0,-1.000000,TaskSwitchPedal,0,0.500000,0.200000,,0.100000,5.000000,10.000000,-196575783,443.605522,451.591117,,453.334276,,,,0,0,,,,,,LiftUp,LiftUp.PickupLowering,1,"{""pedalAxisName"":""TaskSwitchPedal"",""usePlusMinusKeys"":true,""positivePedalKey"":61,""negativePedalKey"":45,""invertPedalAxis"":false,""pressThreshold"":0.5,""releaseThreshold"":0.20000000298023225,""minimumIntervalSeconds"":5.0,""maximumIntervalSeconds"":10.0,""minimumValidReactionSeconds"":0.10000000149011612,""randomSeed"":-196575783}",,0,0.000000,,CorrectSidePress,0,0,0,,,,,,,0.000000,0,1,PlusMinusKeys,0,1
20261008T103449461Z_aa970ef5be5a434094358b737dd8f822,,,1,1,StimulusOnsetObserved,Visual,2026-10-08T10:42:22.8205642Z,453.348295,448.168860,18960,7,1,OperatingTarget,0,0,1,52,Left,-1,,,,,1,0,0.000000,TaskSwitchPedal,0,0.500000,0.200000,,0.100000,5.000000,10.000000,-196575783,451.605135,451.591117,451.605135,453.334276,453.348295,0.014019,,1,0,7,1,OperatingTarget,LiftUp,LiftUp.LoadedRaising,LiftUp,LiftUp.LoadedRaising,1,"{""pedalAxisName"":""TaskSwitchPedal"",""usePlusMinusKeys"":true,""positivePedalKey"":61,""negativePedalKey"":45,""invertPedalAxis"":false,""pressThreshold"":0.5,""releaseThreshold"":0.20000000298023225,""minimumIntervalSeconds"":5.0,""maximumIntervalSeconds"":10.0,""minimumValidReactionSeconds"":0.10000000149011612,""randomSeed"":-196575783}",,0,0.000000,,CorrectSidePress,0,0,0,,,,,,,0.000000,0,0,Axis,0,1
20261008T103449461Z_aa970ef5be5a434094358b737dd8f822,,,1,1,PedalPressed,Visual,2026-10-08T10:42:23.5225474Z,454.050558,448.871365,18984,7,1,OperatingTarget,0,0,1,52,Left,-1,-1,Correct,1,0.702263,1,0,-1.000000,TaskSwitchPedal,0,0.500000,0.200000,,0.100000,5.000000,10.000000,-196575783,452.307399,451.591117,451.605135,453.334276,453.348295,0.014019,454.050558,1,0,7,1,OperatingTarget,LiftUp,LiftUp.LoadedRaising,LiftUp,LiftUp.LoadedRaising,1,"{""pedalAxisName"":""TaskSwitchPedal"",""usePlusMinusKeys"":true,""positivePedalKey"":61,""negativePedalKey"":45,""invertPedalAxis"":false,""pressThreshold"":0.5,""releaseThreshold"":0.20000000298023225,""minimumIntervalSeconds"":5.0,""maximumIntervalSeconds"":10.0,""minimumValidReactionSeconds"":0.10000000149011612,""randomSeed"":-196575783}",,0,0.000000,0.702263,CorrectSidePress,1,0,0,-1,Correct,1,0.702263,454.050558,0.702263,0.000000,0,1,PlusMinusKeys,0,1
20261008T103449461Z_aa970ef5be5a434094358b737dd8f822,,,1,1,TrialFinished,Visual,2026-10-08T10:42:23.5235559Z,454.050558,448.871365,18984,7,1,OperatingTarget,0,0,1,52,Left,-1,-1,Correct,1,0.702263,1,0,-1.000000,TaskSwitchPedal,0,0.500000,0.200000,,0.100000,5.000000,10.000000,-196575783,452.307399,451.591117,451.605135,453.334276,453.348295,0.014019,454.050558,0,0,7,1,OperatingTarget,LiftUp,LiftUp.LoadedRaising,LiftUp,LiftUp.LoadedRaising,1,"{""pedalAxisName"":""TaskSwitchPedal"",""usePlusMinusKeys"":true,""positivePedalKey"":61,""negativePedalKey"":45,""invertPedalAxis"":false,""pressThreshold"":0.5,""releaseThreshold"":0.20000000298023225,""minimumIntervalSeconds"":5.0,""maximumIntervalSeconds"":10.0,""minimumValidReactionSeconds"":0.10000000149011612,""randomSeed"":-196575783}",,0,0.000000,0.702263,CorrectSidePress,1,0,0,-1,Correct,1,0.702263,454.050558,0.702263,0.000000,0,1,PlusMinusKeys,0,1
20261008T103449461Z_aa970ef5be5a434094358b737dd8f822,,,1,1,StimulusScheduled,Visual,2026-10-08T10:42:23.5235559Z,454.050913,448.871365,18984,7,1,OperatingTarget,0,0,1,53,Left,-1,,,,,0,0,-1.000000,TaskSwitchPedal,0,0.500000,0.200000,,0.100000,5.000000,10.000000,-196575783,452.307754,457.788581,,459.531740,,,,0,0,,,,,,LiftUp,LiftUp.LoadedRaising,1,"{""pedalAxisName"":""TaskSwitchPedal"",""usePlusMinusKeys"":true,""positivePedalKey"":61,""negativePedalKey"":45,""invertPedalAxis"":false,""pressThreshold"":0.5,""releaseThreshold"":0.20000000298023225,""minimumIntervalSeconds"":5.0,""maximumIntervalSeconds"":10.0,""minimumValidReactionSeconds"":0.10000000149011612,""randomSeed"":-196575783}",,0,0.000000,,CorrectSidePress,0,0,0,,,,,,,0.000000,0,1,PlusMinusKeys,0,1
20261008T103449461Z_aa970ef5be5a434094358b737dd8f822,,,1,1,StimulusOnsetObserved,Visual,2026-10-08T10:42:29.0221486Z,459.550213,454.370681,19170,7,0,OperatingSource,0,0,1,53,Left,-1,,,,,1,0,0.000000,TaskSwitchPedal,0,0.500000,0.200000,,0.100000,5.000000,10.000000,-196575783,457.807054,457.788581,457.807054,459.531740,459.550213,0.018473,,1,0,7,0,OperatingSource,Move1,Move1.PickupCoarseMove,Move1,Move1.PickupCoarseMove,1,"{""pedalAxisName"":""TaskSwitchPedal"",""usePlusMinusKeys"":true,""positivePedalKey"":61,""negativePedalKey"":45,""invertPedalAxis"":false,""pressThreshold"":0.5,""releaseThreshold"":0.20000000298023225,""minimumIntervalSeconds"":5.0,""maximumIntervalSeconds"":10.0,""minimumValidReactionSeconds"":0.10000000149011612,""randomSeed"":-196575783}",,0,0.000000,,CorrectSidePress,0,0,0,,,,,,,0.000000,0,0,Axis,0,1
20261008T103449461Z_aa970ef5be5a434094358b737dd8f822,,,1,1,PedalPressed,Visual,2026-10-08T10:42:30.7078840Z,461.235811,456.057027,19236,7,0,OperatingSource,0,0,1,53,Left,-1,-1,Correct,1,1.685598,1,0,-1.000000,TaskSwitchPedal,0,0.500000,0.200000,,0.100000,5.000000,10.000000,-196575783,459.492652,457.788581,457.807054,459.531740,459.550213,0.018473,461.235811,1,0,7,0,OperatingSource,Move1,Move1.PickupCoarseMove,Move1,Move1.PickupCoarseMove,1,"{""pedalAxisName"":""TaskSwitchPedal"",""usePlusMinusKeys"":true,""positivePedalKey"":61,""negativePedalKey"":45,""invertPedalAxis"":false,""pressThreshold"":0.5,""releaseThreshold"":0.20000000298023225,""minimumIntervalSeconds"":5.0,""maximumIntervalSeconds"":10.0,""minimumValidReactionSeconds"":0.10000000149011612,""randomSeed"":-196575783}",,0,0.000000,1.685598,CorrectSidePress,1,0,0,-1,Correct,1,1.685598,461.235811,1.685598,0.000000,0,1,PlusMinusKeys,0,1
20261008T103449461Z_aa970ef5be5a434094358b737dd8f822,,,1,1,TrialFinished,Visual,2026-10-08T10:42:30.7078840Z,461.235811,456.057027,19236,7,0,OperatingSource,0,0,1,53,Left,-1,-1,Correct,1,1.685598,1,0,-1.000000,TaskSwitchPedal,0,0.500000,0.200000,,0.100000,5.000000,10.000000,-196575783,459.492652,457.788581,457.807054,459.531740,459.550213,0.018473,461.235811,0,0,7,0,OperatingSource,Move1,Move1.PickupCoarseMove,Move1,Move1.PickupCoarseMove,1,"{""pedalAxisName"":""TaskSwitchPedal"",""usePlusMinusKeys"":true,""positivePedalKey"":61,""negativePedalKey"":45,""invertPedalAxis"":false,""pressThreshold"":0.5,""releaseThreshold"":0.20000000298023225,""minimumIntervalSeconds"":5.0,""maximumIntervalSeconds"":10.0,""minimumValidReactionSeconds"":0.10000000149011612,""randomSeed"":-196575783}",,0,0.000000,1.685598,CorrectSidePress,1,0,0,-1,Correct,1,1.685598,461.235811,1.685598,0.000000,0,1,PlusMinusKeys,0,1
20261008T103449461Z_aa970ef5be5a434094358b737dd8f822,,,1,1,StimulusScheduled,Visual,2026-10-08T10:42:30.7088755Z,461.236168,456.057027,19236,7,0,OperatingSource,0,0,1,54,Right,1,,,,,0,0,-1.000000,TaskSwitchPedal,0,0.500000,0.200000,,0.100000,5.000000,10.000000,-196575783,459.493009,467.788836,,469.531995,,,,0,0,,,,,,Move1,Move1.PickupCoarseMove,1,"{""pedalAxisName"":""TaskSwitchPedal"",""usePlusMinusKeys"":true,""positivePedalKey"":61,""negativePedalKey"":45,""invertPedalAxis"":false,""pressThreshold"":0.5,""releaseThreshold"":0.20000000298023225,""minimumIntervalSeconds"":5.0,""maximumIntervalSeconds"":10.0,""minimumValidReactionSeconds"":0.10000000149011612,""randomSeed"":-196575783}",,0,0.000000,,CorrectSidePress,0,0,0,,,,,,,0.000000,0,1,PlusMinusKeys,0,1
20261008T103449461Z_aa970ef5be5a434094358b737dd8f822,,,1,1,StimulusOnsetObserved,Visual,2026-10-08T10:42:39.0195620Z,469.548265,464.368839,19551,7,0,OperatingSource,0,0,1,54,Right,1,,,,,1,0,0.000000,TaskSwitchPedal,0,0.500000,0.200000,,0.100000,5.000000,10.000000,-196575783,467.805106,467.788836,467.805106,469.531995,469.548265,0.016270,,0,1,7,0,OperatingSource,LiftUp,LiftUp.PickupLowering,LiftUp,LiftUp.PickupLowering,1,"{""pedalAxisName"":""TaskSwitchPedal"",""usePlusMinusKeys"":true,""positivePedalKey"":61,""negativePedalKey"":45,""invertPedalAxis"":false,""pressThreshold"":0.5,""releaseThreshold"":0.20000000298023225,""minimumIntervalSeconds"":5.0,""maximumIntervalSeconds"":10.0,""minimumValidReactionSeconds"":0.10000000149011612,""randomSeed"":-196575783}",,0,0.000000,,CorrectSidePress,0,0,0,,,,,,,0.000000,0,0,Axis,0,1
20261008T103449461Z_aa970ef5be5a434094358b737dd8f822,,,1,1,PedalPressed,Visual,2026-10-08T10:42:39.5001280Z,470.027396,464.847889,19565,7,0,OperatingSource,0,0,1,54,Right,1,1,Correct,1,0.479131,1,0,1.000000,TaskSwitchPedal,0,0.500000,0.200000,,0.100000,5.000000,10.000000,-196575783,468.284236,467.788836,467.805106,469.531995,469.548265,0.016270,470.027396,0,1,7,0,OperatingSource,LiftUp,LiftUp.PickupLowering,LiftUp,LiftUp.PickupLowering,1,"{""pedalAxisName"":""TaskSwitchPedal"",""usePlusMinusKeys"":true,""positivePedalKey"":61,""negativePedalKey"":45,""invertPedalAxis"":false,""pressThreshold"":0.5,""releaseThreshold"":0.20000000298023225,""minimumIntervalSeconds"":5.0,""maximumIntervalSeconds"":10.0,""minimumValidReactionSeconds"":0.10000000149011612,""randomSeed"":-196575783}",,0,0.000000,0.479131,CorrectSidePress,1,0,0,1,Correct,1,0.479131,470.027396,0.479131,0.000000,1,0,PlusMinusKeys,0,1
20261008T103449461Z_aa970ef5be5a434094358b737dd8f822,,,1,1,TrialFinished,Visual,2026-10-08T10:42:39.5001280Z,470.027396,464.847889,19565,7,0,OperatingSource,0,0,1,54,Right,1,1,Correct,1,0.479131,1,0,1.000000,TaskSwitchPedal,0,0.500000,0.200000,,0.100000,5.000000,10.000000,-196575783,468.284236,467.788836,467.805106,469.531995,469.548265,0.016270,470.027396,0,0,7,0,OperatingSource,LiftUp,LiftUp.PickupLowering,LiftUp,LiftUp.PickupLowering,1,"{""pedalAxisName"":""TaskSwitchPedal"",""usePlusMinusKeys"":true,""positivePedalKey"":61,""negativePedalKey"":45,""invertPedalAxis"":false,""pressThreshold"":0.5,""releaseThreshold"":0.20000000298023225,""minimumIntervalSeconds"":5.0,""maximumIntervalSeconds"":10.0,""minimumValidReactionSeconds"":0.10000000149011612,""randomSeed"":-196575783}",,0,0.000000,0.479131,CorrectSidePress,1,0,0,1,Correct,1,0.479131,470.027396,0.479131,0.000000,1,0,PlusMinusKeys,0,1
20261008T103449461Z_aa970ef5be5a434094358b737dd8f822,,,1,1,StimulusScheduled,Visual,2026-10-08T10:42:39.5001280Z,470.027777,464.847889,19565,7,0,OperatingSource,0,0,1,55,Left,-1,,,,,0,0,1.000000,TaskSwitchPedal,0,0.500000,0.200000,,0.100000,5.000000,10.000000,-196575783,468.284618,476.253570,,477.996729,,,,0,0,,,,,,LiftUp,LiftUp.PickupLowering,1,"{""pedalAxisName"":""TaskSwitchPedal"",""usePlusMinusKeys"":true,""positivePedalKey"":61,""negativePedalKey"":45,""invertPedalAxis"":false,""pressThreshold"":0.5,""releaseThreshold"":0.20000000298023225,""minimumIntervalSeconds"":5.0,""maximumIntervalSeconds"":10.0,""minimumValidReactionSeconds"":0.10000000149011612,""randomSeed"":-196575783}",,0,0.000000,,CorrectSidePress,0,0,0,,,,,,,0.000000,1,0,PlusMinusKeys,0,1
20261008T103449461Z_aa970ef5be5a434094358b737dd8f822,,,1,1,StimulusOnsetObserved,Visual,2026-10-08T10:42:47.4794309Z,478.007581,472.828404,19834,8,0,CountingDown,0,0,1,55,Left,-1,,,,,1,0,0.000000,TaskSwitchPedal,0,0.500000,0.200000,,0.100000,5.000000,10.000000,-196575783,476.264422,476.253570,476.264422,477.996729,478.007581,0.010853,,1,0,8,0,CountingDown,LiftUp,LiftUp.LoadedRaising,LiftUp,LiftUp.LoadedRaising,1,"{""pedalAxisName"":""TaskSwitchPedal"",""usePlusMinusKeys"":true,""positivePedalKey"":61,""negativePedalKey"":45,""invertPedalAxis"":false,""pressThreshold"":0.5,""releaseThreshold"":0.20000000298023225,""minimumIntervalSeconds"":5.0,""maximumIntervalSeconds"":10.0,""minimumValidReactionSeconds"":0.10000000149011612,""randomSeed"":-196575783}",,0,0.000000,,CorrectSidePress,0,0,0,,,,,,,0.000000,0,0,Axis,0,1
20261008T103449461Z_aa970ef5be5a434094358b737dd8f822,,,1,1,PedalPressed,Visual,2026-10-08T10:42:51.8162399Z,482.343699,477.160343,19977,8,1,OperatingTarget,0,0,1,55,Left,-1,-1,Correct,1,4.336118,1,0,-1.000000,TaskSwitchPedal,0,0.500000,0.200000,,0.100000,5.000000,10.000000,-196575783,480.600540,476.253570,476.264422,477.996729,478.007581,0.010853,482.343699,1,0,8,0,CountingDown,LiftUp,LiftUp.LoadedRaising,Move2,Move2.DestinationCoarseMove,1,"{""pedalAxisName"":""TaskSwitchPedal"",""usePlusMinusKeys"":true,""positivePedalKey"":61,""negativePedalKey"":45,""invertPedalAxis"":false,""pressThreshold"":0.5,""releaseThreshold"":0.20000000298023225,""minimumIntervalSeconds"":5.0,""maximumIntervalSeconds"":10.0,""minimumValidReactionSeconds"":0.10000000149011612,""randomSeed"":-196575783}",,0,0.000000,4.336118,CorrectSidePress,1,0,0,-1,Correct,1,4.336118,482.343699,4.336118,0.000000,0,1,PlusMinusKeys,0,1
20261008T103449461Z_aa970ef5be5a434094358b737dd8f822,,,1,1,TrialFinished,Visual,2026-10-08T10:42:51.8162399Z,482.343699,477.160343,19977,8,1,OperatingTarget,0,0,1,55,Left,-1,-1,Correct,1,4.336118,1,0,-1.000000,TaskSwitchPedal,0,0.500000,0.200000,,0.100000,5.000000,10.000000,-196575783,480.600540,476.253570,476.264422,477.996729,478.007581,0.010853,482.343699,0,0,8,0,CountingDown,LiftUp,LiftUp.LoadedRaising,Move2,Move2.DestinationCoarseMove,1,"{""pedalAxisName"":""TaskSwitchPedal"",""usePlusMinusKeys"":true,""positivePedalKey"":61,""negativePedalKey"":45,""invertPedalAxis"":false,""pressThreshold"":0.5,""releaseThreshold"":0.20000000298023225,""minimumIntervalSeconds"":5.0,""maximumIntervalSeconds"":10.0,""minimumValidReactionSeconds"":0.10000000149011612,""randomSeed"":-196575783}",,0,0.000000,4.336118,CorrectSidePress,1,0,0,-1,Correct,1,4.336118,482.343699,4.336118,0.000000,0,1,PlusMinusKeys,0,1
20261008T103449461Z_aa970ef5be5a434094358b737dd8f822,,,1,1,StimulusScheduled,Visual,2026-10-08T10:42:51.8167503Z,482.344125,477.160343,19977,8,1,OperatingTarget,0,0,1,56,Left,-1,,,,,0,0,-1.000000,TaskSwitchPedal,0,0.500000,0.200000,,0.100000,5.000000,10.000000,-196575783,480.600965,489.501267,,491.244426,,,,0,0,,,,,,Move2,Move2.DestinationCoarseMove,1,"{""pedalAxisName"":""TaskSwitchPedal"",""usePlusMinusKeys"":true,""positivePedalKey"":61,""negativePedalKey"":45,""invertPedalAxis"":false,""pressThreshold"":0.5,""releaseThreshold"":0.20000000298023225,""minimumIntervalSeconds"":5.0,""maximumIntervalSeconds"":10.0,""minimumValidReactionSeconds"":0.10000000149011612,""randomSeed"":-196575783}",,0,0.000000,,CorrectSidePress,0,0,0,,,,,,,0.000000,0,1,PlusMinusKeys,0,1
20261008T103449461Z_aa970ef5be5a434094358b737dd8f822,,,1,1,StimulusOnsetObserved,Visual,2026-10-08T10:43:00.7222854Z,491.250377,486.071250,20243,8,1,OperatingTarget,0,0,1,56,Left,-1,,,,,1,0,0.000000,TaskSwitchPedal,0,0.500000,0.200000,,0.100000,5.000000,10.000000,-196575783,489.507218,489.501267,489.507218,491.244426,491.250377,0.005951,,1,0,8,1,OperatingTarget,Place,Place.PlacementLowering,Place,Place.PlacementLowering,1,"{""pedalAxisName"":""TaskSwitchPedal"",""usePlusMinusKeys"":true,""positivePedalKey"":61,""negativePedalKey"":45,""invertPedalAxis"":false,""pressThreshold"":0.5,""releaseThreshold"":0.20000000298023225,""minimumIntervalSeconds"":5.0,""maximumIntervalSeconds"":10.0,""minimumValidReactionSeconds"":0.10000000149011612,""randomSeed"":-196575783}",,0,0.000000,,CorrectSidePress,0,0,0,,,,,,,0.000000,0,0,Axis,0,1
20261008T103449461Z_aa970ef5be5a434094358b737dd8f822,,,1,1,PedalPressed,Visual,2026-10-08T10:43:03.0585869Z,493.586394,488.405045,20312,8,1,OperatingTarget,0,0,1,56,Left,-1,-1,Correct,1,2.336016,1,0,-1.000000,TaskSwitchPedal,0,0.500000,0.200000,,0.100000,5.000000,10.000000,-196575783,491.843234,489.501267,489.507218,491.244426,491.250377,0.005951,493.586394,1,0,8,1,OperatingTarget,Place,Place.PlacementLowering,Place,Place.PlacementLowering,1,"{""pedalAxisName"":""TaskSwitchPedal"",""usePlusMinusKeys"":true,""positivePedalKey"":61,""negativePedalKey"":45,""invertPedalAxis"":false,""pressThreshold"":0.5,""releaseThreshold"":0.20000000298023225,""minimumIntervalSeconds"":5.0,""maximumIntervalSeconds"":10.0,""minimumValidReactionSeconds"":0.10000000149011612,""randomSeed"":-196575783}",,0,0.000000,2.336016,CorrectSidePress,1,0,0,-1,Correct,1,2.336016,493.586394,2.336016,0.000000,0,1,PlusMinusKeys,0,1
20261008T103449461Z_aa970ef5be5a434094358b737dd8f822,,,1,1,TrialFinished,Visual,2026-10-08T10:43:03.0585869Z,493.586394,488.405045,20312,8,1,OperatingTarget,0,0,1,56,Left,-1,-1,Correct,1,2.336016,1,0,-1.000000,TaskSwitchPedal,0,0.500000,0.200000,,0.100000,5.000000,10.000000,-196575783,491.843234,489.501267,489.507218,491.244426,491.250377,0.005951,493.586394,0,0,8,1,OperatingTarget,Place,Place.PlacementLowering,Place,Place.PlacementLowering,1,"{""pedalAxisName"":""TaskSwitchPedal"",""usePlusMinusKeys"":true,""positivePedalKey"":61,""negativePedalKey"":45,""invertPedalAxis"":false,""pressThreshold"":0.5,""releaseThreshold"":0.20000000298023225,""minimumIntervalSeconds"":5.0,""maximumIntervalSeconds"":10.0,""minimumValidReactionSeconds"":0.10000000149011612,""randomSeed"":-196575783}",,0,0.000000,2.336016,CorrectSidePress,1,0,0,-1,Correct,1,2.336016,493.586394,2.336016,0.000000,0,1,PlusMinusKeys,0,1
20261008T103449461Z_aa970ef5be5a434094358b737dd8f822,,,1,1,StimulusScheduled,Visual,2026-10-08T10:43:03.0585869Z,493.586725,488.405045,20312,8,1,OperatingTarget,0,0,1,57,Left,-1,,,,,0,0,-1.000000,TaskSwitchPedal,0,0.500000,0.200000,,0.100000,5.000000,10.000000,-196575783,491.843566,500.517383,,502.260542,,,,0,0,,,,,,Place,Place.PlacementLowering,1,"{""pedalAxisName"":""TaskSwitchPedal"",""usePlusMinusKeys"":true,""positivePedalKey"":61,""negativePedalKey"":45,""invertPedalAxis"":false,""pressThreshold"":0.5,""releaseThreshold"":0.20000000298023225,""minimumIntervalSeconds"":5.0,""maximumIntervalSeconds"":10.0,""minimumValidReactionSeconds"":0.10000000149011612,""randomSeed"":-196575783}",,0,0.000000,,CorrectSidePress,0,0,0,,,,,,,0.000000,0,1,PlusMinusKeys,0,1
20261008T103449461Z_aa970ef5be5a434094358b737dd8f822,,,1,1,StimulusOnsetObserved,Visual,2026-10-08T10:43:11.7450943Z,502.273202,497.094470,20569,8,1,OperatingTarget,0,0,1,57,Left,-1,,,,,1,0,0.000000,TaskSwitchPedal,0,0.500000,0.200000,,0.100000,5.000000,10.000000,-196575783,500.530042,500.517383,500.530042,502.260542,502.273202,0.012660,,1,0,8,1,OperatingTarget,Place,Place.PostPlacementRaising,Place,Place.PostPlacementRaising,1,"{""pedalAxisName"":""TaskSwitchPedal"",""usePlusMinusKeys"":true,""positivePedalKey"":61,""negativePedalKey"":45,""invertPedalAxis"":false,""pressThreshold"":0.5,""releaseThreshold"":0.20000000298023225,""minimumIntervalSeconds"":5.0,""maximumIntervalSeconds"":10.0,""minimumValidReactionSeconds"":0.10000000149011612,""randomSeed"":-196575783}",,0,0.000000,,CorrectSidePress,0,0,0,,,,,,,0.000000,0,0,Axis,0,1
20261008T103449461Z_aa970ef5be5a434094358b737dd8f822,,,1,1,PedalPressed,Visual,2026-10-08T10:43:12.5767587Z,503.104811,497.925894,20603,8,1,OperatingTarget,0,0,1,57,Left,-1,-1,Correct,1,0.831610,1,0,-1.000000,TaskSwitchPedal,0,0.500000,0.200000,,0.100000,5.000000,10.000000,-196575783,501.361652,500.517383,500.530042,502.260542,502.273202,0.012660,503.104811,1,0,8,1,OperatingTarget,Place,Place.PostPlacementRaising,Place,Place.PostPlacementRaising,1,"{""pedalAxisName"":""TaskSwitchPedal"",""usePlusMinusKeys"":true,""positivePedalKey"":61,""negativePedalKey"":45,""invertPedalAxis"":false,""pressThreshold"":0.5,""releaseThreshold"":0.20000000298023225,""minimumIntervalSeconds"":5.0,""maximumIntervalSeconds"":10.0,""minimumValidReactionSeconds"":0.10000000149011612,""randomSeed"":-196575783}",,0,0.000000,0.831610,CorrectSidePress,1,0,0,-1,Correct,1,0.831610,503.104811,0.831610,0.000000,0,1,PlusMinusKeys,0,1
20261008T103449461Z_aa970ef5be5a434094358b737dd8f822,,,1,1,TrialFinished,Visual,2026-10-08T10:43:12.5777566Z,503.104811,497.925894,20603,8,1,OperatingTarget,0,0,1,57,Left,-1,-1,Correct,1,0.831610,1,0,-1.000000,TaskSwitchPedal,0,0.500000,0.200000,,0.100000,5.000000,10.000000,-196575783,501.361652,500.517383,500.530042,502.260542,502.273202,0.012660,503.104811,0,0,8,1,OperatingTarget,Place,Place.PostPlacementRaising,Place,Place.PostPlacementRaising,1,"{""pedalAxisName"":""TaskSwitchPedal"",""usePlusMinusKeys"":true,""positivePedalKey"":61,""negativePedalKey"":45,""invertPedalAxis"":false,""pressThreshold"":0.5,""releaseThreshold"":0.20000000298023225,""minimumIntervalSeconds"":5.0,""maximumIntervalSeconds"":10.0,""minimumValidReactionSeconds"":0.10000000149011612,""randomSeed"":-196575783}",,0,0.000000,0.831610,CorrectSidePress,1,0,0,-1,Correct,1,0.831610,503.104811,0.831610,0.000000,0,1,PlusMinusKeys,0,1
20261008T103449461Z_aa970ef5be5a434094358b737dd8f822,,,1,1,StimulusScheduled,Visual,2026-10-08T10:43:12.5777566Z,503.105317,497.925894,20603,8,1,OperatingTarget,0,0,1,58,Left,-1,,,,,0,0,-1.000000,TaskSwitchPedal,0,0.500000,0.200000,,0.100000,5.000000,10.000000,-196575783,501.362159,509.933049,,511.676208,,,,0,0,,,,,,Place,Place.PostPlacementRaising,1,"{""pedalAxisName"":""TaskSwitchPedal"",""usePlusMinusKeys"":true,""positivePedalKey"":61,""negativePedalKey"":45,""invertPedalAxis"":false,""pressThreshold"":0.5,""releaseThreshold"":0.20000000298023225,""minimumIntervalSeconds"":5.0,""maximumIntervalSeconds"":10.0,""minimumValidReactionSeconds"":0.10000000149011612,""randomSeed"":-196575783}",,0,0.000000,,CorrectSidePress,0,0,0,,,,,,,0.000000,0,1,PlusMinusKeys,0,1
20261008T103449461Z_aa970ef5be5a434094358b737dd8f822,,,1,1,StimulusOnsetObserved,Visual,2026-10-08T10:43:21.1533787Z,511.681689,506.502424,20976,8,0,WaitingForSourceConfirmation,1,0,1,58,Left,-1,,,,,1,0,0.000000,TaskSwitchPedal,0,0.500000,0.200000,,0.100000,5.000000,10.000000,-196575783,509.938530,509.933049,509.938530,511.676208,511.681689,0.005481,,1,0,8,0,WaitingForSourceConfirmation,LiftUp,LiftUp.LoadedRaising,LiftUp,LiftUp.LoadedRaising,1,"{""pedalAxisName"":""TaskSwitchPedal"",""usePlusMinusKeys"":true,""positivePedalKey"":61,""negativePedalKey"":45,""invertPedalAxis"":false,""pressThreshold"":0.5,""releaseThreshold"":0.20000000298023225,""minimumIntervalSeconds"":5.0,""maximumIntervalSeconds"":10.0,""minimumValidReactionSeconds"":0.10000000149011612,""randomSeed"":-196575783}",,0,0.000000,,CorrectSidePress,0,0,0,,,,,,,0.000000,0,0,Axis,0,1
20261008T103449461Z_aa970ef5be5a434094358b737dd8f822,,,1,1,PedalPressed,Visual,2026-10-08T10:43:24.2146857Z,514.742534,509.563703,21100,8,0,OperatingSource,0,0,1,58,Left,-1,-1,Correct,1,3.060844,1,0,-1.000000,TaskSwitchPedal,0,0.500000,0.200000,,0.100000,5.000000,10.000000,-196575783,512.999374,509.933049,509.938530,511.676208,511.681689,0.005481,514.742534,1,0,8,0,WaitingForSourceConfirmation,LiftUp,LiftUp.LoadedRaising,Move2,Move2.DestinationCoarseMove,1,"{""pedalAxisName"":""TaskSwitchPedal"",""usePlusMinusKeys"":true,""positivePedalKey"":61,""negativePedalKey"":45,""invertPedalAxis"":false,""pressThreshold"":0.5,""releaseThreshold"":0.20000000298023225,""minimumIntervalSeconds"":5.0,""maximumIntervalSeconds"":10.0,""minimumValidReactionSeconds"":0.10000000149011612,""randomSeed"":-196575783}",,0,0.000000,3.060844,CorrectSidePress,1,0,0,-1,Correct,1,3.060844,514.742534,3.060844,0.000000,0,1,PlusMinusKeys,0,1
20261008T103449461Z_aa970ef5be5a434094358b737dd8f822,,,1,1,TrialFinished,Visual,2026-10-08T10:43:24.2151939Z,514.742534,509.563703,21100,8,0,OperatingSource,0,0,1,58,Left,-1,-1,Correct,1,3.060844,1,0,-1.000000,TaskSwitchPedal,0,0.500000,0.200000,,0.100000,5.000000,10.000000,-196575783,512.999374,509.933049,509.938530,511.676208,511.681689,0.005481,514.742534,0,0,8,0,WaitingForSourceConfirmation,LiftUp,LiftUp.LoadedRaising,Move2,Move2.DestinationCoarseMove,1,"{""pedalAxisName"":""TaskSwitchPedal"",""usePlusMinusKeys"":true,""positivePedalKey"":61,""negativePedalKey"":45,""invertPedalAxis"":false,""pressThreshold"":0.5,""releaseThreshold"":0.20000000298023225,""minimumIntervalSeconds"":5.0,""maximumIntervalSeconds"":10.0,""minimumValidReactionSeconds"":0.10000000149011612,""randomSeed"":-196575783}",,0,0.000000,3.060844,CorrectSidePress,1,0,0,-1,Correct,1,3.060844,514.742534,3.060844,0.000000,0,1,PlusMinusKeys,0,1
20261008T103449461Z_aa970ef5be5a434094358b737dd8f822,,,1,1,StimulusScheduled,Visual,2026-10-08T10:43:24.2151939Z,514.742916,509.563703,21100,8,0,OperatingSource,0,0,1,59,Right,1,,,,,0,0,-1.000000,TaskSwitchPedal,0,0.500000,0.200000,,0.100000,5.000000,10.000000,-196575783,512.999757,520.804261,,522.547420,,,,0,0,,,,,,Move2,Move2.DestinationCoarseMove,1,"{""pedalAxisName"":""TaskSwitchPedal"",""usePlusMinusKeys"":true,""positivePedalKey"":61,""negativePedalKey"":45,""invertPedalAxis"":false,""pressThreshold"":0.5,""releaseThreshold"":0.20000000298023225,""minimumIntervalSeconds"":5.0,""maximumIntervalSeconds"":10.0,""minimumValidReactionSeconds"":0.10000000149011612,""randomSeed"":-196575783}",,0,0.000000,,CorrectSidePress,0,0,0,,,,,,,0.000000,0,1,PlusMinusKeys,0,1
20261008T103449461Z_aa970ef5be5a434094358b737dd8f822,,,1,1,StimulusOnsetObserved,Visual,2026-10-08T10:43:32.0604241Z,522.589167,517.407671,21444,8,0,OperatingSource,0,0,1,59,Right,1,,,,,1,0,0.000000,TaskSwitchPedal,0,0.500000,0.200000,,0.100000,5.000000,10.000000,-196575783,520.846008,520.804261,520.846008,522.547420,522.589167,0.041748,,0,1,8,0,OperatingSource,Move2,Move2.DestinationCoarseMove,Move2,Move2.DestinationCoarseMove,1,"{""pedalAxisName"":""TaskSwitchPedal"",""usePlusMinusKeys"":true,""positivePedalKey"":61,""negativePedalKey"":45,""invertPedalAxis"":false,""pressThreshold"":0.5,""releaseThreshold"":0.20000000298023225,""minimumIntervalSeconds"":5.0,""maximumIntervalSeconds"":10.0,""minimumValidReactionSeconds"":0.10000000149011612,""randomSeed"":-196575783}",,0,0.000000,,CorrectSidePress,0,0,0,,,,,,,0.000000,0,0,Axis,0,1
20261008T103449461Z_aa970ef5be5a434094358b737dd8f822,,,1,1,PedalPressed,Visual,2026-10-08T10:43:32.5684081Z,523.096685,517.916498,21468,8,0,OperatingSource,0,0,1,59,Right,1,1,Correct,1,0.507518,1,0,1.000000,TaskSwitchPedal,0,0.500000,0.200000,,0.100000,5.000000,10.000000,-196575783,521.353526,520.804261,520.846008,522.547420,522.589167,0.041748,523.096685,0,1,8,0,OperatingSource,Move2,Move2.DestinationCoarseMove,Move2,Move2.DestinationCoarseMove,1,"{""pedalAxisName"":""TaskSwitchPedal"",""usePlusMinusKeys"":true,""positivePedalKey"":61,""negativePedalKey"":45,""invertPedalAxis"":false,""pressThreshold"":0.5,""releaseThreshold"":0.20000000298023225,""minimumIntervalSeconds"":5.0,""maximumIntervalSeconds"":10.0,""minimumValidReactionSeconds"":0.10000000149011612,""randomSeed"":-196575783}",,0,0.000000,0.507518,CorrectSidePress,1,0,0,1,Correct,1,0.507518,523.096685,0.507518,0.000000,1,0,PlusMinusKeys,0,1
20261008T103449461Z_aa970ef5be5a434094358b737dd8f822,,,1,1,TrialFinished,Visual,2026-10-08T10:43:32.5684081Z,523.096685,517.916498,21468,8,0,OperatingSource,0,0,1,59,Right,1,1,Correct,1,0.507518,1,0,1.000000,TaskSwitchPedal,0,0.500000,0.200000,,0.100000,5.000000,10.000000,-196575783,521.353526,520.804261,520.846008,522.547420,522.589167,0.041748,523.096685,0,0,8,0,OperatingSource,Move2,Move2.DestinationCoarseMove,Move2,Move2.DestinationCoarseMove,1,"{""pedalAxisName"":""TaskSwitchPedal"",""usePlusMinusKeys"":true,""positivePedalKey"":61,""negativePedalKey"":45,""invertPedalAxis"":false,""pressThreshold"":0.5,""releaseThreshold"":0.20000000298023225,""minimumIntervalSeconds"":5.0,""maximumIntervalSeconds"":10.0,""minimumValidReactionSeconds"":0.10000000149011612,""randomSeed"":-196575783}",,0,0.000000,0.507518,CorrectSidePress,1,0,0,1,Correct,1,0.507518,523.096685,0.507518,0.000000,1,0,PlusMinusKeys,0,1
20261008T103449461Z_aa970ef5be5a434094358b737dd8f822,,,1,1,StimulusScheduled,Visual,2026-10-08T10:43:32.5684081Z,523.097195,517.916498,21468,8,0,OperatingSource,0,0,1,60,Right,1,,,,,0,0,1.000000,TaskSwitchPedal,0,0.500000,0.200000,,0.100000,5.000000,10.000000,-196575783,521.354036,527.190080,,528.933239,,,,0,0,,,,,,Move2,Move2.DestinationCoarseMove,1,"{""pedalAxisName"":""TaskSwitchPedal"",""usePlusMinusKeys"":true,""positivePedalKey"":61,""negativePedalKey"":45,""invertPedalAxis"":false,""pressThreshold"":0.5,""releaseThreshold"":0.20000000298023225,""minimumIntervalSeconds"":5.0,""maximumIntervalSeconds"":10.0,""minimumValidReactionSeconds"":0.10000000149011612,""randomSeed"":-196575783}",,0,0.000000,,CorrectSidePress,0,0,0,,,,,,,0.000000,1,0,PlusMinusKeys,0,1
20261008T103449461Z_aa970ef5be5a434094358b737dd8f822,,,1,1,StimulusOnsetObserved,Visual,2026-10-08T10:43:38.4060693Z,528.934105,523.754813,21718,8,0,OperatingSource,0,0,1,60,Right,1,,,,,1,0,0.000000,TaskSwitchPedal,0,0.500000,0.200000,,0.100000,5.000000,10.000000,-196575783,527.190946,527.190080,527.190946,528.933239,528.934105,0.000866,,0,1,8,0,OperatingSource,Move2,Move2.DestinationFineAlign,Move2,Move2.DestinationFineAlign,1,"{""pedalAxisName"":""TaskSwitchPedal"",""usePlusMinusKeys"":true,""positivePedalKey"":61,""negativePedalKey"":45,""invertPedalAxis"":false,""pressThreshold"":0.5,""releaseThreshold"":0.20000000298023225,""minimumIntervalSeconds"":5.0,""maximumIntervalSeconds"":10.0,""minimumValidReactionSeconds"":0.10000000149011612,""randomSeed"":-196575783}",,0,0.000000,,CorrectSidePress,0,0,0,,,,,,,0.000000,0,0,Axis,0,1
20261008T103449461Z_aa970ef5be5a434094358b737dd8f822,,,1,1,PedalPressed,Visual,2026-10-08T10:43:39.1554341Z,529.683585,524.503669,21748,8,0,OperatingSource,0,0,1,60,Right,1,1,Correct,1,0.749480,1,0,1.000000,TaskSwitchPedal,0,0.500000,0.200000,,0.100000,5.000000,10.000000,-196575783,527.940426,527.190080,527.190946,528.933239,528.934105,0.000866,529.683585,0,1,8,0,OperatingSource,Move2,Move2.DestinationFineAlign,Place,Place.PlacementLowering,1,"{""pedalAxisName"":""TaskSwitchPedal"",""usePlusMinusKeys"":true,""positivePedalKey"":61,""negativePedalKey"":45,""invertPedalAxis"":false,""pressThreshold"":0.5,""releaseThreshold"":0.20000000298023225,""minimumIntervalSeconds"":5.0,""maximumIntervalSeconds"":10.0,""minimumValidReactionSeconds"":0.10000000149011612,""randomSeed"":-196575783}",,0,0.000000,0.749480,CorrectSidePress,1,0,0,1,Correct,1,0.749480,529.683585,0.749480,0.000000,1,0,PlusMinusKeys,0,1
20261008T103449461Z_aa970ef5be5a434094358b737dd8f822,,,1,1,TrialFinished,Visual,2026-10-08T10:43:39.1554341Z,529.683585,524.503669,21748,8,0,OperatingSource,0,0,1,60,Right,1,1,Correct,1,0.749480,1,0,1.000000,TaskSwitchPedal,0,0.500000,0.200000,,0.100000,5.000000,10.000000,-196575783,527.940426,527.190080,527.190946,528.933239,528.934105,0.000866,529.683585,0,0,8,0,OperatingSource,Move2,Move2.DestinationFineAlign,Place,Place.PlacementLowering,1,"{""pedalAxisName"":""TaskSwitchPedal"",""usePlusMinusKeys"":true,""positivePedalKey"":61,""negativePedalKey"":45,""invertPedalAxis"":false,""pressThreshold"":0.5,""releaseThreshold"":0.20000000298023225,""minimumIntervalSeconds"":5.0,""maximumIntervalSeconds"":10.0,""minimumValidReactionSeconds"":0.10000000149011612,""randomSeed"":-196575783}",,0,0.000000,0.749480,CorrectSidePress,1,0,0,1,Correct,1,0.749480,529.683585,0.749480,0.000000,1,0,PlusMinusKeys,0,1
20261008T103449461Z_aa970ef5be5a434094358b737dd8f822,,,1,1,StimulusScheduled,Visual,2026-10-08T10:43:39.1554341Z,529.683896,524.503669,21748,8,0,OperatingSource,0,0,1,61,Right,1,,,,,0,0,1.000000,TaskSwitchPedal,0,0.500000,0.200000,,0.100000,5.000000,10.000000,-196575783,527.940737,533.046094,,534.789252,,,,0,0,,,,,,Place,Place.PlacementLowering,1,"{""pedalAxisName"":""TaskSwitchPedal"",""usePlusMinusKeys"":true,""positivePedalKey"":61,""negativePedalKey"":45,""invertPedalAxis"":false,""pressThreshold"":0.5,""releaseThreshold"":0.20000000298023225,""minimumIntervalSeconds"":5.0,""maximumIntervalSeconds"":10.0,""minimumValidReactionSeconds"":0.10000000149011612,""randomSeed"":-196575783}",,0,0.000000,,CorrectSidePress,0,0,0,,,,,,,0.000000,1,0,PlusMinusKeys,0,1
20261008T103449461Z_aa970ef5be5a434094358b737dd8f822,,,1,1,StimulusOnsetObserved,Visual,2026-10-08T10:43:44.2636202Z,534.791904,529.613199,21912,8,0,OperatingSource,0,0,1,61,Right,1,,,,,1,0,0.000000,TaskSwitchPedal,0,0.500000,0.200000,,0.100000,5.000000,10.000000,-196575783,533.048745,533.046094,533.048745,534.789252,534.791904,0.002652,,0,1,8,0,OperatingSource,Place,Place.LoadRelease,Place,Place.LoadRelease,1,"{""pedalAxisName"":""TaskSwitchPedal"",""usePlusMinusKeys"":true,""positivePedalKey"":61,""negativePedalKey"":45,""invertPedalAxis"":false,""pressThreshold"":0.5,""releaseThreshold"":0.20000000298023225,""minimumIntervalSeconds"":5.0,""maximumIntervalSeconds"":10.0,""minimumValidReactionSeconds"":0.10000000149011612,""randomSeed"":-196575783}",,0,0.000000,,CorrectSidePress,0,0,0,,,,,,,0.000000,0,0,Axis,0,1
20261008T103449461Z_aa970ef5be5a434094358b737dd8f822,,,1,1,PedalPressed,Visual,2026-10-08T10:43:45.5607310Z,536.089015,530.909032,21954,8,0,OperatingSource,0,0,1,61,Right,1,1,Correct,1,1.297110,1,0,1.000000,TaskSwitchPedal,0,0.500000,0.200000,,0.100000,5.000000,10.000000,-196575783,534.345855,533.046094,533.048745,534.789252,534.791904,0.002652,536.089015,0,1,8,0,OperatingSource,Place,Place.LoadRelease,Place,Place.LoadRelease,1,"{""pedalAxisName"":""TaskSwitchPedal"",""usePlusMinusKeys"":true,""positivePedalKey"":61,""negativePedalKey"":45,""invertPedalAxis"":false,""pressThreshold"":0.5,""releaseThreshold"":0.20000000298023225,""minimumIntervalSeconds"":5.0,""maximumIntervalSeconds"":10.0,""minimumValidReactionSeconds"":0.10000000149011612,""randomSeed"":-196575783}",,0,0.000000,1.297110,CorrectSidePress,1,0,0,1,Correct,1,1.297110,536.089015,1.297110,0.000000,1,0,PlusMinusKeys,0,1
20261008T103449461Z_aa970ef5be5a434094358b737dd8f822,,,1,1,TrialFinished,Visual,2026-10-08T10:43:45.5607310Z,536.089015,530.909032,21954,8,0,OperatingSource,0,0,1,61,Right,1,1,Correct,1,1.297110,1,0,1.000000,TaskSwitchPedal,0,0.500000,0.200000,,0.100000,5.000000,10.000000,-196575783,534.345855,533.046094,533.048745,534.789252,534.791904,0.002652,536.089015,0,0,8,0,OperatingSource,Place,Place.LoadRelease,Place,Place.LoadRelease,1,"{""pedalAxisName"":""TaskSwitchPedal"",""usePlusMinusKeys"":true,""positivePedalKey"":61,""negativePedalKey"":45,""invertPedalAxis"":false,""pressThreshold"":0.5,""releaseThreshold"":0.20000000298023225,""minimumIntervalSeconds"":5.0,""maximumIntervalSeconds"":10.0,""minimumValidReactionSeconds"":0.10000000149011612,""randomSeed"":-196575783}",,0,0.000000,1.297110,CorrectSidePress,1,0,0,1,Correct,1,1.297110,536.089015,1.297110,0.000000,1,0,PlusMinusKeys,0,1
20261008T103449461Z_aa970ef5be5a434094358b737dd8f822,,,1,1,StimulusScheduled,Visual,2026-10-08T10:43:45.5607310Z,536.089412,530.909032,21954,8,0,OperatingSource,0,0,1,62,Left,-1,,,,,0,0,1.000000,TaskSwitchPedal,0,0.500000,0.200000,,0.100000,5.000000,10.000000,-196575783,534.346253,543.928439,,545.671598,,,,0,0,,,,,,Place,Place.LoadRelease,1,"{""pedalAxisName"":""TaskSwitchPedal"",""usePlusMinusKeys"":true,""positivePedalKey"":61,""negativePedalKey"":45,""invertPedalAxis"":false,""pressThreshold"":0.5,""releaseThreshold"":0.20000000298023225,""minimumIntervalSeconds"":5.0,""maximumIntervalSeconds"":10.0,""minimumValidReactionSeconds"":0.10000000149011612,""randomSeed"":-196575783}",,0,0.000000,,CorrectSidePress,0,0,0,,,,,,,0.000000,1,0,PlusMinusKeys,0,1
20261008T103449461Z_aa970ef5be5a434094358b737dd8f822,,,1,1,TrialFinished,Visual,2026-10-08T10:43:50.0139475Z,540.541948,535.359407,22131,8,0,OperatingSource,0,0,1,62,Left,-1,,CancelledBeforeOnset,,,0,0,0.000000,TaskSwitchPedal,0,0.500000,0.200000,,0.100000,5.000000,10.000000,-196575783,538.798778,543.928439,,545.671598,,,,0,0,,,,,,Place,,1,"{""pedalAxisName"":""TaskSwitchPedal"",""usePlusMinusKeys"":true,""positivePedalKey"":61,""negativePedalKey"":45,""invertPedalAxis"":false,""pressThreshold"":0.5,""releaseThreshold"":0.20000000298023225,""minimumIntervalSeconds"":5.0,""maximumIntervalSeconds"":10.0,""minimumValidReactionSeconds"":0.10000000149011612,""randomSeed"":-196575783}",ExperimentCompleted,0,0.000000,,CorrectSidePress,0,0,0,,,,,,,0.000000,0,0,Axis,0,1
20261008T103449461Z_aa970ef5be5a434094358b737dd8f822,,,1,1,SubtaskStopped,Visual,2026-10-08T10:43:50.0149545Z,540.542504,535.359407,22131,8,0,OperatingSource,0,0,1,,,,,,,,0,0,0.000000,TaskSwitchPedal,0,0.500000,0.200000,,0.100000,5.000000,10.000000,-196575783,538.799346,,,,,,,0,0,,,,,,Place,,1,"{""pedalAxisName"":""TaskSwitchPedal"",""usePlusMinusKeys"":true,""positivePedalKey"":61,""negativePedalKey"":45,""invertPedalAxis"":false,""pressThreshold"":0.5,""releaseThreshold"":0.20000000298023225,""minimumIntervalSeconds"":5.0,""maximumIntervalSeconds"":10.0,""minimumValidReactionSeconds"":0.10000000149011612,""randomSeed"":-196575783}",ExperimentCompleted,0,0.000000,,CorrectSidePress,,,,,,,,,,0.000000,0,0,Axis,0,1
