session_id,participant_id,block_id,experiment_run_index,activation_index,event_type,secondary_task_mode,utc_timestamp,real_elapsed_s,simulation_elapsed_s,frame,switch_index,active_crane_index,state,input_locked,global_paused,operation_enabled,trial_index,stimulus_side,expected_sign,response_sign,outcome,correct,reaction_time_s,presented,held_at_onset,raw_pedal,pedal_axis,invert_axis,press_threshold,release_threshold,response_timeout_s,minimum_valid_reaction_s,minimum_interval_s,maximum_interval_s,random_seed,active_clock_s,scheduled_onset_active_clock_s,actual_onset_active_clock_s,scheduled_onset_estimated_real_s,onset_observed_real_s,onset_frame_delay_s,response_observed_real_s,left_red,right_red,onset_switch_index,onset_crane_index,onset_state,onset_phase,onset_step,current_phase,current_step,app_focused,configuration_json,detail,pause_count,paused_duration_s,wall_reaction_time_s,completion_policy,response_count,incorrect_response_count,too_early_response_count,first_response_sign,first_response_outcome,first_response_correct,first_reaction_time_s,first_response_observed_real_s,first_wall_reaction_time_s,pedal_axis_raw,pedal_positive_key,pedal_negative_key,pedal_input_source,pedal_input_conflict,plus_minus_keys_enabled
20261009T073458445Z_ac6ced377dca4bd0965537033c95012f,,,1,1,SubtaskStarted,Visual,2026-10-09T07:35:02.3034180Z,3.842490,0.161202,348,0,0,OperatingSource,0,0,1,,,,,,,,0,0,0.000000,TaskSwitchPedal,0,0.500000,0.200000,,0.100000,5.000000,10.000000,1399156556,3.193348,,,,,,,0,0,,,,,,Move1,Move1.PickupCoarseMove,1,"{""pedalAxisName"":""TaskSwitchPedal"",""usePlusMinusKeys"":true,""positivePedalKey"":61,""negativePedalKey"":45,""invertPedalAxis"":false,""pressThreshold"":0.5,""releaseThreshold"":0.20000000298023225,""minimumIntervalSeconds"":5.0,""maximumIntervalSeconds"":10.0,""minimumValidReactionSeconds"":0.10000000149011612,""randomSeed"":1399156556}","{""pedalAxisName"":""TaskSwitchPedal"",""usePlusMinusKeys"":true,""positivePedalKey"":61,""negativePedalKey"":45,""invertPedalAxis"":false,""pressThreshold"":0.5,""releaseThreshold"":0.20000000298023225,""minimumIntervalSeconds"":5.0,""maximumIntervalSeconds"":10.0,""minimumValidReactionSeconds"":0.10000000149011612,""randomSeed"":1399156556}",0,0.000000,,CorrectSidePress,,,,,,,,,,0.000000,0,0,Axis,0,1
20261009T073458445Z_ac6ced377dca4bd0965537033c95012f,,,1,1,StimulusScheduled,Visual,2026-10-09T07:35:02.3053020Z,3.845892,0.161202,348,0,0,OperatingSource,0,0,1,1,Left,-1,,,,,0,0,0.000000,TaskSwitchPedal,0,0.500000,0.200000,,0.100000,5.000000,10.000000,1399156556,3.196741,8.668383,,9.317534,,,,0,0,,,,,,Move1,Move1.PickupCoarseMove,1,"{""pedalAxisName"":""TaskSwitchPedal"",""usePlusMinusKeys"":true,""positivePedalKey"":61,""negativePedalKey"":45,""invertPedalAxis"":false,""pressThreshold"":0.5,""releaseThreshold"":0.20000000298023225,""minimumIntervalSeconds"":5.0,""maximumIntervalSeconds"":10.0,""minimumValidReactionSeconds"":0.10000000149011612,""randomSeed"":1399156556}",,0,0.000000,,CorrectSidePress,0,0,0,,,,,,,0.000000,0,0,Axis,0,1
20261009T073458445Z_ac6ced377dca4bd0965537033c95012f,,,1,1,StimulusOnsetObserved,Visual,2026-10-09T07:35:07.7809016Z,9.323307,5.736351,598,0,0,OperatingSource,0,0,1,1,Left,-1,,,,,1,0,0.000000,TaskSwitchPedal,0,0.500000,0.200000,,0.100000,5.000000,10.000000,1399156556,8.674163,8.668383,8.674163,9.317534,9.323307,0.005773,,1,0,0,0,OperatingSource,Move1,Move1.PickupCoarseMove,Move1,Move1.PickupCoarseMove,1,"{""pedalAxisName"":""TaskSwitchPedal"",""usePlusMinusKeys"":true,""positivePedalKey"":61,""negativePedalKey"":45,""invertPedalAxis"":false,""pressThreshold"":0.5,""releaseThreshold"":0.20000000298023225,""minimumIntervalSeconds"":5.0,""maximumIntervalSeconds"":10.0,""minimumValidReactionSeconds"":0.10000000149011612,""randomSeed"":1399156556}",,0,0.000000,,CorrectSidePress,0,0,0,,,,,,,0.000000,0,0,Axis,0,1
20261009T073458445Z_ac6ced377dca4bd0965537033c95012f,,,1,1,PedalPressed,Visual,2026-10-09T07:35:08.5545227Z,10.096115,6.509062,638,0,0,OperatingSource,0,0,1,1,Left,-1,-1,Correct,1,0.772808,1,0,-1.000000,TaskSwitchPedal,0,0.500000,0.200000,,0.100000,5.000000,10.000000,1399156556,9.446971,8.668383,8.674163,9.317534,9.323307,0.005773,10.096115,1,0,0,0,OperatingSource,Move1,Move1.PickupCoarseMove,Move1,Move1.PickupCoarseMove,1,"{""pedalAxisName"":""TaskSwitchPedal"",""usePlusMinusKeys"":true,""positivePedalKey"":61,""negativePedalKey"":45,""invertPedalAxis"":false,""pressThreshold"":0.5,""releaseThreshold"":0.20000000298023225,""minimumIntervalSeconds"":5.0,""maximumIntervalSeconds"":10.0,""minimumValidReactionSeconds"":0.10000000149011612,""randomSeed"":1399156556}",,0,0.000000,0.772808,CorrectSidePress,1,0,0,-1,Correct,1,0.772808,10.096115,0.772808,0.000000,0,1,PlusMinusKeys,0,1
20261009T073458445Z_ac6ced377dca4bd0965537033c95012f,,,1,1,TrialFinished,Visual,2026-10-09T07:35:08.5555259Z,10.096115,6.509062,638,0,0,OperatingSource,0,0,1,1,Left,-1,-1,Correct,1,0.772808,1,0,-1.000000,TaskSwitchPedal,0,0.500000,0.200000,,0.100000,5.000000,10.000000,1399156556,9.446971,8.668383,8.674163,9.317534,9.323307,0.005773,10.096115,0,0,0,0,OperatingSource,Move1,Move1.PickupCoarseMove,Move1,Move1.PickupCoarseMove,1,"{""pedalAxisName"":""TaskSwitchPedal"",""usePlusMinusKeys"":true,""positivePedalKey"":61,""negativePedalKey"":45,""invertPedalAxis"":false,""pressThreshold"":0.5,""releaseThreshold"":0.20000000298023225,""minimumIntervalSeconds"":5.0,""maximumIntervalSeconds"":10.0,""minimumValidReactionSeconds"":0.10000000149011612,""randomSeed"":1399156556}",,0,0.000000,0.772808,CorrectSidePress,1,0,0,-1,Correct,1,0.772808,10.096115,0.772808,0.000000,0,1,PlusMinusKeys,0,1
20261009T073458445Z_ac6ced377dca4bd0965537033c95012f,,,1,1,StimulusScheduled,Visual,2026-10-09T07:35:08.5555259Z,10.097061,6.509062,638,0,0,OperatingSource,0,0,1,2,Left,-1,,,,,0,0,-1.000000,TaskSwitchPedal,0,0.500000,0.200000,,0.100000,5.000000,10.000000,1399156556,9.447916,15.497905,,16.147050,,,,0,0,,,,,,Move1,Move1.PickupCoarseMove,1,"{""pedalAxisName"":""TaskSwitchPedal"",""usePlusMinusKeys"":true,""positivePedalKey"":61,""negativePedalKey"":45,""invertPedalAxis"":false,""pressThreshold"":0.5,""releaseThreshold"":0.20000000298023225,""minimumIntervalSeconds"":5.0,""maximumIntervalSeconds"":10.0,""minimumValidReactionSeconds"":0.10000000149011612,""randomSeed"":1399156556}",,0,0.000000,,CorrectSidePress,0,0,0,,,,,,,0.000000,0,1,PlusMinusKeys,0,1
20261009T073458445Z_ac6ced377dca4bd0965537033c95012f,,,1,1,StimulusOnsetObserved,Visual,2026-10-09T07:35:14.6082860Z,16.149695,12.561561,935,0,0,OperatingSource,0,0,1,2,Left,-1,,,,,1,0,0.000000,TaskSwitchPedal,0,0.500000,0.200000,,0.100000,5.000000,10.000000,1399156556,15.500551,15.497905,15.500551,16.147050,16.149695,0.002646,,1,0,0,0,OperatingSource,Move1,Move1.PickupCoarseMove,Move1,Move1.PickupCoarseMove,1,"{""pedalAxisName"":""TaskSwitchPedal"",""usePlusMinusKeys"":true,""positivePedalKey"":61,""negativePedalKey"":45,""invertPedalAxis"":false,""pressThreshold"":0.5,""releaseThreshold"":0.20000000298023225,""minimumIntervalSeconds"":5.0,""maximumIntervalSeconds"":10.0,""minimumValidReactionSeconds"":0.10000000149011612,""randomSeed"":1399156556}",,0,0.000000,,CorrectSidePress,0,0,0,,,,,,,0.000000,0,0,Axis,0,1
20261009T073458445Z_ac6ced377dca4bd0965537033c95012f,,,1,1,PedalPressed,Visual,2026-10-09T07:35:15.4749115Z,17.016271,13.428538,978,0,0,OperatingSource,0,0,1,2,Left,-1,-1,Correct,1,0.866576,1,0,-1.000000,TaskSwitchPedal,0,0.500000,0.200000,,0.100000,5.000000,10.000000,1399156556,16.367127,15.497905,15.500551,16.147050,16.149695,0.002646,17.016271,1,0,0,0,OperatingSource,Move1,Move1.PickupCoarseMove,Move1,Move1.PickupFineAlign,1,"{""pedalAxisName"":""TaskSwitchPedal"",""usePlusMinusKeys"":true,""positivePedalKey"":61,""negativePedalKey"":45,""invertPedalAxis"":false,""pressThreshold"":0.5,""releaseThreshold"":0.20000000298023225,""minimumIntervalSeconds"":5.0,""maximumIntervalSeconds"":10.0,""minimumValidReactionSeconds"":0.10000000149011612,""randomSeed"":1399156556}",,0,0.000000,0.866576,CorrectSidePress,1,0,0,-1,Correct,1,0.866576,17.016271,0.866576,0.000000,0,1,PlusMinusKeys,0,1
20261009T073458445Z_ac6ced377dca4bd0965537033c95012f,,,1,1,TrialFinished,Visual,2026-10-09T07:35:15.4749115Z,17.016271,13.428538,978,0,0,OperatingSource,0,0,1,2,Left,-1,-1,Correct,1,0.866576,1,0,-1.000000,TaskSwitchPedal,0,0.500000,0.200000,,0.100000,5.000000,10.000000,1399156556,16.367127,15.497905,15.500551,16.147050,16.149695,0.002646,17.016271,0,0,0,0,OperatingSource,Move1,Move1.PickupCoarseMove,Move1,Move1.PickupFineAlign,1,"{""pedalAxisName"":""TaskSwitchPedal"",""usePlusMinusKeys"":true,""positivePedalKey"":61,""negativePedalKey"":45,""invertPedalAxis"":false,""pressThreshold"":0.5,""releaseThreshold"":0.20000000298023225,""minimumIntervalSeconds"":5.0,""maximumIntervalSeconds"":10.0,""minimumValidReactionSeconds"":0.10000000149011612,""randomSeed"":1399156556}",,0,0.000000,0.866576,CorrectSidePress,1,0,0,-1,Correct,1,0.866576,17.016271,0.866576,0.000000,0,1,PlusMinusKeys,0,1
20261009T073458445Z_ac6ced377dca4bd0965537033c95012f,,,1,1,StimulusScheduled,Visual,2026-10-09T07:35:15.4749115Z,17.016612,13.428538,978,0,0,OperatingSource,0,0,1,3,Left,-1,,,,,0,0,-1.000000,TaskSwitchPedal,0,0.500000,0.200000,,0.100000,5.000000,10.000000,1399156556,16.367468,26.064325,,26.713469,,,,0,0,,,,,,Move1,Move1.PickupFineAlign,1,"{""pedalAxisName"":""TaskSwitchPedal"",""usePlusMinusKeys"":true,""positivePedalKey"":61,""negativePedalKey"":45,""invertPedalAxis"":false,""pressThreshold"":0.5,""releaseThreshold"":0.20000000298023225,""minimumIntervalSeconds"":5.0,""maximumIntervalSeconds"":10.0,""minimumValidReactionSeconds"":0.10000000149011612,""randomSeed"":1399156556}",,0,0.000000,,CorrectSidePress,0,0,0,,,,,,,0.000000,0,1,PlusMinusKeys,0,1
20261009T073458445Z_ac6ced377dca4bd0965537033c95012f,,,1,1,StimulusOnsetObserved,Visual,2026-10-09T07:35:25.1740410Z,26.716236,23.128879,1458,0,0,OperatingSource,0,0,1,3,Left,-1,,,,,1,0,0.000000,TaskSwitchPedal,0,0.500000,0.200000,,0.100000,5.000000,10.000000,1399156556,26.067092,26.064325,26.067092,26.713469,26.716236,0.002767,,1,0,0,0,OperatingSource,LiftUp,LiftUp.PickupLowering,LiftUp,LiftUp.PickupLowering,1,"{""pedalAxisName"":""TaskSwitchPedal"",""usePlusMinusKeys"":true,""positivePedalKey"":61,""negativePedalKey"":45,""invertPedalAxis"":false,""pressThreshold"":0.5,""releaseThreshold"":0.20000000298023225,""minimumIntervalSeconds"":5.0,""maximumIntervalSeconds"":10.0,""minimumValidReactionSeconds"":0.10000000149011612,""randomSeed"":1399156556}",,0,0.000000,,CorrectSidePress,0,0,0,,,,,,,0.000000,0,0,Axis,0,1
20261009T073458445Z_ac6ced377dca4bd0965537033c95012f,,,1,1,PedalPressed,Visual,2026-10-09T07:35:26.0138031Z,27.555220,23.966732,1498,0,0,OperatingSource,0,0,1,3,Left,-1,-1,Correct,1,0.838983,1,0,-1.000000,TaskSwitchPedal,0,0.500000,0.200000,,0.100000,5.000000,10.000000,1399156556,26.906075,26.064325,26.067092,26.713469,26.716236,0.002767,27.555220,1,0,0,0,OperatingSource,LiftUp,LiftUp.PickupLowering,LiftUp,LiftUp.PickupLowering,1,"{""pedalAxisName"":""TaskSwitchPedal"",""usePlusMinusKeys"":true,""positivePedalKey"":61,""negativePedalKey"":45,""invertPedalAxis"":false,""pressThreshold"":0.5,""releaseThreshold"":0.20000000298023225,""minimumIntervalSeconds"":5.0,""maximumIntervalSeconds"":10.0,""minimumValidReactionSeconds"":0.10000000149011612,""randomSeed"":1399156556}",,0,0.000000,0.838983,CorrectSidePress,1,0,0,-1,Correct,1,0.838983,27.555220,0.838983,0.000000,0,1,PlusMinusKeys,0,1
20261009T073458445Z_ac6ced377dca4bd0965537033c95012f,,,1,1,TrialFinished,Visual,2026-10-09T07:35:26.0138031Z,27.555220,23.966732,1498,0,0,OperatingSource,0,0,1,3,Left,-1,-1,Correct,1,0.838983,1,0,-1.000000,TaskSwitchPedal,0,0.500000,0.200000,,0.100000,5.000000,10.000000,1399156556,26.906075,26.064325,26.067092,26.713469,26.716236,0.002767,27.555220,0,0,0,0,OperatingSource,LiftUp,LiftUp.PickupLowering,LiftUp,LiftUp.PickupLowering,1,"{""pedalAxisName"":""TaskSwitchPedal"",""usePlusMinusKeys"":true,""positivePedalKey"":61,""negativePedalKey"":45,""invertPedalAxis"":false,""pressThreshold"":0.5,""releaseThreshold"":0.20000000298023225,""minimumIntervalSeconds"":5.0,""maximumIntervalSeconds"":10.0,""minimumValidReactionSeconds"":0.10000000149011612,""randomSeed"":1399156556}",,0,0.000000,0.838983,CorrectSidePress,1,0,0,-1,Correct,1,0.838983,27.555220,0.838983,0.000000,0,1,PlusMinusKeys,0,1
20261009T073458445Z_ac6ced377dca4bd0965537033c95012f,,,1,1,StimulusScheduled,Visual,2026-10-09T07:35:26.0138031Z,27.555652,23.966732,1498,0,0,OperatingSource,0,0,1,4,Right,1,,,,,0,0,-1.000000,TaskSwitchPedal,0,0.500000,0.200000,,0.100000,5.000000,10.000000,1399156556,26.906507,35.889521,,36.538665,,,,0,0,,,,,,LiftUp,LiftUp.PickupLowering,1,"{""pedalAxisName"":""TaskSwitchPedal"",""usePlusMinusKeys"":true,""positivePedalKey"":61,""negativePedalKey"":45,""invertPedalAxis"":false,""pressThreshold"":0.5,""releaseThreshold"":0.20000000298023225,""minimumIntervalSeconds"":5.0,""maximumIntervalSeconds"":10.0,""minimumValidReactionSeconds"":0.10000000149011612,""randomSeed"":1399156556}",,0,0.000000,,CorrectSidePress,0,0,0,,,,,,,0.000000,0,1,PlusMinusKeys,0,1
20261009T073458445Z_ac6ced377dca4bd0965537033c95012f,,,1,1,StimulusOnsetObserved,Visual,2026-10-09T07:35:35.0160895Z,36.557748,32.970601,1903,0,0,OperatingSource,0,0,1,4,Right,1,,,,,1,0,0.000000,TaskSwitchPedal,0,0.500000,0.200000,,0.100000,5.000000,10.000000,1399156556,35.908604,35.889521,35.908604,36.538665,36.557748,0.019083,,0,1,0,0,OperatingSource,LiftUp,LiftUp.LoadedRaising,LiftUp,LiftUp.LoadedRaising,1,"{""pedalAxisName"":""TaskSwitchPedal"",""usePlusMinusKeys"":true,""positivePedalKey"":61,""negativePedalKey"":45,""invertPedalAxis"":false,""pressThreshold"":0.5,""releaseThreshold"":0.20000000298023225,""minimumIntervalSeconds"":5.0,""maximumIntervalSeconds"":10.0,""minimumValidReactionSeconds"":0.10000000149011612,""randomSeed"":1399156556}",,0,0.000000,,CorrectSidePress,0,0,0,,,,,,,0.000000,0,0,Axis,0,1
20261009T073458445Z_ac6ced377dca4bd0965537033c95012f,,,1,1,PedalPressed,Visual,2026-10-09T07:35:36.0037669Z,37.546156,33.959192,1945,0,0,OperatingSource,0,0,1,4,Right,1,1,Correct,1,0.988408,1,0,1.000000,TaskSwitchPedal,0,0.500000,0.200000,,0.100000,5.000000,10.000000,1399156556,36.897012,35.889521,35.908604,36.538665,36.557748,0.019083,37.546156,0,1,0,0,OperatingSource,LiftUp,LiftUp.LoadedRaising,Move2,Move2.DestinationCoarseMove,1,"{""pedalAxisName"":""TaskSwitchPedal"",""usePlusMinusKeys"":true,""positivePedalKey"":61,""negativePedalKey"":45,""invertPedalAxis"":false,""pressThreshold"":0.5,""releaseThreshold"":0.20000000298023225,""minimumIntervalSeconds"":5.0,""maximumIntervalSeconds"":10.0,""minimumValidReactionSeconds"":0.10000000149011612,""randomSeed"":1399156556}",,0,0.000000,0.988408,CorrectSidePress,1,0,0,1,Correct,1,0.988408,37.546156,0.988408,0.000000,1,0,PlusMinusKeys,0,1
20261009T073458445Z_ac6ced377dca4bd0965537033c95012f,,,1,1,TrialFinished,Visual,2026-10-09T07:35:36.0037669Z,37.546156,33.959192,1945,0,0,OperatingSource,0,0,1,4,Right,1,1,Correct,1,0.988408,1,0,1.000000,TaskSwitchPedal,0,0.500000,0.200000,,0.100000,5.000000,10.000000,1399156556,36.897012,35.889521,35.908604,36.538665,36.557748,0.019083,37.546156,0,0,0,0,OperatingSource,LiftUp,LiftUp.LoadedRaising,Move2,Move2.DestinationCoarseMove,1,"{""pedalAxisName"":""TaskSwitchPedal"",""usePlusMinusKeys"":true,""positivePedalKey"":61,""negativePedalKey"":45,""invertPedalAxis"":false,""pressThreshold"":0.5,""releaseThreshold"":0.20000000298023225,""minimumIntervalSeconds"":5.0,""maximumIntervalSeconds"":10.0,""minimumValidReactionSeconds"":0.10000000149011612,""randomSeed"":1399156556}",,0,0.000000,0.988408,CorrectSidePress,1,0,0,1,Correct,1,0.988408,37.546156,0.988408,0.000000,1,0,PlusMinusKeys,0,1
20261009T073458445Z_ac6ced377dca4bd0965537033c95012f,,,1,1,StimulusScheduled,Visual,2026-10-09T07:35:36.0051859Z,37.546535,33.959192,1945,0,0,OperatingSource,0,0,1,5,Left,-1,,,,,0,0,1.000000,TaskSwitchPedal,0,0.500000,0.200000,,0.100000,5.000000,10.000000,1399156556,36.897391,44.140266,,44.789410,,,,0,0,,,,,,Move2,Move2.DestinationCoarseMove,1,"{""pedalAxisName"":""TaskSwitchPedal"",""usePlusMinusKeys"":true,""positivePedalKey"":61,""negativePedalKey"":45,""invertPedalAxis"":false,""pressThreshold"":0.5,""releaseThreshold"":0.20000000298023225,""minimumIntervalSeconds"":5.0,""maximumIntervalSeconds"":10.0,""minimumValidReactionSeconds"":0.10000000149011612,""randomSeed"":1399156556}",,0,0.000000,,CorrectSidePress,0,0,0,,,,,,,0.000000,1,0,PlusMinusKeys,0,1
20261009T073458445Z_ac6ced377dca4bd0965537033c95012f,,,1,1,StimulusOnsetObserved,Visual,2026-10-09T07:35:43.2512913Z,44.793447,41.206015,2268,1,0,WaitingForOperatorSwitch,0,0,1,5,Left,-1,,,,,1,0,0.000000,TaskSwitchPedal,0,0.500000,0.200000,,0.100000,5.000000,10.000000,1399156556,44.144303,44.140266,44.144303,44.789410,44.793447,0.004037,,1,0,1,0,WaitingForOperatorSwitch,Move2,Move2.DestinationCoarseMove,Move2,Move2.DestinationCoarseMove,1,"{""pedalAxisName"":""TaskSwitchPedal"",""usePlusMinusKeys"":true,""positivePedalKey"":61,""negativePedalKey"":45,""invertPedalAxis"":false,""pressThreshold"":0.5,""releaseThreshold"":0.20000000298023225,""minimumIntervalSeconds"":5.0,""maximumIntervalSeconds"":10.0,""minimumValidReactionSeconds"":0.10000000149011612,""randomSeed"":1399156556}",,0,0.000000,,CorrectSidePress,0,0,0,,,,,,,0.000000,0,0,Axis,0,1
20261009T073458445Z_ac6ced377dca4bd0965537033c95012f,,,1,1,PedalPressed,Visual,2026-10-09T07:35:44.2886776Z,45.830571,42.243084,2317,1,0,WaitingForOperatorSwitch,0,0,1,5,Left,-1,-1,Correct,1,1.037124,1,0,-1.000000,TaskSwitchPedal,0,0.500000,0.200000,,0.100000,5.000000,10.000000,1399156556,45.181427,44.140266,44.144303,44.789410,44.793447,0.004037,45.830571,1,0,1,0,WaitingForOperatorSwitch,Move2,Move2.DestinationCoarseMove,Move2,Move2.DestinationCoarseMove,1,"{""pedalAxisName"":""TaskSwitchPedal"",""usePlusMinusKeys"":true,""positivePedalKey"":61,""negativePedalKey"":45,""invertPedalAxis"":false,""pressThreshold"":0.5,""releaseThreshold"":0.20000000298023225,""minimumIntervalSeconds"":5.0,""maximumIntervalSeconds"":10.0,""minimumValidReactionSeconds"":0.10000000149011612,""randomSeed"":1399156556}",,0,0.000000,1.037124,CorrectSidePress,1,0,0,-1,Correct,1,1.037124,45.830571,1.037124,0.000000,0,1,PlusMinusKeys,0,1
20261009T073458445Z_ac6ced377dca4bd0965537033c95012f,,,1,1,TrialFinished,Visual,2026-10-09T07:35:44.2886776Z,45.830571,42.243084,2317,1,0,WaitingForOperatorSwitch,0,0,1,5,Left,-1,-1,Correct,1,1.037124,1,0,-1.000000,TaskSwitchPedal,0,0.500000,0.200000,,0.100000,5.000000,10.000000,1399156556,45.181427,44.140266,44.144303,44.789410,44.793447,0.004037,45.830571,0,0,1,0,WaitingForOperatorSwitch,Move2,Move2.DestinationCoarseMove,Move2,Move2.DestinationCoarseMove,1,"{""pedalAxisName"":""TaskSwitchPedal"",""usePlusMinusKeys"":true,""positivePedalKey"":61,""negativePedalKey"":45,""invertPedalAxis"":false,""pressThreshold"":0.5,""releaseThreshold"":0.20000000298023225,""minimumIntervalSeconds"":5.0,""maximumIntervalSeconds"":10.0,""minimumValidReactionSeconds"":0.10000000149011612,""randomSeed"":1399156556}",,0,0.000000,1.037124,CorrectSidePress,1,0,0,-1,Correct,1,1.037124,45.830571,1.037124,0.000000,0,1,PlusMinusKeys,0,1
20261009T073458445Z_ac6ced377dca4bd0965537033c95012f,,,1,1,StimulusScheduled,Visual,2026-10-09T07:35:44.2886776Z,45.830884,42.243084,2317,1,0,WaitingForOperatorSwitch,0,0,1,6,Right,1,,,,,0,0,-1.000000,TaskSwitchPedal,0,0.500000,0.200000,,0.100000,5.000000,10.000000,1399156556,45.181739,52.514570,,53.163714,,,,0,0,,,,,,Move2,Move2.DestinationCoarseMove,1,"{""pedalAxisName"":""TaskSwitchPedal"",""usePlusMinusKeys"":true,""positivePedalKey"":61,""negativePedalKey"":45,""invertPedalAxis"":false,""pressThreshold"":0.5,""releaseThreshold"":0.20000000298023225,""minimumIntervalSeconds"":5.0,""maximumIntervalSeconds"":10.0,""minimumValidReactionSeconds"":0.10000000149011612,""randomSeed"":1399156556}",,0,0.000000,,CorrectSidePress,0,0,0,,,,,,,0.000000,0,1,PlusMinusKeys,0,1
20261009T073458445Z_ac6ced377dca4bd0965537033c95012f,,,1,1,StimulusOnsetObserved,Visual,2026-10-09T07:35:51.6349823Z,53.177345,49.589691,2655,1,0,WaitingForOperatorSwitch,0,0,1,6,Right,1,,,,,1,0,0.000000,TaskSwitchPedal,0,0.500000,0.200000,,0.100000,5.000000,10.000000,1399156556,52.528200,52.514570,52.528200,53.163714,53.177345,0.013631,,0,1,1,0,WaitingForOperatorSwitch,Move2,Move2.DestinationCoarseMove,Move2,Move2.DestinationCoarseMove,1,"{""pedalAxisName"":""TaskSwitchPedal"",""usePlusMinusKeys"":true,""positivePedalKey"":61,""negativePedalKey"":45,""invertPedalAxis"":false,""pressThreshold"":0.5,""releaseThreshold"":0.20000000298023225,""minimumIntervalSeconds"":5.0,""maximumIntervalSeconds"":10.0,""minimumValidReactionSeconds"":0.10000000149011612,""randomSeed"":1399156556}",,0,0.000000,,CorrectSidePress,0,0,0,,,,,,,0.000000,0,0,Axis,0,1
20261009T073458445Z_ac6ced377dca4bd0965537033c95012f,,,1,1,PedalPressed,Visual,2026-10-09T07:35:52.5792202Z,54.121214,50.534198,2699,1,0,WaitingForOperatorSwitch,0,0,1,6,Right,1,1,Correct,1,0.943870,1,0,1.000000,TaskSwitchPedal,0,0.500000,0.200000,,0.100000,5.000000,10.000000,1399156556,53.472069,52.514570,52.528200,53.163714,53.177345,0.013631,54.121214,0,1,1,0,WaitingForOperatorSwitch,Move2,Move2.DestinationCoarseMove,Move2,Move2.DestinationCoarseMove,1,"{""pedalAxisName"":""TaskSwitchPedal"",""usePlusMinusKeys"":true,""positivePedalKey"":61,""negativePedalKey"":45,""invertPedalAxis"":false,""pressThreshold"":0.5,""releaseThreshold"":0.20000000298023225,""minimumIntervalSeconds"":5.0,""maximumIntervalSeconds"":10.0,""minimumValidReactionSeconds"":0.10000000149011612,""randomSeed"":1399156556}",,0,0.000000,0.943869,CorrectSidePress,1,0,0,1,Correct,1,0.943870,54.121214,0.943869,0.000000,1,0,PlusMinusKeys,0,1
20261009T073458445Z_ac6ced377dca4bd0965537033c95012f,,,1,1,TrialFinished,Visual,2026-10-09T07:35:52.5792202Z,54.121214,50.534198,2699,1,0,WaitingForOperatorSwitch,0,0,1,6,Right,1,1,Correct,1,0.943870,1,0,1.000000,TaskSwitchPedal,0,0.500000,0.200000,,0.100000,5.000000,10.000000,1399156556,53.472069,52.514570,52.528200,53.163714,53.177345,0.013631,54.121214,0,0,1,0,WaitingForOperatorSwitch,Move2,Move2.DestinationCoarseMove,Move2,Move2.DestinationCoarseMove,1,"{""pedalAxisName"":""TaskSwitchPedal"",""usePlusMinusKeys"":true,""positivePedalKey"":61,""negativePedalKey"":45,""invertPedalAxis"":false,""pressThreshold"":0.5,""releaseThreshold"":0.20000000298023225,""minimumIntervalSeconds"":5.0,""maximumIntervalSeconds"":10.0,""minimumValidReactionSeconds"":0.10000000149011612,""randomSeed"":1399156556}",,0,0.000000,0.943869,CorrectSidePress,1,0,0,1,Correct,1,0.943870,54.121214,0.943869,0.000000,1,0,PlusMinusKeys,0,1
20261009T073458445Z_ac6ced377dca4bd0965537033c95012f,,,1,1,StimulusScheduled,Visual,2026-10-09T07:35:52.5792202Z,54.121605,50.534198,2699,1,0,WaitingForOperatorSwitch,0,0,1,7,Left,-1,,,,,0,0,1.000000,TaskSwitchPedal,0,0.500000,0.200000,,0.100000,5.000000,10.000000,1399156556,53.472461,61.253474,,61.902618,,,,0,0,,,,,,Move2,Move2.DestinationCoarseMove,1,"{""pedalAxisName"":""TaskSwitchPedal"",""usePlusMinusKeys"":true,""positivePedalKey"":61,""negativePedalKey"":45,""invertPedalAxis"":false,""pressThreshold"":0.5,""releaseThreshold"":0.20000000298023225,""minimumIntervalSeconds"":5.0,""maximumIntervalSeconds"":10.0,""minimumValidReactionSeconds"":0.10000000149011612,""randomSeed"":1399156556}",,0,0.000000,,CorrectSidePress,0,0,0,,,,,,,0.000000,1,0,PlusMinusKeys,0,1
20261009T073458445Z_ac6ced377dca4bd0965537033c95012f,,,1,1,StimulusOnsetObserved,Visual,2026-10-09T07:36:00.3711468Z,61.913004,58.325619,3073,1,1,OperatingTarget,0,0,1,7,Left,-1,,,,,1,0,0.000000,TaskSwitchPedal,0,0.500000,0.200000,,0.100000,5.000000,10.000000,1399156556,61.263859,61.253474,61.263859,61.902618,61.913004,0.010386,,1,0,1,1,OperatingTarget,Move1,Move1.PickupCoarseMove,Move1,Move1.PickupCoarseMove,1,"{""pedalAxisName"":""TaskSwitchPedal"",""usePlusMinusKeys"":true,""positivePedalKey"":61,""negativePedalKey"":45,""invertPedalAxis"":false,""pressThreshold"":0.5,""releaseThreshold"":0.20000000298023225,""minimumIntervalSeconds"":5.0,""maximumIntervalSeconds"":10.0,""minimumValidReactionSeconds"":0.10000000149011612,""randomSeed"":1399156556}",,0,0.000000,,CorrectSidePress,0,0,0,,,,,,,0.000000,0,0,Axis,0,1
20261009T073458445Z_ac6ced377dca4bd0965537033c95012f,,,1,1,PedalPressed,Visual,2026-10-09T07:36:01.1863722Z,62.728100,59.140892,3113,1,1,OperatingTarget,0,0,1,7,Left,-1,-1,Correct,1,0.815096,1,0,-1.000000,TaskSwitchPedal,0,0.500000,0.200000,,0.100000,5.000000,10.000000,1399156556,62.078955,61.253474,61.263859,61.902618,61.913004,0.010386,62.728100,1,0,1,1,OperatingTarget,Move1,Move1.PickupCoarseMove,Move1,Move1.PickupCoarseMove,1,"{""pedalAxisName"":""TaskSwitchPedal"",""usePlusMinusKeys"":true,""positivePedalKey"":61,""negativePedalKey"":45,""invertPedalAxis"":false,""pressThreshold"":0.5,""releaseThreshold"":0.20000000298023225,""minimumIntervalSeconds"":5.0,""maximumIntervalSeconds"":10.0,""minimumValidReactionSeconds"":0.10000000149011612,""randomSeed"":1399156556}",,0,0.000000,0.815096,CorrectSidePress,1,0,0,-1,Correct,1,0.815096,62.728100,0.815096,0.000000,0,1,PlusMinusKeys,0,1
20261009T073458445Z_ac6ced377dca4bd0965537033c95012f,,,1,1,TrialFinished,Visual,2026-10-09T07:36:01.1863722Z,62.728100,59.140892,3113,1,1,OperatingTarget,0,0,1,7,Left,-1,-1,Correct,1,0.815096,1,0,-1.000000,TaskSwitchPedal,0,0.500000,0.200000,,0.100000,5.000000,10.000000,1399156556,62.078955,61.253474,61.263859,61.902618,61.913004,0.010386,62.728100,0,0,1,1,OperatingTarget,Move1,Move1.PickupCoarseMove,Move1,Move1.PickupCoarseMove,1,"{""pedalAxisName"":""TaskSwitchPedal"",""usePlusMinusKeys"":true,""positivePedalKey"":61,""negativePedalKey"":45,""invertPedalAxis"":false,""pressThreshold"":0.5,""releaseThreshold"":0.20000000298023225,""minimumIntervalSeconds"":5.0,""maximumIntervalSeconds"":10.0,""minimumValidReactionSeconds"":0.10000000149011612,""randomSeed"":1399156556}",,0,0.000000,0.815096,CorrectSidePress,1,0,0,-1,Correct,1,0.815096,62.728100,0.815096,0.000000,0,1,PlusMinusKeys,0,1
20261009T073458445Z_ac6ced377dca4bd0965537033c95012f,,,1,1,StimulusScheduled,Visual,2026-10-09T07:36:01.1863722Z,62.728470,59.140892,3113,1,1,OperatingTarget,0,0,1,8,Left,-1,,,,,0,0,-1.000000,TaskSwitchPedal,0,0.500000,0.200000,,0.100000,5.000000,10.000000,1399156556,62.079326,71.698793,,72.347937,,,,0,0,,,,,,Move1,Move1.PickupCoarseMove,1,"{""pedalAxisName"":""TaskSwitchPedal"",""usePlusMinusKeys"":true,""positivePedalKey"":61,""negativePedalKey"":45,""invertPedalAxis"":false,""pressThreshold"":0.5,""releaseThreshold"":0.20000000298023225,""minimumIntervalSeconds"":5.0,""maximumIntervalSeconds"":10.0,""minimumValidReactionSeconds"":0.10000000149011612,""randomSeed"":1399156556}",,0,0.000000,,CorrectSidePress,0,0,0,,,,,,,0.000000,0,1,PlusMinusKeys,0,1
20261009T073458445Z_ac6ced377dca4bd0965537033c95012f,,,1,1,StimulusOnsetObserved,Visual,2026-10-09T07:36:10.8188902Z,72.360590,68.773088,3583,1,1,OperatingTarget,0,0,1,8,Left,-1,,,,,1,0,0.000000,TaskSwitchPedal,0,0.500000,0.200000,,0.100000,5.000000,10.000000,1399156556,71.711446,71.698793,71.711446,72.347937,72.360590,0.012653,,1,0,1,1,OperatingTarget,Move1,Move1.PickupFineAlign,Move1,Move1.PickupFineAlign,1,"{""pedalAxisName"":""TaskSwitchPedal"",""usePlusMinusKeys"":true,""positivePedalKey"":61,""negativePedalKey"":45,""invertPedalAxis"":false,""pressThreshold"":0.5,""releaseThreshold"":0.20000000298023225,""minimumIntervalSeconds"":5.0,""maximumIntervalSeconds"":10.0,""minimumValidReactionSeconds"":0.10000000149011612,""randomSeed"":1399156556}",,0,0.000000,,CorrectSidePress,0,0,0,,,,,,,0.000000,0,0,Axis,0,1
20261009T073458445Z_ac6ced377dca4bd0965537033c95012f,,,1,1,PedalPressed,Visual,2026-10-09T07:36:11.8683721Z,73.410617,69.823050,3632,1,1,OperatingTarget,0,0,1,8,Left,-1,-1,Correct,1,1.050027,1,0,-1.000000,TaskSwitchPedal,0,0.500000,0.200000,,0.100000,5.000000,10.000000,1399156556,72.761472,71.698793,71.711446,72.347937,72.360590,0.012653,73.410617,1,0,1,1,OperatingTarget,Move1,Move1.PickupFineAlign,Move1,Move1.PickupFineAlign,1,"{""pedalAxisName"":""TaskSwitchPedal"",""usePlusMinusKeys"":true,""positivePedalKey"":61,""negativePedalKey"":45,""invertPedalAxis"":false,""pressThreshold"":0.5,""releaseThreshold"":0.20000000298023225,""minimumIntervalSeconds"":5.0,""maximumIntervalSeconds"":10.0,""minimumValidReactionSeconds"":0.10000000149011612,""randomSeed"":1399156556}",,0,0.000000,1.050027,CorrectSidePress,1,0,0,-1,Correct,1,1.050027,73.410617,1.050027,0.000000,0,1,PlusMinusKeys,0,1
20261009T073458445Z_ac6ced377dca4bd0965537033c95012f,,,1,1,TrialFinished,Visual,2026-10-09T07:36:11.8683721Z,73.410617,69.823050,3632,1,1,OperatingTarget,0,0,1,8,Left,-1,-1,Correct,1,1.050027,1,0,-1.000000,TaskSwitchPedal,0,0.500000,0.200000,,0.100000,5.000000,10.000000,1399156556,72.761472,71.698793,71.711446,72.347937,72.360590,0.012653,73.410617,0,0,1,1,OperatingTarget,Move1,Move1.PickupFineAlign,Move1,Move1.PickupFineAlign,1,"{""pedalAxisName"":""TaskSwitchPedal"",""usePlusMinusKeys"":true,""positivePedalKey"":61,""negativePedalKey"":45,""invertPedalAxis"":false,""pressThreshold"":0.5,""releaseThreshold"":0.20000000298023225,""minimumIntervalSeconds"":5.0,""maximumIntervalSeconds"":10.0,""minimumValidReactionSeconds"":0.10000000149011612,""randomSeed"":1399156556}",,0,0.000000,1.050027,CorrectSidePress,1,0,0,-1,Correct,1,1.050027,73.410617,1.050027,0.000000,0,1,PlusMinusKeys,0,1
20261009T073458445Z_ac6ced377dca4bd0965537033c95012f,,,1,1,StimulusScheduled,Visual,2026-10-09T07:36:11.8693639Z,73.411021,69.823050,3632,1,1,OperatingTarget,0,0,1,9,Left,-1,,,,,0,0,-1.000000,TaskSwitchPedal,0,0.500000,0.200000,,0.100000,5.000000,10.000000,1399156556,72.761877,81.396228,,82.045372,,,,0,0,,,,,,Move1,Move1.PickupFineAlign,1,"{""pedalAxisName"":""TaskSwitchPedal"",""usePlusMinusKeys"":true,""positivePedalKey"":61,""negativePedalKey"":45,""invertPedalAxis"":false,""pressThreshold"":0.5,""releaseThreshold"":0.20000000298023225,""minimumIntervalSeconds"":5.0,""maximumIntervalSeconds"":10.0,""minimumValidReactionSeconds"":0.10000000149011612,""randomSeed"":1399156556}",,0,0.000000,,CorrectSidePress,0,0,0,,,,,,,0.000000,0,1,PlusMinusKeys,0,1
20261009T073458445Z_ac6ced377dca4bd0965537033c95012f,,,1,1,StimulusOnsetObserved,Visual,2026-10-09T07:36:20.5131765Z,82.054982,78.467284,4033,1,1,OperatingTarget,0,0,1,9,Left,-1,,,,,1,0,0.000000,TaskSwitchPedal,0,0.500000,0.200000,,0.100000,5.000000,10.000000,1399156556,81.405837,81.396228,81.405837,82.045372,82.054982,0.009610,,1,0,1,1,OperatingTarget,LiftUp,LiftUp.PickupLowering,LiftUp,LiftUp.PickupLowering,1,"{""pedalAxisName"":""TaskSwitchPedal"",""usePlusMinusKeys"":true,""positivePedalKey"":61,""negativePedalKey"":45,""invertPedalAxis"":false,""pressThreshold"":0.5,""releaseThreshold"":0.20000000298023225,""minimumIntervalSeconds"":5.0,""maximumIntervalSeconds"":10.0,""minimumValidReactionSeconds"":0.10000000149011612,""randomSeed"":1399156556}",,0,0.000000,,CorrectSidePress,0,0,0,,,,,,,0.000000,0,0,Axis,0,1
20261009T073458445Z_ac6ced377dca4bd0965537033c95012f,,,1,1,PedalPressed,Visual,2026-10-09T07:36:21.2087252Z,82.751466,79.163013,4065,1,1,OperatingTarget,0,0,1,9,Left,-1,-1,Correct,1,0.696485,1,0,-1.000000,TaskSwitchPedal,0,0.500000,0.200000,,0.100000,5.000000,10.000000,1399156556,82.102322,81.396228,81.405837,82.045372,82.054982,0.009610,82.751466,1,0,1,1,OperatingTarget,LiftUp,LiftUp.PickupLowering,LiftUp,LiftUp.PickupLowering,1,"{""pedalAxisName"":""TaskSwitchPedal"",""usePlusMinusKeys"":true,""positivePedalKey"":61,""negativePedalKey"":45,""invertPedalAxis"":false,""pressThreshold"":0.5,""releaseThreshold"":0.20000000298023225,""minimumIntervalSeconds"":5.0,""maximumIntervalSeconds"":10.0,""minimumValidReactionSeconds"":0.10000000149011612,""randomSeed"":1399156556}",,0,0.000000,0.696485,CorrectSidePress,1,0,0,-1,Correct,1,0.696485,82.751466,0.696485,0.000000,0,1,PlusMinusKeys,0,1
20261009T073458445Z_ac6ced377dca4bd0965537033c95012f,,,1,1,TrialFinished,Visual,2026-10-09T07:36:21.2087252Z,82.751466,79.163013,4065,1,1,OperatingTarget,0,0,1,9,Left,-1,-1,Correct,1,0.696485,1,0,-1.000000,TaskSwitchPedal,0,0.500000,0.200000,,0.100000,5.000000,10.000000,1399156556,82.102322,81.396228,81.405837,82.045372,82.054982,0.009610,82.751466,0,0,1,1,OperatingTarget,LiftUp,LiftUp.PickupLowering,LiftUp,LiftUp.PickupLowering,1,"{""pedalAxisName"":""TaskSwitchPedal"",""usePlusMinusKeys"":true,""positivePedalKey"":61,""negativePedalKey"":45,""invertPedalAxis"":false,""pressThreshold"":0.5,""releaseThreshold"":0.20000000298023225,""minimumIntervalSeconds"":5.0,""maximumIntervalSeconds"":10.0,""minimumValidReactionSeconds"":0.10000000149011612,""randomSeed"":1399156556}",,0,0.000000,0.696485,CorrectSidePress,1,0,0,-1,Correct,1,0.696485,82.751466,0.696485,0.000000,0,1,PlusMinusKeys,0,1
20261009T073458445Z_ac6ced377dca4bd0965537033c95012f,,,1,1,StimulusScheduled,Visual,2026-10-09T07:36:21.2099583Z,82.751937,79.163013,4065,1,1,OperatingTarget,0,0,1,10,Left,-1,,,,,0,0,-1.000000,TaskSwitchPedal,0,0.500000,0.200000,,0.100000,5.000000,10.000000,1399156556,82.102793,88.149000,,88.798144,,,,0,0,,,,,,LiftUp,LiftUp.PickupLowering,1,"{""pedalAxisName"":""TaskSwitchPedal"",""usePlusMinusKeys"":true,""positivePedalKey"":61,""negativePedalKey"":45,""invertPedalAxis"":false,""pressThreshold"":0.5,""releaseThreshold"":0.20000000298023225,""minimumIntervalSeconds"":5.0,""maximumIntervalSeconds"":10.0,""minimumValidReactionSeconds"":0.10000000149011612,""randomSeed"":1399156556}",,0,0.000000,,CorrectSidePress,0,0,0,,,,,,,0.000000,0,1,PlusMinusKeys,0,1
20261009T073458445Z_ac6ced377dca4bd0965537033c95012f,,,1,1,StimulusOnsetObserved,Visual,2026-10-09T07:36:27.2766474Z,88.818789,85.228160,4335,1,1,OperatingTarget,0,0,1,10,Left,-1,,,,,1,0,0.000000,TaskSwitchPedal,0,0.500000,0.200000,,0.100000,5.000000,10.000000,1399156556,88.169644,88.149000,88.169644,88.798144,88.818789,0.020645,,1,0,1,1,OperatingTarget,LiftUp,LiftUp.LoadedRaising,LiftUp,LiftUp.LoadedRaising,1,"{""pedalAxisName"":""TaskSwitchPedal"",""usePlusMinusKeys"":true,""positivePedalKey"":61,""negativePedalKey"":45,""invertPedalAxis"":false,""pressThreshold"":0.5,""releaseThreshold"":0.20000000298023225,""minimumIntervalSeconds"":5.0,""maximumIntervalSeconds"":10.0,""minimumValidReactionSeconds"":0.10000000149011612,""randomSeed"":1399156556}",,0,0.000000,,CorrectSidePress,0,0,0,,,,,,,0.000000,0,0,Axis,0,1
20261009T073458445Z_ac6ced377dca4bd0965537033c95012f,,,1,1,PedalPressed,Visual,2026-10-09T07:36:28.2578337Z,89.800127,86.212220,4379,1,1,OperatingTarget,0,0,1,10,Left,-1,-1,Correct,1,0.981338,1,0,-1.000000,TaskSwitchPedal,0,0.500000,0.200000,,0.100000,5.000000,10.000000,1399156556,89.150982,88.149000,88.169644,88.798144,88.818789,0.020645,89.800127,1,0,1,1,OperatingTarget,LiftUp,LiftUp.LoadedRaising,LiftUp,LiftUp.LoadedRaising,1,"{""pedalAxisName"":""TaskSwitchPedal"",""usePlusMinusKeys"":true,""positivePedalKey"":61,""negativePedalKey"":45,""invertPedalAxis"":false,""pressThreshold"":0.5,""releaseThreshold"":0.20000000298023225,""minimumIntervalSeconds"":5.0,""maximumIntervalSeconds"":10.0,""minimumValidReactionSeconds"":0.10000000149011612,""randomSeed"":1399156556}",,0,0.000000,0.981338,CorrectSidePress,1,0,0,-1,Correct,1,0.981338,89.800127,0.981338,0.000000,0,1,PlusMinusKeys,0,1
20261009T073458445Z_ac6ced377dca4bd0965537033c95012f,,,1,1,TrialFinished,Visual,2026-10-09T07:36:28.2578337Z,89.800127,86.212220,4379,1,1,OperatingTarget,0,0,1,10,Left,-1,-1,Correct,1,0.981338,1,0,-1.000000,TaskSwitchPedal,0,0.500000,0.200000,,0.100000,5.000000,10.000000,1399156556,89.150982,88.149000,88.169644,88.798144,88.818789,0.020645,89.800127,0,0,1,1,OperatingTarget,LiftUp,LiftUp.LoadedRaising,LiftUp,LiftUp.LoadedRaising,1,"{""pedalAxisName"":""TaskSwitchPedal"",""usePlusMinusKeys"":true,""positivePedalKey"":61,""negativePedalKey"":45,""invertPedalAxis"":false,""pressThreshold"":0.5,""releaseThreshold"":0.20000000298023225,""minimumIntervalSeconds"":5.0,""maximumIntervalSeconds"":10.0,""minimumValidReactionSeconds"":0.10000000149011612,""randomSeed"":1399156556}",,0,0.000000,0.981338,CorrectSidePress,1,0,0,-1,Correct,1,0.981338,89.800127,0.981338,0.000000,0,1,PlusMinusKeys,0,1
20261009T073458445Z_ac6ced377dca4bd0965537033c95012f,,,1,1,StimulusScheduled,Visual,2026-10-09T07:36:28.2578337Z,89.800526,86.212220,4379,1,1,OperatingTarget,0,0,1,11,Right,1,,,,,0,0,-1.000000,TaskSwitchPedal,0,0.500000,0.200000,,0.100000,5.000000,10.000000,1399156556,89.151382,96.499263,,97.148408,,,,0,0,,,,,,LiftUp,LiftUp.LoadedRaising,1,"{""pedalAxisName"":""TaskSwitchPedal"",""usePlusMinusKeys"":true,""positivePedalKey"":61,""negativePedalKey"":45,""invertPedalAxis"":false,""pressThreshold"":0.5,""releaseThreshold"":0.20000000298023225,""minimumIntervalSeconds"":5.0,""maximumIntervalSeconds"":10.0,""minimumValidReactionSeconds"":0.10000000149011612,""randomSeed"":1399156556}",,0,0.000000,,CorrectSidePress,0,0,0,,,,,,,0.000000,0,1,PlusMinusKeys,0,1
20261009T073458445Z_ac6ced377dca4bd0965537033c95012f,,,1,1,StimulusOnsetObserved,Visual,2026-10-09T07:36:35.6122405Z,97.154555,93.566386,4722,1,0,OperatingSource,0,0,1,11,Right,1,,,,,1,0,0.000000,TaskSwitchPedal,0,0.500000,0.200000,,0.100000,5.000000,10.000000,1399156556,96.505411,96.499263,96.505411,97.148408,97.154555,0.006148,,0,1,1,0,OperatingSource,Place,Place.PlacementLowering,Place,Place.PlacementLowering,1,"{""pedalAxisName"":""TaskSwitchPedal"",""usePlusMinusKeys"":true,""positivePedalKey"":61,""negativePedalKey"":45,""invertPedalAxis"":false,""pressThreshold"":0.5,""releaseThreshold"":0.20000000298023225,""minimumIntervalSeconds"":5.0,""maximumIntervalSeconds"":10.0,""minimumValidReactionSeconds"":0.10000000149011612,""randomSeed"":1399156556}",,0,0.000000,,CorrectSidePress,0,0,0,,,,,,,0.000000,0,0,Axis,0,1
20261009T073458445Z_ac6ced377dca4bd0965537033c95012f,,,1,1,PedalPressed,Visual,2026-10-09T07:36:36.5538798Z,98.096202,94.507302,4761,1,0,OperatingSource,0,0,1,11,Right,1,1,Correct,1,0.941646,1,0,1.000000,TaskSwitchPedal,0,0.500000,0.200000,,0.100000,5.000000,10.000000,1399156556,97.447057,96.499263,96.505411,97.148408,97.154555,0.006148,98.096202,0,1,1,0,OperatingSource,Place,Place.PlacementLowering,Place,Place.PlacementLowering,1,"{""pedalAxisName"":""TaskSwitchPedal"",""usePlusMinusKeys"":true,""positivePedalKey"":61,""negativePedalKey"":45,""invertPedalAxis"":false,""pressThreshold"":0.5,""releaseThreshold"":0.20000000298023225,""minimumIntervalSeconds"":5.0,""maximumIntervalSeconds"":10.0,""minimumValidReactionSeconds"":0.10000000149011612,""randomSeed"":1399156556}",,0,0.000000,0.941646,CorrectSidePress,1,0,0,1,Correct,1,0.941646,98.096202,0.941646,0.000000,1,0,PlusMinusKeys,0,1
20261009T073458445Z_ac6ced377dca4bd0965537033c95012f,,,1,1,TrialFinished,Visual,2026-10-09T07:36:36.5543894Z,98.096202,94.507302,4761,1,0,OperatingSource,0,0,1,11,Right,1,1,Correct,1,0.941646,1,0,1.000000,TaskSwitchPedal,0,0.500000,0.200000,,0.100000,5.000000,10.000000,1399156556,97.447057,96.499263,96.505411,97.148408,97.154555,0.006148,98.096202,0,0,1,0,OperatingSource,Place,Place.PlacementLowering,Place,Place.PlacementLowering,1,"{""pedalAxisName"":""TaskSwitchPedal"",""usePlusMinusKeys"":true,""positivePedalKey"":61,""negativePedalKey"":45,""invertPedalAxis"":false,""pressThreshold"":0.5,""releaseThreshold"":0.20000000298023225,""minimumIntervalSeconds"":5.0,""maximumIntervalSeconds"":10.0,""minimumValidReactionSeconds"":0.10000000149011612,""randomSeed"":1399156556}",,0,0.000000,0.941646,CorrectSidePress,1,0,0,1,Correct,1,0.941646,98.096202,0.941646,0.000000,1,0,PlusMinusKeys,0,1
20261009T073458445Z_ac6ced377dca4bd0965537033c95012f,,,1,1,StimulusScheduled,Visual,2026-10-09T07:36:36.5543894Z,98.096725,94.507302,4761,1,0,OperatingSource,0,0,1,12,Left,-1,,,,,0,0,1.000000,TaskSwitchPedal,0,0.500000,0.200000,,0.100000,5.000000,10.000000,1399156556,97.447581,103.587443,,104.236587,,,,0,0,,,,,,Place,Place.PlacementLowering,1,"{""pedalAxisName"":""TaskSwitchPedal"",""usePlusMinusKeys"":true,""positivePedalKey"":61,""negativePedalKey"":45,""invertPedalAxis"":false,""pressThreshold"":0.5,""releaseThreshold"":0.20000000298023225,""minimumIntervalSeconds"":5.0,""maximumIntervalSeconds"":10.0,""minimumValidReactionSeconds"":0.10000000149011612,""randomSeed"":1399156556}",,0,0.000000,,CorrectSidePress,0,0,0,,,,,,,0.000000,1,0,PlusMinusKeys,0,1
20261009T073458445Z_ac6ced377dca4bd0965537033c95012f,,,1,1,StimulusOnsetObserved,Visual,2026-10-09T07:36:42.7057354Z,104.248722,100.661670,5015,1,0,OperatingSource,0,0,1,12,Left,-1,,,,,1,0,0.000000,TaskSwitchPedal,0,0.500000,0.200000,,0.100000,5.000000,10.000000,1399156556,103.599577,103.587443,103.599577,104.236587,104.248722,0.012134,,1,0,1,0,OperatingSource,Place,Place.PostPlacementRaising,Place,Place.PostPlacementRaising,1,"{""pedalAxisName"":""TaskSwitchPedal"",""usePlusMinusKeys"":true,""positivePedalKey"":61,""negativePedalKey"":45,""invertPedalAxis"":false,""pressThreshold"":0.5,""releaseThreshold"":0.20000000298023225,""minimumIntervalSeconds"":5.0,""maximumIntervalSeconds"":10.0,""minimumValidReactionSeconds"":0.10000000149011612,""randomSeed"":1399156556}",,0,0.000000,,CorrectSidePress,0,0,0,,,,,,,0.000000,0,0,Axis,0,1
20261009T073458445Z_ac6ced377dca4bd0965537033c95012f,,,1,1,PedalPressed,Visual,2026-10-09T07:36:43.4101706Z,104.952895,101.365776,5051,1,0,OperatingSource,0,0,1,12,Left,-1,-1,Correct,1,0.704174,1,0,-1.000000,TaskSwitchPedal,0,0.500000,0.200000,,0.100000,5.000000,10.000000,1399156556,104.303751,103.587443,103.599577,104.236587,104.248722,0.012134,104.952895,1,0,1,0,OperatingSource,Place,Place.PostPlacementRaising,Place,Place.PostPlacementRaising,1,"{""pedalAxisName"":""TaskSwitchPedal"",""usePlusMinusKeys"":true,""positivePedalKey"":61,""negativePedalKey"":45,""invertPedalAxis"":false,""pressThreshold"":0.5,""releaseThreshold"":0.20000000298023225,""minimumIntervalSeconds"":5.0,""maximumIntervalSeconds"":10.0,""minimumValidReactionSeconds"":0.10000000149011612,""randomSeed"":1399156556}",,0,0.000000,0.704174,CorrectSidePress,1,0,0,-1,Correct,1,0.704174,104.952895,0.704174,0.000000,0,1,PlusMinusKeys,0,1
20261009T073458445Z_ac6ced377dca4bd0965537033c95012f,,,1,1,TrialFinished,Visual,2026-10-09T07:36:43.4101706Z,104.952895,101.365776,5051,1,0,OperatingSource,0,0,1,12,Left,-1,-1,Correct,1,0.704174,1,0,-1.000000,TaskSwitchPedal,0,0.500000,0.200000,,0.100000,5.000000,10.000000,1399156556,104.303751,103.587443,103.599577,104.236587,104.248722,0.012134,104.952895,0,0,1,0,OperatingSource,Place,Place.PostPlacementRaising,Place,Place.PostPlacementRaising,1,"{""pedalAxisName"":""TaskSwitchPedal"",""usePlusMinusKeys"":true,""positivePedalKey"":61,""negativePedalKey"":45,""invertPedalAxis"":false,""pressThreshold"":0.5,""releaseThreshold"":0.20000000298023225,""minimumIntervalSeconds"":5.0,""maximumIntervalSeconds"":10.0,""minimumValidReactionSeconds"":0.10000000149011612,""randomSeed"":1399156556}",,0,0.000000,0.704174,CorrectSidePress,1,0,0,-1,Correct,1,0.704174,104.952895,0.704174,0.000000,0,1,PlusMinusKeys,0,1
20261009T073458445Z_ac6ced377dca4bd0965537033c95012f,,,1,1,StimulusScheduled,Visual,2026-10-09T07:36:43.4111704Z,104.953290,101.365776,5051,1,0,OperatingSource,0,0,1,13,Left,-1,,,,,0,0,-1.000000,TaskSwitchPedal,0,0.500000,0.200000,,0.100000,5.000000,10.000000,1399156556,104.304146,110.473451,,111.122596,,,,0,0,,,,,,Place,Place.PostPlacementRaising,1,"{""pedalAxisName"":""TaskSwitchPedal"",""usePlusMinusKeys"":true,""positivePedalKey"":61,""negativePedalKey"":45,""invertPedalAxis"":false,""pressThreshold"":0.5,""releaseThreshold"":0.20000000298023225,""minimumIntervalSeconds"":5.0,""maximumIntervalSeconds"":10.0,""minimumValidReactionSeconds"":0.10000000149011612,""randomSeed"":1399156556}",,0,0.000000,,CorrectSidePress,0,0,0,,,,,,,0.000000,0,1,PlusMinusKeys,0,1
20261009T073458445Z_ac6ced377dca4bd0965537033c95012f,,,1,1,StimulusOnsetObserved,Visual,2026-10-09T07:36:49.5893549Z,111.131600,107.545000,5365,1,0,OperatingSource,0,0,1,13,Left,-1,,,,,1,0,0.000000,TaskSwitchPedal,0,0.500000,0.200000,,0.100000,5.000000,10.000000,1399156556,110.482456,110.473451,110.482456,111.122596,111.131600,0.009004,,1,0,1,0,OperatingSource,Move1,Move1.PickupCoarseMove,Move1,Move1.PickupCoarseMove,1,"{""pedalAxisName"":""TaskSwitchPedal"",""usePlusMinusKeys"":true,""positivePedalKey"":61,""negativePedalKey"":45,""invertPedalAxis"":false,""pressThreshold"":0.5,""releaseThreshold"":0.20000000298023225,""minimumIntervalSeconds"":5.0,""maximumIntervalSeconds"":10.0,""minimumValidReactionSeconds"":0.10000000149011612,""randomSeed"":1399156556}",,0,0.000000,,CorrectSidePress,0,0,0,,,,,,,0.000000,0,0,Axis,0,1
20261009T073458445Z_ac6ced377dca4bd0965537033c95012f,,,1,1,PedalPressed,Visual,2026-10-09T07:36:50.3509174Z,111.892999,108.306063,5404,1,0,OperatingSource,0,0,1,13,Left,-1,-1,Correct,1,0.761399,1,0,-1.000000,TaskSwitchPedal,0,0.500000,0.200000,,0.100000,5.000000,10.000000,1399156556,111.243855,110.473451,110.482456,111.122596,111.131600,0.009004,111.892999,1,0,1,0,OperatingSource,Move1,Move1.PickupCoarseMove,Move1,Move1.PickupCoarseMove,1,"{""pedalAxisName"":""TaskSwitchPedal"",""usePlusMinusKeys"":true,""positivePedalKey"":61,""negativePedalKey"":45,""invertPedalAxis"":false,""pressThreshold"":0.5,""releaseThreshold"":0.20000000298023225,""minimumIntervalSeconds"":5.0,""maximumIntervalSeconds"":10.0,""minimumValidReactionSeconds"":0.10000000149011612,""randomSeed"":1399156556}",,0,0.000000,0.761399,CorrectSidePress,1,0,0,-1,Correct,1,0.761399,111.892999,0.761399,0.000000,0,1,PlusMinusKeys,0,1
20261009T073458445Z_ac6ced377dca4bd0965537033c95012f,,,1,1,TrialFinished,Visual,2026-10-09T07:36:50.3509174Z,111.892999,108.306063,5404,1,0,OperatingSource,0,0,1,13,Left,-1,-1,Correct,1,0.761399,1,0,-1.000000,TaskSwitchPedal,0,0.500000,0.200000,,0.100000,5.000000,10.000000,1399156556,111.243855,110.473451,110.482456,111.122596,111.131600,0.009004,111.892999,0,0,1,0,OperatingSource,Move1,Move1.PickupCoarseMove,Move1,Move1.PickupCoarseMove,1,"{""pedalAxisName"":""TaskSwitchPedal"",""usePlusMinusKeys"":true,""positivePedalKey"":61,""negativePedalKey"":45,""invertPedalAxis"":false,""pressThreshold"":0.5,""releaseThreshold"":0.20000000298023225,""minimumIntervalSeconds"":5.0,""maximumIntervalSeconds"":10.0,""minimumValidReactionSeconds"":0.10000000149011612,""randomSeed"":1399156556}",,0,0.000000,0.761399,CorrectSidePress,1,0,0,-1,Correct,1,0.761399,111.892999,0.761399,0.000000,0,1,PlusMinusKeys,0,1
20261009T073458445Z_ac6ced377dca4bd0965537033c95012f,,,1,1,StimulusScheduled,Visual,2026-10-09T07:36:50.3509174Z,111.893405,108.306063,5404,1,0,OperatingSource,0,0,1,14,Right,1,,,,,0,0,-1.000000,TaskSwitchPedal,0,0.500000,0.200000,,0.100000,5.000000,10.000000,1399156556,111.244260,119.435380,,120.084524,,,,0,0,,,,,,Move1,Move1.PickupCoarseMove,1,"{""pedalAxisName"":""TaskSwitchPedal"",""usePlusMinusKeys"":true,""positivePedalKey"":61,""negativePedalKey"":45,""invertPedalAxis"":false,""pressThreshold"":0.5,""releaseThreshold"":0.20000000298023225,""minimumIntervalSeconds"":5.0,""maximumIntervalSeconds"":10.0,""minimumValidReactionSeconds"":0.10000000149011612,""randomSeed"":1399156556}",,0,0.000000,,CorrectSidePress,0,0,0,,,,,,,0.000000,0,1,PlusMinusKeys,0,1
20261009T073458445Z_ac6ced377dca4bd0965537033c95012f,,,1,1,StimulusOnsetObserved,Visual,2026-10-09T07:36:58.5449359Z,120.088057,116.500936,5794,1,0,OperatingSource,0,0,1,14,Right,1,,,,,1,0,0.000000,TaskSwitchPedal,0,0.500000,0.200000,,0.100000,5.000000,10.000000,1399156556,119.438913,119.435380,119.438913,120.084524,120.088057,0.003533,,0,1,1,0,OperatingSource,Move1,Move1.PickupCoarseMove,Move1,Move1.PickupCoarseMove,1,"{""pedalAxisName"":""TaskSwitchPedal"",""usePlusMinusKeys"":true,""positivePedalKey"":61,""negativePedalKey"":45,""invertPedalAxis"":false,""pressThreshold"":0.5,""releaseThreshold"":0.20000000298023225,""minimumIntervalSeconds"":5.0,""maximumIntervalSeconds"":10.0,""minimumValidReactionSeconds"":0.10000000149011612,""randomSeed"":1399156556}",,0,0.000000,,CorrectSidePress,0,0,0,,,,,,,0.000000,0,0,Axis,0,1
20261009T073458445Z_ac6ced377dca4bd0965537033c95012f,,,1,1,PedalPressed,Visual,2026-10-09T07:36:59.4757076Z,121.018340,117.430915,5837,1,0,OperatingSource,0,0,1,14,Right,1,1,Correct,1,0.930283,1,0,1.000000,TaskSwitchPedal,0,0.500000,0.200000,,0.100000,5.000000,10.000000,1399156556,120.369196,119.435380,119.438913,120.084524,120.088057,0.003533,121.018340,0,1,1,0,OperatingSource,Move1,Move1.PickupCoarseMove,Move1,Move1.PickupCoarseMove,1,"{""pedalAxisName"":""TaskSwitchPedal"",""usePlusMinusKeys"":true,""positivePedalKey"":61,""negativePedalKey"":45,""invertPedalAxis"":false,""pressThreshold"":0.5,""releaseThreshold"":0.20000000298023225,""minimumIntervalSeconds"":5.0,""maximumIntervalSeconds"":10.0,""minimumValidReactionSeconds"":0.10000000149011612,""randomSeed"":1399156556}",,0,0.000000,0.930283,CorrectSidePress,1,0,0,1,Correct,1,0.930283,121.018340,0.930283,0.000000,1,0,PlusMinusKeys,0,1
20261009T073458445Z_ac6ced377dca4bd0965537033c95012f,,,1,1,TrialFinished,Visual,2026-10-09T07:36:59.4757076Z,121.018340,117.430915,5837,1,0,OperatingSource,0,0,1,14,Right,1,1,Correct,1,0.930283,1,0,1.000000,TaskSwitchPedal,0,0.500000,0.200000,,0.100000,5.000000,10.000000,1399156556,120.369196,119.435380,119.438913,120.084524,120.088057,0.003533,121.018340,0,0,1,0,OperatingSource,Move1,Move1.PickupCoarseMove,Move1,Move1.PickupCoarseMove,1,"{""pedalAxisName"":""TaskSwitchPedal"",""usePlusMinusKeys"":true,""positivePedalKey"":61,""negativePedalKey"":45,""invertPedalAxis"":false,""pressThreshold"":0.5,""releaseThreshold"":0.20000000298023225,""minimumIntervalSeconds"":5.0,""maximumIntervalSeconds"":10.0,""minimumValidReactionSeconds"":0.10000000149011612,""randomSeed"":1399156556}",,0,0.000000,0.930283,CorrectSidePress,1,0,0,1,Correct,1,0.930283,121.018340,0.930283,0.000000,1,0,PlusMinusKeys,0,1
20261009T073458445Z_ac6ced377dca4bd0965537033c95012f,,,1,1,StimulusScheduled,Visual,2026-10-09T07:36:59.4757076Z,121.018800,117.430915,5837,1,0,OperatingSource,0,0,1,15,Left,-1,,,,,0,0,1.000000,TaskSwitchPedal,0,0.500000,0.200000,,0.100000,5.000000,10.000000,1399156556,120.369656,129.136402,,129.785547,,,,0,0,,,,,,Move1,Move1.PickupCoarseMove,1,"{""pedalAxisName"":""TaskSwitchPedal"",""usePlusMinusKeys"":true,""positivePedalKey"":61,""negativePedalKey"":45,""invertPedalAxis"":false,""pressThreshold"":0.5,""releaseThreshold"":0.20000000298023225,""minimumIntervalSeconds"":5.0,""maximumIntervalSeconds"":10.0,""minimumValidReactionSeconds"":0.10000000149011612,""randomSeed"":1399156556}",,0,0.000000,,CorrectSidePress,0,0,0,,,,,,,0.000000,1,0,PlusMinusKeys,0,1
20261009T073458445Z_ac6ced377dca4bd0965537033c95012f,,,1,1,StimulusOnsetObserved,Visual,2026-10-09T07:37:08.2649546Z,129.807884,126.219623,6257,1,0,OperatingSource,0,0,1,15,Left,-1,,,,,1,0,0.000000,TaskSwitchPedal,0,0.500000,0.200000,,0.100000,5.000000,10.000000,1399156556,129.158740,129.136402,129.158740,129.785547,129.807884,0.022337,,1,0,1,0,OperatingSource,LiftUp,LiftUp.PickupLowering,LiftUp,LiftUp.PickupLowering,1,"{""pedalAxisName"":""TaskSwitchPedal"",""usePlusMinusKeys"":true,""positivePedalKey"":61,""negativePedalKey"":45,""invertPedalAxis"":false,""pressThreshold"":0.5,""releaseThreshold"":0.20000000298023225,""minimumIntervalSeconds"":5.0,""maximumIntervalSeconds"":10.0,""minimumValidReactionSeconds"":0.10000000149011612,""randomSeed"":1399156556}",,0,0.000000,,CorrectSidePress,0,0,0,,,,,,,0.000000,0,0,Axis,0,1
20261009T073458445Z_ac6ced377dca4bd0965537033c95012f,,,1,1,PedalPressed,Visual,2026-10-09T07:37:09.2147618Z,130.758154,127.170922,6300,1,0,OperatingSource,0,0,1,15,Left,-1,-1,Correct,1,0.950270,1,0,-1.000000,TaskSwitchPedal,0,0.500000,0.200000,,0.100000,5.000000,10.000000,1399156556,130.109009,129.136402,129.158740,129.785547,129.807884,0.022337,130.758154,1,0,1,0,OperatingSource,LiftUp,LiftUp.PickupLowering,LiftUp,LiftUp.PickupLowering,1,"{""pedalAxisName"":""TaskSwitchPedal"",""usePlusMinusKeys"":true,""positivePedalKey"":61,""negativePedalKey"":45,""invertPedalAxis"":false,""pressThreshold"":0.5,""releaseThreshold"":0.20000000298023225,""minimumIntervalSeconds"":5.0,""maximumIntervalSeconds"":10.0,""minimumValidReactionSeconds"":0.10000000149011612,""randomSeed"":1399156556}",,0,0.000000,0.950270,CorrectSidePress,1,0,0,-1,Correct,1,0.950270,130.758154,0.950270,0.000000,0,1,PlusMinusKeys,0,1
20261009T073458445Z_ac6ced377dca4bd0965537033c95012f,,,1,1,TrialFinished,Visual,2026-10-09T07:37:09.2147618Z,130.758154,127.170922,6300,1,0,OperatingSource,0,0,1,15,Left,-1,-1,Correct,1,0.950270,1,0,-1.000000,TaskSwitchPedal,0,0.500000,0.200000,,0.100000,5.000000,10.000000,1399156556,130.109009,129.136402,129.158740,129.785547,129.807884,0.022337,130.758154,0,0,1,0,OperatingSource,LiftUp,LiftUp.PickupLowering,LiftUp,LiftUp.PickupLowering,1,"{""pedalAxisName"":""TaskSwitchPedal"",""usePlusMinusKeys"":true,""positivePedalKey"":61,""negativePedalKey"":45,""invertPedalAxis"":false,""pressThreshold"":0.5,""releaseThreshold"":0.20000000298023225,""minimumIntervalSeconds"":5.0,""maximumIntervalSeconds"":10.0,""minimumValidReactionSeconds"":0.10000000149011612,""randomSeed"":1399156556}",,0,0.000000,0.950270,CorrectSidePress,1,0,0,-1,Correct,1,0.950270,130.758154,0.950270,0.000000,0,1,PlusMinusKeys,0,1
20261009T073458445Z_ac6ced377dca4bd0965537033c95012f,,,1,1,StimulusScheduled,Visual,2026-10-09T07:37:09.2161012Z,130.758541,127.170922,6300,1,0,OperatingSource,0,0,1,16,Right,1,,,,,0,0,-1.000000,TaskSwitchPedal,0,0.500000,0.200000,,0.100000,5.000000,10.000000,1399156556,130.109397,138.742412,,139.391556,,,,0,0,,,,,,LiftUp,LiftUp.PickupLowering,1,"{""pedalAxisName"":""TaskSwitchPedal"",""usePlusMinusKeys"":true,""positivePedalKey"":61,""negativePedalKey"":45,""invertPedalAxis"":false,""pressThreshold"":0.5,""releaseThreshold"":0.20000000298023225,""minimumIntervalSeconds"":5.0,""maximumIntervalSeconds"":10.0,""minimumValidReactionSeconds"":0.10000000149011612,""randomSeed"":1399156556}",,0,0.000000,,CorrectSidePress,0,0,0,,,,,,,0.000000,0,1,PlusMinusKeys,0,1
20261009T073458445Z_ac6ced377dca4bd0965537033c95012f,,,1,1,StimulusOnsetObserved,Visual,2026-10-09T07:37:17.8529739Z,139.395846,135.808842,6653,2,0,WaitingForOperatorSwitch,0,0,1,16,Right,1,,,,,1,0,0.000000,TaskSwitchPedal,0,0.500000,0.200000,,0.100000,5.000000,10.000000,1399156556,138.746702,138.742412,138.746702,139.391556,139.395846,0.004290,,0,1,2,0,WaitingForOperatorSwitch,LiftUp,LiftUp.LoadedRaising,LiftUp,LiftUp.LoadedRaising,1,"{""pedalAxisName"":""TaskSwitchPedal"",""usePlusMinusKeys"":true,""positivePedalKey"":61,""negativePedalKey"":45,""invertPedalAxis"":false,""pressThreshold"":0.5,""releaseThreshold"":0.20000000298023225,""minimumIntervalSeconds"":5.0,""maximumIntervalSeconds"":10.0,""minimumValidReactionSeconds"":0.10000000149011612,""randomSeed"":1399156556}",,0,0.000000,,CorrectSidePress,0,0,0,,,,,,,0.000000,0,0,Axis,0,1
20261009T073458445Z_ac6ced377dca4bd0965537033c95012f,,,1,1,PedalPressed,Visual,2026-10-09T07:37:19.0256522Z,140.568298,136.980343,6701,2,0,WaitingForOperatorSwitch,0,0,1,16,Right,1,1,Correct,1,1.172451,1,0,1.000000,TaskSwitchPedal,0,0.500000,0.200000,,0.100000,5.000000,10.000000,1399156556,139.919153,138.742412,138.746702,139.391556,139.395846,0.004290,140.568298,0,1,2,0,WaitingForOperatorSwitch,LiftUp,LiftUp.LoadedRaising,LiftUp,LiftUp.LoadedRaising,1,"{""pedalAxisName"":""TaskSwitchPedal"",""usePlusMinusKeys"":true,""positivePedalKey"":61,""negativePedalKey"":45,""invertPedalAxis"":false,""pressThreshold"":0.5,""releaseThreshold"":0.20000000298023225,""minimumIntervalSeconds"":5.0,""maximumIntervalSeconds"":10.0,""minimumValidReactionSeconds"":0.10000000149011612,""randomSeed"":1399156556}",,0,0.000000,1.172451,CorrectSidePress,1,0,0,1,Correct,1,1.172451,140.568298,1.172451,0.000000,1,0,PlusMinusKeys,0,1
20261009T073458445Z_ac6ced377dca4bd0965537033c95012f,,,1,1,TrialFinished,Visual,2026-10-09T07:37:19.0256522Z,140.568298,136.980343,6701,2,0,WaitingForOperatorSwitch,0,0,1,16,Right,1,1,Correct,1,1.172451,1,0,1.000000,TaskSwitchPedal,0,0.500000,0.200000,,0.100000,5.000000,10.000000,1399156556,139.919153,138.742412,138.746702,139.391556,139.395846,0.004290,140.568298,0,0,2,0,WaitingForOperatorSwitch,LiftUp,LiftUp.LoadedRaising,LiftUp,LiftUp.LoadedRaising,1,"{""pedalAxisName"":""TaskSwitchPedal"",""usePlusMinusKeys"":true,""positivePedalKey"":61,""negativePedalKey"":45,""invertPedalAxis"":false,""pressThreshold"":0.5,""releaseThreshold"":0.20000000298023225,""minimumIntervalSeconds"":5.0,""maximumIntervalSeconds"":10.0,""minimumValidReactionSeconds"":0.10000000149011612,""randomSeed"":1399156556}",,0,0.000000,1.172451,CorrectSidePress,1,0,0,1,Correct,1,1.172451,140.568298,1.172451,0.000000,1,0,PlusMinusKeys,0,1
20261009T073458445Z_ac6ced377dca4bd0965537033c95012f,,,1,1,StimulusScheduled,Visual,2026-10-09T07:37:19.0256522Z,140.568652,136.980343,6701,2,0,WaitingForOperatorSwitch,0,0,1,17,Left,-1,,,,,0,0,1.000000,TaskSwitchPedal,0,0.500000,0.200000,,0.100000,5.000000,10.000000,1399156556,139.919508,146.262443,,146.911587,,,,0,0,,,,,,LiftUp,LiftUp.LoadedRaising,1,"{""pedalAxisName"":""TaskSwitchPedal"",""usePlusMinusKeys"":true,""positivePedalKey"":61,""negativePedalKey"":45,""invertPedalAxis"":false,""pressThreshold"":0.5,""releaseThreshold"":0.20000000298023225,""minimumIntervalSeconds"":5.0,""maximumIntervalSeconds"":10.0,""minimumValidReactionSeconds"":0.10000000149011612,""randomSeed"":1399156556}",,0,0.000000,,CorrectSidePress,0,0,0,,,,,,,0.000000,1,0,PlusMinusKeys,0,1
20261009T073458445Z_ac6ced377dca4bd0965537033c95012f,,,1,1,StimulusOnsetObserved,Visual,2026-10-09T07:37:25.3727961Z,146.915795,143.327212,6972,2,1,OperatingTarget,0,0,1,17,Left,-1,,,,,1,0,0.000000,TaskSwitchPedal,0,0.500000,0.200000,,0.100000,5.000000,10.000000,1399156556,146.266650,146.262443,146.266650,146.911587,146.915795,0.004208,,1,0,2,1,OperatingTarget,Move2,Move2.DestinationCoarseMove,Move2,Move2.DestinationCoarseMove,1,"{""pedalAxisName"":""TaskSwitchPedal"",""usePlusMinusKeys"":true,""positivePedalKey"":61,""negativePedalKey"":45,""invertPedalAxis"":false,""pressThreshold"":0.5,""releaseThreshold"":0.20000000298023225,""minimumIntervalSeconds"":5.0,""maximumIntervalSeconds"":10.0,""minimumValidReactionSeconds"":0.10000000149011612,""randomSeed"":1399156556}",,0,0.000000,,CorrectSidePress,0,0,0,,,,,,,0.000000,0,0,Axis,0,1
20261009T073458445Z_ac6ced377dca4bd0965537033c95012f,,,1,1,PedalPressed,Visual,2026-10-09T07:37:26.1962747Z,147.738859,144.151348,7007,2,1,OperatingTarget,0,0,1,17,Left,-1,-1,Correct,1,0.823064,1,0,-1.000000,TaskSwitchPedal,0,0.500000,0.200000,,0.100000,5.000000,10.000000,1399156556,147.089714,146.262443,146.266650,146.911587,146.915795,0.004208,147.738859,1,0,2,1,OperatingTarget,Move2,Move2.DestinationCoarseMove,Move2,Move2.DestinationCoarseMove,1,"{""pedalAxisName"":""TaskSwitchPedal"",""usePlusMinusKeys"":true,""positivePedalKey"":61,""negativePedalKey"":45,""invertPedalAxis"":false,""pressThreshold"":0.5,""releaseThreshold"":0.20000000298023225,""minimumIntervalSeconds"":5.0,""maximumIntervalSeconds"":10.0,""minimumValidReactionSeconds"":0.10000000149011612,""randomSeed"":1399156556}",,0,0.000000,0.823064,CorrectSidePress,1,0,0,-1,Correct,1,0.823064,147.738859,0.823064,0.000000,0,1,PlusMinusKeys,0,1
20261009T073458445Z_ac6ced377dca4bd0965537033c95012f,,,1,1,TrialFinished,Visual,2026-10-09T07:37:26.1962747Z,147.738859,144.151348,7007,2,1,OperatingTarget,0,0,1,17,Left,-1,-1,Correct,1,0.823064,1,0,-1.000000,TaskSwitchPedal,0,0.500000,0.200000,,0.100000,5.000000,10.000000,1399156556,147.089714,146.262443,146.266650,146.911587,146.915795,0.004208,147.738859,0,0,2,1,OperatingTarget,Move2,Move2.DestinationCoarseMove,Move2,Move2.DestinationCoarseMove,1,"{""pedalAxisName"":""TaskSwitchPedal"",""usePlusMinusKeys"":true,""positivePedalKey"":61,""negativePedalKey"":45,""invertPedalAxis"":false,""pressThreshold"":0.5,""releaseThreshold"":0.20000000298023225,""minimumIntervalSeconds"":5.0,""maximumIntervalSeconds"":10.0,""minimumValidReactionSeconds"":0.10000000149011612,""randomSeed"":1399156556}",,0,0.000000,0.823064,CorrectSidePress,1,0,0,-1,Correct,1,0.823064,147.738859,0.823064,0.000000,0,1,PlusMinusKeys,0,1
20261009T073458445Z_ac6ced377dca4bd0965537033c95012f,,,1,1,StimulusScheduled,Visual,2026-10-09T07:37:26.1962747Z,147.739297,144.151348,7007,2,1,OperatingTarget,0,0,1,18,Right,1,,,,,0,0,-1.000000,TaskSwitchPedal,0,0.500000,0.200000,,0.100000,5.000000,10.000000,1399156556,147.090152,152.223492,,152.872636,,,,0,0,,,,,,Move2,Move2.DestinationCoarseMove,1,"{""pedalAxisName"":""TaskSwitchPedal"",""usePlusMinusKeys"":true,""positivePedalKey"":61,""negativePedalKey"":45,""invertPedalAxis"":false,""pressThreshold"":0.5,""releaseThreshold"":0.20000000298023225,""minimumIntervalSeconds"":5.0,""maximumIntervalSeconds"":10.0,""minimumValidReactionSeconds"":0.10000000149011612,""randomSeed"":1399156556}",,0,0.000000,,CorrectSidePress,0,0,0,,,,,,,0.000000,0,1,PlusMinusKeys,0,1
20261009T073458445Z_ac6ced377dca4bd0965537033c95012f,,,1,1,StimulusOnsetObserved,Visual,2026-10-09T07:37:31.3607457Z,152.903896,149.315945,7226,2,1,OperatingTarget,0,0,1,18,Right,1,,,,,1,0,0.000000,TaskSwitchPedal,0,0.500000,0.200000,,0.100000,5.000000,10.000000,1399156556,152.254752,152.223492,152.254752,152.872636,152.903896,0.031260,,0,1,2,1,OperatingTarget,Move2,Move2.DestinationFineAlign,Move2,Move2.DestinationFineAlign,1,"{""pedalAxisName"":""TaskSwitchPedal"",""usePlusMinusKeys"":true,""positivePedalKey"":61,""negativePedalKey"":45,""invertPedalAxis"":false,""pressThreshold"":0.5,""releaseThreshold"":0.20000000298023225,""minimumIntervalSeconds"":5.0,""maximumIntervalSeconds"":10.0,""minimumValidReactionSeconds"":0.10000000149011612,""randomSeed"":1399156556}",,0,0.000000,,CorrectSidePress,0,0,0,,,,,,,0.000000,0,0,Axis,0,1
20261009T073458445Z_ac6ced377dca4bd0965537033c95012f,,,1,1,PedalPressed,Visual,2026-10-09T07:37:32.3129398Z,153.855653,150.267211,7266,2,1,OperatingTarget,0,0,1,18,Right,1,1,Correct,1,0.951757,1,0,1.000000,TaskSwitchPedal,0,0.500000,0.200000,,0.100000,5.000000,10.000000,1399156556,153.206509,152.223492,152.254752,152.872636,152.903896,0.031260,153.855653,0,1,2,1,OperatingTarget,Move2,Move2.DestinationFineAlign,Move2,Move2.DestinationFineAlign,1,"{""pedalAxisName"":""TaskSwitchPedal"",""usePlusMinusKeys"":true,""positivePedalKey"":61,""negativePedalKey"":45,""invertPedalAxis"":false,""pressThreshold"":0.5,""releaseThreshold"":0.20000000298023225,""minimumIntervalSeconds"":5.0,""maximumIntervalSeconds"":10.0,""minimumValidReactionSeconds"":0.10000000149011612,""randomSeed"":1399156556}",,0,0.000000,0.951757,CorrectSidePress,1,0,0,1,Correct,1,0.951757,153.855653,0.951757,0.000000,1,0,PlusMinusKeys,0,1
20261009T073458445Z_ac6ced377dca4bd0965537033c95012f,,,1,1,TrialFinished,Visual,2026-10-09T07:37:32.3129398Z,153.855653,150.267211,7266,2,1,OperatingTarget,0,0,1,18,Right,1,1,Correct,1,0.951757,1,0,1.000000,TaskSwitchPedal,0,0.500000,0.200000,,0.100000,5.000000,10.000000,1399156556,153.206509,152.223492,152.254752,152.872636,152.903896,0.031260,153.855653,0,0,2,1,OperatingTarget,Move2,Move2.DestinationFineAlign,Move2,Move2.DestinationFineAlign,1,"{""pedalAxisName"":""TaskSwitchPedal"",""usePlusMinusKeys"":true,""positivePedalKey"":61,""negativePedalKey"":45,""invertPedalAxis"":false,""pressThreshold"":0.5,""releaseThreshold"":0.20000000298023225,""minimumIntervalSeconds"":5.0,""maximumIntervalSeconds"":10.0,""minimumValidReactionSeconds"":0.10000000149011612,""randomSeed"":1399156556}",,0,0.000000,0.951757,CorrectSidePress,1,0,0,1,Correct,1,0.951757,153.855653,0.951757,0.000000,1,0,PlusMinusKeys,0,1
20261009T073458445Z_ac6ced377dca4bd0965537033c95012f,,,1,1,StimulusScheduled,Visual,2026-10-09T07:37:32.3134539Z,153.856003,150.267211,7266,2,1,OperatingTarget,0,0,1,19,Left,-1,,,,,0,0,1.000000,TaskSwitchPedal,0,0.500000,0.200000,,0.100000,5.000000,10.000000,1399156556,153.206859,160.275253,,160.924397,,,,0,0,,,,,,Move2,Move2.DestinationFineAlign,1,"{""pedalAxisName"":""TaskSwitchPedal"",""usePlusMinusKeys"":true,""positivePedalKey"":61,""negativePedalKey"":45,""invertPedalAxis"":false,""pressThreshold"":0.5,""releaseThreshold"":0.20000000298023225,""minimumIntervalSeconds"":5.0,""maximumIntervalSeconds"":10.0,""minimumValidReactionSeconds"":0.10000000149011612,""randomSeed"":1399156556}",,0,0.000000,,CorrectSidePress,0,0,0,,,,,,,0.000000,1,0,PlusMinusKeys,0,1
20261009T073458445Z_ac6ced377dca4bd0965537033c95012f,,,1,1,StimulusOnsetObserved,Visual,2026-10-09T07:37:39.4206391Z,160.963496,157.374794,7551,2,1,OperatingTarget,0,0,1,19,Left,-1,,,,,1,0,0.000000,TaskSwitchPedal,0,0.500000,0.200000,,0.100000,5.000000,10.000000,1399156556,160.314352,160.275253,160.314352,160.924397,160.963496,0.039099,,1,0,2,1,OperatingTarget,Place,Place.PlacementLowering,Place,Place.PlacementLowering,1,"{""pedalAxisName"":""TaskSwitchPedal"",""usePlusMinusKeys"":true,""positivePedalKey"":61,""negativePedalKey"":45,""invertPedalAxis"":false,""pressThreshold"":0.5,""releaseThreshold"":0.20000000298023225,""minimumIntervalSeconds"":5.0,""maximumIntervalSeconds"":10.0,""minimumValidReactionSeconds"":0.10000000149011612,""randomSeed"":1399156556}",,0,0.000000,,CorrectSidePress,0,0,0,,,,,,,0.000000,0,0,Axis,0,1
20261009T073458445Z_ac6ced377dca4bd0965537033c95012f,,,1,1,PedalPressed,Visual,2026-10-09T07:37:40.1627696Z,161.706612,158.118801,7582,2,1,OperatingTarget,0,0,1,19,Left,-1,-1,Correct,1,0.743116,1,0,-1.000000,TaskSwitchPedal,0,0.500000,0.200000,,0.100000,5.000000,10.000000,1399156556,161.057468,160.275253,160.314352,160.924397,160.963496,0.039099,161.706612,1,0,2,1,OperatingTarget,Place,Place.PlacementLowering,Place,Place.PlacementLowering,1,"{""pedalAxisName"":""TaskSwitchPedal"",""usePlusMinusKeys"":true,""positivePedalKey"":61,""negativePedalKey"":45,""invertPedalAxis"":false,""pressThreshold"":0.5,""releaseThreshold"":0.20000000298023225,""minimumIntervalSeconds"":5.0,""maximumIntervalSeconds"":10.0,""minimumValidReactionSeconds"":0.10000000149011612,""randomSeed"":1399156556}",,0,0.000000,0.743116,CorrectSidePress,1,0,0,-1,Correct,1,0.743116,161.706612,0.743116,0.000000,0,1,PlusMinusKeys,0,1
20261009T073458445Z_ac6ced377dca4bd0965537033c95012f,,,1,1,TrialFinished,Visual,2026-10-09T07:37:40.1642207Z,161.706612,158.118801,7582,2,1,OperatingTarget,0,0,1,19,Left,-1,-1,Correct,1,0.743116,1,0,-1.000000,TaskSwitchPedal,0,0.500000,0.200000,,0.100000,5.000000,10.000000,1399156556,161.057468,160.275253,160.314352,160.924397,160.963496,0.039099,161.706612,0,0,2,1,OperatingTarget,Place,Place.PlacementLowering,Place,Place.PlacementLowering,1,"{""pedalAxisName"":""TaskSwitchPedal"",""usePlusMinusKeys"":true,""positivePedalKey"":61,""negativePedalKey"":45,""invertPedalAxis"":false,""pressThreshold"":0.5,""releaseThreshold"":0.20000000298023225,""minimumIntervalSeconds"":5.0,""maximumIntervalSeconds"":10.0,""minimumValidReactionSeconds"":0.10000000149011612,""randomSeed"":1399156556}",,0,0.000000,0.743116,CorrectSidePress,1,0,0,-1,Correct,1,0.743116,161.706612,0.743116,0.000000,0,1,PlusMinusKeys,0,1
20261009T073458445Z_ac6ced377dca4bd0965537033c95012f,,,1,1,StimulusScheduled,Visual,2026-10-09T07:37:40.1642207Z,161.707057,158.118801,7582,2,1,OperatingTarget,0,0,1,20,Right,1,,,,,0,0,-1.000000,TaskSwitchPedal,0,0.500000,0.200000,,0.100000,5.000000,10.000000,1399156556,161.057913,168.488366,,169.137510,,,,0,0,,,,,,Place,Place.PlacementLowering,1,"{""pedalAxisName"":""TaskSwitchPedal"",""usePlusMinusKeys"":true,""positivePedalKey"":61,""negativePedalKey"":45,""invertPedalAxis"":false,""pressThreshold"":0.5,""releaseThreshold"":0.20000000298023225,""minimumIntervalSeconds"":5.0,""maximumIntervalSeconds"":10.0,""minimumValidReactionSeconds"":0.10000000149011612,""randomSeed"":1399156556}",,0,0.000000,,CorrectSidePress,0,0,0,,,,,,,0.000000,0,1,PlusMinusKeys,0,1
20261009T073458445Z_ac6ced377dca4bd0965537033c95012f,,,1,1,StimulusOnsetObserved,Visual,2026-10-09T07:37:47.5997093Z,169.142812,165.555857,7874,2,1,OperatingTarget,0,0,1,20,Right,1,,,,,1,0,0.000000,TaskSwitchPedal,0,0.500000,0.200000,,0.100000,5.000000,10.000000,1399156556,168.493667,168.488366,168.493667,169.137510,169.142812,0.005301,,0,1,2,1,OperatingTarget,Place,Place.PostPlacementRaising,Place,Place.PostPlacementRaising,1,"{""pedalAxisName"":""TaskSwitchPedal"",""usePlusMinusKeys"":true,""positivePedalKey"":61,""negativePedalKey"":45,""invertPedalAxis"":false,""pressThreshold"":0.5,""releaseThreshold"":0.20000000298023225,""minimumIntervalSeconds"":5.0,""maximumIntervalSeconds"":10.0,""minimumValidReactionSeconds"":0.10000000149011612,""randomSeed"":1399156556}",,0,0.000000,,CorrectSidePress,0,0,0,,,,,,,0.000000,0,0,Axis,0,1
20261009T073458445Z_ac6ced377dca4bd0965537033c95012f,,,1,1,PedalPressed,Visual,2026-10-09T07:37:48.4482697Z,169.991294,166.404152,7913,2,1,OperatingTarget,0,0,1,20,Right,1,1,Correct,1,0.848482,1,0,1.000000,TaskSwitchPedal,0,0.500000,0.200000,,0.100000,5.000000,10.000000,1399156556,169.342149,168.488366,168.493667,169.137510,169.142812,0.005301,169.991294,0,1,2,1,OperatingTarget,Place,Place.PostPlacementRaising,Place,Place.PostPlacementRaising,1,"{""pedalAxisName"":""TaskSwitchPedal"",""usePlusMinusKeys"":true,""positivePedalKey"":61,""negativePedalKey"":45,""invertPedalAxis"":false,""pressThreshold"":0.5,""releaseThreshold"":0.20000000298023225,""minimumIntervalSeconds"":5.0,""maximumIntervalSeconds"":10.0,""minimumValidReactionSeconds"":0.10000000149011612,""randomSeed"":1399156556}",,0,0.000000,0.848482,CorrectSidePress,1,0,0,1,Correct,1,0.848482,169.991294,0.848482,0.000000,1,0,PlusMinusKeys,0,1
20261009T073458445Z_ac6ced377dca4bd0965537033c95012f,,,1,1,TrialFinished,Visual,2026-10-09T07:37:48.4482697Z,169.991294,166.404152,7913,2,1,OperatingTarget,0,0,1,20,Right,1,1,Correct,1,0.848482,1,0,1.000000,TaskSwitchPedal,0,0.500000,0.200000,,0.100000,5.000000,10.000000,1399156556,169.342149,168.488366,168.493667,169.137510,169.142812,0.005301,169.991294,0,0,2,1,OperatingTarget,Place,Place.PostPlacementRaising,Place,Place.PostPlacementRaising,1,"{""pedalAxisName"":""TaskSwitchPedal"",""usePlusMinusKeys"":true,""positivePedalKey"":61,""negativePedalKey"":45,""invertPedalAxis"":false,""pressThreshold"":0.5,""releaseThreshold"":0.20000000298023225,""minimumIntervalSeconds"":5.0,""maximumIntervalSeconds"":10.0,""minimumValidReactionSeconds"":0.10000000149011612,""randomSeed"":1399156556}",,0,0.000000,0.848482,CorrectSidePress,1,0,0,1,Correct,1,0.848482,169.991294,0.848482,0.000000,1,0,PlusMinusKeys,0,1
20261009T073458445Z_ac6ced377dca4bd0965537033c95012f,,,1,1,StimulusScheduled,Visual,2026-10-09T07:37:48.4482697Z,169.991775,166.404152,7913,2,1,OperatingTarget,0,0,1,21,Right,1,,,,,0,0,1.000000,TaskSwitchPedal,0,0.500000,0.200000,,0.100000,5.000000,10.000000,1399156556,169.342631,178.228580,,178.877724,,,,0,0,,,,,,Place,Place.PostPlacementRaising,1,"{""pedalAxisName"":""TaskSwitchPedal"",""usePlusMinusKeys"":true,""positivePedalKey"":61,""negativePedalKey"":45,""invertPedalAxis"":false,""pressThreshold"":0.5,""releaseThreshold"":0.20000000298023225,""minimumIntervalSeconds"":5.0,""maximumIntervalSeconds"":10.0,""minimumValidReactionSeconds"":0.10000000149011612,""randomSeed"":1399156556}",,0,0.000000,,CorrectSidePress,0,0,0,,,,,,,0.000000,1,0,PlusMinusKeys,0,1
20261009T073458445Z_ac6ced377dca4bd0965537033c95012f,,,1,1,StimulusOnsetObserved,Visual,2026-10-09T07:37:57.3427777Z,178.885561,175.298280,8327,2,0,OperatingSource,0,0,1,21,Right,1,,,,,1,0,0.000000,TaskSwitchPedal,0,0.500000,0.200000,,0.100000,5.000000,10.000000,1399156556,178.236417,178.228580,178.236417,178.877724,178.885561,0.007837,,0,1,2,0,OperatingSource,Move2,Move2.DestinationCoarseMove,Move2,Move2.DestinationCoarseMove,1,"{""pedalAxisName"":""TaskSwitchPedal"",""usePlusMinusKeys"":true,""positivePedalKey"":61,""negativePedalKey"":45,""invertPedalAxis"":false,""pressThreshold"":0.5,""releaseThreshold"":0.20000000298023225,""minimumIntervalSeconds"":5.0,""maximumIntervalSeconds"":10.0,""minimumValidReactionSeconds"":0.10000000149011612,""randomSeed"":1399156556}",,0,0.000000,,CorrectSidePress,0,0,0,,,,,,,0.000000,0,0,Axis,0,1
20261009T073458445Z_ac6ced377dca4bd0965537033c95012f,,,1,1,PedalPressed,Visual,2026-10-09T07:37:58.4083482Z,179.951921,176.364637,8376,2,0,OperatingSource,0,0,1,21,Right,1,1,Correct,1,1.066359,1,0,1.000000,TaskSwitchPedal,0,0.500000,0.200000,,0.100000,5.000000,10.000000,1399156556,179.302776,178.228580,178.236417,178.877724,178.885561,0.007837,179.951921,0,1,2,0,OperatingSource,Move2,Move2.DestinationCoarseMove,Move2,Move2.DestinationCoarseMove,1,"{""pedalAxisName"":""TaskSwitchPedal"",""usePlusMinusKeys"":true,""positivePedalKey"":61,""negativePedalKey"":45,""invertPedalAxis"":false,""pressThreshold"":0.5,""releaseThreshold"":0.20000000298023225,""minimumIntervalSeconds"":5.0,""maximumIntervalSeconds"":10.0,""minimumValidReactionSeconds"":0.10000000149011612,""randomSeed"":1399156556}",,0,0.000000,1.066359,CorrectSidePress,1,0,0,1,Correct,1,1.066359,179.951921,1.066359,0.000000,1,0,PlusMinusKeys,0,1
20261009T073458445Z_ac6ced377dca4bd0965537033c95012f,,,1,1,TrialFinished,Visual,2026-10-09T07:37:58.4083482Z,179.951921,176.364637,8376,2,0,OperatingSource,0,0,1,21,Right,1,1,Correct,1,1.066359,1,0,1.000000,TaskSwitchPedal,0,0.500000,0.200000,,0.100000,5.000000,10.000000,1399156556,179.302776,178.228580,178.236417,178.877724,178.885561,0.007837,179.951921,0,0,2,0,OperatingSource,Move2,Move2.DestinationCoarseMove,Move2,Move2.DestinationCoarseMove,1,"{""pedalAxisName"":""TaskSwitchPedal"",""usePlusMinusKeys"":true,""positivePedalKey"":61,""negativePedalKey"":45,""invertPedalAxis"":false,""pressThreshold"":0.5,""releaseThreshold"":0.20000000298023225,""minimumIntervalSeconds"":5.0,""maximumIntervalSeconds"":10.0,""minimumValidReactionSeconds"":0.10000000149011612,""randomSeed"":1399156556}",,0,0.000000,1.066359,CorrectSidePress,1,0,0,1,Correct,1,1.066359,179.951921,1.066359,0.000000,1,0,PlusMinusKeys,0,1
20261009T073458445Z_ac6ced377dca4bd0965537033c95012f,,,1,1,StimulusScheduled,Visual,2026-10-09T07:37:58.4097542Z,179.952613,176.364637,8376,2,0,OperatingSource,0,0,1,22,Right,1,,,,,0,0,1.000000,TaskSwitchPedal,0,0.500000,0.200000,,0.100000,5.000000,10.000000,1399156556,179.303468,186.830786,,187.479931,,,,0,0,,,,,,Move2,Move2.DestinationCoarseMove,1,"{""pedalAxisName"":""TaskSwitchPedal"",""usePlusMinusKeys"":true,""positivePedalKey"":61,""negativePedalKey"":45,""invertPedalAxis"":false,""pressThreshold"":0.5,""releaseThreshold"":0.20000000298023225,""minimumIntervalSeconds"":5.0,""maximumIntervalSeconds"":10.0,""minimumValidReactionSeconds"":0.10000000149011612,""randomSeed"":1399156556}",,0,0.000000,,CorrectSidePress,0,0,0,,,,,,,0.000000,1,0,PlusMinusKeys,0,1
20261009T073458445Z_ac6ced377dca4bd0965537033c95012f,,,1,1,StimulusOnsetObserved,Visual,2026-10-09T07:38:05.9479768Z,187.491538,183.904243,8733,2,0,OperatingSource,0,0,1,22,Right,1,,,,,1,0,0.000000,TaskSwitchPedal,0,0.500000,0.200000,,0.100000,5.000000,10.000000,1399156556,186.842394,186.830786,186.842394,187.479931,187.491538,0.011607,,0,1,2,0,OperatingSource,Move2,Move2.DestinationCoarseMove,Move2,Move2.DestinationCoarseMove,1,"{""pedalAxisName"":""TaskSwitchPedal"",""usePlusMinusKeys"":true,""positivePedalKey"":61,""negativePedalKey"":45,""invertPedalAxis"":false,""pressThreshold"":0.5,""releaseThreshold"":0.20000000298023225,""minimumIntervalSeconds"":5.0,""maximumIntervalSeconds"":10.0,""minimumValidReactionSeconds"":0.10000000149011612,""randomSeed"":1399156556}",,0,0.000000,,CorrectSidePress,0,0,0,,,,,,,0.000000,0,0,Axis,0,1
20261009T073458445Z_ac6ced377dca4bd0965537033c95012f,,,1,1,PedalPressed,Visual,2026-10-09T07:38:06.9070896Z,188.450270,184.862488,8777,2,0,OperatingSource,0,0,1,22,Right,1,1,Correct,1,0.958732,1,0,1.000000,TaskSwitchPedal,0,0.500000,0.200000,,0.100000,5.000000,10.000000,1399156556,187.801125,186.830786,186.842394,187.479931,187.491538,0.011607,188.450270,0,1,2,0,OperatingSource,Move2,Move2.DestinationCoarseMove,Move2,Move2.DestinationCoarseMove,1,"{""pedalAxisName"":""TaskSwitchPedal"",""usePlusMinusKeys"":true,""positivePedalKey"":61,""negativePedalKey"":45,""invertPedalAxis"":false,""pressThreshold"":0.5,""releaseThreshold"":0.20000000298023225,""minimumIntervalSeconds"":5.0,""maximumIntervalSeconds"":10.0,""minimumValidReactionSeconds"":0.10000000149011612,""randomSeed"":1399156556}",,0,0.000000,0.958731,CorrectSidePress,1,0,0,1,Correct,1,0.958732,188.450270,0.958731,0.000000,1,0,PlusMinusKeys,0,1
20261009T073458445Z_ac6ced377dca4bd0965537033c95012f,,,1,1,TrialFinished,Visual,2026-10-09T07:38:06.9070896Z,188.450270,184.862488,8777,2,0,OperatingSource,0,0,1,22,Right,1,1,Correct,1,0.958732,1,0,1.000000,TaskSwitchPedal,0,0.500000,0.200000,,0.100000,5.000000,10.000000,1399156556,187.801125,186.830786,186.842394,187.479931,187.491538,0.011607,188.450270,0,0,2,0,OperatingSource,Move2,Move2.DestinationCoarseMove,Move2,Move2.DestinationCoarseMove,1,"{""pedalAxisName"":""TaskSwitchPedal"",""usePlusMinusKeys"":true,""positivePedalKey"":61,""negativePedalKey"":45,""invertPedalAxis"":false,""pressThreshold"":0.5,""releaseThreshold"":0.20000000298023225,""minimumIntervalSeconds"":5.0,""maximumIntervalSeconds"":10.0,""minimumValidReactionSeconds"":0.10000000149011612,""randomSeed"":1399156556}",,0,0.000000,0.958731,CorrectSidePress,1,0,0,1,Correct,1,0.958732,188.450270,0.958731,0.000000,1,0,PlusMinusKeys,0,1
20261009T073458445Z_ac6ced377dca4bd0965537033c95012f,,,1,1,StimulusScheduled,Visual,2026-10-09T07:38:06.9070896Z,188.450604,184.862488,8777,2,0,OperatingSource,0,0,1,23,Left,-1,,,,,0,0,1.000000,TaskSwitchPedal,0,0.500000,0.200000,,0.100000,5.000000,10.000000,1399156556,187.801460,195.407760,,196.056904,,,,0,0,,,,,,Move2,Move2.DestinationCoarseMove,1,"{""pedalAxisName"":""TaskSwitchPedal"",""usePlusMinusKeys"":true,""positivePedalKey"":61,""negativePedalKey"":45,""invertPedalAxis"":false,""pressThreshold"":0.5,""releaseThreshold"":0.20000000298023225,""minimumIntervalSeconds"":5.0,""maximumIntervalSeconds"":10.0,""minimumValidReactionSeconds"":0.10000000149011612,""randomSeed"":1399156556}",,0,0.000000,,CorrectSidePress,0,0,0,,,,,,,0.000000,1,0,PlusMinusKeys,0,1
20261009T073458445Z_ac6ced377dca4bd0965537033c95012f,,,1,1,StimulusOnsetObserved,Visual,2026-10-09T07:38:14.5142250Z,196.057693,192.470196,9127,2,0,OperatingSource,0,0,1,23,Left,-1,,,,,1,0,0.000000,TaskSwitchPedal,0,0.500000,0.200000,,0.100000,5.000000,10.000000,1399156556,195.408549,195.407760,195.408549,196.056904,196.057693,0.000789,,1,0,2,0,OperatingSource,Place,Place.PlacementLowering,Place,Place.PlacementLowering,1,"{""pedalAxisName"":""TaskSwitchPedal"",""usePlusMinusKeys"":true,""positivePedalKey"":61,""negativePedalKey"":45,""invertPedalAxis"":false,""pressThreshold"":0.5,""releaseThreshold"":0.20000000298023225,""minimumIntervalSeconds"":5.0,""maximumIntervalSeconds"":10.0,""minimumValidReactionSeconds"":0.10000000149011612,""randomSeed"":1399156556}",,0,0.000000,,CorrectSidePress,0,0,0,,,,,,,0.000000,0,0,Axis,0,1
20261009T073458445Z_ac6ced377dca4bd0965537033c95012f,,,1,1,PedalPressed,Visual,2026-10-09T07:38:16.1586757Z,197.701932,194.114600,9192,2,0,OperatingSource,0,0,1,23,Left,-1,-1,Correct,1,1.644239,1,0,-1.000000,TaskSwitchPedal,0,0.500000,0.200000,,0.100000,5.000000,10.000000,1399156556,197.052788,195.407760,195.408549,196.056904,196.057693,0.000789,197.701932,1,0,2,0,OperatingSource,Place,Place.PlacementLowering,Place,Place.PlacementLowering,1,"{""pedalAxisName"":""TaskSwitchPedal"",""usePlusMinusKeys"":true,""positivePedalKey"":61,""negativePedalKey"":45,""invertPedalAxis"":false,""pressThreshold"":0.5,""releaseThreshold"":0.20000000298023225,""minimumIntervalSeconds"":5.0,""maximumIntervalSeconds"":10.0,""minimumValidReactionSeconds"":0.10000000149011612,""randomSeed"":1399156556}",,0,0.000000,1.644239,CorrectSidePress,1,0,0,-1,Correct,1,1.644239,197.701932,1.644239,0.000000,0,1,PlusMinusKeys,0,1
20261009T073458445Z_ac6ced377dca4bd0965537033c95012f,,,1,1,TrialFinished,Visual,2026-10-09T07:38:16.1586757Z,197.701932,194.114600,9192,2,0,OperatingSource,0,0,1,23,Left,-1,-1,Correct,1,1.644239,1,0,-1.000000,TaskSwitchPedal,0,0.500000,0.200000,,0.100000,5.000000,10.000000,1399156556,197.052788,195.407760,195.408549,196.056904,196.057693,0.000789,197.701932,0,0,2,0,OperatingSource,Place,Place.PlacementLowering,Place,Place.PlacementLowering,1,"{""pedalAxisName"":""TaskSwitchPedal"",""usePlusMinusKeys"":true,""positivePedalKey"":61,""negativePedalKey"":45,""invertPedalAxis"":false,""pressThreshold"":0.5,""releaseThreshold"":0.20000000298023225,""minimumIntervalSeconds"":5.0,""maximumIntervalSeconds"":10.0,""minimumValidReactionSeconds"":0.10000000149011612,""randomSeed"":1399156556}",,0,0.000000,1.644239,CorrectSidePress,1,0,0,-1,Correct,1,1.644239,197.701932,1.644239,0.000000,0,1,PlusMinusKeys,0,1
20261009T073458445Z_ac6ced377dca4bd0965537033c95012f,,,1,1,StimulusScheduled,Visual,2026-10-09T07:38:16.1586757Z,197.702310,194.114600,9192,2,0,OperatingSource,0,0,1,24,Right,1,,,,,0,0,-1.000000,TaskSwitchPedal,0,0.500000,0.200000,,0.100000,5.000000,10.000000,1399156556,197.053165,206.373542,,207.022686,,,,0,0,,,,,,Place,Place.PlacementLowering,1,"{""pedalAxisName"":""TaskSwitchPedal"",""usePlusMinusKeys"":true,""positivePedalKey"":61,""negativePedalKey"":45,""invertPedalAxis"":false,""pressThreshold"":0.5,""releaseThreshold"":0.20000000298023225,""minimumIntervalSeconds"":5.0,""maximumIntervalSeconds"":10.0,""minimumValidReactionSeconds"":0.10000000149011612,""randomSeed"":1399156556}",,0,0.000000,,CorrectSidePress,0,0,0,,,,,,,0.000000,0,1,PlusMinusKeys,0,1
20261009T073458445Z_ac6ced377dca4bd0965537033c95012f,,,1,1,StimulusOnsetObserved,Visual,2026-10-09T07:38:25.4826083Z,207.026694,203.439687,9592,3,0,WaitingForOperatorSwitch,0,0,1,24,Right,1,,,,,1,0,0.000000,TaskSwitchPedal,0,0.500000,0.200000,,0.100000,5.000000,10.000000,1399156556,206.377549,206.373542,206.377549,207.022686,207.026694,0.004008,,0,1,3,0,WaitingForOperatorSwitch,Move1,Move1.PickupCoarseMove,Move1,Move1.PickupCoarseMove,1,"{""pedalAxisName"":""TaskSwitchPedal"",""usePlusMinusKeys"":true,""positivePedalKey"":61,""negativePedalKey"":45,""invertPedalAxis"":false,""pressThreshold"":0.5,""releaseThreshold"":0.20000000298023225,""minimumIntervalSeconds"":5.0,""maximumIntervalSeconds"":10.0,""minimumValidReactionSeconds"":0.10000000149011612,""randomSeed"":1399156556}",,0,0.000000,,CorrectSidePress,0,0,0,,,,,,,0.000000,0,0,Axis,0,1
20261009T073458445Z_ac6ced377dca4bd0965537033c95012f,,,1,1,PedalPressed,Visual,2026-10-09T07:38:26.5025278Z,208.045577,204.458229,9637,3,0,WaitingForOperatorSwitch,0,0,1,24,Right,1,1,Correct,1,1.018883,1,0,1.000000,TaskSwitchPedal,0,0.500000,0.200000,,0.100000,5.000000,10.000000,1399156556,207.396433,206.373542,206.377549,207.022686,207.026694,0.004008,208.045577,0,1,3,0,WaitingForOperatorSwitch,Move1,Move1.PickupCoarseMove,Move1,Move1.PickupCoarseMove,1,"{""pedalAxisName"":""TaskSwitchPedal"",""usePlusMinusKeys"":true,""positivePedalKey"":61,""negativePedalKey"":45,""invertPedalAxis"":false,""pressThreshold"":0.5,""releaseThreshold"":0.20000000298023225,""minimumIntervalSeconds"":5.0,""maximumIntervalSeconds"":10.0,""minimumValidReactionSeconds"":0.10000000149011612,""randomSeed"":1399156556}",,0,0.000000,1.018883,CorrectSidePress,1,0,0,1,Correct,1,1.018883,208.045577,1.018883,0.000000,1,0,PlusMinusKeys,0,1
20261009T073458445Z_ac6ced377dca4bd0965537033c95012f,,,1,1,TrialFinished,Visual,2026-10-09T07:38:26.5025278Z,208.045577,204.458229,9637,3,0,WaitingForOperatorSwitch,0,0,1,24,Right,1,1,Correct,1,1.018883,1,0,1.000000,TaskSwitchPedal,0,0.500000,0.200000,,0.100000,5.000000,10.000000,1399156556,207.396433,206.373542,206.377549,207.022686,207.026694,0.004008,208.045577,0,0,3,0,WaitingForOperatorSwitch,Move1,Move1.PickupCoarseMove,Move1,Move1.PickupCoarseMove,1,"{""pedalAxisName"":""TaskSwitchPedal"",""usePlusMinusKeys"":true,""positivePedalKey"":61,""negativePedalKey"":45,""invertPedalAxis"":false,""pressThreshold"":0.5,""releaseThreshold"":0.20000000298023225,""minimumIntervalSeconds"":5.0,""maximumIntervalSeconds"":10.0,""minimumValidReactionSeconds"":0.10000000149011612,""randomSeed"":1399156556}",,0,0.000000,1.018883,CorrectSidePress,1,0,0,1,Correct,1,1.018883,208.045577,1.018883,0.000000,1,0,PlusMinusKeys,0,1
20261009T073458445Z_ac6ced377dca4bd0965537033c95012f,,,1,1,StimulusScheduled,Visual,2026-10-09T07:38:26.5025278Z,208.046310,204.458229,9637,3,0,WaitingForOperatorSwitch,0,0,1,25,Left,-1,,,,,0,0,1.000000,TaskSwitchPedal,0,0.500000,0.200000,,0.100000,5.000000,10.000000,1399156556,207.397166,216.921814,,217.570959,,,,0,0,,,,,,Move1,Move1.PickupCoarseMove,1,"{""pedalAxisName"":""TaskSwitchPedal"",""usePlusMinusKeys"":true,""positivePedalKey"":61,""negativePedalKey"":45,""invertPedalAxis"":false,""pressThreshold"":0.5,""releaseThreshold"":0.20000000298023225,""minimumIntervalSeconds"":5.0,""maximumIntervalSeconds"":10.0,""minimumValidReactionSeconds"":0.10000000149011612,""randomSeed"":1399156556}",,0,0.000000,,CorrectSidePress,0,0,0,,,,,,,0.000000,1,0,PlusMinusKeys,0,1
20261009T073458445Z_ac6ced377dca4bd0965537033c95012f,,,1,1,StimulusOnsetObserved,Visual,2026-10-09T07:38:36.0470467Z,217.591598,214.003390,10082,3,1,OperatingTarget,0,0,1,25,Left,-1,,,,,1,0,0.000000,TaskSwitchPedal,0,0.500000,0.200000,,0.100000,5.000000,10.000000,1399156556,216.942454,216.921814,216.942454,217.570959,217.591598,0.020640,,1,0,3,1,OperatingTarget,Move1,Move1.PickupFineAlign,Move1,Move1.PickupFineAlign,1,"{""pedalAxisName"":""TaskSwitchPedal"",""usePlusMinusKeys"":true,""positivePedalKey"":61,""negativePedalKey"":45,""invertPedalAxis"":false,""pressThreshold"":0.5,""releaseThreshold"":0.20000000298023225,""minimumIntervalSeconds"":5.0,""maximumIntervalSeconds"":10.0,""minimumValidReactionSeconds"":0.10000000149011612,""randomSeed"":1399156556}",,0,0.000000,,CorrectSidePress,0,0,0,,,,,,,0.000000,0,0,Axis,0,1
20261009T073458445Z_ac6ced377dca4bd0965537033c95012f,,,1,1,PedalPressed,Visual,2026-10-09T07:38:36.8158613Z,218.359870,214.772393,10118,3,1,OperatingTarget,0,0,1,25,Left,-1,-1,Correct,1,0.768272,1,0,-1.000000,TaskSwitchPedal,0,0.500000,0.200000,,0.100000,5.000000,10.000000,1399156556,217.710725,216.921814,216.942454,217.570959,217.591598,0.020640,218.359870,1,0,3,1,OperatingTarget,Move1,Move1.PickupFineAlign,Move1,Move1.PickupFineAlign,1,"{""pedalAxisName"":""TaskSwitchPedal"",""usePlusMinusKeys"":true,""positivePedalKey"":61,""negativePedalKey"":45,""invertPedalAxis"":false,""pressThreshold"":0.5,""releaseThreshold"":0.20000000298023225,""minimumIntervalSeconds"":5.0,""maximumIntervalSeconds"":10.0,""minimumValidReactionSeconds"":0.10000000149011612,""randomSeed"":1399156556}",,0,0.000000,0.768271,CorrectSidePress,1,0,0,-1,Correct,1,0.768272,218.359870,0.768271,0.000000,0,1,PlusMinusKeys,0,1
20261009T073458445Z_ac6ced377dca4bd0965537033c95012f,,,1,1,TrialFinished,Visual,2026-10-09T07:38:36.8158613Z,218.359870,214.772393,10118,3,1,OperatingTarget,0,0,1,25,Left,-1,-1,Correct,1,0.768272,1,0,-1.000000,TaskSwitchPedal,0,0.500000,0.200000,,0.100000,5.000000,10.000000,1399156556,217.710725,216.921814,216.942454,217.570959,217.591598,0.020640,218.359870,0,0,3,1,OperatingTarget,Move1,Move1.PickupFineAlign,Move1,Move1.PickupFineAlign,1,"{""pedalAxisName"":""TaskSwitchPedal"",""usePlusMinusKeys"":true,""positivePedalKey"":61,""negativePedalKey"":45,""invertPedalAxis"":false,""pressThreshold"":0.5,""releaseThreshold"":0.20000000298023225,""minimumIntervalSeconds"":5.0,""maximumIntervalSeconds"":10.0,""minimumValidReactionSeconds"":0.10000000149011612,""randomSeed"":1399156556}",,0,0.000000,0.768271,CorrectSidePress,1,0,0,-1,Correct,1,0.768272,218.359870,0.768271,0.000000,0,1,PlusMinusKeys,0,1
20261009T073458445Z_ac6ced377dca4bd0965537033c95012f,,,1,1,StimulusScheduled,Visual,2026-10-09T07:38:36.8172062Z,218.360230,214.772393,10118,3,1,OperatingTarget,0,0,1,26,Right,1,,,,,0,0,-1.000000,TaskSwitchPedal,0,0.500000,0.200000,,0.100000,5.000000,10.000000,1399156556,217.711086,227.363831,,228.012976,,,,0,0,,,,,,Move1,Move1.PickupFineAlign,1,"{""pedalAxisName"":""TaskSwitchPedal"",""usePlusMinusKeys"":true,""positivePedalKey"":61,""negativePedalKey"":45,""invertPedalAxis"":false,""pressThreshold"":0.5,""releaseThreshold"":0.20000000298023225,""minimumIntervalSeconds"":5.0,""maximumIntervalSeconds"":10.0,""minimumValidReactionSeconds"":0.10000000149011612,""randomSeed"":1399156556}",,0,0.000000,,CorrectSidePress,0,0,0,,,,,,,0.000000,0,1,PlusMinusKeys,0,1
20261009T073458445Z_ac6ced377dca4bd0965537033c95012f,,,1,1,StimulusOnsetObserved,Visual,2026-10-09T07:38:46.4923354Z,228.036123,224.448197,10518,3,1,OperatingTarget,0,0,1,26,Right,1,,,,,1,0,0.000000,TaskSwitchPedal,0,0.500000,0.200000,,0.100000,5.000000,10.000000,1399156556,227.386978,227.363831,227.386978,228.012976,228.036123,0.023147,,0,1,3,1,OperatingTarget,LiftUp,LiftUp.LoadAcquisition,LiftUp,LiftUp.LoadAcquisition,1,"{""pedalAxisName"":""TaskSwitchPedal"",""usePlusMinusKeys"":true,""positivePedalKey"":61,""negativePedalKey"":45,""invertPedalAxis"":false,""pressThreshold"":0.5,""releaseThreshold"":0.20000000298023225,""minimumIntervalSeconds"":5.0,""maximumIntervalSeconds"":10.0,""minimumValidReactionSeconds"":0.10000000149011612,""randomSeed"":1399156556}",,0,0.000000,,CorrectSidePress,0,0,0,,,,,,,0.000000,0,0,Axis,0,1
20261009T073458445Z_ac6ced377dca4bd0965537033c95012f,,,1,1,PedalPressed,Visual,2026-10-09T07:38:47.4215380Z,228.964728,225.377403,10551,3,1,OperatingTarget,0,0,1,26,Right,1,1,Correct,1,0.928605,1,0,1.000000,TaskSwitchPedal,0,0.500000,0.200000,,0.100000,5.000000,10.000000,1399156556,228.315584,227.363831,227.386978,228.012976,228.036123,0.023147,228.964728,0,1,3,1,OperatingTarget,LiftUp,LiftUp.LoadAcquisition,LiftUp,LiftUp.LoadAcquisition,1,"{""pedalAxisName"":""TaskSwitchPedal"",""usePlusMinusKeys"":true,""positivePedalKey"":61,""negativePedalKey"":45,""invertPedalAxis"":false,""pressThreshold"":0.5,""releaseThreshold"":0.20000000298023225,""minimumIntervalSeconds"":5.0,""maximumIntervalSeconds"":10.0,""minimumValidReactionSeconds"":0.10000000149011612,""randomSeed"":1399156556}",,0,0.000000,0.928605,CorrectSidePress,1,0,0,1,Correct,1,0.928605,228.964728,0.928605,0.000000,1,0,PlusMinusKeys,0,1
20261009T073458445Z_ac6ced377dca4bd0965537033c95012f,,,1,1,TrialFinished,Visual,2026-10-09T07:38:47.4215380Z,228.964728,225.377403,10551,3,1,OperatingTarget,0,0,1,26,Right,1,1,Correct,1,0.928605,1,0,1.000000,TaskSwitchPedal,0,0.500000,0.200000,,0.100000,5.000000,10.000000,1399156556,228.315584,227.363831,227.386978,228.012976,228.036123,0.023147,228.964728,0,0,3,1,OperatingTarget,LiftUp,LiftUp.LoadAcquisition,LiftUp,LiftUp.LoadAcquisition,1,"{""pedalAxisName"":""TaskSwitchPedal"",""usePlusMinusKeys"":true,""positivePedalKey"":61,""negativePedalKey"":45,""invertPedalAxis"":false,""pressThreshold"":0.5,""releaseThreshold"":0.20000000298023225,""minimumIntervalSeconds"":5.0,""maximumIntervalSeconds"":10.0,""minimumValidReactionSeconds"":0.10000000149011612,""randomSeed"":1399156556}",,0,0.000000,0.928605,CorrectSidePress,1,0,0,1,Correct,1,0.928605,228.964728,0.928605,0.000000,1,0,PlusMinusKeys,0,1
20261009T073458445Z_ac6ced377dca4bd0965537033c95012f,,,1,1,StimulusScheduled,Visual,2026-10-09T07:38:47.4215380Z,228.965065,225.377403,10551,3,1,OperatingTarget,0,0,1,27,Left,-1,,,,,0,0,1.000000,TaskSwitchPedal,0,0.500000,0.200000,,0.100000,5.000000,10.000000,1399156556,228.315921,235.221727,,235.870871,,,,0,0,,,,,,LiftUp,LiftUp.LoadAcquisition,1,"{""pedalAxisName"":""TaskSwitchPedal"",""usePlusMinusKeys"":true,""positivePedalKey"":61,""negativePedalKey"":45,""invertPedalAxis"":false,""pressThreshold"":0.5,""releaseThreshold"":0.20000000298023225,""minimumIntervalSeconds"":5.0,""maximumIntervalSeconds"":10.0,""minimumValidReactionSeconds"":0.10000000149011612,""randomSeed"":1399156556}",,0,0.000000,,CorrectSidePress,0,0,0,,,,,,,0.000000,1,0,PlusMinusKeys,0,1
20261009T073458445Z_ac6ced377dca4bd0965537033c95012f,,,1,1,StimulusOnsetObserved,Visual,2026-10-09T07:38:54.3309541Z,235.874410,232.287347,10824,3,0,WaitingForSourceConfirmation,1,0,1,27,Left,-1,,,,,1,0,0.000000,TaskSwitchPedal,0,0.500000,0.200000,,0.100000,5.000000,10.000000,1399156556,235.225266,235.221727,235.225266,235.870871,235.874410,0.003540,,1,0,3,0,WaitingForSourceConfirmation,Move1,Move1.PickupCoarseMove,Move1,Move1.PickupCoarseMove,1,"{""pedalAxisName"":""TaskSwitchPedal"",""usePlusMinusKeys"":true,""positivePedalKey"":61,""negativePedalKey"":45,""invertPedalAxis"":false,""pressThreshold"":0.5,""releaseThreshold"":0.20000000298023225,""minimumIntervalSeconds"":5.0,""maximumIntervalSeconds"":10.0,""minimumValidReactionSeconds"":0.10000000149011612,""randomSeed"":1399156556}",,0,0.000000,,CorrectSidePress,0,0,0,,,,,,,0.000000,0,0,Axis,0,1
20261009T073458445Z_ac6ced377dca4bd0965537033c95012f,,,1,1,PedalPressed,Visual,2026-10-09T07:38:55.2030144Z,236.746513,233.159495,10865,3,0,WaitingForSourceConfirmation,1,0,1,27,Left,-1,-1,Correct,1,0.872102,1,0,-1.000000,TaskSwitchPedal,0,0.500000,0.200000,,0.100000,5.000000,10.000000,1399156556,236.097368,235.221727,235.225266,235.870871,235.874410,0.003540,236.746513,1,0,3,0,WaitingForSourceConfirmation,Move1,Move1.PickupCoarseMove,Move1,Move1.PickupCoarseMove,1,"{""pedalAxisName"":""TaskSwitchPedal"",""usePlusMinusKeys"":true,""positivePedalKey"":61,""negativePedalKey"":45,""invertPedalAxis"":false,""pressThreshold"":0.5,""releaseThreshold"":0.20000000298023225,""minimumIntervalSeconds"":5.0,""maximumIntervalSeconds"":10.0,""minimumValidReactionSeconds"":0.10000000149011612,""randomSeed"":1399156556}",,0,0.000000,0.872102,CorrectSidePress,1,0,0,-1,Correct,1,0.872102,236.746513,0.872102,0.000000,0,1,PlusMinusKeys,0,1
20261009T073458445Z_ac6ced377dca4bd0965537033c95012f,,,1,1,TrialFinished,Visual,2026-10-09T07:38:55.2030144Z,236.746513,233.159495,10865,3,0,WaitingForSourceConfirmation,1,0,1,27,Left,-1,-1,Correct,1,0.872102,1,0,-1.000000,TaskSwitchPedal,0,0.500000,0.200000,,0.100000,5.000000,10.000000,1399156556,236.097368,235.221727,235.225266,235.870871,235.874410,0.003540,236.746513,0,0,3,0,WaitingForSourceConfirmation,Move1,Move1.PickupCoarseMove,Move1,Move1.PickupCoarseMove,1,"{""pedalAxisName"":""TaskSwitchPedal"",""usePlusMinusKeys"":true,""positivePedalKey"":61,""negativePedalKey"":45,""invertPedalAxis"":false,""pressThreshold"":0.5,""releaseThreshold"":0.20000000298023225,""minimumIntervalSeconds"":5.0,""maximumIntervalSeconds"":10.0,""minimumValidReactionSeconds"":0.10000000149011612,""randomSeed"":1399156556}",,0,0.000000,0.872102,CorrectSidePress,1,0,0,-1,Correct,1,0.872102,236.746513,0.872102,0.000000,0,1,PlusMinusKeys,0,1
20261009T073458445Z_ac6ced377dca4bd0965537033c95012f,,,1,1,StimulusScheduled,Visual,2026-10-09T07:38:55.2030144Z,236.746898,233.159495,10865,3,0,WaitingForSourceConfirmation,1,0,1,28,Left,-1,,,,,0,0,-1.000000,TaskSwitchPedal,0,0.500000,0.200000,,0.100000,5.000000,10.000000,1399156556,236.097754,245.738740,,246.387884,,,,0,0,,,,,,Move1,Move1.PickupCoarseMove,1,"{""pedalAxisName"":""TaskSwitchPedal"",""usePlusMinusKeys"":true,""positivePedalKey"":61,""negativePedalKey"":45,""invertPedalAxis"":false,""pressThreshold"":0.5,""releaseThreshold"":0.20000000298023225,""minimumIntervalSeconds"":5.0,""maximumIntervalSeconds"":10.0,""minimumValidReactionSeconds"":0.10000000149011612,""randomSeed"":1399156556}",,0,0.000000,,CorrectSidePress,0,0,0,,,,,,,0.000000,0,1,PlusMinusKeys,0,1
20261009T073458445Z_ac6ced377dca4bd0965537033c95012f,,,1,1,PedalPressed,Visual,2026-10-09T07:38:55.2861181Z,236.830570,233.242652,10868,3,0,WaitingForSourceConfirmation,1,0,1,,,,-1,FalseAlarm,,,0,0,-1.000000,TaskSwitchPedal,0,0.500000,0.200000,,0.100000,5.000000,10.000000,1399156556,236.181425,,,,,,236.830570,0,0,,,,,,Move1,Move1.PickupCoarseMove,1,"{""pedalAxisName"":""TaskSwitchPedal"",""usePlusMinusKeys"":true,""positivePedalKey"":61,""negativePedalKey"":45,""invertPedalAxis"":false,""pressThreshold"":0.5,""releaseThreshold"":0.20000000298023225,""minimumIntervalSeconds"":5.0,""maximumIntervalSeconds"":10.0,""minimumValidReactionSeconds"":0.10000000149011612,""randomSeed"":1399156556}",,0,0.000000,,CorrectSidePress,,,,,,,,,,0.000000,0,1,PlusMinusKeys,0,1
20261009T073458445Z_ac6ced377dca4bd0965537033c95012f,,,1,1,StimulusOnsetObserved,Visual,2026-10-09T07:39:04.8603443Z,246.403963,242.816479,11311,3,0,OperatingSource,0,0,1,28,Left,-1,,,,,1,0,0.000000,TaskSwitchPedal,0,0.500000,0.200000,,0.100000,5.000000,10.000000,1399156556,245.754818,245.738740,245.754818,246.387884,246.403963,0.016079,,1,0,3,0,OperatingSource,Move1,Move1.PickupCoarseMove,Move1,Move1.PickupCoarseMove,1,"{""pedalAxisName"":""TaskSwitchPedal"",""usePlusMinusKeys"":true,""positivePedalKey"":61,""negativePedalKey"":45,""invertPedalAxis"":false,""pressThreshold"":0.5,""releaseThreshold"":0.20000000298023225,""minimumIntervalSeconds"":5.0,""maximumIntervalSeconds"":10.0,""minimumValidReactionSeconds"":0.10000000149011612,""randomSeed"":1399156556}",,0,0.000000,,CorrectSidePress,0,0,0,,,,,,,0.000000,0,0,Axis,0,1
20261009T073458445Z_ac6ced377dca4bd0965537033c95012f,,,1,1,PedalPressed,Visual,2026-10-09T07:39:05.8571955Z,247.400379,243.813547,11356,3,0,OperatingSource,0,0,1,28,Left,-1,-1,Correct,1,0.996416,1,0,-1.000000,TaskSwitchPedal,0,0.500000,0.200000,,0.100000,5.000000,10.000000,1399156556,246.751234,245.738740,245.754818,246.387884,246.403963,0.016079,247.400379,1,0,3,0,OperatingSource,Move1,Move1.PickupCoarseMove,Move1,Move1.PickupCoarseMove,1,"{""pedalAxisName"":""TaskSwitchPedal"",""usePlusMinusKeys"":true,""positivePedalKey"":61,""negativePedalKey"":45,""invertPedalAxis"":false,""pressThreshold"":0.5,""releaseThreshold"":0.20000000298023225,""minimumIntervalSeconds"":5.0,""maximumIntervalSeconds"":10.0,""minimumValidReactionSeconds"":0.10000000149011612,""randomSeed"":1399156556}",,0,0.000000,0.996416,CorrectSidePress,1,0,0,-1,Correct,1,0.996416,247.400379,0.996416,0.000000,0,1,PlusMinusKeys,0,1
20261009T073458445Z_ac6ced377dca4bd0965537033c95012f,,,1,1,TrialFinished,Visual,2026-10-09T07:39:05.8571955Z,247.400379,243.813547,11356,3,0,OperatingSource,0,0,1,28,Left,-1,-1,Correct,1,0.996416,1,0,-1.000000,TaskSwitchPedal,0,0.500000,0.200000,,0.100000,5.000000,10.000000,1399156556,246.751234,245.738740,245.754818,246.387884,246.403963,0.016079,247.400379,0,0,3,0,OperatingSource,Move1,Move1.PickupCoarseMove,Move1,Move1.PickupCoarseMove,1,"{""pedalAxisName"":""TaskSwitchPedal"",""usePlusMinusKeys"":true,""positivePedalKey"":61,""negativePedalKey"":45,""invertPedalAxis"":false,""pressThreshold"":0.5,""releaseThreshold"":0.20000000298023225,""minimumIntervalSeconds"":5.0,""maximumIntervalSeconds"":10.0,""minimumValidReactionSeconds"":0.10000000149011612,""randomSeed"":1399156556}",,0,0.000000,0.996416,CorrectSidePress,1,0,0,-1,Correct,1,0.996416,247.400379,0.996416,0.000000,0,1,PlusMinusKeys,0,1
20261009T073458445Z_ac6ced377dca4bd0965537033c95012f,,,1,1,StimulusScheduled,Visual,2026-10-09T07:39:05.8571955Z,247.400767,243.813547,11356,3,0,OperatingSource,0,0,1,29,Right,1,,,,,0,0,-1.000000,TaskSwitchPedal,0,0.500000,0.200000,,0.100000,5.000000,10.000000,1399156556,246.751623,251.966333,,252.615477,,,,0,0,,,,,,Move1,Move1.PickupCoarseMove,1,"{""pedalAxisName"":""TaskSwitchPedal"",""usePlusMinusKeys"":true,""positivePedalKey"":61,""negativePedalKey"":45,""invertPedalAxis"":false,""pressThreshold"":0.5,""releaseThreshold"":0.20000000298023225,""minimumIntervalSeconds"":5.0,""maximumIntervalSeconds"":10.0,""minimumValidReactionSeconds"":0.10000000149011612,""randomSeed"":1399156556}",,0,0.000000,,CorrectSidePress,0,0,0,,,,,,,0.000000,0,1,PlusMinusKeys,0,1
20261009T073458445Z_ac6ced377dca4bd0965537033c95012f,,,1,1,StimulusOnsetObserved,Visual,2026-10-09T07:39:11.0867107Z,252.630992,249.042814,11603,3,0,OperatingSource,0,0,1,29,Right,1,,,,,1,0,0.000000,TaskSwitchPedal,0,0.500000,0.200000,,0.100000,5.000000,10.000000,1399156556,251.981848,251.966333,251.981848,252.615477,252.630992,0.015515,,0,1,3,0,OperatingSource,Move1,Move1.PickupCoarseMove,Move1,Move1.PickupCoarseMove,1,"{""pedalAxisName"":""TaskSwitchPedal"",""usePlusMinusKeys"":true,""positivePedalKey"":61,""negativePedalKey"":45,""invertPedalAxis"":false,""pressThreshold"":0.5,""releaseThreshold"":0.20000000298023225,""minimumIntervalSeconds"":5.0,""maximumIntervalSeconds"":10.0,""minimumValidReactionSeconds"":0.10000000149011612,""randomSeed"":1399156556}",,0,0.000000,,CorrectSidePress,0,0,0,,,,,,,0.000000,0,0,Axis,0,1
20261009T073458445Z_ac6ced377dca4bd0965537033c95012f,,,1,1,PedalPressed,Visual,2026-10-09T07:39:12.1497131Z,253.693491,250.105587,11650,3,0,OperatingSource,0,0,1,29,Right,1,1,Correct,1,1.062499,1,0,1.000000,TaskSwitchPedal,0,0.500000,0.200000,,0.100000,5.000000,10.000000,1399156556,253.044347,251.966333,251.981848,252.615477,252.630992,0.015515,253.693491,0,1,3,0,OperatingSource,Move1,Move1.PickupCoarseMove,Move1,Move1.PickupFineAlign,1,"{""pedalAxisName"":""TaskSwitchPedal"",""usePlusMinusKeys"":true,""positivePedalKey"":61,""negativePedalKey"":45,""invertPedalAxis"":false,""pressThreshold"":0.5,""releaseThreshold"":0.20000000298023225,""minimumIntervalSeconds"":5.0,""maximumIntervalSeconds"":10.0,""minimumValidReactionSeconds"":0.10000000149011612,""randomSeed"":1399156556}",,0,0.000000,1.062499,CorrectSidePress,1,0,0,1,Correct,1,1.062499,253.693491,1.062499,0.000000,1,0,PlusMinusKeys,0,1
20261009T073458445Z_ac6ced377dca4bd0965537033c95012f,,,1,1,TrialFinished,Visual,2026-10-09T07:39:12.1497131Z,253.693491,250.105587,11650,3,0,OperatingSource,0,0,1,29,Right,1,1,Correct,1,1.062499,1,0,1.000000,TaskSwitchPedal,0,0.500000,0.200000,,0.100000,5.000000,10.000000,1399156556,253.044347,251.966333,251.981848,252.615477,252.630992,0.015515,253.693491,0,0,3,0,OperatingSource,Move1,Move1.PickupCoarseMove,Move1,Move1.PickupFineAlign,1,"{""pedalAxisName"":""TaskSwitchPedal"",""usePlusMinusKeys"":true,""positivePedalKey"":61,""negativePedalKey"":45,""invertPedalAxis"":false,""pressThreshold"":0.5,""releaseThreshold"":0.20000000298023225,""minimumIntervalSeconds"":5.0,""maximumIntervalSeconds"":10.0,""minimumValidReactionSeconds"":0.10000000149011612,""randomSeed"":1399156556}",,0,0.000000,1.062499,CorrectSidePress,1,0,0,1,Correct,1,1.062499,253.693491,1.062499,0.000000,1,0,PlusMinusKeys,0,1
20261009T073458445Z_ac6ced377dca4bd0965537033c95012f,,,1,1,StimulusScheduled,Visual,2026-10-09T07:39:12.1497131Z,253.693942,250.105587,11650,3,0,OperatingSource,0,0,1,30,Right,1,,,,,0,0,1.000000,TaskSwitchPedal,0,0.500000,0.200000,,0.100000,5.000000,10.000000,1399156556,253.044798,262.968692,,263.617837,,,,0,0,,,,,,Move1,Move1.PickupFineAlign,1,"{""pedalAxisName"":""TaskSwitchPedal"",""usePlusMinusKeys"":true,""positivePedalKey"":61,""negativePedalKey"":45,""invertPedalAxis"":false,""pressThreshold"":0.5,""releaseThreshold"":0.20000000298023225,""minimumIntervalSeconds"":5.0,""maximumIntervalSeconds"":10.0,""minimumValidReactionSeconds"":0.10000000149011612,""randomSeed"":1399156556}",,0,0.000000,,CorrectSidePress,0,0,0,,,,,,,0.000000,1,0,PlusMinusKeys,0,1
20261009T073458445Z_ac6ced377dca4bd0965537033c95012f,,,1,1,StimulusOnsetObserved,Visual,2026-10-09T07:39:22.1049551Z,263.648264,260.056394,12041,4,0,WaitingForOperatorSwitch,0,0,1,30,Right,1,,,,,1,0,0.000000,TaskSwitchPedal,0,0.500000,0.200000,,0.100000,5.000000,10.000000,1399156556,262.999120,262.968692,262.999120,263.617837,263.648264,0.030428,,0,1,4,0,WaitingForOperatorSwitch,LiftUp,LiftUp.PickupLowering,LiftUp,LiftUp.PickupLowering,1,"{""pedalAxisName"":""TaskSwitchPedal"",""usePlusMinusKeys"":true,""positivePedalKey"":61,""negativePedalKey"":45,""invertPedalAxis"":false,""pressThreshold"":0.5,""releaseThreshold"":0.20000000298023225,""minimumIntervalSeconds"":5.0,""maximumIntervalSeconds"":10.0,""minimumValidReactionSeconds"":0.10000000149011612,""randomSeed"":1399156556}",,0,0.000000,,CorrectSidePress,0,0,0,,,,,,,0.000000,0,0,Axis,0,1
20261009T073458445Z_ac6ced377dca4bd0965537033c95012f,,,1,1,PedalPressed,Visual,2026-10-09T07:39:22.9576200Z,264.501717,260.914213,12072,4,0,WaitingForOperatorSwitch,0,0,1,30,Right,1,1,Correct,1,0.853453,1,0,1.000000,TaskSwitchPedal,0,0.500000,0.200000,,0.100000,5.000000,10.000000,1399156556,263.852573,262.968692,262.999120,263.617837,263.648264,0.030428,264.501717,0,1,4,0,WaitingForOperatorSwitch,LiftUp,LiftUp.PickupLowering,LiftUp,LiftUp.PickupLowering,1,"{""pedalAxisName"":""TaskSwitchPedal"",""usePlusMinusKeys"":true,""positivePedalKey"":61,""negativePedalKey"":45,""invertPedalAxis"":false,""pressThreshold"":0.5,""releaseThreshold"":0.20000000298023225,""minimumIntervalSeconds"":5.0,""maximumIntervalSeconds"":10.0,""minimumValidReactionSeconds"":0.10000000149011612,""randomSeed"":1399156556}",,0,0.000000,0.853453,CorrectSidePress,1,0,0,1,Correct,1,0.853453,264.501717,0.853453,0.000000,1,0,PlusMinusKeys,0,1
20261009T073458445Z_ac6ced377dca4bd0965537033c95012f,,,1,1,TrialFinished,Visual,2026-10-09T07:39:22.9576200Z,264.501717,260.914213,12072,4,0,WaitingForOperatorSwitch,0,0,1,30,Right,1,1,Correct,1,0.853453,1,0,1.000000,TaskSwitchPedal,0,0.500000,0.200000,,0.100000,5.000000,10.000000,1399156556,263.852573,262.968692,262.999120,263.617837,263.648264,0.030428,264.501717,0,0,4,0,WaitingForOperatorSwitch,LiftUp,LiftUp.PickupLowering,LiftUp,LiftUp.PickupLowering,1,"{""pedalAxisName"":""TaskSwitchPedal"",""usePlusMinusKeys"":true,""positivePedalKey"":61,""negativePedalKey"":45,""invertPedalAxis"":false,""pressThreshold"":0.5,""releaseThreshold"":0.20000000298023225,""minimumIntervalSeconds"":5.0,""maximumIntervalSeconds"":10.0,""minimumValidReactionSeconds"":0.10000000149011612,""randomSeed"":1399156556}",,0,0.000000,0.853453,CorrectSidePress,1,0,0,1,Correct,1,0.853453,264.501717,0.853453,0.000000,1,0,PlusMinusKeys,0,1
20261009T073458445Z_ac6ced377dca4bd0965537033c95012f,,,1,1,StimulusScheduled,Visual,2026-10-09T07:39:22.9576200Z,264.502196,260.914213,12072,4,0,WaitingForOperatorSwitch,0,0,1,31,Left,-1,,,,,0,0,1.000000,TaskSwitchPedal,0,0.500000,0.200000,,0.100000,5.000000,10.000000,1399156556,263.853051,270.926092,,271.575237,,,,0,0,,,,,,LiftUp,LiftUp.PickupLowering,1,"{""pedalAxisName"":""TaskSwitchPedal"",""usePlusMinusKeys"":true,""positivePedalKey"":61,""negativePedalKey"":45,""invertPedalAxis"":false,""pressThreshold"":0.5,""releaseThreshold"":0.20000000298023225,""minimumIntervalSeconds"":5.0,""maximumIntervalSeconds"":10.0,""minimumValidReactionSeconds"":0.10000000149011612,""randomSeed"":1399156556}",,0,0.000000,,CorrectSidePress,0,0,0,,,,,,,0.000000,1,0,PlusMinusKeys,0,1
20261009T073458445Z_ac6ced377dca4bd0965537033c95012f,,,1,1,StimulusOnsetObserved,Visual,2026-10-09T07:39:30.0354782Z,271.579804,267.992857,12336,4,0,WaitingForOperatorSwitch,0,0,1,31,Left,-1,,,,,1,0,0.000000,TaskSwitchPedal,0,0.500000,0.200000,,0.100000,5.000000,10.000000,1399156556,270.930660,270.926092,270.930660,271.575237,271.579804,0.004568,,1,0,4,0,WaitingForOperatorSwitch,LiftUp,LiftUp.LoadedRaising,LiftUp,LiftUp.LoadedRaising,1,"{""pedalAxisName"":""TaskSwitchPedal"",""usePlusMinusKeys"":true,""positivePedalKey"":61,""negativePedalKey"":45,""invertPedalAxis"":false,""pressThreshold"":0.5,""releaseThreshold"":0.20000000298023225,""minimumIntervalSeconds"":5.0,""maximumIntervalSeconds"":10.0,""minimumValidReactionSeconds"":0.10000000149011612,""randomSeed"":1399156556}",,0,0.000000,,CorrectSidePress,0,0,0,,,,,,,0.000000,0,0,Axis,0,1
20261009T073458445Z_ac6ced377dca4bd0965537033c95012f,,,1,1,PedalPressed,Visual,2026-10-09T07:39:30.9323184Z,272.476145,268.888979,12369,4,0,WaitingForOperatorSwitch,0,0,1,31,Left,-1,-1,Correct,1,0.896341,1,0,-1.000000,TaskSwitchPedal,0,0.500000,0.200000,,0.100000,5.000000,10.000000,1399156556,271.827001,270.926092,270.930660,271.575237,271.579804,0.004568,272.476145,1,0,4,0,WaitingForOperatorSwitch,LiftUp,LiftUp.LoadedRaising,LiftUp,LiftUp.LoadedRaising,1,"{""pedalAxisName"":""TaskSwitchPedal"",""usePlusMinusKeys"":true,""positivePedalKey"":61,""negativePedalKey"":45,""invertPedalAxis"":false,""pressThreshold"":0.5,""releaseThreshold"":0.20000000298023225,""minimumIntervalSeconds"":5.0,""maximumIntervalSeconds"":10.0,""minimumValidReactionSeconds"":0.10000000149011612,""randomSeed"":1399156556}",,0,0.000000,0.896341,CorrectSidePress,1,0,0,-1,Correct,1,0.896341,272.476145,0.896341,0.000000,0,1,PlusMinusKeys,0,1
20261009T073458445Z_ac6ced377dca4bd0965537033c95012f,,,1,1,TrialFinished,Visual,2026-10-09T07:39:30.9323184Z,272.476145,268.888979,12369,4,0,WaitingForOperatorSwitch,0,0,1,31,Left,-1,-1,Correct,1,0.896341,1,0,-1.000000,TaskSwitchPedal,0,0.500000,0.200000,,0.100000,5.000000,10.000000,1399156556,271.827001,270.926092,270.930660,271.575237,271.579804,0.004568,272.476145,0,0,4,0,WaitingForOperatorSwitch,LiftUp,LiftUp.LoadedRaising,LiftUp,LiftUp.LoadedRaising,1,"{""pedalAxisName"":""TaskSwitchPedal"",""usePlusMinusKeys"":true,""positivePedalKey"":61,""negativePedalKey"":45,""invertPedalAxis"":false,""pressThreshold"":0.5,""releaseThreshold"":0.20000000298023225,""minimumIntervalSeconds"":5.0,""maximumIntervalSeconds"":10.0,""minimumValidReactionSeconds"":0.10000000149011612,""randomSeed"":1399156556}",,0,0.000000,0.896341,CorrectSidePress,1,0,0,-1,Correct,1,0.896341,272.476145,0.896341,0.000000,0,1,PlusMinusKeys,0,1
20261009T073458445Z_ac6ced377dca4bd0965537033c95012f,,,1,1,StimulusScheduled,Visual,2026-10-09T07:39:30.9323184Z,272.476534,268.888979,12369,4,0,WaitingForOperatorSwitch,0,0,1,32,Left,-1,,,,,0,0,-1.000000,TaskSwitchPedal,0,0.500000,0.200000,,0.100000,5.000000,10.000000,1399156556,271.827389,281.478729,,282.127873,,,,0,0,,,,,,LiftUp,LiftUp.LoadedRaising,1,"{""pedalAxisName"":""TaskSwitchPedal"",""usePlusMinusKeys"":true,""positivePedalKey"":61,""negativePedalKey"":45,""invertPedalAxis"":false,""pressThreshold"":0.5,""releaseThreshold"":0.20000000298023225,""minimumIntervalSeconds"":5.0,""maximumIntervalSeconds"":10.0,""minimumValidReactionSeconds"":0.10000000149011612,""randomSeed"":1399156556}",,0,0.000000,,CorrectSidePress,0,0,0,,,,,,,0.000000,0,1,PlusMinusKeys,0,1
20261009T073458445Z_ac6ced377dca4bd0965537033c95012f,,,1,1,StimulusOnsetObserved,Visual,2026-10-09T07:39:40.6280751Z,282.172410,278.583028,12739,4,1,OperatingTarget,0,0,1,32,Left,-1,,,,,1,0,0.000000,TaskSwitchPedal,0,0.500000,0.200000,,0.100000,5.000000,10.000000,1399156556,281.523265,281.478729,281.523265,282.127873,282.172410,0.044537,,1,0,4,1,OperatingTarget,Move2,Move2.DestinationCoarseMove,Move2,Move2.DestinationCoarseMove,1,"{""pedalAxisName"":""TaskSwitchPedal"",""usePlusMinusKeys"":true,""positivePedalKey"":61,""negativePedalKey"":45,""invertPedalAxis"":false,""pressThreshold"":0.5,""releaseThreshold"":0.20000000298023225,""minimumIntervalSeconds"":5.0,""maximumIntervalSeconds"":10.0,""minimumValidReactionSeconds"":0.10000000149011612,""randomSeed"":1399156556}",,0,0.000000,,CorrectSidePress,0,0,0,,,,,,,0.000000,0,0,Axis,0,1
20261009T073458445Z_ac6ced377dca4bd0965537033c95012f,,,1,1,PedalPressed,Visual,2026-10-09T07:39:43.0931678Z,284.636671,281.047997,12833,4,1,OperatingTarget,0,0,1,32,Left,-1,-1,Correct,1,2.464261,1,0,-1.000000,TaskSwitchPedal,0,0.500000,0.200000,,0.100000,5.000000,10.000000,1399156556,283.987526,281.478729,281.523265,282.127873,282.172410,0.044537,284.636671,1,0,4,1,OperatingTarget,Move2,Move2.DestinationCoarseMove,Move2,Move2.DestinationCoarseMove,1,"{""pedalAxisName"":""TaskSwitchPedal"",""usePlusMinusKeys"":true,""positivePedalKey"":61,""negativePedalKey"":45,""invertPedalAxis"":false,""pressThreshold"":0.5,""releaseThreshold"":0.20000000298023225,""minimumIntervalSeconds"":5.0,""maximumIntervalSeconds"":10.0,""minimumValidReactionSeconds"":0.10000000149011612,""randomSeed"":1399156556}",,0,0.000000,2.464261,CorrectSidePress,1,0,0,-1,Correct,1,2.464261,284.636671,2.464261,0.000000,0,1,PlusMinusKeys,0,1
20261009T073458445Z_ac6ced377dca4bd0965537033c95012f,,,1,1,TrialFinished,Visual,2026-10-09T07:39:43.0931678Z,284.636671,281.047997,12833,4,1,OperatingTarget,0,0,1,32,Left,-1,-1,Correct,1,2.464261,1,0,-1.000000,TaskSwitchPedal,0,0.500000,0.200000,,0.100000,5.000000,10.000000,1399156556,283.987526,281.478729,281.523265,282.127873,282.172410,0.044537,284.636671,0,0,4,1,OperatingTarget,Move2,Move2.DestinationCoarseMove,Move2,Move2.DestinationCoarseMove,1,"{""pedalAxisName"":""TaskSwitchPedal"",""usePlusMinusKeys"":true,""positivePedalKey"":61,""negativePedalKey"":45,""invertPedalAxis"":false,""pressThreshold"":0.5,""releaseThreshold"":0.20000000298023225,""minimumIntervalSeconds"":5.0,""maximumIntervalSeconds"":10.0,""minimumValidReactionSeconds"":0.10000000149011612,""randomSeed"":1399156556}",,0,0.000000,2.464261,CorrectSidePress,1,0,0,-1,Correct,1,2.464261,284.636671,2.464261,0.000000,0,1,PlusMinusKeys,0,1
20261009T073458445Z_ac6ced377dca4bd0965537033c95012f,,,1,1,StimulusScheduled,Visual,2026-10-09T07:39:43.0931678Z,284.637145,281.047997,12833,4,1,OperatingTarget,0,0,1,33,Right,1,,,,,0,0,-1.000000,TaskSwitchPedal,0,0.500000,0.200000,,0.100000,5.000000,10.000000,1399156556,283.988001,290.715155,,291.364299,,,,0,0,,,,,,Move2,Move2.DestinationCoarseMove,1,"{""pedalAxisName"":""TaskSwitchPedal"",""usePlusMinusKeys"":true,""positivePedalKey"":61,""negativePedalKey"":45,""invertPedalAxis"":false,""pressThreshold"":0.5,""releaseThreshold"":0.20000000298023225,""minimumIntervalSeconds"":5.0,""maximumIntervalSeconds"":10.0,""minimumValidReactionSeconds"":0.10000000149011612,""randomSeed"":1399156556}",,0,0.000000,,CorrectSidePress,0,0,0,,,,,,,0.000000,0,1,PlusMinusKeys,0,1
20261009T073458445Z_ac6ced377dca4bd0965537033c95012f,,,1,1,StimulusOnsetObserved,Visual,2026-10-09T07:39:49.8255425Z,291.370547,287.782522,13086,4,1,OperatingTarget,0,0,1,33,Right,1,,,,,1,0,0.000000,TaskSwitchPedal,0,0.500000,0.200000,,0.100000,5.000000,10.000000,1399156556,290.721403,290.715155,290.721403,291.364299,291.370547,0.006248,,0,1,4,1,OperatingTarget,Place,Place.PlacementLowering,Place,Place.PlacementLowering,1,"{""pedalAxisName"":""TaskSwitchPedal"",""usePlusMinusKeys"":true,""positivePedalKey"":61,""negativePedalKey"":45,""invertPedalAxis"":false,""pressThreshold"":0.5,""releaseThreshold"":0.20000000298023225,""minimumIntervalSeconds"":5.0,""maximumIntervalSeconds"":10.0,""minimumValidReactionSeconds"":0.10000000149011612,""randomSeed"":1399156556}",,0,0.000000,,CorrectSidePress,0,0,0,,,,,,,0.000000,0,0,Axis,0,1
20261009T073458445Z_ac6ced377dca4bd0965537033c95012f,,,1,1,PedalPressed,Visual,2026-10-09T07:39:50.6728061Z,292.216906,288.629404,13115,4,1,OperatingTarget,0,0,1,33,Right,1,1,Correct,1,0.846359,1,0,1.000000,TaskSwitchPedal,0,0.500000,0.200000,,0.100000,5.000000,10.000000,1399156556,291.567762,290.715155,290.721403,291.364299,291.370547,0.006248,292.216906,0,1,4,1,OperatingTarget,Place,Place.PlacementLowering,Place,Place.PlacementLowering,1,"{""pedalAxisName"":""TaskSwitchPedal"",""usePlusMinusKeys"":true,""positivePedalKey"":61,""negativePedalKey"":45,""invertPedalAxis"":false,""pressThreshold"":0.5,""releaseThreshold"":0.20000000298023225,""minimumIntervalSeconds"":5.0,""maximumIntervalSeconds"":10.0,""minimumValidReactionSeconds"":0.10000000149011612,""randomSeed"":1399156556}",,0,0.000000,0.846359,CorrectSidePress,1,0,0,1,Correct,1,0.846359,292.216906,0.846359,0.000000,1,0,PlusMinusKeys,0,1
20261009T073458445Z_ac6ced377dca4bd0965537033c95012f,,,1,1,TrialFinished,Visual,2026-10-09T07:39:50.6728061Z,292.216906,288.629404,13115,4,1,OperatingTarget,0,0,1,33,Right,1,1,Correct,1,0.846359,1,0,1.000000,TaskSwitchPedal,0,0.500000,0.200000,,0.100000,5.000000,10.000000,1399156556,291.567762,290.715155,290.721403,291.364299,291.370547,0.006248,292.216906,0,0,4,1,OperatingTarget,Place,Place.PlacementLowering,Place,Place.PlacementLowering,1,"{""pedalAxisName"":""TaskSwitchPedal"",""usePlusMinusKeys"":true,""positivePedalKey"":61,""negativePedalKey"":45,""invertPedalAxis"":false,""pressThreshold"":0.5,""releaseThreshold"":0.20000000298023225,""minimumIntervalSeconds"":5.0,""maximumIntervalSeconds"":10.0,""minimumValidReactionSeconds"":0.10000000149011612,""randomSeed"":1399156556}",,0,0.000000,0.846359,CorrectSidePress,1,0,0,1,Correct,1,0.846359,292.216906,0.846359,0.000000,1,0,PlusMinusKeys,0,1
20261009T073458445Z_ac6ced377dca4bd0965537033c95012f,,,1,1,StimulusScheduled,Visual,2026-10-09T07:39:50.6728061Z,292.217237,288.629404,13115,4,1,OperatingTarget,0,0,1,34,Left,-1,,,,,0,0,1.000000,TaskSwitchPedal,0,0.500000,0.200000,,0.100000,5.000000,10.000000,1399156556,291.568092,299.246857,,299.896001,,,,0,0,,,,,,Place,Place.PlacementLowering,1,"{""pedalAxisName"":""TaskSwitchPedal"",""usePlusMinusKeys"":true,""positivePedalKey"":61,""negativePedalKey"":45,""invertPedalAxis"":false,""pressThreshold"":0.5,""releaseThreshold"":0.20000000298023225,""minimumIntervalSeconds"":5.0,""maximumIntervalSeconds"":10.0,""minimumValidReactionSeconds"":0.10000000149011612,""randomSeed"":1399156556}",,0,0.000000,,CorrectSidePress,0,0,0,,,,,,,0.000000,1,0,PlusMinusKeys,0,1
20261009T073458445Z_ac6ced377dca4bd0965537033c95012f,,,1,1,StimulusOnsetObserved,Visual,2026-10-09T07:39:58.3534743Z,299.898020,296.311068,13402,4,1,OperatingTarget,0,0,1,34,Left,-1,,,,,1,0,0.000000,TaskSwitchPedal,0,0.500000,0.200000,,0.100000,5.000000,10.000000,1399156556,299.248875,299.246857,299.248875,299.896001,299.898020,0.002018,,1,0,4,1,OperatingTarget,Place,Place.PostPlacementRaising,Place,Place.PostPlacementRaising,1,"{""pedalAxisName"":""TaskSwitchPedal"",""usePlusMinusKeys"":true,""positivePedalKey"":61,""negativePedalKey"":45,""invertPedalAxis"":false,""pressThreshold"":0.5,""releaseThreshold"":0.20000000298023225,""minimumIntervalSeconds"":5.0,""maximumIntervalSeconds"":10.0,""minimumValidReactionSeconds"":0.10000000149011612,""randomSeed"":1399156556}",,0,0.000000,,CorrectSidePress,0,0,0,,,,,,,0.000000,0,0,Axis,0,1
20261009T073458445Z_ac6ced377dca4bd0965537033c95012f,,,1,1,PedalPressed,Visual,2026-10-09T07:39:59.3000449Z,300.844526,297.257694,13444,4,1,OperatingTarget,0,0,1,34,Left,-1,-1,Correct,1,0.946506,1,0,-1.000000,TaskSwitchPedal,0,0.500000,0.200000,,0.100000,5.000000,10.000000,1399156556,300.195381,299.246857,299.248875,299.896001,299.898020,0.002018,300.844526,1,0,4,1,OperatingTarget,Place,Place.PostPlacementRaising,Place,Place.PostPlacementRaising,1,"{""pedalAxisName"":""TaskSwitchPedal"",""usePlusMinusKeys"":true,""positivePedalKey"":61,""negativePedalKey"":45,""invertPedalAxis"":false,""pressThreshold"":0.5,""releaseThreshold"":0.20000000298023225,""minimumIntervalSeconds"":5.0,""maximumIntervalSeconds"":10.0,""minimumValidReactionSeconds"":0.10000000149011612,""randomSeed"":1399156556}",,0,0.000000,0.946506,CorrectSidePress,1,0,0,-1,Correct,1,0.946506,300.844526,0.946506,0.000000,0,1,PlusMinusKeys,0,1
20261009T073458445Z_ac6ced377dca4bd0965537033c95012f,,,1,1,TrialFinished,Visual,2026-10-09T07:39:59.3000449Z,300.844526,297.257694,13444,4,1,OperatingTarget,0,0,1,34,Left,-1,-1,Correct,1,0.946506,1,0,-1.000000,TaskSwitchPedal,0,0.500000,0.200000,,0.100000,5.000000,10.000000,1399156556,300.195381,299.246857,299.248875,299.896001,299.898020,0.002018,300.844526,0,0,4,1,OperatingTarget,Place,Place.PostPlacementRaising,Place,Place.PostPlacementRaising,1,"{""pedalAxisName"":""TaskSwitchPedal"",""usePlusMinusKeys"":true,""positivePedalKey"":61,""negativePedalKey"":45,""invertPedalAxis"":false,""pressThreshold"":0.5,""releaseThreshold"":0.20000000298023225,""minimumIntervalSeconds"":5.0,""maximumIntervalSeconds"":10.0,""minimumValidReactionSeconds"":0.10000000149011612,""randomSeed"":1399156556}",,0,0.000000,0.946506,CorrectSidePress,1,0,0,-1,Correct,1,0.946506,300.844526,0.946506,0.000000,0,1,PlusMinusKeys,0,1
20261009T073458445Z_ac6ced377dca4bd0965537033c95012f,,,1,1,StimulusScheduled,Visual,2026-10-09T07:39:59.3000449Z,300.844925,297.257694,13444,4,1,OperatingTarget,0,0,1,35,Left,-1,,,,,0,0,-1.000000,TaskSwitchPedal,0,0.500000,0.200000,,0.100000,5.000000,10.000000,1399156556,300.195781,306.298708,,306.947852,,,,0,0,,,,,,Place,Place.PostPlacementRaising,1,"{""pedalAxisName"":""TaskSwitchPedal"",""usePlusMinusKeys"":true,""positivePedalKey"":61,""negativePedalKey"":45,""invertPedalAxis"":false,""pressThreshold"":0.5,""releaseThreshold"":0.20000000298023225,""minimumIntervalSeconds"":5.0,""maximumIntervalSeconds"":10.0,""minimumValidReactionSeconds"":0.10000000149011612,""randomSeed"":1399156556}",,0,0.000000,,CorrectSidePress,0,0,0,,,,,,,0.000000,0,1,PlusMinusKeys,0,1
20261009T073458445Z_ac6ced377dca4bd0965537033c95012f,,,1,1,StimulusOnsetObserved,Visual,2026-10-09T07:40:05.4216422Z,306.965344,303.378779,13745,4,0,WaitingForSourceConfirmation,1,0,1,35,Left,-1,,,,,1,0,0.000000,TaskSwitchPedal,0,0.500000,0.200000,,0.100000,5.000000,10.000000,1399156556,306.316189,306.298708,306.316189,306.947852,306.965344,0.017492,,1,0,4,0,WaitingForSourceConfirmation,Move2,Move2.DestinationCoarseMove,Move2,Move2.DestinationCoarseMove,1,"{""pedalAxisName"":""TaskSwitchPedal"",""usePlusMinusKeys"":true,""positivePedalKey"":61,""negativePedalKey"":45,""invertPedalAxis"":false,""pressThreshold"":0.5,""releaseThreshold"":0.20000000298023225,""minimumIntervalSeconds"":5.0,""maximumIntervalSeconds"":10.0,""minimumValidReactionSeconds"":0.10000000149011612,""randomSeed"":1399156556}",,0,0.000000,,CorrectSidePress,0,0,0,,,,,,,0.000000,0,0,Axis,0,1
20261009T073458445Z_ac6ced377dca4bd0965537033c95012f,,,1,1,PedalPressed,Visual,2026-10-09T07:40:06.5453015Z,308.089952,304.502590,13797,4,0,WaitingForSourceConfirmation,1,0,1,35,Left,-1,-1,Correct,1,1.124619,1,0,-1.000000,TaskSwitchPedal,0,0.500000,0.200000,,0.100000,5.000000,10.000000,1399156556,307.440808,306.298708,306.316189,306.947852,306.965344,0.017492,308.089952,1,0,4,0,WaitingForSourceConfirmation,Move2,Move2.DestinationCoarseMove,Move2,Move2.DestinationCoarseMove,1,"{""pedalAxisName"":""TaskSwitchPedal"",""usePlusMinusKeys"":true,""positivePedalKey"":61,""negativePedalKey"":45,""invertPedalAxis"":false,""pressThreshold"":0.5,""releaseThreshold"":0.20000000298023225,""minimumIntervalSeconds"":5.0,""maximumIntervalSeconds"":10.0,""minimumValidReactionSeconds"":0.10000000149011612,""randomSeed"":1399156556}",,0,0.000000,1.124608,CorrectSidePress,1,0,0,-1,Correct,1,1.124619,308.089952,1.124608,0.000000,0,1,PlusMinusKeys,0,1
20261009T073458445Z_ac6ced377dca4bd0965537033c95012f,,,1,1,TrialFinished,Visual,2026-10-09T07:40:06.5453015Z,308.089952,304.502590,13797,4,0,WaitingForSourceConfirmation,1,0,1,35,Left,-1,-1,Correct,1,1.124619,1,0,-1.000000,TaskSwitchPedal,0,0.500000,0.200000,,0.100000,5.000000,10.000000,1399156556,307.440808,306.298708,306.316189,306.947852,306.965344,0.017492,308.089952,0,0,4,0,WaitingForSourceConfirmation,Move2,Move2.DestinationCoarseMove,Move2,Move2.DestinationCoarseMove,1,"{""pedalAxisName"":""TaskSwitchPedal"",""usePlusMinusKeys"":true,""positivePedalKey"":61,""negativePedalKey"":45,""invertPedalAxis"":false,""pressThreshold"":0.5,""releaseThreshold"":0.20000000298023225,""minimumIntervalSeconds"":5.0,""maximumIntervalSeconds"":10.0,""minimumValidReactionSeconds"":0.10000000149011612,""randomSeed"":1399156556}",,0,0.000000,1.124608,CorrectSidePress,1,0,0,-1,Correct,1,1.124619,308.089952,1.124608,0.000000,0,1,PlusMinusKeys,0,1
20261009T073458445Z_ac6ced377dca4bd0965537033c95012f,,,1,1,StimulusScheduled,Visual,2026-10-09T07:40:06.5465726Z,308.090550,304.502590,13797,4,0,WaitingForSourceConfirmation,1,0,1,36,Left,-1,,,,,0,0,-1.000000,TaskSwitchPedal,0,0.500000,0.200000,,0.100000,5.000000,10.000000,1399156556,307.441405,312.564838,,313.213982,,,,0,0,,,,,,Move2,Move2.DestinationCoarseMove,1,"{""pedalAxisName"":""TaskSwitchPedal"",""usePlusMinusKeys"":true,""positivePedalKey"":61,""negativePedalKey"":45,""invertPedalAxis"":false,""pressThreshold"":0.5,""releaseThreshold"":0.20000000298023225,""minimumIntervalSeconds"":5.0,""maximumIntervalSeconds"":10.0,""minimumValidReactionSeconds"":0.10000000149011612,""randomSeed"":1399156556}",,0,0.000000,,CorrectSidePress,0,0,0,,,,,,,0.000000,0,1,PlusMinusKeys,0,1
20261009T073458445Z_ac6ced377dca4bd0965537033c95012f,,,1,1,StimulusOnsetObserved,Visual,2026-10-09T07:40:11.6840444Z,313.227812,309.640663,14021,4,0,OperatingSource,0,0,1,36,Left,-1,,,,,1,0,0.000000,TaskSwitchPedal,0,0.500000,0.200000,,0.100000,5.000000,10.000000,1399156556,312.578668,312.564838,312.578668,313.213982,313.227812,0.013831,,1,0,4,0,OperatingSource,Move2,Move2.DestinationCoarseMove,Move2,Move2.DestinationCoarseMove,1,"{""pedalAxisName"":""TaskSwitchPedal"",""usePlusMinusKeys"":true,""positivePedalKey"":61,""negativePedalKey"":45,""invertPedalAxis"":false,""pressThreshold"":0.5,""releaseThreshold"":0.20000000298023225,""minimumIntervalSeconds"":5.0,""maximumIntervalSeconds"":10.0,""minimumValidReactionSeconds"":0.10000000149011612,""randomSeed"":1399156556}",,0,0.000000,,CorrectSidePress,0,0,0,,,,,,,0.000000,0,0,Axis,0,1
20261009T073458445Z_ac6ced377dca4bd0965537033c95012f,,,1,1,PedalPressed,Visual,2026-10-09T07:40:12.7454788Z,314.290307,310.701843,14069,4,0,OperatingSource,0,0,1,36,Left,-1,-1,Correct,1,1.062495,1,0,-1.000000,TaskSwitchPedal,0,0.500000,0.200000,,0.100000,5.000000,10.000000,1399156556,313.641163,312.564838,312.578668,313.213982,313.227812,0.013831,314.290307,1,0,4,0,OperatingSource,Move2,Move2.DestinationCoarseMove,Move2,Move2.DestinationCoarseMove,1,"{""pedalAxisName"":""TaskSwitchPedal"",""usePlusMinusKeys"":true,""positivePedalKey"":61,""negativePedalKey"":45,""invertPedalAxis"":false,""pressThreshold"":0.5,""releaseThreshold"":0.20000000298023225,""minimumIntervalSeconds"":5.0,""maximumIntervalSeconds"":10.0,""minimumValidReactionSeconds"":0.10000000149011612,""randomSeed"":1399156556}",,0,0.000000,1.062495,CorrectSidePress,1,0,0,-1,Correct,1,1.062495,314.290307,1.062495,0.000000,0,1,PlusMinusKeys,0,1
20261009T073458445Z_ac6ced377dca4bd0965537033c95012f,,,1,1,TrialFinished,Visual,2026-10-09T07:40:12.7454788Z,314.290307,310.701843,14069,4,0,OperatingSource,0,0,1,36,Left,-1,-1,Correct,1,1.062495,1,0,-1.000000,TaskSwitchPedal,0,0.500000,0.200000,,0.100000,5.000000,10.000000,1399156556,313.641163,312.564838,312.578668,313.213982,313.227812,0.013831,314.290307,0,0,4,0,OperatingSource,Move2,Move2.DestinationCoarseMove,Move2,Move2.DestinationCoarseMove,1,"{""pedalAxisName"":""TaskSwitchPedal"",""usePlusMinusKeys"":true,""positivePedalKey"":61,""negativePedalKey"":45,""invertPedalAxis"":false,""pressThreshold"":0.5,""releaseThreshold"":0.20000000298023225,""minimumIntervalSeconds"":5.0,""maximumIntervalSeconds"":10.0,""minimumValidReactionSeconds"":0.10000000149011612,""randomSeed"":1399156556}",,0,0.000000,1.062495,CorrectSidePress,1,0,0,-1,Correct,1,1.062495,314.290307,1.062495,0.000000,0,1,PlusMinusKeys,0,1
20261009T073458445Z_ac6ced377dca4bd0965537033c95012f,,,1,1,StimulusScheduled,Visual,2026-10-09T07:40:12.7468639Z,314.290687,310.701843,14069,4,0,OperatingSource,0,0,1,37,Left,-1,,,,,0,0,-1.000000,TaskSwitchPedal,0,0.500000,0.200000,,0.100000,5.000000,10.000000,1399156556,313.641542,322.005513,,322.654657,,,,0,0,,,,,,Move2,Move2.DestinationCoarseMove,1,"{""pedalAxisName"":""TaskSwitchPedal"",""usePlusMinusKeys"":true,""positivePedalKey"":61,""negativePedalKey"":45,""invertPedalAxis"":false,""pressThreshold"":0.5,""releaseThreshold"":0.20000000298023225,""minimumIntervalSeconds"":5.0,""maximumIntervalSeconds"":10.0,""minimumValidReactionSeconds"":0.10000000149011612,""randomSeed"":1399156556}",,0,0.000000,,CorrectSidePress,0,0,0,,,,,,,0.000000,0,1,PlusMinusKeys,0,1
20261009T073458445Z_ac6ced377dca4bd0965537033c95012f,,,1,1,PedalPressed,Visual,2026-10-09T07:40:12.8641414Z,314.408528,310.820929,14074,4,0,OperatingSource,0,0,1,,,,-1,FalseAlarm,,,0,0,-1.000000,TaskSwitchPedal,0,0.500000,0.200000,,0.100000,5.000000,10.000000,1399156556,313.759383,,,,,,314.408528,0,0,,,,,,Move2,Move2.DestinationCoarseMove,1,"{""pedalAxisName"":""TaskSwitchPedal"",""usePlusMinusKeys"":true,""positivePedalKey"":61,""negativePedalKey"":45,""invertPedalAxis"":false,""pressThreshold"":0.5,""releaseThreshold"":0.20000000298023225,""minimumIntervalSeconds"":5.0,""maximumIntervalSeconds"":10.0,""minimumValidReactionSeconds"":0.10000000149011612,""randomSeed"":1399156556}",,0,0.000000,,CorrectSidePress,,,,,,,,,,0.000000,0,1,PlusMinusKeys,0,1
20261009T073458445Z_ac6ced377dca4bd0965537033c95012f,,,1,1,StimulusOnsetObserved,Visual,2026-10-09T07:40:21.1239120Z,322.668549,319.081709,14436,4,0,OperatingSource,0,0,1,37,Left,-1,,,,,1,0,0.000000,TaskSwitchPedal,0,0.500000,0.200000,,0.100000,5.000000,10.000000,1399156556,322.019405,322.005513,322.019405,322.654657,322.668549,0.013892,,1,0,4,0,OperatingSource,Move2,Move2.DestinationFineAlign,Move2,Move2.DestinationFineAlign,1,"{""pedalAxisName"":""TaskSwitchPedal"",""usePlusMinusKeys"":true,""positivePedalKey"":61,""negativePedalKey"":45,""invertPedalAxis"":false,""pressThreshold"":0.5,""releaseThreshold"":0.20000000298023225,""minimumIntervalSeconds"":5.0,""maximumIntervalSeconds"":10.0,""minimumValidReactionSeconds"":0.10000000149011612,""randomSeed"":1399156556}",,0,0.000000,,CorrectSidePress,0,0,0,,,,,,,0.000000,0,0,Axis,0,1
20261009T073458445Z_ac6ced377dca4bd0965537033c95012f,,,1,1,PedalPressed,Visual,2026-10-09T07:40:22.0888537Z,323.632982,320.044344,14482,4,0,OperatingSource,0,0,1,37,Left,-1,-1,Correct,1,0.964432,1,0,-1.000000,TaskSwitchPedal,0,0.500000,0.200000,,0.100000,5.000000,10.000000,1399156556,322.983838,322.005513,322.019405,322.654657,322.668549,0.013892,323.632982,1,0,4,0,OperatingSource,Move2,Move2.DestinationFineAlign,Move2,Move2.DestinationFineAlign,1,"{""pedalAxisName"":""TaskSwitchPedal"",""usePlusMinusKeys"":true,""positivePedalKey"":61,""negativePedalKey"":45,""invertPedalAxis"":false,""pressThreshold"":0.5,""releaseThreshold"":0.20000000298023225,""minimumIntervalSeconds"":5.0,""maximumIntervalSeconds"":10.0,""minimumValidReactionSeconds"":0.10000000149011612,""randomSeed"":1399156556}",,0,0.000000,0.964433,CorrectSidePress,1,0,0,-1,Correct,1,0.964432,323.632982,0.964433,0.000000,0,1,PlusMinusKeys,0,1
20261009T073458445Z_ac6ced377dca4bd0965537033c95012f,,,1,1,TrialFinished,Visual,2026-10-09T07:40:22.0888537Z,323.632982,320.044344,14482,4,0,OperatingSource,0,0,1,37,Left,-1,-1,Correct,1,0.964432,1,0,-1.000000,TaskSwitchPedal,0,0.500000,0.200000,,0.100000,5.000000,10.000000,1399156556,322.983838,322.005513,322.019405,322.654657,322.668549,0.013892,323.632982,0,0,4,0,OperatingSource,Move2,Move2.DestinationFineAlign,Move2,Move2.DestinationFineAlign,1,"{""pedalAxisName"":""TaskSwitchPedal"",""usePlusMinusKeys"":true,""positivePedalKey"":61,""negativePedalKey"":45,""invertPedalAxis"":false,""pressThreshold"":0.5,""releaseThreshold"":0.20000000298023225,""minimumIntervalSeconds"":5.0,""maximumIntervalSeconds"":10.0,""minimumValidReactionSeconds"":0.10000000149011612,""randomSeed"":1399156556}",,0,0.000000,0.964433,CorrectSidePress,1,0,0,-1,Correct,1,0.964432,323.632982,0.964433,0.000000,0,1,PlusMinusKeys,0,1
20261009T073458445Z_ac6ced377dca4bd0965537033c95012f,,,1,1,StimulusScheduled,Visual,2026-10-09T07:40:22.0888537Z,323.633353,320.044344,14482,4,0,OperatingSource,0,0,1,38,Right,1,,,,,0,0,-1.000000,TaskSwitchPedal,0,0.500000,0.200000,,0.100000,5.000000,10.000000,1399156556,322.984209,329.321307,,329.970452,,,,0,0,,,,,,Move2,Move2.DestinationFineAlign,1,"{""pedalAxisName"":""TaskSwitchPedal"",""usePlusMinusKeys"":true,""positivePedalKey"":61,""negativePedalKey"":45,""invertPedalAxis"":false,""pressThreshold"":0.5,""releaseThreshold"":0.20000000298023225,""minimumIntervalSeconds"":5.0,""maximumIntervalSeconds"":10.0,""minimumValidReactionSeconds"":0.10000000149011612,""randomSeed"":1399156556}",,0,0.000000,,CorrectSidePress,0,0,0,,,,,,,0.000000,0,1,PlusMinusKeys,0,1
20261009T073458445Z_ac6ced377dca4bd0965537033c95012f,,,1,1,StimulusOnsetObserved,Visual,2026-10-09T07:40:28.4518829Z,329.996208,326.405574,14762,4,0,OperatingSource,0,0,1,38,Right,1,,,,,1,0,0.000000,TaskSwitchPedal,0,0.500000,0.200000,,0.100000,5.000000,10.000000,1399156556,329.347064,329.321307,329.347064,329.970452,329.996208,0.025756,,0,1,4,0,OperatingSource,Place,Place.PlacementLowering,Place,Place.PlacementLowering,1,"{""pedalAxisName"":""TaskSwitchPedal"",""usePlusMinusKeys"":true,""positivePedalKey"":61,""negativePedalKey"":45,""invertPedalAxis"":false,""pressThreshold"":0.5,""releaseThreshold"":0.20000000298023225,""minimumIntervalSeconds"":5.0,""maximumIntervalSeconds"":10.0,""minimumValidReactionSeconds"":0.10000000149011612,""randomSeed"":1399156556}",,0,0.000000,,CorrectSidePress,0,0,0,,,,,,,0.000000,0,0,Axis,0,1
20261009T073458445Z_ac6ced377dca4bd0965537033c95012f,,,1,1,PedalPressed,Visual,2026-10-09T07:40:29.2562572Z,330.800620,327.212088,14790,4,0,OperatingSource,0,0,1,38,Right,1,1,Correct,1,0.804412,1,0,1.000000,TaskSwitchPedal,0,0.500000,0.200000,,0.100000,5.000000,10.000000,1399156556,330.151475,329.321307,329.347064,329.970452,329.996208,0.025756,330.800620,0,1,4,0,OperatingSource,Place,Place.PlacementLowering,Place,Place.PlacementLowering,1,"{""pedalAxisName"":""TaskSwitchPedal"",""usePlusMinusKeys"":true,""positivePedalKey"":61,""negativePedalKey"":45,""invertPedalAxis"":false,""pressThreshold"":0.5,""releaseThreshold"":0.20000000298023225,""minimumIntervalSeconds"":5.0,""maximumIntervalSeconds"":10.0,""minimumValidReactionSeconds"":0.10000000149011612,""randomSeed"":1399156556}",,0,0.000000,0.804412,CorrectSidePress,1,0,0,1,Correct,1,0.804412,330.800620,0.804412,0.000000,1,0,PlusMinusKeys,0,1
20261009T073458445Z_ac6ced377dca4bd0965537033c95012f,,,1,1,TrialFinished,Visual,2026-10-09T07:40:29.2562572Z,330.800620,327.212088,14790,4,0,OperatingSource,0,0,1,38,Right,1,1,Correct,1,0.804412,1,0,1.000000,TaskSwitchPedal,0,0.500000,0.200000,,0.100000,5.000000,10.000000,1399156556,330.151475,329.321307,329.347064,329.970452,329.996208,0.025756,330.800620,0,0,4,0,OperatingSource,Place,Place.PlacementLowering,Place,Place.PlacementLowering,1,"{""pedalAxisName"":""TaskSwitchPedal"",""usePlusMinusKeys"":true,""positivePedalKey"":61,""negativePedalKey"":45,""invertPedalAxis"":false,""pressThreshold"":0.5,""releaseThreshold"":0.20000000298023225,""minimumIntervalSeconds"":5.0,""maximumIntervalSeconds"":10.0,""minimumValidReactionSeconds"":0.10000000149011612,""randomSeed"":1399156556}",,0,0.000000,0.804412,CorrectSidePress,1,0,0,1,Correct,1,0.804412,330.800620,0.804412,0.000000,1,0,PlusMinusKeys,0,1
20261009T073458445Z_ac6ced377dca4bd0965537033c95012f,,,1,1,StimulusScheduled,Visual,2026-10-09T07:40:29.2562572Z,330.801012,327.212088,14790,4,0,OperatingSource,0,0,1,39,Left,-1,,,,,0,0,1.000000,TaskSwitchPedal,0,0.500000,0.200000,,0.100000,5.000000,10.000000,1399156556,330.151868,335.894952,,336.544097,,,,0,0,,,,,,Place,Place.PlacementLowering,1,"{""pedalAxisName"":""TaskSwitchPedal"",""usePlusMinusKeys"":true,""positivePedalKey"":61,""negativePedalKey"":45,""invertPedalAxis"":false,""pressThreshold"":0.5,""releaseThreshold"":0.20000000298023225,""minimumIntervalSeconds"":5.0,""maximumIntervalSeconds"":10.0,""minimumValidReactionSeconds"":0.10000000149011612,""randomSeed"":1399156556}",,0,0.000000,,CorrectSidePress,0,0,0,,,,,,,0.000000,1,0,PlusMinusKeys,0,1
20261009T073458445Z_ac6ced377dca4bd0965537033c95012f,,,1,1,StimulusOnsetObserved,Visual,2026-10-09T07:40:35.0175941Z,336.561786,332.974611,14993,4,0,OperatingSource,0,0,1,39,Left,-1,,,,,1,0,0.000000,TaskSwitchPedal,0,0.500000,0.200000,,0.100000,5.000000,10.000000,1399156556,335.912641,335.894952,335.912641,336.544097,336.561786,0.017689,,1,0,4,0,OperatingSource,Place,Place.LoadRelease,Place,Place.LoadRelease,1,"{""pedalAxisName"":""TaskSwitchPedal"",""usePlusMinusKeys"":true,""positivePedalKey"":61,""negativePedalKey"":45,""invertPedalAxis"":false,""pressThreshold"":0.5,""releaseThreshold"":0.20000000298023225,""minimumIntervalSeconds"":5.0,""maximumIntervalSeconds"":10.0,""minimumValidReactionSeconds"":0.10000000149011612,""randomSeed"":1399156556}",,0,0.000000,,CorrectSidePress,0,0,0,,,,,,,0.000000,0,0,Axis,0,1
20261009T073458445Z_ac6ced377dca4bd0965537033c95012f,,,1,1,PedalPressed,Visual,2026-10-09T07:40:36.0707414Z,337.615815,334.025808,15026,4,0,OperatingSource,0,0,1,39,Left,-1,-1,Correct,1,1.054029,1,0,-1.000000,TaskSwitchPedal,0,0.500000,0.200000,,0.100000,5.000000,10.000000,1399156556,336.966671,335.894952,335.912641,336.544097,336.561786,0.017689,337.615815,1,0,4,0,OperatingSource,Place,Place.LoadRelease,Place,Place.LoadRelease,1,"{""pedalAxisName"":""TaskSwitchPedal"",""usePlusMinusKeys"":true,""positivePedalKey"":61,""negativePedalKey"":45,""invertPedalAxis"":false,""pressThreshold"":0.5,""releaseThreshold"":0.20000000298023225,""minimumIntervalSeconds"":5.0,""maximumIntervalSeconds"":10.0,""minimumValidReactionSeconds"":0.10000000149011612,""randomSeed"":1399156556}",,0,0.000000,1.054030,CorrectSidePress,1,0,0,-1,Correct,1,1.054029,337.615815,1.054030,0.000000,0,1,PlusMinusKeys,0,1
20261009T073458445Z_ac6ced377dca4bd0965537033c95012f,,,1,1,TrialFinished,Visual,2026-10-09T07:40:36.0707414Z,337.615815,334.025808,15026,4,0,OperatingSource,0,0,1,39,Left,-1,-1,Correct,1,1.054029,1,0,-1.000000,TaskSwitchPedal,0,0.500000,0.200000,,0.100000,5.000000,10.000000,1399156556,336.966671,335.894952,335.912641,336.544097,336.561786,0.017689,337.615815,0,0,4,0,OperatingSource,Place,Place.LoadRelease,Place,Place.LoadRelease,1,"{""pedalAxisName"":""TaskSwitchPedal"",""usePlusMinusKeys"":true,""positivePedalKey"":61,""negativePedalKey"":45,""invertPedalAxis"":false,""pressThreshold"":0.5,""releaseThreshold"":0.20000000298023225,""minimumIntervalSeconds"":5.0,""maximumIntervalSeconds"":10.0,""minimumValidReactionSeconds"":0.10000000149011612,""randomSeed"":1399156556}",,0,0.000000,1.054030,CorrectSidePress,1,0,0,-1,Correct,1,1.054029,337.615815,1.054030,0.000000,0,1,PlusMinusKeys,0,1
20261009T073458445Z_ac6ced377dca4bd0965537033c95012f,,,1,1,StimulusScheduled,Visual,2026-10-09T07:40:36.0722255Z,337.616333,334.025808,15026,4,0,OperatingSource,0,0,1,40,Left,-1,,,,,0,0,-1.000000,TaskSwitchPedal,0,0.500000,0.200000,,0.100000,5.000000,10.000000,1399156556,336.967189,346.378692,,347.027837,,,,0,0,,,,,,Place,Place.LoadRelease,1,"{""pedalAxisName"":""TaskSwitchPedal"",""usePlusMinusKeys"":true,""positivePedalKey"":61,""negativePedalKey"":45,""invertPedalAxis"":false,""pressThreshold"":0.5,""releaseThreshold"":0.20000000298023225,""minimumIntervalSeconds"":5.0,""maximumIntervalSeconds"":10.0,""minimumValidReactionSeconds"":0.10000000149011612,""randomSeed"":1399156556}",,0,0.000000,,CorrectSidePress,0,0,0,,,,,,,0.000000,0,1,PlusMinusKeys,0,1
20261009T073458445Z_ac6ced377dca4bd0965537033c95012f,,,1,1,StimulusOnsetObserved,Visual,2026-10-09T07:40:45.4862465Z,347.030234,343.442819,15455,4,0,OperatingSource,0,0,1,40,Left,-1,,,,,1,0,0.000000,TaskSwitchPedal,0,0.500000,0.200000,,0.100000,5.000000,10.000000,1399156556,346.381090,346.378692,346.381090,347.027837,347.030234,0.002397,,1,0,4,0,OperatingSource,Move1,Move1.PickupCoarseMove,Move1,Move1.PickupCoarseMove,1,"{""pedalAxisName"":""TaskSwitchPedal"",""usePlusMinusKeys"":true,""positivePedalKey"":61,""negativePedalKey"":45,""invertPedalAxis"":false,""pressThreshold"":0.5,""releaseThreshold"":0.20000000298023225,""minimumIntervalSeconds"":5.0,""maximumIntervalSeconds"":10.0,""minimumValidReactionSeconds"":0.10000000149011612,""randomSeed"":1399156556}",,0,0.000000,,CorrectSidePress,0,0,0,,,,,,,0.000000,0,0,Axis,0,1
20261009T073458445Z_ac6ced377dca4bd0965537033c95012f,,,1,1,PedalPressed,Visual,2026-10-09T07:40:46.4377783Z,347.982575,344.395658,15499,4,0,OperatingSource,0,0,1,40,Left,-1,-1,Correct,1,0.952341,1,0,-1.000000,TaskSwitchPedal,0,0.500000,0.200000,,0.100000,5.000000,10.000000,1399156556,347.333430,346.378692,346.381090,347.027837,347.030234,0.002397,347.982575,1,0,4,0,OperatingSource,Move1,Move1.PickupCoarseMove,Move1,Move1.PickupCoarseMove,1,"{""pedalAxisName"":""TaskSwitchPedal"",""usePlusMinusKeys"":true,""positivePedalKey"":61,""negativePedalKey"":45,""invertPedalAxis"":false,""pressThreshold"":0.5,""releaseThreshold"":0.20000000298023225,""minimumIntervalSeconds"":5.0,""maximumIntervalSeconds"":10.0,""minimumValidReactionSeconds"":0.10000000149011612,""randomSeed"":1399156556}",,0,0.000000,0.952340,CorrectSidePress,1,0,0,-1,Correct,1,0.952341,347.982575,0.952340,0.000000,0,1,PlusMinusKeys,0,1
20261009T073458445Z_ac6ced377dca4bd0965537033c95012f,,,1,1,TrialFinished,Visual,2026-10-09T07:40:46.4377783Z,347.982575,344.395658,15499,4,0,OperatingSource,0,0,1,40,Left,-1,-1,Correct,1,0.952341,1,0,-1.000000,TaskSwitchPedal,0,0.500000,0.200000,,0.100000,5.000000,10.000000,1399156556,347.333430,346.378692,346.381090,347.027837,347.030234,0.002397,347.982575,0,0,4,0,OperatingSource,Move1,Move1.PickupCoarseMove,Move1,Move1.PickupCoarseMove,1,"{""pedalAxisName"":""TaskSwitchPedal"",""usePlusMinusKeys"":true,""positivePedalKey"":61,""negativePedalKey"":45,""invertPedalAxis"":false,""pressThreshold"":0.5,""releaseThreshold"":0.20000000298023225,""minimumIntervalSeconds"":5.0,""maximumIntervalSeconds"":10.0,""minimumValidReactionSeconds"":0.10000000149011612,""randomSeed"":1399156556}",,0,0.000000,0.952340,CorrectSidePress,1,0,0,-1,Correct,1,0.952341,347.982575,0.952340,0.000000,0,1,PlusMinusKeys,0,1
20261009T073458445Z_ac6ced377dca4bd0965537033c95012f,,,1,1,StimulusScheduled,Visual,2026-10-09T07:40:46.4377783Z,347.982875,344.395658,15499,4,0,OperatingSource,0,0,1,41,Right,1,,,,,0,0,-1.000000,TaskSwitchPedal,0,0.500000,0.200000,,0.100000,5.000000,10.000000,1399156556,347.333731,354.638461,,355.287606,,,,0,0,,,,,,Move1,Move1.PickupCoarseMove,1,"{""pedalAxisName"":""TaskSwitchPedal"",""usePlusMinusKeys"":true,""positivePedalKey"":61,""negativePedalKey"":45,""invertPedalAxis"":false,""pressThreshold"":0.5,""releaseThreshold"":0.20000000298023225,""minimumIntervalSeconds"":5.0,""maximumIntervalSeconds"":10.0,""minimumValidReactionSeconds"":0.10000000149011612,""randomSeed"":1399156556}",,0,0.000000,,CorrectSidePress,0,0,0,,,,,,,0.000000,0,1,PlusMinusKeys,0,1
20261009T073458445Z_ac6ced377dca4bd0965537033c95012f,,,1,1,StimulusOnsetObserved,Visual,2026-10-09T07:40:53.7526861Z,355.297437,351.709787,15827,5,0,WaitingForOperatorSwitch,0,0,1,41,Right,1,,,,,1,0,0.000000,TaskSwitchPedal,0,0.500000,0.200000,,0.100000,5.000000,10.000000,1399156556,354.648293,354.638461,354.648293,355.287606,355.297437,0.009831,,0,1,5,0,WaitingForOperatorSwitch,Move1,Move1.PickupCoarseMove,Move1,Move1.PickupCoarseMove,1,"{""pedalAxisName"":""TaskSwitchPedal"",""usePlusMinusKeys"":true,""positivePedalKey"":61,""negativePedalKey"":45,""invertPedalAxis"":false,""pressThreshold"":0.5,""releaseThreshold"":0.20000000298023225,""minimumIntervalSeconds"":5.0,""maximumIntervalSeconds"":10.0,""minimumValidReactionSeconds"":0.10000000149011612,""randomSeed"":1399156556}",,0,0.000000,,CorrectSidePress,0,0,0,,,,,,,0.000000,0,0,Axis,0,1
20261009T073458445Z_ac6ced377dca4bd0965537033c95012f,,,1,1,PedalPressed,Visual,2026-10-09T07:40:54.6214178Z,356.165708,352.578762,15864,5,0,WaitingForOperatorSwitch,0,0,1,41,Right,1,1,Correct,1,0.868271,1,0,1.000000,TaskSwitchPedal,0,0.500000,0.200000,,0.100000,5.000000,10.000000,1399156556,355.516563,354.638461,354.648293,355.287606,355.297437,0.009831,356.165708,0,1,5,0,WaitingForOperatorSwitch,Move1,Move1.PickupCoarseMove,Move1,Move1.PickupCoarseMove,1,"{""pedalAxisName"":""TaskSwitchPedal"",""usePlusMinusKeys"":true,""positivePedalKey"":61,""negativePedalKey"":45,""invertPedalAxis"":false,""pressThreshold"":0.5,""releaseThreshold"":0.20000000298023225,""minimumIntervalSeconds"":5.0,""maximumIntervalSeconds"":10.0,""minimumValidReactionSeconds"":0.10000000149011612,""randomSeed"":1399156556}",,0,0.000000,0.868271,CorrectSidePress,1,0,0,1,Correct,1,0.868271,356.165708,0.868271,0.000000,1,0,PlusMinusKeys,0,1
20261009T073458445Z_ac6ced377dca4bd0965537033c95012f,,,1,1,TrialFinished,Visual,2026-10-09T07:40:54.6214178Z,356.165708,352.578762,15864,5,0,WaitingForOperatorSwitch,0,0,1,41,Right,1,1,Correct,1,0.868271,1,0,1.000000,TaskSwitchPedal,0,0.500000,0.200000,,0.100000,5.000000,10.000000,1399156556,355.516563,354.638461,354.648293,355.287606,355.297437,0.009831,356.165708,0,0,5,0,WaitingForOperatorSwitch,Move1,Move1.PickupCoarseMove,Move1,Move1.PickupCoarseMove,1,"{""pedalAxisName"":""TaskSwitchPedal"",""usePlusMinusKeys"":true,""positivePedalKey"":61,""negativePedalKey"":45,""invertPedalAxis"":false,""pressThreshold"":0.5,""releaseThreshold"":0.20000000298023225,""minimumIntervalSeconds"":5.0,""maximumIntervalSeconds"":10.0,""minimumValidReactionSeconds"":0.10000000149011612,""randomSeed"":1399156556}",,0,0.000000,0.868271,CorrectSidePress,1,0,0,1,Correct,1,0.868271,356.165708,0.868271,0.000000,1,0,PlusMinusKeys,0,1
20261009T073458445Z_ac6ced377dca4bd0965537033c95012f,,,1,1,StimulusScheduled,Visual,2026-10-09T07:40:54.6214178Z,356.166020,352.578762,15864,5,0,WaitingForOperatorSwitch,0,0,1,42,Right,1,,,,,0,0,1.000000,TaskSwitchPedal,0,0.500000,0.200000,,0.100000,5.000000,10.000000,1399156556,355.516875,364.228419,,364.877563,,,,0,0,,,,,,Move1,Move1.PickupCoarseMove,1,"{""pedalAxisName"":""TaskSwitchPedal"",""usePlusMinusKeys"":true,""positivePedalKey"":61,""negativePedalKey"":45,""invertPedalAxis"":false,""pressThreshold"":0.5,""releaseThreshold"":0.20000000298023225,""minimumIntervalSeconds"":5.0,""maximumIntervalSeconds"":10.0,""minimumValidReactionSeconds"":0.10000000149011612,""randomSeed"":1399156556}",,0,0.000000,,CorrectSidePress,0,0,0,,,,,,,0.000000,1,0,PlusMinusKeys,0,1
20261009T073458445Z_ac6ced377dca4bd0965537033c95012f,,,1,1,StimulusOnsetObserved,Visual,2026-10-09T07:41:03.3577104Z,364.901891,361.314435,16260,5,0,WaitingForOperatorSwitch,0,0,1,42,Right,1,,,,,1,0,0.000000,TaskSwitchPedal,0,0.500000,0.200000,,0.100000,5.000000,10.000000,1399156556,364.252747,364.228419,364.252747,364.877563,364.901891,0.024328,,0,1,5,0,WaitingForOperatorSwitch,Move1,Move1.PickupFineAlign,Move1,Move1.PickupFineAlign,1,"{""pedalAxisName"":""TaskSwitchPedal"",""usePlusMinusKeys"":true,""positivePedalKey"":61,""negativePedalKey"":45,""invertPedalAxis"":false,""pressThreshold"":0.5,""releaseThreshold"":0.20000000298023225,""minimumIntervalSeconds"":5.0,""maximumIntervalSeconds"":10.0,""minimumValidReactionSeconds"":0.10000000149011612,""randomSeed"":1399156556}",,0,0.000000,,CorrectSidePress,0,0,0,,,,,,,0.000000,0,0,Axis,0,1
20261009T073458445Z_ac6ced377dca4bd0965537033c95012f,,,1,1,PedalPressed,Visual,2026-10-09T07:41:04.3511045Z,365.895553,362.308906,16306,5,0,WaitingForOperatorSwitch,0,0,1,42,Right,1,1,Correct,1,0.993662,1,0,1.000000,TaskSwitchPedal,0,0.500000,0.200000,,0.100000,5.000000,10.000000,1399156556,365.246409,364.228419,364.252747,364.877563,364.901891,0.024328,365.895553,0,1,5,0,WaitingForOperatorSwitch,Move1,Move1.PickupFineAlign,LiftUp,LiftUp.PickupLowering,1,"{""pedalAxisName"":""TaskSwitchPedal"",""usePlusMinusKeys"":true,""positivePedalKey"":61,""negativePedalKey"":45,""invertPedalAxis"":false,""pressThreshold"":0.5,""releaseThreshold"":0.20000000298023225,""minimumIntervalSeconds"":5.0,""maximumIntervalSeconds"":10.0,""minimumValidReactionSeconds"":0.10000000149011612,""randomSeed"":1399156556}",,0,0.000000,0.993662,CorrectSidePress,1,0,0,1,Correct,1,0.993662,365.895553,0.993662,0.000000,1,0,PlusMinusKeys,0,1
20261009T073458445Z_ac6ced377dca4bd0965537033c95012f,,,1,1,TrialFinished,Visual,2026-10-09T07:41:04.3511045Z,365.895553,362.308906,16306,5,0,WaitingForOperatorSwitch,0,0,1,42,Right,1,1,Correct,1,0.993662,1,0,1.000000,TaskSwitchPedal,0,0.500000,0.200000,,0.100000,5.000000,10.000000,1399156556,365.246409,364.228419,364.252747,364.877563,364.901891,0.024328,365.895553,0,0,5,0,WaitingForOperatorSwitch,Move1,Move1.PickupFineAlign,LiftUp,LiftUp.PickupLowering,1,"{""pedalAxisName"":""TaskSwitchPedal"",""usePlusMinusKeys"":true,""positivePedalKey"":61,""negativePedalKey"":45,""invertPedalAxis"":false,""pressThreshold"":0.5,""releaseThreshold"":0.20000000298023225,""minimumIntervalSeconds"":5.0,""maximumIntervalSeconds"":10.0,""minimumValidReactionSeconds"":0.10000000149011612,""randomSeed"":1399156556}",,0,0.000000,0.993662,CorrectSidePress,1,0,0,1,Correct,1,0.993662,365.895553,0.993662,0.000000,1,0,PlusMinusKeys,0,1
20261009T073458445Z_ac6ced377dca4bd0965537033c95012f,,,1,1,StimulusScheduled,Visual,2026-10-09T07:41:04.3511045Z,365.895925,362.308906,16306,5,0,WaitingForOperatorSwitch,0,0,1,43,Right,1,,,,,0,0,1.000000,TaskSwitchPedal,0,0.500000,0.200000,,0.100000,5.000000,10.000000,1399156556,365.246781,372.382319,,373.031463,,,,0,0,,,,,,LiftUp,LiftUp.PickupLowering,1,"{""pedalAxisName"":""TaskSwitchPedal"",""usePlusMinusKeys"":true,""positivePedalKey"":61,""negativePedalKey"":45,""invertPedalAxis"":false,""pressThreshold"":0.5,""releaseThreshold"":0.20000000298023225,""minimumIntervalSeconds"":5.0,""maximumIntervalSeconds"":10.0,""minimumValidReactionSeconds"":0.10000000149011612,""randomSeed"":1399156556}",,0,0.000000,,CorrectSidePress,0,0,0,,,,,,,0.000000,1,0,PlusMinusKeys,0,1
20261009T073458445Z_ac6ced377dca4bd0965537033c95012f,,,1,1,StimulusOnsetObserved,Visual,2026-10-09T07:41:11.5009554Z,373.045287,369.458142,16629,5,1,OperatingTarget,0,0,1,43,Right,1,,,,,1,0,0.000000,TaskSwitchPedal,0,0.500000,0.200000,,0.100000,5.000000,10.000000,1399156556,372.396142,372.382319,372.396142,373.031463,373.045287,0.013823,,0,1,5,1,OperatingTarget,Move1,Move1.PickupCoarseMove,Move1,Move1.PickupCoarseMove,1,"{""pedalAxisName"":""TaskSwitchPedal"",""usePlusMinusKeys"":true,""positivePedalKey"":61,""negativePedalKey"":45,""invertPedalAxis"":false,""pressThreshold"":0.5,""releaseThreshold"":0.20000000298023225,""minimumIntervalSeconds"":5.0,""maximumIntervalSeconds"":10.0,""minimumValidReactionSeconds"":0.10000000149011612,""randomSeed"":1399156556}",,0,0.000000,,CorrectSidePress,0,0,0,,,,,,,0.000000,0,0,Axis,0,1
20261009T073458445Z_ac6ced377dca4bd0965537033c95012f,,,1,1,PedalPressed,Visual,2026-10-09T07:41:12.8261765Z,374.371326,370.783271,16689,5,1,OperatingTarget,0,0,1,43,Right,1,1,Correct,1,1.326039,1,0,1.000000,TaskSwitchPedal,0,0.500000,0.200000,,0.100000,5.000000,10.000000,1399156556,373.722181,372.382319,372.396142,373.031463,373.045287,0.013823,374.371326,0,1,5,1,OperatingTarget,Move1,Move1.PickupCoarseMove,Move1,Move1.PickupCoarseMove,1,"{""pedalAxisName"":""TaskSwitchPedal"",""usePlusMinusKeys"":true,""positivePedalKey"":61,""negativePedalKey"":45,""invertPedalAxis"":false,""pressThreshold"":0.5,""releaseThreshold"":0.20000000298023225,""minimumIntervalSeconds"":5.0,""maximumIntervalSeconds"":10.0,""minimumValidReactionSeconds"":0.10000000149011612,""randomSeed"":1399156556}",,0,0.000000,1.326039,CorrectSidePress,1,0,0,1,Correct,1,1.326039,374.371326,1.326039,0.000000,1,0,PlusMinusKeys,0,1
20261009T073458445Z_ac6ced377dca4bd0965537033c95012f,,,1,1,TrialFinished,Visual,2026-10-09T07:41:12.8271749Z,374.371326,370.783271,16689,5,1,OperatingTarget,0,0,1,43,Right,1,1,Correct,1,1.326039,1,0,1.000000,TaskSwitchPedal,0,0.500000,0.200000,,0.100000,5.000000,10.000000,1399156556,373.722181,372.382319,372.396142,373.031463,373.045287,0.013823,374.371326,0,0,5,1,OperatingTarget,Move1,Move1.PickupCoarseMove,Move1,Move1.PickupCoarseMove,1,"{""pedalAxisName"":""TaskSwitchPedal"",""usePlusMinusKeys"":true,""positivePedalKey"":61,""negativePedalKey"":45,""invertPedalAxis"":false,""pressThreshold"":0.5,""releaseThreshold"":0.20000000298023225,""minimumIntervalSeconds"":5.0,""maximumIntervalSeconds"":10.0,""minimumValidReactionSeconds"":0.10000000149011612,""randomSeed"":1399156556}",,0,0.000000,1.326039,CorrectSidePress,1,0,0,1,Correct,1,1.326039,374.371326,1.326039,0.000000,1,0,PlusMinusKeys,0,1
20261009T073458445Z_ac6ced377dca4bd0965537033c95012f,,,1,1,StimulusScheduled,Visual,2026-10-09T07:41:12.8271749Z,374.371729,370.783271,16689,5,1,OperatingTarget,0,0,1,44,Left,-1,,,,,0,0,1.000000,TaskSwitchPedal,0,0.500000,0.200000,,0.100000,5.000000,10.000000,1399156556,373.722584,379.369402,,380.018546,,,,0,0,,,,,,Move1,Move1.PickupCoarseMove,1,"{""pedalAxisName"":""TaskSwitchPedal"",""usePlusMinusKeys"":true,""positivePedalKey"":61,""negativePedalKey"":45,""invertPedalAxis"":false,""pressThreshold"":0.5,""releaseThreshold"":0.20000000298023225,""minimumIntervalSeconds"":5.0,""maximumIntervalSeconds"":10.0,""minimumValidReactionSeconds"":0.10000000149011612,""randomSeed"":1399156556}",,0,0.000000,,CorrectSidePress,0,0,0,,,,,,,0.000000,1,0,PlusMinusKeys,0,1
20261009T073458445Z_ac6ced377dca4bd0965537033c95012f,,,1,1,StimulusOnsetObserved,Visual,2026-10-09T07:41:18.4761176Z,380.020711,376.433792,16953,5,1,OperatingTarget,0,0,1,44,Left,-1,,,,,1,0,0.000000,TaskSwitchPedal,0,0.500000,0.200000,,0.100000,5.000000,10.000000,1399156556,379.371566,379.369402,379.371566,380.018546,380.020711,0.002165,,1,0,5,1,OperatingTarget,Move1,Move1.PickupFineAlign,Move1,Move1.PickupFineAlign,1,"{""pedalAxisName"":""TaskSwitchPedal"",""usePlusMinusKeys"":true,""positivePedalKey"":61,""negativePedalKey"":45,""invertPedalAxis"":false,""pressThreshold"":0.5,""releaseThreshold"":0.20000000298023225,""minimumIntervalSeconds"":5.0,""maximumIntervalSeconds"":10.0,""minimumValidReactionSeconds"":0.10000000149011612,""randomSeed"":1399156556}",,0,0.000000,,CorrectSidePress,0,0,0,,,,,,,0.000000,0,0,Axis,0,1
20261009T073458445Z_ac6ced377dca4bd0965537033c95012f,,,1,1,PedalPressed,Visual,2026-10-09T07:41:19.3886696Z,380.934514,377.347537,16997,5,1,OperatingTarget,0,0,1,44,Left,-1,-1,Correct,1,0.913803,1,0,-1.000000,TaskSwitchPedal,0,0.500000,0.200000,,0.100000,5.000000,10.000000,1399156556,380.285369,379.369402,379.371566,380.018546,380.020711,0.002165,380.934514,1,0,5,1,OperatingTarget,Move1,Move1.PickupFineAlign,Move1,Move1.PickupFineAlign,1,"{""pedalAxisName"":""TaskSwitchPedal"",""usePlusMinusKeys"":true,""positivePedalKey"":61,""negativePedalKey"":45,""invertPedalAxis"":false,""pressThreshold"":0.5,""releaseThreshold"":0.20000000298023225,""minimumIntervalSeconds"":5.0,""maximumIntervalSeconds"":10.0,""minimumValidReactionSeconds"":0.10000000149011612,""randomSeed"":1399156556}",,0,0.000000,0.913803,CorrectSidePress,1,0,0,-1,Correct,1,0.913803,380.934514,0.913803,0.000000,0,1,PlusMinusKeys,0,1
20261009T073458445Z_ac6ced377dca4bd0965537033c95012f,,,1,1,TrialFinished,Visual,2026-10-09T07:41:19.3904375Z,380.934514,377.347537,16997,5,1,OperatingTarget,0,0,1,44,Left,-1,-1,Correct,1,0.913803,1,0,-1.000000,TaskSwitchPedal,0,0.500000,0.200000,,0.100000,5.000000,10.000000,1399156556,380.285369,379.369402,379.371566,380.018546,380.020711,0.002165,380.934514,0,0,5,1,OperatingTarget,Move1,Move1.PickupFineAlign,Move1,Move1.PickupFineAlign,1,"{""pedalAxisName"":""TaskSwitchPedal"",""usePlusMinusKeys"":true,""positivePedalKey"":61,""negativePedalKey"":45,""invertPedalAxis"":false,""pressThreshold"":0.5,""releaseThreshold"":0.20000000298023225,""minimumIntervalSeconds"":5.0,""maximumIntervalSeconds"":10.0,""minimumValidReactionSeconds"":0.10000000149011612,""randomSeed"":1399156556}",,0,0.000000,0.913803,CorrectSidePress,1,0,0,-1,Correct,1,0.913803,380.934514,0.913803,0.000000,0,1,PlusMinusKeys,0,1
20261009T073458445Z_ac6ced377dca4bd0965537033c95012f,,,1,1,StimulusScheduled,Visual,2026-10-09T07:41:19.3904375Z,380.934987,377.347537,16997,5,1,OperatingTarget,0,0,1,45,Right,1,,,,,0,0,-1.000000,TaskSwitchPedal,0,0.500000,0.200000,,0.100000,5.000000,10.000000,1399156556,380.285843,386.797225,,387.446370,,,,0,0,,,,,,Move1,Move1.PickupFineAlign,1,"{""pedalAxisName"":""TaskSwitchPedal"",""usePlusMinusKeys"":true,""positivePedalKey"":61,""negativePedalKey"":45,""invertPedalAxis"":false,""pressThreshold"":0.5,""releaseThreshold"":0.20000000298023225,""minimumIntervalSeconds"":5.0,""maximumIntervalSeconds"":10.0,""minimumValidReactionSeconds"":0.10000000149011612,""randomSeed"":1399156556}",,0,0.000000,,CorrectSidePress,0,0,0,,,,,,,0.000000,0,1,PlusMinusKeys,0,1
20261009T073458445Z_ac6ced377dca4bd0965537033c95012f,,,1,1,StimulusOnsetObserved,Visual,2026-10-09T07:41:25.9638357Z,387.508268,383.919182,17239,5,1,OperatingTarget,0,0,1,45,Right,1,,,,,1,0,0.000000,TaskSwitchPedal,0,0.500000,0.200000,,0.100000,5.000000,10.000000,1399156556,386.859124,386.797225,386.859124,387.446370,387.508268,0.061898,,0,1,5,1,OperatingTarget,LiftUp,LiftUp.PickupLowering,LiftUp,LiftUp.PickupLowering,1,"{""pedalAxisName"":""TaskSwitchPedal"",""usePlusMinusKeys"":true,""positivePedalKey"":61,""negativePedalKey"":45,""invertPedalAxis"":false,""pressThreshold"":0.5,""releaseThreshold"":0.20000000298023225,""minimumIntervalSeconds"":5.0,""maximumIntervalSeconds"":10.0,""minimumValidReactionSeconds"":0.10000000149011612,""randomSeed"":1399156556}",,0,0.000000,,CorrectSidePress,0,0,0,,,,,,,0.000000,0,0,Axis,0,1
20261009T073458445Z_ac6ced377dca4bd0965537033c95012f,,,1,1,PedalPressed,Visual,2026-10-09T07:41:26.9285637Z,388.472866,384.884827,17273,5,1,OperatingTarget,0,0,1,45,Right,1,1,Correct,1,0.964598,1,0,1.000000,TaskSwitchPedal,0,0.500000,0.200000,,0.100000,5.000000,10.000000,1399156556,387.823721,386.797225,386.859124,387.446370,387.508268,0.061898,388.472866,0,1,5,1,OperatingTarget,LiftUp,LiftUp.PickupLowering,LiftUp,LiftUp.LoadAcquisition,1,"{""pedalAxisName"":""TaskSwitchPedal"",""usePlusMinusKeys"":true,""positivePedalKey"":61,""negativePedalKey"":45,""invertPedalAxis"":false,""pressThreshold"":0.5,""releaseThreshold"":0.20000000298023225,""minimumIntervalSeconds"":5.0,""maximumIntervalSeconds"":10.0,""minimumValidReactionSeconds"":0.10000000149011612,""randomSeed"":1399156556}",,0,0.000000,0.964598,CorrectSidePress,1,0,0,1,Correct,1,0.964598,388.472866,0.964598,0.000000,1,0,PlusMinusKeys,0,1
20261009T073458445Z_ac6ced377dca4bd0965537033c95012f,,,1,1,TrialFinished,Visual,2026-10-09T07:41:26.9285637Z,388.472866,384.884827,17273,5,1,OperatingTarget,0,0,1,45,Right,1,1,Correct,1,0.964598,1,0,1.000000,TaskSwitchPedal,0,0.500000,0.200000,,0.100000,5.000000,10.000000,1399156556,387.823721,386.797225,386.859124,387.446370,387.508268,0.061898,388.472866,0,0,5,1,OperatingTarget,LiftUp,LiftUp.PickupLowering,LiftUp,LiftUp.LoadAcquisition,1,"{""pedalAxisName"":""TaskSwitchPedal"",""usePlusMinusKeys"":true,""positivePedalKey"":61,""negativePedalKey"":45,""invertPedalAxis"":false,""pressThreshold"":0.5,""releaseThreshold"":0.20000000298023225,""minimumIntervalSeconds"":5.0,""maximumIntervalSeconds"":10.0,""minimumValidReactionSeconds"":0.10000000149011612,""randomSeed"":1399156556}",,0,0.000000,0.964598,CorrectSidePress,1,0,0,1,Correct,1,0.964598,388.472866,0.964598,0.000000,1,0,PlusMinusKeys,0,1
20261009T073458445Z_ac6ced377dca4bd0965537033c95012f,,,1,1,StimulusScheduled,Visual,2026-10-09T07:41:26.9285637Z,388.473302,384.884827,17273,5,1,OperatingTarget,0,0,1,46,Right,1,,,,,0,0,1.000000,TaskSwitchPedal,0,0.500000,0.200000,,0.100000,5.000000,10.000000,1399156556,387.824157,396.863122,,397.512266,,,,0,0,,,,,,LiftUp,LiftUp.LoadAcquisition,1,"{""pedalAxisName"":""TaskSwitchPedal"",""usePlusMinusKeys"":true,""positivePedalKey"":61,""negativePedalKey"":45,""invertPedalAxis"":false,""pressThreshold"":0.5,""releaseThreshold"":0.20000000298023225,""minimumIntervalSeconds"":5.0,""maximumIntervalSeconds"":10.0,""minimumValidReactionSeconds"":0.10000000149011612,""randomSeed"":1399156556}",,0,0.000000,,CorrectSidePress,0,0,0,,,,,,,0.000000,1,0,PlusMinusKeys,0,1
20261009T073458445Z_ac6ced377dca4bd0965537033c95012f,,,1,1,StimulusOnsetObserved,Visual,2026-10-09T07:41:35.9879695Z,397.532289,393.944246,17605,5,1,OperatingTarget,0,0,1,46,Right,1,,,,,1,0,0.000000,TaskSwitchPedal,0,0.500000,0.200000,,0.100000,5.000000,10.000000,1399156556,396.883144,396.863122,396.883144,397.512266,397.532289,0.020022,,0,1,5,1,OperatingTarget,LiftUp,LiftUp.LoadedRaising,LiftUp,LiftUp.LoadedRaising,1,"{""pedalAxisName"":""TaskSwitchPedal"",""usePlusMinusKeys"":true,""positivePedalKey"":61,""negativePedalKey"":45,""invertPedalAxis"":false,""pressThreshold"":0.5,""releaseThreshold"":0.20000000298023225,""minimumIntervalSeconds"":5.0,""maximumIntervalSeconds"":10.0,""minimumValidReactionSeconds"":0.10000000149011612,""randomSeed"":1399156556}",,0,0.000000,,CorrectSidePress,0,0,0,,,,,,,0.000000,0,0,Axis,0,1
20261009T073458445Z_ac6ced377dca4bd0965537033c95012f,,,1,1,PedalPressed,Visual,2026-10-09T07:41:37.4386772Z,398.984826,395.397609,17668,5,0,WaitingForSourceConfirmation,1,0,1,46,Right,1,1,Correct,1,1.452538,1,0,1.000000,TaskSwitchPedal,0,0.500000,0.200000,,0.100000,5.000000,10.000000,1399156556,398.335682,396.863122,396.883144,397.512266,397.532289,0.020022,398.984826,0,1,5,1,OperatingTarget,LiftUp,LiftUp.LoadedRaising,LiftUp,LiftUp.PickupLowering,1,"{""pedalAxisName"":""TaskSwitchPedal"",""usePlusMinusKeys"":true,""positivePedalKey"":61,""negativePedalKey"":45,""invertPedalAxis"":false,""pressThreshold"":0.5,""releaseThreshold"":0.20000000298023225,""minimumIntervalSeconds"":5.0,""maximumIntervalSeconds"":10.0,""minimumValidReactionSeconds"":0.10000000149011612,""randomSeed"":1399156556}",,0,0.000000,1.452537,CorrectSidePress,1,0,0,1,Correct,1,1.452538,398.984826,1.452537,0.000000,1,0,PlusMinusKeys,0,1
20261009T073458445Z_ac6ced377dca4bd0965537033c95012f,,,1,1,TrialFinished,Visual,2026-10-09T07:41:37.4404958Z,398.984826,395.397609,17668,5,0,WaitingForSourceConfirmation,1,0,1,46,Right,1,1,Correct,1,1.452538,1,0,1.000000,TaskSwitchPedal,0,0.500000,0.200000,,0.100000,5.000000,10.000000,1399156556,398.335682,396.863122,396.883144,397.512266,397.532289,0.020022,398.984826,0,0,5,1,OperatingTarget,LiftUp,LiftUp.LoadedRaising,LiftUp,LiftUp.PickupLowering,1,"{""pedalAxisName"":""TaskSwitchPedal"",""usePlusMinusKeys"":true,""positivePedalKey"":61,""negativePedalKey"":45,""invertPedalAxis"":false,""pressThreshold"":0.5,""releaseThreshold"":0.20000000298023225,""minimumIntervalSeconds"":5.0,""maximumIntervalSeconds"":10.0,""minimumValidReactionSeconds"":0.10000000149011612,""randomSeed"":1399156556}",,0,0.000000,1.452537,CorrectSidePress,1,0,0,1,Correct,1,1.452538,398.984826,1.452537,0.000000,1,0,PlusMinusKeys,0,1
20261009T073458445Z_ac6ced377dca4bd0965537033c95012f,,,1,1,StimulusScheduled,Visual,2026-10-09T07:41:37.4404958Z,398.985343,395.397609,17668,5,0,WaitingForSourceConfirmation,1,0,1,47,Right,1,,,,,0,0,1.000000,TaskSwitchPedal,0,0.500000,0.200000,,0.100000,5.000000,10.000000,1399156556,398.336198,405.530582,,406.179726,,,,0,0,,,,,,LiftUp,LiftUp.PickupLowering,1,"{""pedalAxisName"":""TaskSwitchPedal"",""usePlusMinusKeys"":true,""positivePedalKey"":61,""negativePedalKey"":45,""invertPedalAxis"":false,""pressThreshold"":0.5,""releaseThreshold"":0.20000000298023225,""minimumIntervalSeconds"":5.0,""maximumIntervalSeconds"":10.0,""minimumValidReactionSeconds"":0.10000000149011612,""randomSeed"":1399156556}",,0,0.000000,,CorrectSidePress,0,0,0,,,,,,,0.000000,1,0,PlusMinusKeys,0,1
20261009T073458445Z_ac6ced377dca4bd0965537033c95012f,,,1,1,StimulusOnsetObserved,Visual,2026-10-09T07:41:44.6389333Z,406.184005,402.596694,17949,5,0,OperatingSource,0,0,1,47,Right,1,,,,,1,0,0.000000,TaskSwitchPedal,0,0.500000,0.200000,,0.100000,5.000000,10.000000,1399156556,405.534861,405.530582,405.534861,406.179726,406.184005,0.004279,,0,1,5,0,OperatingSource,LiftUp,LiftUp.PickupLowering,LiftUp,LiftUp.PickupLowering,1,"{""pedalAxisName"":""TaskSwitchPedal"",""usePlusMinusKeys"":true,""positivePedalKey"":61,""negativePedalKey"":45,""invertPedalAxis"":false,""pressThreshold"":0.5,""releaseThreshold"":0.20000000298023225,""minimumIntervalSeconds"":5.0,""maximumIntervalSeconds"":10.0,""minimumValidReactionSeconds"":0.10000000149011612,""randomSeed"":1399156556}",,0,0.000000,,CorrectSidePress,0,0,0,,,,,,,0.000000,0,0,Axis,0,1
20261009T073458445Z_ac6ced377dca4bd0965537033c95012f,,,1,1,PedalPressed,Visual,2026-10-09T07:41:45.5556463Z,407.100374,403.511854,17979,5,0,OperatingSource,0,0,1,47,Right,1,1,Correct,1,0.916368,1,0,1.000000,TaskSwitchPedal,0,0.500000,0.200000,,0.100000,5.000000,10.000000,1399156556,406.451229,405.530582,405.534861,406.179726,406.184005,0.004279,407.100374,0,1,5,0,OperatingSource,LiftUp,LiftUp.PickupLowering,LiftUp,LiftUp.PickupLowering,1,"{""pedalAxisName"":""TaskSwitchPedal"",""usePlusMinusKeys"":true,""positivePedalKey"":61,""negativePedalKey"":45,""invertPedalAxis"":false,""pressThreshold"":0.5,""releaseThreshold"":0.20000000298023225,""minimumIntervalSeconds"":5.0,""maximumIntervalSeconds"":10.0,""minimumValidReactionSeconds"":0.10000000149011612,""randomSeed"":1399156556}",,0,0.000000,0.916368,CorrectSidePress,1,0,0,1,Correct,1,0.916368,407.100374,0.916368,0.000000,1,0,PlusMinusKeys,0,1
20261009T073458445Z_ac6ced377dca4bd0965537033c95012f,,,1,1,TrialFinished,Visual,2026-10-09T07:41:45.5561833Z,407.100374,403.511854,17979,5,0,OperatingSource,0,0,1,47,Right,1,1,Correct,1,0.916368,1,0,1.000000,TaskSwitchPedal,0,0.500000,0.200000,,0.100000,5.000000,10.000000,1399156556,406.451229,405.530582,405.534861,406.179726,406.184005,0.004279,407.100374,0,0,5,0,OperatingSource,LiftUp,LiftUp.PickupLowering,LiftUp,LiftUp.PickupLowering,1,"{""pedalAxisName"":""TaskSwitchPedal"",""usePlusMinusKeys"":true,""positivePedalKey"":61,""negativePedalKey"":45,""invertPedalAxis"":false,""pressThreshold"":0.5,""releaseThreshold"":0.20000000298023225,""minimumIntervalSeconds"":5.0,""maximumIntervalSeconds"":10.0,""minimumValidReactionSeconds"":0.10000000149011612,""randomSeed"":1399156556}",,0,0.000000,0.916368,CorrectSidePress,1,0,0,1,Correct,1,0.916368,407.100374,0.916368,0.000000,1,0,PlusMinusKeys,0,1
20261009T073458445Z_ac6ced377dca4bd0965537033c95012f,,,1,1,StimulusScheduled,Visual,2026-10-09T07:41:45.5561833Z,407.100819,403.511854,17979,5,0,OperatingSource,0,0,1,48,Right,1,,,,,0,0,1.000000,TaskSwitchPedal,0,0.500000,0.200000,,0.100000,5.000000,10.000000,1399156556,406.451675,413.834996,,414.484140,,,,0,0,,,,,,LiftUp,LiftUp.PickupLowering,1,"{""pedalAxisName"":""TaskSwitchPedal"",""usePlusMinusKeys"":true,""positivePedalKey"":61,""negativePedalKey"":45,""invertPedalAxis"":false,""pressThreshold"":0.5,""releaseThreshold"":0.20000000298023225,""minimumIntervalSeconds"":5.0,""maximumIntervalSeconds"":10.0,""minimumValidReactionSeconds"":0.10000000149011612,""randomSeed"":1399156556}",,0,0.000000,,CorrectSidePress,0,0,0,,,,,,,0.000000,1,0,PlusMinusKeys,0,1
20261009T073458445Z_ac6ced377dca4bd0965537033c95012f,,,1,1,StimulusOnsetObserved,Visual,2026-10-09T07:41:52.9422529Z,414.486748,410.898403,18227,5,0,OperatingSource,0,0,1,48,Right,1,,,,,1,0,0.000000,TaskSwitchPedal,0,0.500000,0.200000,,0.100000,5.000000,10.000000,1399156556,413.837604,413.834996,413.837604,414.484140,414.486748,0.002608,,0,1,5,0,OperatingSource,LiftUp,LiftUp.LoadAcquisition,LiftUp,LiftUp.LoadAcquisition,1,"{""pedalAxisName"":""TaskSwitchPedal"",""usePlusMinusKeys"":true,""positivePedalKey"":61,""negativePedalKey"":45,""invertPedalAxis"":false,""pressThreshold"":0.5,""releaseThreshold"":0.20000000298023225,""minimumIntervalSeconds"":5.0,""maximumIntervalSeconds"":10.0,""minimumValidReactionSeconds"":0.10000000149011612,""randomSeed"":1399156556}",,0,0.000000,,CorrectSidePress,0,0,0,,,,,,,0.000000,0,0,Axis,0,1
20261009T073458445Z_ac6ced377dca4bd0965537033c95012f,,,1,1,PedalPressed,Visual,2026-10-09T07:41:53.9890792Z,415.534170,411.946154,18261,5,0,OperatingSource,0,0,1,48,Right,1,1,Correct,1,1.047422,1,0,1.000000,TaskSwitchPedal,0,0.500000,0.200000,,0.100000,5.000000,10.000000,1399156556,414.885026,413.834996,413.837604,414.484140,414.486748,0.002608,415.534170,0,1,5,0,OperatingSource,LiftUp,LiftUp.LoadAcquisition,LiftUp,LiftUp.LoadAcquisition,1,"{""pedalAxisName"":""TaskSwitchPedal"",""usePlusMinusKeys"":true,""positivePedalKey"":61,""negativePedalKey"":45,""invertPedalAxis"":false,""pressThreshold"":0.5,""releaseThreshold"":0.20000000298023225,""minimumIntervalSeconds"":5.0,""maximumIntervalSeconds"":10.0,""minimumValidReactionSeconds"":0.10000000149011612,""randomSeed"":1399156556}",,0,0.000000,1.047422,CorrectSidePress,1,0,0,1,Correct,1,1.047422,415.534170,1.047422,0.000000,1,0,PlusMinusKeys,0,1
20261009T073458445Z_ac6ced377dca4bd0965537033c95012f,,,1,1,TrialFinished,Visual,2026-10-09T07:41:53.9890792Z,415.534170,411.946154,18261,5,0,OperatingSource,0,0,1,48,Right,1,1,Correct,1,1.047422,1,0,1.000000,TaskSwitchPedal,0,0.500000,0.200000,,0.100000,5.000000,10.000000,1399156556,414.885026,413.834996,413.837604,414.484140,414.486748,0.002608,415.534170,0,0,5,0,OperatingSource,LiftUp,LiftUp.LoadAcquisition,LiftUp,LiftUp.LoadAcquisition,1,"{""pedalAxisName"":""TaskSwitchPedal"",""usePlusMinusKeys"":true,""positivePedalKey"":61,""negativePedalKey"":45,""invertPedalAxis"":false,""pressThreshold"":0.5,""releaseThreshold"":0.20000000298023225,""minimumIntervalSeconds"":5.0,""maximumIntervalSeconds"":10.0,""minimumValidReactionSeconds"":0.10000000149011612,""randomSeed"":1399156556}",,0,0.000000,1.047422,CorrectSidePress,1,0,0,1,Correct,1,1.047422,415.534170,1.047422,0.000000,1,0,PlusMinusKeys,0,1
20261009T073458445Z_ac6ced377dca4bd0965537033c95012f,,,1,1,StimulusScheduled,Visual,2026-10-09T07:41:53.9890792Z,415.534545,411.946154,18261,5,0,OperatingSource,0,0,1,49,Left,-1,,,,,0,0,1.000000,TaskSwitchPedal,0,0.500000,0.200000,,0.100000,5.000000,10.000000,1399156556,414.885400,422.793028,,423.442173,,,,0,0,,,,,,LiftUp,LiftUp.LoadAcquisition,1,"{""pedalAxisName"":""TaskSwitchPedal"",""usePlusMinusKeys"":true,""positivePedalKey"":61,""negativePedalKey"":45,""invertPedalAxis"":false,""pressThreshold"":0.5,""releaseThreshold"":0.20000000298023225,""minimumIntervalSeconds"":5.0,""maximumIntervalSeconds"":10.0,""minimumValidReactionSeconds"":0.10000000149011612,""randomSeed"":1399156556}",,0,0.000000,,CorrectSidePress,0,0,0,,,,,,,0.000000,1,0,PlusMinusKeys,0,1
20261009T073458445Z_ac6ced377dca4bd0965537033c95012f,,,1,1,StimulusOnsetObserved,Visual,2026-10-09T07:42:01.9655127Z,423.510800,419.921943,18538,5,0,OperatingSource,0,0,1,49,Left,-1,,,,,1,0,0.000000,TaskSwitchPedal,0,0.500000,0.200000,,0.100000,5.000000,10.000000,1399156556,422.861655,422.793028,422.861655,423.442173,423.510800,0.068627,,1,0,5,0,OperatingSource,LiftUp,LiftUp.LoadedRaising,LiftUp,LiftUp.LoadedRaising,1,"{""pedalAxisName"":""TaskSwitchPedal"",""usePlusMinusKeys"":true,""positivePedalKey"":61,""negativePedalKey"":45,""invertPedalAxis"":false,""pressThreshold"":0.5,""releaseThreshold"":0.20000000298023225,""minimumIntervalSeconds"":5.0,""maximumIntervalSeconds"":10.0,""minimumValidReactionSeconds"":0.10000000149011612,""randomSeed"":1399156556}",,0,0.000000,,CorrectSidePress,0,0,0,,,,,,,0.000000,0,0,Axis,0,1
20261009T073458445Z_ac6ced377dca4bd0965537033c95012f,,,1,1,PedalPressed,Visual,2026-10-09T07:42:02.9292806Z,424.474378,420.886681,18571,5,0,OperatingSource,0,0,1,49,Left,-1,-1,Correct,1,0.963579,1,0,-1.000000,TaskSwitchPedal,0,0.500000,0.200000,,0.100000,5.000000,10.000000,1399156556,423.825234,422.793028,422.861655,423.442173,423.510800,0.068627,424.474378,1,0,5,0,OperatingSource,LiftUp,LiftUp.LoadedRaising,LiftUp,LiftUp.LoadedRaising,1,"{""pedalAxisName"":""TaskSwitchPedal"",""usePlusMinusKeys"":true,""positivePedalKey"":61,""negativePedalKey"":45,""invertPedalAxis"":false,""pressThreshold"":0.5,""releaseThreshold"":0.20000000298023225,""minimumIntervalSeconds"":5.0,""maximumIntervalSeconds"":10.0,""minimumValidReactionSeconds"":0.10000000149011612,""randomSeed"":1399156556}",,0,0.000000,0.963579,CorrectSidePress,1,0,0,-1,Correct,1,0.963579,424.474378,0.963579,0.000000,0,1,PlusMinusKeys,0,1
20261009T073458445Z_ac6ced377dca4bd0965537033c95012f,,,1,1,TrialFinished,Visual,2026-10-09T07:42:02.9292806Z,424.474378,420.886681,18571,5,0,OperatingSource,0,0,1,49,Left,-1,-1,Correct,1,0.963579,1,0,-1.000000,TaskSwitchPedal,0,0.500000,0.200000,,0.100000,5.000000,10.000000,1399156556,423.825234,422.793028,422.861655,423.442173,423.510800,0.068627,424.474378,0,0,5,0,OperatingSource,LiftUp,LiftUp.LoadedRaising,LiftUp,LiftUp.LoadedRaising,1,"{""pedalAxisName"":""TaskSwitchPedal"",""usePlusMinusKeys"":true,""positivePedalKey"":61,""negativePedalKey"":45,""invertPedalAxis"":false,""pressThreshold"":0.5,""releaseThreshold"":0.20000000298023225,""minimumIntervalSeconds"":5.0,""maximumIntervalSeconds"":10.0,""minimumValidReactionSeconds"":0.10000000149011612,""randomSeed"":1399156556}",,0,0.000000,0.963579,CorrectSidePress,1,0,0,-1,Correct,1,0.963579,424.474378,0.963579,0.000000,0,1,PlusMinusKeys,0,1
20261009T073458445Z_ac6ced377dca4bd0965537033c95012f,,,1,1,StimulusScheduled,Visual,2026-10-09T07:42:02.9292806Z,424.474833,420.886681,18571,5,0,OperatingSource,0,0,1,50,Right,1,,,,,0,0,-1.000000,TaskSwitchPedal,0,0.500000,0.200000,,0.100000,5.000000,10.000000,1399156556,423.825688,431.099152,,431.748296,,,,0,0,,,,,,LiftUp,LiftUp.LoadedRaising,1,"{""pedalAxisName"":""TaskSwitchPedal"",""usePlusMinusKeys"":true,""positivePedalKey"":61,""negativePedalKey"":45,""invertPedalAxis"":false,""pressThreshold"":0.5,""releaseThreshold"":0.20000000298023225,""minimumIntervalSeconds"":5.0,""maximumIntervalSeconds"":10.0,""minimumValidReactionSeconds"":0.10000000149011612,""randomSeed"":1399156556}",,0,0.000000,,CorrectSidePress,0,0,0,,,,,,,0.000000,0,1,PlusMinusKeys,0,1
20261009T073458445Z_ac6ced377dca4bd0965537033c95012f,,,1,1,StimulusOnsetObserved,Visual,2026-10-09T07:42:10.2294480Z,431.774495,428.185671,18828,5,0,OperatingSource,0,0,1,50,Right,1,,,,,1,0,0.000000,TaskSwitchPedal,0,0.500000,0.200000,,0.100000,5.000000,10.000000,1399156556,431.125351,431.099152,431.125351,431.748296,431.774495,0.026199,,0,1,5,0,OperatingSource,Move2,Move2.DestinationCoarseMove,Move2,Move2.DestinationCoarseMove,1,"{""pedalAxisName"":""TaskSwitchPedal"",""usePlusMinusKeys"":true,""positivePedalKey"":61,""negativePedalKey"":45,""invertPedalAxis"":false,""pressThreshold"":0.5,""releaseThreshold"":0.20000000298023225,""minimumIntervalSeconds"":5.0,""maximumIntervalSeconds"":10.0,""minimumValidReactionSeconds"":0.10000000149011612,""randomSeed"":1399156556}",,0,0.000000,,CorrectSidePress,0,0,0,,,,,,,0.000000,0,0,Axis,0,1
20261009T073458445Z_ac6ced377dca4bd0965537033c95012f,,,1,1,PedalPressed,Visual,2026-10-09T07:42:11.0930403Z,432.637819,429.048264,18857,5,0,OperatingSource,0,0,1,50,Right,1,1,Correct,1,0.863324,1,0,1.000000,TaskSwitchPedal,0,0.500000,0.200000,,0.100000,5.000000,10.000000,1399156556,431.988675,431.099152,431.125351,431.748296,431.774495,0.026199,432.637819,0,1,5,0,OperatingSource,Move2,Move2.DestinationCoarseMove,Move2,Move2.DestinationCoarseMove,1,"{""pedalAxisName"":""TaskSwitchPedal"",""usePlusMinusKeys"":true,""positivePedalKey"":61,""negativePedalKey"":45,""invertPedalAxis"":false,""pressThreshold"":0.5,""releaseThreshold"":0.20000000298023225,""minimumIntervalSeconds"":5.0,""maximumIntervalSeconds"":10.0,""minimumValidReactionSeconds"":0.10000000149011612,""randomSeed"":1399156556}",,0,0.000000,0.863325,CorrectSidePress,1,0,0,1,Correct,1,0.863324,432.637819,0.863325,0.000000,1,0,PlusMinusKeys,0,1
20261009T073458445Z_ac6ced377dca4bd0965537033c95012f,,,1,1,TrialFinished,Visual,2026-10-09T07:42:11.0930403Z,432.637819,429.048264,18857,5,0,OperatingSource,0,0,1,50,Right,1,1,Correct,1,0.863324,1,0,1.000000,TaskSwitchPedal,0,0.500000,0.200000,,0.100000,5.000000,10.000000,1399156556,431.988675,431.099152,431.125351,431.748296,431.774495,0.026199,432.637819,0,0,5,0,OperatingSource,Move2,Move2.DestinationCoarseMove,Move2,Move2.DestinationCoarseMove,1,"{""pedalAxisName"":""TaskSwitchPedal"",""usePlusMinusKeys"":true,""positivePedalKey"":61,""negativePedalKey"":45,""invertPedalAxis"":false,""pressThreshold"":0.5,""releaseThreshold"":0.20000000298023225,""minimumIntervalSeconds"":5.0,""maximumIntervalSeconds"":10.0,""minimumValidReactionSeconds"":0.10000000149011612,""randomSeed"":1399156556}",,0,0.000000,0.863325,CorrectSidePress,1,0,0,1,Correct,1,0.863324,432.637819,0.863325,0.000000,1,0,PlusMinusKeys,0,1
20261009T073458445Z_ac6ced377dca4bd0965537033c95012f,,,1,1,StimulusScheduled,Visual,2026-10-09T07:42:11.0930403Z,432.638348,429.048264,18857,5,0,OperatingSource,0,0,1,51,Right,1,,,,,0,0,1.000000,TaskSwitchPedal,0,0.500000,0.200000,,0.100000,5.000000,10.000000,1399156556,431.989204,439.708384,,440.357528,,,,0,0,,,,,,Move2,Move2.DestinationCoarseMove,1,"{""pedalAxisName"":""TaskSwitchPedal"",""usePlusMinusKeys"":true,""positivePedalKey"":61,""negativePedalKey"":45,""invertPedalAxis"":false,""pressThreshold"":0.5,""releaseThreshold"":0.20000000298023225,""minimumIntervalSeconds"":5.0,""maximumIntervalSeconds"":10.0,""minimumValidReactionSeconds"":0.10000000149011612,""randomSeed"":1399156556}",,0,0.000000,,CorrectSidePress,0,0,0,,,,,,,0.000000,1,0,PlusMinusKeys,0,1
20261009T073458445Z_ac6ced377dca4bd0965537033c95012f,,,1,1,StimulusOnsetObserved,Visual,2026-10-09T07:42:18.8191474Z,440.364409,436.778083,19116,5,0,OperatingSource,0,0,1,51,Right,1,,,,,1,0,0.000000,TaskSwitchPedal,0,0.500000,0.200000,,0.100000,5.000000,10.000000,1399156556,439.715264,439.708384,439.715264,440.357528,440.364409,0.006880,,0,1,5,0,OperatingSource,Move2,Move2.DestinationFineAlign,Move2,Move2.DestinationFineAlign,1,"{""pedalAxisName"":""TaskSwitchPedal"",""usePlusMinusKeys"":true,""positivePedalKey"":61,""negativePedalKey"":45,""invertPedalAxis"":false,""pressThreshold"":0.5,""releaseThreshold"":0.20000000298023225,""minimumIntervalSeconds"":5.0,""maximumIntervalSeconds"":10.0,""minimumValidReactionSeconds"":0.10000000149011612,""randomSeed"":1399156556}",,0,0.000000,,CorrectSidePress,0,0,0,,,,,,,0.000000,0,0,Axis,0,1
20261009T073458445Z_ac6ced377dca4bd0965537033c95012f,,,1,1,PedalPressed,Visual,2026-10-09T07:42:19.8366809Z,441.382240,437.794505,19151,5,0,OperatingSource,0,0,1,51,Right,1,1,Correct,1,1.017831,1,0,1.000000,TaskSwitchPedal,0,0.500000,0.200000,,0.100000,5.000000,10.000000,1399156556,440.733095,439.708384,439.715264,440.357528,440.364409,0.006880,441.382240,0,1,5,0,OperatingSource,Move2,Move2.DestinationFineAlign,Place,Place.PlacementLowering,1,"{""pedalAxisName"":""TaskSwitchPedal"",""usePlusMinusKeys"":true,""positivePedalKey"":61,""negativePedalKey"":45,""invertPedalAxis"":false,""pressThreshold"":0.5,""releaseThreshold"":0.20000000298023225,""minimumIntervalSeconds"":5.0,""maximumIntervalSeconds"":10.0,""minimumValidReactionSeconds"":0.10000000149011612,""randomSeed"":1399156556}",,0,0.000000,1.017831,CorrectSidePress,1,0,0,1,Correct,1,1.017831,441.382240,1.017831,0.000000,1,0,PlusMinusKeys,0,1
20261009T073458445Z_ac6ced377dca4bd0965537033c95012f,,,1,1,TrialFinished,Visual,2026-10-09T07:42:19.8376795Z,441.382240,437.794505,19151,5,0,OperatingSource,0,0,1,51,Right,1,1,Correct,1,1.017831,1,0,1.000000,TaskSwitchPedal,0,0.500000,0.200000,,0.100000,5.000000,10.000000,1399156556,440.733095,439.708384,439.715264,440.357528,440.364409,0.006880,441.382240,0,0,5,0,OperatingSource,Move2,Move2.DestinationFineAlign,Place,Place.PlacementLowering,1,"{""pedalAxisName"":""TaskSwitchPedal"",""usePlusMinusKeys"":true,""positivePedalKey"":61,""negativePedalKey"":45,""invertPedalAxis"":false,""pressThreshold"":0.5,""releaseThreshold"":0.20000000298023225,""minimumIntervalSeconds"":5.0,""maximumIntervalSeconds"":10.0,""minimumValidReactionSeconds"":0.10000000149011612,""randomSeed"":1399156556}",,0,0.000000,1.017831,CorrectSidePress,1,0,0,1,Correct,1,1.017831,441.382240,1.017831,0.000000,1,0,PlusMinusKeys,0,1
20261009T073458445Z_ac6ced377dca4bd0965537033c95012f,,,1,1,StimulusScheduled,Visual,2026-10-09T07:42:19.8376795Z,441.382644,437.794505,19151,5,0,OperatingSource,0,0,1,52,Right,1,,,,,0,0,1.000000,TaskSwitchPedal,0,0.500000,0.200000,,0.100000,5.000000,10.000000,1399156556,440.733500,449.322003,,449.971147,,,,0,0,,,,,,Place,Place.PlacementLowering,1,"{""pedalAxisName"":""TaskSwitchPedal"",""usePlusMinusKeys"":true,""positivePedalKey"":61,""negativePedalKey"":45,""invertPedalAxis"":false,""pressThreshold"":0.5,""releaseThreshold"":0.20000000298023225,""minimumIntervalSeconds"":5.0,""maximumIntervalSeconds"":10.0,""minimumValidReactionSeconds"":0.10000000149011612,""randomSeed"":1399156556}",,0,0.000000,,CorrectSidePress,0,0,0,,,,,,,0.000000,1,0,PlusMinusKeys,0,1
20261009T073458445Z_ac6ced377dca4bd0965537033c95012f,,,1,1,StimulusOnsetObserved,Visual,2026-10-09T07:42:28.4350851Z,449.980777,446.393296,19458,6,0,WaitingForOperatorSwitch,0,0,1,52,Right,1,,,,,1,0,0.000000,TaskSwitchPedal,0,0.500000,0.200000,,0.100000,5.000000,10.000000,1399156556,449.331633,449.322003,449.331633,449.971147,449.980777,0.009630,,0,1,6,0,WaitingForOperatorSwitch,Place,Place.PostPlacementRaising,Place,Place.PostPlacementRaising,1,"{""pedalAxisName"":""TaskSwitchPedal"",""usePlusMinusKeys"":true,""positivePedalKey"":61,""negativePedalKey"":45,""invertPedalAxis"":false,""pressThreshold"":0.5,""releaseThreshold"":0.20000000298023225,""minimumIntervalSeconds"":5.0,""maximumIntervalSeconds"":10.0,""minimumValidReactionSeconds"":0.10000000149011612,""randomSeed"":1399156556}",,0,0.000000,,CorrectSidePress,0,0,0,,,,,,,0.000000,0,0,Axis,0,1
20261009T073458445Z_ac6ced377dca4bd0965537033c95012f,,,1,1,PedalPressed,Visual,2026-10-09T07:42:32.5144256Z,454.060057,450.473225,19639,6,1,OperatingTarget,0,0,1,52,Right,1,1,Correct,1,4.079280,1,0,1.000000,TaskSwitchPedal,0,0.500000,0.200000,,0.100000,5.000000,10.000000,1399156556,453.410913,449.322003,449.331633,449.971147,449.980777,0.009630,454.060057,0,1,6,0,WaitingForOperatorSwitch,Place,Place.PostPlacementRaising,Move2,Move2.DestinationCoarseMove,1,"{""pedalAxisName"":""TaskSwitchPedal"",""usePlusMinusKeys"":true,""positivePedalKey"":61,""negativePedalKey"":45,""invertPedalAxis"":false,""pressThreshold"":0.5,""releaseThreshold"":0.20000000298023225,""minimumIntervalSeconds"":5.0,""maximumIntervalSeconds"":10.0,""minimumValidReactionSeconds"":0.10000000149011612,""randomSeed"":1399156556}",,0,0.000000,4.079280,CorrectSidePress,1,0,0,1,Correct,1,4.079280,454.060057,4.079280,0.000000,1,0,PlusMinusKeys,0,1
20261009T073458445Z_ac6ced377dca4bd0965537033c95012f,,,1,1,TrialFinished,Visual,2026-10-09T07:42:32.5144256Z,454.060057,450.473225,19639,6,1,OperatingTarget,0,0,1,52,Right,1,1,Correct,1,4.079280,1,0,1.000000,TaskSwitchPedal,0,0.500000,0.200000,,0.100000,5.000000,10.000000,1399156556,453.410913,449.322003,449.331633,449.971147,449.980777,0.009630,454.060057,0,0,6,0,WaitingForOperatorSwitch,Place,Place.PostPlacementRaising,Move2,Move2.DestinationCoarseMove,1,"{""pedalAxisName"":""TaskSwitchPedal"",""usePlusMinusKeys"":true,""positivePedalKey"":61,""negativePedalKey"":45,""invertPedalAxis"":false,""pressThreshold"":0.5,""releaseThreshold"":0.20000000298023225,""minimumIntervalSeconds"":5.0,""maximumIntervalSeconds"":10.0,""minimumValidReactionSeconds"":0.10000000149011612,""randomSeed"":1399156556}",,0,0.000000,4.079280,CorrectSidePress,1,0,0,1,Correct,1,4.079280,454.060057,4.079280,0.000000,1,0,PlusMinusKeys,0,1
20261009T073458445Z_ac6ced377dca4bd0965537033c95012f,,,1,1,StimulusScheduled,Visual,2026-10-09T07:42:32.5144256Z,454.060454,450.473225,19639,6,1,OperatingTarget,0,0,1,53,Right,1,,,,,0,0,1.000000,TaskSwitchPedal,0,0.500000,0.200000,,0.100000,5.000000,10.000000,1399156556,453.411310,459.546258,,460.195403,,,,0,0,,,,,,Move2,Move2.DestinationCoarseMove,1,"{""pedalAxisName"":""TaskSwitchPedal"",""usePlusMinusKeys"":true,""positivePedalKey"":61,""negativePedalKey"":45,""invertPedalAxis"":false,""pressThreshold"":0.5,""releaseThreshold"":0.20000000298023225,""minimumIntervalSeconds"":5.0,""maximumIntervalSeconds"":10.0,""minimumValidReactionSeconds"":0.10000000149011612,""randomSeed"":1399156556}",,0,0.000000,,CorrectSidePress,0,0,0,,,,,,,0.000000,1,0,PlusMinusKeys,0,1
20261009T073458445Z_ac6ced377dca4bd0965537033c95012f,,,1,1,StimulusOnsetObserved,Visual,2026-10-09T07:42:38.6510222Z,460.195871,456.608927,19918,6,1,OperatingTarget,0,0,1,53,Right,1,,,,,1,0,0.000000,TaskSwitchPedal,0,0.500000,0.200000,,0.100000,5.000000,10.000000,1399156556,459.546726,459.546258,459.546726,460.195403,460.195871,0.000468,,0,1,6,1,OperatingTarget,Move2,Move2.DestinationCoarseMove,Move2,Move2.DestinationCoarseMove,1,"{""pedalAxisName"":""TaskSwitchPedal"",""usePlusMinusKeys"":true,""positivePedalKey"":61,""negativePedalKey"":45,""invertPedalAxis"":false,""pressThreshold"":0.5,""releaseThreshold"":0.20000000298023225,""minimumIntervalSeconds"":5.0,""maximumIntervalSeconds"":10.0,""minimumValidReactionSeconds"":0.10000000149011612,""randomSeed"":1399156556}",,0,0.000000,,CorrectSidePress,0,0,0,,,,,,,0.000000,0,0,Axis,0,1
20261009T073458445Z_ac6ced377dca4bd0965537033c95012f,,,1,1,PedalPressed,Visual,2026-10-09T07:42:39.5200612Z,461.064923,457.476178,19960,6,1,OperatingTarget,0,0,1,53,Right,1,1,Correct,1,0.869053,1,0,1.000000,TaskSwitchPedal,0,0.500000,0.200000,,0.100000,5.000000,10.000000,1399156556,460.415779,459.546258,459.546726,460.195403,460.195871,0.000468,461.064923,0,1,6,1,OperatingTarget,Move2,Move2.DestinationCoarseMove,Move2,Move2.DestinationFineAlign,1,"{""pedalAxisName"":""TaskSwitchPedal"",""usePlusMinusKeys"":true,""positivePedalKey"":61,""negativePedalKey"":45,""invertPedalAxis"":false,""pressThreshold"":0.5,""releaseThreshold"":0.20000000298023225,""minimumIntervalSeconds"":5.0,""maximumIntervalSeconds"":10.0,""minimumValidReactionSeconds"":0.10000000149011612,""randomSeed"":1399156556}",,0,0.000000,0.869053,CorrectSidePress,1,0,0,1,Correct,1,0.869053,461.064923,0.869053,0.000000,1,0,PlusMinusKeys,0,1
20261009T073458445Z_ac6ced377dca4bd0965537033c95012f,,,1,1,TrialFinished,Visual,2026-10-09T07:42:39.5200612Z,461.064923,457.476178,19960,6,1,OperatingTarget,0,0,1,53,Right,1,1,Correct,1,0.869053,1,0,1.000000,TaskSwitchPedal,0,0.500000,0.200000,,0.100000,5.000000,10.000000,1399156556,460.415779,459.546258,459.546726,460.195403,460.195871,0.000468,461.064923,0,0,6,1,OperatingTarget,Move2,Move2.DestinationCoarseMove,Move2,Move2.DestinationFineAlign,1,"{""pedalAxisName"":""TaskSwitchPedal"",""usePlusMinusKeys"":true,""positivePedalKey"":61,""negativePedalKey"":45,""invertPedalAxis"":false,""pressThreshold"":0.5,""releaseThreshold"":0.20000000298023225,""minimumIntervalSeconds"":5.0,""maximumIntervalSeconds"":10.0,""minimumValidReactionSeconds"":0.10000000149011612,""randomSeed"":1399156556}",,0,0.000000,0.869053,CorrectSidePress,1,0,0,1,Correct,1,0.869053,461.064923,0.869053,0.000000,1,0,PlusMinusKeys,0,1
20261009T073458445Z_ac6ced377dca4bd0965537033c95012f,,,1,1,StimulusScheduled,Visual,2026-10-09T07:42:39.5200612Z,461.065286,457.476178,19960,6,1,OperatingTarget,0,0,1,54,Left,-1,,,,,0,0,1.000000,TaskSwitchPedal,0,0.500000,0.200000,,0.100000,5.000000,10.000000,1399156556,460.416142,466.783244,,467.432388,,,,0,0,,,,,,Move2,Move2.DestinationFineAlign,1,"{""pedalAxisName"":""TaskSwitchPedal"",""usePlusMinusKeys"":true,""positivePedalKey"":61,""negativePedalKey"":45,""invertPedalAxis"":false,""pressThreshold"":0.5,""releaseThreshold"":0.20000000298023225,""minimumIntervalSeconds"":5.0,""maximumIntervalSeconds"":10.0,""minimumValidReactionSeconds"":0.10000000149011612,""randomSeed"":1399156556}",,0,0.000000,,CorrectSidePress,0,0,0,,,,,,,0.000000,1,0,PlusMinusKeys,0,1
20261009T073458445Z_ac6ced377dca4bd0965537033c95012f,,,1,1,StimulusOnsetObserved,Visual,2026-10-09T07:42:45.8978197Z,467.442735,463.852534,20201,6,1,OperatingTarget,0,0,1,54,Left,-1,,,,,1,0,0.000000,TaskSwitchPedal,0,0.500000,0.200000,,0.100000,5.000000,10.000000,1399156556,466.793591,466.783244,466.793591,467.432388,467.442735,0.010348,,1,0,6,1,OperatingTarget,Place,Place.PlacementLowering,Place,Place.PlacementLowering,1,"{""pedalAxisName"":""TaskSwitchPedal"",""usePlusMinusKeys"":true,""positivePedalKey"":61,""negativePedalKey"":45,""invertPedalAxis"":false,""pressThreshold"":0.5,""releaseThreshold"":0.20000000298023225,""minimumIntervalSeconds"":5.0,""maximumIntervalSeconds"":10.0,""minimumValidReactionSeconds"":0.10000000149011612,""randomSeed"":1399156556}",,0,0.000000,,CorrectSidePress,0,0,0,,,,,,,0.000000,0,0,Axis,0,1
20261009T073458445Z_ac6ced377dca4bd0965537033c95012f,,,1,1,PedalPressed,Visual,2026-10-09T07:42:47.4180865Z,468.964540,465.375253,20250,6,1,OperatingTarget,0,0,1,54,Left,-1,-1,Correct,1,1.521805,1,0,-1.000000,TaskSwitchPedal,0,0.500000,0.200000,,0.100000,5.000000,10.000000,1399156556,468.315396,466.783244,466.793591,467.432388,467.442735,0.010348,468.964540,1,0,6,1,OperatingTarget,Place,Place.PlacementLowering,Place,Place.PlacementLowering,1,"{""pedalAxisName"":""TaskSwitchPedal"",""usePlusMinusKeys"":true,""positivePedalKey"":61,""negativePedalKey"":45,""invertPedalAxis"":false,""pressThreshold"":0.5,""releaseThreshold"":0.20000000298023225,""minimumIntervalSeconds"":5.0,""maximumIntervalSeconds"":10.0,""minimumValidReactionSeconds"":0.10000000149011612,""randomSeed"":1399156556}",,0,0.000000,1.521805,CorrectSidePress,1,0,0,-1,Correct,1,1.521805,468.964540,1.521805,0.000000,0,1,PlusMinusKeys,0,1
20261009T073458445Z_ac6ced377dca4bd0965537033c95012f,,,1,1,TrialFinished,Visual,2026-10-09T07:42:47.4197560Z,468.964540,465.375253,20250,6,1,OperatingTarget,0,0,1,54,Left,-1,-1,Correct,1,1.521805,1,0,-1.000000,TaskSwitchPedal,0,0.500000,0.200000,,0.100000,5.000000,10.000000,1399156556,468.315396,466.783244,466.793591,467.432388,467.442735,0.010348,468.964540,0,0,6,1,OperatingTarget,Place,Place.PlacementLowering,Place,Place.PlacementLowering,1,"{""pedalAxisName"":""TaskSwitchPedal"",""usePlusMinusKeys"":true,""positivePedalKey"":61,""negativePedalKey"":45,""invertPedalAxis"":false,""pressThreshold"":0.5,""releaseThreshold"":0.20000000298023225,""minimumIntervalSeconds"":5.0,""maximumIntervalSeconds"":10.0,""minimumValidReactionSeconds"":0.10000000149011612,""randomSeed"":1399156556}",,0,0.000000,1.521805,CorrectSidePress,1,0,0,-1,Correct,1,1.521805,468.964540,1.521805,0.000000,0,1,PlusMinusKeys,0,1
20261009T073458445Z_ac6ced377dca4bd0965537033c95012f,,,1,1,StimulusScheduled,Visual,2026-10-09T07:42:47.4197560Z,468.964887,465.375253,20250,6,1,OperatingTarget,0,0,1,55,Right,1,,,,,0,0,-1.000000,TaskSwitchPedal,0,0.500000,0.200000,,0.100000,5.000000,10.000000,1399156556,468.315742,477.295984,,477.945128,,,,0,0,,,,,,Place,Place.PlacementLowering,1,"{""pedalAxisName"":""TaskSwitchPedal"",""usePlusMinusKeys"":true,""positivePedalKey"":61,""negativePedalKey"":45,""invertPedalAxis"":false,""pressThreshold"":0.5,""releaseThreshold"":0.20000000298023225,""minimumIntervalSeconds"":5.0,""maximumIntervalSeconds"":10.0,""minimumValidReactionSeconds"":0.10000000149011612,""randomSeed"":1399156556}",,0,0.000000,,CorrectSidePress,0,0,0,,,,,,,0.000000,0,1,PlusMinusKeys,0,1
20261009T073458445Z_ac6ced377dca4bd0965537033c95012f,,,1,1,StimulusOnsetObserved,Visual,2026-10-09T07:42:56.4008938Z,477.946823,474.359774,20583,6,1,OperatingTarget,0,0,1,55,Right,1,,,,,1,0,0.000000,TaskSwitchPedal,0,0.500000,0.200000,,0.100000,5.000000,10.000000,1399156556,477.297678,477.295984,477.297678,477.945128,477.946823,0.001694,,0,1,6,1,OperatingTarget,Place,Place.PostPlacementRaising,Place,Place.PostPlacementRaising,1,"{""pedalAxisName"":""TaskSwitchPedal"",""usePlusMinusKeys"":true,""positivePedalKey"":61,""negativePedalKey"":45,""invertPedalAxis"":false,""pressThreshold"":0.5,""releaseThreshold"":0.20000000298023225,""minimumIntervalSeconds"":5.0,""maximumIntervalSeconds"":10.0,""minimumValidReactionSeconds"":0.10000000149011612,""randomSeed"":1399156556}",,0,0.000000,,CorrectSidePress,0,0,0,,,,,,,0.000000,0,0,Axis,0,1
20261009T073458445Z_ac6ced377dca4bd0965537033c95012f,,,1,1,PedalPressed,Visual,2026-10-09T07:42:57.2642686Z,478.809926,475.222696,20622,6,1,OperatingTarget,0,0,1,55,Right,1,1,Correct,1,0.863104,1,0,1.000000,TaskSwitchPedal,0,0.500000,0.200000,,0.100000,5.000000,10.000000,1399156556,478.160782,477.295984,477.297678,477.945128,477.946823,0.001694,478.809926,0,1,6,1,OperatingTarget,Place,Place.PostPlacementRaising,Place,Place.PostPlacementRaising,1,"{""pedalAxisName"":""TaskSwitchPedal"",""usePlusMinusKeys"":true,""positivePedalKey"":61,""negativePedalKey"":45,""invertPedalAxis"":false,""pressThreshold"":0.5,""releaseThreshold"":0.20000000298023225,""minimumIntervalSeconds"":5.0,""maximumIntervalSeconds"":10.0,""minimumValidReactionSeconds"":0.10000000149011612,""randomSeed"":1399156556}",,0,0.000000,0.863104,CorrectSidePress,1,0,0,1,Correct,1,0.863104,478.809926,0.863104,0.000000,1,0,PlusMinusKeys,0,1
20261009T073458445Z_ac6ced377dca4bd0965537033c95012f,,,1,1,TrialFinished,Visual,2026-10-09T07:42:57.2642686Z,478.809926,475.222696,20622,6,1,OperatingTarget,0,0,1,55,Right,1,1,Correct,1,0.863104,1,0,1.000000,TaskSwitchPedal,0,0.500000,0.200000,,0.100000,5.000000,10.000000,1399156556,478.160782,477.295984,477.297678,477.945128,477.946823,0.001694,478.809926,0,0,6,1,OperatingTarget,Place,Place.PostPlacementRaising,Place,Place.PostPlacementRaising,1,"{""pedalAxisName"":""TaskSwitchPedal"",""usePlusMinusKeys"":true,""positivePedalKey"":61,""negativePedalKey"":45,""invertPedalAxis"":false,""pressThreshold"":0.5,""releaseThreshold"":0.20000000298023225,""minimumIntervalSeconds"":5.0,""maximumIntervalSeconds"":10.0,""minimumValidReactionSeconds"":0.10000000149011612,""randomSeed"":1399156556}",,0,0.000000,0.863104,CorrectSidePress,1,0,0,1,Correct,1,0.863104,478.809926,0.863104,0.000000,1,0,PlusMinusKeys,0,1
20261009T073458445Z_ac6ced377dca4bd0965537033c95012f,,,1,1,StimulusScheduled,Visual,2026-10-09T07:42:57.2642686Z,478.810303,475.222696,20622,6,1,OperatingTarget,0,0,1,56,Right,1,,,,,0,0,1.000000,TaskSwitchPedal,0,0.500000,0.200000,,0.100000,5.000000,10.000000,1399156556,478.161159,484.619313,,485.268458,,,,0,0,,,,,,Place,Place.PostPlacementRaising,1,"{""pedalAxisName"":""TaskSwitchPedal"",""usePlusMinusKeys"":true,""positivePedalKey"":61,""negativePedalKey"":45,""invertPedalAxis"":false,""pressThreshold"":0.5,""releaseThreshold"":0.20000000298023225,""minimumIntervalSeconds"":5.0,""maximumIntervalSeconds"":10.0,""minimumValidReactionSeconds"":0.10000000149011612,""randomSeed"":1399156556}",,0,0.000000,,CorrectSidePress,0,0,0,,,,,,,0.000000,1,0,PlusMinusKeys,0,1
20261009T073458445Z_ac6ced377dca4bd0965537033c95012f,,,1,1,StimulusOnsetObserved,Visual,2026-10-09T07:43:03.7400486Z,485.285580,481.698912,20907,6,0,OperatingSource,0,0,1,56,Right,1,,,,,1,0,0.000000,TaskSwitchPedal,0,0.500000,0.200000,,0.100000,5.000000,10.000000,1399156556,484.636436,484.619313,484.636436,485.268458,485.285580,0.017122,,0,1,6,0,OperatingSource,Move1,Move1.PickupCoarseMove,Move1,Move1.PickupCoarseMove,1,"{""pedalAxisName"":""TaskSwitchPedal"",""usePlusMinusKeys"":true,""positivePedalKey"":61,""negativePedalKey"":45,""invertPedalAxis"":false,""pressThreshold"":0.5,""releaseThreshold"":0.20000000298023225,""minimumIntervalSeconds"":5.0,""maximumIntervalSeconds"":10.0,""minimumValidReactionSeconds"":0.10000000149011612,""randomSeed"":1399156556}",,0,0.000000,,CorrectSidePress,0,0,0,,,,,,,0.000000,0,0,Axis,0,1
20261009T073458445Z_ac6ced377dca4bd0965537033c95012f,,,1,1,PedalPressed,Visual,2026-10-09T07:43:06.9322068Z,488.477441,484.890282,21053,6,0,OperatingSource,0,0,1,56,Right,1,1,Correct,1,3.191860,1,0,1.000000,TaskSwitchPedal,0,0.500000,0.200000,,0.100000,5.000000,10.000000,1399156556,487.828296,484.619313,484.636436,485.268458,485.285580,0.017122,488.477441,0,1,6,0,OperatingSource,Move1,Move1.PickupCoarseMove,Move1,Move1.PickupCoarseMove,1,"{""pedalAxisName"":""TaskSwitchPedal"",""usePlusMinusKeys"":true,""positivePedalKey"":61,""negativePedalKey"":45,""invertPedalAxis"":false,""pressThreshold"":0.5,""releaseThreshold"":0.20000000298023225,""minimumIntervalSeconds"":5.0,""maximumIntervalSeconds"":10.0,""minimumValidReactionSeconds"":0.10000000149011612,""randomSeed"":1399156556}",,0,0.000000,3.191861,CorrectSidePress,1,0,0,1,Correct,1,3.191860,488.477441,3.191861,0.000000,1,0,PlusMinusKeys,0,1
20261009T073458445Z_ac6ced377dca4bd0965537033c95012f,,,1,1,TrialFinished,Visual,2026-10-09T07:43:06.9322068Z,488.477441,484.890282,21053,6,0,OperatingSource,0,0,1,56,Right,1,1,Correct,1,3.191860,1,0,1.000000,TaskSwitchPedal,0,0.500000,0.200000,,0.100000,5.000000,10.000000,1399156556,487.828296,484.619313,484.636436,485.268458,485.285580,0.017122,488.477441,0,0,6,0,OperatingSource,Move1,Move1.PickupCoarseMove,Move1,Move1.PickupCoarseMove,1,"{""pedalAxisName"":""TaskSwitchPedal"",""usePlusMinusKeys"":true,""positivePedalKey"":61,""negativePedalKey"":45,""invertPedalAxis"":false,""pressThreshold"":0.5,""releaseThreshold"":0.20000000298023225,""minimumIntervalSeconds"":5.0,""maximumIntervalSeconds"":10.0,""minimumValidReactionSeconds"":0.10000000149011612,""randomSeed"":1399156556}",,0,0.000000,3.191861,CorrectSidePress,1,0,0,1,Correct,1,3.191860,488.477441,3.191861,0.000000,1,0,PlusMinusKeys,0,1
20261009T073458445Z_ac6ced377dca4bd0965537033c95012f,,,1,1,StimulusScheduled,Visual,2026-10-09T07:43:06.9322068Z,488.477744,484.890282,21053,6,0,OperatingSource,0,0,1,57,Right,1,,,,,0,0,1.000000,TaskSwitchPedal,0,0.500000,0.200000,,0.100000,5.000000,10.000000,1399156556,487.828600,497.449282,,498.098426,,,,0,0,,,,,,Move1,Move1.PickupCoarseMove,1,"{""pedalAxisName"":""TaskSwitchPedal"",""usePlusMinusKeys"":true,""positivePedalKey"":61,""negativePedalKey"":45,""invertPedalAxis"":false,""pressThreshold"":0.5,""releaseThreshold"":0.20000000298023225,""minimumIntervalSeconds"":5.0,""maximumIntervalSeconds"":10.0,""minimumValidReactionSeconds"":0.10000000149011612,""randomSeed"":1399156556}",,0,0.000000,,CorrectSidePress,0,0,0,,,,,,,0.000000,1,0,PlusMinusKeys,0,1
20261009T073458445Z_ac6ced377dca4bd0965537033c95012f,,,1,1,StimulusOnsetObserved,Visual,2026-10-09T07:43:16.5656931Z,498.111255,494.524456,21482,6,0,OperatingSource,0,0,1,57,Right,1,,,,,1,0,0.000000,TaskSwitchPedal,0,0.500000,0.200000,,0.100000,5.000000,10.000000,1399156556,497.462111,497.449282,497.462111,498.098426,498.111255,0.012829,,0,1,6,0,OperatingSource,Move1,Move1.PickupCoarseMove,Move1,Move1.PickupCoarseMove,1,"{""pedalAxisName"":""TaskSwitchPedal"",""usePlusMinusKeys"":true,""positivePedalKey"":61,""negativePedalKey"":45,""invertPedalAxis"":false,""pressThreshold"":0.5,""releaseThreshold"":0.20000000298023225,""minimumIntervalSeconds"":5.0,""maximumIntervalSeconds"":10.0,""minimumValidReactionSeconds"":0.10000000149011612,""randomSeed"":1399156556}",,0,0.000000,,CorrectSidePress,0,0,0,,,,,,,0.000000,0,0,Axis,0,1
20261009T073458445Z_ac6ced377dca4bd0965537033c95012f,,,1,1,PedalPressed,Visual,2026-10-09T07:43:17.5731285Z,499.118830,495.530651,21522,6,0,OperatingSource,0,0,1,57,Right,1,1,Correct,1,1.007575,1,0,1.000000,TaskSwitchPedal,0,0.500000,0.200000,,0.100000,5.000000,10.000000,1399156556,498.469685,497.449282,497.462111,498.098426,498.111255,0.012829,499.118830,0,1,6,0,OperatingSource,Move1,Move1.PickupCoarseMove,Move1,Move1.PickupFineAlign,1,"{""pedalAxisName"":""TaskSwitchPedal"",""usePlusMinusKeys"":true,""positivePedalKey"":61,""negativePedalKey"":45,""invertPedalAxis"":false,""pressThreshold"":0.5,""releaseThreshold"":0.20000000298023225,""minimumIntervalSeconds"":5.0,""maximumIntervalSeconds"":10.0,""minimumValidReactionSeconds"":0.10000000149011612,""randomSeed"":1399156556}",,0,0.000000,1.007575,CorrectSidePress,1,0,0,1,Correct,1,1.007575,499.118830,1.007575,0.000000,1,0,PlusMinusKeys,0,1
20261009T073458445Z_ac6ced377dca4bd0965537033c95012f,,,1,1,TrialFinished,Visual,2026-10-09T07:43:17.5731285Z,499.118830,495.530651,21522,6,0,OperatingSource,0,0,1,57,Right,1,1,Correct,1,1.007575,1,0,1.000000,TaskSwitchPedal,0,0.500000,0.200000,,0.100000,5.000000,10.000000,1399156556,498.469685,497.449282,497.462111,498.098426,498.111255,0.012829,499.118830,0,0,6,0,OperatingSource,Move1,Move1.PickupCoarseMove,Move1,Move1.PickupFineAlign,1,"{""pedalAxisName"":""TaskSwitchPedal"",""usePlusMinusKeys"":true,""positivePedalKey"":61,""negativePedalKey"":45,""invertPedalAxis"":false,""pressThreshold"":0.5,""releaseThreshold"":0.20000000298023225,""minimumIntervalSeconds"":5.0,""maximumIntervalSeconds"":10.0,""minimumValidReactionSeconds"":0.10000000149011612,""randomSeed"":1399156556}",,0,0.000000,1.007575,CorrectSidePress,1,0,0,1,Correct,1,1.007575,499.118830,1.007575,0.000000,1,0,PlusMinusKeys,0,1
20261009T073458445Z_ac6ced377dca4bd0965537033c95012f,,,1,1,StimulusScheduled,Visual,2026-10-09T07:43:17.5741415Z,499.119314,495.530651,21522,6,0,OperatingSource,0,0,1,58,Right,1,,,,,0,0,1.000000,TaskSwitchPedal,0,0.500000,0.200000,,0.100000,5.000000,10.000000,1399156556,498.470170,504.237189,,504.886334,,,,0,0,,,,,,Move1,Move1.PickupFineAlign,1,"{""pedalAxisName"":""TaskSwitchPedal"",""usePlusMinusKeys"":true,""positivePedalKey"":61,""negativePedalKey"":45,""invertPedalAxis"":false,""pressThreshold"":0.5,""releaseThreshold"":0.20000000298023225,""minimumIntervalSeconds"":5.0,""maximumIntervalSeconds"":10.0,""minimumValidReactionSeconds"":0.10000000149011612,""randomSeed"":1399156556}",,0,0.000000,,CorrectSidePress,0,0,0,,,,,,,0.000000,1,0,PlusMinusKeys,0,1
20261009T073458445Z_ac6ced377dca4bd0965537033c95012f,,,1,1,StimulusOnsetObserved,Visual,2026-10-09T07:43:23.3862979Z,504.932833,501.342489,21739,6,0,OperatingSource,0,0,1,58,Right,1,,,,,1,0,0.000000,TaskSwitchPedal,0,0.500000,0.200000,,0.100000,5.000000,10.000000,1399156556,504.283689,504.237189,504.283689,504.886334,504.932833,0.046500,,0,1,6,0,OperatingSource,LiftUp,LiftUp.PickupLowering,LiftUp,LiftUp.PickupLowering,1,"{""pedalAxisName"":""TaskSwitchPedal"",""usePlusMinusKeys"":true,""positivePedalKey"":61,""negativePedalKey"":45,""invertPedalAxis"":false,""pressThreshold"":0.5,""releaseThreshold"":0.20000000298023225,""minimumIntervalSeconds"":5.0,""maximumIntervalSeconds"":10.0,""minimumValidReactionSeconds"":0.10000000149011612,""randomSeed"":1399156556}",,0,0.000000,,CorrectSidePress,0,0,0,,,,,,,0.000000,0,0,Axis,0,1
20261009T073458445Z_ac6ced377dca4bd0965537033c95012f,,,1,1,PedalPressed,Visual,2026-10-09T07:43:24.2648444Z,505.810567,502.219606,21767,6,0,OperatingSource,0,0,1,58,Right,1,1,Correct,1,0.877733,1,0,1.000000,TaskSwitchPedal,0,0.500000,0.200000,,0.100000,5.000000,10.000000,1399156556,505.161422,504.237189,504.283689,504.886334,504.932833,0.046500,505.810567,0,1,6,0,OperatingSource,LiftUp,LiftUp.PickupLowering,LiftUp,LiftUp.PickupLowering,1,"{""pedalAxisName"":""TaskSwitchPedal"",""usePlusMinusKeys"":true,""positivePedalKey"":61,""negativePedalKey"":45,""invertPedalAxis"":false,""pressThreshold"":0.5,""releaseThreshold"":0.20000000298023225,""minimumIntervalSeconds"":5.0,""maximumIntervalSeconds"":10.0,""minimumValidReactionSeconds"":0.10000000149011612,""randomSeed"":1399156556}",,0,0.000000,0.877733,CorrectSidePress,1,0,0,1,Correct,1,0.877733,505.810567,0.877733,0.000000,1,0,PlusMinusKeys,0,1
20261009T073458445Z_ac6ced377dca4bd0965537033c95012f,,,1,1,TrialFinished,Visual,2026-10-09T07:43:24.2648444Z,505.810567,502.219606,21767,6,0,OperatingSource,0,0,1,58,Right,1,1,Correct,1,0.877733,1,0,1.000000,TaskSwitchPedal,0,0.500000,0.200000,,0.100000,5.000000,10.000000,1399156556,505.161422,504.237189,504.283689,504.886334,504.932833,0.046500,505.810567,0,0,6,0,OperatingSource,LiftUp,LiftUp.PickupLowering,LiftUp,LiftUp.PickupLowering,1,"{""pedalAxisName"":""TaskSwitchPedal"",""usePlusMinusKeys"":true,""positivePedalKey"":61,""negativePedalKey"":45,""invertPedalAxis"":false,""pressThreshold"":0.5,""releaseThreshold"":0.20000000298023225,""minimumIntervalSeconds"":5.0,""maximumIntervalSeconds"":10.0,""minimumValidReactionSeconds"":0.10000000149011612,""randomSeed"":1399156556}",,0,0.000000,0.877733,CorrectSidePress,1,0,0,1,Correct,1,0.877733,505.810567,0.877733,0.000000,1,0,PlusMinusKeys,0,1
20261009T073458445Z_ac6ced377dca4bd0965537033c95012f,,,1,1,StimulusScheduled,Visual,2026-10-09T07:43:24.2648444Z,505.810959,502.219606,21767,6,0,OperatingSource,0,0,1,59,Left,-1,,,,,0,0,1.000000,TaskSwitchPedal,0,0.500000,0.200000,,0.100000,5.000000,10.000000,1399156556,505.161815,512.197093,,512.846237,,,,0,0,,,,,,LiftUp,LiftUp.PickupLowering,1,"{""pedalAxisName"":""TaskSwitchPedal"",""usePlusMinusKeys"":true,""positivePedalKey"":61,""negativePedalKey"":45,""invertPedalAxis"":false,""pressThreshold"":0.5,""releaseThreshold"":0.20000000298023225,""minimumIntervalSeconds"":5.0,""maximumIntervalSeconds"":10.0,""minimumValidReactionSeconds"":0.10000000149011612,""randomSeed"":1399156556}",,0,0.000000,,CorrectSidePress,0,0,0,,,,,,,0.000000,1,0,PlusMinusKeys,0,1
20261009T073458445Z_ac6ced377dca4bd0965537033c95012f,,,1,1,StimulusOnsetObserved,Visual,2026-10-09T07:43:31.3652970Z,512.910599,509.321353,21993,6,0,OperatingSource,0,0,1,59,Left,-1,,,,,1,0,0.000000,TaskSwitchPedal,0,0.500000,0.200000,,0.100000,5.000000,10.000000,1399156556,512.261454,512.197093,512.261454,512.846237,512.910599,0.064361,,1,0,6,0,OperatingSource,LiftUp,LiftUp.LoadedRaising,LiftUp,LiftUp.LoadedRaising,1,"{""pedalAxisName"":""TaskSwitchPedal"",""usePlusMinusKeys"":true,""positivePedalKey"":61,""negativePedalKey"":45,""invertPedalAxis"":false,""pressThreshold"":0.5,""releaseThreshold"":0.20000000298023225,""minimumIntervalSeconds"":5.0,""maximumIntervalSeconds"":10.0,""minimumValidReactionSeconds"":0.10000000149011612,""randomSeed"":1399156556}",,0,0.000000,,CorrectSidePress,0,0,0,,,,,,,0.000000,0,0,Axis,0,1
20261009T073458445Z_ac6ced377dca4bd0965537033c95012f,,,1,1,PedalPressed,Visual,2026-10-09T07:43:32.2268607Z,513.772959,510.185180,22023,6,0,OperatingSource,0,0,1,59,Left,-1,-1,Correct,1,0.862361,1,0,-1.000000,TaskSwitchPedal,0,0.500000,0.200000,,0.100000,5.000000,10.000000,1399156556,513.123815,512.197093,512.261454,512.846237,512.910599,0.064361,513.772959,1,0,6,0,OperatingSource,LiftUp,LiftUp.LoadedRaising,Move2,Move2.DestinationCoarseMove,1,"{""pedalAxisName"":""TaskSwitchPedal"",""usePlusMinusKeys"":true,""positivePedalKey"":61,""negativePedalKey"":45,""invertPedalAxis"":false,""pressThreshold"":0.5,""releaseThreshold"":0.20000000298023225,""minimumIntervalSeconds"":5.0,""maximumIntervalSeconds"":10.0,""minimumValidReactionSeconds"":0.10000000149011612,""randomSeed"":1399156556}",,0,0.000000,0.862361,CorrectSidePress,1,0,0,-1,Correct,1,0.862361,513.772959,0.862361,0.000000,0,1,PlusMinusKeys,0,1
20261009T073458445Z_ac6ced377dca4bd0965537033c95012f,,,1,1,TrialFinished,Visual,2026-10-09T07:43:32.2278721Z,513.772959,510.185180,22023,6,0,OperatingSource,0,0,1,59,Left,-1,-1,Correct,1,0.862361,1,0,-1.000000,TaskSwitchPedal,0,0.500000,0.200000,,0.100000,5.000000,10.000000,1399156556,513.123815,512.197093,512.261454,512.846237,512.910599,0.064361,513.772959,0,0,6,0,OperatingSource,LiftUp,LiftUp.LoadedRaising,Move2,Move2.DestinationCoarseMove,1,"{""pedalAxisName"":""TaskSwitchPedal"",""usePlusMinusKeys"":true,""positivePedalKey"":61,""negativePedalKey"":45,""invertPedalAxis"":false,""pressThreshold"":0.5,""releaseThreshold"":0.20000000298023225,""minimumIntervalSeconds"":5.0,""maximumIntervalSeconds"":10.0,""minimumValidReactionSeconds"":0.10000000149011612,""randomSeed"":1399156556}",,0,0.000000,0.862361,CorrectSidePress,1,0,0,-1,Correct,1,0.862361,513.772959,0.862361,0.000000,0,1,PlusMinusKeys,0,1
20261009T073458445Z_ac6ced377dca4bd0965537033c95012f,,,1,1,StimulusScheduled,Visual,2026-10-09T07:43:32.2278721Z,513.773390,510.185180,22023,6,0,OperatingSource,0,0,1,60,Right,1,,,,,0,0,-1.000000,TaskSwitchPedal,0,0.500000,0.200000,,0.100000,5.000000,10.000000,1399156556,513.124246,521.443299,,522.092443,,,,0,0,,,,,,Move2,Move2.DestinationCoarseMove,1,"{""pedalAxisName"":""TaskSwitchPedal"",""usePlusMinusKeys"":true,""positivePedalKey"":61,""negativePedalKey"":45,""invertPedalAxis"":false,""pressThreshold"":0.5,""releaseThreshold"":0.20000000298023225,""minimumIntervalSeconds"":5.0,""maximumIntervalSeconds"":10.0,""minimumValidReactionSeconds"":0.10000000149011612,""randomSeed"":1399156556}",,0,0.000000,,CorrectSidePress,0,0,0,,,,,,,0.000000,0,1,PlusMinusKeys,0,1
20261009T073458445Z_ac6ced377dca4bd0965537033c95012f,,,1,1,StimulusOnsetObserved,Visual,2026-10-09T07:43:40.5562954Z,522.101692,518.513940,22286,6,0,OperatingSource,0,0,1,60,Right,1,,,,,1,0,0.000000,TaskSwitchPedal,0,0.500000,0.200000,,0.100000,5.000000,10.000000,1399156556,521.452547,521.443299,521.452547,522.092443,522.101692,0.009249,,0,1,6,0,OperatingSource,Move2,Move2.DestinationCoarseMove,Move2,Move2.DestinationCoarseMove,1,"{""pedalAxisName"":""TaskSwitchPedal"",""usePlusMinusKeys"":true,""positivePedalKey"":61,""negativePedalKey"":45,""invertPedalAxis"":false,""pressThreshold"":0.5,""releaseThreshold"":0.20000000298023225,""minimumIntervalSeconds"":5.0,""maximumIntervalSeconds"":10.0,""minimumValidReactionSeconds"":0.10000000149011612,""randomSeed"":1399156556}",,0,0.000000,,CorrectSidePress,0,0,0,,,,,,,0.000000,0,0,Axis,0,1
20261009T073458445Z_ac6ced377dca4bd0965537033c95012f,,,1,1,PedalPressed,Visual,2026-10-09T07:43:41.5846897Z,523.131294,519.542571,22320,6,0,OperatingSource,0,0,1,60,Right,1,1,Correct,1,1.029603,1,0,1.000000,TaskSwitchPedal,0,0.500000,0.200000,,0.100000,5.000000,10.000000,1399156556,522.482150,521.443299,521.452547,522.092443,522.101692,0.009249,523.131294,0,1,6,0,OperatingSource,Move2,Move2.DestinationCoarseMove,Move2,Move2.DestinationCoarseMove,1,"{""pedalAxisName"":""TaskSwitchPedal"",""usePlusMinusKeys"":true,""positivePedalKey"":61,""negativePedalKey"":45,""invertPedalAxis"":false,""pressThreshold"":0.5,""releaseThreshold"":0.20000000298023225,""minimumIntervalSeconds"":5.0,""maximumIntervalSeconds"":10.0,""minimumValidReactionSeconds"":0.10000000149011612,""randomSeed"":1399156556}",,0,0.000000,1.029602,CorrectSidePress,1,0,0,1,Correct,1,1.029603,523.131294,1.029602,0.000000,1,0,PlusMinusKeys,0,1
20261009T073458445Z_ac6ced377dca4bd0965537033c95012f,,,1,1,TrialFinished,Visual,2026-10-09T07:43:41.5861978Z,523.131294,519.542571,22320,6,0,OperatingSource,0,0,1,60,Right,1,1,Correct,1,1.029603,1,0,1.000000,TaskSwitchPedal,0,0.500000,0.200000,,0.100000,5.000000,10.000000,1399156556,522.482150,521.443299,521.452547,522.092443,522.101692,0.009249,523.131294,0,0,6,0,OperatingSource,Move2,Move2.DestinationCoarseMove,Move2,Move2.DestinationCoarseMove,1,"{""pedalAxisName"":""TaskSwitchPedal"",""usePlusMinusKeys"":true,""positivePedalKey"":61,""negativePedalKey"":45,""invertPedalAxis"":false,""pressThreshold"":0.5,""releaseThreshold"":0.20000000298023225,""minimumIntervalSeconds"":5.0,""maximumIntervalSeconds"":10.0,""minimumValidReactionSeconds"":0.10000000149011612,""randomSeed"":1399156556}",,0,0.000000,1.029602,CorrectSidePress,1,0,0,1,Correct,1,1.029603,523.131294,1.029602,0.000000,1,0,PlusMinusKeys,0,1
20261009T073458445Z_ac6ced377dca4bd0965537033c95012f,,,1,1,StimulusScheduled,Visual,2026-10-09T07:43:41.5861978Z,523.131690,519.542571,22320,6,0,OperatingSource,0,0,1,61,Left,-1,,,,,0,0,1.000000,TaskSwitchPedal,0,0.500000,0.200000,,0.100000,5.000000,10.000000,1399156556,522.482545,531.615935,,532.265079,,,,0,0,,,,,,Move2,Move2.DestinationCoarseMove,1,"{""pedalAxisName"":""TaskSwitchPedal"",""usePlusMinusKeys"":true,""positivePedalKey"":61,""negativePedalKey"":45,""invertPedalAxis"":false,""pressThreshold"":0.5,""releaseThreshold"":0.20000000298023225,""minimumIntervalSeconds"":5.0,""maximumIntervalSeconds"":10.0,""minimumValidReactionSeconds"":0.10000000149011612,""randomSeed"":1399156556}",,0,0.000000,,CorrectSidePress,0,0,0,,,,,,,0.000000,1,0,PlusMinusKeys,0,1
20261009T073458445Z_ac6ced377dca4bd0965537033c95012f,,,1,1,StimulusOnsetObserved,Visual,2026-10-09T07:43:50.7377768Z,532.283896,528.696631,22612,6,0,OperatingSource,0,0,1,61,Left,-1,,,,,1,0,0.000000,TaskSwitchPedal,0,0.500000,0.200000,,0.100000,5.000000,10.000000,1399156556,531.634752,531.615935,531.634752,532.265079,532.283896,0.018817,,1,0,6,0,OperatingSource,Place,Place.PlacementLowering,Place,Place.PlacementLowering,1,"{""pedalAxisName"":""TaskSwitchPedal"",""usePlusMinusKeys"":true,""positivePedalKey"":61,""negativePedalKey"":45,""invertPedalAxis"":false,""pressThreshold"":0.5,""releaseThreshold"":0.20000000298023225,""minimumIntervalSeconds"":5.0,""maximumIntervalSeconds"":10.0,""minimumValidReactionSeconds"":0.10000000149011612,""randomSeed"":1399156556}",,0,0.000000,,CorrectSidePress,0,0,0,,,,,,,0.000000,0,0,Axis,0,1
20261009T073458445Z_ac6ced377dca4bd0965537033c95012f,,,1,1,PedalPressed,Visual,2026-10-09T07:43:51.6373921Z,533.183809,529.596323,22639,6,0,OperatingSource,0,0,1,61,Left,-1,-1,Correct,1,0.899913,1,0,-1.000000,TaskSwitchPedal,0,0.500000,0.200000,,0.100000,5.000000,10.000000,1399156556,532.534664,531.615935,531.634752,532.265079,532.283896,0.018817,533.183809,1,0,6,0,OperatingSource,Place,Place.PlacementLowering,Place,Place.PlacementLowering,1,"{""pedalAxisName"":""TaskSwitchPedal"",""usePlusMinusKeys"":true,""positivePedalKey"":61,""negativePedalKey"":45,""invertPedalAxis"":false,""pressThreshold"":0.5,""releaseThreshold"":0.20000000298023225,""minimumIntervalSeconds"":5.0,""maximumIntervalSeconds"":10.0,""minimumValidReactionSeconds"":0.10000000149011612,""randomSeed"":1399156556}",,0,0.000000,0.899913,CorrectSidePress,1,0,0,-1,Correct,1,0.899913,533.183809,0.899913,0.000000,0,1,PlusMinusKeys,0,1
20261009T073458445Z_ac6ced377dca4bd0965537033c95012f,,,1,1,TrialFinished,Visual,2026-10-09T07:43:51.6373921Z,533.183809,529.596323,22639,6,0,OperatingSource,0,0,1,61,Left,-1,-1,Correct,1,0.899913,1,0,-1.000000,TaskSwitchPedal,0,0.500000,0.200000,,0.100000,5.000000,10.000000,1399156556,532.534664,531.615935,531.634752,532.265079,532.283896,0.018817,533.183809,0,0,6,0,OperatingSource,Place,Place.PlacementLowering,Place,Place.PlacementLowering,1,"{""pedalAxisName"":""TaskSwitchPedal"",""usePlusMinusKeys"":true,""positivePedalKey"":61,""negativePedalKey"":45,""invertPedalAxis"":false,""pressThreshold"":0.5,""releaseThreshold"":0.20000000298023225,""minimumIntervalSeconds"":5.0,""maximumIntervalSeconds"":10.0,""minimumValidReactionSeconds"":0.10000000149011612,""randomSeed"":1399156556}",,0,0.000000,0.899913,CorrectSidePress,1,0,0,-1,Correct,1,0.899913,533.183809,0.899913,0.000000,0,1,PlusMinusKeys,0,1
20261009T073458445Z_ac6ced377dca4bd0965537033c95012f,,,1,1,StimulusScheduled,Visual,2026-10-09T07:43:51.6373921Z,533.184198,529.596323,22639,6,0,OperatingSource,0,0,1,62,Right,1,,,,,0,0,-1.000000,TaskSwitchPedal,0,0.500000,0.200000,,0.100000,5.000000,10.000000,1399156556,532.535054,537.652314,,538.301459,,,,0,0,,,,,,Place,Place.PlacementLowering,1,"{""pedalAxisName"":""TaskSwitchPedal"",""usePlusMinusKeys"":true,""positivePedalKey"":61,""negativePedalKey"":45,""invertPedalAxis"":false,""pressThreshold"":0.5,""releaseThreshold"":0.20000000298023225,""minimumIntervalSeconds"":5.0,""maximumIntervalSeconds"":10.0,""minimumValidReactionSeconds"":0.10000000149011612,""randomSeed"":1399156556}",,0,0.000000,,CorrectSidePress,0,0,0,,,,,,,0.000000,0,1,PlusMinusKeys,0,1
20261009T073458445Z_ac6ced377dca4bd0965537033c95012f,,,1,1,StimulusOnsetObserved,Visual,2026-10-09T07:43:56.7657223Z,538.311805,534.724766,22801,6,0,OperatingSource,0,0,1,62,Right,1,,,,,1,0,0.000000,TaskSwitchPedal,0,0.500000,0.200000,,0.100000,5.000000,10.000000,1399156556,537.662661,537.652314,537.662661,538.301459,538.311805,0.010347,,0,1,6,0,OperatingSource,Place,Place.PostPlacementRaising,Place,Place.PostPlacementRaising,1,"{""pedalAxisName"":""TaskSwitchPedal"",""usePlusMinusKeys"":true,""positivePedalKey"":61,""negativePedalKey"":45,""invertPedalAxis"":false,""pressThreshold"":0.5,""releaseThreshold"":0.20000000298023225,""minimumIntervalSeconds"":5.0,""maximumIntervalSeconds"":10.0,""minimumValidReactionSeconds"":0.10000000149011612,""randomSeed"":1399156556}",,0,0.000000,,CorrectSidePress,0,0,0,,,,,,,0.000000,0,0,Axis,0,1
20261009T073458445Z_ac6ced377dca4bd0965537033c95012f,,,1,1,PedalPressed,Visual,2026-10-09T07:43:57.8629112Z,539.409309,535.821600,22853,6,0,OperatingSource,0,0,1,62,Right,1,1,Correct,1,1.097504,1,0,1.000000,TaskSwitchPedal,0,0.500000,0.200000,,0.100000,5.000000,10.000000,1399156556,538.760164,537.652314,537.662661,538.301459,538.311805,0.010347,539.409309,0,1,6,0,OperatingSource,Place,Place.PostPlacementRaising,Place,Place.PostPlacementRaising,1,"{""pedalAxisName"":""TaskSwitchPedal"",""usePlusMinusKeys"":true,""positivePedalKey"":61,""negativePedalKey"":45,""invertPedalAxis"":false,""pressThreshold"":0.5,""releaseThreshold"":0.20000000298023225,""minimumIntervalSeconds"":5.0,""maximumIntervalSeconds"":10.0,""minimumValidReactionSeconds"":0.10000000149011612,""randomSeed"":1399156556}",,0,0.000000,1.097503,CorrectSidePress,1,0,0,1,Correct,1,1.097504,539.409309,1.097503,0.000000,1,0,PlusMinusKeys,0,1
20261009T073458445Z_ac6ced377dca4bd0965537033c95012f,,,1,1,TrialFinished,Visual,2026-10-09T07:43:57.8629112Z,539.409309,535.821600,22853,6,0,OperatingSource,0,0,1,62,Right,1,1,Correct,1,1.097504,1,0,1.000000,TaskSwitchPedal,0,0.500000,0.200000,,0.100000,5.000000,10.000000,1399156556,538.760164,537.652314,537.662661,538.301459,538.311805,0.010347,539.409309,0,0,6,0,OperatingSource,Place,Place.PostPlacementRaising,Place,Place.PostPlacementRaising,1,"{""pedalAxisName"":""TaskSwitchPedal"",""usePlusMinusKeys"":true,""positivePedalKey"":61,""negativePedalKey"":45,""invertPedalAxis"":false,""pressThreshold"":0.5,""releaseThreshold"":0.20000000298023225,""minimumIntervalSeconds"":5.0,""maximumIntervalSeconds"":10.0,""minimumValidReactionSeconds"":0.10000000149011612,""randomSeed"":1399156556}",,0,0.000000,1.097503,CorrectSidePress,1,0,0,1,Correct,1,1.097504,539.409309,1.097503,0.000000,1,0,PlusMinusKeys,0,1
20261009T073458445Z_ac6ced377dca4bd0965537033c95012f,,,1,1,StimulusScheduled,Visual,2026-10-09T07:43:57.8629112Z,539.409709,535.821600,22853,6,0,OperatingSource,0,0,1,63,Left,-1,,,,,0,0,1.000000,TaskSwitchPedal,0,0.500000,0.200000,,0.100000,5.000000,10.000000,1399156556,538.760565,545.087393,,545.736537,,,,0,0,,,,,,Place,Place.PostPlacementRaising,1,"{""pedalAxisName"":""TaskSwitchPedal"",""usePlusMinusKeys"":true,""positivePedalKey"":61,""negativePedalKey"":45,""invertPedalAxis"":false,""pressThreshold"":0.5,""releaseThreshold"":0.20000000298023225,""minimumIntervalSeconds"":5.0,""maximumIntervalSeconds"":10.0,""minimumValidReactionSeconds"":0.10000000149011612,""randomSeed"":1399156556}",,0,0.000000,,CorrectSidePress,0,0,0,,,,,,,0.000000,1,0,PlusMinusKeys,0,1
20261009T073458445Z_ac6ced377dca4bd0965537033c95012f,,,1,1,TrialFinished,Visual,2026-10-09T07:44:01.5831314Z,543.129695,539.540432,23019,6,0,OperatingSource,0,0,1,63,Left,-1,,CancelledBeforeOnset,,,0,0,0.000000,TaskSwitchPedal,0,0.500000,0.200000,,0.100000,5.000000,10.000000,1399156556,542.480539,545.087393,,545.736537,,,,0,0,,,,,,Place,,1,"{""pedalAxisName"":""TaskSwitchPedal"",""usePlusMinusKeys"":true,""positivePedalKey"":61,""negativePedalKey"":45,""invertPedalAxis"":false,""pressThreshold"":0.5,""releaseThreshold"":0.20000000298023225,""minimumIntervalSeconds"":5.0,""maximumIntervalSeconds"":10.0,""minimumValidReactionSeconds"":0.10000000149011612,""randomSeed"":1399156556}",ExperimentCompleted,0,0.000000,,CorrectSidePress,0,0,0,,,,,,,0.000000,0,0,Axis,0,1
20261009T073458445Z_ac6ced377dca4bd0965537033c95012f,,,1,1,SubtaskStopped,Visual,2026-10-09T07:44:01.5846493Z,543.130329,539.540432,23019,6,0,OperatingSource,0,0,1,,,,,,,,0,0,0.000000,TaskSwitchPedal,0,0.500000,0.200000,,0.100000,5.000000,10.000000,1399156556,542.481186,,,,,,,0,0,,,,,,Place,,1,"{""pedalAxisName"":""TaskSwitchPedal"",""usePlusMinusKeys"":true,""positivePedalKey"":61,""negativePedalKey"":45,""invertPedalAxis"":false,""pressThreshold"":0.5,""releaseThreshold"":0.20000000298023225,""minimumIntervalSeconds"":5.0,""maximumIntervalSeconds"":10.0,""minimumValidReactionSeconds"":0.10000000149011612,""randomSeed"":1399156556}",ExperimentCompleted,0,0.000000,,CorrectSidePress,,,,,,,,,,0.000000,0,0,Axis,0,1
