session_id,participant_id,block_id,experiment_run_index,sample_index,utc_timestamp,real_elapsed_s,simulation_elapsed_s,frame,switch_index,active_crane_index,state,input_locked,global_paused,display_mode,operation_enabled,pause_interval_index,input_mode,movement_dead_zone,joystick2_horizontal,joystick2_vertical,joystick3_vertical,joystick3_slider,slider_axis,raw_current_slider,requested_current_a,requested_move_x,requested_move_y,requested_move_z,requested_spread,last_accepted_move_x,last_accepted_move_y,last_accepted_move_z,last_accepted_spread,accepted_command_frame,command_accepted_this_frame,applied_current_a,safe_current_hold_active,confirmation_button,detach_button,auditory_subtask_enabled,auditory_subtask_running,pedal_axis,raw_pedal,pedal_armed
20261007T102252334Z_a2ac4ef9bb5b432c8b5db52d721e2425,,,1,0,2026-10-07T10:22:52.4012496Z,0.053846,0.000000,105,0,-1,Idle,0,1,TaskSwitchDisplay,1,1,Joystick,0.100000,0.000000,0.000000,0.000000,-1.000000,,,,0.000000,0.000000,0.000000,0.000000,0.000000,0.000000,0.000000,0.000000,-1,0,,0,0,0,1,0,TaskSwitchPedal,,0
20261007T102252334Z_a2ac4ef9bb5b432c8b5db52d721e2425,,,1,1,2026-10-07T10:22:52.4572584Z,0.109996,0.151679,106,0,-1,Idle,0,1,TaskSwitchDisplay,1,1,Joystick,0.100000,0.000000,0.000000,0.000000,-1.000000,,,,0.000000,0.000000,0.000000,0.000000,0.000000,0.000000,0.000000,0.000000,-1,0,,0,0,0,1,0,TaskSwitchPedal,,0
20261007T102252334Z_a2ac4ef9bb5b432c8b5db52d721e2425,,,1,2,2026-10-07T10:22:52.5188670Z,0.172648,0.151679,108,0,-1,Idle,0,1,TaskSwitchDisplay,1,1,Joystick,0.100000,0.000000,0.000000,0.000000,-1.000000,,,,0.000000,0.000000,0.000000,0.000000,0.000000,0.000000,0.000000,0.000000,-1,0,,0,0,0,1,0,TaskSwitchPedal,,0
20261007T102252334Z_a2ac4ef9bb5b432c8b5db52d721e2425,,,1,3,2026-10-07T10:22:52.5736203Z,0.226271,0.151679,110,0,-1,Idle,0,1,TaskSwitchDisplay,1,1,Joystick,0.100000,0.000000,0.000000,0.000000,-1.000000,,,,0.000000,0.000000,0.000000,0.000000,0.000000,0.000000,0.000000,0.000000,-1,0,,0,0,0,1,0,TaskSwitchPedal,,0
20261007T102252334Z_a2ac4ef9bb5b432c8b5db52d721e2425,,,1,4,2026-10-07T10:22:52.6445374Z,0.297113,0.151679,113,0,-1,Idle,0,1,TaskSwitchDisplay,1,1,Joystick,0.100000,0.000000,0.000000,0.000000,-1.000000,,,,0.000000,0.000000,0.000000,0.000000,0.000000,0.000000,0.000000,0.000000,-1,0,,0,0,0,1,0,TaskSwitchPedal,,0
20261007T102252334Z_a2ac4ef9bb5b432c8b5db52d721e2425,,,1,5,2026-10-07T10:22:52.6938992Z,0.347306,0.151679,115,0,-1,Idle,0,1,TaskSwitchDisplay,1,1,Joystick,0.100000,0.000000,0.000000,0.000000,-1.000000,,,,0.000000,0.000000,0.000000,0.000000,0.000000,0.000000,0.000000,0.000000,-1,0,,0,0,0,1,0,TaskSwitchPedal,,0
20261007T102252334Z_a2ac4ef9bb5b432c8b5db52d721e2425,,,1,6,2026-10-07T10:22:52.7588457Z,0.412027,0.151679,118,0,-1,Idle,0,1,TaskSwitchDisplay,1,1,Joystick,0.100000,0.000000,0.000000,0.000000,-1.000000,,,,0.000000,0.000000,0.000000,0.000000,0.000000,0.000000,0.000000,0.000000,-1,0,,0,0,0,1,0,TaskSwitchPedal,,0
20261007T102252334Z_a2ac4ef9bb5b432c8b5db52d721e2425,,,1,7,2026-10-07T10:22:52.8125491Z,0.465047,0.151679,121,0,-1,Idle,0,1,TaskSwitchDisplay,1,1,Joystick,0.100000,0.000000,0.000000,0.000000,-1.000000,,,,0.000000,0.000000,0.000000,0.000000,0.000000,0.000000,0.000000,0.000000,-1,0,,0,0,0,1,0,TaskSwitchPedal,,0
20261007T102252334Z_a2ac4ef9bb5b432c8b5db52d721e2425,,,1,8,2026-10-07T10:22:52.8755889Z,0.528767,0.151679,125,0,-1,Idle,0,1,TaskSwitchDisplay,1,1,Joystick,0.100000,0.000000,0.000000,0.000000,-1.000000,,,,0.000000,0.000000,0.000000,0.000000,0.000000,0.000000,0.000000,0.000000,-1,0,,0,0,0,1,0,TaskSwitchPedal,,0
20261007T102252334Z_a2ac4ef9bb5b432c8b5db52d721e2425,,,1,9,2026-10-07T10:22:52.9269372Z,0.580664,0.151679,128,0,-1,Idle,0,1,TaskSwitchDisplay,1,1,Joystick,0.100000,0.000000,0.000000,0.000000,-1.000000,,,,0.000000,0.000000,0.000000,0.000000,0.000000,0.000000,0.000000,0.000000,-1,0,,0,0,0,1,0,TaskSwitchPedal,,0
20261007T102252334Z_a2ac4ef9bb5b432c8b5db52d721e2425,,,1,10,2026-10-07T10:22:52.9856478Z,0.638779,0.151679,131,0,-1,Idle,0,1,TaskSwitchDisplay,1,1,Joystick,0.100000,0.000000,0.000000,0.000000,-1.000000,,,,0.000000,0.000000,0.000000,0.000000,0.000000,0.000000,0.000000,0.000000,-1,0,,0,0,0,1,0,TaskSwitchPedal,,0
20261007T102252334Z_a2ac4ef9bb5b432c8b5db52d721e2425,,,1,11,2026-10-07T10:22:53.0495099Z,0.702544,0.151679,134,0,-1,Idle,0,1,TaskSwitchDisplay,1,1,Joystick,0.100000,0.000000,0.000000,0.000000,-1.000000,,,,0.000000,0.000000,0.000000,0.000000,0.000000,0.000000,0.000000,0.000000,-1,0,,0,0,0,1,0,TaskSwitchPedal,,0
20261007T102252334Z_a2ac4ef9bb5b432c8b5db52d721e2425,,,1,12,2026-10-07T10:22:53.1022354Z,0.755114,0.151679,137,0,-1,Idle,0,1,TaskSwitchDisplay,1,1,Joystick,0.100000,0.000000,0.000000,0.000000,-1.000000,,,,0.000000,0.000000,0.000000,0.000000,0.000000,0.000000,0.000000,0.000000,-1,0,,0,0,0,1,0,TaskSwitchPedal,,0
20261007T102252334Z_a2ac4ef9bb5b432c8b5db52d721e2425,,,1,13,2026-10-07T10:22:53.1560486Z,0.808643,0.151679,140,0,-1,Idle,0,1,TaskSwitchDisplay,1,1,Joystick,0.100000,0.000000,0.000000,0.000000,-1.000000,,,,0.000000,0.000000,0.000000,0.000000,0.000000,0.000000,0.000000,0.000000,-1,0,,0,0,0,1,0,TaskSwitchPedal,,0
20261007T102252334Z_a2ac4ef9bb5b432c8b5db52d721e2425,,,1,14,2026-10-07T10:22:53.2157722Z,0.868975,0.151679,143,0,-1,Idle,0,1,TaskSwitchDisplay,1,1,Joystick,0.100000,0.000000,0.000000,0.000000,-1.000000,,,,0.000000,0.000000,0.000000,0.000000,0.000000,0.000000,0.000000,0.000000,-1,0,,0,0,0,1,0,TaskSwitchPedal,,0
20261007T102252334Z_a2ac4ef9bb5b432c8b5db52d721e2425,,,1,15,2026-10-07T10:22:53.2804741Z,0.933741,0.151679,146,0,-1,Idle,0,1,TaskSwitchDisplay,1,1,Joystick,0.100000,0.000000,0.000000,0.000000,-1.000000,,,,0.000000,0.000000,0.000000,0.000000,0.000000,0.000000,0.000000,0.000000,-1,0,,0,0,0,1,0,TaskSwitchPedal,,0
20261007T102252334Z_a2ac4ef9bb5b432c8b5db52d721e2425,,,1,16,2026-10-07T10:22:53.3435024Z,0.996790,0.151679,148,0,-1,Idle,0,1,TaskSwitchDisplay,1,1,Joystick,0.100000,0.000000,0.000000,0.000000,-1.000000,,,,0.000000,0.000000,0.000000,0.000000,0.000000,0.000000,0.000000,0.000000,-1,0,,0,0,0,1,0,TaskSwitchPedal,,0
20261007T102252334Z_a2ac4ef9bb5b432c8b5db52d721e2425,,,1,17,2026-10-07T10:22:53.3972368Z,1.050115,0.151679,150,0,-1,Idle,0,1,TaskSwitchDisplay,1,1,Joystick,0.100000,0.000000,0.000000,0.000000,-1.000000,,,,0.000000,0.000000,0.000000,0.000000,0.000000,0.000000,0.000000,0.000000,-1,0,,0,0,0,1,0,TaskSwitchPedal,,0
20261007T102252334Z_a2ac4ef9bb5b432c8b5db52d721e2425,,,1,18,2026-10-07T10:22:53.4571750Z,1.110605,0.151679,153,0,-1,Idle,0,1,TaskSwitchDisplay,1,1,Joystick,0.100000,0.000000,0.000000,0.000000,-1.000000,,,,0.000000,0.000000,0.000000,0.000000,0.000000,0.000000,0.000000,0.000000,-1,0,,0,0,0,1,0,TaskSwitchPedal,,0
20261007T102252334Z_a2ac4ef9bb5b432c8b5db52d721e2425,,,1,19,2026-10-07T10:22:53.5239087Z,1.176749,0.151679,156,0,-1,Idle,0,1,TaskSwitchDisplay,1,1,Joystick,0.100000,0.000000,0.000000,0.000000,-1.000000,,,,0.000000,0.000000,0.000000,0.000000,0.000000,0.000000,0.000000,0.000000,-1,0,,0,0,0,1,0,TaskSwitchPedal,,0
20261007T102252334Z_a2ac4ef9bb5b432c8b5db52d721e2425,,,1,20,2026-10-07T10:22:53.5751128Z,1.227729,0.151679,158,0,-1,Idle,0,1,TaskSwitchDisplay,1,1,Joystick,0.100000,0.000000,0.000000,0.000000,-1.000000,,,,0.000000,0.000000,0.000000,0.000000,0.000000,0.000000,0.000000,0.000000,-1,0,,0,0,0,1,0,TaskSwitchPedal,,0
20261007T102252334Z_a2ac4ef9bb5b432c8b5db52d721e2425,,,1,21,2026-10-07T10:22:53.6334887Z,1.286877,0.151679,161,0,-1,Idle,0,1,TaskSwitchDisplay,1,1,Joystick,0.100000,0.000000,0.000000,0.000000,-1.000000,,,,0.000000,0.000000,0.000000,0.000000,0.000000,0.000000,0.000000,0.000000,-1,0,,0,0,0,1,0,TaskSwitchPedal,,0
20261007T102252334Z_a2ac4ef9bb5b432c8b5db52d721e2425,,,1,22,2026-10-07T10:22:53.7037304Z,1.357504,0.151679,164,0,-1,Idle,0,1,TaskSwitchDisplay,1,1,Joystick,0.100000,0.000000,0.000000,0.000000,-1.000000,,,,0.000000,0.000000,0.000000,0.000000,0.000000,0.000000,0.000000,0.000000,-1,0,,0,0,0,1,0,TaskSwitchPedal,,0
20261007T102252334Z_a2ac4ef9bb5b432c8b5db52d721e2425,,,1,23,2026-10-07T10:22:53.7686500Z,1.422369,0.151679,167,0,-1,Idle,0,1,TaskSwitchDisplay,1,1,Joystick,0.100000,0.000000,0.000000,0.000000,-1.000000,,,,0.000000,0.000000,0.000000,0.000000,0.000000,0.000000,0.000000,0.000000,-1,0,,0,0,0,1,0,TaskSwitchPedal,,0
20261007T102252334Z_a2ac4ef9bb5b432c8b5db52d721e2425,,,1,24,2026-10-07T10:22:53.8345406Z,1.487246,0.151679,170,0,-1,Idle,0,1,TaskSwitchDisplay,1,1,Joystick,0.100000,0.000000,0.000000,0.000000,-1.000000,,,,0.000000,0.000000,0.000000,0.000000,0.000000,0.000000,0.000000,0.000000,-1,0,,0,0,0,1,0,TaskSwitchPedal,,0
20261007T102252334Z_a2ac4ef9bb5b432c8b5db52d721e2425,,,1,25,2026-10-07T10:22:53.8959085Z,1.548542,0.151679,173,0,-1,Idle,0,1,TaskSwitchDisplay,1,1,Joystick,0.100000,0.000000,0.000000,0.000000,-1.000000,,,,0.000000,0.000000,0.000000,0.000000,0.000000,0.000000,0.000000,0.000000,-1,0,,0,0,0,1,0,TaskSwitchPedal,,0
20261007T102252334Z_a2ac4ef9bb5b432c8b5db52d721e2425,,,1,26,2026-10-07T10:22:53.9522038Z,1.605075,0.151679,175,0,-1,Idle,0,1,TaskSwitchDisplay,1,1,Joystick,0.100000,0.000000,0.000000,0.000000,-1.000000,,,,0.000000,0.000000,0.000000,0.000000,0.000000,0.000000,0.000000,0.000000,-1,0,,0,0,0,1,0,TaskSwitchPedal,,0
20261007T102252334Z_a2ac4ef9bb5b432c8b5db52d721e2425,,,1,27,2026-10-07T10:22:54.0062344Z,1.659158,0.151679,177,0,-1,Idle,0,1,TaskSwitchDisplay,1,1,Joystick,0.100000,0.000000,0.000000,0.000000,-1.000000,,,,0.000000,0.000000,0.000000,0.000000,0.000000,0.000000,0.000000,0.000000,-1,0,,0,0,0,1,0,TaskSwitchPedal,,0
20261007T102252334Z_a2ac4ef9bb5b432c8b5db52d721e2425,,,1,28,2026-10-07T10:22:54.0771776Z,1.730017,0.151679,180,0,-1,Idle,0,1,TaskSwitchDisplay,1,1,Joystick,0.100000,0.000000,0.000000,0.000000,-1.000000,,,,0.000000,0.000000,0.000000,0.000000,0.000000,0.000000,0.000000,0.000000,-1,0,,0,0,0,1,0,TaskSwitchPedal,,0
20261007T102252334Z_a2ac4ef9bb5b432c8b5db52d721e2425,,,1,29,2026-10-07T10:22:54.1304724Z,1.783304,0.151679,182,0,-1,Idle,0,1,TaskSwitchDisplay,1,1,Joystick,0.100000,0.000000,0.000000,0.000000,-1.000000,,,,0.000000,0.000000,0.000000,0.000000,0.000000,0.000000,0.000000,0.000000,-1,0,,0,0,0,1,0,TaskSwitchPedal,,0
20261007T102252334Z_a2ac4ef9bb5b432c8b5db52d721e2425,,,1,30,2026-10-07T10:22:54.1938162Z,1.846979,0.151679,185,0,-1,Idle,0,1,TaskSwitchDisplay,1,1,Joystick,0.100000,0.000000,0.000000,0.000000,-1.000000,,,,0.000000,0.000000,0.000000,0.000000,0.000000,0.000000,0.000000,0.000000,-1,0,,0,0,0,1,0,TaskSwitchPedal,,0
20261007T102252334Z_a2ac4ef9bb5b432c8b5db52d721e2425,,,1,31,2026-10-07T10:22:54.2558203Z,1.909619,0.151679,188,0,-1,Idle,0,1,TaskSwitchDisplay,1,1,Joystick,0.100000,0.000000,0.000000,0.000000,-1.000000,,,,0.000000,0.000000,0.000000,0.000000,0.000000,0.000000,0.000000,0.000000,-1,0,,0,0,0,1,0,TaskSwitchPedal,,0
20261007T102252334Z_a2ac4ef9bb5b432c8b5db52d721e2425,,,1,32,2026-10-07T10:22:54.3181080Z,1.971794,0.151679,191,0,-1,Idle,0,1,TaskSwitchDisplay,1,1,Joystick,0.100000,0.000000,0.000000,0.000000,-1.000000,,,,0.000000,0.000000,0.000000,0.000000,0.000000,0.000000,0.000000,0.000000,-1,0,,0,0,0,1,0,TaskSwitchPedal,,0
20261007T102252334Z_a2ac4ef9bb5b432c8b5db52d721e2425,,,1,33,2026-10-07T10:22:54.3728424Z,2.025581,0.151679,193,0,-1,Idle,0,1,TaskSwitchDisplay,1,1,Joystick,0.100000,0.000000,0.000000,0.000000,-1.000000,,,,0.000000,0.000000,0.000000,0.000000,0.000000,0.000000,0.000000,0.000000,-1,0,,0,0,0,1,0,TaskSwitchPedal,,0
20261007T102252334Z_a2ac4ef9bb5b432c8b5db52d721e2425,,,1,34,2026-10-07T10:22:54.4296321Z,2.082416,0.151679,195,0,-1,Idle,0,1,TaskSwitchDisplay,1,1,Joystick,0.100000,0.000000,0.000000,0.000000,-1.000000,,,,0.000000,0.000000,0.000000,0.000000,0.000000,0.000000,0.000000,0.000000,-1,0,,0,0,0,1,0,TaskSwitchPedal,,0
20261007T102252334Z_a2ac4ef9bb5b432c8b5db52d721e2425,,,1,35,2026-10-07T10:22:54.6553644Z,2.308213,0.151679,198,0,0,OperatingSource,0,0,TaskSwitchDisplay,1,,Joystick,0.100000,0.000000,0.000000,0.000000,-1.000000,JoyStick1LeftSlider,0.000000,0.000000,0.000000,0.000000,0.000000,0.000000,0.000000,0.000000,0.000000,0.000000,-1,0,0.000000,0,0,0,1,1,TaskSwitchPedal,0.000000,1
20261007T102252334Z_a2ac4ef9bb5b432c8b5db52d721e2425,,,1,36,2026-10-07T10:22:54.8403060Z,2.493581,0.472071,199,0,0,OperatingSource,0,0,TaskSwitchDisplay,1,,Joystick,0.100000,0.000000,0.000000,0.000000,-1.000000,JoyStick1LeftSlider,0.000000,0.000000,0.000000,0.000000,0.000000,0.000000,0.000000,0.000000,0.000000,0.000000,199,1,0.000000,0,0,0,1,1,TaskSwitchPedal,0.000000,1
20261007T102252334Z_a2ac4ef9bb5b432c8b5db52d721e2425,,,1,37,2026-10-07T10:22:55.0367941Z,2.689999,0.682206,200,0,0,OperatingSource,0,0,TaskSwitchDisplay,1,,Joystick,0.100000,0.000000,0.000000,0.000000,-1.000000,JoyStick1LeftSlider,0.000000,0.000000,0.000000,0.000000,0.000000,0.000000,0.000000,0.000000,0.000000,0.000000,200,1,0.000000,0,0,0,1,1,TaskSwitchPedal,0.000000,1
20261007T102252334Z_a2ac4ef9bb5b432c8b5db52d721e2425,,,1,38,2026-10-07T10:22:55.0938413Z,2.747353,0.744798,202,0,0,OperatingSource,0,0,TaskSwitchDisplay,1,,Joystick,0.100000,0.000000,0.000000,0.000000,-1.000000,JoyStick1LeftSlider,0.000000,0.000000,0.000000,0.000000,0.000000,0.000000,0.000000,0.000000,0.000000,0.000000,202,1,0.000000,0,0,0,1,1,TaskSwitchPedal,0.000000,1
20261007T102252334Z_a2ac4ef9bb5b432c8b5db52d721e2425,,,1,39,2026-10-07T10:22:55.1476458Z,2.801301,0.798290,205,0,0,OperatingSource,0,0,TaskSwitchDisplay,1,,Joystick,0.100000,0.000000,0.000000,0.000000,-1.000000,JoyStick1LeftSlider,0.000000,0.000000,0.000000,0.000000,0.000000,0.000000,0.000000,0.000000,0.000000,0.000000,205,1,0.000000,0,0,0,1,1,TaskSwitchPedal,0.000000,1
20261007T102252334Z_a2ac4ef9bb5b432c8b5db52d721e2425,,,1,40,2026-10-07T10:22:55.2008229Z,2.853565,0.851018,208,0,0,OperatingSource,0,0,TaskSwitchDisplay,1,,Joystick,0.100000,0.000000,0.000000,0.000000,-1.000000,JoyStick1LeftSlider,0.000000,0.000000,0.000000,0.000000,0.000000,0.000000,0.000000,0.000000,0.000000,0.000000,208,1,0.000000,0,0,0,1,1,TaskSwitchPedal,0.000000,1
20261007T102252334Z_a2ac4ef9bb5b432c8b5db52d721e2425,,,1,41,2026-10-07T10:22:55.2614285Z,2.914730,0.911712,211,0,0,OperatingSource,0,0,TaskSwitchDisplay,1,,Joystick,0.100000,0.000000,0.000000,0.000000,-1.000000,JoyStick1LeftSlider,0.000000,0.000000,0.000000,0.000000,0.000000,0.000000,0.000000,0.000000,0.000000,0.000000,211,1,0.000000,0,0,0,1,1,TaskSwitchPedal,0.000000,1
20261007T102252334Z_a2ac4ef9bb5b432c8b5db52d721e2425,,,1,42,2026-10-07T10:22:55.3190243Z,2.971860,0.968766,214,0,0,OperatingSource,0,0,TaskSwitchDisplay,1,,Joystick,0.100000,0.000000,0.000000,0.000000,-1.000000,JoyStick1LeftSlider,0.000000,0.000000,0.000000,0.000000,0.000000,0.000000,0.000000,0.000000,0.000000,0.000000,214,1,0.000000,0,0,0,1,1,TaskSwitchPedal,0.000000,1
20261007T102252334Z_a2ac4ef9bb5b432c8b5db52d721e2425,,,1,43,2026-10-07T10:22:55.3701432Z,3.022807,1.020573,217,0,0,OperatingSource,0,0,TaskSwitchDisplay,1,,Joystick,0.100000,0.000000,0.000000,0.000000,-1.000000,JoyStick1LeftSlider,0.000000,0.000000,0.000000,0.000000,0.000000,0.000000,0.000000,0.000000,0.000000,0.000000,217,1,0.000000,0,0,0,1,1,TaskSwitchPedal,0.000000,1
20261007T102252334Z_a2ac4ef9bb5b432c8b5db52d721e2425,,,1,44,2026-10-07T10:22:55.4361837Z,3.088763,1.086233,221,0,0,OperatingSource,0,0,TaskSwitchDisplay,1,,Joystick,0.100000,0.000000,0.000000,0.000000,-1.000000,JoyStick1LeftSlider,0.000000,0.000000,0.000000,0.000000,0.000000,0.000000,0.000000,0.000000,0.000000,0.000000,221,1,0.000000,0,0,0,1,1,TaskSwitchPedal,0.000000,1
20261007T102252334Z_a2ac4ef9bb5b432c8b5db52d721e2425,,,1,45,2026-10-07T10:22:55.4874461Z,3.141312,1.139038,224,0,0,OperatingSource,0,0,TaskSwitchDisplay,1,,Joystick,0.100000,0.000000,0.000000,0.000000,-1.000000,JoyStick1LeftSlider,0.000000,0.000000,0.000000,0.000000,0.000000,0.000000,0.000000,0.000000,0.000000,0.000000,224,1,0.000000,0,0,0,1,1,TaskSwitchPedal,0.000000,1
20261007T102252334Z_a2ac4ef9bb5b432c8b5db52d721e2425,,,1,46,2026-10-07T10:22:55.5504191Z,3.203852,1.201562,228,0,0,OperatingSource,0,0,TaskSwitchDisplay,1,,Joystick,0.100000,0.000000,0.000000,0.000000,-1.000000,JoyStick1LeftSlider,0.000000,0.000000,0.000000,0.000000,0.000000,0.000000,0.000000,0.000000,0.000000,0.000000,228,1,0.000000,0,0,0,1,1,TaskSwitchPedal,0.000000,1
20261007T102252334Z_a2ac4ef9bb5b432c8b5db52d721e2425,,,1,47,2026-10-07T10:22:55.6195511Z,3.272902,1.268510,231,0,0,OperatingSource,0,0,TaskSwitchDisplay,1,,Joystick,0.100000,0.000000,0.000000,0.000000,-1.000000,JoyStick1LeftSlider,0.000000,0.000000,0.000000,0.000000,0.000000,0.000000,0.000000,0.000000,0.000000,0.000000,231,1,0.000000,0,0,0,1,1,TaskSwitchPedal,0.000000,1
20261007T102252334Z_a2ac4ef9bb5b432c8b5db52d721e2425,,,1,48,2026-10-07T10:22:55.6982538Z,3.351057,1.346233,234,0,0,OperatingSource,0,0,TaskSwitchDisplay,1,,Joystick,0.100000,0.000000,0.000000,0.000000,-1.000000,JoyStick1LeftSlider,0.000000,0.000000,0.000000,0.000000,0.000000,0.000000,0.000000,0.000000,0.000000,0.000000,234,1,0.000000,0,0,0,1,1,TaskSwitchPedal,0.000000,1
20261007T102252334Z_a2ac4ef9bb5b432c8b5db52d721e2425,,,1,49,2026-10-07T10:22:55.7502425Z,3.403311,1.401136,237,0,0,OperatingSource,0,0,TaskSwitchDisplay,1,,Joystick,0.100000,0.000000,0.000000,0.000000,-1.000000,JoyStick1LeftSlider,0.000000,0.000000,0.000000,0.000000,0.000000,0.000000,0.000000,0.000000,0.000000,0.000000,237,1,0.000000,0,0,0,1,1,TaskSwitchPedal,0.000000,1
20261007T102252334Z_a2ac4ef9bb5b432c8b5db52d721e2425,,,1,50,2026-10-07T10:22:55.8087180Z,3.461731,1.459412,240,0,0,OperatingSource,0,0,TaskSwitchDisplay,1,,Joystick,0.100000,0.000000,0.000000,0.000000,-1.000000,JoyStick1LeftSlider,0.000000,0.000000,0.000000,0.000000,0.000000,0.000000,0.000000,0.000000,0.000000,0.000000,240,1,0.000000,0,0,0,1,1,TaskSwitchPedal,0.000000,1
20261007T102252334Z_a2ac4ef9bb5b432c8b5db52d721e2425,,,1,51,2026-10-07T10:22:55.8705787Z,3.523532,1.521291,244,0,0,OperatingSource,0,0,TaskSwitchDisplay,1,,Joystick,0.100000,0.000000,0.000000,0.000000,-1.000000,JoyStick1LeftSlider,0.000000,0.000000,0.000000,0.000000,0.000000,0.000000,0.000000,0.000000,0.000000,0.000000,244,1,0.000000,0,0,0,1,1,TaskSwitchPedal,0.000000,1
20261007T102252334Z_a2ac4ef9bb5b432c8b5db52d721e2425,,,1,52,2026-10-07T10:22:55.9337394Z,3.586886,1.584677,248,0,0,OperatingSource,0,0,TaskSwitchDisplay,1,,Joystick,0.100000,0.000000,0.000000,0.000000,-1.000000,JoyStick1LeftSlider,0.000000,0.000000,0.000000,0.000000,0.000000,0.000000,0.000000,0.000000,0.000000,0.000000,248,1,0.000000,0,0,0,1,1,TaskSwitchPedal,0.000000,1
20261007T102252334Z_a2ac4ef9bb5b432c8b5db52d721e2425,,,1,53,2026-10-07T10:22:55.9892814Z,3.642583,1.640236,252,0,0,OperatingSource,0,0,TaskSwitchDisplay,1,,Joystick,0.100000,0.000000,0.000000,0.000000,-1.000000,JoyStick1LeftSlider,0.000000,0.000000,0.000000,0.000000,0.000000,0.000000,0.000000,0.000000,0.000000,0.000000,252,1,0.000000,0,0,0,1,1,TaskSwitchPedal,0.000000,1
20261007T102252334Z_a2ac4ef9bb5b432c8b5db52d721e2425,,,1,54,2026-10-07T10:22:56.0506569Z,3.704021,1.701892,256,0,0,OperatingSource,0,0,TaskSwitchDisplay,1,,Joystick,0.100000,0.000000,0.000000,0.000000,-1.000000,JoyStick1LeftSlider,0.000000,0.000000,0.000000,0.000000,0.000000,0.000000,0.000000,0.000000,0.000000,0.000000,256,1,0.000000,0,0,0,1,1,TaskSwitchPedal,0.000000,1
20261007T102252334Z_a2ac4ef9bb5b432c8b5db52d721e2425,,,1,55,2026-10-07T10:22:56.1090142Z,3.762004,1.753035,259,0,0,OperatingSource,0,0,TaskSwitchDisplay,1,,Joystick,0.100000,0.000000,0.000000,0.000000,-1.000000,JoyStick1LeftSlider,0.000000,0.000000,0.000000,0.000000,0.000000,0.000000,0.000000,0.000000,0.000000,0.000000,259,1,0.000000,0,0,0,1,1,TaskSwitchPedal,0.000000,1
20261007T102252334Z_a2ac4ef9bb5b432c8b5db52d721e2425,,,1,56,2026-10-07T10:22:56.1620881Z,3.814909,1.813075,262,0,0,OperatingSource,0,0,TaskSwitchDisplay,1,,Joystick,0.100000,0.000000,0.000000,0.000000,-1.000000,JoyStick1LeftSlider,0.000000,0.000000,0.000000,0.000000,0.000000,0.000000,0.000000,0.000000,0.000000,0.000000,261,0,0.000000,0,0,0,1,1,TaskSwitchPedal,0.000000,1
20261007T102252334Z_a2ac4ef9bb5b432c8b5db52d721e2425,,,1,57,2026-10-07T10:22:56.2116471Z,3.865022,1.862384,265,0,0,OperatingSource,0,0,TaskSwitchDisplay,1,,Joystick,0.100000,0.000000,0.000000,0.000000,-1.000000,JoyStick1LeftSlider,0.000000,0.000000,0.000000,0.000000,0.000000,0.000000,0.000000,0.000000,0.000000,0.000000,265,1,0.000000,0,0,0,1,1,TaskSwitchPedal,0.000000,1
20261007T102252334Z_a2ac4ef9bb5b432c8b5db52d721e2425,,,1,58,2026-10-07T10:22:56.2727738Z,3.926530,1.924096,269,0,0,OperatingSource,0,0,TaskSwitchDisplay,1,,Joystick,0.100000,0.000000,0.000000,0.000000,-1.000000,JoyStick1LeftSlider,0.000000,0.000000,0.000000,0.000000,0.000000,0.000000,0.000000,0.000000,0.000000,0.000000,269,1,0.000000,0,0,0,1,1,TaskSwitchPedal,0.000000,1
20261007T102252334Z_a2ac4ef9bb5b432c8b5db52d721e2425,,,1,59,2026-10-07T10:22:56.3347831Z,3.987822,1.985532,273,0,0,OperatingSource,0,0,TaskSwitchDisplay,1,,Joystick,0.100000,0.000000,0.000000,0.000000,-1.000000,JoyStick1LeftSlider,0.000000,0.000000,0.000000,0.000000,0.000000,0.000000,0.000000,0.000000,0.000000,0.000000,273,1,0.000000,0,0,0,1,1,TaskSwitchPedal,0.000000,1
20261007T102252334Z_a2ac4ef9bb5b432c8b5db52d721e2425,,,1,60,2026-10-07T10:22:56.3870744Z,4.040559,2.037805,276,0,0,OperatingSource,0,0,TaskSwitchDisplay,1,,Joystick,0.100000,0.000000,0.000000,0.000000,-1.000000,JoyStick1LeftSlider,0.000000,0.000000,0.000000,0.000000,0.000000,0.000000,0.000000,0.000000,0.000000,0.000000,276,1,0.000000,0,0,0,1,1,TaskSwitchPedal,0.000000,1
20261007T102252334Z_a2ac4ef9bb5b432c8b5db52d721e2425,,,1,61,2026-10-07T10:22:56.4375581Z,4.090827,2.088530,279,0,0,OperatingSource,0,0,TaskSwitchDisplay,1,,Joystick,0.100000,0.000000,0.000000,0.000000,-1.000000,JoyStick1LeftSlider,0.000000,0.000000,0.000000,0.000000,0.000000,0.000000,0.000000,0.000000,0.000000,0.000000,279,1,0.000000,0,0,0,1,1,TaskSwitchPedal,0.000000,1
20261007T102252334Z_a2ac4ef9bb5b432c8b5db52d721e2425,,,1,62,2026-10-07T10:22:56.4879704Z,4.141367,2.139005,282,0,0,OperatingSource,0,0,TaskSwitchDisplay,1,,Joystick,0.100000,0.000000,0.000000,0.000000,-1.000000,JoyStick1LeftSlider,0.000000,0.000000,0.000000,0.000000,0.000000,0.000000,0.000000,0.000000,0.000000,0.000000,282,1,0.000000,0,0,0,1,1,TaskSwitchPedal,0.000000,1
20261007T102252334Z_a2ac4ef9bb5b432c8b5db52d721e2425,,,1,63,2026-10-07T10:22:56.5545958Z,4.207329,2.204412,285,0,0,OperatingSource,0,0,TaskSwitchDisplay,1,,Joystick,0.100000,0.000000,0.000000,0.000000,-1.000000,JoyStick1LeftSlider,0.000000,0.000000,0.000000,0.000000,0.000000,0.000000,0.000000,0.000000,0.000000,0.000000,285,1,0.000000,0,0,0,1,1,TaskSwitchPedal,0.000000,1
20261007T102252334Z_a2ac4ef9bb5b432c8b5db52d721e2425,,,1,64,2026-10-07T10:22:56.6125601Z,4.265366,2.261897,288,0,0,OperatingSource,0,0,TaskSwitchDisplay,1,,Joystick,0.100000,0.000000,0.000000,0.000000,-1.000000,JoyStick1LeftSlider,0.000000,0.000000,0.000000,0.000000,0.000000,0.000000,0.000000,0.000000,0.000000,0.000000,288,1,0.000000,0,0,0,1,1,TaskSwitchPedal,0.000000,1
20261007T102252334Z_a2ac4ef9bb5b432c8b5db52d721e2425,,,1,65,2026-10-07T10:22:56.6753395Z,4.328009,2.325333,291,0,0,OperatingSource,0,0,TaskSwitchDisplay,1,,Joystick,0.100000,0.000000,0.000000,0.000000,-1.000000,JoyStick1LeftSlider,0.000000,0.000000,0.000000,0.000000,0.000000,0.000000,0.000000,0.000000,0.000000,0.000000,291,1,0.000000,0,0,0,1,1,TaskSwitchPedal,0.000000,1
20261007T102252334Z_a2ac4ef9bb5b432c8b5db52d721e2425,,,1,66,2026-10-07T10:22:56.7323633Z,4.385022,2.382121,294,0,0,OperatingSource,0,0,TaskSwitchDisplay,1,,Joystick,0.100000,0.000000,0.000000,0.000000,-1.000000,JoyStick1LeftSlider,0.000000,0.000000,0.000000,0.000000,0.000000,0.000000,0.000000,0.000000,0.000000,0.000000,294,1,0.000000,0,0,0,1,1,TaskSwitchPedal,0.000000,1
20261007T102252334Z_a2ac4ef9bb5b432c8b5db52d721e2425,,,1,67,2026-10-07T10:22:56.7932336Z,4.446296,2.443989,298,0,0,OperatingSource,0,0,TaskSwitchDisplay,1,,Joystick,0.100000,0.000000,0.000000,0.000000,-1.000000,JoyStick1LeftSlider,0.000000,0.000000,0.000000,0.000000,0.000000,0.000000,0.000000,0.000000,0.000000,0.000000,298,1,0.000000,0,0,0,1,1,TaskSwitchPedal,0.000000,1
20261007T102252334Z_a2ac4ef9bb5b432c8b5db52d721e2425,,,1,68,2026-10-07T10:22:56.8526080Z,4.505975,2.503410,302,0,0,OperatingSource,0,0,TaskSwitchDisplay,1,,Joystick,0.100000,0.000000,0.000000,0.000000,-1.000000,JoyStick1LeftSlider,0.000000,0.000000,0.000000,0.000000,0.000000,0.000000,0.000000,0.000000,0.000000,0.000000,302,1,0.000000,0,0,0,1,1,TaskSwitchPedal,0.000000,1
20261007T102252334Z_a2ac4ef9bb5b432c8b5db52d721e2425,,,1,69,2026-10-07T10:22:56.9176692Z,4.570625,2.568449,306,0,0,OperatingSource,0,0,TaskSwitchDisplay,1,,Joystick,0.100000,0.000000,0.000000,0.000000,-1.000000,JoyStick1LeftSlider,0.000000,0.000000,0.000000,0.000000,0.000000,0.000000,0.000000,0.000000,0.000000,0.000000,306,1,0.000000,0,0,0,1,1,TaskSwitchPedal,0.000000,1
20261007T102252334Z_a2ac4ef9bb5b432c8b5db52d721e2425,,,1,70,2026-10-07T10:22:56.9762164Z,4.629444,2.626923,310,0,0,OperatingSource,0,0,TaskSwitchDisplay,1,,Joystick,0.100000,0.000000,0.000000,0.000000,-1.000000,JoyStick1LeftSlider,0.000000,0.000000,0.000000,0.000000,0.000000,0.000000,0.000000,0.000000,0.000000,0.000000,310,1,0.000000,0,0,0,1,1,TaskSwitchPedal,0.000000,1
20261007T102252334Z_a2ac4ef9bb5b432c8b5db52d721e2425,,,1,71,2026-10-07T10:22:57.0433629Z,4.696341,2.693973,314,0,0,OperatingSource,0,0,TaskSwitchDisplay,1,,Joystick,0.100000,0.000000,0.000000,0.000000,-1.000000,JoyStick1LeftSlider,0.000000,0.000000,0.000000,0.000000,0.000000,0.000000,0.000000,0.000000,0.000000,0.000000,314,1,0.000000,0,0,0,1,1,TaskSwitchPedal,0.000000,1
20261007T102252334Z_a2ac4ef9bb5b432c8b5db52d721e2425,,,1,72,2026-10-07T10:22:57.0949969Z,4.748213,2.744617,317,0,0,OperatingSource,0,0,TaskSwitchDisplay,1,,Joystick,0.100000,0.000000,0.000000,0.000000,-1.000000,JoyStick1LeftSlider,0.000000,0.000000,0.000000,0.000000,0.000000,0.000000,0.000000,0.000000,0.000000,0.000000,317,1,0.000000,0,0,0,1,1,TaskSwitchPedal,0.000000,1
20261007T102252334Z_a2ac4ef9bb5b432c8b5db52d721e2425,,,1,73,2026-10-07T10:22:57.1465833Z,4.799270,2.797118,320,0,0,OperatingSource,0,0,TaskSwitchDisplay,1,,Joystick,0.100000,0.000000,0.000000,0.000000,-1.000000,JoyStick1LeftSlider,0.000000,0.000000,0.000000,0.000000,0.000000,0.000000,0.000000,0.000000,0.000000,0.000000,320,1,0.000000,0,0,0,1,1,TaskSwitchPedal,0.000000,1
20261007T102252334Z_a2ac4ef9bb5b432c8b5db52d721e2425,,,1,74,2026-10-07T10:22:57.1988468Z,4.852694,2.851211,324,0,0,OperatingSource,0,0,TaskSwitchDisplay,1,,Joystick,0.100000,0.000000,0.000000,0.000000,-1.000000,JoyStick1LeftSlider,0.000000,0.000000,0.000000,0.000000,0.000000,0.000000,0.000000,0.000000,0.000000,0.000000,323,0,0.000000,0,0,0,1,1,TaskSwitchPedal,0.000000,1
20261007T102252334Z_a2ac4ef9bb5b432c8b5db52d721e2425,,,1,75,2026-10-07T10:22:57.2575976Z,4.910870,2.908623,328,0,0,OperatingSource,0,0,TaskSwitchDisplay,1,,Joystick,0.100000,0.000000,0.000000,0.000000,-1.000000,JoyStick1LeftSlider,0.000000,0.000000,0.000000,0.000000,0.000000,0.000000,0.000000,0.000000,0.000000,0.000000,328,1,0.000000,0,0,0,1,1,TaskSwitchPedal,0.000000,1
20261007T102252334Z_a2ac4ef9bb5b432c8b5db52d721e2425,,,1,76,2026-10-07T10:22:57.3147297Z,4.967266,2.964752,332,0,0,OperatingSource,0,0,TaskSwitchDisplay,1,,Joystick,0.100000,0.000000,0.000000,0.000000,-1.000000,JoyStick1LeftSlider,0.000000,0.000000,0.000000,0.000000,0.000000,0.000000,0.000000,0.000000,0.000000,0.000000,332,1,0.000000,0,0,0,1,1,TaskSwitchPedal,0.000000,1
20261007T102252334Z_a2ac4ef9bb5b432c8b5db52d721e2425,,,1,77,2026-10-07T10:22:57.3737755Z,5.026886,3.024683,336,0,0,OperatingSource,0,0,TaskSwitchDisplay,1,,Joystick,0.100000,0.000000,0.000000,0.000000,-1.000000,JoyStick1LeftSlider,0.000000,0.000000,0.000000,0.000000,0.000000,0.000000,0.000000,0.000000,0.000000,0.000000,336,1,0.000000,0,0,0,1,1,TaskSwitchPedal,0.000000,1
20261007T102252334Z_a2ac4ef9bb5b432c8b5db52d721e2425,,,1,78,2026-10-07T10:22:57.4380063Z,5.091543,3.089013,340,0,0,OperatingSource,0,0,TaskSwitchDisplay,1,,Joystick,0.100000,0.000000,0.000000,0.000000,-1.000000,JoyStick1LeftSlider,0.000000,0.000000,0.000000,0.000000,0.000000,0.000000,0.000000,0.000000,0.000000,0.000000,340,1,0.000000,0,0,0,1,1,TaskSwitchPedal,0.000000,1
20261007T102252334Z_a2ac4ef9bb5b432c8b5db52d721e2425,,,1,79,2026-10-07T10:22:57.4966953Z,5.150023,3.147877,343,0,0,OperatingSource,0,0,TaskSwitchDisplay,1,,Joystick,0.100000,0.000000,0.000000,0.000000,-1.000000,JoyStick1LeftSlider,0.000000,0.000000,0.000000,0.000000,0.000000,0.000000,0.000000,0.000000,0.000000,0.000000,343,1,0.000000,0,0,0,1,1,TaskSwitchPedal,0.000000,1
20261007T102252334Z_a2ac4ef9bb5b432c8b5db52d721e2425,,,1,80,2026-10-07T10:22:57.5623277Z,5.214888,3.212096,347,0,0,OperatingSource,0,0,TaskSwitchDisplay,1,,Joystick,0.100000,0.000000,0.000000,0.000000,-1.000000,JoyStick1LeftSlider,0.000000,0.000000,0.000000,0.000000,0.000000,0.000000,0.000000,0.000000,0.000000,0.000000,347,1,0.000000,0,0,0,1,1,TaskSwitchPedal,0.000000,1
20261007T102252334Z_a2ac4ef9bb5b432c8b5db52d721e2425,,,1,81,2026-10-07T10:22:57.6248842Z,5.277892,3.275841,351,0,0,OperatingSource,0,0,TaskSwitchDisplay,1,,Joystick,0.100000,0.000000,0.000000,0.000000,-1.000000,JoyStick1LeftSlider,0.000000,0.000000,0.000000,0.000000,0.000000,0.000000,0.000000,0.000000,0.000000,0.000000,350,0,0.000000,0,0,0,1,1,TaskSwitchPedal,0.000000,1
20261007T102252334Z_a2ac4ef9bb5b432c8b5db52d721e2425,,,1,82,2026-10-07T10:22:57.6889683Z,5.341573,3.338501,355,0,0,OperatingSource,0,0,TaskSwitchDisplay,1,,Joystick,0.100000,0.000000,0.000000,0.000000,-1.000000,JoyStick1LeftSlider,0.000000,0.000000,0.000000,0.000000,0.000000,0.000000,0.000000,0.000000,0.000000,0.000000,355,1,0.000000,0,0,0,1,1,TaskSwitchPedal,0.000000,1
20261007T102252334Z_a2ac4ef9bb5b432c8b5db52d721e2425,,,1,83,2026-10-07T10:22:57.7402003Z,5.393443,3.391167,358,0,0,OperatingSource,0,0,TaskSwitchDisplay,1,,Joystick,0.100000,0.000000,0.000000,0.000000,-1.000000,JoyStick1LeftSlider,0.000000,0.000000,0.000000,0.000000,0.000000,0.000000,0.000000,0.000000,0.000000,0.000000,358,1,0.000000,0,0,0,1,1,TaskSwitchPedal,0.000000,1
20261007T102252334Z_a2ac4ef9bb5b432c8b5db52d721e2425,,,1,84,2026-10-07T10:22:57.7958712Z,5.448938,3.446579,361,0,0,OperatingSource,0,0,TaskSwitchDisplay,1,,Joystick,0.100000,0.000000,0.000000,0.000000,-1.000000,JoyStick1LeftSlider,0.000000,0.000000,0.000000,0.000000,0.000000,0.000000,0.000000,0.000000,0.000000,0.000000,361,1,0.000000,0,0,0,1,1,TaskSwitchPedal,0.000000,1
20261007T102252334Z_a2ac4ef9bb5b432c8b5db52d721e2425,,,1,85,2026-10-07T10:22:57.8470956Z,5.499827,3.496678,364,0,0,OperatingSource,0,0,TaskSwitchDisplay,1,,Joystick,0.100000,0.000000,0.000000,0.000000,-1.000000,JoyStick1LeftSlider,0.000000,0.000000,0.000000,0.000000,0.000000,0.000000,0.000000,0.000000,0.000000,0.000000,363,0,0.000000,0,0,0,1,1,TaskSwitchPedal,0.000000,1
20261007T102252334Z_a2ac4ef9bb5b432c8b5db52d721e2425,,,1,86,2026-10-07T10:22:57.8965798Z,5.549898,3.547620,367,0,0,OperatingSource,0,0,TaskSwitchDisplay,1,,Joystick,0.100000,0.000000,0.000000,0.000000,-1.000000,JoyStick1LeftSlider,0.000000,0.000000,0.000000,0.000000,0.000000,0.000000,0.000000,0.000000,0.000000,0.000000,367,1,0.000000,0,0,0,1,1,TaskSwitchPedal,0.000000,1
20261007T102252334Z_a2ac4ef9bb5b432c8b5db52d721e2425,,,1,87,2026-10-07T10:22:57.9472820Z,5.600471,3.598286,370,0,0,OperatingSource,0,0,TaskSwitchDisplay,1,,Joystick,0.100000,0.000000,0.000000,0.000000,-1.000000,JoyStick1LeftSlider,0.000000,0.000000,0.000000,0.000000,0.000000,0.000000,0.000000,0.000000,0.000000,0.000000,370,1,0.000000,0,0,0,1,1,TaskSwitchPedal,0.000000,1
20261007T102252334Z_a2ac4ef9bb5b432c8b5db52d721e2425,,,1,88,2026-10-07T10:22:58.0041863Z,5.657730,3.655232,373,0,0,OperatingSource,0,0,TaskSwitchDisplay,1,,Joystick,0.100000,0.000000,0.000000,0.000000,-1.000000,JoyStick1LeftSlider,0.000000,0.000000,0.000000,0.000000,0.000000,0.000000,0.000000,0.000000,0.000000,0.000000,372,0,0.000000,0,0,0,1,1,TaskSwitchPedal,0.000000,1
20261007T102252334Z_a2ac4ef9bb5b432c8b5db52d721e2425,,,1,89,2026-10-07T10:22:58.0587906Z,5.711767,3.709141,376,0,0,OperatingSource,0,0,TaskSwitchDisplay,1,,Joystick,0.100000,0.000000,0.000000,0.000000,-1.000000,JoyStick1LeftSlider,0.000000,0.000000,0.000000,0.000000,0.000000,0.000000,0.000000,0.000000,0.000000,0.000000,376,1,0.000000,0,0,0,1,1,TaskSwitchPedal,0.000000,1
20261007T102252334Z_a2ac4ef9bb5b432c8b5db52d721e2425,,,1,90,2026-10-07T10:22:58.1169685Z,5.769785,3.767683,380,0,0,OperatingSource,0,0,TaskSwitchDisplay,1,,Joystick,0.100000,0.000000,0.000000,0.000000,-1.000000,JoyStick1LeftSlider,0.000000,0.000000,0.000000,0.000000,0.000000,0.000000,0.000000,0.000000,0.000000,0.000000,380,1,0.000000,0,0,0,1,1,TaskSwitchPedal,0.000000,1
20261007T102252334Z_a2ac4ef9bb5b432c8b5db52d721e2425,,,1,91,2026-10-07T10:22:58.1713204Z,5.824783,3.822705,384,0,0,OperatingSource,0,0,TaskSwitchDisplay,1,,Joystick,0.100000,0.000000,0.000000,0.000000,-1.000000,JoyStick1LeftSlider,0.000000,0.000000,0.000000,0.000000,0.000000,0.000000,0.000000,0.000000,0.000000,0.000000,384,1,0.000000,0,0,0,1,1,TaskSwitchPedal,0.000000,1
20261007T102252334Z_a2ac4ef9bb5b432c8b5db52d721e2425,,,1,92,2026-10-07T10:22:58.2345704Z,5.887755,3.885564,388,0,0,OperatingSource,0,0,TaskSwitchDisplay,1,,Joystick,0.100000,0.000000,0.000000,0.000000,-1.000000,JoyStick1LeftSlider,0.000000,0.000000,0.000000,0.000000,0.000000,0.000000,0.000000,0.000000,0.000000,0.000000,388,1,0.000000,0,0,0,1,1,TaskSwitchPedal,0.000000,1
20261007T102252334Z_a2ac4ef9bb5b432c8b5db52d721e2425,,,1,93,2026-10-07T10:22:58.2987489Z,5.951500,3.949509,392,0,0,OperatingSource,0,0,TaskSwitchDisplay,1,,Joystick,0.100000,0.000000,0.000000,0.000000,-1.000000,JoyStick1LeftSlider,0.000000,0.000000,0.000000,0.000000,0.000000,0.000000,0.000000,0.000000,0.000000,0.000000,392,1,0.000000,0,0,0,1,1,TaskSwitchPedal,0.000000,1
20261007T102252334Z_a2ac4ef9bb5b432c8b5db52d721e2425,,,1,94,2026-10-07T10:22:58.3597414Z,6.012386,4.010390,396,0,0,OperatingSource,0,0,TaskSwitchDisplay,1,,Joystick,0.100000,0.000000,0.000000,0.000000,-1.000000,JoyStick1LeftSlider,0.000000,0.000000,0.000000,0.000000,0.000000,0.000000,0.000000,0.000000,0.000000,0.000000,396,1,0.000000,0,0,0,1,1,TaskSwitchPedal,0.000000,1
20261007T102252334Z_a2ac4ef9bb5b432c8b5db52d721e2425,,,1,95,2026-10-07T10:22:58.4125429Z,6.065079,4.062628,400,0,0,OperatingSource,0,0,TaskSwitchDisplay,1,,Joystick,0.100000,0.000000,0.000000,0.000000,-1.000000,JoyStick1LeftSlider,0.000000,0.000000,0.000000,0.000000,0.000000,0.000000,0.000000,0.000000,0.000000,0.000000,400,1,0.000000,0,0,0,1,1,TaskSwitchPedal,0.000000,1
20261007T102252334Z_a2ac4ef9bb5b432c8b5db52d721e2425,,,1,96,2026-10-07T10:22:58.4705679Z,6.123662,4.121660,404,0,0,OperatingSource,0,0,TaskSwitchDisplay,1,,Joystick,0.100000,0.000000,0.000000,0.000000,-1.000000,JoyStick1LeftSlider,0.000000,0.000000,0.000000,0.000000,0.000000,0.000000,0.000000,0.000000,0.000000,0.000000,404,1,0.000000,0,0,0,1,1,TaskSwitchPedal,0.000000,1
20261007T102252334Z_a2ac4ef9bb5b432c8b5db52d721e2425,,,1,97,2026-10-07T10:22:58.5262937Z,6.179122,4.176966,408,0,0,OperatingSource,0,0,TaskSwitchDisplay,1,,Joystick,0.100000,0.000000,0.000000,0.000000,-1.000000,JoyStick1LeftSlider,0.000000,0.000000,0.000000,0.000000,0.000000,0.000000,0.000000,0.000000,0.000000,0.000000,408,1,0.000000,0,0,0,1,1,TaskSwitchPedal,0.000000,1
20261007T102252334Z_a2ac4ef9bb5b432c8b5db52d721e2425,,,1,98,2026-10-07T10:22:58.5825107Z,6.235420,4.233988,412,0,0,OperatingSource,0,0,TaskSwitchDisplay,1,,Joystick,0.100000,0.000000,0.000000,0.000000,-1.000000,JoyStick1LeftSlider,0.000000,0.000000,0.000000,0.000000,0.000000,0.000000,0.000000,0.000000,0.000000,0.000000,411,0,0.000000,0,0,0,1,1,TaskSwitchPedal,0.000000,1
20261007T102252334Z_a2ac4ef9bb5b432c8b5db52d721e2425,,,1,99,2026-10-07T10:22:58.6394026Z,6.292490,4.290288,416,0,0,OperatingSource,0,0,TaskSwitchDisplay,1,,Joystick,0.100000,0.000000,0.000000,0.000000,-1.000000,JoyStick1LeftSlider,0.000000,0.000000,0.000000,0.000000,0.000000,0.000000,0.000000,0.000000,0.000000,0.000000,416,1,0.000000,0,0,0,1,1,TaskSwitchPedal,0.000000,1
20261007T102252334Z_a2ac4ef9bb5b432c8b5db52d721e2425,,,1,100,2026-10-07T10:22:58.7071542Z,6.360264,4.358088,420,0,0,OperatingSource,0,0,TaskSwitchDisplay,1,,Joystick,0.100000,0.000000,0.000000,0.000000,-1.000000,JoyStick1LeftSlider,0.000000,0.000000,0.000000,0.000000,0.000000,0.000000,0.000000,0.000000,0.000000,0.000000,420,1,0.000000,0,0,0,1,1,TaskSwitchPedal,0.000000,1
20261007T102252334Z_a2ac4ef9bb5b432c8b5db52d721e2425,,,1,101,2026-10-07T10:22:58.7690030Z,6.422955,4.420906,424,0,0,OperatingSource,0,0,TaskSwitchDisplay,1,,Joystick,0.100000,0.000000,0.000000,0.000000,-1.000000,JoyStick1LeftSlider,0.000000,0.000000,0.000000,0.000000,0.000000,0.000000,0.000000,0.000000,0.000000,0.000000,424,1,0.000000,0,0,0,1,1,TaskSwitchPedal,0.000000,1
20261007T102252334Z_a2ac4ef9bb5b432c8b5db52d721e2425,,,1,102,2026-10-07T10:22:58.8242320Z,6.477122,4.475522,428,0,0,OperatingSource,0,0,TaskSwitchDisplay,1,,Joystick,0.100000,0.000000,0.000000,0.000000,-1.000000,JoyStick1LeftSlider,0.000000,0.000000,0.000000,0.000000,0.000000,0.000000,0.000000,0.000000,0.000000,0.000000,427,0,0.000000,0,0,0,1,1,TaskSwitchPedal,0.000000,1
20261007T102252334Z_a2ac4ef9bb5b432c8b5db52d721e2425,,,1,103,2026-10-07T10:22:58.8805463Z,6.533365,4.531903,432,0,0,OperatingSource,0,0,TaskSwitchDisplay,1,,Joystick,0.100000,0.000000,0.000000,0.000000,-1.000000,JoyStick1LeftSlider,0.000000,0.000000,0.000000,0.000000,0.000000,0.000000,0.000000,0.000000,0.000000,0.000000,431,0,0.000000,0,0,0,1,1,TaskSwitchPedal,0.000000,1
20261007T102252334Z_a2ac4ef9bb5b432c8b5db52d721e2425,,,1,104,2026-10-07T10:22:58.9367613Z,6.589691,4.587741,436,0,0,OperatingSource,0,0,TaskSwitchDisplay,1,,Joystick,0.100000,0.000000,0.000000,0.000000,-1.000000,JoyStick1LeftSlider,0.000000,0.000000,0.000000,0.000000,0.000000,0.000000,0.000000,0.000000,0.000000,0.000000,436,1,0.000000,0,0,0,1,1,TaskSwitchPedal,0.000000,1
20261007T102252334Z_a2ac4ef9bb5b432c8b5db52d721e2425,,,1,105,2026-10-07T10:22:58.9888257Z,6.641516,4.639659,440,0,0,OperatingSource,0,0,TaskSwitchDisplay,1,,Joystick,0.100000,0.000000,0.000000,0.000000,-1.000000,JoyStick1LeftSlider,0.000000,0.000000,0.000000,0.000000,0.000000,0.000000,0.000000,0.000000,0.000000,0.000000,440,1,0.000000,0,0,0,1,1,TaskSwitchPedal,0.000000,1
20261007T102252334Z_a2ac4ef9bb5b432c8b5db52d721e2425,,,1,106,2026-10-07T10:22:59.0381012Z,6.691762,4.689661,442,0,0,OperatingSource,0,0,TaskSwitchDisplay,1,,Joystick,0.100000,0.000000,0.000000,0.000000,-1.000000,JoyStick1LeftSlider,0.000000,0.000000,0.000000,0.000000,0.000000,0.000000,0.000000,0.000000,0.000000,0.000000,442,1,0.000000,0,0,0,1,1,TaskSwitchPedal,0.000000,1
20261007T102252334Z_a2ac4ef9bb5b432c8b5db52d721e2425,,,1,107,2026-10-07T10:22:59.1026146Z,6.756100,4.753925,445,0,0,OperatingSource,0,0,TaskSwitchDisplay,1,,Joystick,0.100000,0.000000,0.000000,0.000000,-1.000000,JoyStick1LeftSlider,0.000000,0.000000,0.000000,0.000000,0.000000,0.000000,0.000000,0.000000,0.000000,0.000000,445,1,0.000000,0,0,0,1,1,TaskSwitchPedal,0.000000,1
20261007T102252334Z_a2ac4ef9bb5b432c8b5db52d721e2425,,,1,108,2026-10-07T10:22:59.1696122Z,6.822411,4.820032,448,0,0,OperatingSource,0,0,TaskSwitchDisplay,1,,Joystick,0.100000,0.000000,0.000000,0.000000,-1.000000,JoyStick1LeftSlider,0.000000,0.000000,0.000000,0.000000,0.000000,0.000000,0.000000,0.000000,0.000000,0.000000,448,1,0.000000,0,0,0,1,1,TaskSwitchPedal,0.000000,1
20261007T102252334Z_a2ac4ef9bb5b432c8b5db52d721e2425,,,1,109,2026-10-07T10:22:59.2305275Z,6.883120,4.880551,451,0,0,OperatingSource,0,0,TaskSwitchDisplay,1,,Joystick,0.100000,0.000000,0.000000,0.000000,-1.000000,JoyStick1LeftSlider,0.000000,0.000000,0.000000,0.000000,0.000000,0.000000,0.000000,0.000000,0.000000,0.000000,451,1,0.000000,0,0,0,1,1,TaskSwitchPedal,0.000000,1
20261007T102252334Z_a2ac4ef9bb5b432c8b5db52d721e2425,,,1,110,2026-10-07T10:22:59.2959951Z,6.948753,4.946012,455,0,0,OperatingSource,0,0,TaskSwitchDisplay,1,,Joystick,0.100000,0.000000,0.000000,0.000000,-1.000000,JoyStick1LeftSlider,0.000000,0.000000,0.000000,0.000000,0.000000,0.000000,0.000000,0.000000,0.000000,0.000000,455,1,0.000000,0,0,0,1,1,TaskSwitchPedal,0.000000,1
20261007T102252334Z_a2ac4ef9bb5b432c8b5db52d721e2425,,,1,111,2026-10-07T10:22:59.3512464Z,7.004666,5.002171,458,0,0,OperatingSource,0,0,TaskSwitchDisplay,1,,Joystick,0.100000,0.000000,0.000000,0.000000,-1.000000,JoyStick1LeftSlider,0.000000,0.000000,0.000000,0.000000,0.000000,0.000000,0.000000,0.000000,0.000000,0.000000,458,1,0.000000,0,0,0,1,1,TaskSwitchPedal,0.000000,1
20261007T102252334Z_a2ac4ef9bb5b432c8b5db52d721e2425,,,1,112,2026-10-07T10:22:59.4118426Z,7.065323,5.063122,461,0,0,OperatingSource,0,0,TaskSwitchDisplay,1,,Joystick,0.100000,0.000000,0.000000,0.000000,-1.000000,JoyStick1LeftSlider,0.000000,0.000000,0.000000,0.000000,0.000000,0.000000,0.000000,0.000000,0.000000,0.000000,461,1,0.000000,0,0,0,1,1,TaskSwitchPedal,0.000000,1
20261007T102252334Z_a2ac4ef9bb5b432c8b5db52d721e2425,,,1,113,2026-10-07T10:22:59.4629743Z,7.115636,5.113991,464,0,0,OperatingSource,0,0,TaskSwitchDisplay,1,,Joystick,0.100000,0.000000,0.000000,0.000000,-1.000000,JoyStick1LeftSlider,0.000000,0.000000,0.000000,0.000000,0.000000,0.000000,0.000000,0.000000,0.000000,0.000000,463,0,0.000000,0,0,0,1,1,TaskSwitchPedal,0.000000,1
20261007T102252334Z_a2ac4ef9bb5b432c8b5db52d721e2425,,,1,114,2026-10-07T10:22:59.5293017Z,7.182794,5.179990,468,0,0,OperatingSource,0,0,TaskSwitchDisplay,1,,Joystick,0.100000,0.000000,0.000000,0.000000,-1.000000,JoyStick1LeftSlider,0.000000,0.000000,0.000000,0.000000,0.000000,0.000000,0.000000,0.000000,0.000000,0.000000,468,1,0.000000,0,0,0,1,1,TaskSwitchPedal,0.000000,1
20261007T102252334Z_a2ac4ef9bb5b432c8b5db52d721e2425,,,1,115,2026-10-07T10:22:59.5826722Z,7.235499,5.233924,471,0,0,OperatingSource,0,0,TaskSwitchDisplay,1,,Joystick,0.100000,0.000000,0.000000,0.000000,-1.000000,JoyStick1LeftSlider,0.000000,0.000000,0.000000,0.000000,0.000000,0.000000,0.000000,0.000000,0.000000,0.000000,470,0,0.000000,0,0,0,1,1,TaskSwitchPedal,0.000000,1
20261007T102252334Z_a2ac4ef9bb5b432c8b5db52d721e2425,,,1,116,2026-10-07T10:22:59.6418126Z,7.294399,5.292735,475,0,0,OperatingSource,0,0,TaskSwitchDisplay,1,,Joystick,0.100000,0.000000,0.000000,0.000000,-1.000000,JoyStick1LeftSlider,0.000000,0.000000,0.000000,0.000000,0.000000,0.000000,0.000000,0.000000,0.000000,0.000000,474,0,0.000000,0,0,0,1,1,TaskSwitchPedal,0.000000,1
20261007T102252334Z_a2ac4ef9bb5b432c8b5db52d721e2425,,,1,117,2026-10-07T10:22:59.7041685Z,7.357519,5.355057,479,0,0,OperatingSource,0,0,TaskSwitchDisplay,1,,Joystick,0.100000,0.000000,0.000000,0.000000,-1.000000,JoyStick1LeftSlider,0.000000,0.000000,0.000000,0.000000,0.000000,0.000000,0.000000,0.000000,0.000000,0.000000,478,0,0.000000,0,0,0,1,1,TaskSwitchPedal,0.000000,1
20261007T102252334Z_a2ac4ef9bb5b432c8b5db52d721e2425,,,1,118,2026-10-07T10:22:59.7648217Z,7.417465,5.415424,483,0,0,OperatingSource,0,0,TaskSwitchDisplay,1,,Joystick,0.100000,0.000000,0.000000,0.000000,-1.000000,JoyStick1LeftSlider,0.000000,0.000000,0.000000,0.000000,0.000000,0.000000,0.000000,0.000000,0.000000,0.000000,482,0,0.000000,0,0,0,1,1,TaskSwitchPedal,0.000000,1
20261007T102252334Z_a2ac4ef9bb5b432c8b5db52d721e2425,,,1,119,2026-10-07T10:22:59.8168084Z,7.469986,5.467462,486,0,0,OperatingSource,0,0,TaskSwitchDisplay,1,,Joystick,0.100000,0.000000,0.000000,0.000000,-1.000000,JoyStick1LeftSlider,0.000000,0.000000,0.000000,0.000000,0.000000,0.000000,0.000000,0.000000,0.000000,0.000000,486,1,0.000000,0,0,0,1,1,TaskSwitchPedal,0.000000,1
20261007T102252334Z_a2ac4ef9bb5b432c8b5db52d721e2425,,,1,120,2026-10-07T10:22:59.8806543Z,7.533196,5.530758,489,0,0,OperatingSource,0,0,TaskSwitchDisplay,1,,Joystick,0.100000,0.000000,0.000000,0.000000,-1.000000,JoyStick1LeftSlider,0.000000,0.000000,0.000000,0.000000,0.000000,0.000000,0.000000,0.000000,0.000000,0.000000,489,1,0.000000,0,0,0,1,1,TaskSwitchPedal,0.000000,1
20261007T102252334Z_a2ac4ef9bb5b432c8b5db52d721e2425,,,1,121,2026-10-07T10:22:59.9425445Z,7.595812,5.594210,493,0,0,OperatingSource,0,0,TaskSwitchDisplay,1,,Joystick,0.100000,0.000000,0.000000,0.000000,-1.000000,JoyStick1LeftSlider,0.000000,0.000000,0.000000,0.000000,0.000000,0.000000,0.000000,0.000000,0.000000,0.000000,492,0,0.000000,0,0,0,1,1,TaskSwitchPedal,0.000000,1
20261007T102252334Z_a2ac4ef9bb5b432c8b5db52d721e2425,,,1,122,2026-10-07T10:23:00.0087968Z,7.661499,5.658694,497,0,0,OperatingSource,0,0,TaskSwitchDisplay,1,,Joystick,0.100000,0.000000,0.000000,0.000000,-1.000000,JoyStick1LeftSlider,0.000000,0.000000,0.000000,0.000000,0.000000,0.000000,0.000000,0.000000,0.000000,0.000000,497,1,0.000000,0,0,0,1,1,TaskSwitchPedal,0.000000,1
20261007T102252334Z_a2ac4ef9bb5b432c8b5db52d721e2425,,,1,123,2026-10-07T10:23:00.0629255Z,7.716538,5.714463,500,0,0,OperatingSource,0,0,TaskSwitchDisplay,1,,Joystick,0.100000,0.000000,0.000000,0.000000,-1.000000,JoyStick1LeftSlider,0.000000,0.000000,0.000000,0.000000,0.000000,0.000000,0.000000,0.000000,0.000000,0.000000,499,0,0.000000,0,0,0,1,1,TaskSwitchPedal,0.000000,1
20261007T102252334Z_a2ac4ef9bb5b432c8b5db52d721e2425,,,1,124,2026-10-07T10:23:00.1203942Z,7.773484,5.771235,503,0,0,OperatingSource,0,0,TaskSwitchDisplay,1,,Joystick,0.100000,0.000000,0.000000,0.000000,-1.000000,JoyStick1LeftSlider,0.000000,0.000000,0.000000,0.000000,0.000000,0.000000,0.000000,0.000000,0.000000,0.000000,503,1,0.000000,0,0,0,1,1,TaskSwitchPedal,0.000000,1
20261007T102252334Z_a2ac4ef9bb5b432c8b5db52d721e2425,,,1,125,2026-10-07T10:23:00.1771810Z,7.831171,5.828725,507,0,0,OperatingSource,0,0,TaskSwitchDisplay,1,,Joystick,0.100000,0.000000,0.000000,0.000000,-1.000000,JoyStick1LeftSlider,0.000000,0.000000,0.000000,0.000000,0.000000,0.000000,0.000000,0.000000,0.000000,0.000000,507,1,0.000000,0,0,0,1,1,TaskSwitchPedal,0.000000,1
20261007T102252334Z_a2ac4ef9bb5b432c8b5db52d721e2425,,,1,126,2026-10-07T10:23:00.2374117Z,7.890979,5.888417,511,0,0,OperatingSource,0,0,TaskSwitchDisplay,1,,Joystick,0.100000,0.000000,0.000000,0.000000,-1.000000,JoyStick1LeftSlider,0.000000,0.000000,0.000000,0.000000,0.000000,0.000000,0.000000,0.000000,0.000000,0.000000,511,1,0.000000,0,0,0,1,1,TaskSwitchPedal,0.000000,1
20261007T102252334Z_a2ac4ef9bb5b432c8b5db52d721e2425,,,1,127,2026-10-07T10:23:00.2935204Z,7.946999,5.944638,515,0,0,OperatingSource,0,0,TaskSwitchDisplay,1,,Joystick,0.100000,0.000000,0.000000,0.000000,-1.000000,JoyStick1LeftSlider,0.000000,0.000000,0.000000,0.000000,0.000000,0.000000,0.000000,0.000000,0.000000,0.000000,515,1,0.000000,0,0,0,1,1,TaskSwitchPedal,0.000000,1
20261007T102252334Z_a2ac4ef9bb5b432c8b5db52d721e2425,,,1,128,2026-10-07T10:23:00.3485998Z,8.001859,5.999608,519,0,0,OperatingSource,0,0,TaskSwitchDisplay,1,,Joystick,0.100000,0.000000,0.000000,0.000000,-1.000000,JoyStick1LeftSlider,0.000000,0.000000,0.000000,0.000000,0.000000,0.000000,0.000000,0.000000,0.000000,0.000000,519,1,0.000000,0,0,0,1,1,TaskSwitchPedal,0.000000,1
20261007T102252334Z_a2ac4ef9bb5b432c8b5db52d721e2425,,,1,129,2026-10-07T10:23:00.4084068Z,8.061285,6.058548,523,0,0,OperatingSource,0,0,TaskSwitchDisplay,1,,Joystick,0.100000,0.000000,0.000000,0.000000,-1.000000,JoyStick1LeftSlider,0.000000,0.000000,0.000000,0.000000,0.000000,0.000000,0.000000,0.000000,0.000000,0.000000,523,1,0.000000,0,0,0,1,1,TaskSwitchPedal,0.000000,1
20261007T102252334Z_a2ac4ef9bb5b432c8b5db52d721e2425,,,1,130,2026-10-07T10:23:00.4613284Z,8.113922,6.111699,526,0,0,OperatingSource,0,0,TaskSwitchDisplay,1,,Joystick,0.100000,0.000000,0.000000,0.000000,-1.000000,JoyStick1LeftSlider,0.000000,0.000000,0.000000,0.000000,0.000000,0.000000,0.000000,0.000000,0.000000,0.000000,526,1,0.000000,0,0,0,1,1,TaskSwitchPedal,0.000000,1
20261007T102252334Z_a2ac4ef9bb5b432c8b5db52d721e2425,,,1,131,2026-10-07T10:23:00.5245565Z,8.177142,6.174205,529,0,0,OperatingSource,0,0,TaskSwitchDisplay,1,,Joystick,0.100000,0.000000,0.000000,0.000000,-1.000000,JoyStick1LeftSlider,0.000000,0.000000,0.000000,0.000000,0.000000,0.000000,0.000000,0.000000,0.000000,0.000000,529,1,0.000000,0,0,0,1,1,TaskSwitchPedal,0.000000,1
20261007T102252334Z_a2ac4ef9bb5b432c8b5db52d721e2425,,,1,132,2026-10-07T10:23:00.5774594Z,8.231081,6.228649,532,0,0,OperatingSource,0,0,TaskSwitchDisplay,1,,Joystick,0.100000,0.000000,0.000000,0.000000,-1.000000,JoyStick1LeftSlider,0.000000,0.000000,0.000000,0.000000,0.000000,0.000000,0.000000,0.000000,0.000000,0.000000,532,1,0.000000,0,0,0,1,1,TaskSwitchPedal,0.000000,1
20261007T102252334Z_a2ac4ef9bb5b432c8b5db52d721e2425,,,1,133,2026-10-07T10:23:00.6331821Z,8.286815,6.284381,535,0,0,OperatingSource,0,0,TaskSwitchDisplay,1,,Joystick,0.100000,0.000000,0.000000,0.000000,-1.000000,JoyStick1LeftSlider,0.000000,0.000000,0.000000,0.000000,0.000000,0.000000,0.000000,0.000000,0.000000,0.000000,535,1,0.000000,0,0,0,1,1,TaskSwitchPedal,0.000000,1
20261007T102252334Z_a2ac4ef9bb5b432c8b5db52d721e2425,,,1,134,2026-10-07T10:23:00.6896217Z,8.342170,6.339563,538,0,0,OperatingSource,0,0,TaskSwitchDisplay,1,,Joystick,0.100000,0.000000,0.000000,0.000000,-1.000000,JoyStick1LeftSlider,0.000000,0.000000,0.000000,0.000000,0.000000,0.000000,0.000000,0.000000,0.000000,0.000000,538,1,0.000000,0,0,0,1,1,TaskSwitchPedal,0.000000,1
20261007T102252334Z_a2ac4ef9bb5b432c8b5db52d721e2425,,,1,135,2026-10-07T10:23:00.7505350Z,8.403259,6.400422,541,0,0,OperatingSource,0,0,TaskSwitchDisplay,1,,Joystick,0.100000,0.000000,0.000000,0.000000,-1.000000,JoyStick1LeftSlider,0.000000,0.000000,0.000000,0.000000,0.000000,0.000000,0.000000,0.000000,0.000000,0.000000,541,1,0.000000,0,0,0,1,1,TaskSwitchPedal,0.000000,1
20261007T102252334Z_a2ac4ef9bb5b432c8b5db52d721e2425,,,1,136,2026-10-07T10:23:00.8134312Z,8.466836,6.463590,545,0,0,OperatingSource,0,0,TaskSwitchDisplay,1,,Joystick,0.100000,0.000000,0.000000,0.000000,-1.000000,JoyStick1LeftSlider,0.000000,0.000000,0.000000,0.000000,0.000000,0.000000,0.000000,0.000000,0.000000,0.000000,545,1,0.000000,0,0,0,1,1,TaskSwitchPedal,0.000000,1
20261007T102252334Z_a2ac4ef9bb5b432c8b5db52d721e2425,,,1,137,2026-10-07T10:23:00.8770024Z,8.529937,6.527137,549,0,0,OperatingSource,0,0,TaskSwitchDisplay,1,,Joystick,0.100000,0.000000,0.000000,0.000000,-1.000000,JoyStick1LeftSlider,0.000000,0.000000,0.000000,0.000000,0.000000,0.000000,0.000000,0.000000,0.000000,0.000000,549,1,0.000000,0,0,0,1,1,TaskSwitchPedal,0.000000,1
20261007T102252334Z_a2ac4ef9bb5b432c8b5db52d721e2425,,,1,138,2026-10-07T10:23:00.9314825Z,8.584830,6.582248,552,0,0,OperatingSource,0,0,TaskSwitchDisplay,1,,Joystick,0.100000,0.000000,0.000000,0.000000,-1.000000,JoyStick1LeftSlider,0.000000,0.000000,0.000000,0.000000,0.000000,0.000000,0.000000,0.000000,0.000000,0.000000,552,1,0.000000,0,0,0,1,1,TaskSwitchPedal,0.000000,1
20261007T102252334Z_a2ac4ef9bb5b432c8b5db52d721e2425,,,1,139,2026-10-07T10:23:01.0026522Z,8.655769,6.653037,556,1,0,WaitingForPhaseBoundary,0,0,TaskSwitchDisplay,1,,Joystick,0.100000,0.000000,0.000000,0.000000,-1.000000,JoyStick1LeftSlider,0.000000,0.000000,0.000000,0.000000,0.000000,0.000000,0.000000,0.000000,0.000000,0.000000,556,1,0.000000,0,0,0,1,1,TaskSwitchPedal,0.000000,1
20261007T102252334Z_a2ac4ef9bb5b432c8b5db52d721e2425,,,1,140,2026-10-07T10:23:01.0747547Z,8.728184,6.725695,560,1,0,WaitingForPhaseBoundary,0,0,TaskSwitchDisplay,1,,Joystick,0.100000,0.000000,0.000000,0.000000,-1.000000,JoyStick1LeftSlider,0.000000,0.000000,0.000000,0.000000,0.000000,0.000000,0.000000,0.000000,0.000000,0.000000,560,1,0.000000,0,0,0,1,1,TaskSwitchPedal,0.000000,1
20261007T102252334Z_a2ac4ef9bb5b432c8b5db52d721e2425,,,1,141,2026-10-07T10:23:01.1405774Z,8.794487,6.792129,562,1,0,WaitingForPhaseBoundary,0,0,TaskSwitchDisplay,1,,Joystick,0.100000,0.000000,0.000000,0.000000,-1.000000,JoyStick1LeftSlider,0.000000,0.000000,0.000000,0.000000,0.000000,0.000000,0.000000,0.000000,0.000000,0.000000,562,1,0.000000,0,0,0,1,1,TaskSwitchPedal,0.000000,1
20261007T102252334Z_a2ac4ef9bb5b432c8b5db52d721e2425,,,1,142,2026-10-07T10:23:01.1937687Z,8.847913,6.845795,565,1,0,WaitingForPhaseBoundary,0,0,TaskSwitchDisplay,1,,Joystick,0.100000,0.000000,0.000000,0.000000,-1.000000,JoyStick1LeftSlider,0.000000,0.000000,0.000000,0.000000,0.000000,0.000000,0.000000,0.000000,0.000000,0.000000,565,1,0.000000,0,0,0,1,1,TaskSwitchPedal,0.000000,1
20261007T102252334Z_a2ac4ef9bb5b432c8b5db52d721e2425,,,1,143,2026-10-07T10:23:01.2465922Z,8.899438,6.897280,568,1,0,WaitingForPhaseBoundary,0,0,TaskSwitchDisplay,1,,Joystick,0.100000,0.000000,0.000000,0.000000,-1.000000,JoyStick1LeftSlider,0.000000,0.000000,0.000000,0.000000,0.000000,0.000000,0.000000,0.000000,0.000000,0.000000,568,1,0.000000,0,0,0,1,1,TaskSwitchPedal,0.000000,1
20261007T102252334Z_a2ac4ef9bb5b432c8b5db52d721e2425,,,1,144,2026-10-07T10:23:01.3089143Z,8.962368,6.960144,572,1,0,WaitingForPhaseBoundary,0,0,TaskSwitchDisplay,1,,Joystick,0.100000,0.000000,0.000000,0.000000,-1.000000,JoyStick1LeftSlider,0.000000,0.000000,0.000000,0.000000,0.000000,0.000000,0.000000,0.000000,0.000000,0.000000,572,1,0.000000,0,0,0,1,1,TaskSwitchPedal,0.000000,1
20261007T102252334Z_a2ac4ef9bb5b432c8b5db52d721e2425,,,1,145,2026-10-07T10:23:01.3677242Z,9.021083,7.018921,575,1,0,WaitingForPhaseBoundary,0,0,TaskSwitchDisplay,1,,Joystick,0.100000,0.000000,0.000000,0.000000,-1.000000,JoyStick1LeftSlider,0.000000,0.000000,0.000000,0.000000,0.000000,0.000000,0.000000,0.000000,0.000000,0.000000,575,1,0.000000,0,0,0,1,1,TaskSwitchPedal,0.000000,1
20261007T102252334Z_a2ac4ef9bb5b432c8b5db52d721e2425,,,1,146,2026-10-07T10:23:01.4316745Z,9.084834,7.082624,579,1,0,WaitingForPhaseBoundary,0,0,TaskSwitchDisplay,1,,Joystick,0.100000,0.000000,0.000000,0.000000,-1.000000,JoyStick1LeftSlider,0.000000,0.000000,0.000000,0.000000,0.000000,0.000000,0.000000,0.000000,0.000000,0.000000,579,1,0.000000,0,0,0,1,1,TaskSwitchPedal,0.000000,1
20261007T102252334Z_a2ac4ef9bb5b432c8b5db52d721e2425,,,1,147,2026-10-07T10:23:01.4871902Z,9.140135,7.138017,583,1,0,WaitingForPhaseBoundary,0,0,TaskSwitchDisplay,1,,Joystick,0.100000,0.000000,0.000000,0.000000,-1.000000,JoyStick1LeftSlider,0.000000,0.000000,0.000000,0.000000,0.000000,0.000000,0.000000,0.000000,0.000000,0.000000,583,1,0.000000,0,0,0,1,1,TaskSwitchPedal,0.000000,1
20261007T102252334Z_a2ac4ef9bb5b432c8b5db52d721e2425,,,1,148,2026-10-07T10:23:01.5520338Z,9.204616,7.201869,587,1,0,WaitingForPhaseBoundary,0,0,TaskSwitchDisplay,1,,Joystick,0.100000,0.000000,0.000000,0.000000,-1.000000,JoyStick1LeftSlider,0.000000,0.000000,0.000000,0.000000,0.000000,0.000000,0.000000,0.000000,0.000000,0.000000,587,1,0.000000,0,0,0,1,1,TaskSwitchPedal,0.000000,1
20261007T102252334Z_a2ac4ef9bb5b432c8b5db52d721e2425,,,1,149,2026-10-07T10:23:01.6042307Z,9.257138,7.255657,590,1,0,WaitingForPhaseBoundary,0,0,TaskSwitchDisplay,1,,Joystick,0.100000,0.000000,0.000000,0.000000,-1.000000,JoyStick1LeftSlider,0.000000,0.000000,0.000000,0.000000,0.000000,0.000000,0.000000,0.000000,0.000000,0.000000,589,0,0.000000,0,0,0,1,1,TaskSwitchPedal,0.000000,1
20261007T102252334Z_a2ac4ef9bb5b432c8b5db52d721e2425,,,1,150,2026-10-07T10:23:01.6662299Z,9.320056,7.316999,594,1,0,WaitingForPhaseBoundary,0,0,TaskSwitchDisplay,1,,Joystick,0.100000,0.000000,0.000000,0.000000,-1.000000,JoyStick1LeftSlider,0.000000,0.000000,0.000000,0.000000,0.000000,0.000000,0.000000,0.000000,0.000000,0.000000,594,1,0.000000,0,0,0,1,1,TaskSwitchPedal,0.000000,1
20261007T102252334Z_a2ac4ef9bb5b432c8b5db52d721e2425,,,1,151,2026-10-07T10:23:01.7206590Z,9.373659,7.371519,597,1,0,WaitingForPhaseBoundary,0,0,TaskSwitchDisplay,1,,Joystick,0.100000,0.000000,0.000000,0.000000,-1.000000,JoyStick1LeftSlider,0.000000,0.000000,0.000000,0.000000,0.000000,0.000000,0.000000,0.000000,0.000000,0.000000,597,1,0.000000,0,0,0,1,1,TaskSwitchPedal,0.000000,1
20261007T102252334Z_a2ac4ef9bb5b432c8b5db52d721e2425,,,1,152,2026-10-07T10:23:01.7720603Z,9.425241,7.420728,599,1,0,WaitingForPhaseBoundary,0,0,TaskSwitchDisplay,1,,Joystick,0.100000,0.000000,0.000000,0.000000,-1.000000,JoyStick1LeftSlider,0.000000,0.000000,0.000000,0.000000,0.000000,0.000000,0.000000,0.000000,0.000000,0.000000,599,1,0.000000,0,0,0,1,1,TaskSwitchPedal,0.000000,1
20261007T102252334Z_a2ac4ef9bb5b432c8b5db52d721e2425,,,1,153,2026-10-07T10:23:01.8374569Z,9.490100,7.487306,602,1,0,WaitingForPhaseBoundary,0,0,TaskSwitchDisplay,1,,Joystick,0.100000,0.000000,0.000000,0.000000,-1.000000,JoyStick1LeftSlider,0.000000,0.000000,0.000000,0.000000,0.000000,0.000000,0.000000,0.000000,0.000000,0.000000,602,1,0.000000,0,0,0,1,1,TaskSwitchPedal,0.000000,1
20261007T102252334Z_a2ac4ef9bb5b432c8b5db52d721e2425,,,1,154,2026-10-07T10:23:01.8921390Z,9.545849,7.543632,605,1,0,WaitingForPhaseBoundary,0,0,TaskSwitchDisplay,1,,Joystick,0.100000,0.000000,0.000000,0.000000,-1.000000,JoyStick1LeftSlider,0.000000,0.000000,0.000000,0.000000,0.000000,0.000000,0.000000,0.000000,0.000000,0.000000,605,1,0.000000,0,0,0,1,1,TaskSwitchPedal,0.000000,1
20261007T102252334Z_a2ac4ef9bb5b432c8b5db52d721e2425,,,1,155,2026-10-07T10:23:01.9502891Z,9.603166,7.600693,609,1,0,WaitingForPhaseBoundary,0,0,TaskSwitchDisplay,1,,Joystick,0.100000,0.000000,0.000000,0.000000,-1.000000,JoyStick1LeftSlider,0.000000,0.000000,0.000000,0.000000,0.000000,0.000000,0.000000,0.000000,0.000000,0.000000,609,1,0.000000,0,0,0,1,1,TaskSwitchPedal,0.000000,1
20261007T102252334Z_a2ac4ef9bb5b432c8b5db52d721e2425,,,1,156,2026-10-07T10:23:02.0020179Z,9.654817,7.652920,612,1,0,WaitingForPhaseBoundary,0,0,TaskSwitchDisplay,1,,Joystick,0.100000,0.000000,0.000000,0.000000,-1.000000,JoyStick1LeftSlider,0.000000,0.000000,0.000000,0.000000,0.000000,0.000000,0.000000,0.000000,0.000000,0.000000,611,0,0.000000,0,0,0,1,1,TaskSwitchPedal,0.000000,1
20261007T102252334Z_a2ac4ef9bb5b432c8b5db52d721e2425,,,1,157,2026-10-07T10:23:02.0628594Z,9.715805,7.714251,616,1,0,WaitingForPhaseBoundary,0,0,TaskSwitchDisplay,1,,Joystick,0.100000,0.000000,0.000000,0.000000,-1.000000,JoyStick1LeftSlider,0.000000,0.000000,0.000000,0.000000,0.000000,0.000000,0.000000,0.000000,0.000000,0.000000,615,0,0.000000,0,0,0,1,1,TaskSwitchPedal,0.000000,1
20261007T102252334Z_a2ac4ef9bb5b432c8b5db52d721e2425,,,1,158,2026-10-07T10:23:02.1178829Z,9.770894,7.768191,619,1,0,WaitingForPhaseBoundary,0,0,TaskSwitchDisplay,1,,Joystick,0.100000,0.000000,0.000000,0.000000,-1.000000,JoyStick1LeftSlider,0.000000,0.000000,0.000000,0.000000,0.000000,0.000000,0.000000,0.000000,0.000000,0.000000,619,1,0.000000,0,0,0,1,1,TaskSwitchPedal,0.000000,1
20261007T102252334Z_a2ac4ef9bb5b432c8b5db52d721e2425,,,1,159,2026-10-07T10:23:02.1822296Z,9.835166,7.832555,622,1,0,WaitingForPhaseBoundary,0,0,TaskSwitchDisplay,1,,Joystick,0.100000,0.000000,0.000000,0.000000,-1.000000,JoyStick1LeftSlider,0.000000,0.000000,0.000000,0.000000,0.000000,0.000000,0.000000,0.000000,0.000000,0.000000,622,1,0.000000,0,0,0,1,1,TaskSwitchPedal,0.000000,1
20261007T102252334Z_a2ac4ef9bb5b432c8b5db52d721e2425,,,1,160,2026-10-07T10:23:02.2328692Z,9.885750,7.883584,625,1,0,WaitingForPhaseBoundary,0,0,TaskSwitchDisplay,1,,Joystick,0.100000,0.000000,0.000000,0.000000,-1.000000,JoyStick1LeftSlider,0.000000,0.000000,0.000000,0.000000,0.000000,0.000000,0.000000,0.000000,0.000000,0.000000,625,1,0.000000,0,0,0,1,1,TaskSwitchPedal,0.000000,1
20261007T102252334Z_a2ac4ef9bb5b432c8b5db52d721e2425,,,1,161,2026-10-07T10:23:02.2842509Z,9.937146,7.935213,628,1,0,WaitingForPhaseBoundary,0,0,TaskSwitchDisplay,1,,Joystick,0.100000,0.000000,0.000000,0.000000,-1.000000,JoyStick1LeftSlider,0.000000,0.000000,0.000000,0.000000,0.000000,0.000000,0.000000,0.000000,0.000000,0.000000,627,0,0.000000,0,0,0,1,1,TaskSwitchPedal,0.000000,1
20261007T102252334Z_a2ac4ef9bb5b432c8b5db52d721e2425,,,1,162,2026-10-07T10:23:02.3417479Z,9.994896,7.993364,632,1,0,WaitingForPhaseBoundary,0,0,TaskSwitchDisplay,1,,Joystick,0.100000,0.000000,0.000000,0.000000,-1.000000,JoyStick1LeftSlider,0.000000,0.000000,0.000000,0.000000,0.000000,0.000000,0.000000,0.000000,0.000000,0.000000,631,0,0.000000,0,0,0,1,1,TaskSwitchPedal,0.000000,1
20261007T102252334Z_a2ac4ef9bb5b432c8b5db52d721e2425,,,1,163,2026-10-07T10:23:02.3929438Z,10.045879,8.043494,635,1,0,WaitingForPhaseBoundary,0,0,TaskSwitchDisplay,1,,Joystick,0.100000,0.000000,0.000000,0.000000,-1.000000,JoyStick1LeftSlider,0.000000,0.000000,0.000000,0.000000,0.000000,0.000000,0.000000,0.000000,0.000000,0.000000,635,1,0.000000,0,0,0,1,1,TaskSwitchPedal,0.000000,1
20261007T102252334Z_a2ac4ef9bb5b432c8b5db52d721e2425,,,1,164,2026-10-07T10:23:02.4496047Z,10.103049,8.099900,637,1,0,WaitingForPhaseBoundary,0,0,TaskSwitchDisplay,1,,Joystick,0.100000,0.000000,0.000000,0.000000,-1.000000,JoyStick1LeftSlider,0.000000,0.000000,0.000000,0.000000,0.000000,0.000000,0.000000,0.000000,0.000000,0.000000,637,1,0.000000,0,0,0,1,1,TaskSwitchPedal,0.000000,1
20261007T102252334Z_a2ac4ef9bb5b432c8b5db52d721e2425,,,1,165,2026-10-07T10:23:02.5080192Z,10.161971,8.159832,640,1,0,WaitingForPhaseBoundary,0,0,TaskSwitchDisplay,1,,Joystick,0.100000,0.000000,0.000000,0.000000,-1.000000,JoyStick1LeftSlider,0.000000,0.000000,0.000000,0.000000,0.000000,0.000000,0.000000,0.000000,0.000000,0.000000,640,1,0.000000,0,0,0,1,1,TaskSwitchPedal,0.000000,1
20261007T102252334Z_a2ac4ef9bb5b432c8b5db52d721e2425,,,1,166,2026-10-07T10:23:02.5728029Z,10.225817,8.223744,644,1,0,WaitingForPhaseBoundary,0,0,TaskSwitchDisplay,1,,Joystick,0.100000,0.000000,0.000000,0.000000,-1.000000,JoyStick1LeftSlider,0.000000,0.000000,0.000000,0.000000,0.000000,0.000000,0.000000,0.000000,0.000000,0.000000,644,1,0.000000,0,0,0,1,1,TaskSwitchPedal,0.000000,1
20261007T102252334Z_a2ac4ef9bb5b432c8b5db52d721e2425,,,1,167,2026-10-07T10:23:02.6357515Z,10.289407,8.287097,648,1,0,WaitingForPhaseBoundary,0,0,TaskSwitchDisplay,1,,Joystick,0.100000,0.000000,0.000000,0.000000,-1.000000,JoyStick1LeftSlider,0.000000,0.000000,0.000000,0.000000,0.000000,0.000000,0.000000,0.000000,0.000000,0.000000,648,1,0.000000,0,0,0,1,1,TaskSwitchPedal,0.000000,1
20261007T102252334Z_a2ac4ef9bb5b432c8b5db52d721e2425,,,1,168,2026-10-07T10:23:02.6904243Z,10.343519,8.340426,651,1,0,WaitingForPhaseBoundary,0,0,TaskSwitchDisplay,1,,Joystick,0.100000,0.000000,0.000000,0.000000,-1.000000,JoyStick1LeftSlider,0.000000,0.000000,0.000000,0.000000,0.000000,0.000000,0.000000,0.000000,0.000000,0.000000,651,1,0.000000,0,0,0,1,1,TaskSwitchPedal,0.000000,1
20261007T102252334Z_a2ac4ef9bb5b432c8b5db52d721e2425,,,1,169,2026-10-07T10:23:02.7443434Z,10.397254,8.395769,655,1,0,WaitingForPhaseBoundary,0,0,TaskSwitchDisplay,1,,Joystick,0.100000,0.000000,0.000000,0.000000,-1.000000,JoyStick1LeftSlider,0.000000,0.000000,0.000000,0.000000,0.000000,0.000000,0.000000,0.000000,0.000000,0.000000,654,0,0.000000,0,0,0,1,1,TaskSwitchPedal,0.000000,1
20261007T102252334Z_a2ac4ef9bb5b432c8b5db52d721e2425,,,1,170,2026-10-07T10:23:02.8076620Z,10.461188,8.459172,659,1,0,WaitingForPhaseBoundary,0,0,TaskSwitchDisplay,1,,Joystick,0.100000,0.000000,0.000000,0.000000,-1.000000,JoyStick1LeftSlider,0.000000,0.000000,0.000000,0.000000,0.000000,0.000000,0.000000,0.000000,0.000000,0.000000,659,1,0.000000,0,0,0,1,1,TaskSwitchPedal,0.000000,1
20261007T102252334Z_a2ac4ef9bb5b432c8b5db52d721e2425,,,1,171,2026-10-07T10:23:02.8649248Z,10.518263,8.514899,662,1,0,WaitingForPhaseBoundary,0,0,TaskSwitchDisplay,1,,Joystick,0.100000,0.000000,0.000000,0.000000,-1.000000,JoyStick1LeftSlider,0.000000,0.000000,0.000000,0.000000,0.000000,0.000000,0.000000,0.000000,0.000000,0.000000,661,0,0.000000,0,0,0,1,1,TaskSwitchPedal,0.000000,1
20261007T102252334Z_a2ac4ef9bb5b432c8b5db52d721e2425,,,1,172,2026-10-07T10:23:02.9282671Z,10.581061,8.578594,666,1,0,WaitingForPhaseBoundary,0,0,TaskSwitchDisplay,1,,Joystick,0.100000,0.000000,0.000000,0.000000,-1.000000,JoyStick1LeftSlider,0.000000,0.000000,0.000000,0.000000,0.000000,0.000000,0.000000,0.000000,0.000000,0.000000,666,1,0.000000,0,0,0,1,1,TaskSwitchPedal,0.000000,1
20261007T102252334Z_a2ac4ef9bb5b432c8b5db52d721e2425,,,1,173,2026-10-07T10:23:02.9981917Z,10.651467,8.649390,670,1,0,WaitingForPhaseBoundary,0,0,TaskSwitchDisplay,1,,Joystick,0.100000,0.000000,0.000000,0.000000,-1.000000,JoyStick1LeftSlider,0.000000,0.000000,0.000000,0.000000,0.000000,0.000000,0.000000,0.000000,0.000000,0.000000,670,1,0.000000,0,0,0,1,1,TaskSwitchPedal,0.000000,1
20261007T102252334Z_a2ac4ef9bb5b432c8b5db52d721e2425,,,1,174,2026-10-07T10:23:03.0495064Z,10.702757,8.700355,673,1,0,WaitingForPhaseBoundary,0,0,TaskSwitchDisplay,1,,Joystick,0.100000,0.000000,0.000000,0.000000,-1.000000,JoyStick1LeftSlider,0.000000,0.000000,0.000000,0.000000,0.000000,0.000000,0.000000,0.000000,0.000000,0.000000,673,1,0.000000,0,0,0,1,1,TaskSwitchPedal,0.000000,1
20261007T102252334Z_a2ac4ef9bb5b432c8b5db52d721e2425,,,1,175,2026-10-07T10:23:03.1016048Z,10.755551,8.752952,676,1,0,WaitingForPhaseBoundary,0,0,TaskSwitchDisplay,1,,Joystick,0.100000,0.000000,0.000000,0.000000,-1.000000,JoyStick1LeftSlider,0.000000,0.000000,0.000000,0.000000,0.000000,0.000000,0.000000,0.000000,0.000000,0.000000,675,0,0.000000,0,0,0,1,1,TaskSwitchPedal,0.000000,1
20261007T102252334Z_a2ac4ef9bb5b432c8b5db52d721e2425,,,1,176,2026-10-07T10:23:03.1577760Z,10.811092,8.808795,679,1,0,WaitingForPhaseBoundary,0,0,TaskSwitchDisplay,1,,Joystick,0.100000,0.000000,0.000000,0.000000,-1.000000,JoyStick1LeftSlider,0.000000,0.000000,0.000000,0.000000,0.000000,0.000000,0.000000,0.000000,0.000000,0.000000,679,1,0.000000,0,0,0,1,1,TaskSwitchPedal,0.000000,1
20261007T102252334Z_a2ac4ef9bb5b432c8b5db52d721e2425,,,1,177,2026-10-07T10:23:03.2086574Z,10.861241,8.858918,682,1,0,WaitingForPhaseBoundary,0,0,TaskSwitchDisplay,1,,Joystick,0.100000,0.000000,0.000000,0.000000,-1.000000,JoyStick1LeftSlider,0.000000,0.000000,0.000000,0.000000,0.000000,0.000000,0.000000,0.000000,0.000000,0.000000,682,1,0.000000,0,0,0,1,1,TaskSwitchPedal,0.000000,1
20261007T102252334Z_a2ac4ef9bb5b432c8b5db52d721e2425,,,1,178,2026-10-07T10:23:03.2698894Z,10.922515,8.920215,686,1,0,WaitingForPhaseBoundary,0,0,TaskSwitchDisplay,1,,Joystick,0.100000,0.000000,0.000000,0.000000,-1.000000,JoyStick1LeftSlider,0.000000,0.000000,0.000000,0.000000,0.000000,0.000000,0.000000,0.000000,0.000000,0.000000,686,1,0.000000,0,0,0,1,1,TaskSwitchPedal,0.000000,1
20261007T102252334Z_a2ac4ef9bb5b432c8b5db52d721e2425,,,1,179,2026-10-07T10:23:03.3307016Z,10.983402,8.981196,690,1,0,WaitingForPhaseBoundary,0,0,TaskSwitchDisplay,1,,Joystick,0.100000,0.000000,0.000000,0.000000,-1.000000,JoyStick1LeftSlider,0.000000,0.000000,0.000000,0.000000,0.000000,0.000000,0.000000,0.000000,0.000000,0.000000,690,1,0.000000,0,0,0,1,1,TaskSwitchPedal,0.000000,1
20261007T102252334Z_a2ac4ef9bb5b432c8b5db52d721e2425,,,1,180,2026-10-07T10:23:03.3916731Z,11.045202,9.041553,694,1,0,WaitingForPhaseBoundary,0,0,TaskSwitchDisplay,1,,Joystick,0.100000,0.000000,0.000000,0.000000,-1.000000,JoyStick1LeftSlider,0.000000,0.000000,0.000000,0.000000,0.000000,0.000000,0.000000,0.000000,0.000000,0.000000,694,1,0.000000,0,0,0,1,1,TaskSwitchPedal,0.000000,1
20261007T102252334Z_a2ac4ef9bb5b432c8b5db52d721e2425,,,1,181,2026-10-07T10:23:03.4593436Z,11.112299,9.109134,698,1,0,WaitingForPhaseBoundary,0,0,TaskSwitchDisplay,1,,Joystick,0.100000,0.000000,0.000000,0.000000,-1.000000,JoyStick1LeftSlider,0.000000,0.000000,0.000000,0.000000,0.000000,0.000000,0.000000,0.000000,0.000000,0.000000,698,1,0.000000,0,0,0,1,1,TaskSwitchPedal,0.000000,1
20261007T102252334Z_a2ac4ef9bb5b432c8b5db52d721e2425,,,1,182,2026-10-07T10:23:03.5105052Z,11.163177,9.160176,700,1,0,WaitingForPhaseBoundary,0,0,TaskSwitchDisplay,1,,Joystick,0.100000,0.000000,0.000000,0.000000,-1.000000,JoyStick1LeftSlider,0.000000,0.000000,0.000000,0.000000,0.000000,0.000000,0.000000,0.000000,0.000000,0.000000,700,1,0.000000,0,0,0,1,1,TaskSwitchPedal,0.000000,1
20261007T102252334Z_a2ac4ef9bb5b432c8b5db52d721e2425,,,1,183,2026-10-07T10:23:03.5676688Z,11.221020,9.218490,703,1,0,WaitingForPhaseBoundary,0,0,TaskSwitchDisplay,1,,Joystick,0.100000,0.000000,0.000000,0.000000,-1.000000,JoyStick1LeftSlider,0.000000,0.000000,0.000000,0.000000,0.000000,0.000000,0.000000,0.000000,0.000000,0.000000,703,1,0.000000,0,0,0,1,1,TaskSwitchPedal,0.000000,1
20261007T102252334Z_a2ac4ef9bb5b432c8b5db52d721e2425,,,1,184,2026-10-07T10:23:03.6339143Z,11.286847,9.284839,707,1,0,WaitingForPhaseBoundary,0,0,TaskSwitchDisplay,1,,Joystick,0.100000,0.000000,0.000000,0.000000,-1.000000,JoyStick1LeftSlider,0.000000,0.000000,0.000000,0.000000,0.000000,0.000000,0.000000,0.000000,0.000000,0.000000,707,1,0.000000,0,0,0,1,1,TaskSwitchPedal,0.000000,1
20261007T102252334Z_a2ac4ef9bb5b432c8b5db52d721e2425,,,1,185,2026-10-07T10:23:03.6944492Z,11.347805,9.345799,711,1,0,WaitingForPhaseBoundary,0,0,TaskSwitchDisplay,1,,Joystick,0.100000,0.000000,0.000000,0.000000,-1.000000,JoyStick1LeftSlider,0.000000,0.000000,0.000000,0.000000,0.000000,0.000000,0.000000,0.000000,0.000000,0.000000,711,1,0.000000,0,0,0,1,1,TaskSwitchPedal,0.000000,1
20261007T102252334Z_a2ac4ef9bb5b432c8b5db52d721e2425,,,1,186,2026-10-07T10:23:03.7557623Z,11.408727,9.406437,715,1,0,WaitingForPhaseBoundary,0,0,TaskSwitchDisplay,1,,Joystick,0.100000,0.000000,0.000000,0.000000,-1.000000,JoyStick1LeftSlider,0.000000,0.000000,0.000000,0.000000,0.000000,0.000000,0.000000,0.000000,0.000000,0.000000,715,1,0.000000,0,0,0,1,1,TaskSwitchPedal,0.000000,1
20261007T102252334Z_a2ac4ef9bb5b432c8b5db52d721e2425,,,1,187,2026-10-07T10:23:03.8091907Z,11.462440,9.460192,718,1,0,WaitingForPhaseBoundary,0,0,TaskSwitchDisplay,1,,Joystick,0.100000,0.000000,0.000000,0.000000,-1.000000,JoyStick1LeftSlider,0.000000,0.000000,0.000000,0.000000,0.000000,0.000000,0.000000,0.000000,0.000000,0.000000,718,1,0.000000,0,0,0,1,1,TaskSwitchPedal,0.000000,1
20261007T102252334Z_a2ac4ef9bb5b432c8b5db52d721e2425,,,1,188,2026-10-07T10:23:03.8676515Z,11.520415,9.517799,721,1,0,WaitingForPhaseBoundary,0,0,TaskSwitchDisplay,1,,Joystick,0.100000,0.000000,0.000000,0.000000,-1.000000,JoyStick1LeftSlider,0.000000,0.000000,0.000000,0.000000,0.000000,0.000000,0.000000,0.000000,0.000000,0.000000,721,1,0.000000,0,0,0,1,1,TaskSwitchPedal,0.000000,1
20261007T102252334Z_a2ac4ef9bb5b432c8b5db52d721e2425,,,1,189,2026-10-07T10:23:03.9190303Z,11.571654,9.568783,724,1,0,WaitingForPhaseBoundary,0,0,TaskSwitchDisplay,1,,Joystick,0.100000,0.000000,0.000000,0.000000,-1.000000,JoyStick1LeftSlider,0.000000,0.000000,0.000000,0.000000,0.000000,0.000000,0.000000,0.000000,0.000000,0.000000,724,1,0.000000,0,0,0,1,1,TaskSwitchPedal,0.000000,1
20261007T102252334Z_a2ac4ef9bb5b432c8b5db52d721e2425,,,1,190,2026-10-07T10:23:03.9688036Z,11.621937,9.619667,727,1,0,WaitingForPhaseBoundary,0,0,TaskSwitchDisplay,1,,Joystick,0.100000,0.000000,0.000000,0.000000,-1.000000,JoyStick1LeftSlider,0.000000,0.000000,0.000000,0.000000,0.000000,0.000000,0.000000,0.000000,0.000000,0.000000,727,1,0.000000,0,0,0,1,1,TaskSwitchPedal,0.000000,1
20261007T102252334Z_a2ac4ef9bb5b432c8b5db52d721e2425,,,1,191,2026-10-07T10:23:04.0402100Z,11.692952,9.690660,731,1,0,WaitingForPhaseBoundary,0,0,TaskSwitchDisplay,1,,Joystick,0.100000,0.000000,0.000000,0.000000,-1.000000,JoyStick1LeftSlider,0.000000,0.000000,0.000000,0.000000,0.000000,0.000000,0.000000,0.000000,0.000000,0.000000,731,1,0.000000,0,0,0,1,1,TaskSwitchPedal,0.000000,1
20261007T102252334Z_a2ac4ef9bb5b432c8b5db52d721e2425,,,1,192,2026-10-07T10:23:04.0991147Z,11.752130,9.749888,735,1,0,WaitingForPhaseBoundary,0,0,TaskSwitchDisplay,1,,Joystick,0.100000,0.000000,0.000000,0.000000,-1.000000,JoyStick1LeftSlider,0.000000,0.000000,0.000000,0.000000,0.000000,0.000000,0.000000,0.000000,0.000000,0.000000,735,1,0.000000,0,0,0,1,1,TaskSwitchPedal,0.000000,1
20261007T102252334Z_a2ac4ef9bb5b432c8b5db52d721e2425,,,1,193,2026-10-07T10:23:04.1671708Z,11.820573,9.817993,739,1,0,WaitingForPhaseBoundary,0,0,TaskSwitchDisplay,1,,Joystick,0.100000,0.000000,0.000000,0.000000,-1.000000,JoyStick1LeftSlider,0.000000,0.000000,0.000000,0.000000,0.000000,0.000000,0.000000,0.000000,0.000000,0.000000,739,1,0.000000,0,0,0,1,1,TaskSwitchPedal,0.000000,1
20261007T102252334Z_a2ac4ef9bb5b432c8b5db52d721e2425,,,1,194,2026-10-07T10:23:04.2343902Z,11.887076,9.884121,743,1,0,WaitingForPhaseBoundary,0,0,TaskSwitchDisplay,1,,Joystick,0.100000,0.000000,0.000000,0.000000,-1.000000,JoyStick1LeftSlider,0.000000,0.000000,0.000000,0.000000,0.000000,0.000000,0.000000,0.000000,0.000000,0.000000,743,1,0.000000,0,0,0,1,1,TaskSwitchPedal,0.000000,1
20261007T102252334Z_a2ac4ef9bb5b432c8b5db52d721e2425,,,1,195,2026-10-07T10:23:04.2903022Z,11.943069,9.940545,746,1,0,WaitingForPhaseBoundary,0,0,TaskSwitchDisplay,1,,Joystick,0.100000,0.000000,0.000000,0.000000,-1.000000,JoyStick1LeftSlider,0.000000,0.000000,0.000000,0.000000,0.000000,0.000000,0.000000,0.000000,0.000000,0.000000,746,1,0.000000,0,0,0,1,1,TaskSwitchPedal,0.000000,1
20261007T102252334Z_a2ac4ef9bb5b432c8b5db52d721e2425,,,1,196,2026-10-07T10:23:04.3514526Z,12.005407,10.002746,750,1,0,WaitingForPhaseBoundary,0,0,TaskSwitchDisplay,1,,Joystick,0.100000,0.000000,0.000000,0.000000,-1.000000,JoyStick1LeftSlider,0.000000,0.000000,0.000000,0.000000,0.000000,0.000000,0.000000,0.000000,0.000000,0.000000,750,1,0.000000,0,0,0,1,1,TaskSwitchPedal,0.000000,1
20261007T102252334Z_a2ac4ef9bb5b432c8b5db52d721e2425,,,1,197,2026-10-07T10:23:04.4137629Z,12.067027,10.064469,754,1,0,WaitingForPhaseBoundary,0,0,TaskSwitchDisplay,1,,Joystick,0.100000,0.000000,0.000000,0.000000,-1.000000,JoyStick1LeftSlider,0.000000,0.000000,0.000000,0.000000,0.000000,0.000000,0.000000,0.000000,0.000000,0.000000,754,1,0.000000,0,0,0,1,1,TaskSwitchPedal,0.000000,1
20261007T102252334Z_a2ac4ef9bb5b432c8b5db52d721e2425,,,1,198,2026-10-07T10:23:04.4806425Z,12.133553,10.131341,758,1,0,WaitingForPhaseBoundary,0,0,TaskSwitchDisplay,1,,Joystick,0.100000,0.000000,0.000000,0.000000,-1.000000,JoyStick1LeftSlider,0.000000,0.000000,0.000000,0.000000,0.000000,0.000000,0.000000,0.000000,0.000000,0.000000,758,1,0.000000,0,0,0,1,1,TaskSwitchPedal,0.000000,1
20261007T102252334Z_a2ac4ef9bb5b432c8b5db52d721e2425,,,1,199,2026-10-07T10:23:04.5378208Z,12.191357,10.189001,762,1,0,WaitingForPhaseBoundary,0,0,TaskSwitchDisplay,1,,Joystick,0.100000,0.000000,0.000000,0.000000,-1.000000,JoyStick1LeftSlider,0.000000,0.000000,0.000000,0.000000,0.000000,0.000000,0.000000,0.000000,0.000000,0.000000,762,1,0.000000,0,0,0,1,1,TaskSwitchPedal,0.000000,1
20261007T102252334Z_a2ac4ef9bb5b432c8b5db52d721e2425,,,1,200,2026-10-07T10:23:04.5937712Z,12.247428,10.244958,765,1,0,WaitingForPhaseBoundary,0,0,TaskSwitchDisplay,1,,Joystick,0.100000,0.000000,0.000000,0.000000,-1.000000,JoyStick1LeftSlider,0.000000,0.000000,0.000000,0.000000,0.000000,0.000000,0.000000,0.000000,0.000000,0.000000,765,1,0.000000,0,0,0,1,1,TaskSwitchPedal,0.000000,1
20261007T102252334Z_a2ac4ef9bb5b432c8b5db52d721e2425,,,1,201,2026-10-07T10:23:04.6460585Z,12.299579,10.297355,768,1,0,WaitingForPhaseBoundary,0,0,TaskSwitchDisplay,1,,Joystick,0.100000,0.000000,0.000000,0.000000,-1.000000,JoyStick1LeftSlider,0.000000,0.000000,0.000000,0.000000,0.000000,0.000000,0.000000,0.000000,0.000000,0.000000,768,1,0.000000,0,0,0,1,1,TaskSwitchPedal,0.000000,1
20261007T102252334Z_a2ac4ef9bb5b432c8b5db52d721e2425,,,1,202,2026-10-07T10:23:04.7018134Z,12.355642,10.352804,771,1,0,WaitingForPhaseBoundary,0,0,TaskSwitchDisplay,1,,Joystick,0.100000,0.000000,0.000000,0.000000,-1.000000,JoyStick1LeftSlider,0.000000,0.000000,0.000000,0.000000,0.000000,0.000000,0.000000,0.000000,0.000000,0.000000,771,1,0.000000,0,0,0,1,1,TaskSwitchPedal,0.000000,1
20261007T102252334Z_a2ac4ef9bb5b432c8b5db52d721e2425,,,1,203,2026-10-07T10:23:04.7686785Z,12.422029,10.419006,775,1,0,WaitingForPhaseBoundary,0,0,TaskSwitchDisplay,1,,Joystick,0.100000,0.000000,0.000000,0.000000,-1.000000,JoyStick1LeftSlider,0.000000,0.000000,0.000000,0.000000,0.000000,0.000000,0.000000,0.000000,0.000000,0.000000,775,1,0.000000,0,0,0,1,1,TaskSwitchPedal,0.000000,1
20261007T102252334Z_a2ac4ef9bb5b432c8b5db52d721e2425,,,1,204,2026-10-07T10:23:04.8340284Z,12.486887,10.484237,779,1,0,WaitingForPhaseBoundary,0,0,TaskSwitchDisplay,1,,Joystick,0.100000,0.000000,0.000000,0.000000,-1.000000,JoyStick1LeftSlider,0.000000,0.000000,0.000000,0.000000,0.000000,0.000000,0.000000,0.000000,0.000000,0.000000,779,1,0.000000,0,0,0,1,1,TaskSwitchPedal,0.000000,1
20261007T102252334Z_a2ac4ef9bb5b432c8b5db52d721e2425,,,1,205,2026-10-07T10:23:04.8913767Z,12.544191,10.541667,782,1,0,WaitingForPhaseBoundary,0,0,TaskSwitchDisplay,1,,Joystick,0.100000,0.000000,0.000000,0.000000,-1.000000,JoyStick1LeftSlider,0.000000,0.000000,0.000000,0.000000,0.000000,0.000000,0.000000,0.000000,0.000000,0.000000,782,1,0.000000,0,0,0,1,1,TaskSwitchPedal,0.000000,1
20261007T102252334Z_a2ac4ef9bb5b432c8b5db52d721e2425,,,1,206,2026-10-07T10:23:04.9482008Z,12.601253,10.599019,786,1,0,WaitingForPhaseBoundary,0,0,TaskSwitchDisplay,1,,Joystick,0.100000,0.000000,0.000000,0.000000,-1.000000,JoyStick1LeftSlider,0.000000,0.000000,0.000000,0.000000,0.000000,0.000000,0.000000,0.000000,0.000000,0.000000,786,1,0.000000,0,0,0,1,1,TaskSwitchPedal,0.000000,1
20261007T102252334Z_a2ac4ef9bb5b432c8b5db52d721e2425,,,1,207,2026-10-07T10:23:05.0095525Z,12.663001,10.660574,790,1,0,WaitingForPhaseBoundary,0,0,TaskSwitchDisplay,1,,Joystick,0.100000,0.000000,0.000000,0.000000,-1.000000,JoyStick1LeftSlider,0.000000,0.000000,0.000000,0.000000,0.000000,0.000000,0.000000,0.000000,0.000000,0.000000,790,1,0.000000,0,0,0,1,1,TaskSwitchPedal,0.000000,1
20261007T102252334Z_a2ac4ef9bb5b432c8b5db52d721e2425,,,1,208,2026-10-07T10:23:05.0661357Z,12.719630,10.716313,793,1,0,WaitingForPhaseBoundary,0,0,TaskSwitchDisplay,1,,Joystick,0.100000,0.000000,0.000000,0.000000,-1.000000,JoyStick1LeftSlider,0.000000,0.000000,0.000000,0.000000,0.000000,0.000000,0.000000,0.000000,0.000000,0.000000,793,1,0.000000,0,0,0,1,1,TaskSwitchPedal,0.000000,1
20261007T102252334Z_a2ac4ef9bb5b432c8b5db52d721e2425,,,1,209,2026-10-07T10:23:05.1364435Z,12.789798,10.787463,796,1,0,WaitingForPhaseBoundary,0,0,TaskSwitchDisplay,1,,Joystick,0.100000,0.000000,0.000000,0.000000,-1.000000,JoyStick1LeftSlider,0.000000,0.000000,0.000000,0.000000,0.000000,0.000000,0.000000,0.000000,0.000000,0.000000,796,1,0.000000,0,0,0,1,1,TaskSwitchPedal,0.000000,1
20261007T102252334Z_a2ac4ef9bb5b432c8b5db52d721e2425,,,1,210,2026-10-07T10:23:05.2013418Z,12.854394,10.851949,799,1,0,WaitingForPhaseBoundary,0,0,TaskSwitchDisplay,1,,Joystick,0.100000,0.000000,0.000000,0.000000,-1.000000,JoyStick1LeftSlider,0.000000,0.000000,0.000000,0.000000,0.000000,0.000000,0.000000,0.000000,0.000000,0.000000,799,1,0.000000,0,0,0,1,1,TaskSwitchPedal,0.000000,1
20261007T102252334Z_a2ac4ef9bb5b432c8b5db52d721e2425,,,1,211,2026-10-07T10:23:05.2631934Z,12.917264,10.915794,803,1,0,WaitingForPhaseBoundary,0,0,TaskSwitchDisplay,1,,Joystick,0.100000,0.000000,0.000000,0.000000,-1.000000,JoyStick1LeftSlider,0.000000,0.000000,0.000000,0.000000,0.000000,0.000000,0.000000,0.000000,0.000000,0.000000,802,0,0.000000,0,0,0,1,1,TaskSwitchPedal,0.000000,1
20261007T102252334Z_a2ac4ef9bb5b432c8b5db52d721e2425,,,1,212,2026-10-07T10:23:05.3163557Z,12.969233,10.966483,806,1,0,WaitingForPhaseBoundary,0,0,TaskSwitchDisplay,1,,Joystick,0.100000,0.000000,0.000000,0.000000,-1.000000,JoyStick1LeftSlider,0.000000,0.000000,0.000000,0.000000,0.000000,0.000000,0.000000,0.000000,0.000000,0.000000,806,1,0.000000,0,0,0,1,1,TaskSwitchPedal,0.000000,1
20261007T102252334Z_a2ac4ef9bb5b432c8b5db52d721e2425,,,1,213,2026-10-07T10:23:05.3744800Z,13.027307,11.024900,810,1,0,WaitingForPhaseBoundary,0,0,TaskSwitchDisplay,1,,Joystick,0.100000,0.000000,0.000000,0.000000,-1.000000,JoyStick1LeftSlider,0.000000,0.000000,0.000000,0.000000,0.000000,0.000000,0.000000,0.000000,0.000000,0.000000,810,1,0.000000,0,0,0,1,1,TaskSwitchPedal,0.000000,1
20261007T102252334Z_a2ac4ef9bb5b432c8b5db52d721e2425,,,1,214,2026-10-07T10:23:05.4394976Z,13.093083,11.090104,814,1,0,WaitingForPhaseBoundary,0,0,TaskSwitchDisplay,1,,Joystick,0.100000,0.000000,0.000000,0.000000,-1.000000,JoyStick1LeftSlider,0.000000,0.000000,0.000000,0.000000,0.000000,0.000000,0.000000,0.000000,0.000000,0.000000,814,1,0.000000,0,0,0,1,1,TaskSwitchPedal,0.000000,1
20261007T102252334Z_a2ac4ef9bb5b432c8b5db52d721e2425,,,1,215,2026-10-07T10:23:05.4947955Z,13.147532,11.145258,817,1,0,WaitingForPhaseBoundary,0,0,TaskSwitchDisplay,1,,Joystick,0.100000,0.000000,0.000000,0.000000,-1.000000,JoyStick1LeftSlider,0.000000,0.000000,0.000000,0.000000,0.000000,0.000000,0.000000,0.000000,0.000000,0.000000,817,1,0.000000,0,0,0,1,1,TaskSwitchPedal,0.000000,1
20261007T102252334Z_a2ac4ef9bb5b432c8b5db52d721e2425,,,1,216,2026-10-07T10:23:05.5505827Z,13.203928,11.201639,820,1,0,WaitingForPhaseBoundary,0,0,TaskSwitchDisplay,1,,Joystick,0.100000,0.000000,0.000000,0.000000,-1.000000,JoyStick1LeftSlider,0.000000,0.000000,0.000000,0.000000,0.000000,0.000000,0.000000,0.000000,0.000000,0.000000,820,1,0.000000,0,0,0,1,1,TaskSwitchPedal,0.000000,1
20261007T102252334Z_a2ac4ef9bb5b432c8b5db52d721e2425,,,1,217,2026-10-07T10:23:05.6094806Z,13.262362,11.260458,824,1,0,WaitingForPhaseBoundary,0,0,TaskSwitchDisplay,1,,Joystick,0.100000,0.000000,0.000000,0.000000,-1.000000,JoyStick1LeftSlider,0.000000,0.000000,0.000000,0.000000,0.000000,0.000000,0.000000,0.000000,0.000000,0.000000,824,1,0.000000,0,0,0,1,1,TaskSwitchPedal,0.000000,1
20261007T102252334Z_a2ac4ef9bb5b432c8b5db52d721e2425,,,1,218,2026-10-07T10:23:05.6667069Z,13.320270,11.318173,828,1,0,WaitingForPhaseBoundary,0,0,TaskSwitchDisplay,1,,Joystick,0.100000,0.000000,0.000000,0.000000,-1.000000,JoyStick1LeftSlider,0.000000,0.000000,0.000000,0.000000,0.000000,0.000000,0.000000,0.000000,0.000000,0.000000,828,1,0.000000,0,0,0,1,1,TaskSwitchPedal,0.000000,1
20261007T102252334Z_a2ac4ef9bb5b432c8b5db52d721e2425,,,1,219,2026-10-07T10:23:05.7280887Z,13.381077,11.378953,832,1,0,WaitingForPhaseBoundary,0,0,TaskSwitchDisplay,1,,Joystick,0.100000,0.000000,0.000000,0.000000,-1.000000,JoyStick1LeftSlider,0.000000,0.000000,0.000000,0.000000,0.000000,0.000000,0.000000,0.000000,0.000000,0.000000,832,1,0.000000,0,0,0,1,1,TaskSwitchPedal,0.000000,1
20261007T102252334Z_a2ac4ef9bb5b432c8b5db52d721e2425,,,1,220,2026-10-07T10:23:05.7879255Z,13.441505,11.438703,835,1,0,WaitingForPhaseBoundary,0,0,TaskSwitchDisplay,1,,Joystick,0.100000,0.000000,0.000000,0.000000,-1.000000,JoyStick1LeftSlider,0.000000,0.000000,0.000000,0.000000,0.000000,0.000000,0.000000,0.000000,0.000000,0.000000,835,1,0.000000,0,0,0,1,1,TaskSwitchPedal,0.000000,1
20261007T102252334Z_a2ac4ef9bb5b432c8b5db52d721e2425,,,1,221,2026-10-07T10:23:05.8449399Z,13.497974,11.496505,839,1,0,WaitingForPhaseBoundary,0,0,TaskSwitchDisplay,1,,Joystick,0.100000,0.000000,0.000000,0.000000,-1.000000,JoyStick1LeftSlider,0.000000,0.000000,0.000000,0.000000,0.000000,0.000000,0.000000,0.000000,0.000000,0.000000,838,0,0.000000,0,0,0,1,1,TaskSwitchPedal,0.000000,1
20261007T102252334Z_a2ac4ef9bb5b432c8b5db52d721e2425,,,1,222,2026-10-07T10:23:05.9101823Z,13.563050,11.560549,843,1,0,WaitingForPhaseBoundary,0,0,TaskSwitchDisplay,1,,Joystick,0.100000,0.000000,0.000000,0.000000,-1.000000,JoyStick1LeftSlider,0.000000,0.000000,0.000000,0.000000,0.000000,0.000000,0.000000,0.000000,0.000000,0.000000,843,1,0.000000,0,0,0,1,1,TaskSwitchPedal,0.000000,1
20261007T102252334Z_a2ac4ef9bb5b432c8b5db52d721e2425,,,1,223,2026-10-07T10:23:05.9682439Z,13.621099,11.618167,845,1,0,WaitingForPhaseBoundary,0,0,TaskSwitchDisplay,1,,Joystick,0.100000,0.000000,0.000000,0.000000,-1.000000,JoyStick1LeftSlider,0.000000,0.000000,0.000000,0.000000,0.000000,0.000000,0.000000,0.000000,0.000000,0.000000,845,1,0.000000,0,0,0,1,1,TaskSwitchPedal,0.000000,1
20261007T102252334Z_a2ac4ef9bb5b432c8b5db52d721e2425,,,1,224,2026-10-07T10:23:06.0320830Z,13.686064,11.683081,848,1,0,WaitingForPhaseBoundary,0,0,TaskSwitchDisplay,1,,Joystick,0.100000,0.000000,0.000000,0.000000,-1.000000,JoyStick1LeftSlider,0.000000,0.000000,0.000000,0.000000,0.000000,0.000000,0.000000,0.000000,0.000000,0.000000,848,1,0.000000,0,0,0,1,1,TaskSwitchPedal,0.000000,1
20261007T102252334Z_a2ac4ef9bb5b432c8b5db52d721e2425,,,1,225,2026-10-07T10:23:06.0852259Z,13.737909,11.736345,851,1,0,WaitingForPhaseBoundary,0,0,TaskSwitchDisplay,1,,Joystick,0.100000,0.000000,0.000000,0.000000,-1.000000,JoyStick1LeftSlider,0.000000,0.000000,0.000000,0.000000,0.000000,0.000000,0.000000,0.000000,0.000000,0.000000,850,0,0.000000,0,0,0,1,1,TaskSwitchPedal,0.000000,1
20261007T102252334Z_a2ac4ef9bb5b432c8b5db52d721e2425,,,1,226,2026-10-07T10:23:06.1366115Z,13.790055,11.787678,854,1,0,WaitingForPhaseBoundary,0,0,TaskSwitchDisplay,1,,Joystick,0.100000,0.000000,0.000000,0.000000,-1.000000,JoyStick1LeftSlider,0.000000,0.000000,0.000000,0.000000,0.000000,0.000000,0.000000,0.000000,0.000000,0.000000,854,1,0.000000,0,0,0,1,1,TaskSwitchPedal,0.000000,1
20261007T102252334Z_a2ac4ef9bb5b432c8b5db52d721e2425,,,1,227,2026-10-07T10:23:06.1905510Z,13.843466,11.841047,857,1,0,WaitingForPhaseBoundary,0,0,TaskSwitchDisplay,1,,Joystick,0.100000,0.000000,0.000000,0.000000,-1.000000,JoyStick1LeftSlider,0.000000,0.000000,0.000000,0.000000,0.000000,0.000000,0.000000,0.000000,0.000000,0.000000,857,1,0.000000,0,0,0,1,1,TaskSwitchPedal,0.000000,1
20261007T102252334Z_a2ac4ef9bb5b432c8b5db52d721e2425,,,1,228,2026-10-07T10:23:06.2407655Z,13.893602,11.890794,860,1,0,WaitingForPhaseBoundary,0,0,TaskSwitchDisplay,1,,Joystick,0.100000,0.000000,0.000000,0.000000,-1.000000,JoyStick1LeftSlider,0.000000,0.000000,0.000000,0.000000,0.000000,0.000000,0.000000,0.000000,0.000000,0.000000,860,1,0.000000,0,0,0,1,1,TaskSwitchPedal,0.000000,1
20261007T102252334Z_a2ac4ef9bb5b432c8b5db52d721e2425,,,1,229,2026-10-07T10:23:06.2920068Z,13.944835,11.942368,863,1,0,WaitingForPhaseBoundary,0,0,TaskSwitchDisplay,1,,Joystick,0.100000,0.000000,0.000000,0.000000,-1.000000,JoyStick1LeftSlider,0.000000,0.000000,0.000000,0.000000,0.000000,0.000000,0.000000,0.000000,0.000000,0.000000,863,1,0.000000,0,0,0,1,1,TaskSwitchPedal,0.000000,1
20261007T102252334Z_a2ac4ef9bb5b432c8b5db52d721e2425,,,1,230,2026-10-07T10:23:06.3531181Z,14.005770,12.003554,867,1,0,WaitingForPhaseBoundary,0,0,TaskSwitchDisplay,1,,Joystick,0.100000,0.000000,0.000000,0.000000,-1.000000,JoyStick1LeftSlider,0.000000,0.000000,0.000000,0.000000,0.000000,0.000000,0.000000,0.000000,0.000000,0.000000,867,1,0.000000,0,0,0,1,1,TaskSwitchPedal,0.000000,1
20261007T102252334Z_a2ac4ef9bb5b432c8b5db52d721e2425,,,1,231,2026-10-07T10:23:06.4032799Z,14.056667,12.054954,871,1,0,WaitingForPhaseBoundary,0,0,TaskSwitchDisplay,1,,Joystick,0.100000,0.000000,0.000000,0.000000,-1.000000,JoyStick1LeftSlider,0.000000,0.000000,0.000000,0.000000,0.000000,0.000000,0.000000,0.000000,0.000000,0.000000,870,0,0.000000,0,0,0,1,1,TaskSwitchPedal,0.000000,1
20261007T102252334Z_a2ac4ef9bb5b432c8b5db52d721e2425,,,1,232,2026-10-07T10:23:06.4534322Z,14.107127,12.104663,875,1,0,WaitingForPhaseBoundary,0,0,TaskSwitchDisplay,1,,Joystick,0.100000,0.000000,0.000000,0.000000,-1.000000,JoyStick1LeftSlider,0.000000,0.000000,0.000000,0.000000,0.000000,0.000000,0.000000,0.000000,0.000000,0.000000,875,1,0.000000,0,0,0,1,1,TaskSwitchPedal,0.000000,1
20261007T102252334Z_a2ac4ef9bb5b432c8b5db52d721e2425,,,1,233,2026-10-07T10:23:06.5136402Z,14.166811,12.164323,879,1,0,WaitingForPhaseBoundary,0,0,TaskSwitchDisplay,1,,Joystick,0.100000,0.000000,0.000000,0.000000,-1.000000,JoyStick1LeftSlider,0.000000,0.000000,0.000000,0.000000,0.000000,0.000000,0.000000,0.000000,0.000000,0.000000,879,1,0.000000,0,0,0,1,1,TaskSwitchPedal,0.000000,1
20261007T102252334Z_a2ac4ef9bb5b432c8b5db52d721e2425,,,1,234,2026-10-07T10:23:06.5688079Z,14.221987,12.219370,882,1,0,WaitingForPhaseBoundary,0,0,TaskSwitchDisplay,1,,Joystick,0.100000,0.000000,0.000000,0.000000,-1.000000,JoyStick1LeftSlider,0.000000,0.000000,0.000000,0.000000,0.000000,0.000000,0.000000,0.000000,0.000000,0.000000,882,1,0.000000,0,0,0,1,1,TaskSwitchPedal,0.000000,1
20261007T102252334Z_a2ac4ef9bb5b432c8b5db52d721e2425,,,1,235,2026-10-07T10:23:06.6253605Z,14.278052,12.276420,886,1,0,WaitingForPhaseBoundary,0,0,TaskSwitchDisplay,1,,Joystick,0.100000,0.000000,0.000000,0.000000,-1.000000,JoyStick1LeftSlider,0.000000,0.000000,0.000000,0.000000,0.000000,0.000000,0.000000,0.000000,0.000000,0.000000,885,0,0.000000,0,0,0,1,1,TaskSwitchPedal,0.000000,1
20261007T102252334Z_a2ac4ef9bb5b432c8b5db52d721e2425,,,1,236,2026-10-07T10:23:06.6796110Z,14.333153,12.331671,890,1,0,WaitingForPhaseBoundary,0,0,TaskSwitchDisplay,1,,Joystick,0.100000,0.000000,0.000000,0.000000,-1.000000,JoyStick1LeftSlider,0.000000,0.000000,0.000000,0.000000,0.000000,0.000000,0.000000,0.000000,0.000000,0.000000,889,0,0.000000,0,0,0,1,1,TaskSwitchPedal,0.000000,1
20261007T102252334Z_a2ac4ef9bb5b432c8b5db52d721e2425,,,1,237,2026-10-07T10:23:06.7337016Z,14.386984,12.384947,894,1,0,WaitingForPhaseBoundary,0,0,TaskSwitchDisplay,1,,Joystick,0.100000,0.000000,0.000000,0.000000,-1.000000,JoyStick1LeftSlider,0.000000,0.000000,0.000000,0.000000,0.000000,0.000000,0.000000,0.000000,0.000000,0.000000,894,1,0.000000,0,0,0,1,1,TaskSwitchPedal,0.000000,1
20261007T102252334Z_a2ac4ef9bb5b432c8b5db52d721e2425,,,1,238,2026-10-07T10:23:06.7934781Z,14.446342,12.444309,898,1,0,WaitingForPhaseBoundary,0,0,TaskSwitchDisplay,1,,Joystick,0.100000,0.000000,0.000000,0.000000,-1.000000,JoyStick1LeftSlider,0.000000,0.000000,0.000000,0.000000,0.000000,0.000000,0.000000,0.000000,0.000000,0.000000,898,1,0.000000,0,0,0,1,1,TaskSwitchPedal,0.000000,1
20261007T102252334Z_a2ac4ef9bb5b432c8b5db52d721e2425,,,1,239,2026-10-07T10:23:06.8509061Z,14.503546,12.501554,902,1,0,WaitingForPhaseBoundary,0,0,TaskSwitchDisplay,1,,Joystick,0.100000,0.000000,0.000000,0.000000,-1.000000,JoyStick1LeftSlider,0.000000,0.000000,0.000000,0.000000,0.000000,0.000000,0.000000,0.000000,0.000000,0.000000,902,1,0.000000,0,0,0,1,1,TaskSwitchPedal,0.000000,1
20261007T102252334Z_a2ac4ef9bb5b432c8b5db52d721e2425,,,1,240,2026-10-07T10:23:06.9192876Z,14.572503,12.570530,906,1,0,WaitingForPhaseBoundary,0,0,TaskSwitchDisplay,1,,Joystick,0.100000,0.000000,0.000000,0.000000,-1.000000,JoyStick1LeftSlider,0.000000,0.000000,0.000000,0.000000,0.000000,0.000000,0.000000,0.000000,0.000000,0.000000,906,1,0.000000,0,0,0,1,1,TaskSwitchPedal,0.000000,1
20261007T102252334Z_a2ac4ef9bb5b432c8b5db52d721e2425,,,1,241,2026-10-07T10:23:06.9889685Z,14.641890,12.638997,909,1,0,WaitingForPhaseBoundary,0,0,TaskSwitchDisplay,1,,Joystick,0.100000,0.000000,0.000000,0.000000,-1.000000,JoyStick1LeftSlider,0.000000,0.000000,0.000000,0.000000,0.000000,0.000000,0.000000,0.000000,0.000000,0.000000,909,1,0.000000,0,0,0,1,1,TaskSwitchPedal,0.000000,1
20261007T102252334Z_a2ac4ef9bb5b432c8b5db52d721e2425,,,1,242,2026-10-07T10:23:07.0519219Z,14.705613,12.703765,913,1,0,WaitingForPhaseBoundary,0,0,TaskSwitchDisplay,1,,Joystick,0.100000,0.000000,0.000000,0.000000,-1.000000,JoyStick1LeftSlider,0.000000,0.000000,0.000000,0.000000,0.000000,0.000000,0.000000,0.000000,0.000000,0.000000,913,1,0.000000,0,0,0,1,1,TaskSwitchPedal,0.000000,1
20261007T102252334Z_a2ac4ef9bb5b432c8b5db52d721e2425,,,1,243,2026-10-07T10:23:07.1074073Z,14.761140,12.758925,917,1,0,WaitingForPhaseBoundary,0,0,TaskSwitchDisplay,1,,Joystick,0.100000,0.000000,0.000000,0.000000,-1.000000,JoyStick1LeftSlider,0.000000,0.000000,0.000000,0.000000,0.000000,0.000000,0.000000,0.000000,0.000000,0.000000,917,1,0.000000,0,0,0,1,1,TaskSwitchPedal,0.000000,1
20261007T102252334Z_a2ac4ef9bb5b432c8b5db52d721e2425,,,1,244,2026-10-07T10:23:07.1671622Z,14.820581,12.818662,921,1,0,WaitingForPhaseBoundary,0,0,TaskSwitchDisplay,1,,Joystick,0.100000,0.000000,0.000000,0.000000,-1.000000,JoyStick1LeftSlider,0.000000,0.000000,0.000000,0.000000,0.000000,0.000000,0.000000,0.000000,0.000000,0.000000,921,1,0.000000,0,0,0,1,1,TaskSwitchPedal,0.000000,1
20261007T102252334Z_a2ac4ef9bb5b432c8b5db52d721e2425,,,1,245,2026-10-07T10:23:07.2315373Z,14.884447,12.882413,925,1,0,WaitingForPhaseBoundary,0,0,TaskSwitchDisplay,1,,Joystick,0.100000,0.000000,0.000000,0.000000,-1.000000,JoyStick1LeftSlider,0.000000,0.000000,0.000000,0.000000,0.000000,0.000000,0.000000,0.000000,0.000000,0.000000,925,1,0.000000,0,0,0,1,1,TaskSwitchPedal,0.000000,1
20261007T102252334Z_a2ac4ef9bb5b432c8b5db52d721e2425,,,1,246,2026-10-07T10:23:07.2921115Z,14.945385,12.943085,929,1,0,WaitingForPhaseBoundary,0,0,TaskSwitchDisplay,1,,Joystick,0.100000,0.000000,0.000000,0.000000,-1.000000,JoyStick1LeftSlider,0.000000,0.000000,0.000000,0.000000,0.000000,0.000000,0.000000,0.000000,0.000000,0.000000,929,1,0.000000,0,0,0,1,1,TaskSwitchPedal,0.000000,1
20261007T102252334Z_a2ac4ef9bb5b432c8b5db52d721e2425,,,1,247,2026-10-07T10:23:07.3576898Z,15.011045,13.008382,933,1,0,WaitingForPhaseBoundary,0,0,TaskSwitchDisplay,1,,Joystick,0.100000,0.000000,0.000000,0.000000,-1.000000,JoyStick1LeftSlider,0.000000,0.000000,0.000000,0.000000,0.000000,0.000000,0.000000,0.000000,0.000000,0.000000,933,1,0.000000,0,0,0,1,1,TaskSwitchPedal,0.000000,1
20261007T102252334Z_a2ac4ef9bb5b432c8b5db52d721e2425,,,1,248,2026-10-07T10:23:07.4190609Z,15.072101,13.068563,936,1,0,WaitingForPhaseBoundary,0,0,TaskSwitchDisplay,1,,Joystick,0.100000,0.000000,0.000000,0.000000,-1.000000,JoyStick1LeftSlider,0.000000,0.000000,0.000000,0.000000,0.000000,0.000000,0.000000,0.000000,0.000000,0.000000,936,1,0.000000,0,0,0,1,1,TaskSwitchPedal,0.000000,1
20261007T102252334Z_a2ac4ef9bb5b432c8b5db52d721e2425,,,1,249,2026-10-07T10:23:07.4703675Z,15.124862,13.122113,939,1,0,WaitingForPhaseBoundary,0,0,TaskSwitchDisplay,1,,Joystick,0.100000,0.000000,0.000000,0.000000,-1.000000,JoyStick1LeftSlider,0.000000,0.000000,0.000000,0.000000,0.000000,0.000000,0.000000,0.000000,0.000000,0.000000,939,1,0.000000,0,0,0,1,1,TaskSwitchPedal,0.000000,1
20261007T102252334Z_a2ac4ef9bb5b432c8b5db52d721e2425,,,1,250,2026-10-07T10:23:07.5282464Z,15.180938,13.178165,942,1,0,WaitingForPhaseBoundary,0,0,TaskSwitchDisplay,1,,Joystick,0.100000,0.000000,0.000000,0.000000,-1.000000,JoyStick1LeftSlider,0.000000,0.000000,0.000000,0.000000,0.000000,0.000000,0.000000,0.000000,0.000000,0.000000,942,1,0.000000,0,0,0,1,1,TaskSwitchPedal,0.000000,1
20261007T102252334Z_a2ac4ef9bb5b432c8b5db52d721e2425,,,1,251,2026-10-07T10:23:07.5886737Z,15.241910,13.238627,945,1,0,WaitingForPhaseBoundary,0,0,TaskSwitchDisplay,1,,Joystick,0.100000,0.000000,0.000000,0.000000,-1.000000,JoyStick1LeftSlider,0.000000,0.000000,0.000000,0.000000,0.000000,0.000000,0.000000,0.000000,0.000000,0.000000,945,1,0.000000,0,0,0,1,1,TaskSwitchPedal,0.000000,1
20261007T102252334Z_a2ac4ef9bb5b432c8b5db52d721e2425,,,1,252,2026-10-07T10:23:07.6488117Z,15.302953,13.300217,948,1,0,WaitingForPhaseBoundary,0,0,TaskSwitchDisplay,1,,Joystick,0.100000,0.000000,0.000000,0.000000,-1.000000,JoyStick1LeftSlider,0.000000,0.000000,0.000000,0.000000,0.000000,0.000000,0.000000,0.000000,0.000000,0.000000,948,1,0.000000,0,0,0,1,1,TaskSwitchPedal,0.000000,1
20261007T102252334Z_a2ac4ef9bb5b432c8b5db52d721e2425,,,1,253,2026-10-07T10:23:07.7047818Z,15.358151,13.356606,951,1,0,WaitingForPhaseBoundary,0,0,TaskSwitchDisplay,1,,Joystick,0.100000,0.000000,0.000000,0.000000,-1.000000,JoyStick1LeftSlider,0.000000,0.000000,0.000000,0.000000,0.000000,0.000000,0.000000,0.000000,0.000000,0.000000,950,0,0.000000,0,0,0,1,1,TaskSwitchPedal,0.000000,1
20261007T102252334Z_a2ac4ef9bb5b432c8b5db52d721e2425,,,1,254,2026-10-07T10:23:07.7679137Z,15.421064,13.418527,955,1,0,WaitingForPhaseBoundary,0,0,TaskSwitchDisplay,1,,Joystick,0.100000,0.000000,0.000000,0.000000,-1.000000,JoyStick1LeftSlider,0.000000,0.000000,0.000000,0.000000,0.000000,0.000000,0.000000,0.000000,0.000000,0.000000,955,1,0.000000,0,0,0,1,1,TaskSwitchPedal,0.000000,1
20261007T102252334Z_a2ac4ef9bb5b432c8b5db52d721e2425,,,1,255,2026-10-07T10:23:07.8248804Z,15.478165,13.476026,958,1,0,WaitingForPhaseBoundary,0,0,TaskSwitchDisplay,1,,Joystick,0.100000,0.000000,0.000000,0.000000,-1.000000,JoyStick1LeftSlider,0.000000,0.000000,0.000000,0.000000,0.000000,0.000000,0.000000,0.000000,0.000000,0.000000,958,1,0.000000,0,0,0,1,1,TaskSwitchPedal,0.000000,1
20261007T102252334Z_a2ac4ef9bb5b432c8b5db52d721e2425,,,1,256,2026-10-07T10:23:07.8962300Z,15.549559,13.546579,961,1,0,WaitingForPhaseBoundary,0,0,TaskSwitchDisplay,1,,Joystick,0.100000,0.000000,0.000000,0.000000,-1.000000,JoyStick1LeftSlider,0.000000,0.000000,0.000000,0.000000,0.000000,0.000000,0.000000,0.000000,0.000000,0.000000,961,1,0.000000,0,0,0,1,1,TaskSwitchPedal,0.000000,1
20261007T102252334Z_a2ac4ef9bb5b432c8b5db52d721e2425,,,1,257,2026-10-07T10:23:07.9486401Z,15.601872,13.599779,964,1,0,WaitingForPhaseBoundary,0,0,TaskSwitchDisplay,1,,Joystick,0.100000,0.000000,0.000000,0.000000,-1.000000,JoyStick1LeftSlider,0.000000,0.000000,0.000000,0.000000,0.000000,0.000000,0.000000,0.000000,0.000000,0.000000,964,1,0.000000,0,0,0,1,1,TaskSwitchPedal,0.000000,1
20261007T102252334Z_a2ac4ef9bb5b432c8b5db52d721e2425,,,1,258,2026-10-07T10:23:08.0053482Z,15.658439,13.655001,967,1,0,WaitingForPhaseBoundary,0,0,TaskSwitchDisplay,1,,Joystick,0.100000,0.000000,0.000000,0.000000,-1.000000,JoyStick1LeftSlider,0.000000,0.000000,0.000000,0.000000,0.000000,0.000000,0.000000,0.000000,0.000000,0.000000,967,1,0.000000,0,0,0,1,1,TaskSwitchPedal,0.000000,1
20261007T102252334Z_a2ac4ef9bb5b432c8b5db52d721e2425,,,1,259,2026-10-07T10:23:08.0614676Z,15.715345,13.713131,970,1,0,WaitingForPhaseBoundary,0,0,TaskSwitchDisplay,1,,Joystick,0.100000,0.000000,0.000000,0.000000,-1.000000,JoyStick1LeftSlider,0.000000,0.000000,0.000000,0.000000,0.000000,0.000000,0.000000,0.000000,0.000000,0.000000,970,1,0.000000,0,0,0,1,1,TaskSwitchPedal,0.000000,1
20261007T102252334Z_a2ac4ef9bb5b432c8b5db52d721e2425,,,1,260,2026-10-07T10:23:08.1129711Z,15.766027,13.763184,973,1,0,WaitingForPhaseBoundary,0,0,TaskSwitchDisplay,1,,Joystick,0.100000,0.000000,0.000000,0.000000,-1.000000,JoyStick1LeftSlider,0.000000,0.000000,0.000000,0.000000,0.000000,0.000000,0.000000,0.000000,0.000000,0.000000,973,1,0.000000,0,0,0,1,1,TaskSwitchPedal,0.000000,1
20261007T102252334Z_a2ac4ef9bb5b432c8b5db52d721e2425,,,1,261,2026-10-07T10:23:08.1725699Z,15.826241,13.823994,977,1,0,WaitingForPhaseBoundary,0,0,TaskSwitchDisplay,1,,Joystick,0.100000,0.000000,0.000000,0.000000,-1.000000,JoyStick1LeftSlider,0.000000,0.000000,0.000000,0.000000,0.000000,0.000000,0.000000,0.000000,0.000000,0.000000,977,1,0.000000,0,0,0,1,1,TaskSwitchPedal,0.000000,1
20261007T102252334Z_a2ac4ef9bb5b432c8b5db52d721e2425,,,1,262,2026-10-07T10:23:08.2354799Z,15.888353,13.886009,980,1,0,WaitingForPhaseBoundary,0,0,TaskSwitchDisplay,1,,Joystick,0.100000,0.000000,0.000000,0.000000,-1.000000,JoyStick1LeftSlider,0.000000,0.000000,0.000000,0.000000,0.000000,0.000000,0.000000,0.000000,0.000000,0.000000,980,1,0.000000,0,0,0,1,1,TaskSwitchPedal,0.000000,1
20261007T102252334Z_a2ac4ef9bb5b432c8b5db52d721e2425,,,1,263,2026-10-07T10:23:08.2903386Z,15.944054,13.940668,983,1,0,WaitingForPhaseBoundary,0,0,TaskSwitchDisplay,1,,Joystick,0.100000,0.000000,0.000000,0.000000,-1.000000,JoyStick1LeftSlider,0.000000,0.000000,0.000000,0.000000,0.000000,0.000000,0.000000,0.000000,0.000000,0.000000,983,1,0.000000,0,0,0,1,1,TaskSwitchPedal,0.000000,1
20261007T102252334Z_a2ac4ef9bb5b432c8b5db52d721e2425,,,1,264,2026-10-07T10:23:08.3495273Z,16.003127,14.000337,987,1,0,WaitingForPhaseBoundary,0,0,TaskSwitchDisplay,1,,Joystick,0.100000,0.000000,0.000000,0.000000,-1.000000,JoyStick1LeftSlider,0.000000,0.000000,0.000000,0.000000,0.000000,0.000000,0.000000,0.000000,0.000000,0.000000,987,1,0.000000,0,0,0,1,1,TaskSwitchPedal,0.000000,1
20261007T102252334Z_a2ac4ef9bb5b432c8b5db52d721e2425,,,1,265,2026-10-07T10:23:08.4142581Z,16.067245,14.064763,991,1,0,WaitingForPhaseBoundary,0,0,TaskSwitchDisplay,1,,Joystick,0.100000,0.000000,0.000000,0.000000,-1.000000,JoyStick1LeftSlider,0.000000,0.000000,0.000000,0.000000,0.000000,0.000000,0.000000,0.000000,0.000000,0.000000,991,1,0.000000,0,0,0,1,1,TaskSwitchPedal,0.000000,1
20261007T102252334Z_a2ac4ef9bb5b432c8b5db52d721e2425,,,1,266,2026-10-07T10:23:08.4693210Z,16.122622,14.120087,995,1,0,WaitingForPhaseBoundary,0,0,TaskSwitchDisplay,1,,Joystick,0.100000,0.000000,0.000000,0.000000,-1.000000,JoyStick1LeftSlider,0.000000,0.000000,0.000000,0.000000,0.000000,0.000000,0.000000,0.000000,0.000000,0.000000,995,1,0.000000,0,0,0,1,1,TaskSwitchPedal,0.000000,1
20261007T102252334Z_a2ac4ef9bb5b432c8b5db52d721e2425,,,1,267,2026-10-07T10:23:08.5279178Z,16.181380,14.179028,999,1,0,WaitingForPhaseBoundary,0,0,TaskSwitchDisplay,1,,Joystick,0.100000,0.000000,0.000000,0.000000,-1.000000,JoyStick1LeftSlider,0.000000,0.000000,0.000000,0.000000,0.000000,0.000000,0.000000,0.000000,0.000000,0.000000,999,1,0.000000,0,0,0,1,1,TaskSwitchPedal,0.000000,1
20261007T102252334Z_a2ac4ef9bb5b432c8b5db52d721e2425,,,1,268,2026-10-07T10:23:08.5861816Z,16.239504,14.237260,1003,1,0,WaitingForPhaseBoundary,0,0,TaskSwitchDisplay,1,,Joystick,0.100000,0.000000,0.000000,0.000000,-1.000000,JoyStick1LeftSlider,0.000000,0.000000,0.000000,0.000000,0.000000,0.000000,0.000000,0.000000,0.000000,0.000000,1003,1,0.000000,0,0,0,1,1,TaskSwitchPedal,0.000000,1
20261007T102252334Z_a2ac4ef9bb5b432c8b5db52d721e2425,,,1,269,2026-10-07T10:23:08.6370829Z,16.290574,14.288358,1006,1,0,WaitingForPhaseBoundary,0,0,TaskSwitchDisplay,1,,Joystick,0.100000,0.000000,0.000000,0.000000,-1.000000,JoyStick1LeftSlider,0.000000,0.000000,0.000000,0.000000,0.000000,0.000000,0.000000,0.000000,0.000000,0.000000,1006,1,0.000000,0,0,0,1,1,TaskSwitchPedal,0.000000,1
20261007T102252334Z_a2ac4ef9bb5b432c8b5db52d721e2425,,,1,270,2026-10-07T10:23:08.6947231Z,16.347596,14.345241,1009,1,0,WaitingForPhaseBoundary,0,0,TaskSwitchDisplay,1,,Joystick,0.100000,0.000000,0.000000,0.000000,-1.000000,JoyStick1LeftSlider,0.000000,0.000000,0.000000,0.000000,0.000000,0.000000,0.000000,0.000000,0.000000,0.000000,1009,1,0.000000,0,0,0,1,1,TaskSwitchPedal,0.000000,1
20261007T102252334Z_a2ac4ef9bb5b432c8b5db52d721e2425,,,1,271,2026-10-07T10:23:08.7488793Z,16.402322,14.399826,1012,1,0,WaitingForPhaseBoundary,0,0,TaskSwitchDisplay,1,,Joystick,0.100000,0.000000,0.000000,0.000000,-1.000000,JoyStick1LeftSlider,0.000000,0.000000,0.000000,0.000000,0.000000,0.000000,0.000000,0.000000,0.000000,0.000000,1012,1,0.000000,0,0,0,1,1,TaskSwitchPedal,0.000000,1
20261007T102252334Z_a2ac4ef9bb5b432c8b5db52d721e2425,,,1,272,2026-10-07T10:23:08.8159165Z,16.469671,14.467009,1016,1,0,WaitingForPhaseBoundary,0,0,TaskSwitchDisplay,1,,Joystick,0.100000,0.000000,0.000000,0.000000,-1.000000,JoyStick1LeftSlider,0.000000,0.000000,0.000000,0.000000,0.000000,0.000000,0.000000,0.000000,0.000000,0.000000,1016,1,0.000000,0,0,0,1,1,TaskSwitchPedal,0.000000,1
20261007T102252334Z_a2ac4ef9bb5b432c8b5db52d721e2425,,,1,273,2026-10-07T10:23:08.8684032Z,16.521502,14.519146,1019,1,0,WaitingForPhaseBoundary,0,0,TaskSwitchDisplay,1,,Joystick,0.100000,0.000000,0.000000,0.000000,-1.000000,JoyStick1LeftSlider,0.000000,0.000000,0.000000,0.000000,0.000000,0.000000,0.000000,0.000000,0.000000,0.000000,1019,1,0.000000,0,0,0,1,1,TaskSwitchPedal,0.000000,1
20261007T102252334Z_a2ac4ef9bb5b432c8b5db52d721e2425,,,1,274,2026-10-07T10:23:08.9346890Z,16.587617,14.585452,1023,1,0,WaitingForPhaseBoundary,0,0,TaskSwitchDisplay,1,,Joystick,0.100000,0.000000,0.000000,0.000000,-1.000000,JoyStick1LeftSlider,0.000000,0.000000,0.000000,0.000000,0.000000,0.000000,0.000000,0.000000,0.000000,0.000000,1023,1,0.000000,0,0,0,1,1,TaskSwitchPedal,0.000000,1
20261007T102252334Z_a2ac4ef9bb5b432c8b5db52d721e2425,,,1,275,2026-10-07T10:23:08.9978589Z,16.651001,14.648875,1027,1,0,WaitingForPhaseBoundary,0,0,TaskSwitchDisplay,1,,Joystick,0.100000,0.000000,0.000000,0.000000,-1.000000,JoyStick1LeftSlider,0.000000,0.000000,0.000000,0.000000,0.000000,0.000000,0.000000,0.000000,0.000000,0.000000,1027,1,0.000000,0,0,0,1,1,TaskSwitchPedal,0.000000,1
20261007T102252334Z_a2ac4ef9bb5b432c8b5db52d721e2425,,,1,276,2026-10-07T10:23:09.0543491Z,16.707595,14.705347,1030,1,0,WaitingForPhaseBoundary,0,0,TaskSwitchDisplay,1,,Joystick,0.100000,0.000000,0.000000,0.000000,-1.000000,JoyStick1LeftSlider,0.000000,0.000000,0.000000,0.000000,0.000000,0.000000,0.000000,0.000000,0.000000,0.000000,1030,1,0.000000,0,0,0,1,1,TaskSwitchPedal,0.000000,1
20261007T102252334Z_a2ac4ef9bb5b432c8b5db52d721e2425,,,1,277,2026-10-07T10:23:09.1281463Z,16.781293,14.778145,1033,1,0,WaitingForPhaseBoundary,0,0,TaskSwitchDisplay,1,,Joystick,0.100000,0.000000,0.000000,0.000000,-1.000000,JoyStick1LeftSlider,0.000000,0.000000,0.000000,0.000000,0.000000,0.000000,0.000000,0.000000,0.000000,0.000000,1033,1,0.000000,0,0,0,1,1,TaskSwitchPedal,0.000000,1
20261007T102252334Z_a2ac4ef9bb5b432c8b5db52d721e2425,,,1,278,2026-10-07T10:23:09.1902499Z,16.843060,14.840895,1037,1,0,WaitingForPhaseBoundary,0,0,TaskSwitchDisplay,1,,Joystick,0.100000,0.000000,0.000000,0.000000,-1.000000,JoyStick1LeftSlider,0.000000,0.000000,0.000000,0.000000,0.000000,0.000000,0.000000,0.000000,0.000000,0.000000,1037,1,0.000000,0,0,0,1,1,TaskSwitchPedal,0.000000,1
20261007T102252334Z_a2ac4ef9bb5b432c8b5db52d721e2425,,,1,279,2026-10-07T10:23:09.2552064Z,16.908679,14.906369,1041,1,0,WaitingForPhaseBoundary,0,0,TaskSwitchDisplay,1,,Joystick,0.100000,0.000000,0.000000,0.000000,-1.000000,JoyStick1LeftSlider,0.000000,0.000000,0.000000,0.000000,0.000000,0.000000,0.000000,0.000000,0.000000,0.000000,1041,1,0.000000,0,0,0,1,1,TaskSwitchPedal,0.000000,1
20261007T102252334Z_a2ac4ef9bb5b432c8b5db52d721e2425,,,1,280,2026-10-07T10:23:09.3162222Z,16.969089,14.966451,1045,1,0,WaitingForPhaseBoundary,0,0,TaskSwitchDisplay,1,,Joystick,0.100000,0.000000,0.000000,0.000000,-1.000000,JoyStick1LeftSlider,0.000000,0.000000,0.000000,0.000000,0.000000,0.000000,0.000000,0.000000,0.000000,0.000000,1045,1,0.000000,0,0,0,1,1,TaskSwitchPedal,0.000000,1
20261007T102252334Z_a2ac4ef9bb5b432c8b5db52d721e2425,,,1,281,2026-10-07T10:23:09.3731563Z,17.026770,15.024702,1049,1,0,WaitingForPhaseBoundary,0,0,TaskSwitchDisplay,1,,Joystick,0.100000,0.000000,0.000000,0.000000,-1.000000,JoyStick1LeftSlider,0.000000,0.000000,0.000000,0.000000,0.000000,0.000000,0.000000,0.000000,0.000000,0.000000,1049,1,0.000000,0,0,0,1,1,TaskSwitchPedal,0.000000,1
20261007T102252334Z_a2ac4ef9bb5b432c8b5db52d721e2425,,,1,282,2026-10-07T10:23:09.4329919Z,17.085784,15.082823,1053,1,0,WaitingForPhaseBoundary,0,0,TaskSwitchDisplay,1,,Joystick,0.100000,0.000000,0.000000,0.000000,-1.000000,JoyStick1LeftSlider,0.000000,0.000000,0.000000,0.000000,0.000000,0.000000,0.000000,0.000000,0.000000,0.000000,1053,1,0.000000,0,0,0,1,1,TaskSwitchPedal,0.000000,1
20261007T102252334Z_a2ac4ef9bb5b432c8b5db52d721e2425,,,1,283,2026-10-07T10:23:09.4869433Z,17.140261,15.137936,1057,1,0,WaitingForPhaseBoundary,0,0,TaskSwitchDisplay,1,,Joystick,0.100000,0.000000,0.000000,0.000000,-1.000000,JoyStick1LeftSlider,0.000000,0.000000,0.000000,0.000000,0.000000,0.000000,0.000000,0.000000,0.000000,0.000000,1057,1,0.000000,0,0,0,1,1,TaskSwitchPedal,0.000000,1
20261007T102252334Z_a2ac4ef9bb5b432c8b5db52d721e2425,,,1,284,2026-10-07T10:23:09.5445972Z,17.197860,15.196297,1061,1,0,WaitingForPhaseBoundary,0,0,TaskSwitchDisplay,1,,Joystick,0.100000,0.000000,0.000000,0.000000,-1.000000,JoyStick1LeftSlider,0.000000,0.000000,0.000000,0.000000,0.000000,0.000000,0.000000,0.000000,0.000000,0.000000,1060,0,0.000000,0,0,0,1,1,TaskSwitchPedal,0.000000,1
20261007T102252334Z_a2ac4ef9bb5b432c8b5db52d721e2425,,,1,285,2026-10-07T10:23:09.5989778Z,17.252977,15.250836,1065,1,0,WaitingForPhaseBoundary,0,0,TaskSwitchDisplay,1,,Joystick,0.100000,0.000000,0.000000,0.000000,-1.000000,JoyStick1LeftSlider,0.000000,0.000000,0.000000,0.000000,0.000000,0.000000,0.000000,0.000000,0.000000,0.000000,1065,1,0.000000,0,0,0,1,1,TaskSwitchPedal,0.000000,1
20261007T102252334Z_a2ac4ef9bb5b432c8b5db52d721e2425,,,1,286,2026-10-07T10:23:09.6568211Z,17.309836,15.307748,1069,1,0,WaitingForPhaseBoundary,0,0,TaskSwitchDisplay,1,,Joystick,0.100000,0.000000,0.000000,0.000000,-1.000000,JoyStick1LeftSlider,0.000000,0.000000,0.000000,0.000000,0.000000,0.000000,0.000000,0.000000,0.000000,0.000000,1069,1,0.000000,0,0,0,1,1,TaskSwitchPedal,0.000000,1
20261007T102252334Z_a2ac4ef9bb5b432c8b5db52d721e2425,,,1,287,2026-10-07T10:23:09.7189224Z,17.372653,15.370602,1073,1,0,WaitingForPhaseBoundary,0,0,TaskSwitchDisplay,1,,Joystick,0.100000,0.000000,0.000000,0.000000,-1.000000,JoyStick1LeftSlider,0.000000,0.000000,0.000000,0.000000,0.000000,0.000000,0.000000,0.000000,0.000000,0.000000,1073,1,0.000000,0,0,0,1,1,TaskSwitchPedal,0.000000,1
20261007T102252334Z_a2ac4ef9bb5b432c8b5db52d721e2425,,,1,288,2026-10-07T10:23:09.7793730Z,17.432413,15.430293,1077,1,0,WaitingForPhaseBoundary,0,0,TaskSwitchDisplay,1,,Joystick,0.100000,0.000000,0.000000,0.000000,-1.000000,JoyStick1LeftSlider,0.000000,0.000000,0.000000,0.000000,0.000000,0.000000,0.000000,0.000000,0.000000,0.000000,1077,1,0.000000,0,0,0,1,1,TaskSwitchPedal,0.000000,1
20261007T102252334Z_a2ac4ef9bb5b432c8b5db52d721e2425,,,1,289,2026-10-07T10:23:09.8381090Z,17.491209,15.488605,1081,1,0,WaitingForPhaseBoundary,0,0,TaskSwitchDisplay,1,,Joystick,0.100000,0.000000,0.000000,0.000000,-1.000000,JoyStick1LeftSlider,0.000000,0.000000,0.000000,0.000000,0.000000,0.000000,0.000000,0.000000,0.000000,0.000000,1081,1,0.000000,0,0,0,1,1,TaskSwitchPedal,0.000000,1
20261007T102252334Z_a2ac4ef9bb5b432c8b5db52d721e2425,,,1,290,2026-10-07T10:23:09.8940132Z,17.547236,15.545161,1085,1,0,WaitingForPhaseBoundary,0,0,TaskSwitchDisplay,1,,Joystick,0.100000,0.000000,0.000000,0.000000,-1.000000,JoyStick1LeftSlider,0.000000,0.000000,0.000000,0.000000,0.000000,0.000000,0.000000,0.000000,0.000000,0.000000,1085,1,0.000000,0,0,0,1,1,TaskSwitchPedal,0.000000,1
20261007T102252334Z_a2ac4ef9bb5b432c8b5db52d721e2425,,,1,291,2026-10-07T10:23:09.9571204Z,17.610166,15.607938,1089,1,0,WaitingForPhaseBoundary,0,0,TaskSwitchDisplay,1,,Joystick,0.100000,0.000000,0.000000,0.000000,-1.000000,JoyStick1LeftSlider,0.000000,0.000000,0.000000,0.000000,0.000000,0.000000,0.000000,0.000000,0.000000,0.000000,1089,1,0.000000,0,0,0,1,1,TaskSwitchPedal,0.000000,1
20261007T102252334Z_a2ac4ef9bb5b432c8b5db52d721e2425,,,1,292,2026-10-07T10:23:10.0247332Z,17.677718,15.674666,1092,1,0,WaitingForPhaseBoundary,0,0,TaskSwitchDisplay,1,,Joystick,0.100000,0.000000,0.000000,0.000000,-1.000000,JoyStick1LeftSlider,0.000000,0.000000,0.000000,0.000000,0.000000,0.000000,0.000000,0.000000,0.000000,0.000000,1092,1,0.000000,0,0,0,1,1,TaskSwitchPedal,0.000000,1
20261007T102252334Z_a2ac4ef9bb5b432c8b5db52d721e2425,,,1,293,2026-10-07T10:23:10.0855232Z,17.738482,15.735552,1095,1,0,WaitingForPhaseBoundary,0,0,TaskSwitchDisplay,1,,Joystick,0.100000,0.000000,0.000000,0.000000,-1.000000,JoyStick1LeftSlider,0.000000,0.000000,0.000000,0.000000,0.000000,0.000000,0.000000,0.000000,0.000000,0.000000,1095,1,0.000000,0,0,0,1,1,TaskSwitchPedal,0.000000,1
20261007T102252334Z_a2ac4ef9bb5b432c8b5db52d721e2425,,,1,294,2026-10-07T10:23:10.1490416Z,17.801908,15.799498,1098,1,0,WaitingForPhaseBoundary,0,0,TaskSwitchDisplay,1,,Joystick,0.100000,0.000000,0.000000,0.000000,-1.000000,JoyStick1LeftSlider,0.000000,0.000000,0.000000,0.000000,0.000000,0.000000,0.000000,0.000000,0.000000,0.000000,1098,1,0.000000,0,0,0,1,1,TaskSwitchPedal,0.000000,1
20261007T102252334Z_a2ac4ef9bb5b432c8b5db52d721e2425,,,1,295,2026-10-07T10:23:10.2140718Z,17.867035,15.864720,1102,1,0,WaitingForPhaseBoundary,0,0,TaskSwitchDisplay,1,,Joystick,0.100000,0.000000,0.000000,0.000000,-1.000000,JoyStick1LeftSlider,0.000000,0.000000,0.000000,0.000000,0.000000,0.000000,0.000000,0.000000,0.000000,0.000000,1102,1,0.000000,0,0,0,1,1,TaskSwitchPedal,0.000000,1
20261007T102252334Z_a2ac4ef9bb5b432c8b5db52d721e2425,,,1,296,2026-10-07T10:23:10.2688696Z,17.922187,15.919873,1105,1,0,WaitingForPhaseBoundary,0,0,TaskSwitchDisplay,1,,Joystick,0.100000,0.000000,0.000000,0.000000,-1.000000,JoyStick1LeftSlider,0.000000,0.000000,0.000000,0.000000,0.000000,0.000000,0.000000,0.000000,0.000000,0.000000,1105,1,0.000000,0,0,0,1,1,TaskSwitchPedal,0.000000,1
20261007T102252334Z_a2ac4ef9bb5b432c8b5db52d721e2425,,,1,297,2026-10-07T10:23:10.3202650Z,17.973736,15.970707,1108,1,0,WaitingForPhaseBoundary,0,0,TaskSwitchDisplay,1,,Joystick,0.100000,0.000000,0.000000,0.000000,-1.000000,JoyStick1LeftSlider,0.000000,0.000000,0.000000,0.000000,0.000000,0.000000,0.000000,0.000000,0.000000,0.000000,1108,1,0.000000,0,0,0,1,1,TaskSwitchPedal,0.000000,1
20261007T102252334Z_a2ac4ef9bb5b432c8b5db52d721e2425,,,1,298,2026-10-07T10:23:10.3716732Z,18.024431,16.022142,1111,1,0,WaitingForPhaseBoundary,0,0,TaskSwitchDisplay,1,,Joystick,0.100000,0.000000,0.000000,0.000000,-1.000000,JoyStick1LeftSlider,0.000000,0.000000,0.000000,0.000000,0.000000,0.000000,0.000000,0.000000,0.000000,0.000000,1111,1,0.000000,0,0,0,1,1,TaskSwitchPedal,0.000000,1
20261007T102252334Z_a2ac4ef9bb5b432c8b5db52d721e2425,,,1,299,2026-10-07T10:23:10.4306206Z,18.083721,16.081232,1115,1,0,WaitingForPhaseBoundary,0,0,TaskSwitchDisplay,1,,Joystick,0.100000,0.000000,0.000000,0.000000,-1.000000,JoyStick1LeftSlider,0.000000,0.000000,0.000000,0.000000,0.000000,0.000000,0.000000,0.000000,0.000000,0.000000,1115,1,0.000000,0,0,0,1,1,TaskSwitchPedal,0.000000,1
20261007T102252334Z_a2ac4ef9bb5b432c8b5db52d721e2425,,,1,300,2026-10-07T10:23:10.4831353Z,18.136737,16.134713,1119,1,0,WaitingForPhaseBoundary,0,0,TaskSwitchDisplay,1,,Joystick,0.100000,0.000000,0.000000,0.000000,-1.000000,JoyStick1LeftSlider,0.000000,0.000000,0.000000,0.000000,0.000000,0.000000,0.000000,0.000000,0.000000,0.000000,1118,0,0.000000,0,0,0,1,1,TaskSwitchPedal,0.000000,1
20261007T102252334Z_a2ac4ef9bb5b432c8b5db52d721e2425,,,1,301,2026-10-07T10:23:10.5470325Z,18.199745,16.197271,1123,1,0,WaitingForPhaseBoundary,0,0,TaskSwitchDisplay,1,,Joystick,0.100000,0.000000,0.000000,0.000000,-1.000000,JoyStick1LeftSlider,0.000000,0.000000,0.000000,0.000000,0.000000,0.000000,0.000000,0.000000,0.000000,0.000000,1123,1,0.000000,0,0,0,1,1,TaskSwitchPedal,0.000000,1
20261007T102252334Z_a2ac4ef9bb5b432c8b5db52d721e2425,,,1,302,2026-10-07T10:23:10.5993003Z,18.252247,16.250124,1126,1,0,WaitingForPhaseBoundary,0,0,TaskSwitchDisplay,1,,Joystick,0.100000,0.000000,0.000000,0.000000,-1.000000,JoyStick1LeftSlider,0.000000,0.000000,0.000000,0.000000,0.000000,0.000000,0.000000,0.000000,0.000000,0.000000,1126,1,0.000000,0,0,0,1,1,TaskSwitchPedal,0.000000,1
20261007T102252334Z_a2ac4ef9bb5b432c8b5db52d721e2425,,,1,303,2026-10-07T10:23:10.6542732Z,18.308183,16.305936,1129,1,0,WaitingForPhaseBoundary,0,0,TaskSwitchDisplay,1,,Joystick,0.100000,0.000000,0.000000,0.000000,-1.000000,JoyStick1LeftSlider,0.000000,0.000000,0.000000,0.000000,0.000000,0.000000,0.000000,0.000000,0.000000,0.000000,1129,1,0.000000,0,0,0,1,1,TaskSwitchPedal,0.000000,1
20261007T102252334Z_a2ac4ef9bb5b432c8b5db52d721e2425,,,1,304,2026-10-07T10:23:10.7178561Z,18.370967,16.368669,1133,1,0,WaitingForPhaseBoundary,0,0,TaskSwitchDisplay,1,,Joystick,0.100000,0.000000,0.000000,0.000000,-1.000000,JoyStick1LeftSlider,0.000000,0.000000,0.000000,0.000000,0.000000,0.000000,0.000000,0.000000,0.000000,0.000000,1133,1,0.000000,0,0,0,1,1,TaskSwitchPedal,0.000000,1
20261007T102252334Z_a2ac4ef9bb5b432c8b5db52d721e2425,,,1,305,2026-10-07T10:23:10.7805325Z,18.433944,16.432468,1137,1,0,WaitingForPhaseBoundary,0,0,TaskSwitchDisplay,1,,Joystick,0.100000,0.000000,0.000000,0.000000,-1.000000,JoyStick1LeftSlider,0.000000,0.000000,0.000000,0.000000,0.000000,0.000000,0.000000,0.000000,0.000000,0.000000,1136,0,0.000000,0,0,0,1,1,TaskSwitchPedal,0.000000,1
20261007T102252334Z_a2ac4ef9bb5b432c8b5db52d721e2425,,,1,306,2026-10-07T10:23:10.8369871Z,18.490860,16.488211,1141,1,0,WaitingForPhaseBoundary,0,0,TaskSwitchDisplay,1,,Joystick,0.100000,0.000000,0.000000,0.000000,-1.000000,JoyStick1LeftSlider,0.000000,0.000000,0.000000,0.000000,0.000000,0.000000,0.000000,0.000000,0.000000,0.000000,1141,1,0.000000,0,0,0,1,1,TaskSwitchPedal,0.000000,1
20261007T102252334Z_a2ac4ef9bb5b432c8b5db52d721e2425,,,1,307,2026-10-07T10:23:10.8895997Z,18.542922,16.540663,1144,1,0,WaitingForPhaseBoundary,0,0,TaskSwitchDisplay,1,,Joystick,0.100000,0.000000,0.000000,0.000000,-1.000000,JoyStick1LeftSlider,0.000000,0.000000,0.000000,0.000000,0.000000,0.000000,0.000000,0.000000,0.000000,0.000000,1144,1,0.000000,0,0,0,1,1,TaskSwitchPedal,0.000000,1
20261007T102252334Z_a2ac4ef9bb5b432c8b5db52d721e2425,,,1,308,2026-10-07T10:23:10.9422428Z,18.595910,16.594253,1147,1,0,WaitingForPhaseBoundary,0,0,TaskSwitchDisplay,1,,Joystick,0.100000,0.000000,0.000000,0.000000,-1.000000,JoyStick1LeftSlider,0.000000,0.000000,0.000000,0.000000,0.000000,0.000000,0.000000,0.000000,0.000000,0.000000,1146,0,0.000000,0,0,0,1,1,TaskSwitchPedal,0.000000,1
20261007T102252334Z_a2ac4ef9bb5b432c8b5db52d721e2425,,,1,309,2026-10-07T10:23:10.9990982Z,18.652761,16.650049,1150,1,0,WaitingForPhaseBoundary,0,0,TaskSwitchDisplay,1,,Joystick,0.100000,0.000000,0.000000,0.000000,-1.000000,JoyStick1LeftSlider,0.000000,0.000000,0.000000,0.000000,0.000000,0.000000,0.000000,0.000000,0.000000,0.000000,1150,1,0.000000,0,0,0,1,1,TaskSwitchPedal,0.000000,1
20261007T102252334Z_a2ac4ef9bb5b432c8b5db52d721e2425,,,1,310,2026-10-07T10:23:11.0515647Z,18.704467,16.702356,1153,1,0,WaitingForPhaseBoundary,0,0,TaskSwitchDisplay,1,,Joystick,0.100000,0.000000,0.000000,0.000000,-1.000000,JoyStick1LeftSlider,0.000000,0.000000,0.000000,0.000000,0.000000,0.000000,0.000000,0.000000,0.000000,0.000000,1153,1,0.000000,0,0,0,1,1,TaskSwitchPedal,0.000000,1
20261007T102252334Z_a2ac4ef9bb5b432c8b5db52d721e2425,,,1,311,2026-10-07T10:23:11.1204437Z,18.773574,16.771289,1157,1,0,WaitingForPhaseBoundary,0,0,TaskSwitchDisplay,1,,Joystick,0.100000,0.000000,0.000000,0.000000,-1.000000,JoyStick1LeftSlider,0.000000,0.000000,0.000000,0.000000,0.000000,0.000000,0.000000,0.000000,0.000000,0.000000,1157,1,0.000000,0,0,0,1,1,TaskSwitchPedal,0.000000,1
20261007T102252334Z_a2ac4ef9bb5b432c8b5db52d721e2425,,,1,312,2026-10-07T10:23:11.1735207Z,18.827197,16.824721,1160,1,0,WaitingForPhaseBoundary,0,0,TaskSwitchDisplay,1,,Joystick,0.100000,0.000000,0.000000,0.000000,-1.000000,JoyStick1LeftSlider,0.000000,0.000000,0.000000,0.000000,0.000000,0.000000,0.000000,0.000000,0.000000,0.000000,1160,1,0.000000,0,0,0,1,1,TaskSwitchPedal,0.000000,1
20261007T102252334Z_a2ac4ef9bb5b432c8b5db52d721e2425,,,1,313,2026-10-07T10:23:11.2361370Z,18.890151,16.888024,1164,1,0,WaitingForPhaseBoundary,0,0,TaskSwitchDisplay,1,,Joystick,0.100000,0.000000,0.000000,0.000000,-1.000000,JoyStick1LeftSlider,0.000000,0.000000,0.000000,0.000000,0.000000,0.000000,0.000000,0.000000,0.000000,0.000000,1164,1,0.000000,0,0,0,1,1,TaskSwitchPedal,0.000000,1
20261007T102252334Z_a2ac4ef9bb5b432c8b5db52d721e2425,,,1,314,2026-10-07T10:23:11.2876819Z,18.941231,16.938624,1167,1,0,WaitingForPhaseBoundary,0,0,TaskSwitchDisplay,1,,Joystick,0.100000,0.000000,0.000000,0.000000,-1.000000,JoyStick1LeftSlider,0.000000,0.000000,0.000000,0.000000,0.000000,0.000000,0.000000,0.000000,0.000000,0.000000,1167,1,0.000000,0,0,0,1,1,TaskSwitchPedal,0.000000,1
20261007T102252334Z_a2ac4ef9bb5b432c8b5db52d721e2425,,,1,315,2026-10-07T10:23:11.3517710Z,19.005332,17.003080,1171,1,0,WaitingForPhaseBoundary,0,0,TaskSwitchDisplay,1,,Joystick,0.100000,0.000000,0.000000,0.000000,-1.000000,JoyStick1LeftSlider,0.000000,0.000000,0.000000,0.000000,0.000000,0.000000,0.000000,0.000000,0.000000,0.000000,1171,1,0.000000,0,0,0,1,1,TaskSwitchPedal,0.000000,1
20261007T102252334Z_a2ac4ef9bb5b432c8b5db52d721e2425,,,1,316,2026-10-07T10:23:11.4024941Z,19.056449,17.054390,1174,1,0,WaitingForPhaseBoundary,0,0,TaskSwitchDisplay,1,,Joystick,0.100000,0.000000,0.000000,0.000000,-1.000000,JoyStick1LeftSlider,0.000000,0.000000,0.000000,0.000000,0.000000,0.000000,0.000000,0.000000,0.000000,0.000000,1173,0,0.000000,0,0,0,1,1,TaskSwitchPedal,0.000000,1
20261007T102252334Z_a2ac4ef9bb5b432c8b5db52d721e2425,,,1,317,2026-10-07T10:23:11.4577746Z,19.111119,17.108488,1177,1,0,WaitingForPhaseBoundary,0,0,TaskSwitchDisplay,1,,Joystick,0.100000,0.000000,0.000000,0.000000,-1.000000,JoyStick1LeftSlider,0.000000,0.000000,0.000000,0.000000,0.000000,0.000000,0.000000,0.000000,0.000000,0.000000,1177,1,0.000000,0,0,0,1,1,TaskSwitchPedal,0.000000,1
20261007T102252334Z_a2ac4ef9bb5b432c8b5db52d721e2425,,,1,318,2026-10-07T10:23:11.5191860Z,19.173013,17.170614,1180,1,0,WaitingForPhaseBoundary,0,0,TaskSwitchDisplay,1,,Joystick,0.100000,0.000000,0.000000,0.000000,-1.000000,JoyStick1LeftSlider,0.000000,0.000000,0.000000,0.000000,0.000000,0.000000,0.000000,0.000000,0.000000,0.000000,1180,1,0.000000,0,0,0,1,1,TaskSwitchPedal,0.000000,1
20261007T102252334Z_a2ac4ef9bb5b432c8b5db52d721e2425,,,1,319,2026-10-07T10:23:11.5826839Z,19.236359,17.233857,1183,1,0,WaitingForPhaseBoundary,0,0,TaskSwitchDisplay,1,,Joystick,0.100000,0.000000,0.000000,0.000000,-1.000000,JoyStick1LeftSlider,0.000000,0.000000,0.000000,0.000000,0.000000,0.000000,0.000000,0.000000,0.000000,0.000000,1183,1,0.000000,0,0,0,1,1,TaskSwitchPedal,0.000000,1
20261007T102252334Z_a2ac4ef9bb5b432c8b5db52d721e2425,,,1,320,2026-10-07T10:23:11.6380330Z,19.291804,17.289335,1186,1,0,WaitingForPhaseBoundary,0,0,TaskSwitchDisplay,1,,Joystick,0.100000,0.000000,0.000000,0.000000,-1.000000,JoyStick1LeftSlider,0.000000,0.000000,0.000000,0.000000,0.000000,0.000000,0.000000,0.000000,0.000000,0.000000,1186,1,0.000000,0,0,0,1,1,TaskSwitchPedal,0.000000,1
20261007T102252334Z_a2ac4ef9bb5b432c8b5db52d721e2425,,,1,321,2026-10-07T10:23:11.6911681Z,19.344520,17.341850,1189,1,0,WaitingForPhaseBoundary,0,0,TaskSwitchDisplay,1,,Joystick,0.100000,0.000000,0.000000,0.000000,-1.000000,JoyStick1LeftSlider,0.000000,0.000000,0.000000,0.000000,0.000000,0.000000,0.000000,0.000000,0.000000,0.000000,1189,1,0.000000,0,0,0,1,1,TaskSwitchPedal,0.000000,1
20261007T102252334Z_a2ac4ef9bb5b432c8b5db52d721e2425,,,1,322,2026-10-07T10:23:11.7423883Z,19.396071,17.394426,1192,1,0,WaitingForPhaseBoundary,0,0,TaskSwitchDisplay,1,,Joystick,0.100000,0.000000,0.000000,0.000000,-1.000000,JoyStick1LeftSlider,0.000000,0.000000,0.000000,0.000000,0.000000,0.000000,0.000000,0.000000,0.000000,0.000000,1191,0,0.000000,0,0,0,1,1,TaskSwitchPedal,0.000000,1
20261007T102252334Z_a2ac4ef9bb5b432c8b5db52d721e2425,,,1,323,2026-10-07T10:23:11.7952634Z,19.448987,17.445957,1195,1,0,WaitingForPhaseBoundary,0,0,TaskSwitchDisplay,1,,Joystick,0.100000,0.000000,0.000000,0.000000,-1.000000,JoyStick1LeftSlider,0.000000,0.000000,0.000000,0.000000,0.000000,0.000000,0.000000,0.000000,0.000000,0.000000,1195,1,0.000000,0,0,0,1,1,TaskSwitchPedal,0.000000,1
20261007T102252334Z_a2ac4ef9bb5b432c8b5db52d721e2425,,,1,324,2026-10-07T10:23:11.8532955Z,19.507008,17.504475,1199,1,0,WaitingForPhaseBoundary,0,0,TaskSwitchDisplay,1,,Joystick,0.100000,0.000000,0.000000,0.000000,-1.000000,JoyStick1LeftSlider,0.000000,0.000000,0.000000,0.000000,0.000000,0.000000,0.000000,0.000000,0.000000,0.000000,1199,1,0.000000,0,0,0,1,1,TaskSwitchPedal,0.000000,1
20261007T102252334Z_a2ac4ef9bb5b432c8b5db52d721e2425,,,1,325,2026-10-07T10:23:11.9119480Z,19.565122,17.562487,1203,1,0,WaitingForPhaseBoundary,0,0,TaskSwitchDisplay,1,,Joystick,0.100000,0.000000,0.000000,0.000000,-1.000000,JoyStick1LeftSlider,0.000000,0.000000,0.000000,0.000000,0.000000,0.000000,0.000000,0.000000,0.000000,0.000000,1203,1,0.000000,0,0,0,1,1,TaskSwitchPedal,0.000000,1
20261007T102252334Z_a2ac4ef9bb5b432c8b5db52d721e2425,,,1,326,2026-10-07T10:23:11.9794839Z,19.633078,17.630963,1207,1,0,WaitingForPhaseBoundary,0,0,TaskSwitchDisplay,1,,Joystick,0.100000,0.000000,0.000000,0.000000,-1.000000,JoyStick1LeftSlider,0.000000,0.000000,0.000000,0.000000,0.000000,0.000000,0.000000,0.000000,0.000000,0.000000,1207,1,0.000000,0,0,0,1,1,TaskSwitchPedal,0.000000,1
20261007T102252334Z_a2ac4ef9bb5b432c8b5db52d721e2425,,,1,327,2026-10-07T10:23:12.0426718Z,19.696324,17.694691,1211,1,0,WaitingForPhaseBoundary,0,0,TaskSwitchDisplay,1,,Joystick,0.100000,0.000000,0.000000,0.000000,-1.000000,JoyStick1LeftSlider,0.000000,0.000000,0.000000,0.000000,0.000000,0.000000,0.000000,0.000000,0.000000,0.000000,1210,0,0.000000,0,0,0,1,1,TaskSwitchPedal,0.000000,1
20261007T102252334Z_a2ac4ef9bb5b432c8b5db52d721e2425,,,1,328,2026-10-07T10:23:12.0934172Z,19.746598,17.744170,1214,1,0,WaitingForPhaseBoundary,0,0,TaskSwitchDisplay,1,,Joystick,0.100000,0.000000,0.000000,0.000000,-1.000000,JoyStick1LeftSlider,0.000000,0.000000,0.000000,0.000000,0.000000,0.000000,0.000000,0.000000,0.000000,0.000000,1214,1,0.000000,0,0,0,1,1,TaskSwitchPedal,0.000000,1
20261007T102252334Z_a2ac4ef9bb5b432c8b5db52d721e2425,,,1,329,2026-10-07T10:23:12.1574425Z,19.810181,17.807767,1218,1,0,WaitingForPhaseBoundary,0,0,TaskSwitchDisplay,1,,Joystick,0.100000,0.000000,0.000000,0.000000,-1.000000,JoyStick1LeftSlider,0.000000,0.000000,0.000000,0.000000,0.000000,0.000000,0.000000,0.000000,0.000000,0.000000,1218,1,0.000000,0,0,0,1,1,TaskSwitchPedal,0.000000,1
20261007T102252334Z_a2ac4ef9bb5b432c8b5db52d721e2425,,,1,330,2026-10-07T10:23:12.2156336Z,19.868355,17.866425,1221,1,0,WaitingForPhaseBoundary,0,0,TaskSwitchDisplay,1,,Joystick,0.100000,0.000000,0.000000,0.000000,-1.000000,JoyStick1LeftSlider,0.000000,0.000000,0.000000,0.000000,0.000000,0.000000,0.000000,0.000000,0.000000,0.000000,1221,1,0.000000,0,0,0,1,1,TaskSwitchPedal,0.000000,1
20261007T102252334Z_a2ac4ef9bb5b432c8b5db52d721e2425,,,1,331,2026-10-07T10:23:12.2779167Z,19.931571,17.929003,1224,1,0,WaitingForPhaseBoundary,0,0,TaskSwitchDisplay,1,,Joystick,0.100000,0.000000,0.000000,0.000000,-1.000000,JoyStick1LeftSlider,0.000000,0.000000,0.000000,0.000000,0.000000,0.000000,0.000000,0.000000,0.000000,0.000000,1224,1,0.000000,0,0,0,1,1,TaskSwitchPedal,0.000000,1
20261007T102252334Z_a2ac4ef9bb5b432c8b5db52d721e2425,,,1,332,2026-10-07T10:23:12.3318850Z,19.985180,17.982917,1227,1,0,WaitingForPhaseBoundary,0,0,TaskSwitchDisplay,1,,Joystick,0.100000,0.000000,0.000000,0.000000,-1.000000,JoyStick1LeftSlider,0.000000,0.000000,0.000000,0.000000,0.000000,0.000000,0.000000,0.000000,0.000000,0.000000,1227,1,0.000000,0,0,0,1,1,TaskSwitchPedal,0.000000,1
20261007T102252334Z_a2ac4ef9bb5b432c8b5db52d721e2425,,,1,333,2026-10-07T10:23:12.3827392Z,20.035480,18.033295,1230,1,0,WaitingForPhaseBoundary,0,0,TaskSwitchDisplay,1,,Joystick,0.100000,0.000000,0.000000,0.000000,-1.000000,JoyStick1LeftSlider,0.000000,0.000000,0.000000,0.000000,0.000000,0.000000,0.000000,0.000000,0.000000,0.000000,1230,1,0.000000,0,0,0,1,1,TaskSwitchPedal,0.000000,1
20261007T102252334Z_a2ac4ef9bb5b432c8b5db52d721e2425,,,1,334,2026-10-07T10:23:12.4361974Z,20.089243,18.087185,1232,1,0,WaitingForPhaseBoundary,0,0,TaskSwitchDisplay,1,,Joystick,0.100000,0.000000,0.000000,0.000000,-1.000000,JoyStick1LeftSlider,0.000000,0.000000,0.000000,0.000000,0.000000,0.000000,0.000000,0.000000,0.000000,0.000000,1232,1,0.000000,0,0,0,1,1,TaskSwitchPedal,0.000000,1
20261007T102252334Z_a2ac4ef9bb5b432c8b5db52d721e2425,,,1,335,2026-10-07T10:23:12.4981715Z,20.151455,18.149220,1236,1,0,WaitingForPhaseBoundary,0,0,TaskSwitchDisplay,1,,Joystick,0.100000,0.000000,0.000000,0.000000,-1.000000,JoyStick1LeftSlider,0.000000,0.000000,0.000000,0.000000,0.000000,0.000000,0.000000,0.000000,0.000000,0.000000,1236,1,0.000000,0,0,0,1,1,TaskSwitchPedal,0.000000,1
20261007T102252334Z_a2ac4ef9bb5b432c8b5db52d721e2425,,,1,336,2026-10-07T10:23:12.5581592Z,20.211722,18.209753,1240,1,0,WaitingForPhaseBoundary,0,0,TaskSwitchDisplay,1,,Joystick,0.100000,0.000000,0.000000,0.000000,-1.000000,JoyStick1LeftSlider,0.000000,0.000000,0.000000,0.000000,0.000000,0.000000,0.000000,0.000000,0.000000,0.000000,1240,1,0.000000,0,0,0,1,1,TaskSwitchPedal,0.000000,1
20261007T102252334Z_a2ac4ef9bb5b432c8b5db52d721e2425,,,1,337,2026-10-07T10:23:12.6180212Z,20.271990,18.269813,1244,1,0,WaitingForPhaseBoundary,0,0,TaskSwitchDisplay,1,,Joystick,0.100000,0.000000,0.000000,0.000000,-1.000000,JoyStick1LeftSlider,0.000000,0.000000,0.000000,0.000000,0.000000,0.000000,0.000000,0.000000,0.000000,0.000000,1244,1,0.000000,0,0,0,1,1,TaskSwitchPedal,0.000000,1
20261007T102252334Z_a2ac4ef9bb5b432c8b5db52d721e2425,,,1,338,2026-10-07T10:23:12.6784345Z,20.332269,18.330709,1248,1,0,WaitingForPhaseBoundary,0,0,TaskSwitchDisplay,1,,Joystick,0.100000,0.000000,0.000000,0.000000,-1.000000,JoyStick1LeftSlider,0.000000,0.000000,0.000000,0.000000,0.000000,0.000000,0.000000,0.000000,0.000000,0.000000,1247,0,0.000000,0,0,0,1,1,TaskSwitchPedal,0.000000,1
20261007T102252334Z_a2ac4ef9bb5b432c8b5db52d721e2425,,,1,339,2026-10-07T10:23:12.7352542Z,20.388046,18.386010,1252,1,0,WaitingForPhaseBoundary,0,0,TaskSwitchDisplay,1,,Joystick,0.100000,0.000000,0.000000,0.000000,-1.000000,JoyStick1LeftSlider,0.000000,0.000000,0.000000,0.000000,0.000000,0.000000,0.000000,0.000000,0.000000,0.000000,1252,1,0.000000,0,0,0,1,1,TaskSwitchPedal,0.000000,1
20261007T102252334Z_a2ac4ef9bb5b432c8b5db52d721e2425,,,1,340,2026-10-07T10:23:12.7947597Z,20.447617,18.444373,1255,1,0,WaitingForPhaseBoundary,0,0,TaskSwitchDisplay,1,,Joystick,0.100000,0.000000,0.000000,0.000000,-1.000000,JoyStick1LeftSlider,0.000000,0.000000,0.000000,0.000000,0.000000,0.000000,0.000000,0.000000,0.000000,0.000000,1255,1,0.000000,0,0,0,1,1,TaskSwitchPedal,0.000000,1
20261007T102252334Z_a2ac4ef9bb5b432c8b5db52d721e2425,,,1,341,2026-10-07T10:23:12.8538884Z,20.506831,18.503719,1258,1,0,WaitingForPhaseBoundary,0,0,TaskSwitchDisplay,1,,Joystick,0.100000,0.000000,0.000000,0.000000,-1.000000,JoyStick1LeftSlider,0.000000,0.000000,0.000000,0.000000,0.000000,0.000000,0.000000,0.000000,0.000000,0.000000,1258,1,0.000000,0,0,0,1,1,TaskSwitchPedal,0.000000,1
20261007T102252334Z_a2ac4ef9bb5b432c8b5db52d721e2425,,,1,342,2026-10-07T10:23:12.9110558Z,20.564671,18.562383,1261,1,0,WaitingForPhaseBoundary,0,0,TaskSwitchDisplay,1,,Joystick,0.100000,0.000000,0.000000,0.000000,-1.000000,JoyStick1LeftSlider,0.000000,0.000000,0.000000,0.000000,0.000000,0.000000,0.000000,0.000000,0.000000,0.000000,1261,1,0.000000,0,0,0,1,1,TaskSwitchPedal,0.000000,1
20261007T102252334Z_a2ac4ef9bb5b432c8b5db52d721e2425,,,1,343,2026-10-07T10:23:12.9672650Z,20.620246,18.617698,1264,1,0,WaitingForPhaseBoundary,0,0,TaskSwitchDisplay,1,,Joystick,0.100000,0.000000,0.000000,0.000000,-1.000000,JoyStick1LeftSlider,0.000000,0.000000,0.000000,0.000000,0.000000,0.000000,0.000000,0.000000,0.000000,0.000000,1264,1,0.000000,0,0,0,1,1,TaskSwitchPedal,0.000000,1
20261007T102252334Z_a2ac4ef9bb5b432c8b5db52d721e2425,,,1,344,2026-10-07T10:23:13.0302572Z,20.683693,18.680054,1267,1,0,WaitingForPhaseBoundary,0,0,TaskSwitchDisplay,1,,Joystick,0.100000,0.000000,0.000000,0.000000,-1.000000,JoyStick1LeftSlider,0.000000,0.000000,0.000000,0.000000,0.000000,0.000000,0.000000,0.000000,0.000000,0.000000,1267,1,0.000000,0,0,0,1,1,TaskSwitchPedal,0.000000,1
20261007T102252334Z_a2ac4ef9bb5b432c8b5db52d721e2425,,,1,345,2026-10-07T10:23:13.0939084Z,20.747188,18.744994,1271,1,0,WaitingForPhaseBoundary,0,0,TaskSwitchDisplay,1,,Joystick,0.100000,0.000000,0.000000,0.000000,-1.000000,JoyStick1LeftSlider,0.000000,0.000000,0.000000,0.000000,0.000000,0.000000,0.000000,0.000000,0.000000,0.000000,1271,1,0.000000,0,0,0,1,1,TaskSwitchPedal,0.000000,1
20261007T102252334Z_a2ac4ef9bb5b432c8b5db52d721e2425,,,1,346,2026-10-07T10:23:13.1542982Z,20.807623,18.805247,1275,1,0,WaitingForPhaseBoundary,0,0,TaskSwitchDisplay,1,,Joystick,0.100000,0.000000,0.000000,0.000000,-1.000000,JoyStick1LeftSlider,0.000000,0.000000,0.000000,0.000000,0.000000,0.000000,0.000000,0.000000,0.000000,0.000000,1275,1,0.000000,0,0,0,1,1,TaskSwitchPedal,0.000000,1
20261007T102252334Z_a2ac4ef9bb5b432c8b5db52d721e2425,,,1,347,2026-10-07T10:23:13.2164730Z,20.869709,18.867508,1279,1,0,WaitingForPhaseBoundary,0,0,TaskSwitchDisplay,1,,Joystick,0.100000,0.000000,0.000000,0.000000,-1.000000,JoyStick1LeftSlider,0.000000,0.000000,0.000000,0.000000,0.000000,0.000000,0.000000,0.000000,0.000000,0.000000,1279,1,0.000000,0,0,0,1,1,TaskSwitchPedal,0.000000,1
20261007T102252334Z_a2ac4ef9bb5b432c8b5db52d721e2425,,,1,348,2026-10-07T10:23:13.2805744Z,20.933799,18.931608,1283,1,0,WaitingForPhaseBoundary,0,0,TaskSwitchDisplay,1,,Joystick,0.100000,0.000000,0.000000,0.000000,-1.000000,JoyStick1LeftSlider,0.000000,0.000000,0.000000,0.000000,0.000000,0.000000,0.000000,0.000000,0.000000,0.000000,1283,1,0.000000,0,0,0,1,1,TaskSwitchPedal,0.000000,1
20261007T102252334Z_a2ac4ef9bb5b432c8b5db52d721e2425,,,1,349,2026-10-07T10:23:13.3347994Z,20.988454,18.986393,1286,1,0,WaitingForPhaseBoundary,0,0,TaskSwitchDisplay,1,,Joystick,0.100000,0.000000,0.000000,0.000000,-1.000000,JoyStick1LeftSlider,0.000000,0.000000,0.000000,0.000000,0.000000,0.000000,0.000000,0.000000,0.000000,0.000000,1286,1,0.000000,0,0,0,1,1,TaskSwitchPedal,0.000000,1
20261007T102252334Z_a2ac4ef9bb5b432c8b5db52d721e2425,,,1,350,2026-10-07T10:23:13.3935165Z,21.047246,19.044914,1290,1,0,WaitingForPhaseBoundary,0,0,TaskSwitchDisplay,1,,Joystick,0.100000,0.000000,0.000000,0.000000,-1.000000,JoyStick1LeftSlider,0.000000,0.000000,0.000000,0.000000,0.000000,0.000000,0.000000,0.000000,0.000000,0.000000,1290,1,0.000000,0,0,0,1,1,TaskSwitchPedal,0.000000,1
20261007T102252334Z_a2ac4ef9bb5b432c8b5db52d721e2425,,,1,351,2026-10-07T10:23:13.4505723Z,21.104336,19.099551,1293,1,0,WaitingForPhaseBoundary,0,0,TaskSwitchDisplay,1,,Joystick,0.100000,0.000000,0.000000,0.000000,-1.000000,JoyStick1LeftSlider,0.000000,0.000000,0.000000,0.000000,0.000000,0.000000,0.000000,0.000000,0.000000,0.000000,1293,1,0.000000,0,0,0,1,1,TaskSwitchPedal,0.000000,1
20261007T102252334Z_a2ac4ef9bb5b432c8b5db52d721e2425,,,1,352,2026-10-07T10:23:13.5156981Z,21.169075,19.166841,1297,1,0,WaitingForPhaseBoundary,0,0,TaskSwitchDisplay,1,,Joystick,0.100000,0.000000,0.000000,0.000000,-1.000000,JoyStick1LeftSlider,0.000000,0.000000,0.000000,0.000000,0.000000,0.000000,0.000000,0.000000,0.000000,0.000000,1297,1,0.000000,0,0,0,1,1,TaskSwitchPedal,0.000000,1
20261007T102252334Z_a2ac4ef9bb5b432c8b5db52d721e2425,,,1,353,2026-10-07T10:23:13.5731076Z,21.226882,19.224278,1301,1,0,WaitingForPhaseBoundary,0,0,TaskSwitchDisplay,1,,Joystick,0.100000,0.000000,0.000000,0.000000,-1.000000,JoyStick1LeftSlider,0.000000,0.000000,0.000000,0.000000,0.000000,0.000000,0.000000,0.000000,0.000000,0.000000,1301,1,0.000000,0,0,0,1,1,TaskSwitchPedal,0.000000,1
20261007T102252334Z_a2ac4ef9bb5b432c8b5db52d721e2425,,,1,354,2026-10-07T10:23:13.6248517Z,21.277957,19.276449,1305,1,0,WaitingForPhaseBoundary,0,0,TaskSwitchDisplay,1,,Joystick,0.100000,0.000000,0.000000,0.000000,-1.000000,JoyStick1LeftSlider,0.000000,0.000000,0.000000,0.000000,0.000000,0.000000,0.000000,0.000000,0.000000,0.000000,1304,0,0.000000,0,0,0,1,1,TaskSwitchPedal,0.000000,1
20261007T102252334Z_a2ac4ef9bb5b432c8b5db52d721e2425,,,1,355,2026-10-07T10:23:13.6896800Z,21.342842,19.340915,1309,1,0,WaitingForPhaseBoundary,0,0,TaskSwitchDisplay,1,,Joystick,0.100000,0.000000,0.000000,0.000000,-1.000000,JoyStick1LeftSlider,0.000000,0.000000,0.000000,0.000000,0.000000,0.000000,0.000000,0.000000,0.000000,0.000000,1309,1,0.000000,0,0,0,1,1,TaskSwitchPedal,0.000000,1
20261007T102252334Z_a2ac4ef9bb5b432c8b5db52d721e2425,,,1,356,2026-10-07T10:23:13.7569502Z,21.410010,19.408052,1313,1,0,WaitingForPhaseBoundary,0,0,TaskSwitchDisplay,1,,Joystick,0.100000,0.000000,0.000000,0.000000,-1.000000,JoyStick1LeftSlider,0.000000,0.000000,0.000000,0.000000,0.000000,0.000000,0.000000,0.000000,0.000000,0.000000,1313,1,0.000000,0,0,0,1,1,TaskSwitchPedal,0.000000,1
20261007T102252334Z_a2ac4ef9bb5b432c8b5db52d721e2425,,,1,357,2026-10-07T10:23:13.8189510Z,21.473268,19.471840,1317,1,0,WaitingForPhaseBoundary,0,0,TaskSwitchDisplay,1,,Joystick,0.100000,0.000000,0.000000,0.000000,-1.000000,JoyStick1LeftSlider,0.000000,0.000000,0.000000,0.000000,0.000000,0.000000,0.000000,0.000000,0.000000,0.000000,1316,0,0.000000,0,0,0,1,1,TaskSwitchPedal,0.000000,1
20261007T102252334Z_a2ac4ef9bb5b432c8b5db52d721e2425,,,1,358,2026-10-07T10:23:13.8761182Z,21.529261,19.527225,1321,1,0,WaitingForPhaseBoundary,0,0,TaskSwitchDisplay,1,,Joystick,0.100000,0.000000,0.000000,0.000000,-1.000000,JoyStick1LeftSlider,0.000000,0.000000,0.000000,0.000000,0.000000,0.000000,0.000000,0.000000,0.000000,0.000000,1321,1,0.000000,0,0,0,1,1,TaskSwitchPedal,0.000000,1
20261007T102252334Z_a2ac4ef9bb5b432c8b5db52d721e2425,,,1,359,2026-10-07T10:23:13.9317489Z,21.584677,19.581958,1325,1,0,WaitingForPhaseBoundary,0,0,TaskSwitchDisplay,1,,Joystick,0.100000,0.000000,0.000000,0.000000,-1.000000,JoyStick1LeftSlider,0.000000,0.000000,0.000000,0.000000,0.000000,0.000000,0.000000,0.000000,0.000000,0.000000,1325,1,0.000000,0,0,0,1,1,TaskSwitchPedal,0.000000,1
20261007T102252334Z_a2ac4ef9bb5b432c8b5db52d721e2425,,,1,360,2026-10-07T10:23:13.9873367Z,21.640467,19.638161,1329,1,0,WaitingForPhaseBoundary,0,0,TaskSwitchDisplay,1,,Joystick,0.100000,0.000000,0.000000,0.000000,-1.000000,JoyStick1LeftSlider,0.000000,0.000000,0.000000,0.000000,0.000000,0.000000,0.000000,0.000000,0.000000,0.000000,1329,1,0.000000,0,0,0,1,1,TaskSwitchPedal,0.000000,1
20261007T102252334Z_a2ac4ef9bb5b432c8b5db52d721e2425,,,1,361,2026-10-07T10:23:14.0475042Z,21.701131,19.698635,1333,1,0,WaitingForPhaseBoundary,0,0,TaskSwitchDisplay,1,,Joystick,0.100000,0.000000,0.000000,0.000000,-1.000000,JoyStick1LeftSlider,0.000000,0.000000,0.000000,0.000000,0.000000,0.000000,0.000000,0.000000,0.000000,0.000000,1333,1,0.000000,0,0,0,1,1,TaskSwitchPedal,0.000000,1
20261007T102252334Z_a2ac4ef9bb5b432c8b5db52d721e2425,,,1,362,2026-10-07T10:23:14.1080753Z,21.761138,19.757939,1336,1,0,WaitingForPhaseBoundary,0,0,TaskSwitchDisplay,1,,Joystick,0.100000,0.000000,0.000000,0.000000,-1.000000,JoyStick1LeftSlider,0.000000,0.000000,0.000000,0.000000,0.000000,0.000000,0.000000,0.000000,0.000000,0.000000,1336,1,0.000000,0,0,0,1,1,TaskSwitchPedal,0.000000,1
20261007T102252334Z_a2ac4ef9bb5b432c8b5db52d721e2425,,,1,363,2026-10-07T10:23:14.1668088Z,21.820565,19.817677,1339,1,0,WaitingForPhaseBoundary,0,0,TaskSwitchDisplay,1,,Joystick,0.100000,0.000000,0.000000,0.000000,-1.000000,JoyStick1LeftSlider,0.000000,0.000000,0.000000,0.000000,0.000000,0.000000,0.000000,0.000000,0.000000,0.000000,1339,1,0.000000,0,0,0,1,1,TaskSwitchPedal,0.000000,1
20261007T102252334Z_a2ac4ef9bb5b432c8b5db52d721e2425,,,1,364,2026-10-07T10:23:14.2288772Z,21.882467,19.879571,1342,1,0,WaitingForPhaseBoundary,0,0,TaskSwitchDisplay,1,,Joystick,0.100000,0.000000,0.000000,0.000000,-1.000000,JoyStick1LeftSlider,0.000000,0.000000,0.000000,0.000000,0.000000,0.000000,0.000000,0.000000,0.000000,0.000000,1342,1,0.000000,0,0,0,1,1,TaskSwitchPedal,0.000000,1
20261007T102252334Z_a2ac4ef9bb5b432c8b5db52d721e2425,,,1,365,2026-10-07T10:23:14.3030918Z,21.956478,19.953876,1346,1,0,WaitingForPhaseBoundary,0,0,TaskSwitchDisplay,1,,Joystick,0.100000,0.000000,0.000000,0.000000,-1.000000,JoyStick1LeftSlider,0.000000,0.000000,0.000000,0.000000,0.000000,0.000000,0.000000,0.000000,0.000000,0.000000,1346,1,0.000000,0,0,0,1,1,TaskSwitchPedal,0.000000,1
20261007T102252334Z_a2ac4ef9bb5b432c8b5db52d721e2425,,,1,366,2026-10-07T10:23:14.3583584Z,22.011542,20.009226,1349,1,0,WaitingForPhaseBoundary,0,0,TaskSwitchDisplay,1,,Joystick,0.100000,0.000000,0.000000,0.000000,-1.000000,JoyStick1LeftSlider,0.000000,0.000000,0.000000,0.000000,0.000000,0.000000,0.000000,0.000000,0.000000,0.000000,1349,1,0.000000,0,0,0,1,1,TaskSwitchPedal,0.000000,1
20261007T102252334Z_a2ac4ef9bb5b432c8b5db52d721e2425,,,1,367,2026-10-07T10:23:14.4082450Z,22.061864,20.059341,1352,1,0,WaitingForPhaseBoundary,0,0,TaskSwitchDisplay,1,,Joystick,0.100000,0.000000,0.000000,0.000000,-1.000000,JoyStick1LeftSlider,0.000000,0.000000,0.000000,0.000000,0.000000,0.000000,0.000000,0.000000,0.000000,0.000000,1352,1,0.000000,0,0,0,1,1,TaskSwitchPedal,0.000000,1
20261007T102252334Z_a2ac4ef9bb5b432c8b5db52d721e2425,,,1,368,2026-10-07T10:23:14.4751039Z,22.128330,20.126011,1356,1,0,WaitingForPhaseBoundary,0,0,TaskSwitchDisplay,1,,Joystick,0.100000,0.000000,0.000000,0.000000,-1.000000,JoyStick1LeftSlider,0.000000,0.000000,0.000000,0.000000,0.000000,0.000000,0.000000,0.000000,0.000000,0.000000,1356,1,0.000000,0,0,0,1,1,TaskSwitchPedal,0.000000,1
20261007T102252334Z_a2ac4ef9bb5b432c8b5db52d721e2425,,,1,369,2026-10-07T10:23:14.5302736Z,22.183895,20.181543,1359,1,0,WaitingForPhaseBoundary,0,0,TaskSwitchDisplay,1,,Joystick,0.100000,0.000000,0.000000,0.000000,-1.000000,JoyStick1LeftSlider,0.000000,0.000000,0.000000,0.000000,0.000000,0.000000,0.000000,0.000000,0.000000,0.000000,1359,1,0.000000,0,0,0,1,1,TaskSwitchPedal,0.000000,1
20261007T102252334Z_a2ac4ef9bb5b432c8b5db52d721e2425,,,1,370,2026-10-07T10:23:14.5871505Z,22.241237,20.238601,1363,1,0,WaitingForPhaseBoundary,0,0,TaskSwitchDisplay,1,,Joystick,0.100000,0.000000,0.000000,0.000000,-1.000000,JoyStick1LeftSlider,0.000000,0.000000,0.000000,0.000000,0.000000,0.000000,0.000000,0.000000,0.000000,0.000000,1363,1,0.000000,0,0,0,1,1,TaskSwitchPedal,0.000000,1
20261007T102252334Z_a2ac4ef9bb5b432c8b5db52d721e2425,,,1,371,2026-10-07T10:23:14.6414686Z,22.294499,20.293056,1367,1,0,WaitingForPhaseBoundary,0,0,TaskSwitchDisplay,1,,Joystick,0.100000,0.000000,0.000000,0.000000,-1.000000,JoyStick1LeftSlider,0.000000,0.000000,0.000000,0.000000,0.000000,0.000000,0.000000,0.000000,0.000000,0.000000,1366,0,0.000000,0,0,0,1,1,TaskSwitchPedal,0.000000,1
20261007T102252334Z_a2ac4ef9bb5b432c8b5db52d721e2425,,,1,372,2026-10-07T10:23:14.6962490Z,22.349925,20.347283,1371,1,0,WaitingForPhaseBoundary,0,0,TaskSwitchDisplay,1,,Joystick,0.100000,0.000000,0.000000,0.000000,-1.000000,JoyStick1LeftSlider,0.000000,0.000000,0.000000,0.000000,0.000000,0.000000,0.000000,0.000000,0.000000,0.000000,1371,1,0.000000,0,0,0,1,1,TaskSwitchPedal,0.000000,1
20261007T102252334Z_a2ac4ef9bb5b432c8b5db52d721e2425,,,1,373,2026-10-07T10:23:14.7476991Z,22.401224,20.397961,1373,1,0,WaitingForPhaseBoundary,0,0,TaskSwitchDisplay,1,,Joystick,0.100000,0.000000,0.000000,0.000000,-1.000000,JoyStick1LeftSlider,0.000000,0.000000,0.000000,0.000000,0.000000,0.000000,0.000000,0.000000,0.000000,0.000000,1373,1,0.000000,0,0,0,1,1,TaskSwitchPedal,0.000000,1
20261007T102252334Z_a2ac4ef9bb5b432c8b5db52d721e2425,,,1,374,2026-10-07T10:23:14.8036375Z,22.457435,20.455999,1376,1,0,WaitingForPhaseBoundary,0,0,TaskSwitchDisplay,1,,Joystick,0.100000,0.000000,0.000000,0.000000,-1.000000,JoyStick1LeftSlider,0.000000,0.000000,0.000000,0.000000,0.000000,0.000000,0.000000,0.000000,0.000000,0.000000,1375,0,0.000000,0,0,0,1,1,TaskSwitchPedal,0.000000,1
20261007T102252334Z_a2ac4ef9bb5b432c8b5db52d721e2425,,,1,375,2026-10-07T10:23:14.8664751Z,22.519606,20.517587,1380,1,0,WaitingForPhaseBoundary,0,0,TaskSwitchDisplay,1,,Joystick,0.100000,0.000000,0.000000,0.000000,-1.000000,JoyStick1LeftSlider,0.000000,0.000000,0.000000,0.000000,0.000000,0.000000,0.000000,0.000000,0.000000,0.000000,1380,1,0.000000,0,0,0,1,1,TaskSwitchPedal,0.000000,1
20261007T102252334Z_a2ac4ef9bb5b432c8b5db52d721e2425,,,1,376,2026-10-07T10:23:14.9342511Z,22.587409,20.584670,1384,1,0,WaitingForPhaseBoundary,0,0,TaskSwitchDisplay,1,,Joystick,0.100000,0.000000,0.000000,0.000000,-1.000000,JoyStick1LeftSlider,0.000000,0.000000,0.000000,0.000000,0.000000,0.000000,0.000000,0.000000,0.000000,0.000000,1384,1,0.000000,0,0,0,1,1,TaskSwitchPedal,0.000000,1
20261007T102252334Z_a2ac4ef9bb5b432c8b5db52d721e2425,,,1,377,2026-10-07T10:23:14.9914711Z,22.644873,20.642691,1388,1,0,WaitingForPhaseBoundary,0,0,TaskSwitchDisplay,1,,Joystick,0.100000,0.000000,0.000000,0.000000,-1.000000,JoyStick1LeftSlider,0.000000,0.000000,0.000000,0.000000,0.000000,0.000000,0.000000,0.000000,0.000000,0.000000,1388,1,0.000000,0,0,0,1,1,TaskSwitchPedal,0.000000,1
20261007T102252334Z_a2ac4ef9bb5b432c8b5db52d721e2425,,,1,378,2026-10-07T10:23:15.0550802Z,22.709039,20.706875,1392,1,0,WaitingForPhaseBoundary,0,0,TaskSwitchDisplay,1,,Joystick,0.100000,0.000000,0.000000,0.000000,-1.000000,JoyStick1LeftSlider,0.000000,0.000000,0.000000,0.000000,0.000000,0.000000,0.000000,0.000000,0.000000,0.000000,1392,1,0.000000,0,0,0,1,1,TaskSwitchPedal,0.000000,1
20261007T102252334Z_a2ac4ef9bb5b432c8b5db52d721e2425,,,1,379,2026-10-07T10:23:15.1172889Z,22.770125,20.768110,1396,1,0,WaitingForPhaseBoundary,0,0,TaskSwitchDisplay,1,,Joystick,0.100000,0.000000,0.000000,0.000000,-1.000000,JoyStick1LeftSlider,0.000000,0.000000,0.000000,0.000000,0.000000,0.000000,0.000000,0.000000,0.000000,0.000000,1396,1,0.000000,0,0,0,1,1,TaskSwitchPedal,0.000000,1
20261007T102252334Z_a2ac4ef9bb5b432c8b5db52d721e2425,,,1,380,2026-10-07T10:23:15.1727436Z,22.825759,20.823497,1399,1,0,WaitingForPhaseBoundary,0,0,TaskSwitchDisplay,1,,Joystick,0.100000,0.000000,0.000000,0.000000,-1.000000,JoyStick1LeftSlider,0.000000,0.000000,0.000000,0.000000,0.000000,0.000000,0.000000,0.000000,0.000000,0.000000,1399,1,0.000000,0,0,0,1,1,TaskSwitchPedal,0.000000,1
20261007T102252334Z_a2ac4ef9bb5b432c8b5db52d721e2425,,,1,381,2026-10-07T10:23:15.2242274Z,22.877756,20.876265,1402,1,0,WaitingForPhaseBoundary,0,0,TaskSwitchDisplay,1,,Joystick,0.100000,0.000000,0.000000,0.000000,-1.000000,JoyStick1LeftSlider,0.000000,0.000000,0.000000,0.000000,0.000000,0.000000,0.000000,0.000000,0.000000,0.000000,1401,0,0.000000,0,0,0,1,1,TaskSwitchPedal,0.000000,1
20261007T102252334Z_a2ac4ef9bb5b432c8b5db52d721e2425,,,1,382,2026-10-07T10:23:15.2853986Z,22.939195,20.937059,1406,1,0,WaitingForPhaseBoundary,0,0,TaskSwitchDisplay,1,,Joystick,0.100000,0.000000,0.000000,0.000000,-1.000000,JoyStick1LeftSlider,0.000000,0.000000,0.000000,0.000000,0.000000,0.000000,0.000000,0.000000,0.000000,0.000000,1406,1,0.000000,0,0,0,1,1,TaskSwitchPedal,0.000000,1
20261007T102252334Z_a2ac4ef9bb5b432c8b5db52d721e2425,,,1,383,2026-10-07T10:23:15.3385717Z,22.991386,20.989254,1409,1,0,WaitingForPhaseBoundary,0,0,TaskSwitchDisplay,1,,Joystick,0.100000,0.000000,0.000000,0.000000,-1.000000,JoyStick1LeftSlider,0.000000,0.000000,0.000000,0.000000,0.000000,0.000000,0.000000,0.000000,0.000000,0.000000,1409,1,0.000000,0,0,0,1,1,TaskSwitchPedal,0.000000,1
20261007T102252334Z_a2ac4ef9bb5b432c8b5db52d721e2425,,,1,384,2026-10-07T10:23:15.3964121Z,23.049350,21.046697,1413,1,0,WaitingForPhaseBoundary,0,0,TaskSwitchDisplay,1,,Joystick,0.100000,0.000000,0.000000,0.000000,-1.000000,JoyStick1LeftSlider,0.000000,0.000000,0.000000,0.000000,0.000000,0.000000,0.000000,0.000000,0.000000,0.000000,1413,1,0.000000,0,0,0,1,1,TaskSwitchPedal,0.000000,1
20261007T102252334Z_a2ac4ef9bb5b432c8b5db52d721e2425,,,1,385,2026-10-07T10:23:15.4604025Z,23.113358,21.110075,1417,1,0,WaitingForPhaseBoundary,0,0,TaskSwitchDisplay,1,,Joystick,0.100000,0.000000,0.000000,0.000000,-1.000000,JoyStick1LeftSlider,0.000000,0.000000,0.000000,0.000000,0.000000,0.000000,0.000000,0.000000,0.000000,0.000000,1417,1,0.000000,0,0,0,1,1,TaskSwitchPedal,0.000000,1
20261007T102252334Z_a2ac4ef9bb5b432c8b5db52d721e2425,,,1,386,2026-10-07T10:23:15.5214893Z,23.175086,21.173239,1421,1,0,WaitingForPhaseBoundary,0,0,TaskSwitchDisplay,1,,Joystick,0.100000,0.000000,0.000000,0.000000,-1.000000,JoyStick1LeftSlider,0.000000,0.000000,0.000000,0.000000,0.000000,0.000000,0.000000,0.000000,0.000000,0.000000,1420,0,0.000000,0,0,0,1,1,TaskSwitchPedal,0.000000,1
20261007T102252334Z_a2ac4ef9bb5b432c8b5db52d721e2425,,,1,387,2026-10-07T10:23:15.5874968Z,23.240918,21.238397,1425,1,0,WaitingForPhaseBoundary,0,0,TaskSwitchDisplay,1,,Joystick,0.100000,0.000000,0.000000,0.000000,-1.000000,JoyStick1LeftSlider,0.000000,0.000000,0.000000,0.000000,0.000000,0.000000,0.000000,0.000000,0.000000,0.000000,1425,1,0.000000,0,0,0,1,1,TaskSwitchPedal,0.000000,1
20261007T102252334Z_a2ac4ef9bb5b432c8b5db52d721e2425,,,1,388,2026-10-07T10:23:15.6524933Z,23.306230,21.303394,1429,1,0,WaitingForPhaseBoundary,0,0,TaskSwitchDisplay,1,,Joystick,0.100000,0.000000,0.000000,0.000000,-1.000000,JoyStick1LeftSlider,0.000000,0.000000,0.000000,0.000000,0.000000,0.000000,0.000000,0.000000,0.000000,0.000000,1429,1,0.000000,0,0,0,1,1,TaskSwitchPedal,0.000000,1
20261007T102252334Z_a2ac4ef9bb5b432c8b5db52d721e2425,,,1,389,2026-10-07T10:23:15.7106408Z,23.363692,21.361122,1432,1,0,WaitingForPhaseBoundary,0,0,TaskSwitchDisplay,1,,Joystick,0.100000,0.000000,0.000000,0.000000,-1.000000,JoyStick1LeftSlider,0.000000,0.000000,0.000000,0.000000,0.000000,0.000000,0.000000,0.000000,0.000000,0.000000,1432,1,0.000000,0,0,0,1,1,TaskSwitchPedal,0.000000,1
20261007T102252334Z_a2ac4ef9bb5b432c8b5db52d721e2425,,,1,390,2026-10-07T10:23:15.7889458Z,23.442400,21.438354,1435,1,0,WaitingForPhaseBoundary,0,0,TaskSwitchDisplay,1,,Joystick,0.100000,0.000000,0.000000,0.000000,-1.000000,JoyStick1LeftSlider,0.000000,0.000000,0.000000,0.000000,0.000000,0.000000,0.000000,0.000000,0.000000,0.000000,1435,1,0.000000,0,0,0,1,1,TaskSwitchPedal,0.000000,1
20261007T102252334Z_a2ac4ef9bb5b432c8b5db52d721e2425,,,1,391,2026-10-07T10:23:15.8392104Z,23.492755,21.490375,1438,1,0,WaitingForPhaseBoundary,0,0,TaskSwitchDisplay,1,,Joystick,0.100000,0.000000,0.000000,0.000000,-1.000000,JoyStick1LeftSlider,0.000000,0.000000,0.000000,0.000000,0.000000,0.000000,0.000000,0.000000,0.000000,0.000000,1438,1,0.000000,0,0,0,1,1,TaskSwitchPedal,0.000000,1
20261007T102252334Z_a2ac4ef9bb5b432c8b5db52d721e2425,,,1,392,2026-10-07T10:23:15.8968281Z,23.550024,21.547598,1442,1,0,WaitingForPhaseBoundary,0,0,TaskSwitchDisplay,1,,Joystick,0.100000,0.000000,0.000000,0.000000,-1.000000,JoyStick1LeftSlider,0.000000,0.000000,0.000000,0.000000,0.000000,0.000000,0.000000,0.000000,0.000000,0.000000,1442,1,0.000000,0,0,0,1,1,TaskSwitchPedal,0.000000,1
20261007T102252334Z_a2ac4ef9bb5b432c8b5db52d721e2425,,,1,393,2026-10-07T10:23:15.9587578Z,23.613220,21.610820,1446,1,0,WaitingForPhaseBoundary,0,0,TaskSwitchDisplay,1,,Joystick,0.100000,0.000000,0.000000,0.000000,-1.000000,JoyStick1LeftSlider,0.000000,0.000000,0.000000,0.000000,0.000000,0.000000,0.000000,0.000000,0.000000,0.000000,1446,1,0.000000,0,0,0,1,1,TaskSwitchPedal,0.000000,1
20261007T102252334Z_a2ac4ef9bb5b432c8b5db52d721e2425,,,1,394,2026-10-07T10:23:16.0152606Z,23.668193,21.666013,1450,1,0,WaitingForPhaseBoundary,0,0,TaskSwitchDisplay,1,,Joystick,0.100000,0.000000,0.000000,0.000000,-1.000000,JoyStick1LeftSlider,0.000000,0.000000,0.000000,0.000000,0.000000,0.000000,0.000000,0.000000,0.000000,0.000000,1450,1,0.000000,0,0,0,1,1,TaskSwitchPedal,0.000000,1
20261007T102252334Z_a2ac4ef9bb5b432c8b5db52d721e2425,,,1,395,2026-10-07T10:23:16.0672794Z,23.720530,21.718327,1454,1,0,WaitingForPhaseBoundary,0,0,TaskSwitchDisplay,1,,Joystick,0.100000,0.000000,0.000000,0.000000,-1.000000,JoyStick1LeftSlider,0.000000,0.000000,0.000000,0.000000,0.000000,0.000000,0.000000,0.000000,0.000000,0.000000,1454,1,0.000000,0,0,0,1,1,TaskSwitchPedal,0.000000,1
20261007T102252334Z_a2ac4ef9bb5b432c8b5db52d721e2425,,,1,396,2026-10-07T10:23:16.1187423Z,23.771866,21.769304,1458,1,0,WaitingForPhaseBoundary,0,0,TaskSwitchDisplay,1,,Joystick,0.100000,0.000000,0.000000,0.000000,-1.000000,JoyStick1LeftSlider,0.000000,0.000000,0.000000,0.000000,0.000000,0.000000,0.000000,0.000000,0.000000,0.000000,1458,1,0.000000,0,0,0,1,1,TaskSwitchPedal,0.000000,1
20261007T102252334Z_a2ac4ef9bb5b432c8b5db52d721e2425,,,1,397,2026-10-07T10:23:16.1866684Z,23.840226,21.836945,1461,1,0,WaitingForPhaseBoundary,0,0,TaskSwitchDisplay,1,,Joystick,0.100000,0.000000,0.000000,0.000000,-1.000000,JoyStick1LeftSlider,0.000000,0.000000,0.000000,0.000000,0.000000,0.000000,0.000000,0.000000,0.000000,0.000000,1461,1,0.000000,0,0,0,1,1,TaskSwitchPedal,0.000000,1
20261007T102252334Z_a2ac4ef9bb5b432c8b5db52d721e2425,,,1,398,2026-10-07T10:23:16.2486028Z,23.901570,21.897826,1464,1,0,WaitingForPhaseBoundary,0,0,TaskSwitchDisplay,1,,Joystick,0.100000,0.000000,0.000000,0.000000,-1.000000,JoyStick1LeftSlider,0.000000,0.000000,0.000000,0.000000,0.000000,0.000000,0.000000,0.000000,0.000000,0.000000,1464,1,0.000000,0,0,0,1,1,TaskSwitchPedal,0.000000,1
20261007T102252334Z_a2ac4ef9bb5b432c8b5db52d721e2425,,,1,399,2026-10-07T10:23:16.3054165Z,23.959405,21.957179,1468,1,0,WaitingForPhaseBoundary,0,0,TaskSwitchDisplay,1,,Joystick,0.100000,0.000000,0.000000,0.000000,-1.000000,JoyStick1LeftSlider,0.000000,0.000000,0.000000,0.000000,0.000000,0.000000,0.000000,0.000000,0.000000,0.000000,1468,1,0.000000,0,0,0,1,1,TaskSwitchPedal,0.000000,1
20261007T102252334Z_a2ac4ef9bb5b432c8b5db52d721e2425,,,1,400,2026-10-07T10:23:16.3603951Z,24.013481,22.011982,1472,1,0,WaitingForPhaseBoundary,0,0,TaskSwitchDisplay,1,,Joystick,0.100000,0.000000,0.000000,0.000000,-1.000000,JoyStick1LeftSlider,0.000000,0.000000,0.000000,0.000000,0.000000,0.000000,0.000000,0.000000,0.000000,0.000000,1471,0,0.000000,0,0,0,1,1,TaskSwitchPedal,0.000000,1
20261007T102252334Z_a2ac4ef9bb5b432c8b5db52d721e2425,,,1,401,2026-10-07T10:23:16.4161060Z,24.070100,22.067884,1476,1,0,WaitingForPhaseBoundary,0,0,TaskSwitchDisplay,1,,Joystick,0.100000,0.000000,0.000000,0.000000,-1.000000,JoyStick1LeftSlider,0.000000,0.000000,0.000000,0.000000,0.000000,0.000000,0.000000,0.000000,0.000000,0.000000,1476,1,0.000000,0,0,0,1,1,TaskSwitchPedal,0.000000,1
20261007T102252334Z_a2ac4ef9bb5b432c8b5db52d721e2425,,,1,402,2026-10-07T10:23:16.4772570Z,24.130384,22.128202,1481,1,0,WaitingForPhaseBoundary,0,0,TaskSwitchDisplay,1,,Joystick,0.100000,0.000000,0.000000,0.000000,-1.000000,JoyStick1LeftSlider,0.000000,0.000000,0.000000,0.000000,0.000000,0.000000,0.000000,0.000000,0.000000,0.000000,1481,1,0.000000,0,0,0,1,1,TaskSwitchPedal,0.000000,1
20261007T102252334Z_a2ac4ef9bb5b432c8b5db52d721e2425,,,1,403,2026-10-07T10:23:16.5348843Z,24.188054,22.185943,1484,1,0,WaitingForPhaseBoundary,0,0,TaskSwitchDisplay,1,,Joystick,0.100000,0.000000,0.000000,0.000000,-1.000000,JoyStick1LeftSlider,0.000000,0.000000,0.000000,0.000000,0.000000,0.000000,0.000000,0.000000,0.000000,0.000000,1484,1,0.000000,0,0,0,1,1,TaskSwitchPedal,0.000000,1
20261007T102252334Z_a2ac4ef9bb5b432c8b5db52d721e2425,,,1,404,2026-10-07T10:23:16.5910994Z,24.244643,22.240929,1486,1,0,WaitingForPhaseBoundary,0,0,TaskSwitchDisplay,1,,Joystick,0.100000,0.000000,0.000000,0.000000,-1.000000,JoyStick1LeftSlider,0.000000,0.000000,0.000000,0.000000,0.000000,0.000000,0.000000,0.000000,0.000000,0.000000,1486,1,0.000000,0,0,0,1,1,TaskSwitchPedal,0.000000,1
20261007T102252334Z_a2ac4ef9bb5b432c8b5db52d721e2425,,,1,405,2026-10-07T10:23:16.6503463Z,24.303147,22.300917,1490,1,0,WaitingForPhaseBoundary,0,0,TaskSwitchDisplay,1,,Joystick,0.100000,0.000000,0.000000,0.000000,-1.000000,JoyStick1LeftSlider,0.000000,0.000000,0.000000,0.000000,0.000000,0.000000,0.000000,0.000000,0.000000,0.000000,1490,1,0.000000,0,0,0,1,1,TaskSwitchPedal,0.000000,1
20261007T102252334Z_a2ac4ef9bb5b432c8b5db52d721e2425,,,1,406,2026-10-07T10:23:16.7115727Z,24.365092,22.362625,1494,1,0,WaitingForPhaseBoundary,0,0,TaskSwitchDisplay,1,,Joystick,0.100000,0.000000,0.000000,0.000000,-1.000000,JoyStick1LeftSlider,0.000000,0.000000,0.000000,0.000000,0.000000,0.000000,0.000000,0.000000,0.000000,0.000000,1494,1,0.000000,0,0,0,1,1,TaskSwitchPedal,0.000000,1
20261007T102252334Z_a2ac4ef9bb5b432c8b5db52d721e2425,,,1,407,2026-10-07T10:23:16.7716810Z,24.425079,22.422833,1498,1,0,WaitingForPhaseBoundary,0,0,TaskSwitchDisplay,1,,Joystick,0.100000,0.000000,0.000000,0.000000,-1.000000,JoyStick1LeftSlider,0.000000,0.000000,0.000000,0.000000,0.000000,0.000000,0.000000,0.000000,0.000000,0.000000,1498,1,0.000000,0,0,0,1,1,TaskSwitchPedal,0.000000,1
20261007T102252334Z_a2ac4ef9bb5b432c8b5db52d721e2425,,,1,408,2026-10-07T10:23:16.8271944Z,24.480569,22.478395,1501,1,0,WaitingForPhaseBoundary,0,0,TaskSwitchDisplay,1,,Joystick,0.100000,0.000000,0.000000,0.000000,-1.000000,JoyStick1LeftSlider,0.000000,0.000000,0.000000,0.000000,0.000000,0.000000,0.000000,0.000000,0.000000,0.000000,1501,1,0.000000,0,0,0,1,1,TaskSwitchPedal,0.000000,1
20261007T102252334Z_a2ac4ef9bb5b432c8b5db52d721e2425,,,1,409,2026-10-07T10:23:16.8906904Z,24.544517,22.542044,1505,1,0,WaitingForPhaseBoundary,0,0,TaskSwitchDisplay,1,,Joystick,0.100000,0.000000,0.000000,0.000000,-1.000000,JoyStick1LeftSlider,0.000000,0.000000,0.000000,0.000000,0.000000,0.000000,0.000000,0.000000,0.000000,0.000000,1505,1,0.000000,0,0,0,1,1,TaskSwitchPedal,0.000000,1
20261007T102252334Z_a2ac4ef9bb5b432c8b5db52d721e2425,,,1,410,2026-10-07T10:23:16.9550842Z,24.608183,22.605580,1509,1,0,WaitingForPhaseBoundary,0,0,TaskSwitchDisplay,1,,Joystick,0.100000,0.000000,0.000000,0.000000,-1.000000,JoyStick1LeftSlider,0.000000,0.000000,0.000000,0.000000,0.000000,0.000000,0.000000,0.000000,0.000000,0.000000,1509,1,0.000000,0,0,0,1,1,TaskSwitchPedal,0.000000,1
20261007T102252334Z_a2ac4ef9bb5b432c8b5db52d721e2425,,,1,411,2026-10-07T10:23:17.0087769Z,24.662246,22.659994,1512,1,0,WaitingForPhaseBoundary,0,0,TaskSwitchDisplay,1,,Joystick,0.100000,0.000000,0.000000,0.000000,-1.000000,JoyStick1LeftSlider,0.000000,0.000000,0.000000,0.000000,0.000000,0.000000,0.000000,0.000000,0.000000,0.000000,1512,1,0.000000,0,0,0,1,1,TaskSwitchPedal,0.000000,1
20261007T102252334Z_a2ac4ef9bb5b432c8b5db52d721e2425,,,1,412,2026-10-07T10:23:17.0759554Z,24.729187,22.727116,1516,1,0,WaitingForPhaseBoundary,0,0,TaskSwitchDisplay,1,,Joystick,0.100000,0.000000,0.000000,0.000000,-1.000000,JoyStick1LeftSlider,0.000000,0.000000,0.000000,0.000000,0.000000,0.000000,0.000000,0.000000,0.000000,0.000000,1516,1,0.000000,0,0,0,1,1,TaskSwitchPedal,0.000000,1
20261007T102252334Z_a2ac4ef9bb5b432c8b5db52d721e2425,,,1,413,2026-10-07T10:23:17.1306757Z,24.783533,22.780773,1519,1,0,WaitingForPhaseBoundary,0,0,TaskSwitchDisplay,1,,Joystick,0.100000,0.000000,0.000000,0.000000,-1.000000,JoyStick1LeftSlider,0.000000,0.000000,0.000000,0.000000,0.000000,0.000000,0.000000,0.000000,0.000000,0.000000,1519,1,0.000000,0,0,0,1,1,TaskSwitchPedal,0.000000,1
20261007T102252334Z_a2ac4ef9bb5b432c8b5db52d721e2425,,,1,414,2026-10-07T10:23:17.1874814Z,24.840742,22.838009,1522,1,0,WaitingForPhaseBoundary,0,0,TaskSwitchDisplay,1,,Joystick,0.100000,0.000000,0.000000,0.000000,-1.000000,JoyStick1LeftSlider,0.000000,0.000000,0.000000,0.000000,0.000000,0.000000,0.000000,0.000000,0.000000,0.000000,1522,1,0.000000,0,0,0,1,1,TaskSwitchPedal,0.000000,1
20261007T102252334Z_a2ac4ef9bb5b432c8b5db52d721e2425,,,1,415,2026-10-07T10:23:17.2419210Z,24.895232,22.892870,1525,1,0,WaitingForPhaseBoundary,0,0,TaskSwitchDisplay,1,,Joystick,0.100000,0.000000,0.000000,0.000000,-1.000000,JoyStick1LeftSlider,0.000000,0.000000,0.000000,0.000000,0.000000,0.000000,0.000000,0.000000,0.000000,0.000000,1525,1,0.000000,0,0,0,1,1,TaskSwitchPedal,0.000000,1
20261007T102252334Z_a2ac4ef9bb5b432c8b5db52d721e2425,,,1,416,2026-10-07T10:23:17.2940350Z,24.947162,22.944920,1528,1,0,WaitingForPhaseBoundary,0,0,TaskSwitchDisplay,1,,Joystick,0.100000,0.000000,0.000000,0.000000,-1.000000,JoyStick1LeftSlider,0.000000,0.000000,0.000000,0.000000,0.000000,0.000000,0.000000,0.000000,0.000000,0.000000,1528,1,0.000000,0,0,0,1,1,TaskSwitchPedal,0.000000,1
20261007T102252334Z_a2ac4ef9bb5b432c8b5db52d721e2425,,,1,417,2026-10-07T10:23:17.3548128Z,25.008025,23.005924,1532,1,0,WaitingForPhaseBoundary,0,0,TaskSwitchDisplay,1,,Joystick,0.100000,0.000000,0.000000,0.000000,-1.000000,JoyStick1LeftSlider,0.000000,0.000000,0.000000,0.000000,0.000000,0.000000,0.000000,0.000000,0.000000,0.000000,1532,1,0.000000,0,0,0,1,1,TaskSwitchPedal,0.000000,1
20261007T102252334Z_a2ac4ef9bb5b432c8b5db52d721e2425,,,1,418,2026-10-07T10:23:17.4107095Z,25.063836,23.061806,1536,1,0,WaitingForPhaseBoundary,0,0,TaskSwitchDisplay,1,,Joystick,0.100000,0.000000,0.000000,0.000000,-1.000000,JoyStick1LeftSlider,0.000000,0.000000,0.000000,0.000000,0.000000,0.000000,0.000000,0.000000,0.000000,0.000000,1536,1,0.000000,0,0,0,1,1,TaskSwitchPedal,0.000000,1
20261007T102252334Z_a2ac4ef9bb5b432c8b5db52d721e2425,,,1,419,2026-10-07T10:23:17.4618660Z,25.115502,23.113355,1540,1,0,WaitingForPhaseBoundary,0,0,TaskSwitchDisplay,1,,Joystick,0.100000,0.000000,0.000000,0.000000,-1.000000,JoyStick1LeftSlider,0.000000,0.000000,0.000000,0.000000,0.000000,0.000000,0.000000,0.000000,0.000000,0.000000,1539,0,0.000000,0,0,0,1,1,TaskSwitchPedal,0.000000,1
20261007T102252334Z_a2ac4ef9bb5b432c8b5db52d721e2425,,,1,420,2026-10-07T10:23:17.5207187Z,25.174571,23.172124,1543,1,0,WaitingForPhaseBoundary,0,0,TaskSwitchDisplay,1,,Joystick,0.100000,0.000000,0.000000,0.000000,-1.000000,JoyStick1LeftSlider,0.000000,0.000000,0.000000,0.000000,0.000000,0.000000,0.000000,0.000000,0.000000,0.000000,1543,1,0.000000,0,0,0,1,1,TaskSwitchPedal,0.000000,1
20261007T102252334Z_a2ac4ef9bb5b432c8b5db52d721e2425,,,1,421,2026-10-07T10:23:17.5821585Z,25.235316,23.233725,1546,1,0,WaitingForPhaseBoundary,0,0,TaskSwitchDisplay,1,,Joystick,0.100000,0.000000,0.000000,0.000000,-1.000000,JoyStick1LeftSlider,0.000000,0.000000,0.000000,0.000000,0.000000,0.000000,0.000000,0.000000,0.000000,0.000000,1545,0,0.000000,0,0,0,1,1,TaskSwitchPedal,0.000000,1
20261007T102252334Z_a2ac4ef9bb5b432c8b5db52d721e2425,,,1,422,2026-10-07T10:23:17.6336941Z,25.286622,23.284611,1550,1,0,WaitingForPhaseBoundary,0,0,TaskSwitchDisplay,1,,Joystick,0.100000,0.000000,0.000000,0.000000,-1.000000,JoyStick1LeftSlider,0.000000,0.000000,0.000000,0.000000,0.000000,0.000000,0.000000,0.000000,0.000000,0.000000,1550,1,0.000000,0,0,0,1,1,TaskSwitchPedal,0.000000,1
20261007T102252334Z_a2ac4ef9bb5b432c8b5db52d721e2425,,,1,423,2026-10-07T10:23:17.6935083Z,25.346322,23.344394,1554,1,0,WaitingForPhaseBoundary,0,0,TaskSwitchDisplay,1,,Joystick,0.100000,0.000000,0.000000,0.000000,-1.000000,JoyStick1LeftSlider,0.000000,0.000000,0.000000,0.000000,0.000000,0.000000,0.000000,0.000000,0.000000,0.000000,1554,1,0.000000,0,0,0,1,1,TaskSwitchPedal,0.000000,1
20261007T102252334Z_a2ac4ef9bb5b432c8b5db52d721e2425,,,1,424,2026-10-07T10:23:17.7446528Z,25.398154,23.396620,1558,1,0,WaitingForPhaseBoundary,0,0,TaskSwitchDisplay,1,,Joystick,0.100000,0.000000,0.000000,0.000000,-1.000000,JoyStick1LeftSlider,0.000000,0.000000,0.000000,0.000000,0.000000,0.000000,0.000000,0.000000,0.000000,0.000000,1557,0,0.000000,0,0,0,1,1,TaskSwitchPedal,0.000000,1
20261007T102252334Z_a2ac4ef9bb5b432c8b5db52d721e2425,,,1,425,2026-10-07T10:23:17.8089412Z,25.461906,23.460021,1563,1,0,WaitingForPhaseBoundary,0,0,TaskSwitchDisplay,1,,Joystick,0.100000,0.000000,0.000000,0.000000,-1.000000,JoyStick1LeftSlider,0.000000,0.000000,0.000000,0.000000,0.000000,0.000000,0.000000,0.000000,0.000000,0.000000,1563,1,0.000000,0,0,0,1,1,TaskSwitchPedal,0.000000,1
20261007T102252334Z_a2ac4ef9bb5b432c8b5db52d721e2425,,,1,426,2026-10-07T10:23:17.8633815Z,25.516775,23.515215,1567,1,0,WaitingForPhaseBoundary,0,0,TaskSwitchDisplay,1,,Joystick,0.100000,0.000000,0.000000,0.000000,-1.000000,JoyStick1LeftSlider,0.000000,0.000000,0.000000,0.000000,0.000000,0.000000,0.000000,0.000000,0.000000,0.000000,1566,0,0.000000,0,0,0,1,1,TaskSwitchPedal,0.000000,1
20261007T102252334Z_a2ac4ef9bb5b432c8b5db52d721e2425,,,1,427,2026-10-07T10:23:17.9276773Z,25.581417,23.579207,1572,1,0,WaitingForPhaseBoundary,0,0,TaskSwitchDisplay,1,,Joystick,0.100000,0.000000,0.000000,0.000000,-1.000000,JoyStick1LeftSlider,0.000000,0.000000,0.000000,0.000000,0.000000,0.000000,0.000000,0.000000,0.000000,0.000000,1572,1,0.000000,0,0,0,1,1,TaskSwitchPedal,0.000000,1
20261007T102252334Z_a2ac4ef9bb5b432c8b5db52d721e2425,,,1,428,2026-10-07T10:23:17.9804343Z,25.633943,23.632438,1576,1,0,WaitingForPhaseBoundary,0,0,TaskSwitchDisplay,1,,Joystick,0.100000,0.000000,0.000000,0.000000,-1.000000,JoyStick1LeftSlider,0.000000,0.000000,0.000000,0.000000,0.000000,0.000000,0.000000,0.000000,0.000000,0.000000,1575,0,0.000000,0,0,0,1,1,TaskSwitchPedal,0.000000,1
20261007T102252334Z_a2ac4ef9bb5b432c8b5db52d721e2425,,,1,429,2026-10-07T10:23:18.0334518Z,25.687580,23.685235,1580,1,0,WaitingForPhaseBoundary,0,0,TaskSwitchDisplay,1,,Joystick,0.100000,0.000000,0.000000,0.000000,-1.000000,JoyStick1LeftSlider,0.000000,0.000000,0.000000,0.000000,0.000000,0.000000,0.000000,0.000000,0.000000,0.000000,1580,1,0.000000,0,0,0,1,1,TaskSwitchPedal,0.000000,1
20261007T102252334Z_a2ac4ef9bb5b432c8b5db52d721e2425,,,1,430,2026-10-07T10:23:18.0947104Z,25.748448,23.746138,1584,1,0,WaitingForPhaseBoundary,0,0,TaskSwitchDisplay,1,,Joystick,0.100000,0.000000,0.000000,0.000000,-1.000000,JoyStick1LeftSlider,0.000000,0.000000,0.000000,0.000000,0.000000,0.000000,0.000000,0.000000,0.000000,0.000000,1584,1,0.000000,0,0,0,1,1,TaskSwitchPedal,0.000000,1
20261007T102252334Z_a2ac4ef9bb5b432c8b5db52d721e2425,,,1,431,2026-10-07T10:23:18.1524188Z,25.805766,23.803542,1588,1,0,WaitingForPhaseBoundary,0,0,TaskSwitchDisplay,1,,Joystick,0.100000,0.000000,0.000000,0.000000,-1.000000,JoyStick1LeftSlider,0.000000,0.000000,0.000000,0.000000,0.000000,0.000000,0.000000,0.000000,0.000000,0.000000,1588,1,0.000000,0,0,0,1,1,TaskSwitchPedal,0.000000,1
20261007T102252334Z_a2ac4ef9bb5b432c8b5db52d721e2425,,,1,432,2026-10-07T10:23:18.2111393Z,25.865084,23.862826,1592,1,0,WaitingForPhaseBoundary,0,0,TaskSwitchDisplay,1,,Joystick,0.100000,0.000000,0.000000,0.000000,-1.000000,JoyStick1LeftSlider,0.000000,0.000000,0.000000,0.000000,0.000000,0.000000,0.000000,0.000000,0.000000,0.000000,1592,1,0.000000,0,0,0,1,1,TaskSwitchPedal,0.000000,1
20261007T102252334Z_a2ac4ef9bb5b432c8b5db52d721e2425,,,1,433,2026-10-07T10:23:18.2722911Z,25.925266,23.922608,1596,1,0,WaitingForPhaseBoundary,0,0,TaskSwitchDisplay,1,,Joystick,0.100000,0.000000,0.000000,0.000000,-1.000000,JoyStick1LeftSlider,0.000000,0.000000,0.000000,0.000000,0.000000,0.000000,0.000000,0.000000,0.000000,0.000000,1596,1,0.000000,0,0,0,1,1,TaskSwitchPedal,0.000000,1
20261007T102252334Z_a2ac4ef9bb5b432c8b5db52d721e2425,,,1,434,2026-10-07T10:23:18.3351818Z,25.988095,23.985489,1600,1,0,WaitingForPhaseBoundary,0,0,TaskSwitchDisplay,1,,Joystick,0.100000,0.000000,0.000000,0.000000,-1.000000,JoyStick1LeftSlider,0.000000,0.000000,0.000000,0.000000,0.000000,0.000000,0.000000,0.000000,0.000000,0.000000,1600,1,0.000000,0,0,0,1,1,TaskSwitchPedal,0.000000,1
20261007T102252334Z_a2ac4ef9bb5b432c8b5db52d721e2425,,,1,435,2026-10-07T10:23:18.3975747Z,26.050628,24.048224,1604,1,0,WaitingForPhaseBoundary,0,0,TaskSwitchDisplay,1,,Joystick,0.100000,0.000000,0.000000,0.000000,-1.000000,JoyStick1LeftSlider,0.000000,0.000000,0.000000,0.000000,0.000000,0.000000,0.000000,0.000000,0.000000,0.000000,1604,1,0.000000,0,0,0,1,1,TaskSwitchPedal,0.000000,1
20261007T102252334Z_a2ac4ef9bb5b432c8b5db52d721e2425,,,1,436,2026-10-07T10:23:18.4475327Z,26.101344,24.099061,1607,1,0,WaitingForPhaseBoundary,0,0,TaskSwitchDisplay,1,,Joystick,0.100000,0.000000,0.000000,0.000000,-1.000000,JoyStick1LeftSlider,0.000000,0.000000,0.000000,0.000000,0.000000,0.000000,0.000000,0.000000,0.000000,0.000000,1607,1,0.000000,0,0,0,1,1,TaskSwitchPedal,0.000000,1
20261007T102252334Z_a2ac4ef9bb5b432c8b5db52d721e2425,,,1,437,2026-10-07T10:23:18.5103518Z,26.163189,24.161219,1611,1,0,WaitingForPhaseBoundary,0,0,TaskSwitchDisplay,1,,Joystick,0.100000,0.000000,0.000000,0.000000,-1.000000,JoyStick1LeftSlider,0.000000,0.000000,0.000000,0.000000,0.000000,0.000000,0.000000,0.000000,0.000000,0.000000,1611,1,0.000000,0,0,0,1,1,TaskSwitchPedal,0.000000,1
20261007T102252334Z_a2ac4ef9bb5b432c8b5db52d721e2425,,,1,438,2026-10-07T10:23:18.5753022Z,26.228337,24.226133,1615,1,0,WaitingForPhaseBoundary,0,0,TaskSwitchDisplay,1,,Joystick,0.100000,0.000000,0.000000,0.000000,-1.000000,JoyStick1LeftSlider,0.000000,0.000000,0.000000,0.000000,0.000000,0.000000,0.000000,0.000000,0.000000,0.000000,1615,1,0.000000,0,0,0,1,1,TaskSwitchPedal,0.000000,1
20261007T102252334Z_a2ac4ef9bb5b432c8b5db52d721e2425,,,1,439,2026-10-07T10:23:18.6315276Z,26.285132,24.282592,1619,1,0,WaitingForPhaseBoundary,0,0,TaskSwitchDisplay,1,,Joystick,0.100000,0.000000,0.000000,0.000000,-1.000000,JoyStick1LeftSlider,0.000000,0.000000,0.000000,0.000000,0.000000,0.000000,0.000000,0.000000,0.000000,0.000000,1619,1,0.000000,0,0,0,1,1,TaskSwitchPedal,0.000000,1
20261007T102252334Z_a2ac4ef9bb5b432c8b5db52d721e2425,,,1,440,2026-10-07T10:23:18.6840214Z,26.337548,24.336060,1622,1,0,WaitingForPhaseBoundary,0,0,TaskSwitchDisplay,1,,Joystick,0.100000,0.000000,0.000000,0.000000,-1.000000,JoyStick1LeftSlider,0.000000,0.000000,0.000000,0.000000,0.000000,0.000000,0.000000,0.000000,0.000000,0.000000,1621,0,0.000000,0,0,0,1,1,TaskSwitchPedal,0.000000,1
20261007T102252334Z_a2ac4ef9bb5b432c8b5db52d721e2425,,,1,441,2026-10-07T10:23:18.7429839Z,26.397210,24.395478,1626,1,0,WaitingForPhaseBoundary,0,0,TaskSwitchDisplay,1,,Joystick,0.100000,0.000000,0.000000,0.000000,-1.000000,JoyStick1LeftSlider,0.000000,0.000000,0.000000,0.000000,0.000000,0.000000,0.000000,0.000000,0.000000,0.000000,1625,0,0.000000,0,0,0,1,1,TaskSwitchPedal,0.000000,1
20261007T102252334Z_a2ac4ef9bb5b432c8b5db52d721e2425,,,1,442,2026-10-07T10:23:18.8058353Z,26.459269,24.457077,1630,1,0,WaitingForPhaseBoundary,0,0,TaskSwitchDisplay,1,,Joystick,0.100000,0.000000,0.000000,0.000000,-1.000000,JoyStick1LeftSlider,0.000000,0.000000,0.000000,0.000000,0.000000,0.000000,0.000000,0.000000,0.000000,0.000000,1630,1,0.000000,0,0,0,1,1,TaskSwitchPedal,0.000000,1
20261007T102252334Z_a2ac4ef9bb5b432c8b5db52d721e2425,,,1,443,2026-10-07T10:23:18.8629068Z,26.516512,24.515059,1634,1,0,WaitingForPhaseBoundary,0,0,TaskSwitchDisplay,1,,Joystick,0.100000,0.000000,0.000000,0.000000,-1.000000,JoyStick1LeftSlider,0.000000,0.000000,0.000000,0.000000,0.000000,0.000000,0.000000,0.000000,0.000000,0.000000,1633,0,0.000000,0,0,0,1,1,TaskSwitchPedal,0.000000,1
20261007T102252334Z_a2ac4ef9bb5b432c8b5db52d721e2425,,,1,444,2026-10-07T10:23:18.9221040Z,26.575844,24.573947,1638,1,0,WaitingForPhaseBoundary,0,0,TaskSwitchDisplay,1,,Joystick,0.100000,0.000000,0.000000,0.000000,-1.000000,JoyStick1LeftSlider,0.000000,0.000000,0.000000,0.000000,0.000000,0.000000,0.000000,0.000000,0.000000,0.000000,1637,0,0.000000,0,0,0,1,1,TaskSwitchPedal,0.000000,1
20261007T102252334Z_a2ac4ef9bb5b432c8b5db52d721e2425,,,1,445,2026-10-07T10:23:18.9753976Z,26.629407,24.627245,1642,1,0,WaitingForPhaseBoundary,0,0,TaskSwitchDisplay,1,,Joystick,0.100000,0.000000,0.000000,0.000000,-1.000000,JoyStick1LeftSlider,0.000000,0.000000,0.000000,0.000000,0.000000,0.000000,0.000000,0.000000,0.000000,0.000000,1642,1,0.000000,0,0,0,1,1,TaskSwitchPedal,0.000000,1
20261007T102252334Z_a2ac4ef9bb5b432c8b5db52d721e2425,,,1,446,2026-10-07T10:23:19.0412648Z,26.694208,24.692094,1645,1,0,WaitingForPhaseBoundary,0,0,TaskSwitchDisplay,1,,Joystick,0.100000,0.000000,0.000000,0.000000,-1.000000,JoyStick1LeftSlider,0.000000,0.000000,0.000000,0.000000,0.000000,0.000000,0.000000,0.000000,0.000000,0.000000,1645,1,0.000000,0,0,0,1,1,TaskSwitchPedal,0.000000,1
20261007T102252334Z_a2ac4ef9bb5b432c8b5db52d721e2425,,,1,447,2026-10-07T10:23:19.0930920Z,26.746378,24.744214,1648,1,0,WaitingForPhaseBoundary,0,0,TaskSwitchDisplay,1,,Joystick,0.100000,0.000000,0.000000,0.000000,-1.000000,JoyStick1LeftSlider,0.000000,0.000000,0.000000,0.000000,0.000000,0.000000,0.000000,0.000000,0.000000,0.000000,1648,1,0.000000,0,0,0,1,1,TaskSwitchPedal,0.000000,1
20261007T102252334Z_a2ac4ef9bb5b432c8b5db52d721e2425,,,1,448,2026-10-07T10:23:19.1547470Z,26.807605,24.805389,1652,1,0,WaitingForPhaseBoundary,0,0,TaskSwitchDisplay,1,,Joystick,0.100000,0.000000,0.000000,0.000000,-1.000000,JoyStick1LeftSlider,0.000000,0.000000,0.000000,0.000000,0.000000,0.000000,0.000000,0.000000,0.000000,0.000000,1652,1,0.000000,0,0,0,1,1,TaskSwitchPedal,0.000000,1
20261007T102252334Z_a2ac4ef9bb5b432c8b5db52d721e2425,,,1,449,2026-10-07T10:23:19.2151466Z,26.869377,24.867128,1656,1,0,WaitingForPhaseBoundary,0,0,TaskSwitchDisplay,1,,Joystick,0.100000,0.000000,0.000000,0.000000,-1.000000,JoyStick1LeftSlider,0.000000,0.000000,0.000000,0.000000,0.000000,0.000000,0.000000,0.000000,0.000000,0.000000,1656,1,0.000000,0,0,0,1,1,TaskSwitchPedal,0.000000,1
20261007T102252334Z_a2ac4ef9bb5b432c8b5db52d721e2425,,,1,450,2026-10-07T10:23:19.2673582Z,26.920523,24.918016,1659,1,0,WaitingForPhaseBoundary,0,0,TaskSwitchDisplay,1,,Joystick,0.100000,0.000000,0.000000,0.000000,-1.000000,JoyStick1LeftSlider,0.000000,0.000000,0.000000,0.000000,0.000000,0.000000,0.000000,0.000000,0.000000,0.000000,1659,1,0.000000,0,0,0,1,1,TaskSwitchPedal,0.000000,1
20261007T102252334Z_a2ac4ef9bb5b432c8b5db52d721e2425,,,1,451,2026-10-07T10:23:19.3180153Z,26.971674,24.968880,1662,1,0,WaitingForPhaseBoundary,0,0,TaskSwitchDisplay,1,,Joystick,0.100000,0.000000,0.000000,0.000000,-1.000000,JoyStick1LeftSlider,0.000000,0.000000,0.000000,0.000000,0.000000,0.000000,0.000000,0.000000,0.000000,0.000000,1662,1,0.000000,0,0,0,1,1,TaskSwitchPedal,0.000000,1
20261007T102252334Z_a2ac4ef9bb5b432c8b5db52d721e2425,,,1,452,2026-10-07T10:23:19.3728396Z,27.025726,25.023508,1666,1,0,WaitingForPhaseBoundary,0,0,TaskSwitchDisplay,1,,Joystick,0.100000,0.000000,0.000000,0.000000,-1.000000,JoyStick1LeftSlider,0.000000,0.000000,0.000000,0.000000,0.000000,0.000000,0.000000,0.000000,0.000000,0.000000,1666,1,0.000000,0,0,0,1,1,TaskSwitchPedal,0.000000,1
20261007T102252334Z_a2ac4ef9bb5b432c8b5db52d721e2425,,,1,453,2026-10-07T10:23:19.4289270Z,27.083128,25.080724,1670,1,0,WaitingForPhaseBoundary,0,0,TaskSwitchDisplay,1,,Joystick,0.100000,0.000000,0.000000,0.000000,-1.000000,JoyStick1LeftSlider,0.000000,0.000000,0.000000,0.000000,0.000000,0.000000,0.000000,0.000000,0.000000,0.000000,1670,1,0.000000,0,0,0,1,1,TaskSwitchPedal,0.000000,1
20261007T102252334Z_a2ac4ef9bb5b432c8b5db52d721e2425,,,1,454,2026-10-07T10:23:19.4905344Z,27.144304,25.141688,1674,1,0,WaitingForPhaseBoundary,0,0,TaskSwitchDisplay,1,,Joystick,0.100000,0.000000,0.000000,0.000000,-1.000000,JoyStick1LeftSlider,0.000000,0.000000,0.000000,0.000000,0.000000,0.000000,0.000000,0.000000,0.000000,0.000000,1674,1,0.000000,0,0,0,1,1,TaskSwitchPedal,0.000000,1
20261007T102252334Z_a2ac4ef9bb5b432c8b5db52d721e2425,,,1,455,2026-10-07T10:23:19.5503223Z,27.204591,25.202138,1678,1,0,WaitingForPhaseBoundary,0,0,TaskSwitchDisplay,1,,Joystick,0.100000,0.000000,0.000000,0.000000,-1.000000,JoyStick1LeftSlider,0.000000,0.000000,0.000000,0.000000,0.000000,0.000000,0.000000,0.000000,0.000000,0.000000,1678,1,0.000000,0,0,0,1,1,TaskSwitchPedal,0.000000,1
20261007T102252334Z_a2ac4ef9bb5b432c8b5db52d721e2425,,,1,456,2026-10-07T10:23:19.6151876Z,27.269147,25.266201,1682,1,0,WaitingForPhaseBoundary,0,0,TaskSwitchDisplay,1,,Joystick,0.100000,0.000000,0.000000,0.000000,-1.000000,JoyStick1LeftSlider,0.000000,0.000000,0.000000,0.000000,0.000000,0.000000,0.000000,0.000000,0.000000,0.000000,1682,1,0.000000,0,0,0,1,1,TaskSwitchPedal,0.000000,1
20261007T102252334Z_a2ac4ef9bb5b432c8b5db52d721e2425,,,1,457,2026-10-07T10:23:19.6703714Z,27.323377,25.321117,1685,1,0,WaitingForPhaseBoundary,0,0,TaskSwitchDisplay,1,,Joystick,0.100000,0.000000,0.000000,0.000000,-1.000000,JoyStick1LeftSlider,0.000000,0.000000,0.000000,0.000000,0.000000,0.000000,0.000000,0.000000,0.000000,0.000000,1685,1,0.000000,0,0,0,1,1,TaskSwitchPedal,0.000000,1
20261007T102252334Z_a2ac4ef9bb5b432c8b5db52d721e2425,,,1,458,2026-10-07T10:23:19.7274720Z,27.380589,25.377596,1688,1,0,WaitingForPhaseBoundary,0,0,TaskSwitchDisplay,1,,Joystick,0.100000,0.000000,0.000000,0.000000,-1.000000,JoyStick1LeftSlider,0.000000,0.000000,0.000000,0.000000,0.000000,0.000000,0.000000,0.000000,0.000000,0.000000,1688,1,0.000000,0,0,0,1,1,TaskSwitchPedal,0.000000,1
20261007T102252334Z_a2ac4ef9bb5b432c8b5db52d721e2425,,,1,459,2026-10-07T10:23:19.7781517Z,27.430993,25.428763,1691,1,0,WaitingForPhaseBoundary,0,0,TaskSwitchDisplay,1,,Joystick,0.100000,0.000000,0.000000,0.000000,-1.000000,JoyStick1LeftSlider,0.000000,0.000000,0.000000,0.000000,0.000000,0.000000,0.000000,0.000000,0.000000,0.000000,1691,1,0.000000,0,0,0,1,1,TaskSwitchPedal,0.000000,1
20261007T102252334Z_a2ac4ef9bb5b432c8b5db52d721e2425,,,1,460,2026-10-07T10:23:19.8323679Z,27.486088,25.483550,1694,1,0,WaitingForPhaseBoundary,0,0,TaskSwitchDisplay,1,,Joystick,0.100000,0.000000,0.000000,0.000000,-1.000000,JoyStick1LeftSlider,0.000000,0.000000,0.000000,0.000000,0.000000,0.000000,0.000000,0.000000,0.000000,0.000000,1694,1,0.000000,0,0,0,1,1,TaskSwitchPedal,0.000000,1
20261007T102252334Z_a2ac4ef9bb5b432c8b5db52d721e2425,,,1,461,2026-10-07T10:23:19.8937192Z,27.547645,25.544884,1697,1,0,WaitingForPhaseBoundary,0,0,TaskSwitchDisplay,1,,Joystick,0.100000,0.000000,0.000000,0.000000,-1.000000,JoyStick1LeftSlider,0.000000,0.000000,0.000000,0.000000,0.000000,0.000000,0.000000,0.000000,0.000000,0.000000,1697,1,0.000000,0,0,0,1,1,TaskSwitchPedal,0.000000,1
20261007T102252334Z_a2ac4ef9bb5b432c8b5db52d721e2425,,,1,462,2026-10-07T10:23:19.9488983Z,27.602530,25.600068,1700,1,0,WaitingForPhaseBoundary,0,0,TaskSwitchDisplay,1,,Joystick,0.100000,0.000000,0.000000,0.000000,-1.000000,JoyStick1LeftSlider,0.000000,0.000000,0.000000,0.000000,0.000000,0.000000,0.000000,0.000000,0.000000,0.000000,1700,1,0.000000,0,0,0,1,1,TaskSwitchPedal,0.000000,1
20261007T102252334Z_a2ac4ef9bb5b432c8b5db52d721e2425,,,1,463,2026-10-07T10:23:20.0136434Z,27.667180,25.664991,1704,1,0,WaitingForPhaseBoundary,0,0,TaskSwitchDisplay,1,,Joystick,0.100000,0.000000,0.000000,0.000000,-1.000000,JoyStick1LeftSlider,0.000000,0.000000,0.000000,0.000000,0.000000,0.000000,0.000000,0.000000,0.000000,0.000000,1704,1,0.000000,0,0,0,1,1,TaskSwitchPedal,0.000000,1
20261007T102252334Z_a2ac4ef9bb5b432c8b5db52d721e2425,,,1,464,2026-10-07T10:23:20.0728693Z,27.725786,25.723402,1709,1,0,WaitingForPhaseBoundary,0,0,TaskSwitchDisplay,1,,Joystick,0.100000,0.000000,0.000000,0.000000,-1.000000,JoyStick1LeftSlider,0.000000,0.000000,0.000000,0.000000,0.000000,0.000000,0.000000,0.000000,0.000000,0.000000,1709,1,0.000000,0,0,0,1,1,TaskSwitchPedal,0.000000,1
20261007T102252334Z_a2ac4ef9bb5b432c8b5db52d721e2425,,,1,465,2026-10-07T10:23:20.1377048Z,27.791485,25.789214,1714,1,0,WaitingForPhaseBoundary,0,0,TaskSwitchDisplay,1,,Joystick,0.100000,0.000000,0.000000,0.000000,-1.000000,JoyStick1LeftSlider,0.000000,0.000000,0.000000,0.000000,0.000000,0.000000,0.000000,0.000000,0.000000,0.000000,1714,1,0.000000,0,0,0,1,1,TaskSwitchPedal,0.000000,1
20261007T102252334Z_a2ac4ef9bb5b432c8b5db52d721e2425,,,1,466,2026-10-07T10:23:20.1880591Z,27.841710,25.839608,1718,1,0,WaitingForPhaseBoundary,0,0,TaskSwitchDisplay,1,,Joystick,0.100000,0.000000,0.000000,0.000000,-1.000000,JoyStick1LeftSlider,0.000000,0.000000,0.000000,0.000000,0.000000,0.000000,0.000000,0.000000,0.000000,0.000000,1718,1,0.000000,0,0,0,1,1,TaskSwitchPedal,0.000000,1
20261007T102252334Z_a2ac4ef9bb5b432c8b5db52d721e2425,,,1,467,2026-10-07T10:23:20.2558281Z,27.909083,25.907015,1722,1,0,WaitingForPhaseBoundary,0,0,TaskSwitchDisplay,1,,Joystick,0.100000,0.000000,0.000000,0.000000,-1.000000,JoyStick1LeftSlider,0.000000,0.000000,0.000000,0.000000,0.000000,0.000000,0.000000,0.000000,0.000000,0.000000,1722,1,0.000000,0,0,0,1,1,TaskSwitchPedal,0.000000,1
20261007T102252334Z_a2ac4ef9bb5b432c8b5db52d721e2425,,,1,468,2026-10-07T10:23:20.3148630Z,27.968328,25.965513,1725,1,0,WaitingForPhaseBoundary,0,0,TaskSwitchDisplay,1,,Joystick,0.100000,0.000000,0.000000,0.000000,-1.000000,JoyStick1LeftSlider,0.000000,0.000000,0.000000,0.000000,0.000000,0.000000,0.000000,0.000000,0.000000,0.000000,1725,1,0.000000,0,0,0,1,1,TaskSwitchPedal,0.000000,1
20261007T102252334Z_a2ac4ef9bb5b432c8b5db52d721e2425,,,1,469,2026-10-07T10:23:20.3706809Z,28.024167,26.021634,1728,1,0,WaitingForPhaseBoundary,0,0,TaskSwitchDisplay,1,,Joystick,0.100000,0.000000,0.000000,0.000000,-1.000000,JoyStick1LeftSlider,0.000000,0.000000,0.000000,0.000000,0.000000,0.000000,0.000000,0.000000,0.000000,0.000000,1728,1,0.000000,0,0,0,1,1,TaskSwitchPedal,0.000000,1
20261007T102252334Z_a2ac4ef9bb5b432c8b5db52d721e2425,,,1,470,2026-10-07T10:23:20.4356060Z,28.089017,26.086350,1732,1,0,WaitingForPhaseBoundary,0,0,TaskSwitchDisplay,1,,Joystick,0.100000,0.000000,0.000000,0.000000,-1.000000,JoyStick1LeftSlider,0.000000,0.000000,0.000000,0.000000,0.000000,0.000000,0.000000,0.000000,0.000000,0.000000,1732,1,0.000000,0,0,0,1,1,TaskSwitchPedal,0.000000,1
20261007T102252334Z_a2ac4ef9bb5b432c8b5db52d721e2425,,,1,471,2026-10-07T10:23:20.4929676Z,28.146170,26.143308,1736,1,0,WaitingForPhaseBoundary,0,0,TaskSwitchDisplay,1,,Joystick,0.100000,0.000000,0.000000,0.000000,-1.000000,JoyStick1LeftSlider,0.000000,0.000000,0.000000,0.000000,0.000000,0.000000,0.000000,0.000000,0.000000,0.000000,1736,1,0.000000,0,0,0,1,1,TaskSwitchPedal,0.000000,1
20261007T102252334Z_a2ac4ef9bb5b432c8b5db52d721e2425,,,1,472,2026-10-07T10:23:20.5545573Z,28.208276,26.206280,1740,1,0,WaitingForPhaseBoundary,0,0,TaskSwitchDisplay,1,,Joystick,0.100000,0.000000,0.000000,0.000000,-1.000000,JoyStick1LeftSlider,0.000000,0.000000,0.000000,0.000000,0.000000,0.000000,0.000000,0.000000,0.000000,0.000000,1740,1,0.000000,0,0,0,1,1,TaskSwitchPedal,0.000000,1
20261007T102252334Z_a2ac4ef9bb5b432c8b5db52d721e2425,,,1,473,2026-10-07T10:23:20.6117591Z,28.264992,26.262942,1744,1,0,WaitingForPhaseBoundary,0,0,TaskSwitchDisplay,1,,Joystick,0.100000,0.000000,0.000000,0.000000,-1.000000,JoyStick1LeftSlider,0.000000,0.000000,0.000000,0.000000,0.000000,0.000000,0.000000,0.000000,0.000000,0.000000,1744,1,0.000000,0,0,0,1,1,TaskSwitchPedal,0.000000,1
20261007T102252334Z_a2ac4ef9bb5b432c8b5db52d721e2425,,,1,474,2026-10-07T10:23:20.6704796Z,28.323494,26.321168,1748,1,0,WaitingForPhaseBoundary,0,0,TaskSwitchDisplay,1,,Joystick,0.100000,0.000000,0.000000,0.000000,-1.000000,JoyStick1LeftSlider,0.000000,0.000000,0.000000,0.000000,0.000000,0.000000,0.000000,0.000000,0.000000,0.000000,1748,1,0.000000,0,0,0,1,1,TaskSwitchPedal,0.000000,1
20261007T102252334Z_a2ac4ef9bb5b432c8b5db52d721e2425,,,1,475,2026-10-07T10:23:20.7253759Z,28.378288,26.376757,1752,1,0,WaitingForPhaseBoundary,0,0,TaskSwitchDisplay,1,,Joystick,0.100000,0.000000,0.000000,0.000000,-1.000000,JoyStick1LeftSlider,0.000000,0.000000,0.000000,0.000000,0.000000,0.000000,0.000000,0.000000,0.000000,0.000000,1751,0,0.000000,0,0,0,1,1,TaskSwitchPedal,0.000000,1
20261007T102252334Z_a2ac4ef9bb5b432c8b5db52d721e2425,,,1,476,2026-10-07T10:23:20.8024909Z,28.455674,26.453047,1756,1,0,WaitingForPhaseBoundary,0,0,TaskSwitchDisplay,1,,Joystick,0.100000,0.000000,0.000000,0.000000,-1.000000,JoyStick1LeftSlider,0.000000,0.000000,0.000000,0.000000,0.000000,0.000000,0.000000,0.000000,0.000000,0.000000,1756,1,0.000000,0,0,0,1,1,TaskSwitchPedal,0.000000,1
20261007T102252334Z_a2ac4ef9bb5b432c8b5db52d721e2425,,,1,477,2026-10-07T10:23:20.8605713Z,28.513582,26.511534,1759,1,0,WaitingForPhaseBoundary,0,0,TaskSwitchDisplay,1,,Joystick,0.100000,0.000000,0.000000,0.000000,-1.000000,JoyStick1LeftSlider,0.000000,0.000000,0.000000,0.000000,0.000000,0.000000,0.000000,0.000000,0.000000,0.000000,1759,1,0.000000,0,0,0,1,1,TaskSwitchPedal,0.000000,1
20261007T102252334Z_a2ac4ef9bb5b432c8b5db52d721e2425,,,1,478,2026-10-07T10:23:20.9284965Z,28.581656,26.579637,1763,1,0,WaitingForPhaseBoundary,0,0,TaskSwitchDisplay,1,,Joystick,0.100000,0.000000,0.000000,0.000000,-1.000000,JoyStick1LeftSlider,0.000000,0.000000,0.000000,0.000000,0.000000,0.000000,0.000000,0.000000,0.000000,0.000000,1763,1,0.000000,0,0,0,1,1,TaskSwitchPedal,0.000000,1
20261007T102252334Z_a2ac4ef9bb5b432c8b5db52d721e2425,,,1,479,2026-10-07T10:23:20.9918105Z,28.644680,26.642577,1767,1,0,WaitingForPhaseBoundary,0,0,TaskSwitchDisplay,1,,Joystick,0.100000,0.000000,0.000000,0.000000,-1.000000,JoyStick1LeftSlider,0.000000,0.000000,0.000000,0.000000,0.000000,0.000000,0.000000,0.000000,0.000000,0.000000,1767,1,0.000000,0,0,0,1,1,TaskSwitchPedal,0.000000,1
20261007T102252334Z_a2ac4ef9bb5b432c8b5db52d721e2425,,,1,480,2026-10-07T10:23:21.0458255Z,28.699188,26.697067,1770,1,0,WaitingForPhaseBoundary,0,0,TaskSwitchDisplay,1,,Joystick,0.100000,0.000000,0.000000,0.000000,-1.000000,JoyStick1LeftSlider,0.000000,0.000000,0.000000,0.000000,0.000000,0.000000,0.000000,0.000000,0.000000,0.000000,1770,1,0.000000,0,0,0,1,1,TaskSwitchPedal,0.000000,1
20261007T102252334Z_a2ac4ef9bb5b432c8b5db52d721e2425,,,1,481,2026-10-07T10:23:21.1104681Z,28.763373,26.761108,1774,1,0,WaitingForPhaseBoundary,0,0,TaskSwitchDisplay,1,,Joystick,0.100000,0.000000,0.000000,0.000000,-1.000000,JoyStick1LeftSlider,0.000000,0.000000,0.000000,0.000000,0.000000,0.000000,0.000000,0.000000,0.000000,0.000000,1774,1,0.000000,0,0,0,1,1,TaskSwitchPedal,0.000000,1
20261007T102252334Z_a2ac4ef9bb5b432c8b5db52d721e2425,,,1,482,2026-10-07T10:23:21.1719806Z,28.825795,26.823217,1777,1,0,WaitingForPhaseBoundary,0,0,TaskSwitchDisplay,1,,Joystick,0.100000,0.000000,0.000000,0.000000,-1.000000,JoyStick1LeftSlider,0.000000,0.000000,0.000000,0.000000,0.000000,0.000000,0.000000,0.000000,0.000000,0.000000,1777,1,0.000000,0,0,0,1,1,TaskSwitchPedal,0.000000,1
20261007T102252334Z_a2ac4ef9bb5b432c8b5db52d721e2425,,,1,483,2026-10-07T10:23:21.2284059Z,28.882321,26.879408,1780,1,0,WaitingForPhaseBoundary,0,0,TaskSwitchDisplay,1,,Joystick,0.100000,0.000000,0.000000,0.000000,-1.000000,JoyStick1LeftSlider,0.000000,0.000000,0.000000,0.000000,0.000000,0.000000,0.000000,0.000000,0.000000,0.000000,1780,1,0.000000,0,0,0,1,1,TaskSwitchPedal,0.000000,1
20261007T102252334Z_a2ac4ef9bb5b432c8b5db52d721e2425,,,1,484,2026-10-07T10:23:21.2804959Z,28.933791,26.931722,1783,1,0,WaitingForPhaseBoundary,0,0,TaskSwitchDisplay,1,,Joystick,0.100000,0.000000,0.000000,0.000000,-1.000000,JoyStick1LeftSlider,0.000000,0.000000,0.000000,0.000000,0.000000,0.000000,0.000000,0.000000,0.000000,0.000000,1783,1,0.000000,0,0,0,1,1,TaskSwitchPedal,0.000000,1
20261007T102252334Z_a2ac4ef9bb5b432c8b5db52d721e2425,,,1,485,2026-10-07T10:23:21.3389400Z,28.992468,26.989704,1786,1,0,WaitingForPhaseBoundary,0,0,TaskSwitchDisplay,1,,Joystick,0.100000,0.000000,0.000000,0.000000,-1.000000,JoyStick1LeftSlider,0.000000,0.000000,0.000000,0.000000,0.000000,0.000000,0.000000,0.000000,0.000000,0.000000,1786,1,0.000000,0,0,0,1,1,TaskSwitchPedal,0.000000,1
20261007T102252334Z_a2ac4ef9bb5b432c8b5db52d721e2425,,,1,486,2026-10-07T10:23:21.3974892Z,29.051168,27.048863,1790,1,0,WaitingForPhaseBoundary,0,0,TaskSwitchDisplay,1,,Joystick,0.100000,0.000000,0.000000,0.000000,-1.000000,JoyStick1LeftSlider,0.000000,0.000000,0.000000,0.000000,0.000000,0.000000,0.000000,0.000000,0.000000,0.000000,1790,1,0.000000,0,0,0,1,1,TaskSwitchPedal,0.000000,1
20261007T102252334Z_a2ac4ef9bb5b432c8b5db52d721e2425,,,1,487,2026-10-07T10:23:21.4573310Z,29.110486,27.108520,1794,1,0,WaitingForPhaseBoundary,0,0,TaskSwitchDisplay,1,,Joystick,0.100000,0.000000,0.000000,0.000000,-1.000000,JoyStick1LeftSlider,0.000000,0.000000,0.000000,0.000000,0.000000,0.000000,0.000000,0.000000,0.000000,0.000000,1794,1,0.000000,0,0,0,1,1,TaskSwitchPedal,0.000000,1
20261007T102252334Z_a2ac4ef9bb5b432c8b5db52d721e2425,,,1,488,2026-10-07T10:23:21.5144125Z,29.167632,27.165786,1798,1,0,WaitingForPhaseBoundary,0,0,TaskSwitchDisplay,1,,Joystick,0.100000,0.000000,0.000000,0.000000,-1.000000,JoyStick1LeftSlider,0.000000,0.000000,0.000000,0.000000,0.000000,0.000000,0.000000,0.000000,0.000000,0.000000,1798,1,0.000000,0,0,0,1,1,TaskSwitchPedal,0.000000,1
20261007T102252334Z_a2ac4ef9bb5b432c8b5db52d721e2425,,,1,489,2026-10-07T10:23:21.5803586Z,29.233352,27.231316,1802,1,0,WaitingForPhaseBoundary,0,0,TaskSwitchDisplay,1,,Joystick,0.100000,0.000000,0.000000,0.000000,-1.000000,JoyStick1LeftSlider,0.000000,0.000000,0.000000,0.000000,0.000000,0.000000,0.000000,0.000000,0.000000,0.000000,1802,1,0.000000,0,0,0,1,1,TaskSwitchPedal,0.000000,1
20261007T102252334Z_a2ac4ef9bb5b432c8b5db52d721e2425,,,1,490,2026-10-07T10:23:21.6407854Z,29.294473,27.292996,1806,1,0,WaitingForPhaseBoundary,0,0,TaskSwitchDisplay,1,,Joystick,0.100000,0.000000,0.000000,0.000000,-1.000000,JoyStick1LeftSlider,0.000000,0.000000,0.000000,0.000000,0.000000,0.000000,0.000000,0.000000,0.000000,0.000000,1805,0,0.000000,0,0,0,1,1,TaskSwitchPedal,0.000000,1
20261007T102252334Z_a2ac4ef9bb5b432c8b5db52d721e2425,,,1,491,2026-10-07T10:23:21.7094919Z,29.362607,27.360113,1810,1,0,WaitingForPhaseBoundary,0,0,TaskSwitchDisplay,1,,Joystick,0.100000,0.000000,0.000000,0.000000,-1.000000,JoyStick1LeftSlider,0.000000,0.000000,0.000000,0.000000,0.000000,0.000000,0.000000,0.000000,0.000000,0.000000,1810,1,0.000000,0,0,0,1,1,TaskSwitchPedal,0.000000,1
20261007T102252334Z_a2ac4ef9bb5b432c8b5db52d721e2425,,,1,492,2026-10-07T10:23:21.7745270Z,29.428704,27.426287,1814,1,0,WaitingForPhaseBoundary,0,0,TaskSwitchDisplay,1,,Joystick,0.100000,0.000000,0.000000,0.000000,-1.000000,JoyStick1LeftSlider,0.000000,0.000000,0.000000,0.000000,0.000000,0.000000,0.000000,0.000000,0.000000,0.000000,1814,1,0.000000,0,0,0,1,1,TaskSwitchPedal,0.000000,1
20261007T102252334Z_a2ac4ef9bb5b432c8b5db52d721e2425,,,1,493,2026-10-07T10:23:21.8276534Z,29.481584,27.479523,1817,1,0,WaitingForPhaseBoundary,0,0,TaskSwitchDisplay,1,,Joystick,0.100000,0.000000,0.000000,0.000000,-1.000000,JoyStick1LeftSlider,0.000000,0.000000,0.000000,0.000000,0.000000,0.000000,0.000000,0.000000,0.000000,0.000000,1817,1,0.000000,0,0,0,1,1,TaskSwitchPedal,0.000000,1
20261007T102252334Z_a2ac4ef9bb5b432c8b5db52d721e2425,,,1,494,2026-10-07T10:23:21.8904241Z,29.544658,27.542440,1821,1,0,WaitingForPhaseBoundary,0,0,TaskSwitchDisplay,1,,Joystick,0.100000,0.000000,0.000000,0.000000,-1.000000,JoyStick1LeftSlider,0.000000,0.000000,0.000000,0.000000,0.000000,0.000000,0.000000,0.000000,0.000000,0.000000,1821,1,0.000000,0,0,0,1,1,TaskSwitchPedal,0.000000,1
20261007T102252334Z_a2ac4ef9bb5b432c8b5db52d721e2425,,,1,495,2026-10-07T10:23:21.9467085Z,29.600090,27.598017,1825,1,0,WaitingForPhaseBoundary,0,0,TaskSwitchDisplay,1,,Joystick,0.100000,0.000000,0.000000,0.000000,-1.000000,JoyStick1LeftSlider,0.000000,0.000000,0.000000,0.000000,0.000000,0.000000,0.000000,0.000000,0.000000,0.000000,1825,1,0.000000,0,0,0,1,1,TaskSwitchPedal,0.000000,1
20261007T102252334Z_a2ac4ef9bb5b432c8b5db52d721e2425,,,1,496,2026-10-07T10:23:21.9976633Z,29.651056,27.649105,1829,1,0,WaitingForPhaseBoundary,0,0,TaskSwitchDisplay,1,,Joystick,0.100000,0.000000,0.000000,0.000000,-1.000000,JoyStick1LeftSlider,0.000000,0.000000,0.000000,0.000000,0.000000,0.000000,0.000000,0.000000,0.000000,0.000000,1829,1,0.000000,0,0,0,1,1,TaskSwitchPedal,0.000000,1
20261007T102252334Z_a2ac4ef9bb5b432c8b5db52d721e2425,,,1,497,2026-10-07T10:23:22.0573337Z,29.710631,27.708506,1833,1,0,WaitingForPhaseBoundary,0,0,TaskSwitchDisplay,1,,Joystick,0.100000,0.000000,0.000000,0.000000,-1.000000,JoyStick1LeftSlider,0.000000,0.000000,0.000000,0.000000,0.000000,0.000000,0.000000,0.000000,0.000000,0.000000,1833,1,0.000000,0,0,0,1,1,TaskSwitchPedal,0.000000,1
20261007T102252334Z_a2ac4ef9bb5b432c8b5db52d721e2425,,,1,498,2026-10-07T10:23:22.1106563Z,29.763791,27.761660,1837,1,0,WaitingForPhaseBoundary,0,0,TaskSwitchDisplay,1,,Joystick,0.100000,0.000000,0.000000,0.000000,-1.000000,JoyStick1LeftSlider,0.000000,0.000000,0.000000,0.000000,0.000000,0.000000,0.000000,0.000000,0.000000,0.000000,1837,1,0.000000,0,0,0,1,1,TaskSwitchPedal,0.000000,1
20261007T102252334Z_a2ac4ef9bb5b432c8b5db52d721e2425,,,1,499,2026-10-07T10:23:22.1775489Z,29.831101,27.828978,1841,1,0,WaitingForPhaseBoundary,0,0,TaskSwitchDisplay,1,,Joystick,0.100000,0.000000,0.000000,0.000000,-1.000000,JoyStick1LeftSlider,0.000000,0.000000,0.000000,0.000000,0.000000,0.000000,0.000000,0.000000,0.000000,0.000000,1841,1,0.000000,0,0,0,1,1,TaskSwitchPedal,0.000000,1
20261007T102252334Z_a2ac4ef9bb5b432c8b5db52d721e2425,,,1,500,2026-10-07T10:23:22.2390310Z,29.892908,27.890461,1844,1,0,WaitingForPhaseBoundary,0,0,TaskSwitchDisplay,1,,Joystick,0.100000,0.000000,0.000000,0.000000,-1.000000,JoyStick1LeftSlider,0.000000,0.000000,0.000000,0.000000,0.000000,0.000000,0.000000,0.000000,0.000000,0.000000,1844,1,0.000000,0,0,0,1,1,TaskSwitchPedal,0.000000,1
20261007T102252334Z_a2ac4ef9bb5b432c8b5db52d721e2425,,,1,501,2026-10-07T10:23:22.2934381Z,29.947684,27.944816,1847,1,0,WaitingForPhaseBoundary,0,0,TaskSwitchDisplay,1,,Joystick,0.100000,0.000000,0.000000,0.000000,-1.000000,JoyStick1LeftSlider,0.000000,0.000000,0.000000,0.000000,0.000000,0.000000,0.000000,0.000000,0.000000,0.000000,1847,1,0.000000,0,0,0,1,1,TaskSwitchPedal,0.000000,1
20261007T102252334Z_a2ac4ef9bb5b432c8b5db52d721e2425,,,1,502,2026-10-07T10:23:22.3523636Z,30.005460,28.002330,1850,1,0,WaitingForPhaseBoundary,0,0,TaskSwitchDisplay,1,,Joystick,0.100000,0.000000,0.000000,0.000000,-1.000000,JoyStick1LeftSlider,0.000000,0.000000,0.000000,0.000000,0.000000,0.000000,0.000000,0.000000,0.000000,0.000000,1850,1,0.000000,0,0,0,1,1,TaskSwitchPedal,0.000000,1
20261007T102252334Z_a2ac4ef9bb5b432c8b5db52d721e2425,,,1,503,2026-10-07T10:23:22.4161845Z,30.069948,28.067515,1853,1,0,WaitingForPhaseBoundary,0,0,TaskSwitchDisplay,1,,Joystick,0.100000,0.000000,0.000000,0.000000,-1.000000,JoyStick1LeftSlider,0.000000,0.000000,0.000000,0.000000,0.000000,0.000000,0.000000,0.000000,0.000000,0.000000,1853,1,0.000000,0,0,0,1,1,TaskSwitchPedal,0.000000,1
20261007T102252334Z_a2ac4ef9bb5b432c8b5db52d721e2425,,,1,504,2026-10-07T10:23:22.4803566Z,30.133455,28.130689,1856,1,0,WaitingForPhaseBoundary,0,0,TaskSwitchDisplay,1,,Joystick,0.100000,0.000000,0.000000,0.000000,-1.000000,JoyStick1LeftSlider,0.000000,0.000000,0.000000,0.000000,0.000000,0.000000,0.000000,0.000000,0.000000,0.000000,1856,1,0.000000,0,0,0,1,1,TaskSwitchPedal,0.000000,1
20261007T102252334Z_a2ac4ef9bb5b432c8b5db52d721e2425,,,1,505,2026-10-07T10:23:22.5323906Z,30.185451,28.182344,1859,1,0,WaitingForPhaseBoundary,0,0,TaskSwitchDisplay,1,,Joystick,0.100000,0.000000,0.000000,0.000000,-1.000000,JoyStick1LeftSlider,0.000000,0.000000,0.000000,0.000000,0.000000,0.000000,0.000000,0.000000,0.000000,0.000000,1859,1,0.000000,0,0,0,1,1,TaskSwitchPedal,0.000000,1
20261007T102252334Z_a2ac4ef9bb5b432c8b5db52d721e2425,,,1,506,2026-10-07T10:23:22.5830766Z,30.236040,28.234535,1862,1,0,WaitingForPhaseBoundary,0,0,TaskSwitchDisplay,1,,Joystick,0.100000,0.000000,0.000000,0.000000,-1.000000,JoyStick1LeftSlider,0.000000,0.000000,0.000000,0.000000,0.000000,0.000000,0.000000,0.000000,0.000000,0.000000,1861,0,0.000000,0,0,0,1,1,TaskSwitchPedal,0.000000,1
20261007T102252334Z_a2ac4ef9bb5b432c8b5db52d721e2425,,,1,507,2026-10-07T10:23:22.6331993Z,30.286827,28.284417,1865,1,0,WaitingForPhaseBoundary,0,0,TaskSwitchDisplay,1,,Joystick,0.100000,0.000000,0.000000,0.000000,-1.000000,JoyStick1LeftSlider,0.000000,0.000000,0.000000,0.000000,0.000000,0.000000,0.000000,0.000000,0.000000,0.000000,1865,1,0.000000,0,0,0,1,1,TaskSwitchPedal,0.000000,1
20261007T102252334Z_a2ac4ef9bb5b432c8b5db52d721e2425,,,1,508,2026-10-07T10:23:22.6900727Z,30.343392,28.340498,1868,1,0,WaitingForPhaseBoundary,0,0,TaskSwitchDisplay,1,,Joystick,0.100000,0.000000,0.000000,0.000000,-1.000000,JoyStick1LeftSlider,0.000000,0.000000,0.000000,0.000000,0.000000,0.000000,0.000000,0.000000,0.000000,0.000000,1868,1,0.000000,0,0,0,1,1,TaskSwitchPedal,0.000000,1
20261007T102252334Z_a2ac4ef9bb5b432c8b5db52d721e2425,,,1,509,2026-10-07T10:23:22.7403871Z,30.394701,28.393190,1872,1,0,WaitingForPhaseBoundary,0,0,TaskSwitchDisplay,1,,Joystick,0.100000,0.000000,0.000000,0.000000,-1.000000,JoyStick1LeftSlider,0.000000,0.000000,0.000000,0.000000,0.000000,0.000000,0.000000,0.000000,0.000000,0.000000,1871,0,0.000000,0,0,0,1,1,TaskSwitchPedal,0.000000,1
20261007T102252334Z_a2ac4ef9bb5b432c8b5db52d721e2425,,,1,510,2026-10-07T10:23:22.7917945Z,30.445406,28.442822,1876,1,0,WaitingForPhaseBoundary,0,0,TaskSwitchDisplay,1,,Joystick,0.100000,0.000000,0.000000,0.000000,-1.000000,JoyStick1LeftSlider,0.000000,0.000000,0.000000,0.000000,0.000000,0.000000,0.000000,0.000000,0.000000,0.000000,1876,1,0.000000,0,0,0,1,1,TaskSwitchPedal,0.000000,1
20261007T102252334Z_a2ac4ef9bb5b432c8b5db52d721e2425,,,1,511,2026-10-07T10:23:22.8493456Z,30.502764,28.500490,1880,1,0,WaitingForPhaseBoundary,0,0,TaskSwitchDisplay,1,,Joystick,0.100000,0.000000,0.000000,0.000000,-1.000000,JoyStick1LeftSlider,0.000000,0.000000,0.000000,0.000000,0.000000,0.000000,0.000000,0.000000,0.000000,0.000000,1880,1,0.000000,0,0,0,1,1,TaskSwitchPedal,0.000000,1
20261007T102252334Z_a2ac4ef9bb5b432c8b5db52d721e2425,,,1,512,2026-10-07T10:23:22.9017318Z,30.555423,28.552895,1882,1,0,WaitingForPhaseBoundary,0,0,TaskSwitchDisplay,1,,Joystick,0.100000,0.000000,0.000000,0.000000,-1.000000,JoyStick1LeftSlider,0.000000,0.000000,0.000000,0.000000,0.000000,0.000000,0.000000,0.000000,0.000000,0.000000,1882,1,0.000000,0,0,0,1,1,TaskSwitchPedal,0.000000,1
20261007T102252334Z_a2ac4ef9bb5b432c8b5db52d721e2425,,,1,513,2026-10-07T10:23:22.9592880Z,30.612357,28.610173,1885,1,0,WaitingForPhaseBoundary,0,0,TaskSwitchDisplay,1,,Joystick,0.100000,0.000000,0.000000,0.000000,-1.000000,JoyStick1LeftSlider,0.000000,0.000000,0.000000,0.000000,0.000000,0.000000,0.000000,0.000000,0.000000,0.000000,1885,1,0.000000,0,0,0,1,1,TaskSwitchPedal,0.000000,1
20261007T102252334Z_a2ac4ef9bb5b432c8b5db52d721e2425,,,1,514,2026-10-07T10:23:23.0101614Z,30.663454,28.660806,1888,1,0,WaitingForPhaseBoundary,0,0,TaskSwitchDisplay,1,,Joystick,0.100000,0.000000,0.000000,0.000000,-1.000000,JoyStick1LeftSlider,0.000000,0.000000,0.000000,0.000000,0.000000,0.000000,0.000000,0.000000,0.000000,0.000000,1888,1,0.000000,0,0,0,1,1,TaskSwitchPedal,0.000000,1
20261007T102252334Z_a2ac4ef9bb5b432c8b5db52d721e2425,,,1,515,2026-10-07T10:23:23.0784169Z,30.732395,28.730212,1892,1,0,WaitingForPhaseBoundary,0,0,TaskSwitchDisplay,1,,Joystick,0.100000,0.000000,0.000000,0.000000,-1.000000,JoyStick1LeftSlider,0.000000,0.000000,0.000000,0.000000,0.000000,0.000000,0.000000,0.000000,0.000000,0.000000,1892,1,0.000000,0,0,0,1,1,TaskSwitchPedal,0.000000,1
20261007T102252334Z_a2ac4ef9bb5b432c8b5db52d721e2425,,,1,516,2026-10-07T10:23:23.1389671Z,30.792013,28.789723,1896,1,0,WaitingForPhaseBoundary,0,0,TaskSwitchDisplay,1,,Joystick,0.100000,0.000000,0.000000,0.000000,-1.000000,JoyStick1LeftSlider,0.000000,0.000000,0.000000,0.000000,0.000000,0.000000,0.000000,0.000000,0.000000,0.000000,1896,1,0.000000,0,0,0,1,1,TaskSwitchPedal,0.000000,1
20261007T102252334Z_a2ac4ef9bb5b432c8b5db52d721e2425,,,1,517,2026-10-07T10:23:23.1997427Z,30.852915,28.850702,1900,1,0,WaitingForPhaseBoundary,0,0,TaskSwitchDisplay,1,,Joystick,0.100000,0.000000,0.000000,0.000000,-1.000000,JoyStick1LeftSlider,0.000000,0.000000,0.000000,0.000000,0.000000,0.000000,0.000000,0.000000,0.000000,0.000000,1900,1,0.000000,0,0,0,1,1,TaskSwitchPedal,0.000000,1
20261007T102252334Z_a2ac4ef9bb5b432c8b5db52d721e2425,,,1,518,2026-10-07T10:23:23.2647254Z,30.918248,28.916502,1904,1,0,WaitingForPhaseBoundary,0,0,TaskSwitchDisplay,1,,Joystick,0.100000,0.000000,0.000000,0.000000,-1.000000,JoyStick1LeftSlider,0.000000,0.000000,0.000000,0.000000,0.000000,0.000000,0.000000,0.000000,0.000000,0.000000,1903,0,0.000000,0,0,0,1,1,TaskSwitchPedal,0.000000,1
20261007T102252334Z_a2ac4ef9bb5b432c8b5db52d721e2425,,,1,519,2026-10-07T10:23:23.3256154Z,30.979832,28.977345,1907,1,0,WaitingForPhaseBoundary,0,0,TaskSwitchDisplay,1,,Joystick,0.100000,0.000000,0.000000,0.000000,-1.000000,JoyStick1LeftSlider,0.000000,0.000000,0.000000,0.000000,0.000000,0.000000,0.000000,0.000000,0.000000,0.000000,1907,1,0.000000,0,0,0,1,1,TaskSwitchPedal,0.000000,1
20261007T102252334Z_a2ac4ef9bb5b432c8b5db52d721e2425,,,1,520,2026-10-07T10:23:23.3804130Z,31.033872,29.030692,1910,1,0,WaitingForPhaseBoundary,0,0,TaskSwitchDisplay,1,,Joystick,0.100000,0.000000,0.000000,0.000000,-1.000000,JoyStick1LeftSlider,0.000000,0.000000,0.000000,0.000000,0.000000,0.000000,0.000000,0.000000,0.000000,0.000000,1910,1,0.000000,0,0,0,1,1,TaskSwitchPedal,0.000000,1
20261007T102252334Z_a2ac4ef9bb5b432c8b5db52d721e2425,,,1,521,2026-10-07T10:23:23.4331791Z,31.087473,29.085404,1913,1,0,WaitingForPhaseBoundary,0,0,TaskSwitchDisplay,1,,Joystick,0.100000,0.000000,0.000000,0.000000,-1.000000,JoyStick1LeftSlider,0.000000,0.000000,0.000000,0.000000,0.000000,0.000000,0.000000,0.000000,0.000000,0.000000,1913,1,0.000000,0,0,0,1,1,TaskSwitchPedal,0.000000,1
20261007T102252334Z_a2ac4ef9bb5b432c8b5db52d721e2425,,,1,522,2026-10-07T10:23:23.4915288Z,31.144846,29.141088,1916,1,0,WaitingForPhaseBoundary,0,0,TaskSwitchDisplay,1,,Joystick,0.100000,0.000000,0.000000,0.000000,-1.000000,JoyStick1LeftSlider,0.000000,0.000000,0.000000,0.000000,0.000000,0.000000,0.000000,0.000000,0.000000,0.000000,1916,1,0.000000,0,0,0,1,1,TaskSwitchPedal,0.000000,1
20261007T102252334Z_a2ac4ef9bb5b432c8b5db52d721e2425,,,1,523,2026-10-07T10:23:23.5488387Z,31.202551,29.200340,1919,1,0,WaitingForPhaseBoundary,0,0,TaskSwitchDisplay,1,,Joystick,0.100000,0.000000,0.000000,0.000000,-1.000000,JoyStick1LeftSlider,0.000000,0.000000,0.000000,0.000000,0.000000,0.000000,0.000000,0.000000,0.000000,0.000000,1919,1,0.000000,0,0,0,1,1,TaskSwitchPedal,0.000000,1
20261007T102252334Z_a2ac4ef9bb5b432c8b5db52d721e2425,,,1,524,2026-10-07T10:23:23.6043924Z,31.257850,29.256239,1922,1,0,WaitingForPhaseBoundary,0,0,TaskSwitchDisplay,1,,Joystick,0.100000,0.000000,0.000000,0.000000,-1.000000,JoyStick1LeftSlider,0.000000,0.000000,0.000000,0.000000,0.000000,0.000000,0.000000,0.000000,0.000000,0.000000,1921,0,0.000000,0,0,0,1,1,TaskSwitchPedal,0.000000,1
20261007T102252334Z_a2ac4ef9bb5b432c8b5db52d721e2425,,,1,525,2026-10-07T10:23:23.6683943Z,31.322671,29.320431,1926,1,0,WaitingForPhaseBoundary,0,0,TaskSwitchDisplay,1,,Joystick,0.100000,0.000000,0.000000,0.000000,-1.000000,JoyStick1LeftSlider,0.000000,0.000000,0.000000,0.000000,0.000000,0.000000,0.000000,0.000000,0.000000,0.000000,1926,1,0.000000,0,0,0,1,1,TaskSwitchPedal,0.000000,1
20261007T102252334Z_a2ac4ef9bb5b432c8b5db52d721e2425,,,1,526,2026-10-07T10:23:23.7290063Z,31.383127,29.380260,1929,1,0,WaitingForPhaseBoundary,0,0,TaskSwitchDisplay,1,,Joystick,0.100000,0.000000,0.000000,0.000000,-1.000000,JoyStick1LeftSlider,0.000000,0.000000,0.000000,0.000000,0.000000,0.000000,0.000000,0.000000,0.000000,0.000000,1929,1,0.000000,0,0,0,1,1,TaskSwitchPedal,0.000000,1
20261007T102252334Z_a2ac4ef9bb5b432c8b5db52d721e2425,,,1,527,2026-10-07T10:23:23.7853334Z,31.438642,29.436921,1932,1,0,WaitingForPhaseBoundary,0,0,TaskSwitchDisplay,1,,Joystick,0.100000,0.000000,0.000000,0.000000,-1.000000,JoyStick1LeftSlider,0.000000,0.000000,0.000000,0.000000,0.000000,0.000000,0.000000,0.000000,0.000000,0.000000,1931,0,0.000000,0,0,0,1,1,TaskSwitchPedal,0.000000,1
20261007T102252334Z_a2ac4ef9bb5b432c8b5db52d721e2425,,,1,528,2026-10-07T10:23:23.8364760Z,31.489728,29.486599,1935,1,0,WaitingForPhaseBoundary,0,0,TaskSwitchDisplay,1,,Joystick,0.100000,0.000000,0.000000,0.000000,-1.000000,JoyStick1LeftSlider,0.000000,0.000000,0.000000,0.000000,0.000000,0.000000,0.000000,0.000000,0.000000,0.000000,1935,1,0.000000,0,0,0,1,1,TaskSwitchPedal,0.000000,1
20261007T102252334Z_a2ac4ef9bb5b432c8b5db52d721e2425,,,1,529,2026-10-07T10:23:23.8938314Z,31.547607,29.545075,1938,1,0,WaitingForPhaseBoundary,0,0,TaskSwitchDisplay,1,,Joystick,0.100000,0.000000,0.000000,0.000000,-1.000000,JoyStick1LeftSlider,0.000000,0.000000,0.000000,0.000000,0.000000,0.000000,0.000000,0.000000,0.000000,0.000000,1938,1,0.000000,0,0,0,1,1,TaskSwitchPedal,0.000000,1
20261007T102252334Z_a2ac4ef9bb5b432c8b5db52d721e2425,,,1,530,2026-10-07T10:23:23.9505230Z,31.604125,29.601744,1941,1,0,WaitingForPhaseBoundary,0,0,TaskSwitchDisplay,1,,Joystick,0.100000,0.000000,0.000000,0.000000,-1.000000,JoyStick1LeftSlider,0.000000,0.000000,0.000000,0.000000,0.000000,0.000000,0.000000,0.000000,0.000000,0.000000,1941,1,0.000000,0,0,0,1,1,TaskSwitchPedal,0.000000,1
20261007T102252334Z_a2ac4ef9bb5b432c8b5db52d721e2425,,,1,531,2026-10-07T10:23:24.0093208Z,31.662238,29.659488,1945,1,0,WaitingForPhaseBoundary,0,0,TaskSwitchDisplay,1,,Joystick,0.100000,0.000000,0.000000,0.000000,-1.000000,JoyStick1LeftSlider,0.000000,0.000000,0.000000,0.000000,0.000000,0.000000,0.000000,0.000000,0.000000,0.000000,1945,1,0.000000,0,0,0,1,1,TaskSwitchPedal,0.000000,1
20261007T102252334Z_a2ac4ef9bb5b432c8b5db52d721e2425,,,1,532,2026-10-07T10:23:24.0739909Z,31.727275,29.724525,1949,1,0,WaitingForPhaseBoundary,0,0,TaskSwitchDisplay,1,,Joystick,0.100000,0.000000,0.000000,0.000000,-1.000000,JoyStick1LeftSlider,0.000000,0.000000,0.000000,0.000000,0.000000,0.000000,0.000000,0.000000,0.000000,0.000000,1949,1,0.000000,0,0,0,1,1,TaskSwitchPedal,0.000000,1
20261007T102252334Z_a2ac4ef9bb5b432c8b5db52d721e2425,,,1,533,2026-10-07T10:23:24.1281734Z,31.781540,29.779416,1952,1,0,WaitingForPhaseBoundary,0,0,TaskSwitchDisplay,1,,Joystick,0.100000,0.000000,0.000000,0.000000,-1.000000,JoyStick1LeftSlider,0.000000,0.000000,0.000000,0.000000,0.000000,0.000000,0.000000,0.000000,0.000000,0.000000,1952,1,0.000000,0,0,0,1,1,TaskSwitchPedal,0.000000,1
20261007T102252334Z_a2ac4ef9bb5b432c8b5db52d721e2425,,,1,534,2026-10-07T10:23:24.1872145Z,31.840271,29.838160,1956,1,0,WaitingForPhaseBoundary,0,0,TaskSwitchDisplay,1,,Joystick,0.100000,0.000000,0.000000,0.000000,-1.000000,JoyStick1LeftSlider,0.000000,0.000000,0.000000,0.000000,0.000000,0.000000,0.000000,0.000000,0.000000,0.000000,1956,1,0.000000,0,0,0,1,1,TaskSwitchPedal,0.000000,1
20261007T102252334Z_a2ac4ef9bb5b432c8b5db52d721e2425,,,1,535,2026-10-07T10:23:24.2521260Z,31.905891,29.903250,1960,1,0,WaitingForPhaseBoundary,0,0,TaskSwitchDisplay,1,,Joystick,0.100000,0.000000,0.000000,0.000000,-1.000000,JoyStick1LeftSlider,0.000000,0.000000,0.000000,0.000000,0.000000,0.000000,0.000000,0.000000,0.000000,0.000000,1960,1,0.000000,0,0,0,1,1,TaskSwitchPedal,0.000000,1
20261007T102252334Z_a2ac4ef9bb5b432c8b5db52d721e2425,,,1,536,2026-10-07T10:23:24.3134351Z,31.967256,29.965046,1964,1,0,WaitingForPhaseBoundary,0,0,TaskSwitchDisplay,1,,Joystick,0.100000,0.000000,0.000000,0.000000,-1.000000,JoyStick1LeftSlider,0.000000,0.000000,0.000000,0.000000,0.000000,0.000000,0.000000,0.000000,0.000000,0.000000,1964,1,0.000000,0,0,0,1,1,TaskSwitchPedal,0.000000,1
20261007T102252334Z_a2ac4ef9bb5b432c8b5db52d721e2425,,,1,537,2026-10-07T10:23:24.3717191Z,32.025280,30.022922,1968,1,0,WaitingForPhaseBoundary,0,0,TaskSwitchDisplay,1,,Joystick,0.100000,0.000000,0.000000,0.000000,-1.000000,JoyStick1LeftSlider,0.000000,0.000000,0.000000,0.000000,0.000000,0.000000,0.000000,0.000000,0.000000,0.000000,1968,1,0.000000,0,0,0,1,1,TaskSwitchPedal,0.000000,1
20261007T102252334Z_a2ac4ef9bb5b432c8b5db52d721e2425,,,1,538,2026-10-07T10:23:24.4320714Z,32.085457,30.082882,1972,1,0,WaitingForPhaseBoundary,0,0,TaskSwitchDisplay,1,,Joystick,0.100000,0.000000,0.000000,0.000000,-1.000000,JoyStick1LeftSlider,0.000000,0.000000,0.000000,0.000000,0.000000,0.000000,0.000000,0.000000,0.000000,0.000000,1972,1,0.000000,0,0,0,1,1,TaskSwitchPedal,0.000000,1
20261007T102252334Z_a2ac4ef9bb5b432c8b5db52d721e2425,,,1,539,2026-10-07T10:23:24.4868689Z,32.140742,30.138598,1976,1,0,WaitingForPhaseBoundary,0,0,TaskSwitchDisplay,1,,Joystick,0.100000,0.000000,0.000000,0.000000,-1.000000,JoyStick1LeftSlider,0.000000,0.000000,0.000000,0.000000,0.000000,0.000000,0.000000,0.000000,0.000000,0.000000,1976,1,0.000000,0,0,0,1,1,TaskSwitchPedal,0.000000,1
20261007T102252334Z_a2ac4ef9bb5b432c8b5db52d721e2425,,,1,540,2026-10-07T10:23:24.5492441Z,32.203548,30.201517,1980,1,0,WaitingForPhaseBoundary,0,0,TaskSwitchDisplay,1,,Joystick,0.100000,0.000000,0.000000,0.000000,-1.000000,JoyStick1LeftSlider,0.000000,0.000000,0.000000,0.000000,0.000000,0.000000,0.000000,0.000000,0.000000,0.000000,1980,1,0.000000,0,0,0,1,1,TaskSwitchPedal,0.000000,1
20261007T102252334Z_a2ac4ef9bb5b432c8b5db52d721e2425,,,1,541,2026-10-07T10:23:24.6136360Z,32.266816,30.264764,1984,1,0,WaitingForPhaseBoundary,0,0,TaskSwitchDisplay,1,,Joystick,0.100000,0.000000,0.000000,0.000000,-1.000000,JoyStick1LeftSlider,0.000000,0.000000,0.000000,0.000000,0.000000,0.000000,0.000000,0.000000,0.000000,0.000000,1984,1,0.000000,0,0,0,1,1,TaskSwitchPedal,0.000000,1
20261007T102252334Z_a2ac4ef9bb5b432c8b5db52d721e2425,,,1,542,2026-10-07T10:23:24.6752468Z,32.329458,30.327166,1988,1,0,WaitingForPhaseBoundary,0,0,TaskSwitchDisplay,1,,Joystick,0.100000,0.000000,0.000000,0.000000,-1.000000,JoyStick1LeftSlider,0.000000,0.000000,0.000000,0.000000,0.000000,0.000000,0.000000,0.000000,0.000000,0.000000,1988,1,0.000000,0,0,0,1,1,TaskSwitchPedal,0.000000,1
20261007T102252334Z_a2ac4ef9bb5b432c8b5db52d721e2425,,,1,543,2026-10-07T10:23:24.7348787Z,32.388845,30.386729,1991,1,0,WaitingForPhaseBoundary,0,0,TaskSwitchDisplay,1,,Joystick,0.100000,0.000000,0.000000,0.000000,-1.000000,JoyStick1LeftSlider,0.000000,0.000000,0.000000,0.000000,0.000000,0.000000,0.000000,0.000000,0.000000,0.000000,1991,1,0.000000,0,0,0,1,1,TaskSwitchPedal,0.000000,1
20261007T102252334Z_a2ac4ef9bb5b432c8b5db52d721e2425,,,1,544,2026-10-07T10:23:24.7954270Z,32.449393,30.446959,1995,1,0,WaitingForPhaseBoundary,0,0,TaskSwitchDisplay,1,,Joystick,0.100000,0.000000,0.000000,0.000000,-1.000000,JoyStick1LeftSlider,0.000000,0.000000,0.000000,0.000000,0.000000,0.000000,0.000000,0.000000,0.000000,0.000000,1995,1,0.000000,0,0,0,1,1,TaskSwitchPedal,0.000000,1
20261007T102252334Z_a2ac4ef9bb5b432c8b5db52d721e2425,,,1,545,2026-10-07T10:23:24.8576092Z,32.510632,30.508524,1999,1,0,WaitingForPhaseBoundary,0,0,TaskSwitchDisplay,1,,Joystick,0.100000,0.000000,0.000000,0.000000,-1.000000,JoyStick1LeftSlider,0.000000,0.000000,0.000000,0.000000,0.000000,0.000000,0.000000,0.000000,0.000000,0.000000,1999,1,0.000000,0,0,0,1,1,TaskSwitchPedal,0.000000,1
20261007T102252334Z_a2ac4ef9bb5b432c8b5db52d721e2425,,,1,546,2026-10-07T10:23:24.9183121Z,32.571576,30.568898,2003,1,0,WaitingForPhaseBoundary,0,0,TaskSwitchDisplay,1,,Joystick,0.100000,0.000000,0.000000,0.000000,-1.000000,JoyStick1LeftSlider,0.000000,0.000000,0.000000,0.000000,0.000000,0.000000,0.000000,0.000000,0.000000,0.000000,2003,1,0.000000,0,0,0,1,1,TaskSwitchPedal,0.000000,1
20261007T102252334Z_a2ac4ef9bb5b432c8b5db52d721e2425,,,1,547,2026-10-07T10:23:24.9735776Z,32.626982,30.624347,2007,1,0,WaitingForPhaseBoundary,0,0,TaskSwitchDisplay,1,,Joystick,0.100000,0.000000,0.000000,0.000000,-1.000000,JoyStick1LeftSlider,0.000000,0.000000,0.000000,0.000000,0.000000,0.000000,0.000000,0.000000,0.000000,0.000000,2007,1,0.000000,0,0,0,1,1,TaskSwitchPedal,0.000000,1
20261007T102252334Z_a2ac4ef9bb5b432c8b5db52d721e2425,,,1,548,2026-10-07T10:23:25.0328903Z,32.685814,30.683588,2011,1,0,WaitingForPhaseBoundary,0,0,TaskSwitchDisplay,1,,Joystick,0.100000,0.000000,0.000000,0.000000,-1.000000,JoyStick1LeftSlider,0.000000,0.000000,0.000000,0.000000,0.000000,0.000000,0.000000,0.000000,0.000000,0.000000,2011,1,0.000000,0,0,0,1,1,TaskSwitchPedal,0.000000,1
20261007T102252334Z_a2ac4ef9bb5b432c8b5db52d721e2425,,,1,549,2026-10-07T10:23:25.0824932Z,32.736482,30.734182,2014,1,0,WaitingForPhaseBoundary,0,0,TaskSwitchDisplay,1,,Joystick,0.100000,0.000000,0.000000,0.000000,-1.000000,JoyStick1LeftSlider,0.000000,0.000000,0.000000,0.000000,0.000000,0.000000,0.000000,0.000000,0.000000,0.000000,2013,0,0.000000,0,0,0,1,1,TaskSwitchPedal,0.000000,1
20261007T102252334Z_a2ac4ef9bb5b432c8b5db52d721e2425,,,1,550,2026-10-07T10:23:25.1393477Z,32.793289,30.791012,2017,1,0,WaitingForPhaseBoundary,0,0,TaskSwitchDisplay,1,,Joystick,0.100000,0.000000,0.000000,0.000000,-1.000000,JoyStick1LeftSlider,0.000000,0.000000,0.000000,0.000000,0.000000,0.000000,0.000000,0.000000,0.000000,0.000000,2017,1,0.000000,0,0,0,1,1,TaskSwitchPedal,0.000000,1
20261007T102252334Z_a2ac4ef9bb5b432c8b5db52d721e2425,,,1,551,2026-10-07T10:23:25.1942884Z,32.847476,30.844674,2020,1,0,WaitingForPhaseBoundary,0,0,TaskSwitchDisplay,1,,Joystick,0.100000,0.000000,0.000000,0.000000,-1.000000,JoyStick1LeftSlider,0.000000,0.000000,0.000000,0.000000,0.000000,0.000000,0.000000,0.000000,0.000000,0.000000,2020,1,0.000000,0,0,0,1,1,TaskSwitchPedal,0.000000,1
20261007T102252334Z_a2ac4ef9bb5b432c8b5db52d721e2425,,,1,552,2026-10-07T10:23:25.2477803Z,32.901672,30.899052,2023,1,0,WaitingForPhaseBoundary,0,0,TaskSwitchDisplay,1,,Joystick,0.100000,0.000000,0.000000,0.000000,-1.000000,JoyStick1LeftSlider,0.000000,0.000000,0.000000,0.000000,0.000000,0.000000,0.000000,0.000000,0.000000,0.000000,2023,1,0.000000,0,0,0,1,1,TaskSwitchPedal,0.000000,1
20261007T102252334Z_a2ac4ef9bb5b432c8b5db52d721e2425,,,1,553,2026-10-07T10:23:25.3116898Z,32.965369,30.962962,2027,1,0,WaitingForPhaseBoundary,0,0,TaskSwitchDisplay,1,,Joystick,0.100000,0.000000,0.000000,0.000000,-1.000000,JoyStick1LeftSlider,0.000000,0.000000,0.000000,0.000000,0.000000,0.000000,0.000000,0.000000,0.000000,0.000000,2027,1,0.000000,0,0,0,1,1,TaskSwitchPedal,0.000000,1
20261007T102252334Z_a2ac4ef9bb5b432c8b5db52d721e2425,,,1,554,2026-10-07T10:23:25.3628417Z,33.016392,31.014876,2030,1,0,WaitingForPhaseBoundary,0,0,TaskSwitchDisplay,1,,Joystick,0.100000,0.000000,0.000000,0.000000,-1.000000,JoyStick1LeftSlider,0.000000,0.000000,0.000000,0.000000,0.000000,0.000000,0.000000,0.000000,0.000000,0.000000,2029,0,0.000000,0,0,0,1,1,TaskSwitchPedal,0.000000,1
20261007T102252334Z_a2ac4ef9bb5b432c8b5db52d721e2425,,,1,555,2026-10-07T10:23:25.4250740Z,33.078267,31.076347,2034,1,0,WaitingForPhaseBoundary,0,0,TaskSwitchDisplay,1,,Joystick,0.100000,0.000000,0.000000,0.000000,-1.000000,JoyStick1LeftSlider,0.000000,0.000000,0.000000,0.000000,0.000000,0.000000,0.000000,0.000000,0.000000,0.000000,2033,0,0.000000,0,0,0,1,1,TaskSwitchPedal,0.000000,1
20261007T102252334Z_a2ac4ef9bb5b432c8b5db52d721e2425,,,1,556,2026-10-07T10:23:25.4761951Z,33.130053,31.127467,2038,1,0,WaitingForPhaseBoundary,0,0,TaskSwitchDisplay,1,,Joystick,0.100000,0.000000,0.000000,0.000000,-1.000000,JoyStick1LeftSlider,0.000000,0.000000,0.000000,0.000000,0.000000,0.000000,0.000000,0.000000,0.000000,0.000000,2038,1,0.000000,0,0,0,1,1,TaskSwitchPedal,0.000000,1
20261007T102252334Z_a2ac4ef9bb5b432c8b5db52d721e2425,,,1,557,2026-10-07T10:23:25.5288449Z,33.182977,31.181047,2042,1,0,WaitingForPhaseBoundary,0,0,TaskSwitchDisplay,1,,Joystick,0.100000,0.000000,0.000000,0.000000,-1.000000,JoyStick1LeftSlider,0.000000,0.000000,0.000000,0.000000,0.000000,0.000000,0.000000,0.000000,0.000000,0.000000,2042,1,0.000000,0,0,0,1,1,TaskSwitchPedal,0.000000,1
20261007T102252334Z_a2ac4ef9bb5b432c8b5db52d721e2425,,,1,558,2026-10-07T10:23:25.5921807Z,33.245610,31.242987,2046,1,0,WaitingForPhaseBoundary,0,0,TaskSwitchDisplay,1,,Joystick,0.100000,0.000000,0.000000,0.000000,-1.000000,JoyStick1LeftSlider,0.000000,0.000000,0.000000,0.000000,0.000000,0.000000,0.000000,0.000000,0.000000,0.000000,2046,1,0.000000,0,0,0,1,1,TaskSwitchPedal,0.000000,1
20261007T102252334Z_a2ac4ef9bb5b432c8b5db52d721e2425,,,1,559,2026-10-07T10:23:25.6428618Z,33.296218,31.294715,2049,1,0,WaitingForPhaseBoundary,0,0,TaskSwitchDisplay,1,,Joystick,0.100000,0.000000,0.000000,0.000000,-1.000000,JoyStick1LeftSlider,0.000000,0.000000,0.000000,0.000000,0.000000,0.000000,0.000000,0.000000,0.000000,0.000000,2048,0,0.000000,0,0,0,1,1,TaskSwitchPedal,0.000000,1
20261007T102252334Z_a2ac4ef9bb5b432c8b5db52d721e2425,,,1,560,2026-10-07T10:23:25.7158467Z,33.370049,31.367776,2053,1,0,WaitingForPhaseBoundary,0,0,TaskSwitchDisplay,1,,Joystick,0.100000,0.000000,0.000000,0.000000,-1.000000,JoyStick1LeftSlider,0.000000,0.000000,0.000000,0.000000,0.000000,0.000000,0.000000,0.000000,0.000000,0.000000,2053,1,0.000000,0,0,0,1,1,TaskSwitchPedal,0.000000,1
20261007T102252334Z_a2ac4ef9bb5b432c8b5db52d721e2425,,,1,561,2026-10-07T10:23:25.7667907Z,33.420463,31.418463,2056,1,0,WaitingForPhaseBoundary,0,0,TaskSwitchDisplay,1,,Joystick,0.100000,0.000000,0.000000,0.000000,-1.000000,JoyStick1LeftSlider,0.000000,0.000000,0.000000,0.000000,0.000000,0.000000,0.000000,0.000000,0.000000,0.000000,2056,1,0.000000,0,0,0,1,1,TaskSwitchPedal,0.000000,1
20261007T102252334Z_a2ac4ef9bb5b432c8b5db52d721e2425,,,1,562,2026-10-07T10:23:25.8237826Z,33.477507,31.476022,2060,1,0,WaitingForPhaseBoundary,0,0,TaskSwitchDisplay,1,,Joystick,0.100000,0.000000,0.000000,0.000000,-1.000000,JoyStick1LeftSlider,0.000000,0.000000,0.000000,0.000000,0.000000,0.000000,0.000000,0.000000,0.000000,0.000000,2059,0,0.000000,0,0,0,1,1,TaskSwitchPedal,0.000000,1
20261007T102252334Z_a2ac4ef9bb5b432c8b5db52d721e2425,,,1,563,2026-10-07T10:23:25.8819642Z,33.535685,31.534188,2064,1,0,WaitingForPhaseBoundary,0,0,TaskSwitchDisplay,1,,Joystick,0.100000,0.000000,0.000000,0.000000,-1.000000,JoyStick1LeftSlider,0.000000,0.000000,0.000000,0.000000,0.000000,0.000000,0.000000,0.000000,0.000000,0.000000,2063,0,0.000000,0,0,0,1,1,TaskSwitchPedal,0.000000,1
20261007T102252334Z_a2ac4ef9bb5b432c8b5db52d721e2425,,,1,564,2026-10-07T10:23:25.9375542Z,33.590945,31.588725,2068,1,0,WaitingForPhaseBoundary,0,0,TaskSwitchDisplay,1,,Joystick,0.100000,0.000000,0.000000,0.000000,-1.000000,JoyStick1LeftSlider,0.000000,0.000000,0.000000,0.000000,0.000000,0.000000,0.000000,0.000000,0.000000,0.000000,2068,1,0.000000,0,0,0,1,1,TaskSwitchPedal,0.000000,1
20261007T102252334Z_a2ac4ef9bb5b432c8b5db52d721e2425,,,1,565,2026-10-07T10:23:25.9951822Z,33.648815,31.646824,2072,1,0,WaitingForPhaseBoundary,0,0,TaskSwitchDisplay,1,,Joystick,0.100000,0.000000,0.000000,0.000000,-1.000000,JoyStick1LeftSlider,0.000000,0.000000,0.000000,0.000000,0.000000,0.000000,0.000000,0.000000,0.000000,0.000000,2072,1,0.000000,0,0,0,1,1,TaskSwitchPedal,0.000000,1
20261007T102252334Z_a2ac4ef9bb5b432c8b5db52d721e2425,,,1,566,2026-10-07T10:23:26.0553676Z,33.708574,31.706517,2076,1,0,WaitingForPhaseBoundary,0,0,TaskSwitchDisplay,1,,Joystick,0.100000,0.000000,0.000000,0.000000,-1.000000,JoyStick1LeftSlider,0.000000,0.000000,0.000000,0.000000,0.000000,0.000000,0.000000,0.000000,0.000000,0.000000,2076,1,0.000000,0,0,0,1,1,TaskSwitchPedal,0.000000,1
20261007T102252334Z_a2ac4ef9bb5b432c8b5db52d721e2425,,,1,567,2026-10-07T10:23:26.1130289Z,33.766751,31.764682,2080,1,0,WaitingForPhaseBoundary,0,0,TaskSwitchDisplay,1,,Joystick,0.100000,0.000000,0.000000,0.000000,-1.000000,JoyStick1LeftSlider,0.000000,0.000000,0.000000,0.000000,0.000000,0.000000,0.000000,0.000000,0.000000,0.000000,2080,1,0.000000,0,0,0,1,1,TaskSwitchPedal,0.000000,1
20261007T102252334Z_a2ac4ef9bb5b432c8b5db52d721e2425,,,1,568,2026-10-07T10:23:26.1703547Z,33.823517,31.821402,2083,1,0,WaitingForPhaseBoundary,0,0,TaskSwitchDisplay,1,,Joystick,0.100000,0.000000,0.000000,0.000000,-1.000000,JoyStick1LeftSlider,0.000000,0.000000,0.000000,0.000000,0.000000,0.000000,0.000000,0.000000,0.000000,0.000000,2083,1,0.000000,0,0,0,1,1,TaskSwitchPedal,0.000000,1
20261007T102252334Z_a2ac4ef9bb5b432c8b5db52d721e2425,,,1,569,2026-10-07T10:23:26.2357363Z,33.889187,31.887004,2087,1,0,WaitingForPhaseBoundary,0,0,TaskSwitchDisplay,1,,Joystick,0.100000,0.000000,0.000000,0.000000,-1.000000,JoyStick1LeftSlider,0.000000,0.000000,0.000000,0.000000,0.000000,0.000000,0.000000,0.000000,0.000000,0.000000,2087,1,0.000000,0,0,0,1,1,TaskSwitchPedal,0.000000,1
20261007T102252334Z_a2ac4ef9bb5b432c8b5db52d721e2425,,,1,570,2026-10-07T10:23:26.2906305Z,33.944152,31.941879,2091,1,0,WaitingForPhaseBoundary,0,0,TaskSwitchDisplay,1,,Joystick,0.100000,0.000000,0.000000,0.000000,-1.000000,JoyStick1LeftSlider,0.000000,0.000000,0.000000,0.000000,0.000000,0.000000,0.000000,0.000000,0.000000,0.000000,2091,1,0.000000,0,0,0,1,1,TaskSwitchPedal,0.000000,1
20261007T102252334Z_a2ac4ef9bb5b432c8b5db52d721e2425,,,1,571,2026-10-07T10:23:26.3546271Z,34.008429,32.006217,2095,1,0,WaitingForPhaseBoundary,0,0,TaskSwitchDisplay,1,,Joystick,0.100000,0.000000,0.000000,0.000000,-1.000000,JoyStick1LeftSlider,0.000000,0.000000,0.000000,0.000000,0.000000,0.000000,0.000000,0.000000,0.000000,0.000000,2095,1,0.000000,0,0,0,1,1,TaskSwitchPedal,0.000000,1
20261007T102252334Z_a2ac4ef9bb5b432c8b5db52d721e2425,,,1,572,2026-10-07T10:23:26.4171648Z,34.070374,32.067907,2099,1,0,WaitingForPhaseBoundary,0,0,TaskSwitchDisplay,1,,Joystick,0.100000,0.000000,0.000000,0.000000,-1.000000,JoyStick1LeftSlider,0.000000,0.000000,0.000000,0.000000,0.000000,0.000000,0.000000,0.000000,0.000000,0.000000,2099,1,0.000000,0,0,0,1,1,TaskSwitchPedal,0.000000,1
20261007T102252334Z_a2ac4ef9bb5b432c8b5db52d721e2425,,,1,573,2026-10-07T10:23:26.4684399Z,34.121565,32.119406,2102,1,0,WaitingForPhaseBoundary,0,0,TaskSwitchDisplay,1,,Joystick,0.100000,0.000000,0.000000,0.000000,-1.000000,JoyStick1LeftSlider,0.000000,0.000000,0.000000,0.000000,0.000000,0.000000,0.000000,0.000000,0.000000,0.000000,2102,1,0.000000,0,0,0,1,1,TaskSwitchPedal,0.000000,1
20261007T102252334Z_a2ac4ef9bb5b432c8b5db52d721e2425,,,1,574,2026-10-07T10:23:26.5294005Z,34.182454,32.179964,2106,1,0,WaitingForPhaseBoundary,0,0,TaskSwitchDisplay,1,,Joystick,0.100000,0.000000,0.000000,0.000000,-1.000000,JoyStick1LeftSlider,0.000000,0.000000,0.000000,0.000000,0.000000,0.000000,0.000000,0.000000,0.000000,0.000000,2106,1,0.000000,0,0,0,1,1,TaskSwitchPedal,0.000000,1
20261007T102252334Z_a2ac4ef9bb5b432c8b5db52d721e2425,,,1,575,2026-10-07T10:23:26.5804761Z,34.234648,32.233151,2109,1,0,WaitingForPhaseBoundary,0,0,TaskSwitchDisplay,1,,Joystick,0.100000,0.000000,0.000000,0.000000,-1.000000,JoyStick1LeftSlider,0.000000,0.000000,0.000000,0.000000,0.000000,0.000000,0.000000,0.000000,0.000000,0.000000,2108,0,0.000000,0,0,0,1,1,TaskSwitchPedal,0.000000,1
20261007T102252334Z_a2ac4ef9bb5b432c8b5db52d721e2425,,,1,576,2026-10-07T10:23:26.6457512Z,34.299674,32.297020,2113,1,0,WaitingForPhaseBoundary,0,0,TaskSwitchDisplay,1,,Joystick,0.100000,0.000000,0.000000,0.000000,-1.000000,JoyStick1LeftSlider,0.000000,0.000000,0.000000,0.000000,0.000000,0.000000,0.000000,0.000000,0.000000,0.000000,2113,1,0.000000,0,0,0,1,1,TaskSwitchPedal,0.000000,1
20261007T102252334Z_a2ac4ef9bb5b432c8b5db52d721e2425,,,1,577,2026-10-07T10:23:26.7029245Z,34.356317,32.354845,2117,1,0,WaitingForPhaseBoundary,0,0,TaskSwitchDisplay,1,,Joystick,0.100000,0.000000,0.000000,0.000000,-1.000000,JoyStick1LeftSlider,0.000000,0.000000,0.000000,0.000000,0.000000,0.000000,0.000000,0.000000,0.000000,0.000000,2116,0,0.000000,0,0,0,1,1,TaskSwitchPedal,0.000000,1
20261007T102252334Z_a2ac4ef9bb5b432c8b5db52d721e2425,,,1,578,2026-10-07T10:23:26.7564569Z,34.409819,32.407187,2120,1,0,WaitingForPhaseBoundary,0,0,TaskSwitchDisplay,1,,Joystick,0.100000,0.000000,0.000000,0.000000,-1.000000,JoyStick1LeftSlider,0.000000,0.000000,0.000000,0.000000,0.000000,0.000000,0.000000,0.000000,0.000000,0.000000,2120,1,0.000000,0,0,0,1,1,TaskSwitchPedal,0.000000,1
20261007T102252334Z_a2ac4ef9bb5b432c8b5db52d721e2425,,,1,579,2026-10-07T10:23:26.8146417Z,34.468101,32.465987,2123,1,0,WaitingForPhaseBoundary,0,0,TaskSwitchDisplay,1,,Joystick,0.100000,0.000000,0.000000,0.000000,-1.000000,JoyStick1LeftSlider,0.000000,0.000000,0.000000,0.000000,0.000000,0.000000,0.000000,0.000000,0.000000,0.000000,2123,1,0.000000,0,0,0,1,1,TaskSwitchPedal,0.000000,1
20261007T102252334Z_a2ac4ef9bb5b432c8b5db52d721e2425,,,1,580,2026-10-07T10:23:26.8659861Z,34.519872,32.517481,2126,1,0,WaitingForPhaseBoundary,0,0,TaskSwitchDisplay,1,,Joystick,0.100000,0.000000,0.000000,0.000000,-1.000000,JoyStick1LeftSlider,0.000000,0.000000,0.000000,0.000000,0.000000,0.000000,0.000000,0.000000,0.000000,0.000000,2126,1,0.000000,0,0,0,1,1,TaskSwitchPedal,0.000000,1
20261007T102252334Z_a2ac4ef9bb5b432c8b5db52d721e2425,,,1,581,2026-10-07T10:23:26.9186030Z,34.571762,32.569039,2130,1,0,WaitingForPhaseBoundary,0,0,TaskSwitchDisplay,1,,Joystick,0.100000,0.000000,0.000000,0.000000,-1.000000,JoyStick1LeftSlider,0.000000,0.000000,0.000000,0.000000,0.000000,0.000000,0.000000,0.000000,0.000000,0.000000,2130,1,0.000000,0,0,0,1,1,TaskSwitchPedal,0.000000,1
20261007T102252334Z_a2ac4ef9bb5b432c8b5db52d721e2425,,,1,582,2026-10-07T10:23:26.9768372Z,34.630812,32.628524,2134,1,0,WaitingForPhaseBoundary,0,0,TaskSwitchDisplay,1,,Joystick,0.100000,0.000000,0.000000,0.000000,-1.000000,JoyStick1LeftSlider,0.000000,0.000000,0.000000,0.000000,0.000000,0.000000,0.000000,0.000000,0.000000,0.000000,2134,1,0.000000,0,0,0,1,1,TaskSwitchPedal,0.000000,1
20261007T102252334Z_a2ac4ef9bb5b432c8b5db52d721e2425,,,1,583,2026-10-07T10:23:27.0410184Z,34.694121,32.692039,2138,1,0,WaitingForPhaseBoundary,0,0,TaskSwitchDisplay,1,,Joystick,0.100000,0.000000,0.000000,0.000000,-1.000000,JoyStick1LeftSlider,0.000000,0.000000,0.000000,0.000000,0.000000,0.000000,0.000000,0.000000,0.000000,0.000000,2137,0,0.000000,0,0,0,1,1,TaskSwitchPedal,0.000000,1
20261007T102252334Z_a2ac4ef9bb5b432c8b5db52d721e2425,,,1,584,2026-10-07T10:23:27.0966877Z,34.749713,32.747507,2142,1,0,WaitingForPhaseBoundary,0,0,TaskSwitchDisplay,1,,Joystick,0.100000,0.000000,0.000000,0.000000,-1.000000,JoyStick1LeftSlider,0.000000,0.000000,0.000000,0.000000,0.000000,0.000000,0.000000,0.000000,0.000000,0.000000,2142,1,0.000000,0,0,0,1,1,TaskSwitchPedal,0.000000,1
20261007T102252334Z_a2ac4ef9bb5b432c8b5db52d721e2425,,,1,585,2026-10-07T10:23:27.1518031Z,34.805580,32.803147,2146,1,0,WaitingForPhaseBoundary,0,0,TaskSwitchDisplay,1,,Joystick,0.100000,0.000000,0.000000,0.000000,-1.000000,JoyStick1LeftSlider,0.000000,0.000000,0.000000,0.000000,0.000000,0.000000,0.000000,0.000000,0.000000,0.000000,2146,1,0.000000,0,0,0,1,1,TaskSwitchPedal,0.000000,1
20261007T102252334Z_a2ac4ef9bb5b432c8b5db52d721e2425,,,1,586,2026-10-07T10:23:27.2178610Z,34.871308,32.869183,2149,1,0,WaitingForPhaseBoundary,0,0,TaskSwitchDisplay,1,,Joystick,0.100000,0.000000,0.000000,0.000000,-1.000000,JoyStick1LeftSlider,0.000000,0.000000,0.000000,0.000000,0.000000,0.000000,0.000000,0.000000,0.000000,0.000000,2149,1,0.000000,0,0,0,1,1,TaskSwitchPedal,0.000000,1
20261007T102252334Z_a2ac4ef9bb5b432c8b5db52d721e2425,,,1,587,2026-10-07T10:23:27.2775540Z,34.931482,32.928734,2152,1,0,WaitingForPhaseBoundary,0,0,TaskSwitchDisplay,1,,Joystick,0.100000,0.000000,0.000000,0.000000,-1.000000,JoyStick1LeftSlider,0.000000,0.000000,0.000000,0.000000,0.000000,0.000000,0.000000,0.000000,0.000000,0.000000,2152,1,0.000000,0,0,0,1,1,TaskSwitchPedal,0.000000,1
20261007T102252334Z_a2ac4ef9bb5b432c8b5db52d721e2425,,,1,588,2026-10-07T10:23:27.3380900Z,34.991493,32.989406,2156,1,0,WaitingForPhaseBoundary,0,0,TaskSwitchDisplay,1,,Joystick,0.100000,0.000000,0.000000,0.000000,-1.000000,JoyStick1LeftSlider,0.000000,0.000000,0.000000,0.000000,0.000000,0.000000,0.000000,0.000000,0.000000,0.000000,2156,1,0.000000,0,0,0,1,1,TaskSwitchPedal,0.000000,1
20261007T102252334Z_a2ac4ef9bb5b432c8b5db52d721e2425,,,1,589,2026-10-07T10:23:27.3877077Z,35.041813,33.039421,2159,1,0,WaitingForPhaseBoundary,0,0,TaskSwitchDisplay,1,,Joystick,0.100000,0.000000,0.000000,0.000000,-1.000000,JoyStick1LeftSlider,0.000000,0.000000,0.000000,0.000000,0.000000,0.000000,0.000000,0.000000,0.000000,0.000000,2159,1,0.000000,0,0,0,1,1,TaskSwitchPedal,0.000000,1
20261007T102252334Z_a2ac4ef9bb5b432c8b5db52d721e2425,,,1,590,2026-10-07T10:23:27.4552805Z,35.109563,33.107015,2163,1,0,WaitingForPhaseBoundary,0,0,TaskSwitchDisplay,1,,Joystick,0.100000,0.000000,0.000000,0.000000,-1.000000,JoyStick1LeftSlider,0.000000,0.000000,0.000000,0.000000,0.000000,0.000000,0.000000,0.000000,0.000000,0.000000,2163,1,0.000000,0,0,0,1,1,TaskSwitchPedal,0.000000,1
20261007T102252334Z_a2ac4ef9bb5b432c8b5db52d721e2425,,,1,591,2026-10-07T10:23:27.5176867Z,35.171063,33.168430,2167,1,0,WaitingForPhaseBoundary,0,0,TaskSwitchDisplay,1,,Joystick,0.100000,0.000000,0.000000,0.000000,-1.000000,JoyStick1LeftSlider,0.000000,0.000000,0.000000,0.000000,0.000000,0.000000,0.000000,0.000000,0.000000,0.000000,2167,1,0.000000,0,0,0,1,1,TaskSwitchPedal,0.000000,1
20261007T102252334Z_a2ac4ef9bb5b432c8b5db52d721e2425,,,1,592,2026-10-07T10:23:27.5766398Z,35.229955,33.227748,2171,1,0,WaitingForPhaseBoundary,0,0,TaskSwitchDisplay,1,,Joystick,0.100000,0.000000,0.000000,0.000000,-1.000000,JoyStick1LeftSlider,0.000000,0.000000,0.000000,0.000000,0.000000,0.000000,0.000000,0.000000,0.000000,0.000000,2171,1,0.000000,0,0,0,1,1,TaskSwitchPedal,0.000000,1
20261007T102252334Z_a2ac4ef9bb5b432c8b5db52d721e2425,,,1,593,2026-10-07T10:23:27.6275718Z,35.281824,33.279225,2174,1,0,WaitingForPhaseBoundary,0,0,TaskSwitchDisplay,1,,Joystick,0.100000,0.000000,0.000000,0.000000,-1.000000,JoyStick1LeftSlider,0.000000,0.000000,0.000000,0.000000,0.000000,0.000000,0.000000,0.000000,0.000000,0.000000,2174,1,0.000000,0,0,0,1,1,TaskSwitchPedal,0.000000,1
20261007T102252334Z_a2ac4ef9bb5b432c8b5db52d721e2425,,,1,594,2026-10-07T10:23:27.6864452Z,35.340267,33.337778,2178,1,0,WaitingForPhaseBoundary,0,0,TaskSwitchDisplay,1,,Joystick,0.100000,0.000000,0.000000,0.000000,-1.000000,JoyStick1LeftSlider,0.000000,0.000000,0.000000,0.000000,0.000000,0.000000,0.000000,0.000000,0.000000,0.000000,2178,1,0.000000,0,0,0,1,1,TaskSwitchPedal,0.000000,1
20261007T102252334Z_a2ac4ef9bb5b432c8b5db52d721e2425,,,1,595,2026-10-07T10:23:27.7472824Z,35.401090,33.398990,2182,1,0,WaitingForPhaseBoundary,0,0,TaskSwitchDisplay,1,,Joystick,0.100000,0.000000,0.000000,0.000000,-1.000000,JoyStick1LeftSlider,0.000000,0.000000,0.000000,0.000000,0.000000,0.000000,0.000000,0.000000,0.000000,0.000000,2182,1,0.000000,0,0,0,1,1,TaskSwitchPedal,0.000000,1
20261007T102252334Z_a2ac4ef9bb5b432c8b5db52d721e2425,,,1,596,2026-10-07T10:23:27.8008205Z,35.454723,33.452348,2185,1,0,WaitingForPhaseBoundary,0,0,TaskSwitchDisplay,1,,Joystick,0.100000,0.000000,0.000000,0.000000,-1.000000,JoyStick1LeftSlider,0.000000,0.000000,0.000000,0.000000,0.000000,0.000000,0.000000,0.000000,0.000000,0.000000,2185,1,0.000000,0,0,0,1,1,TaskSwitchPedal,0.000000,1
20261007T102252334Z_a2ac4ef9bb5b432c8b5db52d721e2425,,,1,597,2026-10-07T10:23:27.8662627Z,35.519609,33.517008,2188,1,0,WaitingForPhaseBoundary,0,0,TaskSwitchDisplay,1,,Joystick,0.100000,0.000000,0.000000,0.000000,-1.000000,JoyStick1LeftSlider,0.000000,0.000000,0.000000,0.000000,0.000000,0.000000,0.000000,0.000000,0.000000,0.000000,2188,1,0.000000,0,0,0,1,1,TaskSwitchPedal,0.000000,1
20261007T102252334Z_a2ac4ef9bb5b432c8b5db52d721e2425,,,1,598,2026-10-07T10:23:27.9205492Z,35.573839,33.571374,2191,1,0,WaitingForPhaseBoundary,0,0,TaskSwitchDisplay,1,,Joystick,0.100000,0.000000,0.000000,0.000000,-1.000000,JoyStick1LeftSlider,0.000000,0.000000,0.000000,0.000000,0.000000,0.000000,0.000000,0.000000,0.000000,0.000000,2191,1,0.000000,0,0,0,1,1,TaskSwitchPedal,0.000000,1
20261007T102252334Z_a2ac4ef9bb5b432c8b5db52d721e2425,,,1,599,2026-10-07T10:23:27.9796418Z,35.633428,33.630946,2194,1,0,WaitingForPhaseBoundary,0,0,TaskSwitchDisplay,1,,Joystick,0.100000,0.000000,0.000000,0.000000,-1.000000,JoyStick1LeftSlider,0.000000,0.000000,0.000000,0.000000,0.000000,0.000000,0.000000,0.000000,0.000000,0.000000,2194,1,0.000000,0,0,0,1,1,TaskSwitchPedal,0.000000,1
20261007T102252334Z_a2ac4ef9bb5b432c8b5db52d721e2425,,,1,600,2026-10-07T10:23:28.0358270Z,35.689785,33.687216,2197,1,0,WaitingForPhaseBoundary,0,0,TaskSwitchDisplay,1,,Joystick,0.100000,0.000000,0.000000,0.000000,-1.000000,JoyStick1LeftSlider,0.000000,0.000000,0.000000,0.000000,0.000000,0.000000,0.000000,0.000000,0.000000,0.000000,2197,1,0.000000,0,0,0,1,1,TaskSwitchPedal,0.000000,1
20261007T102252334Z_a2ac4ef9bb5b432c8b5db52d721e2425,,,1,601,2026-10-07T10:23:28.0883413Z,35.742695,33.740372,2200,1,0,WaitingForPhaseBoundary,0,0,TaskSwitchDisplay,1,,Joystick,0.100000,0.000000,0.000000,0.000000,-1.000000,JoyStick1LeftSlider,0.000000,0.000000,0.000000,0.000000,0.000000,0.000000,0.000000,0.000000,0.000000,0.000000,2200,1,0.000000,0,0,0,1,1,TaskSwitchPedal,0.000000,1
20261007T102252334Z_a2ac4ef9bb5b432c8b5db52d721e2425,,,1,602,2026-10-07T10:23:28.1504906Z,35.804110,33.801796,2204,1,0,WaitingForPhaseBoundary,0,0,TaskSwitchDisplay,1,,Joystick,0.100000,0.000000,0.000000,0.000000,-1.000000,JoyStick1LeftSlider,0.000000,0.000000,0.000000,0.000000,0.000000,0.000000,0.000000,0.000000,0.000000,0.000000,2204,1,0.000000,0,0,0,1,1,TaskSwitchPedal,0.000000,1
20261007T102252334Z_a2ac4ef9bb5b432c8b5db52d721e2425,,,1,603,2026-10-07T10:23:28.2014292Z,35.855750,33.854316,2208,1,0,WaitingForPhaseBoundary,0,0,TaskSwitchDisplay,1,,Joystick,0.100000,0.000000,0.000000,0.000000,-1.000000,JoyStick1LeftSlider,0.000000,0.000000,0.000000,0.000000,0.000000,0.000000,0.000000,0.000000,0.000000,0.000000,2207,0,0.000000,0,0,0,1,1,TaskSwitchPedal,0.000000,1
20261007T102252334Z_a2ac4ef9bb5b432c8b5db52d721e2425,,,1,604,2026-10-07T10:23:28.2577782Z,35.911673,33.909325,2212,1,0,WaitingForPhaseBoundary,0,0,TaskSwitchDisplay,1,,Joystick,0.100000,0.000000,0.000000,0.000000,-1.000000,JoyStick1LeftSlider,0.000000,0.000000,0.000000,0.000000,0.000000,0.000000,0.000000,0.000000,0.000000,0.000000,2212,1,0.000000,0,0,0,1,1,TaskSwitchPedal,0.000000,1
20261007T102252334Z_a2ac4ef9bb5b432c8b5db52d721e2425,,,1,605,2026-10-07T10:23:28.3162596Z,35.970206,33.967016,2215,1,0,WaitingForPhaseBoundary,0,0,TaskSwitchDisplay,1,,Joystick,0.100000,0.000000,0.000000,0.000000,-1.000000,JoyStick1LeftSlider,0.000000,0.000000,0.000000,0.000000,0.000000,0.000000,0.000000,0.000000,0.000000,0.000000,2215,1,0.000000,0,0,0,1,1,TaskSwitchPedal,0.000000,1
20261007T102252334Z_a2ac4ef9bb5b432c8b5db52d721e2425,,,1,606,2026-10-07T10:23:28.3739163Z,36.027056,34.024760,2218,1,0,WaitingForPhaseBoundary,0,0,TaskSwitchDisplay,1,,Joystick,0.100000,0.000000,0.000000,0.000000,-1.000000,JoyStick1LeftSlider,0.000000,0.000000,0.000000,0.000000,0.000000,0.000000,0.000000,0.000000,0.000000,0.000000,2218,1,0.000000,0,0,0,1,1,TaskSwitchPedal,0.000000,1
20261007T102252334Z_a2ac4ef9bb5b432c8b5db52d721e2425,,,1,607,2026-10-07T10:23:28.4371160Z,36.090386,34.088291,2222,1,0,WaitingForPhaseBoundary,0,0,TaskSwitchDisplay,1,,Joystick,0.100000,0.000000,0.000000,0.000000,-1.000000,JoyStick1LeftSlider,0.000000,0.000000,0.000000,0.000000,0.000000,0.000000,0.000000,0.000000,0.000000,0.000000,2222,1,0.000000,0,0,0,1,1,TaskSwitchPedal,0.000000,1
20261007T102252334Z_a2ac4ef9bb5b432c8b5db52d721e2425,,,1,608,2026-10-07T10:23:28.4938598Z,36.147767,34.145513,2225,1,0,WaitingForPhaseBoundary,0,0,TaskSwitchDisplay,1,,Joystick,0.100000,0.000000,0.000000,0.000000,-1.000000,JoyStick1LeftSlider,0.000000,0.000000,0.000000,0.000000,0.000000,0.000000,0.000000,0.000000,0.000000,0.000000,2225,1,0.000000,0,0,0,1,1,TaskSwitchPedal,0.000000,1
20261007T102252334Z_a2ac4ef9bb5b432c8b5db52d721e2425,,,1,609,2026-10-07T10:23:28.5531968Z,36.206730,34.204389,2229,1,0,WaitingForPhaseBoundary,0,0,TaskSwitchDisplay,1,,Joystick,0.100000,0.000000,0.000000,0.000000,-1.000000,JoyStick1LeftSlider,0.000000,0.000000,0.000000,0.000000,0.000000,0.000000,0.000000,0.000000,0.000000,0.000000,2229,1,0.000000,0,0,0,1,1,TaskSwitchPedal,0.000000,1
20261007T102252334Z_a2ac4ef9bb5b432c8b5db52d721e2425,,,1,610,2026-10-07T10:23:28.6143864Z,36.267925,34.265699,2233,1,0,WaitingForPhaseBoundary,0,0,TaskSwitchDisplay,1,,Joystick,0.100000,0.000000,0.000000,0.000000,-1.000000,JoyStick1LeftSlider,0.000000,0.000000,0.000000,0.000000,0.000000,0.000000,0.000000,0.000000,0.000000,0.000000,2233,1,0.000000,0,0,0,1,1,TaskSwitchPedal,0.000000,1
20261007T102252334Z_a2ac4ef9bb5b432c8b5db52d721e2425,,,1,611,2026-10-07T10:23:28.6694755Z,36.322786,34.320514,2237,1,0,WaitingForPhaseBoundary,0,0,TaskSwitchDisplay,1,,Joystick,0.100000,0.000000,0.000000,0.000000,-1.000000,JoyStick1LeftSlider,0.000000,0.000000,0.000000,0.000000,0.000000,0.000000,0.000000,0.000000,0.000000,0.000000,2237,1,0.000000,0,0,0,1,1,TaskSwitchPedal,0.000000,1
20261007T102252334Z_a2ac4ef9bb5b432c8b5db52d721e2425,,,1,612,2026-10-07T10:23:28.7322142Z,36.385526,34.383032,2241,1,0,WaitingForPhaseBoundary,0,0,TaskSwitchDisplay,1,,Joystick,0.100000,0.000000,0.000000,0.000000,-1.000000,JoyStick1LeftSlider,0.000000,0.000000,0.000000,0.000000,0.000000,0.000000,0.000000,0.000000,0.000000,0.000000,2241,1,0.000000,0,0,0,1,1,TaskSwitchPedal,0.000000,1
20261007T102252334Z_a2ac4ef9bb5b432c8b5db52d721e2425,,,1,613,2026-10-07T10:23:28.7928278Z,36.446835,34.444000,2245,1,0,WaitingForPhaseBoundary,0,0,TaskSwitchDisplay,1,,Joystick,0.100000,0.000000,0.000000,0.000000,-1.000000,JoyStick1LeftSlider,0.000000,0.000000,0.000000,0.000000,0.000000,0.000000,0.000000,0.000000,0.000000,0.000000,2245,1,0.000000,0,0,0,1,1,TaskSwitchPedal,0.000000,1
20261007T102252334Z_a2ac4ef9bb5b432c8b5db52d721e2425,,,1,614,2026-10-07T10:23:28.8559720Z,36.509034,34.507059,2249,1,0,WaitingForPhaseBoundary,0,0,TaskSwitchDisplay,1,,Joystick,0.100000,0.000000,0.000000,0.000000,-1.000000,JoyStick1LeftSlider,0.000000,0.000000,0.000000,0.000000,0.000000,0.000000,0.000000,0.000000,0.000000,0.000000,2249,1,0.000000,0,0,0,1,1,TaskSwitchPedal,0.000000,1
20261007T102252334Z_a2ac4ef9bb5b432c8b5db52d721e2425,,,1,615,2026-10-07T10:23:28.9070438Z,36.560348,34.558355,2252,1,0,WaitingForPhaseBoundary,0,0,TaskSwitchDisplay,1,,Joystick,0.100000,0.000000,0.000000,0.000000,-1.000000,JoyStick1LeftSlider,0.000000,0.000000,0.000000,0.000000,0.000000,0.000000,0.000000,0.000000,0.000000,0.000000,2252,1,0.000000,0,0,0,1,1,TaskSwitchPedal,0.000000,1
20261007T102252334Z_a2ac4ef9bb5b432c8b5db52d721e2425,,,1,616,2026-10-07T10:23:28.9604684Z,36.614237,34.612370,2256,1,0,WaitingForPhaseBoundary,0,0,TaskSwitchDisplay,1,,Joystick,0.100000,0.000000,0.000000,0.000000,-1.000000,JoyStick1LeftSlider,0.000000,0.000000,0.000000,0.000000,0.000000,0.000000,0.000000,0.000000,0.000000,0.000000,2255,0,0.000000,0,0,0,1,1,TaskSwitchPedal,0.000000,1
20261007T102252334Z_a2ac4ef9bb5b432c8b5db52d721e2425,,,1,617,2026-10-07T10:23:29.0273877Z,36.681027,34.678907,2259,1,0,WaitingForPhaseBoundary,0,0,TaskSwitchDisplay,1,,Joystick,0.100000,0.000000,0.000000,0.000000,-1.000000,JoyStick1LeftSlider,0.000000,0.000000,0.000000,0.000000,0.000000,0.000000,0.000000,0.000000,0.000000,0.000000,2259,1,0.000000,0,0,0,1,1,TaskSwitchPedal,0.000000,1
20261007T102252334Z_a2ac4ef9bb5b432c8b5db52d721e2425,,,1,618,2026-10-07T10:23:29.1006533Z,36.754054,34.751083,2263,1,0,WaitingForPhaseBoundary,0,0,TaskSwitchDisplay,1,,Joystick,0.100000,0.000000,0.000000,0.000000,-1.000000,JoyStick1LeftSlider,0.000000,0.000000,0.000000,0.000000,0.000000,0.000000,0.000000,0.000000,0.000000,0.000000,2263,1,0.000000,0,0,0,1,1,TaskSwitchPedal,0.000000,1
20261007T102252334Z_a2ac4ef9bb5b432c8b5db52d721e2425,,,1,619,2026-10-07T10:23:29.1667485Z,36.820427,34.818194,2267,1,0,WaitingForPhaseBoundary,0,0,TaskSwitchDisplay,1,,Joystick,0.100000,0.000000,0.000000,0.000000,-1.000000,JoyStick1LeftSlider,0.000000,0.000000,0.000000,0.000000,0.000000,0.000000,0.000000,0.000000,0.000000,0.000000,2267,1,0.000000,0,0,0,1,1,TaskSwitchPedal,0.000000,1
20261007T102252334Z_a2ac4ef9bb5b432c8b5db52d721e2425,,,1,620,2026-10-07T10:23:29.2293838Z,36.882697,34.879642,2270,1,0,WaitingForPhaseBoundary,0,0,TaskSwitchDisplay,1,,Joystick,0.100000,0.000000,0.000000,0.000000,-1.000000,JoyStick1LeftSlider,0.000000,0.000000,0.000000,0.000000,0.000000,0.000000,0.000000,0.000000,0.000000,0.000000,2270,1,0.000000,0,0,0,1,1,TaskSwitchPedal,0.000000,1
20261007T102252334Z_a2ac4ef9bb5b432c8b5db52d721e2425,,,1,621,2026-10-07T10:23:29.2788308Z,36.933241,34.931046,2273,1,0,WaitingForPhaseBoundary,0,0,TaskSwitchDisplay,1,,Joystick,0.100000,0.000000,0.000000,0.000000,-1.000000,JoyStick1LeftSlider,0.000000,0.000000,0.000000,0.000000,0.000000,0.000000,0.000000,0.000000,0.000000,0.000000,2273,1,0.000000,0,0,0,1,1,TaskSwitchPedal,0.000000,1
20261007T102252334Z_a2ac4ef9bb5b432c8b5db52d721e2425,,,1,622,2026-10-07T10:23:29.3354093Z,36.989441,34.987008,2276,1,0,WaitingForPhaseBoundary,0,0,TaskSwitchDisplay,1,,Joystick,0.100000,0.000000,0.000000,0.000000,-1.000000,JoyStick1LeftSlider,0.000000,0.000000,0.000000,0.000000,0.000000,0.000000,0.000000,0.000000,0.000000,0.000000,2276,1,0.000000,0,0,0,1,1,TaskSwitchPedal,0.000000,1
20261007T102252334Z_a2ac4ef9bb5b432c8b5db52d721e2425,,,1,623,2026-10-07T10:23:29.3977100Z,37.051354,35.049064,2280,1,0,WaitingForPhaseBoundary,0,0,TaskSwitchDisplay,1,,Joystick,0.100000,0.000000,0.000000,0.000000,-1.000000,JoyStick1LeftSlider,0.000000,0.000000,0.000000,0.000000,0.000000,0.000000,0.000000,0.000000,0.000000,0.000000,2280,1,0.000000,0,0,0,1,1,TaskSwitchPedal,0.000000,1
20261007T102252334Z_a2ac4ef9bb5b432c8b5db52d721e2425,,,1,624,2026-10-07T10:23:29.4662337Z,37.119652,35.117559,2284,1,0,WaitingForPhaseBoundary,0,0,TaskSwitchDisplay,1,,Joystick,0.100000,0.000000,0.000000,0.000000,-1.000000,JoyStick1LeftSlider,0.000000,0.000000,0.000000,0.000000,0.000000,0.000000,0.000000,0.000000,0.000000,0.000000,2284,1,0.000000,0,0,0,1,1,TaskSwitchPedal,0.000000,1
20261007T102252334Z_a2ac4ef9bb5b432c8b5db52d721e2425,,,1,625,2026-10-07T10:23:29.5328109Z,37.186638,35.184736,2288,1,0,WaitingForPhaseBoundary,0,0,TaskSwitchDisplay,1,,Joystick,0.100000,0.000000,0.000000,0.000000,-1.000000,JoyStick1LeftSlider,0.000000,0.000000,0.000000,0.000000,0.000000,0.000000,0.000000,0.000000,0.000000,0.000000,2288,1,0.000000,0,0,0,1,1,TaskSwitchPedal,0.000000,1
20261007T102252334Z_a2ac4ef9bb5b432c8b5db52d721e2425,,,1,626,2026-10-07T10:23:29.5947705Z,37.248075,35.245804,2292,1,0,WaitingForPhaseBoundary,0,0,TaskSwitchDisplay,1,,Joystick,0.100000,0.000000,0.000000,0.000000,-1.000000,JoyStick1LeftSlider,0.000000,0.000000,0.000000,0.000000,0.000000,0.000000,0.000000,0.000000,0.000000,0.000000,2292,1,0.000000,0,0,0,1,1,TaskSwitchPedal,0.000000,1
20261007T102252334Z_a2ac4ef9bb5b432c8b5db52d721e2425,,,1,627,2026-10-07T10:23:29.6559166Z,37.310237,35.308257,2296,1,0,WaitingForPhaseBoundary,0,0,TaskSwitchDisplay,1,,Joystick,0.100000,0.000000,0.000000,0.000000,-1.000000,JoyStick1LeftSlider,0.000000,0.000000,0.000000,0.000000,0.000000,0.000000,0.000000,0.000000,0.000000,0.000000,2296,1,0.000000,0,0,0,1,1,TaskSwitchPedal,0.000000,1
20261007T102252334Z_a2ac4ef9bb5b432c8b5db52d721e2425,,,1,628,2026-10-07T10:23:29.7133446Z,37.366551,35.364137,2300,1,0,WaitingForPhaseBoundary,0,0,TaskSwitchDisplay,1,,Joystick,0.100000,0.000000,0.000000,0.000000,-1.000000,JoyStick1LeftSlider,0.000000,0.000000,0.000000,0.000000,0.000000,0.000000,0.000000,0.000000,0.000000,0.000000,2300,1,0.000000,0,0,0,1,1,TaskSwitchPedal,0.000000,1
20261007T102252334Z_a2ac4ef9bb5b432c8b5db52d721e2425,,,1,629,2026-10-07T10:23:29.7711449Z,37.424384,35.422379,2304,1,0,WaitingForPhaseBoundary,0,0,TaskSwitchDisplay,1,,Joystick,0.100000,0.000000,0.000000,0.000000,-1.000000,JoyStick1LeftSlider,0.000000,0.000000,0.000000,0.000000,0.000000,0.000000,0.000000,0.000000,0.000000,0.000000,2304,1,0.000000,0,0,0,1,1,TaskSwitchPedal,0.000000,1
20261007T102252334Z_a2ac4ef9bb5b432c8b5db52d721e2425,,,1,630,2026-10-07T10:23:29.8321115Z,37.485707,35.483465,2308,1,0,WaitingForPhaseBoundary,0,0,TaskSwitchDisplay,1,,Joystick,0.100000,0.000000,0.000000,0.000000,-1.000000,JoyStick1LeftSlider,0.000000,0.000000,0.000000,0.000000,0.000000,0.000000,0.000000,0.000000,0.000000,0.000000,2308,1,0.000000,0,0,0,1,1,TaskSwitchPedal,0.000000,1
20261007T102252334Z_a2ac4ef9bb5b432c8b5db52d721e2425,,,1,631,2026-10-07T10:23:29.8929705Z,37.546346,35.544123,2312,1,0,WaitingForPhaseBoundary,0,0,TaskSwitchDisplay,1,,Joystick,0.100000,0.000000,0.000000,0.000000,-1.000000,JoyStick1LeftSlider,0.000000,0.000000,0.000000,0.000000,0.000000,0.000000,0.000000,0.000000,0.000000,0.000000,2312,1,0.000000,0,0,0,1,1,TaskSwitchPedal,0.000000,1
20261007T102252334Z_a2ac4ef9bb5b432c8b5db52d721e2425,,,1,632,2026-10-07T10:23:29.9491262Z,37.602134,35.599746,2316,1,0,WaitingForPhaseBoundary,0,0,TaskSwitchDisplay,1,,Joystick,0.100000,0.000000,0.000000,0.000000,-1.000000,JoyStick1LeftSlider,0.000000,0.000000,0.000000,0.000000,0.000000,0.000000,0.000000,0.000000,0.000000,0.000000,2316,1,0.000000,0,0,0,1,1,TaskSwitchPedal,0.000000,1
20261007T102252334Z_a2ac4ef9bb5b432c8b5db52d721e2425,,,1,633,2026-10-07T10:23:30.0146341Z,37.668195,35.664955,2320,1,0,WaitingForPhaseBoundary,0,0,TaskSwitchDisplay,1,,Joystick,0.100000,0.000000,0.000000,0.000000,-1.000000,JoyStick1LeftSlider,0.000000,0.000000,0.000000,0.000000,0.000000,0.000000,0.000000,0.000000,0.000000,0.000000,2320,1,0.000000,0,0,0,1,1,TaskSwitchPedal,0.000000,1
20261007T102252334Z_a2ac4ef9bb5b432c8b5db52d721e2425,,,1,634,2026-10-07T10:23:30.0793511Z,37.732754,35.729989,2323,1,0,WaitingForPhaseBoundary,0,0,TaskSwitchDisplay,1,,Joystick,0.100000,0.000000,0.000000,0.000000,-1.000000,JoyStick1LeftSlider,0.000000,0.000000,0.000000,0.000000,0.000000,0.000000,0.000000,0.000000,0.000000,0.000000,2323,1,0.000000,0,0,0,1,1,TaskSwitchPedal,0.000000,1
20261007T102252334Z_a2ac4ef9bb5b432c8b5db52d721e2425,,,1,635,2026-10-07T10:23:30.1427464Z,37.795754,35.793169,2326,1,0,WaitingForPhaseBoundary,0,0,TaskSwitchDisplay,1,,Joystick,0.100000,0.000000,0.000000,0.000000,-1.000000,JoyStick1LeftSlider,0.000000,0.000000,0.000000,0.000000,0.000000,0.000000,0.000000,0.000000,0.000000,0.000000,2326,1,0.000000,0,0,0,1,1,TaskSwitchPedal,0.000000,1
20261007T102252334Z_a2ac4ef9bb5b432c8b5db52d721e2425,,,1,636,2026-10-07T10:23:30.2061567Z,37.859200,35.857191,2330,1,0,WaitingForPhaseBoundary,0,0,TaskSwitchDisplay,1,,Joystick,0.100000,0.000000,0.000000,0.000000,-1.000000,JoyStick1LeftSlider,0.000000,0.000000,0.000000,0.000000,0.000000,0.000000,0.000000,0.000000,0.000000,0.000000,2330,1,0.000000,0,0,0,1,1,TaskSwitchPedal,0.000000,1
20261007T102252334Z_a2ac4ef9bb5b432c8b5db52d721e2425,,,1,637,2026-10-07T10:23:30.2625107Z,37.915849,35.913478,2334,1,0,WaitingForPhaseBoundary,0,0,TaskSwitchDisplay,1,,Joystick,0.100000,0.000000,0.000000,0.000000,-1.000000,JoyStick1LeftSlider,0.000000,0.000000,0.000000,0.000000,0.000000,0.000000,0.000000,0.000000,0.000000,0.000000,2333,0,0.000000,0,0,0,1,1,TaskSwitchPedal,0.000000,1
20261007T102252334Z_a2ac4ef9bb5b432c8b5db52d721e2425,,,1,638,2026-10-07T10:23:30.3181038Z,37.972361,35.970230,2338,1,0,WaitingForPhaseBoundary,0,0,TaskSwitchDisplay,1,,Joystick,0.100000,0.000000,0.000000,0.000000,-1.000000,JoyStick1LeftSlider,0.000000,0.000000,0.000000,0.000000,0.000000,0.000000,0.000000,0.000000,0.000000,0.000000,2338,1,0.000000,0,0,0,1,1,TaskSwitchPedal,0.000000,1
20261007T102252334Z_a2ac4ef9bb5b432c8b5db52d721e2425,,,1,639,2026-10-07T10:23:30.3783688Z,38.032046,36.029760,2342,1,0,WaitingForPhaseBoundary,0,0,TaskSwitchDisplay,1,,Joystick,0.100000,0.000000,0.000000,0.000000,-1.000000,JoyStick1LeftSlider,0.000000,0.000000,0.000000,0.000000,0.000000,0.000000,0.000000,0.000000,0.000000,0.000000,2342,1,0.000000,0,0,0,1,1,TaskSwitchPedal,0.000000,1
20261007T102252334Z_a2ac4ef9bb5b432c8b5db52d721e2425,,,1,640,2026-10-07T10:23:30.4430562Z,38.096183,36.094518,2346,1,0,WaitingForPhaseBoundary,0,0,TaskSwitchDisplay,1,,Joystick,0.100000,0.000000,0.000000,0.000000,-1.000000,JoyStick1LeftSlider,0.000000,0.000000,0.000000,0.000000,0.000000,0.000000,0.000000,0.000000,0.000000,0.000000,2345,0,0.000000,0,0,0,1,1,TaskSwitchPedal,0.000000,1
20261007T102252334Z_a2ac4ef9bb5b432c8b5db52d721e2425,,,1,641,2026-10-07T10:23:30.5069608Z,38.160468,36.157783,2350,1,0,WaitingForPhaseBoundary,0,0,TaskSwitchDisplay,1,,Joystick,0.100000,0.000000,0.000000,0.000000,-1.000000,JoyStick1LeftSlider,0.000000,0.000000,0.000000,0.000000,0.000000,0.000000,0.000000,0.000000,0.000000,0.000000,2350,1,0.000000,0,0,0,1,1,TaskSwitchPedal,0.000000,1
20261007T102252334Z_a2ac4ef9bb5b432c8b5db52d721e2425,,,1,642,2026-10-07T10:23:30.5571954Z,38.210965,36.208364,2353,1,0,WaitingForPhaseBoundary,0,0,TaskSwitchDisplay,1,,Joystick,0.100000,0.000000,0.000000,0.000000,-1.000000,JoyStick1LeftSlider,0.000000,0.000000,0.000000,0.000000,0.000000,0.000000,0.000000,0.000000,0.000000,0.000000,2353,1,0.000000,0,0,0,1,1,TaskSwitchPedal,0.000000,1
20261007T102252334Z_a2ac4ef9bb5b432c8b5db52d721e2425,,,1,643,2026-10-07T10:23:30.6205906Z,38.274422,36.271527,2356,1,0,WaitingForPhaseBoundary,0,0,TaskSwitchDisplay,1,,Joystick,0.100000,0.000000,0.000000,0.000000,-1.000000,JoyStick1LeftSlider,0.000000,0.000000,0.000000,0.000000,0.000000,0.000000,0.000000,0.000000,0.000000,0.000000,2356,1,0.000000,0,0,0,1,1,TaskSwitchPedal,0.000000,1
20261007T102252334Z_a2ac4ef9bb5b432c8b5db52d721e2425,,,1,644,2026-10-07T10:23:30.6754828Z,38.329723,36.327159,2359,1,0,WaitingForPhaseBoundary,0,0,TaskSwitchDisplay,1,,Joystick,0.100000,0.000000,0.000000,0.000000,-1.000000,JoyStick1LeftSlider,0.000000,0.000000,0.000000,0.000000,0.000000,0.000000,0.000000,0.000000,0.000000,0.000000,2359,1,0.000000,0,0,0,1,1,TaskSwitchPedal,0.000000,1
20261007T102252334Z_a2ac4ef9bb5b432c8b5db52d721e2425,,,1,645,2026-10-07T10:23:30.7273059Z,38.381089,36.378573,2362,1,0,WaitingForPhaseBoundary,0,0,TaskSwitchDisplay,1,,Joystick,0.100000,0.000000,0.000000,0.000000,-1.000000,JoyStick1LeftSlider,0.000000,0.000000,0.000000,0.000000,0.000000,0.000000,0.000000,0.000000,0.000000,0.000000,2362,1,0.000000,0,0,0,1,1,TaskSwitchPedal,0.000000,1
20261007T102252334Z_a2ac4ef9bb5b432c8b5db52d721e2425,,,1,646,2026-10-07T10:23:30.7879088Z,38.441642,36.439130,2366,1,0,WaitingForPhaseBoundary,0,0,TaskSwitchDisplay,1,,Joystick,0.100000,0.000000,0.000000,0.000000,-1.000000,JoyStick1LeftSlider,0.000000,0.000000,0.000000,0.000000,0.000000,0.000000,0.000000,0.000000,0.000000,0.000000,2366,1,0.000000,0,0,0,1,1,TaskSwitchPedal,0.000000,1
20261007T102252334Z_a2ac4ef9bb5b432c8b5db52d721e2425,,,1,647,2026-10-07T10:23:30.8381480Z,38.491968,36.488557,2369,1,0,WaitingForPhaseBoundary,0,0,TaskSwitchDisplay,1,,Joystick,0.100000,0.000000,0.000000,0.000000,-1.000000,JoyStick1LeftSlider,0.000000,0.000000,0.000000,0.000000,0.000000,0.000000,0.000000,0.000000,0.000000,0.000000,2369,1,0.000000,0,0,0,1,1,TaskSwitchPedal,0.000000,1
20261007T102252334Z_a2ac4ef9bb5b432c8b5db52d721e2425,,,1,648,2026-10-07T10:23:30.8914201Z,38.544615,36.541970,2372,1,0,WaitingForPhaseBoundary,0,0,TaskSwitchDisplay,1,,Joystick,0.100000,0.000000,0.000000,0.000000,-1.000000,JoyStick1LeftSlider,0.000000,0.000000,0.000000,0.000000,0.000000,0.000000,0.000000,0.000000,0.000000,0.000000,2372,1,0.000000,0,0,0,1,1,TaskSwitchPedal,0.000000,1
20261007T102252334Z_a2ac4ef9bb5b432c8b5db52d721e2425,,,1,649,2026-10-07T10:23:30.9553287Z,38.608743,36.606496,2375,1,0,WaitingForPhaseBoundary,0,0,TaskSwitchDisplay,1,,Joystick,0.100000,0.000000,0.000000,0.000000,-1.000000,JoyStick1LeftSlider,0.000000,0.000000,0.000000,0.000000,0.000000,0.000000,0.000000,0.000000,0.000000,0.000000,2375,1,0.000000,0,0,0,1,1,TaskSwitchPedal,0.000000,1
20261007T102252334Z_a2ac4ef9bb5b432c8b5db52d721e2425,,,1,650,2026-10-07T10:23:31.0074753Z,38.661393,36.659089,2378,1,0,WaitingForPhaseBoundary,0,0,TaskSwitchDisplay,1,,Joystick,0.100000,0.000000,0.000000,0.000000,-1.000000,JoyStick1LeftSlider,0.000000,0.000000,0.000000,0.000000,0.000000,0.000000,0.000000,0.000000,0.000000,0.000000,2378,1,0.000000,0,0,0,1,1,TaskSwitchPedal,0.000000,1
20261007T102252334Z_a2ac4ef9bb5b432c8b5db52d721e2425,,,1,651,2026-10-07T10:23:31.0708489Z,38.724068,36.721792,2382,1,0,WaitingForPhaseBoundary,0,0,TaskSwitchDisplay,1,,Joystick,0.100000,0.000000,0.000000,0.000000,-1.000000,JoyStick1LeftSlider,0.000000,0.000000,0.000000,0.000000,0.000000,0.000000,0.000000,0.000000,0.000000,0.000000,2382,1,0.000000,0,0,0,1,1,TaskSwitchPedal,0.000000,1
20261007T102252334Z_a2ac4ef9bb5b432c8b5db52d721e2425,,,1,652,2026-10-07T10:23:31.1339369Z,38.787789,36.785287,2386,1,0,WaitingForPhaseBoundary,0,0,TaskSwitchDisplay,1,,Joystick,0.100000,0.000000,0.000000,0.000000,-1.000000,JoyStick1LeftSlider,0.000000,0.000000,0.000000,0.000000,0.000000,0.000000,0.000000,0.000000,0.000000,0.000000,2386,1,0.000000,0,0,0,1,1,TaskSwitchPedal,0.000000,1
20261007T102252334Z_a2ac4ef9bb5b432c8b5db52d721e2425,,,1,653,2026-10-07T10:23:31.1923617Z,38.845725,36.842988,2390,1,0,WaitingForPhaseBoundary,0,0,TaskSwitchDisplay,1,,Joystick,0.100000,0.000000,0.000000,0.000000,-1.000000,JoyStick1LeftSlider,0.000000,0.000000,0.000000,0.000000,0.000000,0.000000,0.000000,0.000000,0.000000,0.000000,2390,1,0.000000,0,0,0,1,1,TaskSwitchPedal,0.000000,1
20261007T102252334Z_a2ac4ef9bb5b432c8b5db52d721e2425,,,1,654,2026-10-07T10:23:31.2543549Z,38.907359,36.905105,2394,1,0,WaitingForPhaseBoundary,0,0,TaskSwitchDisplay,1,,Joystick,0.100000,0.000000,0.000000,0.000000,-1.000000,JoyStick1LeftSlider,0.000000,0.000000,0.000000,0.000000,0.000000,0.000000,0.000000,0.000000,0.000000,0.000000,2394,1,0.000000,0,0,0,1,1,TaskSwitchPedal,0.000000,1
20261007T102252334Z_a2ac4ef9bb5b432c8b5db52d721e2425,,,1,655,2026-10-07T10:23:31.3143484Z,38.967604,36.964652,2398,1,0,WaitingForPhaseBoundary,0,0,TaskSwitchDisplay,1,,Joystick,0.100000,0.000000,0.000000,0.000000,-1.000000,JoyStick1LeftSlider,0.000000,0.000000,0.000000,0.000000,0.000000,0.000000,0.000000,0.000000,0.000000,0.000000,2398,1,0.000000,0,0,0,1,1,TaskSwitchPedal,0.000000,1
20261007T102252334Z_a2ac4ef9bb5b432c8b5db52d721e2425,,,1,656,2026-10-07T10:23:31.3707630Z,39.024836,37.022503,2401,1,0,WaitingForPhaseBoundary,0,0,TaskSwitchDisplay,1,,Joystick,0.100000,0.000000,0.000000,0.000000,-1.000000,JoyStick1LeftSlider,0.000000,0.000000,0.000000,0.000000,0.000000,0.000000,0.000000,0.000000,0.000000,0.000000,2401,1,0.000000,0,0,0,1,1,TaskSwitchPedal,0.000000,1
20261007T102252334Z_a2ac4ef9bb5b432c8b5db52d721e2425,,,1,657,2026-10-07T10:23:31.4343548Z,39.087737,37.085583,2405,1,0,WaitingForPhaseBoundary,0,0,TaskSwitchDisplay,1,,Joystick,0.100000,0.000000,0.000000,0.000000,-1.000000,JoyStick1LeftSlider,0.000000,0.000000,0.000000,0.000000,0.000000,0.000000,0.000000,0.000000,0.000000,0.000000,2405,1,0.000000,0,0,0,1,1,TaskSwitchPedal,0.000000,1
20261007T102252334Z_a2ac4ef9bb5b432c8b5db52d721e2425,,,1,658,2026-10-07T10:23:31.4947778Z,39.148516,37.146010,2409,1,0,WaitingForPhaseBoundary,0,0,TaskSwitchDisplay,1,,Joystick,0.100000,0.000000,0.000000,0.000000,-1.000000,JoyStick1LeftSlider,0.000000,0.000000,0.000000,0.000000,0.000000,0.000000,0.000000,0.000000,0.000000,0.000000,2409,1,0.000000,0,0,0,1,1,TaskSwitchPedal,0.000000,1
20261007T102252334Z_a2ac4ef9bb5b432c8b5db52d721e2425,,,1,659,2026-10-07T10:23:31.5466773Z,39.200316,37.197155,2412,1,0,WaitingForPhaseBoundary,0,0,TaskSwitchDisplay,1,,Joystick,0.100000,0.000000,0.000000,0.000000,-1.000000,JoyStick1LeftSlider,0.000000,0.000000,0.000000,0.000000,0.000000,0.000000,0.000000,0.000000,0.000000,0.000000,2412,1,0.000000,0,0,0,1,1,TaskSwitchPedal,0.000000,1
20261007T102252334Z_a2ac4ef9bb5b432c8b5db52d721e2425,,,1,660,2026-10-07T10:23:31.6106767Z,39.263712,37.260414,2415,1,0,WaitingForPhaseBoundary,0,0,TaskSwitchDisplay,1,,Joystick,0.100000,0.000000,0.000000,0.000000,-1.000000,JoyStick1LeftSlider,0.000000,0.000000,0.000000,0.000000,0.000000,0.000000,0.000000,0.000000,0.000000,0.000000,2415,1,0.000000,0,0,0,1,1,TaskSwitchPedal,0.000000,1
20261007T102252334Z_a2ac4ef9bb5b432c8b5db52d721e2425,,,1,661,2026-10-07T10:23:31.6639712Z,39.318084,37.315669,2418,1,0,WaitingForPhaseBoundary,0,0,TaskSwitchDisplay,1,,Joystick,0.100000,0.000000,0.000000,0.000000,-1.000000,JoyStick1LeftSlider,0.000000,0.000000,0.000000,0.000000,0.000000,0.000000,0.000000,0.000000,0.000000,0.000000,2418,1,0.000000,0,0,0,1,1,TaskSwitchPedal,0.000000,1
20261007T102252334Z_a2ac4ef9bb5b432c8b5db52d721e2425,,,1,662,2026-10-07T10:23:31.7250313Z,39.378276,37.375801,2421,1,0,WaitingForPhaseBoundary,0,0,TaskSwitchDisplay,1,,Joystick,0.100000,0.000000,0.000000,0.000000,-1.000000,JoyStick1LeftSlider,0.000000,0.000000,0.000000,0.000000,0.000000,0.000000,0.000000,0.000000,0.000000,0.000000,2421,1,0.000000,0,0,0,1,1,TaskSwitchPedal,0.000000,1
20261007T102252334Z_a2ac4ef9bb5b432c8b5db52d721e2425,,,1,663,2026-10-07T10:23:31.7826670Z,39.435876,37.433240,2424,1,0,WaitingForPhaseBoundary,0,0,TaskSwitchDisplay,1,,Joystick,0.100000,0.000000,0.000000,0.000000,-1.000000,JoyStick1LeftSlider,0.000000,0.000000,0.000000,0.000000,0.000000,0.000000,0.000000,0.000000,0.000000,0.000000,2424,1,0.000000,0,0,0,1,1,TaskSwitchPedal,0.000000,1
20261007T102252334Z_a2ac4ef9bb5b432c8b5db52d721e2425,,,1,664,2026-10-07T10:23:31.8353692Z,39.488612,37.486444,2427,1,0,WaitingForPhaseBoundary,0,0,TaskSwitchDisplay,1,,Joystick,0.100000,0.000000,0.000000,0.000000,-1.000000,JoyStick1LeftSlider,0.000000,0.000000,0.000000,0.000000,0.000000,0.000000,0.000000,0.000000,0.000000,0.000000,2427,1,0.000000,0,0,0,1,1,TaskSwitchPedal,0.000000,1
20261007T102252334Z_a2ac4ef9bb5b432c8b5db52d721e2425,,,1,665,2026-10-07T10:23:31.8986952Z,39.551801,37.549260,2431,1,0,WaitingForPhaseBoundary,0,0,TaskSwitchDisplay,1,,Joystick,0.100000,0.000000,0.000000,0.000000,-1.000000,JoyStick1LeftSlider,0.000000,0.000000,0.000000,0.000000,0.000000,0.000000,0.000000,0.000000,0.000000,0.000000,2431,1,0.000000,0,0,0,1,1,TaskSwitchPedal,0.000000,1
20261007T102252334Z_a2ac4ef9bb5b432c8b5db52d721e2425,,,1,666,2026-10-07T10:23:31.9505737Z,39.604623,37.602079,2434,1,0,WaitingForPhaseBoundary,0,0,TaskSwitchDisplay,1,,Joystick,0.100000,0.000000,0.000000,0.000000,-1.000000,JoyStick1LeftSlider,0.000000,0.000000,0.000000,0.000000,0.000000,0.000000,0.000000,0.000000,0.000000,0.000000,2434,1,0.000000,0,0,0,1,1,TaskSwitchPedal,0.000000,1
20261007T102252334Z_a2ac4ef9bb5b432c8b5db52d721e2425,,,1,667,2026-10-07T10:23:32.0164779Z,39.670957,37.668107,2437,1,0,WaitingForPhaseBoundary,0,0,TaskSwitchDisplay,1,,Joystick,0.100000,0.000000,0.000000,0.000000,-1.000000,JoyStick1LeftSlider,0.000000,0.000000,0.000000,0.000000,0.000000,0.000000,0.000000,0.000000,0.000000,0.000000,2437,1,0.000000,0,0,0,1,1,TaskSwitchPedal,0.000000,1
20261007T102252334Z_a2ac4ef9bb5b432c8b5db52d721e2425,,,1,668,2026-10-07T10:23:32.0735718Z,39.727441,37.725054,2440,1,0,WaitingForPhaseBoundary,0,0,TaskSwitchDisplay,1,,Joystick,0.100000,0.000000,0.000000,0.000000,-1.000000,JoyStick1LeftSlider,0.000000,0.000000,0.000000,0.000000,0.000000,0.000000,0.000000,0.000000,0.000000,0.000000,2440,1,0.000000,0,0,0,1,1,TaskSwitchPedal,0.000000,1
20261007T102252334Z_a2ac4ef9bb5b432c8b5db52d721e2425,,,1,669,2026-10-07T10:23:32.1307345Z,39.783756,37.781377,2443,1,0,WaitingForPhaseBoundary,0,0,TaskSwitchDisplay,1,,Joystick,0.100000,0.000000,0.000000,0.000000,-1.000000,JoyStick1LeftSlider,0.000000,0.000000,0.000000,0.000000,0.000000,0.000000,0.000000,0.000000,0.000000,0.000000,2443,1,0.000000,0,0,0,1,1,TaskSwitchPedal,0.000000,1
20261007T102252334Z_a2ac4ef9bb5b432c8b5db52d721e2425,,,1,670,2026-10-07T10:23:32.1823556Z,39.835623,37.834006,2446,1,0,WaitingForPhaseBoundary,0,0,TaskSwitchDisplay,1,,Joystick,0.100000,0.000000,0.000000,0.000000,-1.000000,JoyStick1LeftSlider,0.000000,0.000000,0.000000,0.000000,0.000000,0.000000,0.000000,0.000000,0.000000,0.000000,2445,0,0.000000,0,0,0,1,1,TaskSwitchPedal,0.000000,1
20261007T102252334Z_a2ac4ef9bb5b432c8b5db52d721e2425,,,1,671,2026-10-07T10:23:32.2417654Z,39.895383,37.892958,2449,1,0,WaitingForPhaseBoundary,0,0,TaskSwitchDisplay,1,,Joystick,0.100000,0.000000,0.000000,0.000000,-1.000000,JoyStick1LeftSlider,0.000000,0.000000,0.000000,0.000000,0.000000,0.000000,0.000000,0.000000,0.000000,0.000000,2449,1,0.000000,0,0,0,1,1,TaskSwitchPedal,0.000000,1
20261007T102252334Z_a2ac4ef9bb5b432c8b5db52d721e2425,,,1,672,2026-10-07T10:23:32.2923101Z,39.946167,37.943835,2452,1,0,WaitingForPhaseBoundary,0,0,TaskSwitchDisplay,1,,Joystick,0.100000,0.000000,0.000000,0.000000,-1.000000,JoyStick1LeftSlider,0.000000,0.000000,0.000000,0.000000,0.000000,0.000000,0.000000,0.000000,0.000000,0.000000,2452,1,0.000000,0,0,0,1,1,TaskSwitchPedal,0.000000,1
20261007T102252334Z_a2ac4ef9bb5b432c8b5db52d721e2425,,,1,673,2026-10-07T10:23:32.3541302Z,40.007166,38.005084,2456,1,0,WaitingForPhaseBoundary,0,0,TaskSwitchDisplay,1,,Joystick,0.100000,0.000000,0.000000,0.000000,-1.000000,JoyStick1LeftSlider,0.000000,0.000000,0.000000,0.000000,0.000000,0.000000,0.000000,0.000000,0.000000,0.000000,2456,1,0.000000,0,0,0,1,1,TaskSwitchPedal,0.000000,1
20261007T102252334Z_a2ac4ef9bb5b432c8b5db52d721e2425,,,1,674,2026-10-07T10:23:32.4093117Z,40.063743,38.061279,2459,1,0,WaitingForPhaseBoundary,0,0,TaskSwitchDisplay,1,,Joystick,0.100000,0.000000,0.000000,0.000000,-1.000000,JoyStick1LeftSlider,0.000000,0.000000,0.000000,0.000000,0.000000,0.000000,0.000000,0.000000,0.000000,0.000000,2459,1,0.000000,0,0,0,1,1,TaskSwitchPedal,0.000000,1
20261007T102252334Z_a2ac4ef9bb5b432c8b5db52d721e2425,,,1,675,2026-10-07T10:23:32.4807482Z,40.134616,38.132497,2463,1,0,WaitingForPhaseBoundary,0,0,TaskSwitchDisplay,1,,Joystick,0.100000,0.000000,0.000000,0.000000,-1.000000,JoyStick1LeftSlider,0.000000,0.000000,0.000000,0.000000,0.000000,0.000000,0.000000,0.000000,0.000000,0.000000,2463,1,0.000000,0,0,0,1,1,TaskSwitchPedal,0.000000,1
20261007T102252334Z_a2ac4ef9bb5b432c8b5db52d721e2425,,,1,676,2026-10-07T10:23:32.5384519Z,40.191869,38.189662,2465,1,0,WaitingForPhaseBoundary,0,0,TaskSwitchDisplay,1,,Joystick,0.100000,0.000000,0.000000,0.000000,-1.000000,JoyStick1LeftSlider,0.000000,0.000000,0.000000,0.000000,0.000000,0.000000,0.000000,0.000000,0.000000,0.000000,2465,1,0.000000,0,0,0,1,1,TaskSwitchPedal,0.000000,1
20261007T102252334Z_a2ac4ef9bb5b432c8b5db52d721e2425,,,1,677,2026-10-07T10:23:32.6018918Z,40.256310,38.254100,2468,1,0,WaitingForPhaseBoundary,0,0,TaskSwitchDisplay,1,,Joystick,0.100000,0.000000,0.000000,0.000000,-1.000000,JoyStick1LeftSlider,0.000000,0.000000,0.000000,0.000000,0.000000,0.000000,0.000000,0.000000,0.000000,0.000000,2468,1,0.000000,0,0,0,1,1,TaskSwitchPedal,0.000000,1
20261007T102252334Z_a2ac4ef9bb5b432c8b5db52d721e2425,,,1,678,2026-10-07T10:23:32.6578011Z,40.311758,38.309026,2471,1,0,WaitingForPhaseBoundary,0,0,TaskSwitchDisplay,1,,Joystick,0.100000,0.000000,0.000000,0.000000,-1.000000,JoyStick1LeftSlider,0.000000,0.000000,0.000000,0.000000,0.000000,0.000000,0.000000,0.000000,0.000000,0.000000,2471,1,0.000000,0,0,0,1,1,TaskSwitchPedal,0.000000,1
20261007T102252334Z_a2ac4ef9bb5b432c8b5db52d721e2425,,,1,679,2026-10-07T10:23:32.7135743Z,40.367479,38.364881,2474,1,0,WaitingForPhaseBoundary,0,0,TaskSwitchDisplay,1,,Joystick,0.100000,0.000000,0.000000,0.000000,-1.000000,JoyStick1LeftSlider,0.000000,0.000000,0.000000,0.000000,0.000000,0.000000,0.000000,0.000000,0.000000,0.000000,2474,1,0.000000,0,0,0,1,1,TaskSwitchPedal,0.000000,1
20261007T102252334Z_a2ac4ef9bb5b432c8b5db52d721e2425,,,1,680,2026-10-07T10:23:32.7686613Z,40.422626,38.419619,2477,1,0,WaitingForPhaseBoundary,0,0,TaskSwitchDisplay,1,,Joystick,0.100000,0.000000,0.000000,0.000000,-1.000000,JoyStick1LeftSlider,0.000000,0.000000,0.000000,0.000000,0.000000,0.000000,0.000000,0.000000,0.000000,0.000000,2477,1,0.000000,0,0,0,1,1,TaskSwitchPedal,0.000000,1
20261007T102252334Z_a2ac4ef9bb5b432c8b5db52d721e2425,,,1,681,2026-10-07T10:23:32.8224179Z,40.476252,38.473811,2480,1,0,WaitingForPhaseBoundary,0,0,TaskSwitchDisplay,1,,Joystick,0.100000,0.000000,0.000000,0.000000,-1.000000,JoyStick1LeftSlider,0.000000,0.000000,0.000000,0.000000,0.000000,0.000000,0.000000,0.000000,0.000000,0.000000,2480,1,0.000000,0,0,0,1,1,TaskSwitchPedal,0.000000,1
20261007T102252334Z_a2ac4ef9bb5b432c8b5db52d721e2425,,,1,682,2026-10-07T10:23:32.8820630Z,40.535578,38.533433,2484,1,0,WaitingForPhaseBoundary,0,0,TaskSwitchDisplay,1,,Joystick,0.100000,0.000000,0.000000,0.000000,-1.000000,JoyStick1LeftSlider,0.000000,0.000000,0.000000,0.000000,0.000000,0.000000,0.000000,0.000000,0.000000,0.000000,2483,0,0.000000,0,0,0,1,1,TaskSwitchPedal,0.000000,1
20261007T102252334Z_a2ac4ef9bb5b432c8b5db52d721e2425,,,1,683,2026-10-07T10:23:32.9371488Z,40.590454,38.588522,2488,1,0,WaitingForPhaseBoundary,0,0,TaskSwitchDisplay,1,,Joystick,0.100000,0.000000,0.000000,0.000000,-1.000000,JoyStick1LeftSlider,0.000000,0.000000,0.000000,0.000000,0.000000,0.000000,0.000000,0.000000,0.000000,0.000000,2488,1,0.000000,0,0,0,1,1,TaskSwitchPedal,0.000000,1
20261007T102252334Z_a2ac4ef9bb5b432c8b5db52d721e2425,,,1,684,2026-10-07T10:23:32.9913946Z,40.644545,38.642541,2492,1,0,WaitingForPhaseBoundary,0,0,TaskSwitchDisplay,1,,Joystick,0.100000,0.000000,0.000000,0.000000,-1.000000,JoyStick1LeftSlider,0.000000,0.000000,0.000000,0.000000,0.000000,0.000000,0.000000,0.000000,0.000000,0.000000,2492,1,0.000000,0,0,0,1,1,TaskSwitchPedal,0.000000,1
20261007T102252334Z_a2ac4ef9bb5b432c8b5db52d721e2425,,,1,685,2026-10-07T10:23:33.0543852Z,40.707963,38.705776,2496,1,0,WaitingForPhaseBoundary,0,0,TaskSwitchDisplay,1,,Joystick,0.100000,0.000000,0.000000,0.000000,-1.000000,JoyStick1LeftSlider,0.000000,0.000000,0.000000,0.000000,0.000000,0.000000,0.000000,0.000000,0.000000,0.000000,2496,1,0.000000,0,0,0,1,1,TaskSwitchPedal,0.000000,1
20261007T102252334Z_a2ac4ef9bb5b432c8b5db52d721e2425,,,1,686,2026-10-07T10:23:33.1075981Z,40.760903,38.758195,2499,1,0,WaitingForPhaseBoundary,0,0,TaskSwitchDisplay,1,,Joystick,0.100000,0.000000,0.000000,0.000000,-1.000000,JoyStick1LeftSlider,0.000000,0.000000,0.000000,0.000000,0.000000,0.000000,0.000000,0.000000,0.000000,0.000000,2499,1,0.000000,0,0,0,1,1,TaskSwitchPedal,0.000000,1
20261007T102252334Z_a2ac4ef9bb5b432c8b5db52d721e2425,,,1,687,2026-10-07T10:23:33.1670157Z,40.820161,38.818161,2502,1,0,WaitingForPhaseBoundary,0,0,TaskSwitchDisplay,1,,Joystick,0.100000,0.000000,0.000000,0.000000,-1.000000,JoyStick1LeftSlider,0.000000,0.000000,0.000000,0.000000,0.000000,0.000000,0.000000,0.000000,0.000000,0.000000,2502,1,0.000000,0,0,0,1,1,TaskSwitchPedal,0.000000,1
20261007T102252334Z_a2ac4ef9bb5b432c8b5db52d721e2425,,,1,688,2026-10-07T10:23:33.2380503Z,40.891821,38.889410,2506,1,0,WaitingForPhaseBoundary,0,0,TaskSwitchDisplay,1,,Joystick,0.100000,0.000000,0.000000,0.000000,-1.000000,JoyStick1LeftSlider,0.000000,0.000000,0.000000,0.000000,0.000000,0.000000,0.000000,0.000000,0.000000,0.000000,2506,1,0.000000,0,0,0,1,1,TaskSwitchPedal,0.000000,1
20261007T102252334Z_a2ac4ef9bb5b432c8b5db52d721e2425,,,1,689,2026-10-07T10:23:33.2940309Z,40.947735,38.945409,2509,1,0,WaitingForPhaseBoundary,0,0,TaskSwitchDisplay,1,,Joystick,0.100000,0.000000,0.000000,0.000000,-1.000000,JoyStick1LeftSlider,0.000000,0.000000,0.000000,0.000000,0.000000,0.000000,0.000000,0.000000,0.000000,0.000000,2509,1,0.000000,0,0,0,1,1,TaskSwitchPedal,0.000000,1
20261007T102252334Z_a2ac4ef9bb5b432c8b5db52d721e2425,,,1,690,2026-10-07T10:23:33.3494733Z,41.003311,38.999760,2512,1,0,WaitingForPhaseBoundary,0,0,TaskSwitchDisplay,1,,Joystick,0.100000,0.000000,0.000000,0.000000,-1.000000,JoyStick1LeftSlider,0.000000,0.000000,0.000000,0.000000,0.000000,0.000000,0.000000,0.000000,0.000000,0.000000,2512,1,0.000000,0,0,0,1,1,TaskSwitchPedal,0.000000,1
20261007T102252334Z_a2ac4ef9bb5b432c8b5db52d721e2425,,,1,691,2026-10-07T10:23:33.4089423Z,41.062842,39.060536,2515,1,0,WaitingForPhaseBoundary,0,0,TaskSwitchDisplay,1,,Joystick,0.100000,0.000000,0.000000,0.000000,-1.000000,JoyStick1LeftSlider,0.000000,0.000000,0.000000,0.000000,0.000000,0.000000,0.000000,0.000000,0.000000,0.000000,2515,1,0.000000,0,0,0,1,1,TaskSwitchPedal,0.000000,1
20261007T102252334Z_a2ac4ef9bb5b432c8b5db52d721e2425,,,1,692,2026-10-07T10:23:33.4731721Z,41.126327,39.124344,2519,1,0,WaitingForPhaseBoundary,0,0,TaskSwitchDisplay,1,,Joystick,0.100000,0.000000,0.000000,0.000000,-1.000000,JoyStick1LeftSlider,0.000000,0.000000,0.000000,0.000000,0.000000,0.000000,0.000000,0.000000,0.000000,0.000000,2519,1,0.000000,0,0,0,1,1,TaskSwitchPedal,0.000000,1
20261007T102252334Z_a2ac4ef9bb5b432c8b5db52d721e2425,,,1,693,2026-10-07T10:23:33.5255698Z,41.178994,39.176571,2522,1,0,WaitingForPhaseBoundary,0,0,TaskSwitchDisplay,1,,Joystick,0.100000,0.000000,0.000000,0.000000,-1.000000,JoyStick1LeftSlider,0.000000,0.000000,0.000000,0.000000,0.000000,0.000000,0.000000,0.000000,0.000000,0.000000,2522,1,0.000000,0,0,0,1,1,TaskSwitchPedal,0.000000,1
20261007T102252334Z_a2ac4ef9bb5b432c8b5db52d721e2425,,,1,694,2026-10-07T10:23:33.5773618Z,41.230869,39.228471,2525,1,0,WaitingForPhaseBoundary,0,0,TaskSwitchDisplay,1,,Joystick,0.100000,0.000000,0.000000,0.000000,-1.000000,JoyStick1LeftSlider,0.000000,0.000000,0.000000,0.000000,0.000000,0.000000,0.000000,0.000000,0.000000,0.000000,2525,1,0.000000,0,0,0,1,1,TaskSwitchPedal,0.000000,1
20261007T102252334Z_a2ac4ef9bb5b432c8b5db52d721e2425,,,1,695,2026-10-07T10:23:33.6342031Z,41.287589,39.285523,2529,1,0,WaitingForPhaseBoundary,0,0,TaskSwitchDisplay,1,,Joystick,0.100000,0.000000,0.000000,0.000000,-1.000000,JoyStick1LeftSlider,0.000000,0.000000,0.000000,0.000000,0.000000,0.000000,0.000000,0.000000,0.000000,0.000000,2529,1,0.000000,0,0,0,1,1,TaskSwitchPedal,0.000000,1
20261007T102252334Z_a2ac4ef9bb5b432c8b5db52d721e2425,,,1,696,2026-10-07T10:23:33.6927657Z,41.346092,39.342754,2532,1,0,WaitingForPhaseBoundary,0,0,TaskSwitchDisplay,1,,Joystick,0.100000,0.000000,0.000000,0.000000,-1.000000,JoyStick1LeftSlider,0.000000,0.000000,0.000000,0.000000,0.000000,0.000000,0.000000,0.000000,0.000000,0.000000,2532,1,0.000000,0,0,0,1,1,TaskSwitchPedal,0.000000,1
20261007T102252334Z_a2ac4ef9bb5b432c8b5db52d721e2425,,,1,697,2026-10-07T10:23:33.7504655Z,41.404480,39.402030,2535,1,0,WaitingForPhaseBoundary,0,0,TaskSwitchDisplay,1,,Joystick,0.100000,0.000000,0.000000,0.000000,-1.000000,JoyStick1LeftSlider,0.000000,0.000000,0.000000,0.000000,0.000000,0.000000,0.000000,0.000000,0.000000,0.000000,2535,1,0.000000,0,0,0,1,1,TaskSwitchPedal,0.000000,1
20261007T102252334Z_a2ac4ef9bb5b432c8b5db52d721e2425,,,1,698,2026-10-07T10:23:33.8105704Z,41.464340,39.462420,2540,1,0,WaitingForPhaseBoundary,0,0,TaskSwitchDisplay,1,,Joystick,0.100000,0.000000,0.000000,0.000000,-1.000000,JoyStick1LeftSlider,0.000000,0.000000,0.000000,0.000000,0.000000,0.000000,0.000000,0.000000,0.000000,0.000000,2540,1,0.000000,0,0,0,1,1,TaskSwitchPedal,0.000000,1
20261007T102252334Z_a2ac4ef9bb5b432c8b5db52d721e2425,,,1,699,2026-10-07T10:23:33.8686499Z,41.522243,39.519505,2545,1,0,WaitingForPhaseBoundary,0,0,TaskSwitchDisplay,1,,Joystick,0.100000,0.000000,0.000000,0.000000,-1.000000,JoyStick1LeftSlider,0.000000,0.000000,0.000000,0.000000,0.000000,0.000000,0.000000,0.000000,0.000000,0.000000,2545,1,0.000000,0,0,0,1,1,TaskSwitchPedal,0.000000,1
20261007T102252334Z_a2ac4ef9bb5b432c8b5db52d721e2425,,,1,700,2026-10-07T10:23:33.9294959Z,41.583056,39.580898,2550,1,0,WaitingForPhaseBoundary,0,0,TaskSwitchDisplay,1,,Joystick,0.100000,0.000000,0.000000,0.000000,-1.000000,JoyStick1LeftSlider,0.000000,0.000000,0.000000,0.000000,0.000000,0.000000,0.000000,0.000000,0.000000,0.000000,2550,1,0.000000,0,0,0,1,1,TaskSwitchPedal,0.000000,1
20261007T102252334Z_a2ac4ef9bb5b432c8b5db52d721e2425,,,1,701,2026-10-07T10:23:33.9864938Z,41.639935,39.637645,2554,1,0,WaitingForPhaseBoundary,0,0,TaskSwitchDisplay,1,,Joystick,0.100000,0.000000,0.000000,0.000000,-1.000000,JoyStick1LeftSlider,0.000000,0.000000,0.000000,0.000000,0.000000,0.000000,0.000000,0.000000,0.000000,0.000000,2554,1,0.000000,0,0,0,1,1,TaskSwitchPedal,0.000000,1
20261007T102252334Z_a2ac4ef9bb5b432c8b5db52d721e2425,,,1,702,2026-10-07T10:23:34.0405373Z,41.694642,39.692369,2557,1,0,WaitingForPhaseBoundary,0,0,TaskSwitchDisplay,1,,Joystick,0.100000,0.000000,0.000000,0.000000,-1.000000,JoyStick1LeftSlider,0.000000,0.000000,0.000000,0.000000,0.000000,0.000000,0.000000,0.000000,0.000000,0.000000,2557,1,0.000000,0,0,0,1,1,TaskSwitchPedal,0.000000,1
20261007T102252334Z_a2ac4ef9bb5b432c8b5db52d721e2425,,,1,703,2026-10-07T10:23:34.0977131Z,41.751308,39.749151,2560,1,0,WaitingForPhaseBoundary,0,0,TaskSwitchDisplay,1,,Joystick,0.100000,0.000000,0.000000,0.000000,-1.000000,JoyStick1LeftSlider,0.000000,0.000000,0.000000,0.000000,0.000000,0.000000,0.000000,0.000000,0.000000,0.000000,2560,1,0.000000,0,0,0,1,1,TaskSwitchPedal,0.000000,1
20261007T102252334Z_a2ac4ef9bb5b432c8b5db52d721e2425,,,1,704,2026-10-07T10:23:34.1596231Z,41.813574,39.811409,2564,1,0,WaitingForPhaseBoundary,0,0,TaskSwitchDisplay,1,,Joystick,0.100000,0.000000,0.000000,0.000000,-1.000000,JoyStick1LeftSlider,0.000000,0.000000,0.000000,0.000000,0.000000,0.000000,0.000000,0.000000,0.000000,0.000000,2564,1,0.000000,0,0,0,1,1,TaskSwitchPedal,0.000000,1
20261007T102252334Z_a2ac4ef9bb5b432c8b5db52d721e2425,,,1,705,2026-10-07T10:23:34.2125488Z,41.866217,39.864020,2567,1,0,WaitingForPhaseBoundary,0,0,TaskSwitchDisplay,1,,Joystick,0.100000,0.000000,0.000000,0.000000,-1.000000,JoyStick1LeftSlider,0.000000,0.000000,0.000000,0.000000,0.000000,0.000000,0.000000,0.000000,0.000000,0.000000,2567,1,0.000000,0,0,0,1,1,TaskSwitchPedal,0.000000,1
20261007T102252334Z_a2ac4ef9bb5b432c8b5db52d721e2425,,,1,706,2026-10-07T10:23:34.2667909Z,41.921033,39.918912,2571,1,0,WaitingForPhaseBoundary,0,0,TaskSwitchDisplay,1,,Joystick,0.100000,0.000000,0.000000,0.000000,-1.000000,JoyStick1LeftSlider,0.000000,0.000000,0.000000,0.000000,0.000000,0.000000,0.000000,0.000000,0.000000,0.000000,2571,1,0.000000,0,0,0,1,1,TaskSwitchPedal,0.000000,1
20261007T102252334Z_a2ac4ef9bb5b432c8b5db52d721e2425,,,1,707,2026-10-07T10:23:34.3304455Z,41.984352,39.982430,2575,1,0,WaitingForPhaseBoundary,0,0,TaskSwitchDisplay,1,,Joystick,0.100000,0.000000,0.000000,0.000000,-1.000000,JoyStick1LeftSlider,0.000000,0.000000,0.000000,0.000000,0.000000,0.000000,0.000000,0.000000,0.000000,0.000000,2575,1,0.000000,0,0,0,1,1,TaskSwitchPedal,0.000000,1
20261007T102252334Z_a2ac4ef9bb5b432c8b5db52d721e2425,,,1,708,2026-10-07T10:23:34.4004914Z,42.053942,40.050542,2579,1,0,WaitingForPhaseBoundary,0,0,TaskSwitchDisplay,1,,Joystick,0.100000,0.000000,0.000000,0.000000,-1.000000,JoyStick1LeftSlider,0.000000,0.000000,0.000000,0.000000,0.000000,0.000000,0.000000,0.000000,0.000000,0.000000,2579,1,0.000000,0,0,0,1,1,TaskSwitchPedal,0.000000,1
20261007T102252334Z_a2ac4ef9bb5b432c8b5db52d721e2425,,,1,709,2026-10-07T10:23:34.4581413Z,42.112537,40.110126,2582,1,0,WaitingForPhaseBoundary,0,0,TaskSwitchDisplay,1,,Joystick,0.100000,0.000000,0.000000,0.000000,-1.000000,JoyStick1LeftSlider,0.000000,0.000000,0.000000,0.000000,0.000000,0.000000,0.000000,0.000000,0.000000,0.000000,2582,1,0.000000,0,0,0,1,1,TaskSwitchPedal,0.000000,1
20261007T102252334Z_a2ac4ef9bb5b432c8b5db52d721e2425,,,1,710,2026-10-07T10:23:34.5234908Z,42.177894,40.175688,2586,1,0,WaitingForPhaseBoundary,0,0,TaskSwitchDisplay,1,,Joystick,0.100000,0.000000,0.000000,0.000000,-1.000000,JoyStick1LeftSlider,0.000000,0.000000,0.000000,0.000000,0.000000,0.000000,0.000000,0.000000,0.000000,0.000000,2585,0,0.000000,0,0,0,1,1,TaskSwitchPedal,0.000000,1
20261007T102252334Z_a2ac4ef9bb5b432c8b5db52d721e2425,,,1,711,2026-10-07T10:23:34.5777127Z,42.231665,40.229457,2589,1,0,WaitingForPhaseBoundary,0,0,TaskSwitchDisplay,1,,Joystick,0.100000,0.000000,0.000000,0.000000,-1.000000,JoyStick1LeftSlider,0.000000,0.000000,0.000000,0.000000,0.000000,0.000000,0.000000,0.000000,0.000000,0.000000,2589,1,0.000000,0,0,0,1,1,TaskSwitchPedal,0.000000,1
20261007T102252334Z_a2ac4ef9bb5b432c8b5db52d721e2425,,,1,712,2026-10-07T10:23:34.6422149Z,42.296215,40.294686,2593,1,0,WaitingForPhaseBoundary,0,0,TaskSwitchDisplay,1,,Joystick,0.100000,0.000000,0.000000,0.000000,-1.000000,JoyStick1LeftSlider,0.000000,0.000000,0.000000,0.000000,0.000000,0.000000,0.000000,0.000000,0.000000,0.000000,2592,0,0.000000,0,0,0,1,1,TaskSwitchPedal,0.000000,1
20261007T102252334Z_a2ac4ef9bb5b432c8b5db52d721e2425,,,1,713,2026-10-07T10:23:34.6959081Z,42.350061,40.347406,2596,1,0,WaitingForPhaseBoundary,0,0,TaskSwitchDisplay,1,,Joystick,0.100000,0.000000,0.000000,0.000000,-1.000000,JoyStick1LeftSlider,0.000000,0.000000,0.000000,0.000000,0.000000,0.000000,0.000000,0.000000,0.000000,0.000000,2596,1,0.000000,0,0,0,1,1,TaskSwitchPedal,0.000000,1
20261007T102252334Z_a2ac4ef9bb5b432c8b5db52d721e2425,,,1,714,2026-10-07T10:23:34.7618673Z,42.415637,40.413021,2599,1,0,WaitingForPhaseBoundary,0,0,TaskSwitchDisplay,1,,Joystick,0.100000,0.000000,0.000000,0.000000,-1.000000,JoyStick1LeftSlider,0.000000,0.000000,0.000000,0.000000,0.000000,0.000000,0.000000,0.000000,0.000000,0.000000,2599,1,0.000000,0,0,0,1,1,TaskSwitchPedal,0.000000,1
20261007T102252334Z_a2ac4ef9bb5b432c8b5db52d721e2425,,,1,715,2026-10-07T10:23:34.8178866Z,42.471093,40.468269,2602,1,0,WaitingForPhaseBoundary,0,0,TaskSwitchDisplay,1,,Joystick,0.100000,0.000000,0.000000,0.000000,-1.000000,JoyStick1LeftSlider,0.000000,0.000000,0.000000,0.000000,0.000000,0.000000,0.000000,0.000000,0.000000,0.000000,2602,1,0.000000,0,0,0,1,1,TaskSwitchPedal,0.000000,1
20261007T102252334Z_a2ac4ef9bb5b432c8b5db52d721e2425,,,1,716,2026-10-07T10:23:34.8824884Z,42.535643,40.533441,2606,1,0,WaitingForPhaseBoundary,0,0,TaskSwitchDisplay,1,,Joystick,0.100000,0.000000,0.000000,0.000000,-1.000000,JoyStick1LeftSlider,0.000000,0.000000,0.000000,0.000000,0.000000,0.000000,0.000000,0.000000,0.000000,0.000000,2605,0,0.000000,0,0,0,1,1,TaskSwitchPedal,0.000000,1
20261007T102252334Z_a2ac4ef9bb5b432c8b5db52d721e2425,,,1,717,2026-10-07T10:23:34.9343961Z,42.588326,40.585957,2609,1,0,WaitingForPhaseBoundary,0,0,TaskSwitchDisplay,1,,Joystick,0.100000,0.000000,0.000000,0.000000,-1.000000,JoyStick1LeftSlider,0.000000,0.000000,0.000000,0.000000,0.000000,0.000000,0.000000,0.000000,0.000000,0.000000,2609,1,0.000000,0,0,0,1,1,TaskSwitchPedal,0.000000,1
20261007T102252334Z_a2ac4ef9bb5b432c8b5db52d721e2425,,,1,718,2026-10-07T10:23:34.9946437Z,42.648032,40.645939,2613,1,0,WaitingForPhaseBoundary,0,0,TaskSwitchDisplay,1,,Joystick,0.100000,0.000000,0.000000,0.000000,-1.000000,JoyStick1LeftSlider,0.000000,0.000000,0.000000,0.000000,0.000000,0.000000,0.000000,0.000000,0.000000,0.000000,2613,1,0.000000,0,0,0,1,1,TaskSwitchPedal,0.000000,1
20261007T102252334Z_a2ac4ef9bb5b432c8b5db52d721e2425,,,1,719,2026-10-07T10:23:35.0488486Z,42.702621,40.700322,2617,1,0,WaitingForPhaseBoundary,0,0,TaskSwitchDisplay,1,,Joystick,0.100000,0.000000,0.000000,0.000000,-1.000000,JoyStick1LeftSlider,0.000000,0.000000,0.000000,0.000000,0.000000,0.000000,0.000000,0.000000,0.000000,0.000000,2617,1,0.000000,0,0,0,1,1,TaskSwitchPedal,0.000000,1
20261007T102252334Z_a2ac4ef9bb5b432c8b5db52d721e2425,,,1,720,2026-10-07T10:23:35.0999523Z,42.753355,40.750613,2620,1,0,WaitingForPhaseBoundary,0,0,TaskSwitchDisplay,1,,Joystick,0.100000,0.000000,0.000000,0.000000,-1.000000,JoyStick1LeftSlider,0.000000,0.000000,0.000000,0.000000,0.000000,0.000000,0.000000,0.000000,0.000000,0.000000,2620,1,0.000000,0,0,0,1,1,TaskSwitchPedal,0.000000,1
20261007T102252334Z_a2ac4ef9bb5b432c8b5db52d721e2425,,,1,721,2026-10-07T10:23:35.1508873Z,42.804449,40.801462,2622,1,0,WaitingForPhaseBoundary,0,0,TaskSwitchDisplay,1,,Joystick,0.100000,0.000000,0.000000,0.000000,-1.000000,JoyStick1LeftSlider,0.000000,0.000000,0.000000,0.000000,0.000000,0.000000,0.000000,0.000000,0.000000,0.000000,2622,1,0.000000,0,0,0,1,1,TaskSwitchPedal,0.000000,1
20261007T102252334Z_a2ac4ef9bb5b432c8b5db52d721e2425,,,1,722,2026-10-07T10:23:35.2107024Z,42.865178,40.862428,2625,1,0,WaitingForPhaseBoundary,0,0,TaskSwitchDisplay,1,,Joystick,0.100000,0.000000,0.000000,0.000000,-1.000000,JoyStick1LeftSlider,0.000000,0.000000,0.000000,0.000000,0.000000,0.000000,0.000000,0.000000,0.000000,0.000000,2625,1,0.000000,0,0,0,1,1,TaskSwitchPedal,0.000000,1
20261007T102252334Z_a2ac4ef9bb5b432c8b5db52d721e2425,,,1,723,2026-10-07T10:23:35.2695796Z,42.923500,40.921080,2628,1,0,WaitingForPhaseBoundary,0,0,TaskSwitchDisplay,1,,Joystick,0.100000,0.000000,0.000000,0.000000,-1.000000,JoyStick1LeftSlider,0.000000,0.000000,0.000000,0.000000,0.000000,0.000000,0.000000,0.000000,0.000000,0.000000,2628,1,0.000000,0,0,0,1,1,TaskSwitchPedal,0.000000,1
20261007T102252334Z_a2ac4ef9bb5b432c8b5db52d721e2425,,,1,724,2026-10-07T10:23:35.3349255Z,42.989051,40.986492,2632,1,0,WaitingForPhaseBoundary,0,0,TaskSwitchDisplay,1,,Joystick,0.100000,0.000000,0.000000,0.000000,-1.000000,JoyStick1LeftSlider,0.000000,0.000000,0.000000,0.000000,0.000000,0.000000,0.000000,0.000000,0.000000,0.000000,2632,1,0.000000,0,0,0,1,1,TaskSwitchPedal,0.000000,1
20261007T102252334Z_a2ac4ef9bb5b432c8b5db52d721e2425,,,1,725,2026-10-07T10:23:35.3916118Z,43.045722,41.043050,2636,1,0,WaitingForPhaseBoundary,0,0,TaskSwitchDisplay,1,,Joystick,0.100000,0.000000,0.000000,0.000000,-1.000000,JoyStick1LeftSlider,0.000000,0.000000,0.000000,0.000000,0.000000,0.000000,0.000000,0.000000,0.000000,0.000000,2636,1,0.000000,0,0,0,1,1,TaskSwitchPedal,0.000000,1
20261007T102252334Z_a2ac4ef9bb5b432c8b5db52d721e2425,,,1,726,2026-10-07T10:23:35.4554101Z,43.109478,41.106906,2640,1,0,WaitingForPhaseBoundary,0,0,TaskSwitchDisplay,1,,Joystick,0.100000,0.000000,0.000000,0.000000,-1.000000,JoyStick1LeftSlider,0.000000,0.000000,0.000000,0.000000,0.000000,0.000000,0.000000,0.000000,0.000000,0.000000,2640,1,0.000000,0,0,0,1,1,TaskSwitchPedal,0.000000,1
20261007T102252334Z_a2ac4ef9bb5b432c8b5db52d721e2425,,,1,727,2026-10-07T10:23:35.5161480Z,43.170013,41.167344,2644,1,0,WaitingForPhaseBoundary,0,0,TaskSwitchDisplay,1,,Joystick,0.100000,0.000000,0.000000,0.000000,-1.000000,JoyStick1LeftSlider,0.000000,0.000000,0.000000,0.000000,0.000000,0.000000,0.000000,0.000000,0.000000,0.000000,2644,1,0.000000,0,0,0,1,1,TaskSwitchPedal,0.000000,1
20261007T102252334Z_a2ac4ef9bb5b432c8b5db52d721e2425,,,1,728,2026-10-07T10:23:35.5758757Z,43.228966,41.226598,2647,1,0,WaitingForPhaseBoundary,0,0,TaskSwitchDisplay,1,,Joystick,0.100000,0.000000,0.000000,0.000000,-1.000000,JoyStick1LeftSlider,0.000000,0.000000,0.000000,0.000000,0.000000,0.000000,0.000000,0.000000,0.000000,0.000000,2647,1,0.000000,0,0,0,1,1,TaskSwitchPedal,0.000000,1
20261007T102252334Z_a2ac4ef9bb5b432c8b5db52d721e2425,,,1,729,2026-10-07T10:23:35.6405698Z,43.294148,41.284798,2650,1,0,WaitingForPhaseBoundary,0,0,TaskSwitchDisplay,1,,Joystick,0.100000,0.000000,0.000000,0.000000,-1.000000,JoyStick1LeftSlider,0.000000,0.000000,0.000000,0.000000,0.000000,0.000000,0.000000,0.000000,0.000000,0.000000,2650,1,0.000000,0,0,0,1,1,TaskSwitchPedal,0.000000,1
20261007T102252334Z_a2ac4ef9bb5b432c8b5db52d721e2425,,,1,730,2026-10-07T10:23:35.6925917Z,43.345851,41.343000,2653,1,0,WaitingForPhaseBoundary,0,0,TaskSwitchDisplay,1,,Joystick,0.100000,0.000000,0.000000,0.000000,-1.000000,JoyStick1LeftSlider,0.000000,0.000000,0.000000,0.000000,0.000000,0.000000,0.000000,0.000000,0.000000,0.000000,2653,1,0.000000,0,0,0,1,1,TaskSwitchPedal,0.000000,1
20261007T102252334Z_a2ac4ef9bb5b432c8b5db52d721e2425,,,1,731,2026-10-07T10:23:35.7571462Z,43.410918,41.408785,2657,1,0,WaitingForPhaseBoundary,0,0,TaskSwitchDisplay,1,,Joystick,0.100000,0.000000,0.000000,0.000000,-1.000000,JoyStick1LeftSlider,0.000000,0.000000,0.000000,0.000000,0.000000,0.000000,0.000000,0.000000,0.000000,0.000000,2657,1,0.000000,0,0,0,1,1,TaskSwitchPedal,0.000000,1
20261007T102252334Z_a2ac4ef9bb5b432c8b5db52d721e2425,,,1,732,2026-10-07T10:23:35.8179193Z,43.471402,41.469054,2661,1,0,WaitingForPhaseBoundary,0,0,TaskSwitchDisplay,1,,Joystick,0.100000,0.000000,0.000000,0.000000,-1.000000,JoyStick1LeftSlider,0.000000,0.000000,0.000000,0.000000,0.000000,0.000000,0.000000,0.000000,0.000000,0.000000,2661,1,0.000000,0,0,0,1,1,TaskSwitchPedal,0.000000,1
20261007T102252334Z_a2ac4ef9bb5b432c8b5db52d721e2425,,,1,733,2026-10-07T10:23:35.8688543Z,43.522709,41.519509,2664,1,0,WaitingForPhaseBoundary,0,0,TaskSwitchDisplay,1,,Joystick,0.100000,0.000000,0.000000,0.000000,-1.000000,JoyStick1LeftSlider,0.000000,0.000000,0.000000,0.000000,0.000000,0.000000,0.000000,0.000000,0.000000,0.000000,2664,1,0.000000,0,0,0,1,1,TaskSwitchPedal,0.000000,1
20261007T102252334Z_a2ac4ef9bb5b432c8b5db52d721e2425,,,1,734,2026-10-07T10:23:35.9321302Z,43.585321,41.583156,2668,1,0,WaitingForPhaseBoundary,0,0,TaskSwitchDisplay,1,,Joystick,0.100000,0.000000,0.000000,0.000000,-1.000000,JoyStick1LeftSlider,0.000000,0.000000,0.000000,0.000000,0.000000,0.000000,0.000000,0.000000,0.000000,0.000000,2668,1,0.000000,0,0,0,1,1,TaskSwitchPedal,0.000000,1
20261007T102252334Z_a2ac4ef9bb5b432c8b5db52d721e2425,,,1,735,2026-10-07T10:23:36.0091944Z,43.662615,41.659375,2671,1,0,WaitingForPhaseBoundary,0,0,TaskSwitchDisplay,1,,Joystick,0.100000,0.000000,0.000000,0.000000,-1.000000,JoyStick1LeftSlider,0.000000,0.000000,0.000000,0.000000,0.000000,0.000000,0.000000,0.000000,0.000000,0.000000,2671,1,0.000000,0,0,0,1,1,TaskSwitchPedal,0.000000,1
20261007T102252334Z_a2ac4ef9bb5b432c8b5db52d721e2425,,,1,736,2026-10-07T10:23:36.0758577Z,43.729442,41.726285,2674,1,0,WaitingForPhaseBoundary,0,0,TaskSwitchDisplay,1,,Joystick,0.100000,0.000000,0.000000,0.000000,-1.000000,JoyStick1LeftSlider,0.000000,0.000000,0.000000,0.000000,0.000000,0.000000,0.000000,0.000000,0.000000,0.000000,2674,1,0.000000,0,0,0,1,1,TaskSwitchPedal,0.000000,1
20261007T102252334Z_a2ac4ef9bb5b432c8b5db52d721e2425,,,1,737,2026-10-07T10:23:36.1341690Z,43.787319,41.783874,2677,1,0,WaitingForPhaseBoundary,0,0,TaskSwitchDisplay,1,,Joystick,0.100000,0.000000,0.000000,0.000000,-1.000000,JoyStick1LeftSlider,0.000000,0.000000,0.000000,0.000000,0.000000,0.000000,0.000000,0.000000,0.000000,0.000000,2677,1,0.000000,0,0,0,1,1,TaskSwitchPedal,0.000000,1
20261007T102252334Z_a2ac4ef9bb5b432c8b5db52d721e2425,,,1,738,2026-10-07T10:23:36.1880615Z,43.842089,41.839876,2680,1,0,WaitingForPhaseBoundary,0,0,TaskSwitchDisplay,1,,Joystick,0.100000,0.000000,0.000000,0.000000,-1.000000,JoyStick1LeftSlider,0.000000,0.000000,0.000000,0.000000,0.000000,0.000000,0.000000,0.000000,0.000000,0.000000,2680,1,0.000000,0,0,0,1,1,TaskSwitchPedal,0.000000,1
20261007T102252334Z_a2ac4ef9bb5b432c8b5db52d721e2425,,,1,739,2026-10-07T10:23:36.2515446Z,43.906286,41.903793,2684,1,0,WaitingForPhaseBoundary,0,0,TaskSwitchDisplay,1,,Joystick,0.100000,0.000000,0.000000,0.000000,-1.000000,JoyStick1LeftSlider,0.000000,0.000000,0.000000,0.000000,0.000000,0.000000,0.000000,0.000000,0.000000,0.000000,2684,1,0.000000,0,0,0,1,1,TaskSwitchPedal,0.000000,1
20261007T102252334Z_a2ac4ef9bb5b432c8b5db52d721e2425,,,1,740,2026-10-07T10:23:36.3027028Z,43.956835,41.955333,2687,1,0,WaitingForPhaseBoundary,0,0,TaskSwitchDisplay,1,,Joystick,0.100000,0.000000,0.000000,0.000000,-1.000000,JoyStick1LeftSlider,0.000000,0.000000,0.000000,0.000000,0.000000,0.000000,0.000000,0.000000,0.000000,0.000000,2686,0,0.000000,0,0,0,1,1,TaskSwitchPedal,0.000000,1
20261007T102252334Z_a2ac4ef9bb5b432c8b5db52d721e2425,,,1,741,2026-10-07T10:23:36.3686094Z,44.021997,42.019443,2691,1,0,WaitingForPhaseBoundary,0,0,TaskSwitchDisplay,1,,Joystick,0.100000,0.000000,0.000000,0.000000,-1.000000,JoyStick1LeftSlider,0.000000,0.000000,0.000000,0.000000,0.000000,0.000000,0.000000,0.000000,0.000000,0.000000,2691,1,0.000000,0,0,0,1,1,TaskSwitchPedal,0.000000,1
20261007T102252334Z_a2ac4ef9bb5b432c8b5db52d721e2425,,,1,742,2026-10-07T10:23:36.4266202Z,44.080604,42.078401,2694,1,0,WaitingForPhaseBoundary,0,0,TaskSwitchDisplay,1,,Joystick,0.100000,0.000000,0.000000,0.000000,-1.000000,JoyStick1LeftSlider,0.000000,0.000000,0.000000,0.000000,0.000000,0.000000,0.000000,0.000000,0.000000,0.000000,2694,1,0.000000,0,0,0,1,1,TaskSwitchPedal,0.000000,1
20261007T102252334Z_a2ac4ef9bb5b432c8b5db52d721e2425,,,1,743,2026-10-07T10:23:36.4845390Z,44.137678,42.135553,2697,1,0,WaitingForPhaseBoundary,0,0,TaskSwitchDisplay,1,,Joystick,0.100000,0.000000,0.000000,0.000000,-1.000000,JoyStick1LeftSlider,0.000000,0.000000,0.000000,0.000000,0.000000,0.000000,0.000000,0.000000,0.000000,0.000000,2696,0,0.000000,0,0,0,1,1,TaskSwitchPedal,0.000000,1
20261007T102252334Z_a2ac4ef9bb5b432c8b5db52d721e2425,,,1,744,2026-10-07T10:23:36.5430049Z,44.196989,42.195381,2701,1,0,WaitingForPhaseBoundary,0,0,TaskSwitchDisplay,1,,Joystick,0.100000,0.000000,0.000000,0.000000,-1.000000,JoyStick1LeftSlider,0.000000,0.000000,0.000000,0.000000,0.000000,0.000000,0.000000,0.000000,0.000000,0.000000,2700,0,0.000000,0,0,0,1,1,TaskSwitchPedal,0.000000,1
20261007T102252334Z_a2ac4ef9bb5b432c8b5db52d721e2425,,,1,745,2026-10-07T10:23:36.5956267Z,44.248994,42.246629,2704,1,0,WaitingForPhaseBoundary,0,0,TaskSwitchDisplay,1,,Joystick,0.100000,0.000000,0.000000,0.000000,-1.000000,JoyStick1LeftSlider,0.000000,0.000000,0.000000,0.000000,0.000000,0.000000,0.000000,0.000000,0.000000,0.000000,2704,1,0.000000,0,0,0,1,1,TaskSwitchPedal,0.000000,1
20261007T102252334Z_a2ac4ef9bb5b432c8b5db52d721e2425,,,1,746,2026-10-07T10:23:36.6553419Z,44.308958,42.306834,2708,1,0,WaitingForPhaseBoundary,0,0,TaskSwitchDisplay,1,,Joystick,0.100000,0.000000,0.000000,0.000000,-1.000000,JoyStick1LeftSlider,0.000000,0.000000,0.000000,0.000000,0.000000,0.000000,0.000000,0.000000,0.000000,0.000000,2708,1,0.000000,0,0,0,1,1,TaskSwitchPedal,0.000000,1
20261007T102252334Z_a2ac4ef9bb5b432c8b5db52d721e2425,,,1,747,2026-10-07T10:23:36.7157082Z,44.369338,42.367133,2712,1,0,WaitingForPhaseBoundary,0,0,TaskSwitchDisplay,1,,Joystick,0.100000,0.000000,0.000000,0.000000,-1.000000,JoyStick1LeftSlider,0.000000,0.000000,0.000000,0.000000,0.000000,0.000000,0.000000,0.000000,0.000000,0.000000,2712,1,0.000000,0,0,0,1,1,TaskSwitchPedal,0.000000,1
20261007T102252334Z_a2ac4ef9bb5b432c8b5db52d721e2425,,,1,748,2026-10-07T10:23:36.7763553Z,44.430571,42.428445,2716,1,0,WaitingForPhaseBoundary,0,0,TaskSwitchDisplay,1,,Joystick,0.100000,0.000000,0.000000,0.000000,-1.000000,JoyStick1LeftSlider,0.000000,0.000000,0.000000,0.000000,0.000000,0.000000,0.000000,0.000000,0.000000,0.000000,2716,1,0.000000,0,0,0,1,1,TaskSwitchPedal,0.000000,1
20261007T102252334Z_a2ac4ef9bb5b432c8b5db52d721e2425,,,1,749,2026-10-07T10:23:36.8374007Z,44.491866,42.489196,2720,1,0,WaitingForPhaseBoundary,0,0,TaskSwitchDisplay,1,,Joystick,0.100000,0.000000,0.000000,0.000000,-1.000000,JoyStick1LeftSlider,0.000000,0.000000,0.000000,0.000000,0.000000,0.000000,0.000000,0.000000,0.000000,0.000000,2720,1,0.000000,0,0,0,1,1,TaskSwitchPedal,0.000000,1
20261007T102252334Z_a2ac4ef9bb5b432c8b5db52d721e2425,,,1,750,2026-10-07T10:23:36.9062703Z,44.559978,42.557704,2724,1,0,WaitingForPhaseBoundary,0,0,TaskSwitchDisplay,1,,Joystick,0.100000,0.000000,0.000000,0.000000,-1.000000,JoyStick1LeftSlider,0.000000,0.000000,0.000000,0.000000,0.000000,0.000000,0.000000,0.000000,0.000000,0.000000,2724,1,0.000000,0,0,0,1,1,TaskSwitchPedal,0.000000,1
20261007T102252334Z_a2ac4ef9bb5b432c8b5db52d721e2425,,,1,751,2026-10-07T10:23:36.9717593Z,44.625203,42.621857,2728,1,0,WaitingForPhaseBoundary,0,0,TaskSwitchDisplay,1,,Joystick,0.100000,0.000000,0.000000,0.000000,-1.000000,JoyStick1LeftSlider,0.000000,0.000000,0.000000,0.000000,0.000000,0.000000,0.000000,0.000000,0.000000,0.000000,2728,1,0.000000,0,0,0,1,1,TaskSwitchPedal,0.000000,1
20261007T102252334Z_a2ac4ef9bb5b432c8b5db52d721e2425,,,1,752,2026-10-07T10:23:37.0285783Z,44.682550,42.680451,2731,1,0,WaitingForPhaseBoundary,0,0,TaskSwitchDisplay,1,,Joystick,0.100000,0.000000,0.000000,0.000000,-1.000000,JoyStick1LeftSlider,0.000000,0.000000,0.000000,0.000000,0.000000,0.000000,0.000000,0.000000,0.000000,0.000000,2731,1,0.000000,0,0,0,1,1,TaskSwitchPedal,0.000000,1
20261007T102252334Z_a2ac4ef9bb5b432c8b5db52d721e2425,,,1,753,2026-10-07T10:23:37.0925750Z,44.746239,42.743914,2735,1,0,WaitingForPhaseBoundary,0,0,TaskSwitchDisplay,1,,Joystick,0.100000,0.000000,0.000000,0.000000,-1.000000,JoyStick1LeftSlider,0.000000,0.000000,0.000000,0.000000,0.000000,0.000000,0.000000,0.000000,0.000000,0.000000,2735,1,0.000000,0,0,0,1,1,TaskSwitchPedal,0.000000,1
20261007T102252334Z_a2ac4ef9bb5b432c8b5db52d721e2425,,,1,754,2026-10-07T10:23:37.1528640Z,44.806138,42.803261,2739,1,0,WaitingForPhaseBoundary,0,0,TaskSwitchDisplay,1,,Joystick,0.100000,0.000000,0.000000,0.000000,-1.000000,JoyStick1LeftSlider,0.000000,0.000000,0.000000,0.000000,0.000000,0.000000,0.000000,0.000000,0.000000,0.000000,2739,1,0.000000,0,0,0,1,1,TaskSwitchPedal,0.000000,1
20261007T102252334Z_a2ac4ef9bb5b432c8b5db52d721e2425,,,1,755,2026-10-07T10:23:37.2067818Z,44.861187,42.857990,2742,1,0,WaitingForPhaseBoundary,0,0,TaskSwitchDisplay,1,,Joystick,0.100000,0.000000,0.000000,0.000000,-1.000000,JoyStick1LeftSlider,0.000000,0.000000,0.000000,0.000000,0.000000,0.000000,0.000000,0.000000,0.000000,0.000000,2742,1,0.000000,0,0,0,1,1,TaskSwitchPedal,0.000000,1
20261007T102252334Z_a2ac4ef9bb5b432c8b5db52d721e2425,,,1,756,2026-10-07T10:23:37.2685747Z,44.923104,42.920082,2746,1,0,WaitingForPhaseBoundary,0,0,TaskSwitchDisplay,1,,Joystick,0.100000,0.000000,0.000000,0.000000,-1.000000,JoyStick1LeftSlider,0.000000,0.000000,0.000000,0.000000,0.000000,0.000000,0.000000,0.000000,0.000000,0.000000,2746,1,0.000000,0,0,0,1,1,TaskSwitchPedal,0.000000,1
20261007T102252334Z_a2ac4ef9bb5b432c8b5db52d721e2425,,,1,757,2026-10-07T10:23:37.3301732Z,44.983586,42.981104,2750,1,0,WaitingForPhaseBoundary,0,0,TaskSwitchDisplay,1,,Joystick,0.100000,0.000000,0.000000,0.000000,-1.000000,JoyStick1LeftSlider,0.000000,0.000000,0.000000,0.000000,0.000000,0.000000,0.000000,0.000000,0.000000,0.000000,2750,1,0.000000,0,0,0,1,1,TaskSwitchPedal,0.000000,1
20261007T102252334Z_a2ac4ef9bb5b432c8b5db52d721e2425,,,1,758,2026-10-07T10:23:37.3878382Z,45.041587,43.038689,2753,1,0,WaitingForPhaseBoundary,0,0,TaskSwitchDisplay,1,,Joystick,0.100000,0.000000,0.000000,0.000000,-1.000000,JoyStick1LeftSlider,0.000000,0.000000,0.000000,0.000000,0.000000,0.000000,0.000000,0.000000,0.000000,0.000000,2753,1,0.000000,0,0,0,1,1,TaskSwitchPedal,0.000000,1
20261007T102252334Z_a2ac4ef9bb5b432c8b5db52d721e2425,,,1,759,2026-10-07T10:23:37.4409976Z,45.094136,43.091405,2756,1,0,WaitingForPhaseBoundary,0,0,TaskSwitchDisplay,1,,Joystick,0.100000,0.000000,0.000000,0.000000,-1.000000,JoyStick1LeftSlider,0.000000,0.000000,0.000000,0.000000,0.000000,0.000000,0.000000,0.000000,0.000000,0.000000,2756,1,0.000000,0,0,0,1,1,TaskSwitchPedal,0.000000,1
20261007T102252334Z_a2ac4ef9bb5b432c8b5db52d721e2425,,,1,760,2026-10-07T10:23:37.4955971Z,45.148971,43.146817,2759,1,0,WaitingForPhaseBoundary,0,0,TaskSwitchDisplay,1,,Joystick,0.100000,0.000000,0.000000,0.000000,-1.000000,JoyStick1LeftSlider,0.000000,0.000000,0.000000,0.000000,0.000000,0.000000,0.000000,0.000000,0.000000,0.000000,2759,1,0.000000,0,0,0,1,1,TaskSwitchPedal,0.000000,1
20261007T102252334Z_a2ac4ef9bb5b432c8b5db52d721e2425,,,1,761,2026-10-07T10:23:37.5587873Z,45.212669,43.208968,2763,1,0,WaitingForPhaseBoundary,0,0,TaskSwitchDisplay,1,,Joystick,0.100000,0.000000,0.000000,0.000000,-1.000000,JoyStick1LeftSlider,0.000000,0.000000,0.000000,0.000000,0.000000,0.000000,0.000000,0.000000,0.000000,0.000000,2763,1,0.000000,0,0,0,1,1,TaskSwitchPedal,0.000000,1
20261007T102252334Z_a2ac4ef9bb5b432c8b5db52d721e2425,,,1,762,2026-10-07T10:23:37.6128614Z,45.267159,43.264656,2766,1,0,WaitingForPhaseBoundary,0,0,TaskSwitchDisplay,1,,Joystick,0.100000,0.000000,0.000000,0.000000,-1.000000,JoyStick1LeftSlider,0.000000,0.000000,0.000000,0.000000,0.000000,0.000000,0.000000,0.000000,0.000000,0.000000,2766,1,0.000000,0,0,0,1,1,TaskSwitchPedal,0.000000,1
20261007T102252334Z_a2ac4ef9bb5b432c8b5db52d721e2425,,,1,763,2026-10-07T10:23:37.6682026Z,45.322125,43.319521,2769,1,0,WaitingForPhaseBoundary,0,0,TaskSwitchDisplay,1,,Joystick,0.100000,0.000000,0.000000,0.000000,-1.000000,JoyStick1LeftSlider,0.000000,0.000000,0.000000,0.000000,0.000000,0.000000,0.000000,0.000000,0.000000,0.000000,2769,1,0.000000,0,0,0,1,1,TaskSwitchPedal,0.000000,1
20261007T102252334Z_a2ac4ef9bb5b432c8b5db52d721e2425,,,1,764,2026-10-07T10:23:37.7235610Z,45.377840,43.375627,2772,1,0,WaitingForPhaseBoundary,0,0,TaskSwitchDisplay,1,,Joystick,0.100000,0.000000,0.000000,0.000000,-1.000000,JoyStick1LeftSlider,0.000000,0.000000,0.000000,0.000000,0.000000,0.000000,0.000000,0.000000,0.000000,0.000000,2771,0,0.000000,0,0,0,1,1,TaskSwitchPedal,0.000000,1
20261007T102252334Z_a2ac4ef9bb5b432c8b5db52d721e2425,,,1,765,2026-10-07T10:23:37.7774577Z,45.430593,43.428157,2775,1,0,WaitingForPhaseBoundary,0,0,TaskSwitchDisplay,1,,Joystick,0.100000,0.000000,0.000000,0.000000,-1.000000,JoyStick1LeftSlider,0.000000,0.000000,0.000000,0.000000,0.000000,0.000000,0.000000,0.000000,0.000000,0.000000,2775,1,0.000000,0,0,0,1,1,TaskSwitchPedal,0.000000,1
20261007T102252334Z_a2ac4ef9bb5b432c8b5db52d721e2425,,,1,766,2026-10-07T10:23:37.8376895Z,45.491157,43.488796,2779,1,0,WaitingForPhaseBoundary,0,0,TaskSwitchDisplay,1,,Joystick,0.100000,0.000000,0.000000,0.000000,-1.000000,JoyStick1LeftSlider,0.000000,0.000000,0.000000,0.000000,0.000000,0.000000,0.000000,0.000000,0.000000,0.000000,2779,1,0.000000,0,0,0,1,1,TaskSwitchPedal,0.000000,1
20261007T102252334Z_a2ac4ef9bb5b432c8b5db52d721e2425,,,1,767,2026-10-07T10:23:37.8963278Z,45.549964,43.547781,2783,1,0,WaitingForPhaseBoundary,0,0,TaskSwitchDisplay,1,,Joystick,0.100000,0.000000,0.000000,0.000000,-1.000000,JoyStick1LeftSlider,0.000000,0.000000,0.000000,0.000000,0.000000,0.000000,0.000000,0.000000,0.000000,0.000000,2783,1,0.000000,0,0,0,1,1,TaskSwitchPedal,0.000000,1
20261007T102252334Z_a2ac4ef9bb5b432c8b5db52d721e2425,,,1,768,2026-10-07T10:23:37.9585135Z,45.612364,43.610128,2787,1,0,WaitingForPhaseBoundary,0,0,TaskSwitchDisplay,1,,Joystick,0.100000,0.000000,0.000000,0.000000,-1.000000,JoyStick1LeftSlider,0.000000,0.000000,0.000000,0.000000,0.000000,0.000000,0.000000,0.000000,0.000000,0.000000,2787,1,0.000000,0,0,0,1,1,TaskSwitchPedal,0.000000,1
20261007T102252334Z_a2ac4ef9bb5b432c8b5db52d721e2425,,,1,769,2026-10-07T10:23:38.0195976Z,45.673671,43.671769,2791,1,0,WaitingForPhaseBoundary,0,0,TaskSwitchDisplay,1,,Joystick,0.100000,0.000000,0.000000,0.000000,-1.000000,JoyStick1LeftSlider,0.000000,0.000000,0.000000,0.000000,0.000000,0.000000,0.000000,0.000000,0.000000,0.000000,2790,0,0.000000,0,0,0,1,1,TaskSwitchPedal,0.000000,1
20261007T102252334Z_a2ac4ef9bb5b432c8b5db52d721e2425,,,1,770,2026-10-07T10:23:38.0788707Z,45.732238,43.730032,2795,1,0,WaitingForPhaseBoundary,0,0,TaskSwitchDisplay,1,,Joystick,0.100000,0.000000,0.000000,0.000000,-1.000000,JoyStick1LeftSlider,0.000000,0.000000,0.000000,0.000000,0.000000,0.000000,0.000000,0.000000,0.000000,0.000000,2795,1,0.000000,0,0,0,1,1,TaskSwitchPedal,0.000000,1
20261007T102252334Z_a2ac4ef9bb5b432c8b5db52d721e2425,,,1,771,2026-10-07T10:23:38.1371686Z,45.790985,43.788408,2799,1,0,WaitingForPhaseBoundary,0,0,TaskSwitchDisplay,1,,Joystick,0.100000,0.000000,0.000000,0.000000,-1.000000,JoyStick1LeftSlider,0.000000,0.000000,0.000000,0.000000,0.000000,0.000000,0.000000,0.000000,0.000000,0.000000,2799,1,0.000000,0,0,0,1,1,TaskSwitchPedal,0.000000,1
20261007T102252334Z_a2ac4ef9bb5b432c8b5db52d721e2425,,,1,772,2026-10-07T10:23:38.1992529Z,45.852543,43.850382,2803,1,0,WaitingForPhaseBoundary,0,0,TaskSwitchDisplay,1,,Joystick,0.100000,0.000000,0.000000,0.000000,-1.000000,JoyStick1LeftSlider,0.000000,0.000000,0.000000,0.000000,0.000000,0.000000,0.000000,0.000000,0.000000,0.000000,2803,1,0.000000,0,0,0,1,1,TaskSwitchPedal,0.000000,1
20261007T102252334Z_a2ac4ef9bb5b432c8b5db52d721e2425,,,1,773,2026-10-07T10:23:38.2606905Z,45.914108,43.911987,2806,1,0,WaitingForPhaseBoundary,0,0,TaskSwitchDisplay,1,,Joystick,0.100000,0.000000,0.000000,0.000000,-1.000000,JoyStick1LeftSlider,0.000000,0.000000,0.000000,0.000000,0.000000,0.000000,0.000000,0.000000,0.000000,0.000000,2806,1,0.000000,0,0,0,1,1,TaskSwitchPedal,0.000000,1
20261007T102252334Z_a2ac4ef9bb5b432c8b5db52d721e2425,,,1,774,2026-10-07T10:23:38.3146079Z,45.968154,43.966118,2809,1,0,WaitingForPhaseBoundary,0,0,TaskSwitchDisplay,1,,Joystick,0.100000,0.000000,0.000000,0.000000,-1.000000,JoyStick1LeftSlider,0.000000,0.000000,0.000000,0.000000,0.000000,0.000000,0.000000,0.000000,0.000000,0.000000,2809,1,0.000000,0,0,0,1,1,TaskSwitchPedal,0.000000,1
20261007T102252334Z_a2ac4ef9bb5b432c8b5db52d721e2425,,,1,775,2026-10-07T10:23:38.3775771Z,46.031249,44.029179,2813,1,0,WaitingForPhaseBoundary,0,0,TaskSwitchDisplay,1,,Joystick,0.100000,0.000000,0.000000,0.000000,-1.000000,JoyStick1LeftSlider,0.000000,0.000000,0.000000,0.000000,0.000000,0.000000,0.000000,0.000000,0.000000,0.000000,2813,1,0.000000,0,0,0,1,1,TaskSwitchPedal,0.000000,1
20261007T102252334Z_a2ac4ef9bb5b432c8b5db52d721e2425,,,1,776,2026-10-07T10:23:38.4316684Z,46.085619,44.083315,2816,1,0,WaitingForPhaseBoundary,0,0,TaskSwitchDisplay,1,,Joystick,0.100000,0.000000,0.000000,0.000000,-1.000000,JoyStick1LeftSlider,0.000000,0.000000,0.000000,0.000000,0.000000,0.000000,0.000000,0.000000,0.000000,0.000000,2816,1,0.000000,0,0,0,1,1,TaskSwitchPedal,0.000000,1
20261007T102252334Z_a2ac4ef9bb5b432c8b5db52d721e2425,,,1,777,2026-10-07T10:23:38.4969940Z,46.150416,44.148191,2820,1,0,WaitingForPhaseBoundary,0,0,TaskSwitchDisplay,1,,Joystick,0.100000,0.000000,0.000000,0.000000,-1.000000,JoyStick1LeftSlider,0.000000,0.000000,0.000000,0.000000,0.000000,0.000000,0.000000,0.000000,0.000000,0.000000,2820,1,0.000000,0,0,0,1,1,TaskSwitchPedal,0.000000,1
20261007T102252334Z_a2ac4ef9bb5b432c8b5db52d721e2425,,,1,778,2026-10-07T10:23:38.5517124Z,46.204858,44.202768,2823,1,0,WaitingForPhaseBoundary,0,0,TaskSwitchDisplay,1,,Joystick,0.100000,0.000000,0.000000,0.000000,-1.000000,JoyStick1LeftSlider,0.000000,0.000000,0.000000,0.000000,0.000000,0.000000,0.000000,0.000000,0.000000,0.000000,2823,1,0.000000,0,0,0,1,1,TaskSwitchPedal,0.000000,1
20261007T102252334Z_a2ac4ef9bb5b432c8b5db52d721e2425,,,1,779,2026-10-07T10:23:38.6158045Z,46.269185,44.267000,2827,1,0,WaitingForPhaseBoundary,0,0,TaskSwitchDisplay,1,,Joystick,0.100000,0.000000,0.000000,0.000000,-1.000000,JoyStick1LeftSlider,0.000000,0.000000,0.000000,0.000000,0.000000,0.000000,0.000000,0.000000,0.000000,0.000000,2827,1,0.000000,0,0,0,1,1,TaskSwitchPedal,0.000000,1
20261007T102252334Z_a2ac4ef9bb5b432c8b5db52d721e2425,,,1,780,2026-10-07T10:23:38.6757155Z,46.329677,44.327145,2831,1,0,WaitingForPhaseBoundary,0,0,TaskSwitchDisplay,1,,Joystick,0.100000,0.000000,0.000000,0.000000,-1.000000,JoyStick1LeftSlider,0.000000,0.000000,0.000000,0.000000,0.000000,0.000000,0.000000,0.000000,0.000000,0.000000,2831,1,0.000000,0,0,0,1,1,TaskSwitchPedal,0.000000,1
20261007T102252334Z_a2ac4ef9bb5b432c8b5db52d721e2425,,,1,781,2026-10-07T10:23:38.7323019Z,46.385506,44.383002,2834,1,0,WaitingForPhaseBoundary,0,0,TaskSwitchDisplay,1,,Joystick,0.100000,0.000000,0.000000,0.000000,-1.000000,JoyStick1LeftSlider,0.000000,0.000000,0.000000,0.000000,0.000000,0.000000,0.000000,0.000000,0.000000,0.000000,2834,1,0.000000,0,0,0,1,1,TaskSwitchPedal,0.000000,1
20261007T102252334Z_a2ac4ef9bb5b432c8b5db52d721e2425,,,1,782,2026-10-07T10:23:38.7930055Z,46.446794,44.444658,2838,1,0,WaitingForPhaseBoundary,0,0,TaskSwitchDisplay,1,,Joystick,0.100000,0.000000,0.000000,0.000000,-1.000000,JoyStick1LeftSlider,0.000000,0.000000,0.000000,0.000000,0.000000,0.000000,0.000000,0.000000,0.000000,0.000000,2838,1,0.000000,0,0,0,1,1,TaskSwitchPedal,0.000000,1
20261007T102252334Z_a2ac4ef9bb5b432c8b5db52d721e2425,,,1,783,2026-10-07T10:23:38.8526631Z,46.506428,44.504156,2842,1,0,WaitingForPhaseBoundary,0,0,TaskSwitchDisplay,1,,Joystick,0.100000,0.000000,0.000000,0.000000,-1.000000,JoyStick1LeftSlider,0.000000,0.000000,0.000000,0.000000,0.000000,0.000000,0.000000,0.000000,0.000000,0.000000,2842,1,0.000000,0,0,0,1,1,TaskSwitchPedal,0.000000,1
20261007T102252334Z_a2ac4ef9bb5b432c8b5db52d721e2425,,,1,784,2026-10-07T10:23:38.9117753Z,46.565100,44.562838,2846,1,0,WaitingForPhaseBoundary,0,0,TaskSwitchDisplay,1,,Joystick,0.100000,0.000000,0.000000,0.000000,-1.000000,JoyStick1LeftSlider,0.000000,0.000000,0.000000,0.000000,0.000000,0.000000,0.000000,0.000000,0.000000,0.000000,2846,1,0.000000,0,0,0,1,1,TaskSwitchPedal,0.000000,1
20261007T102252334Z_a2ac4ef9bb5b432c8b5db52d721e2425,,,1,785,2026-10-07T10:23:38.9692421Z,46.623602,44.620710,2850,1,0,WaitingForPhaseBoundary,0,0,TaskSwitchDisplay,1,,Joystick,0.100000,0.000000,0.000000,0.000000,-1.000000,JoyStick1LeftSlider,0.000000,0.000000,0.000000,0.000000,0.000000,0.000000,0.000000,0.000000,0.000000,0.000000,2850,1,0.000000,0,0,0,1,1,TaskSwitchPedal,0.000000,1
20261007T102252334Z_a2ac4ef9bb5b432c8b5db52d721e2425,,,1,786,2026-10-07T10:23:39.0340610Z,46.688035,44.684934,2854,1,0,WaitingForPhaseBoundary,0,0,TaskSwitchDisplay,1,,Joystick,0.100000,0.000000,0.000000,0.000000,-1.000000,JoyStick1LeftSlider,0.000000,0.000000,0.000000,0.000000,0.000000,0.000000,0.000000,0.000000,0.000000,0.000000,2854,1,0.000000,0,0,0,1,1,TaskSwitchPedal,0.000000,1
20261007T102252334Z_a2ac4ef9bb5b432c8b5db52d721e2425,,,1,787,2026-10-07T10:23:39.0913961Z,46.745194,44.742948,2857,1,0,WaitingForPhaseBoundary,0,0,TaskSwitchDisplay,1,,Joystick,0.100000,0.000000,0.000000,0.000000,-1.000000,JoyStick1LeftSlider,0.000000,0.000000,0.000000,0.000000,0.000000,0.000000,0.000000,0.000000,0.000000,0.000000,2857,1,0.000000,0,0,0,1,1,TaskSwitchPedal,0.000000,1
20261007T102252334Z_a2ac4ef9bb5b432c8b5db52d721e2425,,,1,788,2026-10-07T10:23:39.1531987Z,46.806465,44.804342,2861,1,0,WaitingForPhaseBoundary,0,0,TaskSwitchDisplay,1,,Joystick,0.100000,0.000000,0.000000,0.000000,-1.000000,JoyStick1LeftSlider,0.000000,0.000000,0.000000,0.000000,0.000000,0.000000,0.000000,0.000000,0.000000,0.000000,2861,1,0.000000,0,0,0,1,1,TaskSwitchPedal,0.000000,1
20261007T102252334Z_a2ac4ef9bb5b432c8b5db52d721e2425,,,1,789,2026-10-07T10:23:39.2135726Z,46.866769,44.864567,2865,1,0,WaitingForPhaseBoundary,0,0,TaskSwitchDisplay,1,,Joystick,0.100000,0.000000,0.000000,0.000000,-1.000000,JoyStick1LeftSlider,0.000000,0.000000,0.000000,0.000000,0.000000,0.000000,0.000000,0.000000,0.000000,0.000000,2865,1,0.000000,0,0,0,1,1,TaskSwitchPedal,0.000000,1
20261007T102252334Z_a2ac4ef9bb5b432c8b5db52d721e2425,,,1,790,2026-10-07T10:23:39.2784108Z,46.932804,44.930482,2869,1,0,WaitingForPhaseBoundary,0,0,TaskSwitchDisplay,1,,Joystick,0.100000,0.000000,0.000000,0.000000,-1.000000,JoyStick1LeftSlider,0.000000,0.000000,0.000000,0.000000,0.000000,0.000000,0.000000,0.000000,0.000000,0.000000,2869,1,0.000000,0,0,0,1,1,TaskSwitchPedal,0.000000,1
20261007T102252334Z_a2ac4ef9bb5b432c8b5db52d721e2425,,,1,791,2026-10-07T10:23:39.3404989Z,46.993782,44.991807,2873,1,0,WaitingForPhaseBoundary,0,0,TaskSwitchDisplay,1,,Joystick,0.100000,0.000000,0.000000,0.000000,-1.000000,JoyStick1LeftSlider,0.000000,0.000000,0.000000,0.000000,0.000000,0.000000,0.000000,0.000000,0.000000,0.000000,2872,0,0.000000,0,0,0,1,1,TaskSwitchPedal,0.000000,1
20261007T102252334Z_a2ac4ef9bb5b432c8b5db52d721e2425,,,1,792,2026-10-07T10:23:39.3996511Z,47.053623,45.051839,2877,1,0,WaitingForPhaseBoundary,0,0,TaskSwitchDisplay,1,,Joystick,0.100000,0.000000,0.000000,0.000000,-1.000000,JoyStick1LeftSlider,0.000000,0.000000,0.000000,0.000000,0.000000,0.000000,0.000000,0.000000,0.000000,0.000000,2876,0,0.000000,0,0,0,1,1,TaskSwitchPedal,0.000000,1
20261007T102252334Z_a2ac4ef9bb5b432c8b5db52d721e2425,,,1,793,2026-10-07T10:23:39.4526788Z,47.106290,45.104227,2881,1,0,WaitingForPhaseBoundary,0,0,TaskSwitchDisplay,1,,Joystick,0.100000,0.000000,0.000000,0.000000,-1.000000,JoyStick1LeftSlider,0.000000,0.000000,0.000000,0.000000,0.000000,0.000000,0.000000,0.000000,0.000000,0.000000,2881,1,0.000000,0,0,0,1,1,TaskSwitchPedal,0.000000,1
20261007T102252334Z_a2ac4ef9bb5b432c8b5db52d721e2425,,,1,794,2026-10-07T10:23:39.5189735Z,47.172851,45.170418,2884,1,0,WaitingForPhaseBoundary,0,0,TaskSwitchDisplay,1,,Joystick,0.100000,0.000000,0.000000,0.000000,-1.000000,JoyStick1LeftSlider,0.000000,0.000000,0.000000,0.000000,0.000000,0.000000,0.000000,0.000000,0.000000,0.000000,2884,1,0.000000,0,0,0,1,1,TaskSwitchPedal,0.000000,1
20261007T102252334Z_a2ac4ef9bb5b432c8b5db52d721e2425,,,1,795,2026-10-07T10:23:39.5788860Z,47.232271,45.230174,2888,1,0,WaitingForPhaseBoundary,0,0,TaskSwitchDisplay,1,,Joystick,0.100000,0.000000,0.000000,0.000000,-1.000000,JoyStick1LeftSlider,0.000000,0.000000,0.000000,0.000000,0.000000,0.000000,0.000000,0.000000,0.000000,0.000000,2888,1,0.000000,0,0,0,1,1,TaskSwitchPedal,0.000000,1
20261007T102252334Z_a2ac4ef9bb5b432c8b5db52d721e2425,,,1,796,2026-10-07T10:23:39.6436842Z,47.297187,45.295680,2892,1,0,WaitingForPhaseBoundary,0,0,TaskSwitchDisplay,1,,Joystick,0.100000,0.000000,0.000000,0.000000,-1.000000,JoyStick1LeftSlider,0.000000,0.000000,0.000000,0.000000,0.000000,0.000000,0.000000,0.000000,0.000000,0.000000,2891,0,0.000000,0,0,0,1,1,TaskSwitchPedal,0.000000,1
20261007T102252334Z_a2ac4ef9bb5b432c8b5db52d721e2425,,,1,797,2026-10-07T10:23:39.6974426Z,47.350841,45.348782,2895,1,0,WaitingForPhaseBoundary,0,0,TaskSwitchDisplay,1,,Joystick,0.100000,0.000000,0.000000,0.000000,-1.000000,JoyStick1LeftSlider,0.000000,0.000000,0.000000,0.000000,0.000000,0.000000,0.000000,0.000000,0.000000,0.000000,2895,1,0.000000,0,0,0,1,1,TaskSwitchPedal,0.000000,1
20261007T102252334Z_a2ac4ef9bb5b432c8b5db52d721e2425,,,1,798,2026-10-07T10:23:39.7510530Z,47.404196,45.401848,2898,1,0,WaitingForPhaseBoundary,0,0,TaskSwitchDisplay,1,,Joystick,0.100000,0.000000,0.000000,0.000000,-1.000000,JoyStick1LeftSlider,0.000000,0.000000,0.000000,0.000000,0.000000,0.000000,0.000000,0.000000,0.000000,0.000000,2898,1,0.000000,0,0,0,1,1,TaskSwitchPedal,0.000000,1
20261007T102252334Z_a2ac4ef9bb5b432c8b5db52d721e2425,,,1,799,2026-10-07T10:23:39.8141222Z,47.467970,45.465617,2902,1,0,WaitingForPhaseBoundary,0,0,TaskSwitchDisplay,1,,Joystick,0.100000,0.000000,0.000000,0.000000,-1.000000,JoyStick1LeftSlider,0.000000,0.000000,0.000000,0.000000,0.000000,0.000000,0.000000,0.000000,0.000000,0.000000,2902,1,0.000000,0,0,0,1,1,TaskSwitchPedal,0.000000,1
20261007T102252334Z_a2ac4ef9bb5b432c8b5db52d721e2425,,,1,800,2026-10-07T10:23:39.8776027Z,47.531400,45.529211,2906,1,0,WaitingForPhaseBoundary,0,0,TaskSwitchDisplay,1,,Joystick,0.100000,0.000000,0.000000,0.000000,-1.000000,JoyStick1LeftSlider,0.000000,0.000000,0.000000,0.000000,0.000000,0.000000,0.000000,0.000000,0.000000,0.000000,2906,1,0.000000,0,0,0,1,1,TaskSwitchPedal,0.000000,1
20261007T102252334Z_a2ac4ef9bb5b432c8b5db52d721e2425,,,1,801,2026-10-07T10:23:39.9369838Z,47.590124,45.587777,2909,1,0,WaitingForPhaseBoundary,0,0,TaskSwitchDisplay,1,,Joystick,0.100000,0.000000,0.000000,0.000000,-1.000000,JoyStick1LeftSlider,0.000000,0.000000,0.000000,0.000000,0.000000,0.000000,0.000000,0.000000,0.000000,0.000000,2909,1,0.000000,0,0,0,1,1,TaskSwitchPedal,0.000000,1
20261007T102252334Z_a2ac4ef9bb5b432c8b5db52d721e2425,,,1,802,2026-10-07T10:23:39.9992116Z,47.652585,45.650361,2913,1,0,WaitingForPhaseBoundary,0,0,TaskSwitchDisplay,1,,Joystick,0.100000,0.000000,0.000000,0.000000,-1.000000,JoyStick1LeftSlider,0.000000,0.000000,0.000000,0.000000,0.000000,0.000000,0.000000,0.000000,0.000000,0.000000,2913,1,0.000000,0,0,0,1,1,TaskSwitchPedal,0.000000,1
20261007T102252334Z_a2ac4ef9bb5b432c8b5db52d721e2425,,,1,803,2026-10-07T10:23:40.0505834Z,47.703789,45.701477,2916,1,0,WaitingForPhaseBoundary,0,0,TaskSwitchDisplay,1,,Joystick,0.100000,0.000000,0.000000,0.000000,-1.000000,JoyStick1LeftSlider,0.000000,0.000000,0.000000,0.000000,0.000000,0.000000,0.000000,0.000000,0.000000,0.000000,2916,1,0.000000,0,0,0,1,1,TaskSwitchPedal,0.000000,1
20261007T102252334Z_a2ac4ef9bb5b432c8b5db52d721e2425,,,1,804,2026-10-07T10:23:40.1118566Z,47.765757,45.763475,2919,1,0,WaitingForPhaseBoundary,0,0,TaskSwitchDisplay,1,,Joystick,0.100000,0.000000,0.000000,0.000000,-1.000000,JoyStick1LeftSlider,0.000000,0.000000,0.000000,0.000000,0.000000,0.000000,0.000000,0.000000,0.000000,0.000000,2919,1,0.000000,0,0,0,1,1,TaskSwitchPedal,0.000000,1
20261007T102252334Z_a2ac4ef9bb5b432c8b5db52d721e2425,,,1,805,2026-10-07T10:23:40.1740675Z,47.827578,45.825396,2923,1,0,WaitingForPhaseBoundary,0,0,TaskSwitchDisplay,1,,Joystick,0.100000,0.000000,0.000000,0.000000,-1.000000,JoyStick1LeftSlider,0.000000,0.000000,0.000000,0.000000,0.000000,0.000000,0.000000,0.000000,0.000000,0.000000,2923,1,0.000000,0,0,0,1,1,TaskSwitchPedal,0.000000,1
20261007T102252334Z_a2ac4ef9bb5b432c8b5db52d721e2425,,,1,806,2026-10-07T10:23:40.2319295Z,47.885648,45.883077,2927,1,0,WaitingForPhaseBoundary,0,0,TaskSwitchDisplay,1,,Joystick,0.100000,0.000000,0.000000,0.000000,-1.000000,JoyStick1LeftSlider,0.000000,0.000000,0.000000,0.000000,0.000000,0.000000,0.000000,0.000000,0.000000,0.000000,2927,1,0.000000,0,0,0,1,1,TaskSwitchPedal,0.000000,1
20261007T102252334Z_a2ac4ef9bb5b432c8b5db52d721e2425,,,1,807,2026-10-07T10:23:40.2913212Z,47.945029,45.942717,2931,1,0,WaitingForPhaseBoundary,0,0,TaskSwitchDisplay,1,,Joystick,0.100000,0.000000,0.000000,0.000000,-1.000000,JoyStick1LeftSlider,0.000000,0.000000,0.000000,0.000000,0.000000,0.000000,0.000000,0.000000,0.000000,0.000000,2931,1,0.000000,0,0,0,1,1,TaskSwitchPedal,0.000000,1
20261007T102252334Z_a2ac4ef9bb5b432c8b5db52d721e2425,,,1,808,2026-10-07T10:23:40.3520953Z,48.005825,46.003063,2935,1,0,WaitingForPhaseBoundary,0,0,TaskSwitchDisplay,1,,Joystick,0.100000,0.000000,0.000000,0.000000,-1.000000,JoyStick1LeftSlider,0.000000,0.000000,0.000000,0.000000,0.000000,0.000000,0.000000,0.000000,0.000000,0.000000,2935,1,0.000000,0,0,0,1,1,TaskSwitchPedal,0.000000,1
20261007T102252334Z_a2ac4ef9bb5b432c8b5db52d721e2425,,,1,809,2026-10-07T10:23:40.4184332Z,48.071852,46.069336,2939,1,0,WaitingForPhaseBoundary,0,0,TaskSwitchDisplay,1,,Joystick,0.100000,0.000000,0.000000,0.000000,-1.000000,JoyStick1LeftSlider,0.000000,0.000000,0.000000,0.000000,0.000000,0.000000,0.000000,0.000000,0.000000,0.000000,2939,1,0.000000,0,0,0,1,1,TaskSwitchPedal,0.000000,1
20261007T102252334Z_a2ac4ef9bb5b432c8b5db52d721e2425,,,1,810,2026-10-07T10:23:40.4835308Z,48.136721,46.134410,2942,1,0,WaitingForPhaseBoundary,0,0,TaskSwitchDisplay,1,,Joystick,0.100000,0.000000,0.000000,0.000000,-1.000000,JoyStick1LeftSlider,0.000000,0.000000,0.000000,0.000000,0.000000,0.000000,0.000000,0.000000,0.000000,0.000000,2942,1,0.000000,0,0,0,1,1,TaskSwitchPedal,0.000000,1
20261007T102252334Z_a2ac4ef9bb5b432c8b5db52d721e2425,,,1,811,2026-10-07T10:23:40.5415664Z,48.195239,46.192967,2945,1,0,WaitingForPhaseBoundary,0,0,TaskSwitchDisplay,1,,Joystick,0.100000,0.000000,0.000000,0.000000,-1.000000,JoyStick1LeftSlider,0.000000,0.000000,0.000000,0.000000,0.000000,0.000000,0.000000,0.000000,0.000000,0.000000,2945,1,0.000000,0,0,0,1,1,TaskSwitchPedal,0.000000,1
20261007T102252334Z_a2ac4ef9bb5b432c8b5db52d721e2425,,,1,812,2026-10-07T10:23:40.5948403Z,48.248966,46.246548,2948,1,0,WaitingForPhaseBoundary,0,0,TaskSwitchDisplay,1,,Joystick,0.100000,0.000000,0.000000,0.000000,-1.000000,JoyStick1LeftSlider,0.000000,0.000000,0.000000,0.000000,0.000000,0.000000,0.000000,0.000000,0.000000,0.000000,2948,1,0.000000,0,0,0,1,1,TaskSwitchPedal,0.000000,1
20261007T102252334Z_a2ac4ef9bb5b432c8b5db52d721e2425,,,1,813,2026-10-07T10:23:40.6545245Z,48.307735,46.305321,2952,1,0,WaitingForPhaseBoundary,0,0,TaskSwitchDisplay,1,,Joystick,0.100000,0.000000,0.000000,0.000000,-1.000000,JoyStick1LeftSlider,0.000000,0.000000,0.000000,0.000000,0.000000,0.000000,0.000000,0.000000,0.000000,0.000000,2952,1,0.000000,0,0,0,1,1,TaskSwitchPedal,0.000000,1
20261007T102252334Z_a2ac4ef9bb5b432c8b5db52d721e2425,,,1,814,2026-10-07T10:23:40.7133786Z,48.367168,46.364873,2956,1,0,WaitingForPhaseBoundary,0,0,TaskSwitchDisplay,1,,Joystick,0.100000,0.000000,0.000000,0.000000,-1.000000,JoyStick1LeftSlider,0.000000,0.000000,0.000000,0.000000,0.000000,0.000000,0.000000,0.000000,0.000000,0.000000,2956,1,0.000000,0,0,0,1,1,TaskSwitchPedal,0.000000,1
20261007T102252334Z_a2ac4ef9bb5b432c8b5db52d721e2425,,,1,815,2026-10-07T10:23:40.7664697Z,48.420590,46.418089,2959,1,0,WaitingForPhaseBoundary,0,0,TaskSwitchDisplay,1,,Joystick,0.100000,0.000000,0.000000,0.000000,-1.000000,JoyStick1LeftSlider,0.000000,0.000000,0.000000,0.000000,0.000000,0.000000,0.000000,0.000000,0.000000,0.000000,2959,1,0.000000,0,0,0,1,1,TaskSwitchPedal,0.000000,1
20261007T102252334Z_a2ac4ef9bb5b432c8b5db52d721e2425,,,1,816,2026-10-07T10:23:40.8262959Z,48.480114,46.477803,2963,1,0,WaitingForPhaseBoundary,0,0,TaskSwitchDisplay,1,,Joystick,0.100000,0.000000,0.000000,0.000000,-1.000000,JoyStick1LeftSlider,0.000000,0.000000,0.000000,0.000000,0.000000,0.000000,0.000000,0.000000,0.000000,0.000000,2963,1,0.000000,0,0,0,1,1,TaskSwitchPedal,0.000000,1
20261007T102252334Z_a2ac4ef9bb5b432c8b5db52d721e2425,,,1,817,2026-10-07T10:23:40.8847287Z,48.538741,46.536853,2967,1,0,WaitingForPhaseBoundary,0,0,TaskSwitchDisplay,1,,Joystick,0.100000,0.000000,0.000000,0.000000,-1.000000,JoyStick1LeftSlider,0.000000,0.000000,0.000000,0.000000,0.000000,0.000000,0.000000,0.000000,0.000000,0.000000,2966,0,0.000000,0,0,0,1,1,TaskSwitchPedal,0.000000,1
20261007T102252334Z_a2ac4ef9bb5b432c8b5db52d721e2425,,,1,818,2026-10-07T10:23:40.9535809Z,48.607037,46.604888,2971,1,0,WaitingForPhaseBoundary,0,0,TaskSwitchDisplay,1,,Joystick,0.100000,0.000000,0.000000,0.000000,-1.000000,JoyStick1LeftSlider,0.000000,0.000000,0.000000,0.000000,0.000000,0.000000,0.000000,0.000000,0.000000,0.000000,2971,1,0.000000,0,0,0,1,1,TaskSwitchPedal,0.000000,1
20261007T102252334Z_a2ac4ef9bb5b432c8b5db52d721e2425,,,1,819,2026-10-07T10:23:41.0138330Z,48.667519,46.665267,2975,1,0,WaitingForPhaseBoundary,0,0,TaskSwitchDisplay,1,,Joystick,0.100000,0.000000,0.000000,0.000000,-1.000000,JoyStick1LeftSlider,0.000000,0.000000,0.000000,0.000000,0.000000,0.000000,0.000000,0.000000,0.000000,0.000000,2975,1,0.000000,0,0,0,1,1,TaskSwitchPedal,0.000000,1
20261007T102252334Z_a2ac4ef9bb5b432c8b5db52d721e2425,,,1,820,2026-10-07T10:23:41.0775285Z,48.731741,46.729227,2979,1,0,WaitingForPhaseBoundary,0,0,TaskSwitchDisplay,1,,Joystick,0.100000,0.000000,0.000000,0.000000,-1.000000,JoyStick1LeftSlider,0.000000,0.000000,0.000000,0.000000,0.000000,0.000000,0.000000,0.000000,0.000000,0.000000,2979,1,0.000000,0,0,0,1,1,TaskSwitchPedal,0.000000,1
20261007T102252334Z_a2ac4ef9bb5b432c8b5db52d721e2425,,,1,821,2026-10-07T10:23:41.1388661Z,48.793225,46.789624,2982,1,0,WaitingForPhaseBoundary,0,0,TaskSwitchDisplay,1,,Joystick,0.100000,0.000000,0.000000,0.000000,-1.000000,JoyStick1LeftSlider,0.000000,0.000000,0.000000,0.000000,0.000000,0.000000,0.000000,0.000000,0.000000,0.000000,2982,1,0.000000,0,0,0,1,1,TaskSwitchPedal,0.000000,1
20261007T102252334Z_a2ac4ef9bb5b432c8b5db52d721e2425,,,1,822,2026-10-07T10:23:41.1940172Z,48.847940,46.845420,2985,1,0,WaitingForPhaseBoundary,0,0,TaskSwitchDisplay,1,,Joystick,0.100000,0.000000,0.000000,0.000000,-1.000000,JoyStick1LeftSlider,0.000000,0.000000,0.000000,0.000000,0.000000,0.000000,0.000000,0.000000,0.000000,0.000000,2985,1,0.000000,0,0,0,1,1,TaskSwitchPedal,0.000000,1
20261007T102252334Z_a2ac4ef9bb5b432c8b5db52d721e2425,,,1,823,2026-10-07T10:23:41.2585570Z,48.912720,46.910461,2989,1,0,WaitingForPhaseBoundary,0,0,TaskSwitchDisplay,1,,Joystick,0.100000,0.000000,0.000000,0.000000,-1.000000,JoyStick1LeftSlider,0.000000,0.000000,0.000000,0.000000,0.000000,0.000000,0.000000,0.000000,0.000000,0.000000,2989,1,0.000000,0,0,0,1,1,TaskSwitchPedal,0.000000,1
20261007T102252334Z_a2ac4ef9bb5b432c8b5db52d721e2425,,,1,824,2026-10-07T10:23:41.3194053Z,48.972605,46.969740,2992,1,0,WaitingForPhaseBoundary,0,0,TaskSwitchDisplay,1,,Joystick,0.100000,0.000000,0.000000,0.000000,-1.000000,JoyStick1LeftSlider,0.000000,0.000000,0.000000,0.000000,0.000000,0.000000,0.000000,0.000000,0.000000,0.000000,2992,1,0.000000,0,0,0,1,1,TaskSwitchPedal,0.000000,1
20261007T102252334Z_a2ac4ef9bb5b432c8b5db52d721e2425,,,1,825,2026-10-07T10:23:41.3832702Z,49.037654,47.035812,2995,1,0,WaitingForPhaseBoundary,0,0,TaskSwitchDisplay,1,,Joystick,0.100000,0.000000,0.000000,0.000000,-1.000000,JoyStick1LeftSlider,0.000000,0.000000,0.000000,0.000000,0.000000,0.000000,0.000000,0.000000,0.000000,0.000000,2994,0,0.000000,0,0,0,1,1,TaskSwitchPedal,0.000000,1
20261007T102252334Z_a2ac4ef9bb5b432c8b5db52d721e2425,,,1,826,2026-10-07T10:23:41.4356627Z,49.088988,47.085276,2998,1,0,WaitingForPhaseBoundary,0,0,TaskSwitchDisplay,1,,Joystick,0.100000,0.000000,0.000000,0.000000,-1.000000,JoyStick1LeftSlider,0.000000,0.000000,0.000000,0.000000,0.000000,0.000000,0.000000,0.000000,0.000000,0.000000,2998,1,0.000000,0,0,0,1,1,TaskSwitchPedal,0.000000,1
20261007T102252334Z_a2ac4ef9bb5b432c8b5db52d721e2425,,,1,827,2026-10-07T10:23:41.4870805Z,49.141060,47.138731,3001,1,0,WaitingForPhaseBoundary,0,0,TaskSwitchDisplay,1,,Joystick,0.100000,0.000000,0.000000,0.000000,-1.000000,JoyStick1LeftSlider,0.000000,0.000000,0.000000,0.000000,0.000000,0.000000,0.000000,0.000000,0.000000,0.000000,3001,1,0.000000,0,0,0,1,1,TaskSwitchPedal,0.000000,1
20261007T102252334Z_a2ac4ef9bb5b432c8b5db52d721e2425,,,1,828,2026-10-07T10:23:41.5551416Z,49.208510,47.206100,3005,1,0,WaitingForPhaseBoundary,0,0,TaskSwitchDisplay,1,,Joystick,0.100000,0.000000,0.000000,0.000000,-1.000000,JoyStick1LeftSlider,0.000000,0.000000,0.000000,0.000000,0.000000,0.000000,0.000000,0.000000,0.000000,0.000000,3005,1,0.000000,0,0,0,1,1,TaskSwitchPedal,0.000000,1
20261007T102252334Z_a2ac4ef9bb5b432c8b5db52d721e2425,,,1,829,2026-10-07T10:23:41.6167556Z,49.270388,47.267914,3009,1,0,WaitingForPhaseBoundary,0,0,TaskSwitchDisplay,1,,Joystick,0.100000,0.000000,0.000000,0.000000,-1.000000,JoyStick1LeftSlider,0.000000,0.000000,0.000000,0.000000,0.000000,0.000000,0.000000,0.000000,0.000000,0.000000,3009,1,0.000000,0,0,0,1,1,TaskSwitchPedal,0.000000,1
20261007T102252334Z_a2ac4ef9bb5b432c8b5db52d721e2425,,,1,830,2026-10-07T10:23:41.6788767Z,49.332818,47.330424,3012,1,0,WaitingForPhaseBoundary,0,0,TaskSwitchDisplay,1,,Joystick,0.100000,0.000000,0.000000,0.000000,-1.000000,JoyStick1LeftSlider,0.000000,0.000000,0.000000,0.000000,0.000000,0.000000,0.000000,0.000000,0.000000,0.000000,3012,1,0.000000,0,0,0,1,1,TaskSwitchPedal,0.000000,1
20261007T102252334Z_a2ac4ef9bb5b432c8b5db52d721e2425,,,1,831,2026-10-07T10:23:41.7418078Z,49.395253,47.392411,3015,1,0,WaitingForPhaseBoundary,0,0,TaskSwitchDisplay,1,,Joystick,0.100000,0.000000,0.000000,0.000000,-1.000000,JoyStick1LeftSlider,0.000000,0.000000,0.000000,0.000000,0.000000,0.000000,0.000000,0.000000,0.000000,0.000000,3015,1,0.000000,0,0,0,1,1,TaskSwitchPedal,0.000000,1
20261007T102252334Z_a2ac4ef9bb5b432c8b5db52d721e2425,,,1,832,2026-10-07T10:23:41.7942411Z,49.447913,47.444579,3018,1,0,WaitingForPhaseBoundary,0,0,TaskSwitchDisplay,1,,Joystick,0.100000,0.000000,0.000000,0.000000,-1.000000,JoyStick1LeftSlider,0.000000,0.000000,0.000000,0.000000,0.000000,0.000000,0.000000,0.000000,0.000000,0.000000,3018,1,0.000000,0,0,0,1,1,TaskSwitchPedal,0.000000,1
20261007T102252334Z_a2ac4ef9bb5b432c8b5db52d721e2425,,,1,833,2026-10-07T10:23:41.8528674Z,49.507243,47.505030,3022,1,0,WaitingForPhaseBoundary,0,0,TaskSwitchDisplay,1,,Joystick,0.100000,0.000000,0.000000,0.000000,-1.000000,JoyStick1LeftSlider,0.000000,0.000000,0.000000,0.000000,0.000000,0.000000,0.000000,0.000000,0.000000,0.000000,3022,1,0.000000,0,0,0,1,1,TaskSwitchPedal,0.000000,1
20261007T102252334Z_a2ac4ef9bb5b432c8b5db52d721e2425,,,1,834,2026-10-07T10:23:41.9132103Z,49.567300,47.565013,3026,1,0,WaitingForPhaseBoundary,0,0,TaskSwitchDisplay,1,,Joystick,0.100000,0.000000,0.000000,0.000000,-1.000000,JoyStick1LeftSlider,0.000000,0.000000,0.000000,0.000000,0.000000,0.000000,0.000000,0.000000,0.000000,0.000000,3026,1,0.000000,0,0,0,1,1,TaskSwitchPedal,0.000000,1
20261007T102252334Z_a2ac4ef9bb5b432c8b5db52d721e2425,,,1,835,2026-10-07T10:23:41.9682658Z,49.621608,47.619223,3029,1,0,WaitingForPhaseBoundary,0,0,TaskSwitchDisplay,1,,Joystick,0.100000,0.000000,0.000000,0.000000,-1.000000,JoyStick1LeftSlider,0.000000,0.000000,0.000000,0.000000,0.000000,0.000000,0.000000,0.000000,0.000000,0.000000,3029,1,0.000000,0,0,0,1,1,TaskSwitchPedal,0.000000,1
20261007T102252334Z_a2ac4ef9bb5b432c8b5db52d721e2425,,,1,836,2026-10-07T10:23:42.0328059Z,49.685959,47.683787,3033,1,0,WaitingForPhaseBoundary,0,0,TaskSwitchDisplay,1,,Joystick,0.100000,0.000000,0.000000,0.000000,-1.000000,JoyStick1LeftSlider,0.000000,0.000000,0.000000,0.000000,0.000000,0.000000,0.000000,0.000000,0.000000,0.000000,3033,1,0.000000,0,0,0,1,1,TaskSwitchPedal,0.000000,1
20261007T102252334Z_a2ac4ef9bb5b432c8b5db52d721e2425,,,1,837,2026-10-07T10:23:42.0886558Z,49.743095,47.740827,3036,1,0,WaitingForPhaseBoundary,0,0,TaskSwitchDisplay,1,,Joystick,0.100000,0.000000,0.000000,0.000000,-1.000000,JoyStick1LeftSlider,0.000000,0.000000,0.000000,0.000000,0.000000,0.000000,0.000000,0.000000,0.000000,0.000000,3036,1,0.000000,0,0,0,1,1,TaskSwitchPedal,0.000000,1
20261007T102252334Z_a2ac4ef9bb5b432c8b5db52d721e2425,,,1,838,2026-10-07T10:23:42.1534866Z,49.807644,47.804988,3040,1,0,WaitingForPhaseBoundary,0,0,TaskSwitchDisplay,1,,Joystick,0.100000,0.000000,0.000000,0.000000,-1.000000,JoyStick1LeftSlider,0.000000,0.000000,0.000000,0.000000,0.000000,0.000000,0.000000,0.000000,0.000000,0.000000,3040,1,0.000000,0,0,0,1,1,TaskSwitchPedal,0.000000,1
20261007T102252334Z_a2ac4ef9bb5b432c8b5db52d721e2425,,,1,839,2026-10-07T10:23:42.2096463Z,49.863225,47.861123,3044,1,0,WaitingForPhaseBoundary,0,0,TaskSwitchDisplay,1,,Joystick,0.100000,0.000000,0.000000,0.000000,-1.000000,JoyStick1LeftSlider,0.000000,0.000000,0.000000,0.000000,0.000000,0.000000,0.000000,0.000000,0.000000,0.000000,3044,1,0.000000,0,0,0,1,1,TaskSwitchPedal,0.000000,1
20261007T102252334Z_a2ac4ef9bb5b432c8b5db52d721e2425,,,1,840,2026-10-07T10:23:42.2673915Z,49.921758,47.919446,3048,1,0,WaitingForPhaseBoundary,0,0,TaskSwitchDisplay,1,,Joystick,0.100000,0.000000,0.000000,0.000000,-1.000000,JoyStick1LeftSlider,0.000000,0.000000,0.000000,0.000000,0.000000,0.000000,0.000000,0.000000,0.000000,0.000000,3048,1,0.000000,0,0,0,1,1,TaskSwitchPedal,0.000000,1
20261007T102252334Z_a2ac4ef9bb5b432c8b5db52d721e2425,,,1,841,2026-10-07T10:23:42.3208016Z,49.974023,47.972567,3052,1,0,WaitingForPhaseBoundary,0,0,TaskSwitchDisplay,1,,Joystick,0.100000,0.000000,0.000000,0.000000,-1.000000,JoyStick1LeftSlider,0.000000,0.000000,0.000000,0.000000,0.000000,0.000000,0.000000,0.000000,0.000000,0.000000,3051,0,0.000000,0,0,0,1,1,TaskSwitchPedal,0.000000,1
20261007T102252334Z_a2ac4ef9bb5b432c8b5db52d721e2425,,,1,842,2026-10-07T10:23:42.3823600Z,50.035514,48.033474,3056,1,0,WaitingForPhaseBoundary,0,0,TaskSwitchDisplay,1,,Joystick,0.100000,0.000000,0.000000,0.000000,-1.000000,JoyStick1LeftSlider,0.000000,0.000000,0.000000,0.000000,0.000000,0.000000,0.000000,0.000000,0.000000,0.000000,3056,1,0.000000,0,0,0,1,1,TaskSwitchPedal,0.000000,1
20261007T102252334Z_a2ac4ef9bb5b432c8b5db52d721e2425,,,1,843,2026-10-07T10:23:42.4355917Z,50.089205,48.086985,3060,1,0,WaitingForPhaseBoundary,0,0,TaskSwitchDisplay,1,,Joystick,0.100000,0.000000,0.000000,0.000000,-1.000000,JoyStick1LeftSlider,0.000000,0.000000,0.000000,0.000000,0.000000,0.000000,0.000000,0.000000,0.000000,0.000000,3060,1,0.000000,0,0,0,1,1,TaskSwitchPedal,0.000000,1
20261007T102252334Z_a2ac4ef9bb5b432c8b5db52d721e2425,,,1,844,2026-10-07T10:23:42.4928284Z,50.146583,48.144533,3064,1,0,WaitingForPhaseBoundary,0,0,TaskSwitchDisplay,1,,Joystick,0.100000,0.000000,0.000000,0.000000,-1.000000,JoyStick1LeftSlider,0.000000,0.000000,0.000000,0.000000,0.000000,0.000000,0.000000,0.000000,0.000000,0.000000,3064,1,0.000000,0,0,0,1,1,TaskSwitchPedal,0.000000,1
20261007T102252334Z_a2ac4ef9bb5b432c8b5db52d721e2425,,,1,845,2026-10-07T10:23:42.5468420Z,50.200782,48.198658,3068,1,0,WaitingForPhaseBoundary,0,0,TaskSwitchDisplay,1,,Joystick,0.100000,0.000000,0.000000,0.000000,-1.000000,JoyStick1LeftSlider,0.000000,0.000000,0.000000,0.000000,0.000000,0.000000,0.000000,0.000000,0.000000,0.000000,3068,1,0.000000,0,0,0,1,1,TaskSwitchPedal,0.000000,1
20261007T102252334Z_a2ac4ef9bb5b432c8b5db52d721e2425,,,1,846,2026-10-07T10:23:42.6133099Z,50.266713,48.264425,3072,1,0,WaitingForPhaseBoundary,0,0,TaskSwitchDisplay,1,,Joystick,0.100000,0.000000,0.000000,0.000000,-1.000000,JoyStick1LeftSlider,0.000000,0.000000,0.000000,0.000000,0.000000,0.000000,0.000000,0.000000,0.000000,0.000000,3072,1,0.000000,0,0,0,1,1,TaskSwitchPedal,0.000000,1
20261007T102252334Z_a2ac4ef9bb5b432c8b5db52d721e2425,,,1,847,2026-10-07T10:23:42.6658606Z,50.319839,48.317541,3075,1,0,WaitingForPhaseBoundary,0,0,TaskSwitchDisplay,1,,Joystick,0.100000,0.000000,0.000000,0.000000,-1.000000,JoyStick1LeftSlider,0.000000,0.000000,0.000000,0.000000,0.000000,0.000000,0.000000,0.000000,0.000000,0.000000,3075,1,0.000000,0,0,0,1,1,TaskSwitchPedal,0.000000,1
20261007T102252334Z_a2ac4ef9bb5b432c8b5db52d721e2425,,,1,848,2026-10-07T10:23:42.7281906Z,50.381564,48.379528,3079,1,0,WaitingForPhaseBoundary,0,0,TaskSwitchDisplay,1,,Joystick,0.100000,0.000000,0.000000,0.000000,-1.000000,JoyStick1LeftSlider,0.000000,0.000000,0.000000,0.000000,0.000000,0.000000,0.000000,0.000000,0.000000,0.000000,3079,1,0.000000,0,0,0,1,1,TaskSwitchPedal,0.000000,1
20261007T102252334Z_a2ac4ef9bb5b432c8b5db52d721e2425,,,1,849,2026-10-07T10:23:42.7955424Z,50.449348,48.447190,3083,1,0,WaitingForPhaseBoundary,0,0,TaskSwitchDisplay,1,,Joystick,0.100000,0.000000,0.000000,0.000000,-1.000000,JoyStick1LeftSlider,0.000000,0.000000,0.000000,0.000000,0.000000,0.000000,0.000000,0.000000,0.000000,0.000000,3083,1,0.000000,0,0,0,1,1,TaskSwitchPedal,0.000000,1
20261007T102252334Z_a2ac4ef9bb5b432c8b5db52d721e2425,,,1,850,2026-10-07T10:23:42.8484174Z,50.502796,48.500681,3086,1,0,WaitingForPhaseBoundary,0,0,TaskSwitchDisplay,1,,Joystick,0.100000,0.000000,0.000000,0.000000,-1.000000,JoyStick1LeftSlider,0.000000,0.000000,0.000000,0.000000,0.000000,0.000000,0.000000,0.000000,0.000000,0.000000,3086,1,0.000000,0,0,0,1,1,TaskSwitchPedal,0.000000,1
20261007T102252334Z_a2ac4ef9bb5b432c8b5db52d721e2425,,,1,851,2026-10-07T10:23:42.9125538Z,50.566974,48.564826,3090,1,0,WaitingForPhaseBoundary,0,0,TaskSwitchDisplay,1,,Joystick,0.100000,0.000000,0.000000,0.000000,-1.000000,JoyStick1LeftSlider,0.000000,0.000000,0.000000,0.000000,0.000000,0.000000,0.000000,0.000000,0.000000,0.000000,3090,1,0.000000,0,0,0,1,1,TaskSwitchPedal,0.000000,1
20261007T102252334Z_a2ac4ef9bb5b432c8b5db52d721e2425,,,1,852,2026-10-07T10:23:42.9653516Z,50.619198,48.617173,3093,1,0,WaitingForPhaseBoundary,0,0,TaskSwitchDisplay,1,,Joystick,0.100000,0.000000,0.000000,0.000000,-1.000000,JoyStick1LeftSlider,0.000000,0.000000,0.000000,0.000000,0.000000,0.000000,0.000000,0.000000,0.000000,0.000000,3093,1,0.000000,0,0,0,1,1,TaskSwitchPedal,0.000000,1
20261007T102252334Z_a2ac4ef9bb5b432c8b5db52d721e2425,,,1,853,2026-10-07T10:23:43.0166598Z,50.670559,48.667196,3095,1,0,WaitingForPhaseBoundary,0,0,TaskSwitchDisplay,1,,Joystick,0.100000,0.000000,0.000000,0.000000,-1.000000,JoyStick1LeftSlider,0.000000,0.000000,0.000000,0.000000,0.000000,0.000000,0.000000,0.000000,0.000000,0.000000,3095,1,0.000000,0,0,0,1,1,TaskSwitchPedal,0.000000,1
20261007T102252334Z_a2ac4ef9bb5b432c8b5db52d721e2425,,,1,854,2026-10-07T10:23:43.0784705Z,50.732196,48.729327,3098,1,0,WaitingForPhaseBoundary,0,0,TaskSwitchDisplay,1,,Joystick,0.100000,0.000000,0.000000,0.000000,-1.000000,JoyStick1LeftSlider,0.000000,0.000000,0.000000,0.000000,0.000000,0.000000,0.000000,0.000000,0.000000,0.000000,3098,1,0.000000,0,0,0,1,1,TaskSwitchPedal,0.000000,1
20261007T102252334Z_a2ac4ef9bb5b432c8b5db52d721e2425,,,1,855,2026-10-07T10:23:43.1334159Z,50.786928,48.784978,3101,1,0,WaitingForPhaseBoundary,0,0,TaskSwitchDisplay,1,,Joystick,0.100000,0.000000,0.000000,0.000000,-1.000000,JoyStick1LeftSlider,0.000000,0.000000,0.000000,0.000000,0.000000,0.000000,0.000000,0.000000,0.000000,0.000000,3101,1,0.000000,0,0,0,1,1,TaskSwitchPedal,0.000000,1
20261007T102252334Z_a2ac4ef9bb5b432c8b5db52d721e2425,,,1,856,2026-10-07T10:23:43.1959276Z,50.849660,48.847571,3105,1,0,WaitingForPhaseBoundary,0,0,TaskSwitchDisplay,1,,Joystick,0.100000,0.000000,0.000000,0.000000,-1.000000,JoyStick1LeftSlider,0.000000,0.000000,0.000000,0.000000,0.000000,0.000000,0.000000,0.000000,0.000000,0.000000,3105,1,0.000000,0,0,0,1,1,TaskSwitchPedal,0.000000,1
20261007T102252334Z_a2ac4ef9bb5b432c8b5db52d721e2425,,,1,857,2026-10-07T10:23:43.2595528Z,50.912927,48.911498,3109,1,0,WaitingForPhaseBoundary,0,0,TaskSwitchDisplay,1,,Joystick,0.100000,0.000000,0.000000,0.000000,-1.000000,JoyStick1LeftSlider,0.000000,0.000000,0.000000,0.000000,0.000000,0.000000,0.000000,0.000000,0.000000,0.000000,3108,0,0.000000,0,0,0,1,1,TaskSwitchPedal,0.000000,1
20261007T102252334Z_a2ac4ef9bb5b432c8b5db52d721e2425,,,1,858,2026-10-07T10:23:43.3117904Z,50.965621,48.963623,3113,1,0,WaitingForPhaseBoundary,0,0,TaskSwitchDisplay,1,,Joystick,0.100000,0.000000,0.000000,0.000000,-1.000000,JoyStick1LeftSlider,0.000000,0.000000,0.000000,0.000000,0.000000,0.000000,0.000000,0.000000,0.000000,0.000000,3113,1,0.000000,0,0,0,1,1,TaskSwitchPedal,0.000000,1
20261007T102252334Z_a2ac4ef9bb5b432c8b5db52d721e2425,,,1,859,2026-10-07T10:23:43.3763051Z,51.029738,49.027493,3117,1,0,WaitingForPhaseBoundary,0,0,TaskSwitchDisplay,1,,Joystick,0.100000,0.000000,0.000000,0.000000,-1.000000,JoyStick1LeftSlider,0.000000,0.000000,0.000000,0.000000,0.000000,0.000000,0.000000,0.000000,0.000000,0.000000,3117,1,0.000000,0,0,0,1,1,TaskSwitchPedal,0.000000,1
20261007T102252334Z_a2ac4ef9bb5b432c8b5db52d721e2425,,,1,860,2026-10-07T10:23:43.4295907Z,51.083886,49.081293,3120,1,0,WaitingForPhaseBoundary,0,0,TaskSwitchDisplay,1,,Joystick,0.100000,0.000000,0.000000,0.000000,-1.000000,JoyStick1LeftSlider,0.000000,0.000000,0.000000,0.000000,0.000000,0.000000,0.000000,0.000000,0.000000,0.000000,3120,1,0.000000,0,0,0,1,1,TaskSwitchPedal,0.000000,1
20261007T102252334Z_a2ac4ef9bb5b432c8b5db52d721e2425,,,1,861,2026-10-07T10:23:43.4908039Z,51.144368,49.141924,3124,1,0,WaitingForPhaseBoundary,0,0,TaskSwitchDisplay,1,,Joystick,0.100000,0.000000,0.000000,0.000000,-1.000000,JoyStick1LeftSlider,0.000000,0.000000,0.000000,0.000000,0.000000,0.000000,0.000000,0.000000,0.000000,0.000000,3124,1,0.000000,0,0,0,1,1,TaskSwitchPedal,0.000000,1
20261007T102252334Z_a2ac4ef9bb5b432c8b5db52d721e2425,,,1,862,2026-10-07T10:23:43.5462002Z,51.199662,49.197656,3128,1,0,WaitingForPhaseBoundary,0,0,TaskSwitchDisplay,1,,Joystick,0.100000,0.000000,0.000000,0.000000,-1.000000,JoyStick1LeftSlider,0.000000,0.000000,0.000000,0.000000,0.000000,0.000000,0.000000,0.000000,0.000000,0.000000,3128,1,0.000000,0,0,0,1,1,TaskSwitchPedal,0.000000,1
20261007T102252334Z_a2ac4ef9bb5b432c8b5db52d721e2425,,,1,863,2026-10-07T10:23:43.6058503Z,51.259139,49.257233,3132,1,0,WaitingForPhaseBoundary,0,0,TaskSwitchDisplay,1,,Joystick,0.100000,0.000000,0.000000,0.000000,-1.000000,JoyStick1LeftSlider,0.000000,0.000000,0.000000,0.000000,0.000000,0.000000,0.000000,0.000000,0.000000,0.000000,3132,1,0.000000,0,0,0,1,1,TaskSwitchPedal,0.000000,1
20261007T102252334Z_a2ac4ef9bb5b432c8b5db52d721e2425,,,1,864,2026-10-07T10:23:43.6688709Z,51.322137,49.319625,3136,1,0,WaitingForPhaseBoundary,0,0,TaskSwitchDisplay,1,,Joystick,0.100000,0.000000,0.000000,0.000000,-1.000000,JoyStick1LeftSlider,0.000000,0.000000,0.000000,0.000000,0.000000,0.000000,0.000000,0.000000,0.000000,0.000000,3136,1,0.000000,0,0,0,1,1,TaskSwitchPedal,0.000000,1
20261007T102252334Z_a2ac4ef9bb5b432c8b5db52d721e2425,,,1,865,2026-10-07T10:23:43.7240670Z,51.378229,49.376611,3140,1,0,WaitingForPhaseBoundary,0,0,TaskSwitchDisplay,1,,Joystick,0.100000,0.000000,0.000000,0.000000,-1.000000,JoyStick1LeftSlider,0.000000,0.000000,0.000000,0.000000,0.000000,0.000000,0.000000,0.000000,0.000000,0.000000,3139,0,0.000000,0,0,0,1,1,TaskSwitchPedal,0.000000,1
20261007T102252334Z_a2ac4ef9bb5b432c8b5db52d721e2425,,,1,866,2026-10-07T10:23:43.7873123Z,51.440773,49.438631,3144,1,0,WaitingForPhaseBoundary,0,0,TaskSwitchDisplay,1,,Joystick,0.100000,0.000000,0.000000,0.000000,-1.000000,JoyStick1LeftSlider,0.000000,0.000000,0.000000,0.000000,0.000000,0.000000,0.000000,0.000000,0.000000,0.000000,3144,1,0.000000,0,0,0,1,1,TaskSwitchPedal,0.000000,1
20261007T102252334Z_a2ac4ef9bb5b432c8b5db52d721e2425,,,1,867,2026-10-07T10:23:43.8448933Z,51.498131,49.495763,3147,1,0,WaitingForPhaseBoundary,0,0,TaskSwitchDisplay,1,,Joystick,0.100000,0.000000,0.000000,0.000000,-1.000000,JoyStick1LeftSlider,0.000000,0.000000,0.000000,0.000000,0.000000,0.000000,0.000000,0.000000,0.000000,0.000000,3147,1,0.000000,0,0,0,1,1,TaskSwitchPedal,0.000000,1
20261007T102252334Z_a2ac4ef9bb5b432c8b5db52d721e2425,,,1,868,2026-10-07T10:23:43.9007272Z,51.554090,49.550943,3150,1,0,WaitingForPhaseBoundary,0,0,TaskSwitchDisplay,1,,Joystick,0.100000,0.000000,0.000000,0.000000,-1.000000,JoyStick1LeftSlider,0.000000,0.000000,0.000000,0.000000,0.000000,0.000000,0.000000,0.000000,0.000000,0.000000,3150,1,0.000000,0,0,0,1,1,TaskSwitchPedal,0.000000,1
20261007T102252334Z_a2ac4ef9bb5b432c8b5db52d721e2425,,,1,869,2026-10-07T10:23:43.9639832Z,51.617824,49.616079,3154,1,0,WaitingForPhaseBoundary,0,0,TaskSwitchDisplay,1,,Joystick,0.100000,0.000000,0.000000,0.000000,-1.000000,JoyStick1LeftSlider,0.000000,0.000000,0.000000,0.000000,0.000000,0.000000,0.000000,0.000000,0.000000,0.000000,3153,0,0.000000,0,0,0,1,1,TaskSwitchPedal,0.000000,1
20261007T102252334Z_a2ac4ef9bb5b432c8b5db52d721e2425,,,1,870,2026-10-07T10:23:44.0331348Z,51.686439,49.683710,3158,1,0,WaitingForPhaseBoundary,0,0,TaskSwitchDisplay,1,,Joystick,0.100000,0.000000,0.000000,0.000000,-1.000000,JoyStick1LeftSlider,0.000000,0.000000,0.000000,0.000000,0.000000,0.000000,0.000000,0.000000,0.000000,0.000000,3158,1,0.000000,0,0,0,1,1,TaskSwitchPedal,0.000000,1
20261007T102252334Z_a2ac4ef9bb5b432c8b5db52d721e2425,,,1,871,2026-10-07T10:23:44.0914424Z,51.744945,49.742479,3161,1,0,WaitingForPhaseBoundary,0,0,TaskSwitchDisplay,1,,Joystick,0.100000,0.000000,0.000000,0.000000,-1.000000,JoyStick1LeftSlider,0.000000,0.000000,0.000000,0.000000,0.000000,0.000000,0.000000,0.000000,0.000000,0.000000,3161,1,0.000000,0,0,0,1,1,TaskSwitchPedal,0.000000,1
20261007T102252334Z_a2ac4ef9bb5b432c8b5db52d721e2425,,,1,872,2026-10-07T10:23:44.1528118Z,51.806595,49.803915,3165,1,0,WaitingForPhaseBoundary,0,0,TaskSwitchDisplay,1,,Joystick,0.100000,0.000000,0.000000,0.000000,-1.000000,JoyStick1LeftSlider,0.000000,0.000000,0.000000,0.000000,0.000000,0.000000,0.000000,0.000000,0.000000,0.000000,3165,1,0.000000,0,0,0,1,1,TaskSwitchPedal,0.000000,1
20261007T102252334Z_a2ac4ef9bb5b432c8b5db52d721e2425,,,1,873,2026-10-07T10:23:44.2046956Z,51.858272,49.856728,3168,1,0,WaitingForPhaseBoundary,0,0,TaskSwitchDisplay,1,,Joystick,0.100000,0.000000,0.000000,0.000000,-1.000000,JoyStick1LeftSlider,0.000000,0.000000,0.000000,0.000000,0.000000,0.000000,0.000000,0.000000,0.000000,0.000000,3167,0,0.000000,0,0,0,1,1,TaskSwitchPedal,0.000000,1
20261007T102252334Z_a2ac4ef9bb5b432c8b5db52d721e2425,,,1,874,2026-10-07T10:23:44.2757108Z,51.928977,49.926203,3172,1,0,WaitingForPhaseBoundary,0,0,TaskSwitchDisplay,1,,Joystick,0.100000,0.000000,0.000000,0.000000,-1.000000,JoyStick1LeftSlider,0.000000,0.000000,0.000000,0.000000,0.000000,0.000000,0.000000,0.000000,0.000000,0.000000,3172,1,0.000000,0,0,0,1,1,TaskSwitchPedal,0.000000,1
20261007T102252334Z_a2ac4ef9bb5b432c8b5db52d721e2425,,,1,875,2026-10-07T10:23:44.3282618Z,51.981820,49.979295,3175,1,0,WaitingForPhaseBoundary,0,0,TaskSwitchDisplay,1,,Joystick,0.100000,0.000000,0.000000,0.000000,-1.000000,JoyStick1LeftSlider,0.000000,0.000000,0.000000,0.000000,0.000000,0.000000,0.000000,0.000000,0.000000,0.000000,3175,1,0.000000,0,0,0,1,1,TaskSwitchPedal,0.000000,1
20261007T102252334Z_a2ac4ef9bb5b432c8b5db52d721e2425,,,1,876,2026-10-07T10:23:44.3815112Z,52.035227,50.032842,3178,1,0,WaitingForPhaseBoundary,0,0,TaskSwitchDisplay,1,,Joystick,0.100000,0.000000,0.000000,0.000000,-1.000000,JoyStick1LeftSlider,0.000000,0.000000,0.000000,0.000000,0.000000,0.000000,0.000000,0.000000,0.000000,0.000000,3178,1,0.000000,0,0,0,1,1,TaskSwitchPedal,0.000000,1
20261007T102252334Z_a2ac4ef9bb5b432c8b5db52d721e2425,,,1,877,2026-10-07T10:23:44.4327746Z,52.086374,50.083718,3180,1,0,WaitingForPhaseBoundary,0,0,TaskSwitchDisplay,1,,Joystick,0.100000,0.000000,0.000000,0.000000,-1.000000,JoyStick1LeftSlider,0.000000,0.000000,0.000000,0.000000,0.000000,0.000000,0.000000,0.000000,0.000000,0.000000,3180,1,0.000000,0,0,0,1,1,TaskSwitchPedal,0.000000,1
20261007T102252334Z_a2ac4ef9bb5b432c8b5db52d721e2425,,,1,878,2026-10-07T10:23:44.5030101Z,52.156765,50.154473,3183,1,0,WaitingForPhaseBoundary,0,0,TaskSwitchDisplay,1,,Joystick,0.100000,0.000000,0.000000,0.000000,-1.000000,JoyStick1LeftSlider,0.000000,0.000000,0.000000,0.000000,0.000000,0.000000,0.000000,0.000000,0.000000,0.000000,3183,1,0.000000,0,0,0,1,1,TaskSwitchPedal,0.000000,1
20261007T102252334Z_a2ac4ef9bb5b432c8b5db52d721e2425,,,1,879,2026-10-07T10:23:44.5594972Z,52.214026,50.211069,3186,1,0,WaitingForPhaseBoundary,0,0,TaskSwitchDisplay,1,,Joystick,0.100000,0.000000,0.000000,0.000000,-1.000000,JoyStick1LeftSlider,0.000000,0.000000,0.000000,0.000000,0.000000,0.000000,0.000000,0.000000,0.000000,0.000000,3186,1,0.000000,0,0,0,1,1,TaskSwitchPedal,0.000000,1
20261007T102252334Z_a2ac4ef9bb5b432c8b5db52d721e2425,,,1,880,2026-10-07T10:23:44.6167123Z,52.270959,50.268863,3190,1,0,WaitingForPhaseBoundary,0,0,TaskSwitchDisplay,1,,Joystick,0.100000,0.000000,0.000000,0.000000,-1.000000,JoyStick1LeftSlider,0.000000,0.000000,0.000000,0.000000,0.000000,0.000000,0.000000,0.000000,0.000000,0.000000,3190,1,0.000000,0,0,0,1,1,TaskSwitchPedal,0.000000,1
20261007T102252334Z_a2ac4ef9bb5b432c8b5db52d721e2425,,,1,881,2026-10-07T10:23:44.6831505Z,52.336494,50.333915,3193,1,0,WaitingForPhaseBoundary,0,0,TaskSwitchDisplay,1,,Joystick,0.100000,0.000000,0.000000,0.000000,-1.000000,JoyStick1LeftSlider,0.000000,0.000000,0.000000,0.000000,0.000000,0.000000,0.000000,0.000000,0.000000,0.000000,3193,1,0.000000,0,0,0,1,1,TaskSwitchPedal,0.000000,1
20261007T102252334Z_a2ac4ef9bb5b432c8b5db52d721e2425,,,1,882,2026-10-07T10:23:44.7424021Z,52.396032,50.394440,3197,1,0,WaitingForPhaseBoundary,0,0,TaskSwitchDisplay,1,,Joystick,0.100000,0.000000,0.000000,0.000000,-1.000000,JoyStick1LeftSlider,0.000000,0.000000,0.000000,0.000000,0.000000,0.000000,0.000000,0.000000,0.000000,0.000000,3196,0,0.000000,0,0,0,1,1,TaskSwitchPedal,0.000000,1
20261007T102252334Z_a2ac4ef9bb5b432c8b5db52d721e2425,,,1,883,2026-10-07T10:23:44.8050921Z,52.459251,50.456955,3201,1,0,WaitingForPhaseBoundary,0,0,TaskSwitchDisplay,1,,Joystick,0.100000,0.000000,0.000000,0.000000,-1.000000,JoyStick1LeftSlider,0.000000,0.000000,0.000000,0.000000,0.000000,0.000000,0.000000,0.000000,0.000000,0.000000,3201,1,0.000000,0,0,0,1,1,TaskSwitchPedal,0.000000,1
20261007T102252334Z_a2ac4ef9bb5b432c8b5db52d721e2425,,,1,884,2026-10-07T10:23:44.8561467Z,52.509700,50.507032,3204,1,0,WaitingForPhaseBoundary,0,0,TaskSwitchDisplay,1,,Joystick,0.100000,0.000000,0.000000,0.000000,-1.000000,JoyStick1LeftSlider,0.000000,0.000000,0.000000,0.000000,0.000000,0.000000,0.000000,0.000000,0.000000,0.000000,3204,1,0.000000,0,0,0,1,1,TaskSwitchPedal,0.000000,1
20261007T102252334Z_a2ac4ef9bb5b432c8b5db52d721e2425,,,1,885,2026-10-07T10:23:44.9107068Z,52.564602,50.562227,3207,1,0,WaitingForPhaseBoundary,0,0,TaskSwitchDisplay,1,,Joystick,0.100000,0.000000,0.000000,0.000000,-1.000000,JoyStick1LeftSlider,0.000000,0.000000,0.000000,0.000000,0.000000,0.000000,0.000000,0.000000,0.000000,0.000000,3207,1,0.000000,0,0,0,1,1,TaskSwitchPedal,0.000000,1
20261007T102252334Z_a2ac4ef9bb5b432c8b5db52d721e2425,,,1,886,2026-10-07T10:23:44.9695914Z,52.622946,50.620538,3211,1,0,WaitingForPhaseBoundary,0,0,TaskSwitchDisplay,1,,Joystick,0.100000,0.000000,0.000000,0.000000,-1.000000,JoyStick1LeftSlider,0.000000,0.000000,0.000000,0.000000,0.000000,0.000000,0.000000,0.000000,0.000000,0.000000,3211,1,0.000000,0,0,0,1,1,TaskSwitchPedal,0.000000,1
20261007T102252334Z_a2ac4ef9bb5b432c8b5db52d721e2425,,,1,887,2026-10-07T10:23:45.0239927Z,52.677216,50.675522,3214,1,0,WaitingForPhaseBoundary,0,0,TaskSwitchDisplay,1,,Joystick,0.100000,0.000000,0.000000,0.000000,-1.000000,JoyStick1LeftSlider,0.000000,0.000000,0.000000,0.000000,0.000000,0.000000,0.000000,0.000000,0.000000,0.000000,3213,0,0.000000,0,0,0,1,1,TaskSwitchPedal,0.000000,1
20261007T102252334Z_a2ac4ef9bb5b432c8b5db52d721e2425,,,1,888,2026-10-07T10:23:45.0762266Z,52.729598,50.726675,3217,1,0,WaitingForPhaseBoundary,0,0,TaskSwitchDisplay,1,,Joystick,0.100000,0.000000,0.000000,0.000000,-1.000000,JoyStick1LeftSlider,0.000000,0.000000,0.000000,0.000000,0.000000,0.000000,0.000000,0.000000,0.000000,0.000000,3217,1,0.000000,0,0,0,1,1,TaskSwitchPedal,0.000000,1
20261007T102252334Z_a2ac4ef9bb5b432c8b5db52d721e2425,,,1,889,2026-10-07T10:23:45.1351347Z,52.789628,50.787127,3220,1,0,WaitingForPhaseBoundary,0,0,TaskSwitchDisplay,1,,Joystick,0.100000,0.000000,0.000000,0.000000,-1.000000,JoyStick1LeftSlider,0.000000,0.000000,0.000000,0.000000,0.000000,0.000000,0.000000,0.000000,0.000000,0.000000,3220,1,0.000000,0,0,0,1,1,TaskSwitchPedal,0.000000,1
20261007T102252334Z_a2ac4ef9bb5b432c8b5db52d721e2425,,,1,890,2026-10-07T10:23:45.1940205Z,52.848194,50.842301,3223,1,0,WaitingForPhaseBoundary,0,0,TaskSwitchDisplay,1,,Joystick,0.100000,0.000000,0.000000,0.000000,-1.000000,JoyStick1LeftSlider,0.000000,0.000000,0.000000,0.000000,0.000000,0.000000,0.000000,0.000000,0.000000,0.000000,3223,1,0.000000,0,0,0,1,1,TaskSwitchPedal,0.000000,1
20261007T102252334Z_a2ac4ef9bb5b432c8b5db52d721e2425,,,1,891,2026-10-07T10:23:45.2543192Z,52.908591,50.906387,3227,1,0,WaitingForPhaseBoundary,0,0,TaskSwitchDisplay,1,,Joystick,0.100000,0.000000,0.000000,0.000000,-1.000000,JoyStick1LeftSlider,0.000000,0.000000,0.000000,0.000000,0.000000,0.000000,0.000000,0.000000,0.000000,0.000000,3227,1,0.000000,0,0,0,1,1,TaskSwitchPedal,0.000000,1
20261007T102252334Z_a2ac4ef9bb5b432c8b5db52d721e2425,,,1,892,2026-10-07T10:23:45.3120324Z,52.965717,50.962788,3230,1,0,WaitingForPhaseBoundary,0,0,TaskSwitchDisplay,1,,Joystick,0.100000,0.000000,0.000000,0.000000,-1.000000,JoyStick1LeftSlider,0.000000,0.000000,0.000000,0.000000,0.000000,0.000000,0.000000,0.000000,0.000000,0.000000,3230,1,0.000000,0,0,0,1,1,TaskSwitchPedal,0.000000,1
20261007T102252334Z_a2ac4ef9bb5b432c8b5db52d721e2425,,,1,893,2026-10-07T10:23:45.3746313Z,53.028303,51.025772,3234,1,0,WaitingForPhaseBoundary,0,0,TaskSwitchDisplay,1,,Joystick,0.100000,0.000000,0.000000,0.000000,-1.000000,JoyStick1LeftSlider,0.000000,0.000000,0.000000,0.000000,0.000000,0.000000,0.000000,0.000000,0.000000,0.000000,3234,1,0.000000,0,0,0,1,1,TaskSwitchPedal,0.000000,1
20261007T102252334Z_a2ac4ef9bb5b432c8b5db52d721e2425,,,1,894,2026-10-07T10:23:45.4317688Z,53.085762,51.083142,3238,1,0,WaitingForPhaseBoundary,0,0,TaskSwitchDisplay,1,,Joystick,0.100000,0.000000,0.000000,0.000000,-1.000000,JoyStick1LeftSlider,0.000000,0.000000,0.000000,0.000000,0.000000,0.000000,0.000000,0.000000,0.000000,0.000000,3238,1,0.000000,0,0,0,1,1,TaskSwitchPedal,0.000000,1
20261007T102252334Z_a2ac4ef9bb5b432c8b5db52d721e2425,,,1,895,2026-10-07T10:23:45.4881624Z,53.142134,51.139418,3241,1,0,WaitingForPhaseBoundary,0,0,TaskSwitchDisplay,1,,Joystick,0.100000,0.000000,0.000000,0.000000,-1.000000,JoyStick1LeftSlider,0.000000,0.000000,0.000000,0.000000,0.000000,0.000000,0.000000,0.000000,0.000000,0.000000,3241,1,0.000000,0,0,0,1,1,TaskSwitchPedal,0.000000,1
20261007T102252334Z_a2ac4ef9bb5b432c8b5db52d721e2425,,,1,896,2026-10-07T10:23:45.5550580Z,53.208358,51.205810,3244,1,0,WaitingForPhaseBoundary,0,0,TaskSwitchDisplay,1,,Joystick,0.100000,0.000000,0.000000,0.000000,-1.000000,JoyStick1LeftSlider,0.000000,0.000000,0.000000,0.000000,0.000000,0.000000,0.000000,0.000000,0.000000,0.000000,3244,1,0.000000,0,0,0,1,1,TaskSwitchPedal,0.000000,1
20261007T102252334Z_a2ac4ef9bb5b432c8b5db52d721e2425,,,1,897,2026-10-07T10:23:45.6162345Z,53.269572,51.267036,3248,1,0,WaitingForPhaseBoundary,0,0,TaskSwitchDisplay,1,,Joystick,0.100000,0.000000,0.000000,0.000000,-1.000000,JoyStick1LeftSlider,0.000000,0.000000,0.000000,0.000000,0.000000,0.000000,0.000000,0.000000,0.000000,0.000000,3248,1,0.000000,0,0,0,1,1,TaskSwitchPedal,0.000000,1
20261007T102252334Z_a2ac4ef9bb5b432c8b5db52d721e2425,,,1,898,2026-10-07T10:23:45.6771349Z,53.330851,51.328515,3252,1,0,WaitingForPhaseBoundary,0,0,TaskSwitchDisplay,1,,Joystick,0.100000,0.000000,0.000000,0.000000,-1.000000,JoyStick1LeftSlider,0.000000,0.000000,0.000000,0.000000,0.000000,0.000000,0.000000,0.000000,0.000000,0.000000,3252,1,0.000000,0,0,0,1,1,TaskSwitchPedal,0.000000,1
20261007T102252334Z_a2ac4ef9bb5b432c8b5db52d721e2425,,,1,899,2026-10-07T10:23:45.7326462Z,53.386699,51.383692,3255,1,0,WaitingForPhaseBoundary,0,0,TaskSwitchDisplay,1,,Joystick,0.100000,0.000000,0.000000,0.000000,-1.000000,JoyStick1LeftSlider,0.000000,0.000000,0.000000,0.000000,0.000000,0.000000,0.000000,0.000000,0.000000,0.000000,3255,1,0.000000,0,0,0,1,1,TaskSwitchPedal,0.000000,1
20261007T102252334Z_a2ac4ef9bb5b432c8b5db52d721e2425,,,1,900,2026-10-07T10:23:45.7969573Z,53.450442,51.448098,3259,1,0,WaitingForPhaseBoundary,0,0,TaskSwitchDisplay,1,,Joystick,0.100000,0.000000,0.000000,0.000000,-1.000000,JoyStick1LeftSlider,0.000000,0.000000,0.000000,0.000000,0.000000,0.000000,0.000000,0.000000,0.000000,0.000000,3259,1,0.000000,0,0,0,1,1,TaskSwitchPedal,0.000000,1
20261007T102252334Z_a2ac4ef9bb5b432c8b5db52d721e2425,,,1,901,2026-10-07T10:23:45.8568197Z,53.510193,51.507663,3262,1,0,WaitingForPhaseBoundary,0,0,TaskSwitchDisplay,1,,Joystick,0.100000,0.000000,0.000000,0.000000,-1.000000,JoyStick1LeftSlider,0.000000,0.000000,0.000000,0.000000,0.000000,0.000000,0.000000,0.000000,0.000000,0.000000,3262,1,0.000000,0,0,0,1,1,TaskSwitchPedal,0.000000,1
20261007T102252334Z_a2ac4ef9bb5b432c8b5db52d721e2425,,,1,902,2026-10-07T10:23:45.9265138Z,53.580292,51.577796,3266,1,0,WaitingForPhaseBoundary,0,0,TaskSwitchDisplay,1,,Joystick,0.100000,0.000000,0.000000,0.000000,-1.000000,JoyStick1LeftSlider,0.000000,0.000000,0.000000,0.000000,0.000000,0.000000,0.000000,0.000000,0.000000,0.000000,3266,1,0.000000,0,0,0,1,1,TaskSwitchPedal,0.000000,1
20261007T102252334Z_a2ac4ef9bb5b432c8b5db52d721e2425,,,1,903,2026-10-07T10:23:45.9936323Z,53.647084,51.644898,3270,1,0,WaitingForPhaseBoundary,0,0,TaskSwitchDisplay,1,,Joystick,0.100000,0.000000,0.000000,0.000000,-1.000000,JoyStick1LeftSlider,0.000000,0.000000,0.000000,0.000000,0.000000,0.000000,0.000000,0.000000,0.000000,0.000000,3270,1,0.000000,0,0,0,1,1,TaskSwitchPedal,0.000000,1
20261007T102252334Z_a2ac4ef9bb5b432c8b5db52d721e2425,,,1,904,2026-10-07T10:23:46.0548180Z,53.708050,51.705867,3274,1,0,WaitingForPhaseBoundary,0,0,TaskSwitchDisplay,1,,Joystick,0.100000,0.000000,0.000000,0.000000,-1.000000,JoyStick1LeftSlider,0.000000,0.000000,0.000000,0.000000,0.000000,0.000000,0.000000,0.000000,0.000000,0.000000,3274,1,0.000000,0,0,0,1,1,TaskSwitchPedal,0.000000,1
20261007T102252334Z_a2ac4ef9bb5b432c8b5db52d721e2425,,,1,905,2026-10-07T10:23:46.1150295Z,53.768306,51.766103,3278,1,0,WaitingForPhaseBoundary,0,0,TaskSwitchDisplay,1,,Joystick,0.100000,0.000000,0.000000,0.000000,-1.000000,JoyStick1LeftSlider,0.000000,0.000000,0.000000,0.000000,0.000000,0.000000,0.000000,0.000000,0.000000,0.000000,3278,1,0.000000,0,0,0,1,1,TaskSwitchPedal,0.000000,1
20261007T102252334Z_a2ac4ef9bb5b432c8b5db52d721e2425,,,1,906,2026-10-07T10:23:46.1737984Z,53.827776,51.825751,3282,1,0,WaitingForPhaseBoundary,0,0,TaskSwitchDisplay,1,,Joystick,0.100000,0.000000,0.000000,0.000000,-1.000000,JoyStick1LeftSlider,0.000000,0.000000,0.000000,0.000000,0.000000,0.000000,0.000000,0.000000,0.000000,0.000000,3282,1,0.000000,0,0,0,1,1,TaskSwitchPedal,0.000000,1
20261007T102252334Z_a2ac4ef9bb5b432c8b5db52d721e2425,,,1,907,2026-10-07T10:23:46.2284016Z,53.881876,51.879234,3286,1,0,WaitingForPhaseBoundary,0,0,TaskSwitchDisplay,1,,Joystick,0.100000,0.000000,0.000000,0.000000,-1.000000,JoyStick1LeftSlider,0.000000,0.000000,0.000000,0.000000,0.000000,0.000000,0.000000,0.000000,0.000000,0.000000,3286,1,0.000000,0,0,0,1,1,TaskSwitchPedal,0.000000,1
20261007T102252334Z_a2ac4ef9bb5b432c8b5db52d721e2425,,,1,908,2026-10-07T10:23:46.2920392Z,53.946350,51.943605,3290,1,0,WaitingForPhaseBoundary,0,0,TaskSwitchDisplay,1,,Joystick,0.100000,0.000000,0.000000,0.000000,-1.000000,JoyStick1LeftSlider,0.000000,0.000000,0.000000,0.000000,0.000000,0.000000,0.000000,0.000000,0.000000,0.000000,3290,1,0.000000,0,0,0,1,1,TaskSwitchPedal,0.000000,1
20261007T102252334Z_a2ac4ef9bb5b432c8b5db52d721e2425,,,1,909,2026-10-07T10:23:46.3522593Z,54.005900,52.003876,3294,1,0,WaitingForPhaseBoundary,0,0,TaskSwitchDisplay,1,,Joystick,0.100000,0.000000,-0.001450,0.000000,-1.000000,JoyStick1LeftSlider,0.000000,0.000000,0.000000,0.000000,0.000000,0.000000,0.000000,0.000000,0.000000,0.000000,3294,1,0.000000,0,0,0,1,1,TaskSwitchPedal,0.000000,1
20261007T102252334Z_a2ac4ef9bb5b432c8b5db52d721e2425,,,1,910,2026-10-07T10:23:46.4123456Z,54.066320,52.064111,3298,1,0,WaitingForPhaseBoundary,0,0,TaskSwitchDisplay,1,,Joystick,0.100000,0.000000,-0.002840,0.000000,-1.000000,JoyStick1LeftSlider,0.000000,0.000000,0.000000,0.000000,0.000000,0.000000,0.000000,0.000000,0.000000,0.000000,3298,1,0.000000,0,0,0,1,1,TaskSwitchPedal,0.000000,1
20261007T102252334Z_a2ac4ef9bb5b432c8b5db52d721e2425,,,1,911,2026-10-07T10:23:46.4708846Z,54.125858,52.123664,3302,1,0,WaitingForPhaseBoundary,0,0,TaskSwitchDisplay,1,,Joystick,0.100000,0.000000,-0.001144,0.000000,-1.000000,JoyStick1LeftSlider,0.000000,0.000000,0.000000,0.000000,0.000000,0.000000,0.000000,0.000000,0.000000,0.000000,3302,1,0.000000,0,0,0,1,1,TaskSwitchPedal,0.000000,1
20261007T102252334Z_a2ac4ef9bb5b432c8b5db52d721e2425,,,1,912,2026-10-07T10:23:46.5364362Z,54.190021,52.187329,3305,1,0,WaitingForPhaseBoundary,0,0,TaskSwitchDisplay,1,,Joystick,0.100000,0.000000,-0.001144,0.000000,-1.000000,JoyStick1LeftSlider,0.000000,0.000000,0.000000,0.000000,0.000000,0.000000,0.000000,0.000000,0.000000,0.000000,3305,1,0.000000,0,0,0,1,1,TaskSwitchPedal,0.000000,1
20261007T102252334Z_a2ac4ef9bb5b432c8b5db52d721e2425,,,1,913,2026-10-07T10:23:46.5869157Z,54.240420,52.238161,3308,1,0,WaitingForPhaseBoundary,0,0,TaskSwitchDisplay,1,,Joystick,0.100000,0.000000,-0.001144,0.000000,-1.000000,JoyStick1LeftSlider,0.000000,0.000000,0.000000,0.000000,0.000000,0.000000,0.000000,0.000000,0.000000,0.000000,3308,1,0.000000,0,0,0,1,1,TaskSwitchPedal,0.000000,1
20261007T102252334Z_a2ac4ef9bb5b432c8b5db52d721e2425,,,1,914,2026-10-07T10:23:46.6380933Z,54.291641,52.289083,3311,1,0,WaitingForPhaseBoundary,0,0,TaskSwitchDisplay,1,,Joystick,0.100000,0.000000,-0.002230,0.000000,-1.000000,JoyStick1LeftSlider,0.000000,0.000000,0.000000,0.000000,0.000000,0.000000,0.000000,0.000000,0.000000,0.000000,3311,1,0.000000,0,0,0,1,1,TaskSwitchPedal,0.000000,1
20261007T102252334Z_a2ac4ef9bb5b432c8b5db52d721e2425,,,1,915,2026-10-07T10:23:46.6892735Z,54.343269,52.340701,3314,1,0,WaitingForPhaseBoundary,0,0,TaskSwitchDisplay,1,,Joystick,0.100000,0.000000,-0.004366,0.000000,-1.000000,JoyStick1LeftSlider,0.000000,0.000000,0.000000,0.000000,0.000000,0.000000,0.000000,0.000000,0.000000,0.000000,3314,1,0.000000,0,0,0,1,1,TaskSwitchPedal,0.000000,1
20261007T102252334Z_a2ac4ef9bb5b432c8b5db52d721e2425,,,1,916,2026-10-07T10:23:46.7545838Z,54.408119,52.405364,3318,1,0,WaitingForPhaseBoundary,0,0,TaskSwitchDisplay,1,,Joystick,0.100000,0.000000,-0.005519,0.000000,-1.000000,JoyStick1LeftSlider,0.000000,0.000000,0.000000,0.000000,0.000000,0.000000,0.000000,0.000000,0.000000,0.000000,3318,1,0.000000,0,0,0,1,1,TaskSwitchPedal,0.000000,1
20261007T102252334Z_a2ac4ef9bb5b432c8b5db52d721e2425,,,1,917,2026-10-07T10:23:46.8141823Z,54.467745,52.465589,3321,1,0,WaitingForPhaseBoundary,0,0,TaskSwitchDisplay,1,,Joystick,0.100000,0.000000,-0.005519,0.000000,-1.000000,JoyStick1LeftSlider,0.000000,0.000000,0.000000,0.000000,0.000000,0.000000,0.000000,0.000000,0.000000,0.000000,3321,1,0.000000,0,0,0,1,1,TaskSwitchPedal,0.000000,1
20261007T102252334Z_a2ac4ef9bb5b432c8b5db52d721e2425,,,1,918,2026-10-07T10:23:46.8708187Z,54.525248,52.522089,3324,1,0,WaitingForPhaseBoundary,0,0,TaskSwitchDisplay,1,,Joystick,0.100000,0.000000,-0.006095,0.000000,-1.000000,JoyStick1LeftSlider,0.000000,0.000000,0.000000,0.000000,0.000000,0.000000,0.000000,0.000000,0.000000,0.000000,3324,1,0.000000,0,0,0,1,1,TaskSwitchPedal,0.000000,1
20261007T102252334Z_a2ac4ef9bb5b432c8b5db52d721e2425,,,1,919,2026-10-07T10:23:46.9223619Z,54.576132,52.574607,3327,1,0,WaitingForPhaseBoundary,0,0,TaskSwitchDisplay,1,,Joystick,0.100000,0.000000,-0.006095,0.000000,-1.000000,JoyStick1LeftSlider,0.000000,0.000000,0.000000,0.000000,0.000000,0.000000,0.000000,0.000000,0.000000,0.000000,3326,0,0.000000,0,0,0,1,1,TaskSwitchPedal,0.000000,1
20261007T102252334Z_a2ac4ef9bb5b432c8b5db52d721e2425,,,1,920,2026-10-07T10:23:46.9832750Z,54.637373,52.635732,3331,1,0,WaitingForPhaseBoundary,0,0,TaskSwitchDisplay,1,,Joystick,0.100000,0.000000,-0.006129,0.000000,-1.000000,JoyStick1LeftSlider,0.000000,0.000000,0.000000,0.000000,0.000000,0.000000,0.000000,0.000000,0.000000,0.000000,3330,0,0.000000,0,0,0,1,1,TaskSwitchPedal,0.000000,1
20261007T102252334Z_a2ac4ef9bb5b432c8b5db52d721e2425,,,1,921,2026-10-07T10:23:47.0430068Z,54.696359,52.694250,3335,1,0,WaitingForPhaseBoundary,0,0,TaskSwitchDisplay,1,,Joystick,0.100000,0.000000,-0.006129,0.000000,-1.000000,JoyStick1LeftSlider,0.000000,0.000000,0.000000,0.000000,0.000000,0.000000,0.000000,0.000000,0.000000,0.000000,3334,0,0.000000,0,0,0,1,1,TaskSwitchPedal,0.000000,1
20261007T102252334Z_a2ac4ef9bb5b432c8b5db52d721e2425,,,1,922,2026-10-07T10:23:47.1021720Z,54.756114,52.753989,3339,1,0,WaitingForPhaseBoundary,0,0,TaskSwitchDisplay,1,,Joystick,0.100000,0.000000,-0.004739,0.000000,-1.000000,JoyStick1LeftSlider,0.000000,0.000000,0.000000,0.000000,0.000000,0.000000,0.000000,0.000000,0.000000,0.000000,3338,0,0.000000,0,0,0,1,1,TaskSwitchPedal,0.000000,1
20261007T102252334Z_a2ac4ef9bb5b432c8b5db52d721e2425,,,1,923,2026-10-07T10:23:47.1636667Z,54.816940,52.815290,3343,1,0,WaitingForPhaseBoundary,0,0,TaskSwitchDisplay,1,,Joystick,0.100000,0.000000,-0.004739,0.000000,-1.000000,JoyStick1LeftSlider,0.000000,0.000000,0.000000,0.000000,0.000000,0.000000,0.000000,0.000000,0.000000,0.000000,3342,0,0.000000,0,0,0,1,1,TaskSwitchPedal,0.000000,1
20261007T102252334Z_a2ac4ef9bb5b432c8b5db52d721e2425,,,1,924,2026-10-07T10:23:47.2223824Z,54.876268,52.874771,3347,1,0,WaitingForPhaseBoundary,0,0,TaskSwitchDisplay,1,,Joystick,0.100000,0.000000,-0.004874,0.000000,-1.000000,JoyStick1LeftSlider,0.000000,0.000000,0.000000,0.000000,0.000000,0.000000,0.000000,0.000000,0.000000,0.000000,3346,0,0.000000,0,0,0,1,1,TaskSwitchPedal,0.000000,1
20261007T102252334Z_a2ac4ef9bb5b432c8b5db52d721e2425,,,1,925,2026-10-07T10:23:47.2868787Z,54.940316,52.938064,3351,1,0,WaitingForPhaseBoundary,0,0,TaskSwitchDisplay,1,,Joystick,0.100000,0.000000,-0.008299,0.000000,-1.000000,JoyStick1LeftSlider,0.000000,0.000000,0.000000,0.000000,0.000000,0.000000,0.000000,0.000000,0.000000,0.000000,3351,1,0.000000,0,0,0,1,1,TaskSwitchPedal,0.000000,1
20261007T102252334Z_a2ac4ef9bb5b432c8b5db52d721e2425,,,1,926,2026-10-07T10:23:47.3467319Z,54.999984,52.997525,3355,1,0,WaitingForPhaseBoundary,0,0,TaskSwitchDisplay,1,,Joystick,0.100000,0.000000,-0.008299,0.000000,-1.000000,JoyStick1LeftSlider,0.000000,0.000000,0.000000,0.000000,0.000000,0.000000,0.000000,0.000000,0.000000,0.000000,3355,1,0.000000,0,0,0,1,1,TaskSwitchPedal,0.000000,1
20261007T102252334Z_a2ac4ef9bb5b432c8b5db52d721e2425,,,1,927,2026-10-07T10:23:47.4079302Z,55.061302,53.059254,3359,1,0,WaitingForPhaseBoundary,0,0,TaskSwitchDisplay,1,,Joystick,0.100000,0.000000,-0.003891,0.000000,-1.000000,JoyStick1LeftSlider,0.000000,0.000000,0.000000,0.000000,0.000000,0.000000,0.000000,0.000000,0.000000,0.000000,3359,1,0.000000,0,0,0,1,1,TaskSwitchPedal,0.000000,1
20261007T102252334Z_a2ac4ef9bb5b432c8b5db52d721e2425,,,1,928,2026-10-07T10:23:47.4616242Z,55.115794,53.114180,3363,1,0,WaitingForPhaseBoundary,0,0,TaskSwitchDisplay,1,,Joystick,0.100000,0.000000,0.000000,0.000000,-1.000000,JoyStick1LeftSlider,0.000000,0.000000,0.000000,0.000000,0.000000,0.000000,0.000000,0.000000,0.000000,0.000000,3362,0,0.000000,0,0,0,1,1,TaskSwitchPedal,0.000000,1
20261007T102252334Z_a2ac4ef9bb5b432c8b5db52d721e2425,,,1,929,2026-10-07T10:23:47.5214581Z,55.176015,53.174400,3367,1,0,WaitingForPhaseBoundary,0,0,TaskSwitchDisplay,1,,Joystick,0.100000,0.000000,0.000000,0.000000,-1.000000,JoyStick1LeftSlider,0.000000,0.000000,0.000000,0.000000,0.000000,0.000000,0.000000,0.000000,0.000000,0.000000,3366,0,0.000000,0,0,0,1,1,TaskSwitchPedal,0.000000,1
20261007T102252334Z_a2ac4ef9bb5b432c8b5db52d721e2425,,,1,930,2026-10-07T10:23:47.5812950Z,55.235924,53.234374,3371,1,0,WaitingForPhaseBoundary,0,0,TaskSwitchDisplay,1,,Joystick,0.100000,0.000000,0.000000,0.000000,-1.000000,JoyStick1LeftSlider,0.000000,0.000000,0.000000,0.000000,0.000000,0.000000,0.000000,0.000000,0.000000,0.000000,3370,0,0.000000,0,0,0,1,1,TaskSwitchPedal,0.000000,1
20261007T102252334Z_a2ac4ef9bb5b432c8b5db52d721e2425,,,1,931,2026-10-07T10:23:47.6377852Z,55.292229,53.289948,3375,1,0,WaitingForPhaseBoundary,0,0,TaskSwitchDisplay,1,,Joystick,0.100000,0.000000,0.000000,0.000000,-1.000000,JoyStick1LeftSlider,0.000000,0.000000,0.000000,0.000000,0.000000,0.000000,0.000000,0.000000,0.000000,0.000000,3375,1,0.000000,0,0,0,1,1,TaskSwitchPedal,0.000000,1
20261007T102252334Z_a2ac4ef9bb5b432c8b5db52d721e2425,,,1,932,2026-10-07T10:23:47.6954379Z,55.349423,53.346919,3378,1,0,WaitingForPhaseBoundary,0,0,TaskSwitchDisplay,1,,Joystick,0.100000,0.000000,0.000000,0.000000,-1.000000,JoyStick1LeftSlider,0.000000,0.000000,0.000000,0.000000,0.000000,0.000000,0.000000,0.000000,0.000000,0.000000,3378,1,0.000000,0,0,0,1,1,TaskSwitchPedal,0.000000,1
20261007T102252334Z_a2ac4ef9bb5b432c8b5db52d721e2425,,,1,933,2026-10-07T10:23:47.7558445Z,55.409775,53.407545,3382,1,0,WaitingForPhaseBoundary,0,0,TaskSwitchDisplay,1,,Joystick,0.100000,0.000000,0.000000,0.000000,-1.000000,JoyStick1LeftSlider,0.000000,0.000000,0.000000,0.000000,0.000000,0.000000,0.000000,0.000000,0.000000,0.000000,3382,1,0.000000,0,0,0,1,1,TaskSwitchPedal,0.000000,1
20261007T102252334Z_a2ac4ef9bb5b432c8b5db52d721e2425,,,1,934,2026-10-07T10:23:47.8089250Z,55.462918,53.460172,3385,1,0,WaitingForPhaseBoundary,0,0,TaskSwitchDisplay,1,,Joystick,0.100000,0.000000,0.000000,0.000000,-1.000000,JoyStick1LeftSlider,0.000000,0.000000,0.000000,0.000000,0.000000,0.000000,0.000000,0.000000,0.000000,0.000000,3385,1,0.000000,0,0,0,1,1,TaskSwitchPedal,0.000000,1
20261007T102252334Z_a2ac4ef9bb5b432c8b5db52d721e2425,,,1,935,2026-10-07T10:23:47.8680073Z,55.521876,53.519253,3389,1,0,WaitingForPhaseBoundary,0,0,TaskSwitchDisplay,1,,Joystick,0.100000,0.000000,0.000000,0.000000,-1.000000,JoyStick1LeftSlider,0.000000,0.000000,0.000000,0.000000,0.000000,0.000000,0.000000,0.000000,0.000000,0.000000,3389,1,0.000000,0,0,0,1,1,TaskSwitchPedal,0.000000,1
20261007T102252334Z_a2ac4ef9bb5b432c8b5db52d721e2425,,,1,936,2026-10-07T10:23:47.9309341Z,55.584470,53.581970,3393,1,0,WaitingForPhaseBoundary,0,0,TaskSwitchDisplay,1,,Joystick,0.100000,0.000000,0.000000,0.000000,-1.000000,JoyStick1LeftSlider,0.000000,0.000000,0.000000,0.000000,0.000000,0.000000,0.000000,0.000000,0.000000,0.000000,3393,1,0.000000,0,0,0,1,1,TaskSwitchPedal,0.000000,1
20261007T102252334Z_a2ac4ef9bb5b432c8b5db52d721e2425,,,1,937,2026-10-07T10:23:47.9969376Z,55.650321,53.648006,3397,1,0,WaitingForPhaseBoundary,0,0,TaskSwitchDisplay,1,,Joystick,0.100000,0.000000,0.000000,0.000000,-1.000000,JoyStick1LeftSlider,0.000000,0.000000,0.000000,0.000000,0.000000,0.000000,0.000000,0.000000,0.000000,0.000000,3397,1,0.000000,0,0,0,1,1,TaskSwitchPedal,0.000000,1
20261007T102252334Z_a2ac4ef9bb5b432c8b5db52d721e2425,,,1,938,2026-10-07T10:23:48.0590659Z,55.713586,53.711452,3400,1,0,WaitingForPhaseBoundary,0,0,TaskSwitchDisplay,1,,Joystick,0.100000,0.000000,0.000000,0.000000,-1.000000,JoyStick1LeftSlider,0.000000,0.000000,0.000000,0.000000,0.000000,0.000000,0.000000,0.000000,0.000000,0.000000,3400,1,0.000000,0,0,0,1,1,TaskSwitchPedal,0.000000,1
20261007T102252334Z_a2ac4ef9bb5b432c8b5db52d721e2425,,,1,939,2026-10-07T10:23:48.1153289Z,55.769008,53.766695,3403,1,0,WaitingForPhaseBoundary,0,0,TaskSwitchDisplay,1,,Joystick,0.100000,0.000000,0.000000,0.000000,-1.000000,JoyStick1LeftSlider,0.000000,0.000000,0.000000,0.000000,0.000000,0.000000,0.000000,0.000000,0.000000,0.000000,3403,1,0.000000,0,0,0,1,1,TaskSwitchPedal,0.000000,1
20261007T102252334Z_a2ac4ef9bb5b432c8b5db52d721e2425,,,1,940,2026-10-07T10:23:48.1694261Z,55.823919,53.821650,3406,1,0,WaitingForPhaseBoundary,0,0,TaskSwitchDisplay,1,,Joystick,0.100000,0.000000,0.000000,0.000000,-1.000000,JoyStick1LeftSlider,0.000000,0.000000,0.000000,0.000000,0.000000,0.000000,0.000000,0.000000,0.000000,0.000000,3406,1,0.000000,0,0,0,1,1,TaskSwitchPedal,0.000000,1
20261007T102252334Z_a2ac4ef9bb5b432c8b5db52d721e2425,,,1,941,2026-10-07T10:23:48.2328574Z,55.886833,53.884168,3409,1,0,WaitingForPhaseBoundary,0,0,TaskSwitchDisplay,1,,Joystick,0.100000,0.000000,0.000000,0.000000,-1.000000,JoyStick1LeftSlider,0.000000,0.000000,0.000000,0.000000,0.000000,0.000000,0.000000,0.000000,0.000000,0.000000,3409,1,0.000000,0,0,0,1,1,TaskSwitchPedal,0.000000,1
20261007T102252334Z_a2ac4ef9bb5b432c8b5db52d721e2425,,,1,942,2026-10-07T10:23:48.2946474Z,55.947908,53.945409,3413,1,0,WaitingForPhaseBoundary,0,0,TaskSwitchDisplay,1,,Joystick,0.100000,0.000000,0.000000,0.000000,-1.000000,JoyStick1LeftSlider,0.000000,0.000000,0.000000,0.000000,0.000000,0.000000,0.000000,0.000000,0.000000,0.000000,3413,1,0.000000,0,0,0,1,1,TaskSwitchPedal,0.000000,1
20261007T102252334Z_a2ac4ef9bb5b432c8b5db52d721e2425,,,1,943,2026-10-07T10:23:48.3548870Z,56.008747,54.006466,3417,1,0,WaitingForPhaseBoundary,0,0,TaskSwitchDisplay,1,,Joystick,0.100000,0.000000,0.000000,0.000000,-1.000000,JoyStick1LeftSlider,0.000000,0.000000,0.000000,0.000000,0.000000,0.000000,0.000000,0.000000,0.000000,0.000000,3417,1,0.000000,0,0,0,1,1,TaskSwitchPedal,0.000000,1
20261007T102252334Z_a2ac4ef9bb5b432c8b5db52d721e2425,,,1,944,2026-10-07T10:23:48.4054830Z,56.059783,54.057402,3420,1,0,WaitingForPhaseBoundary,0,0,TaskSwitchDisplay,1,,Joystick,0.100000,0.000000,0.000000,0.000000,-1.000000,JoyStick1LeftSlider,0.000000,0.000000,0.000000,0.000000,0.000000,0.000000,0.000000,0.000000,0.000000,0.000000,3420,1,0.000000,0,0,0,1,1,TaskSwitchPedal,0.000000,1
20261007T102252334Z_a2ac4ef9bb5b432c8b5db52d721e2425,,,1,945,2026-10-07T10:23:48.4676265Z,56.122340,54.119702,3423,1,0,WaitingForPhaseBoundary,0,0,TaskSwitchDisplay,1,,Joystick,0.100000,0.000000,0.000000,0.000000,-1.000000,JoyStick1LeftSlider,0.000000,0.000000,0.000000,0.000000,0.000000,0.000000,0.000000,0.000000,0.000000,0.000000,3423,1,0.000000,0,0,0,1,1,TaskSwitchPedal,0.000000,1
20261007T102252334Z_a2ac4ef9bb5b432c8b5db52d721e2425,,,1,946,2026-10-07T10:23:48.5308246Z,56.184418,54.182083,3427,1,0,WaitingForPhaseBoundary,0,0,TaskSwitchDisplay,1,,Joystick,0.100000,0.000000,0.000000,0.000000,-1.000000,JoyStick1LeftSlider,0.000000,0.000000,0.000000,0.000000,0.000000,0.000000,0.000000,0.000000,0.000000,0.000000,3427,1,0.000000,0,0,0,1,1,TaskSwitchPedal,0.000000,1
20261007T102252334Z_a2ac4ef9bb5b432c8b5db52d721e2425,,,1,947,2026-10-07T10:23:48.5857073Z,56.239605,54.237352,3431,1,0,WaitingForPhaseBoundary,0,0,TaskSwitchDisplay,1,,Joystick,0.100000,0.000000,0.000000,0.000000,-1.000000,JoyStick1LeftSlider,0.000000,0.000000,0.000000,0.000000,0.000000,0.000000,0.000000,0.000000,0.000000,0.000000,3431,1,0.000000,0,0,0,1,1,TaskSwitchPedal,0.000000,1
20261007T102252334Z_a2ac4ef9bb5b432c8b5db52d721e2425,,,1,948,2026-10-07T10:23:48.6477702Z,56.301937,54.299689,3435,1,0,WaitingForPhaseBoundary,0,0,TaskSwitchDisplay,1,,Joystick,0.100000,0.000000,0.000000,0.000000,-1.000000,JoyStick1LeftSlider,0.000000,0.000000,0.000000,0.000000,0.000000,0.000000,0.000000,0.000000,0.000000,0.000000,3435,1,0.000000,0,0,0,1,1,TaskSwitchPedal,0.000000,1
20261007T102252334Z_a2ac4ef9bb5b432c8b5db52d721e2425,,,1,949,2026-10-07T10:23:48.7034071Z,56.357124,54.355528,3439,1,0,WaitingForPhaseBoundary,0,0,TaskSwitchDisplay,1,,Joystick,0.100000,0.000000,0.000000,0.000000,-1.000000,JoyStick1LeftSlider,0.000000,0.000000,0.000000,0.000000,0.000000,0.000000,0.000000,0.000000,0.000000,0.000000,3438,0,0.000000,0,0,0,1,1,TaskSwitchPedal,0.000000,1
20261007T102252334Z_a2ac4ef9bb5b432c8b5db52d721e2425,,,1,950,2026-10-07T10:23:48.7564625Z,56.410272,54.407603,3443,1,0,WaitingForPhaseBoundary,0,0,TaskSwitchDisplay,1,,Joystick,0.100000,0.000000,0.000000,0.000000,-1.000000,JoyStick1LeftSlider,0.000000,0.000000,0.000000,0.000000,0.000000,0.000000,0.000000,0.000000,0.000000,0.000000,3443,1,0.000000,0,0,0,1,1,TaskSwitchPedal,0.000000,1
20261007T102252334Z_a2ac4ef9bb5b432c8b5db52d721e2425,,,1,951,2026-10-07T10:23:48.8169255Z,56.470370,54.467315,3446,1,0,WaitingForPhaseBoundary,0,0,TaskSwitchDisplay,1,,Joystick,0.100000,0.000000,0.000000,0.000000,-1.000000,JoyStick1LeftSlider,0.000000,0.000000,0.000000,0.000000,0.000000,0.000000,0.000000,0.000000,0.000000,0.000000,3446,1,0.000000,0,0,0,1,1,TaskSwitchPedal,0.000000,1
20261007T102252334Z_a2ac4ef9bb5b432c8b5db52d721e2425,,,1,952,2026-10-07T10:23:48.8718778Z,56.525948,54.523330,3449,1,0,WaitingForPhaseBoundary,0,0,TaskSwitchDisplay,1,,Joystick,0.100000,0.000000,0.000000,0.000000,-1.000000,JoyStick1LeftSlider,0.000000,0.000000,0.000000,0.000000,0.000000,0.000000,0.000000,0.000000,0.000000,0.000000,3449,1,0.000000,0,0,0,1,1,TaskSwitchPedal,0.000000,1
20261007T102252334Z_a2ac4ef9bb5b432c8b5db52d721e2425,,,1,953,2026-10-07T10:23:48.9340412Z,56.588610,54.586640,3453,1,0,WaitingForPhaseBoundary,0,0,TaskSwitchDisplay,1,,Joystick,0.100000,0.000000,0.000000,0.000000,-1.000000,JoyStick1LeftSlider,0.000000,0.000000,0.000000,0.000000,0.000000,0.000000,0.000000,0.000000,0.000000,0.000000,3453,1,0.000000,0,0,0,1,1,TaskSwitchPedal,0.000000,1
20261007T102252334Z_a2ac4ef9bb5b432c8b5db52d721e2425,,,1,954,2026-10-07T10:23:48.9850516Z,56.639144,54.637108,3456,1,0,WaitingForPhaseBoundary,0,0,TaskSwitchDisplay,1,,Joystick,0.100000,0.000000,0.000000,0.000000,-1.000000,JoyStick1LeftSlider,0.000000,0.000000,0.000000,0.000000,0.000000,0.000000,0.000000,0.000000,0.000000,0.000000,3456,1,0.000000,0,0,0,1,1,TaskSwitchPedal,0.000000,1
20261007T102252334Z_a2ac4ef9bb5b432c8b5db52d721e2425,,,1,955,2026-10-07T10:23:49.0445143Z,56.697790,54.696082,3460,1,0,WaitingForPhaseBoundary,0,0,TaskSwitchDisplay,1,,Joystick,0.100000,0.000000,0.000000,0.000000,-1.000000,JoyStick1LeftSlider,0.000000,0.000000,0.000000,0.000000,0.000000,0.000000,0.000000,0.000000,0.000000,0.000000,3459,0,0.000000,0,0,0,1,1,TaskSwitchPedal,0.000000,1
20261007T102252334Z_a2ac4ef9bb5b432c8b5db52d721e2425,,,1,956,2026-10-07T10:23:49.0980129Z,56.752002,54.748201,3463,1,0,WaitingForPhaseBoundary,0,0,TaskSwitchDisplay,1,,Joystick,0.100000,0.000000,0.000000,0.000000,-1.000000,JoyStick1LeftSlider,0.000000,0.000000,0.000000,0.000000,0.000000,0.000000,0.000000,0.000000,0.000000,0.000000,3463,1,0.000000,0,0,0,1,1,TaskSwitchPedal,0.000000,1
20261007T102252334Z_a2ac4ef9bb5b432c8b5db52d721e2425,,,1,957,2026-10-07T10:23:49.1650444Z,56.818446,54.815225,3466,1,0,WaitingForPhaseBoundary,0,0,TaskSwitchDisplay,1,,Joystick,0.100000,0.000000,0.000000,0.000000,-1.000000,JoyStick1LeftSlider,0.000000,0.000000,0.000000,0.000000,0.000000,0.000000,0.000000,0.000000,0.000000,0.000000,3466,1,0.000000,0,0,0,1,1,TaskSwitchPedal,0.000000,1
20261007T102252334Z_a2ac4ef9bb5b432c8b5db52d721e2425,,,1,958,2026-10-07T10:23:49.2236709Z,56.878026,54.876428,3470,1,0,WaitingForPhaseBoundary,0,0,TaskSwitchDisplay,1,,Joystick,0.100000,0.000000,0.000000,0.000000,-1.000000,JoyStick1LeftSlider,0.000000,0.000000,0.000000,0.000000,0.000000,0.000000,0.000000,0.000000,0.000000,0.000000,3469,0,0.000000,0,0,0,1,1,TaskSwitchPedal,0.000000,1
20261007T102252334Z_a2ac4ef9bb5b432c8b5db52d721e2425,,,1,959,2026-10-07T10:23:49.2787426Z,56.932980,54.931423,3474,1,0,WaitingForPhaseBoundary,0,0,TaskSwitchDisplay,1,,Joystick,0.100000,0.000000,0.000000,0.000000,-1.000000,JoyStick1LeftSlider,0.000000,0.000000,0.000000,0.000000,0.000000,0.000000,0.000000,0.000000,0.000000,0.000000,3473,0,0.000000,0,0,0,1,1,TaskSwitchPedal,0.000000,1
20261007T102252334Z_a2ac4ef9bb5b432c8b5db52d721e2425,,,1,960,2026-10-07T10:23:49.3293292Z,56.984081,54.981911,3478,1,0,WaitingForPhaseBoundary,0,0,TaskSwitchDisplay,1,,Joystick,0.100000,0.000000,0.000000,0.000000,-1.000000,JoyStick1LeftSlider,0.000000,0.000000,0.000000,0.000000,0.000000,0.000000,0.000000,0.000000,0.000000,0.000000,3478,1,0.000000,0,0,0,1,1,TaskSwitchPedal,0.000000,1
20261007T102252334Z_a2ac4ef9bb5b432c8b5db52d721e2425,,,1,961,2026-10-07T10:23:49.3897531Z,57.043965,55.041765,3483,1,0,WaitingForPhaseBoundary,0,0,TaskSwitchDisplay,1,,Joystick,0.100000,0.000000,0.000000,0.000000,-1.000000,JoyStick1LeftSlider,0.000000,0.000000,0.000000,0.000000,0.000000,0.000000,0.000000,0.000000,0.000000,0.000000,3483,1,0.000000,0,0,0,1,1,TaskSwitchPedal,0.000000,1
20261007T102252334Z_a2ac4ef9bb5b432c8b5db52d721e2425,,,1,962,2026-10-07T10:23:49.4525330Z,57.105999,55.103439,3487,1,0,WaitingForPhaseBoundary,0,0,TaskSwitchDisplay,1,,Joystick,0.100000,0.000000,0.000000,0.000000,-1.000000,JoyStick1LeftSlider,0.000000,0.000000,0.000000,0.000000,0.000000,0.000000,0.000000,0.000000,0.000000,0.000000,3487,1,0.000000,0,0,0,1,1,TaskSwitchPedal,0.000000,1
20261007T102252334Z_a2ac4ef9bb5b432c8b5db52d721e2425,,,1,963,2026-10-07T10:23:49.5045461Z,57.159707,55.157592,3490,1,0,WaitingForPhaseBoundary,0,0,TaskSwitchDisplay,1,,Joystick,0.100000,0.000000,0.000000,0.000000,-1.000000,JoyStick1LeftSlider,0.000000,0.000000,0.000000,0.000000,0.000000,0.000000,0.000000,0.000000,0.000000,0.000000,3490,1,0.000000,0,0,0,1,1,TaskSwitchPedal,0.000000,1
20261007T102252334Z_a2ac4ef9bb5b432c8b5db52d721e2425,,,1,964,2026-10-07T10:23:49.5734277Z,57.227037,55.224741,3494,1,0,WaitingForPhaseBoundary,0,0,TaskSwitchDisplay,1,,Joystick,0.100000,0.000000,0.000000,0.000000,-1.000000,JoyStick1LeftSlider,0.000000,0.000000,0.000000,0.000000,0.000000,0.000000,0.000000,0.000000,0.000000,0.000000,3494,1,0.000000,0,0,0,1,1,TaskSwitchPedal,0.000000,1
20261007T102252334Z_a2ac4ef9bb5b432c8b5db52d721e2425,,,1,965,2026-10-07T10:23:49.6232800Z,57.277070,55.275515,3497,1,0,WaitingForPhaseBoundary,0,0,TaskSwitchDisplay,1,,Joystick,0.100000,0.000000,0.000000,0.000000,-1.000000,JoyStick1LeftSlider,0.000000,0.000000,0.000000,0.000000,0.000000,0.000000,0.000000,0.000000,0.000000,0.000000,3496,0,0.000000,0,0,0,1,1,TaskSwitchPedal,0.000000,1
20261007T102252334Z_a2ac4ef9bb5b432c8b5db52d721e2425,,,1,966,2026-10-07T10:23:49.6769373Z,57.330830,55.328752,3501,1,0,WaitingForPhaseBoundary,0,0,TaskSwitchDisplay,1,,Joystick,0.100000,0.000000,0.000000,0.000000,-1.000000,JoyStick1LeftSlider,0.000000,0.000000,0.000000,0.000000,0.000000,0.000000,0.000000,0.000000,0.000000,0.000000,3501,1,0.000000,0,0,0,1,1,TaskSwitchPedal,0.000000,1
20261007T102252334Z_a2ac4ef9bb5b432c8b5db52d721e2425,,,1,967,2026-10-07T10:23:49.7321017Z,57.385964,55.383415,3505,1,0,WaitingForPhaseBoundary,0,0,TaskSwitchDisplay,1,,Joystick,0.100000,0.000000,0.000000,0.000000,-1.000000,JoyStick1LeftSlider,0.000000,0.000000,0.000000,0.000000,0.000000,0.000000,0.000000,0.000000,0.000000,0.000000,3505,1,0.000000,0,0,0,1,1,TaskSwitchPedal,0.000000,1
20261007T102252334Z_a2ac4ef9bb5b432c8b5db52d721e2425,,,1,968,2026-10-07T10:23:49.7836403Z,57.437857,55.436372,3509,1,0,WaitingForPhaseBoundary,0,0,TaskSwitchDisplay,1,,Joystick,0.100000,0.000000,0.000000,0.000000,-1.000000,JoyStick1LeftSlider,0.000000,0.000000,0.000000,0.000000,0.000000,0.000000,0.000000,0.000000,0.000000,0.000000,3508,0,0.000000,0,0,0,1,1,TaskSwitchPedal,0.000000,1
20261007T102252334Z_a2ac4ef9bb5b432c8b5db52d721e2425,,,1,969,2026-10-07T10:23:49.8470943Z,57.500525,55.498336,3513,1,0,WaitingForPhaseBoundary,0,0,TaskSwitchDisplay,1,,Joystick,0.100000,0.000000,0.000000,0.000000,-1.000000,JoyStick1LeftSlider,0.000000,0.000000,0.000000,0.000000,0.000000,0.000000,0.000000,0.000000,0.000000,0.000000,3513,1,0.000000,0,0,0,1,1,TaskSwitchPedal,0.000000,1
20261007T102252334Z_a2ac4ef9bb5b432c8b5db52d721e2425,,,1,970,2026-10-07T10:23:49.9021305Z,57.556085,55.554374,3517,1,0,WaitingForPhaseBoundary,0,0,TaskSwitchDisplay,1,,Joystick,0.100000,0.000000,0.000000,0.000000,-1.000000,JoyStick1LeftSlider,0.000000,0.000000,0.000000,0.000000,0.000000,0.000000,0.000000,0.000000,0.000000,0.000000,3516,0,0.000000,0,0,0,1,1,TaskSwitchPedal,0.000000,1
20261007T102252334Z_a2ac4ef9bb5b432c8b5db52d721e2425,,,1,971,2026-10-07T10:23:49.9570983Z,57.610427,55.608565,3521,1,0,WaitingForPhaseBoundary,0,0,TaskSwitchDisplay,1,,Joystick,0.100000,0.000000,0.000000,0.000000,-1.000000,JoyStick1LeftSlider,0.000000,0.000000,0.000000,0.000000,0.000000,0.000000,0.000000,0.000000,0.000000,0.000000,3521,1,0.000000,0,0,0,1,1,TaskSwitchPedal,0.000000,1
20261007T102252334Z_a2ac4ef9bb5b432c8b5db52d721e2425,,,1,972,2026-10-07T10:23:50.0179190Z,57.671900,55.669346,3524,1,0,WaitingForPhaseBoundary,0,0,TaskSwitchDisplay,1,,Joystick,0.100000,0.000000,0.000000,0.000000,-1.000000,JoyStick1LeftSlider,0.000000,0.000000,0.000000,0.000000,0.000000,0.000000,0.000000,0.000000,0.000000,0.000000,3524,1,0.000000,0,0,0,1,1,TaskSwitchPedal,0.000000,1
20261007T102252334Z_a2ac4ef9bb5b432c8b5db52d721e2425,,,1,973,2026-10-07T10:23:50.0691529Z,57.722588,55.720670,3527,1,0,WaitingForPhaseBoundary,0,0,TaskSwitchDisplay,1,,Joystick,0.100000,0.000000,0.000000,0.000000,-1.000000,JoyStick1LeftSlider,0.000000,0.000000,0.000000,0.000000,0.000000,0.000000,0.000000,0.000000,0.000000,0.000000,3527,1,0.000000,0,0,0,1,1,TaskSwitchPedal,0.000000,1
20261007T102252334Z_a2ac4ef9bb5b432c8b5db52d721e2425,,,1,974,2026-10-07T10:23:50.1206301Z,57.774453,55.772968,3530,1,0,WaitingForPhaseBoundary,0,0,TaskSwitchDisplay,1,,Joystick,0.100000,0.000000,0.000000,0.000000,-1.000000,JoyStick1LeftSlider,0.000000,0.000000,0.000000,0.000000,0.000000,0.000000,0.000000,0.000000,0.000000,0.000000,3529,0,0.000000,0,0,0,1,1,TaskSwitchPedal,0.000000,1
20261007T102252334Z_a2ac4ef9bb5b432c8b5db52d721e2425,,,1,975,2026-10-07T10:23:50.1760006Z,57.830254,55.828242,3534,1,0,WaitingForPhaseBoundary,0,0,TaskSwitchDisplay,1,,Joystick,0.100000,0.000000,0.000000,0.000000,-1.000000,JoyStick1LeftSlider,0.000000,0.000000,0.000000,0.000000,0.000000,0.000000,0.000000,0.000000,0.000000,0.000000,3534,1,0.000000,0,0,0,1,1,TaskSwitchPedal,0.000000,1
20261007T102252334Z_a2ac4ef9bb5b432c8b5db52d721e2425,,,1,976,2026-10-07T10:23:50.2361513Z,57.890025,55.888051,3538,1,0,WaitingForPhaseBoundary,0,0,TaskSwitchDisplay,1,,Joystick,0.100000,0.000000,0.000000,0.000000,-1.000000,JoyStick1LeftSlider,0.000000,0.000000,0.000000,0.000000,0.000000,0.000000,0.000000,0.000000,0.000000,0.000000,3538,1,0.000000,0,0,0,1,1,TaskSwitchPedal,0.000000,1
20261007T102252334Z_a2ac4ef9bb5b432c8b5db52d721e2425,,,1,977,2026-10-07T10:23:50.2972577Z,57.950706,55.948801,3542,1,0,WaitingForPhaseBoundary,0,0,TaskSwitchDisplay,1,,Joystick,0.100000,0.000000,0.000000,0.000000,-1.000000,JoyStick1LeftSlider,0.000000,0.000000,0.000000,0.000000,0.000000,0.000000,0.000000,0.000000,0.000000,0.000000,3542,1,0.000000,0,0,0,1,1,TaskSwitchPedal,0.000000,1
20261007T102252334Z_a2ac4ef9bb5b432c8b5db52d721e2425,,,1,978,2026-10-07T10:23:50.3535972Z,58.008243,56.005895,3545,1,0,WaitingForPhaseBoundary,0,0,TaskSwitchDisplay,1,,Joystick,0.100000,0.000000,0.000000,0.000000,-1.000000,JoyStick1LeftSlider,0.000000,0.000000,0.000000,0.000000,0.000000,0.000000,0.000000,0.000000,0.000000,0.000000,3545,1,0.000000,0,0,0,1,1,TaskSwitchPedal,0.000000,1
20261007T102252334Z_a2ac4ef9bb5b432c8b5db52d721e2425,,,1,979,2026-10-07T10:23:50.4149726Z,58.068964,56.066555,3549,1,0,WaitingForPhaseBoundary,0,0,TaskSwitchDisplay,1,,Joystick,0.100000,0.000000,0.000000,0.000000,-1.000000,JoyStick1LeftSlider,0.000000,0.000000,0.000000,0.000000,0.000000,0.000000,0.000000,0.000000,0.000000,0.000000,3549,1,0.000000,0,0,0,1,1,TaskSwitchPedal,0.000000,1
20261007T102252334Z_a2ac4ef9bb5b432c8b5db52d721e2425,,,1,980,2026-10-07T10:23:50.4732230Z,58.127043,56.125030,3553,1,0,WaitingForPhaseBoundary,0,0,TaskSwitchDisplay,1,,Joystick,0.100000,0.000000,0.000000,0.000000,-1.000000,JoyStick1LeftSlider,0.000000,0.000000,0.000000,0.000000,0.000000,0.000000,0.000000,0.000000,0.000000,0.000000,3553,1,0.000000,0,0,0,1,1,TaskSwitchPedal,0.000000,1
20261007T102252334Z_a2ac4ef9bb5b432c8b5db52d721e2425,,,1,981,2026-10-07T10:23:50.5361700Z,58.190440,56.188532,3557,1,0,WaitingForPhaseBoundary,0,0,TaskSwitchDisplay,1,,Joystick,0.100000,0.000000,0.000000,0.000000,-1.000000,JoyStick1LeftSlider,0.000000,0.000000,0.000000,0.000000,0.000000,0.000000,0.000000,0.000000,0.000000,0.000000,3557,1,0.000000,0,0,0,1,1,TaskSwitchPedal,0.000000,1
20261007T102252334Z_a2ac4ef9bb5b432c8b5db52d721e2425,,,1,982,2026-10-07T10:23:50.5886970Z,58.242359,56.239830,3560,1,0,WaitingForPhaseBoundary,0,0,TaskSwitchDisplay,1,,Joystick,0.100000,0.000000,0.000000,0.000000,-1.000000,JoyStick1LeftSlider,0.000000,0.000000,0.000000,0.000000,0.000000,0.000000,0.000000,0.000000,0.000000,0.000000,3560,1,0.000000,0,0,0,1,1,TaskSwitchPedal,0.000000,1
20261007T102252334Z_a2ac4ef9bb5b432c8b5db52d721e2425,,,1,983,2026-10-07T10:23:50.6547770Z,58.308394,56.306381,3564,1,0,WaitingForPhaseBoundary,0,0,TaskSwitchDisplay,1,,Joystick,0.100000,0.000000,0.000000,0.000000,-1.000000,JoyStick1LeftSlider,0.000000,0.000000,0.000000,0.000000,0.000000,0.000000,0.000000,0.000000,0.000000,0.000000,3564,1,0.000000,0,0,0,1,1,TaskSwitchPedal,0.000000,1
20261007T102252334Z_a2ac4ef9bb5b432c8b5db52d721e2425,,,1,984,2026-10-07T10:23:50.7060819Z,58.359719,56.357685,3567,1,0,WaitingForPhaseBoundary,0,0,TaskSwitchDisplay,1,,Joystick,0.100000,0.000000,0.000000,0.000000,-1.000000,JoyStick1LeftSlider,0.000000,0.000000,0.000000,0.000000,0.000000,0.000000,0.000000,0.000000,0.000000,0.000000,3567,1,0.000000,0,0,0,1,1,TaskSwitchPedal,0.000000,1
20261007T102252334Z_a2ac4ef9bb5b432c8b5db52d721e2425,,,1,985,2026-10-07T10:23:50.7671954Z,58.421241,56.418913,3571,1,0,WaitingForPhaseBoundary,0,0,TaskSwitchDisplay,1,,Joystick,0.100000,0.000000,0.000000,0.000000,-1.000000,JoyStick1LeftSlider,0.000000,0.000000,0.000000,0.000000,0.000000,0.000000,0.000000,0.000000,0.000000,0.000000,3571,1,0.000000,0,0,0,1,1,TaskSwitchPedal,0.000000,1
20261007T102252334Z_a2ac4ef9bb5b432c8b5db52d721e2425,,,1,986,2026-10-07T10:23:50.8221238Z,58.476455,56.474066,3574,1,0,WaitingForPhaseBoundary,0,0,TaskSwitchDisplay,1,,Joystick,0.100000,0.000000,0.000000,0.000000,-1.000000,JoyStick1LeftSlider,0.000000,0.000000,0.000000,0.000000,0.000000,0.000000,0.000000,0.000000,0.000000,0.000000,3574,1,0.000000,0,0,0,1,1,TaskSwitchPedal,0.000000,1
20261007T102252334Z_a2ac4ef9bb5b432c8b5db52d721e2425,,,1,987,2026-10-07T10:23:50.8833137Z,58.536967,56.535422,3578,1,0,WaitingForPhaseBoundary,0,0,TaskSwitchDisplay,1,,Joystick,0.100000,0.000000,0.000000,0.000000,-1.000000,JoyStick1LeftSlider,0.000000,0.000000,0.000000,0.000000,0.000000,0.000000,0.000000,0.000000,0.000000,0.000000,3577,0,0.000000,0,0,0,1,1,TaskSwitchPedal,0.000000,1
20261007T102252334Z_a2ac4ef9bb5b432c8b5db52d721e2425,,,1,988,2026-10-07T10:23:50.9376104Z,58.591372,56.589193,3581,1,0,WaitingForPhaseBoundary,0,0,TaskSwitchDisplay,1,,Joystick,0.100000,0.000000,0.000000,0.000000,-1.000000,JoyStick1LeftSlider,0.000000,0.000000,0.000000,0.000000,0.000000,0.000000,0.000000,0.000000,0.000000,0.000000,3581,1,0.000000,0,0,0,1,1,TaskSwitchPedal,0.000000,1
20261007T102252334Z_a2ac4ef9bb5b432c8b5db52d721e2425,,,1,989,2026-10-07T10:23:50.9925523Z,58.645866,56.643147,3584,1,0,WaitingForPhaseBoundary,0,0,TaskSwitchDisplay,1,,Joystick,0.100000,0.000000,0.000000,0.000000,-1.000000,JoyStick1LeftSlider,0.000000,0.000000,0.000000,0.000000,0.000000,0.000000,0.000000,0.000000,0.000000,0.000000,3584,1,0.000000,0,0,0,1,1,TaskSwitchPedal,0.000000,1
20261007T102252334Z_a2ac4ef9bb5b432c8b5db52d721e2425,,,1,990,2026-10-07T10:23:51.0424855Z,58.696963,56.695390,3587,1,0,WaitingForPhaseBoundary,0,0,TaskSwitchDisplay,1,,Joystick,0.100000,0.000000,0.000000,0.000000,-1.000000,JoyStick1LeftSlider,0.000000,0.000000,0.000000,0.000000,0.000000,0.000000,0.000000,0.000000,0.000000,0.000000,3586,0,0.000000,0,0,0,1,1,TaskSwitchPedal,0.000000,1
20261007T102252334Z_a2ac4ef9bb5b432c8b5db52d721e2425,,,1,991,2026-10-07T10:23:51.0948150Z,58.748162,56.745693,3590,1,0,WaitingForPhaseBoundary,0,0,TaskSwitchDisplay,1,,Joystick,0.100000,0.000000,0.000000,0.000000,-1.000000,JoyStick1LeftSlider,0.000000,0.000000,0.000000,0.000000,0.000000,0.000000,0.000000,0.000000,0.000000,0.000000,3590,1,0.000000,0,0,0,1,1,TaskSwitchPedal,0.000000,1
20261007T102252334Z_a2ac4ef9bb5b432c8b5db52d721e2425,,,1,992,2026-10-07T10:23:51.1607830Z,58.815249,56.813034,3594,1,0,WaitingForPhaseBoundary,0,0,TaskSwitchDisplay,1,,Joystick,0.100000,0.000000,0.000000,0.000000,-1.000000,JoyStick1LeftSlider,0.000000,0.000000,0.000000,0.000000,0.000000,0.000000,0.000000,0.000000,0.000000,0.000000,3594,1,0.000000,0,0,0,1,1,TaskSwitchPedal,0.000000,1
20261007T102252334Z_a2ac4ef9bb5b432c8b5db52d721e2425,,,1,993,2026-10-07T10:23:51.2121514Z,58.866561,56.864071,3597,1,0,WaitingForPhaseBoundary,0,0,TaskSwitchDisplay,1,,Joystick,0.100000,0.000000,0.000000,0.000000,-1.000000,JoyStick1LeftSlider,0.000000,0.000000,0.000000,0.000000,0.000000,0.000000,0.000000,0.000000,0.000000,0.000000,3597,1,0.000000,0,0,0,1,1,TaskSwitchPedal,0.000000,1
20261007T102252334Z_a2ac4ef9bb5b432c8b5db52d721e2425,,,1,994,2026-10-07T10:23:51.2685891Z,58.922426,56.920050,3601,1,0,WaitingForPhaseBoundary,0,0,TaskSwitchDisplay,1,,Joystick,0.100000,0.000000,0.000000,0.000000,-1.000000,JoyStick1LeftSlider,0.000000,0.000000,0.000000,0.000000,0.000000,0.000000,0.000000,0.000000,0.000000,0.000000,3601,1,0.000000,0,0,0,1,1,TaskSwitchPedal,0.000000,1
20261007T102252334Z_a2ac4ef9bb5b432c8b5db52d721e2425,,,1,995,2026-10-07T10:23:51.3208338Z,58.974421,56.972934,3605,1,0,WaitingForPhaseBoundary,0,0,TaskSwitchDisplay,1,,Joystick,0.100000,0.000000,0.000000,0.000000,-1.000000,JoyStick1LeftSlider,0.000000,0.000000,0.000000,0.000000,0.000000,0.000000,0.000000,0.000000,0.000000,0.000000,3604,0,0.000000,0,0,0,1,1,TaskSwitchPedal,0.000000,1
20261007T102252334Z_a2ac4ef9bb5b432c8b5db52d721e2425,,,1,996,2026-10-07T10:23:51.3707635Z,59.025226,57.023054,3608,1,0,WaitingForPhaseBoundary,0,0,TaskSwitchDisplay,1,,Joystick,0.100000,0.000000,0.000000,0.000000,-1.000000,JoyStick1LeftSlider,0.000000,0.000000,0.000000,0.000000,0.000000,0.000000,0.000000,0.000000,0.000000,0.000000,3608,1,0.000000,0,0,0,1,1,TaskSwitchPedal,0.000000,1
20261007T102252334Z_a2ac4ef9bb5b432c8b5db52d721e2425,,,1,997,2026-10-07T10:23:51.4228128Z,59.076941,57.074121,3611,1,0,WaitingForPhaseBoundary,0,0,TaskSwitchDisplay,1,,Joystick,0.100000,0.000000,0.000000,0.000000,-1.000000,JoyStick1LeftSlider,0.000000,0.000000,0.000000,0.000000,0.000000,0.000000,0.000000,0.000000,0.000000,0.000000,3611,1,0.000000,0,0,0,1,1,TaskSwitchPedal,0.000000,1
20261007T102252334Z_a2ac4ef9bb5b432c8b5db52d721e2425,,,1,998,2026-10-07T10:23:51.4765489Z,59.130429,57.127574,3613,1,0,WaitingForPhaseBoundary,0,0,TaskSwitchDisplay,1,,Joystick,0.100000,0.000000,0.000000,0.000000,-1.000000,JoyStick1LeftSlider,0.000000,0.000000,0.000000,0.000000,0.000000,0.000000,0.000000,0.000000,0.000000,0.000000,3613,1,0.000000,0,0,0,1,1,TaskSwitchPedal,0.000000,1
20261007T102252334Z_a2ac4ef9bb5b432c8b5db52d721e2425,,,1,999,2026-10-07T10:23:51.5283954Z,59.182041,57.179996,3616,1,0,WaitingForPhaseBoundary,0,0,TaskSwitchDisplay,1,,Joystick,0.100000,0.000000,0.000000,0.000000,-1.000000,JoyStick1LeftSlider,0.000000,0.000000,0.000000,0.000000,0.000000,0.000000,0.000000,0.000000,0.000000,0.000000,3616,1,0.000000,0,0,0,1,1,TaskSwitchPedal,0.000000,1
20261007T102252334Z_a2ac4ef9bb5b432c8b5db52d721e2425,,,1,1000,2026-10-07T10:23:51.5807439Z,59.234430,57.231972,3619,1,0,WaitingForPhaseBoundary,0,0,TaskSwitchDisplay,1,,Joystick,0.100000,0.000000,0.000000,0.000000,-1.000000,JoyStick1LeftSlider,0.000000,0.000000,0.000000,0.000000,0.000000,0.000000,0.000000,0.000000,0.000000,0.000000,3619,1,0.000000,0,0,0,1,1,TaskSwitchPedal,0.000000,1
20261007T102252334Z_a2ac4ef9bb5b432c8b5db52d721e2425,,,1,1001,2026-10-07T10:23:51.6316461Z,59.286023,57.283755,3622,1,0,WaitingForPhaseBoundary,0,0,TaskSwitchDisplay,1,,Joystick,0.100000,0.000000,0.000000,0.000000,-1.000000,JoyStick1LeftSlider,0.000000,0.000000,0.000000,0.000000,0.000000,0.000000,0.000000,0.000000,0.000000,0.000000,3622,1,0.000000,0,0,0,1,1,TaskSwitchPedal,0.000000,1
20261007T102252334Z_a2ac4ef9bb5b432c8b5db52d721e2425,,,1,1002,2026-10-07T10:23:51.6932943Z,59.346744,57.344606,3626,1,0,WaitingForPhaseBoundary,0,0,TaskSwitchDisplay,1,,Joystick,0.100000,0.000000,0.000000,0.000000,-1.000000,JoyStick1LeftSlider,0.000000,0.000000,0.000000,0.000000,0.000000,0.000000,0.000000,0.000000,0.000000,0.000000,3626,1,0.000000,0,0,0,1,1,TaskSwitchPedal,0.000000,1
20261007T102252334Z_a2ac4ef9bb5b432c8b5db52d721e2425,,,1,1003,2026-10-07T10:23:51.7458870Z,59.399626,57.397401,3629,1,0,WaitingForPhaseBoundary,0,0,TaskSwitchDisplay,1,,Joystick,0.100000,0.000000,0.000000,0.000000,-1.000000,JoyStick1LeftSlider,0.000000,0.000000,0.000000,0.000000,0.000000,0.000000,0.000000,0.000000,0.000000,0.000000,3629,1,0.000000,0,0,0,1,1,TaskSwitchPedal,0.000000,1
20261007T102252334Z_a2ac4ef9bb5b432c8b5db52d721e2425,,,1,1004,2026-10-07T10:23:51.8094768Z,59.464208,57.461993,3633,1,0,WaitingForPhaseBoundary,0,0,TaskSwitchDisplay,1,,Joystick,0.100000,0.000000,0.000000,0.000000,-1.000000,JoyStick1LeftSlider,0.000000,0.000000,0.000000,0.000000,0.000000,0.000000,0.000000,0.000000,0.000000,0.000000,3633,1,0.000000,0,0,0,1,1,TaskSwitchPedal,0.000000,1
20261007T102252334Z_a2ac4ef9bb5b432c8b5db52d721e2425,,,1,1005,2026-10-07T10:23:51.8678023Z,59.521637,57.519425,3637,1,0,WaitingForPhaseBoundary,0,0,TaskSwitchDisplay,1,,Joystick,0.100000,0.000000,0.000000,0.000000,-1.000000,JoyStick1LeftSlider,0.000000,0.000000,0.000000,0.000000,0.000000,0.000000,0.000000,0.000000,0.000000,0.000000,3637,1,0.000000,0,0,0,1,1,TaskSwitchPedal,0.000000,1
20261007T102252334Z_a2ac4ef9bb5b432c8b5db52d721e2425,,,1,1006,2026-10-07T10:23:51.9210594Z,59.575110,57.573580,3641,1,0,WaitingForPhaseBoundary,0,0,TaskSwitchDisplay,1,,Joystick,0.100000,0.000000,0.000000,0.000000,-1.000000,JoyStick1LeftSlider,0.000000,0.000000,0.000000,0.000000,0.000000,0.000000,0.000000,0.000000,0.000000,0.000000,3640,0,0.000000,0,0,0,1,1,TaskSwitchPedal,0.000000,1
20261007T102252334Z_a2ac4ef9bb5b432c8b5db52d721e2425,,,1,1007,2026-10-07T10:23:51.9965790Z,59.650096,57.639642,3645,1,0,WaitingForPhaseBoundary,0,0,TaskSwitchDisplay,1,,Joystick,0.100000,0.000000,0.000000,0.000000,-1.000000,JoyStick1LeftSlider,0.000000,0.000000,0.000000,0.000000,0.000000,0.000000,0.000000,0.000000,0.000000,0.000000,3645,1,0.000000,0,0,0,1,1,TaskSwitchPedal,0.000000,1
20261007T102252334Z_a2ac4ef9bb5b432c8b5db52d721e2425,,,1,1008,2026-10-07T10:23:52.0466088Z,59.700533,57.698340,3648,1,0,WaitingForPhaseBoundary,0,0,TaskSwitchDisplay,1,,Joystick,0.100000,0.000000,0.000000,0.000000,-1.000000,JoyStick1LeftSlider,0.000000,0.000000,0.000000,0.000000,0.000000,0.000000,0.000000,0.000000,0.000000,0.000000,3648,1,0.000000,0,0,0,1,1,TaskSwitchPedal,0.000000,1
20261007T102252334Z_a2ac4ef9bb5b432c8b5db52d721e2425,,,1,1009,2026-10-07T10:23:52.1120858Z,59.765662,57.762917,3652,1,0,WaitingForPhaseBoundary,0,0,TaskSwitchDisplay,1,,Joystick,0.100000,0.000000,0.000000,0.000000,-1.000000,JoyStick1LeftSlider,0.000000,0.000000,0.000000,0.000000,0.000000,0.000000,0.000000,0.000000,0.000000,0.000000,3652,1,0.000000,0,0,0,1,1,TaskSwitchPedal,0.000000,1
20261007T102252334Z_a2ac4ef9bb5b432c8b5db52d721e2425,,,1,1010,2026-10-07T10:23:52.1625773Z,59.816163,57.814583,3655,1,0,WaitingForPhaseBoundary,0,0,TaskSwitchDisplay,1,,Joystick,0.100000,0.000000,0.000000,0.000000,-1.000000,JoyStick1LeftSlider,0.000000,0.000000,0.000000,0.000000,0.000000,0.000000,0.000000,0.000000,0.000000,0.000000,3654,0,0.000000,0,0,0,1,1,TaskSwitchPedal,0.000000,1
20261007T102252334Z_a2ac4ef9bb5b432c8b5db52d721e2425,,,1,1011,2026-10-07T10:23:52.2163615Z,59.869776,57.867358,3658,1,0,WaitingForPhaseBoundary,0,0,TaskSwitchDisplay,1,,Joystick,0.100000,0.000000,0.000000,0.000000,-1.000000,JoyStick1LeftSlider,0.000000,0.000000,0.000000,0.000000,0.000000,0.000000,0.000000,0.000000,0.000000,0.000000,3658,1,0.000000,0,0,0,1,1,TaskSwitchPedal,0.000000,1
20261007T102252334Z_a2ac4ef9bb5b432c8b5db52d721e2425,,,1,1012,2026-10-07T10:23:52.2737427Z,59.927988,57.925410,3661,1,0,WaitingForPhaseBoundary,0,0,TaskSwitchDisplay,1,,Joystick,0.100000,0.000000,0.000000,0.000000,-1.000000,JoyStick1LeftSlider,0.000000,0.000000,0.000000,0.000000,0.000000,0.000000,0.000000,0.000000,0.000000,0.000000,3661,1,0.000000,0,0,0,1,1,TaskSwitchPedal,0.000000,1
20261007T102252334Z_a2ac4ef9bb5b432c8b5db52d721e2425,,,1,1013,2026-10-07T10:23:52.3323002Z,59.986342,57.983793,3665,1,0,WaitingForPhaseBoundary,0,0,TaskSwitchDisplay,1,,Joystick,0.100000,0.000000,0.000000,0.000000,-1.000000,JoyStick1LeftSlider,0.000000,0.000000,0.000000,0.000000,0.000000,0.000000,0.000000,0.000000,0.000000,0.000000,3665,1,0.000000,0,0,0,1,1,TaskSwitchPedal,0.000000,1
20261007T102252334Z_a2ac4ef9bb5b432c8b5db52d721e2425,,,1,1014,2026-10-07T10:23:52.3997543Z,60.053857,58.051419,3669,1,0,WaitingForPhaseBoundary,0,0,TaskSwitchDisplay,1,,Joystick,0.100000,0.000000,0.000000,0.000000,-1.000000,JoyStick1LeftSlider,0.000000,0.000000,0.000000,0.000000,0.000000,0.000000,0.000000,0.000000,0.000000,0.000000,3669,1,0.000000,0,0,0,1,1,TaskSwitchPedal,0.000000,1
20261007T102252334Z_a2ac4ef9bb5b432c8b5db52d721e2425,,,1,1015,2026-10-07T10:23:52.4548594Z,60.109016,58.106642,3672,1,0,WaitingForPhaseBoundary,0,0,TaskSwitchDisplay,1,,Joystick,0.100000,0.000000,0.000000,0.000000,-1.000000,JoyStick1LeftSlider,0.000000,0.000000,0.000000,0.000000,0.000000,0.000000,0.000000,0.000000,0.000000,0.000000,3672,1,0.000000,0,0,0,1,1,TaskSwitchPedal,0.000000,1
20261007T102252334Z_a2ac4ef9bb5b432c8b5db52d721e2425,,,1,1016,2026-10-07T10:23:52.5143950Z,60.168107,58.165557,3675,1,0,WaitingForPhaseBoundary,0,0,TaskSwitchDisplay,1,,Joystick,0.100000,0.000000,0.000000,0.000000,-1.000000,JoyStick1LeftSlider,0.000000,0.000000,0.000000,0.000000,0.000000,0.000000,0.000000,0.000000,0.000000,0.000000,3675,1,0.000000,0,0,0,1,1,TaskSwitchPedal,0.000000,1
20261007T102252334Z_a2ac4ef9bb5b432c8b5db52d721e2425,,,1,1017,2026-10-07T10:23:52.5757540Z,60.229562,58.227262,3679,1,0,WaitingForPhaseBoundary,0,0,TaskSwitchDisplay,1,,Joystick,0.100000,0.000000,0.000000,0.000000,-1.000000,JoyStick1LeftSlider,0.000000,0.000000,0.000000,0.000000,0.000000,0.000000,0.000000,0.000000,0.000000,0.000000,3679,1,0.000000,0,0,0,1,1,TaskSwitchPedal,0.000000,1
20261007T102252334Z_a2ac4ef9bb5b432c8b5db52d721e2425,,,1,1018,2026-10-07T10:23:52.6379746Z,60.291961,58.289418,3683,1,0,WaitingForPhaseBoundary,0,0,TaskSwitchDisplay,1,,Joystick,0.100000,0.000000,0.000000,0.000000,-1.000000,JoyStick1LeftSlider,0.000000,0.000000,0.000000,0.000000,0.000000,0.000000,0.000000,0.000000,0.000000,0.000000,3683,1,0.000000,0,0,0,1,1,TaskSwitchPedal,0.000000,1
20261007T102252334Z_a2ac4ef9bb5b432c8b5db52d721e2425,,,1,1019,2026-10-07T10:23:52.6961752Z,60.350410,58.348353,3687,1,0,WaitingForPhaseBoundary,0,0,TaskSwitchDisplay,1,,Joystick,0.100000,0.000000,0.000000,0.000000,-1.000000,JoyStick1LeftSlider,0.000000,0.000000,0.000000,0.000000,0.000000,0.000000,0.000000,0.000000,0.000000,0.000000,3687,1,0.000000,0,0,0,1,1,TaskSwitchPedal,0.000000,1
20261007T102252334Z_a2ac4ef9bb5b432c8b5db52d721e2425,,,1,1020,2026-10-07T10:23:52.7554351Z,60.408888,58.406585,3691,1,0,WaitingForPhaseBoundary,0,0,TaskSwitchDisplay,1,,Joystick,0.100000,0.000000,0.000000,0.000000,-1.000000,JoyStick1LeftSlider,0.000000,0.000000,0.000000,0.000000,0.000000,0.000000,0.000000,0.000000,0.000000,0.000000,3691,1,0.000000,0,0,0,1,1,TaskSwitchPedal,0.000000,1
20261007T102252334Z_a2ac4ef9bb5b432c8b5db52d721e2425,,,1,1021,2026-10-07T10:23:52.8160582Z,60.470396,58.467581,3695,1,0,WaitingForPhaseBoundary,0,0,TaskSwitchDisplay,1,,Joystick,0.100000,0.000000,0.000000,0.000000,-1.000000,JoyStick1LeftSlider,0.000000,0.000000,0.000000,0.000000,0.000000,0.000000,0.000000,0.000000,0.000000,0.000000,3695,1,0.000000,0,0,0,1,1,TaskSwitchPedal,0.000000,1
20261007T102252334Z_a2ac4ef9bb5b432c8b5db52d721e2425,,,1,1022,2026-10-07T10:23:52.8768827Z,60.530171,58.527465,3698,1,0,WaitingForPhaseBoundary,0,0,TaskSwitchDisplay,1,,Joystick,0.100000,0.000000,0.000000,0.000000,-1.000000,JoyStick1LeftSlider,0.000000,0.000000,0.000000,0.000000,0.000000,0.000000,0.000000,0.000000,0.000000,0.000000,3698,1,0.000000,0,0,0,1,1,TaskSwitchPedal,0.000000,1
20261007T102252334Z_a2ac4ef9bb5b432c8b5db52d721e2425,,,1,1023,2026-10-07T10:23:52.9285064Z,60.581811,58.579658,3701,1,0,WaitingForPhaseBoundary,0,0,TaskSwitchDisplay,1,,Joystick,0.100000,0.000000,0.000000,0.000000,-1.000000,JoyStick1LeftSlider,0.000000,0.000000,0.000000,0.000000,0.000000,0.000000,0.000000,0.000000,0.000000,0.000000,3701,1,0.000000,0,0,0,1,1,TaskSwitchPedal,0.000000,1
20261007T102252334Z_a2ac4ef9bb5b432c8b5db52d721e2425,,,1,1024,2026-10-07T10:23:52.9906835Z,60.645114,58.642937,3705,1,0,WaitingForPhaseBoundary,0,0,TaskSwitchDisplay,1,,Joystick,0.100000,0.000000,0.000000,0.000000,-1.000000,JoyStick1LeftSlider,0.000000,0.000000,0.000000,0.000000,0.000000,0.000000,0.000000,0.000000,0.000000,0.000000,3705,1,0.000000,0,0,0,1,1,TaskSwitchPedal,0.000000,1
20261007T102252334Z_a2ac4ef9bb5b432c8b5db52d721e2425,,,1,1025,2026-10-07T10:23:53.0465597Z,60.700844,58.698329,3708,1,0,WaitingForPhaseBoundary,0,0,TaskSwitchDisplay,1,,Joystick,0.100000,0.000000,0.000000,0.000000,-1.000000,JoyStick1LeftSlider,0.000000,0.000000,0.000000,0.000000,0.000000,0.000000,0.000000,0.000000,0.000000,0.000000,3708,1,0.000000,0,0,0,1,1,TaskSwitchPedal,0.000000,1
20261007T102252334Z_a2ac4ef9bb5b432c8b5db52d721e2425,,,1,1026,2026-10-07T10:23:53.1068345Z,60.760944,58.758697,3712,1,0,WaitingForPhaseBoundary,0,0,TaskSwitchDisplay,1,,Joystick,0.100000,0.000000,0.000000,0.000000,-1.000000,JoyStick1LeftSlider,0.000000,0.000000,0.000000,0.000000,0.000000,0.000000,0.000000,0.000000,0.000000,0.000000,3712,1,0.000000,0,0,0,1,1,TaskSwitchPedal,0.000000,1
20261007T102252334Z_a2ac4ef9bb5b432c8b5db52d721e2425,,,1,1027,2026-10-07T10:23:53.1656135Z,60.819885,58.817851,3716,1,0,WaitingForPhaseBoundary,0,0,TaskSwitchDisplay,1,,Joystick,0.100000,0.000000,0.000000,0.000000,-1.000000,JoyStick1LeftSlider,0.000000,0.000000,0.000000,0.000000,0.000000,0.000000,0.000000,0.000000,0.000000,0.000000,3716,1,0.000000,0,0,0,1,1,TaskSwitchPedal,0.000000,1
20261007T102252334Z_a2ac4ef9bb5b432c8b5db52d721e2425,,,1,1028,2026-10-07T10:23:53.2394390Z,60.892779,58.890369,3720,1,0,WaitingForPhaseBoundary,0,0,TaskSwitchDisplay,1,,Joystick,0.100000,0.000000,0.000000,0.000000,-1.000000,JoyStick1LeftSlider,0.000000,0.000000,0.000000,0.000000,0.000000,0.000000,0.000000,0.000000,0.000000,0.000000,3720,1,0.000000,0,0,0,1,1,TaskSwitchPedal,0.000000,1
20261007T102252334Z_a2ac4ef9bb5b432c8b5db52d721e2425,,,1,1029,2026-10-07T10:23:53.2991692Z,60.953365,58.950665,3723,1,0,WaitingForPhaseBoundary,0,0,TaskSwitchDisplay,1,,Joystick,0.100000,0.000000,0.000000,0.000000,-1.000000,JoyStick1LeftSlider,0.000000,0.000000,0.000000,0.000000,0.000000,0.000000,0.000000,0.000000,0.000000,0.000000,3723,1,0.000000,0,0,0,1,1,TaskSwitchPedal,0.000000,1
20261007T102252334Z_a2ac4ef9bb5b432c8b5db52d721e2425,,,1,1030,2026-10-07T10:23:53.3520630Z,61.005878,59.003644,3726,1,0,WaitingForPhaseBoundary,0,0,TaskSwitchDisplay,1,,Joystick,0.100000,0.000000,0.000000,0.000000,-1.000000,JoyStick1LeftSlider,0.000000,0.000000,0.000000,0.000000,0.000000,0.000000,0.000000,0.000000,0.000000,0.000000,3726,1,0.000000,0,0,0,1,1,TaskSwitchPedal,0.000000,1
20261007T102252334Z_a2ac4ef9bb5b432c8b5db52d721e2425,,,1,1031,2026-10-07T10:23:53.4181406Z,61.072508,59.069918,3730,1,0,WaitingForPhaseBoundary,0,0,TaskSwitchDisplay,1,,Joystick,0.100000,0.000000,0.000000,0.000000,-1.000000,JoyStick1LeftSlider,0.000000,0.000000,0.000000,0.000000,0.000000,0.000000,0.000000,0.000000,0.000000,0.000000,3730,1,0.000000,0,0,0,1,1,TaskSwitchPedal,0.000000,1
20261007T102252334Z_a2ac4ef9bb5b432c8b5db52d721e2425,,,1,1032,2026-10-07T10:23:53.4892225Z,61.143191,59.140518,3733,1,0,WaitingForPhaseBoundary,0,0,TaskSwitchDisplay,1,,Joystick,0.100000,0.000000,0.000000,0.000000,-1.000000,JoyStick1LeftSlider,0.000000,0.000000,0.000000,0.000000,0.000000,0.000000,0.000000,0.000000,0.000000,0.000000,3733,1,0.000000,0,0,0,1,1,TaskSwitchPedal,0.000000,1
20261007T102252334Z_a2ac4ef9bb5b432c8b5db52d721e2425,,,1,1033,2026-10-07T10:23:53.5609629Z,61.215637,59.213496,3736,1,0,WaitingForPhaseBoundary,0,0,TaskSwitchDisplay,1,,Joystick,0.100000,0.000000,0.000000,0.000000,-1.000000,JoyStick1LeftSlider,0.000000,0.000000,0.000000,0.000000,0.000000,0.000000,0.000000,0.000000,0.000000,0.000000,3736,1,0.000000,0,0,0,1,1,TaskSwitchPedal,0.000000,1
20261007T102252334Z_a2ac4ef9bb5b432c8b5db52d721e2425,,,1,1034,2026-10-07T10:23:53.6307771Z,61.285008,59.281000,3739,1,0,WaitingForPhaseBoundary,0,0,TaskSwitchDisplay,1,,Joystick,0.100000,0.000000,0.000000,0.000000,-1.000000,JoyStick1LeftSlider,0.000000,0.000000,0.000000,0.000000,0.000000,0.000000,0.000000,0.000000,0.000000,0.000000,3739,1,0.000000,0,0,0,1,1,TaskSwitchPedal,0.000000,1
20261007T102252334Z_a2ac4ef9bb5b432c8b5db52d721e2425,,,1,1035,2026-10-07T10:23:53.6839124Z,61.337377,59.335644,3742,1,0,WaitingForPhaseBoundary,0,0,TaskSwitchDisplay,1,,Joystick,0.100000,0.000000,0.000000,0.000000,-1.000000,JoyStick1LeftSlider,0.000000,0.000000,0.000000,0.000000,0.000000,0.000000,0.000000,0.000000,0.000000,0.000000,3741,0,0.000000,0,0,0,1,1,TaskSwitchPedal,0.000000,1
20261007T102252334Z_a2ac4ef9bb5b432c8b5db52d721e2425,,,1,1036,2026-10-07T10:23:53.7429248Z,61.396496,59.394479,3745,1,0,WaitingForPhaseBoundary,0,0,TaskSwitchDisplay,1,,Joystick,0.100000,0.000000,0.000000,0.000000,-1.000000,JoyStick1LeftSlider,0.000000,0.000000,0.000000,0.000000,0.000000,0.000000,0.000000,0.000000,0.000000,0.000000,3745,1,0.000000,0,0,0,1,1,TaskSwitchPedal,0.000000,1
20261007T102252334Z_a2ac4ef9bb5b432c8b5db52d721e2425,,,1,1037,2026-10-07T10:23:53.7930033Z,61.446508,59.444097,3748,1,0,WaitingForPhaseBoundary,0,0,TaskSwitchDisplay,1,,Joystick,0.100000,0.000000,0.000000,0.000000,-1.000000,JoyStick1LeftSlider,0.000000,0.000000,0.000000,0.000000,0.000000,0.000000,0.000000,0.000000,0.000000,0.000000,3748,1,0.000000,0,0,0,1,1,TaskSwitchPedal,0.000000,1
20261007T102252334Z_a2ac4ef9bb5b432c8b5db52d721e2425,,,1,1038,2026-10-07T10:23:53.8581159Z,61.512412,59.510178,3752,1,0,WaitingForPhaseBoundary,0,0,TaskSwitchDisplay,1,,Joystick,0.100000,0.000000,0.000000,0.000000,-1.000000,JoyStick1LeftSlider,0.000000,0.000000,0.000000,0.000000,0.000000,0.000000,0.000000,0.000000,0.000000,0.000000,3752,1,0.000000,0,0,0,1,1,TaskSwitchPedal,0.000000,1
20261007T102252334Z_a2ac4ef9bb5b432c8b5db52d721e2425,,,1,1039,2026-10-07T10:23:53.9371182Z,61.590454,59.587036,3755,1,0,WaitingForPhaseBoundary,0,0,TaskSwitchDisplay,1,,Joystick,0.100000,0.000000,0.000000,0.000000,-1.000000,JoyStick1LeftSlider,0.000000,0.000000,0.000000,0.000000,0.000000,0.000000,0.000000,0.000000,0.000000,0.000000,3755,1,0.000000,0,0,0,1,1,TaskSwitchPedal,0.000000,1
20261007T102252334Z_a2ac4ef9bb5b432c8b5db52d721e2425,,,1,1040,2026-10-07T10:23:54.0044434Z,61.657880,59.655318,3758,1,0,WaitingForPhaseBoundary,0,0,TaskSwitchDisplay,1,,Joystick,0.100000,0.000000,0.000000,0.000000,-1.000000,JoyStick1LeftSlider,0.000000,0.000000,0.000000,0.000000,0.000000,0.000000,0.000000,0.000000,0.000000,0.000000,3758,1,0.000000,0,0,0,1,1,TaskSwitchPedal,0.000000,1
20261007T102252334Z_a2ac4ef9bb5b432c8b5db52d721e2425,,,1,1041,2026-10-07T10:23:54.0569935Z,61.710343,59.708190,3761,1,0,WaitingForPhaseBoundary,0,0,TaskSwitchDisplay,1,,Joystick,0.100000,0.000000,0.000000,0.000000,-1.000000,JoyStick1LeftSlider,0.000000,0.000000,0.000000,0.000000,0.000000,0.000000,0.000000,0.000000,0.000000,0.000000,3761,1,0.000000,0,0,0,1,1,TaskSwitchPedal,0.000000,1
20261007T102252334Z_a2ac4ef9bb5b432c8b5db52d721e2425,,,1,1042,2026-10-07T10:23:54.1120684Z,61.766241,59.763699,3764,1,0,WaitingForPhaseBoundary,0,0,TaskSwitchDisplay,1,,Joystick,0.100000,0.000000,0.000000,0.000000,-1.000000,JoyStick1LeftSlider,0.000000,0.000000,0.000000,0.000000,0.000000,0.000000,0.000000,0.000000,0.000000,0.000000,3764,1,0.000000,0,0,0,1,1,TaskSwitchPedal,0.000000,1
20261007T102252334Z_a2ac4ef9bb5b432c8b5db52d721e2425,,,1,1043,2026-10-07T10:23:54.1679799Z,61.822450,59.820394,3767,1,0,WaitingForPhaseBoundary,0,0,TaskSwitchDisplay,1,,Joystick,0.100000,0.000000,0.000000,0.000000,-1.000000,JoyStick1LeftSlider,0.000000,0.000000,0.000000,0.000000,0.000000,0.000000,0.000000,0.000000,0.000000,0.000000,3767,1,0.000000,0,0,0,1,1,TaskSwitchPedal,0.000000,1
20261007T102252334Z_a2ac4ef9bb5b432c8b5db52d721e2425,,,1,1044,2026-10-07T10:23:54.2232523Z,61.876972,59.875053,3770,1,0,WaitingForPhaseBoundary,0,0,TaskSwitchDisplay,1,,Joystick,0.100000,0.000000,0.000000,0.000000,-1.000000,JoyStick1LeftSlider,0.000000,0.000000,0.000000,0.000000,0.000000,0.000000,0.000000,0.000000,0.000000,0.000000,3769,0,0.000000,0,0,0,1,1,TaskSwitchPedal,0.000000,1
20261007T102252334Z_a2ac4ef9bb5b432c8b5db52d721e2425,,,1,1045,2026-10-07T10:23:54.2808878Z,61.934348,59.932511,3773,1,0,WaitingForPhaseBoundary,0,0,TaskSwitchDisplay,1,,Joystick,0.100000,0.000000,0.000000,0.000000,-1.000000,JoyStick1LeftSlider,0.000000,0.000000,0.000000,0.000000,0.000000,0.000000,0.000000,0.000000,0.000000,0.000000,3773,1,0.000000,0,0,0,1,1,TaskSwitchPedal,0.000000,1
20261007T102252334Z_a2ac4ef9bb5b432c8b5db52d721e2425,,,1,1046,2026-10-07T10:23:54.3425167Z,61.996754,59.995336,3777,1,0,WaitingForPhaseBoundary,0,0,TaskSwitchDisplay,1,,Joystick,0.100000,0.000000,0.000000,0.000000,-1.000000,JoyStick1LeftSlider,0.000000,0.000000,0.000000,0.000000,0.000000,0.000000,0.000000,0.000000,0.000000,0.000000,3776,0,0.000000,0,0,0,1,1,TaskSwitchPedal,0.000000,1
20261007T102252334Z_a2ac4ef9bb5b432c8b5db52d721e2425,,,1,1047,2026-10-07T10:23:54.4071316Z,62.060565,60.058610,3781,1,0,WaitingForPhaseBoundary,0,0,TaskSwitchDisplay,1,,Joystick,0.100000,0.000000,0.000000,0.000000,-1.000000,JoyStick1LeftSlider,0.000000,0.000000,0.000000,0.000000,0.000000,0.000000,0.000000,0.000000,0.000000,0.000000,3781,1,0.000000,0,0,0,1,1,TaskSwitchPedal,0.000000,1
20261007T102252334Z_a2ac4ef9bb5b432c8b5db52d721e2425,,,1,1048,2026-10-07T10:23:54.4793960Z,62.134200,60.132060,3784,1,0,WaitingForPhaseBoundary,0,0,TaskSwitchDisplay,1,,Joystick,0.100000,0.000000,0.000000,0.000000,-1.000000,JoyStick1LeftSlider,0.000000,0.000000,0.000000,0.000000,0.000000,0.000000,0.000000,0.000000,0.000000,0.000000,3784,1,0.000000,0,0,0,1,1,TaskSwitchPedal,0.000000,1
20261007T102252334Z_a2ac4ef9bb5b432c8b5db52d721e2425,,,1,1049,2026-10-07T10:23:54.5323209Z,62.186762,60.184796,3787,1,0,WaitingForPhaseBoundary,0,0,TaskSwitchDisplay,1,,Joystick,0.100000,0.000000,0.000000,0.000000,-1.000000,JoyStick1LeftSlider,0.000000,0.000000,0.000000,0.000000,0.000000,0.000000,0.000000,0.000000,0.000000,0.000000,3787,1,0.000000,0,0,0,1,1,TaskSwitchPedal,0.000000,1
20261007T102252334Z_a2ac4ef9bb5b432c8b5db52d721e2425,,,1,1050,2026-10-07T10:23:54.5862613Z,62.240668,60.238492,3791,1,0,WaitingForPhaseBoundary,0,0,TaskSwitchDisplay,1,,Joystick,0.100000,0.000000,0.000000,0.000000,-1.000000,JoyStick1LeftSlider,0.000000,0.000000,0.000000,0.000000,0.000000,0.000000,0.000000,0.000000,0.000000,0.000000,3791,1,0.000000,0,0,0,1,1,TaskSwitchPedal,0.000000,1
20261007T102252334Z_a2ac4ef9bb5b432c8b5db52d721e2425,,,1,1051,2026-10-07T10:23:54.6429068Z,62.296586,60.295149,3795,1,0,WaitingForPhaseBoundary,0,0,TaskSwitchDisplay,1,,Joystick,0.100000,0.000000,0.000000,0.000000,-1.000000,JoyStick1LeftSlider,0.000000,0.000000,0.000000,0.000000,0.000000,0.000000,0.000000,0.000000,0.000000,0.000000,3794,0,0.000000,0,0,0,1,1,TaskSwitchPedal,0.000000,1
20261007T102252334Z_a2ac4ef9bb5b432c8b5db52d721e2425,,,1,1052,2026-10-07T10:23:54.6962850Z,62.350310,60.347314,3799,1,0,WaitingForPhaseBoundary,0,0,TaskSwitchDisplay,1,,Joystick,0.100000,0.000000,0.000000,0.000000,-1.000000,JoyStick1LeftSlider,0.000000,0.000000,0.000000,0.000000,0.000000,0.000000,0.000000,0.000000,0.000000,0.000000,3799,1,0.000000,0,0,0,1,1,TaskSwitchPedal,0.000000,1
20261007T102252334Z_a2ac4ef9bb5b432c8b5db52d721e2425,,,1,1053,2026-10-07T10:23:54.7544074Z,62.408288,60.405508,3802,1,0,WaitingForPhaseBoundary,0,0,TaskSwitchDisplay,1,,Joystick,0.100000,0.000000,0.000000,0.000000,-1.000000,JoyStick1LeftSlider,0.000000,0.000000,0.000000,0.000000,0.000000,0.000000,0.000000,0.000000,0.000000,0.000000,3802,1,0.000000,0,0,0,1,1,TaskSwitchPedal,0.000000,1
20261007T102252334Z_a2ac4ef9bb5b432c8b5db52d721e2425,,,1,1054,2026-10-07T10:23:54.8067140Z,62.460958,60.458415,3805,1,0,WaitingForPhaseBoundary,0,0,TaskSwitchDisplay,1,,Joystick,0.100000,0.000000,0.000000,0.000000,-1.000000,JoyStick1LeftSlider,0.000000,0.000000,0.000000,0.000000,0.000000,0.000000,0.000000,0.000000,0.000000,0.000000,3805,1,0.000000,0,0,0,1,1,TaskSwitchPedal,0.000000,1
20261007T102252334Z_a2ac4ef9bb5b432c8b5db52d721e2425,,,1,1055,2026-10-07T10:23:54.8728015Z,62.526230,60.524004,3809,1,0,WaitingForPhaseBoundary,0,0,TaskSwitchDisplay,1,,Joystick,0.100000,0.000000,0.000000,0.000000,-1.000000,JoyStick1LeftSlider,0.000000,0.000000,0.000000,0.000000,0.000000,0.000000,0.000000,0.000000,0.000000,0.000000,3809,1,0.000000,0,0,0,1,1,TaskSwitchPedal,0.000000,1
20261007T102252334Z_a2ac4ef9bb5b432c8b5db52d721e2425,,,1,1056,2026-10-07T10:23:54.9333382Z,62.587539,60.585514,3813,1,0,WaitingForPhaseBoundary,0,0,TaskSwitchDisplay,1,,Joystick,0.100000,0.000000,0.000000,0.000000,-1.000000,JoyStick1LeftSlider,0.000000,0.000000,0.000000,0.000000,0.000000,0.000000,0.000000,0.000000,0.000000,0.000000,3813,1,0.000000,0,0,0,1,1,TaskSwitchPedal,0.000000,1
20261007T102252334Z_a2ac4ef9bb5b432c8b5db52d721e2425,,,1,1057,2026-10-07T10:23:54.9870924Z,62.640712,60.638036,3817,1,0,WaitingForPhaseBoundary,0,0,TaskSwitchDisplay,1,,Joystick,0.100000,0.000000,0.000000,0.000000,-1.000000,JoyStick1LeftSlider,0.000000,0.000000,0.000000,0.000000,0.000000,0.000000,0.000000,0.000000,0.000000,0.000000,3817,1,0.000000,0,0,0,1,1,TaskSwitchPedal,0.000000,1
20261007T102252334Z_a2ac4ef9bb5b432c8b5db52d721e2425,,,1,1058,2026-10-07T10:23:55.0368805Z,62.690991,60.688846,3821,1,0,WaitingForPhaseBoundary,0,0,TaskSwitchDisplay,1,,Joystick,0.100000,0.000000,0.000000,0.000000,-1.000000,JoyStick1LeftSlider,0.000000,0.000000,0.000000,0.000000,0.000000,0.000000,0.000000,0.000000,0.000000,0.000000,3821,1,0.000000,0,0,0,1,1,TaskSwitchPedal,0.000000,1
20261007T102252334Z_a2ac4ef9bb5b432c8b5db52d721e2425,,,1,1059,2026-10-07T10:23:55.0919649Z,62.745562,60.743293,3825,1,0,WaitingForPhaseBoundary,0,0,TaskSwitchDisplay,1,,Joystick,0.100000,0.000000,0.000000,0.000000,-1.000000,JoyStick1LeftSlider,0.000000,0.000000,0.000000,0.000000,0.000000,0.000000,0.000000,0.000000,0.000000,0.000000,3825,1,0.000000,0,0,0,1,1,TaskSwitchPedal,0.000000,1
20261007T102252334Z_a2ac4ef9bb5b432c8b5db52d721e2425,,,1,1060,2026-10-07T10:23:55.1547450Z,62.809069,60.806786,3829,1,0,WaitingForPhaseBoundary,0,0,TaskSwitchDisplay,1,,Joystick,0.100000,0.000000,0.000000,0.000000,-1.000000,JoyStick1LeftSlider,0.000000,0.000000,0.000000,0.000000,0.000000,0.000000,0.000000,0.000000,0.000000,0.000000,3829,1,0.000000,0,0,0,1,1,TaskSwitchPedal,0.000000,1
20261007T102252334Z_a2ac4ef9bb5b432c8b5db52d721e2425,,,1,1061,2026-10-07T10:23:55.2183077Z,62.872204,60.869744,3833,1,0,WaitingForPhaseBoundary,0,0,TaskSwitchDisplay,1,,Joystick,0.100000,0.000000,0.000000,0.000000,-1.000000,JoyStick1LeftSlider,0.000000,0.000000,0.000000,0.000000,0.000000,0.000000,0.000000,0.000000,0.000000,0.000000,3833,1,0.000000,0,0,0,1,1,TaskSwitchPedal,0.000000,1
20261007T102252334Z_a2ac4ef9bb5b432c8b5db52d721e2425,,,1,1062,2026-10-07T10:23:55.2792414Z,62.932846,60.930663,3836,1,0,WaitingForPhaseBoundary,0,0,TaskSwitchDisplay,1,,Joystick,0.100000,0.000000,0.000000,0.000000,-1.000000,JoyStick1LeftSlider,0.000000,0.000000,0.000000,0.000000,0.000000,0.000000,0.000000,0.000000,0.000000,0.000000,3836,1,0.000000,0,0,0,1,1,TaskSwitchPedal,0.000000,1
20261007T102252334Z_a2ac4ef9bb5b432c8b5db52d721e2425,,,1,1063,2026-10-07T10:23:55.3439349Z,62.998298,60.996703,3840,1,0,WaitingForPhaseBoundary,0,0,TaskSwitchDisplay,1,,Joystick,0.100000,0.000000,0.000000,0.000000,-1.000000,JoyStick1LeftSlider,0.000000,0.000000,0.000000,0.000000,0.000000,0.000000,0.000000,0.000000,0.000000,0.000000,3839,0,0.000000,0,0,0,1,1,TaskSwitchPedal,0.000000,1
20261007T102252334Z_a2ac4ef9bb5b432c8b5db52d721e2425,,,1,1064,2026-10-07T10:23:55.4085688Z,63.061953,61.059718,3844,1,0,WaitingForPhaseBoundary,0,0,TaskSwitchDisplay,1,,Joystick,0.100000,0.000000,0.000000,0.000000,-1.000000,JoyStick1LeftSlider,0.000000,0.000000,0.000000,0.000000,0.000000,0.000000,0.000000,0.000000,0.000000,0.000000,3844,1,0.000000,0,0,0,1,1,TaskSwitchPedal,0.000000,1
20261007T102252334Z_a2ac4ef9bb5b432c8b5db52d721e2425,,,1,1065,2026-10-07T10:23:55.4751165Z,63.128842,61.126749,3848,1,0,WaitingForPhaseBoundary,0,0,TaskSwitchDisplay,1,,Joystick,0.100000,0.000000,0.000000,0.000000,-1.000000,JoyStick1LeftSlider,0.000000,0.000000,0.000000,0.000000,0.000000,0.000000,0.000000,0.000000,0.000000,0.000000,3848,1,0.000000,0,0,0,1,1,TaskSwitchPedal,0.000000,1
20261007T102252334Z_a2ac4ef9bb5b432c8b5db52d721e2425,,,1,1066,2026-10-07T10:23:55.5310816Z,63.185421,61.183303,3851,1,0,WaitingForPhaseBoundary,0,0,TaskSwitchDisplay,1,,Joystick,0.100000,0.000000,0.000000,0.000000,-1.000000,JoyStick1LeftSlider,0.000000,0.000000,0.000000,0.000000,0.000000,0.000000,0.000000,0.000000,0.000000,0.000000,3851,1,0.000000,0,0,0,1,1,TaskSwitchPedal,0.000000,1
20261007T102252334Z_a2ac4ef9bb5b432c8b5db52d721e2425,,,1,1067,2026-10-07T10:23:55.5834239Z,63.237504,61.236003,3854,1,0,WaitingForPhaseBoundary,0,0,TaskSwitchDisplay,1,,Joystick,0.100000,0.000000,0.000000,0.000000,-1.000000,JoyStick1LeftSlider,0.000000,0.000000,0.000000,0.000000,0.000000,0.000000,0.000000,0.000000,0.000000,0.000000,3853,0,0.000000,0,0,0,1,1,TaskSwitchPedal,0.000000,1
20261007T102252334Z_a2ac4ef9bb5b432c8b5db52d721e2425,,,1,1068,2026-10-07T10:23:55.6481139Z,63.301439,61.299218,3858,1,0,WaitingForPhaseBoundary,0,0,TaskSwitchDisplay,1,,Joystick,0.100000,0.000000,0.000000,0.000000,-1.000000,JoyStick1LeftSlider,0.000000,0.000000,0.000000,0.000000,0.000000,0.000000,0.000000,0.000000,0.000000,0.000000,3858,1,0.000000,0,0,0,1,1,TaskSwitchPedal,0.000000,1
20261007T102252334Z_a2ac4ef9bb5b432c8b5db52d721e2425,,,1,1069,2026-10-07T10:23:55.7079582Z,63.361729,61.359643,3862,1,0,WaitingForPhaseBoundary,0,0,TaskSwitchDisplay,1,,Joystick,0.100000,0.000000,0.000000,0.000000,-1.000000,JoyStick1LeftSlider,0.000000,0.000000,0.000000,0.000000,0.000000,0.000000,0.000000,0.000000,0.000000,0.000000,3862,1,0.000000,0,0,0,1,1,TaskSwitchPedal,0.000000,1
20261007T102252334Z_a2ac4ef9bb5b432c8b5db52d721e2425,,,1,1070,2026-10-07T10:23:55.7793475Z,63.432901,61.430104,3866,1,0,WaitingForPhaseBoundary,0,0,TaskSwitchDisplay,1,,Joystick,0.100000,0.000000,0.000000,0.000000,-1.000000,JoyStick1LeftSlider,0.000000,0.000000,0.000000,0.000000,0.000000,0.000000,0.000000,0.000000,0.000000,0.000000,3866,1,0.000000,0,0,0,1,1,TaskSwitchPedal,0.000000,1
20261007T102252334Z_a2ac4ef9bb5b432c8b5db52d721e2425,,,1,1071,2026-10-07T10:23:55.8368780Z,63.490807,61.488591,3869,1,0,WaitingForPhaseBoundary,0,0,TaskSwitchDisplay,1,,Joystick,0.100000,0.000000,0.000000,0.000000,-1.000000,JoyStick1LeftSlider,0.000000,0.000000,0.000000,0.000000,0.000000,0.000000,0.000000,0.000000,0.000000,0.000000,3869,1,0.000000,0,0,0,1,1,TaskSwitchPedal,0.000000,1
20261007T102252334Z_a2ac4ef9bb5b432c8b5db52d721e2425,,,1,1072,2026-10-07T10:23:55.8960548Z,63.549973,61.547766,3873,1,0,WaitingForPhaseBoundary,0,0,TaskSwitchDisplay,1,,Joystick,0.100000,0.000000,0.000000,0.000000,-1.000000,JoyStick1LeftSlider,0.000000,0.000000,0.000000,0.000000,0.000000,0.000000,0.000000,0.000000,0.000000,0.000000,3873,1,0.000000,0,0,0,1,1,TaskSwitchPedal,0.000000,1
20261007T102252334Z_a2ac4ef9bb5b432c8b5db52d721e2425,,,1,1073,2026-10-07T10:23:55.9466420Z,63.600196,61.598067,3876,1,0,WaitingForPhaseBoundary,0,0,TaskSwitchDisplay,1,,Joystick,0.100000,0.000000,0.000000,0.000000,-1.000000,JoyStick1LeftSlider,0.000000,0.000000,0.000000,0.000000,0.000000,0.000000,0.000000,0.000000,0.000000,0.000000,3876,1,0.000000,0,0,0,1,1,TaskSwitchPedal,0.000000,1
20261007T102252334Z_a2ac4ef9bb5b432c8b5db52d721e2425,,,1,1074,2026-10-07T10:23:56.0089971Z,63.662726,61.660340,3880,1,0,WaitingForPhaseBoundary,0,0,TaskSwitchDisplay,1,,Joystick,0.100000,0.000000,0.000000,0.000000,-1.000000,JoyStick1LeftSlider,0.000000,0.000000,0.000000,0.000000,0.000000,0.000000,0.000000,0.000000,0.000000,0.000000,3880,1,0.000000,0,0,0,1,1,TaskSwitchPedal,0.000000,1
20261007T102252334Z_a2ac4ef9bb5b432c8b5db52d721e2425,,,1,1075,2026-10-07T10:23:56.0716063Z,63.725223,61.722395,3884,1,0,WaitingForPhaseBoundary,0,0,TaskSwitchDisplay,1,,Joystick,0.100000,0.000000,0.000000,0.000000,-1.000000,JoyStick1LeftSlider,0.000000,0.000000,0.000000,0.000000,0.000000,0.000000,0.000000,0.000000,0.000000,0.000000,3884,1,0.000000,0,0,0,1,1,TaskSwitchPedal,0.000000,1
20261007T102252334Z_a2ac4ef9bb5b432c8b5db52d721e2425,,,1,1076,2026-10-07T10:23:56.1388984Z,63.792670,61.790473,3888,1,0,WaitingForPhaseBoundary,0,0,TaskSwitchDisplay,1,,Joystick,0.100000,0.000000,0.000000,0.000000,-1.000000,JoyStick1LeftSlider,0.000000,0.000000,0.000000,0.000000,0.000000,0.000000,0.000000,0.000000,0.000000,0.000000,3888,1,0.000000,0,0,0,1,1,TaskSwitchPedal,0.000000,1
20261007T102252334Z_a2ac4ef9bb5b432c8b5db52d721e2425,,,1,1077,2026-10-07T10:23:56.2027131Z,63.856811,61.855365,3892,1,0,WaitingForPhaseBoundary,0,0,TaskSwitchDisplay,1,,Joystick,0.100000,0.000000,0.000000,0.000000,-1.000000,JoyStick1LeftSlider,0.000000,0.000000,0.000000,0.000000,0.000000,0.000000,0.000000,0.000000,0.000000,0.000000,3891,0,0.000000,0,0,0,1,1,TaskSwitchPedal,0.000000,1
20261007T102252334Z_a2ac4ef9bb5b432c8b5db52d721e2425,,,1,1078,2026-10-07T10:23:56.2663636Z,63.920269,61.917796,3896,1,0,WaitingForPhaseBoundary,0,0,TaskSwitchDisplay,1,,Joystick,0.100000,0.000000,0.000000,0.000000,-1.000000,JoyStick1LeftSlider,0.000000,0.000000,0.000000,0.000000,0.000000,0.000000,0.000000,0.000000,0.000000,0.000000,3896,1,0.000000,0,0,0,1,1,TaskSwitchPedal,0.000000,1
20261007T102252334Z_a2ac4ef9bb5b432c8b5db52d721e2425,,,1,1079,2026-10-07T10:23:56.3251767Z,63.979542,61.976927,3899,1,0,WaitingForPhaseBoundary,0,0,TaskSwitchDisplay,1,,Joystick,0.100000,0.000000,0.000000,0.000000,-1.000000,JoyStick1LeftSlider,0.000000,0.000000,0.000000,0.000000,0.000000,0.000000,0.000000,0.000000,0.000000,0.000000,3899,1,0.000000,0,0,0,1,1,TaskSwitchPedal,0.000000,1
20261007T102252334Z_a2ac4ef9bb5b432c8b5db52d721e2425,,,1,1080,2026-10-07T10:23:56.3761978Z,64.030358,62.027831,3901,1,0,WaitingForPhaseBoundary,0,0,TaskSwitchDisplay,1,,Joystick,0.100000,0.000000,0.000000,0.000000,-1.000000,JoyStick1LeftSlider,0.000000,0.000000,0.000000,0.000000,0.000000,0.000000,0.000000,0.000000,0.000000,0.000000,3901,1,0.000000,0,0,0,1,1,TaskSwitchPedal,0.000000,1
20261007T102252334Z_a2ac4ef9bb5b432c8b5db52d721e2425,,,1,1081,2026-10-07T10:23:56.4413248Z,64.094975,62.092770,3904,1,0,WaitingForPhaseBoundary,0,0,TaskSwitchDisplay,1,,Joystick,0.100000,0.000000,0.000000,0.000000,-1.000000,JoyStick1LeftSlider,0.000000,0.000000,0.000000,0.000000,0.000000,0.000000,0.000000,0.000000,0.000000,0.000000,3904,1,0.000000,0,0,0,1,1,TaskSwitchPedal,0.000000,1
20261007T102252334Z_a2ac4ef9bb5b432c8b5db52d721e2425,,,1,1082,2026-10-07T10:23:56.4987408Z,64.152069,62.149913,3907,1,0,WaitingForPhaseBoundary,0,0,TaskSwitchDisplay,1,,Joystick,0.100000,0.000000,0.000000,0.000000,-1.000000,JoyStick1LeftSlider,0.000000,0.000000,0.000000,0.000000,0.000000,0.000000,0.000000,0.000000,0.000000,0.000000,3907,1,0.000000,0,0,0,1,1,TaskSwitchPedal,0.000000,1
20261007T102252334Z_a2ac4ef9bb5b432c8b5db52d721e2425,,,1,1083,2026-10-07T10:23:56.5507075Z,64.205303,62.203173,3910,1,0,WaitingForPhaseBoundary,0,0,TaskSwitchDisplay,1,,Joystick,0.100000,0.000000,0.000000,0.000000,-1.000000,JoyStick1LeftSlider,0.000000,0.000000,0.000000,0.000000,0.000000,0.000000,0.000000,0.000000,0.000000,0.000000,3910,1,0.000000,0,0,0,1,1,TaskSwitchPedal,0.000000,1
20261007T102252334Z_a2ac4ef9bb5b432c8b5db52d721e2425,,,1,1084,2026-10-07T10:23:56.6128043Z,64.266464,62.264315,3914,1,0,WaitingForPhaseBoundary,0,0,TaskSwitchDisplay,1,,Joystick,0.100000,0.000000,0.000000,0.000000,-1.000000,JoyStick1LeftSlider,0.000000,0.000000,0.000000,0.000000,0.000000,0.000000,0.000000,0.000000,0.000000,0.000000,3914,1,0.000000,0,0,0,1,1,TaskSwitchPedal,0.000000,1
20261007T102252334Z_a2ac4ef9bb5b432c8b5db52d721e2425,,,1,1085,2026-10-07T10:23:56.6735097Z,64.327117,62.325016,3917,1,0,WaitingForPhaseBoundary,0,0,TaskSwitchDisplay,1,,Joystick,0.100000,0.000000,0.000000,0.000000,-1.000000,JoyStick1LeftSlider,0.000000,0.000000,0.000000,0.000000,0.000000,0.000000,0.000000,0.000000,0.000000,0.000000,3917,1,0.000000,0,0,0,1,1,TaskSwitchPedal,0.000000,1
20261007T102252334Z_a2ac4ef9bb5b432c8b5db52d721e2425,,,1,1086,2026-10-07T10:23:56.7334956Z,64.387130,62.385110,3921,1,0,WaitingForPhaseBoundary,0,0,TaskSwitchDisplay,1,,Joystick,0.100000,0.000000,0.000000,0.000000,-1.000000,JoyStick1LeftSlider,0.000000,0.000000,0.000000,0.000000,0.000000,0.000000,0.000000,0.000000,0.000000,0.000000,3921,1,0.000000,0,0,0,1,1,TaskSwitchPedal,0.000000,1
20261007T102252334Z_a2ac4ef9bb5b432c8b5db52d721e2425,,,1,1087,2026-10-07T10:23:56.7957287Z,64.449754,62.447823,3924,1,0,WaitingForPhaseBoundary,0,0,TaskSwitchDisplay,1,,Joystick,0.100000,0.000000,0.000000,0.000000,-1.000000,JoyStick1LeftSlider,0.000000,0.000000,0.000000,0.000000,0.000000,0.000000,0.000000,0.000000,0.000000,0.000000,3924,1,0.000000,0,0,0,1,1,TaskSwitchPedal,0.000000,1
20261007T102252334Z_a2ac4ef9bb5b432c8b5db52d721e2425,,,1,1088,2026-10-07T10:23:56.8576000Z,64.512180,62.509953,3928,1,0,WaitingForPhaseBoundary,0,0,TaskSwitchDisplay,1,,Joystick,0.100000,0.000000,0.000000,0.000000,-1.000000,JoyStick1LeftSlider,0.000000,0.000000,0.000000,0.000000,0.000000,0.000000,0.000000,0.000000,0.000000,0.000000,3928,1,0.000000,0,0,0,1,1,TaskSwitchPedal,0.000000,1
20261007T102252334Z_a2ac4ef9bb5b432c8b5db52d721e2425,,,1,1089,2026-10-07T10:23:56.9127432Z,64.567151,62.564947,3932,1,0,WaitingForPhaseBoundary,0,0,TaskSwitchDisplay,1,,Joystick,0.100000,0.000000,0.000000,0.000000,-1.000000,JoyStick1LeftSlider,0.000000,0.000000,0.000000,0.000000,0.000000,0.000000,0.000000,0.000000,0.000000,0.000000,3932,1,0.000000,0,0,0,1,1,TaskSwitchPedal,0.000000,1
20261007T102252334Z_a2ac4ef9bb5b432c8b5db52d721e2425,,,1,1090,2026-10-07T10:23:56.9691453Z,64.623342,62.621338,3936,1,0,WaitingForPhaseBoundary,0,0,TaskSwitchDisplay,1,,Joystick,0.100000,0.000000,0.000000,0.000000,-1.000000,JoyStick1LeftSlider,0.000000,0.000000,0.000000,0.000000,0.000000,0.000000,0.000000,0.000000,0.000000,0.000000,3936,1,0.000000,0,0,0,1,1,TaskSwitchPedal,0.000000,1
20261007T102252334Z_a2ac4ef9bb5b432c8b5db52d721e2425,,,1,1091,2026-10-07T10:23:57.0222503Z,64.675945,62.674054,3940,1,0,WaitingForPhaseBoundary,0,0,TaskSwitchDisplay,1,,Joystick,0.100000,0.000000,0.000000,0.000000,-1.000000,JoyStick1LeftSlider,0.000000,0.000000,0.000000,0.000000,0.000000,0.000000,0.000000,0.000000,0.000000,0.000000,3939,0,0.000000,0,0,0,1,1,TaskSwitchPedal,0.000000,1
20261007T102252334Z_a2ac4ef9bb5b432c8b5db52d721e2425,,,1,1092,2026-10-07T10:23:57.0735615Z,64.727172,62.725176,3944,1,0,WaitingForPhaseBoundary,0,0,TaskSwitchDisplay,1,,Joystick,0.100000,0.000000,0.000000,0.000000,-1.000000,JoyStick1LeftSlider,0.000000,0.000000,0.000000,0.000000,0.000000,0.000000,0.000000,0.000000,0.000000,0.000000,3944,1,0.000000,0,0,0,1,1,TaskSwitchPedal,0.000000,1
20261007T102252334Z_a2ac4ef9bb5b432c8b5db52d721e2425,,,1,1093,2026-10-07T10:23:57.1273442Z,64.780671,62.778801,3948,1,0,WaitingForPhaseBoundary,0,0,TaskSwitchDisplay,1,,Joystick,0.100000,0.000000,0.000000,0.000000,-1.000000,JoyStick1LeftSlider,0.000000,0.000000,0.000000,0.000000,0.000000,0.000000,0.000000,0.000000,0.000000,0.000000,3948,1,0.000000,0,0,0,1,1,TaskSwitchPedal,0.000000,1
20261007T102252334Z_a2ac4ef9bb5b432c8b5db52d721e2425,,,1,1094,2026-10-07T10:23:57.1875133Z,64.841737,62.839185,3951,1,0,WaitingForPhaseBoundary,0,0,TaskSwitchDisplay,1,,Joystick,0.100000,0.000000,0.000000,0.000000,-1.000000,JoyStick1LeftSlider,0.000000,0.000000,0.000000,0.000000,0.000000,0.000000,0.000000,0.000000,0.000000,0.000000,3951,1,0.000000,0,0,0,1,1,TaskSwitchPedal,0.000000,1
20261007T102252334Z_a2ac4ef9bb5b432c8b5db52d721e2425,,,1,1095,2026-10-07T10:23:57.2496403Z,64.903410,62.900913,3955,1,0,WaitingForPhaseBoundary,0,0,TaskSwitchDisplay,1,,Joystick,0.100000,0.000000,0.000000,0.000000,-1.000000,JoyStick1LeftSlider,0.000000,0.000000,0.000000,0.000000,0.000000,0.000000,0.000000,0.000000,0.000000,0.000000,3955,1,0.000000,0,0,0,1,1,TaskSwitchPedal,0.000000,1
20261007T102252334Z_a2ac4ef9bb5b432c8b5db52d721e2425,,,1,1096,2026-10-07T10:23:57.3110399Z,64.965309,62.963515,3959,1,0,WaitingForPhaseBoundary,0,0,TaskSwitchDisplay,1,,Joystick,0.100000,0.000000,0.000000,0.000000,-1.000000,JoyStick1LeftSlider,0.000000,0.000000,0.000000,0.000000,0.000000,0.000000,0.000000,0.000000,0.000000,0.000000,3959,1,0.000000,0,0,0,1,1,TaskSwitchPedal,0.000000,1
20261007T102252334Z_a2ac4ef9bb5b432c8b5db52d721e2425,,,1,1097,2026-10-07T10:23:57.3667054Z,65.021222,63.018743,3962,1,0,WaitingForPhaseBoundary,0,0,TaskSwitchDisplay,1,,Joystick,0.100000,0.000000,0.000000,0.000000,-1.000000,JoyStick1LeftSlider,0.000000,0.000000,0.000000,0.000000,0.000000,0.000000,0.000000,0.000000,0.000000,0.000000,3962,1,0.000000,0,0,0,1,1,TaskSwitchPedal,0.000000,1
20261007T102252334Z_a2ac4ef9bb5b432c8b5db52d721e2425,,,1,1098,2026-10-07T10:23:57.4293547Z,65.082768,63.080509,3966,1,0,WaitingForPhaseBoundary,0,0,TaskSwitchDisplay,1,,Joystick,0.100000,0.000000,0.000000,0.000000,-1.000000,JoyStick1LeftSlider,0.000000,0.000000,0.000000,0.000000,0.000000,0.000000,0.000000,0.000000,0.000000,0.000000,3966,1,0.000000,0,0,0,1,1,TaskSwitchPedal,0.000000,1
20261007T102252334Z_a2ac4ef9bb5b432c8b5db52d721e2425,,,1,1099,2026-10-07T10:23:57.4909591Z,65.145357,63.143347,3970,1,0,WaitingForPhaseBoundary,0,0,TaskSwitchDisplay,1,,Joystick,0.100000,0.000000,0.000000,0.000000,-1.000000,JoyStick1LeftSlider,0.000000,0.000000,0.000000,0.000000,0.000000,0.000000,0.000000,0.000000,0.000000,0.000000,3970,1,0.000000,0,0,0,1,1,TaskSwitchPedal,0.000000,1
20261007T102252334Z_a2ac4ef9bb5b432c8b5db52d721e2425,,,1,1100,2026-10-07T10:23:57.5535115Z,65.208259,63.205903,3974,1,0,WaitingForPhaseBoundary,0,0,TaskSwitchDisplay,1,,Joystick,0.100000,0.000000,0.000000,0.000000,-1.000000,JoyStick1LeftSlider,0.000000,0.000000,0.000000,0.000000,0.000000,0.000000,0.000000,0.000000,0.000000,0.000000,3974,1,0.000000,0,0,0,1,1,TaskSwitchPedal,0.000000,1
20261007T102252334Z_a2ac4ef9bb5b432c8b5db52d721e2425,,,1,1101,2026-10-07T10:23:57.6157083Z,65.270232,63.268273,3978,1,0,WaitingForPhaseBoundary,0,0,TaskSwitchDisplay,1,,Joystick,0.100000,0.000000,0.000000,0.000000,-1.000000,JoyStick1LeftSlider,0.000000,0.000000,0.000000,0.000000,0.000000,0.000000,0.000000,0.000000,0.000000,0.000000,3978,1,0.000000,0,0,0,1,1,TaskSwitchPedal,0.000000,1
20261007T102252334Z_a2ac4ef9bb5b432c8b5db52d721e2425,,,1,1102,2026-10-07T10:23:57.6687423Z,65.322179,63.319924,3981,1,0,WaitingForPhaseBoundary,0,0,TaskSwitchDisplay,1,,Joystick,0.100000,0.000000,0.000000,0.000000,-1.000000,JoyStick1LeftSlider,0.000000,0.000000,0.000000,0.000000,0.000000,0.000000,0.000000,0.000000,0.000000,0.000000,3981,1,0.000000,0,0,0,1,1,TaskSwitchPedal,0.000000,1
20261007T102252334Z_a2ac4ef9bb5b432c8b5db52d721e2425,,,1,1103,2026-10-07T10:23:57.7308129Z,65.384319,63.382122,3985,1,0,WaitingForPhaseBoundary,0,0,TaskSwitchDisplay,1,,Joystick,0.100000,0.000000,0.000000,0.000000,-1.000000,JoyStick1LeftSlider,0.000000,0.000000,0.000000,0.000000,0.000000,0.000000,0.000000,0.000000,0.000000,0.000000,3985,1,0.000000,0,0,0,1,1,TaskSwitchPedal,0.000000,1
20261007T102252334Z_a2ac4ef9bb5b432c8b5db52d721e2425,,,1,1104,2026-10-07T10:23:57.7894645Z,65.444026,63.441744,3989,1,0,WaitingForPhaseBoundary,0,0,TaskSwitchDisplay,1,,Joystick,0.100000,0.000000,0.000000,0.000000,-1.000000,JoyStick1LeftSlider,0.000000,0.000000,0.000000,0.000000,0.000000,0.000000,0.000000,0.000000,0.000000,0.000000,3989,1,0.000000,0,0,0,1,1,TaskSwitchPedal,0.000000,1
20261007T102252334Z_a2ac4ef9bb5b432c8b5db52d721e2425,,,1,1105,2026-10-07T10:23:57.8500912Z,65.504297,63.502297,3993,1,0,WaitingForPhaseBoundary,0,0,TaskSwitchDisplay,1,,Joystick,0.100000,0.000000,0.000000,0.000000,-1.000000,JoyStick1LeftSlider,0.000000,0.000000,0.000000,0.000000,0.000000,0.000000,0.000000,0.000000,0.000000,0.000000,3993,1,0.000000,0,0,0,1,1,TaskSwitchPedal,0.000000,1
20261007T102252334Z_a2ac4ef9bb5b432c8b5db52d721e2425,,,1,1106,2026-10-07T10:23:57.9090034Z,65.563324,63.561233,3997,1,0,WaitingForPhaseBoundary,0,0,TaskSwitchDisplay,1,,Joystick,0.100000,0.000000,0.000000,0.000000,-1.000000,JoyStick1LeftSlider,0.000000,0.000000,0.000000,0.000000,0.000000,0.000000,0.000000,0.000000,0.000000,0.000000,3997,1,0.000000,0,0,0,1,1,TaskSwitchPedal,0.000000,1
20261007T102252334Z_a2ac4ef9bb5b432c8b5db52d721e2425,,,1,1107,2026-10-07T10:23:57.9711340Z,65.624589,63.622289,4001,1,0,WaitingForPhaseBoundary,0,0,TaskSwitchDisplay,1,,Joystick,0.100000,0.000000,0.000000,0.000000,-1.000000,JoyStick1LeftSlider,0.000000,0.000000,0.000000,0.000000,0.000000,0.000000,0.000000,0.000000,0.000000,0.000000,4001,1,0.000000,0,0,0,1,1,TaskSwitchPedal,0.000000,1
20261007T102252334Z_a2ac4ef9bb5b432c8b5db52d721e2425,,,1,1108,2026-10-07T10:23:58.0249489Z,65.679292,63.677362,4005,1,0,WaitingForPhaseBoundary,0,0,TaskSwitchDisplay,1,,Joystick,0.100000,0.000000,0.000000,0.000000,-1.000000,JoyStick1LeftSlider,0.000000,0.000000,0.000000,0.000000,0.000000,0.000000,0.000000,0.000000,0.000000,0.000000,4005,1,0.000000,0,0,0,1,1,TaskSwitchPedal,0.000000,1
20261007T102252334Z_a2ac4ef9bb5b432c8b5db52d721e2425,,,1,1109,2026-10-07T10:23:58.0976142Z,65.751836,63.749250,4008,1,0,WaitingForPhaseBoundary,0,0,TaskSwitchDisplay,1,,Joystick,0.100000,0.000000,0.000000,0.000000,-1.000000,JoyStick1LeftSlider,0.000000,0.000000,0.000000,0.000000,0.000000,0.000000,0.000000,0.000000,0.000000,0.000000,4008,1,0.000000,0,0,0,1,1,TaskSwitchPedal,0.000000,1
20261007T102252334Z_a2ac4ef9bb5b432c8b5db52d721e2425,,,1,1110,2026-10-07T10:23:58.1508888Z,65.804446,63.802037,4011,1,0,WaitingForPhaseBoundary,0,0,TaskSwitchDisplay,1,,Joystick,0.100000,0.000000,0.000000,0.000000,-1.000000,JoyStick1LeftSlider,0.000000,0.000000,0.000000,0.000000,0.000000,0.000000,0.000000,0.000000,0.000000,0.000000,4011,1,0.000000,0,0,0,1,1,TaskSwitchPedal,0.000000,1
20261007T102252334Z_a2ac4ef9bb5b432c8b5db52d721e2425,,,1,1111,2026-10-07T10:23:58.2144039Z,65.868056,63.865857,4015,1,0,WaitingForPhaseBoundary,0,0,TaskSwitchDisplay,1,,Joystick,0.100000,0.000000,0.000000,0.000000,-1.000000,JoyStick1LeftSlider,0.000000,0.000000,0.000000,0.000000,0.000000,0.000000,0.000000,0.000000,0.000000,0.000000,4015,1,0.000000,0,0,0,1,1,TaskSwitchPedal,0.000000,1
20261007T102252334Z_a2ac4ef9bb5b432c8b5db52d721e2425,,,1,1112,2026-10-07T10:23:58.2712466Z,65.925223,63.923150,4019,1,0,WaitingForPhaseBoundary,0,0,TaskSwitchDisplay,1,,Joystick,0.100000,0.000000,0.000000,0.000000,-1.000000,JoyStick1LeftSlider,0.000000,0.000000,0.000000,0.000000,0.000000,0.000000,0.000000,0.000000,0.000000,0.000000,4019,1,0.000000,0,0,0,1,1,TaskSwitchPedal,0.000000,1
20261007T102252334Z_a2ac4ef9bb5b432c8b5db52d721e2425,,,1,1113,2026-10-07T10:23:58.3259360Z,65.979538,63.977546,4023,1,0,WaitingForPhaseBoundary,0,0,TaskSwitchDisplay,1,,Joystick,0.100000,0.000000,0.000000,0.000000,-1.000000,JoyStick1LeftSlider,0.000000,0.000000,0.000000,0.000000,0.000000,0.000000,0.000000,0.000000,0.000000,0.000000,4023,1,0.000000,0,0,0,1,1,TaskSwitchPedal,0.000000,1
20261007T102252334Z_a2ac4ef9bb5b432c8b5db52d721e2425,,,1,1114,2026-10-07T10:23:58.3807497Z,66.035366,64.033991,4027,1,0,WaitingForPhaseBoundary,0,0,TaskSwitchDisplay,1,,Joystick,0.100000,0.000000,0.000000,0.000000,-1.000000,JoyStick1LeftSlider,0.000000,0.000000,0.000000,0.000000,0.000000,0.000000,0.000000,0.000000,0.000000,0.000000,4026,0,0.000000,0,0,0,1,1,TaskSwitchPedal,0.000000,1
20261007T102252334Z_a2ac4ef9bb5b432c8b5db52d721e2425,,,1,1115,2026-10-07T10:23:58.4346217Z,66.088403,64.086589,4031,1,0,WaitingForPhaseBoundary,0,0,TaskSwitchDisplay,1,,Joystick,0.100000,0.000000,0.000000,0.000000,-1.000000,JoyStick1LeftSlider,0.000000,0.000000,0.000000,0.000000,0.000000,0.000000,0.000000,0.000000,0.000000,0.000000,4031,1,0.000000,0,0,0,1,1,TaskSwitchPedal,0.000000,1
20261007T102252334Z_a2ac4ef9bb5b432c8b5db52d721e2425,,,1,1116,2026-10-07T10:23:58.4898684Z,66.143284,64.141338,4035,1,0,WaitingForPhaseBoundary,0,0,TaskSwitchDisplay,1,,Joystick,0.100000,0.000000,0.000000,0.000000,-1.000000,JoyStick1LeftSlider,0.000000,0.000000,0.000000,0.000000,0.000000,0.000000,0.000000,0.000000,0.000000,0.000000,4035,1,0.000000,0,0,0,1,1,TaskSwitchPedal,0.000000,1
20261007T102252334Z_a2ac4ef9bb5b432c8b5db52d721e2425,,,1,1117,2026-10-07T10:23:58.5536816Z,66.207650,64.205599,4039,1,0,WaitingForPhaseBoundary,0,0,TaskSwitchDisplay,1,,Joystick,0.100000,0.000000,0.000000,0.000000,-1.000000,JoyStick1LeftSlider,0.000000,0.000000,0.000000,0.000000,0.000000,0.000000,0.000000,0.000000,0.000000,0.000000,4039,1,0.000000,0,0,0,1,1,TaskSwitchPedal,0.000000,1
20261007T102252334Z_a2ac4ef9bb5b432c8b5db52d721e2425,,,1,1118,2026-10-07T10:23:58.6076102Z,66.262420,64.260190,4042,1,0,WaitingForPhaseBoundary,0,0,TaskSwitchDisplay,1,,Joystick,0.100000,0.000000,0.000000,0.000000,-1.000000,JoyStick1LeftSlider,0.000000,0.000000,0.000000,0.000000,0.000000,0.000000,0.000000,0.000000,0.000000,0.000000,4042,1,0.000000,0,0,0,1,1,TaskSwitchPedal,0.000000,1
20261007T102252334Z_a2ac4ef9bb5b432c8b5db52d721e2425,,,1,1119,2026-10-07T10:23:58.6680866Z,66.322553,64.320555,4045,1,0,WaitingForPhaseBoundary,0,0,TaskSwitchDisplay,1,,Joystick,0.100000,0.000000,0.000000,0.000000,-1.000000,JoyStick1LeftSlider,0.000000,0.000000,0.000000,0.000000,0.000000,0.000000,0.000000,0.000000,0.000000,0.000000,4045,1,0.000000,0,0,0,1,1,TaskSwitchPedal,0.000000,1
20261007T102252334Z_a2ac4ef9bb5b432c8b5db52d721e2425,,,1,1120,2026-10-07T10:23:58.7217959Z,66.375603,64.373896,4048,1,0,WaitingForPhaseBoundary,0,0,TaskSwitchDisplay,1,,Joystick,0.100000,0.000000,0.000000,0.000000,-1.000000,JoyStick1LeftSlider,0.000000,0.000000,0.000000,0.000000,0.000000,0.000000,0.000000,0.000000,0.000000,0.000000,4047,0,0.000000,0,0,0,1,1,TaskSwitchPedal,0.000000,1
20261007T102252334Z_a2ac4ef9bb5b432c8b5db52d721e2425,,,1,1121,2026-10-07T10:23:58.7795359Z,66.433328,64.431116,4051,1,0,WaitingForPhaseBoundary,0,0,TaskSwitchDisplay,1,,Joystick,0.100000,0.000000,0.000000,0.000000,-1.000000,JoyStick1LeftSlider,0.000000,0.000000,0.000000,0.000000,0.000000,0.000000,0.000000,0.000000,0.000000,0.000000,4051,1,0.000000,0,0,0,1,1,TaskSwitchPedal,0.000000,1
20261007T102252334Z_a2ac4ef9bb5b432c8b5db52d721e2425,,,1,1122,2026-10-07T10:23:58.8432954Z,66.496853,64.494331,4054,1,0,WaitingForPhaseBoundary,0,0,TaskSwitchDisplay,1,,Joystick,0.100000,0.000000,0.000000,0.000000,-1.000000,JoyStick1LeftSlider,0.000000,0.000000,0.000000,0.000000,0.000000,0.000000,0.000000,0.000000,0.000000,0.000000,4054,1,0.000000,0,0,0,1,1,TaskSwitchPedal,0.000000,1
20261007T102252334Z_a2ac4ef9bb5b432c8b5db52d721e2425,,,1,1123,2026-10-07T10:23:58.9049238Z,66.559185,64.556908,4057,1,0,WaitingForPhaseBoundary,0,0,TaskSwitchDisplay,1,,Joystick,0.100000,0.000000,0.000000,0.000000,-1.000000,JoyStick1LeftSlider,0.000000,0.000000,0.000000,0.000000,0.000000,0.000000,0.000000,0.000000,0.000000,0.000000,4057,1,0.000000,0,0,0,1,1,TaskSwitchPedal,0.000000,1
20261007T102252334Z_a2ac4ef9bb5b432c8b5db52d721e2425,,,1,1124,2026-10-07T10:23:58.9623455Z,66.616592,64.615106,4060,1,0,WaitingForPhaseBoundary,0,0,TaskSwitchDisplay,1,,Joystick,0.100000,0.000000,0.000000,0.000000,-1.000000,JoyStick1LeftSlider,0.000000,0.000000,0.000000,0.000000,0.000000,0.000000,0.000000,0.000000,0.000000,0.000000,4059,0,0.000000,0,0,0,1,1,TaskSwitchPedal,0.000000,1
20261007T102252334Z_a2ac4ef9bb5b432c8b5db52d721e2425,,,1,1125,2026-10-07T10:23:59.0157741Z,66.669964,64.667440,4063,1,0,WaitingForPhaseBoundary,0,0,TaskSwitchDisplay,1,,Joystick,0.100000,0.000000,0.000000,0.000000,-1.000000,JoyStick1LeftSlider,0.000000,0.000000,0.000000,0.000000,0.000000,0.000000,0.000000,0.000000,0.000000,0.000000,4063,1,0.000000,0,0,0,1,1,TaskSwitchPedal,0.000000,1
20261007T102252334Z_a2ac4ef9bb5b432c8b5db52d721e2425,,,1,1126,2026-10-07T10:23:59.0688119Z,66.723569,64.719847,4065,1,0,WaitingForPhaseBoundary,0,0,TaskSwitchDisplay,1,,Joystick,0.100000,0.000000,0.000000,0.000000,-1.000000,JoyStick1LeftSlider,0.000000,0.000000,0.000000,0.000000,0.000000,0.000000,0.000000,0.000000,0.000000,0.000000,4065,1,0.000000,0,0,0,1,1,TaskSwitchPedal,0.000000,1
20261007T102252334Z_a2ac4ef9bb5b432c8b5db52d721e2425,,,1,1127,2026-10-07T10:23:59.1418775Z,66.795275,64.791999,4068,1,0,WaitingForPhaseBoundary,0,0,TaskSwitchDisplay,1,,Joystick,0.100000,0.000000,0.000000,0.000000,-1.000000,JoyStick1LeftSlider,0.000000,0.000000,0.000000,0.000000,0.000000,0.000000,0.000000,0.000000,0.000000,0.000000,4068,1,0.000000,0,0,0,1,1,TaskSwitchPedal,0.000000,1
20261007T102252334Z_a2ac4ef9bb5b432c8b5db52d721e2425,,,1,1128,2026-10-07T10:23:59.1992438Z,66.853550,64.850719,4070,1,0,WaitingForPhaseBoundary,0,0,TaskSwitchDisplay,1,,Joystick,0.100000,0.000000,0.000000,0.000000,-1.000000,JoyStick1LeftSlider,0.000000,0.000000,0.000000,0.000000,0.000000,0.000000,0.000000,0.000000,0.000000,0.000000,4070,1,0.000000,0,0,0,1,1,TaskSwitchPedal,0.000000,1
20261007T102252334Z_a2ac4ef9bb5b432c8b5db52d721e2425,,,1,1129,2026-10-07T10:23:59.2710731Z,66.925793,64.921544,4073,1,0,WaitingForPhaseBoundary,0,0,TaskSwitchDisplay,1,,Joystick,0.100000,0.000000,0.000000,0.000000,-1.000000,JoyStick1LeftSlider,0.000000,0.000000,0.000000,0.000000,0.000000,0.000000,0.000000,0.000000,0.000000,0.000000,4073,1,0.000000,0,0,0,1,1,TaskSwitchPedal,0.000000,1
20261007T102252334Z_a2ac4ef9bb5b432c8b5db52d721e2425,,,1,1130,2026-10-07T10:23:59.3295430Z,66.983956,64.980231,4076,1,0,WaitingForPhaseBoundary,0,0,TaskSwitchDisplay,1,,Joystick,0.100000,0.000000,0.000000,0.000000,-1.000000,JoyStick1LeftSlider,0.000000,0.000000,0.000000,0.000000,0.000000,0.000000,0.000000,0.000000,0.000000,0.000000,4076,1,0.000000,0,0,0,1,1,TaskSwitchPedal,0.000000,1
20261007T102252334Z_a2ac4ef9bb5b432c8b5db52d721e2425,,,1,1131,2026-10-07T10:23:59.3971594Z,67.051403,65.049298,4079,1,0,WaitingForPhaseBoundary,0,0,TaskSwitchDisplay,1,,Joystick,0.100000,0.000000,0.000000,0.000000,-1.000000,JoyStick1LeftSlider,0.000000,0.000000,0.000000,0.000000,0.000000,0.000000,0.000000,0.000000,0.000000,0.000000,4079,1,0.000000,0,0,0,1,1,TaskSwitchPedal,0.000000,1
20261007T102252334Z_a2ac4ef9bb5b432c8b5db52d721e2425,,,1,1132,2026-10-07T10:23:59.4573381Z,67.110935,65.108667,4082,1,0,WaitingForPhaseBoundary,0,0,TaskSwitchDisplay,1,,Joystick,0.100000,0.000000,0.000000,0.000000,-1.000000,JoyStick1LeftSlider,0.000000,0.000000,0.000000,0.000000,0.000000,0.000000,0.000000,0.000000,0.000000,0.000000,4082,1,0.000000,0,0,0,1,1,TaskSwitchPedal,0.000000,1
20261007T102252334Z_a2ac4ef9bb5b432c8b5db52d721e2425,,,1,1133,2026-10-07T10:23:59.5137759Z,67.167541,65.165446,4085,1,0,WaitingForPhaseBoundary,0,0,TaskSwitchDisplay,1,,Joystick,0.100000,0.000000,0.000000,0.000000,-1.000000,JoyStick1LeftSlider,0.000000,0.000000,0.000000,0.000000,0.000000,0.000000,0.000000,0.000000,0.000000,0.000000,4085,1,0.000000,0,0,0,1,1,TaskSwitchPedal,0.000000,1
20261007T102252334Z_a2ac4ef9bb5b432c8b5db52d721e2425,,,1,1134,2026-10-07T10:23:59.5658551Z,67.219625,65.217584,4088,1,0,WaitingForPhaseBoundary,0,0,TaskSwitchDisplay,1,,Joystick,0.100000,0.000000,0.000000,0.000000,-1.000000,JoyStick1LeftSlider,0.000000,0.000000,0.000000,0.000000,0.000000,0.000000,0.000000,0.000000,0.000000,0.000000,4088,1,0.000000,0,0,0,1,1,TaskSwitchPedal,0.000000,1
20261007T102252334Z_a2ac4ef9bb5b432c8b5db52d721e2425,,,1,1135,2026-10-07T10:23:59.6320361Z,67.286069,65.283838,4091,1,0,WaitingForPhaseBoundary,0,0,TaskSwitchDisplay,1,,Joystick,0.100000,0.000000,0.000000,0.000000,-1.000000,JoyStick1LeftSlider,0.000000,0.000000,0.000000,0.000000,0.000000,0.000000,0.000000,0.000000,0.000000,0.000000,4091,1,0.000000,0,0,0,1,1,TaskSwitchPedal,0.000000,1
20261007T102252334Z_a2ac4ef9bb5b432c8b5db52d721e2425,,,1,1136,2026-10-07T10:23:59.6974613Z,67.351142,65.349053,4094,1,0,WaitingForPhaseBoundary,0,0,TaskSwitchDisplay,1,,Joystick,0.100000,0.000000,0.000000,0.000000,-1.000000,JoyStick1LeftSlider,0.000000,0.000000,0.000000,0.000000,0.000000,0.000000,0.000000,0.000000,0.000000,0.000000,4094,1,0.000000,0,0,0,1,1,TaskSwitchPedal,0.000000,1
20261007T102252334Z_a2ac4ef9bb5b432c8b5db52d721e2425,,,1,1137,2026-10-07T10:23:59.7566605Z,67.410220,65.408103,4098,1,0,WaitingForPhaseBoundary,0,0,TaskSwitchDisplay,1,,Joystick,0.100000,0.000000,0.000000,0.000000,-1.000000,JoyStick1LeftSlider,0.000000,0.000000,0.000000,0.000000,0.000000,0.000000,0.000000,0.000000,0.000000,0.000000,4098,1,0.000000,0,0,0,1,1,TaskSwitchPedal,0.000000,1
20261007T102252334Z_a2ac4ef9bb5b432c8b5db52d721e2425,,,1,1138,2026-10-07T10:23:59.8106071Z,67.464002,65.461911,4102,1,0,WaitingForPhaseBoundary,0,0,TaskSwitchDisplay,1,,Joystick,0.100000,0.000000,0.000000,0.000000,-1.000000,JoyStick1LeftSlider,0.000000,0.000000,0.000000,0.000000,0.000000,0.000000,0.000000,0.000000,0.000000,0.000000,4102,1,0.000000,0,0,0,1,1,TaskSwitchPedal,0.000000,1
20261007T102252334Z_a2ac4ef9bb5b432c8b5db52d721e2425,,,1,1139,2026-10-07T10:23:59.8705469Z,67.524325,65.522234,4106,1,0,WaitingForPhaseBoundary,0,0,TaskSwitchDisplay,1,,Joystick,0.100000,0.000000,0.000000,0.000000,-1.000000,JoyStick1LeftSlider,0.000000,0.000000,0.000000,0.000000,0.000000,0.000000,0.000000,0.000000,0.000000,0.000000,4106,1,0.000000,0,0,0,1,1,TaskSwitchPedal,0.000000,1
20261007T102252334Z_a2ac4ef9bb5b432c8b5db52d721e2425,,,1,1140,2026-10-07T10:23:59.9293259Z,67.582882,65.580735,4109,1,0,WaitingForPhaseBoundary,0,0,TaskSwitchDisplay,1,,Joystick,0.100000,0.000000,0.000000,0.000000,-1.000000,JoyStick1LeftSlider,0.000000,0.000000,0.000000,0.000000,0.000000,0.000000,0.000000,0.000000,0.000000,0.000000,4109,1,0.000000,0,0,0,1,1,TaskSwitchPedal,0.000000,1
20261007T102252334Z_a2ac4ef9bb5b432c8b5db52d721e2425,,,1,1141,2026-10-07T10:23:59.9908512Z,67.644559,65.642434,4112,1,0,WaitingForPhaseBoundary,0,0,TaskSwitchDisplay,1,,Joystick,0.100000,0.000000,0.000000,0.000000,-1.000000,JoyStick1LeftSlider,0.000000,0.000000,0.000000,0.000000,0.000000,0.000000,0.000000,0.000000,0.000000,0.000000,4112,1,0.000000,0,0,0,1,1,TaskSwitchPedal,0.000000,1
20261007T102252334Z_a2ac4ef9bb5b432c8b5db52d721e2425,,,1,1142,2026-10-07T10:24:00.0508250Z,67.704401,65.701951,4115,1,0,WaitingForPhaseBoundary,0,0,TaskSwitchDisplay,1,,Joystick,0.100000,0.000000,0.000000,0.000000,-1.000000,JoyStick1LeftSlider,0.000000,0.000000,0.000000,0.000000,0.000000,0.000000,0.000000,0.000000,0.000000,0.000000,4115,1,0.000000,0,0,0,1,1,TaskSwitchPedal,0.000000,1
20261007T102252334Z_a2ac4ef9bb5b432c8b5db52d721e2425,,,1,1143,2026-10-07T10:24:00.1144216Z,67.768290,65.766102,4118,1,0,WaitingForPhaseBoundary,0,0,TaskSwitchDisplay,1,,Joystick,0.100000,0.000000,0.000000,0.000000,-1.000000,JoyStick1LeftSlider,0.000000,0.000000,0.000000,0.000000,0.000000,0.000000,0.000000,0.000000,0.000000,0.000000,4118,1,0.000000,0,0,0,1,1,TaskSwitchPedal,0.000000,1
20261007T102252334Z_a2ac4ef9bb5b432c8b5db52d721e2425,,,1,1144,2026-10-07T10:24:00.1783616Z,67.832138,65.830041,4122,1,0,WaitingForPhaseBoundary,0,0,TaskSwitchDisplay,1,,Joystick,0.100000,0.000000,0.000000,0.000000,-1.000000,JoyStick1LeftSlider,0.000000,0.000000,0.000000,0.000000,0.000000,0.000000,0.000000,0.000000,0.000000,0.000000,4122,1,0.000000,0,0,0,1,1,TaskSwitchPedal,0.000000,1
20261007T102252334Z_a2ac4ef9bb5b432c8b5db52d721e2425,,,1,1145,2026-10-07T10:24:00.2418303Z,67.896374,65.894879,4126,1,0,WaitingForPhaseBoundary,0,0,TaskSwitchDisplay,1,,Joystick,0.100000,0.000000,0.000000,0.000000,-1.000000,JoyStick1LeftSlider,0.000000,0.000000,0.000000,0.000000,0.000000,0.000000,0.000000,0.000000,0.000000,0.000000,4125,0,0.000000,0,0,0,1,1,TaskSwitchPedal,0.000000,1
20261007T102252334Z_a2ac4ef9bb5b432c8b5db52d721e2425,,,1,1146,2026-10-07T10:24:00.3137609Z,67.968070,65.965950,4130,1,0,WaitingForPhaseBoundary,0,0,TaskSwitchDisplay,1,,Joystick,0.100000,0.000000,0.000000,0.000000,-1.000000,JoyStick1LeftSlider,0.000000,0.000000,0.000000,0.000000,0.000000,0.000000,0.000000,0.000000,0.000000,0.000000,4130,1,0.000000,0,0,0,1,1,TaskSwitchPedal,0.000000,1
20261007T102252334Z_a2ac4ef9bb5b432c8b5db52d721e2425,,,1,1147,2026-10-07T10:24:00.3716529Z,68.025472,66.023442,4133,1,0,WaitingForPhaseBoundary,0,0,TaskSwitchDisplay,1,,Joystick,0.100000,0.000000,0.000000,0.000000,-1.000000,JoyStick1LeftSlider,0.000000,0.000000,0.000000,0.000000,0.000000,0.000000,0.000000,0.000000,0.000000,0.000000,4133,1,0.000000,0,0,0,1,1,TaskSwitchPedal,0.000000,1
20261007T102252334Z_a2ac4ef9bb5b432c8b5db52d721e2425,,,1,1148,2026-10-07T10:24:00.4282218Z,68.081882,66.080070,4136,1,0,WaitingForPhaseBoundary,0,0,TaskSwitchDisplay,1,,Joystick,0.100000,0.000000,0.000000,0.000000,-1.000000,JoyStick1LeftSlider,0.000000,0.000000,0.000000,0.000000,0.000000,0.000000,0.000000,0.000000,0.000000,0.000000,4136,1,0.000000,0,0,0,1,1,TaskSwitchPedal,0.000000,1
20261007T102252334Z_a2ac4ef9bb5b432c8b5db52d721e2425,,,1,1149,2026-10-07T10:24:00.4910161Z,68.145113,66.143130,4139,1,0,WaitingForPhaseBoundary,0,0,TaskSwitchDisplay,1,,Joystick,0.100000,0.000000,0.000000,0.000000,-1.000000,JoyStick1LeftSlider,0.000000,0.000000,0.000000,0.000000,0.000000,0.000000,0.000000,0.000000,0.000000,0.000000,4139,1,0.000000,0,0,0,1,1,TaskSwitchPedal,0.000000,1
20261007T102252334Z_a2ac4ef9bb5b432c8b5db52d721e2425,,,1,1150,2026-10-07T10:24:00.5597713Z,68.214099,66.211946,4142,1,0,WaitingForPhaseBoundary,0,0,TaskSwitchDisplay,1,,Joystick,0.100000,0.000000,0.000000,0.000000,-1.000000,JoyStick1LeftSlider,0.000000,0.000000,0.000000,0.000000,0.000000,0.000000,0.000000,0.000000,0.000000,0.000000,4142,1,0.000000,0,0,0,1,1,TaskSwitchPedal,0.000000,1
20261007T102252334Z_a2ac4ef9bb5b432c8b5db52d721e2425,,,1,1151,2026-10-07T10:24:00.6222354Z,68.276346,66.274193,4145,1,0,WaitingForPhaseBoundary,0,0,TaskSwitchDisplay,1,,Joystick,0.100000,0.000000,0.000000,0.000000,-1.000000,JoyStick1LeftSlider,0.000000,0.000000,0.000000,0.000000,0.000000,0.000000,0.000000,0.000000,0.000000,0.000000,4145,1,0.000000,0,0,0,1,1,TaskSwitchPedal,0.000000,1
20261007T102252334Z_a2ac4ef9bb5b432c8b5db52d721e2425,,,1,1152,2026-10-07T10:24:00.6773948Z,68.330853,66.328885,4148,1,0,WaitingForPhaseBoundary,0,0,TaskSwitchDisplay,1,,Joystick,0.100000,0.000000,0.000000,0.000000,-1.000000,JoyStick1LeftSlider,0.000000,0.000000,0.000000,0.000000,0.000000,0.000000,0.000000,0.000000,0.000000,0.000000,4148,1,0.000000,0,0,0,1,1,TaskSwitchPedal,0.000000,1
20261007T102252334Z_a2ac4ef9bb5b432c8b5db52d721e2425,,,1,1153,2026-10-07T10:24:00.7438743Z,68.397341,66.395492,4152,1,0,WaitingForPhaseBoundary,0,0,TaskSwitchDisplay,1,,Joystick,0.100000,0.000000,0.000000,0.000000,-1.000000,JoyStick1LeftSlider,0.000000,0.000000,0.000000,0.000000,0.000000,0.000000,0.000000,0.000000,0.000000,0.000000,4151,0,0.000000,0,0,0,1,1,TaskSwitchPedal,0.000000,1
20261007T102252334Z_a2ac4ef9bb5b432c8b5db52d721e2425,,,1,1154,2026-10-07T10:24:00.8009930Z,68.454785,66.452663,4155,1,0,WaitingForPhaseBoundary,0,0,TaskSwitchDisplay,1,,Joystick,0.100000,0.000000,0.000000,0.000000,-1.000000,JoyStick1LeftSlider,0.000000,0.000000,0.000000,0.000000,0.000000,0.000000,0.000000,0.000000,0.000000,0.000000,4155,1,0.000000,0,0,0,1,1,TaskSwitchPedal,0.000000,1
20261007T102252334Z_a2ac4ef9bb5b432c8b5db52d721e2425,,,1,1155,2026-10-07T10:24:00.8572526Z,68.510776,66.508849,4158,1,0,WaitingForPhaseBoundary,0,0,TaskSwitchDisplay,1,,Joystick,0.100000,0.000000,0.000000,0.000000,-1.000000,JoyStick1LeftSlider,0.000000,0.000000,0.000000,0.000000,0.000000,0.000000,0.000000,0.000000,0.000000,0.000000,4158,1,0.000000,0,0,0,1,1,TaskSwitchPedal,0.000000,1
20261007T102252334Z_a2ac4ef9bb5b432c8b5db52d721e2425,,,1,1156,2026-10-07T10:24:00.9120050Z,68.565790,66.563929,4161,1,0,WaitingForPhaseBoundary,0,0,TaskSwitchDisplay,1,,Joystick,0.100000,0.000000,0.000000,0.000000,-1.000000,JoyStick1LeftSlider,0.000000,0.000000,0.000000,0.000000,0.000000,0.000000,0.000000,0.000000,0.000000,0.000000,4161,1,0.000000,0,0,0,1,1,TaskSwitchPedal,0.000000,1
20261007T102252334Z_a2ac4ef9bb5b432c8b5db52d721e2425,,,1,1157,2026-10-07T10:24:00.9852027Z,68.638924,66.636419,4164,1,0,WaitingForPhaseBoundary,0,0,TaskSwitchDisplay,1,,Joystick,0.100000,0.000000,0.000000,0.000000,-1.000000,JoyStick1LeftSlider,0.000000,0.000000,0.000000,0.000000,0.000000,0.000000,0.000000,0.000000,0.000000,0.000000,4164,1,0.000000,0,0,0,1,1,TaskSwitchPedal,0.000000,1
20261007T102252334Z_a2ac4ef9bb5b432c8b5db52d721e2425,,,1,1158,2026-10-07T10:24:01.0470248Z,68.700657,66.698791,4167,1,0,WaitingForPhaseBoundary,0,0,TaskSwitchDisplay,1,,Joystick,0.100000,0.000000,0.000000,0.000000,-1.000000,JoyStick1LeftSlider,0.000000,0.000000,0.000000,0.000000,0.000000,0.000000,0.000000,0.000000,0.000000,0.000000,4167,1,0.000000,0,0,0,1,1,TaskSwitchPedal,0.000000,1
20261007T102252334Z_a2ac4ef9bb5b432c8b5db52d721e2425,,,1,1159,2026-10-07T10:24:01.0981301Z,68.752207,66.750425,4170,1,0,WaitingForPhaseBoundary,0,0,TaskSwitchDisplay,1,,Joystick,0.100000,0.000000,0.000000,0.000000,-1.000000,JoyStick1LeftSlider,0.000000,0.000000,0.000000,0.000000,0.000000,0.000000,0.000000,0.000000,0.000000,0.000000,4170,1,0.000000,0,0,0,1,1,TaskSwitchPedal,0.000000,1
20261007T102252334Z_a2ac4ef9bb5b432c8b5db52d721e2425,,,1,1160,2026-10-07T10:24:01.1543845Z,68.808871,66.807089,4173,1,0,WaitingForPhaseBoundary,0,0,TaskSwitchDisplay,1,,Joystick,0.100000,0.000000,0.000000,0.000000,-1.000000,JoyStick1LeftSlider,0.000000,0.000000,0.000000,0.000000,0.000000,0.000000,0.000000,0.000000,0.000000,0.000000,4173,1,0.000000,0,0,0,1,1,TaskSwitchPedal,0.000000,1
20261007T102252334Z_a2ac4ef9bb5b432c8b5db52d721e2425,,,1,1161,2026-10-07T10:24:01.2283592Z,68.882421,66.879870,4176,1,0,WaitingForPhaseBoundary,0,0,TaskSwitchDisplay,1,,Joystick,0.100000,0.000000,0.000000,0.000000,-1.000000,JoyStick1LeftSlider,0.000000,0.000000,0.000000,0.000000,0.000000,0.000000,0.000000,0.000000,0.000000,0.000000,4176,1,0.000000,0,0,0,1,1,TaskSwitchPedal,0.000000,1
20261007T102252334Z_a2ac4ef9bb5b432c8b5db52d721e2425,,,1,1162,2026-10-07T10:24:01.2889799Z,68.942334,66.939417,4179,1,0,WaitingForPhaseBoundary,0,0,TaskSwitchDisplay,1,,Joystick,0.100000,0.000000,0.000000,0.000000,-1.000000,JoyStick1LeftSlider,0.000000,0.000000,0.000000,0.000000,0.000000,0.000000,0.000000,0.000000,0.000000,0.000000,4179,1,0.000000,0,0,0,1,1,TaskSwitchPedal,0.000000,1
20261007T102252334Z_a2ac4ef9bb5b432c8b5db52d721e2425,,,1,1163,2026-10-07T10:24:01.3425336Z,68.996864,66.995457,4182,1,0,WaitingForPhaseBoundary,0,0,TaskSwitchDisplay,1,,Joystick,0.100000,0.000000,0.000000,0.000000,-1.000000,JoyStick1LeftSlider,0.000000,0.000000,0.000000,0.000000,0.000000,0.000000,0.000000,0.000000,0.000000,0.000000,4181,0,0.000000,0,0,0,1,1,TaskSwitchPedal,0.000000,1
20261007T102252334Z_a2ac4ef9bb5b432c8b5db52d721e2425,,,1,1164,2026-10-07T10:24:01.4064117Z,69.059917,67.057965,4186,1,0,WaitingForPhaseBoundary,0,0,TaskSwitchDisplay,1,,Joystick,0.100000,0.000000,0.000000,0.000000,-1.000000,JoyStick1LeftSlider,0.000000,0.000000,0.000000,0.000000,0.000000,0.000000,0.000000,0.000000,0.000000,0.000000,4186,1,0.000000,0,0,0,1,1,TaskSwitchPedal,0.000000,1
20261007T102252334Z_a2ac4ef9bb5b432c8b5db52d721e2425,,,1,1165,2026-10-07T10:24:01.4631662Z,69.116847,67.114904,4190,1,0,WaitingForPhaseBoundary,0,0,TaskSwitchDisplay,1,,Joystick,0.100000,0.000000,0.000000,0.000000,-1.000000,JoyStick1LeftSlider,0.000000,0.000000,0.000000,0.000000,0.000000,0.000000,0.000000,0.000000,0.000000,0.000000,4189,0,0.000000,0,0,0,1,1,TaskSwitchPedal,0.000000,1
20261007T102252334Z_a2ac4ef9bb5b432c8b5db52d721e2425,,,1,1166,2026-10-07T10:24:01.5140642Z,69.167857,67.165781,4193,1,0,WaitingForPhaseBoundary,0,0,TaskSwitchDisplay,1,,Joystick,0.100000,0.000000,0.000000,0.000000,-1.000000,JoyStick1LeftSlider,0.000000,0.000000,0.000000,0.000000,0.000000,0.000000,0.000000,0.000000,0.000000,0.000000,4193,1,0.000000,0,0,0,1,1,TaskSwitchPedal,0.000000,1
20261007T102252334Z_a2ac4ef9bb5b432c8b5db52d721e2425,,,1,1167,2026-10-07T10:24:01.5744276Z,69.228425,67.226142,4197,1,0,WaitingForPhaseBoundary,0,0,TaskSwitchDisplay,1,,Joystick,0.100000,0.000000,0.000000,0.000000,-1.000000,JoyStick1LeftSlider,0.000000,0.000000,0.000000,0.000000,0.000000,0.000000,0.000000,0.000000,0.000000,0.000000,4197,1,0.000000,0,0,0,1,1,TaskSwitchPedal,0.000000,1
20261007T102252334Z_a2ac4ef9bb5b432c8b5db52d721e2425,,,1,1168,2026-10-07T10:24:01.6307652Z,69.284253,67.281438,4199,1,0,WaitingForPhaseBoundary,0,0,TaskSwitchDisplay,1,,Joystick,0.100000,0.000000,0.000000,0.000000,0.000000,JoyStick1LeftSlider,0.000000,0.000000,0.000000,0.000000,0.000000,0.000000,0.000000,0.000000,0.000000,0.000000,4199,1,0.000000,0,0,0,1,1,TaskSwitchPedal,0.000000,1
20261007T102252334Z_a2ac4ef9bb5b432c8b5db52d721e2425,,,1,1169,2026-10-07T10:24:01.6881644Z,69.342432,67.340187,4202,1,0,WaitingForPhaseBoundary,0,0,TaskSwitchDisplay,1,,Joystick,0.100000,0.000000,0.000000,0.000000,0.000000,JoyStick1LeftSlider,0.000000,0.000000,0.000000,0.000000,0.000000,0.000000,0.000000,0.000000,0.000000,0.000000,4202,1,0.000000,0,0,0,1,1,TaskSwitchPedal,0.000000,1
