session_id,participant_id,block_id,experiment_run_index,sample_index,utc_timestamp,real_elapsed_s,simulation_elapsed_s,frame,switch_index,active_crane_index,state,input_locked,global_paused,display_mode,operation_enabled,pause_interval_index,input_mode,movement_dead_zone,joystick2_horizontal,joystick2_vertical,joystick3_vertical,joystick3_slider,slider_axis,raw_current_slider,requested_current_a,requested_move_x,requested_move_y,requested_move_z,requested_spread,last_accepted_move_x,last_accepted_move_y,last_accepted_move_z,last_accepted_spread,accepted_command_frame,command_accepted_this_frame,applied_current_a,safe_current_hold_active,confirmation_button,detach_button,auditory_subtask_enabled,auditory_subtask_running,pedal_axis,raw_pedal,pedal_armed,secondary_task_mode,visual_subtask_enabled,visual_subtask_running,visual_left_red,visual_right_red,pedal_axis_raw,pedal_positive_key,pedal_negative_key,pedal_input_source,pedal_input_conflict,plus_minus_keys_enabled
20261009T023155757Z_8570c874f977414da5921277d60a96eb,,,1,0,2026-10-09T02:31:55.8113361Z,0.049559,0.000000,333,0,-1,Idle,0,1,TaskSwitchDisplay,1,1,Keyboard,0.100000,0.000000,0.000000,0.000000,0.000000,,,,0.000000,0.000000,0.000000,0.000000,0.000000,0.000000,0.000000,0.000000,-1,0,,0,0,0,0,0,TaskSwitchPedal,,0,Visual,1,0,0,0,,,,,,1
20261009T023155757Z_8570c874f977414da5921277d60a96eb,,,1,1,2026-10-09T02:31:55.8665120Z,0.105910,0.106443,337,0,-1,Idle,0,1,TaskSwitchDisplay,1,1,Keyboard,0.100000,0.000000,0.000000,0.000000,0.000000,,,,0.000000,0.000000,0.000000,0.000000,0.000000,0.000000,0.000000,0.000000,-1,0,,0,0,0,0,0,TaskSwitchPedal,,0,Visual,1,0,0,0,,,,,,1
20261009T023155757Z_8570c874f977414da5921277d60a96eb,,,1,2,2026-10-09T02:31:55.9179218Z,0.156992,0.106443,345,0,-1,Idle,0,1,TaskSwitchDisplay,1,1,Keyboard,0.100000,0.000000,0.000000,0.000000,0.000000,,,,0.000000,0.000000,0.000000,0.000000,0.000000,0.000000,0.000000,0.000000,-1,0,,0,0,0,0,0,TaskSwitchPedal,,0,Visual,1,0,0,0,,,,,,1
20261009T023155757Z_8570c874f977414da5921277d60a96eb,,,1,3,2026-10-09T02:31:55.9732058Z,0.213225,0.106443,353,0,-1,Idle,0,1,TaskSwitchDisplay,1,1,Keyboard,0.100000,0.000000,0.000000,0.000000,0.000000,,,,0.000000,0.000000,0.000000,0.000000,0.000000,0.000000,0.000000,0.000000,-1,0,,0,0,0,0,0,TaskSwitchPedal,,0,Visual,1,0,0,0,,,,,,1
20261009T023155757Z_8570c874f977414da5921277d60a96eb,,,1,4,2026-10-09T02:31:56.0273343Z,0.266066,0.106443,360,0,-1,Idle,0,1,TaskSwitchDisplay,1,1,Keyboard,0.100000,0.000000,0.000000,0.000000,0.000000,,,,0.000000,0.000000,0.000000,0.000000,0.000000,0.000000,0.000000,0.000000,-1,0,,0,0,0,0,0,TaskSwitchPedal,,0,Visual,1,0,0,0,,,,,,1
20261009T023155757Z_8570c874f977414da5921277d60a96eb,,,1,5,2026-10-09T02:31:56.0783284Z,0.317605,0.106443,367,0,-1,Idle,0,1,TaskSwitchDisplay,1,1,Keyboard,0.100000,0.000000,0.000000,0.000000,0.000000,,,,0.000000,0.000000,0.000000,0.000000,0.000000,0.000000,0.000000,0.000000,-1,0,,0,0,0,0,0,TaskSwitchPedal,,0,Visual,1,0,0,0,,,,,,1
20261009T023155757Z_8570c874f977414da5921277d60a96eb,,,1,6,2026-10-09T02:31:56.1303772Z,0.370247,0.106443,375,0,-1,Idle,0,1,TaskSwitchDisplay,1,1,Keyboard,0.100000,0.000000,0.000000,0.000000,0.000000,,,,0.000000,0.000000,0.000000,0.000000,0.000000,0.000000,0.000000,0.000000,-1,0,,0,0,0,0,0,TaskSwitchPedal,,0,Visual,1,0,0,0,,,,,,1
20261009T023155757Z_8570c874f977414da5921277d60a96eb,,,1,7,2026-10-09T02:31:56.1872094Z,0.425768,0.106443,383,0,-1,Idle,0,1,TaskSwitchDisplay,1,1,Keyboard,0.100000,0.000000,0.000000,0.000000,0.000000,,,,0.000000,0.000000,0.000000,0.000000,0.000000,0.000000,0.000000,0.000000,-1,0,,0,0,0,0,0,TaskSwitchPedal,,0,Visual,1,0,0,0,,,,,,1
20261009T023155757Z_8570c874f977414da5921277d60a96eb,,,1,8,2026-10-09T02:31:56.2402262Z,0.479370,0.106443,391,0,-1,Idle,0,1,TaskSwitchDisplay,1,1,Keyboard,0.100000,0.000000,0.000000,0.000000,0.000000,,,,0.000000,0.000000,0.000000,0.000000,0.000000,0.000000,0.000000,0.000000,-1,0,,0,0,0,0,0,TaskSwitchPedal,,0,Visual,1,0,0,0,,,,,,1
20261009T023155757Z_8570c874f977414da5921277d60a96eb,,,1,9,2026-10-09T02:31:56.2943554Z,0.533153,0.106443,400,0,-1,Idle,0,1,TaskSwitchDisplay,1,1,Keyboard,0.100000,0.000000,0.000000,0.000000,0.000000,,,,0.000000,0.000000,0.000000,0.000000,0.000000,0.000000,0.000000,0.000000,-1,0,,0,0,0,0,0,TaskSwitchPedal,,0,Visual,1,0,0,0,,,,,,1
20261009T023155757Z_8570c874f977414da5921277d60a96eb,,,1,10,2026-10-09T02:31:56.3482170Z,0.587270,0.106443,408,0,-1,Idle,0,1,TaskSwitchDisplay,1,1,Keyboard,0.100000,0.000000,0.000000,0.000000,0.000000,,,,0.000000,0.000000,0.000000,0.000000,0.000000,0.000000,0.000000,0.000000,-1,0,,0,0,0,0,0,TaskSwitchPedal,,0,Visual,1,0,0,0,,,,,,1
20261009T023155757Z_8570c874f977414da5921277d60a96eb,,,1,11,2026-10-09T02:31:56.4082501Z,0.646964,0.106443,415,0,-1,Idle,0,1,TaskSwitchDisplay,1,1,Keyboard,0.100000,0.000000,0.000000,0.000000,0.000000,,,,0.000000,0.000000,0.000000,0.000000,0.000000,0.000000,0.000000,0.000000,-1,0,,0,0,0,0,0,TaskSwitchPedal,,0,Visual,1,0,0,0,,,,,,1
20261009T023155757Z_8570c874f977414da5921277d60a96eb,,,1,12,2026-10-09T02:31:56.4602351Z,0.699240,0.106443,420,0,-1,Idle,0,1,TaskSwitchDisplay,1,1,Keyboard,0.100000,0.000000,0.000000,0.000000,0.000000,,,,0.000000,0.000000,0.000000,0.000000,0.000000,0.000000,0.000000,0.000000,-1,0,,0,0,0,0,0,TaskSwitchPedal,,0,Visual,1,0,0,0,,,,,,1
20261009T023155757Z_8570c874f977414da5921277d60a96eb,,,1,13,2026-10-09T02:31:56.5118485Z,0.750478,0.106443,426,0,-1,Idle,0,1,TaskSwitchDisplay,1,1,Keyboard,0.100000,0.000000,0.000000,0.000000,0.000000,,,,0.000000,0.000000,0.000000,0.000000,0.000000,0.000000,0.000000,0.000000,-1,0,,0,0,0,0,0,TaskSwitchPedal,,0,Visual,1,0,0,0,,,,,,1
20261009T023155757Z_8570c874f977414da5921277d60a96eb,,,1,14,2026-10-09T02:31:56.5618628Z,0.801123,0.106443,433,0,-1,Idle,0,1,TaskSwitchDisplay,1,1,Keyboard,0.100000,0.000000,0.000000,0.000000,0.000000,,,,0.000000,0.000000,0.000000,0.000000,0.000000,0.000000,0.000000,0.000000,-1,0,,0,0,0,0,0,TaskSwitchPedal,,0,Visual,1,0,0,0,,,,,,1
20261009T023155757Z_8570c874f977414da5921277d60a96eb,,,1,15,2026-10-09T02:31:56.6116073Z,0.851292,0.106443,441,0,-1,Idle,0,1,TaskSwitchDisplay,1,1,Keyboard,0.100000,0.000000,0.000000,0.000000,0.000000,,,,0.000000,0.000000,0.000000,0.000000,0.000000,0.000000,0.000000,0.000000,-1,0,,0,0,0,0,0,TaskSwitchPedal,,0,Visual,1,0,0,0,,,,,,1
20261009T023155757Z_8570c874f977414da5921277d60a96eb,,,1,16,2026-10-09T02:31:56.6643618Z,0.903982,0.106443,449,0,-1,Idle,0,1,TaskSwitchDisplay,1,1,Keyboard,0.100000,0.000000,0.000000,0.000000,0.000000,,,,0.000000,0.000000,0.000000,0.000000,0.000000,0.000000,0.000000,0.000000,-1,0,,0,0,0,0,0,TaskSwitchPedal,,0,Visual,1,0,0,0,,,,,,1
20261009T023155757Z_8570c874f977414da5921277d60a96eb,,,1,17,2026-10-09T02:31:56.7161801Z,0.954833,0.106443,456,0,-1,Idle,0,1,TaskSwitchDisplay,1,1,Keyboard,0.100000,0.000000,0.000000,0.000000,0.000000,,,,0.000000,0.000000,0.000000,0.000000,0.000000,0.000000,0.000000,0.000000,-1,0,,0,0,0,0,0,TaskSwitchPedal,,0,Visual,1,0,0,0,,,,,,1
20261009T023155757Z_8570c874f977414da5921277d60a96eb,,,1,18,2026-10-09T02:31:56.7690968Z,1.008371,0.106443,464,0,-1,Idle,0,1,TaskSwitchDisplay,1,1,Keyboard,0.100000,0.000000,0.000000,0.000000,0.000000,,,,0.000000,0.000000,0.000000,0.000000,0.000000,0.000000,0.000000,0.000000,-1,0,,0,0,0,0,0,TaskSwitchPedal,,0,Visual,1,0,0,0,,,,,,1
20261009T023155757Z_8570c874f977414da5921277d60a96eb,,,1,19,2026-10-09T02:31:56.8243932Z,1.063378,0.106443,472,0,-1,Idle,0,1,TaskSwitchDisplay,1,1,Keyboard,0.100000,0.000000,0.000000,0.000000,0.000000,,,,0.000000,0.000000,0.000000,0.000000,0.000000,0.000000,0.000000,0.000000,-1,0,,0,0,0,0,0,TaskSwitchPedal,,0,Visual,1,0,0,0,,,,,,1
20261009T023155757Z_8570c874f977414da5921277d60a96eb,,,1,20,2026-10-09T02:31:56.8780765Z,1.117437,0.106443,480,0,-1,Idle,0,1,TaskSwitchDisplay,1,1,Keyboard,0.100000,0.000000,0.000000,0.000000,0.000000,,,,0.000000,0.000000,0.000000,0.000000,0.000000,0.000000,0.000000,0.000000,-1,0,,0,0,0,0,0,TaskSwitchPedal,,0,Visual,1,0,0,0,,,,,,1
20261009T023155757Z_8570c874f977414da5921277d60a96eb,,,1,21,2026-10-09T02:31:56.9331127Z,1.171777,0.106443,488,0,-1,Idle,0,1,TaskSwitchDisplay,1,1,Keyboard,0.100000,0.000000,0.000000,0.000000,0.000000,,,,0.000000,0.000000,0.000000,0.000000,0.000000,0.000000,0.000000,0.000000,-1,0,,0,0,0,0,0,TaskSwitchPedal,,0,Visual,1,0,0,0,,,,,,1
20261009T023155757Z_8570c874f977414da5921277d60a96eb,,,1,22,2026-10-09T02:31:56.9865680Z,1.226399,0.106443,497,0,-1,Idle,0,1,TaskSwitchDisplay,1,1,Keyboard,0.100000,0.000000,0.000000,0.000000,0.000000,,,,0.000000,0.000000,0.000000,0.000000,0.000000,0.000000,0.000000,0.000000,-1,0,,0,0,0,0,0,TaskSwitchPedal,,0,Visual,1,0,0,0,,,,,,1
20261009T023155757Z_8570c874f977414da5921277d60a96eb,,,1,23,2026-10-09T02:31:57.0430271Z,1.282415,0.106443,506,0,-1,Idle,0,1,TaskSwitchDisplay,1,1,Keyboard,0.100000,0.000000,0.000000,0.000000,0.000000,,,,0.000000,0.000000,0.000000,0.000000,0.000000,0.000000,0.000000,0.000000,-1,0,,0,0,0,0,0,TaskSwitchPedal,,0,Visual,1,0,0,0,,,,,,1
20261009T023155757Z_8570c874f977414da5921277d60a96eb,,,1,24,2026-10-09T02:31:57.0954018Z,1.334484,0.106443,514,0,-1,Idle,0,1,TaskSwitchDisplay,1,1,Keyboard,0.100000,0.000000,0.000000,0.000000,0.000000,,,,0.000000,0.000000,0.000000,0.000000,0.000000,0.000000,0.000000,0.000000,-1,0,,0,0,0,0,0,TaskSwitchPedal,,0,Visual,1,0,0,0,,,,,,1
20261009T023155757Z_8570c874f977414da5921277d60a96eb,,,1,25,2026-10-09T02:31:57.1470648Z,1.386376,0.106443,522,0,-1,Idle,0,1,TaskSwitchDisplay,1,1,Keyboard,0.100000,0.000000,0.000000,0.000000,0.000000,,,,0.000000,0.000000,0.000000,0.000000,0.000000,0.000000,0.000000,0.000000,-1,0,,0,0,0,0,0,TaskSwitchPedal,,0,Visual,1,0,0,0,,,,,,1
20261009T023155757Z_8570c874f977414da5921277d60a96eb,,,1,26,2026-10-09T02:31:57.2199735Z,1.459218,0.106443,530,0,-1,Idle,0,1,TaskSwitchDisplay,1,1,Keyboard,0.100000,0.000000,0.000000,0.000000,0.000000,,,,0.000000,0.000000,0.000000,0.000000,0.000000,0.000000,0.000000,0.000000,-1,0,,0,0,0,0,0,TaskSwitchPedal,,0,Visual,1,0,0,0,,,,,,1
20261009T023155757Z_8570c874f977414da5921277d60a96eb,,,1,27,2026-10-09T02:31:57.2715394Z,1.510714,0.106443,535,0,-1,Idle,0,1,TaskSwitchDisplay,1,1,Keyboard,0.100000,0.000000,0.000000,0.000000,0.000000,,,,0.000000,0.000000,0.000000,0.000000,0.000000,0.000000,0.000000,0.000000,-1,0,,0,0,0,0,0,TaskSwitchPedal,,0,Visual,1,0,0,0,,,,,,1
20261009T023155757Z_8570c874f977414da5921277d60a96eb,,,1,28,2026-10-09T02:31:57.3295206Z,1.568820,0.106443,542,0,-1,Idle,0,1,TaskSwitchDisplay,1,1,Keyboard,0.100000,0.000000,0.000000,0.000000,0.000000,,,,0.000000,0.000000,0.000000,0.000000,0.000000,0.000000,0.000000,0.000000,-1,0,,0,0,0,0,0,TaskSwitchPedal,,0,Visual,1,0,0,0,,,,,,1
20261009T023155757Z_8570c874f977414da5921277d60a96eb,,,1,29,2026-10-09T02:31:57.3886303Z,1.628004,0.106443,549,0,-1,Idle,0,1,TaskSwitchDisplay,1,1,Keyboard,0.100000,0.000000,0.000000,0.000000,0.000000,,,,0.000000,0.000000,0.000000,0.000000,0.000000,0.000000,0.000000,0.000000,-1,0,,0,0,0,0,0,TaskSwitchPedal,,0,Visual,1,0,0,0,,,,,,1
20261009T023155757Z_8570c874f977414da5921277d60a96eb,,,1,30,2026-10-09T02:31:57.4452071Z,1.684062,0.106443,556,0,-1,Idle,0,1,TaskSwitchDisplay,1,1,Keyboard,0.100000,0.000000,0.000000,0.000000,0.000000,,,,0.000000,0.000000,0.000000,0.000000,0.000000,0.000000,0.000000,0.000000,-1,0,,0,0,0,0,0,TaskSwitchPedal,,0,Visual,1,0,0,0,,,,,,1
20261009T023155757Z_8570c874f977414da5921277d60a96eb,,,1,31,2026-10-09T02:31:57.5022494Z,1.740805,0.106443,563,0,-1,Idle,0,1,TaskSwitchDisplay,1,1,Keyboard,0.100000,0.000000,0.000000,0.000000,0.000000,,,,0.000000,0.000000,0.000000,0.000000,0.000000,0.000000,0.000000,0.000000,-1,0,,0,0,0,0,0,TaskSwitchPedal,,0,Visual,1,0,0,0,,,,,,1
20261009T023155757Z_8570c874f977414da5921277d60a96eb,,,1,32,2026-10-09T02:31:57.5597517Z,1.798530,0.106443,570,0,-1,Idle,0,1,TaskSwitchDisplay,1,1,Keyboard,0.100000,0.000000,0.000000,0.000000,0.000000,,,,0.000000,0.000000,0.000000,0.000000,0.000000,0.000000,0.000000,0.000000,-1,0,,0,0,0,0,0,TaskSwitchPedal,,0,Visual,1,0,0,0,,,,,,1
20261009T023155757Z_8570c874f977414da5921277d60a96eb,,,1,33,2026-10-09T02:31:57.6145577Z,1.853882,0.106443,577,0,-1,Idle,0,1,TaskSwitchDisplay,1,1,Keyboard,0.100000,0.000000,0.000000,0.000000,0.000000,,,,0.000000,0.000000,0.000000,0.000000,0.000000,0.000000,0.000000,0.000000,-1,0,,0,0,0,0,0,TaskSwitchPedal,,0,Visual,1,0,0,0,,,,,,1
20261009T023155757Z_8570c874f977414da5921277d60a96eb,,,1,34,2026-10-09T02:31:57.6664895Z,1.904912,0.106443,584,0,-1,Idle,0,1,TaskSwitchDisplay,1,1,Keyboard,0.100000,0.000000,0.000000,0.000000,0.000000,,,,0.000000,0.000000,0.000000,0.000000,0.000000,0.000000,0.000000,0.000000,-1,0,,0,0,0,0,0,TaskSwitchPedal,,0,Visual,1,0,0,0,,,,,,1
20261009T023155757Z_8570c874f977414da5921277d60a96eb,,,1,35,2026-10-09T02:31:57.7186311Z,1.957332,0.106443,591,0,-1,Idle,0,1,TaskSwitchDisplay,1,1,Keyboard,0.100000,0.000000,0.000000,0.000000,0.000000,,,,0.000000,0.000000,0.000000,0.000000,0.000000,0.000000,0.000000,0.000000,-1,0,,0,0,0,0,0,TaskSwitchPedal,,0,Visual,1,0,0,0,,,,,,1
20261009T023155757Z_8570c874f977414da5921277d60a96eb,,,1,36,2026-10-09T02:31:57.7693812Z,2.008547,0.106443,598,0,-1,Idle,0,1,TaskSwitchDisplay,1,1,Keyboard,0.100000,0.000000,0.000000,0.000000,0.000000,,,,0.000000,0.000000,0.000000,0.000000,0.000000,0.000000,0.000000,0.000000,-1,0,,0,0,0,0,0,TaskSwitchPedal,,0,Visual,1,0,0,0,,,,,,1
20261009T023155757Z_8570c874f977414da5921277d60a96eb,,,1,37,2026-10-09T02:31:57.8263222Z,2.064929,0.106443,606,0,-1,Idle,0,1,TaskSwitchDisplay,1,1,Keyboard,0.100000,0.000000,0.000000,0.000000,0.000000,,,,0.000000,0.000000,0.000000,0.000000,0.000000,0.000000,0.000000,0.000000,-1,0,,0,0,0,0,0,TaskSwitchPedal,,0,Visual,1,0,0,0,,,,,,1
20261009T023155757Z_8570c874f977414da5921277d60a96eb,,,1,38,2026-10-09T02:31:57.8820528Z,2.121358,0.106443,613,0,-1,Idle,0,1,TaskSwitchDisplay,1,1,Keyboard,0.100000,0.000000,0.000000,0.000000,0.000000,,,,0.000000,0.000000,0.000000,0.000000,0.000000,0.000000,0.000000,0.000000,-1,0,,0,0,0,0,0,TaskSwitchPedal,,0,Visual,1,0,0,0,,,,,,1
20261009T023155757Z_8570c874f977414da5921277d60a96eb,,,1,39,2026-10-09T02:31:57.9395466Z,2.178053,0.106443,621,0,-1,Idle,0,1,TaskSwitchDisplay,1,1,Keyboard,0.100000,0.000000,0.000000,0.000000,0.000000,,,,0.000000,0.000000,0.000000,0.000000,0.000000,0.000000,0.000000,0.000000,-1,0,,0,0,0,0,0,TaskSwitchPedal,,0,Visual,1,0,0,0,,,,,,1
20261009T023155757Z_8570c874f977414da5921277d60a96eb,,,1,40,2026-10-09T02:31:58.0011970Z,2.240348,0.106443,628,0,-1,Idle,0,1,TaskSwitchDisplay,1,1,Keyboard,0.100000,0.000000,0.000000,0.000000,0.000000,,,,0.000000,0.000000,0.000000,0.000000,0.000000,0.000000,0.000000,0.000000,-1,0,,0,0,0,0,0,TaskSwitchPedal,,0,Visual,1,0,0,0,,,,,,1
20261009T023155757Z_8570c874f977414da5921277d60a96eb,,,1,41,2026-10-09T02:31:58.0526367Z,2.291272,0.106443,633,0,-1,Idle,0,1,TaskSwitchDisplay,1,1,Keyboard,0.100000,0.000000,0.000000,0.000000,0.000000,,,,0.000000,0.000000,0.000000,0.000000,0.000000,0.000000,0.000000,0.000000,-1,0,,0,0,0,0,0,TaskSwitchPedal,,0,Visual,1,0,0,0,,,,,,1
20261009T023155757Z_8570c874f977414da5921277d60a96eb,,,1,42,2026-10-09T02:31:58.1036225Z,2.343021,0.106443,638,0,-1,Idle,0,1,TaskSwitchDisplay,1,1,Keyboard,0.100000,0.000000,0.000000,0.000000,0.000000,,,,0.000000,0.000000,0.000000,0.000000,0.000000,0.000000,0.000000,0.000000,-1,0,,0,0,0,0,0,TaskSwitchPedal,,0,Visual,1,0,0,0,,,,,,1
20261009T023155757Z_8570c874f977414da5921277d60a96eb,,,1,43,2026-10-09T02:31:58.1559755Z,2.395771,0.106443,644,0,-1,Idle,0,1,TaskSwitchDisplay,1,1,Keyboard,0.100000,0.000000,0.000000,0.000000,0.000000,,,,0.000000,0.000000,0.000000,0.000000,0.000000,0.000000,0.000000,0.000000,-1,0,,0,0,0,0,0,TaskSwitchPedal,,0,Visual,1,0,0,0,,,,,,1
20261009T023155757Z_8570c874f977414da5921277d60a96eb,,,1,44,2026-10-09T02:31:58.2098453Z,2.449180,0.106443,650,0,-1,Idle,0,1,TaskSwitchDisplay,1,1,Keyboard,0.100000,0.000000,0.000000,0.000000,0.000000,,,,0.000000,0.000000,0.000000,0.000000,0.000000,0.000000,0.000000,0.000000,-1,0,,0,0,0,0,0,TaskSwitchPedal,,0,Visual,1,0,0,0,,,,,,1
20261009T023155757Z_8570c874f977414da5921277d60a96eb,,,1,45,2026-10-09T02:31:58.2615165Z,2.500227,0.106443,656,0,-1,Idle,0,1,TaskSwitchDisplay,1,1,Keyboard,0.100000,0.000000,0.000000,0.000000,0.000000,,,,0.000000,0.000000,0.000000,0.000000,0.000000,0.000000,0.000000,0.000000,-1,0,,0,0,0,0,0,TaskSwitchPedal,,0,Visual,1,0,0,0,,,,,,1
20261009T023155757Z_8570c874f977414da5921277d60a96eb,,,1,46,2026-10-09T02:31:58.3141360Z,2.553536,0.106443,664,0,-1,Idle,0,1,TaskSwitchDisplay,1,1,Keyboard,0.100000,0.000000,0.000000,0.000000,0.000000,,,,0.000000,0.000000,0.000000,0.000000,0.000000,0.000000,0.000000,0.000000,-1,0,,0,0,0,0,0,TaskSwitchPedal,,0,Visual,1,0,0,0,,,,,,1
20261009T023155757Z_8570c874f977414da5921277d60a96eb,,,1,47,2026-10-09T02:31:58.3700422Z,2.608471,0.106443,673,0,-1,Idle,0,1,TaskSwitchDisplay,1,1,Keyboard,0.100000,0.000000,0.000000,0.000000,0.000000,,,,0.000000,0.000000,0.000000,0.000000,0.000000,0.000000,0.000000,0.000000,-1,0,,0,0,0,0,0,TaskSwitchPedal,,0,Visual,1,0,0,0,,,,,,1
20261009T023155757Z_8570c874f977414da5921277d60a96eb,,,1,48,2026-10-09T02:31:58.4223206Z,2.661443,0.106443,682,0,-1,Idle,0,1,TaskSwitchDisplay,1,1,Keyboard,0.100000,0.000000,0.000000,0.000000,0.000000,,,,0.000000,0.000000,0.000000,0.000000,0.000000,0.000000,0.000000,0.000000,-1,0,,0,0,0,0,0,TaskSwitchPedal,,0,Visual,1,0,0,0,,,,,,1
20261009T023155757Z_8570c874f977414da5921277d60a96eb,,,1,49,2026-10-09T02:31:58.4749693Z,2.714226,0.106443,691,0,-1,Idle,0,1,TaskSwitchDisplay,1,1,Keyboard,0.100000,0.000000,0.000000,0.000000,0.000000,,,,0.000000,0.000000,0.000000,0.000000,0.000000,0.000000,0.000000,0.000000,-1,0,,0,0,0,0,0,TaskSwitchPedal,,0,Visual,1,0,0,0,,,,,,1
20261009T023155757Z_8570c874f977414da5921277d60a96eb,,,1,50,2026-10-09T02:31:58.5330406Z,2.771569,0.106443,699,0,-1,Idle,0,1,TaskSwitchDisplay,1,1,Keyboard,0.100000,0.000000,0.000000,0.000000,0.000000,,,,0.000000,0.000000,0.000000,0.000000,0.000000,0.000000,0.000000,0.000000,-1,0,,0,0,0,0,0,TaskSwitchPedal,,0,Visual,1,0,0,0,,,,,,1
20261009T023155757Z_8570c874f977414da5921277d60a96eb,,,1,51,2026-10-09T02:31:58.5905020Z,2.829645,0.106443,704,0,-1,Idle,0,1,TaskSwitchDisplay,1,1,Keyboard,0.100000,0.000000,0.000000,0.000000,0.000000,,,,0.000000,0.000000,0.000000,0.000000,0.000000,0.000000,0.000000,0.000000,-1,0,,0,0,0,0,0,TaskSwitchPedal,,0,Visual,1,0,0,0,,,,,,1
20261009T023155757Z_8570c874f977414da5921277d60a96eb,,,1,52,2026-10-09T02:31:58.6426669Z,2.881314,0.106443,710,0,-1,Idle,0,1,TaskSwitchDisplay,1,1,Keyboard,0.100000,0.000000,0.000000,0.000000,0.000000,,,,0.000000,0.000000,0.000000,0.000000,0.000000,0.000000,0.000000,0.000000,-1,0,,0,0,0,0,0,TaskSwitchPedal,,0,Visual,1,0,0,0,,,,,,1
20261009T023155757Z_8570c874f977414da5921277d60a96eb,,,1,53,2026-10-09T02:31:58.6939567Z,2.932870,0.106443,717,0,-1,Idle,0,1,TaskSwitchDisplay,1,1,Keyboard,0.100000,0.000000,0.000000,0.000000,0.000000,,,,0.000000,0.000000,0.000000,0.000000,0.000000,0.000000,0.000000,0.000000,-1,0,,0,0,0,0,0,TaskSwitchPedal,,0,Visual,1,0,0,0,,,,,,1
20261009T023155757Z_8570c874f977414da5921277d60a96eb,,,1,54,2026-10-09T02:31:58.7452158Z,2.984359,0.106443,724,0,-1,Idle,0,1,TaskSwitchDisplay,1,1,Keyboard,0.100000,0.000000,0.000000,0.000000,0.000000,,,,0.000000,0.000000,0.000000,0.000000,0.000000,0.000000,0.000000,0.000000,-1,0,,0,0,0,0,0,TaskSwitchPedal,,0,Visual,1,0,0,0,,,,,,1
20261009T023155757Z_8570c874f977414da5921277d60a96eb,,,1,55,2026-10-09T02:31:58.8014298Z,3.040655,0.106443,732,0,-1,Idle,0,1,TaskSwitchDisplay,1,1,Keyboard,0.100000,0.000000,0.000000,0.000000,0.000000,,,,0.000000,0.000000,0.000000,0.000000,0.000000,0.000000,0.000000,0.000000,-1,0,,0,0,0,0,0,TaskSwitchPedal,,0,Visual,1,0,0,0,,,,,,1
20261009T023155757Z_8570c874f977414da5921277d60a96eb,,,1,56,2026-10-09T02:31:58.8577267Z,3.096236,0.106443,739,0,-1,Idle,0,1,TaskSwitchDisplay,1,1,Keyboard,0.100000,0.000000,0.000000,0.000000,0.000000,,,,0.000000,0.000000,0.000000,0.000000,0.000000,0.000000,0.000000,0.000000,-1,0,,0,0,0,0,0,TaskSwitchPedal,,0,Visual,1,0,0,0,,,,,,1
20261009T023155757Z_8570c874f977414da5921277d60a96eb,,,1,57,2026-10-09T02:31:58.9098413Z,3.148301,0.106443,747,0,-1,Idle,0,1,TaskSwitchDisplay,1,1,Keyboard,0.100000,0.000000,0.000000,0.000000,0.000000,,,,0.000000,0.000000,0.000000,0.000000,0.000000,0.000000,0.000000,0.000000,-1,0,,0,0,0,0,0,TaskSwitchPedal,,0,Visual,1,0,0,0,,,,,,1
20261009T023155757Z_8570c874f977414da5921277d60a96eb,,,1,58,2026-10-09T02:31:58.9643807Z,3.203180,0.106443,756,0,-1,Idle,0,1,TaskSwitchDisplay,1,1,Keyboard,0.100000,0.000000,0.000000,0.000000,0.000000,,,,0.000000,0.000000,0.000000,0.000000,0.000000,0.000000,0.000000,0.000000,-1,0,,0,0,0,0,0,TaskSwitchPedal,,0,Visual,1,0,0,0,,,,,,1
20261009T023155757Z_8570c874f977414da5921277d60a96eb,,,1,59,2026-10-09T02:31:59.0172341Z,3.255901,0.106443,764,0,-1,Idle,0,1,TaskSwitchDisplay,1,1,Keyboard,0.100000,0.000000,0.000000,0.000000,0.000000,,,,0.000000,0.000000,0.000000,0.000000,0.000000,0.000000,0.000000,0.000000,-1,0,,0,0,0,0,0,TaskSwitchPedal,,0,Visual,1,0,0,0,,,,,,1
20261009T023155757Z_8570c874f977414da5921277d60a96eb,,,1,60,2026-10-09T02:31:59.0689156Z,3.307906,0.106443,770,0,-1,Idle,0,1,TaskSwitchDisplay,1,1,Keyboard,0.100000,0.000000,0.000000,0.000000,0.000000,,,,0.000000,0.000000,0.000000,0.000000,0.000000,0.000000,0.000000,0.000000,-1,0,,0,0,0,0,0,TaskSwitchPedal,,0,Visual,1,0,0,0,,,,,,1
20261009T023155757Z_8570c874f977414da5921277d60a96eb,,,1,61,2026-10-09T02:31:59.1245174Z,3.362939,0.106443,777,0,-1,Idle,0,1,TaskSwitchDisplay,1,1,Keyboard,0.100000,0.000000,0.000000,0.000000,0.000000,,,,0.000000,0.000000,0.000000,0.000000,0.000000,0.000000,0.000000,0.000000,-1,0,,0,0,0,0,0,TaskSwitchPedal,,0,Visual,1,0,0,0,,,,,,1
20261009T023155757Z_8570c874f977414da5921277d60a96eb,,,1,62,2026-10-09T02:31:59.1744762Z,3.413116,0.106443,784,0,-1,Idle,0,1,TaskSwitchDisplay,1,1,Keyboard,0.100000,0.000000,0.000000,0.000000,0.000000,,,,0.000000,0.000000,0.000000,0.000000,0.000000,0.000000,0.000000,0.000000,-1,0,,0,0,0,0,0,TaskSwitchPedal,,0,Visual,1,0,0,0,,,,,,1
20261009T023155757Z_8570c874f977414da5921277d60a96eb,,,1,63,2026-10-09T02:31:59.2241945Z,3.463807,0.106443,791,0,-1,Idle,0,1,TaskSwitchDisplay,1,1,Keyboard,0.100000,0.000000,0.000000,0.000000,0.000000,,,,0.000000,0.000000,0.000000,0.000000,0.000000,0.000000,0.000000,0.000000,-1,0,,0,0,0,0,0,TaskSwitchPedal,,0,Visual,1,0,0,0,,,,,,1
20261009T023155757Z_8570c874f977414da5921277d60a96eb,,,1,64,2026-10-09T02:31:59.2778552Z,3.516533,0.106443,798,0,-1,Idle,0,1,TaskSwitchDisplay,1,1,Keyboard,0.100000,0.000000,0.000000,0.000000,0.000000,,,,0.000000,0.000000,0.000000,0.000000,0.000000,0.000000,0.000000,0.000000,-1,0,,0,0,0,0,0,TaskSwitchPedal,,0,Visual,1,0,0,0,,,,,,1
20261009T023155757Z_8570c874f977414da5921277d60a96eb,,,1,65,2026-10-09T02:31:59.3333505Z,3.571940,0.106443,806,0,-1,Idle,0,1,TaskSwitchDisplay,1,1,Keyboard,0.100000,0.000000,0.000000,0.000000,0.000000,,,,0.000000,0.000000,0.000000,0.000000,0.000000,0.000000,0.000000,0.000000,-1,0,,0,0,0,0,0,TaskSwitchPedal,,0,Visual,1,0,0,0,,,,,,1
20261009T023155757Z_8570c874f977414da5921277d60a96eb,,,1,66,2026-10-09T02:31:59.3843462Z,3.623596,0.106443,813,0,-1,Idle,0,1,TaskSwitchDisplay,1,1,Keyboard,0.100000,0.000000,0.000000,0.000000,0.000000,,,,0.000000,0.000000,0.000000,0.000000,0.000000,0.000000,0.000000,0.000000,-1,0,,0,0,0,0,0,TaskSwitchPedal,,0,Visual,1,0,0,0,,,,,,1
20261009T023155757Z_8570c874f977414da5921277d60a96eb,,,1,67,2026-10-09T02:31:59.4372580Z,3.675699,0.106443,821,0,-1,Idle,0,1,TaskSwitchDisplay,1,1,Keyboard,0.100000,0.000000,0.000000,0.000000,0.000000,,,,0.000000,0.000000,0.000000,0.000000,0.000000,0.000000,0.000000,0.000000,-1,0,,0,0,0,0,0,TaskSwitchPedal,,0,Visual,1,0,0,0,,,,,,1
20261009T023155757Z_8570c874f977414da5921277d60a96eb,,,1,68,2026-10-09T02:31:59.4899124Z,3.729122,0.106443,828,0,-1,Idle,0,1,TaskSwitchDisplay,1,1,Keyboard,0.100000,0.000000,0.000000,0.000000,0.000000,,,,0.000000,0.000000,0.000000,0.000000,0.000000,0.000000,0.000000,0.000000,-1,0,,0,0,0,0,0,TaskSwitchPedal,,0,Visual,1,0,0,0,,,,,,1
20261009T023155757Z_8570c874f977414da5921277d60a96eb,,,1,69,2026-10-09T02:31:59.5415501Z,3.780266,0.106443,834,0,-1,Idle,0,1,TaskSwitchDisplay,1,1,Keyboard,0.100000,0.000000,0.000000,0.000000,0.000000,,,,0.000000,0.000000,0.000000,0.000000,0.000000,0.000000,0.000000,0.000000,-1,0,,0,0,0,0,0,TaskSwitchPedal,,0,Visual,1,0,0,0,,,,,,1
20261009T023155757Z_8570c874f977414da5921277d60a96eb,,,1,70,2026-10-09T02:31:59.5914962Z,3.830272,0.106443,839,0,-1,Idle,0,1,TaskSwitchDisplay,1,1,Keyboard,0.100000,0.000000,0.000000,0.000000,0.000000,,,,0.000000,0.000000,0.000000,0.000000,0.000000,0.000000,0.000000,0.000000,-1,0,,0,0,0,0,0,TaskSwitchPedal,,0,Visual,1,0,0,0,,,,,,1
20261009T023155757Z_8570c874f977414da5921277d60a96eb,,,1,71,2026-10-09T02:31:59.6417169Z,3.880721,0.106443,844,0,-1,Idle,0,1,TaskSwitchDisplay,1,1,Keyboard,0.100000,0.000000,0.000000,0.000000,0.000000,,,,0.000000,0.000000,0.000000,0.000000,0.000000,0.000000,0.000000,0.000000,-1,0,,0,0,0,0,0,TaskSwitchPedal,,0,Visual,1,0,0,0,,,,,,1
20261009T023155757Z_8570c874f977414da5921277d60a96eb,,,1,72,2026-10-09T02:31:59.6950044Z,3.933794,0.106443,851,0,-1,Idle,0,1,TaskSwitchDisplay,1,1,Keyboard,0.100000,0.000000,0.000000,0.000000,0.000000,,,,0.000000,0.000000,0.000000,0.000000,0.000000,0.000000,0.000000,0.000000,-1,0,,0,0,0,0,0,TaskSwitchPedal,,0,Visual,1,0,0,0,,,,,,1
20261009T023155757Z_8570c874f977414da5921277d60a96eb,,,1,73,2026-10-09T02:31:59.7492218Z,3.988460,0.106443,859,0,-1,Idle,0,1,TaskSwitchDisplay,1,1,Keyboard,0.100000,0.000000,0.000000,0.000000,0.000000,,,,0.000000,0.000000,0.000000,0.000000,0.000000,0.000000,0.000000,0.000000,-1,0,,0,0,0,0,0,TaskSwitchPedal,,0,Visual,1,0,0,0,,,,,,1
20261009T023155757Z_8570c874f977414da5921277d60a96eb,,,1,74,2026-10-09T02:31:59.8029910Z,4.042361,0.106443,868,0,-1,Idle,0,1,TaskSwitchDisplay,1,1,Keyboard,0.100000,0.000000,0.000000,0.000000,0.000000,,,,0.000000,0.000000,0.000000,0.000000,0.000000,0.000000,0.000000,0.000000,-1,0,,0,0,0,0,0,TaskSwitchPedal,,0,Visual,1,0,0,0,,,,,,1
20261009T023155757Z_8570c874f977414da5921277d60a96eb,,,1,75,2026-10-09T02:31:59.8579231Z,4.097210,0.106443,877,0,-1,Idle,0,1,TaskSwitchDisplay,1,1,Keyboard,0.100000,0.000000,0.000000,0.000000,0.000000,,,,0.000000,0.000000,0.000000,0.000000,0.000000,0.000000,0.000000,0.000000,-1,0,,0,0,0,0,0,TaskSwitchPedal,,0,Visual,1,0,0,0,,,,,,1
20261009T023155757Z_8570c874f977414da5921277d60a96eb,,,1,76,2026-10-09T02:31:59.9097351Z,4.149056,0.106443,885,0,-1,Idle,0,1,TaskSwitchDisplay,1,1,Keyboard,0.100000,0.000000,0.000000,0.000000,0.000000,,,,0.000000,0.000000,0.000000,0.000000,0.000000,0.000000,0.000000,0.000000,-1,0,,0,0,0,0,0,TaskSwitchPedal,,0,Visual,1,0,0,0,,,,,,1
20261009T023155757Z_8570c874f977414da5921277d60a96eb,,,1,77,2026-10-09T02:31:59.9650549Z,4.203887,0.106443,894,0,-1,Idle,0,1,TaskSwitchDisplay,1,1,Keyboard,0.100000,0.000000,0.000000,0.000000,0.000000,,,,0.000000,0.000000,0.000000,0.000000,0.000000,0.000000,0.000000,0.000000,-1,0,,0,0,0,0,0,TaskSwitchPedal,,0,Visual,1,0,0,0,,,,,,1
20261009T023155757Z_8570c874f977414da5921277d60a96eb,,,1,78,2026-10-09T02:32:00.1355260Z,4.374851,0.106443,898,0,-1,Idle,0,1,TaskSwitchDisplay,1,1,Keyboard,0.100000,0.000000,0.000000,0.000000,0.000000,,,,0.000000,0.000000,0.000000,0.000000,0.000000,0.000000,0.000000,0.000000,-1,0,,0,0,0,0,0,TaskSwitchPedal,,0,Visual,1,0,0,0,,,,,,1
20261009T023155757Z_8570c874f977414da5921277d60a96eb,,,1,79,2026-10-09T02:32:00.1929294Z,4.431983,0.106443,900,0,-1,Idle,0,1,TaskSwitchDisplay,1,1,Keyboard,0.100000,0.000000,0.000000,0.000000,0.000000,,,,0.000000,0.000000,0.000000,0.000000,0.000000,0.000000,0.000000,0.000000,-1,0,,0,0,0,0,0,TaskSwitchPedal,,0,Visual,1,0,0,0,,,,,,1
20261009T023155757Z_8570c874f977414da5921277d60a96eb,,,1,80,2026-10-09T02:32:00.2457513Z,4.484449,0.106443,905,0,-1,Idle,0,1,TaskSwitchDisplay,1,1,Keyboard,0.100000,0.000000,0.000000,0.000000,0.000000,,,,0.000000,0.000000,0.000000,0.000000,0.000000,0.000000,0.000000,0.000000,-1,0,,0,0,0,0,0,TaskSwitchPedal,,0,Visual,1,0,0,0,,,,,,1
20261009T023155757Z_8570c874f977414da5921277d60a96eb,,,1,81,2026-10-09T02:32:00.3021471Z,4.540608,0.106443,910,0,-1,Idle,0,1,TaskSwitchDisplay,1,1,Keyboard,0.100000,0.000000,0.000000,0.000000,0.000000,,,,0.000000,0.000000,0.000000,0.000000,0.000000,0.000000,0.000000,0.000000,-1,0,,0,0,0,0,0,TaskSwitchPedal,,0,Visual,1,0,0,0,,,,,,1
20261009T023155757Z_8570c874f977414da5921277d60a96eb,,,1,82,2026-10-09T02:32:00.3602975Z,4.599589,0.106443,916,0,-1,Idle,0,1,TaskSwitchDisplay,1,1,Keyboard,0.100000,0.000000,0.000000,0.000000,0.000000,,,,0.000000,0.000000,0.000000,0.000000,0.000000,0.000000,0.000000,0.000000,-1,0,,0,0,0,0,0,TaskSwitchPedal,,0,Visual,1,0,0,0,,,,,,1
20261009T023155757Z_8570c874f977414da5921277d60a96eb,,,1,83,2026-10-09T02:32:00.4143634Z,4.653335,0.106443,922,0,-1,Idle,0,1,TaskSwitchDisplay,1,1,Keyboard,0.100000,0.000000,0.000000,0.000000,0.000000,,,,0.000000,0.000000,0.000000,0.000000,0.000000,0.000000,0.000000,0.000000,-1,0,,0,0,0,0,0,TaskSwitchPedal,,0,Visual,1,0,0,0,,,,,,1
20261009T023155757Z_8570c874f977414da5921277d60a96eb,,,1,84,2026-10-09T02:32:00.4679824Z,4.706756,0.106443,928,0,-1,Idle,0,1,TaskSwitchDisplay,1,1,Keyboard,0.100000,0.000000,0.000000,0.000000,0.000000,,,,0.000000,0.000000,0.000000,0.000000,0.000000,0.000000,0.000000,0.000000,-1,0,,0,0,0,0,0,TaskSwitchPedal,,0,Visual,1,0,0,0,,,,,,1
20261009T023155757Z_8570c874f977414da5921277d60a96eb,,,1,85,2026-10-09T02:32:00.5188250Z,4.758068,0.106443,934,0,-1,Idle,0,1,TaskSwitchDisplay,1,1,Keyboard,0.100000,0.000000,0.000000,0.000000,0.000000,,,,0.000000,0.000000,0.000000,0.000000,0.000000,0.000000,0.000000,0.000000,-1,0,,0,0,0,0,0,TaskSwitchPedal,,0,Visual,1,0,0,0,,,,,,1
20261009T023155757Z_8570c874f977414da5921277d60a96eb,,,1,86,2026-10-09T02:32:00.5716047Z,4.810818,0.106443,940,0,-1,Idle,0,1,TaskSwitchDisplay,1,1,Keyboard,0.100000,0.000000,0.000000,0.000000,0.000000,,,,0.000000,0.000000,0.000000,0.000000,0.000000,0.000000,0.000000,0.000000,-1,0,,0,0,0,0,0,TaskSwitchPedal,,0,Visual,1,0,0,0,,,,,,1
20261009T023155757Z_8570c874f977414da5921277d60a96eb,,,1,87,2026-10-09T02:32:00.6266359Z,4.865535,0.106443,946,0,-1,Idle,0,1,TaskSwitchDisplay,1,1,Keyboard,0.100000,0.000000,0.000000,0.000000,0.000000,,,,0.000000,0.000000,0.000000,0.000000,0.000000,0.000000,0.000000,0.000000,-1,0,,0,0,0,0,0,TaskSwitchPedal,,0,Visual,1,0,0,0,,,,,,1
20261009T023155757Z_8570c874f977414da5921277d60a96eb,,,1,88,2026-10-09T02:32:01.7206978Z,5.959681,0.106443,947,0,-1,Idle,0,1,TaskSwitchDisplay,1,1,Keyboard,0.100000,0.000000,0.000000,0.000000,0.000000,,,,0.000000,0.000000,0.000000,0.000000,0.000000,0.000000,0.000000,0.000000,-1,0,,0,0,0,0,0,TaskSwitchPedal,,0,Visual,1,0,0,0,,,,,,1
20261009T023155757Z_8570c874f977414da5921277d60a96eb,,,1,89,2026-10-09T02:32:01.7794187Z,6.018057,0.106443,952,0,-1,Idle,0,1,TaskSwitchDisplay,1,1,Keyboard,0.100000,0.000000,0.000000,0.000000,0.000000,,,,0.000000,0.000000,0.000000,0.000000,0.000000,0.000000,0.000000,0.000000,-1,0,,0,0,0,0,0,TaskSwitchPedal,,0,Visual,1,0,0,0,,,,,,1
20261009T023155757Z_8570c874f977414da5921277d60a96eb,,,1,90,2026-10-09T02:32:01.8313342Z,6.070459,0.106443,957,0,-1,Idle,0,1,TaskSwitchDisplay,1,1,Keyboard,0.100000,0.000000,0.000000,0.000000,0.000000,,,,0.000000,0.000000,0.000000,0.000000,0.000000,0.000000,0.000000,0.000000,-1,0,,0,0,0,0,0,TaskSwitchPedal,,0,Visual,1,0,0,0,,,,,,1
20261009T023155757Z_8570c874f977414da5921277d60a96eb,,,1,91,2026-10-09T02:32:01.8829832Z,6.121980,0.106443,962,0,-1,Idle,0,1,TaskSwitchDisplay,1,1,Keyboard,0.100000,0.000000,0.000000,0.000000,0.000000,,,,0.000000,0.000000,0.000000,0.000000,0.000000,0.000000,0.000000,0.000000,-1,0,,0,0,0,0,0,TaskSwitchPedal,,0,Visual,1,0,0,0,,,,,,1
20261009T023155757Z_8570c874f977414da5921277d60a96eb,,,1,92,2026-10-09T02:32:01.9353840Z,6.174087,0.106443,966,0,-1,Idle,0,1,TaskSwitchDisplay,1,1,Keyboard,0.100000,0.000000,0.000000,0.000000,0.000000,,,,0.000000,0.000000,0.000000,0.000000,0.000000,0.000000,0.000000,0.000000,-1,0,,0,0,0,0,0,TaskSwitchPedal,,0,Visual,1,0,0,0,,,,,,1
20261009T023155757Z_8570c874f977414da5921277d60a96eb,,,1,93,2026-10-09T02:32:01.9870827Z,6.225657,0.106443,971,0,-1,Idle,0,1,TaskSwitchDisplay,1,1,Keyboard,0.100000,0.000000,0.000000,0.000000,0.000000,,,,0.000000,0.000000,0.000000,0.000000,0.000000,0.000000,0.000000,0.000000,-1,0,,0,0,0,0,0,TaskSwitchPedal,,0,Visual,1,0,0,0,,,,,,1
20261009T023155757Z_8570c874f977414da5921277d60a96eb,,,1,94,2026-10-09T02:32:02.0385126Z,6.277582,0.106443,976,0,-1,Idle,0,1,TaskSwitchDisplay,1,1,Keyboard,0.100000,0.000000,0.000000,0.000000,0.000000,,,,0.000000,0.000000,0.000000,0.000000,0.000000,0.000000,0.000000,0.000000,-1,0,,0,0,0,0,0,TaskSwitchPedal,,0,Visual,1,0,0,0,,,,,,1
20261009T023155757Z_8570c874f977414da5921277d60a96eb,,,1,95,2026-10-09T02:32:02.0898299Z,6.328280,0.106443,981,0,-1,Idle,0,1,TaskSwitchDisplay,1,1,Keyboard,0.100000,0.000000,0.000000,0.000000,0.000000,,,,0.000000,0.000000,0.000000,0.000000,0.000000,0.000000,0.000000,0.000000,-1,0,,0,0,0,0,0,TaskSwitchPedal,,0,Visual,1,0,0,0,,,,,,1
20261009T023155757Z_8570c874f977414da5921277d60a96eb,,,1,96,2026-10-09T02:32:02.1409692Z,6.379589,0.106443,986,0,-1,Idle,0,1,TaskSwitchDisplay,1,1,Keyboard,0.100000,0.000000,0.000000,0.000000,0.000000,,,,0.000000,0.000000,0.000000,0.000000,0.000000,0.000000,0.000000,0.000000,-1,0,,0,0,0,0,0,TaskSwitchPedal,,0,Visual,1,0,0,0,,,,,,1
20261009T023155757Z_8570c874f977414da5921277d60a96eb,,,1,97,2026-10-09T02:32:02.1973334Z,6.436716,0.106443,992,0,-1,Idle,0,1,TaskSwitchDisplay,1,1,Keyboard,0.100000,0.000000,0.000000,0.000000,0.000000,,,,0.000000,0.000000,0.000000,0.000000,0.000000,0.000000,0.000000,0.000000,-1,0,,0,0,0,0,0,TaskSwitchPedal,,0,Visual,1,0,0,0,,,,,,1
20261009T023155757Z_8570c874f977414da5921277d60a96eb,,,1,98,2026-10-09T02:32:02.2532400Z,6.492822,0.106443,998,0,-1,Idle,0,1,TaskSwitchDisplay,1,1,Keyboard,0.100000,0.000000,0.000000,0.000000,0.000000,,,,0.000000,0.000000,0.000000,0.000000,0.000000,0.000000,0.000000,0.000000,-1,0,,0,0,0,0,0,TaskSwitchPedal,,0,Visual,1,0,0,0,,,,,,1
20261009T023155757Z_8570c874f977414da5921277d60a96eb,,,1,99,2026-10-09T02:32:02.3107207Z,6.549153,0.106443,1004,0,-1,Idle,0,1,TaskSwitchDisplay,1,1,Keyboard,0.100000,0.000000,0.000000,0.000000,0.000000,,,,0.000000,0.000000,0.000000,0.000000,0.000000,0.000000,0.000000,0.000000,-1,0,,0,0,0,0,0,TaskSwitchPedal,,0,Visual,1,0,0,0,,,,,,1
20261009T023155757Z_8570c874f977414da5921277d60a96eb,,,1,100,2026-10-09T02:32:02.3690196Z,6.607930,0.106443,1010,0,-1,Idle,0,1,TaskSwitchDisplay,1,1,Keyboard,0.100000,0.000000,0.000000,0.000000,0.000000,,,,0.000000,0.000000,0.000000,0.000000,0.000000,0.000000,0.000000,0.000000,-1,0,,0,0,0,0,0,TaskSwitchPedal,,0,Visual,1,0,0,0,,,,,,1
20261009T023155757Z_8570c874f977414da5921277d60a96eb,,,1,101,2026-10-09T02:32:02.4214214Z,6.660243,0.106443,1015,0,-1,Idle,0,1,TaskSwitchDisplay,1,1,Keyboard,0.100000,0.000000,0.000000,0.000000,0.000000,,,,0.000000,0.000000,0.000000,0.000000,0.000000,0.000000,0.000000,0.000000,-1,0,,0,0,0,0,0,TaskSwitchPedal,,0,Visual,1,0,0,0,,,,,,1
20261009T023155757Z_8570c874f977414da5921277d60a96eb,,,1,102,2026-10-09T02:32:02.4803161Z,6.718819,0.106443,1022,0,-1,Idle,0,1,TaskSwitchDisplay,1,1,Keyboard,0.100000,0.000000,0.000000,0.000000,0.000000,,,,0.000000,0.000000,0.000000,0.000000,0.000000,0.000000,0.000000,0.000000,-1,0,,0,0,0,0,0,TaskSwitchPedal,,0,Visual,1,0,0,0,,,,,,1
20261009T023155757Z_8570c874f977414da5921277d60a96eb,,,1,103,2026-10-09T02:32:02.5985752Z,6.837420,0.106443,1023,0,-1,Idle,0,1,TaskSwitchDisplay,1,1,Keyboard,0.100000,0.000000,0.000000,0.000000,0.000000,,,,0.000000,0.000000,0.000000,0.000000,0.000000,0.000000,0.000000,0.000000,-1,0,,0,0,0,0,0,TaskSwitchPedal,,0,Visual,1,0,0,0,,,,,,1
20261009T023155757Z_8570c874f977414da5921277d60a96eb,,,1,104,2026-10-09T02:32:02.6513473Z,6.890779,0.106443,1026,0,-1,Idle,0,1,TaskSwitchDisplay,1,1,Keyboard,0.100000,0.000000,0.000000,0.000000,0.000000,,,,0.000000,0.000000,0.000000,0.000000,0.000000,0.000000,0.000000,0.000000,-1,0,,0,0,0,0,0,TaskSwitchPedal,,0,Visual,1,0,0,0,,,,,,1
20261009T023155757Z_8570c874f977414da5921277d60a96eb,,,1,105,2026-10-09T02:32:02.7052768Z,6.943958,0.106443,1031,0,-1,Idle,0,1,TaskSwitchDisplay,1,1,Keyboard,0.100000,0.000000,0.000000,0.000000,0.000000,,,,0.000000,0.000000,0.000000,0.000000,0.000000,0.000000,0.000000,0.000000,-1,0,,0,0,0,0,0,TaskSwitchPedal,,0,Visual,1,0,0,0,,,,,,1
20261009T023155757Z_8570c874f977414da5921277d60a96eb,,,1,106,2026-10-09T02:32:02.7571671Z,6.995589,0.106443,1036,0,-1,Idle,0,1,TaskSwitchDisplay,1,1,Keyboard,0.100000,0.000000,0.000000,0.000000,0.000000,,,,0.000000,0.000000,0.000000,0.000000,0.000000,0.000000,0.000000,0.000000,-1,0,,0,0,0,0,0,TaskSwitchPedal,,0,Visual,1,0,0,0,,,,,,1
20261009T023155757Z_8570c874f977414da5921277d60a96eb,,,1,107,2026-10-09T02:32:02.8067200Z,7.045876,0.106443,1040,0,-1,Idle,0,1,TaskSwitchDisplay,1,1,Keyboard,0.100000,0.000000,0.000000,0.000000,0.000000,,,,0.000000,0.000000,0.000000,0.000000,0.000000,0.000000,0.000000,0.000000,-1,0,,0,0,0,0,0,TaskSwitchPedal,,0,Visual,1,0,0,0,,,,,,1
20261009T023155757Z_8570c874f977414da5921277d60a96eb,,,1,108,2026-10-09T02:32:02.8618834Z,7.101610,0.106443,1045,0,-1,Idle,0,1,TaskSwitchDisplay,1,1,Keyboard,0.100000,0.000000,0.000000,0.000000,0.000000,,,,0.000000,0.000000,0.000000,0.000000,0.000000,0.000000,0.000000,0.000000,-1,0,,0,0,0,0,0,TaskSwitchPedal,,0,Visual,1,0,0,0,,,,,,1
20261009T023155757Z_8570c874f977414da5921277d60a96eb,,,1,109,2026-10-09T02:32:02.9136578Z,7.152297,0.106443,1050,0,-1,Idle,0,1,TaskSwitchDisplay,1,1,Keyboard,0.100000,0.000000,0.000000,0.000000,0.000000,,,,0.000000,0.000000,0.000000,0.000000,0.000000,0.000000,0.000000,0.000000,-1,0,,0,0,0,0,0,TaskSwitchPedal,,0,Visual,1,0,0,0,,,,,,1
20261009T023155757Z_8570c874f977414da5921277d60a96eb,,,1,110,2026-10-09T02:32:02.9700106Z,7.209133,0.106443,1056,0,-1,Idle,0,1,TaskSwitchDisplay,1,1,Keyboard,0.100000,0.000000,0.000000,0.000000,0.000000,,,,0.000000,0.000000,0.000000,0.000000,0.000000,0.000000,0.000000,0.000000,-1,0,,0,0,0,0,0,TaskSwitchPedal,,0,Visual,1,0,0,0,,,,,,1
20261009T023155757Z_8570c874f977414da5921277d60a96eb,,,1,111,2026-10-09T02:32:03.0254779Z,7.264435,0.106443,1062,0,-1,Idle,0,1,TaskSwitchDisplay,1,1,Keyboard,0.100000,0.000000,0.000000,0.000000,0.000000,,,,0.000000,0.000000,0.000000,0.000000,0.000000,0.000000,0.000000,0.000000,-1,0,,0,0,0,0,0,TaskSwitchPedal,,0,Visual,1,0,0,0,,,,,,1
20261009T023155757Z_8570c874f977414da5921277d60a96eb,,,1,112,2026-10-09T02:32:03.0816918Z,7.320384,0.106443,1068,0,-1,Idle,0,1,TaskSwitchDisplay,1,1,Keyboard,0.100000,0.000000,0.000000,0.000000,0.000000,,,,0.000000,0.000000,0.000000,0.000000,0.000000,0.000000,0.000000,0.000000,-1,0,,0,0,0,0,0,TaskSwitchPedal,,0,Visual,1,0,0,0,,,,,,1
20261009T023155757Z_8570c874f977414da5921277d60a96eb,,,1,113,2026-10-09T02:32:03.1398767Z,7.378988,0.106443,1074,0,-1,Idle,0,1,TaskSwitchDisplay,1,1,Keyboard,0.100000,0.000000,0.000000,0.000000,0.000000,,,,0.000000,0.000000,0.000000,0.000000,0.000000,0.000000,0.000000,0.000000,-1,0,,0,0,0,0,0,TaskSwitchPedal,,0,Visual,1,0,0,0,,,,,,1
20261009T023155757Z_8570c874f977414da5921277d60a96eb,,,1,114,2026-10-09T02:32:03.2012424Z,7.439687,0.106443,1080,0,-1,Idle,0,1,TaskSwitchDisplay,1,1,Keyboard,0.100000,0.000000,0.000000,0.000000,0.000000,,,,0.000000,0.000000,0.000000,0.000000,0.000000,0.000000,0.000000,0.000000,-1,0,,0,0,0,0,0,TaskSwitchPedal,,0,Visual,1,0,0,0,,,,,,1
20261009T023155757Z_8570c874f977414da5921277d60a96eb,,,1,115,2026-10-09T02:32:03.2590017Z,7.498067,0.106443,1086,0,-1,Idle,0,1,TaskSwitchDisplay,1,1,Keyboard,0.100000,0.000000,0.000000,0.000000,0.000000,,,,0.000000,0.000000,0.000000,0.000000,0.000000,0.000000,0.000000,0.000000,-1,0,,0,0,0,0,0,TaskSwitchPedal,,0,Visual,1,0,0,0,,,,,,1
20261009T023155757Z_8570c874f977414da5921277d60a96eb,,,1,116,2026-10-09T02:32:03.3114596Z,7.550119,0.106443,1092,0,-1,Idle,0,1,TaskSwitchDisplay,1,1,Keyboard,0.100000,0.000000,0.000000,0.000000,0.000000,,,,0.000000,0.000000,0.000000,0.000000,0.000000,0.000000,0.000000,0.000000,-1,0,,0,0,0,0,0,TaskSwitchPedal,,0,Visual,1,0,0,0,,,,,,1
20261009T023155757Z_8570c874f977414da5921277d60a96eb,,,1,117,2026-10-09T02:32:03.3707986Z,7.609770,0.106443,1098,0,-1,Idle,0,1,TaskSwitchDisplay,1,1,Keyboard,0.100000,0.000000,0.000000,0.000000,0.000000,,,,0.000000,0.000000,0.000000,0.000000,0.000000,0.000000,0.000000,0.000000,-1,0,,0,0,0,0,0,TaskSwitchPedal,,0,Visual,1,0,0,0,,,,,,1
20261009T023155757Z_8570c874f977414da5921277d60a96eb,,,1,118,2026-10-09T02:32:03.4288736Z,7.667585,0.106443,1104,0,-1,Idle,0,1,TaskSwitchDisplay,1,1,Keyboard,0.100000,0.000000,0.000000,0.000000,0.000000,,,,0.000000,0.000000,0.000000,0.000000,0.000000,0.000000,0.000000,0.000000,-1,0,,0,0,0,0,0,TaskSwitchPedal,,0,Visual,1,0,0,0,,,,,,1
20261009T023155757Z_8570c874f977414da5921277d60a96eb,,,1,119,2026-10-09T02:32:03.4815881Z,7.720951,0.106443,1110,0,-1,Idle,0,1,TaskSwitchDisplay,1,1,Keyboard,0.100000,0.000000,0.000000,0.000000,0.000000,,,,0.000000,0.000000,0.000000,0.000000,0.000000,0.000000,0.000000,0.000000,-1,0,,0,0,0,0,0,TaskSwitchPedal,,0,Visual,1,0,0,0,,,,,,1
20261009T023155757Z_8570c874f977414da5921277d60a96eb,,,1,120,2026-10-09T02:32:03.5346878Z,7.773537,0.106443,1116,0,-1,Idle,0,1,TaskSwitchDisplay,1,1,Keyboard,0.100000,0.000000,0.000000,0.000000,0.000000,,,,0.000000,0.000000,0.000000,0.000000,0.000000,0.000000,0.000000,0.000000,-1,0,,0,0,0,0,0,TaskSwitchPedal,,0,Visual,1,0,0,0,,,,,,1
20261009T023155757Z_8570c874f977414da5921277d60a96eb,,,1,121,2026-10-09T02:32:03.5932044Z,7.831971,0.106443,1122,0,-1,Idle,0,1,TaskSwitchDisplay,1,1,Keyboard,0.100000,0.000000,0.000000,0.000000,0.000000,,,,0.000000,0.000000,0.000000,0.000000,0.000000,0.000000,0.000000,0.000000,-1,0,,0,0,0,0,0,TaskSwitchPedal,,0,Visual,1,0,0,0,,,,,,1
20261009T023155757Z_8570c874f977414da5921277d60a96eb,,,1,122,2026-10-09T02:32:03.6447870Z,7.884879,0.106443,1128,0,-1,Idle,0,1,TaskSwitchDisplay,1,1,Keyboard,0.100000,0.000000,0.000000,0.000000,0.000000,,,,0.000000,0.000000,0.000000,0.000000,0.000000,0.000000,0.000000,0.000000,-1,0,,0,0,0,0,0,TaskSwitchPedal,,0,Visual,1,0,0,0,,,,,,1
20261009T023155757Z_8570c874f977414da5921277d60a96eb,,,1,123,2026-10-09T02:32:03.6990785Z,7.938459,0.106443,1134,0,-1,Idle,0,1,TaskSwitchDisplay,1,1,Keyboard,0.100000,0.000000,0.000000,0.000000,0.000000,,,,0.000000,0.000000,0.000000,0.000000,0.000000,0.000000,0.000000,0.000000,-1,0,,0,0,0,0,0,TaskSwitchPedal,,0,Visual,1,0,0,0,,,,,,1
20261009T023155757Z_8570c874f977414da5921277d60a96eb,,,1,124,2026-10-09T02:32:03.7543208Z,7.993559,0.106443,1140,0,-1,Idle,0,1,TaskSwitchDisplay,1,1,Keyboard,0.100000,0.000000,0.000000,0.000000,0.000000,,,,0.000000,0.000000,0.000000,0.000000,0.000000,0.000000,0.000000,0.000000,-1,0,,0,0,0,0,0,TaskSwitchPedal,,0,Visual,1,0,0,0,,,,,,1
20261009T023155757Z_8570c874f977414da5921277d60a96eb,,,1,125,2026-10-09T02:32:03.8093783Z,8.048243,0.106443,1146,0,-1,Idle,0,1,TaskSwitchDisplay,1,1,Keyboard,0.100000,0.000000,0.000000,0.000000,0.000000,,,,0.000000,0.000000,0.000000,0.000000,0.000000,0.000000,0.000000,0.000000,-1,0,,0,0,0,0,0,TaskSwitchPedal,,0,Visual,1,0,0,0,,,,,,1
20261009T023155757Z_8570c874f977414da5921277d60a96eb,,,1,126,2026-10-09T02:32:03.8646262Z,8.104028,0.106443,1151,0,-1,Idle,0,1,TaskSwitchDisplay,1,1,Keyboard,0.100000,0.000000,0.000000,0.000000,0.000000,,,,0.000000,0.000000,0.000000,0.000000,0.000000,0.000000,0.000000,0.000000,-1,0,,0,0,0,0,0,TaskSwitchPedal,,0,Visual,1,0,0,0,,,,,,1
20261009T023155757Z_8570c874f977414da5921277d60a96eb,,,1,127,2026-10-09T02:32:03.9240841Z,8.163335,0.106443,1155,0,-1,Idle,0,1,TaskSwitchDisplay,1,1,Keyboard,0.100000,0.000000,0.000000,0.000000,0.000000,,,,0.000000,0.000000,0.000000,0.000000,0.000000,0.000000,0.000000,0.000000,-1,0,,0,0,0,0,0,TaskSwitchPedal,,0,Visual,1,0,0,0,,,,,,1
20261009T023155757Z_8570c874f977414da5921277d60a96eb,,,1,128,2026-10-09T02:32:03.9760175Z,8.215309,0.106443,1159,0,-1,Idle,0,1,TaskSwitchDisplay,1,1,Keyboard,0.100000,0.000000,0.000000,0.000000,0.000000,,,,0.000000,0.000000,0.000000,0.000000,0.000000,0.000000,0.000000,0.000000,-1,0,,0,0,0,0,0,TaskSwitchPedal,,0,Visual,1,0,0,0,,,,,,1
20261009T023155757Z_8570c874f977414da5921277d60a96eb,,,1,129,2026-10-09T02:32:04.0291396Z,8.268130,0.106443,1163,0,-1,Idle,0,1,TaskSwitchDisplay,1,1,Keyboard,0.100000,0.000000,0.000000,0.000000,0.000000,,,,0.000000,0.000000,0.000000,0.000000,0.000000,0.000000,0.000000,0.000000,-1,0,,0,0,0,0,0,TaskSwitchPedal,,0,Visual,1,0,0,0,,,,,,1
20261009T023155757Z_8570c874f977414da5921277d60a96eb,,,1,130,2026-10-09T02:32:04.0884065Z,8.326883,0.106443,1168,0,-1,Idle,0,1,TaskSwitchDisplay,1,1,Keyboard,0.100000,0.000000,0.000000,0.000000,0.000000,,,,0.000000,0.000000,0.000000,0.000000,0.000000,0.000000,0.000000,0.000000,-1,0,,0,0,0,0,0,TaskSwitchPedal,,0,Visual,1,0,0,0,,,,,,1
20261009T023155757Z_8570c874f977414da5921277d60a96eb,,,1,131,2026-10-09T02:32:04.1464648Z,8.385046,0.106443,1173,0,-1,Idle,0,1,TaskSwitchDisplay,1,1,Keyboard,0.100000,0.000000,0.000000,0.000000,0.000000,,,,0.000000,0.000000,0.000000,0.000000,0.000000,0.000000,0.000000,0.000000,-1,0,,0,0,0,0,0,TaskSwitchPedal,,0,Visual,1,0,0,0,,,,,,1
20261009T023155757Z_8570c874f977414da5921277d60a96eb,,,1,132,2026-10-09T02:32:04.2021631Z,8.441393,0.106443,1178,0,-1,Idle,0,1,TaskSwitchDisplay,1,1,Keyboard,0.100000,0.000000,0.000000,0.000000,0.000000,,,,0.000000,0.000000,0.000000,0.000000,0.000000,0.000000,0.000000,0.000000,-1,0,,0,0,0,0,0,TaskSwitchPedal,,0,Visual,1,0,0,0,,,,,,1
20261009T023155757Z_8570c874f977414da5921277d60a96eb,,,1,133,2026-10-09T02:32:04.2555474Z,8.494402,0.106443,1183,0,-1,Idle,0,1,TaskSwitchDisplay,1,1,Keyboard,0.100000,0.000000,0.000000,0.000000,0.000000,,,,0.000000,0.000000,0.000000,0.000000,0.000000,0.000000,0.000000,0.000000,-1,0,,0,0,0,0,0,TaskSwitchPedal,,0,Visual,1,0,0,0,,,,,,1
20261009T023155757Z_8570c874f977414da5921277d60a96eb,,,1,134,2026-10-09T02:32:04.3078561Z,8.546628,0.106443,1188,0,-1,Idle,0,1,TaskSwitchDisplay,1,1,Keyboard,0.100000,0.000000,0.000000,0.000000,0.000000,,,,0.000000,0.000000,0.000000,0.000000,0.000000,0.000000,0.000000,0.000000,-1,0,,0,0,0,0,0,TaskSwitchPedal,,0,Visual,1,0,0,0,,,,,,1
20261009T023155757Z_8570c874f977414da5921277d60a96eb,,,1,135,2026-10-09T02:32:04.3601035Z,8.598554,0.106443,1193,0,-1,Idle,0,1,TaskSwitchDisplay,1,1,Keyboard,0.100000,0.000000,0.000000,0.000000,0.000000,,,,0.000000,0.000000,0.000000,0.000000,0.000000,0.000000,0.000000,0.000000,-1,0,,0,0,0,0,0,TaskSwitchPedal,,0,Visual,1,0,0,0,,,,,,1
20261009T023155757Z_8570c874f977414da5921277d60a96eb,,,1,136,2026-10-09T02:32:04.4115412Z,8.650868,0.106443,1198,0,-1,Idle,0,1,TaskSwitchDisplay,1,1,Keyboard,0.100000,0.000000,0.000000,0.000000,0.000000,,,,0.000000,0.000000,0.000000,0.000000,0.000000,0.000000,0.000000,0.000000,-1,0,,0,0,0,0,0,TaskSwitchPedal,,0,Visual,1,0,0,0,,,,,,1
20261009T023155757Z_8570c874f977414da5921277d60a96eb,,,1,137,2026-10-09T02:32:04.4673396Z,8.706054,0.106443,1203,0,-1,Idle,0,1,TaskSwitchDisplay,1,1,Keyboard,0.100000,0.000000,0.000000,0.000000,0.000000,,,,0.000000,0.000000,0.000000,0.000000,0.000000,0.000000,0.000000,0.000000,-1,0,,0,0,0,0,0,TaskSwitchPedal,,0,Visual,1,0,0,0,,,,,,1
20261009T023155757Z_8570c874f977414da5921277d60a96eb,,,1,138,2026-10-09T02:32:04.5230714Z,8.762392,0.106443,1208,0,-1,Idle,0,1,TaskSwitchDisplay,1,1,Keyboard,0.100000,0.000000,0.000000,0.000000,0.000000,,,,0.000000,0.000000,0.000000,0.000000,0.000000,0.000000,0.000000,0.000000,-1,0,,0,0,0,0,0,TaskSwitchPedal,,0,Visual,1,0,0,0,,,,,,1
20261009T023155757Z_8570c874f977414da5921277d60a96eb,,,1,139,2026-10-09T02:32:04.5777697Z,8.816639,0.106443,1213,0,-1,Idle,0,1,TaskSwitchDisplay,1,1,Keyboard,0.100000,0.000000,0.000000,0.000000,0.000000,,,,0.000000,0.000000,0.000000,0.000000,0.000000,0.000000,0.000000,0.000000,-1,0,,0,0,0,0,0,TaskSwitchPedal,,0,Visual,1,0,0,0,,,,,,1
20261009T023155757Z_8570c874f977414da5921277d60a96eb,,,1,140,2026-10-09T02:32:04.6329640Z,8.871705,0.106443,1218,0,-1,Idle,0,1,TaskSwitchDisplay,1,1,Keyboard,0.100000,0.000000,0.000000,0.000000,0.000000,,,,0.000000,0.000000,0.000000,0.000000,0.000000,0.000000,0.000000,0.000000,-1,0,,0,0,0,0,0,TaskSwitchPedal,,0,Visual,1,0,0,0,,,,,,1
20261009T023155757Z_8570c874f977414da5921277d60a96eb,,,1,141,2026-10-09T02:32:04.6894565Z,8.928120,0.106443,1223,0,-1,Idle,0,1,TaskSwitchDisplay,1,1,Keyboard,0.100000,0.000000,0.000000,0.000000,0.000000,,,,0.000000,0.000000,0.000000,0.000000,0.000000,0.000000,0.000000,0.000000,-1,0,,0,0,0,0,0,TaskSwitchPedal,,0,Visual,1,0,0,0,,,,,,1
20261009T023155757Z_8570c874f977414da5921277d60a96eb,,,1,142,2026-10-09T02:32:04.7477804Z,8.987112,0.106443,1228,0,-1,Idle,0,1,TaskSwitchDisplay,1,1,Keyboard,0.100000,0.000000,0.000000,0.000000,0.000000,,,,0.000000,0.000000,0.000000,0.000000,0.000000,0.000000,0.000000,0.000000,-1,0,,0,0,0,0,0,TaskSwitchPedal,,0,Visual,1,0,0,0,,,,,,1
20261009T023155757Z_8570c874f977414da5921277d60a96eb,,,1,143,2026-10-09T02:32:04.8052149Z,9.043856,0.106443,1233,0,-1,Idle,0,1,TaskSwitchDisplay,1,1,Keyboard,0.100000,0.000000,0.000000,0.000000,0.000000,,,,0.000000,0.000000,0.000000,0.000000,0.000000,0.000000,0.000000,0.000000,-1,0,,0,0,0,0,0,TaskSwitchPedal,,0,Visual,1,0,0,0,,,,,,1
20261009T023155757Z_8570c874f977414da5921277d60a96eb,,,1,144,2026-10-09T02:32:04.8676470Z,9.106481,0.106443,1238,0,-1,Idle,0,1,TaskSwitchDisplay,1,1,Keyboard,0.100000,0.000000,0.000000,0.000000,0.000000,,,,0.000000,0.000000,0.000000,0.000000,0.000000,0.000000,0.000000,0.000000,-1,0,,0,0,0,0,0,TaskSwitchPedal,,0,Visual,1,0,0,0,,,,,,1
20261009T023155757Z_8570c874f977414da5921277d60a96eb,,,1,145,2026-10-09T02:32:04.9243326Z,9.162891,0.106443,1242,0,-1,Idle,0,1,TaskSwitchDisplay,1,1,Keyboard,0.100000,0.000000,0.000000,0.000000,0.000000,,,,0.000000,0.000000,0.000000,0.000000,0.000000,0.000000,0.000000,0.000000,-1,0,,0,0,0,0,0,TaskSwitchPedal,,0,Visual,1,0,0,0,,,,,,1
20261009T023155757Z_8570c874f977414da5921277d60a96eb,,,1,146,2026-10-09T02:32:04.9808299Z,9.219322,0.106443,1247,0,-1,Idle,0,1,TaskSwitchDisplay,1,1,Keyboard,0.100000,0.000000,0.000000,0.000000,0.000000,,,,0.000000,0.000000,0.000000,0.000000,0.000000,0.000000,0.000000,0.000000,-1,0,,0,0,0,0,0,TaskSwitchPedal,,0,Visual,1,0,0,0,,,,,,1
20261009T023155757Z_8570c874f977414da5921277d60a96eb,,,1,147,2026-10-09T02:32:05.0382661Z,9.276905,0.106443,1252,0,-1,Idle,0,1,TaskSwitchDisplay,1,1,Keyboard,0.100000,0.000000,0.000000,0.000000,0.000000,,,,0.000000,0.000000,0.000000,0.000000,0.000000,0.000000,0.000000,0.000000,-1,0,,0,0,0,0,0,TaskSwitchPedal,,0,Visual,1,0,0,0,,,,,,1
20261009T023155757Z_8570c874f977414da5921277d60a96eb,,,1,148,2026-10-09T02:32:05.0933685Z,9.331791,0.106443,1257,0,-1,Idle,0,1,TaskSwitchDisplay,1,1,Keyboard,0.100000,0.000000,0.000000,0.000000,0.000000,,,,0.000000,0.000000,0.000000,0.000000,0.000000,0.000000,0.000000,0.000000,-1,0,,0,0,0,0,0,TaskSwitchPedal,,0,Visual,1,0,0,0,,,,,,1
20261009T023155757Z_8570c874f977414da5921277d60a96eb,,,1,149,2026-10-09T02:32:05.1516120Z,9.390269,0.106443,1262,0,-1,Idle,0,1,TaskSwitchDisplay,1,1,Keyboard,0.100000,0.000000,0.000000,0.000000,0.000000,,,,0.000000,0.000000,0.000000,0.000000,0.000000,0.000000,0.000000,0.000000,-1,0,,0,0,0,0,0,TaskSwitchPedal,,0,Visual,1,0,0,0,,,,,,1
20261009T023155757Z_8570c874f977414da5921277d60a96eb,,,1,150,2026-10-09T02:32:05.2902433Z,9.529383,0.106443,1267,0,0,OperatingSource,0,0,TaskSwitchDisplay,1,,Keyboard,0.100000,0.000000,0.000000,0.000000,0.000000,JoyStick1LeftSlider,0.000000,0.000000,0.000000,0.000000,0.000000,0.000000,0.000000,0.000000,0.000000,0.000000,-1,0,0.000000,0,0,0,0,0,TaskSwitchPedal,0.000000,1,Visual,1,1,0,0,0.000000,0,0,Axis,0,1
20261009T023155757Z_8570c874f977414da5921277d60a96eb,,,1,151,2026-10-09T02:32:05.3447796Z,9.583735,0.239406,1271,0,0,OperatingSource,0,0,TaskSwitchDisplay,1,,Keyboard,0.100000,0.000000,0.000000,0.000000,0.000000,JoyStick1LeftSlider,0.000000,0.000000,0.000000,0.000000,0.000000,0.000000,0.000000,0.000000,0.000000,0.000000,1271,1,0.000000,0,0,0,0,0,TaskSwitchPedal,0.000000,1,Visual,1,1,0,0,0.000000,0,0,Axis,0,1
20261009T023155757Z_8570c874f977414da5921277d60a96eb,,,1,152,2026-10-09T02:32:05.4021642Z,9.641232,0.297320,1278,0,0,OperatingSource,0,0,TaskSwitchDisplay,1,,Keyboard,0.100000,0.000000,0.000000,0.000000,0.000000,JoyStick1LeftSlider,0.000000,0.000000,0.000000,0.000000,0.000000,0.000000,0.000000,0.000000,0.000000,0.000000,1276,0,0.000000,0,0,0,0,0,TaskSwitchPedal,0.000000,1,Visual,1,1,0,0,0.000000,0,0,Axis,0,1
20261009T023155757Z_8570c874f977414da5921277d60a96eb,,,1,153,2026-10-09T02:32:05.4590868Z,9.697843,0.353920,1285,0,0,OperatingSource,0,0,TaskSwitchDisplay,1,,Keyboard,0.100000,0.000000,0.000000,0.000000,0.000000,JoyStick1LeftSlider,0.000000,0.000000,0.000000,0.000000,0.000000,0.000000,0.000000,0.000000,0.000000,0.000000,1283,0,0.000000,0,0,0,0,0,TaskSwitchPedal,0.000000,1,Visual,1,1,0,0,0.000000,0,0,Axis,0,1
20261009T023155757Z_8570c874f977414da5921277d60a96eb,,,1,154,2026-10-09T02:32:05.5095861Z,9.749405,0.405011,1291,0,0,OperatingSource,0,0,TaskSwitchDisplay,1,,Keyboard,0.100000,0.000000,0.000000,0.000000,0.000000,JoyStick1LeftSlider,0.000000,0.000000,0.000000,0.000000,0.000000,0.000000,0.000000,0.000000,0.000000,0.000000,1291,1,0.000000,0,0,0,0,0,TaskSwitchPedal,0.000000,1,Visual,1,1,0,0,0.000000,0,0,Axis,0,1
20261009T023155757Z_8570c874f977414da5921277d60a96eb,,,1,155,2026-10-09T02:32:05.5638539Z,9.802325,0.458076,1295,0,0,OperatingSource,0,0,TaskSwitchDisplay,1,,Keyboard,0.100000,0.000000,0.000000,0.000000,0.000000,JoyStick1LeftSlider,0.000000,0.000000,0.000000,0.000000,0.000000,0.000000,0.000000,0.000000,0.000000,0.000000,1295,1,0.000000,0,0,0,0,0,TaskSwitchPedal,0.000000,1,Visual,1,1,0,0,0.000000,0,0,Axis,0,1
20261009T023155757Z_8570c874f977414da5921277d60a96eb,,,1,156,2026-10-09T02:32:05.6165945Z,9.855097,0.510663,1299,0,0,OperatingSource,0,0,TaskSwitchDisplay,1,,Keyboard,0.100000,0.000000,0.000000,0.000000,0.000000,JoyStick1LeftSlider,0.000000,0.000000,0.000000,0.000000,0.000000,0.000000,0.000000,0.000000,0.000000,0.000000,1299,1,0.000000,0,0,0,0,0,TaskSwitchPedal,0.000000,1,Visual,1,1,0,0,0.000000,0,0,Axis,0,1
20261009T023155757Z_8570c874f977414da5921277d60a96eb,,,1,157,2026-10-09T02:32:05.6711944Z,9.910030,0.566125,1306,0,0,OperatingSource,0,0,TaskSwitchDisplay,1,,Keyboard,0.100000,0.000000,0.000000,0.000000,0.000000,JoyStick1LeftSlider,0.000000,0.000000,0.000000,0.000000,0.000000,0.000000,0.000000,0.000000,0.000000,0.000000,1305,0,0.000000,0,0,0,0,0,TaskSwitchPedal,0.000000,1,Visual,1,1,0,0,0.000000,0,0,Axis,0,1
20261009T023155757Z_8570c874f977414da5921277d60a96eb,,,1,158,2026-10-09T02:32:05.7242603Z,9.963155,0.618941,1313,0,0,OperatingSource,0,0,TaskSwitchDisplay,1,,Keyboard,0.100000,0.000000,0.000000,0.000000,0.000000,JoyStick1LeftSlider,0.000000,0.000000,0.000000,0.000000,0.000000,0.000000,0.000000,0.000000,0.000000,0.000000,1313,1,0.000000,0,0,0,0,0,TaskSwitchPedal,0.000000,1,Visual,1,1,0,0,0.000000,0,0,Axis,0,1
20261009T023155757Z_8570c874f977414da5921277d60a96eb,,,1,159,2026-10-09T02:32:05.7767161Z,10.015147,0.671428,1320,0,0,OperatingSource,0,0,TaskSwitchDisplay,1,,Keyboard,0.100000,0.000000,0.000000,0.000000,0.000000,JoyStick1LeftSlider,0.000000,0.000000,0.000000,0.000000,0.000000,0.000000,0.000000,0.000000,0.000000,0.000000,1319,0,0.000000,0,0,0,0,0,TaskSwitchPedal,0.000000,1,Visual,1,1,0,0,0.000000,0,0,Axis,0,1
20261009T023155757Z_8570c874f977414da5921277d60a96eb,,,1,160,2026-10-09T02:32:05.8289971Z,10.067490,0.723304,1327,0,0,OperatingSource,0,0,TaskSwitchDisplay,1,,Keyboard,0.100000,0.000000,0.000000,0.000000,0.000000,JoyStick1LeftSlider,0.000000,0.000000,0.000000,0.000000,0.000000,0.000000,0.000000,0.000000,0.000000,0.000000,1327,1,0.000000,0,0,0,0,0,TaskSwitchPedal,0.000000,1,Visual,1,1,0,0,0.000000,0,0,Axis,0,1
20261009T023155757Z_8570c874f977414da5921277d60a96eb,,,1,161,2026-10-09T02:32:05.8805206Z,10.119811,0.775998,1334,0,0,OperatingSource,0,0,TaskSwitchDisplay,1,,Keyboard,0.100000,0.000000,0.000000,0.000000,0.000000,JoyStick1LeftSlider,0.000000,0.000000,0.000000,0.000000,0.000000,0.000000,0.000000,0.000000,0.000000,0.000000,1332,0,0.000000,0,0,0,0,0,TaskSwitchPedal,0.000000,1,Visual,1,1,0,0,0.000000,0,0,Axis,0,1
20261009T023155757Z_8570c874f977414da5921277d60a96eb,,,1,162,2026-10-09T02:32:05.9365865Z,10.175836,0.832000,1341,0,0,OperatingSource,0,0,TaskSwitchDisplay,1,,Keyboard,0.100000,0.000000,0.000000,0.000000,0.000000,JoyStick1LeftSlider,0.000000,0.000000,0.000000,0.000000,0.000000,0.000000,0.000000,0.000000,0.000000,0.000000,1340,0,0.000000,0,0,0,0,0,TaskSwitchPedal,0.000000,1,Visual,1,1,0,0,0.000000,0,0,Axis,0,1
20261009T023155757Z_8570c874f977414da5921277d60a96eb,,,1,163,2026-10-09T02:32:05.9893909Z,10.227895,0.883592,1348,0,0,OperatingSource,0,0,TaskSwitchDisplay,1,,Keyboard,0.100000,0.000000,0.000000,0.000000,0.000000,JoyStick1LeftSlider,0.000000,0.000000,0.000000,0.000000,0.000000,0.000000,0.000000,0.000000,0.000000,0.000000,1348,1,0.000000,0,0,0,0,0,TaskSwitchPedal,0.000000,1,Visual,1,1,0,0,0.000000,0,0,Axis,0,1
20261009T023155757Z_8570c874f977414da5921277d60a96eb,,,1,164,2026-10-09T02:32:06.0397428Z,10.278595,0.934711,1355,0,0,OperatingSource,0,0,TaskSwitchDisplay,1,,Keyboard,0.100000,0.000000,0.000000,0.000000,0.000000,JoyStick1LeftSlider,0.000000,0.000000,0.000000,0.000000,0.000000,0.000000,0.000000,0.000000,0.000000,0.000000,1353,0,0.000000,0,0,0,0,0,TaskSwitchPedal,0.000000,1,Visual,1,1,0,0,0.000000,0,0,Axis,0,1
20261009T023155757Z_8570c874f977414da5921277d60a96eb,,,1,165,2026-10-09T02:32:06.0913976Z,10.330547,0.986793,1362,0,0,OperatingSource,0,0,TaskSwitchDisplay,1,,Keyboard,0.100000,0.000000,0.000000,0.000000,0.000000,JoyStick1LeftSlider,0.000000,0.000000,0.000000,0.000000,0.000000,0.000000,0.000000,0.000000,0.000000,0.000000,1361,0,0.000000,0,0,0,0,0,TaskSwitchPedal,0.000000,1,Visual,1,1,0,0,0.000000,0,0,Axis,0,1
20261009T023155757Z_8570c874f977414da5921277d60a96eb,,,1,166,2026-10-09T02:32:06.1446006Z,10.383922,1.039720,1369,0,0,OperatingSource,0,0,TaskSwitchDisplay,1,,Keyboard,0.100000,0.000000,0.000000,0.000000,0.000000,JoyStick1LeftSlider,0.000000,0.000000,0.000000,0.000000,0.000000,0.000000,0.000000,0.000000,0.000000,0.000000,1369,1,0.000000,0,0,0,0,0,TaskSwitchPedal,0.000000,1,Visual,1,1,0,0,0.000000,0,0,Axis,0,1
20261009T023155757Z_8570c874f977414da5921277d60a96eb,,,1,167,2026-10-09T02:32:06.1999481Z,10.438800,1.094985,1375,0,0,OperatingSource,0,0,TaskSwitchDisplay,1,,Keyboard,0.100000,0.000000,0.000000,0.000000,0.000000,JoyStick1LeftSlider,0.000000,0.000000,0.000000,0.000000,0.000000,0.000000,0.000000,0.000000,0.000000,0.000000,1373,0,0.000000,0,0,0,0,0,TaskSwitchPedal,0.000000,1,Visual,1,1,0,0,0.000000,0,0,Axis,0,1
20261009T023155757Z_8570c874f977414da5921277d60a96eb,,,1,168,2026-10-09T02:32:06.2569499Z,10.495619,1.151769,1382,0,0,OperatingSource,0,0,TaskSwitchDisplay,1,,Keyboard,0.100000,0.000000,0.000000,0.000000,0.000000,JoyStick1LeftSlider,0.000000,0.000000,0.000000,0.000000,0.000000,0.000000,0.000000,0.000000,0.000000,0.000000,1381,0,0.000000,0,0,0,0,0,TaskSwitchPedal,0.000000,1,Visual,1,1,0,0,0.000000,0,0,Axis,0,1
20261009T023155757Z_8570c874f977414da5921277d60a96eb,,,1,169,2026-10-09T02:32:06.3097948Z,10.548328,1.204035,1389,0,0,OperatingSource,0,0,TaskSwitchDisplay,1,,Keyboard,0.100000,0.000000,0.000000,0.000000,0.000000,JoyStick1LeftSlider,0.000000,0.000000,0.000000,0.000000,0.000000,0.000000,0.000000,0.000000,0.000000,0.000000,1389,1,0.000000,0,0,0,0,0,TaskSwitchPedal,0.000000,1,Visual,1,1,0,0,0.000000,0,0,Axis,0,1
20261009T023155757Z_8570c874f977414da5921277d60a96eb,,,1,170,2026-10-09T02:32:06.3602583Z,10.598857,1.255080,1396,0,0,OperatingSource,0,0,TaskSwitchDisplay,1,,Keyboard,0.100000,0.000000,0.000000,0.000000,0.000000,JoyStick1LeftSlider,0.000000,0.000000,0.000000,0.000000,0.000000,0.000000,0.000000,0.000000,0.000000,0.000000,1394,0,0.000000,0,0,0,0,0,TaskSwitchPedal,0.000000,1,Visual,1,1,0,0,0.000000,0,0,Axis,0,1
20261009T023155757Z_8570c874f977414da5921277d60a96eb,,,1,171,2026-10-09T02:32:06.4129060Z,10.651913,1.308091,1403,0,0,OperatingSource,0,0,TaskSwitchDisplay,1,,Keyboard,0.100000,0.000000,0.000000,0.000000,0.000000,JoyStick1LeftSlider,0.000000,0.000000,0.000000,0.000000,0.000000,0.000000,0.000000,0.000000,0.000000,0.000000,1402,0,0.000000,0,0,0,0,0,TaskSwitchPedal,0.000000,1,Visual,1,1,0,0,0.000000,0,0,Axis,0,1
20261009T023155757Z_8570c874f977414da5921277d60a96eb,,,1,172,2026-10-09T02:32:06.4643605Z,10.703192,1.358980,1410,0,0,OperatingSource,0,0,TaskSwitchDisplay,1,,Keyboard,0.100000,0.000000,0.000000,0.000000,0.000000,JoyStick1LeftSlider,0.000000,0.000000,0.000000,0.000000,0.000000,0.000000,0.000000,0.000000,0.000000,0.000000,1410,1,0.000000,0,0,0,0,0,TaskSwitchPedal,0.000000,1,Visual,1,1,0,0,0.000000,0,0,Axis,0,1
20261009T023155757Z_8570c874f977414da5921277d60a96eb,,,1,173,2026-10-09T02:32:06.5163120Z,10.755538,1.411747,1417,0,0,OperatingSource,0,0,TaskSwitchDisplay,1,,Keyboard,0.100000,0.000000,0.000000,0.000000,0.000000,JoyStick1LeftSlider,0.000000,0.000000,0.000000,0.000000,0.000000,0.000000,0.000000,0.000000,0.000000,0.000000,1416,0,0.000000,0,0,0,0,0,TaskSwitchPedal,0.000000,1,Visual,1,1,0,0,0.000000,0,0,Axis,0,1
20261009T023155757Z_8570c874f977414da5921277d60a96eb,,,1,174,2026-10-09T02:32:06.5710436Z,10.809714,1.465255,1424,0,0,OperatingSource,0,0,TaskSwitchDisplay,1,,Keyboard,0.100000,0.000000,0.000000,0.000000,0.000000,JoyStick1LeftSlider,0.000000,0.000000,0.000000,0.000000,0.000000,0.000000,0.000000,0.000000,0.000000,0.000000,1424,1,0.000000,0,0,0,0,0,TaskSwitchPedal,0.000000,1,Visual,1,1,0,0,0.000000,0,0,Axis,0,1
20261009T023155757Z_8570c874f977414da5921277d60a96eb,,,1,175,2026-10-09T02:32:06.6275364Z,10.866488,1.522167,1430,0,0,OperatingSource,0,0,TaskSwitchDisplay,1,,Keyboard,0.100000,0.000000,0.000000,0.000000,0.000000,JoyStick1LeftSlider,0.000000,0.000000,0.000000,0.000000,0.000000,0.000000,0.000000,0.000000,0.000000,0.000000,1430,1,0.000000,0,0,0,0,0,TaskSwitchPedal,0.000000,1,Visual,1,1,0,0,0.000000,0,0,Axis,0,1
20261009T023155757Z_8570c874f977414da5921277d60a96eb,,,1,176,2026-10-09T02:32:06.6814703Z,10.920899,1.577039,1437,0,0,OperatingSource,0,0,TaskSwitchDisplay,1,,Keyboard,0.100000,0.000000,0.000000,0.000000,0.000000,JoyStick1LeftSlider,0.000000,0.000000,0.000000,0.000000,0.000000,0.000000,0.000000,0.000000,0.000000,0.000000,1435,0,0.000000,0,0,0,0,0,TaskSwitchPedal,0.000000,1,Visual,1,1,0,0,0.000000,0,0,Axis,0,1
20261009T023155757Z_8570c874f977414da5921277d60a96eb,,,1,177,2026-10-09T02:32:06.7353797Z,10.974186,1.630300,1444,0,0,OperatingSource,0,0,TaskSwitchDisplay,1,,Keyboard,0.100000,0.000000,0.000000,0.000000,0.000000,JoyStick1LeftSlider,0.000000,0.000000,0.000000,0.000000,0.000000,0.000000,0.000000,0.000000,0.000000,0.000000,1443,0,0.000000,0,0,0,0,0,TaskSwitchPedal,0.000000,1,Visual,1,1,0,0,0.000000,0,0,Axis,0,1
20261009T023155757Z_8570c874f977414da5921277d60a96eb,,,1,178,2026-10-09T02:32:06.7869389Z,11.026178,1.681677,1451,0,0,OperatingSource,0,0,TaskSwitchDisplay,1,,Keyboard,0.100000,0.000000,0.000000,0.000000,0.000000,JoyStick1LeftSlider,0.000000,0.000000,0.000000,0.000000,0.000000,0.000000,0.000000,0.000000,0.000000,0.000000,1451,1,0.000000,0,0,0,0,0,TaskSwitchPedal,0.000000,1,Visual,1,1,0,0,0.000000,0,0,Axis,0,1
20261009T023155757Z_8570c874f977414da5921277d60a96eb,,,1,179,2026-10-09T02:32:06.8411208Z,11.080336,1.736318,1458,0,0,OperatingSource,0,0,TaskSwitchDisplay,1,,Keyboard,0.100000,0.000000,0.000000,0.000000,0.000000,JoyStick1LeftSlider,0.000000,0.000000,0.000000,0.000000,0.000000,0.000000,0.000000,0.000000,0.000000,0.000000,1456,0,0.000000,0,0,0,0,0,TaskSwitchPedal,0.000000,1,Visual,1,1,0,0,0.000000,0,0,Axis,0,1
20261009T023155757Z_8570c874f977414da5921277d60a96eb,,,1,180,2026-10-09T02:32:06.8964255Z,11.135353,1.791480,1465,0,0,OperatingSource,0,0,TaskSwitchDisplay,1,,Keyboard,0.100000,0.000000,0.000000,0.000000,0.000000,JoyStick1LeftSlider,0.000000,0.000000,0.000000,0.000000,0.000000,0.000000,0.000000,0.000000,0.000000,0.000000,1464,0,0.000000,0,0,0,0,0,TaskSwitchPedal,0.000000,1,Visual,1,1,0,0,0.000000,0,0,Axis,0,1
20261009T023155757Z_8570c874f977414da5921277d60a96eb,,,1,181,2026-10-09T02:32:06.9546107Z,11.193526,1.849710,1472,0,0,OperatingSource,0,0,TaskSwitchDisplay,1,,Keyboard,0.100000,0.000000,0.000000,0.000000,0.000000,JoyStick1LeftSlider,0.000000,0.000000,0.000000,0.000000,0.000000,0.000000,0.000000,0.000000,0.000000,0.000000,1471,0,0.000000,0,0,0,0,0,TaskSwitchPedal,0.000000,1,Visual,1,1,0,0,0.000000,0,0,Axis,0,1
20261009T023155757Z_8570c874f977414da5921277d60a96eb,,,1,182,2026-10-09T02:32:07.0082469Z,11.246678,1.902513,1479,0,0,OperatingSource,0,0,TaskSwitchDisplay,1,,Keyboard,0.100000,0.000000,0.000000,0.000000,0.000000,JoyStick1LeftSlider,0.000000,0.000000,0.000000,0.000000,0.000000,0.000000,0.000000,0.000000,0.000000,0.000000,1479,1,0.000000,0,0,0,0,0,TaskSwitchPedal,0.000000,1,Visual,1,1,0,0,0.000000,0,0,Axis,0,1
20261009T023155757Z_8570c874f977414da5921277d60a96eb,,,1,183,2026-10-09T02:32:07.0609861Z,11.300049,1.956192,1486,0,0,OperatingSource,0,0,TaskSwitchDisplay,1,,Keyboard,0.100000,0.000000,0.000000,0.000000,0.000000,JoyStick1LeftSlider,0.000000,0.000000,0.000000,0.000000,0.000000,0.000000,0.000000,0.000000,0.000000,0.000000,1484,0,0.000000,0,0,0,0,0,TaskSwitchPedal,0.000000,1,Visual,1,1,0,0,0.000000,0,0,Axis,0,1
20261009T023155757Z_8570c874f977414da5921277d60a96eb,,,1,184,2026-10-09T02:32:07.1153091Z,11.354907,2.011034,1493,0,0,OperatingSource,0,0,TaskSwitchDisplay,1,,Keyboard,0.100000,0.000000,0.000000,0.000000,0.000000,JoyStick1LeftSlider,0.000000,0.000000,0.000000,0.000000,0.000000,0.000000,0.000000,0.000000,0.000000,0.000000,1492,0,0.000000,0,0,0,0,0,TaskSwitchPedal,0.000000,1,Visual,1,1,0,0,0.000000,0,0,Axis,0,1
20261009T023155757Z_8570c874f977414da5921277d60a96eb,,,1,185,2026-10-09T02:32:07.1740299Z,11.412461,2.068536,1500,0,0,OperatingSource,0,0,TaskSwitchDisplay,1,,Keyboard,0.100000,0.000000,0.000000,0.000000,0.000000,JoyStick1LeftSlider,0.000000,0.000000,0.000000,0.000000,0.000000,0.000000,0.000000,0.000000,0.000000,0.000000,1499,0,0.000000,0,0,0,0,0,TaskSwitchPedal,0.000000,1,Visual,1,1,0,0,0.000000,0,0,Axis,0,1
20261009T023155757Z_8570c874f977414da5921277d60a96eb,,,1,186,2026-10-09T02:32:07.2291508Z,11.467691,2.123252,1507,0,0,OperatingSource,0,0,TaskSwitchDisplay,1,,Keyboard,0.100000,0.000000,0.000000,0.000000,0.000000,JoyStick1LeftSlider,0.000000,0.000000,0.000000,0.000000,0.000000,0.000000,0.000000,0.000000,0.000000,0.000000,1507,1,0.000000,0,0,0,0,0,TaskSwitchPedal,0.000000,1,Visual,1,1,0,0,0.000000,0,0,Axis,0,1
20261009T023155757Z_8570c874f977414da5921277d60a96eb,,,1,187,2026-10-09T02:32:07.2852319Z,11.524549,2.180171,1513,0,0,OperatingSource,0,0,TaskSwitchDisplay,1,,Keyboard,0.100000,0.000000,0.000000,0.000000,0.000000,JoyStick1LeftSlider,0.000000,0.000000,0.000000,0.000000,0.000000,0.000000,0.000000,0.000000,0.000000,0.000000,1513,1,0.000000,0,0,0,0,0,TaskSwitchPedal,0.000000,1,Visual,1,1,0,0,0.000000,0,0,Axis,0,1
20261009T023155757Z_8570c874f977414da5921277d60a96eb,,,1,188,2026-10-09T02:32:07.3395537Z,11.578623,2.234669,1520,0,0,OperatingSource,0,0,TaskSwitchDisplay,1,,Keyboard,0.100000,0.000000,0.000000,0.000000,0.000000,JoyStick1LeftSlider,0.000000,0.000000,0.000000,0.000000,0.000000,0.000000,0.000000,0.000000,0.000000,0.000000,1518,0,0.000000,0,0,0,0,0,TaskSwitchPedal,0.000000,1,Visual,1,1,0,0,0.000000,0,0,Axis,0,1
20261009T023155757Z_8570c874f977414da5921277d60a96eb,,,1,189,2026-10-09T02:32:07.3955591Z,11.634444,2.290567,1527,0,0,OperatingSource,0,0,TaskSwitchDisplay,1,,Keyboard,0.100000,0.000000,0.000000,0.000000,0.000000,JoyStick1LeftSlider,0.000000,0.000000,0.000000,0.000000,0.000000,0.000000,0.000000,0.000000,0.000000,0.000000,1526,0,0.000000,0,0,0,0,0,TaskSwitchPedal,0.000000,1,Visual,1,1,0,0,0.000000,0,0,Axis,0,1
20261009T023155757Z_8570c874f977414da5921277d60a96eb,,,1,190,2026-10-09T02:32:07.4513141Z,11.689993,2.345669,1534,0,0,OperatingSource,0,0,TaskSwitchDisplay,1,,Keyboard,0.100000,0.000000,0.000000,0.000000,0.000000,JoyStick1LeftSlider,0.000000,0.000000,0.000000,0.000000,0.000000,0.000000,0.000000,0.000000,0.000000,0.000000,1534,1,0.000000,0,0,0,0,0,TaskSwitchPedal,0.000000,1,Visual,1,1,0,0,0.000000,0,0,Axis,0,1
20261009T023155757Z_8570c874f977414da5921277d60a96eb,,,1,191,2026-10-09T02:32:07.5075402Z,11.745993,2.401814,1540,0,0,OperatingSource,0,0,TaskSwitchDisplay,1,,Keyboard,0.100000,0.000000,0.000000,0.000000,0.000000,JoyStick1LeftSlider,0.000000,0.000000,0.000000,0.000000,0.000000,0.000000,0.000000,0.000000,0.000000,0.000000,1540,1,0.000000,0,0,0,0,0,TaskSwitchPedal,0.000000,1,Visual,1,1,0,0,0.000000,0,0,Axis,0,1
20261009T023155757Z_8570c874f977414da5921277d60a96eb,,,1,192,2026-10-09T02:32:07.5598897Z,11.799034,2.455168,1547,0,0,OperatingSource,0,0,TaskSwitchDisplay,1,,Keyboard,0.100000,0.000000,0.000000,0.000000,0.000000,JoyStick1LeftSlider,0.000000,0.000000,0.000000,0.000000,0.000000,0.000000,0.000000,0.000000,0.000000,0.000000,1545,0,0.000000,0,0,0,0,0,TaskSwitchPedal,0.000000,1,Visual,1,1,0,0,0.000000,0,0,Axis,0,1
20261009T023155757Z_8570c874f977414da5921277d60a96eb,,,1,193,2026-10-09T02:32:07.6117129Z,11.851069,2.504512,1553,0,0,OperatingSource,0,0,TaskSwitchDisplay,1,,Keyboard,0.100000,0.000000,0.000000,0.000000,0.000000,JoyStick1LeftSlider,0.000000,0.000000,1.000000,0.000000,0.000000,0.000000,1.000000,0.000000,0.000000,0.000000,1553,1,0.000000,0,0,0,0,0,TaskSwitchPedal,0.000000,1,Visual,1,1,0,0,0.000000,0,0,Axis,0,1
20261009T023155757Z_8570c874f977414da5921277d60a96eb,,,1,194,2026-10-09T02:32:07.6660881Z,11.905025,2.560692,1560,0,0,OperatingSource,0,0,TaskSwitchDisplay,1,,Keyboard,0.100000,0.000000,0.000000,0.000000,0.000000,JoyStick1LeftSlider,0.000000,0.000000,1.000000,0.000000,0.000000,0.000000,1.000000,0.000000,0.000000,0.000000,1560,1,0.000000,0,0,0,0,0,TaskSwitchPedal,0.000000,1,Visual,1,1,0,0,0.000000,0,0,Axis,0,1
20261009T023155757Z_8570c874f977414da5921277d60a96eb,,,1,195,2026-10-09T02:32:07.7219878Z,11.960480,2.616588,1567,0,0,OperatingSource,0,0,TaskSwitchDisplay,1,,Keyboard,0.100000,0.000000,0.000000,0.000000,0.000000,JoyStick1LeftSlider,0.000000,0.000000,1.000000,0.000000,0.000000,0.000000,1.000000,0.000000,0.000000,0.000000,1565,0,0.000000,0,0,0,0,0,TaskSwitchPedal,0.000000,1,Visual,1,1,0,0,0.000000,0,0,Axis,0,1
20261009T023155757Z_8570c874f977414da5921277d60a96eb,,,1,196,2026-10-09T02:32:07.7775704Z,12.016851,2.672948,1573,0,0,OperatingSource,0,0,TaskSwitchDisplay,1,,Keyboard,0.100000,0.000000,0.000000,0.000000,0.000000,JoyStick1LeftSlider,0.000000,0.000000,1.000000,0.000000,0.000000,0.000000,1.000000,0.000000,0.000000,0.000000,1572,0,0.000000,0,0,0,0,0,TaskSwitchPedal,0.000000,1,Visual,1,1,0,0,0.000000,0,0,Axis,0,1
20261009T023155757Z_8570c874f977414da5921277d60a96eb,,,1,197,2026-10-09T02:32:07.8330545Z,12.071890,2.728037,1579,0,0,OperatingSource,0,0,TaskSwitchDisplay,1,,Keyboard,0.100000,0.000000,0.000000,0.000000,0.000000,JoyStick1LeftSlider,0.000000,0.000000,1.000000,0.000000,0.000000,0.000000,1.000000,0.000000,0.000000,0.000000,1578,0,0.000000,0,0,0,0,0,TaskSwitchPedal,0.000000,1,Visual,1,1,0,0,0.000000,0,0,Axis,0,1
20261009T023155757Z_8570c874f977414da5921277d60a96eb,,,1,198,2026-10-09T02:32:07.8895415Z,12.128890,2.784669,1586,0,0,OperatingSource,0,0,TaskSwitchDisplay,1,,Keyboard,0.100000,0.000000,0.000000,0.000000,0.000000,JoyStick1LeftSlider,0.000000,0.000000,1.000000,0.000000,0.000000,0.000000,1.000000,0.000000,0.000000,0.000000,1586,1,0.000000,0,0,0,0,0,TaskSwitchPedal,0.000000,1,Visual,1,1,0,0,0.000000,0,0,Axis,0,1
20261009T023155757Z_8570c874f977414da5921277d60a96eb,,,1,199,2026-10-09T02:32:07.9456726Z,12.184154,2.839870,1593,0,0,OperatingSource,0,0,TaskSwitchDisplay,1,,Keyboard,0.100000,0.000000,0.000000,0.000000,0.000000,JoyStick1LeftSlider,0.000000,0.000000,1.000000,0.000000,0.000000,0.000000,1.000000,0.000000,0.000000,0.000000,1593,1,0.000000,0,0,0,0,0,TaskSwitchPedal,0.000000,1,Visual,1,1,0,0,0.000000,0,0,Axis,0,1
20261009T023155757Z_8570c874f977414da5921277d60a96eb,,,1,200,2026-10-09T02:32:07.9988404Z,12.237566,2.893641,1600,0,0,OperatingSource,0,0,TaskSwitchDisplay,1,,Keyboard,0.100000,0.000000,0.000000,0.000000,0.000000,JoyStick1LeftSlider,0.000000,0.000000,1.000000,0.000000,0.000000,0.000000,1.000000,0.000000,0.000000,0.000000,1598,0,0.000000,0,0,0,0,0,TaskSwitchPedal,0.000000,1,Visual,1,1,0,0,0.000000,0,0,Axis,0,1
20261009T023155757Z_8570c874f977414da5921277d60a96eb,,,1,201,2026-10-09T02:32:08.0515240Z,12.291529,2.947631,1607,0,0,OperatingSource,0,0,TaskSwitchDisplay,1,,Keyboard,0.100000,0.000000,0.000000,0.000000,0.000000,JoyStick1LeftSlider,0.000000,0.000000,1.000000,0.000000,0.000000,0.000000,1.000000,0.000000,0.000000,0.000000,1606,0,0.000000,0,0,0,0,0,TaskSwitchPedal,0.000000,1,Visual,1,1,0,0,0.000000,0,0,Axis,0,1
20261009T023155757Z_8570c874f977414da5921277d60a96eb,,,1,202,2026-10-09T02:32:08.1062411Z,12.344944,3.000589,1614,0,0,OperatingSource,0,0,TaskSwitchDisplay,1,,Keyboard,0.100000,0.000000,0.000000,0.000000,0.000000,JoyStick1LeftSlider,0.000000,0.000000,1.000000,0.000000,0.000000,0.000000,1.000000,0.000000,0.000000,0.000000,1614,1,0.000000,0,0,0,0,0,TaskSwitchPedal,0.000000,1,Visual,1,1,0,0,0.000000,0,0,Axis,0,1
20261009T023155757Z_8570c874f977414da5921277d60a96eb,,,1,203,2026-10-09T02:32:08.1606304Z,12.399317,3.055579,1621,0,0,OperatingSource,0,0,TaskSwitchDisplay,1,,Keyboard,0.100000,0.000000,0.000000,0.000000,0.000000,JoyStick1LeftSlider,0.000000,0.000000,1.000000,0.000000,0.000000,0.000000,1.000000,0.000000,0.000000,0.000000,1619,0,0.000000,0,0,0,0,0,TaskSwitchPedal,0.000000,1,Visual,1,1,0,0,0.000000,0,0,Axis,0,1
20261009T023155757Z_8570c874f977414da5921277d60a96eb,,,1,204,2026-10-09T02:32:08.2096697Z,12.449506,3.105184,1627,0,0,OperatingSource,0,0,TaskSwitchDisplay,1,,Keyboard,0.100000,0.000000,0.000000,0.000000,0.000000,JoyStick1LeftSlider,0.000000,0.000000,1.000000,0.000000,0.000000,0.000000,1.000000,0.000000,0.000000,0.000000,1627,1,0.000000,0,0,0,0,0,TaskSwitchPedal,0.000000,1,Visual,1,1,0,0,0.000000,0,0,Axis,0,1
20261009T023155757Z_8570c874f977414da5921277d60a96eb,,,1,205,2026-10-09T02:32:08.2671086Z,12.505754,3.161319,1634,0,0,OperatingSource,0,0,TaskSwitchDisplay,1,,Keyboard,0.100000,0.000000,0.000000,0.000000,0.000000,JoyStick1LeftSlider,0.000000,0.000000,1.000000,0.000000,0.000000,0.000000,1.000000,0.000000,0.000000,0.000000,1634,1,0.000000,0,0,0,0,0,TaskSwitchPedal,0.000000,1,Visual,1,1,0,0,0.000000,0,0,Axis,0,1
20261009T023155757Z_8570c874f977414da5921277d60a96eb,,,1,206,2026-10-09T02:32:08.3181684Z,12.557247,3.213350,1640,0,0,OperatingSource,0,0,TaskSwitchDisplay,1,,Keyboard,0.100000,0.000000,0.000000,0.000000,0.000000,JoyStick1LeftSlider,0.000000,0.000000,1.000000,0.000000,0.000000,0.000000,1.000000,0.000000,0.000000,0.000000,1638,0,0.000000,0,0,0,0,0,TaskSwitchPedal,0.000000,1,Visual,1,1,0,0,0.000000,0,0,Axis,0,1
20261009T023155757Z_8570c874f977414da5921277d60a96eb,,,1,207,2026-10-09T02:32:08.3745095Z,12.613321,3.269359,1647,0,0,OperatingSource,0,0,TaskSwitchDisplay,1,,Keyboard,0.100000,0.000000,0.000000,0.000000,0.000000,JoyStick1LeftSlider,0.000000,0.000000,1.000000,0.000000,0.000000,0.000000,1.000000,0.000000,0.000000,0.000000,1646,0,0.000000,0,0,0,0,0,TaskSwitchPedal,0.000000,1,Visual,1,1,0,0,0.000000,0,0,Axis,0,1
20261009T023155757Z_8570c874f977414da5921277d60a96eb,,,1,208,2026-10-09T02:32:08.4295411Z,12.668341,3.324041,1654,0,0,OperatingSource,0,0,TaskSwitchDisplay,1,,Keyboard,0.100000,0.000000,0.000000,0.000000,0.000000,JoyStick1LeftSlider,0.000000,0.000000,1.000000,0.000000,0.000000,0.000000,1.000000,0.000000,0.000000,0.000000,1654,1,0.000000,0,0,0,0,0,TaskSwitchPedal,0.000000,1,Visual,1,1,0,0,0.000000,0,0,Axis,0,1
20261009T023155757Z_8570c874f977414da5921277d60a96eb,,,1,209,2026-10-09T02:32:08.4867603Z,12.725270,3.380925,1661,0,0,OperatingSource,0,0,TaskSwitchDisplay,1,,Keyboard,0.100000,0.000000,0.000000,0.000000,0.000000,JoyStick1LeftSlider,0.000000,0.000000,1.000000,0.000000,0.000000,0.000000,1.000000,0.000000,0.000000,0.000000,1661,1,0.000000,0,0,0,0,0,TaskSwitchPedal,0.000000,1,Visual,1,1,0,0,0.000000,0,0,Axis,0,1
20261009T023155757Z_8570c874f977414da5921277d60a96eb,,,1,210,2026-10-09T02:32:08.5421416Z,12.781542,3.437437,1668,0,0,OperatingSource,0,0,TaskSwitchDisplay,1,,Keyboard,0.100000,0.000000,0.000000,0.000000,0.000000,JoyStick1LeftSlider,0.000000,0.000000,1.000000,0.000000,0.000000,0.000000,1.000000,0.000000,0.000000,0.000000,1666,0,0.000000,0,0,0,0,0,TaskSwitchPedal,0.000000,1,Visual,1,1,0,0,0.000000,0,0,Axis,0,1
20261009T023155757Z_8570c874f977414da5921277d60a96eb,,,1,211,2026-10-09T02:32:08.5963242Z,12.835599,3.491765,1675,0,0,OperatingSource,0,0,TaskSwitchDisplay,1,,Keyboard,0.100000,0.000000,0.000000,0.000000,0.000000,JoyStick1LeftSlider,0.000000,0.000000,1.000000,0.000000,0.000000,0.000000,1.000000,0.000000,0.000000,0.000000,1674,0,0.000000,0,0,0,0,0,TaskSwitchPedal,0.000000,1,Visual,1,1,0,0,0.000000,0,0,Axis,0,1
20261009T023155757Z_8570c874f977414da5921277d60a96eb,,,1,212,2026-10-09T02:32:08.6555002Z,12.894213,3.550195,1682,0,0,OperatingSource,0,0,TaskSwitchDisplay,1,,Keyboard,0.100000,0.000000,0.000000,0.000000,0.000000,JoyStick1LeftSlider,0.000000,0.000000,1.000000,0.000000,0.000000,0.000000,1.000000,0.000000,0.000000,0.000000,1681,0,0.000000,0,0,0,0,0,TaskSwitchPedal,0.000000,1,Visual,1,1,0,0,0.000000,0,0,Axis,0,1
20261009T023155757Z_8570c874f977414da5921277d60a96eb,,,1,213,2026-10-09T02:32:08.7115376Z,12.950585,3.606704,1689,0,0,OperatingSource,0,0,TaskSwitchDisplay,1,,Keyboard,0.100000,0.000000,0.000000,0.000000,0.000000,JoyStick1LeftSlider,0.000000,0.000000,1.000000,0.000000,0.000000,0.000000,1.000000,0.000000,0.000000,0.000000,1688,0,0.000000,0,0,0,0,0,TaskSwitchPedal,0.000000,1,Visual,1,1,0,0,0.000000,0,0,Axis,0,1
20261009T023155757Z_8570c874f977414da5921277d60a96eb,,,1,214,2026-10-09T02:32:08.7690506Z,13.008258,3.663983,1696,0,0,OperatingSource,0,0,TaskSwitchDisplay,1,,Keyboard,0.100000,0.000000,0.000000,0.000000,0.000000,JoyStick1LeftSlider,0.000000,0.000000,1.000000,0.000000,0.000000,0.000000,1.000000,0.000000,0.000000,0.000000,1696,1,0.000000,0,0,0,0,0,TaskSwitchPedal,0.000000,1,Visual,1,1,0,0,0.000000,0,0,Axis,0,1
20261009T023155757Z_8570c874f977414da5921277d60a96eb,,,1,215,2026-10-09T02:32:08.8201427Z,13.059534,3.715373,1702,0,0,OperatingSource,0,0,TaskSwitchDisplay,1,,Keyboard,0.100000,0.000000,0.000000,0.000000,0.000000,JoyStick1LeftSlider,0.000000,0.000000,1.000000,0.000000,0.000000,0.000000,1.000000,0.000000,0.000000,0.000000,1701,0,0.000000,0,0,0,0,0,TaskSwitchPedal,0.000000,1,Visual,1,1,0,0,0.000000,0,0,Axis,0,1
20261009T023155757Z_8570c874f977414da5921277d60a96eb,,,1,216,2026-10-09T02:32:08.8789793Z,13.117470,3.773552,1709,0,0,OperatingSource,0,0,TaskSwitchDisplay,1,,Keyboard,0.100000,0.000000,0.000000,0.000000,0.000000,JoyStick1LeftSlider,0.000000,0.000000,1.000000,0.000000,0.000000,0.000000,1.000000,0.000000,0.000000,0.000000,1708,0,0.000000,0,0,0,0,0,TaskSwitchPedal,0.000000,1,Visual,1,1,0,0,0.000000,0,0,Axis,0,1
20261009T023155757Z_8570c874f977414da5921277d60a96eb,,,1,217,2026-10-09T02:32:08.9319249Z,13.170383,3.826501,1715,0,0,OperatingSource,0,0,TaskSwitchDisplay,1,,Keyboard,0.100000,0.000000,0.000000,0.000000,0.000000,JoyStick1LeftSlider,0.000000,0.000000,0.000000,-1.000000,0.000000,0.000000,0.000000,-1.000000,0.000000,0.000000,1714,0,0.000000,0,0,0,0,0,TaskSwitchPedal,0.000000,1,Visual,1,1,0,0,0.000000,0,0,Axis,0,1
20261009T023155757Z_8570c874f977414da5921277d60a96eb,,,1,218,2026-10-09T02:32:08.9867539Z,13.225903,3.881251,1722,0,0,OperatingSource,0,0,TaskSwitchDisplay,1,,Keyboard,0.100000,0.000000,0.000000,0.000000,0.000000,JoyStick1LeftSlider,0.000000,0.000000,0.000000,-1.000000,0.000000,0.000000,0.000000,-1.000000,0.000000,0.000000,1722,1,0.000000,0,0,0,0,0,TaskSwitchPedal,0.000000,1,Visual,1,1,0,0,0.000000,0,0,Axis,0,1
20261009T023155757Z_8570c874f977414da5921277d60a96eb,,,1,219,2026-10-09T02:32:09.0415216Z,13.280214,3.936364,1729,0,0,OperatingSource,0,0,TaskSwitchDisplay,1,,Keyboard,0.100000,0.000000,0.000000,0.000000,0.000000,JoyStick1LeftSlider,0.000000,0.000000,0.000000,-1.000000,0.000000,0.000000,0.000000,-1.000000,0.000000,0.000000,1727,0,0.000000,0,0,0,0,0,TaskSwitchPedal,0.000000,1,Visual,1,1,0,0,0.000000,0,0,Axis,0,1
20261009T023155757Z_8570c874f977414da5921277d60a96eb,,,1,220,2026-10-09T02:32:09.0953838Z,13.334192,3.990342,1736,0,0,OperatingSource,0,0,TaskSwitchDisplay,1,,Keyboard,0.100000,0.000000,0.000000,0.000000,0.000000,JoyStick1LeftSlider,0.000000,0.000000,0.000000,-1.000000,0.000000,0.000000,0.000000,-1.000000,0.000000,0.000000,1735,0,0.000000,0,0,0,0,0,TaskSwitchPedal,0.000000,1,Visual,1,1,0,0,0.000000,0,0,Axis,0,1
20261009T023155757Z_8570c874f977414da5921277d60a96eb,,,1,221,2026-10-09T02:32:09.1503085Z,13.389622,4.045019,1743,0,0,OperatingSource,0,0,TaskSwitchDisplay,1,,Keyboard,0.100000,0.000000,0.000000,0.000000,0.000000,JoyStick1LeftSlider,0.000000,0.000000,0.000000,-1.000000,0.000000,0.000000,0.000000,-1.000000,0.000000,0.000000,1743,1,0.000000,0,0,0,0,0,TaskSwitchPedal,0.000000,1,Visual,1,1,0,0,0.000000,0,0,Axis,0,1
20261009T023155757Z_8570c874f977414da5921277d60a96eb,,,1,222,2026-10-09T02:32:09.2016064Z,13.440777,4.096835,1749,0,0,OperatingSource,0,0,TaskSwitchDisplay,1,,Keyboard,0.100000,0.000000,0.000000,0.000000,0.000000,JoyStick1LeftSlider,0.000000,0.000000,0.000000,-1.000000,0.000000,0.000000,0.000000,-1.000000,0.000000,0.000000,1747,0,0.000000,0,0,0,0,0,TaskSwitchPedal,0.000000,1,Visual,1,1,0,0,0.000000,0,0,Axis,0,1
20261009T023155757Z_8570c874f977414da5921277d60a96eb,,,1,223,2026-10-09T02:32:09.2561035Z,13.495277,4.151430,1756,0,0,OperatingSource,0,0,TaskSwitchDisplay,1,,Keyboard,0.100000,0.000000,0.000000,0.000000,0.000000,JoyStick1LeftSlider,0.000000,0.000000,0.000000,-1.000000,0.000000,0.000000,0.000000,-1.000000,0.000000,0.000000,1755,0,0.000000,0,0,0,0,0,TaskSwitchPedal,0.000000,1,Visual,1,1,0,0,0.000000,0,0,Axis,0,1
20261009T023155757Z_8570c874f977414da5921277d60a96eb,,,1,224,2026-10-09T02:32:09.3116552Z,13.550157,4.204807,1763,0,0,OperatingSource,0,0,TaskSwitchDisplay,1,,Keyboard,0.100000,0.000000,0.000000,0.000000,0.000000,JoyStick1LeftSlider,0.000000,0.000000,0.000000,-1.000000,0.000000,0.000000,0.000000,-1.000000,0.000000,0.000000,1763,1,0.000000,0,0,0,0,0,TaskSwitchPedal,0.000000,1,Visual,1,1,0,0,0.000000,0,0,Axis,0,1
20261009T023155757Z_8570c874f977414da5921277d60a96eb,,,1,225,2026-10-09T02:32:09.3629813Z,13.602582,4.258088,1770,0,0,OperatingSource,0,0,TaskSwitchDisplay,1,,Keyboard,0.100000,0.000000,0.000000,0.000000,0.000000,JoyStick1LeftSlider,0.000000,0.000000,0.000000,-1.000000,0.000000,0.000000,0.000000,-1.000000,0.000000,0.000000,1770,1,0.000000,0,0,0,0,0,TaskSwitchPedal,0.000000,1,Visual,1,1,0,0,0.000000,0,0,Axis,0,1
20261009T023155757Z_8570c874f977414da5921277d60a96eb,,,1,226,2026-10-09T02:32:09.4206385Z,13.659484,4.315510,1777,0,0,OperatingSource,0,0,TaskSwitchDisplay,1,,Keyboard,0.100000,0.000000,0.000000,0.000000,0.000000,JoyStick1LeftSlider,0.000000,0.000000,0.000000,-1.000000,0.000000,0.000000,0.000000,-1.000000,0.000000,0.000000,1775,0,0.000000,0,0,0,0,0,TaskSwitchPedal,0.000000,1,Visual,1,1,0,0,0.000000,0,0,Axis,0,1
20261009T023155757Z_8570c874f977414da5921277d60a96eb,,,1,227,2026-10-09T02:32:09.4731501Z,13.712487,4.368575,1783,0,0,OperatingSource,0,0,TaskSwitchDisplay,1,,Keyboard,0.100000,0.000000,0.000000,0.000000,0.000000,JoyStick1LeftSlider,0.000000,0.000000,0.000000,-1.000000,0.000000,0.000000,0.000000,-1.000000,0.000000,0.000000,1782,0,0.000000,0,0,0,0,0,TaskSwitchPedal,0.000000,1,Visual,1,1,0,0,0.000000,0,0,Axis,0,1
20261009T023155757Z_8570c874f977414da5921277d60a96eb,,,1,228,2026-10-09T02:32:09.5305220Z,13.768990,4.424290,1790,0,0,OperatingSource,0,0,TaskSwitchDisplay,1,,Keyboard,0.100000,0.000000,0.000000,0.000000,0.000000,JoyStick1LeftSlider,0.000000,0.000000,0.000000,0.000000,0.000000,0.000000,0.000000,0.000000,0.000000,0.000000,1790,1,0.000000,0,0,0,0,0,TaskSwitchPedal,0.000000,1,Visual,1,1,0,0,0.000000,0,0,Axis,0,1
20261009T023155757Z_8570c874f977414da5921277d60a96eb,,,1,229,2026-10-09T02:32:09.5871921Z,13.826464,4.482147,1797,0,0,OperatingSource,0,0,TaskSwitchDisplay,1,,Keyboard,0.100000,0.000000,0.000000,0.000000,0.000000,JoyStick1LeftSlider,0.000000,0.000000,0.000000,0.000000,0.000000,0.000000,0.000000,0.000000,0.000000,0.000000,1797,1,0.000000,0,0,0,0,0,TaskSwitchPedal,0.000000,1,Visual,1,1,0,0,0.000000,0,0,Axis,0,1
20261009T023155757Z_8570c874f977414da5921277d60a96eb,,,1,230,2026-10-09T02:32:09.6410533Z,13.879849,4.536022,1804,0,0,OperatingSource,0,0,TaskSwitchDisplay,1,,Keyboard,0.100000,0.000000,0.000000,0.000000,0.000000,JoyStick1LeftSlider,0.000000,0.000000,0.000000,0.000000,0.000000,0.000000,0.000000,0.000000,0.000000,0.000000,1802,0,0.000000,0,0,0,0,0,TaskSwitchPedal,0.000000,1,Visual,1,1,0,0,0.000000,0,0,Axis,0,1
20261009T023155757Z_8570c874f977414da5921277d60a96eb,,,1,231,2026-10-09T02:32:09.6959544Z,13.934473,4.590636,1811,0,0,OperatingSource,0,0,TaskSwitchDisplay,1,,Keyboard,0.100000,0.000000,0.000000,0.000000,0.000000,JoyStick1LeftSlider,0.000000,0.000000,0.000000,0.000000,0.000000,0.000000,0.000000,0.000000,0.000000,0.000000,1810,0,0.000000,0,0,0,0,0,TaskSwitchPedal,0.000000,1,Visual,1,1,0,0,0.000000,0,0,Axis,0,1
20261009T023155757Z_8570c874f977414da5921277d60a96eb,,,1,232,2026-10-09T02:32:09.7481032Z,13.986536,4.642305,1818,0,0,OperatingSource,0,0,TaskSwitchDisplay,1,,Keyboard,0.100000,0.000000,0.000000,0.000000,0.000000,JoyStick1LeftSlider,0.000000,0.000000,0.000000,0.000000,0.000000,0.000000,0.000000,0.000000,0.000000,0.000000,1818,1,0.000000,0,0,0,0,0,TaskSwitchPedal,0.000000,1,Visual,1,1,0,0,0.000000,0,0,Axis,0,1
20261009T023155757Z_8570c874f977414da5921277d60a96eb,,,1,233,2026-10-09T02:32:09.8039034Z,14.043034,4.698570,1825,0,0,OperatingSource,0,0,TaskSwitchDisplay,1,,Keyboard,0.100000,0.000000,0.000000,0.000000,0.000000,JoyStick1LeftSlider,0.000000,0.000000,0.000000,0.000000,0.000000,0.000000,0.000000,0.000000,0.000000,0.000000,1825,1,0.000000,0,0,0,0,0,TaskSwitchPedal,0.000000,1,Visual,1,1,0,0,0.000000,0,0,Axis,0,1
20261009T023155757Z_8570c874f977414da5921277d60a96eb,,,1,234,2026-10-09T02:32:09.8569479Z,14.096214,4.752411,1832,0,0,OperatingSource,0,0,TaskSwitchDisplay,1,,Keyboard,0.100000,0.000000,0.000000,0.000000,0.000000,JoyStick1LeftSlider,0.000000,0.000000,0.000000,0.000000,0.000000,0.000000,0.000000,0.000000,0.000000,0.000000,1831,0,0.000000,0,0,0,0,0,TaskSwitchPedal,0.000000,1,Visual,1,1,0,0,0.000000,0,0,Axis,0,1
20261009T023155757Z_8570c874f977414da5921277d60a96eb,,,1,235,2026-10-09T02:32:09.9103612Z,14.148958,4.805194,1839,0,0,OperatingSource,0,0,TaskSwitchDisplay,1,,Keyboard,0.100000,0.000000,0.000000,0.000000,0.000000,JoyStick1LeftSlider,0.000000,0.000000,0.000000,0.000000,0.000000,0.000000,0.000000,0.000000,0.000000,0.000000,1838,0,0.000000,0,0,0,0,0,TaskSwitchPedal,0.000000,1,Visual,1,1,0,0,0.000000,0,0,Axis,0,1
20261009T023155757Z_8570c874f977414da5921277d60a96eb,,,1,236,2026-10-09T02:32:09.9656072Z,14.204402,4.860154,1845,0,0,OperatingSource,0,0,TaskSwitchDisplay,1,,Keyboard,0.100000,0.000000,0.000000,0.000000,0.000000,JoyStick1LeftSlider,0.000000,0.000000,0.000000,0.000000,0.000000,0.000000,0.000000,0.000000,0.000000,0.000000,1845,1,0.000000,0,0,0,0,0,TaskSwitchPedal,0.000000,1,Visual,1,1,0,0,0.000000,0,0,Axis,0,1
20261009T023155757Z_8570c874f977414da5921277d60a96eb,,,1,237,2026-10-09T02:32:10.0183805Z,14.257271,4.913065,1849,0,0,OperatingSource,0,0,TaskSwitchDisplay,1,,Keyboard,0.100000,0.000000,0.000000,0.000000,0.000000,JoyStick1LeftSlider,0.000000,0.000000,0.000000,0.000000,0.000000,0.000000,0.000000,0.000000,0.000000,0.000000,1848,0,0.000000,0,0,0,0,0,TaskSwitchPedal,0.000000,1,Visual,1,1,0,0,0.000000,0,0,Axis,0,1
20261009T023155757Z_8570c874f977414da5921277d60a96eb,,,1,238,2026-10-09T02:32:10.0760371Z,14.314454,4.970557,1856,0,0,OperatingSource,0,0,TaskSwitchDisplay,1,,Keyboard,0.100000,0.000000,0.000000,0.000000,0.000000,JoyStick1LeftSlider,0.000000,0.000000,0.000000,0.000000,0.000000,0.000000,0.000000,0.000000,0.000000,0.000000,1855,0,0.000000,0,0,0,0,0,TaskSwitchPedal,0.000000,1,Visual,1,1,0,0,0.000000,0,0,Axis,0,1
20261009T023155757Z_8570c874f977414da5921277d60a96eb,,,1,239,2026-10-09T02:32:10.1290480Z,14.368400,5.024299,1863,0,0,OperatingSource,0,0,TaskSwitchDisplay,1,,Keyboard,0.100000,0.000000,0.000000,0.000000,0.000000,JoyStick1LeftSlider,0.000000,0.000000,0.000000,0.000000,0.000000,0.000000,0.000000,0.000000,0.000000,0.000000,1863,1,0.000000,0,0,0,0,0,TaskSwitchPedal,0.000000,1,Visual,1,1,0,0,0.000000,0,0,Axis,0,1
20261009T023155757Z_8570c874f977414da5921277d60a96eb,,,1,240,2026-10-09T02:32:10.1844760Z,14.423298,5.079026,1870,0,0,OperatingSource,0,0,TaskSwitchDisplay,1,,Keyboard,0.100000,0.000000,0.000000,0.000000,0.000000,JoyStick1LeftSlider,0.000000,0.000000,0.000000,0.000000,0.000000,0.000000,0.000000,0.000000,0.000000,0.000000,1870,1,0.000000,0,0,0,0,0,TaskSwitchPedal,0.000000,1,Visual,1,1,0,0,0.000000,0,0,Axis,0,1
20261009T023155757Z_8570c874f977414da5921277d60a96eb,,,1,241,2026-10-09T02:32:10.2403598Z,14.478858,5.135012,1877,0,0,OperatingSource,0,0,TaskSwitchDisplay,1,,Keyboard,0.100000,0.000000,0.000000,0.000000,0.000000,JoyStick1LeftSlider,0.000000,0.000000,0.000000,0.000000,0.000000,0.000000,0.000000,0.000000,0.000000,0.000000,1875,0,0.000000,0,0,0,0,0,TaskSwitchPedal,0.000000,1,Visual,1,1,0,0,0.000000,0,0,Axis,0,1
20261009T023155757Z_8570c874f977414da5921277d60a96eb,,,1,242,2026-10-09T02:32:10.2940923Z,14.532615,5.188803,1883,0,0,OperatingSource,0,0,TaskSwitchDisplay,1,,Keyboard,0.100000,0.000000,0.000000,0.000000,0.000000,JoyStick1LeftSlider,0.000000,0.000000,0.000000,0.000000,0.000000,0.000000,0.000000,0.000000,0.000000,0.000000,1882,0,0.000000,0,0,0,0,0,TaskSwitchPedal,0.000000,1,Visual,1,1,0,0,0.000000,0,0,Axis,0,1
20261009T023155757Z_8570c874f977414da5921277d60a96eb,,,1,243,2026-10-09T02:32:10.3497904Z,14.588208,5.243902,1890,0,0,OperatingSource,0,0,TaskSwitchDisplay,1,,Keyboard,0.100000,0.000000,0.000000,0.000000,0.000000,JoyStick1LeftSlider,0.000000,0.000000,0.000000,0.000000,0.000000,0.000000,0.000000,0.000000,0.000000,0.000000,1890,1,0.000000,0,0,0,0,0,TaskSwitchPedal,0.000000,1,Visual,1,1,0,0,0.000000,0,0,Axis,0,1
20261009T023155757Z_8570c874f977414da5921277d60a96eb,,,1,244,2026-10-09T02:32:10.4048334Z,14.643433,5.299038,1897,0,0,OperatingSource,0,0,TaskSwitchDisplay,1,,Keyboard,0.100000,0.000000,0.000000,0.000000,0.000000,JoyStick1LeftSlider,0.000000,0.000000,0.000000,0.000000,0.000000,0.000000,0.000000,0.000000,0.000000,0.000000,1897,1,0.000000,0,0,0,0,0,TaskSwitchPedal,0.000000,1,Visual,1,1,0,0,0.000000,0,0,Axis,0,1
20261009T023155757Z_8570c874f977414da5921277d60a96eb,,,1,245,2026-10-09T02:32:10.4568309Z,14.695909,5.352127,1904,0,0,OperatingSource,0,0,TaskSwitchDisplay,1,,Keyboard,0.100000,0.000000,0.000000,0.000000,0.000000,JoyStick1LeftSlider,0.000000,0.000000,0.000000,0.000000,0.000000,0.000000,0.000000,0.000000,0.000000,0.000000,1903,0,0.000000,0,0,0,0,0,TaskSwitchPedal,0.000000,1,Visual,1,1,0,0,0.000000,0,0,Axis,0,1
20261009T023155757Z_8570c874f977414da5921277d60a96eb,,,1,246,2026-10-09T02:32:10.5098655Z,14.748585,5.403782,1911,0,0,OperatingSource,0,0,TaskSwitchDisplay,1,,Keyboard,0.100000,0.000000,0.000000,0.000000,0.000000,JoyStick1LeftSlider,0.000000,0.000000,0.000000,0.000000,0.000000,0.000000,0.000000,0.000000,0.000000,0.000000,1911,1,0.000000,0,0,0,0,0,TaskSwitchPedal,0.000000,1,Visual,1,1,0,1,0.000000,0,0,Axis,0,1
20261009T023155757Z_8570c874f977414da5921277d60a96eb,,,1,247,2026-10-09T02:32:10.5663129Z,14.805150,5.460962,1918,0,0,OperatingSource,0,0,TaskSwitchDisplay,1,,Keyboard,0.100000,0.000000,0.000000,0.000000,0.000000,JoyStick1LeftSlider,0.000000,0.000000,-1.000000,0.000000,0.000000,0.000000,-1.000000,0.000000,0.000000,0.000000,1918,1,0.000000,0,0,0,0,0,TaskSwitchPedal,0.000000,1,Visual,1,1,0,1,0.000000,0,0,Axis,0,1
20261009T023155757Z_8570c874f977414da5921277d60a96eb,,,1,248,2026-10-09T02:32:10.6190336Z,14.857458,5.513516,1925,0,0,OperatingSource,0,0,TaskSwitchDisplay,1,,Keyboard,0.100000,0.000000,0.000000,0.000000,0.000000,JoyStick1LeftSlider,0.000000,0.000000,-1.000000,0.000000,0.000000,0.000000,-1.000000,0.000000,0.000000,0.000000,1923,0,0.000000,0,0,0,0,0,TaskSwitchPedal,0.000000,1,Visual,1,1,0,1,0.000000,0,0,Axis,0,1
20261009T023155757Z_8570c874f977414da5921277d60a96eb,,,1,249,2026-10-09T02:32:10.6709643Z,14.909853,5.566004,1932,0,0,OperatingSource,0,0,TaskSwitchDisplay,1,,Keyboard,0.100000,0.000000,0.000000,0.000000,0.000000,JoyStick1LeftSlider,0.000000,0.000000,-1.000000,0.000000,0.000000,0.000000,-1.000000,0.000000,0.000000,0.000000,1931,0,0.000000,0,0,0,0,0,TaskSwitchPedal,0.000000,1,Visual,1,1,0,1,0.000000,0,0,Axis,0,1
20261009T023155757Z_8570c874f977414da5921277d60a96eb,,,1,250,2026-10-09T02:32:10.7251298Z,14.963649,5.619421,1939,0,0,OperatingSource,0,0,TaskSwitchDisplay,1,,Keyboard,0.100000,0.000000,0.000000,0.000000,0.000000,JoyStick1LeftSlider,0.000000,0.000000,-1.000000,0.000000,0.000000,0.000000,-1.000000,0.000000,0.000000,0.000000,1939,1,0.000000,0,0,0,0,0,TaskSwitchPedal,0.000000,1,Visual,1,1,0,1,0.000000,0,0,Axis,0,1
20261009T023155757Z_8570c874f977414da5921277d60a96eb,,,1,251,2026-10-09T02:32:10.7800429Z,15.019571,5.675686,1946,0,0,OperatingSource,0,0,TaskSwitchDisplay,1,,Keyboard,0.100000,0.000000,0.000000,0.000000,0.000000,JoyStick1LeftSlider,0.000000,0.000000,-1.000000,0.000000,0.000000,0.000000,-1.000000,0.000000,0.000000,0.000000,1945,0,0.000000,0,0,0,0,0,TaskSwitchPedal,0.000000,1,Visual,1,1,0,1,0.000000,0,0,Axis,0,1
20261009T023155757Z_8570c874f977414da5921277d60a96eb,,,1,252,2026-10-09T02:32:10.8310041Z,15.069615,5.725784,1952,0,0,OperatingSource,0,0,TaskSwitchDisplay,1,,Keyboard,0.100000,0.000000,0.000000,0.000000,0.000000,JoyStick1LeftSlider,0.000000,0.000000,-1.000000,0.000000,0.000000,0.000000,-1.000000,0.000000,0.000000,0.000000,1951,0,0.000000,0,0,0,0,0,TaskSwitchPedal,0.000000,1,Visual,1,1,0,1,0.000000,0,0,Axis,0,1
20261009T023155757Z_8570c874f977414da5921277d60a96eb,,,1,253,2026-10-09T02:32:10.8840732Z,15.123456,5.779211,1959,0,0,OperatingSource,0,0,TaskSwitchDisplay,1,,Keyboard,0.100000,0.000000,0.000000,0.000000,0.000000,JoyStick1LeftSlider,0.000000,0.000000,-1.000000,0.000000,0.000000,0.000000,-1.000000,0.000000,0.000000,0.000000,1959,1,0.000000,0,0,0,0,0,TaskSwitchPedal,0.000000,1,Visual,1,1,0,1,0.000000,0,0,Axis,0,1
20261009T023155757Z_8570c874f977414da5921277d60a96eb,,,1,254,2026-10-09T02:32:10.9382324Z,15.176740,5.832896,1966,0,0,OperatingSource,0,0,TaskSwitchDisplay,1,,Keyboard,0.100000,0.000000,0.000000,0.000000,0.000000,JoyStick1LeftSlider,0.000000,0.000000,-1.000000,0.000000,0.000000,0.000000,-1.000000,0.000000,0.000000,0.000000,1965,0,0.000000,0,0,0,0,0,TaskSwitchPedal,0.000000,1,Visual,1,1,0,1,0.000000,0,0,Axis,0,1
20261009T023155757Z_8570c874f977414da5921277d60a96eb,,,1,255,2026-10-09T02:32:10.9914668Z,15.231348,5.887433,1973,0,0,OperatingSource,0,0,TaskSwitchDisplay,1,,Keyboard,0.100000,0.000000,0.000000,0.000000,0.000000,JoyStick1LeftSlider,0.000000,0.000000,-1.000000,0.000000,0.000000,0.000000,-1.000000,0.000000,0.000000,0.000000,1972,0,0.000000,0,0,0,0,0,TaskSwitchPedal,0.000000,1,Visual,1,1,0,1,0.000000,0,0,Axis,0,1
20261009T023155757Z_8570c874f977414da5921277d60a96eb,,,1,256,2026-10-09T02:32:11.0476864Z,15.286657,5.942356,1980,0,0,OperatingSource,0,0,TaskSwitchDisplay,1,,Keyboard,0.100000,0.000000,0.000000,0.000000,0.000000,JoyStick1LeftSlider,0.000000,0.000000,-1.000000,0.000000,0.000000,0.000000,-1.000000,0.000000,0.000000,0.000000,1980,1,0.000000,0,0,0,0,0,TaskSwitchPedal,0.000000,1,Visual,1,1,0,1,0.000000,0,0,Axis,0,1
20261009T023155757Z_8570c874f977414da5921277d60a96eb,,,1,257,2026-10-09T02:32:11.1019388Z,15.340952,5.996972,1986,0,0,OperatingSource,0,0,TaskSwitchDisplay,1,,Keyboard,0.100000,0.000000,0.000000,0.000000,0.000000,JoyStick1LeftSlider,0.000000,0.000000,-1.000000,0.000000,0.000000,0.000000,-1.000000,0.000000,0.000000,0.000000,1984,0,0.000000,0,0,0,0,0,TaskSwitchPedal,0.000000,1,Visual,1,1,0,1,0.000000,0,0,Axis,0,1
20261009T023155757Z_8570c874f977414da5921277d60a96eb,,,1,258,2026-10-09T02:32:11.1577553Z,15.396457,6.052631,1992,0,0,OperatingSource,0,0,TaskSwitchDisplay,1,,Keyboard,0.100000,0.000000,0.000000,0.000000,0.000000,JoyStick1LeftSlider,0.000000,0.000000,-1.000000,0.000000,0.000000,0.000000,-1.000000,0.000000,0.000000,0.000000,1991,0,0.000000,0,0,0,0,0,TaskSwitchPedal,0.000000,1,Visual,1,1,0,1,0.000000,0,0,Axis,0,1
20261009T023155757Z_8570c874f977414da5921277d60a96eb,,,1,259,2026-10-09T02:32:11.2083224Z,15.447478,6.103104,1998,0,0,OperatingSource,0,0,TaskSwitchDisplay,1,,Keyboard,0.100000,0.000000,0.000000,0.000000,0.000000,JoyStick1LeftSlider,0.000000,0.000000,-1.000000,0.000000,0.000000,0.000000,-1.000000,0.000000,0.000000,0.000000,1998,1,0.000000,0,0,0,0,0,TaskSwitchPedal,0.000000,1,Visual,1,1,0,1,0.000000,0,0,Axis,0,1
20261009T023155757Z_8570c874f977414da5921277d60a96eb,,,1,260,2026-10-09T02:32:11.2657764Z,15.505076,6.160820,2005,0,0,OperatingSource,0,0,TaskSwitchDisplay,1,,Keyboard,0.100000,0.000000,0.000000,0.000000,0.000000,JoyStick1LeftSlider,0.000000,0.000000,-1.000000,0.000000,0.000000,0.000000,-1.000000,0.000000,0.000000,0.000000,2005,1,0.000000,0,0,0,0,0,TaskSwitchPedal,0.000000,1,Visual,1,1,0,1,0.000000,0,0,Axis,0,1
20261009T023155757Z_8570c874f977414da5921277d60a96eb,,,1,261,2026-10-09T02:32:11.3208018Z,15.559558,6.215543,2012,0,0,OperatingSource,0,0,TaskSwitchDisplay,1,,Keyboard,0.100000,0.000000,0.000000,0.000000,0.000000,JoyStick1LeftSlider,0.000000,0.000000,-1.000000,0.000000,0.000000,0.000000,-1.000000,0.000000,0.000000,0.000000,2010,0,0.000000,0,0,0,0,0,TaskSwitchPedal,0.000000,1,Visual,1,1,0,1,0.000000,0,0,Axis,0,1
20261009T023155757Z_8570c874f977414da5921277d60a96eb,,,1,262,2026-10-09T02:32:11.3779796Z,15.616673,6.272795,2019,0,0,OperatingSource,0,0,TaskSwitchDisplay,1,,Keyboard,0.100000,0.000000,0.000000,0.000000,0.000000,JoyStick1LeftSlider,0.000000,0.000000,-1.000000,0.000000,0.000000,0.000000,-1.000000,0.000000,0.000000,0.000000,2017,0,0.000000,0,0,0,0,0,TaskSwitchPedal,0.000000,1,Visual,1,1,0,1,0.000000,0,0,Axis,0,1
20261009T023155757Z_8570c874f977414da5921277d60a96eb,,,1,263,2026-10-09T02:32:11.4338252Z,15.672692,6.328780,2026,0,0,OperatingSource,0,0,TaskSwitchDisplay,1,,Keyboard,0.100000,0.000000,0.000000,0.000000,0.000000,JoyStick1LeftSlider,0.000000,0.000000,-1.000000,0.000000,0.000000,0.000000,-1.000000,0.000000,0.000000,0.000000,2025,0,0.000000,0,0,0,0,0,TaskSwitchPedal,0.000000,1,Visual,1,1,0,1,0.000000,0,0,Axis,0,1
20261009T023155757Z_8570c874f977414da5921277d60a96eb,,,1,264,2026-10-09T02:32:11.4877637Z,15.726419,6.382237,2033,0,0,OperatingSource,0,0,TaskSwitchDisplay,1,,Keyboard,0.100000,0.000000,0.000000,0.000000,0.000000,JoyStick1LeftSlider,0.000000,0.000000,-1.000000,0.000000,0.000000,0.000000,-1.000000,0.000000,0.000000,0.000000,2033,1,0.000000,0,0,0,0,0,TaskSwitchPedal,0.000000,1,Visual,1,1,0,1,0.000000,0,0,Axis,0,1
20261009T023155757Z_8570c874f977414da5921277d60a96eb,,,1,265,2026-10-09T02:32:11.5441050Z,15.783198,6.438898,2040,0,0,OperatingSource,0,0,TaskSwitchDisplay,1,,Keyboard,0.100000,0.000000,0.000000,0.000000,0.000000,JoyStick1LeftSlider,0.000000,0.000000,-1.000000,0.000000,0.000000,0.000000,-1.000000,0.000000,0.000000,0.000000,2040,1,0.000000,0,0,0,0,0,TaskSwitchPedal,0.000000,1,Visual,1,1,0,1,0.000000,0,0,Axis,0,1
20261009T023155757Z_8570c874f977414da5921277d60a96eb,,,1,266,2026-10-09T02:32:11.6004311Z,15.839680,6.495783,2047,0,0,OperatingSource,0,0,TaskSwitchDisplay,1,,Keyboard,0.100000,0.000000,0.000000,0.000000,0.000000,JoyStick1LeftSlider,0.000000,0.000000,-1.000000,0.000000,0.000000,0.000000,-1.000000,0.000000,0.000000,0.000000,2045,0,0.000000,0,0,0,0,0,TaskSwitchPedal,0.000000,1,Visual,1,1,0,1,0.000000,0,0,Axis,0,1
20261009T023155757Z_8570c874f977414da5921277d60a96eb,,,1,267,2026-10-09T02:32:11.6662843Z,15.904779,6.560362,2054,0,0,OperatingSource,0,0,TaskSwitchDisplay,1,,Keyboard,0.100000,0.000000,0.000000,0.000000,0.000000,JoyStick1LeftSlider,0.000000,0.000000,0.000000,0.000000,0.000000,0.000000,0.000000,0.000000,0.000000,0.000000,2054,1,0.000000,0,0,0,0,0,TaskSwitchPedal,0.000000,1,Visual,1,1,0,1,0.000000,0,0,Axis,0,1
20261009T023155757Z_8570c874f977414da5921277d60a96eb,,,1,268,2026-10-09T02:32:11.7171053Z,15.955720,6.611841,2060,0,0,OperatingSource,0,0,TaskSwitchDisplay,1,,Keyboard,0.100000,0.000000,0.000000,0.000000,0.000000,JoyStick1LeftSlider,0.000000,0.000000,0.000000,0.000000,0.000000,0.000000,0.000000,0.000000,0.000000,0.000000,2059,0,0.000000,0,0,0,0,0,TaskSwitchPedal,0.000000,1,Visual,1,1,0,1,0.000000,0,0,Axis,0,1
20261009T023155757Z_8570c874f977414da5921277d60a96eb,,,1,269,2026-10-09T02:32:11.7687572Z,16.007605,6.663047,2066,0,0,OperatingSource,0,0,TaskSwitchDisplay,1,,Keyboard,0.100000,0.000000,0.000000,0.000000,0.000000,JoyStick1LeftSlider,0.000000,0.000000,0.000000,0.000000,0.000000,0.000000,0.000000,0.000000,0.000000,0.000000,2066,1,0.000000,0,0,0,0,0,TaskSwitchPedal,0.000000,1,Visual,1,1,0,1,0.000000,0,0,Axis,0,1
20261009T023155757Z_8570c874f977414da5921277d60a96eb,,,1,270,2026-10-09T02:32:11.8261425Z,16.064635,6.720176,2072,0,0,OperatingSource,0,0,TaskSwitchDisplay,1,,Keyboard,0.100000,0.000000,0.000000,0.000000,0.000000,JoyStick1LeftSlider,0.000000,0.000000,0.000000,0.000000,0.000000,0.000000,0.000000,0.000000,0.000000,0.000000,2072,1,0.000000,0,0,0,0,0,TaskSwitchPedal,0.000000,1,Visual,1,1,0,1,0.000000,0,0,Axis,0,1
20261009T023155757Z_8570c874f977414da5921277d60a96eb,,,1,271,2026-10-09T02:32:11.8766981Z,16.115990,6.772145,2078,0,0,OperatingSource,0,0,TaskSwitchDisplay,1,,Keyboard,0.100000,0.000000,0.000000,0.000000,0.000000,JoyStick1LeftSlider,0.000000,0.000000,0.000000,0.000000,0.000000,0.000000,0.000000,0.000000,0.000000,0.000000,2077,0,0.000000,0,0,0,0,0,TaskSwitchPedal,0.000000,1,Visual,1,1,0,1,0.000000,0,0,Axis,0,1
20261009T023155757Z_8570c874f977414da5921277d60a96eb,,,1,272,2026-10-09T02:32:11.9279026Z,16.167154,6.822838,2084,0,0,OperatingSource,0,0,TaskSwitchDisplay,1,,Keyboard,0.100000,0.000000,0.000000,0.000000,0.000000,JoyStick1LeftSlider,0.000000,0.000000,0.000000,0.000000,0.000000,0.000000,0.000000,0.000000,0.000000,0.000000,2084,1,0.000000,0,0,0,0,0,TaskSwitchPedal,0.000000,1,Visual,1,1,0,1,0.000000,0,0,Axis,0,1
20261009T023155757Z_8570c874f977414da5921277d60a96eb,,,1,273,2026-10-09T02:32:11.9791009Z,16.218334,6.874392,2090,0,0,OperatingSource,0,0,TaskSwitchDisplay,1,,Keyboard,0.100000,0.000000,0.000000,0.000000,0.000000,JoyStick1LeftSlider,0.000000,0.000000,0.000000,0.000000,0.000000,0.000000,0.000000,0.000000,0.000000,0.000000,2089,0,0.000000,0,0,0,0,0,TaskSwitchPedal,0.000000,1,Visual,1,1,0,1,0.000000,0,0,Axis,0,1
20261009T023155757Z_8570c874f977414da5921277d60a96eb,,,1,274,2026-10-09T02:32:12.0294726Z,16.268686,6.924511,2096,0,0,OperatingSource,0,0,TaskSwitchDisplay,1,,Keyboard,0.100000,0.000000,0.000000,0.000000,0.000000,JoyStick1LeftSlider,0.000000,0.000000,0.000000,0.000000,0.000000,0.000000,0.000000,0.000000,0.000000,0.000000,2096,1,0.000000,0,0,0,0,0,TaskSwitchPedal,0.000000,1,Visual,1,1,0,1,0.000000,0,0,Axis,0,1
20261009T023155757Z_8570c874f977414da5921277d60a96eb,,,1,275,2026-10-09T02:32:12.0798604Z,16.319618,6.975824,2102,0,0,OperatingSource,0,0,TaskSwitchDisplay,1,,Keyboard,0.100000,0.000000,0.000000,0.000000,0.000000,JoyStick1LeftSlider,0.000000,0.000000,0.000000,0.000000,0.000000,0.000000,0.000000,0.000000,0.000000,0.000000,2100,0,0.000000,0,0,0,0,0,TaskSwitchPedal,0.000000,1,Visual,1,1,0,1,0.000000,0,0,Axis,0,1
20261009T023155757Z_8570c874f977414da5921277d60a96eb,,,1,276,2026-10-09T02:32:12.1397235Z,16.378784,7.034986,2109,0,0,OperatingSource,0,0,TaskSwitchDisplay,1,,Keyboard,0.100000,0.000000,0.000000,0.000000,0.000000,JoyStick1LeftSlider,0.000000,0.000000,0.000000,0.000000,0.000000,0.000000,0.000000,0.000000,0.000000,0.000000,2108,0,0.000000,0,0,0,0,0,TaskSwitchPedal,0.000000,1,Visual,1,1,0,1,0.000000,0,0,Axis,0,1
20261009T023155757Z_8570c874f977414da5921277d60a96eb,,,1,277,2026-10-09T02:32:12.1960175Z,16.434531,7.090810,2116,0,0,OperatingSource,0,0,TaskSwitchDisplay,1,,Keyboard,0.100000,0.000000,0.000000,0.000000,0.000000,JoyStick1LeftSlider,0.000000,0.000000,0.000000,0.000000,0.000000,0.000000,0.000000,0.000000,0.000000,0.000000,2115,0,0.000000,0,0,0,0,0,TaskSwitchPedal,0.000000,1,Visual,1,1,0,1,0.000000,0,0,Axis,0,1
20261009T023155757Z_8570c874f977414da5921277d60a96eb,,,1,278,2026-10-09T02:32:12.2508303Z,16.490033,7.146197,2123,0,0,OperatingSource,0,0,TaskSwitchDisplay,1,,Keyboard,0.100000,0.000000,0.000000,0.000000,0.000000,JoyStick1LeftSlider,0.000000,0.000000,0.000000,0.000000,0.000000,0.000000,0.000000,0.000000,0.000000,0.000000,2122,0,0.000000,0,0,0,0,0,TaskSwitchPedal,0.000000,1,Visual,1,1,0,1,0.000000,0,0,Axis,0,1
20261009T023155757Z_8570c874f977414da5921277d60a96eb,,,1,279,2026-10-09T02:32:12.3088423Z,16.547569,7.203177,2129,0,0,OperatingSource,0,0,TaskSwitchDisplay,1,,Keyboard,0.100000,0.000000,0.000000,0.000000,0.000000,JoyStick1LeftSlider,0.000000,0.000000,0.000000,0.000000,0.000000,0.000000,0.000000,0.000000,0.000000,0.000000,2129,1,0.000000,0,0,0,0,0,TaskSwitchPedal,0.000000,1,Visual,1,1,0,1,0.000000,0,0,Axis,0,1
20261009T023155757Z_8570c874f977414da5921277d60a96eb,,,1,280,2026-10-09T02:32:12.3605962Z,16.599322,7.255619,2136,0,0,OperatingSource,0,0,TaskSwitchDisplay,1,,Keyboard,0.100000,0.000000,0.000000,0.000000,0.000000,JoyStick1LeftSlider,0.000000,0.000000,0.000000,0.000000,0.000000,0.000000,0.000000,0.000000,0.000000,0.000000,2134,0,0.000000,0,0,0,0,0,TaskSwitchPedal,0.000000,1,Visual,1,1,0,1,0.000000,0,0,Axis,0,1
20261009T023155757Z_8570c874f977414da5921277d60a96eb,,,1,281,2026-10-09T02:32:12.4162625Z,16.655157,7.311359,2143,0,0,OperatingSource,0,0,TaskSwitchDisplay,1,,Keyboard,0.100000,0.000000,0.000000,0.000000,0.000000,JoyStick1LeftSlider,0.000000,0.000000,0.000000,0.000000,0.000000,0.000000,0.000000,0.000000,0.000000,0.000000,2142,0,0.000000,0,0,0,0,0,TaskSwitchPedal,0.000000,1,Visual,1,1,0,1,0.000000,0,0,Axis,0,1
20261009T023155757Z_8570c874f977414da5921277d60a96eb,,,1,282,2026-10-09T02:32:12.4697882Z,16.709012,7.364788,2150,0,0,OperatingSource,0,0,TaskSwitchDisplay,1,,Keyboard,0.100000,0.000000,0.000000,0.000000,0.000000,JoyStick1LeftSlider,0.000000,0.000000,0.000000,0.000000,0.000000,0.000000,0.000000,0.000000,0.000000,0.000000,2150,1,0.000000,0,0,0,0,0,TaskSwitchPedal,0.000000,1,Visual,1,1,0,1,0.000000,0,0,Axis,0,1
20261009T023155757Z_8570c874f977414da5921277d60a96eb,,,1,283,2026-10-09T02:32:12.5271080Z,16.766450,7.422142,2156,0,0,OperatingSource,0,0,TaskSwitchDisplay,1,,Keyboard,0.100000,0.000000,0.000000,0.000000,0.000000,JoyStick1LeftSlider,0.000000,0.000000,0.000000,0.000000,0.000000,0.000000,0.000000,0.000000,0.000000,0.000000,2156,1,0.000000,0,0,0,0,0,TaskSwitchPedal,0.000000,1,Visual,1,1,0,1,0.000000,0,0,Axis,0,1
20261009T023155757Z_8570c874f977414da5921277d60a96eb,,,1,284,2026-10-09T02:32:12.5779903Z,16.817158,7.473446,2162,0,0,OperatingSource,0,0,TaskSwitchDisplay,1,,Keyboard,0.100000,0.000000,0.000000,0.000000,0.000000,JoyStick1LeftSlider,0.000000,0.000000,0.000000,0.000000,0.000000,0.000000,0.000000,0.000000,0.000000,0.000000,2161,0,0.000000,0,0,0,0,0,TaskSwitchPedal,0.000000,1,Visual,1,1,0,1,0.000000,0,0,Axis,0,1
20261009T023155757Z_8570c874f977414da5921277d60a96eb,,,1,285,2026-10-09T02:32:12.6317891Z,16.871334,7.527118,2168,0,0,OperatingSource,0,0,TaskSwitchDisplay,1,,Keyboard,0.100000,0.000000,0.000000,0.000000,0.000000,JoyStick1LeftSlider,0.000000,0.000000,0.000000,0.000000,0.000000,0.000000,0.000000,0.000000,0.000000,0.000000,2168,1,0.000000,0,0,0,0,0,TaskSwitchPedal,0.000000,1,Visual,1,1,0,1,0.000000,0,0,Axis,0,1
20261009T023155757Z_8570c874f977414da5921277d60a96eb,,,1,286,2026-10-09T02:32:12.6906896Z,16.929273,7.585083,2174,0,0,OperatingSource,0,0,TaskSwitchDisplay,1,,Keyboard,0.100000,0.000000,0.000000,0.000000,0.000000,JoyStick1LeftSlider,0.000000,0.000000,0.000000,0.000000,0.000000,0.000000,0.000000,0.000000,0.000000,0.000000,2174,1,0.000000,0,0,0,0,0,TaskSwitchPedal,0.000000,1,Visual,1,1,0,1,0.000000,0,0,Axis,0,1
20261009T023155757Z_8570c874f977414da5921277d60a96eb,,,1,287,2026-10-09T02:32:12.7418093Z,16.980722,7.636960,2180,0,0,OperatingSource,0,0,TaskSwitchDisplay,1,,Keyboard,0.100000,0.000000,0.000000,0.000000,0.000000,JoyStick1LeftSlider,0.000000,0.000000,0.000000,0.000000,0.000000,0.000000,0.000000,0.000000,0.000000,0.000000,2178,0,0.000000,0,0,0,0,0,TaskSwitchPedal,0.000000,1,Visual,1,1,0,1,0.000000,0,0,Axis,0,1
20261009T023155757Z_8570c874f977414da5921277d60a96eb,,,1,288,2026-10-09T02:32:12.7946625Z,17.034420,7.690695,2186,0,0,OperatingSource,0,0,TaskSwitchDisplay,1,,Keyboard,0.100000,0.000000,0.000000,0.000000,0.000000,JoyStick1LeftSlider,0.000000,0.000000,0.000000,0.000000,0.000000,0.000000,0.000000,0.000000,0.000000,0.000000,2185,0,0.000000,0,0,0,0,0,TaskSwitchPedal,0.000000,1,Visual,1,1,0,1,0.000000,0,0,Axis,0,1
20261009T023155757Z_8570c874f977414da5921277d60a96eb,,,1,289,2026-10-09T02:32:12.8528912Z,17.091868,7.748097,2192,0,0,OperatingSource,0,0,TaskSwitchDisplay,1,,Keyboard,0.100000,0.000000,0.000000,0.000000,0.000000,JoyStick1LeftSlider,0.000000,0.000000,0.000000,0.000000,0.000000,0.000000,0.000000,0.000000,0.000000,0.000000,2191,0,0.000000,0,0,0,0,0,TaskSwitchPedal,0.000000,1,Visual,1,1,0,1,0.000000,0,0,Axis,0,1
20261009T023155757Z_8570c874f977414da5921277d60a96eb,,,1,290,2026-10-09T02:32:12.9059111Z,17.144400,7.800187,2198,0,0,OperatingSource,0,0,TaskSwitchDisplay,1,,Keyboard,0.100000,0.000000,0.000000,0.000000,0.000000,JoyStick1LeftSlider,0.000000,0.000000,0.000000,0.000000,0.000000,0.000000,0.000000,0.000000,0.000000,0.000000,2198,1,0.000000,0,0,0,0,0,TaskSwitchPedal,0.000000,1,Visual,1,1,0,1,0.000000,0,0,Axis,0,1
20261009T023155757Z_8570c874f977414da5921277d60a96eb,,,1,291,2026-10-09T02:32:12.9573726Z,17.196786,7.853006,2204,0,0,OperatingSource,0,0,TaskSwitchDisplay,1,,Keyboard,0.100000,0.000000,0.000000,0.000000,0.000000,JoyStick1LeftSlider,0.000000,0.000000,0.000000,0.000000,0.000000,0.000000,0.000000,0.000000,0.000000,0.000000,2203,0,0.000000,0,0,0,0,0,TaskSwitchPedal,0.000000,1,Visual,1,1,0,1,0.000000,0,0,Axis,0,1
20261009T023155757Z_8570c874f977414da5921277d60a96eb,,,1,292,2026-10-09T02:32:13.0106076Z,17.249106,7.904939,2210,0,0,OperatingSource,0,0,TaskSwitchDisplay,1,,Keyboard,0.100000,0.000000,0.000000,0.000000,0.000000,JoyStick1LeftSlider,0.000000,0.000000,0.000000,0.000000,0.000000,0.000000,0.000000,0.000000,0.000000,0.000000,2210,1,0.000000,0,0,0,0,0,TaskSwitchPedal,0.000000,1,Visual,1,1,0,1,0.000000,0,0,Axis,0,1
20261009T023155757Z_8570c874f977414da5921277d60a96eb,,,1,293,2026-10-09T02:32:13.0628872Z,17.302261,7.958042,2216,0,0,OperatingSource,0,0,TaskSwitchDisplay,1,,Keyboard,0.100000,0.000000,0.000000,0.000000,0.000000,JoyStick1LeftSlider,0.000000,0.000000,0.000000,0.000000,0.000000,0.000000,0.000000,0.000000,0.000000,0.000000,2216,1,0.000000,0,0,0,0,0,TaskSwitchPedal,0.000000,1,Visual,1,1,0,1,0.000000,0,0,Axis,0,1
20261009T023155757Z_8570c874f977414da5921277d60a96eb,,,1,294,2026-10-09T02:32:13.1148736Z,17.353880,8.010156,2222,0,0,OperatingSource,0,0,TaskSwitchDisplay,1,,Keyboard,0.100000,0.000000,0.000000,0.000000,0.000000,JoyStick1LeftSlider,0.000000,0.000000,0.000000,0.000000,0.000000,0.000000,0.000000,0.000000,0.000000,0.000000,2221,0,0.000000,0,0,0,0,0,TaskSwitchPedal,0.000000,1,Visual,1,1,0,1,0.000000,0,0,Axis,0,1
20261009T023155757Z_8570c874f977414da5921277d60a96eb,,,1,295,2026-10-09T02:32:13.1676066Z,17.406909,8.062733,2228,0,0,OperatingSource,0,0,TaskSwitchDisplay,1,,Keyboard,0.100000,0.000000,0.000000,0.000000,0.000000,JoyStick1LeftSlider,0.000000,0.000000,0.000000,0.000000,0.000000,0.000000,0.000000,0.000000,0.000000,0.000000,2228,1,0.000000,0,0,0,0,0,TaskSwitchPedal,0.000000,1,Visual,1,1,0,1,0.000000,0,0,Axis,0,1
20261009T023155757Z_8570c874f977414da5921277d60a96eb,,,1,296,2026-10-09T02:32:13.2236395Z,17.462311,8.118119,2234,0,0,OperatingSource,0,0,TaskSwitchDisplay,1,,Keyboard,0.100000,0.000000,0.000000,0.000000,0.000000,JoyStick1LeftSlider,0.000000,0.000000,0.000000,0.000000,0.000000,0.000000,0.000000,0.000000,0.000000,0.000000,2234,1,0.000000,0,0,0,0,0,TaskSwitchPedal,0.000000,1,Visual,1,1,0,1,0.000000,0,0,Axis,0,1
20261009T023155757Z_8570c874f977414da5921277d60a96eb,,,1,297,2026-10-09T02:32:13.2760131Z,17.514871,8.171081,2240,0,0,OperatingSource,0,0,TaskSwitchDisplay,1,,Keyboard,0.100000,0.000000,0.000000,0.000000,0.000000,JoyStick1LeftSlider,0.000000,0.000000,0.000000,0.000000,0.000000,0.000000,0.000000,0.000000,0.000000,0.000000,2239,0,0.000000,0,0,0,0,0,TaskSwitchPedal,0.000000,1,Visual,1,1,0,1,0.000000,0,0,Axis,0,1
20261009T023155757Z_8570c874f977414da5921277d60a96eb,,,1,298,2026-10-09T02:32:13.3298774Z,17.568507,8.224323,2246,0,0,OperatingSource,0,0,TaskSwitchDisplay,1,,Keyboard,0.100000,0.000000,0.000000,0.000000,0.000000,JoyStick1LeftSlider,0.000000,0.000000,0.000000,0.000000,0.000000,0.000000,0.000000,0.000000,0.000000,0.000000,2246,1,0.000000,0,0,0,0,0,TaskSwitchPedal,0.000000,1,Visual,1,1,0,1,0.000000,0,0,Axis,0,1
20261009T023155757Z_8570c874f977414da5921277d60a96eb,,,1,299,2026-10-09T02:32:13.3798041Z,17.619397,8.275701,2252,0,0,OperatingSource,0,0,TaskSwitchDisplay,1,,Keyboard,0.100000,0.000000,0.000000,0.000000,0.000000,JoyStick1LeftSlider,0.000000,0.000000,0.000000,0.000000,0.000000,0.000000,0.000000,0.000000,0.000000,0.000000,2250,0,0.000000,0,0,0,0,0,TaskSwitchPedal,0.000000,1,Visual,1,1,0,1,0.000000,0,0,Axis,0,1
20261009T023155757Z_8570c874f977414da5921277d60a96eb,,,1,300,2026-10-09T02:32:13.4340437Z,17.672468,8.328696,2258,0,0,OperatingSource,0,0,TaskSwitchDisplay,1,,Keyboard,0.100000,0.000000,0.000000,0.000000,0.000000,JoyStick1LeftSlider,0.000000,0.000000,0.000000,0.000000,0.000000,0.000000,0.000000,0.000000,0.000000,0.000000,2257,0,0.000000,0,0,0,0,0,TaskSwitchPedal,0.000000,1,Visual,1,1,0,1,0.000000,0,0,Axis,0,1
20261009T023155757Z_8570c874f977414da5921277d60a96eb,,,1,301,2026-10-09T02:32:13.4870333Z,17.725621,8.381400,2264,0,0,OperatingSource,0,0,TaskSwitchDisplay,1,,Keyboard,0.100000,0.000000,0.000000,0.000000,0.000000,JoyStick1LeftSlider,0.000000,0.000000,0.000000,0.000000,0.000000,0.000000,0.000000,0.000000,0.000000,0.000000,2264,1,0.000000,0,0,0,0,0,TaskSwitchPedal,0.000000,1,Visual,1,1,0,1,0.000000,0,0,Axis,0,1
20261009T023155757Z_8570c874f977414da5921277d60a96eb,,,1,302,2026-10-09T02:32:13.5383085Z,17.776989,8.433228,2270,0,0,OperatingSource,0,0,TaskSwitchDisplay,1,,Keyboard,0.100000,0.000000,0.000000,0.000000,0.000000,JoyStick1LeftSlider,0.000000,0.000000,0.000000,0.000000,0.000000,0.000000,0.000000,0.000000,0.000000,0.000000,2269,0,0.000000,0,0,0,0,0,TaskSwitchPedal,0.000000,1,Visual,1,1,0,1,0.000000,0,0,Axis,0,1
20261009T023155757Z_8570c874f977414da5921277d60a96eb,,,1,303,2026-10-09T02:32:13.5965444Z,17.836007,8.491975,2276,0,0,OperatingSource,0,0,TaskSwitchDisplay,1,,Keyboard,0.100000,0.000000,0.000000,0.000000,0.000000,JoyStick1LeftSlider,0.000000,0.000000,0.000000,0.000000,0.000000,0.000000,0.000000,0.000000,0.000000,0.000000,2276,1,0.000000,0,0,0,0,0,TaskSwitchPedal,0.000000,1,Visual,1,1,0,1,0.000000,0,0,Axis,0,1
20261009T023155757Z_8570c874f977414da5921277d60a96eb,,,1,304,2026-10-09T02:32:13.6513176Z,17.890559,8.546821,2283,0,0,OperatingSource,0,0,TaskSwitchDisplay,1,,Keyboard,0.100000,0.000000,0.000000,0.000000,0.000000,JoyStick1LeftSlider,0.000000,0.000000,0.000000,0.000000,0.000000,0.000000,0.000000,0.000000,0.000000,0.000000,2282,0,0.000000,0,0,0,0,0,TaskSwitchPedal,0.000000,1,Visual,1,1,0,1,0.000000,0,0,Axis,0,1
20261009T023155757Z_8570c874f977414da5921277d60a96eb,,,1,305,2026-10-09T02:32:13.7024970Z,17.941185,8.597429,2290,0,0,OperatingSource,0,0,TaskSwitchDisplay,1,,Keyboard,0.100000,0.000000,0.000000,0.000000,0.000000,JoyStick1LeftSlider,0.000000,0.000000,0.000000,0.000000,0.000000,0.000000,0.000000,0.000000,0.000000,0.000000,2288,0,0.000000,0,0,0,0,0,TaskSwitchPedal,0.000000,1,Visual,1,1,0,1,0.000000,0,0,Axis,0,1
20261009T023155757Z_8570c874f977414da5921277d60a96eb,,,1,306,2026-10-09T02:32:13.7561352Z,17.994631,8.650531,2295,0,0,OperatingSource,0,0,TaskSwitchDisplay,1,,Keyboard,0.100000,0.000000,0.000000,0.000000,0.000000,JoyStick1LeftSlider,0.000000,0.000000,0.000000,0.000000,0.000000,0.000000,0.000000,0.000000,0.000000,0.000000,2294,0,0.000000,0,0,0,0,0,TaskSwitchPedal,0.000000,1,Visual,1,1,0,1,0.000000,0,0,Axis,0,1
