session_id,participant_id,block_id,experiment_run_index,activation_index,event_type,secondary_task_mode,utc_timestamp,real_elapsed_s,simulation_elapsed_s,frame,switch_index,active_crane_index,state,input_locked,global_paused,operation_enabled,trial_index,stimulus_side,expected_sign,response_sign,outcome,correct,reaction_time_s,presented,held_at_onset,raw_pedal,pedal_axis,invert_axis,press_threshold,release_threshold,response_timeout_s,minimum_valid_reaction_s,minimum_interval_s,maximum_interval_s,random_seed,active_clock_s,scheduled_onset_active_clock_s,actual_onset_active_clock_s,scheduled_onset_estimated_real_s,onset_observed_real_s,onset_frame_delay_s,response_observed_real_s,left_red,right_red,onset_switch_index,onset_crane_index,onset_state,onset_phase,onset_step,current_phase,current_step,app_focused,configuration_json,detail,pause_count,paused_duration_s,wall_reaction_time_s,completion_policy,response_count,incorrect_response_count,too_early_response_count,first_response_sign,first_response_outcome,first_response_correct,first_reaction_time_s,first_response_observed_real_s,first_wall_reaction_time_s,pedal_axis_raw,pedal_positive_key,pedal_negative_key,pedal_input_source,pedal_input_conflict,plus_minus_keys_enabled
20261008T075632879Z_43fb7f689c074abeb8b5af4155970dec,,,1,1,SubtaskStarted,Visual,2026-10-08T07:56:37.3659070Z,4.470665,0.173253,391,0,0,OperatingSource,0,0,1,,,,,,,,0,0,0.000000,TaskSwitchPedal,0,0.500000,0.200000,,0.100000,5.000000,10.000000,-687853315,3.735849,,,,,,,0,0,,,,,,Move1,Move1.PickupCoarseMove,1,"{""pedalAxisName"":""TaskSwitchPedal"",""usePlusMinusKeys"":true,""positivePedalKey"":61,""negativePedalKey"":45,""invertPedalAxis"":false,""pressThreshold"":0.5,""releaseThreshold"":0.20000000298023225,""minimumIntervalSeconds"":5.0,""maximumIntervalSeconds"":10.0,""minimumValidReactionSeconds"":0.10000000149011612,""randomSeed"":-687853315}","{""pedalAxisName"":""TaskSwitchPedal"",""usePlusMinusKeys"":true,""positivePedalKey"":61,""negativePedalKey"":45,""invertPedalAxis"":false,""pressThreshold"":0.5,""releaseThreshold"":0.20000000298023225,""minimumIntervalSeconds"":5.0,""maximumIntervalSeconds"":10.0,""minimumValidReactionSeconds"":0.10000000149011612,""randomSeed"":-687853315}",0,0.000000,,CorrectSidePress,,,,,,,,,,0.000000,0,0,Axis,0,1
20261008T075632879Z_43fb7f689c074abeb8b5af4155970dec,,,1,1,StimulusScheduled,Visual,2026-10-08T07:56:37.3680963Z,4.474909,0.173253,391,0,0,OperatingSource,0,0,1,1,Right,1,,,,,0,0,0.000000,TaskSwitchPedal,0,0.500000,0.200000,,0.100000,5.000000,10.000000,-687853315,3.740078,13.395853,,14.130683,,,,0,0,,,,,,Move1,Move1.PickupCoarseMove,1,"{""pedalAxisName"":""TaskSwitchPedal"",""usePlusMinusKeys"":true,""positivePedalKey"":61,""negativePedalKey"":45,""invertPedalAxis"":false,""pressThreshold"":0.5,""releaseThreshold"":0.20000000298023225,""minimumIntervalSeconds"":5.0,""maximumIntervalSeconds"":10.0,""minimumValidReactionSeconds"":0.10000000149011612,""randomSeed"":-687853315}",,0,0.000000,,CorrectSidePress,0,0,0,,,,,,,0.000000,0,0,Axis,0,1
20261008T075632879Z_43fb7f689c074abeb8b5af4155970dec,,,1,1,StimulusOnsetObserved,Visual,2026-10-08T07:56:47.0233215Z,14.130941,9.935923,816,0,0,OperatingSource,0,0,1,1,Right,1,,,,,1,0,0.000000,TaskSwitchPedal,0,0.500000,0.200000,,0.100000,5.000000,10.000000,-687853315,13.396122,13.395853,13.396122,14.130683,14.130941,0.000257,,0,1,0,0,OperatingSource,Move1,Move1.PickupCoarseMove,Move1,Move1.PickupCoarseMove,1,"{""pedalAxisName"":""TaskSwitchPedal"",""usePlusMinusKeys"":true,""positivePedalKey"":61,""negativePedalKey"":45,""invertPedalAxis"":false,""pressThreshold"":0.5,""releaseThreshold"":0.20000000298023225,""minimumIntervalSeconds"":5.0,""maximumIntervalSeconds"":10.0,""minimumValidReactionSeconds"":0.10000000149011612,""randomSeed"":-687853315}",,0,0.000000,,CorrectSidePress,0,0,0,,,,,,,0.000000,0,0,Axis,0,1
20261008T075632879Z_43fb7f689c074abeb8b5af4155970dec,,,1,1,PedalPressed,Visual,2026-10-08T07:56:48.0457646Z,15.153148,10.957539,866,0,0,OperatingSource,0,0,1,1,Right,1,1,Correct,1,1.022207,1,0,1.000000,TaskSwitchPedal,0,0.500000,0.200000,,0.100000,5.000000,10.000000,-687853315,14.418329,13.395853,13.396122,14.130683,14.130941,0.000257,15.153148,0,1,0,0,OperatingSource,Move1,Move1.PickupCoarseMove,Move1,Move1.PickupCoarseMove,1,"{""pedalAxisName"":""TaskSwitchPedal"",""usePlusMinusKeys"":true,""positivePedalKey"":61,""negativePedalKey"":45,""invertPedalAxis"":false,""pressThreshold"":0.5,""releaseThreshold"":0.20000000298023225,""minimumIntervalSeconds"":5.0,""maximumIntervalSeconds"":10.0,""minimumValidReactionSeconds"":0.10000000149011612,""randomSeed"":-687853315}",,0,0.000000,1.022207,CorrectSidePress,1,0,0,1,Correct,1,1.022207,15.153148,1.022207,0.000000,1,0,PlusMinusKeys,0,1
20261008T075632879Z_43fb7f689c074abeb8b5af4155970dec,,,1,1,TrialFinished,Visual,2026-10-08T07:56:48.0457646Z,15.153148,10.957539,866,0,0,OperatingSource,0,0,1,1,Right,1,1,Correct,1,1.022207,1,0,1.000000,TaskSwitchPedal,0,0.500000,0.200000,,0.100000,5.000000,10.000000,-687853315,14.418329,13.395853,13.396122,14.130683,14.130941,0.000257,15.153148,0,0,0,0,OperatingSource,Move1,Move1.PickupCoarseMove,Move1,Move1.PickupCoarseMove,1,"{""pedalAxisName"":""TaskSwitchPedal"",""usePlusMinusKeys"":true,""positivePedalKey"":61,""negativePedalKey"":45,""invertPedalAxis"":false,""pressThreshold"":0.5,""releaseThreshold"":0.20000000298023225,""minimumIntervalSeconds"":5.0,""maximumIntervalSeconds"":10.0,""minimumValidReactionSeconds"":0.10000000149011612,""randomSeed"":-687853315}",,0,0.000000,1.022207,CorrectSidePress,1,0,0,1,Correct,1,1.022207,15.153148,1.022207,0.000000,1,0,PlusMinusKeys,0,1
20261008T075632879Z_43fb7f689c074abeb8b5af4155970dec,,,1,1,StimulusScheduled,Visual,2026-10-08T07:56:48.0457646Z,15.154101,10.957539,866,0,0,OperatingSource,0,0,1,2,Right,1,,,,,0,0,1.000000,TaskSwitchPedal,0,0.500000,0.200000,,0.100000,5.000000,10.000000,-687853315,14.419282,20.235363,,20.970182,,,,0,0,,,,,,Move1,Move1.PickupCoarseMove,1,"{""pedalAxisName"":""TaskSwitchPedal"",""usePlusMinusKeys"":true,""positivePedalKey"":61,""negativePedalKey"":45,""invertPedalAxis"":false,""pressThreshold"":0.5,""releaseThreshold"":0.20000000298023225,""minimumIntervalSeconds"":5.0,""maximumIntervalSeconds"":10.0,""minimumValidReactionSeconds"":0.10000000149011612,""randomSeed"":-687853315}",,0,0.000000,,CorrectSidePress,0,0,0,,,,,,,0.000000,1,0,PlusMinusKeys,0,1
20261008T075632879Z_43fb7f689c074abeb8b5af4155970dec,,,1,1,StimulusOnsetObserved,Visual,2026-10-08T07:56:53.8675848Z,20.975203,16.778534,1143,0,0,OperatingSource,0,0,1,2,Right,1,,,,,1,0,0.000000,TaskSwitchPedal,0,0.500000,0.200000,,0.100000,5.000000,10.000000,-687853315,20.240384,20.235363,20.240384,20.970182,20.975203,0.005020,,0,1,0,0,OperatingSource,LiftUp,LiftUp.PickupLowering,LiftUp,LiftUp.PickupLowering,1,"{""pedalAxisName"":""TaskSwitchPedal"",""usePlusMinusKeys"":true,""positivePedalKey"":61,""negativePedalKey"":45,""invertPedalAxis"":false,""pressThreshold"":0.5,""releaseThreshold"":0.20000000298023225,""minimumIntervalSeconds"":5.0,""maximumIntervalSeconds"":10.0,""minimumValidReactionSeconds"":0.10000000149011612,""randomSeed"":-687853315}",,0,0.000000,,CorrectSidePress,0,0,0,,,,,,,0.000000,0,0,Axis,0,1
20261008T075632879Z_43fb7f689c074abeb8b5af4155970dec,,,1,1,PedalPressed,Visual,2026-10-08T07:56:55.0270417Z,22.135501,17.939929,1197,0,0,OperatingSource,0,0,1,2,Right,1,1,Correct,1,1.160298,1,0,1.000000,TaskSwitchPedal,0,0.500000,0.200000,,0.100000,5.000000,10.000000,-687853315,21.400681,20.235363,20.240384,20.970182,20.975203,0.005020,22.135501,0,1,0,0,OperatingSource,LiftUp,LiftUp.PickupLowering,LiftUp,LiftUp.PickupLowering,1,"{""pedalAxisName"":""TaskSwitchPedal"",""usePlusMinusKeys"":true,""positivePedalKey"":61,""negativePedalKey"":45,""invertPedalAxis"":false,""pressThreshold"":0.5,""releaseThreshold"":0.20000000298023225,""minimumIntervalSeconds"":5.0,""maximumIntervalSeconds"":10.0,""minimumValidReactionSeconds"":0.10000000149011612,""randomSeed"":-687853315}",,0,0.000000,1.160298,CorrectSidePress,1,0,0,1,Correct,1,1.160298,22.135501,1.160298,0.000000,1,0,PlusMinusKeys,0,1
20261008T075632879Z_43fb7f689c074abeb8b5af4155970dec,,,1,1,TrialFinished,Visual,2026-10-08T07:56:55.0270417Z,22.135501,17.939929,1197,0,0,OperatingSource,0,0,1,2,Right,1,1,Correct,1,1.160298,1,0,1.000000,TaskSwitchPedal,0,0.500000,0.200000,,0.100000,5.000000,10.000000,-687853315,21.400681,20.235363,20.240384,20.970182,20.975203,0.005020,22.135501,0,0,0,0,OperatingSource,LiftUp,LiftUp.PickupLowering,LiftUp,LiftUp.PickupLowering,1,"{""pedalAxisName"":""TaskSwitchPedal"",""usePlusMinusKeys"":true,""positivePedalKey"":61,""negativePedalKey"":45,""invertPedalAxis"":false,""pressThreshold"":0.5,""releaseThreshold"":0.20000000298023225,""minimumIntervalSeconds"":5.0,""maximumIntervalSeconds"":10.0,""minimumValidReactionSeconds"":0.10000000149011612,""randomSeed"":-687853315}",,0,0.000000,1.160298,CorrectSidePress,1,0,0,1,Correct,1,1.160298,22.135501,1.160298,0.000000,1,0,PlusMinusKeys,0,1
20261008T075632879Z_43fb7f689c074abeb8b5af4155970dec,,,1,1,StimulusScheduled,Visual,2026-10-08T07:56:55.0270417Z,22.135925,17.939929,1197,0,0,OperatingSource,0,0,1,3,Right,1,,,,,0,0,1.000000,TaskSwitchPedal,0,0.500000,0.200000,,0.100000,5.000000,10.000000,-687853315,21.401106,31.295730,,32.030549,,,,0,0,,,,,,LiftUp,LiftUp.PickupLowering,1,"{""pedalAxisName"":""TaskSwitchPedal"",""usePlusMinusKeys"":true,""positivePedalKey"":61,""negativePedalKey"":45,""invertPedalAxis"":false,""pressThreshold"":0.5,""releaseThreshold"":0.20000000298023225,""minimumIntervalSeconds"":5.0,""maximumIntervalSeconds"":10.0,""minimumValidReactionSeconds"":0.10000000149011612,""randomSeed"":-687853315}",,0,0.000000,,CorrectSidePress,0,0,0,,,,,,,0.000000,1,0,PlusMinusKeys,0,1
20261008T075632879Z_43fb7f689c074abeb8b5af4155970dec,,,1,1,StimulusOnsetObserved,Visual,2026-10-08T07:57:04.9430875Z,32.050950,27.855994,1655,0,0,OperatingSource,0,0,1,3,Right,1,,,,,1,0,0.000000,TaskSwitchPedal,0,0.500000,0.200000,,0.100000,5.000000,10.000000,-687853315,31.316131,31.295730,31.316131,32.030549,32.050950,0.020401,,0,1,0,0,OperatingSource,LiftUp,LiftUp.LoadAcquisition,LiftUp,LiftUp.LoadAcquisition,1,"{""pedalAxisName"":""TaskSwitchPedal"",""usePlusMinusKeys"":true,""positivePedalKey"":61,""negativePedalKey"":45,""invertPedalAxis"":false,""pressThreshold"":0.5,""releaseThreshold"":0.20000000298023225,""minimumIntervalSeconds"":5.0,""maximumIntervalSeconds"":10.0,""minimumValidReactionSeconds"":0.10000000149011612,""randomSeed"":-687853315}",,0,0.000000,,CorrectSidePress,0,0,0,,,,,,,0.000000,0,0,Axis,0,1
20261008T075632879Z_43fb7f689c074abeb8b5af4155970dec,,,1,1,PedalPressed,Visual,2026-10-08T07:57:06.1263298Z,33.233985,29.038315,1708,0,0,OperatingSource,0,0,1,3,Right,1,1,Correct,1,1.183035,1,0,1.000000,TaskSwitchPedal,0,0.500000,0.200000,,0.100000,5.000000,10.000000,-687853315,32.499166,31.295730,31.316131,32.030549,32.050950,0.020401,33.233985,0,1,0,0,OperatingSource,LiftUp,LiftUp.LoadAcquisition,LiftUp,LiftUp.LoadAcquisition,1,"{""pedalAxisName"":""TaskSwitchPedal"",""usePlusMinusKeys"":true,""positivePedalKey"":61,""negativePedalKey"":45,""invertPedalAxis"":false,""pressThreshold"":0.5,""releaseThreshold"":0.20000000298023225,""minimumIntervalSeconds"":5.0,""maximumIntervalSeconds"":10.0,""minimumValidReactionSeconds"":0.10000000149011612,""randomSeed"":-687853315}",,0,0.000000,1.183035,CorrectSidePress,1,0,0,1,Correct,1,1.183035,33.233985,1.183035,0.000000,1,0,PlusMinusKeys,0,1
20261008T075632879Z_43fb7f689c074abeb8b5af4155970dec,,,1,1,TrialFinished,Visual,2026-10-08T07:57:06.1263298Z,33.233985,29.038315,1708,0,0,OperatingSource,0,0,1,3,Right,1,1,Correct,1,1.183035,1,0,1.000000,TaskSwitchPedal,0,0.500000,0.200000,,0.100000,5.000000,10.000000,-687853315,32.499166,31.295730,31.316131,32.030549,32.050950,0.020401,33.233985,0,0,0,0,OperatingSource,LiftUp,LiftUp.LoadAcquisition,LiftUp,LiftUp.LoadAcquisition,1,"{""pedalAxisName"":""TaskSwitchPedal"",""usePlusMinusKeys"":true,""positivePedalKey"":61,""negativePedalKey"":45,""invertPedalAxis"":false,""pressThreshold"":0.5,""releaseThreshold"":0.20000000298023225,""minimumIntervalSeconds"":5.0,""maximumIntervalSeconds"":10.0,""minimumValidReactionSeconds"":0.10000000149011612,""randomSeed"":-687853315}",,0,0.000000,1.183035,CorrectSidePress,1,0,0,1,Correct,1,1.183035,33.233985,1.183035,0.000000,1,0,PlusMinusKeys,0,1
20261008T075632879Z_43fb7f689c074abeb8b5af4155970dec,,,1,1,StimulusScheduled,Visual,2026-10-08T07:57:06.1263298Z,33.234349,29.038315,1708,0,0,OperatingSource,0,0,1,4,Left,-1,,,,,0,0,1.000000,TaskSwitchPedal,0,0.500000,0.200000,,0.100000,5.000000,10.000000,-687853315,32.499530,40.750471,,41.485290,,,,0,0,,,,,,LiftUp,LiftUp.LoadAcquisition,1,"{""pedalAxisName"":""TaskSwitchPedal"",""usePlusMinusKeys"":true,""positivePedalKey"":61,""negativePedalKey"":45,""invertPedalAxis"":false,""pressThreshold"":0.5,""releaseThreshold"":0.20000000298023225,""minimumIntervalSeconds"":5.0,""maximumIntervalSeconds"":10.0,""minimumValidReactionSeconds"":0.10000000149011612,""randomSeed"":-687853315}",,0,0.000000,,CorrectSidePress,0,0,0,,,,,,,0.000000,1,0,PlusMinusKeys,0,1
20261008T075632879Z_43fb7f689c074abeb8b5af4155970dec,,,1,1,StimulusOnsetObserved,Visual,2026-10-08T07:57:14.3884326Z,41.495849,37.300406,2093,0,0,OperatingSource,0,0,1,4,Left,-1,,,,,1,0,0.000000,TaskSwitchPedal,0,0.500000,0.200000,,0.100000,5.000000,10.000000,-687853315,40.761029,40.750471,40.761029,41.485290,41.495849,0.010558,,1,0,0,0,OperatingSource,LiftUp,LiftUp.LoadedRaising,LiftUp,LiftUp.LoadedRaising,1,"{""pedalAxisName"":""TaskSwitchPedal"",""usePlusMinusKeys"":true,""positivePedalKey"":61,""negativePedalKey"":45,""invertPedalAxis"":false,""pressThreshold"":0.5,""releaseThreshold"":0.20000000298023225,""minimumIntervalSeconds"":5.0,""maximumIntervalSeconds"":10.0,""minimumValidReactionSeconds"":0.10000000149011612,""randomSeed"":-687853315}",,0,0.000000,,CorrectSidePress,0,0,0,,,,,,,0.000000,0,0,Axis,0,1
20261008T075632879Z_43fb7f689c074abeb8b5af4155970dec,,,1,1,PedalPressed,Visual,2026-10-08T07:57:15.3833616Z,42.490985,38.296117,2140,0,0,OperatingSource,0,0,1,4,Left,-1,-1,Correct,1,0.995137,1,0,-1.000000,TaskSwitchPedal,0,0.500000,0.200000,,0.100000,5.000000,10.000000,-687853315,41.756166,40.750471,40.761029,41.485290,41.495849,0.010558,42.490985,1,0,0,0,OperatingSource,LiftUp,LiftUp.LoadedRaising,LiftUp,LiftUp.LoadedRaising,1,"{""pedalAxisName"":""TaskSwitchPedal"",""usePlusMinusKeys"":true,""positivePedalKey"":61,""negativePedalKey"":45,""invertPedalAxis"":false,""pressThreshold"":0.5,""releaseThreshold"":0.20000000298023225,""minimumIntervalSeconds"":5.0,""maximumIntervalSeconds"":10.0,""minimumValidReactionSeconds"":0.10000000149011612,""randomSeed"":-687853315}",,0,0.000000,0.995137,CorrectSidePress,1,0,0,-1,Correct,1,0.995137,42.490985,0.995137,0.000000,0,1,PlusMinusKeys,0,1
20261008T075632879Z_43fb7f689c074abeb8b5af4155970dec,,,1,1,TrialFinished,Visual,2026-10-08T07:57:15.3833616Z,42.490985,38.296117,2140,0,0,OperatingSource,0,0,1,4,Left,-1,-1,Correct,1,0.995137,1,0,-1.000000,TaskSwitchPedal,0,0.500000,0.200000,,0.100000,5.000000,10.000000,-687853315,41.756166,40.750471,40.761029,41.485290,41.495849,0.010558,42.490985,0,0,0,0,OperatingSource,LiftUp,LiftUp.LoadedRaising,LiftUp,LiftUp.LoadedRaising,1,"{""pedalAxisName"":""TaskSwitchPedal"",""usePlusMinusKeys"":true,""positivePedalKey"":61,""negativePedalKey"":45,""invertPedalAxis"":false,""pressThreshold"":0.5,""releaseThreshold"":0.20000000298023225,""minimumIntervalSeconds"":5.0,""maximumIntervalSeconds"":10.0,""minimumValidReactionSeconds"":0.10000000149011612,""randomSeed"":-687853315}",,0,0.000000,0.995137,CorrectSidePress,1,0,0,-1,Correct,1,0.995137,42.490985,0.995137,0.000000,0,1,PlusMinusKeys,0,1
20261008T075632879Z_43fb7f689c074abeb8b5af4155970dec,,,1,1,StimulusScheduled,Visual,2026-10-08T07:57:15.3833616Z,42.491427,38.296117,2140,0,0,OperatingSource,0,0,1,5,Left,-1,,,,,0,0,-1.000000,TaskSwitchPedal,0,0.500000,0.200000,,0.100000,5.000000,10.000000,-687853315,41.756608,49.147735,,49.882554,,,,0,0,,,,,,LiftUp,LiftUp.LoadedRaising,1,"{""pedalAxisName"":""TaskSwitchPedal"",""usePlusMinusKeys"":true,""positivePedalKey"":61,""negativePedalKey"":45,""invertPedalAxis"":false,""pressThreshold"":0.5,""releaseThreshold"":0.20000000298023225,""minimumIntervalSeconds"":5.0,""maximumIntervalSeconds"":10.0,""minimumValidReactionSeconds"":0.10000000149011612,""randomSeed"":-687853315}",,0,0.000000,,CorrectSidePress,0,0,0,,,,,,,0.000000,0,1,PlusMinusKeys,0,1
20261008T075632879Z_43fb7f689c074abeb8b5af4155970dec,,,1,1,StimulusOnsetObserved,Visual,2026-10-08T07:57:22.7755122Z,49.883457,45.688341,2466,0,0,OperatingSource,0,0,1,5,Left,-1,,,,,1,0,0.000000,TaskSwitchPedal,0,0.500000,0.200000,,0.100000,5.000000,10.000000,-687853315,49.148638,49.147735,49.148638,49.882554,49.883457,0.000904,,1,0,0,0,OperatingSource,Move2,Move2.DestinationCoarseMove,Move2,Move2.DestinationCoarseMove,1,"{""pedalAxisName"":""TaskSwitchPedal"",""usePlusMinusKeys"":true,""positivePedalKey"":61,""negativePedalKey"":45,""invertPedalAxis"":false,""pressThreshold"":0.5,""releaseThreshold"":0.20000000298023225,""minimumIntervalSeconds"":5.0,""maximumIntervalSeconds"":10.0,""minimumValidReactionSeconds"":0.10000000149011612,""randomSeed"":-687853315}",,0,0.000000,,CorrectSidePress,0,0,0,,,,,,,0.000000,0,0,Axis,0,1
20261008T075632879Z_43fb7f689c074abeb8b5af4155970dec,,,1,1,PedalPressed,Visual,2026-10-08T07:57:24.2170589Z,51.325634,47.130631,2528,0,0,OperatingSource,0,0,1,5,Left,-1,-1,Correct,1,1.442177,1,0,-1.000000,TaskSwitchPedal,0,0.500000,0.200000,,0.100000,5.000000,10.000000,-687853315,50.590815,49.147735,49.148638,49.882554,49.883457,0.000904,51.325634,1,0,0,0,OperatingSource,Move2,Move2.DestinationCoarseMove,Move2,Move2.DestinationCoarseMove,1,"{""pedalAxisName"":""TaskSwitchPedal"",""usePlusMinusKeys"":true,""positivePedalKey"":61,""negativePedalKey"":45,""invertPedalAxis"":false,""pressThreshold"":0.5,""releaseThreshold"":0.20000000298023225,""minimumIntervalSeconds"":5.0,""maximumIntervalSeconds"":10.0,""minimumValidReactionSeconds"":0.10000000149011612,""randomSeed"":-687853315}",,0,0.000000,1.442177,CorrectSidePress,1,0,0,-1,Correct,1,1.442177,51.325634,1.442177,0.000000,0,1,PlusMinusKeys,0,1
20261008T075632879Z_43fb7f689c074abeb8b5af4155970dec,,,1,1,TrialFinished,Visual,2026-10-08T07:57:24.2183801Z,51.325634,47.130631,2528,0,0,OperatingSource,0,0,1,5,Left,-1,-1,Correct,1,1.442177,1,0,-1.000000,TaskSwitchPedal,0,0.500000,0.200000,,0.100000,5.000000,10.000000,-687853315,50.590815,49.147735,49.148638,49.882554,49.883457,0.000904,51.325634,0,0,0,0,OperatingSource,Move2,Move2.DestinationCoarseMove,Move2,Move2.DestinationCoarseMove,1,"{""pedalAxisName"":""TaskSwitchPedal"",""usePlusMinusKeys"":true,""positivePedalKey"":61,""negativePedalKey"":45,""invertPedalAxis"":false,""pressThreshold"":0.5,""releaseThreshold"":0.20000000298023225,""minimumIntervalSeconds"":5.0,""maximumIntervalSeconds"":10.0,""minimumValidReactionSeconds"":0.10000000149011612,""randomSeed"":-687853315}",,0,0.000000,1.442177,CorrectSidePress,1,0,0,-1,Correct,1,1.442177,51.325634,1.442177,0.000000,0,1,PlusMinusKeys,0,1
20261008T075632879Z_43fb7f689c074abeb8b5af4155970dec,,,1,1,StimulusScheduled,Visual,2026-10-08T07:57:24.2183801Z,51.326051,47.130631,2528,0,0,OperatingSource,0,0,1,6,Right,1,,,,,0,0,-1.000000,TaskSwitchPedal,0,0.500000,0.200000,,0.100000,5.000000,10.000000,-687853315,50.591231,56.581991,,57.316810,,,,0,0,,,,,,Move2,Move2.DestinationCoarseMove,1,"{""pedalAxisName"":""TaskSwitchPedal"",""usePlusMinusKeys"":true,""positivePedalKey"":61,""negativePedalKey"":45,""invertPedalAxis"":false,""pressThreshold"":0.5,""releaseThreshold"":0.20000000298023225,""minimumIntervalSeconds"":5.0,""maximumIntervalSeconds"":10.0,""minimumValidReactionSeconds"":0.10000000149011612,""randomSeed"":-687853315}",,0,0.000000,,CorrectSidePress,0,0,0,,,,,,,0.000000,0,1,PlusMinusKeys,0,1
20261008T075632879Z_43fb7f689c074abeb8b5af4155970dec,,,1,1,StimulusOnsetObserved,Visual,2026-10-08T07:57:30.2288271Z,57.336480,53.140871,2794,0,0,OperatingSource,0,0,1,6,Right,1,,,,,1,0,0.000000,TaskSwitchPedal,0,0.500000,0.200000,,0.100000,5.000000,10.000000,-687853315,56.601660,56.581991,56.601660,57.316810,57.336480,0.019670,,0,1,0,0,OperatingSource,Move2,Move2.DestinationCoarseMove,Move2,Move2.DestinationCoarseMove,1,"{""pedalAxisName"":""TaskSwitchPedal"",""usePlusMinusKeys"":true,""positivePedalKey"":61,""negativePedalKey"":45,""invertPedalAxis"":false,""pressThreshold"":0.5,""releaseThreshold"":0.20000000298023225,""minimumIntervalSeconds"":5.0,""maximumIntervalSeconds"":10.0,""minimumValidReactionSeconds"":0.10000000149011612,""randomSeed"":-687853315}",,0,0.000000,,CorrectSidePress,0,0,0,,,,,,,0.000000,0,0,Axis,0,1
20261008T075632879Z_43fb7f689c074abeb8b5af4155970dec,,,1,1,PedalPressed,Visual,2026-10-08T07:57:31.4518800Z,58.560248,54.364512,2845,0,0,OperatingSource,0,0,1,6,Right,1,1,Correct,1,1.223769,1,0,1.000000,TaskSwitchPedal,0,0.500000,0.200000,,0.100000,5.000000,10.000000,-687853315,57.825429,56.581991,56.601660,57.316810,57.336480,0.019670,58.560248,0,1,0,0,OperatingSource,Move2,Move2.DestinationCoarseMove,Move2,Move2.DestinationFineAlign,1,"{""pedalAxisName"":""TaskSwitchPedal"",""usePlusMinusKeys"":true,""positivePedalKey"":61,""negativePedalKey"":45,""invertPedalAxis"":false,""pressThreshold"":0.5,""releaseThreshold"":0.20000000298023225,""minimumIntervalSeconds"":5.0,""maximumIntervalSeconds"":10.0,""minimumValidReactionSeconds"":0.10000000149011612,""randomSeed"":-687853315}",,0,0.000000,1.223769,CorrectSidePress,1,0,0,1,Correct,1,1.223769,58.560248,1.223769,0.000000,1,0,PlusMinusKeys,0,1
20261008T075632879Z_43fb7f689c074abeb8b5af4155970dec,,,1,1,TrialFinished,Visual,2026-10-08T07:57:31.4529112Z,58.560248,54.364512,2845,0,0,OperatingSource,0,0,1,6,Right,1,1,Correct,1,1.223769,1,0,1.000000,TaskSwitchPedal,0,0.500000,0.200000,,0.100000,5.000000,10.000000,-687853315,57.825429,56.581991,56.601660,57.316810,57.336480,0.019670,58.560248,0,0,0,0,OperatingSource,Move2,Move2.DestinationCoarseMove,Move2,Move2.DestinationFineAlign,1,"{""pedalAxisName"":""TaskSwitchPedal"",""usePlusMinusKeys"":true,""positivePedalKey"":61,""negativePedalKey"":45,""invertPedalAxis"":false,""pressThreshold"":0.5,""releaseThreshold"":0.20000000298023225,""minimumIntervalSeconds"":5.0,""maximumIntervalSeconds"":10.0,""minimumValidReactionSeconds"":0.10000000149011612,""randomSeed"":-687853315}",,0,0.000000,1.223769,CorrectSidePress,1,0,0,1,Correct,1,1.223769,58.560248,1.223769,0.000000,1,0,PlusMinusKeys,0,1
20261008T075632879Z_43fb7f689c074abeb8b5af4155970dec,,,1,1,StimulusScheduled,Visual,2026-10-08T07:57:31.4529112Z,58.560567,54.364512,2845,0,0,OperatingSource,0,0,1,7,Left,-1,,,,,0,0,1.000000,TaskSwitchPedal,0,0.500000,0.200000,,0.100000,5.000000,10.000000,-687853315,57.825748,64.651081,,65.385900,,,,0,0,,,,,,Move2,Move2.DestinationFineAlign,1,"{""pedalAxisName"":""TaskSwitchPedal"",""usePlusMinusKeys"":true,""positivePedalKey"":61,""negativePedalKey"":45,""invertPedalAxis"":false,""pressThreshold"":0.5,""releaseThreshold"":0.20000000298023225,""minimumIntervalSeconds"":5.0,""maximumIntervalSeconds"":10.0,""minimumValidReactionSeconds"":0.10000000149011612,""randomSeed"":-687853315}",,0,0.000000,,CorrectSidePress,0,0,0,,,,,,,0.000000,1,0,PlusMinusKeys,0,1
20261008T075632879Z_43fb7f689c074abeb8b5af4155970dec,,,1,1,PedalPressed,Visual,2026-10-08T07:57:31.7674474Z,58.875397,54.679321,2856,0,0,OperatingSource,0,0,1,,,,1,FalseAlarm,,,0,0,1.000000,TaskSwitchPedal,0,0.500000,0.200000,,0.100000,5.000000,10.000000,-687853315,58.140577,,,,,,58.875397,0,0,,,,,,Move2,Move2.DestinationFineAlign,1,"{""pedalAxisName"":""TaskSwitchPedal"",""usePlusMinusKeys"":true,""positivePedalKey"":61,""negativePedalKey"":45,""invertPedalAxis"":false,""pressThreshold"":0.5,""releaseThreshold"":0.20000000298023225,""minimumIntervalSeconds"":5.0,""maximumIntervalSeconds"":10.0,""minimumValidReactionSeconds"":0.10000000149011612,""randomSeed"":-687853315}",,0,0.000000,,CorrectSidePress,,,,,,,,,,0.000000,1,0,PlusMinusKeys,0,1
20261008T075632879Z_43fb7f689c074abeb8b5af4155970dec,,,1,1,StimulusOnsetObserved,Visual,2026-10-08T07:57:38.2958474Z,65.403425,61.208103,3132,1,0,CountingDown,0,0,1,7,Left,-1,,,,,1,0,0.000000,TaskSwitchPedal,0,0.500000,0.200000,,0.100000,5.000000,10.000000,-687853315,64.668606,64.651081,64.668606,65.385900,65.403425,0.017525,,1,0,1,0,CountingDown,Place,Place.PlacementLowering,Place,Place.PlacementLowering,1,"{""pedalAxisName"":""TaskSwitchPedal"",""usePlusMinusKeys"":true,""positivePedalKey"":61,""negativePedalKey"":45,""invertPedalAxis"":false,""pressThreshold"":0.5,""releaseThreshold"":0.20000000298023225,""minimumIntervalSeconds"":5.0,""maximumIntervalSeconds"":10.0,""minimumValidReactionSeconds"":0.10000000149011612,""randomSeed"":-687853315}",,0,0.000000,,CorrectSidePress,0,0,0,,,,,,,0.000000,0,0,Axis,0,1
20261008T075632879Z_43fb7f689c074abeb8b5af4155970dec,,,1,1,PedalPressed,Visual,2026-10-08T07:57:41.4122207Z,68.519772,64.322165,3256,1,0,CountingDown,0,0,1,7,Left,-1,-1,Correct,1,3.116347,1,0,-1.000000,TaskSwitchPedal,0,0.500000,0.200000,,0.100000,5.000000,10.000000,-687853315,67.784953,64.651081,64.668606,65.385900,65.403425,0.017525,68.519772,1,0,1,0,CountingDown,Place,Place.PlacementLowering,Place,Place.LoadRelease,1,"{""pedalAxisName"":""TaskSwitchPedal"",""usePlusMinusKeys"":true,""positivePedalKey"":61,""negativePedalKey"":45,""invertPedalAxis"":false,""pressThreshold"":0.5,""releaseThreshold"":0.20000000298023225,""minimumIntervalSeconds"":5.0,""maximumIntervalSeconds"":10.0,""minimumValidReactionSeconds"":0.10000000149011612,""randomSeed"":-687853315}",,0,0.000000,3.116347,CorrectSidePress,1,0,0,-1,Correct,1,3.116347,68.519772,3.116347,0.000000,0,1,PlusMinusKeys,0,1
20261008T075632879Z_43fb7f689c074abeb8b5af4155970dec,,,1,1,TrialFinished,Visual,2026-10-08T07:57:41.4122207Z,68.519772,64.322165,3256,1,0,CountingDown,0,0,1,7,Left,-1,-1,Correct,1,3.116347,1,0,-1.000000,TaskSwitchPedal,0,0.500000,0.200000,,0.100000,5.000000,10.000000,-687853315,67.784953,64.651081,64.668606,65.385900,65.403425,0.017525,68.519772,0,0,1,0,CountingDown,Place,Place.PlacementLowering,Place,Place.LoadRelease,1,"{""pedalAxisName"":""TaskSwitchPedal"",""usePlusMinusKeys"":true,""positivePedalKey"":61,""negativePedalKey"":45,""invertPedalAxis"":false,""pressThreshold"":0.5,""releaseThreshold"":0.20000000298023225,""minimumIntervalSeconds"":5.0,""maximumIntervalSeconds"":10.0,""minimumValidReactionSeconds"":0.10000000149011612,""randomSeed"":-687853315}",,0,0.000000,3.116347,CorrectSidePress,1,0,0,-1,Correct,1,3.116347,68.519772,3.116347,0.000000,0,1,PlusMinusKeys,0,1
20261008T075632879Z_43fb7f689c074abeb8b5af4155970dec,,,1,1,StimulusScheduled,Visual,2026-10-08T07:57:41.4122207Z,68.520099,64.322165,3256,1,0,CountingDown,0,0,1,8,Right,1,,,,,0,0,-1.000000,TaskSwitchPedal,0,0.500000,0.200000,,0.100000,5.000000,10.000000,-687853315,67.785279,73.917182,,74.652001,,,,0,0,,,,,,Place,Place.LoadRelease,1,"{""pedalAxisName"":""TaskSwitchPedal"",""usePlusMinusKeys"":true,""positivePedalKey"":61,""negativePedalKey"":45,""invertPedalAxis"":false,""pressThreshold"":0.5,""releaseThreshold"":0.20000000298023225,""minimumIntervalSeconds"":5.0,""maximumIntervalSeconds"":10.0,""minimumValidReactionSeconds"":0.10000000149011612,""randomSeed"":-687853315}",,0,0.000000,,CorrectSidePress,0,0,0,,,,,,,0.000000,0,1,PlusMinusKeys,0,1
20261008T075632879Z_43fb7f689c074abeb8b5af4155970dec,,,1,1,PedalPressed,Visual,2026-10-08T07:57:41.6622703Z,68.770393,64.575522,3266,1,0,CountingDown,0,0,1,,,,-1,FalseAlarm,,,0,0,-1.000000,TaskSwitchPedal,0,0.500000,0.200000,,0.100000,5.000000,10.000000,-687853315,68.035574,,,,,,68.770393,0,0,,,,,,Place,Place.PostPlacementRaising,1,"{""pedalAxisName"":""TaskSwitchPedal"",""usePlusMinusKeys"":true,""positivePedalKey"":61,""negativePedalKey"":45,""invertPedalAxis"":false,""pressThreshold"":0.5,""releaseThreshold"":0.20000000298023225,""minimumIntervalSeconds"":5.0,""maximumIntervalSeconds"":10.0,""minimumValidReactionSeconds"":0.10000000149011612,""randomSeed"":-687853315}",,0,0.000000,,CorrectSidePress,,,,,,,,,,0.000000,0,1,PlusMinusKeys,0,1
20261008T075632879Z_43fb7f689c074abeb8b5af4155970dec,,,1,1,StimulusOnsetObserved,Visual,2026-10-08T07:57:47.5507828Z,74.659295,70.463547,3534,1,1,OperatingTarget,0,0,1,8,Right,1,,,,,1,0,0.000000,TaskSwitchPedal,0,0.500000,0.200000,,0.100000,5.000000,10.000000,-687853315,73.924476,73.917182,73.924476,74.652001,74.659295,0.007294,,0,1,1,1,OperatingTarget,Move1,Move1.PickupCoarseMove,Move1,Move1.PickupCoarseMove,1,"{""pedalAxisName"":""TaskSwitchPedal"",""usePlusMinusKeys"":true,""positivePedalKey"":61,""negativePedalKey"":45,""invertPedalAxis"":false,""pressThreshold"":0.5,""releaseThreshold"":0.20000000298023225,""minimumIntervalSeconds"":5.0,""maximumIntervalSeconds"":10.0,""minimumValidReactionSeconds"":0.10000000149011612,""randomSeed"":-687853315}",,0,0.000000,,CorrectSidePress,0,0,0,,,,,,,0.000000,0,0,Axis,0,1
20261008T075632879Z_43fb7f689c074abeb8b5af4155970dec,,,1,1,PedalPressed,Visual,2026-10-08T07:57:49.4777456Z,76.586098,72.390584,3618,1,1,OperatingTarget,0,0,1,8,Right,1,1,Correct,1,1.926803,1,0,1.000000,TaskSwitchPedal,0,0.500000,0.200000,,0.100000,5.000000,10.000000,-687853315,75.851279,73.917182,73.924476,74.652001,74.659295,0.007294,76.586098,0,1,1,1,OperatingTarget,Move1,Move1.PickupCoarseMove,Move1,Move1.PickupCoarseMove,1,"{""pedalAxisName"":""TaskSwitchPedal"",""usePlusMinusKeys"":true,""positivePedalKey"":61,""negativePedalKey"":45,""invertPedalAxis"":false,""pressThreshold"":0.5,""releaseThreshold"":0.20000000298023225,""minimumIntervalSeconds"":5.0,""maximumIntervalSeconds"":10.0,""minimumValidReactionSeconds"":0.10000000149011612,""randomSeed"":-687853315}",,0,0.000000,1.926803,CorrectSidePress,1,0,0,1,Correct,1,1.926803,76.586098,1.926803,0.000000,1,0,PlusMinusKeys,0,1
20261008T075632879Z_43fb7f689c074abeb8b5af4155970dec,,,1,1,TrialFinished,Visual,2026-10-08T07:57:49.4777456Z,76.586098,72.390584,3618,1,1,OperatingTarget,0,0,1,8,Right,1,1,Correct,1,1.926803,1,0,1.000000,TaskSwitchPedal,0,0.500000,0.200000,,0.100000,5.000000,10.000000,-687853315,75.851279,73.917182,73.924476,74.652001,74.659295,0.007294,76.586098,0,0,1,1,OperatingTarget,Move1,Move1.PickupCoarseMove,Move1,Move1.PickupCoarseMove,1,"{""pedalAxisName"":""TaskSwitchPedal"",""usePlusMinusKeys"":true,""positivePedalKey"":61,""negativePedalKey"":45,""invertPedalAxis"":false,""pressThreshold"":0.5,""releaseThreshold"":0.20000000298023225,""minimumIntervalSeconds"":5.0,""maximumIntervalSeconds"":10.0,""minimumValidReactionSeconds"":0.10000000149011612,""randomSeed"":-687853315}",,0,0.000000,1.926803,CorrectSidePress,1,0,0,1,Correct,1,1.926803,76.586098,1.926803,0.000000,1,0,PlusMinusKeys,0,1
20261008T075632879Z_43fb7f689c074abeb8b5af4155970dec,,,1,1,StimulusScheduled,Visual,2026-10-08T07:57:49.4789786Z,76.586461,72.390584,3618,1,1,OperatingTarget,0,0,1,9,Left,-1,,,,,0,0,1.000000,TaskSwitchPedal,0,0.500000,0.200000,,0.100000,5.000000,10.000000,-687853315,75.851641,84.604043,,85.338862,,,,0,0,,,,,,Move1,Move1.PickupCoarseMove,1,"{""pedalAxisName"":""TaskSwitchPedal"",""usePlusMinusKeys"":true,""positivePedalKey"":61,""negativePedalKey"":45,""invertPedalAxis"":false,""pressThreshold"":0.5,""releaseThreshold"":0.20000000298023225,""minimumIntervalSeconds"":5.0,""maximumIntervalSeconds"":10.0,""minimumValidReactionSeconds"":0.10000000149011612,""randomSeed"":-687853315}",,0,0.000000,,CorrectSidePress,0,0,0,,,,,,,0.000000,1,0,PlusMinusKeys,0,1
20261008T075632879Z_43fb7f689c074abeb8b5af4155970dec,,,1,1,StimulusOnsetObserved,Visual,2026-10-08T07:57:58.2323062Z,85.341161,81.145549,4015,1,1,OperatingTarget,0,0,1,9,Left,-1,,,,,1,0,0.000000,TaskSwitchPedal,0,0.500000,0.200000,,0.100000,5.000000,10.000000,-687853315,84.606342,84.604043,84.606342,85.338862,85.341161,0.002299,,1,0,1,1,OperatingTarget,LiftUp,LiftUp.PickupLowering,LiftUp,LiftUp.PickupLowering,1,"{""pedalAxisName"":""TaskSwitchPedal"",""usePlusMinusKeys"":true,""positivePedalKey"":61,""negativePedalKey"":45,""invertPedalAxis"":false,""pressThreshold"":0.5,""releaseThreshold"":0.20000000298023225,""minimumIntervalSeconds"":5.0,""maximumIntervalSeconds"":10.0,""minimumValidReactionSeconds"":0.10000000149011612,""randomSeed"":-687853315}",,0,0.000000,,CorrectSidePress,0,0,0,,,,,,,0.000000,0,0,Axis,0,1
20261008T075632879Z_43fb7f689c074abeb8b5af4155970dec,,,1,1,PedalPressed,Visual,2026-10-08T07:57:59.3304454Z,86.438846,82.242180,4062,1,1,OperatingTarget,0,0,1,9,Left,-1,-1,Correct,1,1.097685,1,0,-1.000000,TaskSwitchPedal,0,0.500000,0.200000,,0.100000,5.000000,10.000000,-687853315,85.704027,84.604043,84.606342,85.338862,85.341161,0.002299,86.438846,1,0,1,1,OperatingTarget,LiftUp,LiftUp.PickupLowering,LiftUp,LiftUp.PickupLowering,1,"{""pedalAxisName"":""TaskSwitchPedal"",""usePlusMinusKeys"":true,""positivePedalKey"":61,""negativePedalKey"":45,""invertPedalAxis"":false,""pressThreshold"":0.5,""releaseThreshold"":0.20000000298023225,""minimumIntervalSeconds"":5.0,""maximumIntervalSeconds"":10.0,""minimumValidReactionSeconds"":0.10000000149011612,""randomSeed"":-687853315}",,0,0.000000,1.097685,CorrectSidePress,1,0,0,-1,Correct,1,1.097685,86.438846,1.097685,0.000000,0,1,PlusMinusKeys,0,1
20261008T075632879Z_43fb7f689c074abeb8b5af4155970dec,,,1,1,TrialFinished,Visual,2026-10-08T07:57:59.3329508Z,86.438846,82.242180,4062,1,1,OperatingTarget,0,0,1,9,Left,-1,-1,Correct,1,1.097685,1,0,-1.000000,TaskSwitchPedal,0,0.500000,0.200000,,0.100000,5.000000,10.000000,-687853315,85.704027,84.604043,84.606342,85.338862,85.341161,0.002299,86.438846,0,0,1,1,OperatingTarget,LiftUp,LiftUp.PickupLowering,LiftUp,LiftUp.PickupLowering,1,"{""pedalAxisName"":""TaskSwitchPedal"",""usePlusMinusKeys"":true,""positivePedalKey"":61,""negativePedalKey"":45,""invertPedalAxis"":false,""pressThreshold"":0.5,""releaseThreshold"":0.20000000298023225,""minimumIntervalSeconds"":5.0,""maximumIntervalSeconds"":10.0,""minimumValidReactionSeconds"":0.10000000149011612,""randomSeed"":-687853315}",,0,0.000000,1.097685,CorrectSidePress,1,0,0,-1,Correct,1,1.097685,86.438846,1.097685,0.000000,0,1,PlusMinusKeys,0,1
20261008T075632879Z_43fb7f689c074abeb8b5af4155970dec,,,1,1,StimulusScheduled,Visual,2026-10-08T07:57:59.3329508Z,86.440869,82.242180,4062,1,1,OperatingTarget,0,0,1,10,Left,-1,,,,,0,0,-1.000000,TaskSwitchPedal,0,0.500000,0.200000,,0.100000,5.000000,10.000000,-687853315,85.706050,94.030485,,94.765304,,,,0,0,,,,,,LiftUp,LiftUp.PickupLowering,1,"{""pedalAxisName"":""TaskSwitchPedal"",""usePlusMinusKeys"":true,""positivePedalKey"":61,""negativePedalKey"":45,""invertPedalAxis"":false,""pressThreshold"":0.5,""releaseThreshold"":0.20000000298023225,""minimumIntervalSeconds"":5.0,""maximumIntervalSeconds"":10.0,""minimumValidReactionSeconds"":0.10000000149011612,""randomSeed"":-687853315}",,0,0.000000,,CorrectSidePress,0,0,0,,,,,,,0.000000,0,1,PlusMinusKeys,0,1
20261008T075632879Z_43fb7f689c074abeb8b5af4155970dec,,,1,1,StimulusOnsetObserved,Visual,2026-10-08T07:58:07.6766921Z,94.784813,90.588919,4403,1,1,OperatingTarget,0,0,1,10,Left,-1,,,,,1,0,0.000000,TaskSwitchPedal,0,0.500000,0.200000,,0.100000,5.000000,10.000000,-687853315,94.049993,94.030485,94.049993,94.765304,94.784813,0.019509,,1,0,1,1,OperatingTarget,LiftUp,LiftUp.LoadedRaising,LiftUp,LiftUp.LoadedRaising,1,"{""pedalAxisName"":""TaskSwitchPedal"",""usePlusMinusKeys"":true,""positivePedalKey"":61,""negativePedalKey"":45,""invertPedalAxis"":false,""pressThreshold"":0.5,""releaseThreshold"":0.20000000298023225,""minimumIntervalSeconds"":5.0,""maximumIntervalSeconds"":10.0,""minimumValidReactionSeconds"":0.10000000149011612,""randomSeed"":-687853315}",,0,0.000000,,CorrectSidePress,0,0,0,,,,,,,0.000000,0,0,Axis,0,1
20261008T075632879Z_43fb7f689c074abeb8b5af4155970dec,,,1,1,PedalPressed,Visual,2026-10-08T07:58:08.7612982Z,95.868728,91.673309,4445,1,1,OperatingTarget,0,0,1,10,Left,-1,-1,Correct,1,1.083915,1,0,-1.000000,TaskSwitchPedal,0,0.500000,0.200000,,0.100000,5.000000,10.000000,-687853315,95.133909,94.030485,94.049993,94.765304,94.784813,0.019509,95.868728,1,0,1,1,OperatingTarget,LiftUp,LiftUp.LoadedRaising,LiftUp,LiftUp.LoadedRaising,1,"{""pedalAxisName"":""TaskSwitchPedal"",""usePlusMinusKeys"":true,""positivePedalKey"":61,""negativePedalKey"":45,""invertPedalAxis"":false,""pressThreshold"":0.5,""releaseThreshold"":0.20000000298023225,""minimumIntervalSeconds"":5.0,""maximumIntervalSeconds"":10.0,""minimumValidReactionSeconds"":0.10000000149011612,""randomSeed"":-687853315}",,0,0.000000,1.083915,CorrectSidePress,1,0,0,-1,Correct,1,1.083915,95.868728,1.083915,0.000000,0,1,PlusMinusKeys,0,1
20261008T075632879Z_43fb7f689c074abeb8b5af4155970dec,,,1,1,TrialFinished,Visual,2026-10-08T07:58:08.7612982Z,95.868728,91.673309,4445,1,1,OperatingTarget,0,0,1,10,Left,-1,-1,Correct,1,1.083915,1,0,-1.000000,TaskSwitchPedal,0,0.500000,0.200000,,0.100000,5.000000,10.000000,-687853315,95.133909,94.030485,94.049993,94.765304,94.784813,0.019509,95.868728,0,0,1,1,OperatingTarget,LiftUp,LiftUp.LoadedRaising,LiftUp,LiftUp.LoadedRaising,1,"{""pedalAxisName"":""TaskSwitchPedal"",""usePlusMinusKeys"":true,""positivePedalKey"":61,""negativePedalKey"":45,""invertPedalAxis"":false,""pressThreshold"":0.5,""releaseThreshold"":0.20000000298023225,""minimumIntervalSeconds"":5.0,""maximumIntervalSeconds"":10.0,""minimumValidReactionSeconds"":0.10000000149011612,""randomSeed"":-687853315}",,0,0.000000,1.083915,CorrectSidePress,1,0,0,-1,Correct,1,1.083915,95.868728,1.083915,0.000000,0,1,PlusMinusKeys,0,1
20261008T075632879Z_43fb7f689c074abeb8b5af4155970dec,,,1,1,StimulusScheduled,Visual,2026-10-08T07:58:08.7612982Z,95.869057,91.673309,4445,1,1,OperatingTarget,0,0,1,11,Right,1,,,,,0,0,-1.000000,TaskSwitchPedal,0,0.500000,0.200000,,0.100000,5.000000,10.000000,-687853315,95.134238,105.128229,,105.863048,,,,0,0,,,,,,LiftUp,LiftUp.LoadedRaising,1,"{""pedalAxisName"":""TaskSwitchPedal"",""usePlusMinusKeys"":true,""positivePedalKey"":61,""negativePedalKey"":45,""invertPedalAxis"":false,""pressThreshold"":0.5,""releaseThreshold"":0.20000000298023225,""minimumIntervalSeconds"":5.0,""maximumIntervalSeconds"":10.0,""minimumValidReactionSeconds"":0.10000000149011612,""randomSeed"":-687853315}",,0,0.000000,,CorrectSidePress,0,0,0,,,,,,,0.000000,0,1,PlusMinusKeys,0,1
20261008T075632879Z_43fb7f689c074abeb8b5af4155970dec,,,1,1,StimulusOnsetObserved,Visual,2026-10-08T07:58:18.7762808Z,105.884137,101.689028,4878,1,0,OperatingSource,0,0,1,11,Right,1,,,,,1,0,0.000000,TaskSwitchPedal,0,0.500000,0.200000,,0.100000,5.000000,10.000000,-687853315,105.149318,105.128229,105.149318,105.863048,105.884137,0.021089,,0,1,1,0,OperatingSource,Place,Place.PostPlacementRaising,Place,Place.PostPlacementRaising,1,"{""pedalAxisName"":""TaskSwitchPedal"",""usePlusMinusKeys"":true,""positivePedalKey"":61,""negativePedalKey"":45,""invertPedalAxis"":false,""pressThreshold"":0.5,""releaseThreshold"":0.20000000298023225,""minimumIntervalSeconds"":5.0,""maximumIntervalSeconds"":10.0,""minimumValidReactionSeconds"":0.10000000149011612,""randomSeed"":-687853315}",,0,0.000000,,CorrectSidePress,0,0,0,,,,,,,0.000000,0,0,Axis,0,1
20261008T075632879Z_43fb7f689c074abeb8b5af4155970dec,,,1,1,PedalPressed,Visual,2026-10-08T07:58:20.9816107Z,108.089914,103.894804,4972,1,0,OperatingSource,0,0,1,11,Right,1,1,Correct,1,2.205777,1,0,1.000000,TaskSwitchPedal,0,0.500000,0.200000,,0.100000,5.000000,10.000000,-687853315,107.355095,105.128229,105.149318,105.863048,105.884137,0.021089,108.089914,0,1,1,0,OperatingSource,Place,Place.PostPlacementRaising,Place,Place.PostPlacementRaising,1,"{""pedalAxisName"":""TaskSwitchPedal"",""usePlusMinusKeys"":true,""positivePedalKey"":61,""negativePedalKey"":45,""invertPedalAxis"":false,""pressThreshold"":0.5,""releaseThreshold"":0.20000000298023225,""minimumIntervalSeconds"":5.0,""maximumIntervalSeconds"":10.0,""minimumValidReactionSeconds"":0.10000000149011612,""randomSeed"":-687853315}",,0,0.000000,2.205777,CorrectSidePress,1,0,0,1,Correct,1,2.205777,108.089914,2.205777,0.000000,1,0,PlusMinusKeys,0,1
20261008T075632879Z_43fb7f689c074abeb8b5af4155970dec,,,1,1,TrialFinished,Visual,2026-10-08T07:58:20.9816107Z,108.089914,103.894804,4972,1,0,OperatingSource,0,0,1,11,Right,1,1,Correct,1,2.205777,1,0,1.000000,TaskSwitchPedal,0,0.500000,0.200000,,0.100000,5.000000,10.000000,-687853315,107.355095,105.128229,105.149318,105.863048,105.884137,0.021089,108.089914,0,0,1,0,OperatingSource,Place,Place.PostPlacementRaising,Place,Place.PostPlacementRaising,1,"{""pedalAxisName"":""TaskSwitchPedal"",""usePlusMinusKeys"":true,""positivePedalKey"":61,""negativePedalKey"":45,""invertPedalAxis"":false,""pressThreshold"":0.5,""releaseThreshold"":0.20000000298023225,""minimumIntervalSeconds"":5.0,""maximumIntervalSeconds"":10.0,""minimumValidReactionSeconds"":0.10000000149011612,""randomSeed"":-687853315}",,0,0.000000,2.205777,CorrectSidePress,1,0,0,1,Correct,1,2.205777,108.089914,2.205777,0.000000,1,0,PlusMinusKeys,0,1
20261008T075632879Z_43fb7f689c074abeb8b5af4155970dec,,,1,1,StimulusScheduled,Visual,2026-10-08T07:58:20.9816107Z,108.090337,103.894804,4972,1,0,OperatingSource,0,0,1,12,Left,-1,,,,,0,0,1.000000,TaskSwitchPedal,0,0.500000,0.200000,,0.100000,5.000000,10.000000,-687853315,107.355518,115.439026,,116.173846,,,,0,0,,,,,,Place,Place.PostPlacementRaising,1,"{""pedalAxisName"":""TaskSwitchPedal"",""usePlusMinusKeys"":true,""positivePedalKey"":61,""negativePedalKey"":45,""invertPedalAxis"":false,""pressThreshold"":0.5,""releaseThreshold"":0.20000000298023225,""minimumIntervalSeconds"":5.0,""maximumIntervalSeconds"":10.0,""minimumValidReactionSeconds"":0.10000000149011612,""randomSeed"":-687853315}",,0,0.000000,,CorrectSidePress,0,0,0,,,,,,,0.000000,1,0,PlusMinusKeys,0,1
20261008T075632879Z_43fb7f689c074abeb8b5af4155970dec,,,1,1,StimulusOnsetObserved,Visual,2026-10-08T07:58:29.0785979Z,116.186316,111.991465,5329,1,0,OperatingSource,0,0,1,12,Left,-1,,,,,1,0,0.000000,TaskSwitchPedal,0,0.500000,0.200000,,0.100000,5.000000,10.000000,-687853315,115.451497,115.439026,115.451497,116.173846,116.186316,0.012470,,1,0,1,0,OperatingSource,Move1,Move1.PickupCoarseMove,Move1,Move1.PickupCoarseMove,1,"{""pedalAxisName"":""TaskSwitchPedal"",""usePlusMinusKeys"":true,""positivePedalKey"":61,""negativePedalKey"":45,""invertPedalAxis"":false,""pressThreshold"":0.5,""releaseThreshold"":0.20000000298023225,""minimumIntervalSeconds"":5.0,""maximumIntervalSeconds"":10.0,""minimumValidReactionSeconds"":0.10000000149011612,""randomSeed"":-687853315}",,0,0.000000,,CorrectSidePress,0,0,0,,,,,,,0.000000,0,0,Axis,0,1
20261008T075632879Z_43fb7f689c074abeb8b5af4155970dec,,,1,1,PedalPressed,Visual,2026-10-08T07:58:31.6197160Z,118.727340,114.532256,5446,1,0,OperatingSource,0,0,1,12,Left,-1,-1,Correct,1,2.541024,1,0,-1.000000,TaskSwitchPedal,0,0.500000,0.200000,,0.100000,5.000000,10.000000,-687853315,117.992521,115.439026,115.451497,116.173846,116.186316,0.012470,118.727340,1,0,1,0,OperatingSource,Move1,Move1.PickupCoarseMove,Move1,Move1.PickupCoarseMove,1,"{""pedalAxisName"":""TaskSwitchPedal"",""usePlusMinusKeys"":true,""positivePedalKey"":61,""negativePedalKey"":45,""invertPedalAxis"":false,""pressThreshold"":0.5,""releaseThreshold"":0.20000000298023225,""minimumIntervalSeconds"":5.0,""maximumIntervalSeconds"":10.0,""minimumValidReactionSeconds"":0.10000000149011612,""randomSeed"":-687853315}",,0,0.000000,2.541024,CorrectSidePress,1,0,0,-1,Correct,1,2.541024,118.727340,2.541024,0.000000,0,1,PlusMinusKeys,0,1
20261008T075632879Z_43fb7f689c074abeb8b5af4155970dec,,,1,1,TrialFinished,Visual,2026-10-08T07:58:31.6197160Z,118.727340,114.532256,5446,1,0,OperatingSource,0,0,1,12,Left,-1,-1,Correct,1,2.541024,1,0,-1.000000,TaskSwitchPedal,0,0.500000,0.200000,,0.100000,5.000000,10.000000,-687853315,117.992521,115.439026,115.451497,116.173846,116.186316,0.012470,118.727340,0,0,1,0,OperatingSource,Move1,Move1.PickupCoarseMove,Move1,Move1.PickupCoarseMove,1,"{""pedalAxisName"":""TaskSwitchPedal"",""usePlusMinusKeys"":true,""positivePedalKey"":61,""negativePedalKey"":45,""invertPedalAxis"":false,""pressThreshold"":0.5,""releaseThreshold"":0.20000000298023225,""minimumIntervalSeconds"":5.0,""maximumIntervalSeconds"":10.0,""minimumValidReactionSeconds"":0.10000000149011612,""randomSeed"":-687853315}",,0,0.000000,2.541024,CorrectSidePress,1,0,0,-1,Correct,1,2.541024,118.727340,2.541024,0.000000,0,1,PlusMinusKeys,0,1
20261008T075632879Z_43fb7f689c074abeb8b5af4155970dec,,,1,1,StimulusScheduled,Visual,2026-10-08T07:58:31.6197160Z,118.727715,114.532256,5446,1,0,OperatingSource,0,0,1,13,Left,-1,,,,,0,0,-1.000000,TaskSwitchPedal,0,0.500000,0.200000,,0.100000,5.000000,10.000000,-687853315,117.992896,126.005992,,126.740812,,,,0,0,,,,,,Move1,Move1.PickupCoarseMove,1,"{""pedalAxisName"":""TaskSwitchPedal"",""usePlusMinusKeys"":true,""positivePedalKey"":61,""negativePedalKey"":45,""invertPedalAxis"":false,""pressThreshold"":0.5,""releaseThreshold"":0.20000000298023225,""minimumIntervalSeconds"":5.0,""maximumIntervalSeconds"":10.0,""minimumValidReactionSeconds"":0.10000000149011612,""randomSeed"":-687853315}",,0,0.000000,,CorrectSidePress,0,0,0,,,,,,,0.000000,0,1,PlusMinusKeys,0,1
20261008T075632879Z_43fb7f689c074abeb8b5af4155970dec,,,1,1,StimulusOnsetObserved,Visual,2026-10-08T07:58:39.6351659Z,126.743777,122.548968,5803,1,0,OperatingSource,0,0,1,13,Left,-1,,,,,1,0,0.000000,TaskSwitchPedal,0,0.500000,0.200000,,0.100000,5.000000,10.000000,-687853315,126.008958,126.005992,126.008958,126.740812,126.743777,0.002966,,1,0,1,0,OperatingSource,Move1,Move1.PickupCoarseMove,Move1,Move1.PickupCoarseMove,1,"{""pedalAxisName"":""TaskSwitchPedal"",""usePlusMinusKeys"":true,""positivePedalKey"":61,""negativePedalKey"":45,""invertPedalAxis"":false,""pressThreshold"":0.5,""releaseThreshold"":0.20000000298023225,""minimumIntervalSeconds"":5.0,""maximumIntervalSeconds"":10.0,""minimumValidReactionSeconds"":0.10000000149011612,""randomSeed"":-687853315}",,0,0.000000,,CorrectSidePress,0,0,0,,,,,,,0.000000,0,0,Axis,0,1
20261008T075632879Z_43fb7f689c074abeb8b5af4155970dec,,,1,1,PedalPressed,Visual,2026-10-08T07:58:40.7148105Z,127.823181,123.628180,5852,1,0,OperatingSource,0,0,1,13,Left,-1,-1,Correct,1,1.079403,1,0,-1.000000,TaskSwitchPedal,0,0.500000,0.200000,,0.100000,5.000000,10.000000,-687853315,127.088361,126.005992,126.008958,126.740812,126.743777,0.002966,127.823181,1,0,1,0,OperatingSource,Move1,Move1.PickupCoarseMove,Move1,Move1.PickupCoarseMove,1,"{""pedalAxisName"":""TaskSwitchPedal"",""usePlusMinusKeys"":true,""positivePedalKey"":61,""negativePedalKey"":45,""invertPedalAxis"":false,""pressThreshold"":0.5,""releaseThreshold"":0.20000000298023225,""minimumIntervalSeconds"":5.0,""maximumIntervalSeconds"":10.0,""minimumValidReactionSeconds"":0.10000000149011612,""randomSeed"":-687853315}",,0,0.000000,1.079403,CorrectSidePress,1,0,0,-1,Correct,1,1.079403,127.823181,1.079403,0.000000,0,1,PlusMinusKeys,0,1
20261008T075632879Z_43fb7f689c074abeb8b5af4155970dec,,,1,1,TrialFinished,Visual,2026-10-08T07:58:40.7148105Z,127.823181,123.628180,5852,1,0,OperatingSource,0,0,1,13,Left,-1,-1,Correct,1,1.079403,1,0,-1.000000,TaskSwitchPedal,0,0.500000,0.200000,,0.100000,5.000000,10.000000,-687853315,127.088361,126.005992,126.008958,126.740812,126.743777,0.002966,127.823181,0,0,1,0,OperatingSource,Move1,Move1.PickupCoarseMove,Move1,Move1.PickupCoarseMove,1,"{""pedalAxisName"":""TaskSwitchPedal"",""usePlusMinusKeys"":true,""positivePedalKey"":61,""negativePedalKey"":45,""invertPedalAxis"":false,""pressThreshold"":0.5,""releaseThreshold"":0.20000000298023225,""minimumIntervalSeconds"":5.0,""maximumIntervalSeconds"":10.0,""minimumValidReactionSeconds"":0.10000000149011612,""randomSeed"":-687853315}",,0,0.000000,1.079403,CorrectSidePress,1,0,0,-1,Correct,1,1.079403,127.823181,1.079403,0.000000,0,1,PlusMinusKeys,0,1
20261008T075632879Z_43fb7f689c074abeb8b5af4155970dec,,,1,1,StimulusScheduled,Visual,2026-10-08T07:58:40.7148105Z,127.823554,123.628180,5852,1,0,OperatingSource,0,0,1,14,Right,1,,,,,0,0,-1.000000,TaskSwitchPedal,0,0.500000,0.200000,,0.100000,5.000000,10.000000,-687853315,127.088735,134.073741,,134.808560,,,,0,0,,,,,,Move1,Move1.PickupCoarseMove,1,"{""pedalAxisName"":""TaskSwitchPedal"",""usePlusMinusKeys"":true,""positivePedalKey"":61,""negativePedalKey"":45,""invertPedalAxis"":false,""pressThreshold"":0.5,""releaseThreshold"":0.20000000298023225,""minimumIntervalSeconds"":5.0,""maximumIntervalSeconds"":10.0,""minimumValidReactionSeconds"":0.10000000149011612,""randomSeed"":-687853315}",,0,0.000000,,CorrectSidePress,0,0,0,,,,,,,0.000000,0,1,PlusMinusKeys,0,1
20261008T075632879Z_43fb7f689c074abeb8b5af4155970dec,,,1,1,StimulusOnsetObserved,Visual,2026-10-08T07:58:47.7236291Z,134.832316,130.636916,6159,1,0,OperatingSource,0,0,1,14,Right,1,,,,,1,0,0.000000,TaskSwitchPedal,0,0.500000,0.200000,,0.100000,5.000000,10.000000,-687853315,134.097497,134.073741,134.097497,134.808560,134.832316,0.023756,,0,1,1,0,OperatingSource,LiftUp,LiftUp.PickupLowering,LiftUp,LiftUp.PickupLowering,1,"{""pedalAxisName"":""TaskSwitchPedal"",""usePlusMinusKeys"":true,""positivePedalKey"":61,""negativePedalKey"":45,""invertPedalAxis"":false,""pressThreshold"":0.5,""releaseThreshold"":0.20000000298023225,""minimumIntervalSeconds"":5.0,""maximumIntervalSeconds"":10.0,""minimumValidReactionSeconds"":0.10000000149011612,""randomSeed"":-687853315}",,0,0.000000,,CorrectSidePress,0,0,0,,,,,,,0.000000,0,0,Axis,0,1
20261008T075632879Z_43fb7f689c074abeb8b5af4155970dec,,,1,1,PedalPressed,Visual,2026-10-08T07:58:48.9367984Z,136.045026,131.849353,6206,1,0,OperatingSource,0,0,1,14,Right,1,1,Correct,1,1.212710,1,0,1.000000,TaskSwitchPedal,0,0.500000,0.200000,,0.100000,5.000000,10.000000,-687853315,135.310206,134.073741,134.097497,134.808560,134.832316,0.023756,136.045026,0,1,1,0,OperatingSource,LiftUp,LiftUp.PickupLowering,LiftUp,LiftUp.PickupLowering,1,"{""pedalAxisName"":""TaskSwitchPedal"",""usePlusMinusKeys"":true,""positivePedalKey"":61,""negativePedalKey"":45,""invertPedalAxis"":false,""pressThreshold"":0.5,""releaseThreshold"":0.20000000298023225,""minimumIntervalSeconds"":5.0,""maximumIntervalSeconds"":10.0,""minimumValidReactionSeconds"":0.10000000149011612,""randomSeed"":-687853315}",,0,0.000000,1.212709,CorrectSidePress,1,0,0,1,Correct,1,1.212710,136.045026,1.212709,0.000000,1,0,PlusMinusKeys,0,1
20261008T075632879Z_43fb7f689c074abeb8b5af4155970dec,,,1,1,TrialFinished,Visual,2026-10-08T07:58:48.9367984Z,136.045026,131.849353,6206,1,0,OperatingSource,0,0,1,14,Right,1,1,Correct,1,1.212710,1,0,1.000000,TaskSwitchPedal,0,0.500000,0.200000,,0.100000,5.000000,10.000000,-687853315,135.310206,134.073741,134.097497,134.808560,134.832316,0.023756,136.045026,0,0,1,0,OperatingSource,LiftUp,LiftUp.PickupLowering,LiftUp,LiftUp.PickupLowering,1,"{""pedalAxisName"":""TaskSwitchPedal"",""usePlusMinusKeys"":true,""positivePedalKey"":61,""negativePedalKey"":45,""invertPedalAxis"":false,""pressThreshold"":0.5,""releaseThreshold"":0.20000000298023225,""minimumIntervalSeconds"":5.0,""maximumIntervalSeconds"":10.0,""minimumValidReactionSeconds"":0.10000000149011612,""randomSeed"":-687853315}",,0,0.000000,1.212709,CorrectSidePress,1,0,0,1,Correct,1,1.212710,136.045026,1.212709,0.000000,1,0,PlusMinusKeys,0,1
20261008T075632879Z_43fb7f689c074abeb8b5af4155970dec,,,1,1,StimulusScheduled,Visual,2026-10-08T07:58:48.9367984Z,136.045405,131.849353,6206,1,0,OperatingSource,0,0,1,15,Left,-1,,,,,0,0,1.000000,TaskSwitchPedal,0,0.500000,0.200000,,0.100000,5.000000,10.000000,-687853315,135.310586,142.769872,,143.504691,,,,0,0,,,,,,LiftUp,LiftUp.PickupLowering,1,"{""pedalAxisName"":""TaskSwitchPedal"",""usePlusMinusKeys"":true,""positivePedalKey"":61,""negativePedalKey"":45,""invertPedalAxis"":false,""pressThreshold"":0.5,""releaseThreshold"":0.20000000298023225,""minimumIntervalSeconds"":5.0,""maximumIntervalSeconds"":10.0,""minimumValidReactionSeconds"":0.10000000149011612,""randomSeed"":-687853315}",,0,0.000000,,CorrectSidePress,0,0,0,,,,,,,0.000000,1,0,PlusMinusKeys,0,1
20261008T075632879Z_43fb7f689c074abeb8b5af4155970dec,,,1,1,StimulusOnsetObserved,Visual,2026-10-08T07:58:56.4125077Z,143.521328,139.325754,6491,2,0,CountingDown,0,0,1,15,Left,-1,,,,,1,0,0.000000,TaskSwitchPedal,0,0.500000,0.200000,,0.100000,5.000000,10.000000,-687853315,142.786509,142.769872,142.786509,143.504691,143.521328,0.016637,,1,0,2,0,CountingDown,LiftUp,LiftUp.LoadedRaising,LiftUp,LiftUp.LoadedRaising,1,"{""pedalAxisName"":""TaskSwitchPedal"",""usePlusMinusKeys"":true,""positivePedalKey"":61,""negativePedalKey"":45,""invertPedalAxis"":false,""pressThreshold"":0.5,""releaseThreshold"":0.20000000298023225,""minimumIntervalSeconds"":5.0,""maximumIntervalSeconds"":10.0,""minimumValidReactionSeconds"":0.10000000149011612,""randomSeed"":-687853315}",,0,0.000000,,CorrectSidePress,0,0,0,,,,,,,0.000000,0,0,Axis,0,1
20261008T075632879Z_43fb7f689c074abeb8b5af4155970dec,,,1,1,PedalPressed,Visual,2026-10-08T07:58:58.3363098Z,145.446278,141.251114,6563,2,1,WaitingForConfirmation,1,0,1,15,Left,-1,-1,Correct,1,1.924950,1,0,-1.000000,TaskSwitchPedal,0,0.500000,0.200000,,0.100000,5.000000,10.000000,-687853315,144.711459,142.769872,142.786509,143.504691,143.521328,0.016637,145.446278,1,0,2,0,CountingDown,LiftUp,LiftUp.LoadedRaising,LiftUp,,1,"{""pedalAxisName"":""TaskSwitchPedal"",""usePlusMinusKeys"":true,""positivePedalKey"":61,""negativePedalKey"":45,""invertPedalAxis"":false,""pressThreshold"":0.5,""releaseThreshold"":0.20000000298023225,""minimumIntervalSeconds"":5.0,""maximumIntervalSeconds"":10.0,""minimumValidReactionSeconds"":0.10000000149011612,""randomSeed"":-687853315}",,0,0.000000,1.924950,CorrectSidePress,1,0,0,-1,Correct,1,1.924950,145.446278,1.924950,0.000000,0,1,PlusMinusKeys,0,1
20261008T075632879Z_43fb7f689c074abeb8b5af4155970dec,,,1,1,TrialFinished,Visual,2026-10-08T07:58:58.3375153Z,145.446278,141.251114,6563,2,1,WaitingForConfirmation,1,0,1,15,Left,-1,-1,Correct,1,1.924950,1,0,-1.000000,TaskSwitchPedal,0,0.500000,0.200000,,0.100000,5.000000,10.000000,-687853315,144.711459,142.769872,142.786509,143.504691,143.521328,0.016637,145.446278,0,0,2,0,CountingDown,LiftUp,LiftUp.LoadedRaising,LiftUp,,1,"{""pedalAxisName"":""TaskSwitchPedal"",""usePlusMinusKeys"":true,""positivePedalKey"":61,""negativePedalKey"":45,""invertPedalAxis"":false,""pressThreshold"":0.5,""releaseThreshold"":0.20000000298023225,""minimumIntervalSeconds"":5.0,""maximumIntervalSeconds"":10.0,""minimumValidReactionSeconds"":0.10000000149011612,""randomSeed"":-687853315}",,0,0.000000,1.924950,CorrectSidePress,1,0,0,-1,Correct,1,1.924950,145.446278,1.924950,0.000000,0,1,PlusMinusKeys,0,1
20261008T075632879Z_43fb7f689c074abeb8b5af4155970dec,,,1,1,StimulusScheduled,Visual,2026-10-08T07:58:58.3375153Z,145.446724,141.251114,6563,2,1,WaitingForConfirmation,1,0,1,16,Left,-1,,,,,0,0,-1.000000,TaskSwitchPedal,0,0.500000,0.200000,,0.100000,5.000000,10.000000,-687853315,144.711905,152.690688,,153.425507,,,,0,0,,,,,,LiftUp,,1,"{""pedalAxisName"":""TaskSwitchPedal"",""usePlusMinusKeys"":true,""positivePedalKey"":61,""negativePedalKey"":45,""invertPedalAxis"":false,""pressThreshold"":0.5,""releaseThreshold"":0.20000000298023225,""minimumIntervalSeconds"":5.0,""maximumIntervalSeconds"":10.0,""minimumValidReactionSeconds"":0.10000000149011612,""randomSeed"":-687853315}",,0,0.000000,,CorrectSidePress,0,0,0,,,,,,,0.000000,0,1,PlusMinusKeys,0,1
20261008T075632879Z_43fb7f689c074abeb8b5af4155970dec,,,1,1,StimulusOnsetObserved,Visual,2026-10-08T07:59:06.3253435Z,153.435011,149.238919,6902,2,1,OperatingTarget,0,0,1,16,Left,-1,,,,,1,0,0.000000,TaskSwitchPedal,0,0.500000,0.200000,,0.100000,5.000000,10.000000,-687853315,152.700192,152.690688,152.700192,153.425507,153.435011,0.009504,,1,0,2,1,OperatingTarget,Move2,Move2.DestinationCoarseMove,Move2,Move2.DestinationCoarseMove,1,"{""pedalAxisName"":""TaskSwitchPedal"",""usePlusMinusKeys"":true,""positivePedalKey"":61,""negativePedalKey"":45,""invertPedalAxis"":false,""pressThreshold"":0.5,""releaseThreshold"":0.20000000298023225,""minimumIntervalSeconds"":5.0,""maximumIntervalSeconds"":10.0,""minimumValidReactionSeconds"":0.10000000149011612,""randomSeed"":-687853315}",,0,0.000000,,CorrectSidePress,0,0,0,,,,,,,0.000000,0,0,Axis,0,1
20261008T075632879Z_43fb7f689c074abeb8b5af4155970dec,,,1,1,PedalPressed,Visual,2026-10-08T07:59:07.4990132Z,154.609121,150.413014,6948,2,1,OperatingTarget,0,0,1,16,Left,-1,-1,Correct,1,1.174110,1,0,-1.000000,TaskSwitchPedal,0,0.500000,0.200000,,0.100000,5.000000,10.000000,-687853315,153.874302,152.690688,152.700192,153.425507,153.435011,0.009504,154.609121,1,0,2,1,OperatingTarget,Move2,Move2.DestinationCoarseMove,Move2,Move2.DestinationCoarseMove,1,"{""pedalAxisName"":""TaskSwitchPedal"",""usePlusMinusKeys"":true,""positivePedalKey"":61,""negativePedalKey"":45,""invertPedalAxis"":false,""pressThreshold"":0.5,""releaseThreshold"":0.20000000298023225,""minimumIntervalSeconds"":5.0,""maximumIntervalSeconds"":10.0,""minimumValidReactionSeconds"":0.10000000149011612,""randomSeed"":-687853315}",,0,0.000000,1.174110,CorrectSidePress,1,0,0,-1,Correct,1,1.174110,154.609121,1.174110,0.000000,0,1,PlusMinusKeys,0,1
20261008T075632879Z_43fb7f689c074abeb8b5af4155970dec,,,1,1,TrialFinished,Visual,2026-10-08T07:59:07.4990132Z,154.609121,150.413014,6948,2,1,OperatingTarget,0,0,1,16,Left,-1,-1,Correct,1,1.174110,1,0,-1.000000,TaskSwitchPedal,0,0.500000,0.200000,,0.100000,5.000000,10.000000,-687853315,153.874302,152.690688,152.700192,153.425507,153.435011,0.009504,154.609121,0,0,2,1,OperatingTarget,Move2,Move2.DestinationCoarseMove,Move2,Move2.DestinationCoarseMove,1,"{""pedalAxisName"":""TaskSwitchPedal"",""usePlusMinusKeys"":true,""positivePedalKey"":61,""negativePedalKey"":45,""invertPedalAxis"":false,""pressThreshold"":0.5,""releaseThreshold"":0.20000000298023225,""minimumIntervalSeconds"":5.0,""maximumIntervalSeconds"":10.0,""minimumValidReactionSeconds"":0.10000000149011612,""randomSeed"":-687853315}",,0,0.000000,1.174110,CorrectSidePress,1,0,0,-1,Correct,1,1.174110,154.609121,1.174110,0.000000,0,1,PlusMinusKeys,0,1
20261008T075632879Z_43fb7f689c074abeb8b5af4155970dec,,,1,1,StimulusScheduled,Visual,2026-10-08T07:59:07.4990132Z,154.609484,150.413014,6948,2,1,OperatingTarget,0,0,1,17,Left,-1,,,,,0,0,-1.000000,TaskSwitchPedal,0,0.500000,0.200000,,0.100000,5.000000,10.000000,-687853315,153.874665,162.149360,,162.884179,,,,0,0,,,,,,Move2,Move2.DestinationCoarseMove,1,"{""pedalAxisName"":""TaskSwitchPedal"",""usePlusMinusKeys"":true,""positivePedalKey"":61,""negativePedalKey"":45,""invertPedalAxis"":false,""pressThreshold"":0.5,""releaseThreshold"":0.20000000298023225,""minimumIntervalSeconds"":5.0,""maximumIntervalSeconds"":10.0,""minimumValidReactionSeconds"":0.10000000149011612,""randomSeed"":-687853315}",,0,0.000000,,CorrectSidePress,0,0,0,,,,,,,0.000000,0,1,PlusMinusKeys,0,1
20261008T075632879Z_43fb7f689c074abeb8b5af4155970dec,,,1,1,StimulusOnsetObserved,Visual,2026-10-08T07:59:15.7758258Z,162.886684,158.691041,7273,2,1,OperatingTarget,0,0,1,17,Left,-1,,,,,1,0,0.000000,TaskSwitchPedal,0,0.500000,0.200000,,0.100000,5.000000,10.000000,-687853315,162.151865,162.149360,162.151865,162.884179,162.886684,0.002505,,1,0,2,1,OperatingTarget,Place,Place.PlacementLowering,Place,Place.PlacementLowering,1,"{""pedalAxisName"":""TaskSwitchPedal"",""usePlusMinusKeys"":true,""positivePedalKey"":61,""negativePedalKey"":45,""invertPedalAxis"":false,""pressThreshold"":0.5,""releaseThreshold"":0.20000000298023225,""minimumIntervalSeconds"":5.0,""maximumIntervalSeconds"":10.0,""minimumValidReactionSeconds"":0.10000000149011612,""randomSeed"":-687853315}",,0,0.000000,,CorrectSidePress,0,0,0,,,,,,,0.000000,0,0,Axis,0,1
20261008T075632879Z_43fb7f689c074abeb8b5af4155970dec,,,1,1,PedalPressed,Visual,2026-10-08T07:59:17.8450521Z,164.956241,160.759017,7351,2,1,OperatingTarget,0,0,1,17,Left,-1,-1,Correct,1,2.069556,1,0,-1.000000,TaskSwitchPedal,0,0.500000,0.200000,,0.100000,5.000000,10.000000,-687853315,164.221421,162.149360,162.151865,162.884179,162.886684,0.002505,164.956241,1,0,2,1,OperatingTarget,Place,Place.PlacementLowering,Place,Place.PlacementLowering,1,"{""pedalAxisName"":""TaskSwitchPedal"",""usePlusMinusKeys"":true,""positivePedalKey"":61,""negativePedalKey"":45,""invertPedalAxis"":false,""pressThreshold"":0.5,""releaseThreshold"":0.20000000298023225,""minimumIntervalSeconds"":5.0,""maximumIntervalSeconds"":10.0,""minimumValidReactionSeconds"":0.10000000149011612,""randomSeed"":-687853315}",,0,0.000000,2.069557,CorrectSidePress,1,0,0,-1,Correct,1,2.069556,164.956241,2.069557,0.000000,0,1,PlusMinusKeys,0,1
20261008T075632879Z_43fb7f689c074abeb8b5af4155970dec,,,1,1,TrialFinished,Visual,2026-10-08T07:59:17.8463532Z,164.956241,160.759017,7351,2,1,OperatingTarget,0,0,1,17,Left,-1,-1,Correct,1,2.069556,1,0,-1.000000,TaskSwitchPedal,0,0.500000,0.200000,,0.100000,5.000000,10.000000,-687853315,164.221421,162.149360,162.151865,162.884179,162.886684,0.002505,164.956241,0,0,2,1,OperatingTarget,Place,Place.PlacementLowering,Place,Place.PlacementLowering,1,"{""pedalAxisName"":""TaskSwitchPedal"",""usePlusMinusKeys"":true,""positivePedalKey"":61,""negativePedalKey"":45,""invertPedalAxis"":false,""pressThreshold"":0.5,""releaseThreshold"":0.20000000298023225,""minimumIntervalSeconds"":5.0,""maximumIntervalSeconds"":10.0,""minimumValidReactionSeconds"":0.10000000149011612,""randomSeed"":-687853315}",,0,0.000000,2.069557,CorrectSidePress,1,0,0,-1,Correct,1,2.069556,164.956241,2.069557,0.000000,0,1,PlusMinusKeys,0,1
20261008T075632879Z_43fb7f689c074abeb8b5af4155970dec,,,1,1,StimulusScheduled,Visual,2026-10-08T07:59:17.8463532Z,164.956848,160.759017,7351,2,1,OperatingTarget,0,0,1,18,Left,-1,,,,,0,0,-1.000000,TaskSwitchPedal,0,0.500000,0.200000,,0.100000,5.000000,10.000000,-687853315,164.222029,171.186657,,171.921476,,,,0,0,,,,,,Place,Place.PlacementLowering,1,"{""pedalAxisName"":""TaskSwitchPedal"",""usePlusMinusKeys"":true,""positivePedalKey"":61,""negativePedalKey"":45,""invertPedalAxis"":false,""pressThreshold"":0.5,""releaseThreshold"":0.20000000298023225,""minimumIntervalSeconds"":5.0,""maximumIntervalSeconds"":10.0,""minimumValidReactionSeconds"":0.10000000149011612,""randomSeed"":-687853315}",,0,0.000000,,CorrectSidePress,0,0,0,,,,,,,0.000000,0,1,PlusMinusKeys,0,1
20261008T075632879Z_43fb7f689c074abeb8b5af4155970dec,,,1,1,StimulusOnsetObserved,Visual,2026-10-08T07:59:24.8123541Z,171.923554,167.728159,7615,2,1,OperatingTarget,0,0,1,18,Left,-1,,,,,1,0,0.000000,TaskSwitchPedal,0,0.500000,0.200000,,0.100000,5.000000,10.000000,-687853315,171.188735,171.186657,171.188735,171.921476,171.923554,0.002078,,1,0,2,1,OperatingTarget,Place,Place.LoadRelease,Place,Place.LoadRelease,1,"{""pedalAxisName"":""TaskSwitchPedal"",""usePlusMinusKeys"":true,""positivePedalKey"":61,""negativePedalKey"":45,""invertPedalAxis"":false,""pressThreshold"":0.5,""releaseThreshold"":0.20000000298023225,""minimumIntervalSeconds"":5.0,""maximumIntervalSeconds"":10.0,""minimumValidReactionSeconds"":0.10000000149011612,""randomSeed"":-687853315}",,0,0.000000,,CorrectSidePress,0,0,0,,,,,,,0.000000,0,0,Axis,0,1
20261008T075632879Z_43fb7f689c074abeb8b5af4155970dec,,,1,1,PedalPressed,Visual,2026-10-08T07:59:26.9809744Z,174.092750,169.897300,7704,2,1,OperatingTarget,0,0,1,18,Left,-1,-1,Correct,1,2.169196,1,0,-1.000000,TaskSwitchPedal,0,0.500000,0.200000,,0.100000,5.000000,10.000000,-687853315,173.357931,171.186657,171.188735,171.921476,171.923554,0.002078,174.092750,1,0,2,1,OperatingTarget,Place,Place.LoadRelease,Place,Place.PostPlacementRaising,1,"{""pedalAxisName"":""TaskSwitchPedal"",""usePlusMinusKeys"":true,""positivePedalKey"":61,""negativePedalKey"":45,""invertPedalAxis"":false,""pressThreshold"":0.5,""releaseThreshold"":0.20000000298023225,""minimumIntervalSeconds"":5.0,""maximumIntervalSeconds"":10.0,""minimumValidReactionSeconds"":0.10000000149011612,""randomSeed"":-687853315}",,0,0.000000,2.169196,CorrectSidePress,1,0,0,-1,Correct,1,2.169196,174.092750,2.169196,0.000000,0,1,PlusMinusKeys,0,1
20261008T075632879Z_43fb7f689c074abeb8b5af4155970dec,,,1,1,TrialFinished,Visual,2026-10-08T07:59:26.9809744Z,174.092750,169.897300,7704,2,1,OperatingTarget,0,0,1,18,Left,-1,-1,Correct,1,2.169196,1,0,-1.000000,TaskSwitchPedal,0,0.500000,0.200000,,0.100000,5.000000,10.000000,-687853315,173.357931,171.186657,171.188735,171.921476,171.923554,0.002078,174.092750,0,0,2,1,OperatingTarget,Place,Place.LoadRelease,Place,Place.PostPlacementRaising,1,"{""pedalAxisName"":""TaskSwitchPedal"",""usePlusMinusKeys"":true,""positivePedalKey"":61,""negativePedalKey"":45,""invertPedalAxis"":false,""pressThreshold"":0.5,""releaseThreshold"":0.20000000298023225,""minimumIntervalSeconds"":5.0,""maximumIntervalSeconds"":10.0,""minimumValidReactionSeconds"":0.10000000149011612,""randomSeed"":-687853315}",,0,0.000000,2.169196,CorrectSidePress,1,0,0,-1,Correct,1,2.169196,174.092750,2.169196,0.000000,0,1,PlusMinusKeys,0,1
20261008T075632879Z_43fb7f689c074abeb8b5af4155970dec,,,1,1,StimulusScheduled,Visual,2026-10-08T07:59:26.9809744Z,174.093115,169.897300,7704,2,1,OperatingTarget,0,0,1,19,Left,-1,,,,,0,0,-1.000000,TaskSwitchPedal,0,0.500000,0.200000,,0.100000,5.000000,10.000000,-687853315,173.358296,179.638989,,180.373809,,,,0,0,,,,,,Place,Place.PostPlacementRaising,1,"{""pedalAxisName"":""TaskSwitchPedal"",""usePlusMinusKeys"":true,""positivePedalKey"":61,""negativePedalKey"":45,""invertPedalAxis"":false,""pressThreshold"":0.5,""releaseThreshold"":0.20000000298023225,""minimumIntervalSeconds"":5.0,""maximumIntervalSeconds"":10.0,""minimumValidReactionSeconds"":0.10000000149011612,""randomSeed"":-687853315}",,0,0.000000,,CorrectSidePress,0,0,0,,,,,,,0.000000,0,1,PlusMinusKeys,0,1
20261008T075632879Z_43fb7f689c074abeb8b5af4155970dec,,,1,1,StimulusOnsetObserved,Visual,2026-10-08T07:59:33.2634730Z,180.374996,176.179165,7990,2,1,OperatingTarget,0,0,1,19,Left,-1,,,,,1,0,0.000000,TaskSwitchPedal,0,0.500000,0.200000,,0.100000,5.000000,10.000000,-687853315,179.640177,179.638989,179.640177,180.373809,180.374996,0.001187,,1,0,2,1,OperatingTarget,Place,Place.PostPlacementRaising,Place,Place.PostPlacementRaising,1,"{""pedalAxisName"":""TaskSwitchPedal"",""usePlusMinusKeys"":true,""positivePedalKey"":61,""negativePedalKey"":45,""invertPedalAxis"":false,""pressThreshold"":0.5,""releaseThreshold"":0.20000000298023225,""minimumIntervalSeconds"":5.0,""maximumIntervalSeconds"":10.0,""minimumValidReactionSeconds"":0.10000000149011612,""randomSeed"":-687853315}",,0,0.000000,,CorrectSidePress,0,0,0,,,,,,,0.000000,0,0,Axis,0,1
20261008T075632879Z_43fb7f689c074abeb8b5af4155970dec,,,1,1,PedalPressed,Visual,2026-10-08T07:59:34.2968584Z,181.409183,177.214125,8036,2,1,OperatingTarget,0,0,1,19,Left,-1,-1,Correct,1,1.034187,1,0,-1.000000,TaskSwitchPedal,0,0.500000,0.200000,,0.100000,5.000000,10.000000,-687853315,180.674363,179.638989,179.640177,180.373809,180.374996,0.001187,181.409183,1,0,2,1,OperatingTarget,Place,Place.PostPlacementRaising,Place,Place.PostPlacementRaising,1,"{""pedalAxisName"":""TaskSwitchPedal"",""usePlusMinusKeys"":true,""positivePedalKey"":61,""negativePedalKey"":45,""invertPedalAxis"":false,""pressThreshold"":0.5,""releaseThreshold"":0.20000000298023225,""minimumIntervalSeconds"":5.0,""maximumIntervalSeconds"":10.0,""minimumValidReactionSeconds"":0.10000000149011612,""randomSeed"":-687853315}",,0,0.000000,1.034187,CorrectSidePress,1,0,0,-1,Correct,1,1.034187,181.409183,1.034187,0.000000,0,1,PlusMinusKeys,0,1
20261008T075632879Z_43fb7f689c074abeb8b5af4155970dec,,,1,1,TrialFinished,Visual,2026-10-08T07:59:34.2980651Z,181.409183,177.214125,8036,2,1,OperatingTarget,0,0,1,19,Left,-1,-1,Correct,1,1.034187,1,0,-1.000000,TaskSwitchPedal,0,0.500000,0.200000,,0.100000,5.000000,10.000000,-687853315,180.674363,179.638989,179.640177,180.373809,180.374996,0.001187,181.409183,0,0,2,1,OperatingTarget,Place,Place.PostPlacementRaising,Place,Place.PostPlacementRaising,1,"{""pedalAxisName"":""TaskSwitchPedal"",""usePlusMinusKeys"":true,""positivePedalKey"":61,""negativePedalKey"":45,""invertPedalAxis"":false,""pressThreshold"":0.5,""releaseThreshold"":0.20000000298023225,""minimumIntervalSeconds"":5.0,""maximumIntervalSeconds"":10.0,""minimumValidReactionSeconds"":0.10000000149011612,""randomSeed"":-687853315}",,0,0.000000,1.034187,CorrectSidePress,1,0,0,-1,Correct,1,1.034187,181.409183,1.034187,0.000000,0,1,PlusMinusKeys,0,1
20261008T075632879Z_43fb7f689c074abeb8b5af4155970dec,,,1,1,StimulusScheduled,Visual,2026-10-08T07:59:34.2980651Z,181.409580,177.214125,8036,2,1,OperatingTarget,0,0,1,20,Right,1,,,,,0,0,-1.000000,TaskSwitchPedal,0,0.500000,0.200000,,0.100000,5.000000,10.000000,-687853315,180.674761,188.766914,,189.501733,,,,0,0,,,,,,Place,Place.PostPlacementRaising,1,"{""pedalAxisName"":""TaskSwitchPedal"",""usePlusMinusKeys"":true,""positivePedalKey"":61,""negativePedalKey"":45,""invertPedalAxis"":false,""pressThreshold"":0.5,""releaseThreshold"":0.20000000298023225,""minimumIntervalSeconds"":5.0,""maximumIntervalSeconds"":10.0,""minimumValidReactionSeconds"":0.10000000149011612,""randomSeed"":-687853315}",,0,0.000000,,CorrectSidePress,0,0,0,,,,,,,0.000000,0,1,PlusMinusKeys,0,1
20261008T075632879Z_43fb7f689c074abeb8b5af4155970dec,,,1,1,StimulusOnsetObserved,Visual,2026-10-08T07:59:42.3956911Z,189.508273,185.312911,8398,2,0,OperatingSource,0,0,1,20,Right,1,,,,,1,0,0.000000,TaskSwitchPedal,0,0.500000,0.200000,,0.100000,5.000000,10.000000,-687853315,188.773454,188.766914,188.773454,189.501733,189.508273,0.006539,,0,1,2,0,OperatingSource,LiftUp,LiftUp.LoadedRaising,LiftUp,LiftUp.LoadedRaising,1,"{""pedalAxisName"":""TaskSwitchPedal"",""usePlusMinusKeys"":true,""positivePedalKey"":61,""negativePedalKey"":45,""invertPedalAxis"":false,""pressThreshold"":0.5,""releaseThreshold"":0.20000000298023225,""minimumIntervalSeconds"":5.0,""maximumIntervalSeconds"":10.0,""minimumValidReactionSeconds"":0.10000000149011612,""randomSeed"":-687853315}",,0,0.000000,,CorrectSidePress,0,0,0,,,,,,,0.000000,0,0,Axis,0,1
20261008T075632879Z_43fb7f689c074abeb8b5af4155970dec,,,1,1,PedalPressed,Visual,2026-10-08T07:59:45.3820605Z,192.494209,188.298694,8530,2,0,OperatingSource,0,0,1,20,Right,1,1,Correct,1,2.985936,1,0,1.000000,TaskSwitchPedal,0,0.500000,0.200000,,0.100000,5.000000,10.000000,-687853315,191.759389,188.766914,188.773454,189.501733,189.508273,0.006539,192.494209,0,1,2,0,OperatingSource,LiftUp,LiftUp.LoadedRaising,Move2,Move2.DestinationCoarseMove,1,"{""pedalAxisName"":""TaskSwitchPedal"",""usePlusMinusKeys"":true,""positivePedalKey"":61,""negativePedalKey"":45,""invertPedalAxis"":false,""pressThreshold"":0.5,""releaseThreshold"":0.20000000298023225,""minimumIntervalSeconds"":5.0,""maximumIntervalSeconds"":10.0,""minimumValidReactionSeconds"":0.10000000149011612,""randomSeed"":-687853315}",,0,0.000000,2.985936,CorrectSidePress,1,0,0,1,Correct,1,2.985936,192.494209,2.985936,0.000000,1,0,PlusMinusKeys,0,1
20261008T075632879Z_43fb7f689c074abeb8b5af4155970dec,,,1,1,TrialFinished,Visual,2026-10-08T07:59:45.3820605Z,192.494209,188.298694,8530,2,0,OperatingSource,0,0,1,20,Right,1,1,Correct,1,2.985936,1,0,1.000000,TaskSwitchPedal,0,0.500000,0.200000,,0.100000,5.000000,10.000000,-687853315,191.759389,188.766914,188.773454,189.501733,189.508273,0.006539,192.494209,0,0,2,0,OperatingSource,LiftUp,LiftUp.LoadedRaising,Move2,Move2.DestinationCoarseMove,1,"{""pedalAxisName"":""TaskSwitchPedal"",""usePlusMinusKeys"":true,""positivePedalKey"":61,""negativePedalKey"":45,""invertPedalAxis"":false,""pressThreshold"":0.5,""releaseThreshold"":0.20000000298023225,""minimumIntervalSeconds"":5.0,""maximumIntervalSeconds"":10.0,""minimumValidReactionSeconds"":0.10000000149011612,""randomSeed"":-687853315}",,0,0.000000,2.985936,CorrectSidePress,1,0,0,1,Correct,1,2.985936,192.494209,2.985936,0.000000,1,0,PlusMinusKeys,0,1
20261008T075632879Z_43fb7f689c074abeb8b5af4155970dec,,,1,1,StimulusScheduled,Visual,2026-10-08T07:59:45.3820605Z,192.494565,188.298694,8530,2,0,OperatingSource,0,0,1,21,Left,-1,,,,,0,0,1.000000,TaskSwitchPedal,0,0.500000,0.200000,,0.100000,5.000000,10.000000,-687853315,191.759746,199.679700,,200.414519,,,,0,0,,,,,,Move2,Move2.DestinationCoarseMove,1,"{""pedalAxisName"":""TaskSwitchPedal"",""usePlusMinusKeys"":true,""positivePedalKey"":61,""negativePedalKey"":45,""invertPedalAxis"":false,""pressThreshold"":0.5,""releaseThreshold"":0.20000000298023225,""minimumIntervalSeconds"":5.0,""maximumIntervalSeconds"":10.0,""minimumValidReactionSeconds"":0.10000000149011612,""randomSeed"":-687853315}",,0,0.000000,,CorrectSidePress,0,0,0,,,,,,,0.000000,1,0,PlusMinusKeys,0,1
20261008T075632879Z_43fb7f689c074abeb8b5af4155970dec,,,1,1,StimulusOnsetObserved,Visual,2026-10-08T07:59:53.3017182Z,200.415532,196.219640,8870,3,0,CountingDown,0,0,1,21,Left,-1,,,,,1,0,0.000000,TaskSwitchPedal,0,0.500000,0.200000,,0.100000,5.000000,10.000000,-687853315,199.680713,199.679700,199.680713,200.414519,200.415532,0.001013,,1,0,3,0,CountingDown,Move2,Move2.DestinationCoarseMove,Move2,Move2.DestinationCoarseMove,1,"{""pedalAxisName"":""TaskSwitchPedal"",""usePlusMinusKeys"":true,""positivePedalKey"":61,""negativePedalKey"":45,""invertPedalAxis"":false,""pressThreshold"":0.5,""releaseThreshold"":0.20000000298023225,""minimumIntervalSeconds"":5.0,""maximumIntervalSeconds"":10.0,""minimumValidReactionSeconds"":0.10000000149011612,""randomSeed"":-687853315}",,0,0.000000,,CorrectSidePress,0,0,0,,,,,,,0.000000,0,0,Axis,0,1
20261008T075632879Z_43fb7f689c074abeb8b5af4155970dec,,,1,1,PedalPressed,Visual,2026-10-08T07:59:54.4900438Z,201.602891,197.407849,8919,3,0,CountingDown,0,0,1,21,Left,-1,-1,Correct,1,1.187359,1,0,-1.000000,TaskSwitchPedal,0,0.500000,0.200000,,0.100000,5.000000,10.000000,-687853315,200.868072,199.679700,199.680713,200.414519,200.415532,0.001013,201.602891,1,0,3,0,CountingDown,Move2,Move2.DestinationCoarseMove,Move2,Move2.DestinationCoarseMove,1,"{""pedalAxisName"":""TaskSwitchPedal"",""usePlusMinusKeys"":true,""positivePedalKey"":61,""negativePedalKey"":45,""invertPedalAxis"":false,""pressThreshold"":0.5,""releaseThreshold"":0.20000000298023225,""minimumIntervalSeconds"":5.0,""maximumIntervalSeconds"":10.0,""minimumValidReactionSeconds"":0.10000000149011612,""randomSeed"":-687853315}",,0,0.000000,1.187359,CorrectSidePress,1,0,0,-1,Correct,1,1.187359,201.602891,1.187359,0.000000,0,1,PlusMinusKeys,0,1
20261008T075632879Z_43fb7f689c074abeb8b5af4155970dec,,,1,1,TrialFinished,Visual,2026-10-08T07:59:54.4900438Z,201.602891,197.407849,8919,3,0,CountingDown,0,0,1,21,Left,-1,-1,Correct,1,1.187359,1,0,-1.000000,TaskSwitchPedal,0,0.500000,0.200000,,0.100000,5.000000,10.000000,-687853315,200.868072,199.679700,199.680713,200.414519,200.415532,0.001013,201.602891,0,0,3,0,CountingDown,Move2,Move2.DestinationCoarseMove,Move2,Move2.DestinationCoarseMove,1,"{""pedalAxisName"":""TaskSwitchPedal"",""usePlusMinusKeys"":true,""positivePedalKey"":61,""negativePedalKey"":45,""invertPedalAxis"":false,""pressThreshold"":0.5,""releaseThreshold"":0.20000000298023225,""minimumIntervalSeconds"":5.0,""maximumIntervalSeconds"":10.0,""minimumValidReactionSeconds"":0.10000000149011612,""randomSeed"":-687853315}",,0,0.000000,1.187359,CorrectSidePress,1,0,0,-1,Correct,1,1.187359,201.602891,1.187359,0.000000,0,1,PlusMinusKeys,0,1
20261008T075632879Z_43fb7f689c074abeb8b5af4155970dec,,,1,1,StimulusScheduled,Visual,2026-10-08T07:59:54.4900438Z,201.603278,197.407849,8919,3,0,CountingDown,0,0,1,22,Left,-1,,,,,0,0,-1.000000,TaskSwitchPedal,0,0.500000,0.200000,,0.100000,5.000000,10.000000,-687853315,200.868459,208.069276,,208.804095,,,,0,0,,,,,,Move2,Move2.DestinationCoarseMove,1,"{""pedalAxisName"":""TaskSwitchPedal"",""usePlusMinusKeys"":true,""positivePedalKey"":61,""negativePedalKey"":45,""invertPedalAxis"":false,""pressThreshold"":0.5,""releaseThreshold"":0.20000000298023225,""minimumIntervalSeconds"":5.0,""maximumIntervalSeconds"":10.0,""minimumValidReactionSeconds"":0.10000000149011612,""randomSeed"":-687853315}",,0,0.000000,,CorrectSidePress,0,0,0,,,,,,,0.000000,0,1,PlusMinusKeys,0,1
20261008T075632879Z_43fb7f689c074abeb8b5af4155970dec,,,1,1,StimulusOnsetObserved,Visual,2026-10-08T08:00:01.6981856Z,208.811382,204.616021,9239,3,1,OperatingTarget,0,0,1,22,Left,-1,,,,,1,0,0.000000,TaskSwitchPedal,0,0.500000,0.200000,,0.100000,5.000000,10.000000,-687853315,208.076562,208.069276,208.076562,208.804095,208.811382,0.007287,,1,0,3,1,OperatingTarget,Move1,Move1.PickupCoarseMove,Move1,Move1.PickupCoarseMove,1,"{""pedalAxisName"":""TaskSwitchPedal"",""usePlusMinusKeys"":true,""positivePedalKey"":61,""negativePedalKey"":45,""invertPedalAxis"":false,""pressThreshold"":0.5,""releaseThreshold"":0.20000000298023225,""minimumIntervalSeconds"":5.0,""maximumIntervalSeconds"":10.0,""minimumValidReactionSeconds"":0.10000000149011612,""randomSeed"":-687853315}",,0,0.000000,,CorrectSidePress,0,0,0,,,,,,,0.000000,0,0,Axis,0,1
20261008T075632879Z_43fb7f689c074abeb8b5af4155970dec,,,1,1,PedalPressed,Visual,2026-10-08T08:00:02.6807450Z,209.794000,205.598196,9281,3,1,OperatingTarget,0,0,1,22,Left,-1,-1,Correct,1,0.982618,1,0,-1.000000,TaskSwitchPedal,0,0.500000,0.200000,,0.100000,5.000000,10.000000,-687853315,209.059181,208.069276,208.076562,208.804095,208.811382,0.007287,209.794000,1,0,3,1,OperatingTarget,Move1,Move1.PickupCoarseMove,Move1,Move1.PickupCoarseMove,1,"{""pedalAxisName"":""TaskSwitchPedal"",""usePlusMinusKeys"":true,""positivePedalKey"":61,""negativePedalKey"":45,""invertPedalAxis"":false,""pressThreshold"":0.5,""releaseThreshold"":0.20000000298023225,""minimumIntervalSeconds"":5.0,""maximumIntervalSeconds"":10.0,""minimumValidReactionSeconds"":0.10000000149011612,""randomSeed"":-687853315}",,0,0.000000,0.982618,CorrectSidePress,1,0,0,-1,Correct,1,0.982618,209.794000,0.982618,0.000000,0,1,PlusMinusKeys,0,1
20261008T075632879Z_43fb7f689c074abeb8b5af4155970dec,,,1,1,TrialFinished,Visual,2026-10-08T08:00:02.6810684Z,209.794000,205.598196,9281,3,1,OperatingTarget,0,0,1,22,Left,-1,-1,Correct,1,0.982618,1,0,-1.000000,TaskSwitchPedal,0,0.500000,0.200000,,0.100000,5.000000,10.000000,-687853315,209.059181,208.069276,208.076562,208.804095,208.811382,0.007287,209.794000,0,0,3,1,OperatingTarget,Move1,Move1.PickupCoarseMove,Move1,Move1.PickupCoarseMove,1,"{""pedalAxisName"":""TaskSwitchPedal"",""usePlusMinusKeys"":true,""positivePedalKey"":61,""negativePedalKey"":45,""invertPedalAxis"":false,""pressThreshold"":0.5,""releaseThreshold"":0.20000000298023225,""minimumIntervalSeconds"":5.0,""maximumIntervalSeconds"":10.0,""minimumValidReactionSeconds"":0.10000000149011612,""randomSeed"":-687853315}",,0,0.000000,0.982618,CorrectSidePress,1,0,0,-1,Correct,1,0.982618,209.794000,0.982618,0.000000,0,1,PlusMinusKeys,0,1
20261008T075632879Z_43fb7f689c074abeb8b5af4155970dec,,,1,1,StimulusScheduled,Visual,2026-10-08T08:00:02.6810684Z,209.794472,205.598196,9281,3,1,OperatingTarget,0,0,1,23,Left,-1,,,,,0,0,-1.000000,TaskSwitchPedal,0,0.500000,0.200000,,0.100000,5.000000,10.000000,-687853315,209.059653,218.482569,,219.217388,,,,0,0,,,,,,Move1,Move1.PickupCoarseMove,1,"{""pedalAxisName"":""TaskSwitchPedal"",""usePlusMinusKeys"":true,""positivePedalKey"":61,""negativePedalKey"":45,""invertPedalAxis"":false,""pressThreshold"":0.5,""releaseThreshold"":0.20000000298023225,""minimumIntervalSeconds"":5.0,""maximumIntervalSeconds"":10.0,""minimumValidReactionSeconds"":0.10000000149011612,""randomSeed"":-687853315}",,0,0.000000,,CorrectSidePress,0,0,0,,,,,,,0.000000,0,1,PlusMinusKeys,0,1
20261008T075632879Z_43fb7f689c074abeb8b5af4155970dec,,,1,1,StimulusOnsetObserved,Visual,2026-10-08T08:00:12.1072984Z,219.221376,215.025472,9677,3,1,OperatingTarget,0,0,1,23,Left,-1,,,,,1,0,0.000000,TaskSwitchPedal,0,0.500000,0.200000,,0.100000,5.000000,10.000000,-687853315,218.486557,218.482569,218.486557,219.217388,219.221376,0.003988,,1,0,3,1,OperatingTarget,LiftUp,LiftUp.PickupLowering,LiftUp,LiftUp.PickupLowering,1,"{""pedalAxisName"":""TaskSwitchPedal"",""usePlusMinusKeys"":true,""positivePedalKey"":61,""negativePedalKey"":45,""invertPedalAxis"":false,""pressThreshold"":0.5,""releaseThreshold"":0.20000000298023225,""minimumIntervalSeconds"":5.0,""maximumIntervalSeconds"":10.0,""minimumValidReactionSeconds"":0.10000000149011612,""randomSeed"":-687853315}",,0,0.000000,,CorrectSidePress,0,0,0,,,,,,,0.000000,0,0,Axis,0,1
20261008T075632879Z_43fb7f689c074abeb8b5af4155970dec,,,1,1,PedalPressed,Visual,2026-10-08T08:00:13.3229198Z,220.438212,216.242546,9721,3,1,OperatingTarget,0,0,1,23,Left,-1,-1,Correct,1,1.216836,1,0,-1.000000,TaskSwitchPedal,0,0.500000,0.200000,,0.100000,5.000000,10.000000,-687853315,219.703393,218.482569,218.486557,219.217388,219.221376,0.003988,220.438212,1,0,3,1,OperatingTarget,LiftUp,LiftUp.PickupLowering,LiftUp,LiftUp.PickupLowering,1,"{""pedalAxisName"":""TaskSwitchPedal"",""usePlusMinusKeys"":true,""positivePedalKey"":61,""negativePedalKey"":45,""invertPedalAxis"":false,""pressThreshold"":0.5,""releaseThreshold"":0.20000000298023225,""minimumIntervalSeconds"":5.0,""maximumIntervalSeconds"":10.0,""minimumValidReactionSeconds"":0.10000000149011612,""randomSeed"":-687853315}",,0,0.000000,1.216836,CorrectSidePress,1,0,0,-1,Correct,1,1.216836,220.438212,1.216836,0.000000,0,1,PlusMinusKeys,0,1
20261008T075632879Z_43fb7f689c074abeb8b5af4155970dec,,,1,1,TrialFinished,Visual,2026-10-08T08:00:13.3245322Z,220.438212,216.242546,9721,3,1,OperatingTarget,0,0,1,23,Left,-1,-1,Correct,1,1.216836,1,0,-1.000000,TaskSwitchPedal,0,0.500000,0.200000,,0.100000,5.000000,10.000000,-687853315,219.703393,218.482569,218.486557,219.217388,219.221376,0.003988,220.438212,0,0,3,1,OperatingTarget,LiftUp,LiftUp.PickupLowering,LiftUp,LiftUp.PickupLowering,1,"{""pedalAxisName"":""TaskSwitchPedal"",""usePlusMinusKeys"":true,""positivePedalKey"":61,""negativePedalKey"":45,""invertPedalAxis"":false,""pressThreshold"":0.5,""releaseThreshold"":0.20000000298023225,""minimumIntervalSeconds"":5.0,""maximumIntervalSeconds"":10.0,""minimumValidReactionSeconds"":0.10000000149011612,""randomSeed"":-687853315}",,0,0.000000,1.216836,CorrectSidePress,1,0,0,-1,Correct,1,1.216836,220.438212,1.216836,0.000000,0,1,PlusMinusKeys,0,1
20261008T075632879Z_43fb7f689c074abeb8b5af4155970dec,,,1,1,StimulusScheduled,Visual,2026-10-08T08:00:13.3245322Z,220.438654,216.242546,9721,3,1,OperatingTarget,0,0,1,24,Left,-1,,,,,0,0,-1.000000,TaskSwitchPedal,0,0.500000,0.200000,,0.100000,5.000000,10.000000,-687853315,219.703834,224.918248,,225.653067,,,,0,0,,,,,,LiftUp,LiftUp.PickupLowering,1,"{""pedalAxisName"":""TaskSwitchPedal"",""usePlusMinusKeys"":true,""positivePedalKey"":61,""negativePedalKey"":45,""invertPedalAxis"":false,""pressThreshold"":0.5,""releaseThreshold"":0.20000000298023225,""minimumIntervalSeconds"":5.0,""maximumIntervalSeconds"":10.0,""minimumValidReactionSeconds"":0.10000000149011612,""randomSeed"":-687853315}",,0,0.000000,,CorrectSidePress,0,0,0,,,,,,,0.000000,0,1,PlusMinusKeys,0,1
20261008T075632879Z_43fb7f689c074abeb8b5af4155970dec,,,1,1,StimulusOnsetObserved,Visual,2026-10-08T08:00:18.5618263Z,225.676819,221.479240,9910,3,1,OperatingTarget,0,0,1,24,Left,-1,,,,,1,0,0.000000,TaskSwitchPedal,0,0.500000,0.200000,,0.100000,5.000000,10.000000,-687853315,224.942000,224.918248,224.942000,225.653067,225.676819,0.023752,,1,0,3,1,OperatingTarget,LiftUp,LiftUp.LoadedRaising,LiftUp,LiftUp.LoadedRaising,1,"{""pedalAxisName"":""TaskSwitchPedal"",""usePlusMinusKeys"":true,""positivePedalKey"":61,""negativePedalKey"":45,""invertPedalAxis"":false,""pressThreshold"":0.5,""releaseThreshold"":0.20000000298023225,""minimumIntervalSeconds"":5.0,""maximumIntervalSeconds"":10.0,""minimumValidReactionSeconds"":0.10000000149011612,""randomSeed"":-687853315}",,0,0.000000,,CorrectSidePress,0,0,0,,,,,,,0.000000,0,0,Axis,0,1
20261008T075632879Z_43fb7f689c074abeb8b5af4155970dec,,,1,1,PedalPressed,Visual,2026-10-08T08:00:19.9455872Z,227.060014,222.863645,9963,3,1,OperatingTarget,0,0,1,24,Left,-1,-1,Correct,1,1.383195,1,0,-1.000000,TaskSwitchPedal,0,0.500000,0.200000,,0.100000,5.000000,10.000000,-687853315,226.325195,224.918248,224.942000,225.653067,225.676819,0.023752,227.060014,1,0,3,1,OperatingTarget,LiftUp,LiftUp.LoadedRaising,LiftUp,LiftUp.LoadedRaising,1,"{""pedalAxisName"":""TaskSwitchPedal"",""usePlusMinusKeys"":true,""positivePedalKey"":61,""negativePedalKey"":45,""invertPedalAxis"":false,""pressThreshold"":0.5,""releaseThreshold"":0.20000000298023225,""minimumIntervalSeconds"":5.0,""maximumIntervalSeconds"":10.0,""minimumValidReactionSeconds"":0.10000000149011612,""randomSeed"":-687853315}",,0,0.000000,1.383195,CorrectSidePress,1,0,0,-1,Correct,1,1.383195,227.060014,1.383195,0.000000,0,1,PlusMinusKeys,0,1
20261008T075632879Z_43fb7f689c074abeb8b5af4155970dec,,,1,1,TrialFinished,Visual,2026-10-08T08:00:19.9455872Z,227.060014,222.863645,9963,3,1,OperatingTarget,0,0,1,24,Left,-1,-1,Correct,1,1.383195,1,0,-1.000000,TaskSwitchPedal,0,0.500000,0.200000,,0.100000,5.000000,10.000000,-687853315,226.325195,224.918248,224.942000,225.653067,225.676819,0.023752,227.060014,0,0,3,1,OperatingTarget,LiftUp,LiftUp.LoadedRaising,LiftUp,LiftUp.LoadedRaising,1,"{""pedalAxisName"":""TaskSwitchPedal"",""usePlusMinusKeys"":true,""positivePedalKey"":61,""negativePedalKey"":45,""invertPedalAxis"":false,""pressThreshold"":0.5,""releaseThreshold"":0.20000000298023225,""minimumIntervalSeconds"":5.0,""maximumIntervalSeconds"":10.0,""minimumValidReactionSeconds"":0.10000000149011612,""randomSeed"":-687853315}",,0,0.000000,1.383195,CorrectSidePress,1,0,0,-1,Correct,1,1.383195,227.060014,1.383195,0.000000,0,1,PlusMinusKeys,0,1
20261008T075632879Z_43fb7f689c074abeb8b5af4155970dec,,,1,1,StimulusScheduled,Visual,2026-10-08T08:00:19.9455872Z,227.060435,222.863645,9963,3,1,OperatingTarget,0,0,1,25,Left,-1,,,,,0,0,-1.000000,TaskSwitchPedal,0,0.500000,0.200000,,0.100000,5.000000,10.000000,-687853315,226.325616,235.824353,,236.559172,,,,0,0,,,,,,LiftUp,LiftUp.LoadedRaising,1,"{""pedalAxisName"":""TaskSwitchPedal"",""usePlusMinusKeys"":true,""positivePedalKey"":61,""negativePedalKey"":45,""invertPedalAxis"":false,""pressThreshold"":0.5,""releaseThreshold"":0.20000000298023225,""minimumIntervalSeconds"":5.0,""maximumIntervalSeconds"":10.0,""minimumValidReactionSeconds"":0.10000000149011612,""randomSeed"":-687853315}",,0,0.000000,,CorrectSidePress,0,0,0,,,,,,,0.000000,0,1,PlusMinusKeys,0,1
20261008T075632879Z_43fb7f689c074abeb8b5af4155970dec,,,1,1,StimulusOnsetObserved,Visual,2026-10-08T08:00:29.4544221Z,236.569772,232.374420,10332,3,0,OperatingSource,0,0,1,25,Left,-1,,,,,1,0,0.000000,TaskSwitchPedal,0,0.500000,0.200000,,0.100000,5.000000,10.000000,-687853315,235.834952,235.824353,235.834952,236.559172,236.569772,0.010599,,1,0,3,0,OperatingSource,Move2,Move2.DestinationCoarseMove,Move2,Move2.DestinationCoarseMove,1,"{""pedalAxisName"":""TaskSwitchPedal"",""usePlusMinusKeys"":true,""positivePedalKey"":61,""negativePedalKey"":45,""invertPedalAxis"":false,""pressThreshold"":0.5,""releaseThreshold"":0.20000000298023225,""minimumIntervalSeconds"":5.0,""maximumIntervalSeconds"":10.0,""minimumValidReactionSeconds"":0.10000000149011612,""randomSeed"":-687853315}",,0,0.000000,,CorrectSidePress,0,0,0,,,,,,,0.000000,0,0,Axis,0,1
20261008T075632879Z_43fb7f689c074abeb8b5af4155970dec,,,1,1,PedalPressed,Visual,2026-10-08T08:00:30.5001447Z,237.616341,233.420313,10371,3,0,OperatingSource,0,0,1,25,Left,-1,-1,Correct,1,1.046569,1,0,-1.000000,TaskSwitchPedal,0,0.500000,0.200000,,0.100000,5.000000,10.000000,-687853315,236.881522,235.824353,235.834952,236.559172,236.569772,0.010599,237.616341,1,0,3,0,OperatingSource,Move2,Move2.DestinationCoarseMove,Move2,Move2.DestinationCoarseMove,1,"{""pedalAxisName"":""TaskSwitchPedal"",""usePlusMinusKeys"":true,""positivePedalKey"":61,""negativePedalKey"":45,""invertPedalAxis"":false,""pressThreshold"":0.5,""releaseThreshold"":0.20000000298023225,""minimumIntervalSeconds"":5.0,""maximumIntervalSeconds"":10.0,""minimumValidReactionSeconds"":0.10000000149011612,""randomSeed"":-687853315}",,0,0.000000,1.046570,CorrectSidePress,1,0,0,-1,Correct,1,1.046569,237.616341,1.046570,0.000000,0,1,PlusMinusKeys,0,1
20261008T075632879Z_43fb7f689c074abeb8b5af4155970dec,,,1,1,TrialFinished,Visual,2026-10-08T08:00:30.5001447Z,237.616341,233.420313,10371,3,0,OperatingSource,0,0,1,25,Left,-1,-1,Correct,1,1.046569,1,0,-1.000000,TaskSwitchPedal,0,0.500000,0.200000,,0.100000,5.000000,10.000000,-687853315,236.881522,235.824353,235.834952,236.559172,236.569772,0.010599,237.616341,0,0,3,0,OperatingSource,Move2,Move2.DestinationCoarseMove,Move2,Move2.DestinationCoarseMove,1,"{""pedalAxisName"":""TaskSwitchPedal"",""usePlusMinusKeys"":true,""positivePedalKey"":61,""negativePedalKey"":45,""invertPedalAxis"":false,""pressThreshold"":0.5,""releaseThreshold"":0.20000000298023225,""minimumIntervalSeconds"":5.0,""maximumIntervalSeconds"":10.0,""minimumValidReactionSeconds"":0.10000000149011612,""randomSeed"":-687853315}",,0,0.000000,1.046570,CorrectSidePress,1,0,0,-1,Correct,1,1.046569,237.616341,1.046570,0.000000,0,1,PlusMinusKeys,0,1
20261008T075632879Z_43fb7f689c074abeb8b5af4155970dec,,,1,1,StimulusScheduled,Visual,2026-10-08T08:00:30.5016667Z,237.616745,233.420313,10371,3,0,OperatingSource,0,0,1,26,Left,-1,,,,,0,0,-1.000000,TaskSwitchPedal,0,0.500000,0.200000,,0.100000,5.000000,10.000000,-687853315,236.881926,246.356800,,247.091620,,,,0,0,,,,,,Move2,Move2.DestinationCoarseMove,1,"{""pedalAxisName"":""TaskSwitchPedal"",""usePlusMinusKeys"":true,""positivePedalKey"":61,""negativePedalKey"":45,""invertPedalAxis"":false,""pressThreshold"":0.5,""releaseThreshold"":0.20000000298023225,""minimumIntervalSeconds"":5.0,""maximumIntervalSeconds"":10.0,""minimumValidReactionSeconds"":0.10000000149011612,""randomSeed"":-687853315}",,0,0.000000,,CorrectSidePress,0,0,0,,,,,,,0.000000,0,1,PlusMinusKeys,0,1
20261008T075632879Z_43fb7f689c074abeb8b5af4155970dec,,,1,1,StimulusOnsetObserved,Visual,2026-10-08T08:00:39.9980904Z,247.114442,242.917359,10713,3,0,OperatingSource,0,0,1,26,Left,-1,,,,,1,0,0.000000,TaskSwitchPedal,0,0.500000,0.200000,,0.100000,5.000000,10.000000,-687853315,246.379622,246.356800,246.379622,247.091620,247.114442,0.022822,,1,0,3,0,OperatingSource,Place,Place.PlacementLowering,Place,Place.PlacementLowering,1,"{""pedalAxisName"":""TaskSwitchPedal"",""usePlusMinusKeys"":true,""positivePedalKey"":61,""negativePedalKey"":45,""invertPedalAxis"":false,""pressThreshold"":0.5,""releaseThreshold"":0.20000000298023225,""minimumIntervalSeconds"":5.0,""maximumIntervalSeconds"":10.0,""minimumValidReactionSeconds"":0.10000000149011612,""randomSeed"":-687853315}",,0,0.000000,,CorrectSidePress,0,0,0,,,,,,,0.000000,0,0,Axis,0,1
20261008T075632879Z_43fb7f689c074abeb8b5af4155970dec,,,1,1,PedalPressed,Visual,2026-10-08T08:00:41.0877575Z,248.203689,244.008770,10751,3,0,OperatingSource,0,0,1,26,Left,-1,-1,Correct,1,1.089247,1,0,-1.000000,TaskSwitchPedal,0,0.500000,0.200000,,0.100000,5.000000,10.000000,-687853315,247.468870,246.356800,246.379622,247.091620,247.114442,0.022822,248.203689,1,0,3,0,OperatingSource,Place,Place.PlacementLowering,Place,Place.LoadRelease,1,"{""pedalAxisName"":""TaskSwitchPedal"",""usePlusMinusKeys"":true,""positivePedalKey"":61,""negativePedalKey"":45,""invertPedalAxis"":false,""pressThreshold"":0.5,""releaseThreshold"":0.20000000298023225,""minimumIntervalSeconds"":5.0,""maximumIntervalSeconds"":10.0,""minimumValidReactionSeconds"":0.10000000149011612,""randomSeed"":-687853315}",,0,0.000000,1.089247,CorrectSidePress,1,0,0,-1,Correct,1,1.089247,248.203689,1.089247,0.000000,0,1,PlusMinusKeys,0,1
20261008T075632879Z_43fb7f689c074abeb8b5af4155970dec,,,1,1,TrialFinished,Visual,2026-10-08T08:00:41.0882706Z,248.203689,244.008770,10751,3,0,OperatingSource,0,0,1,26,Left,-1,-1,Correct,1,1.089247,1,0,-1.000000,TaskSwitchPedal,0,0.500000,0.200000,,0.100000,5.000000,10.000000,-687853315,247.468870,246.356800,246.379622,247.091620,247.114442,0.022822,248.203689,0,0,3,0,OperatingSource,Place,Place.PlacementLowering,Place,Place.LoadRelease,1,"{""pedalAxisName"":""TaskSwitchPedal"",""usePlusMinusKeys"":true,""positivePedalKey"":61,""negativePedalKey"":45,""invertPedalAxis"":false,""pressThreshold"":0.5,""releaseThreshold"":0.20000000298023225,""minimumIntervalSeconds"":5.0,""maximumIntervalSeconds"":10.0,""minimumValidReactionSeconds"":0.10000000149011612,""randomSeed"":-687853315}",,0,0.000000,1.089247,CorrectSidePress,1,0,0,-1,Correct,1,1.089247,248.203689,1.089247,0.000000,0,1,PlusMinusKeys,0,1
20261008T075632879Z_43fb7f689c074abeb8b5af4155970dec,,,1,1,StimulusScheduled,Visual,2026-10-08T08:00:41.0882706Z,248.204091,244.008770,10751,3,0,OperatingSource,0,0,1,27,Left,-1,,,,,0,0,-1.000000,TaskSwitchPedal,0,0.500000,0.200000,,0.100000,5.000000,10.000000,-687853315,247.469271,256.807790,,257.542609,,,,0,0,,,,,,Place,Place.LoadRelease,1,"{""pedalAxisName"":""TaskSwitchPedal"",""usePlusMinusKeys"":true,""positivePedalKey"":61,""negativePedalKey"":45,""invertPedalAxis"":false,""pressThreshold"":0.5,""releaseThreshold"":0.20000000298023225,""minimumIntervalSeconds"":5.0,""maximumIntervalSeconds"":10.0,""minimumValidReactionSeconds"":0.10000000149011612,""randomSeed"":-687853315}",,0,0.000000,,CorrectSidePress,0,0,0,,,,,,,0.000000,0,1,PlusMinusKeys,0,1
20261008T075632879Z_43fb7f689c074abeb8b5af4155970dec,,,1,1,StimulusOnsetObserved,Visual,2026-10-08T08:00:50.4341727Z,257.550439,253.355153,11137,4,0,CountingDown,0,0,1,27,Left,-1,,,,,1,0,0.000000,TaskSwitchPedal,0,0.500000,0.200000,,0.100000,5.000000,10.000000,-687853315,256.815620,256.807790,256.815620,257.542609,257.550439,0.007830,,1,0,4,0,CountingDown,Move1,Move1.PickupCoarseMove,Move1,Move1.PickupCoarseMove,1,"{""pedalAxisName"":""TaskSwitchPedal"",""usePlusMinusKeys"":true,""positivePedalKey"":61,""negativePedalKey"":45,""invertPedalAxis"":false,""pressThreshold"":0.5,""releaseThreshold"":0.20000000298023225,""minimumIntervalSeconds"":5.0,""maximumIntervalSeconds"":10.0,""minimumValidReactionSeconds"":0.10000000149011612,""randomSeed"":-687853315}",,0,0.000000,,CorrectSidePress,0,0,0,,,,,,,0.000000,0,0,Axis,0,1
20261008T075632879Z_43fb7f689c074abeb8b5af4155970dec,,,1,1,PedalPressed,Visual,2026-10-08T08:00:51.6875881Z,258.804036,254.607664,11188,4,0,CountingDown,0,0,1,27,Left,-1,-1,Correct,1,1.253597,1,0,-1.000000,TaskSwitchPedal,0,0.500000,0.200000,,0.100000,5.000000,10.000000,-687853315,258.069216,256.807790,256.815620,257.542609,257.550439,0.007830,258.804036,1,0,4,0,CountingDown,Move1,Move1.PickupCoarseMove,Move1,Move1.PickupCoarseMove,1,"{""pedalAxisName"":""TaskSwitchPedal"",""usePlusMinusKeys"":true,""positivePedalKey"":61,""negativePedalKey"":45,""invertPedalAxis"":false,""pressThreshold"":0.5,""releaseThreshold"":0.20000000298023225,""minimumIntervalSeconds"":5.0,""maximumIntervalSeconds"":10.0,""minimumValidReactionSeconds"":0.10000000149011612,""randomSeed"":-687853315}",,0,0.000000,1.253596,CorrectSidePress,1,0,0,-1,Correct,1,1.253597,258.804036,1.253596,0.000000,0,1,PlusMinusKeys,0,1
20261008T075632879Z_43fb7f689c074abeb8b5af4155970dec,,,1,1,TrialFinished,Visual,2026-10-08T08:00:51.6875881Z,258.804036,254.607664,11188,4,0,CountingDown,0,0,1,27,Left,-1,-1,Correct,1,1.253597,1,0,-1.000000,TaskSwitchPedal,0,0.500000,0.200000,,0.100000,5.000000,10.000000,-687853315,258.069216,256.807790,256.815620,257.542609,257.550439,0.007830,258.804036,0,0,4,0,CountingDown,Move1,Move1.PickupCoarseMove,Move1,Move1.PickupCoarseMove,1,"{""pedalAxisName"":""TaskSwitchPedal"",""usePlusMinusKeys"":true,""positivePedalKey"":61,""negativePedalKey"":45,""invertPedalAxis"":false,""pressThreshold"":0.5,""releaseThreshold"":0.20000000298023225,""minimumIntervalSeconds"":5.0,""maximumIntervalSeconds"":10.0,""minimumValidReactionSeconds"":0.10000000149011612,""randomSeed"":-687853315}",,0,0.000000,1.253596,CorrectSidePress,1,0,0,-1,Correct,1,1.253597,258.804036,1.253596,0.000000,0,1,PlusMinusKeys,0,1
20261008T075632879Z_43fb7f689c074abeb8b5af4155970dec,,,1,1,StimulusScheduled,Visual,2026-10-08T08:00:51.6875881Z,258.804393,254.607664,11188,4,0,CountingDown,0,0,1,28,Left,-1,,,,,0,0,-1.000000,TaskSwitchPedal,0,0.500000,0.200000,,0.100000,5.000000,10.000000,-687853315,258.069574,266.424739,,267.159558,,,,0,0,,,,,,Move1,Move1.PickupCoarseMove,1,"{""pedalAxisName"":""TaskSwitchPedal"",""usePlusMinusKeys"":true,""positivePedalKey"":61,""negativePedalKey"":45,""invertPedalAxis"":false,""pressThreshold"":0.5,""releaseThreshold"":0.20000000298023225,""minimumIntervalSeconds"":5.0,""maximumIntervalSeconds"":10.0,""minimumValidReactionSeconds"":0.10000000149011612,""randomSeed"":-687853315}",,0,0.000000,,CorrectSidePress,0,0,0,,,,,,,0.000000,0,1,PlusMinusKeys,0,1
20261008T075632879Z_43fb7f689c074abeb8b5af4155970dec,,,1,1,StimulusOnsetObserved,Visual,2026-10-08T08:01:00.0491090Z,267.166066,262.970885,11547,4,1,OperatingTarget,0,0,1,28,Left,-1,,,,,1,0,0.000000,TaskSwitchPedal,0,0.500000,0.200000,,0.100000,5.000000,10.000000,-687853315,266.431246,266.424739,266.431246,267.159558,267.166066,0.006508,,1,0,4,1,OperatingTarget,Move2,Move2.DestinationCoarseMove,Move2,Move2.DestinationCoarseMove,1,"{""pedalAxisName"":""TaskSwitchPedal"",""usePlusMinusKeys"":true,""positivePedalKey"":61,""negativePedalKey"":45,""invertPedalAxis"":false,""pressThreshold"":0.5,""releaseThreshold"":0.20000000298023225,""minimumIntervalSeconds"":5.0,""maximumIntervalSeconds"":10.0,""minimumValidReactionSeconds"":0.10000000149011612,""randomSeed"":-687853315}",,0,0.000000,,CorrectSidePress,0,0,0,,,,,,,0.000000,0,0,Axis,0,1
20261008T075632879Z_43fb7f689c074abeb8b5af4155970dec,,,1,1,PedalPressed,Visual,2026-10-08T08:01:01.0406472Z,268.157862,263.961903,11590,4,1,OperatingTarget,0,0,1,28,Left,-1,-1,Correct,1,0.991797,1,0,-1.000000,TaskSwitchPedal,0,0.500000,0.200000,,0.100000,5.000000,10.000000,-687853315,267.423043,266.424739,266.431246,267.159558,267.166066,0.006508,268.157862,1,0,4,1,OperatingTarget,Move2,Move2.DestinationCoarseMove,Move2,Move2.DestinationCoarseMove,1,"{""pedalAxisName"":""TaskSwitchPedal"",""usePlusMinusKeys"":true,""positivePedalKey"":61,""negativePedalKey"":45,""invertPedalAxis"":false,""pressThreshold"":0.5,""releaseThreshold"":0.20000000298023225,""minimumIntervalSeconds"":5.0,""maximumIntervalSeconds"":10.0,""minimumValidReactionSeconds"":0.10000000149011612,""randomSeed"":-687853315}",,0,0.000000,0.991796,CorrectSidePress,1,0,0,-1,Correct,1,0.991797,268.157862,0.991796,0.000000,0,1,PlusMinusKeys,0,1
20261008T075632879Z_43fb7f689c074abeb8b5af4155970dec,,,1,1,TrialFinished,Visual,2026-10-08T08:01:01.0406472Z,268.157862,263.961903,11590,4,1,OperatingTarget,0,0,1,28,Left,-1,-1,Correct,1,0.991797,1,0,-1.000000,TaskSwitchPedal,0,0.500000,0.200000,,0.100000,5.000000,10.000000,-687853315,267.423043,266.424739,266.431246,267.159558,267.166066,0.006508,268.157862,0,0,4,1,OperatingTarget,Move2,Move2.DestinationCoarseMove,Move2,Move2.DestinationCoarseMove,1,"{""pedalAxisName"":""TaskSwitchPedal"",""usePlusMinusKeys"":true,""positivePedalKey"":61,""negativePedalKey"":45,""invertPedalAxis"":false,""pressThreshold"":0.5,""releaseThreshold"":0.20000000298023225,""minimumIntervalSeconds"":5.0,""maximumIntervalSeconds"":10.0,""minimumValidReactionSeconds"":0.10000000149011612,""randomSeed"":-687853315}",,0,0.000000,0.991796,CorrectSidePress,1,0,0,-1,Correct,1,0.991797,268.157862,0.991796,0.000000,0,1,PlusMinusKeys,0,1
20261008T075632879Z_43fb7f689c074abeb8b5af4155970dec,,,1,1,StimulusScheduled,Visual,2026-10-08T08:01:01.0406472Z,268.158343,263.961903,11590,4,1,OperatingTarget,0,0,1,29,Right,1,,,,,0,0,-1.000000,TaskSwitchPedal,0,0.500000,0.200000,,0.100000,5.000000,10.000000,-687853315,267.423523,277.386841,,278.121661,,,,0,0,,,,,,Move2,Move2.DestinationCoarseMove,1,"{""pedalAxisName"":""TaskSwitchPedal"",""usePlusMinusKeys"":true,""positivePedalKey"":61,""negativePedalKey"":45,""invertPedalAxis"":false,""pressThreshold"":0.5,""releaseThreshold"":0.20000000298023225,""minimumIntervalSeconds"":5.0,""maximumIntervalSeconds"":10.0,""minimumValidReactionSeconds"":0.10000000149011612,""randomSeed"":-687853315}",,0,0.000000,,CorrectSidePress,0,0,0,,,,,,,0.000000,0,1,PlusMinusKeys,0,1
20261008T075632879Z_43fb7f689c074abeb8b5af4155970dec,,,1,1,StimulusOnsetObserved,Visual,2026-10-08T08:01:11.0203523Z,278.139149,273.942889,12031,4,1,OperatingTarget,0,0,1,29,Right,1,,,,,1,0,0.000000,TaskSwitchPedal,0,0.500000,0.200000,,0.100000,5.000000,10.000000,-687853315,277.404329,277.386841,277.404329,278.121661,278.139149,0.017488,,0,1,4,1,OperatingTarget,Place,Place.PlacementLowering,Place,Place.PlacementLowering,1,"{""pedalAxisName"":""TaskSwitchPedal"",""usePlusMinusKeys"":true,""positivePedalKey"":61,""negativePedalKey"":45,""invertPedalAxis"":false,""pressThreshold"":0.5,""releaseThreshold"":0.20000000298023225,""minimumIntervalSeconds"":5.0,""maximumIntervalSeconds"":10.0,""minimumValidReactionSeconds"":0.10000000149011612,""randomSeed"":-687853315}",,0,0.000000,,CorrectSidePress,0,0,0,,,,,,,0.000000,0,0,Axis,0,1
20261008T075632879Z_43fb7f689c074abeb8b5af4155970dec,,,1,1,PedalPressed,Visual,2026-10-08T08:01:12.1591591Z,279.276994,275.079542,12070,4,1,OperatingTarget,0,0,1,29,Right,1,1,Correct,1,1.137846,1,0,1.000000,TaskSwitchPedal,0,0.500000,0.200000,,0.100000,5.000000,10.000000,-687853315,278.542175,277.386841,277.404329,278.121661,278.139149,0.017488,279.276994,0,1,4,1,OperatingTarget,Place,Place.PlacementLowering,Place,Place.PlacementLowering,1,"{""pedalAxisName"":""TaskSwitchPedal"",""usePlusMinusKeys"":true,""positivePedalKey"":61,""negativePedalKey"":45,""invertPedalAxis"":false,""pressThreshold"":0.5,""releaseThreshold"":0.20000000298023225,""minimumIntervalSeconds"":5.0,""maximumIntervalSeconds"":10.0,""minimumValidReactionSeconds"":0.10000000149011612,""randomSeed"":-687853315}",,0,0.000000,1.137845,CorrectSidePress,1,0,0,1,Correct,1,1.137846,279.276994,1.137845,0.000000,1,0,PlusMinusKeys,0,1
20261008T075632879Z_43fb7f689c074abeb8b5af4155970dec,,,1,1,TrialFinished,Visual,2026-10-08T08:01:12.1591591Z,279.276994,275.079542,12070,4,1,OperatingTarget,0,0,1,29,Right,1,1,Correct,1,1.137846,1,0,1.000000,TaskSwitchPedal,0,0.500000,0.200000,,0.100000,5.000000,10.000000,-687853315,278.542175,277.386841,277.404329,278.121661,278.139149,0.017488,279.276994,0,0,4,1,OperatingTarget,Place,Place.PlacementLowering,Place,Place.PlacementLowering,1,"{""pedalAxisName"":""TaskSwitchPedal"",""usePlusMinusKeys"":true,""positivePedalKey"":61,""negativePedalKey"":45,""invertPedalAxis"":false,""pressThreshold"":0.5,""releaseThreshold"":0.20000000298023225,""minimumIntervalSeconds"":5.0,""maximumIntervalSeconds"":10.0,""minimumValidReactionSeconds"":0.10000000149011612,""randomSeed"":-687853315}",,0,0.000000,1.137845,CorrectSidePress,1,0,0,1,Correct,1,1.137846,279.276994,1.137845,0.000000,1,0,PlusMinusKeys,0,1
20261008T075632879Z_43fb7f689c074abeb8b5af4155970dec,,,1,1,StimulusScheduled,Visual,2026-10-08T08:01:12.1591591Z,279.277344,275.079542,12070,4,1,OperatingTarget,0,0,1,30,Right,1,,,,,0,0,1.000000,TaskSwitchPedal,0,0.500000,0.200000,,0.100000,5.000000,10.000000,-687853315,278.542525,285.152802,,285.887621,,,,0,0,,,,,,Place,Place.PlacementLowering,1,"{""pedalAxisName"":""TaskSwitchPedal"",""usePlusMinusKeys"":true,""positivePedalKey"":61,""negativePedalKey"":45,""invertPedalAxis"":false,""pressThreshold"":0.5,""releaseThreshold"":0.20000000298023225,""minimumIntervalSeconds"":5.0,""maximumIntervalSeconds"":10.0,""minimumValidReactionSeconds"":0.10000000149011612,""randomSeed"":-687853315}",,0,0.000000,,CorrectSidePress,0,0,0,,,,,,,0.000000,1,0,PlusMinusKeys,0,1
20261008T075632879Z_43fb7f689c074abeb8b5af4155970dec,,,1,1,StimulusOnsetObserved,Visual,2026-10-08T08:01:18.7795303Z,285.897878,281.701195,12302,4,1,OperatingTarget,0,0,1,30,Right,1,,,,,1,0,0.000000,TaskSwitchPedal,0,0.500000,0.200000,,0.100000,5.000000,10.000000,-687853315,285.163058,285.152802,285.163058,285.887621,285.897878,0.010257,,0,1,4,1,OperatingTarget,Place,Place.PlacementLowering,Place,Place.PlacementLowering,1,"{""pedalAxisName"":""TaskSwitchPedal"",""usePlusMinusKeys"":true,""positivePedalKey"":61,""negativePedalKey"":45,""invertPedalAxis"":false,""pressThreshold"":0.5,""releaseThreshold"":0.20000000298023225,""minimumIntervalSeconds"":5.0,""maximumIntervalSeconds"":10.0,""minimumValidReactionSeconds"":0.10000000149011612,""randomSeed"":-687853315}",,0,0.000000,,CorrectSidePress,0,0,0,,,,,,,0.000000,0,0,Axis,0,1
20261008T075632879Z_43fb7f689c074abeb8b5af4155970dec,,,1,1,PedalPressed,Visual,2026-10-08T08:01:21.3990891Z,288.518073,284.322336,12392,4,1,OperatingTarget,0,0,1,30,Right,1,1,Correct,1,2.620196,1,0,1.000000,TaskSwitchPedal,0,0.500000,0.200000,,0.100000,5.000000,10.000000,-687853315,287.783254,285.152802,285.163058,285.887621,285.897878,0.010257,288.518073,0,1,4,1,OperatingTarget,Place,Place.PlacementLowering,Place,Place.LoadRelease,1,"{""pedalAxisName"":""TaskSwitchPedal"",""usePlusMinusKeys"":true,""positivePedalKey"":61,""negativePedalKey"":45,""invertPedalAxis"":false,""pressThreshold"":0.5,""releaseThreshold"":0.20000000298023225,""minimumIntervalSeconds"":5.0,""maximumIntervalSeconds"":10.0,""minimumValidReactionSeconds"":0.10000000149011612,""randomSeed"":-687853315}",,0,0.000000,2.620195,CorrectSidePress,1,0,0,1,Correct,1,2.620196,288.518073,2.620195,0.000000,1,0,PlusMinusKeys,0,1
20261008T075632879Z_43fb7f689c074abeb8b5af4155970dec,,,1,1,TrialFinished,Visual,2026-10-08T08:01:21.3990891Z,288.518073,284.322336,12392,4,1,OperatingTarget,0,0,1,30,Right,1,1,Correct,1,2.620196,1,0,1.000000,TaskSwitchPedal,0,0.500000,0.200000,,0.100000,5.000000,10.000000,-687853315,287.783254,285.152802,285.163058,285.887621,285.897878,0.010257,288.518073,0,0,4,1,OperatingTarget,Place,Place.PlacementLowering,Place,Place.LoadRelease,1,"{""pedalAxisName"":""TaskSwitchPedal"",""usePlusMinusKeys"":true,""positivePedalKey"":61,""negativePedalKey"":45,""invertPedalAxis"":false,""pressThreshold"":0.5,""releaseThreshold"":0.20000000298023225,""minimumIntervalSeconds"":5.0,""maximumIntervalSeconds"":10.0,""minimumValidReactionSeconds"":0.10000000149011612,""randomSeed"":-687853315}",,0,0.000000,2.620195,CorrectSidePress,1,0,0,1,Correct,1,2.620196,288.518073,2.620195,0.000000,1,0,PlusMinusKeys,0,1
20261008T075632879Z_43fb7f689c074abeb8b5af4155970dec,,,1,1,StimulusScheduled,Visual,2026-10-08T08:01:21.3990891Z,288.518425,284.322336,12392,4,1,OperatingTarget,0,0,1,31,Right,1,,,,,0,0,1.000000,TaskSwitchPedal,0,0.500000,0.200000,,0.100000,5.000000,10.000000,-687853315,287.783606,295.082220,,295.817039,,,,0,0,,,,,,Place,Place.LoadRelease,1,"{""pedalAxisName"":""TaskSwitchPedal"",""usePlusMinusKeys"":true,""positivePedalKey"":61,""negativePedalKey"":45,""invertPedalAxis"":false,""pressThreshold"":0.5,""releaseThreshold"":0.20000000298023225,""minimumIntervalSeconds"":5.0,""maximumIntervalSeconds"":10.0,""minimumValidReactionSeconds"":0.10000000149011612,""randomSeed"":-687853315}",,0,0.000000,,CorrectSidePress,0,0,0,,,,,,,0.000000,1,0,PlusMinusKeys,0,1
20261008T075632879Z_43fb7f689c074abeb8b5af4155970dec,,,1,1,StimulusOnsetObserved,Visual,2026-10-08T08:01:28.7130917Z,295.831920,291.636930,12658,4,1,OperatingTarget,0,0,1,31,Right,1,,,,,1,0,0.000000,TaskSwitchPedal,0,0.500000,0.200000,,0.100000,5.000000,10.000000,-687853315,295.097100,295.082220,295.097100,295.817039,295.831920,0.014881,,0,1,4,1,OperatingTarget,Place,Place.PostPlacementRaising,Place,Place.PostPlacementRaising,1,"{""pedalAxisName"":""TaskSwitchPedal"",""usePlusMinusKeys"":true,""positivePedalKey"":61,""negativePedalKey"":45,""invertPedalAxis"":false,""pressThreshold"":0.5,""releaseThreshold"":0.20000000298023225,""minimumIntervalSeconds"":5.0,""maximumIntervalSeconds"":10.0,""minimumValidReactionSeconds"":0.10000000149011612,""randomSeed"":-687853315}",,0,0.000000,,CorrectSidePress,0,0,0,,,,,,,0.000000,0,0,Axis,0,1
20261008T075632879Z_43fb7f689c074abeb8b5af4155970dec,,,1,1,PedalPressed,Visual,2026-10-08T08:01:29.9159936Z,297.034852,292.839217,12708,4,1,OperatingTarget,0,0,1,31,Right,1,1,Correct,1,1.202932,1,0,1.000000,TaskSwitchPedal,0,0.500000,0.200000,,0.100000,5.000000,10.000000,-687853315,296.300033,295.082220,295.097100,295.817039,295.831920,0.014881,297.034852,0,1,4,1,OperatingTarget,Place,Place.PostPlacementRaising,Place,Place.PostPlacementRaising,1,"{""pedalAxisName"":""TaskSwitchPedal"",""usePlusMinusKeys"":true,""positivePedalKey"":61,""negativePedalKey"":45,""invertPedalAxis"":false,""pressThreshold"":0.5,""releaseThreshold"":0.20000000298023225,""minimumIntervalSeconds"":5.0,""maximumIntervalSeconds"":10.0,""minimumValidReactionSeconds"":0.10000000149011612,""randomSeed"":-687853315}",,0,0.000000,1.202932,CorrectSidePress,1,0,0,1,Correct,1,1.202932,297.034852,1.202932,0.000000,1,0,PlusMinusKeys,0,1
20261008T075632879Z_43fb7f689c074abeb8b5af4155970dec,,,1,1,TrialFinished,Visual,2026-10-08T08:01:29.9159936Z,297.034852,292.839217,12708,4,1,OperatingTarget,0,0,1,31,Right,1,1,Correct,1,1.202932,1,0,1.000000,TaskSwitchPedal,0,0.500000,0.200000,,0.100000,5.000000,10.000000,-687853315,296.300033,295.082220,295.097100,295.817039,295.831920,0.014881,297.034852,0,0,4,1,OperatingTarget,Place,Place.PostPlacementRaising,Place,Place.PostPlacementRaising,1,"{""pedalAxisName"":""TaskSwitchPedal"",""usePlusMinusKeys"":true,""positivePedalKey"":61,""negativePedalKey"":45,""invertPedalAxis"":false,""pressThreshold"":0.5,""releaseThreshold"":0.20000000298023225,""minimumIntervalSeconds"":5.0,""maximumIntervalSeconds"":10.0,""minimumValidReactionSeconds"":0.10000000149011612,""randomSeed"":-687853315}",,0,0.000000,1.202932,CorrectSidePress,1,0,0,1,Correct,1,1.202932,297.034852,1.202932,0.000000,1,0,PlusMinusKeys,0,1
20261008T075632879Z_43fb7f689c074abeb8b5af4155970dec,,,1,1,StimulusScheduled,Visual,2026-10-08T08:01:29.9159936Z,297.035176,292.839217,12708,4,1,OperatingTarget,0,0,1,32,Left,-1,,,,,0,0,1.000000,TaskSwitchPedal,0,0.500000,0.200000,,0.100000,5.000000,10.000000,-687853315,296.300357,303.852149,,304.586968,,,,0,0,,,,,,Place,Place.PostPlacementRaising,1,"{""pedalAxisName"":""TaskSwitchPedal"",""usePlusMinusKeys"":true,""positivePedalKey"":61,""negativePedalKey"":45,""invertPedalAxis"":false,""pressThreshold"":0.5,""releaseThreshold"":0.20000000298023225,""minimumIntervalSeconds"":5.0,""maximumIntervalSeconds"":10.0,""minimumValidReactionSeconds"":0.10000000149011612,""randomSeed"":-687853315}",,0,0.000000,,CorrectSidePress,0,0,0,,,,,,,0.000000,1,0,PlusMinusKeys,0,1
20261008T075632879Z_43fb7f689c074abeb8b5af4155970dec,,,1,1,StimulusOnsetObserved,Visual,2026-10-08T08:01:37.4987832Z,304.618594,300.423296,13040,4,0,WaitingForSourceConfirmation,1,0,1,32,Left,-1,,,,,1,0,0.000000,TaskSwitchPedal,0,0.500000,0.200000,,0.100000,5.000000,10.000000,-687853315,303.883775,303.852149,303.883775,304.586968,304.618594,0.031626,,1,0,4,0,WaitingForSourceConfirmation,Move1,Move1.PickupCoarseMove,Move1,Move1.PickupCoarseMove,1,"{""pedalAxisName"":""TaskSwitchPedal"",""usePlusMinusKeys"":true,""positivePedalKey"":61,""negativePedalKey"":45,""invertPedalAxis"":false,""pressThreshold"":0.5,""releaseThreshold"":0.20000000298023225,""minimumIntervalSeconds"":5.0,""maximumIntervalSeconds"":10.0,""minimumValidReactionSeconds"":0.10000000149011612,""randomSeed"":-687853315}",,0,0.000000,,CorrectSidePress,0,0,0,,,,,,,0.000000,0,0,Axis,0,1
20261008T075632879Z_43fb7f689c074abeb8b5af4155970dec,,,1,1,PedalPressed,Visual,2026-10-08T08:01:39.0993425Z,306.219041,302.024217,13110,4,0,WaitingForSourceConfirmation,1,0,1,32,Left,-1,-1,Correct,1,1.600446,1,0,-1.000000,TaskSwitchPedal,0,0.500000,0.200000,,0.100000,5.000000,10.000000,-687853315,305.484221,303.852149,303.883775,304.586968,304.618594,0.031626,306.219041,1,0,4,0,WaitingForSourceConfirmation,Move1,Move1.PickupCoarseMove,Move1,Move1.PickupCoarseMove,1,"{""pedalAxisName"":""TaskSwitchPedal"",""usePlusMinusKeys"":true,""positivePedalKey"":61,""negativePedalKey"":45,""invertPedalAxis"":false,""pressThreshold"":0.5,""releaseThreshold"":0.20000000298023225,""minimumIntervalSeconds"":5.0,""maximumIntervalSeconds"":10.0,""minimumValidReactionSeconds"":0.10000000149011612,""randomSeed"":-687853315}",,0,0.000000,1.600447,CorrectSidePress,1,0,0,-1,Correct,1,1.600446,306.219041,1.600447,0.000000,0,1,PlusMinusKeys,0,1
20261008T075632879Z_43fb7f689c074abeb8b5af4155970dec,,,1,1,TrialFinished,Visual,2026-10-08T08:01:39.0993425Z,306.219041,302.024217,13110,4,0,WaitingForSourceConfirmation,1,0,1,32,Left,-1,-1,Correct,1,1.600446,1,0,-1.000000,TaskSwitchPedal,0,0.500000,0.200000,,0.100000,5.000000,10.000000,-687853315,305.484221,303.852149,303.883775,304.586968,304.618594,0.031626,306.219041,0,0,4,0,WaitingForSourceConfirmation,Move1,Move1.PickupCoarseMove,Move1,Move1.PickupCoarseMove,1,"{""pedalAxisName"":""TaskSwitchPedal"",""usePlusMinusKeys"":true,""positivePedalKey"":61,""negativePedalKey"":45,""invertPedalAxis"":false,""pressThreshold"":0.5,""releaseThreshold"":0.20000000298023225,""minimumIntervalSeconds"":5.0,""maximumIntervalSeconds"":10.0,""minimumValidReactionSeconds"":0.10000000149011612,""randomSeed"":-687853315}",,0,0.000000,1.600447,CorrectSidePress,1,0,0,-1,Correct,1,1.600446,306.219041,1.600447,0.000000,0,1,PlusMinusKeys,0,1
20261008T075632879Z_43fb7f689c074abeb8b5af4155970dec,,,1,1,StimulusScheduled,Visual,2026-10-08T08:01:39.0993425Z,306.219431,302.024217,13110,4,0,WaitingForSourceConfirmation,1,0,1,33,Right,1,,,,,0,0,-1.000000,TaskSwitchPedal,0,0.500000,0.200000,,0.100000,5.000000,10.000000,-687853315,305.484612,313.489852,,314.224671,,,,0,0,,,,,,Move1,Move1.PickupCoarseMove,1,"{""pedalAxisName"":""TaskSwitchPedal"",""usePlusMinusKeys"":true,""positivePedalKey"":61,""negativePedalKey"":45,""invertPedalAxis"":false,""pressThreshold"":0.5,""releaseThreshold"":0.20000000298023225,""minimumIntervalSeconds"":5.0,""maximumIntervalSeconds"":10.0,""minimumValidReactionSeconds"":0.10000000149011612,""randomSeed"":-687853315}",,0,0.000000,,CorrectSidePress,0,0,0,,,,,,,0.000000,0,1,PlusMinusKeys,0,1
20261008T075632879Z_43fb7f689c074abeb8b5af4155970dec,,,1,1,StimulusOnsetObserved,Visual,2026-10-08T08:01:47.1083344Z,314.229153,310.033833,13462,4,0,OperatingSource,0,0,1,33,Right,1,,,,,1,0,0.000000,TaskSwitchPedal,0,0.500000,0.200000,,0.100000,5.000000,10.000000,-687853315,313.494333,313.489852,313.494333,314.224671,314.229153,0.004482,,0,1,4,0,OperatingSource,Move1,Move1.PickupCoarseMove,Move1,Move1.PickupCoarseMove,1,"{""pedalAxisName"":""TaskSwitchPedal"",""usePlusMinusKeys"":true,""positivePedalKey"":61,""negativePedalKey"":45,""invertPedalAxis"":false,""pressThreshold"":0.5,""releaseThreshold"":0.20000000298023225,""minimumIntervalSeconds"":5.0,""maximumIntervalSeconds"":10.0,""minimumValidReactionSeconds"":0.10000000149011612,""randomSeed"":-687853315}",,0,0.000000,,CorrectSidePress,0,0,0,,,,,,,0.000000,0,0,Axis,0,1
20261008T075632879Z_43fb7f689c074abeb8b5af4155970dec,,,1,1,PedalPressed,Visual,2026-10-08T08:01:48.3385834Z,315.459679,311.264670,13515,4,0,OperatingSource,0,0,1,33,Right,1,1,Correct,1,1.230526,1,0,1.000000,TaskSwitchPedal,0,0.500000,0.200000,,0.100000,5.000000,10.000000,-687853315,314.724860,313.489852,313.494333,314.224671,314.229153,0.004482,315.459679,0,1,4,0,OperatingSource,Move1,Move1.PickupCoarseMove,Move1,Move1.PickupCoarseMove,1,"{""pedalAxisName"":""TaskSwitchPedal"",""usePlusMinusKeys"":true,""positivePedalKey"":61,""negativePedalKey"":45,""invertPedalAxis"":false,""pressThreshold"":0.5,""releaseThreshold"":0.20000000298023225,""minimumIntervalSeconds"":5.0,""maximumIntervalSeconds"":10.0,""minimumValidReactionSeconds"":0.10000000149011612,""randomSeed"":-687853315}",,0,0.000000,1.230526,CorrectSidePress,1,0,0,1,Correct,1,1.230526,315.459679,1.230526,0.000000,1,0,PlusMinusKeys,0,1
20261008T075632879Z_43fb7f689c074abeb8b5af4155970dec,,,1,1,TrialFinished,Visual,2026-10-08T08:01:48.3399156Z,315.459679,311.264670,13515,4,0,OperatingSource,0,0,1,33,Right,1,1,Correct,1,1.230526,1,0,1.000000,TaskSwitchPedal,0,0.500000,0.200000,,0.100000,5.000000,10.000000,-687853315,314.724860,313.489852,313.494333,314.224671,314.229153,0.004482,315.459679,0,0,4,0,OperatingSource,Move1,Move1.PickupCoarseMove,Move1,Move1.PickupCoarseMove,1,"{""pedalAxisName"":""TaskSwitchPedal"",""usePlusMinusKeys"":true,""positivePedalKey"":61,""negativePedalKey"":45,""invertPedalAxis"":false,""pressThreshold"":0.5,""releaseThreshold"":0.20000000298023225,""minimumIntervalSeconds"":5.0,""maximumIntervalSeconds"":10.0,""minimumValidReactionSeconds"":0.10000000149011612,""randomSeed"":-687853315}",,0,0.000000,1.230526,CorrectSidePress,1,0,0,1,Correct,1,1.230526,315.459679,1.230526,0.000000,1,0,PlusMinusKeys,0,1
20261008T075632879Z_43fb7f689c074abeb8b5af4155970dec,,,1,1,StimulusScheduled,Visual,2026-10-08T08:01:48.3399156Z,315.460294,311.264670,13515,4,0,OperatingSource,0,0,1,34,Right,1,,,,,0,0,1.000000,TaskSwitchPedal,0,0.500000,0.200000,,0.100000,5.000000,10.000000,-687853315,314.725475,324.713431,,325.448250,,,,0,0,,,,,,Move1,Move1.PickupCoarseMove,1,"{""pedalAxisName"":""TaskSwitchPedal"",""usePlusMinusKeys"":true,""positivePedalKey"":61,""negativePedalKey"":45,""invertPedalAxis"":false,""pressThreshold"":0.5,""releaseThreshold"":0.20000000298023225,""minimumIntervalSeconds"":5.0,""maximumIntervalSeconds"":10.0,""minimumValidReactionSeconds"":0.10000000149011612,""randomSeed"":-687853315}",,0,0.000000,,CorrectSidePress,0,0,0,,,,,,,0.000000,1,0,PlusMinusKeys,0,1
20261008T075632879Z_43fb7f689c074abeb8b5af4155970dec,,,1,1,StimulusOnsetObserved,Visual,2026-10-08T08:01:58.3342061Z,325.455629,321.259516,13933,4,0,OperatingSource,0,0,1,34,Right,1,,,,,1,0,0.000000,TaskSwitchPedal,0,0.500000,0.200000,,0.100000,5.000000,10.000000,-687853315,324.720809,324.713431,324.720809,325.448250,325.455629,0.007378,,0,1,4,0,OperatingSource,LiftUp,LiftUp.PickupLowering,LiftUp,LiftUp.PickupLowering,1,"{""pedalAxisName"":""TaskSwitchPedal"",""usePlusMinusKeys"":true,""positivePedalKey"":61,""negativePedalKey"":45,""invertPedalAxis"":false,""pressThreshold"":0.5,""releaseThreshold"":0.20000000298023225,""minimumIntervalSeconds"":5.0,""maximumIntervalSeconds"":10.0,""minimumValidReactionSeconds"":0.10000000149011612,""randomSeed"":-687853315}",,0,0.000000,,CorrectSidePress,0,0,0,,,,,,,0.000000,0,0,Axis,0,1
20261008T075632879Z_43fb7f689c074abeb8b5af4155970dec,,,1,1,PedalPressed,Visual,2026-10-08T08:01:59.6809199Z,326.802164,322.605729,13979,4,0,OperatingSource,0,0,1,34,Right,1,1,Correct,1,1.346536,1,0,1.000000,TaskSwitchPedal,0,0.500000,0.200000,,0.100000,5.000000,10.000000,-687853315,326.067345,324.713431,324.720809,325.448250,325.455629,0.007378,326.802164,0,1,4,0,OperatingSource,LiftUp,LiftUp.PickupLowering,LiftUp,LiftUp.PickupLowering,1,"{""pedalAxisName"":""TaskSwitchPedal"",""usePlusMinusKeys"":true,""positivePedalKey"":61,""negativePedalKey"":45,""invertPedalAxis"":false,""pressThreshold"":0.5,""releaseThreshold"":0.20000000298023225,""minimumIntervalSeconds"":5.0,""maximumIntervalSeconds"":10.0,""minimumValidReactionSeconds"":0.10000000149011612,""randomSeed"":-687853315}",,0,0.000000,1.346535,CorrectSidePress,1,0,0,1,Correct,1,1.346536,326.802164,1.346535,0.000000,1,0,PlusMinusKeys,0,1
20261008T075632879Z_43fb7f689c074abeb8b5af4155970dec,,,1,1,TrialFinished,Visual,2026-10-08T08:01:59.6814344Z,326.802164,322.605729,13979,4,0,OperatingSource,0,0,1,34,Right,1,1,Correct,1,1.346536,1,0,1.000000,TaskSwitchPedal,0,0.500000,0.200000,,0.100000,5.000000,10.000000,-687853315,326.067345,324.713431,324.720809,325.448250,325.455629,0.007378,326.802164,0,0,4,0,OperatingSource,LiftUp,LiftUp.PickupLowering,LiftUp,LiftUp.PickupLowering,1,"{""pedalAxisName"":""TaskSwitchPedal"",""usePlusMinusKeys"":true,""positivePedalKey"":61,""negativePedalKey"":45,""invertPedalAxis"":false,""pressThreshold"":0.5,""releaseThreshold"":0.20000000298023225,""minimumIntervalSeconds"":5.0,""maximumIntervalSeconds"":10.0,""minimumValidReactionSeconds"":0.10000000149011612,""randomSeed"":-687853315}",,0,0.000000,1.346535,CorrectSidePress,1,0,0,1,Correct,1,1.346536,326.802164,1.346535,0.000000,1,0,PlusMinusKeys,0,1
20261008T075632879Z_43fb7f689c074abeb8b5af4155970dec,,,1,1,StimulusScheduled,Visual,2026-10-08T08:01:59.6814344Z,326.802518,322.605729,13979,4,0,OperatingSource,0,0,1,35,Left,-1,,,,,0,0,1.000000,TaskSwitchPedal,0,0.500000,0.200000,,0.100000,5.000000,10.000000,-687853315,326.067699,334.481881,,335.216700,,,,0,0,,,,,,LiftUp,LiftUp.PickupLowering,1,"{""pedalAxisName"":""TaskSwitchPedal"",""usePlusMinusKeys"":true,""positivePedalKey"":61,""negativePedalKey"":45,""invertPedalAxis"":false,""pressThreshold"":0.5,""releaseThreshold"":0.20000000298023225,""minimumIntervalSeconds"":5.0,""maximumIntervalSeconds"":10.0,""minimumValidReactionSeconds"":0.10000000149011612,""randomSeed"":-687853315}",,0,0.000000,,CorrectSidePress,0,0,0,,,,,,,0.000000,1,0,PlusMinusKeys,0,1
20261008T075632879Z_43fb7f689c074abeb8b5af4155970dec,,,1,1,StimulusOnsetObserved,Visual,2026-10-08T08:02:08.0966034Z,335.218046,331.022868,14278,4,0,OperatingSource,0,0,1,35,Left,-1,,,,,1,0,0.000000,TaskSwitchPedal,0,0.500000,0.200000,,0.100000,5.000000,10.000000,-687853315,334.483227,334.481881,334.483227,335.216700,335.218046,0.001346,,1,0,4,0,OperatingSource,LiftUp,LiftUp.LoadedRaising,LiftUp,LiftUp.LoadedRaising,1,"{""pedalAxisName"":""TaskSwitchPedal"",""usePlusMinusKeys"":true,""positivePedalKey"":61,""negativePedalKey"":45,""invertPedalAxis"":false,""pressThreshold"":0.5,""releaseThreshold"":0.20000000298023225,""minimumIntervalSeconds"":5.0,""maximumIntervalSeconds"":10.0,""minimumValidReactionSeconds"":0.10000000149011612,""randomSeed"":-687853315}",,0,0.000000,,CorrectSidePress,0,0,0,,,,,,,0.000000,0,0,Axis,0,1
20261008T075632879Z_43fb7f689c074abeb8b5af4155970dec,,,1,1,PedalPressed,Visual,2026-10-08T08:02:09.0637829Z,336.185589,331.990782,14313,4,0,OperatingSource,0,0,1,35,Left,-1,-1,Correct,1,0.967543,1,0,-1.000000,TaskSwitchPedal,0,0.500000,0.200000,,0.100000,5.000000,10.000000,-687853315,335.450769,334.481881,334.483227,335.216700,335.218046,0.001346,336.185589,1,0,4,0,OperatingSource,LiftUp,LiftUp.LoadedRaising,LiftUp,LiftUp.LoadedRaising,1,"{""pedalAxisName"":""TaskSwitchPedal"",""usePlusMinusKeys"":true,""positivePedalKey"":61,""negativePedalKey"":45,""invertPedalAxis"":false,""pressThreshold"":0.5,""releaseThreshold"":0.20000000298023225,""minimumIntervalSeconds"":5.0,""maximumIntervalSeconds"":10.0,""minimumValidReactionSeconds"":0.10000000149011612,""randomSeed"":-687853315}",,0,0.000000,0.967543,CorrectSidePress,1,0,0,-1,Correct,1,0.967543,336.185589,0.967543,0.000000,0,1,PlusMinusKeys,0,1
20261008T075632879Z_43fb7f689c074abeb8b5af4155970dec,,,1,1,TrialFinished,Visual,2026-10-08T08:02:09.0637829Z,336.185589,331.990782,14313,4,0,OperatingSource,0,0,1,35,Left,-1,-1,Correct,1,0.967543,1,0,-1.000000,TaskSwitchPedal,0,0.500000,0.200000,,0.100000,5.000000,10.000000,-687853315,335.450769,334.481881,334.483227,335.216700,335.218046,0.001346,336.185589,0,0,4,0,OperatingSource,LiftUp,LiftUp.LoadedRaising,LiftUp,LiftUp.LoadedRaising,1,"{""pedalAxisName"":""TaskSwitchPedal"",""usePlusMinusKeys"":true,""positivePedalKey"":61,""negativePedalKey"":45,""invertPedalAxis"":false,""pressThreshold"":0.5,""releaseThreshold"":0.20000000298023225,""minimumIntervalSeconds"":5.0,""maximumIntervalSeconds"":10.0,""minimumValidReactionSeconds"":0.10000000149011612,""randomSeed"":-687853315}",,0,0.000000,0.967543,CorrectSidePress,1,0,0,-1,Correct,1,0.967543,336.185589,0.967543,0.000000,0,1,PlusMinusKeys,0,1
20261008T075632879Z_43fb7f689c074abeb8b5af4155970dec,,,1,1,StimulusScheduled,Visual,2026-10-08T08:02:09.0637829Z,336.185959,331.990782,14313,4,0,OperatingSource,0,0,1,36,Left,-1,,,,,0,0,-1.000000,TaskSwitchPedal,0,0.500000,0.200000,,0.100000,5.000000,10.000000,-687853315,335.451139,343.333438,,344.068257,,,,0,0,,,,,,LiftUp,LiftUp.LoadedRaising,1,"{""pedalAxisName"":""TaskSwitchPedal"",""usePlusMinusKeys"":true,""positivePedalKey"":61,""negativePedalKey"":45,""invertPedalAxis"":false,""pressThreshold"":0.5,""releaseThreshold"":0.20000000298023225,""minimumIntervalSeconds"":5.0,""maximumIntervalSeconds"":10.0,""minimumValidReactionSeconds"":0.10000000149011612,""randomSeed"":-687853315}",,0,0.000000,,CorrectSidePress,0,0,0,,,,,,,0.000000,0,1,PlusMinusKeys,0,1
20261008T075632879Z_43fb7f689c074abeb8b5af4155970dec,,,1,1,StimulusOnsetObserved,Visual,2026-10-08T08:02:16.9660643Z,344.088561,339.893400,14596,4,0,OperatingSource,0,0,1,36,Left,-1,,,,,1,0,0.000000,TaskSwitchPedal,0,0.500000,0.200000,,0.100000,5.000000,10.000000,-687853315,343.353742,343.333438,343.353742,344.068257,344.088561,0.020304,,1,0,4,0,OperatingSource,Move2,Move2.DestinationCoarseMove,Move2,Move2.DestinationCoarseMove,1,"{""pedalAxisName"":""TaskSwitchPedal"",""usePlusMinusKeys"":true,""positivePedalKey"":61,""negativePedalKey"":45,""invertPedalAxis"":false,""pressThreshold"":0.5,""releaseThreshold"":0.20000000298023225,""minimumIntervalSeconds"":5.0,""maximumIntervalSeconds"":10.0,""minimumValidReactionSeconds"":0.10000000149011612,""randomSeed"":-687853315}",,0,0.000000,,CorrectSidePress,0,0,0,,,,,,,0.000000,0,0,Axis,0,1
20261008T075632879Z_43fb7f689c074abeb8b5af4155970dec,,,1,1,PedalPressed,Visual,2026-10-08T08:02:18.1395923Z,345.262392,341.067360,14634,5,0,CountingDown,0,0,1,36,Left,-1,-1,Correct,1,1.173831,1,0,-1.000000,TaskSwitchPedal,0,0.500000,0.200000,,0.100000,5.000000,10.000000,-687853315,344.527573,343.333438,343.353742,344.068257,344.088561,0.020304,345.262392,1,0,4,0,OperatingSource,Move2,Move2.DestinationCoarseMove,Move2,Move2.DestinationCoarseMove,1,"{""pedalAxisName"":""TaskSwitchPedal"",""usePlusMinusKeys"":true,""positivePedalKey"":61,""negativePedalKey"":45,""invertPedalAxis"":false,""pressThreshold"":0.5,""releaseThreshold"":0.20000000298023225,""minimumIntervalSeconds"":5.0,""maximumIntervalSeconds"":10.0,""minimumValidReactionSeconds"":0.10000000149011612,""randomSeed"":-687853315}",,0,0.000000,1.173831,CorrectSidePress,1,0,0,-1,Correct,1,1.173831,345.262392,1.173831,0.000000,0,1,PlusMinusKeys,0,1
20261008T075632879Z_43fb7f689c074abeb8b5af4155970dec,,,1,1,TrialFinished,Visual,2026-10-08T08:02:18.1395923Z,345.262392,341.067360,14634,5,0,CountingDown,0,0,1,36,Left,-1,-1,Correct,1,1.173831,1,0,-1.000000,TaskSwitchPedal,0,0.500000,0.200000,,0.100000,5.000000,10.000000,-687853315,344.527573,343.333438,343.353742,344.068257,344.088561,0.020304,345.262392,0,0,4,0,OperatingSource,Move2,Move2.DestinationCoarseMove,Move2,Move2.DestinationCoarseMove,1,"{""pedalAxisName"":""TaskSwitchPedal"",""usePlusMinusKeys"":true,""positivePedalKey"":61,""negativePedalKey"":45,""invertPedalAxis"":false,""pressThreshold"":0.5,""releaseThreshold"":0.20000000298023225,""minimumIntervalSeconds"":5.0,""maximumIntervalSeconds"":10.0,""minimumValidReactionSeconds"":0.10000000149011612,""randomSeed"":-687853315}",,0,0.000000,1.173831,CorrectSidePress,1,0,0,-1,Correct,1,1.173831,345.262392,1.173831,0.000000,0,1,PlusMinusKeys,0,1
20261008T075632879Z_43fb7f689c074abeb8b5af4155970dec,,,1,1,StimulusScheduled,Visual,2026-10-08T08:02:18.1406110Z,345.262775,341.067360,14634,5,0,CountingDown,0,0,1,37,Right,1,,,,,0,0,-1.000000,TaskSwitchPedal,0,0.500000,0.200000,,0.100000,5.000000,10.000000,-687853315,344.527956,353.472702,,354.207521,,,,0,0,,,,,,Move2,Move2.DestinationCoarseMove,1,"{""pedalAxisName"":""TaskSwitchPedal"",""usePlusMinusKeys"":true,""positivePedalKey"":61,""negativePedalKey"":45,""invertPedalAxis"":false,""pressThreshold"":0.5,""releaseThreshold"":0.20000000298023225,""minimumIntervalSeconds"":5.0,""maximumIntervalSeconds"":10.0,""minimumValidReactionSeconds"":0.10000000149011612,""randomSeed"":-687853315}",,0,0.000000,,CorrectSidePress,0,0,0,,,,,,,0.000000,0,1,PlusMinusKeys,0,1
20261008T075632879Z_43fb7f689c074abeb8b5af4155970dec,,,1,1,StimulusOnsetObserved,Visual,2026-10-08T08:02:27.0855358Z,354.208304,350.009968,14971,5,1,OperatingTarget,0,0,1,37,Right,1,,,,,1,0,0.000000,TaskSwitchPedal,0,0.500000,0.200000,,0.100000,5.000000,10.000000,-687853315,353.473484,353.472702,353.473484,354.207521,354.208304,0.000782,,0,1,5,1,OperatingTarget,Move1,Move1.PickupCoarseMove,Move1,Move1.PickupCoarseMove,1,"{""pedalAxisName"":""TaskSwitchPedal"",""usePlusMinusKeys"":true,""positivePedalKey"":61,""negativePedalKey"":45,""invertPedalAxis"":false,""pressThreshold"":0.5,""releaseThreshold"":0.20000000298023225,""minimumIntervalSeconds"":5.0,""maximumIntervalSeconds"":10.0,""minimumValidReactionSeconds"":0.10000000149011612,""randomSeed"":-687853315}",,0,0.000000,,CorrectSidePress,0,0,0,,,,,,,0.000000,0,0,Axis,0,1
20261008T075632879Z_43fb7f689c074abeb8b5af4155970dec,,,1,1,PedalPressed,Visual,2026-10-08T08:02:28.2028912Z,355.327051,351.131567,15018,5,1,OperatingTarget,0,0,1,37,Right,1,1,Correct,1,1.118748,1,0,1.000000,TaskSwitchPedal,0,0.500000,0.200000,,0.100000,5.000000,10.000000,-687853315,354.592232,353.472702,353.473484,354.207521,354.208304,0.000782,355.327051,0,1,5,1,OperatingTarget,Move1,Move1.PickupCoarseMove,Move1,Move1.PickupCoarseMove,1,"{""pedalAxisName"":""TaskSwitchPedal"",""usePlusMinusKeys"":true,""positivePedalKey"":61,""negativePedalKey"":45,""invertPedalAxis"":false,""pressThreshold"":0.5,""releaseThreshold"":0.20000000298023225,""minimumIntervalSeconds"":5.0,""maximumIntervalSeconds"":10.0,""minimumValidReactionSeconds"":0.10000000149011612,""randomSeed"":-687853315}",,0,0.000000,1.118748,CorrectSidePress,1,0,0,1,Correct,1,1.118748,355.327051,1.118748,0.000000,1,0,PlusMinusKeys,0,1
20261008T075632879Z_43fb7f689c074abeb8b5af4155970dec,,,1,1,TrialFinished,Visual,2026-10-08T08:02:28.2044354Z,355.327051,351.131567,15018,5,1,OperatingTarget,0,0,1,37,Right,1,1,Correct,1,1.118748,1,0,1.000000,TaskSwitchPedal,0,0.500000,0.200000,,0.100000,5.000000,10.000000,-687853315,354.592232,353.472702,353.473484,354.207521,354.208304,0.000782,355.327051,0,0,5,1,OperatingTarget,Move1,Move1.PickupCoarseMove,Move1,Move1.PickupCoarseMove,1,"{""pedalAxisName"":""TaskSwitchPedal"",""usePlusMinusKeys"":true,""positivePedalKey"":61,""negativePedalKey"":45,""invertPedalAxis"":false,""pressThreshold"":0.5,""releaseThreshold"":0.20000000298023225,""minimumIntervalSeconds"":5.0,""maximumIntervalSeconds"":10.0,""minimumValidReactionSeconds"":0.10000000149011612,""randomSeed"":-687853315}",,0,0.000000,1.118748,CorrectSidePress,1,0,0,1,Correct,1,1.118748,355.327051,1.118748,0.000000,1,0,PlusMinusKeys,0,1
20261008T075632879Z_43fb7f689c074abeb8b5af4155970dec,,,1,1,StimulusScheduled,Visual,2026-10-08T08:02:28.2044354Z,355.327462,351.131567,15018,5,1,OperatingTarget,0,0,1,38,Right,1,,,,,0,0,1.000000,TaskSwitchPedal,0,0.500000,0.200000,,0.100000,5.000000,10.000000,-687853315,354.592642,362.972691,,363.707511,,,,0,0,,,,,,Move1,Move1.PickupCoarseMove,1,"{""pedalAxisName"":""TaskSwitchPedal"",""usePlusMinusKeys"":true,""positivePedalKey"":61,""negativePedalKey"":45,""invertPedalAxis"":false,""pressThreshold"":0.5,""releaseThreshold"":0.20000000298023225,""minimumIntervalSeconds"":5.0,""maximumIntervalSeconds"":10.0,""minimumValidReactionSeconds"":0.10000000149011612,""randomSeed"":-687853315}",,0,0.000000,,CorrectSidePress,0,0,0,,,,,,,0.000000,1,0,PlusMinusKeys,0,1
20261008T075632879Z_43fb7f689c074abeb8b5af4155970dec,,,1,1,StimulusOnsetObserved,Visual,2026-10-08T08:02:36.5957321Z,363.720504,359.525093,15392,5,1,OperatingTarget,0,0,1,38,Right,1,,,,,1,0,0.000000,TaskSwitchPedal,0,0.500000,0.200000,,0.100000,5.000000,10.000000,-687853315,362.985684,362.972691,362.985684,363.707511,363.720504,0.012993,,0,1,5,1,OperatingTarget,Move1,Move1.PickupFineAlign,Move1,Move1.PickupFineAlign,1,"{""pedalAxisName"":""TaskSwitchPedal"",""usePlusMinusKeys"":true,""positivePedalKey"":61,""negativePedalKey"":45,""invertPedalAxis"":false,""pressThreshold"":0.5,""releaseThreshold"":0.20000000298023225,""minimumIntervalSeconds"":5.0,""maximumIntervalSeconds"":10.0,""minimumValidReactionSeconds"":0.10000000149011612,""randomSeed"":-687853315}",,0,0.000000,,CorrectSidePress,0,0,0,,,,,,,0.000000,0,0,Axis,0,1
20261008T075632879Z_43fb7f689c074abeb8b5af4155970dec,,,1,1,PedalPressed,Visual,2026-10-08T08:02:37.6825759Z,364.806550,360.611412,15436,5,1,OperatingTarget,0,0,1,38,Right,1,1,Correct,1,1.086047,1,0,1.000000,TaskSwitchPedal,0,0.500000,0.200000,,0.100000,5.000000,10.000000,-687853315,364.071731,362.972691,362.985684,363.707511,363.720504,0.012993,364.806550,0,1,5,1,OperatingTarget,Move1,Move1.PickupFineAlign,Move1,Move1.PickupFineAlign,1,"{""pedalAxisName"":""TaskSwitchPedal"",""usePlusMinusKeys"":true,""positivePedalKey"":61,""negativePedalKey"":45,""invertPedalAxis"":false,""pressThreshold"":0.5,""releaseThreshold"":0.20000000298023225,""minimumIntervalSeconds"":5.0,""maximumIntervalSeconds"":10.0,""minimumValidReactionSeconds"":0.10000000149011612,""randomSeed"":-687853315}",,0,0.000000,1.086047,CorrectSidePress,1,0,0,1,Correct,1,1.086047,364.806550,1.086047,0.000000,1,0,PlusMinusKeys,0,1
20261008T075632879Z_43fb7f689c074abeb8b5af4155970dec,,,1,1,TrialFinished,Visual,2026-10-08T08:02:37.6825759Z,364.806550,360.611412,15436,5,1,OperatingTarget,0,0,1,38,Right,1,1,Correct,1,1.086047,1,0,1.000000,TaskSwitchPedal,0,0.500000,0.200000,,0.100000,5.000000,10.000000,-687853315,364.071731,362.972691,362.985684,363.707511,363.720504,0.012993,364.806550,0,0,5,1,OperatingTarget,Move1,Move1.PickupFineAlign,Move1,Move1.PickupFineAlign,1,"{""pedalAxisName"":""TaskSwitchPedal"",""usePlusMinusKeys"":true,""positivePedalKey"":61,""negativePedalKey"":45,""invertPedalAxis"":false,""pressThreshold"":0.5,""releaseThreshold"":0.20000000298023225,""minimumIntervalSeconds"":5.0,""maximumIntervalSeconds"":10.0,""minimumValidReactionSeconds"":0.10000000149011612,""randomSeed"":-687853315}",,0,0.000000,1.086047,CorrectSidePress,1,0,0,1,Correct,1,1.086047,364.806550,1.086047,0.000000,1,0,PlusMinusKeys,0,1
20261008T075632879Z_43fb7f689c074abeb8b5af4155970dec,,,1,1,StimulusScheduled,Visual,2026-10-08T08:02:37.6836005Z,364.807072,360.611412,15436,5,1,OperatingTarget,0,0,1,39,Left,-1,,,,,0,0,1.000000,TaskSwitchPedal,0,0.500000,0.200000,,0.100000,5.000000,10.000000,-687853315,364.072253,369.620122,,370.354941,,,,0,0,,,,,,Move1,Move1.PickupFineAlign,1,"{""pedalAxisName"":""TaskSwitchPedal"",""usePlusMinusKeys"":true,""positivePedalKey"":61,""negativePedalKey"":45,""invertPedalAxis"":false,""pressThreshold"":0.5,""releaseThreshold"":0.20000000298023225,""minimumIntervalSeconds"":5.0,""maximumIntervalSeconds"":10.0,""minimumValidReactionSeconds"":0.10000000149011612,""randomSeed"":-687853315}",,0,0.000000,,CorrectSidePress,0,0,0,,,,,,,0.000000,1,0,PlusMinusKeys,0,1
20261008T075632879Z_43fb7f689c074abeb8b5af4155970dec,,,1,1,StimulusOnsetObserved,Visual,2026-10-08T08:02:43.2508721Z,370.375404,366.177836,15651,5,1,OperatingTarget,0,0,1,39,Left,-1,,,,,1,0,0.000000,TaskSwitchPedal,0,0.500000,0.200000,,0.100000,5.000000,10.000000,-687853315,369.640585,369.620122,369.640585,370.354941,370.375404,0.020463,,1,0,5,1,OperatingTarget,LiftUp,LiftUp.PickupLowering,LiftUp,LiftUp.PickupLowering,1,"{""pedalAxisName"":""TaskSwitchPedal"",""usePlusMinusKeys"":true,""positivePedalKey"":61,""negativePedalKey"":45,""invertPedalAxis"":false,""pressThreshold"":0.5,""releaseThreshold"":0.20000000298023225,""minimumIntervalSeconds"":5.0,""maximumIntervalSeconds"":10.0,""minimumValidReactionSeconds"":0.10000000149011612,""randomSeed"":-687853315}",,0,0.000000,,CorrectSidePress,0,0,0,,,,,,,0.000000,0,0,Axis,0,1
20261008T075632879Z_43fb7f689c074abeb8b5af4155970dec,,,1,1,PedalPressed,Visual,2026-10-08T08:02:44.4777145Z,371.602230,367.406154,15695,5,1,OperatingTarget,0,0,1,39,Left,-1,-1,Correct,1,1.226826,1,0,-1.000000,TaskSwitchPedal,0,0.500000,0.200000,,0.100000,5.000000,10.000000,-687853315,370.867411,369.620122,369.640585,370.354941,370.375404,0.020463,371.602230,1,0,5,1,OperatingTarget,LiftUp,LiftUp.PickupLowering,LiftUp,LiftUp.PickupLowering,1,"{""pedalAxisName"":""TaskSwitchPedal"",""usePlusMinusKeys"":true,""positivePedalKey"":61,""negativePedalKey"":45,""invertPedalAxis"":false,""pressThreshold"":0.5,""releaseThreshold"":0.20000000298023225,""minimumIntervalSeconds"":5.0,""maximumIntervalSeconds"":10.0,""minimumValidReactionSeconds"":0.10000000149011612,""randomSeed"":-687853315}",,0,0.000000,1.226826,CorrectSidePress,1,0,0,-1,Correct,1,1.226826,371.602230,1.226826,0.000000,0,1,PlusMinusKeys,0,1
20261008T075632879Z_43fb7f689c074abeb8b5af4155970dec,,,1,1,TrialFinished,Visual,2026-10-08T08:02:44.4777145Z,371.602230,367.406154,15695,5,1,OperatingTarget,0,0,1,39,Left,-1,-1,Correct,1,1.226826,1,0,-1.000000,TaskSwitchPedal,0,0.500000,0.200000,,0.100000,5.000000,10.000000,-687853315,370.867411,369.620122,369.640585,370.354941,370.375404,0.020463,371.602230,0,0,5,1,OperatingTarget,LiftUp,LiftUp.PickupLowering,LiftUp,LiftUp.PickupLowering,1,"{""pedalAxisName"":""TaskSwitchPedal"",""usePlusMinusKeys"":true,""positivePedalKey"":61,""negativePedalKey"":45,""invertPedalAxis"":false,""pressThreshold"":0.5,""releaseThreshold"":0.20000000298023225,""minimumIntervalSeconds"":5.0,""maximumIntervalSeconds"":10.0,""minimumValidReactionSeconds"":0.10000000149011612,""randomSeed"":-687853315}",,0,0.000000,1.226826,CorrectSidePress,1,0,0,-1,Correct,1,1.226826,371.602230,1.226826,0.000000,0,1,PlusMinusKeys,0,1
20261008T075632879Z_43fb7f689c074abeb8b5af4155970dec,,,1,1,StimulusScheduled,Visual,2026-10-08T08:02:44.4787130Z,371.602633,367.406154,15695,5,1,OperatingTarget,0,0,1,40,Left,-1,,,,,0,0,-1.000000,TaskSwitchPedal,0,0.500000,0.200000,,0.100000,5.000000,10.000000,-687853315,370.867813,377.488847,,378.223666,,,,0,0,,,,,,LiftUp,LiftUp.PickupLowering,1,"{""pedalAxisName"":""TaskSwitchPedal"",""usePlusMinusKeys"":true,""positivePedalKey"":61,""negativePedalKey"":45,""invertPedalAxis"":false,""pressThreshold"":0.5,""releaseThreshold"":0.20000000298023225,""minimumIntervalSeconds"":5.0,""maximumIntervalSeconds"":10.0,""minimumValidReactionSeconds"":0.10000000149011612,""randomSeed"":-687853315}",,0,0.000000,,CorrectSidePress,0,0,0,,,,,,,0.000000,0,1,PlusMinusKeys,0,1
20261008T075632879Z_43fb7f689c074abeb8b5af4155970dec,,,1,1,StimulusOnsetObserved,Visual,2026-10-08T08:02:51.1550532Z,378.279600,374.081169,15915,5,1,OperatingTarget,0,0,1,40,Left,-1,,,,,1,0,0.000000,TaskSwitchPedal,0,0.500000,0.200000,,0.100000,5.000000,10.000000,-687853315,377.544781,377.488847,377.544781,378.223666,378.279600,0.055934,,1,0,5,1,OperatingTarget,LiftUp,LiftUp.LoadedRaising,LiftUp,LiftUp.LoadedRaising,1,"{""pedalAxisName"":""TaskSwitchPedal"",""usePlusMinusKeys"":true,""positivePedalKey"":61,""negativePedalKey"":45,""invertPedalAxis"":false,""pressThreshold"":0.5,""releaseThreshold"":0.20000000298023225,""minimumIntervalSeconds"":5.0,""maximumIntervalSeconds"":10.0,""minimumValidReactionSeconds"":0.10000000149011612,""randomSeed"":-687853315}",,0,0.000000,,CorrectSidePress,0,0,0,,,,,,,0.000000,0,0,Axis,0,1
20261008T075632879Z_43fb7f689c074abeb8b5af4155970dec,,,1,1,PedalPressed,Visual,2026-10-08T08:02:52.0818583Z,379.206910,375.010501,15949,5,1,OperatingTarget,0,0,1,40,Left,-1,-1,Correct,1,0.927309,1,0,-1.000000,TaskSwitchPedal,0,0.500000,0.200000,,0.100000,5.000000,10.000000,-687853315,378.472090,377.488847,377.544781,378.223666,378.279600,0.055934,379.206910,1,0,5,1,OperatingTarget,LiftUp,LiftUp.LoadedRaising,LiftUp,LiftUp.LoadedRaising,1,"{""pedalAxisName"":""TaskSwitchPedal"",""usePlusMinusKeys"":true,""positivePedalKey"":61,""negativePedalKey"":45,""invertPedalAxis"":false,""pressThreshold"":0.5,""releaseThreshold"":0.20000000298023225,""minimumIntervalSeconds"":5.0,""maximumIntervalSeconds"":10.0,""minimumValidReactionSeconds"":0.10000000149011612,""randomSeed"":-687853315}",,0,0.000000,0.927309,CorrectSidePress,1,0,0,-1,Correct,1,0.927309,379.206910,0.927309,0.000000,0,1,PlusMinusKeys,0,1
20261008T075632879Z_43fb7f689c074abeb8b5af4155970dec,,,1,1,TrialFinished,Visual,2026-10-08T08:02:52.0828819Z,379.206910,375.010501,15949,5,1,OperatingTarget,0,0,1,40,Left,-1,-1,Correct,1,0.927309,1,0,-1.000000,TaskSwitchPedal,0,0.500000,0.200000,,0.100000,5.000000,10.000000,-687853315,378.472090,377.488847,377.544781,378.223666,378.279600,0.055934,379.206910,0,0,5,1,OperatingTarget,LiftUp,LiftUp.LoadedRaising,LiftUp,LiftUp.LoadedRaising,1,"{""pedalAxisName"":""TaskSwitchPedal"",""usePlusMinusKeys"":true,""positivePedalKey"":61,""negativePedalKey"":45,""invertPedalAxis"":false,""pressThreshold"":0.5,""releaseThreshold"":0.20000000298023225,""minimumIntervalSeconds"":5.0,""maximumIntervalSeconds"":10.0,""minimumValidReactionSeconds"":0.10000000149011612,""randomSeed"":-687853315}",,0,0.000000,0.927309,CorrectSidePress,1,0,0,-1,Correct,1,0.927309,379.206910,0.927309,0.000000,0,1,PlusMinusKeys,0,1
20261008T075632879Z_43fb7f689c074abeb8b5af4155970dec,,,1,1,StimulusScheduled,Visual,2026-10-08T08:02:52.0828819Z,379.207594,375.010501,15949,5,1,OperatingTarget,0,0,1,41,Left,-1,,,,,0,0,-1.000000,TaskSwitchPedal,0,0.500000,0.200000,,0.100000,5.000000,10.000000,-687853315,378.472774,385.387021,,386.121840,,,,0,0,,,,,,LiftUp,LiftUp.LoadedRaising,1,"{""pedalAxisName"":""TaskSwitchPedal"",""usePlusMinusKeys"":true,""positivePedalKey"":61,""negativePedalKey"":45,""invertPedalAxis"":false,""pressThreshold"":0.5,""releaseThreshold"":0.20000000298023225,""minimumIntervalSeconds"":5.0,""maximumIntervalSeconds"":10.0,""minimumValidReactionSeconds"":0.10000000149011612,""randomSeed"":-687853315}",,0,0.000000,,CorrectSidePress,0,0,0,,,,,,,0.000000,0,1,PlusMinusKeys,0,1
20261008T075632879Z_43fb7f689c074abeb8b5af4155970dec,,,1,1,StimulusOnsetObserved,Visual,2026-10-08T08:02:58.9986931Z,386.124593,381.929208,16196,5,0,OperatingSource,0,0,1,41,Left,-1,,,,,1,0,0.000000,TaskSwitchPedal,0,0.500000,0.200000,,0.100000,5.000000,10.000000,-687853315,385.389774,385.387021,385.389774,386.121840,386.124593,0.002753,,1,0,5,0,OperatingSource,Move2,Move2.DestinationCoarseMove,Move2,Move2.DestinationCoarseMove,1,"{""pedalAxisName"":""TaskSwitchPedal"",""usePlusMinusKeys"":true,""positivePedalKey"":61,""negativePedalKey"":45,""invertPedalAxis"":false,""pressThreshold"":0.5,""releaseThreshold"":0.20000000298023225,""minimumIntervalSeconds"":5.0,""maximumIntervalSeconds"":10.0,""minimumValidReactionSeconds"":0.10000000149011612,""randomSeed"":-687853315}",,0,0.000000,,CorrectSidePress,0,0,0,,,,,,,0.000000,0,0,Axis,0,1
20261008T075632879Z_43fb7f689c074abeb8b5af4155970dec,,,1,1,PedalPressed,Visual,2026-10-08T08:02:59.9623994Z,387.087562,382.892391,16229,5,0,OperatingSource,0,0,1,41,Left,-1,-1,Correct,1,0.962968,1,0,-1.000000,TaskSwitchPedal,0,0.500000,0.200000,,0.100000,5.000000,10.000000,-687853315,386.352743,385.387021,385.389774,386.121840,386.124593,0.002753,387.087562,1,0,5,0,OperatingSource,Move2,Move2.DestinationCoarseMove,Move2,Move2.DestinationCoarseMove,1,"{""pedalAxisName"":""TaskSwitchPedal"",""usePlusMinusKeys"":true,""positivePedalKey"":61,""negativePedalKey"":45,""invertPedalAxis"":false,""pressThreshold"":0.5,""releaseThreshold"":0.20000000298023225,""minimumIntervalSeconds"":5.0,""maximumIntervalSeconds"":10.0,""minimumValidReactionSeconds"":0.10000000149011612,""randomSeed"":-687853315}",,0,0.000000,0.962968,CorrectSidePress,1,0,0,-1,Correct,1,0.962968,387.087562,0.962968,0.000000,0,1,PlusMinusKeys,0,1
20261008T075632879Z_43fb7f689c074abeb8b5af4155970dec,,,1,1,TrialFinished,Visual,2026-10-08T08:02:59.9623994Z,387.087562,382.892391,16229,5,0,OperatingSource,0,0,1,41,Left,-1,-1,Correct,1,0.962968,1,0,-1.000000,TaskSwitchPedal,0,0.500000,0.200000,,0.100000,5.000000,10.000000,-687853315,386.352743,385.387021,385.389774,386.121840,386.124593,0.002753,387.087562,0,0,5,0,OperatingSource,Move2,Move2.DestinationCoarseMove,Move2,Move2.DestinationCoarseMove,1,"{""pedalAxisName"":""TaskSwitchPedal"",""usePlusMinusKeys"":true,""positivePedalKey"":61,""negativePedalKey"":45,""invertPedalAxis"":false,""pressThreshold"":0.5,""releaseThreshold"":0.20000000298023225,""minimumIntervalSeconds"":5.0,""maximumIntervalSeconds"":10.0,""minimumValidReactionSeconds"":0.10000000149011612,""randomSeed"":-687853315}",,0,0.000000,0.962968,CorrectSidePress,1,0,0,-1,Correct,1,0.962968,387.087562,0.962968,0.000000,0,1,PlusMinusKeys,0,1
20261008T075632879Z_43fb7f689c074abeb8b5af4155970dec,,,1,1,StimulusScheduled,Visual,2026-10-08T08:02:59.9623994Z,387.087953,382.892391,16229,5,0,OperatingSource,0,0,1,42,Left,-1,,,,,0,0,-1.000000,TaskSwitchPedal,0,0.500000,0.200000,,0.100000,5.000000,10.000000,-687853315,386.353133,395.681788,,396.416607,,,,0,0,,,,,,Move2,Move2.DestinationCoarseMove,1,"{""pedalAxisName"":""TaskSwitchPedal"",""usePlusMinusKeys"":true,""positivePedalKey"":61,""negativePedalKey"":45,""invertPedalAxis"":false,""pressThreshold"":0.5,""releaseThreshold"":0.20000000298023225,""minimumIntervalSeconds"":5.0,""maximumIntervalSeconds"":10.0,""minimumValidReactionSeconds"":0.10000000149011612,""randomSeed"":-687853315}",,0,0.000000,,CorrectSidePress,0,0,0,,,,,,,0.000000,0,1,PlusMinusKeys,0,1
20261008T075632879Z_43fb7f689c074abeb8b5af4155970dec,,,1,1,StimulusOnsetObserved,Visual,2026-10-08T08:03:09.2985190Z,396.425136,392.229604,16539,5,0,OperatingSource,0,0,1,42,Left,-1,,,,,1,0,0.000000,TaskSwitchPedal,0,0.500000,0.200000,,0.100000,5.000000,10.000000,-687853315,395.690317,395.681788,395.690317,396.416607,396.425136,0.008529,,1,0,5,0,OperatingSource,Place,Place.PlacementLowering,Place,Place.PlacementLowering,1,"{""pedalAxisName"":""TaskSwitchPedal"",""usePlusMinusKeys"":true,""positivePedalKey"":61,""negativePedalKey"":45,""invertPedalAxis"":false,""pressThreshold"":0.5,""releaseThreshold"":0.20000000298023225,""minimumIntervalSeconds"":5.0,""maximumIntervalSeconds"":10.0,""minimumValidReactionSeconds"":0.10000000149011612,""randomSeed"":-687853315}",,0,0.000000,,CorrectSidePress,0,0,0,,,,,,,0.000000,0,0,Axis,0,1
20261008T075632879Z_43fb7f689c074abeb8b5af4155970dec,,,1,1,PedalPressed,Visual,2026-10-08T08:03:10.5567405Z,397.683200,393.484175,16579,5,0,OperatingSource,0,0,1,42,Left,-1,-1,Correct,1,1.258064,1,0,-1.000000,TaskSwitchPedal,0,0.500000,0.200000,,0.100000,5.000000,10.000000,-687853315,396.948381,395.681788,395.690317,396.416607,396.425136,0.008529,397.683200,1,0,5,0,OperatingSource,Place,Place.PlacementLowering,Place,Place.PlacementLowering,1,"{""pedalAxisName"":""TaskSwitchPedal"",""usePlusMinusKeys"":true,""positivePedalKey"":61,""negativePedalKey"":45,""invertPedalAxis"":false,""pressThreshold"":0.5,""releaseThreshold"":0.20000000298023225,""minimumIntervalSeconds"":5.0,""maximumIntervalSeconds"":10.0,""minimumValidReactionSeconds"":0.10000000149011612,""randomSeed"":-687853315}",,0,0.000000,1.258064,CorrectSidePress,1,0,0,-1,Correct,1,1.258064,397.683200,1.258064,0.000000,0,1,PlusMinusKeys,0,1
20261008T075632879Z_43fb7f689c074abeb8b5af4155970dec,,,1,1,TrialFinished,Visual,2026-10-08T08:03:10.5567405Z,397.683200,393.484175,16579,5,0,OperatingSource,0,0,1,42,Left,-1,-1,Correct,1,1.258064,1,0,-1.000000,TaskSwitchPedal,0,0.500000,0.200000,,0.100000,5.000000,10.000000,-687853315,396.948381,395.681788,395.690317,396.416607,396.425136,0.008529,397.683200,0,0,5,0,OperatingSource,Place,Place.PlacementLowering,Place,Place.PlacementLowering,1,"{""pedalAxisName"":""TaskSwitchPedal"",""usePlusMinusKeys"":true,""positivePedalKey"":61,""negativePedalKey"":45,""invertPedalAxis"":false,""pressThreshold"":0.5,""releaseThreshold"":0.20000000298023225,""minimumIntervalSeconds"":5.0,""maximumIntervalSeconds"":10.0,""minimumValidReactionSeconds"":0.10000000149011612,""randomSeed"":-687853315}",,0,0.000000,1.258064,CorrectSidePress,1,0,0,-1,Correct,1,1.258064,397.683200,1.258064,0.000000,0,1,PlusMinusKeys,0,1
20261008T075632879Z_43fb7f689c074abeb8b5af4155970dec,,,1,1,StimulusScheduled,Visual,2026-10-08T08:03:10.5567405Z,397.683549,393.484175,16579,5,0,OperatingSource,0,0,1,43,Left,-1,,,,,0,0,-1.000000,TaskSwitchPedal,0,0.500000,0.200000,,0.100000,5.000000,10.000000,-687853315,396.948730,404.057042,,404.791861,,,,0,0,,,,,,Place,Place.PlacementLowering,1,"{""pedalAxisName"":""TaskSwitchPedal"",""usePlusMinusKeys"":true,""positivePedalKey"":61,""negativePedalKey"":45,""invertPedalAxis"":false,""pressThreshold"":0.5,""releaseThreshold"":0.20000000298023225,""minimumIntervalSeconds"":5.0,""maximumIntervalSeconds"":10.0,""minimumValidReactionSeconds"":0.10000000149011612,""randomSeed"":-687853315}",,0,0.000000,,CorrectSidePress,0,0,0,,,,,,,0.000000,0,1,PlusMinusKeys,0,1
20261008T075632879Z_43fb7f689c074abeb8b5af4155970dec,,,1,1,StimulusOnsetObserved,Visual,2026-10-08T08:03:17.6821309Z,404.808821,400.613295,16836,5,0,OperatingSource,0,0,1,43,Left,-1,,,,,1,0,0.000000,TaskSwitchPedal,0,0.500000,0.200000,,0.100000,5.000000,10.000000,-687853315,404.074002,404.057042,404.074002,404.791861,404.808821,0.016961,,1,0,5,0,OperatingSource,Place,Place.PostPlacementRaising,Place,Place.PostPlacementRaising,1,"{""pedalAxisName"":""TaskSwitchPedal"",""usePlusMinusKeys"":true,""positivePedalKey"":61,""negativePedalKey"":45,""invertPedalAxis"":false,""pressThreshold"":0.5,""releaseThreshold"":0.20000000298023225,""minimumIntervalSeconds"":5.0,""maximumIntervalSeconds"":10.0,""minimumValidReactionSeconds"":0.10000000149011612,""randomSeed"":-687853315}",,0,0.000000,,CorrectSidePress,0,0,0,,,,,,,0.000000,0,0,Axis,0,1
20261008T075632879Z_43fb7f689c074abeb8b5af4155970dec,,,1,1,PedalPressed,Visual,2026-10-08T08:03:18.7790361Z,405.905495,401.710389,16884,5,0,OperatingSource,0,0,1,43,Left,-1,-1,Correct,1,1.096674,1,0,-1.000000,TaskSwitchPedal,0,0.500000,0.200000,,0.100000,5.000000,10.000000,-687853315,405.170676,404.057042,404.074002,404.791861,404.808821,0.016961,405.905495,1,0,5,0,OperatingSource,Place,Place.PostPlacementRaising,Place,Place.PostPlacementRaising,1,"{""pedalAxisName"":""TaskSwitchPedal"",""usePlusMinusKeys"":true,""positivePedalKey"":61,""negativePedalKey"":45,""invertPedalAxis"":false,""pressThreshold"":0.5,""releaseThreshold"":0.20000000298023225,""minimumIntervalSeconds"":5.0,""maximumIntervalSeconds"":10.0,""minimumValidReactionSeconds"":0.10000000149011612,""randomSeed"":-687853315}",,0,0.000000,1.096674,CorrectSidePress,1,0,0,-1,Correct,1,1.096674,405.905495,1.096674,0.000000,0,1,PlusMinusKeys,0,1
20261008T075632879Z_43fb7f689c074abeb8b5af4155970dec,,,1,1,TrialFinished,Visual,2026-10-08T08:03:18.7795444Z,405.905495,401.710389,16884,5,0,OperatingSource,0,0,1,43,Left,-1,-1,Correct,1,1.096674,1,0,-1.000000,TaskSwitchPedal,0,0.500000,0.200000,,0.100000,5.000000,10.000000,-687853315,405.170676,404.057042,404.074002,404.791861,404.808821,0.016961,405.905495,0,0,5,0,OperatingSource,Place,Place.PostPlacementRaising,Place,Place.PostPlacementRaising,1,"{""pedalAxisName"":""TaskSwitchPedal"",""usePlusMinusKeys"":true,""positivePedalKey"":61,""negativePedalKey"":45,""invertPedalAxis"":false,""pressThreshold"":0.5,""releaseThreshold"":0.20000000298023225,""minimumIntervalSeconds"":5.0,""maximumIntervalSeconds"":10.0,""minimumValidReactionSeconds"":0.10000000149011612,""randomSeed"":-687853315}",,0,0.000000,1.096674,CorrectSidePress,1,0,0,-1,Correct,1,1.096674,405.905495,1.096674,0.000000,0,1,PlusMinusKeys,0,1
20261008T075632879Z_43fb7f689c074abeb8b5af4155970dec,,,1,1,StimulusScheduled,Visual,2026-10-08T08:03:18.7795444Z,405.905941,401.710389,16884,5,0,OperatingSource,0,0,1,44,Left,-1,,,,,0,0,-1.000000,TaskSwitchPedal,0,0.500000,0.200000,,0.100000,5.000000,10.000000,-687853315,405.171122,412.026008,,412.760828,,,,0,0,,,,,,Place,Place.PostPlacementRaising,1,"{""pedalAxisName"":""TaskSwitchPedal"",""usePlusMinusKeys"":true,""positivePedalKey"":61,""negativePedalKey"":45,""invertPedalAxis"":false,""pressThreshold"":0.5,""releaseThreshold"":0.20000000298023225,""minimumIntervalSeconds"":5.0,""maximumIntervalSeconds"":10.0,""minimumValidReactionSeconds"":0.10000000149011612,""randomSeed"":-687853315}",,0,0.000000,,CorrectSidePress,0,0,0,,,,,,,0.000000,0,1,PlusMinusKeys,0,1
20261008T075632879Z_43fb7f689c074abeb8b5af4155970dec,,,1,1,StimulusOnsetObserved,Visual,2026-10-08T08:03:25.6386645Z,412.765694,408.570991,17180,5,0,OperatingSource,0,0,1,44,Left,-1,,,,,1,0,0.000000,TaskSwitchPedal,0,0.500000,0.200000,,0.100000,5.000000,10.000000,-687853315,412.030875,412.026008,412.030875,412.760828,412.765694,0.004867,,1,0,5,0,OperatingSource,Move1,Move1.PickupCoarseMove,Move1,Move1.PickupCoarseMove,1,"{""pedalAxisName"":""TaskSwitchPedal"",""usePlusMinusKeys"":true,""positivePedalKey"":61,""negativePedalKey"":45,""invertPedalAxis"":false,""pressThreshold"":0.5,""releaseThreshold"":0.20000000298023225,""minimumIntervalSeconds"":5.0,""maximumIntervalSeconds"":10.0,""minimumValidReactionSeconds"":0.10000000149011612,""randomSeed"":-687853315}",,0,0.000000,,CorrectSidePress,0,0,0,,,,,,,0.000000,0,0,Axis,0,1
20261008T075632879Z_43fb7f689c074abeb8b5af4155970dec,,,1,1,PedalPressed,Visual,2026-10-08T08:03:26.6825634Z,413.810354,409.614880,17226,5,0,OperatingSource,0,0,1,44,Left,-1,-1,Correct,1,1.044660,1,0,-1.000000,TaskSwitchPedal,0,0.500000,0.200000,,0.100000,5.000000,10.000000,-687853315,413.075535,412.026008,412.030875,412.760828,412.765694,0.004867,413.810354,1,0,5,0,OperatingSource,Move1,Move1.PickupCoarseMove,Move1,Move1.PickupCoarseMove,1,"{""pedalAxisName"":""TaskSwitchPedal"",""usePlusMinusKeys"":true,""positivePedalKey"":61,""negativePedalKey"":45,""invertPedalAxis"":false,""pressThreshold"":0.5,""releaseThreshold"":0.20000000298023225,""minimumIntervalSeconds"":5.0,""maximumIntervalSeconds"":10.0,""minimumValidReactionSeconds"":0.10000000149011612,""randomSeed"":-687853315}",,0,0.000000,1.044660,CorrectSidePress,1,0,0,-1,Correct,1,1.044660,413.810354,1.044660,0.000000,0,1,PlusMinusKeys,0,1
20261008T075632879Z_43fb7f689c074abeb8b5af4155970dec,,,1,1,TrialFinished,Visual,2026-10-08T08:03:26.6825634Z,413.810354,409.614880,17226,5,0,OperatingSource,0,0,1,44,Left,-1,-1,Correct,1,1.044660,1,0,-1.000000,TaskSwitchPedal,0,0.500000,0.200000,,0.100000,5.000000,10.000000,-687853315,413.075535,412.026008,412.030875,412.760828,412.765694,0.004867,413.810354,0,0,5,0,OperatingSource,Move1,Move1.PickupCoarseMove,Move1,Move1.PickupCoarseMove,1,"{""pedalAxisName"":""TaskSwitchPedal"",""usePlusMinusKeys"":true,""positivePedalKey"":61,""negativePedalKey"":45,""invertPedalAxis"":false,""pressThreshold"":0.5,""releaseThreshold"":0.20000000298023225,""minimumIntervalSeconds"":5.0,""maximumIntervalSeconds"":10.0,""minimumValidReactionSeconds"":0.10000000149011612,""randomSeed"":-687853315}",,0,0.000000,1.044660,CorrectSidePress,1,0,0,-1,Correct,1,1.044660,413.810354,1.044660,0.000000,0,1,PlusMinusKeys,0,1
20261008T075632879Z_43fb7f689c074abeb8b5af4155970dec,,,1,1,StimulusScheduled,Visual,2026-10-08T08:03:26.6840483Z,413.810693,409.614880,17226,5,0,OperatingSource,0,0,1,45,Left,-1,,,,,0,0,-1.000000,TaskSwitchPedal,0,0.500000,0.200000,,0.100000,5.000000,10.000000,-687853315,413.075874,422.103258,,422.838077,,,,0,0,,,,,,Move1,Move1.PickupCoarseMove,1,"{""pedalAxisName"":""TaskSwitchPedal"",""usePlusMinusKeys"":true,""positivePedalKey"":61,""negativePedalKey"":45,""invertPedalAxis"":false,""pressThreshold"":0.5,""releaseThreshold"":0.20000000298023225,""minimumIntervalSeconds"":5.0,""maximumIntervalSeconds"":10.0,""minimumValidReactionSeconds"":0.10000000149011612,""randomSeed"":-687853315}",,0,0.000000,,CorrectSidePress,0,0,0,,,,,,,0.000000,0,1,PlusMinusKeys,0,1
20261008T075632879Z_43fb7f689c074abeb8b5af4155970dec,,,1,1,StimulusOnsetObserved,Visual,2026-10-08T08:03:35.7201949Z,422.848080,418.652992,17623,5,0,OperatingSource,0,0,1,45,Left,-1,,,,,1,0,0.000000,TaskSwitchPedal,0,0.500000,0.200000,,0.100000,5.000000,10.000000,-687853315,422.113260,422.103258,422.113260,422.838077,422.848080,0.010002,,1,0,5,0,OperatingSource,Move1,Move1.PickupCoarseMove,Move1,Move1.PickupCoarseMove,1,"{""pedalAxisName"":""TaskSwitchPedal"",""usePlusMinusKeys"":true,""positivePedalKey"":61,""negativePedalKey"":45,""invertPedalAxis"":false,""pressThreshold"":0.5,""releaseThreshold"":0.20000000298023225,""minimumIntervalSeconds"":5.0,""maximumIntervalSeconds"":10.0,""minimumValidReactionSeconds"":0.10000000149011612,""randomSeed"":-687853315}",,0,0.000000,,CorrectSidePress,0,0,0,,,,,,,0.000000,0,0,Axis,0,1
20261008T075632879Z_43fb7f689c074abeb8b5af4155970dec,,,1,1,PedalPressed,Visual,2026-10-08T08:03:36.6963612Z,423.824431,419.629212,17665,5,0,OperatingSource,0,0,1,45,Left,-1,-1,Correct,1,0.976351,1,0,-1.000000,TaskSwitchPedal,0,0.500000,0.200000,,0.100000,5.000000,10.000000,-687853315,423.089612,422.103258,422.113260,422.838077,422.848080,0.010002,423.824431,1,0,5,0,OperatingSource,Move1,Move1.PickupCoarseMove,Move1,Move1.PickupCoarseMove,1,"{""pedalAxisName"":""TaskSwitchPedal"",""usePlusMinusKeys"":true,""positivePedalKey"":61,""negativePedalKey"":45,""invertPedalAxis"":false,""pressThreshold"":0.5,""releaseThreshold"":0.20000000298023225,""minimumIntervalSeconds"":5.0,""maximumIntervalSeconds"":10.0,""minimumValidReactionSeconds"":0.10000000149011612,""randomSeed"":-687853315}",,0,0.000000,0.976351,CorrectSidePress,1,0,0,-1,Correct,1,0.976351,423.824431,0.976351,0.000000,0,1,PlusMinusKeys,0,1
20261008T075632879Z_43fb7f689c074abeb8b5af4155970dec,,,1,1,TrialFinished,Visual,2026-10-08T08:03:36.6963612Z,423.824431,419.629212,17665,5,0,OperatingSource,0,0,1,45,Left,-1,-1,Correct,1,0.976351,1,0,-1.000000,TaskSwitchPedal,0,0.500000,0.200000,,0.100000,5.000000,10.000000,-687853315,423.089612,422.103258,422.113260,422.838077,422.848080,0.010002,423.824431,0,0,5,0,OperatingSource,Move1,Move1.PickupCoarseMove,Move1,Move1.PickupCoarseMove,1,"{""pedalAxisName"":""TaskSwitchPedal"",""usePlusMinusKeys"":true,""positivePedalKey"":61,""negativePedalKey"":45,""invertPedalAxis"":false,""pressThreshold"":0.5,""releaseThreshold"":0.20000000298023225,""minimumIntervalSeconds"":5.0,""maximumIntervalSeconds"":10.0,""minimumValidReactionSeconds"":0.10000000149011612,""randomSeed"":-687853315}",,0,0.000000,0.976351,CorrectSidePress,1,0,0,-1,Correct,1,0.976351,423.824431,0.976351,0.000000,0,1,PlusMinusKeys,0,1
20261008T075632879Z_43fb7f689c074abeb8b5af4155970dec,,,1,1,StimulusScheduled,Visual,2026-10-08T08:03:36.6974742Z,423.824899,419.629212,17665,5,0,OperatingSource,0,0,1,46,Left,-1,,,,,0,0,-1.000000,TaskSwitchPedal,0,0.500000,0.200000,,0.100000,5.000000,10.000000,-687853315,423.090080,428.953781,,429.688600,,,,0,0,,,,,,Move1,Move1.PickupCoarseMove,1,"{""pedalAxisName"":""TaskSwitchPedal"",""usePlusMinusKeys"":true,""positivePedalKey"":61,""negativePedalKey"":45,""invertPedalAxis"":false,""pressThreshold"":0.5,""releaseThreshold"":0.20000000298023225,""minimumIntervalSeconds"":5.0,""maximumIntervalSeconds"":10.0,""minimumValidReactionSeconds"":0.10000000149011612,""randomSeed"":-687853315}",,0,0.000000,,CorrectSidePress,0,0,0,,,,,,,0.000000,0,1,PlusMinusKeys,0,1
20261008T075632879Z_43fb7f689c074abeb8b5af4155970dec,,,1,1,StimulusOnsetObserved,Visual,2026-10-08T08:03:42.5769000Z,429.704828,425.509001,17894,5,0,OperatingSource,0,0,1,46,Left,-1,,,,,1,0,0.000000,TaskSwitchPedal,0,0.500000,0.200000,,0.100000,5.000000,10.000000,-687853315,428.970008,428.953781,428.970008,429.688600,429.704828,0.016228,,1,0,5,0,OperatingSource,LiftUp,LiftUp.PickupLowering,LiftUp,LiftUp.PickupLowering,1,"{""pedalAxisName"":""TaskSwitchPedal"",""usePlusMinusKeys"":true,""positivePedalKey"":61,""negativePedalKey"":45,""invertPedalAxis"":false,""pressThreshold"":0.5,""releaseThreshold"":0.20000000298023225,""minimumIntervalSeconds"":5.0,""maximumIntervalSeconds"":10.0,""minimumValidReactionSeconds"":0.10000000149011612,""randomSeed"":-687853315}",,0,0.000000,,CorrectSidePress,0,0,0,,,,,,,0.000000,0,0,Axis,0,1
20261008T075632879Z_43fb7f689c074abeb8b5af4155970dec,,,1,1,PedalPressed,Visual,2026-10-08T08:03:43.6736155Z,430.801956,426.606738,17930,5,0,OperatingSource,0,0,1,46,Left,-1,-1,Correct,1,1.097128,1,0,-1.000000,TaskSwitchPedal,0,0.500000,0.200000,,0.100000,5.000000,10.000000,-687853315,430.067136,428.953781,428.970008,429.688600,429.704828,0.016228,430.801956,1,0,5,0,OperatingSource,LiftUp,LiftUp.PickupLowering,LiftUp,LiftUp.PickupLowering,1,"{""pedalAxisName"":""TaskSwitchPedal"",""usePlusMinusKeys"":true,""positivePedalKey"":61,""negativePedalKey"":45,""invertPedalAxis"":false,""pressThreshold"":0.5,""releaseThreshold"":0.20000000298023225,""minimumIntervalSeconds"":5.0,""maximumIntervalSeconds"":10.0,""minimumValidReactionSeconds"":0.10000000149011612,""randomSeed"":-687853315}",,0,0.000000,1.097128,CorrectSidePress,1,0,0,-1,Correct,1,1.097128,430.801956,1.097128,0.000000,0,1,PlusMinusKeys,0,1
20261008T075632879Z_43fb7f689c074abeb8b5af4155970dec,,,1,1,TrialFinished,Visual,2026-10-08T08:03:43.6736155Z,430.801956,426.606738,17930,5,0,OperatingSource,0,0,1,46,Left,-1,-1,Correct,1,1.097128,1,0,-1.000000,TaskSwitchPedal,0,0.500000,0.200000,,0.100000,5.000000,10.000000,-687853315,430.067136,428.953781,428.970008,429.688600,429.704828,0.016228,430.801956,0,0,5,0,OperatingSource,LiftUp,LiftUp.PickupLowering,LiftUp,LiftUp.PickupLowering,1,"{""pedalAxisName"":""TaskSwitchPedal"",""usePlusMinusKeys"":true,""positivePedalKey"":61,""negativePedalKey"":45,""invertPedalAxis"":false,""pressThreshold"":0.5,""releaseThreshold"":0.20000000298023225,""minimumIntervalSeconds"":5.0,""maximumIntervalSeconds"":10.0,""minimumValidReactionSeconds"":0.10000000149011612,""randomSeed"":-687853315}",,0,0.000000,1.097128,CorrectSidePress,1,0,0,-1,Correct,1,1.097128,430.801956,1.097128,0.000000,0,1,PlusMinusKeys,0,1
20261008T075632879Z_43fb7f689c074abeb8b5af4155970dec,,,1,1,StimulusScheduled,Visual,2026-10-08T08:03:43.6746156Z,430.802472,426.606738,17930,5,0,OperatingSource,0,0,1,47,Left,-1,,,,,0,0,-1.000000,TaskSwitchPedal,0,0.500000,0.200000,,0.100000,5.000000,10.000000,-687853315,430.067653,435.843919,,436.578739,,,,0,0,,,,,,LiftUp,LiftUp.PickupLowering,1,"{""pedalAxisName"":""TaskSwitchPedal"",""usePlusMinusKeys"":true,""positivePedalKey"":61,""negativePedalKey"":45,""invertPedalAxis"":false,""pressThreshold"":0.5,""releaseThreshold"":0.20000000298023225,""minimumIntervalSeconds"":5.0,""maximumIntervalSeconds"":10.0,""minimumValidReactionSeconds"":0.10000000149011612,""randomSeed"":-687853315}",,0,0.000000,,CorrectSidePress,0,0,0,,,,,,,0.000000,0,1,PlusMinusKeys,0,1
20261008T075632879Z_43fb7f689c074abeb8b5af4155970dec,,,1,1,StimulusOnsetObserved,Visual,2026-10-08T08:03:49.4511481Z,436.579740,432.384564,18117,5,0,OperatingSource,0,0,1,47,Left,-1,,,,,1,0,0.000000,TaskSwitchPedal,0,0.500000,0.200000,,0.100000,5.000000,10.000000,-687853315,435.844920,435.843919,435.844920,436.578739,436.579740,0.001001,,1,0,5,0,OperatingSource,LiftUp,LiftUp.LoadAcquisition,LiftUp,LiftUp.LoadAcquisition,1,"{""pedalAxisName"":""TaskSwitchPedal"",""usePlusMinusKeys"":true,""positivePedalKey"":61,""negativePedalKey"":45,""invertPedalAxis"":false,""pressThreshold"":0.5,""releaseThreshold"":0.20000000298023225,""minimumIntervalSeconds"":5.0,""maximumIntervalSeconds"":10.0,""minimumValidReactionSeconds"":0.10000000149011612,""randomSeed"":-687853315}",,0,0.000000,,CorrectSidePress,0,0,0,,,,,,,0.000000,0,0,Axis,0,1
20261008T075632879Z_43fb7f689c074abeb8b5af4155970dec,,,1,1,PedalPressed,Visual,2026-10-08T08:03:50.6050064Z,437.733673,433.537361,18154,5,0,OperatingSource,0,0,1,47,Left,-1,-1,Correct,1,1.153933,1,0,-1.000000,TaskSwitchPedal,0,0.500000,0.200000,,0.100000,5.000000,10.000000,-687853315,436.998854,435.843919,435.844920,436.578739,436.579740,0.001001,437.733673,1,0,5,0,OperatingSource,LiftUp,LiftUp.LoadAcquisition,LiftUp,LiftUp.LoadAcquisition,1,"{""pedalAxisName"":""TaskSwitchPedal"",""usePlusMinusKeys"":true,""positivePedalKey"":61,""negativePedalKey"":45,""invertPedalAxis"":false,""pressThreshold"":0.5,""releaseThreshold"":0.20000000298023225,""minimumIntervalSeconds"":5.0,""maximumIntervalSeconds"":10.0,""minimumValidReactionSeconds"":0.10000000149011612,""randomSeed"":-687853315}",,0,0.000000,1.153933,CorrectSidePress,1,0,0,-1,Correct,1,1.153933,437.733673,1.153933,0.000000,0,1,PlusMinusKeys,0,1
20261008T075632879Z_43fb7f689c074abeb8b5af4155970dec,,,1,1,TrialFinished,Visual,2026-10-08T08:03:50.6055153Z,437.733673,433.537361,18154,5,0,OperatingSource,0,0,1,47,Left,-1,-1,Correct,1,1.153933,1,0,-1.000000,TaskSwitchPedal,0,0.500000,0.200000,,0.100000,5.000000,10.000000,-687853315,436.998854,435.843919,435.844920,436.578739,436.579740,0.001001,437.733673,0,0,5,0,OperatingSource,LiftUp,LiftUp.LoadAcquisition,LiftUp,LiftUp.LoadAcquisition,1,"{""pedalAxisName"":""TaskSwitchPedal"",""usePlusMinusKeys"":true,""positivePedalKey"":61,""negativePedalKey"":45,""invertPedalAxis"":false,""pressThreshold"":0.5,""releaseThreshold"":0.20000000298023225,""minimumIntervalSeconds"":5.0,""maximumIntervalSeconds"":10.0,""minimumValidReactionSeconds"":0.10000000149011612,""randomSeed"":-687853315}",,0,0.000000,1.153933,CorrectSidePress,1,0,0,-1,Correct,1,1.153933,437.733673,1.153933,0.000000,0,1,PlusMinusKeys,0,1
20261008T075632879Z_43fb7f689c074abeb8b5af4155970dec,,,1,1,StimulusScheduled,Visual,2026-10-08T08:03:50.6055153Z,437.734187,433.537361,18154,5,0,OperatingSource,0,0,1,48,Right,1,,,,,0,0,-1.000000,TaskSwitchPedal,0,0.500000,0.200000,,0.100000,5.000000,10.000000,-687853315,436.999368,443.883483,,444.618303,,,,0,0,,,,,,LiftUp,LiftUp.LoadAcquisition,1,"{""pedalAxisName"":""TaskSwitchPedal"",""usePlusMinusKeys"":true,""positivePedalKey"":61,""negativePedalKey"":45,""invertPedalAxis"":false,""pressThreshold"":0.5,""releaseThreshold"":0.20000000298023225,""minimumIntervalSeconds"":5.0,""maximumIntervalSeconds"":10.0,""minimumValidReactionSeconds"":0.10000000149011612,""randomSeed"":-687853315}",,0,0.000000,,CorrectSidePress,0,0,0,,,,,,,0.000000,0,1,PlusMinusKeys,0,1
20261008T075632879Z_43fb7f689c074abeb8b5af4155970dec,,,1,1,StimulusOnsetObserved,Visual,2026-10-08T08:03:57.5436986Z,444.672985,440.476909,18378,5,0,OperatingSource,0,0,1,48,Right,1,,,,,1,0,0.000000,TaskSwitchPedal,0,0.500000,0.200000,,0.100000,5.000000,10.000000,-687853315,443.938165,443.883483,443.938165,444.618303,444.672985,0.054682,,0,1,5,0,OperatingSource,LiftUp,LiftUp.LoadedRaising,LiftUp,LiftUp.LoadedRaising,1,"{""pedalAxisName"":""TaskSwitchPedal"",""usePlusMinusKeys"":true,""positivePedalKey"":61,""negativePedalKey"":45,""invertPedalAxis"":false,""pressThreshold"":0.5,""releaseThreshold"":0.20000000298023225,""minimumIntervalSeconds"":5.0,""maximumIntervalSeconds"":10.0,""minimumValidReactionSeconds"":0.10000000149011612,""randomSeed"":-687853315}",,0,0.000000,,CorrectSidePress,0,0,0,,,,,,,0.000000,0,0,Axis,0,1
20261008T075632879Z_43fb7f689c074abeb8b5af4155970dec,,,1,1,PedalPressed,Visual,2026-10-08T08:03:58.6595414Z,445.788487,441.593506,18416,5,0,OperatingSource,0,0,1,48,Right,1,1,Correct,1,1.115502,1,0,1.000000,TaskSwitchPedal,0,0.500000,0.200000,,0.100000,5.000000,10.000000,-687853315,445.053667,443.883483,443.938165,444.618303,444.672985,0.054682,445.788487,0,1,5,0,OperatingSource,LiftUp,LiftUp.LoadedRaising,LiftUp,LiftUp.LoadedRaising,1,"{""pedalAxisName"":""TaskSwitchPedal"",""usePlusMinusKeys"":true,""positivePedalKey"":61,""negativePedalKey"":45,""invertPedalAxis"":false,""pressThreshold"":0.5,""releaseThreshold"":0.20000000298023225,""minimumIntervalSeconds"":5.0,""maximumIntervalSeconds"":10.0,""minimumValidReactionSeconds"":0.10000000149011612,""randomSeed"":-687853315}",,0,0.000000,1.115502,CorrectSidePress,1,0,0,1,Correct,1,1.115502,445.788487,1.115502,0.000000,1,0,PlusMinusKeys,0,1
20261008T075632879Z_43fb7f689c074abeb8b5af4155970dec,,,1,1,TrialFinished,Visual,2026-10-08T08:03:58.6595414Z,445.788487,441.593506,18416,5,0,OperatingSource,0,0,1,48,Right,1,1,Correct,1,1.115502,1,0,1.000000,TaskSwitchPedal,0,0.500000,0.200000,,0.100000,5.000000,10.000000,-687853315,445.053667,443.883483,443.938165,444.618303,444.672985,0.054682,445.788487,0,0,5,0,OperatingSource,LiftUp,LiftUp.LoadedRaising,LiftUp,LiftUp.LoadedRaising,1,"{""pedalAxisName"":""TaskSwitchPedal"",""usePlusMinusKeys"":true,""positivePedalKey"":61,""negativePedalKey"":45,""invertPedalAxis"":false,""pressThreshold"":0.5,""releaseThreshold"":0.20000000298023225,""minimumIntervalSeconds"":5.0,""maximumIntervalSeconds"":10.0,""minimumValidReactionSeconds"":0.10000000149011612,""randomSeed"":-687853315}",,0,0.000000,1.115502,CorrectSidePress,1,0,0,1,Correct,1,1.115502,445.788487,1.115502,0.000000,1,0,PlusMinusKeys,0,1
20261008T075632879Z_43fb7f689c074abeb8b5af4155970dec,,,1,1,StimulusScheduled,Visual,2026-10-08T08:03:58.6595414Z,445.788955,441.593506,18416,5,0,OperatingSource,0,0,1,49,Left,-1,,,,,0,0,1.000000,TaskSwitchPedal,0,0.500000,0.200000,,0.100000,5.000000,10.000000,-687853315,445.054136,454.489672,,455.224491,,,,0,0,,,,,,LiftUp,LiftUp.LoadedRaising,1,"{""pedalAxisName"":""TaskSwitchPedal"",""usePlusMinusKeys"":true,""positivePedalKey"":61,""negativePedalKey"":45,""invertPedalAxis"":false,""pressThreshold"":0.5,""releaseThreshold"":0.20000000298023225,""minimumIntervalSeconds"":5.0,""maximumIntervalSeconds"":10.0,""minimumValidReactionSeconds"":0.10000000149011612,""randomSeed"":-687853315}",,0,0.000000,,CorrectSidePress,0,0,0,,,,,,,0.000000,1,0,PlusMinusKeys,0,1
20261008T075632879Z_43fb7f689c074abeb8b5af4155970dec,,,1,1,StimulusOnsetObserved,Visual,2026-10-08T08:04:08.1252559Z,455.256116,451.059043,18710,5,0,OperatingSource,0,0,1,49,Left,-1,,,,,1,0,0.000000,TaskSwitchPedal,0,0.500000,0.200000,,0.100000,5.000000,10.000000,-687853315,454.521297,454.489672,454.521297,455.224491,455.256116,0.031625,,1,0,5,0,OperatingSource,Move2,Move2.DestinationCoarseMove,Move2,Move2.DestinationCoarseMove,1,"{""pedalAxisName"":""TaskSwitchPedal"",""usePlusMinusKeys"":true,""positivePedalKey"":61,""negativePedalKey"":45,""invertPedalAxis"":false,""pressThreshold"":0.5,""releaseThreshold"":0.20000000298023225,""minimumIntervalSeconds"":5.0,""maximumIntervalSeconds"":10.0,""minimumValidReactionSeconds"":0.10000000149011612,""randomSeed"":-687853315}",,0,0.000000,,CorrectSidePress,0,0,0,,,,,,,0.000000,0,0,Axis,0,1
20261008T075632879Z_43fb7f689c074abeb8b5af4155970dec,,,1,1,PedalPressed,Visual,2026-10-08T08:04:09.1569309Z,456.286674,452.091763,18745,5,0,OperatingSource,0,0,1,49,Left,-1,-1,Correct,1,1.030558,1,0,-1.000000,TaskSwitchPedal,0,0.500000,0.200000,,0.100000,5.000000,10.000000,-687853315,455.551855,454.489672,454.521297,455.224491,455.256116,0.031625,456.286674,1,0,5,0,OperatingSource,Move2,Move2.DestinationCoarseMove,Move2,Move2.DestinationCoarseMove,1,"{""pedalAxisName"":""TaskSwitchPedal"",""usePlusMinusKeys"":true,""positivePedalKey"":61,""negativePedalKey"":45,""invertPedalAxis"":false,""pressThreshold"":0.5,""releaseThreshold"":0.20000000298023225,""minimumIntervalSeconds"":5.0,""maximumIntervalSeconds"":10.0,""minimumValidReactionSeconds"":0.10000000149011612,""randomSeed"":-687853315}",,0,0.000000,1.030558,CorrectSidePress,1,0,0,-1,Correct,1,1.030558,456.286674,1.030558,0.000000,0,1,PlusMinusKeys,0,1
20261008T075632879Z_43fb7f689c074abeb8b5af4155970dec,,,1,1,TrialFinished,Visual,2026-10-08T08:04:09.1569309Z,456.286674,452.091763,18745,5,0,OperatingSource,0,0,1,49,Left,-1,-1,Correct,1,1.030558,1,0,-1.000000,TaskSwitchPedal,0,0.500000,0.200000,,0.100000,5.000000,10.000000,-687853315,455.551855,454.489672,454.521297,455.224491,455.256116,0.031625,456.286674,0,0,5,0,OperatingSource,Move2,Move2.DestinationCoarseMove,Move2,Move2.DestinationCoarseMove,1,"{""pedalAxisName"":""TaskSwitchPedal"",""usePlusMinusKeys"":true,""positivePedalKey"":61,""negativePedalKey"":45,""invertPedalAxis"":false,""pressThreshold"":0.5,""releaseThreshold"":0.20000000298023225,""minimumIntervalSeconds"":5.0,""maximumIntervalSeconds"":10.0,""minimumValidReactionSeconds"":0.10000000149011612,""randomSeed"":-687853315}",,0,0.000000,1.030558,CorrectSidePress,1,0,0,-1,Correct,1,1.030558,456.286674,1.030558,0.000000,0,1,PlusMinusKeys,0,1
20261008T075632879Z_43fb7f689c074abeb8b5af4155970dec,,,1,1,StimulusScheduled,Visual,2026-10-08T08:04:09.1574389Z,456.287035,452.091763,18745,5,0,OperatingSource,0,0,1,50,Right,1,,,,,0,0,-1.000000,TaskSwitchPedal,0,0.500000,0.200000,,0.100000,5.000000,10.000000,-687853315,455.552215,464.123368,,464.858188,,,,0,0,,,,,,Move2,Move2.DestinationCoarseMove,1,"{""pedalAxisName"":""TaskSwitchPedal"",""usePlusMinusKeys"":true,""positivePedalKey"":61,""negativePedalKey"":45,""invertPedalAxis"":false,""pressThreshold"":0.5,""releaseThreshold"":0.20000000298023225,""minimumIntervalSeconds"":5.0,""maximumIntervalSeconds"":10.0,""minimumValidReactionSeconds"":0.10000000149011612,""randomSeed"":-687853315}",,0,0.000000,,CorrectSidePress,0,0,0,,,,,,,0.000000,0,1,PlusMinusKeys,0,1
20261008T075632879Z_43fb7f689c074abeb8b5af4155970dec,,,1,1,StimulusOnsetObserved,Visual,2026-10-08T08:04:17.7981972Z,464.928592,460.730183,19015,5,0,OperatingSource,0,0,1,50,Right,1,,,,,1,0,0.000000,TaskSwitchPedal,0,0.500000,0.200000,,0.100000,5.000000,10.000000,-687853315,464.193773,464.123368,464.193773,464.858188,464.928592,0.070405,,0,1,5,0,OperatingSource,Place,Place.PlacementLowering,Place,Place.PlacementLowering,1,"{""pedalAxisName"":""TaskSwitchPedal"",""usePlusMinusKeys"":true,""positivePedalKey"":61,""negativePedalKey"":45,""invertPedalAxis"":false,""pressThreshold"":0.5,""releaseThreshold"":0.20000000298023225,""minimumIntervalSeconds"":5.0,""maximumIntervalSeconds"":10.0,""minimumValidReactionSeconds"":0.10000000149011612,""randomSeed"":-687853315}",,0,0.000000,,CorrectSidePress,0,0,0,,,,,,,0.000000,0,0,Axis,0,1
20261008T075632879Z_43fb7f689c074abeb8b5af4155970dec,,,1,1,PedalPressed,Visual,2026-10-08T08:04:19.0017752Z,466.132664,461.935423,19054,6,0,CountingDown,0,0,1,50,Right,1,1,Correct,1,1.204072,1,0,1.000000,TaskSwitchPedal,0,0.500000,0.200000,,0.100000,5.000000,10.000000,-687853315,465.397845,464.123368,464.193773,464.858188,464.928592,0.070405,466.132664,0,1,5,0,OperatingSource,Place,Place.PlacementLowering,Place,Place.PlacementLowering,1,"{""pedalAxisName"":""TaskSwitchPedal"",""usePlusMinusKeys"":true,""positivePedalKey"":61,""negativePedalKey"":45,""invertPedalAxis"":false,""pressThreshold"":0.5,""releaseThreshold"":0.20000000298023225,""minimumIntervalSeconds"":5.0,""maximumIntervalSeconds"":10.0,""minimumValidReactionSeconds"":0.10000000149011612,""randomSeed"":-687853315}",,0,0.000000,1.204072,CorrectSidePress,1,0,0,1,Correct,1,1.204072,466.132664,1.204072,0.000000,1,0,PlusMinusKeys,0,1
20261008T075632879Z_43fb7f689c074abeb8b5af4155970dec,,,1,1,TrialFinished,Visual,2026-10-08T08:04:19.0017752Z,466.132664,461.935423,19054,6,0,CountingDown,0,0,1,50,Right,1,1,Correct,1,1.204072,1,0,1.000000,TaskSwitchPedal,0,0.500000,0.200000,,0.100000,5.000000,10.000000,-687853315,465.397845,464.123368,464.193773,464.858188,464.928592,0.070405,466.132664,0,0,5,0,OperatingSource,Place,Place.PlacementLowering,Place,Place.PlacementLowering,1,"{""pedalAxisName"":""TaskSwitchPedal"",""usePlusMinusKeys"":true,""positivePedalKey"":61,""negativePedalKey"":45,""invertPedalAxis"":false,""pressThreshold"":0.5,""releaseThreshold"":0.20000000298023225,""minimumIntervalSeconds"":5.0,""maximumIntervalSeconds"":10.0,""minimumValidReactionSeconds"":0.10000000149011612,""randomSeed"":-687853315}",,0,0.000000,1.204072,CorrectSidePress,1,0,0,1,Correct,1,1.204072,466.132664,1.204072,0.000000,1,0,PlusMinusKeys,0,1
20261008T075632879Z_43fb7f689c074abeb8b5af4155970dec,,,1,1,StimulusScheduled,Visual,2026-10-08T08:04:19.0027735Z,466.133018,461.935423,19054,6,0,CountingDown,0,0,1,51,Left,-1,,,,,0,0,1.000000,TaskSwitchPedal,0,0.500000,0.200000,,0.100000,5.000000,10.000000,-687853315,465.398199,471.751643,,472.486462,,,,0,0,,,,,,Place,Place.PlacementLowering,1,"{""pedalAxisName"":""TaskSwitchPedal"",""usePlusMinusKeys"":true,""positivePedalKey"":61,""negativePedalKey"":45,""invertPedalAxis"":false,""pressThreshold"":0.5,""releaseThreshold"":0.20000000298023225,""minimumIntervalSeconds"":5.0,""maximumIntervalSeconds"":10.0,""minimumValidReactionSeconds"":0.10000000149011612,""randomSeed"":-687853315}",,0,0.000000,,CorrectSidePress,0,0,0,,,,,,,0.000000,1,0,PlusMinusKeys,0,1
20261008T075632879Z_43fb7f689c074abeb8b5af4155970dec,,,1,1,StimulusOnsetObserved,Visual,2026-10-08T08:04:25.3768540Z,472.507519,468.312546,19258,6,1,WaitingForConfirmation,1,0,1,51,Left,-1,,,,,1,0,0.000000,TaskSwitchPedal,0,0.500000,0.200000,,0.100000,5.000000,10.000000,-687853315,471.772700,471.751643,471.772700,472.486462,472.507519,0.021057,,1,0,6,1,WaitingForConfirmation,LiftUp,,LiftUp,,1,"{""pedalAxisName"":""TaskSwitchPedal"",""usePlusMinusKeys"":true,""positivePedalKey"":61,""negativePedalKey"":45,""invertPedalAxis"":false,""pressThreshold"":0.5,""releaseThreshold"":0.20000000298023225,""minimumIntervalSeconds"":5.0,""maximumIntervalSeconds"":10.0,""minimumValidReactionSeconds"":0.10000000149011612,""randomSeed"":-687853315}",,0,0.000000,,CorrectSidePress,0,0,0,,,,,,,0.000000,0,0,Axis,0,1
20261008T075632879Z_43fb7f689c074abeb8b5af4155970dec,,,1,1,PedalPressed,Visual,2026-10-08T08:04:27.0986695Z,474.229736,470.034934,19334,6,1,WaitingForConfirmation,1,0,1,51,Left,-1,-1,Correct,1,1.722217,1,0,-1.000000,TaskSwitchPedal,0,0.500000,0.200000,,0.100000,5.000000,10.000000,-687853315,473.494917,471.751643,471.772700,472.486462,472.507519,0.021057,474.229736,1,0,6,1,WaitingForConfirmation,LiftUp,,LiftUp,,1,"{""pedalAxisName"":""TaskSwitchPedal"",""usePlusMinusKeys"":true,""positivePedalKey"":61,""negativePedalKey"":45,""invertPedalAxis"":false,""pressThreshold"":0.5,""releaseThreshold"":0.20000000298023225,""minimumIntervalSeconds"":5.0,""maximumIntervalSeconds"":10.0,""minimumValidReactionSeconds"":0.10000000149011612,""randomSeed"":-687853315}",,0,0.000000,1.722217,CorrectSidePress,1,0,0,-1,Correct,1,1.722217,474.229736,1.722217,0.000000,0,1,PlusMinusKeys,0,1
20261008T075632879Z_43fb7f689c074abeb8b5af4155970dec,,,1,1,TrialFinished,Visual,2026-10-08T08:04:27.0986695Z,474.229736,470.034934,19334,6,1,WaitingForConfirmation,1,0,1,51,Left,-1,-1,Correct,1,1.722217,1,0,-1.000000,TaskSwitchPedal,0,0.500000,0.200000,,0.100000,5.000000,10.000000,-687853315,473.494917,471.751643,471.772700,472.486462,472.507519,0.021057,474.229736,0,0,6,1,WaitingForConfirmation,LiftUp,,LiftUp,,1,"{""pedalAxisName"":""TaskSwitchPedal"",""usePlusMinusKeys"":true,""positivePedalKey"":61,""negativePedalKey"":45,""invertPedalAxis"":false,""pressThreshold"":0.5,""releaseThreshold"":0.20000000298023225,""minimumIntervalSeconds"":5.0,""maximumIntervalSeconds"":10.0,""minimumValidReactionSeconds"":0.10000000149011612,""randomSeed"":-687853315}",,0,0.000000,1.722217,CorrectSidePress,1,0,0,-1,Correct,1,1.722217,474.229736,1.722217,0.000000,0,1,PlusMinusKeys,0,1
20261008T075632879Z_43fb7f689c074abeb8b5af4155970dec,,,1,1,StimulusScheduled,Visual,2026-10-08T08:04:27.0986695Z,474.230110,470.034934,19334,6,1,WaitingForConfirmation,1,0,1,52,Right,1,,,,,0,0,-1.000000,TaskSwitchPedal,0,0.500000,0.200000,,0.100000,5.000000,10.000000,-687853315,473.495291,480.882620,,481.617439,,,,0,0,,,,,,LiftUp,,1,"{""pedalAxisName"":""TaskSwitchPedal"",""usePlusMinusKeys"":true,""positivePedalKey"":61,""negativePedalKey"":45,""invertPedalAxis"":false,""pressThreshold"":0.5,""releaseThreshold"":0.20000000298023225,""minimumIntervalSeconds"":5.0,""maximumIntervalSeconds"":10.0,""minimumValidReactionSeconds"":0.10000000149011612,""randomSeed"":-687853315}",,0,0.000000,,CorrectSidePress,0,0,0,,,,,,,0.000000,0,1,PlusMinusKeys,0,1
20261008T075632879Z_43fb7f689c074abeb8b5af4155970dec,,,1,1,StimulusOnsetObserved,Visual,2026-10-08T08:04:34.4875391Z,481.619726,477.424868,19645,6,1,OperatingTarget,0,0,1,52,Right,1,,,,,1,0,0.000000,TaskSwitchPedal,0,0.500000,0.200000,,0.100000,5.000000,10.000000,-687853315,480.884907,480.882620,480.884907,481.617439,481.619726,0.002287,,0,1,6,1,OperatingTarget,Move2,Move2.DestinationCoarseMove,Move2,Move2.DestinationCoarseMove,1,"{""pedalAxisName"":""TaskSwitchPedal"",""usePlusMinusKeys"":true,""positivePedalKey"":61,""negativePedalKey"":45,""invertPedalAxis"":false,""pressThreshold"":0.5,""releaseThreshold"":0.20000000298023225,""minimumIntervalSeconds"":5.0,""maximumIntervalSeconds"":10.0,""minimumValidReactionSeconds"":0.10000000149011612,""randomSeed"":-687853315}",,0,0.000000,,CorrectSidePress,0,0,0,,,,,,,0.000000,0,0,Axis,0,1
20261008T075632879Z_43fb7f689c074abeb8b5af4155970dec,,,1,1,PedalPressed,Visual,2026-10-08T08:04:35.8097807Z,482.942105,478.746078,19699,6,1,OperatingTarget,0,0,1,52,Right,1,1,Correct,1,1.322379,1,0,1.000000,TaskSwitchPedal,0,0.500000,0.200000,,0.100000,5.000000,10.000000,-687853315,482.207285,480.882620,480.884907,481.617439,481.619726,0.002287,482.942105,0,1,6,1,OperatingTarget,Move2,Move2.DestinationCoarseMove,Move2,Move2.DestinationCoarseMove,1,"{""pedalAxisName"":""TaskSwitchPedal"",""usePlusMinusKeys"":true,""positivePedalKey"":61,""negativePedalKey"":45,""invertPedalAxis"":false,""pressThreshold"":0.5,""releaseThreshold"":0.20000000298023225,""minimumIntervalSeconds"":5.0,""maximumIntervalSeconds"":10.0,""minimumValidReactionSeconds"":0.10000000149011612,""randomSeed"":-687853315}",,0,0.000000,1.322379,CorrectSidePress,1,0,0,1,Correct,1,1.322379,482.942105,1.322379,0.000000,1,0,PlusMinusKeys,0,1
20261008T075632879Z_43fb7f689c074abeb8b5af4155970dec,,,1,1,TrialFinished,Visual,2026-10-08T08:04:35.8109347Z,482.942105,478.746078,19699,6,1,OperatingTarget,0,0,1,52,Right,1,1,Correct,1,1.322379,1,0,1.000000,TaskSwitchPedal,0,0.500000,0.200000,,0.100000,5.000000,10.000000,-687853315,482.207285,480.882620,480.884907,481.617439,481.619726,0.002287,482.942105,0,0,6,1,OperatingTarget,Move2,Move2.DestinationCoarseMove,Move2,Move2.DestinationCoarseMove,1,"{""pedalAxisName"":""TaskSwitchPedal"",""usePlusMinusKeys"":true,""positivePedalKey"":61,""negativePedalKey"":45,""invertPedalAxis"":false,""pressThreshold"":0.5,""releaseThreshold"":0.20000000298023225,""minimumIntervalSeconds"":5.0,""maximumIntervalSeconds"":10.0,""minimumValidReactionSeconds"":0.10000000149011612,""randomSeed"":-687853315}",,0,0.000000,1.322379,CorrectSidePress,1,0,0,1,Correct,1,1.322379,482.942105,1.322379,0.000000,1,0,PlusMinusKeys,0,1
20261008T075632879Z_43fb7f689c074abeb8b5af4155970dec,,,1,1,StimulusScheduled,Visual,2026-10-08T08:04:35.8109347Z,482.942766,478.746078,19699,6,1,OperatingTarget,0,0,1,53,Right,1,,,,,0,0,1.000000,TaskSwitchPedal,0,0.500000,0.200000,,0.100000,5.000000,10.000000,-687853315,482.207947,490.580674,,491.315494,,,,0,0,,,,,,Move2,Move2.DestinationCoarseMove,1,"{""pedalAxisName"":""TaskSwitchPedal"",""usePlusMinusKeys"":true,""positivePedalKey"":61,""negativePedalKey"":45,""invertPedalAxis"":false,""pressThreshold"":0.5,""releaseThreshold"":0.20000000298023225,""minimumIntervalSeconds"":5.0,""maximumIntervalSeconds"":10.0,""minimumValidReactionSeconds"":0.10000000149011612,""randomSeed"":-687853315}",,0,0.000000,,CorrectSidePress,0,0,0,,,,,,,0.000000,1,0,PlusMinusKeys,0,1
20261008T075632879Z_43fb7f689c074abeb8b5af4155970dec,,,1,1,StimulusOnsetObserved,Visual,2026-10-08T08:04:44.2002028Z,491.332356,487.137255,20015,6,1,OperatingTarget,0,0,1,53,Right,1,,,,,1,0,0.000000,TaskSwitchPedal,0,0.500000,0.200000,,0.100000,5.000000,10.000000,-687853315,490.597537,490.580674,490.597537,491.315494,491.332356,0.016862,,0,1,6,1,OperatingTarget,Place,Place.PlacementLowering,Place,Place.PlacementLowering,1,"{""pedalAxisName"":""TaskSwitchPedal"",""usePlusMinusKeys"":true,""positivePedalKey"":61,""negativePedalKey"":45,""invertPedalAxis"":false,""pressThreshold"":0.5,""releaseThreshold"":0.20000000298023225,""minimumIntervalSeconds"":5.0,""maximumIntervalSeconds"":10.0,""minimumValidReactionSeconds"":0.10000000149011612,""randomSeed"":-687853315}",,0,0.000000,,CorrectSidePress,0,0,0,,,,,,,0.000000,0,0,Axis,0,1
20261008T075632879Z_43fb7f689c074abeb8b5af4155970dec,,,1,1,PedalPressed,Visual,2026-10-08T08:04:45.5695042Z,492.701505,488.504554,20057,6,1,OperatingTarget,0,0,1,53,Right,1,1,Correct,1,1.369149,1,0,1.000000,TaskSwitchPedal,0,0.500000,0.200000,,0.100000,5.000000,10.000000,-687853315,491.966686,490.580674,490.597537,491.315494,491.332356,0.016862,492.701505,0,1,6,1,OperatingTarget,Place,Place.PlacementLowering,Place,Place.PlacementLowering,1,"{""pedalAxisName"":""TaskSwitchPedal"",""usePlusMinusKeys"":true,""positivePedalKey"":61,""negativePedalKey"":45,""invertPedalAxis"":false,""pressThreshold"":0.5,""releaseThreshold"":0.20000000298023225,""minimumIntervalSeconds"":5.0,""maximumIntervalSeconds"":10.0,""minimumValidReactionSeconds"":0.10000000149011612,""randomSeed"":-687853315}",,0,0.000000,1.369149,CorrectSidePress,1,0,0,1,Correct,1,1.369149,492.701505,1.369149,0.000000,1,0,PlusMinusKeys,0,1
20261008T075632879Z_43fb7f689c074abeb8b5af4155970dec,,,1,1,TrialFinished,Visual,2026-10-08T08:04:45.5695042Z,492.701505,488.504554,20057,6,1,OperatingTarget,0,0,1,53,Right,1,1,Correct,1,1.369149,1,0,1.000000,TaskSwitchPedal,0,0.500000,0.200000,,0.100000,5.000000,10.000000,-687853315,491.966686,490.580674,490.597537,491.315494,491.332356,0.016862,492.701505,0,0,6,1,OperatingTarget,Place,Place.PlacementLowering,Place,Place.PlacementLowering,1,"{""pedalAxisName"":""TaskSwitchPedal"",""usePlusMinusKeys"":true,""positivePedalKey"":61,""negativePedalKey"":45,""invertPedalAxis"":false,""pressThreshold"":0.5,""releaseThreshold"":0.20000000298023225,""minimumIntervalSeconds"":5.0,""maximumIntervalSeconds"":10.0,""minimumValidReactionSeconds"":0.10000000149011612,""randomSeed"":-687853315}",,0,0.000000,1.369149,CorrectSidePress,1,0,0,1,Correct,1,1.369149,492.701505,1.369149,0.000000,1,0,PlusMinusKeys,0,1
20261008T075632879Z_43fb7f689c074abeb8b5af4155970dec,,,1,1,StimulusScheduled,Visual,2026-10-08T08:04:45.5695042Z,492.701931,488.504554,20057,6,1,OperatingTarget,0,0,1,54,Left,-1,,,,,0,0,1.000000,TaskSwitchPedal,0,0.500000,0.200000,,0.100000,5.000000,10.000000,-687853315,491.967112,498.939284,,499.674104,,,,0,0,,,,,,Place,Place.PlacementLowering,1,"{""pedalAxisName"":""TaskSwitchPedal"",""usePlusMinusKeys"":true,""positivePedalKey"":61,""negativePedalKey"":45,""invertPedalAxis"":false,""pressThreshold"":0.5,""releaseThreshold"":0.20000000298023225,""minimumIntervalSeconds"":5.0,""maximumIntervalSeconds"":10.0,""minimumValidReactionSeconds"":0.10000000149011612,""randomSeed"":-687853315}",,0,0.000000,,CorrectSidePress,0,0,0,,,,,,,0.000000,1,0,PlusMinusKeys,0,1
20261008T075632879Z_43fb7f689c074abeb8b5af4155970dec,,,1,1,StimulusOnsetObserved,Visual,2026-10-08T08:04:52.5512131Z,499.684479,495.486970,20263,6,1,OperatingTarget,0,0,1,54,Left,-1,,,,,1,0,0.000000,TaskSwitchPedal,0,0.500000,0.200000,,0.100000,5.000000,10.000000,-687853315,498.949660,498.939284,498.949660,499.674104,499.684479,0.010376,,1,0,6,1,OperatingTarget,Place,Place.LoadRelease,Place,Place.LoadRelease,1,"{""pedalAxisName"":""TaskSwitchPedal"",""usePlusMinusKeys"":true,""positivePedalKey"":61,""negativePedalKey"":45,""invertPedalAxis"":false,""pressThreshold"":0.5,""releaseThreshold"":0.20000000298023225,""minimumIntervalSeconds"":5.0,""maximumIntervalSeconds"":10.0,""minimumValidReactionSeconds"":0.10000000149011612,""randomSeed"":-687853315}",,0,0.000000,,CorrectSidePress,0,0,0,,,,,,,0.000000,0,0,Axis,0,1
20261008T075632879Z_43fb7f689c074abeb8b5af4155970dec,,,1,1,PedalPressed,Visual,2026-10-08T08:04:53.7189607Z,500.851919,496.656984,20295,6,1,OperatingTarget,0,0,1,54,Left,-1,-1,Correct,1,1.167440,1,0,-1.000000,TaskSwitchPedal,0,0.500000,0.200000,,0.100000,5.000000,10.000000,-687853315,500.117100,498.939284,498.949660,499.674104,499.684479,0.010376,500.851919,1,0,6,1,OperatingTarget,Place,Place.LoadRelease,Place,Place.PostPlacementRaising,1,"{""pedalAxisName"":""TaskSwitchPedal"",""usePlusMinusKeys"":true,""positivePedalKey"":61,""negativePedalKey"":45,""invertPedalAxis"":false,""pressThreshold"":0.5,""releaseThreshold"":0.20000000298023225,""minimumIntervalSeconds"":5.0,""maximumIntervalSeconds"":10.0,""minimumValidReactionSeconds"":0.10000000149011612,""randomSeed"":-687853315}",,0,0.000000,1.167440,CorrectSidePress,1,0,0,-1,Correct,1,1.167440,500.851919,1.167440,0.000000,0,1,PlusMinusKeys,0,1
20261008T075632879Z_43fb7f689c074abeb8b5af4155970dec,,,1,1,TrialFinished,Visual,2026-10-08T08:04:53.7189607Z,500.851919,496.656984,20295,6,1,OperatingTarget,0,0,1,54,Left,-1,-1,Correct,1,1.167440,1,0,-1.000000,TaskSwitchPedal,0,0.500000,0.200000,,0.100000,5.000000,10.000000,-687853315,500.117100,498.939284,498.949660,499.674104,499.684479,0.010376,500.851919,0,0,6,1,OperatingTarget,Place,Place.LoadRelease,Place,Place.PostPlacementRaising,1,"{""pedalAxisName"":""TaskSwitchPedal"",""usePlusMinusKeys"":true,""positivePedalKey"":61,""negativePedalKey"":45,""invertPedalAxis"":false,""pressThreshold"":0.5,""releaseThreshold"":0.20000000298023225,""minimumIntervalSeconds"":5.0,""maximumIntervalSeconds"":10.0,""minimumValidReactionSeconds"":0.10000000149011612,""randomSeed"":-687853315}",,0,0.000000,1.167440,CorrectSidePress,1,0,0,-1,Correct,1,1.167440,500.851919,1.167440,0.000000,0,1,PlusMinusKeys,0,1
20261008T075632879Z_43fb7f689c074abeb8b5af4155970dec,,,1,1,StimulusScheduled,Visual,2026-10-08T08:04:53.7199625Z,500.852434,496.656984,20295,6,1,OperatingTarget,0,0,1,55,Left,-1,,,,,0,0,-1.000000,TaskSwitchPedal,0,0.500000,0.200000,,0.100000,5.000000,10.000000,-687853315,500.117615,508.088920,,508.823739,,,,0,0,,,,,,Place,Place.PostPlacementRaising,1,"{""pedalAxisName"":""TaskSwitchPedal"",""usePlusMinusKeys"":true,""positivePedalKey"":61,""negativePedalKey"":45,""invertPedalAxis"":false,""pressThreshold"":0.5,""releaseThreshold"":0.20000000298023225,""minimumIntervalSeconds"":5.0,""maximumIntervalSeconds"":10.0,""minimumValidReactionSeconds"":0.10000000149011612,""randomSeed"":-687853315}",,0,0.000000,,CorrectSidePress,0,0,0,,,,,,,0.000000,0,1,PlusMinusKeys,0,1
20261008T075632879Z_43fb7f689c074abeb8b5af4155970dec,,,1,1,StimulusOnsetObserved,Visual,2026-10-08T08:05:01.6922417Z,508.825446,504.630632,20648,6,1,OperatingTarget,0,0,1,55,Left,-1,,,,,1,0,0.000000,TaskSwitchPedal,0,0.500000,0.200000,,0.100000,5.000000,10.000000,-687853315,508.090627,508.088920,508.090627,508.823739,508.825446,0.001707,,1,0,6,1,OperatingTarget,Place,Place.PostPlacementRaising,Place,Place.PostPlacementRaising,1,"{""pedalAxisName"":""TaskSwitchPedal"",""usePlusMinusKeys"":true,""positivePedalKey"":61,""negativePedalKey"":45,""invertPedalAxis"":false,""pressThreshold"":0.5,""releaseThreshold"":0.20000000298023225,""minimumIntervalSeconds"":5.0,""maximumIntervalSeconds"":10.0,""minimumValidReactionSeconds"":0.10000000149011612,""randomSeed"":-687853315}",,0,0.000000,,CorrectSidePress,0,0,0,,,,,,,0.000000,0,0,Axis,0,1
20261008T075632879Z_43fb7f689c074abeb8b5af4155970dec,,,1,1,PedalPressed,Visual,2026-10-08T08:05:02.7633829Z,509.897485,505.702568,20694,6,0,WaitingForSourceConfirmation,1,0,1,55,Left,-1,-1,Correct,1,1.072039,1,0,-1.000000,TaskSwitchPedal,0,0.500000,0.200000,,0.100000,5.000000,10.000000,-687853315,509.162666,508.088920,508.090627,508.823739,508.825446,0.001707,509.897485,1,0,6,1,OperatingTarget,Place,Place.PostPlacementRaising,Place,Place.LoadRelease,1,"{""pedalAxisName"":""TaskSwitchPedal"",""usePlusMinusKeys"":true,""positivePedalKey"":61,""negativePedalKey"":45,""invertPedalAxis"":false,""pressThreshold"":0.5,""releaseThreshold"":0.20000000298023225,""minimumIntervalSeconds"":5.0,""maximumIntervalSeconds"":10.0,""minimumValidReactionSeconds"":0.10000000149011612,""randomSeed"":-687853315}",,0,0.000000,1.072039,CorrectSidePress,1,0,0,-1,Correct,1,1.072039,509.897485,1.072039,0.000000,0,1,PlusMinusKeys,0,1
20261008T075632879Z_43fb7f689c074abeb8b5af4155970dec,,,1,1,TrialFinished,Visual,2026-10-08T08:05:02.7633829Z,509.897485,505.702568,20694,6,0,WaitingForSourceConfirmation,1,0,1,55,Left,-1,-1,Correct,1,1.072039,1,0,-1.000000,TaskSwitchPedal,0,0.500000,0.200000,,0.100000,5.000000,10.000000,-687853315,509.162666,508.088920,508.090627,508.823739,508.825446,0.001707,509.897485,0,0,6,1,OperatingTarget,Place,Place.PostPlacementRaising,Place,Place.LoadRelease,1,"{""pedalAxisName"":""TaskSwitchPedal"",""usePlusMinusKeys"":true,""positivePedalKey"":61,""negativePedalKey"":45,""invertPedalAxis"":false,""pressThreshold"":0.5,""releaseThreshold"":0.20000000298023225,""minimumIntervalSeconds"":5.0,""maximumIntervalSeconds"":10.0,""minimumValidReactionSeconds"":0.10000000149011612,""randomSeed"":-687853315}",,0,0.000000,1.072039,CorrectSidePress,1,0,0,-1,Correct,1,1.072039,509.897485,1.072039,0.000000,0,1,PlusMinusKeys,0,1
20261008T075632879Z_43fb7f689c074abeb8b5af4155970dec,,,1,1,StimulusScheduled,Visual,2026-10-08T08:05:02.7633829Z,509.897858,505.702568,20694,6,0,WaitingForSourceConfirmation,1,0,1,56,Right,1,,,,,0,0,-1.000000,TaskSwitchPedal,0,0.500000,0.200000,,0.100000,5.000000,10.000000,-687853315,509.163039,515.522259,,516.257078,,,,0,0,,,,,,Place,Place.LoadRelease,1,"{""pedalAxisName"":""TaskSwitchPedal"",""usePlusMinusKeys"":true,""positivePedalKey"":61,""negativePedalKey"":45,""invertPedalAxis"":false,""pressThreshold"":0.5,""releaseThreshold"":0.20000000298023225,""minimumIntervalSeconds"":5.0,""maximumIntervalSeconds"":10.0,""minimumValidReactionSeconds"":0.10000000149011612,""randomSeed"":-687853315}",,0,0.000000,,CorrectSidePress,0,0,0,,,,,,,0.000000,0,1,PlusMinusKeys,0,1
20261008T075632879Z_43fb7f689c074abeb8b5af4155970dec,,,1,1,StimulusOnsetObserved,Visual,2026-10-08T08:05:09.1233774Z,516.257319,512.057570,20957,6,0,OperatingSource,0,0,1,56,Right,1,,,,,1,0,0.000000,TaskSwitchPedal,0,0.500000,0.200000,,0.100000,5.000000,10.000000,-687853315,515.522499,515.522259,515.522499,516.257078,516.257319,0.000241,,0,1,6,0,OperatingSource,Place,Place.LoadRelease,Place,Place.LoadRelease,1,"{""pedalAxisName"":""TaskSwitchPedal"",""usePlusMinusKeys"":true,""positivePedalKey"":61,""negativePedalKey"":45,""invertPedalAxis"":false,""pressThreshold"":0.5,""releaseThreshold"":0.20000000298023225,""minimumIntervalSeconds"":5.0,""maximumIntervalSeconds"":10.0,""minimumValidReactionSeconds"":0.10000000149011612,""randomSeed"":-687853315}",,0,0.000000,,CorrectSidePress,0,0,0,,,,,,,0.000000,0,0,Axis,0,1
20261008T075632879Z_43fb7f689c074abeb8b5af4155970dec,,,1,1,PedalPressed,Visual,2026-10-08T08:05:10.6923522Z,517.826201,513.630485,21006,6,0,OperatingSource,0,0,1,56,Right,1,1,Correct,1,1.568882,1,0,1.000000,TaskSwitchPedal,0,0.500000,0.200000,,0.100000,5.000000,10.000000,-687853315,517.091382,515.522259,515.522499,516.257078,516.257319,0.000241,517.826201,0,1,6,0,OperatingSource,Place,Place.LoadRelease,Place,Place.LoadRelease,1,"{""pedalAxisName"":""TaskSwitchPedal"",""usePlusMinusKeys"":true,""positivePedalKey"":61,""negativePedalKey"":45,""invertPedalAxis"":false,""pressThreshold"":0.5,""releaseThreshold"":0.20000000298023225,""minimumIntervalSeconds"":5.0,""maximumIntervalSeconds"":10.0,""minimumValidReactionSeconds"":0.10000000149011612,""randomSeed"":-687853315}",,0,0.000000,1.568882,CorrectSidePress,1,0,0,1,Correct,1,1.568882,517.826201,1.568882,0.000000,1,0,PlusMinusKeys,0,1
20261008T075632879Z_43fb7f689c074abeb8b5af4155970dec,,,1,1,TrialFinished,Visual,2026-10-08T08:05:10.6923522Z,517.826201,513.630485,21006,6,0,OperatingSource,0,0,1,56,Right,1,1,Correct,1,1.568882,1,0,1.000000,TaskSwitchPedal,0,0.500000,0.200000,,0.100000,5.000000,10.000000,-687853315,517.091382,515.522259,515.522499,516.257078,516.257319,0.000241,517.826201,0,0,6,0,OperatingSource,Place,Place.LoadRelease,Place,Place.LoadRelease,1,"{""pedalAxisName"":""TaskSwitchPedal"",""usePlusMinusKeys"":true,""positivePedalKey"":61,""negativePedalKey"":45,""invertPedalAxis"":false,""pressThreshold"":0.5,""releaseThreshold"":0.20000000298023225,""minimumIntervalSeconds"":5.0,""maximumIntervalSeconds"":10.0,""minimumValidReactionSeconds"":0.10000000149011612,""randomSeed"":-687853315}",,0,0.000000,1.568882,CorrectSidePress,1,0,0,1,Correct,1,1.568882,517.826201,1.568882,0.000000,1,0,PlusMinusKeys,0,1
20261008T075632879Z_43fb7f689c074abeb8b5af4155970dec,,,1,1,StimulusScheduled,Visual,2026-10-08T08:05:10.6923522Z,517.826551,513.630485,21006,6,0,OperatingSource,0,0,1,57,Right,1,,,,,0,0,1.000000,TaskSwitchPedal,0,0.500000,0.200000,,0.100000,5.000000,10.000000,-687853315,517.091732,525.242829,,525.977648,,,,0,0,,,,,,Place,Place.LoadRelease,1,"{""pedalAxisName"":""TaskSwitchPedal"",""usePlusMinusKeys"":true,""positivePedalKey"":61,""negativePedalKey"":45,""invertPedalAxis"":false,""pressThreshold"":0.5,""releaseThreshold"":0.20000000298023225,""minimumIntervalSeconds"":5.0,""maximumIntervalSeconds"":10.0,""minimumValidReactionSeconds"":0.10000000149011612,""randomSeed"":-687853315}",,0,0.000000,,CorrectSidePress,0,0,0,,,,,,,0.000000,1,0,PlusMinusKeys,0,1
20261008T075632879Z_43fb7f689c074abeb8b5af4155970dec,,,1,1,StimulusOnsetObserved,Visual,2026-10-08T08:05:18.8577948Z,525.991938,521.796877,21330,6,0,OperatingSource,0,0,1,57,Right,1,,,,,1,0,0.000000,TaskSwitchPedal,0,0.500000,0.200000,,0.100000,5.000000,10.000000,-687853315,525.257118,525.242829,525.257118,525.977648,525.991938,0.014289,,0,1,6,0,OperatingSource,Place,Place.PostPlacementRaising,Place,Place.PostPlacementRaising,1,"{""pedalAxisName"":""TaskSwitchPedal"",""usePlusMinusKeys"":true,""positivePedalKey"":61,""negativePedalKey"":45,""invertPedalAxis"":false,""pressThreshold"":0.5,""releaseThreshold"":0.20000000298023225,""minimumIntervalSeconds"":5.0,""maximumIntervalSeconds"":10.0,""minimumValidReactionSeconds"":0.10000000149011612,""randomSeed"":-687853315}",,0,0.000000,,CorrectSidePress,0,0,0,,,,,,,0.000000,0,0,Axis,0,1
20261008T075632879Z_43fb7f689c074abeb8b5af4155970dec,,,1,1,PedalPressed,Visual,2026-10-08T08:05:19.8938621Z,527.028583,522.833034,21379,6,0,OperatingSource,0,0,1,57,Right,1,1,Correct,1,1.036645,1,0,1.000000,TaskSwitchPedal,0,0.500000,0.200000,,0.100000,5.000000,10.000000,-687853315,526.293764,525.242829,525.257118,525.977648,525.991938,0.014289,527.028583,0,1,6,0,OperatingSource,Place,Place.PostPlacementRaising,Place,Place.PostPlacementRaising,1,"{""pedalAxisName"":""TaskSwitchPedal"",""usePlusMinusKeys"":true,""positivePedalKey"":61,""negativePedalKey"":45,""invertPedalAxis"":false,""pressThreshold"":0.5,""releaseThreshold"":0.20000000298023225,""minimumIntervalSeconds"":5.0,""maximumIntervalSeconds"":10.0,""minimumValidReactionSeconds"":0.10000000149011612,""randomSeed"":-687853315}",,0,0.000000,1.036646,CorrectSidePress,1,0,0,1,Correct,1,1.036645,527.028583,1.036646,0.000000,1,0,PlusMinusKeys,0,1
20261008T075632879Z_43fb7f689c074abeb8b5af4155970dec,,,1,1,TrialFinished,Visual,2026-10-08T08:05:19.8938621Z,527.028583,522.833034,21379,6,0,OperatingSource,0,0,1,57,Right,1,1,Correct,1,1.036645,1,0,1.000000,TaskSwitchPedal,0,0.500000,0.200000,,0.100000,5.000000,10.000000,-687853315,526.293764,525.242829,525.257118,525.977648,525.991938,0.014289,527.028583,0,0,6,0,OperatingSource,Place,Place.PostPlacementRaising,Place,Place.PostPlacementRaising,1,"{""pedalAxisName"":""TaskSwitchPedal"",""usePlusMinusKeys"":true,""positivePedalKey"":61,""negativePedalKey"":45,""invertPedalAxis"":false,""pressThreshold"":0.5,""releaseThreshold"":0.20000000298023225,""minimumIntervalSeconds"":5.0,""maximumIntervalSeconds"":10.0,""minimumValidReactionSeconds"":0.10000000149011612,""randomSeed"":-687853315}",,0,0.000000,1.036646,CorrectSidePress,1,0,0,1,Correct,1,1.036645,527.028583,1.036646,0.000000,1,0,PlusMinusKeys,0,1
20261008T075632879Z_43fb7f689c074abeb8b5af4155970dec,,,1,1,StimulusScheduled,Visual,2026-10-08T08:05:19.8938621Z,527.029162,522.833034,21379,6,0,OperatingSource,0,0,1,58,Left,-1,,,,,0,0,1.000000,TaskSwitchPedal,0,0.500000,0.200000,,0.100000,5.000000,10.000000,-687853315,526.294343,532.146061,,532.880880,,,,0,0,,,,,,Place,Place.PostPlacementRaising,1,"{""pedalAxisName"":""TaskSwitchPedal"",""usePlusMinusKeys"":true,""positivePedalKey"":61,""negativePedalKey"":45,""invertPedalAxis"":false,""pressThreshold"":0.5,""releaseThreshold"":0.20000000298023225,""minimumIntervalSeconds"":5.0,""maximumIntervalSeconds"":10.0,""minimumValidReactionSeconds"":0.10000000149011612,""randomSeed"":-687853315}",,0,0.000000,,CorrectSidePress,0,0,0,,,,,,,0.000000,1,0,PlusMinusKeys,0,1
20261008T075632879Z_43fb7f689c074abeb8b5af4155970dec,,,1,1,StimulusOnsetObserved,Visual,2026-10-08T08:05:25.7563240Z,532.891740,528.696271,21630,6,0,OperatingSource,0,0,1,58,Left,-1,,,,,1,0,0.000000,TaskSwitchPedal,0,0.500000,0.200000,,0.100000,5.000000,10.000000,-687853315,532.156921,532.146061,532.156921,532.880880,532.891740,0.010860,,1,0,6,0,OperatingSource,Move1,Move1.PickupCoarseMove,Move1,Move1.PickupCoarseMove,1,"{""pedalAxisName"":""TaskSwitchPedal"",""usePlusMinusKeys"":true,""positivePedalKey"":61,""negativePedalKey"":45,""invertPedalAxis"":false,""pressThreshold"":0.5,""releaseThreshold"":0.20000000298023225,""minimumIntervalSeconds"":5.0,""maximumIntervalSeconds"":10.0,""minimumValidReactionSeconds"":0.10000000149011612,""randomSeed"":-687853315}",,0,0.000000,,CorrectSidePress,0,0,0,,,,,,,0.000000,0,0,Axis,0,1
20261008T075632879Z_43fb7f689c074abeb8b5af4155970dec,,,1,1,PedalPressed,Visual,2026-10-08T08:05:26.7642455Z,533.899155,529.703385,21674,6,0,OperatingSource,0,0,1,58,Left,-1,-1,Correct,1,1.007415,1,0,-1.000000,TaskSwitchPedal,0,0.500000,0.200000,,0.100000,5.000000,10.000000,-687853315,533.164335,532.146061,532.156921,532.880880,532.891740,0.010860,533.899155,1,0,6,0,OperatingSource,Move1,Move1.PickupCoarseMove,Move1,Move1.PickupCoarseMove,1,"{""pedalAxisName"":""TaskSwitchPedal"",""usePlusMinusKeys"":true,""positivePedalKey"":61,""negativePedalKey"":45,""invertPedalAxis"":false,""pressThreshold"":0.5,""releaseThreshold"":0.20000000298023225,""minimumIntervalSeconds"":5.0,""maximumIntervalSeconds"":10.0,""minimumValidReactionSeconds"":0.10000000149011612,""randomSeed"":-687853315}",,0,0.000000,1.007415,CorrectSidePress,1,0,0,-1,Correct,1,1.007415,533.899155,1.007415,0.000000,0,1,PlusMinusKeys,0,1
20261008T075632879Z_43fb7f689c074abeb8b5af4155970dec,,,1,1,TrialFinished,Visual,2026-10-08T08:05:26.7642455Z,533.899155,529.703385,21674,6,0,OperatingSource,0,0,1,58,Left,-1,-1,Correct,1,1.007415,1,0,-1.000000,TaskSwitchPedal,0,0.500000,0.200000,,0.100000,5.000000,10.000000,-687853315,533.164335,532.146061,532.156921,532.880880,532.891740,0.010860,533.899155,0,0,6,0,OperatingSource,Move1,Move1.PickupCoarseMove,Move1,Move1.PickupCoarseMove,1,"{""pedalAxisName"":""TaskSwitchPedal"",""usePlusMinusKeys"":true,""positivePedalKey"":61,""negativePedalKey"":45,""invertPedalAxis"":false,""pressThreshold"":0.5,""releaseThreshold"":0.20000000298023225,""minimumIntervalSeconds"":5.0,""maximumIntervalSeconds"":10.0,""minimumValidReactionSeconds"":0.10000000149011612,""randomSeed"":-687853315}",,0,0.000000,1.007415,CorrectSidePress,1,0,0,-1,Correct,1,1.007415,533.899155,1.007415,0.000000,0,1,PlusMinusKeys,0,1
20261008T075632879Z_43fb7f689c074abeb8b5af4155970dec,,,1,1,StimulusScheduled,Visual,2026-10-08T08:05:26.7642455Z,533.899495,529.703385,21674,6,0,OperatingSource,0,0,1,59,Left,-1,,,,,0,0,-1.000000,TaskSwitchPedal,0,0.500000,0.200000,,0.100000,5.000000,10.000000,-687853315,533.164676,538.259571,,538.994390,,,,0,0,,,,,,Move1,Move1.PickupCoarseMove,1,"{""pedalAxisName"":""TaskSwitchPedal"",""usePlusMinusKeys"":true,""positivePedalKey"":61,""negativePedalKey"":45,""invertPedalAxis"":false,""pressThreshold"":0.5,""releaseThreshold"":0.20000000298023225,""minimumIntervalSeconds"":5.0,""maximumIntervalSeconds"":10.0,""minimumValidReactionSeconds"":0.10000000149011612,""randomSeed"":-687853315}",,0,0.000000,,CorrectSidePress,0,0,0,,,,,,,0.000000,0,1,PlusMinusKeys,0,1
20261008T075632879Z_43fb7f689c074abeb8b5af4155970dec,,,1,1,StimulusOnsetObserved,Visual,2026-10-08T08:05:31.8587697Z,538.994681,534.798897,21886,7,0,CountingDown,0,0,1,59,Left,-1,,,,,1,0,0.000000,TaskSwitchPedal,0,0.500000,0.200000,,0.100000,5.000000,10.000000,-687853315,538.259862,538.259571,538.259862,538.994390,538.994681,0.000291,,1,0,7,0,CountingDown,Move1,Move1.PickupCoarseMove,Move1,Move1.PickupCoarseMove,1,"{""pedalAxisName"":""TaskSwitchPedal"",""usePlusMinusKeys"":true,""positivePedalKey"":61,""negativePedalKey"":45,""invertPedalAxis"":false,""pressThreshold"":0.5,""releaseThreshold"":0.20000000298023225,""minimumIntervalSeconds"":5.0,""maximumIntervalSeconds"":10.0,""minimumValidReactionSeconds"":0.10000000149011612,""randomSeed"":-687853315}",,0,0.000000,,CorrectSidePress,0,0,0,,,,,,,0.000000,0,0,Axis,0,1
20261008T075632879Z_43fb7f689c074abeb8b5af4155970dec,,,1,1,PedalPressed,Visual,2026-10-08T08:05:32.8933534Z,540.028658,535.833958,21929,7,1,WaitingForConfirmation,1,0,1,59,Left,-1,-1,Correct,1,1.033977,1,0,-1.000000,TaskSwitchPedal,0,0.500000,0.200000,,0.100000,5.000000,10.000000,-687853315,539.293839,538.259571,538.259862,538.994390,538.994681,0.000291,540.028658,1,0,7,0,CountingDown,Move1,Move1.PickupCoarseMove,Place,,1,"{""pedalAxisName"":""TaskSwitchPedal"",""usePlusMinusKeys"":true,""positivePedalKey"":61,""negativePedalKey"":45,""invertPedalAxis"":false,""pressThreshold"":0.5,""releaseThreshold"":0.20000000298023225,""minimumIntervalSeconds"":5.0,""maximumIntervalSeconds"":10.0,""minimumValidReactionSeconds"":0.10000000149011612,""randomSeed"":-687853315}",,0,0.000000,1.033977,CorrectSidePress,1,0,0,-1,Correct,1,1.033977,540.028658,1.033977,0.000000,0,1,PlusMinusKeys,0,1
20261008T075632879Z_43fb7f689c074abeb8b5af4155970dec,,,1,1,TrialFinished,Visual,2026-10-08T08:05:32.8933534Z,540.028658,535.833958,21929,7,1,WaitingForConfirmation,1,0,1,59,Left,-1,-1,Correct,1,1.033977,1,0,-1.000000,TaskSwitchPedal,0,0.500000,0.200000,,0.100000,5.000000,10.000000,-687853315,539.293839,538.259571,538.259862,538.994390,538.994681,0.000291,540.028658,0,0,7,0,CountingDown,Move1,Move1.PickupCoarseMove,Place,,1,"{""pedalAxisName"":""TaskSwitchPedal"",""usePlusMinusKeys"":true,""positivePedalKey"":61,""negativePedalKey"":45,""invertPedalAxis"":false,""pressThreshold"":0.5,""releaseThreshold"":0.20000000298023225,""minimumIntervalSeconds"":5.0,""maximumIntervalSeconds"":10.0,""minimumValidReactionSeconds"":0.10000000149011612,""randomSeed"":-687853315}",,0,0.000000,1.033977,CorrectSidePress,1,0,0,-1,Correct,1,1.033977,540.028658,1.033977,0.000000,0,1,PlusMinusKeys,0,1
20261008T075632879Z_43fb7f689c074abeb8b5af4155970dec,,,1,1,StimulusScheduled,Visual,2026-10-08T08:05:32.8933534Z,540.029019,535.833958,21929,7,1,WaitingForConfirmation,1,0,1,60,Left,-1,,,,,0,0,-1.000000,TaskSwitchPedal,0,0.500000,0.200000,,0.100000,5.000000,10.000000,-687853315,539.294200,547.993830,,548.728649,,,,0,0,,,,,,Place,,1,"{""pedalAxisName"":""TaskSwitchPedal"",""usePlusMinusKeys"":true,""positivePedalKey"":61,""negativePedalKey"":45,""invertPedalAxis"":false,""pressThreshold"":0.5,""releaseThreshold"":0.20000000298023225,""minimumIntervalSeconds"":5.0,""maximumIntervalSeconds"":10.0,""minimumValidReactionSeconds"":0.10000000149011612,""randomSeed"":-687853315}",,0,0.000000,,CorrectSidePress,0,0,0,,,,,,,0.000000,0,1,PlusMinusKeys,0,1
20261008T075632879Z_43fb7f689c074abeb8b5af4155970dec,,,1,1,StimulusOnsetObserved,Visual,2026-10-08T08:05:41.5957205Z,548.731840,544.536836,22303,7,1,OperatingTarget,0,0,1,60,Left,-1,,,,,1,0,0.000000,TaskSwitchPedal,0,0.500000,0.200000,,0.100000,5.000000,10.000000,-687853315,547.997021,547.993830,547.997021,548.728649,548.731840,0.003191,,1,0,7,1,OperatingTarget,Move1,Move1.PickupCoarseMove,Move1,Move1.PickupCoarseMove,1,"{""pedalAxisName"":""TaskSwitchPedal"",""usePlusMinusKeys"":true,""positivePedalKey"":61,""negativePedalKey"":45,""invertPedalAxis"":false,""pressThreshold"":0.5,""releaseThreshold"":0.20000000298023225,""minimumIntervalSeconds"":5.0,""maximumIntervalSeconds"":10.0,""minimumValidReactionSeconds"":0.10000000149011612,""randomSeed"":-687853315}",,0,0.000000,,CorrectSidePress,0,0,0,,,,,,,0.000000,0,0,Axis,0,1
20261008T075632879Z_43fb7f689c074abeb8b5af4155970dec,,,1,1,PedalPressed,Visual,2026-10-08T08:05:42.9710525Z,550.107669,545.908831,22355,7,1,OperatingTarget,0,0,1,60,Left,-1,-1,Correct,1,1.375829,1,0,-1.000000,TaskSwitchPedal,0,0.500000,0.200000,,0.100000,5.000000,10.000000,-687853315,549.372849,547.993830,547.997021,548.728649,548.731840,0.003191,550.107669,1,0,7,1,OperatingTarget,Move1,Move1.PickupCoarseMove,Move1,Move1.PickupFineAlign,1,"{""pedalAxisName"":""TaskSwitchPedal"",""usePlusMinusKeys"":true,""positivePedalKey"":61,""negativePedalKey"":45,""invertPedalAxis"":false,""pressThreshold"":0.5,""releaseThreshold"":0.20000000298023225,""minimumIntervalSeconds"":5.0,""maximumIntervalSeconds"":10.0,""minimumValidReactionSeconds"":0.10000000149011612,""randomSeed"":-687853315}",,0,0.000000,1.375829,CorrectSidePress,1,0,0,-1,Correct,1,1.375829,550.107669,1.375829,0.000000,0,1,PlusMinusKeys,0,1
20261008T075632879Z_43fb7f689c074abeb8b5af4155970dec,,,1,1,TrialFinished,Visual,2026-10-08T08:05:42.9710525Z,550.107669,545.908831,22355,7,1,OperatingTarget,0,0,1,60,Left,-1,-1,Correct,1,1.375829,1,0,-1.000000,TaskSwitchPedal,0,0.500000,0.200000,,0.100000,5.000000,10.000000,-687853315,549.372849,547.993830,547.997021,548.728649,548.731840,0.003191,550.107669,0,0,7,1,OperatingTarget,Move1,Move1.PickupCoarseMove,Move1,Move1.PickupFineAlign,1,"{""pedalAxisName"":""TaskSwitchPedal"",""usePlusMinusKeys"":true,""positivePedalKey"":61,""negativePedalKey"":45,""invertPedalAxis"":false,""pressThreshold"":0.5,""releaseThreshold"":0.20000000298023225,""minimumIntervalSeconds"":5.0,""maximumIntervalSeconds"":10.0,""minimumValidReactionSeconds"":0.10000000149011612,""randomSeed"":-687853315}",,0,0.000000,1.375829,CorrectSidePress,1,0,0,-1,Correct,1,1.375829,550.107669,1.375829,0.000000,0,1,PlusMinusKeys,0,1
20261008T075632879Z_43fb7f689c074abeb8b5af4155970dec,,,1,1,StimulusScheduled,Visual,2026-10-08T08:05:42.9710525Z,550.108182,545.908831,22355,7,1,OperatingTarget,0,0,1,61,Right,1,,,,,0,0,-1.000000,TaskSwitchPedal,0,0.500000,0.200000,,0.100000,5.000000,10.000000,-687853315,549.373363,557.315830,,558.050649,,,,0,0,,,,,,Move1,Move1.PickupFineAlign,1,"{""pedalAxisName"":""TaskSwitchPedal"",""usePlusMinusKeys"":true,""positivePedalKey"":61,""negativePedalKey"":45,""invertPedalAxis"":false,""pressThreshold"":0.5,""releaseThreshold"":0.20000000298023225,""minimumIntervalSeconds"":5.0,""maximumIntervalSeconds"":10.0,""minimumValidReactionSeconds"":0.10000000149011612,""randomSeed"":-687853315}",,0,0.000000,,CorrectSidePress,0,0,0,,,,,,,0.000000,0,1,PlusMinusKeys,0,1
20261008T075632879Z_43fb7f689c074abeb8b5af4155970dec,,,1,1,StimulusOnsetObserved,Visual,2026-10-08T08:05:50.9746531Z,558.111448,553.915018,22698,7,1,OperatingTarget,0,0,1,61,Right,1,,,,,1,0,0.000000,TaskSwitchPedal,0,0.500000,0.200000,,0.100000,5.000000,10.000000,-687853315,557.376629,557.315830,557.376629,558.050649,558.111448,0.060799,,0,1,7,1,OperatingTarget,Move1,Move1.PickupFineAlign,Move1,Move1.PickupFineAlign,1,"{""pedalAxisName"":""TaskSwitchPedal"",""usePlusMinusKeys"":true,""positivePedalKey"":61,""negativePedalKey"":45,""invertPedalAxis"":false,""pressThreshold"":0.5,""releaseThreshold"":0.20000000298023225,""minimumIntervalSeconds"":5.0,""maximumIntervalSeconds"":10.0,""minimumValidReactionSeconds"":0.10000000149011612,""randomSeed"":-687853315}",,0,0.000000,,CorrectSidePress,0,0,0,,,,,,,0.000000,0,0,Axis,0,1
20261008T075632879Z_43fb7f689c074abeb8b5af4155970dec,,,1,1,PedalPressed,Visual,2026-10-08T08:05:52.0196379Z,559.156334,554.960004,22746,7,1,OperatingTarget,0,0,1,61,Right,1,1,Correct,1,1.044886,1,0,1.000000,TaskSwitchPedal,0,0.500000,0.200000,,0.100000,5.000000,10.000000,-687853315,558.421515,557.315830,557.376629,558.050649,558.111448,0.060799,559.156334,0,1,7,1,OperatingTarget,Move1,Move1.PickupFineAlign,Move1,Move1.PickupFineAlign,1,"{""pedalAxisName"":""TaskSwitchPedal"",""usePlusMinusKeys"":true,""positivePedalKey"":61,""negativePedalKey"":45,""invertPedalAxis"":false,""pressThreshold"":0.5,""releaseThreshold"":0.20000000298023225,""minimumIntervalSeconds"":5.0,""maximumIntervalSeconds"":10.0,""minimumValidReactionSeconds"":0.10000000149011612,""randomSeed"":-687853315}",,0,0.000000,1.044886,CorrectSidePress,1,0,0,1,Correct,1,1.044886,559.156334,1.044886,0.000000,1,0,PlusMinusKeys,0,1
20261008T075632879Z_43fb7f689c074abeb8b5af4155970dec,,,1,1,TrialFinished,Visual,2026-10-08T08:05:52.0196379Z,559.156334,554.960004,22746,7,1,OperatingTarget,0,0,1,61,Right,1,1,Correct,1,1.044886,1,0,1.000000,TaskSwitchPedal,0,0.500000,0.200000,,0.100000,5.000000,10.000000,-687853315,558.421515,557.315830,557.376629,558.050649,558.111448,0.060799,559.156334,0,0,7,1,OperatingTarget,Move1,Move1.PickupFineAlign,Move1,Move1.PickupFineAlign,1,"{""pedalAxisName"":""TaskSwitchPedal"",""usePlusMinusKeys"":true,""positivePedalKey"":61,""negativePedalKey"":45,""invertPedalAxis"":false,""pressThreshold"":0.5,""releaseThreshold"":0.20000000298023225,""minimumIntervalSeconds"":5.0,""maximumIntervalSeconds"":10.0,""minimumValidReactionSeconds"":0.10000000149011612,""randomSeed"":-687853315}",,0,0.000000,1.044886,CorrectSidePress,1,0,0,1,Correct,1,1.044886,559.156334,1.044886,0.000000,1,0,PlusMinusKeys,0,1
20261008T075632879Z_43fb7f689c074abeb8b5af4155970dec,,,1,1,StimulusScheduled,Visual,2026-10-08T08:05:52.0196379Z,559.156657,554.960004,22746,7,1,OperatingTarget,0,0,1,62,Right,1,,,,,0,0,1.000000,TaskSwitchPedal,0,0.500000,0.200000,,0.100000,5.000000,10.000000,-687853315,558.421838,563.837237,,564.572057,,,,0,0,,,,,,Move1,Move1.PickupFineAlign,1,"{""pedalAxisName"":""TaskSwitchPedal"",""usePlusMinusKeys"":true,""positivePedalKey"":61,""negativePedalKey"":45,""invertPedalAxis"":false,""pressThreshold"":0.5,""releaseThreshold"":0.20000000298023225,""minimumIntervalSeconds"":5.0,""maximumIntervalSeconds"":10.0,""minimumValidReactionSeconds"":0.10000000149011612,""randomSeed"":-687853315}",,0,0.000000,,CorrectSidePress,0,0,0,,,,,,,0.000000,1,0,PlusMinusKeys,0,1
20261008T075632879Z_43fb7f689c074abeb8b5af4155970dec,,,1,1,StimulusOnsetObserved,Visual,2026-10-08T08:05:57.4755015Z,564.612445,560.413100,22924,7,1,OperatingTarget,0,0,1,62,Right,1,,,,,1,0,0.000000,TaskSwitchPedal,0,0.500000,0.200000,,0.100000,5.000000,10.000000,-687853315,563.877626,563.837237,563.877626,564.572057,564.612445,0.040389,,0,1,7,1,OperatingTarget,LiftUp,LiftUp.PickupLowering,LiftUp,LiftUp.PickupLowering,1,"{""pedalAxisName"":""TaskSwitchPedal"",""usePlusMinusKeys"":true,""positivePedalKey"":61,""negativePedalKey"":45,""invertPedalAxis"":false,""pressThreshold"":0.5,""releaseThreshold"":0.20000000298023225,""minimumIntervalSeconds"":5.0,""maximumIntervalSeconds"":10.0,""minimumValidReactionSeconds"":0.10000000149011612,""randomSeed"":-687853315}",,0,0.000000,,CorrectSidePress,0,0,0,,,,,,,0.000000,0,0,Axis,0,1
20261008T075632879Z_43fb7f689c074abeb8b5af4155970dec,,,1,1,PedalPressed,Visual,2026-10-08T08:05:58.6423551Z,565.779668,561.580942,22957,7,1,OperatingTarget,0,0,1,62,Right,1,1,Correct,1,1.167223,1,0,1.000000,TaskSwitchPedal,0,0.500000,0.200000,,0.100000,5.000000,10.000000,-687853315,565.044849,563.837237,563.877626,564.572057,564.612445,0.040389,565.779668,0,1,7,1,OperatingTarget,LiftUp,LiftUp.PickupLowering,LiftUp,LiftUp.PickupLowering,1,"{""pedalAxisName"":""TaskSwitchPedal"",""usePlusMinusKeys"":true,""positivePedalKey"":61,""negativePedalKey"":45,""invertPedalAxis"":false,""pressThreshold"":0.5,""releaseThreshold"":0.20000000298023225,""minimumIntervalSeconds"":5.0,""maximumIntervalSeconds"":10.0,""minimumValidReactionSeconds"":0.10000000149011612,""randomSeed"":-687853315}",,0,0.000000,1.167223,CorrectSidePress,1,0,0,1,Correct,1,1.167223,565.779668,1.167223,0.000000,1,0,PlusMinusKeys,0,1
20261008T075632879Z_43fb7f689c074abeb8b5af4155970dec,,,1,1,TrialFinished,Visual,2026-10-08T08:05:58.6423551Z,565.779668,561.580942,22957,7,1,OperatingTarget,0,0,1,62,Right,1,1,Correct,1,1.167223,1,0,1.000000,TaskSwitchPedal,0,0.500000,0.200000,,0.100000,5.000000,10.000000,-687853315,565.044849,563.837237,563.877626,564.572057,564.612445,0.040389,565.779668,0,0,7,1,OperatingTarget,LiftUp,LiftUp.PickupLowering,LiftUp,LiftUp.PickupLowering,1,"{""pedalAxisName"":""TaskSwitchPedal"",""usePlusMinusKeys"":true,""positivePedalKey"":61,""negativePedalKey"":45,""invertPedalAxis"":false,""pressThreshold"":0.5,""releaseThreshold"":0.20000000298023225,""minimumIntervalSeconds"":5.0,""maximumIntervalSeconds"":10.0,""minimumValidReactionSeconds"":0.10000000149011612,""randomSeed"":-687853315}",,0,0.000000,1.167223,CorrectSidePress,1,0,0,1,Correct,1,1.167223,565.779668,1.167223,0.000000,1,0,PlusMinusKeys,0,1
20261008T075632879Z_43fb7f689c074abeb8b5af4155970dec,,,1,1,StimulusScheduled,Visual,2026-10-08T08:05:58.6423551Z,565.780181,561.580942,22957,7,1,OperatingTarget,0,0,1,63,Left,-1,,,,,0,0,1.000000,TaskSwitchPedal,0,0.500000,0.200000,,0.100000,5.000000,10.000000,-687853315,565.045361,574.486544,,575.221363,,,,0,0,,,,,,LiftUp,LiftUp.PickupLowering,1,"{""pedalAxisName"":""TaskSwitchPedal"",""usePlusMinusKeys"":true,""positivePedalKey"":61,""negativePedalKey"":45,""invertPedalAxis"":false,""pressThreshold"":0.5,""releaseThreshold"":0.20000000298023225,""minimumIntervalSeconds"":5.0,""maximumIntervalSeconds"":10.0,""minimumValidReactionSeconds"":0.10000000149011612,""randomSeed"":-687853315}",,0,0.000000,,CorrectSidePress,0,0,0,,,,,,,0.000000,1,0,PlusMinusKeys,0,1
20261008T075632879Z_43fb7f689c074abeb8b5af4155970dec,,,1,1,StimulusOnsetObserved,Visual,2026-10-08T08:06:08.1640640Z,575.301772,571.103016,23235,7,1,OperatingTarget,0,0,1,63,Left,-1,,,,,1,0,0.000000,TaskSwitchPedal,0,0.500000,0.200000,,0.100000,5.000000,10.000000,-687853315,574.566953,574.486544,574.566953,575.221363,575.301772,0.080409,,1,0,7,1,OperatingTarget,LiftUp,LiftUp.LoadedRaising,LiftUp,LiftUp.LoadedRaising,1,"{""pedalAxisName"":""TaskSwitchPedal"",""usePlusMinusKeys"":true,""positivePedalKey"":61,""negativePedalKey"":45,""invertPedalAxis"":false,""pressThreshold"":0.5,""releaseThreshold"":0.20000000298023225,""minimumIntervalSeconds"":5.0,""maximumIntervalSeconds"":10.0,""minimumValidReactionSeconds"":0.10000000149011612,""randomSeed"":-687853315}",,0,0.000000,,CorrectSidePress,0,0,0,,,,,,,0.000000,0,0,Axis,0,1
20261008T075632879Z_43fb7f689c074abeb8b5af4155970dec,,,1,1,PedalPressed,Visual,2026-10-08T08:06:09.0639654Z,576.202345,572.006278,23262,7,1,OperatingTarget,0,0,1,63,Left,-1,-1,Correct,1,0.900573,1,0,-1.000000,TaskSwitchPedal,0,0.500000,0.200000,,0.100000,5.000000,10.000000,-687853315,575.467526,574.486544,574.566953,575.221363,575.301772,0.080409,576.202345,1,0,7,1,OperatingTarget,LiftUp,LiftUp.LoadedRaising,LiftUp,LiftUp.LoadedRaising,1,"{""pedalAxisName"":""TaskSwitchPedal"",""usePlusMinusKeys"":true,""positivePedalKey"":61,""negativePedalKey"":45,""invertPedalAxis"":false,""pressThreshold"":0.5,""releaseThreshold"":0.20000000298023225,""minimumIntervalSeconds"":5.0,""maximumIntervalSeconds"":10.0,""minimumValidReactionSeconds"":0.10000000149011612,""randomSeed"":-687853315}",,0,0.000000,0.900573,CorrectSidePress,1,0,0,-1,Correct,1,0.900573,576.202345,0.900573,0.000000,0,1,PlusMinusKeys,0,1
20261008T075632879Z_43fb7f689c074abeb8b5af4155970dec,,,1,1,TrialFinished,Visual,2026-10-08T08:06:09.0639654Z,576.202345,572.006278,23262,7,1,OperatingTarget,0,0,1,63,Left,-1,-1,Correct,1,0.900573,1,0,-1.000000,TaskSwitchPedal,0,0.500000,0.200000,,0.100000,5.000000,10.000000,-687853315,575.467526,574.486544,574.566953,575.221363,575.301772,0.080409,576.202345,0,0,7,1,OperatingTarget,LiftUp,LiftUp.LoadedRaising,LiftUp,LiftUp.LoadedRaising,1,"{""pedalAxisName"":""TaskSwitchPedal"",""usePlusMinusKeys"":true,""positivePedalKey"":61,""negativePedalKey"":45,""invertPedalAxis"":false,""pressThreshold"":0.5,""releaseThreshold"":0.20000000298023225,""minimumIntervalSeconds"":5.0,""maximumIntervalSeconds"":10.0,""minimumValidReactionSeconds"":0.10000000149011612,""randomSeed"":-687853315}",,0,0.000000,0.900573,CorrectSidePress,1,0,0,-1,Correct,1,0.900573,576.202345,0.900573,0.000000,0,1,PlusMinusKeys,0,1
20261008T075632879Z_43fb7f689c074abeb8b5af4155970dec,,,1,1,StimulusScheduled,Visual,2026-10-08T08:06:09.0639654Z,576.202646,572.006278,23262,7,1,OperatingTarget,0,0,1,64,Right,1,,,,,0,0,-1.000000,TaskSwitchPedal,0,0.500000,0.200000,,0.100000,5.000000,10.000000,-687853315,575.467827,581.057419,,581.792238,,,,0,0,,,,,,LiftUp,LiftUp.LoadedRaising,1,"{""pedalAxisName"":""TaskSwitchPedal"",""usePlusMinusKeys"":true,""positivePedalKey"":61,""negativePedalKey"":45,""invertPedalAxis"":false,""pressThreshold"":0.5,""releaseThreshold"":0.20000000298023225,""minimumIntervalSeconds"":5.0,""maximumIntervalSeconds"":10.0,""minimumValidReactionSeconds"":0.10000000149011612,""randomSeed"":-687853315}",,0,0.000000,,CorrectSidePress,0,0,0,,,,,,,0.000000,0,1,PlusMinusKeys,0,1
20261008T075632879Z_43fb7f689c074abeb8b5af4155970dec,,,1,1,StimulusOnsetObserved,Visual,2026-10-08T08:06:14.6548921Z,581.793176,577.597750,23459,7,0,OperatingSource,0,0,1,64,Right,1,,,,,1,0,0.000000,TaskSwitchPedal,0,0.500000,0.200000,,0.100000,5.000000,10.000000,-687853315,581.058357,581.057419,581.058357,581.792238,581.793176,0.000938,,0,1,7,0,OperatingSource,Move1,Move1.PickupCoarseMove,Move1,Move1.PickupCoarseMove,1,"{""pedalAxisName"":""TaskSwitchPedal"",""usePlusMinusKeys"":true,""positivePedalKey"":61,""negativePedalKey"":45,""invertPedalAxis"":false,""pressThreshold"":0.5,""releaseThreshold"":0.20000000298023225,""minimumIntervalSeconds"":5.0,""maximumIntervalSeconds"":10.0,""minimumValidReactionSeconds"":0.10000000149011612,""randomSeed"":-687853315}",,0,0.000000,,CorrectSidePress,0,0,0,,,,,,,0.000000,0,0,Axis,0,1
20261008T075632879Z_43fb7f689c074abeb8b5af4155970dec,,,1,1,PedalPressed,Visual,2026-10-08T08:06:15.6613107Z,582.800148,578.604835,23498,7,0,OperatingSource,0,0,1,64,Right,1,1,Correct,1,1.006972,1,0,1.000000,TaskSwitchPedal,0,0.500000,0.200000,,0.100000,5.000000,10.000000,-687853315,582.065329,581.057419,581.058357,581.792238,581.793176,0.000938,582.800148,0,1,7,0,OperatingSource,Move1,Move1.PickupCoarseMove,Move1,Move1.PickupCoarseMove,1,"{""pedalAxisName"":""TaskSwitchPedal"",""usePlusMinusKeys"":true,""positivePedalKey"":61,""negativePedalKey"":45,""invertPedalAxis"":false,""pressThreshold"":0.5,""releaseThreshold"":0.20000000298023225,""minimumIntervalSeconds"":5.0,""maximumIntervalSeconds"":10.0,""minimumValidReactionSeconds"":0.10000000149011612,""randomSeed"":-687853315}",,0,0.000000,1.006972,CorrectSidePress,1,0,0,1,Correct,1,1.006972,582.800148,1.006972,0.000000,1,0,PlusMinusKeys,0,1
20261008T075632879Z_43fb7f689c074abeb8b5af4155970dec,,,1,1,TrialFinished,Visual,2026-10-08T08:06:15.6613107Z,582.800148,578.604835,23498,7,0,OperatingSource,0,0,1,64,Right,1,1,Correct,1,1.006972,1,0,1.000000,TaskSwitchPedal,0,0.500000,0.200000,,0.100000,5.000000,10.000000,-687853315,582.065329,581.057419,581.058357,581.792238,581.793176,0.000938,582.800148,0,0,7,0,OperatingSource,Move1,Move1.PickupCoarseMove,Move1,Move1.PickupCoarseMove,1,"{""pedalAxisName"":""TaskSwitchPedal"",""usePlusMinusKeys"":true,""positivePedalKey"":61,""negativePedalKey"":45,""invertPedalAxis"":false,""pressThreshold"":0.5,""releaseThreshold"":0.20000000298023225,""minimumIntervalSeconds"":5.0,""maximumIntervalSeconds"":10.0,""minimumValidReactionSeconds"":0.10000000149011612,""randomSeed"":-687853315}",,0,0.000000,1.006972,CorrectSidePress,1,0,0,1,Correct,1,1.006972,582.800148,1.006972,0.000000,1,0,PlusMinusKeys,0,1
20261008T075632879Z_43fb7f689c074abeb8b5af4155970dec,,,1,1,StimulusScheduled,Visual,2026-10-08T08:06:15.6613107Z,582.800534,578.604835,23498,7,0,OperatingSource,0,0,1,65,Right,1,,,,,0,0,1.000000,TaskSwitchPedal,0,0.500000,0.200000,,0.100000,5.000000,10.000000,-687853315,582.065715,589.323305,,590.058124,,,,0,0,,,,,,Move1,Move1.PickupCoarseMove,1,"{""pedalAxisName"":""TaskSwitchPedal"",""usePlusMinusKeys"":true,""positivePedalKey"":61,""negativePedalKey"":45,""invertPedalAxis"":false,""pressThreshold"":0.5,""releaseThreshold"":0.20000000298023225,""minimumIntervalSeconds"":5.0,""maximumIntervalSeconds"":10.0,""minimumValidReactionSeconds"":0.10000000149011612,""randomSeed"":-687853315}",,0,0.000000,,CorrectSidePress,0,0,0,,,,,,,0.000000,1,0,PlusMinusKeys,0,1
20261008T075632879Z_43fb7f689c074abeb8b5af4155970dec,,,1,1,StimulusOnsetObserved,Visual,2026-10-08T08:06:22.9248662Z,590.063538,585.867718,23787,7,0,OperatingSource,0,0,1,65,Right,1,,,,,1,0,0.000000,TaskSwitchPedal,0,0.500000,0.200000,,0.100000,5.000000,10.000000,-687853315,589.328718,589.323305,589.328718,590.058124,590.063538,0.005414,,0,1,7,0,OperatingSource,LiftUp,LiftUp.PickupLowering,LiftUp,LiftUp.PickupLowering,1,"{""pedalAxisName"":""TaskSwitchPedal"",""usePlusMinusKeys"":true,""positivePedalKey"":61,""negativePedalKey"":45,""invertPedalAxis"":false,""pressThreshold"":0.5,""releaseThreshold"":0.20000000298023225,""minimumIntervalSeconds"":5.0,""maximumIntervalSeconds"":10.0,""minimumValidReactionSeconds"":0.10000000149011612,""randomSeed"":-687853315}",,0,0.000000,,CorrectSidePress,0,0,0,,,,,,,0.000000,0,0,Axis,0,1
20261008T075632879Z_43fb7f689c074abeb8b5af4155970dec,,,1,1,PedalPressed,Visual,2026-10-08T08:06:24.1907988Z,591.329322,587.130535,23823,7,0,OperatingSource,0,0,1,65,Right,1,1,Correct,1,1.265784,1,0,1.000000,TaskSwitchPedal,0,0.500000,0.200000,,0.100000,5.000000,10.000000,-687853315,590.594502,589.323305,589.328718,590.058124,590.063538,0.005414,591.329322,0,1,7,0,OperatingSource,LiftUp,LiftUp.PickupLowering,LiftUp,LiftUp.PickupLowering,1,"{""pedalAxisName"":""TaskSwitchPedal"",""usePlusMinusKeys"":true,""positivePedalKey"":61,""negativePedalKey"":45,""invertPedalAxis"":false,""pressThreshold"":0.5,""releaseThreshold"":0.20000000298023225,""minimumIntervalSeconds"":5.0,""maximumIntervalSeconds"":10.0,""minimumValidReactionSeconds"":0.10000000149011612,""randomSeed"":-687853315}",,0,0.000000,1.265784,CorrectSidePress,1,0,0,1,Correct,1,1.265784,591.329322,1.265784,0.000000,1,0,PlusMinusKeys,0,1
20261008T075632879Z_43fb7f689c074abeb8b5af4155970dec,,,1,1,TrialFinished,Visual,2026-10-08T08:06:24.1907988Z,591.329322,587.130535,23823,7,0,OperatingSource,0,0,1,65,Right,1,1,Correct,1,1.265784,1,0,1.000000,TaskSwitchPedal,0,0.500000,0.200000,,0.100000,5.000000,10.000000,-687853315,590.594502,589.323305,589.328718,590.058124,590.063538,0.005414,591.329322,0,0,7,0,OperatingSource,LiftUp,LiftUp.PickupLowering,LiftUp,LiftUp.PickupLowering,1,"{""pedalAxisName"":""TaskSwitchPedal"",""usePlusMinusKeys"":true,""positivePedalKey"":61,""negativePedalKey"":45,""invertPedalAxis"":false,""pressThreshold"":0.5,""releaseThreshold"":0.20000000298023225,""minimumIntervalSeconds"":5.0,""maximumIntervalSeconds"":10.0,""minimumValidReactionSeconds"":0.10000000149011612,""randomSeed"":-687853315}",,0,0.000000,1.265784,CorrectSidePress,1,0,0,1,Correct,1,1.265784,591.329322,1.265784,0.000000,1,0,PlusMinusKeys,0,1
20261008T075632879Z_43fb7f689c074abeb8b5af4155970dec,,,1,1,StimulusScheduled,Visual,2026-10-08T08:06:24.1907988Z,591.329792,587.130535,23823,7,0,OperatingSource,0,0,1,66,Right,1,,,,,0,0,1.000000,TaskSwitchPedal,0,0.500000,0.200000,,0.100000,5.000000,10.000000,-687853315,590.594973,599.166100,,599.900919,,,,0,0,,,,,,LiftUp,LiftUp.PickupLowering,1,"{""pedalAxisName"":""TaskSwitchPedal"",""usePlusMinusKeys"":true,""positivePedalKey"":61,""negativePedalKey"":45,""invertPedalAxis"":false,""pressThreshold"":0.5,""releaseThreshold"":0.20000000298023225,""minimumIntervalSeconds"":5.0,""maximumIntervalSeconds"":10.0,""minimumValidReactionSeconds"":0.10000000149011612,""randomSeed"":-687853315}",,0,0.000000,,CorrectSidePress,0,0,0,,,,,,,0.000000,1,0,PlusMinusKeys,0,1
20261008T075632879Z_43fb7f689c074abeb8b5af4155970dec,,,1,1,StimulusOnsetObserved,Visual,2026-10-08T08:06:32.7743652Z,599.914178,595.718973,24088,8,1,WaitingForConfirmation,1,0,1,66,Right,1,,,,,1,0,0.000000,TaskSwitchPedal,0,0.500000,0.200000,,0.100000,5.000000,10.000000,-687853315,599.179358,599.166100,599.179358,599.900919,599.914178,0.013258,,0,1,8,1,WaitingForConfirmation,LiftUp,,LiftUp,,1,"{""pedalAxisName"":""TaskSwitchPedal"",""usePlusMinusKeys"":true,""positivePedalKey"":61,""negativePedalKey"":45,""invertPedalAxis"":false,""pressThreshold"":0.5,""releaseThreshold"":0.20000000298023225,""minimumIntervalSeconds"":5.0,""maximumIntervalSeconds"":10.0,""minimumValidReactionSeconds"":0.10000000149011612,""randomSeed"":-687853315}",,0,0.000000,,CorrectSidePress,0,0,0,,,,,,,0.000000,0,0,Axis,0,1
20261008T075632879Z_43fb7f689c074abeb8b5af4155970dec,,,1,1,PedalPressed,Visual,2026-10-08T08:06:33.9850042Z,601.125799,596.930776,24138,8,1,OperatingTarget,0,0,1,66,Right,1,1,Correct,1,1.211621,1,0,1.000000,TaskSwitchPedal,0,0.500000,0.200000,,0.100000,5.000000,10.000000,-687853315,600.390979,599.166100,599.179358,599.900919,599.914178,0.013258,601.125799,0,1,8,1,WaitingForConfirmation,LiftUp,,Move2,Move2.DestinationCoarseMove,1,"{""pedalAxisName"":""TaskSwitchPedal"",""usePlusMinusKeys"":true,""positivePedalKey"":61,""negativePedalKey"":45,""invertPedalAxis"":false,""pressThreshold"":0.5,""releaseThreshold"":0.20000000298023225,""minimumIntervalSeconds"":5.0,""maximumIntervalSeconds"":10.0,""minimumValidReactionSeconds"":0.10000000149011612,""randomSeed"":-687853315}",,0,0.000000,1.211621,CorrectSidePress,1,0,0,1,Correct,1,1.211621,601.125799,1.211621,0.000000,1,0,PlusMinusKeys,0,1
20261008T075632879Z_43fb7f689c074abeb8b5af4155970dec,,,1,1,TrialFinished,Visual,2026-10-08T08:06:33.9850042Z,601.125799,596.930776,24138,8,1,OperatingTarget,0,0,1,66,Right,1,1,Correct,1,1.211621,1,0,1.000000,TaskSwitchPedal,0,0.500000,0.200000,,0.100000,5.000000,10.000000,-687853315,600.390979,599.166100,599.179358,599.900919,599.914178,0.013258,601.125799,0,0,8,1,WaitingForConfirmation,LiftUp,,Move2,Move2.DestinationCoarseMove,1,"{""pedalAxisName"":""TaskSwitchPedal"",""usePlusMinusKeys"":true,""positivePedalKey"":61,""negativePedalKey"":45,""invertPedalAxis"":false,""pressThreshold"":0.5,""releaseThreshold"":0.20000000298023225,""minimumIntervalSeconds"":5.0,""maximumIntervalSeconds"":10.0,""minimumValidReactionSeconds"":0.10000000149011612,""randomSeed"":-687853315}",,0,0.000000,1.211621,CorrectSidePress,1,0,0,1,Correct,1,1.211621,601.125799,1.211621,0.000000,1,0,PlusMinusKeys,0,1
20261008T075632879Z_43fb7f689c074abeb8b5af4155970dec,,,1,1,StimulusScheduled,Visual,2026-10-08T08:06:33.9870141Z,601.126183,596.930776,24138,8,1,OperatingTarget,0,0,1,67,Left,-1,,,,,0,0,1.000000,TaskSwitchPedal,0,0.500000,0.200000,,0.100000,5.000000,10.000000,-687853315,600.391364,608.327326,,609.062145,,,,0,0,,,,,,Move2,Move2.DestinationCoarseMove,1,"{""pedalAxisName"":""TaskSwitchPedal"",""usePlusMinusKeys"":true,""positivePedalKey"":61,""negativePedalKey"":45,""invertPedalAxis"":false,""pressThreshold"":0.5,""releaseThreshold"":0.20000000298023225,""minimumIntervalSeconds"":5.0,""maximumIntervalSeconds"":10.0,""minimumValidReactionSeconds"":0.10000000149011612,""randomSeed"":-687853315}",,0,0.000000,,CorrectSidePress,0,0,0,,,,,,,0.000000,1,0,PlusMinusKeys,0,1
20261008T075632879Z_43fb7f689c074abeb8b5af4155970dec,,,1,1,StimulusOnsetObserved,Visual,2026-10-08T08:06:41.9865933Z,609.126876,604.928724,24471,8,1,OperatingTarget,0,0,1,67,Left,-1,,,,,1,0,0.000000,TaskSwitchPedal,0,0.500000,0.200000,,0.100000,5.000000,10.000000,-687853315,608.392057,608.327326,608.392057,609.062145,609.126876,0.064731,,1,0,8,1,OperatingTarget,Move2,Move2.DestinationFineAlign,Move2,Move2.DestinationFineAlign,1,"{""pedalAxisName"":""TaskSwitchPedal"",""usePlusMinusKeys"":true,""positivePedalKey"":61,""negativePedalKey"":45,""invertPedalAxis"":false,""pressThreshold"":0.5,""releaseThreshold"":0.20000000298023225,""minimumIntervalSeconds"":5.0,""maximumIntervalSeconds"":10.0,""minimumValidReactionSeconds"":0.10000000149011612,""randomSeed"":-687853315}",,0,0.000000,,CorrectSidePress,0,0,0,,,,,,,0.000000,0,0,Axis,0,1
20261008T075632879Z_43fb7f689c074abeb8b5af4155970dec,,,1,1,PedalPressed,Visual,2026-10-08T08:06:43.0720292Z,610.212122,606.016879,24514,8,1,OperatingTarget,0,0,1,67,Left,-1,-1,Correct,1,1.085246,1,0,-1.000000,TaskSwitchPedal,0,0.500000,0.200000,,0.100000,5.000000,10.000000,-687853315,609.477303,608.327326,608.392057,609.062145,609.126876,0.064731,610.212122,1,0,8,1,OperatingTarget,Move2,Move2.DestinationFineAlign,Move2,Move2.DestinationFineAlign,1,"{""pedalAxisName"":""TaskSwitchPedal"",""usePlusMinusKeys"":true,""positivePedalKey"":61,""negativePedalKey"":45,""invertPedalAxis"":false,""pressThreshold"":0.5,""releaseThreshold"":0.20000000298023225,""minimumIntervalSeconds"":5.0,""maximumIntervalSeconds"":10.0,""minimumValidReactionSeconds"":0.10000000149011612,""randomSeed"":-687853315}",,0,0.000000,1.085246,CorrectSidePress,1,0,0,-1,Correct,1,1.085246,610.212122,1.085246,0.000000,0,1,PlusMinusKeys,0,1
20261008T075632879Z_43fb7f689c074abeb8b5af4155970dec,,,1,1,TrialFinished,Visual,2026-10-08T08:06:43.0720292Z,610.212122,606.016879,24514,8,1,OperatingTarget,0,0,1,67,Left,-1,-1,Correct,1,1.085246,1,0,-1.000000,TaskSwitchPedal,0,0.500000,0.200000,,0.100000,5.000000,10.000000,-687853315,609.477303,608.327326,608.392057,609.062145,609.126876,0.064731,610.212122,0,0,8,1,OperatingTarget,Move2,Move2.DestinationFineAlign,Move2,Move2.DestinationFineAlign,1,"{""pedalAxisName"":""TaskSwitchPedal"",""usePlusMinusKeys"":true,""positivePedalKey"":61,""negativePedalKey"":45,""invertPedalAxis"":false,""pressThreshold"":0.5,""releaseThreshold"":0.20000000298023225,""minimumIntervalSeconds"":5.0,""maximumIntervalSeconds"":10.0,""minimumValidReactionSeconds"":0.10000000149011612,""randomSeed"":-687853315}",,0,0.000000,1.085246,CorrectSidePress,1,0,0,-1,Correct,1,1.085246,610.212122,1.085246,0.000000,0,1,PlusMinusKeys,0,1
20261008T075632879Z_43fb7f689c074abeb8b5af4155970dec,,,1,1,StimulusScheduled,Visual,2026-10-08T08:06:43.0720292Z,610.212609,606.016879,24514,8,1,OperatingTarget,0,0,1,68,Left,-1,,,,,0,0,-1.000000,TaskSwitchPedal,0,0.500000,0.200000,,0.100000,5.000000,10.000000,-687853315,609.477790,614.796042,,615.530861,,,,0,0,,,,,,Move2,Move2.DestinationFineAlign,1,"{""pedalAxisName"":""TaskSwitchPedal"",""usePlusMinusKeys"":true,""positivePedalKey"":61,""negativePedalKey"":45,""invertPedalAxis"":false,""pressThreshold"":0.5,""releaseThreshold"":0.20000000298023225,""minimumIntervalSeconds"":5.0,""maximumIntervalSeconds"":10.0,""minimumValidReactionSeconds"":0.10000000149011612,""randomSeed"":-687853315}",,0,0.000000,,CorrectSidePress,0,0,0,,,,,,,0.000000,0,1,PlusMinusKeys,0,1
20261008T075632879Z_43fb7f689c074abeb8b5af4155970dec,,,1,1,StimulusOnsetObserved,Visual,2026-10-08T08:06:48.3951663Z,615.535840,611.338675,24673,8,1,OperatingTarget,0,0,1,68,Left,-1,,,,,1,0,0.000000,TaskSwitchPedal,0,0.500000,0.200000,,0.100000,5.000000,10.000000,-687853315,614.801021,614.796042,614.801021,615.530861,615.535840,0.004979,,1,0,8,1,OperatingTarget,Place,Place.PlacementLowering,Place,Place.PlacementLowering,1,"{""pedalAxisName"":""TaskSwitchPedal"",""usePlusMinusKeys"":true,""positivePedalKey"":61,""negativePedalKey"":45,""invertPedalAxis"":false,""pressThreshold"":0.5,""releaseThreshold"":0.20000000298023225,""minimumIntervalSeconds"":5.0,""maximumIntervalSeconds"":10.0,""minimumValidReactionSeconds"":0.10000000149011612,""randomSeed"":-687853315}",,0,0.000000,,CorrectSidePress,0,0,0,,,,,,,0.000000,0,0,Axis,0,1
20261008T075632879Z_43fb7f689c074abeb8b5af4155970dec,,,1,1,PedalPressed,Visual,2026-10-08T08:06:49.3881708Z,616.528553,612.329122,24700,8,1,OperatingTarget,0,0,1,68,Left,-1,-1,Correct,1,0.992713,1,0,-1.000000,TaskSwitchPedal,0,0.500000,0.200000,,0.100000,5.000000,10.000000,-687853315,615.793734,614.796042,614.801021,615.530861,615.535840,0.004979,616.528553,1,0,8,1,OperatingTarget,Place,Place.PlacementLowering,Place,Place.PlacementLowering,1,"{""pedalAxisName"":""TaskSwitchPedal"",""usePlusMinusKeys"":true,""positivePedalKey"":61,""negativePedalKey"":45,""invertPedalAxis"":false,""pressThreshold"":0.5,""releaseThreshold"":0.20000000298023225,""minimumIntervalSeconds"":5.0,""maximumIntervalSeconds"":10.0,""minimumValidReactionSeconds"":0.10000000149011612,""randomSeed"":-687853315}",,0,0.000000,0.992713,CorrectSidePress,1,0,0,-1,Correct,1,0.992713,616.528553,0.992713,0.000000,0,1,PlusMinusKeys,0,1
20261008T075632879Z_43fb7f689c074abeb8b5af4155970dec,,,1,1,TrialFinished,Visual,2026-10-08T08:06:49.3881708Z,616.528553,612.329122,24700,8,1,OperatingTarget,0,0,1,68,Left,-1,-1,Correct,1,0.992713,1,0,-1.000000,TaskSwitchPedal,0,0.500000,0.200000,,0.100000,5.000000,10.000000,-687853315,615.793734,614.796042,614.801021,615.530861,615.535840,0.004979,616.528553,0,0,8,1,OperatingTarget,Place,Place.PlacementLowering,Place,Place.PlacementLowering,1,"{""pedalAxisName"":""TaskSwitchPedal"",""usePlusMinusKeys"":true,""positivePedalKey"":61,""negativePedalKey"":45,""invertPedalAxis"":false,""pressThreshold"":0.5,""releaseThreshold"":0.20000000298023225,""minimumIntervalSeconds"":5.0,""maximumIntervalSeconds"":10.0,""minimumValidReactionSeconds"":0.10000000149011612,""randomSeed"":-687853315}",,0,0.000000,0.992713,CorrectSidePress,1,0,0,-1,Correct,1,0.992713,616.528553,0.992713,0.000000,0,1,PlusMinusKeys,0,1
20261008T075632879Z_43fb7f689c074abeb8b5af4155970dec,,,1,1,StimulusScheduled,Visual,2026-10-08T08:06:49.3881708Z,616.528922,612.329122,24700,8,1,OperatingTarget,0,0,1,69,Left,-1,,,,,0,0,-1.000000,TaskSwitchPedal,0,0.500000,0.200000,,0.100000,5.000000,10.000000,-687853315,615.794103,624.590270,,625.325089,,,,0,0,,,,,,Place,Place.PlacementLowering,1,"{""pedalAxisName"":""TaskSwitchPedal"",""usePlusMinusKeys"":true,""positivePedalKey"":61,""negativePedalKey"":45,""invertPedalAxis"":false,""pressThreshold"":0.5,""releaseThreshold"":0.20000000298023225,""minimumIntervalSeconds"":5.0,""maximumIntervalSeconds"":10.0,""minimumValidReactionSeconds"":0.10000000149011612,""randomSeed"":-687853315}",,0,0.000000,,CorrectSidePress,0,0,0,,,,,,,0.000000,0,1,PlusMinusKeys,0,1
20261008T075632879Z_43fb7f689c074abeb8b5af4155970dec,,,1,1,StimulusOnsetObserved,Visual,2026-10-08T08:06:58.1956740Z,625.337055,621.138814,24982,8,1,OperatingTarget,0,0,1,69,Left,-1,,,,,1,0,0.000000,TaskSwitchPedal,0,0.500000,0.200000,,0.100000,5.000000,10.000000,-687853315,624.602236,624.590270,624.602236,625.325089,625.337055,0.011966,,1,0,8,1,OperatingTarget,Place,Place.PostPlacementRaising,Place,Place.PostPlacementRaising,1,"{""pedalAxisName"":""TaskSwitchPedal"",""usePlusMinusKeys"":true,""positivePedalKey"":61,""negativePedalKey"":45,""invertPedalAxis"":false,""pressThreshold"":0.5,""releaseThreshold"":0.20000000298023225,""minimumIntervalSeconds"":5.0,""maximumIntervalSeconds"":10.0,""minimumValidReactionSeconds"":0.10000000149011612,""randomSeed"":-687853315}",,0,0.000000,,CorrectSidePress,0,0,0,,,,,,,0.000000,0,0,Axis,0,1
20261008T075632879Z_43fb7f689c074abeb8b5af4155970dec,,,1,1,PedalPressed,Visual,2026-10-08T08:06:59.0908557Z,626.232475,622.037436,25023,8,1,OperatingTarget,0,0,1,69,Left,-1,-1,Correct,1,0.895420,1,0,-1.000000,TaskSwitchPedal,0,0.500000,0.200000,,0.100000,5.000000,10.000000,-687853315,625.497656,624.590270,624.602236,625.325089,625.337055,0.011966,626.232475,1,0,8,1,OperatingTarget,Place,Place.PostPlacementRaising,Place,Place.PostPlacementRaising,1,"{""pedalAxisName"":""TaskSwitchPedal"",""usePlusMinusKeys"":true,""positivePedalKey"":61,""negativePedalKey"":45,""invertPedalAxis"":false,""pressThreshold"":0.5,""releaseThreshold"":0.20000000298023225,""minimumIntervalSeconds"":5.0,""maximumIntervalSeconds"":10.0,""minimumValidReactionSeconds"":0.10000000149011612,""randomSeed"":-687853315}",,0,0.000000,0.895420,CorrectSidePress,1,0,0,-1,Correct,1,0.895420,626.232475,0.895420,0.000000,0,1,PlusMinusKeys,0,1
20261008T075632879Z_43fb7f689c074abeb8b5af4155970dec,,,1,1,TrialFinished,Visual,2026-10-08T08:06:59.0908557Z,626.232475,622.037436,25023,8,1,OperatingTarget,0,0,1,69,Left,-1,-1,Correct,1,0.895420,1,0,-1.000000,TaskSwitchPedal,0,0.500000,0.200000,,0.100000,5.000000,10.000000,-687853315,625.497656,624.590270,624.602236,625.325089,625.337055,0.011966,626.232475,0,0,8,1,OperatingTarget,Place,Place.PostPlacementRaising,Place,Place.PostPlacementRaising,1,"{""pedalAxisName"":""TaskSwitchPedal"",""usePlusMinusKeys"":true,""positivePedalKey"":61,""negativePedalKey"":45,""invertPedalAxis"":false,""pressThreshold"":0.5,""releaseThreshold"":0.20000000298023225,""minimumIntervalSeconds"":5.0,""maximumIntervalSeconds"":10.0,""minimumValidReactionSeconds"":0.10000000149011612,""randomSeed"":-687853315}",,0,0.000000,0.895420,CorrectSidePress,1,0,0,-1,Correct,1,0.895420,626.232475,0.895420,0.000000,0,1,PlusMinusKeys,0,1
20261008T075632879Z_43fb7f689c074abeb8b5af4155970dec,,,1,1,StimulusScheduled,Visual,2026-10-08T08:06:59.0919344Z,626.232770,622.037436,25023,8,1,OperatingTarget,0,0,1,70,Right,1,,,,,0,0,-1.000000,TaskSwitchPedal,0,0.500000,0.200000,,0.100000,5.000000,10.000000,-687853315,625.497950,633.329482,,634.064301,,,,0,0,,,,,,Place,Place.PostPlacementRaising,1,"{""pedalAxisName"":""TaskSwitchPedal"",""usePlusMinusKeys"":true,""positivePedalKey"":61,""negativePedalKey"":45,""invertPedalAxis"":false,""pressThreshold"":0.5,""releaseThreshold"":0.20000000298023225,""minimumIntervalSeconds"":5.0,""maximumIntervalSeconds"":10.0,""minimumValidReactionSeconds"":0.10000000149011612,""randomSeed"":-687853315}",,0,0.000000,,CorrectSidePress,0,0,0,,,,,,,0.000000,0,1,PlusMinusKeys,0,1
20261008T075632879Z_43fb7f689c074abeb8b5af4155970dec,,,1,1,StimulusOnsetObserved,Visual,2026-10-08T08:07:06.9405438Z,634.082673,629.886884,25347,8,0,OperatingSource,0,0,1,70,Right,1,,,,,1,0,0.000000,TaskSwitchPedal,0,0.500000,0.200000,,0.100000,5.000000,10.000000,-687853315,633.347854,633.329482,633.347854,634.064301,634.082673,0.018372,,0,1,8,0,OperatingSource,LiftUp,LiftUp.LoadedRaising,LiftUp,LiftUp.LoadedRaising,1,"{""pedalAxisName"":""TaskSwitchPedal"",""usePlusMinusKeys"":true,""positivePedalKey"":61,""negativePedalKey"":45,""invertPedalAxis"":false,""pressThreshold"":0.5,""releaseThreshold"":0.20000000298023225,""minimumIntervalSeconds"":5.0,""maximumIntervalSeconds"":10.0,""minimumValidReactionSeconds"":0.10000000149011612,""randomSeed"":-687853315}",,0,0.000000,,CorrectSidePress,0,0,0,,,,,,,0.000000,0,0,Axis,0,1
20261008T075632879Z_43fb7f689c074abeb8b5af4155970dec,,,1,1,PedalPressed,Visual,2026-10-08T08:07:10.8141546Z,637.956272,633.760139,25510,8,0,OperatingSource,0,0,1,70,Right,1,1,Correct,1,3.873599,1,0,1.000000,TaskSwitchPedal,0,0.500000,0.200000,,0.100000,5.000000,10.000000,-687853315,637.221452,633.329482,633.347854,634.064301,634.082673,0.018372,637.956272,0,1,8,0,OperatingSource,LiftUp,LiftUp.LoadedRaising,LiftUp,LiftUp.LoadedRaising,1,"{""pedalAxisName"":""TaskSwitchPedal"",""usePlusMinusKeys"":true,""positivePedalKey"":61,""negativePedalKey"":45,""invertPedalAxis"":false,""pressThreshold"":0.5,""releaseThreshold"":0.20000000298023225,""minimumIntervalSeconds"":5.0,""maximumIntervalSeconds"":10.0,""minimumValidReactionSeconds"":0.10000000149011612,""randomSeed"":-687853315}",,0,0.000000,3.873598,CorrectSidePress,1,0,0,1,Correct,1,3.873599,637.956272,3.873598,0.000000,1,0,PlusMinusKeys,0,1
20261008T075632879Z_43fb7f689c074abeb8b5af4155970dec,,,1,1,TrialFinished,Visual,2026-10-08T08:07:10.8141546Z,637.956272,633.760139,25510,8,0,OperatingSource,0,0,1,70,Right,1,1,Correct,1,3.873599,1,0,1.000000,TaskSwitchPedal,0,0.500000,0.200000,,0.100000,5.000000,10.000000,-687853315,637.221452,633.329482,633.347854,634.064301,634.082673,0.018372,637.956272,0,0,8,0,OperatingSource,LiftUp,LiftUp.LoadedRaising,LiftUp,LiftUp.LoadedRaising,1,"{""pedalAxisName"":""TaskSwitchPedal"",""usePlusMinusKeys"":true,""positivePedalKey"":61,""negativePedalKey"":45,""invertPedalAxis"":false,""pressThreshold"":0.5,""releaseThreshold"":0.20000000298023225,""minimumIntervalSeconds"":5.0,""maximumIntervalSeconds"":10.0,""minimumValidReactionSeconds"":0.10000000149011612,""randomSeed"":-687853315}",,0,0.000000,3.873598,CorrectSidePress,1,0,0,1,Correct,1,3.873599,637.956272,3.873598,0.000000,1,0,PlusMinusKeys,0,1
20261008T075632879Z_43fb7f689c074abeb8b5af4155970dec,,,1,1,StimulusScheduled,Visual,2026-10-08T08:07:10.8141546Z,637.956634,633.760139,25510,8,0,OperatingSource,0,0,1,71,Left,-1,,,,,0,0,1.000000,TaskSwitchPedal,0,0.500000,0.200000,,0.100000,5.000000,10.000000,-687853315,637.221815,642.311506,,643.046325,,,,0,0,,,,,,LiftUp,LiftUp.LoadedRaising,1,"{""pedalAxisName"":""TaskSwitchPedal"",""usePlusMinusKeys"":true,""positivePedalKey"":61,""negativePedalKey"":45,""invertPedalAxis"":false,""pressThreshold"":0.5,""releaseThreshold"":0.20000000298023225,""minimumIntervalSeconds"":5.0,""maximumIntervalSeconds"":10.0,""minimumValidReactionSeconds"":0.10000000149011612,""randomSeed"":-687853315}",,0,0.000000,,CorrectSidePress,0,0,0,,,,,,,0.000000,1,0,PlusMinusKeys,0,1
20261008T075632879Z_43fb7f689c074abeb8b5af4155970dec,,,1,1,StimulusOnsetObserved,Visual,2026-10-08T08:07:15.9204631Z,643.062463,638.867113,25717,8,0,OperatingSource,0,0,1,71,Left,-1,,,,,1,0,0.000000,TaskSwitchPedal,0,0.500000,0.200000,,0.100000,5.000000,10.000000,-687853315,642.327643,642.311506,642.327643,643.046325,643.062463,0.016137,,1,0,8,0,OperatingSource,Move2,Move2.DestinationCoarseMove,Move2,Move2.DestinationCoarseMove,1,"{""pedalAxisName"":""TaskSwitchPedal"",""usePlusMinusKeys"":true,""positivePedalKey"":61,""negativePedalKey"":45,""invertPedalAxis"":false,""pressThreshold"":0.5,""releaseThreshold"":0.20000000298023225,""minimumIntervalSeconds"":5.0,""maximumIntervalSeconds"":10.0,""minimumValidReactionSeconds"":0.10000000149011612,""randomSeed"":-687853315}",,0,0.000000,,CorrectSidePress,0,0,0,,,,,,,0.000000,0,0,Axis,0,1
20261008T075632879Z_43fb7f689c074abeb8b5af4155970dec,,,1,1,PedalPressed,Visual,2026-10-08T08:07:17.6175571Z,644.760420,640.563763,25767,8,0,OperatingSource,0,0,1,71,Left,-1,-1,Correct,1,1.697958,1,0,-1.000000,TaskSwitchPedal,0,0.500000,0.200000,,0.100000,5.000000,10.000000,-687853315,644.025601,642.311506,642.327643,643.046325,643.062463,0.016137,644.760420,1,0,8,0,OperatingSource,Move2,Move2.DestinationCoarseMove,Move2,Move2.DestinationCoarseMove,1,"{""pedalAxisName"":""TaskSwitchPedal"",""usePlusMinusKeys"":true,""positivePedalKey"":61,""negativePedalKey"":45,""invertPedalAxis"":false,""pressThreshold"":0.5,""releaseThreshold"":0.20000000298023225,""minimumIntervalSeconds"":5.0,""maximumIntervalSeconds"":10.0,""minimumValidReactionSeconds"":0.10000000149011612,""randomSeed"":-687853315}",,0,0.000000,1.697958,CorrectSidePress,1,0,0,-1,Correct,1,1.697958,644.760420,1.697958,0.000000,0,1,PlusMinusKeys,0,1
20261008T075632879Z_43fb7f689c074abeb8b5af4155970dec,,,1,1,TrialFinished,Visual,2026-10-08T08:07:17.6185544Z,644.760420,640.563763,25767,8,0,OperatingSource,0,0,1,71,Left,-1,-1,Correct,1,1.697958,1,0,-1.000000,TaskSwitchPedal,0,0.500000,0.200000,,0.100000,5.000000,10.000000,-687853315,644.025601,642.311506,642.327643,643.046325,643.062463,0.016137,644.760420,0,0,8,0,OperatingSource,Move2,Move2.DestinationCoarseMove,Move2,Move2.DestinationCoarseMove,1,"{""pedalAxisName"":""TaskSwitchPedal"",""usePlusMinusKeys"":true,""positivePedalKey"":61,""negativePedalKey"":45,""invertPedalAxis"":false,""pressThreshold"":0.5,""releaseThreshold"":0.20000000298023225,""minimumIntervalSeconds"":5.0,""maximumIntervalSeconds"":10.0,""minimumValidReactionSeconds"":0.10000000149011612,""randomSeed"":-687853315}",,0,0.000000,1.697958,CorrectSidePress,1,0,0,-1,Correct,1,1.697958,644.760420,1.697958,0.000000,0,1,PlusMinusKeys,0,1
20261008T075632879Z_43fb7f689c074abeb8b5af4155970dec,,,1,1,StimulusScheduled,Visual,2026-10-08T08:07:17.6185544Z,644.760944,640.563763,25767,8,0,OperatingSource,0,0,1,72,Right,1,,,,,0,0,-1.000000,TaskSwitchPedal,0,0.500000,0.200000,,0.100000,5.000000,10.000000,-687853315,644.026125,652.978162,,653.712981,,,,0,0,,,,,,Move2,Move2.DestinationCoarseMove,1,"{""pedalAxisName"":""TaskSwitchPedal"",""usePlusMinusKeys"":true,""positivePedalKey"":61,""negativePedalKey"":45,""invertPedalAxis"":false,""pressThreshold"":0.5,""releaseThreshold"":0.20000000298023225,""minimumIntervalSeconds"":5.0,""maximumIntervalSeconds"":10.0,""minimumValidReactionSeconds"":0.10000000149011612,""randomSeed"":-687853315}",,0,0.000000,,CorrectSidePress,0,0,0,,,,,,,0.000000,0,1,PlusMinusKeys,0,1
20261008T075632879Z_43fb7f689c074abeb8b5af4155970dec,,,1,1,StimulusOnsetObserved,Visual,2026-10-08T08:07:26.5757117Z,653.718585,649.523431,26022,8,0,OperatingSource,0,0,1,72,Right,1,,,,,1,0,0.000000,TaskSwitchPedal,0,0.500000,0.200000,,0.100000,5.000000,10.000000,-687853315,652.983766,652.978162,652.983766,653.712981,653.718585,0.005604,,0,1,8,0,OperatingSource,Move2,Move2.DestinationCoarseMove,Move2,Move2.DestinationCoarseMove,1,"{""pedalAxisName"":""TaskSwitchPedal"",""usePlusMinusKeys"":true,""positivePedalKey"":61,""negativePedalKey"":45,""invertPedalAxis"":false,""pressThreshold"":0.5,""releaseThreshold"":0.20000000298023225,""minimumIntervalSeconds"":5.0,""maximumIntervalSeconds"":10.0,""minimumValidReactionSeconds"":0.10000000149011612,""randomSeed"":-687853315}",,0,0.000000,,CorrectSidePress,0,0,0,,,,,,,0.000000,0,0,Axis,0,1
20261008T075632879Z_43fb7f689c074abeb8b5af4155970dec,,,1,1,PedalPressed,Visual,2026-10-08T08:07:27.7106764Z,654.854281,650.658494,26056,8,0,OperatingSource,0,0,1,72,Right,1,1,Correct,1,1.135696,1,0,1.000000,TaskSwitchPedal,0,0.500000,0.200000,,0.100000,5.000000,10.000000,-687853315,654.119462,652.978162,652.983766,653.712981,653.718585,0.005604,654.854281,0,1,8,0,OperatingSource,Move2,Move2.DestinationCoarseMove,Move2,Move2.DestinationCoarseMove,1,"{""pedalAxisName"":""TaskSwitchPedal"",""usePlusMinusKeys"":true,""positivePedalKey"":61,""negativePedalKey"":45,""invertPedalAxis"":false,""pressThreshold"":0.5,""releaseThreshold"":0.20000000298023225,""minimumIntervalSeconds"":5.0,""maximumIntervalSeconds"":10.0,""minimumValidReactionSeconds"":0.10000000149011612,""randomSeed"":-687853315}",,0,0.000000,1.135696,CorrectSidePress,1,0,0,1,Correct,1,1.135696,654.854281,1.135696,0.000000,1,0,PlusMinusKeys,0,1
20261008T075632879Z_43fb7f689c074abeb8b5af4155970dec,,,1,1,TrialFinished,Visual,2026-10-08T08:07:27.7118154Z,654.854281,650.658494,26056,8,0,OperatingSource,0,0,1,72,Right,1,1,Correct,1,1.135696,1,0,1.000000,TaskSwitchPedal,0,0.500000,0.200000,,0.100000,5.000000,10.000000,-687853315,654.119462,652.978162,652.983766,653.712981,653.718585,0.005604,654.854281,0,0,8,0,OperatingSource,Move2,Move2.DestinationCoarseMove,Move2,Move2.DestinationCoarseMove,1,"{""pedalAxisName"":""TaskSwitchPedal"",""usePlusMinusKeys"":true,""positivePedalKey"":61,""negativePedalKey"":45,""invertPedalAxis"":false,""pressThreshold"":0.5,""releaseThreshold"":0.20000000298023225,""minimumIntervalSeconds"":5.0,""maximumIntervalSeconds"":10.0,""minimumValidReactionSeconds"":0.10000000149011612,""randomSeed"":-687853315}",,0,0.000000,1.135696,CorrectSidePress,1,0,0,1,Correct,1,1.135696,654.854281,1.135696,0.000000,1,0,PlusMinusKeys,0,1
20261008T075632879Z_43fb7f689c074abeb8b5af4155970dec,,,1,1,StimulusScheduled,Visual,2026-10-08T08:07:27.7118154Z,654.854672,650.658494,26056,8,0,OperatingSource,0,0,1,73,Left,-1,,,,,0,0,1.000000,TaskSwitchPedal,0,0.500000,0.200000,,0.100000,5.000000,10.000000,-687853315,654.119853,662.818172,,663.552992,,,,0,0,,,,,,Move2,Move2.DestinationCoarseMove,1,"{""pedalAxisName"":""TaskSwitchPedal"",""usePlusMinusKeys"":true,""positivePedalKey"":61,""negativePedalKey"":45,""invertPedalAxis"":false,""pressThreshold"":0.5,""releaseThreshold"":0.20000000298023225,""minimumIntervalSeconds"":5.0,""maximumIntervalSeconds"":10.0,""minimumValidReactionSeconds"":0.10000000149011612,""randomSeed"":-687853315}",,0,0.000000,,CorrectSidePress,0,0,0,,,,,,,0.000000,1,0,PlusMinusKeys,0,1
20261008T075632879Z_43fb7f689c074abeb8b5af4155970dec,,,1,1,StimulusOnsetObserved,Visual,2026-10-08T08:07:36.4967264Z,663.640032,659.440808,26294,8,0,OperatingSource,0,0,1,73,Left,-1,,,,,1,0,0.000000,TaskSwitchPedal,0,0.500000,0.200000,,0.100000,5.000000,10.000000,-687853315,662.905212,662.818172,662.905212,663.552992,663.640032,0.087040,,1,0,8,0,OperatingSource,Place,Place.PlacementLowering,Place,Place.PlacementLowering,1,"{""pedalAxisName"":""TaskSwitchPedal"",""usePlusMinusKeys"":true,""positivePedalKey"":61,""negativePedalKey"":45,""invertPedalAxis"":false,""pressThreshold"":0.5,""releaseThreshold"":0.20000000298023225,""minimumIntervalSeconds"":5.0,""maximumIntervalSeconds"":10.0,""minimumValidReactionSeconds"":0.10000000149011612,""randomSeed"":-687853315}",,0,0.000000,,CorrectSidePress,0,0,0,,,,,,,0.000000,0,0,Axis,0,1
20261008T075632879Z_43fb7f689c074abeb8b5af4155970dec,,,1,1,PedalPressed,Visual,2026-10-08T08:07:37.7613303Z,664.905005,660.705332,26328,8,0,OperatingSource,0,0,1,73,Left,-1,-1,Correct,1,1.264973,1,0,-1.000000,TaskSwitchPedal,0,0.500000,0.200000,,0.100000,5.000000,10.000000,-687853315,664.170186,662.818172,662.905212,663.552992,663.640032,0.087040,664.905005,1,0,8,0,OperatingSource,Place,Place.PlacementLowering,Place,Place.PlacementLowering,1,"{""pedalAxisName"":""TaskSwitchPedal"",""usePlusMinusKeys"":true,""positivePedalKey"":61,""negativePedalKey"":45,""invertPedalAxis"":false,""pressThreshold"":0.5,""releaseThreshold"":0.20000000298023225,""minimumIntervalSeconds"":5.0,""maximumIntervalSeconds"":10.0,""minimumValidReactionSeconds"":0.10000000149011612,""randomSeed"":-687853315}",,0,0.000000,1.264973,CorrectSidePress,1,0,0,-1,Correct,1,1.264973,664.905005,1.264973,0.000000,0,1,PlusMinusKeys,0,1
20261008T075632879Z_43fb7f689c074abeb8b5af4155970dec,,,1,1,TrialFinished,Visual,2026-10-08T08:07:37.7613303Z,664.905005,660.705332,26328,8,0,OperatingSource,0,0,1,73,Left,-1,-1,Correct,1,1.264973,1,0,-1.000000,TaskSwitchPedal,0,0.500000,0.200000,,0.100000,5.000000,10.000000,-687853315,664.170186,662.818172,662.905212,663.552992,663.640032,0.087040,664.905005,0,0,8,0,OperatingSource,Place,Place.PlacementLowering,Place,Place.PlacementLowering,1,"{""pedalAxisName"":""TaskSwitchPedal"",""usePlusMinusKeys"":true,""positivePedalKey"":61,""negativePedalKey"":45,""invertPedalAxis"":false,""pressThreshold"":0.5,""releaseThreshold"":0.20000000298023225,""minimumIntervalSeconds"":5.0,""maximumIntervalSeconds"":10.0,""minimumValidReactionSeconds"":0.10000000149011612,""randomSeed"":-687853315}",,0,0.000000,1.264973,CorrectSidePress,1,0,0,-1,Correct,1,1.264973,664.905005,1.264973,0.000000,0,1,PlusMinusKeys,0,1
20261008T075632879Z_43fb7f689c074abeb8b5af4155970dec,,,1,1,StimulusScheduled,Visual,2026-10-08T08:07:37.7613303Z,664.905375,660.705332,26328,8,0,OperatingSource,0,0,1,74,Left,-1,,,,,0,0,-1.000000,TaskSwitchPedal,0,0.500000,0.200000,,0.100000,5.000000,10.000000,-687853315,664.170556,672.528020,,673.262839,,,,0,0,,,,,,Place,Place.PlacementLowering,1,"{""pedalAxisName"":""TaskSwitchPedal"",""usePlusMinusKeys"":true,""positivePedalKey"":61,""negativePedalKey"":45,""invertPedalAxis"":false,""pressThreshold"":0.5,""releaseThreshold"":0.20000000298023225,""minimumIntervalSeconds"":5.0,""maximumIntervalSeconds"":10.0,""minimumValidReactionSeconds"":0.10000000149011612,""randomSeed"":-687853315}",,0,0.000000,,CorrectSidePress,0,0,0,,,,,,,0.000000,0,1,PlusMinusKeys,0,1
20261008T075632879Z_43fb7f689c074abeb8b5af4155970dec,,,1,1,TrialFinished,Visual,2026-10-08T08:07:44.0885321Z,671.232453,667.034938,26550,8,0,OperatingSource,0,0,1,74,Left,-1,,CancelledBeforeOnset,,,0,0,0.000000,TaskSwitchPedal,0,0.500000,0.200000,,0.100000,5.000000,10.000000,-687853315,670.497623,672.528020,,673.262839,,,,0,0,,,,,,Place,,1,"{""pedalAxisName"":""TaskSwitchPedal"",""usePlusMinusKeys"":true,""positivePedalKey"":61,""negativePedalKey"":45,""invertPedalAxis"":false,""pressThreshold"":0.5,""releaseThreshold"":0.20000000298023225,""minimumIntervalSeconds"":5.0,""maximumIntervalSeconds"":10.0,""minimumValidReactionSeconds"":0.10000000149011612,""randomSeed"":-687853315}",ExperimentCompleted,0,0.000000,,CorrectSidePress,0,0,0,,,,,,,0.000000,0,0,Axis,0,1
20261008T075632879Z_43fb7f689c074abeb8b5af4155970dec,,,1,1,SubtaskStopped,Visual,2026-10-08T08:07:44.0890900Z,671.233090,667.034938,26550,8,0,OperatingSource,0,0,1,,,,,,,,0,0,0.000000,TaskSwitchPedal,0,0.500000,0.200000,,0.100000,5.000000,10.000000,-687853315,670.498271,,,,,,,0,0,,,,,,Place,,1,"{""pedalAxisName"":""TaskSwitchPedal"",""usePlusMinusKeys"":true,""positivePedalKey"":61,""negativePedalKey"":45,""invertPedalAxis"":false,""pressThreshold"":0.5,""releaseThreshold"":0.20000000298023225,""minimumIntervalSeconds"":5.0,""maximumIntervalSeconds"":10.0,""minimumValidReactionSeconds"":0.10000000149011612,""randomSeed"":-687853315}",ExperimentCompleted,0,0.000000,,CorrectSidePress,,,,,,,,,,0.000000,0,0,Axis,0,1
