session_id,participant_id,block_id,experiment_run_index,activation_index,event_type,secondary_task_mode,utc_timestamp,real_elapsed_s,simulation_elapsed_s,frame,switch_index,active_crane_index,state,input_locked,global_paused,operation_enabled,trial_index,stimulus_side,expected_sign,response_sign,outcome,correct,reaction_time_s,presented,held_at_onset,raw_pedal,pedal_axis,invert_axis,press_threshold,release_threshold,response_timeout_s,minimum_valid_reaction_s,minimum_interval_s,maximum_interval_s,random_seed,active_clock_s,scheduled_onset_active_clock_s,actual_onset_active_clock_s,scheduled_onset_estimated_real_s,onset_observed_real_s,onset_frame_delay_s,response_observed_real_s,left_red,right_red,onset_switch_index,onset_crane_index,onset_state,onset_phase,onset_step,current_phase,current_step,app_focused,configuration_json,detail,pause_count,paused_duration_s,wall_reaction_time_s,completion_policy,response_count,incorrect_response_count,too_early_response_count,first_response_sign,first_response_outcome,first_response_correct,first_reaction_time_s,first_response_observed_real_s,first_wall_reaction_time_s,pedal_axis_raw,pedal_positive_key,pedal_negative_key,pedal_input_source,pedal_input_conflict,plus_minus_keys_enabled
20261008T083311983Z_6c2da03684844ae59035d797f0bbbd02,,,1,1,SubtaskStarted,Visual,2026-10-08T08:33:16.1565528Z,4.159115,0.143943,313,0,0,OperatingSource,0,0,1,,,,,,,,0,0,0.000000,TaskSwitchPedal,0,0.500000,0.200000,,0.100000,5.000000,10.000000,-1525653754,3.669389,,,,,,,0,0,,,,,,Move1,Move1.PickupCoarseMove,1,"{""pedalAxisName"":""TaskSwitchPedal"",""usePlusMinusKeys"":true,""positivePedalKey"":61,""negativePedalKey"":45,""invertPedalAxis"":false,""pressThreshold"":0.5,""releaseThreshold"":0.20000000298023225,""minimumIntervalSeconds"":5.0,""maximumIntervalSeconds"":10.0,""minimumValidReactionSeconds"":0.10000000149011612,""randomSeed"":-1525653754}","{""pedalAxisName"":""TaskSwitchPedal"",""usePlusMinusKeys"":true,""positivePedalKey"":61,""negativePedalKey"":45,""invertPedalAxis"":false,""pressThreshold"":0.5,""releaseThreshold"":0.20000000298023225,""minimumIntervalSeconds"":5.0,""maximumIntervalSeconds"":10.0,""minimumValidReactionSeconds"":0.10000000149011612,""randomSeed"":-1525653754}",0,0.000000,,CorrectSidePress,,,,,,,,,,0.000000,0,0,Axis,0,1
20261008T083311983Z_6c2da03684844ae59035d797f0bbbd02,,,1,1,StimulusScheduled,Visual,2026-10-08T08:33:16.1590178Z,4.162475,0.143943,313,0,0,OperatingSource,0,0,1,1,Left,-1,,,,,0,0,0.000000,TaskSwitchPedal,0,0.500000,0.200000,,0.100000,5.000000,10.000000,-1525653754,3.672742,11.190359,,11.680092,,,,0,0,,,,,,Move1,Move1.PickupCoarseMove,1,"{""pedalAxisName"":""TaskSwitchPedal"",""usePlusMinusKeys"":true,""positivePedalKey"":61,""negativePedalKey"":45,""invertPedalAxis"":false,""pressThreshold"":0.5,""releaseThreshold"":0.20000000298023225,""minimumIntervalSeconds"":5.0,""maximumIntervalSeconds"":10.0,""minimumValidReactionSeconds"":0.10000000149011612,""randomSeed"":-1525653754}",,0,0.000000,,CorrectSidePress,0,0,0,,,,,,,0.000000,0,0,Axis,0,1
20261008T083311983Z_6c2da03684844ae59035d797f0bbbd02,,,1,1,StimulusOnsetObserved,Visual,2026-10-08T08:33:23.6841003Z,11.688637,7.761200,649,0,0,OperatingSource,0,0,1,1,Left,-1,,,,,1,0,0.000000,TaskSwitchPedal,0,0.500000,0.200000,,0.100000,5.000000,10.000000,-1525653754,11.198909,11.190359,11.198909,11.680092,11.688637,0.008545,,1,0,0,0,OperatingSource,Move1,Move1.PickupCoarseMove,Move1,Move1.PickupCoarseMove,1,"{""pedalAxisName"":""TaskSwitchPedal"",""usePlusMinusKeys"":true,""positivePedalKey"":61,""negativePedalKey"":45,""invertPedalAxis"":false,""pressThreshold"":0.5,""releaseThreshold"":0.20000000298023225,""minimumIntervalSeconds"":5.0,""maximumIntervalSeconds"":10.0,""minimumValidReactionSeconds"":0.10000000149011612,""randomSeed"":-1525653754}",,0,0.000000,,CorrectSidePress,0,0,0,,,,,,,0.000000,0,0,Axis,0,1
20261008T083311983Z_6c2da03684844ae59035d797f0bbbd02,,,1,1,PedalPressed,Visual,2026-10-08T08:33:24.8776409Z,12.881971,8.953213,705,0,0,OperatingSource,0,0,1,1,Left,-1,-1,Correct,1,1.193334,1,0,-1.000000,TaskSwitchPedal,0,0.500000,0.200000,,0.100000,5.000000,10.000000,-1525653754,12.392243,11.190359,11.198909,11.680092,11.688637,0.008545,12.881971,1,0,0,0,OperatingSource,Move1,Move1.PickupCoarseMove,Move1,Move1.PickupCoarseMove,1,"{""pedalAxisName"":""TaskSwitchPedal"",""usePlusMinusKeys"":true,""positivePedalKey"":61,""negativePedalKey"":45,""invertPedalAxis"":false,""pressThreshold"":0.5,""releaseThreshold"":0.20000000298023225,""minimumIntervalSeconds"":5.0,""maximumIntervalSeconds"":10.0,""minimumValidReactionSeconds"":0.10000000149011612,""randomSeed"":-1525653754}",,0,0.000000,1.193334,CorrectSidePress,1,0,0,-1,Correct,1,1.193334,12.881971,1.193334,0.000000,0,1,PlusMinusKeys,0,1
20261008T083311983Z_6c2da03684844ae59035d797f0bbbd02,,,1,1,TrialFinished,Visual,2026-10-08T08:33:24.8786395Z,12.881971,8.953213,705,0,0,OperatingSource,0,0,1,1,Left,-1,-1,Correct,1,1.193334,1,0,-1.000000,TaskSwitchPedal,0,0.500000,0.200000,,0.100000,5.000000,10.000000,-1525653754,12.392243,11.190359,11.198909,11.680092,11.688637,0.008545,12.881971,0,0,0,0,OperatingSource,Move1,Move1.PickupCoarseMove,Move1,Move1.PickupCoarseMove,1,"{""pedalAxisName"":""TaskSwitchPedal"",""usePlusMinusKeys"":true,""positivePedalKey"":61,""negativePedalKey"":45,""invertPedalAxis"":false,""pressThreshold"":0.5,""releaseThreshold"":0.20000000298023225,""minimumIntervalSeconds"":5.0,""maximumIntervalSeconds"":10.0,""minimumValidReactionSeconds"":0.10000000149011612,""randomSeed"":-1525653754}",,0,0.000000,1.193334,CorrectSidePress,1,0,0,-1,Correct,1,1.193334,12.881971,1.193334,0.000000,0,1,PlusMinusKeys,0,1
20261008T083311983Z_6c2da03684844ae59035d797f0bbbd02,,,1,1,StimulusScheduled,Visual,2026-10-08T08:33:24.8797231Z,12.883742,8.953213,705,0,0,OperatingSource,0,0,1,2,Right,1,,,,,0,0,-1.000000,TaskSwitchPedal,0,0.500000,0.200000,,0.100000,5.000000,10.000000,-1525653754,12.394014,19.599327,,20.089055,,,,0,0,,,,,,Move1,Move1.PickupCoarseMove,1,"{""pedalAxisName"":""TaskSwitchPedal"",""usePlusMinusKeys"":true,""positivePedalKey"":61,""negativePedalKey"":45,""invertPedalAxis"":false,""pressThreshold"":0.5,""releaseThreshold"":0.20000000298023225,""minimumIntervalSeconds"":5.0,""maximumIntervalSeconds"":10.0,""minimumValidReactionSeconds"":0.10000000149011612,""randomSeed"":-1525653754}",,0,0.000000,,CorrectSidePress,0,0,0,,,,,,,0.000000,0,1,PlusMinusKeys,0,1
20261008T083311983Z_6c2da03684844ae59035d797f0bbbd02,,,1,1,StimulusOnsetObserved,Visual,2026-10-08T08:33:32.0893131Z,20.093572,16.165690,1034,0,0,OperatingSource,0,0,1,2,Right,1,,,,,1,0,0.000000,TaskSwitchPedal,0,0.500000,0.200000,,0.100000,5.000000,10.000000,-1525653754,19.603844,19.599327,19.603844,20.089055,20.093572,0.004517,,0,1,0,0,OperatingSource,LiftUp,LiftUp.PickupLowering,LiftUp,LiftUp.PickupLowering,1,"{""pedalAxisName"":""TaskSwitchPedal"",""usePlusMinusKeys"":true,""positivePedalKey"":61,""negativePedalKey"":45,""invertPedalAxis"":false,""pressThreshold"":0.5,""releaseThreshold"":0.20000000298023225,""minimumIntervalSeconds"":5.0,""maximumIntervalSeconds"":10.0,""minimumValidReactionSeconds"":0.10000000149011612,""randomSeed"":-1525653754}",,0,0.000000,,CorrectSidePress,0,0,0,,,,,,,0.000000,0,0,Axis,0,1
20261008T083311983Z_6c2da03684844ae59035d797f0bbbd02,,,1,1,PedalPressed,Visual,2026-10-08T08:33:33.2114284Z,21.216342,17.288612,1084,0,0,OperatingSource,0,0,1,2,Right,1,1,Correct,1,1.122770,1,0,1.000000,TaskSwitchPedal,0,0.500000,0.200000,,0.100000,5.000000,10.000000,-1525653754,20.726614,19.599327,19.603844,20.089055,20.093572,0.004517,21.216342,0,1,0,0,OperatingSource,LiftUp,LiftUp.PickupLowering,LiftUp,LiftUp.PickupLowering,1,"{""pedalAxisName"":""TaskSwitchPedal"",""usePlusMinusKeys"":true,""positivePedalKey"":61,""negativePedalKey"":45,""invertPedalAxis"":false,""pressThreshold"":0.5,""releaseThreshold"":0.20000000298023225,""minimumIntervalSeconds"":5.0,""maximumIntervalSeconds"":10.0,""minimumValidReactionSeconds"":0.10000000149011612,""randomSeed"":-1525653754}",,0,0.000000,1.122770,CorrectSidePress,1,0,0,1,Correct,1,1.122770,21.216342,1.122770,0.000000,1,0,PlusMinusKeys,0,1
20261008T083311983Z_6c2da03684844ae59035d797f0bbbd02,,,1,1,TrialFinished,Visual,2026-10-08T08:33:33.2124541Z,21.216342,17.288612,1084,0,0,OperatingSource,0,0,1,2,Right,1,1,Correct,1,1.122770,1,0,1.000000,TaskSwitchPedal,0,0.500000,0.200000,,0.100000,5.000000,10.000000,-1525653754,20.726614,19.599327,19.603844,20.089055,20.093572,0.004517,21.216342,0,0,0,0,OperatingSource,LiftUp,LiftUp.PickupLowering,LiftUp,LiftUp.PickupLowering,1,"{""pedalAxisName"":""TaskSwitchPedal"",""usePlusMinusKeys"":true,""positivePedalKey"":61,""negativePedalKey"":45,""invertPedalAxis"":false,""pressThreshold"":0.5,""releaseThreshold"":0.20000000298023225,""minimumIntervalSeconds"":5.0,""maximumIntervalSeconds"":10.0,""minimumValidReactionSeconds"":0.10000000149011612,""randomSeed"":-1525653754}",,0,0.000000,1.122770,CorrectSidePress,1,0,0,1,Correct,1,1.122770,21.216342,1.122770,0.000000,1,0,PlusMinusKeys,0,1
20261008T083311983Z_6c2da03684844ae59035d797f0bbbd02,,,1,1,StimulusScheduled,Visual,2026-10-08T08:33:33.2124541Z,21.216904,17.288612,1084,0,0,OperatingSource,0,0,1,3,Right,1,,,,,0,0,1.000000,TaskSwitchPedal,0,0.500000,0.200000,,0.100000,5.000000,10.000000,-1525653754,20.727176,30.510466,,31.000194,,,,0,0,,,,,,LiftUp,LiftUp.PickupLowering,1,"{""pedalAxisName"":""TaskSwitchPedal"",""usePlusMinusKeys"":true,""positivePedalKey"":61,""negativePedalKey"":45,""invertPedalAxis"":false,""pressThreshold"":0.5,""releaseThreshold"":0.20000000298023225,""minimumIntervalSeconds"":5.0,""maximumIntervalSeconds"":10.0,""minimumValidReactionSeconds"":0.10000000149011612,""randomSeed"":-1525653754}",,0,0.000000,,CorrectSidePress,0,0,0,,,,,,,0.000000,1,0,PlusMinusKeys,0,1
20261008T083311983Z_6c2da03684844ae59035d797f0bbbd02,,,1,1,StimulusOnsetObserved,Visual,2026-10-08T08:33:43.0148834Z,31.019880,27.092369,1523,0,0,OperatingSource,0,0,1,3,Right,1,,,,,1,0,0.000000,TaskSwitchPedal,0,0.500000,0.200000,,0.100000,5.000000,10.000000,-1525653754,30.530152,30.510466,30.530152,31.000194,31.019880,0.019686,,0,1,0,0,OperatingSource,LiftUp,LiftUp.LoadedRaising,LiftUp,LiftUp.LoadedRaising,1,"{""pedalAxisName"":""TaskSwitchPedal"",""usePlusMinusKeys"":true,""positivePedalKey"":61,""negativePedalKey"":45,""invertPedalAxis"":false,""pressThreshold"":0.5,""releaseThreshold"":0.20000000298023225,""minimumIntervalSeconds"":5.0,""maximumIntervalSeconds"":10.0,""minimumValidReactionSeconds"":0.10000000149011612,""randomSeed"":-1525653754}",,0,0.000000,,CorrectSidePress,0,0,0,,,,,,,0.000000,0,0,Axis,0,1
20261008T083311983Z_6c2da03684844ae59035d797f0bbbd02,,,1,1,PedalPressed,Visual,2026-10-08T08:33:44.1534997Z,32.158324,28.230744,1576,0,0,OperatingSource,0,0,1,3,Right,1,1,Correct,1,1.138444,1,0,1.000000,TaskSwitchPedal,0,0.500000,0.200000,,0.100000,5.000000,10.000000,-1525653754,31.668595,30.510466,30.530152,31.000194,31.019880,0.019686,32.158324,0,1,0,0,OperatingSource,LiftUp,LiftUp.LoadedRaising,LiftUp,LiftUp.LoadedRaising,1,"{""pedalAxisName"":""TaskSwitchPedal"",""usePlusMinusKeys"":true,""positivePedalKey"":61,""negativePedalKey"":45,""invertPedalAxis"":false,""pressThreshold"":0.5,""releaseThreshold"":0.20000000298023225,""minimumIntervalSeconds"":5.0,""maximumIntervalSeconds"":10.0,""minimumValidReactionSeconds"":0.10000000149011612,""randomSeed"":-1525653754}",,0,0.000000,1.138443,CorrectSidePress,1,0,0,1,Correct,1,1.138444,32.158324,1.138443,0.000000,1,0,PlusMinusKeys,0,1
20261008T083311983Z_6c2da03684844ae59035d797f0bbbd02,,,1,1,TrialFinished,Visual,2026-10-08T08:33:44.1534997Z,32.158324,28.230744,1576,0,0,OperatingSource,0,0,1,3,Right,1,1,Correct,1,1.138444,1,0,1.000000,TaskSwitchPedal,0,0.500000,0.200000,,0.100000,5.000000,10.000000,-1525653754,31.668595,30.510466,30.530152,31.000194,31.019880,0.019686,32.158324,0,0,0,0,OperatingSource,LiftUp,LiftUp.LoadedRaising,LiftUp,LiftUp.LoadedRaising,1,"{""pedalAxisName"":""TaskSwitchPedal"",""usePlusMinusKeys"":true,""positivePedalKey"":61,""negativePedalKey"":45,""invertPedalAxis"":false,""pressThreshold"":0.5,""releaseThreshold"":0.20000000298023225,""minimumIntervalSeconds"":5.0,""maximumIntervalSeconds"":10.0,""minimumValidReactionSeconds"":0.10000000149011612,""randomSeed"":-1525653754}",,0,0.000000,1.138443,CorrectSidePress,1,0,0,1,Correct,1,1.138444,32.158324,1.138443,0.000000,1,0,PlusMinusKeys,0,1
20261008T083311983Z_6c2da03684844ae59035d797f0bbbd02,,,1,1,StimulusScheduled,Visual,2026-10-08T08:33:44.1534997Z,32.158618,28.230744,1576,0,0,OperatingSource,0,0,1,4,Right,1,,,,,0,0,1.000000,TaskSwitchPedal,0,0.500000,0.200000,,0.100000,5.000000,10.000000,-1525653754,31.668890,39.602259,,40.091987,,,,0,0,,,,,,LiftUp,LiftUp.LoadedRaising,1,"{""pedalAxisName"":""TaskSwitchPedal"",""usePlusMinusKeys"":true,""positivePedalKey"":61,""negativePedalKey"":45,""invertPedalAxis"":false,""pressThreshold"":0.5,""releaseThreshold"":0.20000000298023225,""minimumIntervalSeconds"":5.0,""maximumIntervalSeconds"":10.0,""minimumValidReactionSeconds"":0.10000000149011612,""randomSeed"":-1525653754}",,0,0.000000,,CorrectSidePress,0,0,0,,,,,,,0.000000,1,0,PlusMinusKeys,0,1
20261008T083311983Z_6c2da03684844ae59035d797f0bbbd02,,,1,1,StimulusOnsetObserved,Visual,2026-10-08T08:33:52.0995704Z,40.104434,36.176404,1927,1,0,WaitingForOperatorSwitch,0,0,1,4,Right,1,,,,,1,0,0.000000,TaskSwitchPedal,0,0.500000,0.200000,,0.100000,5.000000,10.000000,-1525653754,39.614705,39.602259,39.614705,40.091987,40.104434,0.012447,,0,1,1,0,WaitingForOperatorSwitch,Move2,Move2.DestinationCoarseMove,Move2,Move2.DestinationCoarseMove,1,"{""pedalAxisName"":""TaskSwitchPedal"",""usePlusMinusKeys"":true,""positivePedalKey"":61,""negativePedalKey"":45,""invertPedalAxis"":false,""pressThreshold"":0.5,""releaseThreshold"":0.20000000298023225,""minimumIntervalSeconds"":5.0,""maximumIntervalSeconds"":10.0,""minimumValidReactionSeconds"":0.10000000149011612,""randomSeed"":-1525653754}",,0,0.000000,,CorrectSidePress,0,0,0,,,,,,,0.000000,0,0,Axis,0,1
20261008T083311983Z_6c2da03684844ae59035d797f0bbbd02,,,1,1,PedalPressed,Visual,2026-10-08T08:33:53.2020695Z,41.207135,37.279274,1975,1,0,WaitingForOperatorSwitch,0,0,1,4,Right,1,1,Correct,1,1.102701,1,0,1.000000,TaskSwitchPedal,0,0.500000,0.200000,,0.100000,5.000000,10.000000,-1525653754,40.717406,39.602259,39.614705,40.091987,40.104434,0.012447,41.207135,0,1,1,0,WaitingForOperatorSwitch,Move2,Move2.DestinationCoarseMove,Move2,Move2.DestinationCoarseMove,1,"{""pedalAxisName"":""TaskSwitchPedal"",""usePlusMinusKeys"":true,""positivePedalKey"":61,""negativePedalKey"":45,""invertPedalAxis"":false,""pressThreshold"":0.5,""releaseThreshold"":0.20000000298023225,""minimumIntervalSeconds"":5.0,""maximumIntervalSeconds"":10.0,""minimumValidReactionSeconds"":0.10000000149011612,""randomSeed"":-1525653754}",,0,0.000000,1.102701,CorrectSidePress,1,0,0,1,Correct,1,1.102701,41.207135,1.102701,0.000000,1,0,PlusMinusKeys,0,1
20261008T083311983Z_6c2da03684844ae59035d797f0bbbd02,,,1,1,TrialFinished,Visual,2026-10-08T08:33:53.2020695Z,41.207135,37.279274,1975,1,0,WaitingForOperatorSwitch,0,0,1,4,Right,1,1,Correct,1,1.102701,1,0,1.000000,TaskSwitchPedal,0,0.500000,0.200000,,0.100000,5.000000,10.000000,-1525653754,40.717406,39.602259,39.614705,40.091987,40.104434,0.012447,41.207135,0,0,1,0,WaitingForOperatorSwitch,Move2,Move2.DestinationCoarseMove,Move2,Move2.DestinationCoarseMove,1,"{""pedalAxisName"":""TaskSwitchPedal"",""usePlusMinusKeys"":true,""positivePedalKey"":61,""negativePedalKey"":45,""invertPedalAxis"":false,""pressThreshold"":0.5,""releaseThreshold"":0.20000000298023225,""minimumIntervalSeconds"":5.0,""maximumIntervalSeconds"":10.0,""minimumValidReactionSeconds"":0.10000000149011612,""randomSeed"":-1525653754}",,0,0.000000,1.102701,CorrectSidePress,1,0,0,1,Correct,1,1.102701,41.207135,1.102701,0.000000,1,0,PlusMinusKeys,0,1
20261008T083311983Z_6c2da03684844ae59035d797f0bbbd02,,,1,1,StimulusScheduled,Visual,2026-10-08T08:33:53.2020695Z,41.207572,37.279274,1975,1,0,WaitingForOperatorSwitch,0,0,1,5,Right,1,,,,,0,0,1.000000,TaskSwitchPedal,0,0.500000,0.200000,,0.100000,5.000000,10.000000,-1525653754,40.717843,47.701641,,48.191369,,,,0,0,,,,,,Move2,Move2.DestinationCoarseMove,1,"{""pedalAxisName"":""TaskSwitchPedal"",""usePlusMinusKeys"":true,""positivePedalKey"":61,""negativePedalKey"":45,""invertPedalAxis"":false,""pressThreshold"":0.5,""releaseThreshold"":0.20000000298023225,""minimumIntervalSeconds"":5.0,""maximumIntervalSeconds"":10.0,""minimumValidReactionSeconds"":0.10000000149011612,""randomSeed"":-1525653754}",,0,0.000000,,CorrectSidePress,0,0,0,,,,,,,0.000000,1,0,PlusMinusKeys,0,1
20261008T083311983Z_6c2da03684844ae59035d797f0bbbd02,,,1,1,StimulusOnsetObserved,Visual,2026-10-08T08:34:00.2023533Z,48.207817,44.280227,2300,1,0,WaitingForOperatorSwitch,0,0,1,5,Right,1,,,,,1,0,0.000000,TaskSwitchPedal,0,0.500000,0.200000,,0.100000,5.000000,10.000000,-1525653754,47.718088,47.701641,47.718088,48.191369,48.207817,0.016448,,0,1,1,0,WaitingForOperatorSwitch,Move2,Move2.DestinationCoarseMove,Move2,Move2.DestinationCoarseMove,1,"{""pedalAxisName"":""TaskSwitchPedal"",""usePlusMinusKeys"":true,""positivePedalKey"":61,""negativePedalKey"":45,""invertPedalAxis"":false,""pressThreshold"":0.5,""releaseThreshold"":0.20000000298023225,""minimumIntervalSeconds"":5.0,""maximumIntervalSeconds"":10.0,""minimumValidReactionSeconds"":0.10000000149011612,""randomSeed"":-1525653754}",,0,0.000000,,CorrectSidePress,0,0,0,,,,,,,0.000000,0,0,Axis,0,1
20261008T083311983Z_6c2da03684844ae59035d797f0bbbd02,,,1,1,PedalPressed,Visual,2026-10-08T08:34:01.1980829Z,49.203202,45.274596,2344,1,0,WaitingForOperatorSwitch,0,0,1,5,Right,1,1,Correct,1,0.995385,1,0,1.000000,TaskSwitchPedal,0,0.500000,0.200000,,0.100000,5.000000,10.000000,-1525653754,48.713474,47.701641,47.718088,48.191369,48.207817,0.016448,49.203202,0,1,1,0,WaitingForOperatorSwitch,Move2,Move2.DestinationCoarseMove,Place,Place.PlacementLowering,1,"{""pedalAxisName"":""TaskSwitchPedal"",""usePlusMinusKeys"":true,""positivePedalKey"":61,""negativePedalKey"":45,""invertPedalAxis"":false,""pressThreshold"":0.5,""releaseThreshold"":0.20000000298023225,""minimumIntervalSeconds"":5.0,""maximumIntervalSeconds"":10.0,""minimumValidReactionSeconds"":0.10000000149011612,""randomSeed"":-1525653754}",,0,0.000000,0.995385,CorrectSidePress,1,0,0,1,Correct,1,0.995385,49.203202,0.995385,0.000000,1,0,PlusMinusKeys,0,1
20261008T083311983Z_6c2da03684844ae59035d797f0bbbd02,,,1,1,TrialFinished,Visual,2026-10-08T08:34:01.1980829Z,49.203202,45.274596,2344,1,0,WaitingForOperatorSwitch,0,0,1,5,Right,1,1,Correct,1,0.995385,1,0,1.000000,TaskSwitchPedal,0,0.500000,0.200000,,0.100000,5.000000,10.000000,-1525653754,48.713474,47.701641,47.718088,48.191369,48.207817,0.016448,49.203202,0,0,1,0,WaitingForOperatorSwitch,Move2,Move2.DestinationCoarseMove,Place,Place.PlacementLowering,1,"{""pedalAxisName"":""TaskSwitchPedal"",""usePlusMinusKeys"":true,""positivePedalKey"":61,""negativePedalKey"":45,""invertPedalAxis"":false,""pressThreshold"":0.5,""releaseThreshold"":0.20000000298023225,""minimumIntervalSeconds"":5.0,""maximumIntervalSeconds"":10.0,""minimumValidReactionSeconds"":0.10000000149011612,""randomSeed"":-1525653754}",,0,0.000000,0.995385,CorrectSidePress,1,0,0,1,Correct,1,0.995385,49.203202,0.995385,0.000000,1,0,PlusMinusKeys,0,1
20261008T083311983Z_6c2da03684844ae59035d797f0bbbd02,,,1,1,StimulusScheduled,Visual,2026-10-08T08:34:01.1980829Z,49.203817,45.274596,2344,1,0,WaitingForOperatorSwitch,0,0,1,6,Right,1,,,,,0,0,1.000000,TaskSwitchPedal,0,0.500000,0.200000,,0.100000,5.000000,10.000000,-1525653754,48.714089,58.375207,,58.864936,,,,0,0,,,,,,Place,Place.PlacementLowering,1,"{""pedalAxisName"":""TaskSwitchPedal"",""usePlusMinusKeys"":true,""positivePedalKey"":61,""negativePedalKey"":45,""invertPedalAxis"":false,""pressThreshold"":0.5,""releaseThreshold"":0.20000000298023225,""minimumIntervalSeconds"":5.0,""maximumIntervalSeconds"":10.0,""minimumValidReactionSeconds"":0.10000000149011612,""randomSeed"":-1525653754}",,0,0.000000,,CorrectSidePress,0,0,0,,,,,,,0.000000,1,0,PlusMinusKeys,0,1
20261008T083311983Z_6c2da03684844ae59035d797f0bbbd02,,,1,1,StimulusOnsetObserved,Visual,2026-10-08T08:34:10.8756719Z,58.881203,54.953550,2784,1,1,OperatingTarget,0,0,1,6,Right,1,,,,,1,0,0.000000,TaskSwitchPedal,0,0.500000,0.200000,,0.100000,5.000000,10.000000,-1525653754,58.391475,58.375207,58.391475,58.864936,58.881203,0.016267,,0,1,1,1,OperatingTarget,Move1,Move1.PickupFineAlign,Move1,Move1.PickupFineAlign,1,"{""pedalAxisName"":""TaskSwitchPedal"",""usePlusMinusKeys"":true,""positivePedalKey"":61,""negativePedalKey"":45,""invertPedalAxis"":false,""pressThreshold"":0.5,""releaseThreshold"":0.20000000298023225,""minimumIntervalSeconds"":5.0,""maximumIntervalSeconds"":10.0,""minimumValidReactionSeconds"":0.10000000149011612,""randomSeed"":-1525653754}",,0,0.000000,,CorrectSidePress,0,0,0,,,,,,,0.000000,0,0,Axis,0,1
20261008T083311983Z_6c2da03684844ae59035d797f0bbbd02,,,1,1,PedalPressed,Visual,2026-10-08T08:34:11.8749980Z,59.881319,55.953408,2827,1,1,OperatingTarget,0,0,1,6,Right,1,1,Correct,1,1.000116,1,0,1.000000,TaskSwitchPedal,0,0.500000,0.200000,,0.100000,5.000000,10.000000,-1525653754,59.391591,58.375207,58.391475,58.864936,58.881203,0.016267,59.881319,0,1,1,1,OperatingTarget,Move1,Move1.PickupFineAlign,Move1,Move1.PickupFineAlign,1,"{""pedalAxisName"":""TaskSwitchPedal"",""usePlusMinusKeys"":true,""positivePedalKey"":61,""negativePedalKey"":45,""invertPedalAxis"":false,""pressThreshold"":0.5,""releaseThreshold"":0.20000000298023225,""minimumIntervalSeconds"":5.0,""maximumIntervalSeconds"":10.0,""minimumValidReactionSeconds"":0.10000000149011612,""randomSeed"":-1525653754}",,0,0.000000,1.000116,CorrectSidePress,1,0,0,1,Correct,1,1.000116,59.881319,1.000116,0.000000,1,0,PlusMinusKeys,0,1
20261008T083311983Z_6c2da03684844ae59035d797f0bbbd02,,,1,1,TrialFinished,Visual,2026-10-08T08:34:11.8760401Z,59.881319,55.953408,2827,1,1,OperatingTarget,0,0,1,6,Right,1,1,Correct,1,1.000116,1,0,1.000000,TaskSwitchPedal,0,0.500000,0.200000,,0.100000,5.000000,10.000000,-1525653754,59.391591,58.375207,58.391475,58.864936,58.881203,0.016267,59.881319,0,0,1,1,OperatingTarget,Move1,Move1.PickupFineAlign,Move1,Move1.PickupFineAlign,1,"{""pedalAxisName"":""TaskSwitchPedal"",""usePlusMinusKeys"":true,""positivePedalKey"":61,""negativePedalKey"":45,""invertPedalAxis"":false,""pressThreshold"":0.5,""releaseThreshold"":0.20000000298023225,""minimumIntervalSeconds"":5.0,""maximumIntervalSeconds"":10.0,""minimumValidReactionSeconds"":0.10000000149011612,""randomSeed"":-1525653754}",,0,0.000000,1.000116,CorrectSidePress,1,0,0,1,Correct,1,1.000116,59.881319,1.000116,0.000000,1,0,PlusMinusKeys,0,1
20261008T083311983Z_6c2da03684844ae59035d797f0bbbd02,,,1,1,StimulusScheduled,Visual,2026-10-08T08:34:11.8760401Z,59.881760,55.953408,2827,1,1,OperatingTarget,0,0,1,7,Left,-1,,,,,0,0,1.000000,TaskSwitchPedal,0,0.500000,0.200000,,0.100000,5.000000,10.000000,-1525653754,59.392031,65.708334,,66.198063,,,,0,0,,,,,,Move1,Move1.PickupFineAlign,1,"{""pedalAxisName"":""TaskSwitchPedal"",""usePlusMinusKeys"":true,""positivePedalKey"":61,""negativePedalKey"":45,""invertPedalAxis"":false,""pressThreshold"":0.5,""releaseThreshold"":0.20000000298023225,""minimumIntervalSeconds"":5.0,""maximumIntervalSeconds"":10.0,""minimumValidReactionSeconds"":0.10000000149011612,""randomSeed"":-1525653754}",,0,0.000000,,CorrectSidePress,0,0,0,,,,,,,0.000000,1,0,PlusMinusKeys,0,1
20261008T083311983Z_6c2da03684844ae59035d797f0bbbd02,,,1,1,StimulusOnsetObserved,Visual,2026-10-08T08:34:18.2052597Z,66.211026,62.282878,3084,1,1,OperatingTarget,0,0,1,7,Left,-1,,,,,1,0,0.000000,TaskSwitchPedal,0,0.500000,0.200000,,0.100000,5.000000,10.000000,-1525653754,65.721298,65.708334,65.721298,66.198063,66.211026,0.012964,,1,0,1,1,OperatingTarget,LiftUp,LiftUp.PickupLowering,LiftUp,LiftUp.PickupLowering,1,"{""pedalAxisName"":""TaskSwitchPedal"",""usePlusMinusKeys"":true,""positivePedalKey"":61,""negativePedalKey"":45,""invertPedalAxis"":false,""pressThreshold"":0.5,""releaseThreshold"":0.20000000298023225,""minimumIntervalSeconds"":5.0,""maximumIntervalSeconds"":10.0,""minimumValidReactionSeconds"":0.10000000149011612,""randomSeed"":-1525653754}",,0,0.000000,,CorrectSidePress,0,0,0,,,,,,,0.000000,0,0,Axis,0,1
20261008T083311983Z_6c2da03684844ae59035d797f0bbbd02,,,1,1,PedalPressed,Visual,2026-10-08T08:34:19.2035745Z,67.209631,63.281349,3127,1,1,OperatingTarget,0,0,1,7,Left,-1,-1,Correct,1,0.998605,1,0,-1.000000,TaskSwitchPedal,0,0.500000,0.200000,,0.100000,5.000000,10.000000,-1525653754,66.719903,65.708334,65.721298,66.198063,66.211026,0.012964,67.209631,1,0,1,1,OperatingTarget,LiftUp,LiftUp.PickupLowering,LiftUp,LiftUp.PickupLowering,1,"{""pedalAxisName"":""TaskSwitchPedal"",""usePlusMinusKeys"":true,""positivePedalKey"":61,""negativePedalKey"":45,""invertPedalAxis"":false,""pressThreshold"":0.5,""releaseThreshold"":0.20000000298023225,""minimumIntervalSeconds"":5.0,""maximumIntervalSeconds"":10.0,""minimumValidReactionSeconds"":0.10000000149011612,""randomSeed"":-1525653754}",,0,0.000000,0.998604,CorrectSidePress,1,0,0,-1,Correct,1,0.998605,67.209631,0.998604,0.000000,0,1,PlusMinusKeys,0,1
20261008T083311983Z_6c2da03684844ae59035d797f0bbbd02,,,1,1,TrialFinished,Visual,2026-10-08T08:34:19.2035745Z,67.209631,63.281349,3127,1,1,OperatingTarget,0,0,1,7,Left,-1,-1,Correct,1,0.998605,1,0,-1.000000,TaskSwitchPedal,0,0.500000,0.200000,,0.100000,5.000000,10.000000,-1525653754,66.719903,65.708334,65.721298,66.198063,66.211026,0.012964,67.209631,0,0,1,1,OperatingTarget,LiftUp,LiftUp.PickupLowering,LiftUp,LiftUp.PickupLowering,1,"{""pedalAxisName"":""TaskSwitchPedal"",""usePlusMinusKeys"":true,""positivePedalKey"":61,""negativePedalKey"":45,""invertPedalAxis"":false,""pressThreshold"":0.5,""releaseThreshold"":0.20000000298023225,""minimumIntervalSeconds"":5.0,""maximumIntervalSeconds"":10.0,""minimumValidReactionSeconds"":0.10000000149011612,""randomSeed"":-1525653754}",,0,0.000000,0.998604,CorrectSidePress,1,0,0,-1,Correct,1,0.998605,67.209631,0.998604,0.000000,0,1,PlusMinusKeys,0,1
20261008T083311983Z_6c2da03684844ae59035d797f0bbbd02,,,1,1,StimulusScheduled,Visual,2026-10-08T08:34:19.2035745Z,67.209975,63.281349,3127,1,1,OperatingTarget,0,0,1,8,Right,1,,,,,0,0,-1.000000,TaskSwitchPedal,0,0.500000,0.200000,,0.100000,5.000000,10.000000,-1525653754,66.720247,74.803608,,75.293336,,,,0,0,,,,,,LiftUp,LiftUp.PickupLowering,1,"{""pedalAxisName"":""TaskSwitchPedal"",""usePlusMinusKeys"":true,""positivePedalKey"":61,""negativePedalKey"":45,""invertPedalAxis"":false,""pressThreshold"":0.5,""releaseThreshold"":0.20000000298023225,""minimumIntervalSeconds"":5.0,""maximumIntervalSeconds"":10.0,""minimumValidReactionSeconds"":0.10000000149011612,""randomSeed"":-1525653754}",,0,0.000000,,CorrectSidePress,0,0,0,,,,,,,0.000000,0,1,PlusMinusKeys,0,1
20261008T083311983Z_6c2da03684844ae59035d797f0bbbd02,,,1,1,StimulusOnsetObserved,Visual,2026-10-08T08:34:27.3157896Z,75.322462,71.394807,3474,1,1,OperatingTarget,0,0,1,8,Right,1,,,,,1,0,0.000000,TaskSwitchPedal,0,0.500000,0.200000,,0.100000,5.000000,10.000000,-1525653754,74.832734,74.803608,74.832734,75.293336,75.322462,0.029127,,0,1,1,1,OperatingTarget,LiftUp,LiftUp.LoadedRaising,LiftUp,LiftUp.LoadedRaising,1,"{""pedalAxisName"":""TaskSwitchPedal"",""usePlusMinusKeys"":true,""positivePedalKey"":61,""negativePedalKey"":45,""invertPedalAxis"":false,""pressThreshold"":0.5,""releaseThreshold"":0.20000000298023225,""minimumIntervalSeconds"":5.0,""maximumIntervalSeconds"":10.0,""minimumValidReactionSeconds"":0.10000000149011612,""randomSeed"":-1525653754}",,0,0.000000,,CorrectSidePress,0,0,0,,,,,,,0.000000,0,0,Axis,0,1
20261008T083311983Z_6c2da03684844ae59035d797f0bbbd02,,,1,1,PedalPressed,Visual,2026-10-08T08:34:28.3622907Z,76.368585,72.440100,3521,1,1,OperatingTarget,0,0,1,8,Right,1,1,Correct,1,1.046123,1,0,1.000000,TaskSwitchPedal,0,0.500000,0.200000,,0.100000,5.000000,10.000000,-1525653754,75.878857,74.803608,74.832734,75.293336,75.322462,0.029127,76.368585,0,1,1,1,OperatingTarget,LiftUp,LiftUp.LoadedRaising,LiftUp,LiftUp.LoadedRaising,1,"{""pedalAxisName"":""TaskSwitchPedal"",""usePlusMinusKeys"":true,""positivePedalKey"":61,""negativePedalKey"":45,""invertPedalAxis"":false,""pressThreshold"":0.5,""releaseThreshold"":0.20000000298023225,""minimumIntervalSeconds"":5.0,""maximumIntervalSeconds"":10.0,""minimumValidReactionSeconds"":0.10000000149011612,""randomSeed"":-1525653754}",,0,0.000000,1.046123,CorrectSidePress,1,0,0,1,Correct,1,1.046123,76.368585,1.046123,0.000000,1,0,PlusMinusKeys,0,1
20261008T083311983Z_6c2da03684844ae59035d797f0bbbd02,,,1,1,TrialFinished,Visual,2026-10-08T08:34:28.3622907Z,76.368585,72.440100,3521,1,1,OperatingTarget,0,0,1,8,Right,1,1,Correct,1,1.046123,1,0,1.000000,TaskSwitchPedal,0,0.500000,0.200000,,0.100000,5.000000,10.000000,-1525653754,75.878857,74.803608,74.832734,75.293336,75.322462,0.029127,76.368585,0,0,1,1,OperatingTarget,LiftUp,LiftUp.LoadedRaising,LiftUp,LiftUp.LoadedRaising,1,"{""pedalAxisName"":""TaskSwitchPedal"",""usePlusMinusKeys"":true,""positivePedalKey"":61,""negativePedalKey"":45,""invertPedalAxis"":false,""pressThreshold"":0.5,""releaseThreshold"":0.20000000298023225,""minimumIntervalSeconds"":5.0,""maximumIntervalSeconds"":10.0,""minimumValidReactionSeconds"":0.10000000149011612,""randomSeed"":-1525653754}",,0,0.000000,1.046123,CorrectSidePress,1,0,0,1,Correct,1,1.046123,76.368585,1.046123,0.000000,1,0,PlusMinusKeys,0,1
20261008T083311983Z_6c2da03684844ae59035d797f0bbbd02,,,1,1,StimulusScheduled,Visual,2026-10-08T08:34:28.3629584Z,76.368996,72.440100,3521,1,1,OperatingTarget,0,0,1,9,Right,1,,,,,0,0,1.000000,TaskSwitchPedal,0,0.500000,0.200000,,0.100000,5.000000,10.000000,-1525653754,75.879268,82.148429,,82.638157,,,,0,0,,,,,,LiftUp,LiftUp.LoadedRaising,1,"{""pedalAxisName"":""TaskSwitchPedal"",""usePlusMinusKeys"":true,""positivePedalKey"":61,""negativePedalKey"":45,""invertPedalAxis"":false,""pressThreshold"":0.5,""releaseThreshold"":0.20000000298023225,""minimumIntervalSeconds"":5.0,""maximumIntervalSeconds"":10.0,""minimumValidReactionSeconds"":0.10000000149011612,""randomSeed"":-1525653754}",,0,0.000000,,CorrectSidePress,0,0,0,,,,,,,0.000000,1,0,PlusMinusKeys,0,1
20261008T083311983Z_6c2da03684844ae59035d797f0bbbd02,,,1,1,StimulusOnsetObserved,Visual,2026-10-08T08:34:34.6315018Z,82.638954,78.710607,3795,1,0,OperatingSource,0,0,1,9,Right,1,,,,,1,0,0.000000,TaskSwitchPedal,0,0.500000,0.200000,,0.100000,5.000000,10.000000,-1525653754,82.149225,82.148429,82.149225,82.638157,82.638954,0.000797,,0,1,1,0,OperatingSource,Place,Place.PlacementLowering,Place,Place.PlacementLowering,1,"{""pedalAxisName"":""TaskSwitchPedal"",""usePlusMinusKeys"":true,""positivePedalKey"":61,""negativePedalKey"":45,""invertPedalAxis"":false,""pressThreshold"":0.5,""releaseThreshold"":0.20000000298023225,""minimumIntervalSeconds"":5.0,""maximumIntervalSeconds"":10.0,""minimumValidReactionSeconds"":0.10000000149011612,""randomSeed"":-1525653754}",,0,0.000000,,CorrectSidePress,0,0,0,,,,,,,0.000000,0,0,Axis,0,1
20261008T083311983Z_6c2da03684844ae59035d797f0bbbd02,,,1,1,PedalPressed,Visual,2026-10-08T08:34:35.7907480Z,83.797083,79.868346,3844,1,0,OperatingSource,0,0,1,9,Right,1,1,Correct,1,1.158129,1,0,1.000000,TaskSwitchPedal,0,0.500000,0.200000,,0.100000,5.000000,10.000000,-1525653754,83.307355,82.148429,82.149225,82.638157,82.638954,0.000797,83.797083,0,1,1,0,OperatingSource,Place,Place.PlacementLowering,Place,Place.PlacementLowering,1,"{""pedalAxisName"":""TaskSwitchPedal"",""usePlusMinusKeys"":true,""positivePedalKey"":61,""negativePedalKey"":45,""invertPedalAxis"":false,""pressThreshold"":0.5,""releaseThreshold"":0.20000000298023225,""minimumIntervalSeconds"":5.0,""maximumIntervalSeconds"":10.0,""minimumValidReactionSeconds"":0.10000000149011612,""randomSeed"":-1525653754}",,0,0.000000,1.158129,CorrectSidePress,1,0,0,1,Correct,1,1.158129,83.797083,1.158129,0.000000,1,0,PlusMinusKeys,0,1
20261008T083311983Z_6c2da03684844ae59035d797f0bbbd02,,,1,1,TrialFinished,Visual,2026-10-08T08:34:35.7907480Z,83.797083,79.868346,3844,1,0,OperatingSource,0,0,1,9,Right,1,1,Correct,1,1.158129,1,0,1.000000,TaskSwitchPedal,0,0.500000,0.200000,,0.100000,5.000000,10.000000,-1525653754,83.307355,82.148429,82.149225,82.638157,82.638954,0.000797,83.797083,0,0,1,0,OperatingSource,Place,Place.PlacementLowering,Place,Place.PlacementLowering,1,"{""pedalAxisName"":""TaskSwitchPedal"",""usePlusMinusKeys"":true,""positivePedalKey"":61,""negativePedalKey"":45,""invertPedalAxis"":false,""pressThreshold"":0.5,""releaseThreshold"":0.20000000298023225,""minimumIntervalSeconds"":5.0,""maximumIntervalSeconds"":10.0,""minimumValidReactionSeconds"":0.10000000149011612,""randomSeed"":-1525653754}",,0,0.000000,1.158129,CorrectSidePress,1,0,0,1,Correct,1,1.158129,83.797083,1.158129,0.000000,1,0,PlusMinusKeys,0,1
20261008T083311983Z_6c2da03684844ae59035d797f0bbbd02,,,1,1,StimulusScheduled,Visual,2026-10-08T08:34:35.7912556Z,83.797552,79.868346,3844,1,0,OperatingSource,0,0,1,10,Right,1,,,,,0,0,1.000000,TaskSwitchPedal,0,0.500000,0.200000,,0.100000,5.000000,10.000000,-1525653754,83.307824,89.462939,,89.952668,,,,0,0,,,,,,Place,Place.PlacementLowering,1,"{""pedalAxisName"":""TaskSwitchPedal"",""usePlusMinusKeys"":true,""positivePedalKey"":61,""negativePedalKey"":45,""invertPedalAxis"":false,""pressThreshold"":0.5,""releaseThreshold"":0.20000000298023225,""minimumIntervalSeconds"":5.0,""maximumIntervalSeconds"":10.0,""minimumValidReactionSeconds"":0.10000000149011612,""randomSeed"":-1525653754}",,0,0.000000,,CorrectSidePress,0,0,0,,,,,,,0.000000,1,0,PlusMinusKeys,0,1
20261008T083311983Z_6c2da03684844ae59035d797f0bbbd02,,,1,1,StimulusOnsetObserved,Visual,2026-10-08T08:34:41.9617344Z,89.968786,86.040517,4095,1,0,OperatingSource,0,0,1,10,Right,1,,,,,1,0,0.000000,TaskSwitchPedal,0,0.500000,0.200000,,0.100000,5.000000,10.000000,-1525653754,89.479057,89.462939,89.479057,89.952668,89.968786,0.016118,,0,1,1,0,OperatingSource,Place,Place.PostPlacementRaising,Place,Place.PostPlacementRaising,1,"{""pedalAxisName"":""TaskSwitchPedal"",""usePlusMinusKeys"":true,""positivePedalKey"":61,""negativePedalKey"":45,""invertPedalAxis"":false,""pressThreshold"":0.5,""releaseThreshold"":0.20000000298023225,""minimumIntervalSeconds"":5.0,""maximumIntervalSeconds"":10.0,""minimumValidReactionSeconds"":0.10000000149011612,""randomSeed"":-1525653754}",,0,0.000000,,CorrectSidePress,0,0,0,,,,,,,0.000000,0,0,Axis,0,1
20261008T083311983Z_6c2da03684844ae59035d797f0bbbd02,,,1,1,PedalPressed,Visual,2026-10-08T08:34:42.8745592Z,90.881711,86.954405,4135,1,0,OperatingSource,0,0,1,10,Right,1,1,Correct,1,0.912925,1,0,1.000000,TaskSwitchPedal,0,0.500000,0.200000,,0.100000,5.000000,10.000000,-1525653754,90.391983,89.462939,89.479057,89.952668,89.968786,0.016118,90.881711,0,1,1,0,OperatingSource,Place,Place.PostPlacementRaising,Place,Place.PostPlacementRaising,1,"{""pedalAxisName"":""TaskSwitchPedal"",""usePlusMinusKeys"":true,""positivePedalKey"":61,""negativePedalKey"":45,""invertPedalAxis"":false,""pressThreshold"":0.5,""releaseThreshold"":0.20000000298023225,""minimumIntervalSeconds"":5.0,""maximumIntervalSeconds"":10.0,""minimumValidReactionSeconds"":0.10000000149011612,""randomSeed"":-1525653754}",,0,0.000000,0.912925,CorrectSidePress,1,0,0,1,Correct,1,0.912925,90.881711,0.912925,0.000000,1,0,PlusMinusKeys,0,1
20261008T083311983Z_6c2da03684844ae59035d797f0bbbd02,,,1,1,TrialFinished,Visual,2026-10-08T08:34:42.8745592Z,90.881711,86.954405,4135,1,0,OperatingSource,0,0,1,10,Right,1,1,Correct,1,0.912925,1,0,1.000000,TaskSwitchPedal,0,0.500000,0.200000,,0.100000,5.000000,10.000000,-1525653754,90.391983,89.462939,89.479057,89.952668,89.968786,0.016118,90.881711,0,0,1,0,OperatingSource,Place,Place.PostPlacementRaising,Place,Place.PostPlacementRaising,1,"{""pedalAxisName"":""TaskSwitchPedal"",""usePlusMinusKeys"":true,""positivePedalKey"":61,""negativePedalKey"":45,""invertPedalAxis"":false,""pressThreshold"":0.5,""releaseThreshold"":0.20000000298023225,""minimumIntervalSeconds"":5.0,""maximumIntervalSeconds"":10.0,""minimumValidReactionSeconds"":0.10000000149011612,""randomSeed"":-1525653754}",,0,0.000000,0.912925,CorrectSidePress,1,0,0,1,Correct,1,0.912925,90.881711,0.912925,0.000000,1,0,PlusMinusKeys,0,1
20261008T083311983Z_6c2da03684844ae59035d797f0bbbd02,,,1,1,StimulusScheduled,Visual,2026-10-08T08:34:42.8745592Z,90.882095,86.954405,4135,1,0,OperatingSource,0,0,1,11,Left,-1,,,,,0,0,1.000000,TaskSwitchPedal,0,0.500000,0.200000,,0.100000,5.000000,10.000000,-1525653754,90.392367,96.649472,,97.139200,,,,0,0,,,,,,Place,Place.PostPlacementRaising,1,"{""pedalAxisName"":""TaskSwitchPedal"",""usePlusMinusKeys"":true,""positivePedalKey"":61,""negativePedalKey"":45,""invertPedalAxis"":false,""pressThreshold"":0.5,""releaseThreshold"":0.20000000298023225,""minimumIntervalSeconds"":5.0,""maximumIntervalSeconds"":10.0,""minimumValidReactionSeconds"":0.10000000149011612,""randomSeed"":-1525653754}",,0,0.000000,,CorrectSidePress,0,0,0,,,,,,,0.000000,1,0,PlusMinusKeys,0,1
20261008T083311983Z_6c2da03684844ae59035d797f0bbbd02,,,1,1,StimulusOnsetObserved,Visual,2026-10-08T08:34:49.1443430Z,97.152002,93.224072,4437,1,0,OperatingSource,0,0,1,11,Left,-1,,,,,1,0,0.000000,TaskSwitchPedal,0,0.500000,0.200000,,0.100000,5.000000,10.000000,-1525653754,96.662274,96.649472,96.662274,97.139200,97.152002,0.012802,,1,0,1,0,OperatingSource,Move1,Move1.PickupCoarseMove,Move1,Move1.PickupCoarseMove,1,"{""pedalAxisName"":""TaskSwitchPedal"",""usePlusMinusKeys"":true,""positivePedalKey"":61,""negativePedalKey"":45,""invertPedalAxis"":false,""pressThreshold"":0.5,""releaseThreshold"":0.20000000298023225,""minimumIntervalSeconds"":5.0,""maximumIntervalSeconds"":10.0,""minimumValidReactionSeconds"":0.10000000149011612,""randomSeed"":-1525653754}",,0,0.000000,,CorrectSidePress,0,0,0,,,,,,,0.000000,0,0,Axis,0,1
20261008T083311983Z_6c2da03684844ae59035d797f0bbbd02,,,1,1,PedalPressed,Visual,2026-10-08T08:34:50.2865852Z,98.293406,94.364898,4490,1,0,OperatingSource,0,0,1,11,Left,-1,-1,Correct,1,1.141404,1,0,-1.000000,TaskSwitchPedal,0,0.500000,0.200000,,0.100000,5.000000,10.000000,-1525653754,97.803678,96.649472,96.662274,97.139200,97.152002,0.012802,98.293406,1,0,1,0,OperatingSource,Move1,Move1.PickupCoarseMove,Move1,Move1.PickupCoarseMove,1,"{""pedalAxisName"":""TaskSwitchPedal"",""usePlusMinusKeys"":true,""positivePedalKey"":61,""negativePedalKey"":45,""invertPedalAxis"":false,""pressThreshold"":0.5,""releaseThreshold"":0.20000000298023225,""minimumIntervalSeconds"":5.0,""maximumIntervalSeconds"":10.0,""minimumValidReactionSeconds"":0.10000000149011612,""randomSeed"":-1525653754}",,0,0.000000,1.141404,CorrectSidePress,1,0,0,-1,Correct,1,1.141404,98.293406,1.141404,0.000000,0,1,PlusMinusKeys,0,1
20261008T083311983Z_6c2da03684844ae59035d797f0bbbd02,,,1,1,TrialFinished,Visual,2026-10-08T08:34:50.2865852Z,98.293406,94.364898,4490,1,0,OperatingSource,0,0,1,11,Left,-1,-1,Correct,1,1.141404,1,0,-1.000000,TaskSwitchPedal,0,0.500000,0.200000,,0.100000,5.000000,10.000000,-1525653754,97.803678,96.649472,96.662274,97.139200,97.152002,0.012802,98.293406,0,0,1,0,OperatingSource,Move1,Move1.PickupCoarseMove,Move1,Move1.PickupCoarseMove,1,"{""pedalAxisName"":""TaskSwitchPedal"",""usePlusMinusKeys"":true,""positivePedalKey"":61,""negativePedalKey"":45,""invertPedalAxis"":false,""pressThreshold"":0.5,""releaseThreshold"":0.20000000298023225,""minimumIntervalSeconds"":5.0,""maximumIntervalSeconds"":10.0,""minimumValidReactionSeconds"":0.10000000149011612,""randomSeed"":-1525653754}",,0,0.000000,1.141404,CorrectSidePress,1,0,0,-1,Correct,1,1.141404,98.293406,1.141404,0.000000,0,1,PlusMinusKeys,0,1
20261008T083311983Z_6c2da03684844ae59035d797f0bbbd02,,,1,1,StimulusScheduled,Visual,2026-10-08T08:34:50.2865852Z,98.293733,94.364898,4490,1,0,OperatingSource,0,0,1,12,Left,-1,,,,,0,0,-1.000000,TaskSwitchPedal,0,0.500000,0.200000,,0.100000,5.000000,10.000000,-1525653754,97.804004,105.233672,,105.723400,,,,0,0,,,,,,Move1,Move1.PickupCoarseMove,1,"{""pedalAxisName"":""TaskSwitchPedal"",""usePlusMinusKeys"":true,""positivePedalKey"":61,""negativePedalKey"":45,""invertPedalAxis"":false,""pressThreshold"":0.5,""releaseThreshold"":0.20000000298023225,""minimumIntervalSeconds"":5.0,""maximumIntervalSeconds"":10.0,""minimumValidReactionSeconds"":0.10000000149011612,""randomSeed"":-1525653754}",,0,0.000000,,CorrectSidePress,0,0,0,,,,,,,0.000000,0,1,PlusMinusKeys,0,1
20261008T083311983Z_6c2da03684844ae59035d797f0bbbd02,,,1,1,StimulusOnsetObserved,Visual,2026-10-08T08:34:57.7354704Z,105.743071,101.815541,4831,1,0,OperatingSource,0,0,1,12,Left,-1,,,,,1,0,0.000000,TaskSwitchPedal,0,0.500000,0.200000,,0.100000,5.000000,10.000000,-1525653754,105.253342,105.233672,105.253342,105.723400,105.743071,0.019670,,1,0,1,0,OperatingSource,Move1,Move1.PickupCoarseMove,Move1,Move1.PickupCoarseMove,1,"{""pedalAxisName"":""TaskSwitchPedal"",""usePlusMinusKeys"":true,""positivePedalKey"":61,""negativePedalKey"":45,""invertPedalAxis"":false,""pressThreshold"":0.5,""releaseThreshold"":0.20000000298023225,""minimumIntervalSeconds"":5.0,""maximumIntervalSeconds"":10.0,""minimumValidReactionSeconds"":0.10000000149011612,""randomSeed"":-1525653754}",,0,0.000000,,CorrectSidePress,0,0,0,,,,,,,0.000000,0,0,Axis,0,1
20261008T083311983Z_6c2da03684844ae59035d797f0bbbd02,,,1,1,PedalPressed,Visual,2026-10-08T08:34:58.6384686Z,106.646225,102.719166,4873,1,0,OperatingSource,0,0,1,12,Left,-1,-1,Correct,1,0.903155,1,0,-1.000000,TaskSwitchPedal,0,0.500000,0.200000,,0.100000,5.000000,10.000000,-1525653754,106.156497,105.233672,105.253342,105.723400,105.743071,0.019670,106.646225,1,0,1,0,OperatingSource,Move1,Move1.PickupCoarseMove,Move1,Move1.PickupCoarseMove,1,"{""pedalAxisName"":""TaskSwitchPedal"",""usePlusMinusKeys"":true,""positivePedalKey"":61,""negativePedalKey"":45,""invertPedalAxis"":false,""pressThreshold"":0.5,""releaseThreshold"":0.20000000298023225,""minimumIntervalSeconds"":5.0,""maximumIntervalSeconds"":10.0,""minimumValidReactionSeconds"":0.10000000149011612,""randomSeed"":-1525653754}",,0,0.000000,0.903155,CorrectSidePress,1,0,0,-1,Correct,1,0.903155,106.646225,0.903155,0.000000,0,1,PlusMinusKeys,0,1
20261008T083311983Z_6c2da03684844ae59035d797f0bbbd02,,,1,1,TrialFinished,Visual,2026-10-08T08:34:58.6384686Z,106.646225,102.719166,4873,1,0,OperatingSource,0,0,1,12,Left,-1,-1,Correct,1,0.903155,1,0,-1.000000,TaskSwitchPedal,0,0.500000,0.200000,,0.100000,5.000000,10.000000,-1525653754,106.156497,105.233672,105.253342,105.723400,105.743071,0.019670,106.646225,0,0,1,0,OperatingSource,Move1,Move1.PickupCoarseMove,Move1,Move1.PickupCoarseMove,1,"{""pedalAxisName"":""TaskSwitchPedal"",""usePlusMinusKeys"":true,""positivePedalKey"":61,""negativePedalKey"":45,""invertPedalAxis"":false,""pressThreshold"":0.5,""releaseThreshold"":0.20000000298023225,""minimumIntervalSeconds"":5.0,""maximumIntervalSeconds"":10.0,""minimumValidReactionSeconds"":0.10000000149011612,""randomSeed"":-1525653754}",,0,0.000000,0.903155,CorrectSidePress,1,0,0,-1,Correct,1,0.903155,106.646225,0.903155,0.000000,0,1,PlusMinusKeys,0,1
20261008T083311983Z_6c2da03684844ae59035d797f0bbbd02,,,1,1,StimulusScheduled,Visual,2026-10-08T08:34:58.6394673Z,106.646574,102.719166,4873,1,0,OperatingSource,0,0,1,13,Right,1,,,,,0,0,-1.000000,TaskSwitchPedal,0,0.500000,0.200000,,0.100000,5.000000,10.000000,-1525653754,106.156846,113.039004,,113.528732,,,,0,0,,,,,,Move1,Move1.PickupCoarseMove,1,"{""pedalAxisName"":""TaskSwitchPedal"",""usePlusMinusKeys"":true,""positivePedalKey"":61,""negativePedalKey"":45,""invertPedalAxis"":false,""pressThreshold"":0.5,""releaseThreshold"":0.20000000298023225,""minimumIntervalSeconds"":5.0,""maximumIntervalSeconds"":10.0,""minimumValidReactionSeconds"":0.10000000149011612,""randomSeed"":-1525653754}",,0,0.000000,,CorrectSidePress,0,0,0,,,,,,,0.000000,0,1,PlusMinusKeys,0,1
20261008T083311983Z_6c2da03684844ae59035d797f0bbbd02,,,1,1,StimulusOnsetObserved,Visual,2026-10-08T08:35:05.5301316Z,113.538442,109.610679,5178,1,0,OperatingSource,0,0,1,13,Right,1,,,,,1,0,0.000000,TaskSwitchPedal,0,0.500000,0.200000,,0.100000,5.000000,10.000000,-1525653754,113.048714,113.039004,113.048714,113.528732,113.538442,0.009710,,0,1,1,0,OperatingSource,LiftUp,LiftUp.PickupLowering,LiftUp,LiftUp.PickupLowering,1,"{""pedalAxisName"":""TaskSwitchPedal"",""usePlusMinusKeys"":true,""positivePedalKey"":61,""negativePedalKey"":45,""invertPedalAxis"":false,""pressThreshold"":0.5,""releaseThreshold"":0.20000000298023225,""minimumIntervalSeconds"":5.0,""maximumIntervalSeconds"":10.0,""minimumValidReactionSeconds"":0.10000000149011612,""randomSeed"":-1525653754}",,0,0.000000,,CorrectSidePress,0,0,0,,,,,,,0.000000,0,0,Axis,0,1
20261008T083311983Z_6c2da03684844ae59035d797f0bbbd02,,,1,1,PedalPressed,Visual,2026-10-08T08:35:06.5446561Z,114.552556,110.624615,5219,1,0,OperatingSource,0,0,1,13,Right,1,1,Correct,1,1.014114,1,0,1.000000,TaskSwitchPedal,0,0.500000,0.200000,,0.100000,5.000000,10.000000,-1525653754,114.062828,113.039004,113.048714,113.528732,113.538442,0.009710,114.552556,0,1,1,0,OperatingSource,LiftUp,LiftUp.PickupLowering,LiftUp,LiftUp.PickupLowering,1,"{""pedalAxisName"":""TaskSwitchPedal"",""usePlusMinusKeys"":true,""positivePedalKey"":61,""negativePedalKey"":45,""invertPedalAxis"":false,""pressThreshold"":0.5,""releaseThreshold"":0.20000000298023225,""minimumIntervalSeconds"":5.0,""maximumIntervalSeconds"":10.0,""minimumValidReactionSeconds"":0.10000000149011612,""randomSeed"":-1525653754}",,0,0.000000,1.014114,CorrectSidePress,1,0,0,1,Correct,1,1.014114,114.552556,1.014114,0.000000,1,0,PlusMinusKeys,0,1
20261008T083311983Z_6c2da03684844ae59035d797f0bbbd02,,,1,1,TrialFinished,Visual,2026-10-08T08:35:06.5446561Z,114.552556,110.624615,5219,1,0,OperatingSource,0,0,1,13,Right,1,1,Correct,1,1.014114,1,0,1.000000,TaskSwitchPedal,0,0.500000,0.200000,,0.100000,5.000000,10.000000,-1525653754,114.062828,113.039004,113.048714,113.528732,113.538442,0.009710,114.552556,0,0,1,0,OperatingSource,LiftUp,LiftUp.PickupLowering,LiftUp,LiftUp.PickupLowering,1,"{""pedalAxisName"":""TaskSwitchPedal"",""usePlusMinusKeys"":true,""positivePedalKey"":61,""negativePedalKey"":45,""invertPedalAxis"":false,""pressThreshold"":0.5,""releaseThreshold"":0.20000000298023225,""minimumIntervalSeconds"":5.0,""maximumIntervalSeconds"":10.0,""minimumValidReactionSeconds"":0.10000000149011612,""randomSeed"":-1525653754}",,0,0.000000,1.014114,CorrectSidePress,1,0,0,1,Correct,1,1.014114,114.552556,1.014114,0.000000,1,0,PlusMinusKeys,0,1
20261008T083311983Z_6c2da03684844ae59035d797f0bbbd02,,,1,1,StimulusScheduled,Visual,2026-10-08T08:35:06.5456660Z,114.553063,110.624615,5219,1,0,OperatingSource,0,0,1,14,Left,-1,,,,,0,0,1.000000,TaskSwitchPedal,0,0.500000,0.200000,,0.100000,5.000000,10.000000,-1525653754,114.063334,121.543728,,122.033457,,,,0,0,,,,,,LiftUp,LiftUp.PickupLowering,1,"{""pedalAxisName"":""TaskSwitchPedal"",""usePlusMinusKeys"":true,""positivePedalKey"":61,""negativePedalKey"":45,""invertPedalAxis"":false,""pressThreshold"":0.5,""releaseThreshold"":0.20000000298023225,""minimumIntervalSeconds"":5.0,""maximumIntervalSeconds"":10.0,""minimumValidReactionSeconds"":0.10000000149011612,""randomSeed"":-1525653754}",,0,0.000000,,CorrectSidePress,0,0,0,,,,,,,0.000000,1,0,PlusMinusKeys,0,1
20261008T083311983Z_6c2da03684844ae59035d797f0bbbd02,,,1,1,StimulusOnsetObserved,Visual,2026-10-08T08:35:14.0321988Z,122.039963,118.112566,5515,2,0,WaitingForOperatorSwitch,0,0,1,14,Left,-1,,,,,1,0,0.000000,TaskSwitchPedal,0,0.500000,0.200000,,0.100000,5.000000,10.000000,-1525653754,121.550234,121.543728,121.550234,122.033457,122.039963,0.006506,,1,0,2,0,WaitingForOperatorSwitch,LiftUp,LiftUp.LoadedRaising,LiftUp,LiftUp.LoadedRaising,1,"{""pedalAxisName"":""TaskSwitchPedal"",""usePlusMinusKeys"":true,""positivePedalKey"":61,""negativePedalKey"":45,""invertPedalAxis"":false,""pressThreshold"":0.5,""releaseThreshold"":0.20000000298023225,""minimumIntervalSeconds"":5.0,""maximumIntervalSeconds"":10.0,""minimumValidReactionSeconds"":0.10000000149011612,""randomSeed"":-1525653754}",,0,0.000000,,CorrectSidePress,0,0,0,,,,,,,0.000000,0,0,Axis,0,1
20261008T083311983Z_6c2da03684844ae59035d797f0bbbd02,,,1,1,PedalPressed,Visual,2026-10-08T08:35:15.1661033Z,123.174606,119.246708,5557,2,0,WaitingForOperatorSwitch,0,0,1,14,Left,-1,-1,Correct,1,1.134643,1,0,-1.000000,TaskSwitchPedal,0,0.500000,0.200000,,0.100000,5.000000,10.000000,-1525653754,122.684877,121.543728,121.550234,122.033457,122.039963,0.006506,123.174606,1,0,2,0,WaitingForOperatorSwitch,LiftUp,LiftUp.LoadedRaising,LiftUp,LiftUp.LoadedRaising,1,"{""pedalAxisName"":""TaskSwitchPedal"",""usePlusMinusKeys"":true,""positivePedalKey"":61,""negativePedalKey"":45,""invertPedalAxis"":false,""pressThreshold"":0.5,""releaseThreshold"":0.20000000298023225,""minimumIntervalSeconds"":5.0,""maximumIntervalSeconds"":10.0,""minimumValidReactionSeconds"":0.10000000149011612,""randomSeed"":-1525653754}",,0,0.000000,1.134643,CorrectSidePress,1,0,0,-1,Correct,1,1.134643,123.174606,1.134643,0.000000,0,1,PlusMinusKeys,0,1
20261008T083311983Z_6c2da03684844ae59035d797f0bbbd02,,,1,1,TrialFinished,Visual,2026-10-08T08:35:15.1670932Z,123.174606,119.246708,5557,2,0,WaitingForOperatorSwitch,0,0,1,14,Left,-1,-1,Correct,1,1.134643,1,0,-1.000000,TaskSwitchPedal,0,0.500000,0.200000,,0.100000,5.000000,10.000000,-1525653754,122.684877,121.543728,121.550234,122.033457,122.039963,0.006506,123.174606,0,0,2,0,WaitingForOperatorSwitch,LiftUp,LiftUp.LoadedRaising,LiftUp,LiftUp.LoadedRaising,1,"{""pedalAxisName"":""TaskSwitchPedal"",""usePlusMinusKeys"":true,""positivePedalKey"":61,""negativePedalKey"":45,""invertPedalAxis"":false,""pressThreshold"":0.5,""releaseThreshold"":0.20000000298023225,""minimumIntervalSeconds"":5.0,""maximumIntervalSeconds"":10.0,""minimumValidReactionSeconds"":0.10000000149011612,""randomSeed"":-1525653754}",,0,0.000000,1.134643,CorrectSidePress,1,0,0,-1,Correct,1,1.134643,123.174606,1.134643,0.000000,0,1,PlusMinusKeys,0,1
20261008T083311983Z_6c2da03684844ae59035d797f0bbbd02,,,1,1,StimulusScheduled,Visual,2026-10-08T08:35:15.1670932Z,123.174971,119.246708,5557,2,0,WaitingForOperatorSwitch,0,0,1,15,Right,1,,,,,0,0,-1.000000,TaskSwitchPedal,0,0.500000,0.200000,,0.100000,5.000000,10.000000,-1525653754,122.685243,131.678246,,132.167974,,,,0,0,,,,,,LiftUp,LiftUp.LoadedRaising,1,"{""pedalAxisName"":""TaskSwitchPedal"",""usePlusMinusKeys"":true,""positivePedalKey"":61,""negativePedalKey"":45,""invertPedalAxis"":false,""pressThreshold"":0.5,""releaseThreshold"":0.20000000298023225,""minimumIntervalSeconds"":5.0,""maximumIntervalSeconds"":10.0,""minimumValidReactionSeconds"":0.10000000149011612,""randomSeed"":-1525653754}",,0,0.000000,,CorrectSidePress,0,0,0,,,,,,,0.000000,0,1,PlusMinusKeys,0,1
20261008T083311983Z_6c2da03684844ae59035d797f0bbbd02,,,1,1,StimulusOnsetObserved,Visual,2026-10-08T08:35:24.1744595Z,132.183426,128.255651,5917,2,1,OperatingTarget,0,0,1,15,Right,1,,,,,1,0,0.000000,TaskSwitchPedal,0,0.500000,0.200000,,0.100000,5.000000,10.000000,-1525653754,131.693698,131.678246,131.693698,132.167974,132.183426,0.015452,,0,1,2,1,OperatingTarget,Move2,Move2.DestinationCoarseMove,Move2,Move2.DestinationCoarseMove,1,"{""pedalAxisName"":""TaskSwitchPedal"",""usePlusMinusKeys"":true,""positivePedalKey"":61,""negativePedalKey"":45,""invertPedalAxis"":false,""pressThreshold"":0.5,""releaseThreshold"":0.20000000298023225,""minimumIntervalSeconds"":5.0,""maximumIntervalSeconds"":10.0,""minimumValidReactionSeconds"":0.10000000149011612,""randomSeed"":-1525653754}",,0,0.000000,,CorrectSidePress,0,0,0,,,,,,,0.000000,0,0,Axis,0,1
20261008T083311983Z_6c2da03684844ae59035d797f0bbbd02,,,1,1,PedalPressed,Visual,2026-10-08T08:35:25.1384985Z,133.147143,129.217643,5955,2,1,OperatingTarget,0,0,1,15,Right,1,1,Correct,1,0.963716,1,0,1.000000,TaskSwitchPedal,0,0.500000,0.200000,,0.100000,5.000000,10.000000,-1525653754,132.657414,131.678246,131.693698,132.167974,132.183426,0.015452,133.147143,0,1,2,1,OperatingTarget,Move2,Move2.DestinationCoarseMove,Move2,Move2.DestinationCoarseMove,1,"{""pedalAxisName"":""TaskSwitchPedal"",""usePlusMinusKeys"":true,""positivePedalKey"":61,""negativePedalKey"":45,""invertPedalAxis"":false,""pressThreshold"":0.5,""releaseThreshold"":0.20000000298023225,""minimumIntervalSeconds"":5.0,""maximumIntervalSeconds"":10.0,""minimumValidReactionSeconds"":0.10000000149011612,""randomSeed"":-1525653754}",,0,0.000000,0.963716,CorrectSidePress,1,0,0,1,Correct,1,0.963716,133.147143,0.963716,0.000000,1,0,PlusMinusKeys,0,1
20261008T083311983Z_6c2da03684844ae59035d797f0bbbd02,,,1,1,TrialFinished,Visual,2026-10-08T08:35:25.1384985Z,133.147143,129.217643,5955,2,1,OperatingTarget,0,0,1,15,Right,1,1,Correct,1,0.963716,1,0,1.000000,TaskSwitchPedal,0,0.500000,0.200000,,0.100000,5.000000,10.000000,-1525653754,132.657414,131.678246,131.693698,132.167974,132.183426,0.015452,133.147143,0,0,2,1,OperatingTarget,Move2,Move2.DestinationCoarseMove,Move2,Move2.DestinationCoarseMove,1,"{""pedalAxisName"":""TaskSwitchPedal"",""usePlusMinusKeys"":true,""positivePedalKey"":61,""negativePedalKey"":45,""invertPedalAxis"":false,""pressThreshold"":0.5,""releaseThreshold"":0.20000000298023225,""minimumIntervalSeconds"":5.0,""maximumIntervalSeconds"":10.0,""minimumValidReactionSeconds"":0.10000000149011612,""randomSeed"":-1525653754}",,0,0.000000,0.963716,CorrectSidePress,1,0,0,1,Correct,1,0.963716,133.147143,0.963716,0.000000,1,0,PlusMinusKeys,0,1
20261008T083311983Z_6c2da03684844ae59035d797f0bbbd02,,,1,1,StimulusScheduled,Visual,2026-10-08T08:35:25.1395315Z,133.147462,129.217643,5955,2,1,OperatingTarget,0,0,1,16,Left,-1,,,,,0,0,1.000000,TaskSwitchPedal,0,0.500000,0.200000,,0.100000,5.000000,10.000000,-1525653754,132.657733,140.695446,,141.185174,,,,0,0,,,,,,Move2,Move2.DestinationCoarseMove,1,"{""pedalAxisName"":""TaskSwitchPedal"",""usePlusMinusKeys"":true,""positivePedalKey"":61,""negativePedalKey"":45,""invertPedalAxis"":false,""pressThreshold"":0.5,""releaseThreshold"":0.20000000298023225,""minimumIntervalSeconds"":5.0,""maximumIntervalSeconds"":10.0,""minimumValidReactionSeconds"":0.10000000149011612,""randomSeed"":-1525653754}",,0,0.000000,,CorrectSidePress,0,0,0,,,,,,,0.000000,1,0,PlusMinusKeys,0,1
20261008T083311983Z_6c2da03684844ae59035d797f0bbbd02,,,1,1,StimulusOnsetObserved,Visual,2026-10-08T08:35:33.1782487Z,141.186593,137.256567,6271,2,1,OperatingTarget,0,0,1,16,Left,-1,,,,,1,0,0.000000,TaskSwitchPedal,0,0.500000,0.200000,,0.100000,5.000000,10.000000,-1525653754,140.696865,140.695446,140.696865,141.185174,141.186593,0.001419,,1,0,2,1,OperatingTarget,Place,Place.PlacementLowering,Place,Place.PlacementLowering,1,"{""pedalAxisName"":""TaskSwitchPedal"",""usePlusMinusKeys"":true,""positivePedalKey"":61,""negativePedalKey"":45,""invertPedalAxis"":false,""pressThreshold"":0.5,""releaseThreshold"":0.20000000298023225,""minimumIntervalSeconds"":5.0,""maximumIntervalSeconds"":10.0,""minimumValidReactionSeconds"":0.10000000149011612,""randomSeed"":-1525653754}",,0,0.000000,,CorrectSidePress,0,0,0,,,,,,,0.000000,0,0,Axis,0,1
20261008T083311983Z_6c2da03684844ae59035d797f0bbbd02,,,1,1,PedalPressed,Visual,2026-10-08T08:35:34.1274502Z,142.135993,138.207544,6307,2,1,OperatingTarget,0,0,1,16,Left,-1,-1,Correct,1,0.949400,1,0,-1.000000,TaskSwitchPedal,0,0.500000,0.200000,,0.100000,5.000000,10.000000,-1525653754,141.646264,140.695446,140.696865,141.185174,141.186593,0.001419,142.135993,1,0,2,1,OperatingTarget,Place,Place.PlacementLowering,Place,Place.PlacementLowering,1,"{""pedalAxisName"":""TaskSwitchPedal"",""usePlusMinusKeys"":true,""positivePedalKey"":61,""negativePedalKey"":45,""invertPedalAxis"":false,""pressThreshold"":0.5,""releaseThreshold"":0.20000000298023225,""minimumIntervalSeconds"":5.0,""maximumIntervalSeconds"":10.0,""minimumValidReactionSeconds"":0.10000000149011612,""randomSeed"":-1525653754}",,0,0.000000,0.949400,CorrectSidePress,1,0,0,-1,Correct,1,0.949400,142.135993,0.949400,0.000000,0,1,PlusMinusKeys,0,1
20261008T083311983Z_6c2da03684844ae59035d797f0bbbd02,,,1,1,TrialFinished,Visual,2026-10-08T08:35:34.1274502Z,142.135993,138.207544,6307,2,1,OperatingTarget,0,0,1,16,Left,-1,-1,Correct,1,0.949400,1,0,-1.000000,TaskSwitchPedal,0,0.500000,0.200000,,0.100000,5.000000,10.000000,-1525653754,141.646264,140.695446,140.696865,141.185174,141.186593,0.001419,142.135993,0,0,2,1,OperatingTarget,Place,Place.PlacementLowering,Place,Place.PlacementLowering,1,"{""pedalAxisName"":""TaskSwitchPedal"",""usePlusMinusKeys"":true,""positivePedalKey"":61,""negativePedalKey"":45,""invertPedalAxis"":false,""pressThreshold"":0.5,""releaseThreshold"":0.20000000298023225,""minimumIntervalSeconds"":5.0,""maximumIntervalSeconds"":10.0,""minimumValidReactionSeconds"":0.10000000149011612,""randomSeed"":-1525653754}",,0,0.000000,0.949400,CorrectSidePress,1,0,0,-1,Correct,1,0.949400,142.135993,0.949400,0.000000,0,1,PlusMinusKeys,0,1
20261008T083311983Z_6c2da03684844ae59035d797f0bbbd02,,,1,1,StimulusScheduled,Visual,2026-10-08T08:35:34.1274502Z,142.136379,138.207544,6307,2,1,OperatingTarget,0,0,1,17,Right,1,,,,,0,0,-1.000000,TaskSwitchPedal,0,0.500000,0.200000,,0.100000,5.000000,10.000000,-1525653754,141.646651,148.007095,,148.496823,,,,0,0,,,,,,Place,Place.PlacementLowering,1,"{""pedalAxisName"":""TaskSwitchPedal"",""usePlusMinusKeys"":true,""positivePedalKey"":61,""negativePedalKey"":45,""invertPedalAxis"":false,""pressThreshold"":0.5,""releaseThreshold"":0.20000000298023225,""minimumIntervalSeconds"":5.0,""maximumIntervalSeconds"":10.0,""minimumValidReactionSeconds"":0.10000000149011612,""randomSeed"":-1525653754}",,0,0.000000,,CorrectSidePress,0,0,0,,,,,,,0.000000,0,1,PlusMinusKeys,0,1
20261008T083311983Z_6c2da03684844ae59035d797f0bbbd02,,,1,1,StimulusOnsetObserved,Visual,2026-10-08T08:35:40.4980665Z,148.506753,144.579431,6561,2,1,OperatingTarget,0,0,1,17,Right,1,,,,,1,0,0.000000,TaskSwitchPedal,0,0.500000,0.200000,,0.100000,5.000000,10.000000,-1525653754,148.017025,148.007095,148.017025,148.496823,148.506753,0.009930,,0,1,2,1,OperatingTarget,Place,Place.PostPlacementRaising,Place,Place.PostPlacementRaising,1,"{""pedalAxisName"":""TaskSwitchPedal"",""usePlusMinusKeys"":true,""positivePedalKey"":61,""negativePedalKey"":45,""invertPedalAxis"":false,""pressThreshold"":0.5,""releaseThreshold"":0.20000000298023225,""minimumIntervalSeconds"":5.0,""maximumIntervalSeconds"":10.0,""minimumValidReactionSeconds"":0.10000000149011612,""randomSeed"":-1525653754}",,0,0.000000,,CorrectSidePress,0,0,0,,,,,,,0.000000,0,0,Axis,0,1
20261008T083311983Z_6c2da03684844ae59035d797f0bbbd02,,,1,1,PedalPressed,Visual,2026-10-08T08:35:41.4579063Z,149.466382,145.538567,6602,2,1,OperatingTarget,0,0,1,17,Right,1,1,Correct,1,0.959629,1,0,1.000000,TaskSwitchPedal,0,0.500000,0.200000,,0.100000,5.000000,10.000000,-1525653754,148.976654,148.007095,148.017025,148.496823,148.506753,0.009930,149.466382,0,1,2,1,OperatingTarget,Place,Place.PostPlacementRaising,Place,Place.PostPlacementRaising,1,"{""pedalAxisName"":""TaskSwitchPedal"",""usePlusMinusKeys"":true,""positivePedalKey"":61,""negativePedalKey"":45,""invertPedalAxis"":false,""pressThreshold"":0.5,""releaseThreshold"":0.20000000298023225,""minimumIntervalSeconds"":5.0,""maximumIntervalSeconds"":10.0,""minimumValidReactionSeconds"":0.10000000149011612,""randomSeed"":-1525653754}",,0,0.000000,0.959629,CorrectSidePress,1,0,0,1,Correct,1,0.959629,149.466382,0.959629,0.000000,1,0,PlusMinusKeys,0,1
20261008T083311983Z_6c2da03684844ae59035d797f0bbbd02,,,1,1,TrialFinished,Visual,2026-10-08T08:35:41.4579063Z,149.466382,145.538567,6602,2,1,OperatingTarget,0,0,1,17,Right,1,1,Correct,1,0.959629,1,0,1.000000,TaskSwitchPedal,0,0.500000,0.200000,,0.100000,5.000000,10.000000,-1525653754,148.976654,148.007095,148.017025,148.496823,148.506753,0.009930,149.466382,0,0,2,1,OperatingTarget,Place,Place.PostPlacementRaising,Place,Place.PostPlacementRaising,1,"{""pedalAxisName"":""TaskSwitchPedal"",""usePlusMinusKeys"":true,""positivePedalKey"":61,""negativePedalKey"":45,""invertPedalAxis"":false,""pressThreshold"":0.5,""releaseThreshold"":0.20000000298023225,""minimumIntervalSeconds"":5.0,""maximumIntervalSeconds"":10.0,""minimumValidReactionSeconds"":0.10000000149011612,""randomSeed"":-1525653754}",,0,0.000000,0.959629,CorrectSidePress,1,0,0,1,Correct,1,0.959629,149.466382,0.959629,0.000000,1,0,PlusMinusKeys,0,1
20261008T083311983Z_6c2da03684844ae59035d797f0bbbd02,,,1,1,StimulusScheduled,Visual,2026-10-08T08:35:41.4579063Z,149.466876,145.538567,6602,2,1,OperatingTarget,0,0,1,18,Right,1,,,,,0,0,1.000000,TaskSwitchPedal,0,0.500000,0.200000,,0.100000,5.000000,10.000000,-1525653754,148.977148,156.526425,,157.016153,,,,0,0,,,,,,Place,Place.PostPlacementRaising,1,"{""pedalAxisName"":""TaskSwitchPedal"",""usePlusMinusKeys"":true,""positivePedalKey"":61,""negativePedalKey"":45,""invertPedalAxis"":false,""pressThreshold"":0.5,""releaseThreshold"":0.20000000298023225,""minimumIntervalSeconds"":5.0,""maximumIntervalSeconds"":10.0,""minimumValidReactionSeconds"":0.10000000149011612,""randomSeed"":-1525653754}",,0,0.000000,,CorrectSidePress,0,0,0,,,,,,,0.000000,1,0,PlusMinusKeys,0,1
20261008T083311983Z_6c2da03684844ae59035d797f0bbbd02,,,1,1,StimulusOnsetObserved,Visual,2026-10-08T08:35:49.0218904Z,157.031829,153.104375,6968,2,0,WaitingForSourceConfirmation,1,0,1,18,Right,1,,,,,1,0,0.000000,TaskSwitchPedal,0,0.500000,0.200000,,0.100000,5.000000,10.000000,-1525653754,156.542101,156.526425,156.542101,157.016153,157.031829,0.015676,,0,1,2,0,WaitingForSourceConfirmation,Move2,Move2.DestinationCoarseMove,Move2,Move2.DestinationCoarseMove,1,"{""pedalAxisName"":""TaskSwitchPedal"",""usePlusMinusKeys"":true,""positivePedalKey"":61,""negativePedalKey"":45,""invertPedalAxis"":false,""pressThreshold"":0.5,""releaseThreshold"":0.20000000298023225,""minimumIntervalSeconds"":5.0,""maximumIntervalSeconds"":10.0,""minimumValidReactionSeconds"":0.10000000149011612,""randomSeed"":-1525653754}",,0,0.000000,,CorrectSidePress,0,0,0,,,,,,,0.000000,0,0,Axis,0,1
20261008T083311983Z_6c2da03684844ae59035d797f0bbbd02,,,1,1,PedalPressed,Visual,2026-10-08T08:35:50.4622069Z,158.471507,154.543983,7035,2,0,WaitingForSourceConfirmation,1,0,1,18,Right,1,1,Correct,1,1.439678,1,0,1.000000,TaskSwitchPedal,0,0.500000,0.200000,,0.100000,5.000000,10.000000,-1525653754,157.981779,156.526425,156.542101,157.016153,157.031829,0.015676,158.471507,0,1,2,0,WaitingForSourceConfirmation,Move2,Move2.DestinationCoarseMove,Move2,Move2.DestinationCoarseMove,1,"{""pedalAxisName"":""TaskSwitchPedal"",""usePlusMinusKeys"":true,""positivePedalKey"":61,""negativePedalKey"":45,""invertPedalAxis"":false,""pressThreshold"":0.5,""releaseThreshold"":0.20000000298023225,""minimumIntervalSeconds"":5.0,""maximumIntervalSeconds"":10.0,""minimumValidReactionSeconds"":0.10000000149011612,""randomSeed"":-1525653754}",,0,0.000000,1.439678,CorrectSidePress,1,0,0,1,Correct,1,1.439678,158.471507,1.439678,0.000000,1,0,PlusMinusKeys,0,1
20261008T083311983Z_6c2da03684844ae59035d797f0bbbd02,,,1,1,TrialFinished,Visual,2026-10-08T08:35:50.4622069Z,158.471507,154.543983,7035,2,0,WaitingForSourceConfirmation,1,0,1,18,Right,1,1,Correct,1,1.439678,1,0,1.000000,TaskSwitchPedal,0,0.500000,0.200000,,0.100000,5.000000,10.000000,-1525653754,157.981779,156.526425,156.542101,157.016153,157.031829,0.015676,158.471507,0,0,2,0,WaitingForSourceConfirmation,Move2,Move2.DestinationCoarseMove,Move2,Move2.DestinationCoarseMove,1,"{""pedalAxisName"":""TaskSwitchPedal"",""usePlusMinusKeys"":true,""positivePedalKey"":61,""negativePedalKey"":45,""invertPedalAxis"":false,""pressThreshold"":0.5,""releaseThreshold"":0.20000000298023225,""minimumIntervalSeconds"":5.0,""maximumIntervalSeconds"":10.0,""minimumValidReactionSeconds"":0.10000000149011612,""randomSeed"":-1525653754}",,0,0.000000,1.439678,CorrectSidePress,1,0,0,1,Correct,1,1.439678,158.471507,1.439678,0.000000,1,0,PlusMinusKeys,0,1
20261008T083311983Z_6c2da03684844ae59035d797f0bbbd02,,,1,1,StimulusScheduled,Visual,2026-10-08T08:35:50.4622069Z,158.471892,154.543983,7035,2,0,WaitingForSourceConfirmation,1,0,1,19,Left,-1,,,,,0,0,1.000000,TaskSwitchPedal,0,0.500000,0.200000,,0.100000,5.000000,10.000000,-1525653754,157.982164,166.028164,,166.517892,,,,0,0,,,,,,Move2,Move2.DestinationCoarseMove,1,"{""pedalAxisName"":""TaskSwitchPedal"",""usePlusMinusKeys"":true,""positivePedalKey"":61,""negativePedalKey"":45,""invertPedalAxis"":false,""pressThreshold"":0.5,""releaseThreshold"":0.20000000298023225,""minimumIntervalSeconds"":5.0,""maximumIntervalSeconds"":10.0,""minimumValidReactionSeconds"":0.10000000149011612,""randomSeed"":-1525653754}",,0,0.000000,,CorrectSidePress,0,0,0,,,,,,,0.000000,1,0,PlusMinusKeys,0,1
20261008T083311983Z_6c2da03684844ae59035d797f0bbbd02,,,1,1,StimulusOnsetObserved,Visual,2026-10-08T08:35:58.5124873Z,166.521833,162.594691,7384,2,0,OperatingSource,0,0,1,19,Left,-1,,,,,1,0,0.000000,TaskSwitchPedal,0,0.500000,0.200000,,0.100000,5.000000,10.000000,-1525653754,166.032104,166.028164,166.032104,166.517892,166.521833,0.003941,,1,0,2,0,OperatingSource,Move2,Move2.DestinationCoarseMove,Move2,Move2.DestinationCoarseMove,1,"{""pedalAxisName"":""TaskSwitchPedal"",""usePlusMinusKeys"":true,""positivePedalKey"":61,""negativePedalKey"":45,""invertPedalAxis"":false,""pressThreshold"":0.5,""releaseThreshold"":0.20000000298023225,""minimumIntervalSeconds"":5.0,""maximumIntervalSeconds"":10.0,""minimumValidReactionSeconds"":0.10000000149011612,""randomSeed"":-1525653754}",,0,0.000000,,CorrectSidePress,0,0,0,,,,,,,0.000000,0,0,Axis,0,1
20261008T083311983Z_6c2da03684844ae59035d797f0bbbd02,,,1,1,PedalPressed,Visual,2026-10-08T08:36:02.1757320Z,170.185065,166.256593,7544,2,0,OperatingSource,0,0,1,19,Left,-1,-1,Correct,1,3.663232,1,0,-1.000000,TaskSwitchPedal,0,0.500000,0.200000,,0.100000,5.000000,10.000000,-1525653754,169.695337,166.028164,166.032104,166.517892,166.521833,0.003941,170.185065,1,0,2,0,OperatingSource,Move2,Move2.DestinationCoarseMove,Move2,Move2.DestinationCoarseMove,1,"{""pedalAxisName"":""TaskSwitchPedal"",""usePlusMinusKeys"":true,""positivePedalKey"":61,""negativePedalKey"":45,""invertPedalAxis"":false,""pressThreshold"":0.5,""releaseThreshold"":0.20000000298023225,""minimumIntervalSeconds"":5.0,""maximumIntervalSeconds"":10.0,""minimumValidReactionSeconds"":0.10000000149011612,""randomSeed"":-1525653754}",,0,0.000000,3.663232,CorrectSidePress,1,0,0,-1,Correct,1,3.663232,170.185065,3.663232,0.000000,0,1,PlusMinusKeys,0,1
20261008T083311983Z_6c2da03684844ae59035d797f0bbbd02,,,1,1,TrialFinished,Visual,2026-10-08T08:36:02.1757320Z,170.185065,166.256593,7544,2,0,OperatingSource,0,0,1,19,Left,-1,-1,Correct,1,3.663232,1,0,-1.000000,TaskSwitchPedal,0,0.500000,0.200000,,0.100000,5.000000,10.000000,-1525653754,169.695337,166.028164,166.032104,166.517892,166.521833,0.003941,170.185065,0,0,2,0,OperatingSource,Move2,Move2.DestinationCoarseMove,Move2,Move2.DestinationCoarseMove,1,"{""pedalAxisName"":""TaskSwitchPedal"",""usePlusMinusKeys"":true,""positivePedalKey"":61,""negativePedalKey"":45,""invertPedalAxis"":false,""pressThreshold"":0.5,""releaseThreshold"":0.20000000298023225,""minimumIntervalSeconds"":5.0,""maximumIntervalSeconds"":10.0,""minimumValidReactionSeconds"":0.10000000149011612,""randomSeed"":-1525653754}",,0,0.000000,3.663232,CorrectSidePress,1,0,0,-1,Correct,1,3.663232,170.185065,3.663232,0.000000,0,1,PlusMinusKeys,0,1
20261008T083311983Z_6c2da03684844ae59035d797f0bbbd02,,,1,1,StimulusScheduled,Visual,2026-10-08T08:36:02.1757320Z,170.185489,166.256593,7544,2,0,OperatingSource,0,0,1,20,Left,-1,,,,,0,0,-1.000000,TaskSwitchPedal,0,0.500000,0.200000,,0.100000,5.000000,10.000000,-1525653754,169.695760,175.301479,,175.791208,,,,0,0,,,,,,Move2,Move2.DestinationCoarseMove,1,"{""pedalAxisName"":""TaskSwitchPedal"",""usePlusMinusKeys"":true,""positivePedalKey"":61,""negativePedalKey"":45,""invertPedalAxis"":false,""pressThreshold"":0.5,""releaseThreshold"":0.20000000298023225,""minimumIntervalSeconds"":5.0,""maximumIntervalSeconds"":10.0,""minimumValidReactionSeconds"":0.10000000149011612,""randomSeed"":-1525653754}",,0,0.000000,,CorrectSidePress,0,0,0,,,,,,,0.000000,0,1,PlusMinusKeys,0,1
20261008T083311983Z_6c2da03684844ae59035d797f0bbbd02,,,1,1,StimulusOnsetObserved,Visual,2026-10-08T08:36:07.7910695Z,175.801096,171.873624,7793,2,0,OperatingSource,0,0,1,20,Left,-1,,,,,1,0,0.000000,TaskSwitchPedal,0,0.500000,0.200000,,0.100000,5.000000,10.000000,-1525653754,175.311368,175.301479,175.311368,175.791208,175.801096,0.009888,,1,0,2,0,OperatingSource,Move2,Move2.DestinationFineAlign,Move2,Move2.DestinationFineAlign,1,"{""pedalAxisName"":""TaskSwitchPedal"",""usePlusMinusKeys"":true,""positivePedalKey"":61,""negativePedalKey"":45,""invertPedalAxis"":false,""pressThreshold"":0.5,""releaseThreshold"":0.20000000298023225,""minimumIntervalSeconds"":5.0,""maximumIntervalSeconds"":10.0,""minimumValidReactionSeconds"":0.10000000149011612,""randomSeed"":-1525653754}",,0,0.000000,,CorrectSidePress,0,0,0,,,,,,,0.000000,0,0,Axis,0,1
20261008T083311983Z_6c2da03684844ae59035d797f0bbbd02,,,1,1,PedalPressed,Visual,2026-10-08T08:36:09.1104476Z,177.120461,173.192209,7852,2,0,OperatingSource,0,0,1,20,Left,-1,-1,Correct,1,1.319365,1,0,-1.000000,TaskSwitchPedal,0,0.500000,0.200000,,0.100000,5.000000,10.000000,-1525653754,176.630732,175.301479,175.311368,175.791208,175.801096,0.009888,177.120461,1,0,2,0,OperatingSource,Move2,Move2.DestinationFineAlign,Place,Place.PlacementLowering,1,"{""pedalAxisName"":""TaskSwitchPedal"",""usePlusMinusKeys"":true,""positivePedalKey"":61,""negativePedalKey"":45,""invertPedalAxis"":false,""pressThreshold"":0.5,""releaseThreshold"":0.20000000298023225,""minimumIntervalSeconds"":5.0,""maximumIntervalSeconds"":10.0,""minimumValidReactionSeconds"":0.10000000149011612,""randomSeed"":-1525653754}",,0,0.000000,1.319365,CorrectSidePress,1,0,0,-1,Correct,1,1.319365,177.120461,1.319365,0.000000,0,1,PlusMinusKeys,0,1
20261008T083311983Z_6c2da03684844ae59035d797f0bbbd02,,,1,1,TrialFinished,Visual,2026-10-08T08:36:09.1104476Z,177.120461,173.192209,7852,2,0,OperatingSource,0,0,1,20,Left,-1,-1,Correct,1,1.319365,1,0,-1.000000,TaskSwitchPedal,0,0.500000,0.200000,,0.100000,5.000000,10.000000,-1525653754,176.630732,175.301479,175.311368,175.791208,175.801096,0.009888,177.120461,0,0,2,0,OperatingSource,Move2,Move2.DestinationFineAlign,Place,Place.PlacementLowering,1,"{""pedalAxisName"":""TaskSwitchPedal"",""usePlusMinusKeys"":true,""positivePedalKey"":61,""negativePedalKey"":45,""invertPedalAxis"":false,""pressThreshold"":0.5,""releaseThreshold"":0.20000000298023225,""minimumIntervalSeconds"":5.0,""maximumIntervalSeconds"":10.0,""minimumValidReactionSeconds"":0.10000000149011612,""randomSeed"":-1525653754}",,0,0.000000,1.319365,CorrectSidePress,1,0,0,-1,Correct,1,1.319365,177.120461,1.319365,0.000000,0,1,PlusMinusKeys,0,1
20261008T083311983Z_6c2da03684844ae59035d797f0bbbd02,,,1,1,StimulusScheduled,Visual,2026-10-08T08:36:09.1115446Z,177.121119,173.192209,7852,2,0,OperatingSource,0,0,1,21,Right,1,,,,,0,0,-1.000000,TaskSwitchPedal,0,0.500000,0.200000,,0.100000,5.000000,10.000000,-1525653754,176.631391,185.676123,,186.165852,,,,0,0,,,,,,Place,Place.PlacementLowering,1,"{""pedalAxisName"":""TaskSwitchPedal"",""usePlusMinusKeys"":true,""positivePedalKey"":61,""negativePedalKey"":45,""invertPedalAxis"":false,""pressThreshold"":0.5,""releaseThreshold"":0.20000000298023225,""minimumIntervalSeconds"":5.0,""maximumIntervalSeconds"":10.0,""minimumValidReactionSeconds"":0.10000000149011612,""randomSeed"":-1525653754}",,0,0.000000,,CorrectSidePress,0,0,0,,,,,,,0.000000,0,1,PlusMinusKeys,0,1
20261008T083311983Z_6c2da03684844ae59035d797f0bbbd02,,,1,1,StimulusOnsetObserved,Visual,2026-10-08T08:36:18.1753684Z,186.185344,182.257701,8202,3,0,WaitingForOperatorSwitch,0,0,1,21,Right,1,,,,,1,0,0.000000,TaskSwitchPedal,0,0.500000,0.200000,,0.100000,5.000000,10.000000,-1525653754,185.695616,185.676123,185.695616,186.165852,186.185344,0.019493,,0,1,3,0,WaitingForOperatorSwitch,Place,Place.PostPlacementRaising,Place,Place.PostPlacementRaising,1,"{""pedalAxisName"":""TaskSwitchPedal"",""usePlusMinusKeys"":true,""positivePedalKey"":61,""negativePedalKey"":45,""invertPedalAxis"":false,""pressThreshold"":0.5,""releaseThreshold"":0.20000000298023225,""minimumIntervalSeconds"":5.0,""maximumIntervalSeconds"":10.0,""minimumValidReactionSeconds"":0.10000000149011612,""randomSeed"":-1525653754}",,0,0.000000,,CorrectSidePress,0,0,0,,,,,,,0.000000,0,0,Axis,0,1
20261008T083311983Z_6c2da03684844ae59035d797f0bbbd02,,,1,1,PedalPressed,Visual,2026-10-08T08:36:19.1667965Z,187.177520,183.250148,8249,3,0,WaitingForOperatorSwitch,0,0,1,21,Right,1,1,Correct,1,0.992176,1,0,1.000000,TaskSwitchPedal,0,0.500000,0.200000,,0.100000,5.000000,10.000000,-1525653754,186.687792,185.676123,185.695616,186.165852,186.185344,0.019493,187.177520,0,1,3,0,WaitingForOperatorSwitch,Place,Place.PostPlacementRaising,Place,Place.PostPlacementRaising,1,"{""pedalAxisName"":""TaskSwitchPedal"",""usePlusMinusKeys"":true,""positivePedalKey"":61,""negativePedalKey"":45,""invertPedalAxis"":false,""pressThreshold"":0.5,""releaseThreshold"":0.20000000298023225,""minimumIntervalSeconds"":5.0,""maximumIntervalSeconds"":10.0,""minimumValidReactionSeconds"":0.10000000149011612,""randomSeed"":-1525653754}",,0,0.000000,0.992176,CorrectSidePress,1,0,0,1,Correct,1,0.992176,187.177520,0.992176,0.000000,1,0,PlusMinusKeys,0,1
20261008T083311983Z_6c2da03684844ae59035d797f0bbbd02,,,1,1,TrialFinished,Visual,2026-10-08T08:36:19.1678024Z,187.177520,183.250148,8249,3,0,WaitingForOperatorSwitch,0,0,1,21,Right,1,1,Correct,1,0.992176,1,0,1.000000,TaskSwitchPedal,0,0.500000,0.200000,,0.100000,5.000000,10.000000,-1525653754,186.687792,185.676123,185.695616,186.165852,186.185344,0.019493,187.177520,0,0,3,0,WaitingForOperatorSwitch,Place,Place.PostPlacementRaising,Place,Place.PostPlacementRaising,1,"{""pedalAxisName"":""TaskSwitchPedal"",""usePlusMinusKeys"":true,""positivePedalKey"":61,""negativePedalKey"":45,""invertPedalAxis"":false,""pressThreshold"":0.5,""releaseThreshold"":0.20000000298023225,""minimumIntervalSeconds"":5.0,""maximumIntervalSeconds"":10.0,""minimumValidReactionSeconds"":0.10000000149011612,""randomSeed"":-1525653754}",,0,0.000000,0.992176,CorrectSidePress,1,0,0,1,Correct,1,0.992176,187.177520,0.992176,0.000000,1,0,PlusMinusKeys,0,1
20261008T083311983Z_6c2da03684844ae59035d797f0bbbd02,,,1,1,StimulusScheduled,Visual,2026-10-08T08:36:19.1678024Z,187.177844,183.250148,8249,3,0,WaitingForOperatorSwitch,0,0,1,22,Right,1,,,,,0,0,1.000000,TaskSwitchPedal,0,0.500000,0.200000,,0.100000,5.000000,10.000000,-1525653754,186.688116,195.325735,,195.815463,,,,0,0,,,,,,Place,Place.PostPlacementRaising,1,"{""pedalAxisName"":""TaskSwitchPedal"",""usePlusMinusKeys"":true,""positivePedalKey"":61,""negativePedalKey"":45,""invertPedalAxis"":false,""pressThreshold"":0.5,""releaseThreshold"":0.20000000298023225,""minimumIntervalSeconds"":5.0,""maximumIntervalSeconds"":10.0,""minimumValidReactionSeconds"":0.10000000149011612,""randomSeed"":-1525653754}",,0,0.000000,,CorrectSidePress,0,0,0,,,,,,,0.000000,1,0,PlusMinusKeys,0,1
20261008T083311983Z_6c2da03684844ae59035d797f0bbbd02,,,1,1,StimulusOnsetObserved,Visual,2026-10-08T08:36:27.8109254Z,195.821730,191.893315,8619,3,1,OperatingTarget,0,0,1,22,Right,1,,,,,1,0,0.000000,TaskSwitchPedal,0,0.500000,0.200000,,0.100000,5.000000,10.000000,-1525653754,195.332001,195.325735,195.332001,195.815463,195.821730,0.006267,,0,1,3,1,OperatingTarget,Move1,Move1.PickupCoarseMove,Move1,Move1.PickupCoarseMove,1,"{""pedalAxisName"":""TaskSwitchPedal"",""usePlusMinusKeys"":true,""positivePedalKey"":61,""negativePedalKey"":45,""invertPedalAxis"":false,""pressThreshold"":0.5,""releaseThreshold"":0.20000000298023225,""minimumIntervalSeconds"":5.0,""maximumIntervalSeconds"":10.0,""minimumValidReactionSeconds"":0.10000000149011612,""randomSeed"":-1525653754}",,0,0.000000,,CorrectSidePress,0,0,0,,,,,,,0.000000,0,0,Axis,0,1
20261008T083311983Z_6c2da03684844ae59035d797f0bbbd02,,,1,1,PedalPressed,Visual,2026-10-08T08:36:28.8777216Z,196.888085,192.959201,8665,3,1,OperatingTarget,0,0,1,22,Right,1,1,Correct,1,1.066355,1,0,1.000000,TaskSwitchPedal,0,0.500000,0.200000,,0.100000,5.000000,10.000000,-1525653754,196.398357,195.325735,195.332001,195.815463,195.821730,0.006267,196.888085,0,1,3,1,OperatingTarget,Move1,Move1.PickupCoarseMove,Move1,Move1.PickupCoarseMove,1,"{""pedalAxisName"":""TaskSwitchPedal"",""usePlusMinusKeys"":true,""positivePedalKey"":61,""negativePedalKey"":45,""invertPedalAxis"":false,""pressThreshold"":0.5,""releaseThreshold"":0.20000000298023225,""minimumIntervalSeconds"":5.0,""maximumIntervalSeconds"":10.0,""minimumValidReactionSeconds"":0.10000000149011612,""randomSeed"":-1525653754}",,0,0.000000,1.066355,CorrectSidePress,1,0,0,1,Correct,1,1.066355,196.888085,1.066355,0.000000,1,0,PlusMinusKeys,0,1
20261008T083311983Z_6c2da03684844ae59035d797f0bbbd02,,,1,1,TrialFinished,Visual,2026-10-08T08:36:28.8777216Z,196.888085,192.959201,8665,3,1,OperatingTarget,0,0,1,22,Right,1,1,Correct,1,1.066355,1,0,1.000000,TaskSwitchPedal,0,0.500000,0.200000,,0.100000,5.000000,10.000000,-1525653754,196.398357,195.325735,195.332001,195.815463,195.821730,0.006267,196.888085,0,0,3,1,OperatingTarget,Move1,Move1.PickupCoarseMove,Move1,Move1.PickupCoarseMove,1,"{""pedalAxisName"":""TaskSwitchPedal"",""usePlusMinusKeys"":true,""positivePedalKey"":61,""negativePedalKey"":45,""invertPedalAxis"":false,""pressThreshold"":0.5,""releaseThreshold"":0.20000000298023225,""minimumIntervalSeconds"":5.0,""maximumIntervalSeconds"":10.0,""minimumValidReactionSeconds"":0.10000000149011612,""randomSeed"":-1525653754}",,0,0.000000,1.066355,CorrectSidePress,1,0,0,1,Correct,1,1.066355,196.888085,1.066355,0.000000,1,0,PlusMinusKeys,0,1
20261008T083311983Z_6c2da03684844ae59035d797f0bbbd02,,,1,1,StimulusScheduled,Visual,2026-10-08T08:36:28.8777216Z,196.888428,192.959201,8665,3,1,OperatingTarget,0,0,1,23,Left,-1,,,,,0,0,1.000000,TaskSwitchPedal,0,0.500000,0.200000,,0.100000,5.000000,10.000000,-1525653754,196.398700,203.259169,,203.748897,,,,0,0,,,,,,Move1,Move1.PickupCoarseMove,1,"{""pedalAxisName"":""TaskSwitchPedal"",""usePlusMinusKeys"":true,""positivePedalKey"":61,""negativePedalKey"":45,""invertPedalAxis"":false,""pressThreshold"":0.5,""releaseThreshold"":0.20000000298023225,""minimumIntervalSeconds"":5.0,""maximumIntervalSeconds"":10.0,""minimumValidReactionSeconds"":0.10000000149011612,""randomSeed"":-1525653754}",,0,0.000000,,CorrectSidePress,0,0,0,,,,,,,0.000000,1,0,PlusMinusKeys,0,1
20261008T083311983Z_6c2da03684844ae59035d797f0bbbd02,,,1,1,StimulusOnsetObserved,Visual,2026-10-08T08:36:35.7466875Z,203.757772,199.829087,8944,3,1,OperatingTarget,0,0,1,23,Left,-1,,,,,1,0,0.000000,TaskSwitchPedal,0,0.500000,0.200000,,0.100000,5.000000,10.000000,-1525653754,203.268043,203.259169,203.268043,203.748897,203.757772,0.008874,,1,0,3,1,OperatingTarget,LiftUp,LiftUp.PickupLowering,LiftUp,LiftUp.PickupLowering,1,"{""pedalAxisName"":""TaskSwitchPedal"",""usePlusMinusKeys"":true,""positivePedalKey"":61,""negativePedalKey"":45,""invertPedalAxis"":false,""pressThreshold"":0.5,""releaseThreshold"":0.20000000298023225,""minimumIntervalSeconds"":5.0,""maximumIntervalSeconds"":10.0,""minimumValidReactionSeconds"":0.10000000149011612,""randomSeed"":-1525653754}",,0,0.000000,,CorrectSidePress,0,0,0,,,,,,,0.000000,0,0,Axis,0,1
20261008T083311983Z_6c2da03684844ae59035d797f0bbbd02,,,1,1,PedalPressed,Visual,2026-10-08T08:36:36.7477376Z,204.759584,200.831641,8983,3,1,OperatingTarget,0,0,1,23,Left,-1,-1,Correct,1,1.001812,1,0,-1.000000,TaskSwitchPedal,0,0.500000,0.200000,,0.100000,5.000000,10.000000,-1525653754,204.269856,203.259169,203.268043,203.748897,203.757772,0.008874,204.759584,1,0,3,1,OperatingTarget,LiftUp,LiftUp.PickupLowering,LiftUp,LiftUp.PickupLowering,1,"{""pedalAxisName"":""TaskSwitchPedal"",""usePlusMinusKeys"":true,""positivePedalKey"":61,""negativePedalKey"":45,""invertPedalAxis"":false,""pressThreshold"":0.5,""releaseThreshold"":0.20000000298023225,""minimumIntervalSeconds"":5.0,""maximumIntervalSeconds"":10.0,""minimumValidReactionSeconds"":0.10000000149011612,""randomSeed"":-1525653754}",,0,0.000000,1.001812,CorrectSidePress,1,0,0,-1,Correct,1,1.001812,204.759584,1.001812,0.000000,0,1,PlusMinusKeys,0,1
20261008T083311983Z_6c2da03684844ae59035d797f0bbbd02,,,1,1,TrialFinished,Visual,2026-10-08T08:36:36.7492563Z,204.759584,200.831641,8983,3,1,OperatingTarget,0,0,1,23,Left,-1,-1,Correct,1,1.001812,1,0,-1.000000,TaskSwitchPedal,0,0.500000,0.200000,,0.100000,5.000000,10.000000,-1525653754,204.269856,203.259169,203.268043,203.748897,203.757772,0.008874,204.759584,0,0,3,1,OperatingTarget,LiftUp,LiftUp.PickupLowering,LiftUp,LiftUp.PickupLowering,1,"{""pedalAxisName"":""TaskSwitchPedal"",""usePlusMinusKeys"":true,""positivePedalKey"":61,""negativePedalKey"":45,""invertPedalAxis"":false,""pressThreshold"":0.5,""releaseThreshold"":0.20000000298023225,""minimumIntervalSeconds"":5.0,""maximumIntervalSeconds"":10.0,""minimumValidReactionSeconds"":0.10000000149011612,""randomSeed"":-1525653754}",,0,0.000000,1.001812,CorrectSidePress,1,0,0,-1,Correct,1,1.001812,204.759584,1.001812,0.000000,0,1,PlusMinusKeys,0,1
20261008T083311983Z_6c2da03684844ae59035d797f0bbbd02,,,1,1,StimulusScheduled,Visual,2026-10-08T08:36:36.7492563Z,204.759967,200.831641,8983,3,1,OperatingTarget,0,0,1,24,Right,1,,,,,0,0,-1.000000,TaskSwitchPedal,0,0.500000,0.200000,,0.100000,5.000000,10.000000,-1525653754,204.270239,211.102281,,211.592009,,,,0,0,,,,,,LiftUp,LiftUp.PickupLowering,1,"{""pedalAxisName"":""TaskSwitchPedal"",""usePlusMinusKeys"":true,""positivePedalKey"":61,""negativePedalKey"":45,""invertPedalAxis"":false,""pressThreshold"":0.5,""releaseThreshold"":0.20000000298023225,""minimumIntervalSeconds"":5.0,""maximumIntervalSeconds"":10.0,""minimumValidReactionSeconds"":0.10000000149011612,""randomSeed"":-1525653754}",,0,0.000000,,CorrectSidePress,0,0,0,,,,,,,0.000000,0,1,PlusMinusKeys,0,1
20261008T083311983Z_6c2da03684844ae59035d797f0bbbd02,,,1,1,StimulusOnsetObserved,Visual,2026-10-08T08:36:43.5862431Z,211.597476,207.668806,9231,3,1,OperatingTarget,0,0,1,24,Right,1,,,,,1,0,0.000000,TaskSwitchPedal,0,0.500000,0.200000,,0.100000,5.000000,10.000000,-1525653754,211.107747,211.102281,211.107747,211.592009,211.597476,0.005467,,0,1,3,1,OperatingTarget,LiftUp,LiftUp.LoadedRaising,LiftUp,LiftUp.LoadedRaising,1,"{""pedalAxisName"":""TaskSwitchPedal"",""usePlusMinusKeys"":true,""positivePedalKey"":61,""negativePedalKey"":45,""invertPedalAxis"":false,""pressThreshold"":0.5,""releaseThreshold"":0.20000000298023225,""minimumIntervalSeconds"":5.0,""maximumIntervalSeconds"":10.0,""minimumValidReactionSeconds"":0.10000000149011612,""randomSeed"":-1525653754}",,0,0.000000,,CorrectSidePress,0,0,0,,,,,,,0.000000,0,0,Axis,0,1
20261008T083311983Z_6c2da03684844ae59035d797f0bbbd02,,,1,1,PedalPressed,Visual,2026-10-08T08:36:44.5873227Z,212.598695,208.671072,9269,3,1,OperatingTarget,0,0,1,24,Right,1,1,Correct,1,1.001220,1,0,1.000000,TaskSwitchPedal,0,0.500000,0.200000,,0.100000,5.000000,10.000000,-1525653754,212.108967,211.102281,211.107747,211.592009,211.597476,0.005467,212.598695,0,1,3,1,OperatingTarget,LiftUp,LiftUp.LoadedRaising,LiftUp,LiftUp.LoadedRaising,1,"{""pedalAxisName"":""TaskSwitchPedal"",""usePlusMinusKeys"":true,""positivePedalKey"":61,""negativePedalKey"":45,""invertPedalAxis"":false,""pressThreshold"":0.5,""releaseThreshold"":0.20000000298023225,""minimumIntervalSeconds"":5.0,""maximumIntervalSeconds"":10.0,""minimumValidReactionSeconds"":0.10000000149011612,""randomSeed"":-1525653754}",,0,0.000000,1.001219,CorrectSidePress,1,0,0,1,Correct,1,1.001220,212.598695,1.001219,0.000000,1,0,PlusMinusKeys,0,1
20261008T083311983Z_6c2da03684844ae59035d797f0bbbd02,,,1,1,TrialFinished,Visual,2026-10-08T08:36:44.5873227Z,212.598695,208.671072,9269,3,1,OperatingTarget,0,0,1,24,Right,1,1,Correct,1,1.001220,1,0,1.000000,TaskSwitchPedal,0,0.500000,0.200000,,0.100000,5.000000,10.000000,-1525653754,212.108967,211.102281,211.107747,211.592009,211.597476,0.005467,212.598695,0,0,3,1,OperatingTarget,LiftUp,LiftUp.LoadedRaising,LiftUp,LiftUp.LoadedRaising,1,"{""pedalAxisName"":""TaskSwitchPedal"",""usePlusMinusKeys"":true,""positivePedalKey"":61,""negativePedalKey"":45,""invertPedalAxis"":false,""pressThreshold"":0.5,""releaseThreshold"":0.20000000298023225,""minimumIntervalSeconds"":5.0,""maximumIntervalSeconds"":10.0,""minimumValidReactionSeconds"":0.10000000149011612,""randomSeed"":-1525653754}",,0,0.000000,1.001219,CorrectSidePress,1,0,0,1,Correct,1,1.001220,212.598695,1.001219,0.000000,1,0,PlusMinusKeys,0,1
20261008T083311983Z_6c2da03684844ae59035d797f0bbbd02,,,1,1,StimulusScheduled,Visual,2026-10-08T08:36:44.5873227Z,212.598996,208.671072,9269,3,1,OperatingTarget,0,0,1,25,Left,-1,,,,,0,0,1.000000,TaskSwitchPedal,0,0.500000,0.200000,,0.100000,5.000000,10.000000,-1525653754,212.109268,219.037090,,219.526818,,,,0,0,,,,,,LiftUp,LiftUp.LoadedRaising,1,"{""pedalAxisName"":""TaskSwitchPedal"",""usePlusMinusKeys"":true,""positivePedalKey"":61,""negativePedalKey"":45,""invertPedalAxis"":false,""pressThreshold"":0.5,""releaseThreshold"":0.20000000298023225,""minimumIntervalSeconds"":5.0,""maximumIntervalSeconds"":10.0,""minimumValidReactionSeconds"":0.10000000149011612,""randomSeed"":-1525653754}",,0,0.000000,,CorrectSidePress,0,0,0,,,,,,,0.000000,1,0,PlusMinusKeys,0,1
20261008T083311983Z_6c2da03684844ae59035d797f0bbbd02,,,1,1,StimulusOnsetObserved,Visual,2026-10-08T08:36:51.5199749Z,219.531012,215.603764,9557,3,0,OperatingSource,0,0,1,25,Left,-1,,,,,1,0,0.000000,TaskSwitchPedal,0,0.500000,0.200000,,0.100000,5.000000,10.000000,-1525653754,219.041284,219.037090,219.041284,219.526818,219.531012,0.004194,,1,0,3,0,OperatingSource,Move1,Move1.PickupCoarseMove,Move1,Move1.PickupCoarseMove,1,"{""pedalAxisName"":""TaskSwitchPedal"",""usePlusMinusKeys"":true,""positivePedalKey"":61,""negativePedalKey"":45,""invertPedalAxis"":false,""pressThreshold"":0.5,""releaseThreshold"":0.20000000298023225,""minimumIntervalSeconds"":5.0,""maximumIntervalSeconds"":10.0,""minimumValidReactionSeconds"":0.10000000149011612,""randomSeed"":-1525653754}",,0,0.000000,,CorrectSidePress,0,0,0,,,,,,,0.000000,0,0,Axis,0,1
20261008T083311983Z_6c2da03684844ae59035d797f0bbbd02,,,1,1,PedalPressed,Visual,2026-10-08T08:36:52.5503518Z,220.562125,216.634593,9601,3,0,OperatingSource,0,0,1,25,Left,-1,-1,Correct,1,1.031113,1,0,-1.000000,TaskSwitchPedal,0,0.500000,0.200000,,0.100000,5.000000,10.000000,-1525653754,220.072397,219.037090,219.041284,219.526818,219.531012,0.004194,220.562125,1,0,3,0,OperatingSource,Move1,Move1.PickupCoarseMove,Move1,Move1.PickupCoarseMove,1,"{""pedalAxisName"":""TaskSwitchPedal"",""usePlusMinusKeys"":true,""positivePedalKey"":61,""negativePedalKey"":45,""invertPedalAxis"":false,""pressThreshold"":0.5,""releaseThreshold"":0.20000000298023225,""minimumIntervalSeconds"":5.0,""maximumIntervalSeconds"":10.0,""minimumValidReactionSeconds"":0.10000000149011612,""randomSeed"":-1525653754}",,0,0.000000,1.031113,CorrectSidePress,1,0,0,-1,Correct,1,1.031113,220.562125,1.031113,0.000000,0,1,PlusMinusKeys,0,1
20261008T083311983Z_6c2da03684844ae59035d797f0bbbd02,,,1,1,TrialFinished,Visual,2026-10-08T08:36:52.5503518Z,220.562125,216.634593,9601,3,0,OperatingSource,0,0,1,25,Left,-1,-1,Correct,1,1.031113,1,0,-1.000000,TaskSwitchPedal,0,0.500000,0.200000,,0.100000,5.000000,10.000000,-1525653754,220.072397,219.037090,219.041284,219.526818,219.531012,0.004194,220.562125,0,0,3,0,OperatingSource,Move1,Move1.PickupCoarseMove,Move1,Move1.PickupCoarseMove,1,"{""pedalAxisName"":""TaskSwitchPedal"",""usePlusMinusKeys"":true,""positivePedalKey"":61,""negativePedalKey"":45,""invertPedalAxis"":false,""pressThreshold"":0.5,""releaseThreshold"":0.20000000298023225,""minimumIntervalSeconds"":5.0,""maximumIntervalSeconds"":10.0,""minimumValidReactionSeconds"":0.10000000149011612,""randomSeed"":-1525653754}",,0,0.000000,1.031113,CorrectSidePress,1,0,0,-1,Correct,1,1.031113,220.562125,1.031113,0.000000,0,1,PlusMinusKeys,0,1
20261008T083311983Z_6c2da03684844ae59035d797f0bbbd02,,,1,1,StimulusScheduled,Visual,2026-10-08T08:36:52.5514534Z,220.562579,216.634593,9601,3,0,OperatingSource,0,0,1,26,Right,1,,,,,0,0,-1.000000,TaskSwitchPedal,0,0.500000,0.200000,,0.100000,5.000000,10.000000,-1525653754,220.072851,226.458885,,226.948614,,,,0,0,,,,,,Move1,Move1.PickupCoarseMove,1,"{""pedalAxisName"":""TaskSwitchPedal"",""usePlusMinusKeys"":true,""positivePedalKey"":61,""negativePedalKey"":45,""invertPedalAxis"":false,""pressThreshold"":0.5,""releaseThreshold"":0.20000000298023225,""minimumIntervalSeconds"":5.0,""maximumIntervalSeconds"":10.0,""minimumValidReactionSeconds"":0.10000000149011612,""randomSeed"":-1525653754}",,0,0.000000,,CorrectSidePress,0,0,0,,,,,,,0.000000,0,1,PlusMinusKeys,0,1
20261008T083311983Z_6c2da03684844ae59035d797f0bbbd02,,,1,1,StimulusOnsetObserved,Visual,2026-10-08T08:36:58.9405729Z,226.952025,223.024221,9871,3,0,OperatingSource,0,0,1,26,Right,1,,,,,1,0,0.000000,TaskSwitchPedal,0,0.500000,0.200000,,0.100000,5.000000,10.000000,-1525653754,226.462297,226.458885,226.462297,226.948614,226.952025,0.003411,,0,1,3,0,OperatingSource,Move1,Move1.PickupCoarseMove,Move1,Move1.PickupCoarseMove,1,"{""pedalAxisName"":""TaskSwitchPedal"",""usePlusMinusKeys"":true,""positivePedalKey"":61,""negativePedalKey"":45,""invertPedalAxis"":false,""pressThreshold"":0.5,""releaseThreshold"":0.20000000298023225,""minimumIntervalSeconds"":5.0,""maximumIntervalSeconds"":10.0,""minimumValidReactionSeconds"":0.10000000149011612,""randomSeed"":-1525653754}",,0,0.000000,,CorrectSidePress,0,0,0,,,,,,,0.000000,0,0,Axis,0,1
20261008T083311983Z_6c2da03684844ae59035d797f0bbbd02,,,1,1,PedalPressed,Visual,2026-10-08T08:36:59.9780006Z,227.989259,224.060847,9913,3,0,OperatingSource,0,0,1,26,Right,1,1,Correct,1,1.037234,1,0,1.000000,TaskSwitchPedal,0,0.500000,0.200000,,0.100000,5.000000,10.000000,-1525653754,227.499531,226.458885,226.462297,226.948614,226.952025,0.003411,227.989259,0,1,3,0,OperatingSource,Move1,Move1.PickupCoarseMove,Move1,Move1.PickupCoarseMove,1,"{""pedalAxisName"":""TaskSwitchPedal"",""usePlusMinusKeys"":true,""positivePedalKey"":61,""negativePedalKey"":45,""invertPedalAxis"":false,""pressThreshold"":0.5,""releaseThreshold"":0.20000000298023225,""minimumIntervalSeconds"":5.0,""maximumIntervalSeconds"":10.0,""minimumValidReactionSeconds"":0.10000000149011612,""randomSeed"":-1525653754}",,0,0.000000,1.037234,CorrectSidePress,1,0,0,1,Correct,1,1.037234,227.989259,1.037234,0.000000,1,0,PlusMinusKeys,0,1
20261008T083311983Z_6c2da03684844ae59035d797f0bbbd02,,,1,1,TrialFinished,Visual,2026-10-08T08:36:59.9780006Z,227.989259,224.060847,9913,3,0,OperatingSource,0,0,1,26,Right,1,1,Correct,1,1.037234,1,0,1.000000,TaskSwitchPedal,0,0.500000,0.200000,,0.100000,5.000000,10.000000,-1525653754,227.499531,226.458885,226.462297,226.948614,226.952025,0.003411,227.989259,0,0,3,0,OperatingSource,Move1,Move1.PickupCoarseMove,Move1,Move1.PickupCoarseMove,1,"{""pedalAxisName"":""TaskSwitchPedal"",""usePlusMinusKeys"":true,""positivePedalKey"":61,""negativePedalKey"":45,""invertPedalAxis"":false,""pressThreshold"":0.5,""releaseThreshold"":0.20000000298023225,""minimumIntervalSeconds"":5.0,""maximumIntervalSeconds"":10.0,""minimumValidReactionSeconds"":0.10000000149011612,""randomSeed"":-1525653754}",,0,0.000000,1.037234,CorrectSidePress,1,0,0,1,Correct,1,1.037234,227.989259,1.037234,0.000000,1,0,PlusMinusKeys,0,1
20261008T083311983Z_6c2da03684844ae59035d797f0bbbd02,,,1,1,StimulusScheduled,Visual,2026-10-08T08:36:59.9780006Z,227.989806,224.060847,9913,3,0,OperatingSource,0,0,1,27,Right,1,,,,,0,0,1.000000,TaskSwitchPedal,0,0.500000,0.200000,,0.100000,5.000000,10.000000,-1525653754,227.500078,234.371632,,234.861360,,,,0,0,,,,,,Move1,Move1.PickupCoarseMove,1,"{""pedalAxisName"":""TaskSwitchPedal"",""usePlusMinusKeys"":true,""positivePedalKey"":61,""negativePedalKey"":45,""invertPedalAxis"":false,""pressThreshold"":0.5,""releaseThreshold"":0.20000000298023225,""minimumIntervalSeconds"":5.0,""maximumIntervalSeconds"":10.0,""minimumValidReactionSeconds"":0.10000000149011612,""randomSeed"":-1525653754}",,0,0.000000,,CorrectSidePress,0,0,0,,,,,,,0.000000,1,0,PlusMinusKeys,0,1
20261008T083311983Z_6c2da03684844ae59035d797f0bbbd02,,,1,1,StimulusOnsetObserved,Visual,2026-10-08T08:37:06.8926746Z,234.904640,230.975892,10179,4,0,WaitingForOperatorSwitch,0,0,1,27,Right,1,,,,,1,0,0.000000,TaskSwitchPedal,0,0.500000,0.200000,,0.100000,5.000000,10.000000,-1525653754,234.414911,234.371632,234.414911,234.861360,234.904640,0.043279,,0,1,4,0,WaitingForOperatorSwitch,LiftUp,LiftUp.PickupLowering,LiftUp,LiftUp.PickupLowering,1,"{""pedalAxisName"":""TaskSwitchPedal"",""usePlusMinusKeys"":true,""positivePedalKey"":61,""negativePedalKey"":45,""invertPedalAxis"":false,""pressThreshold"":0.5,""releaseThreshold"":0.20000000298023225,""minimumIntervalSeconds"":5.0,""maximumIntervalSeconds"":10.0,""minimumValidReactionSeconds"":0.10000000149011612,""randomSeed"":-1525653754}",,0,0.000000,,CorrectSidePress,0,0,0,,,,,,,0.000000,0,0,Axis,0,1
20261008T083311983Z_6c2da03684844ae59035d797f0bbbd02,,,1,1,PedalPressed,Visual,2026-10-08T08:37:08.4822954Z,236.494499,232.566979,10238,4,0,WaitingForOperatorSwitch,0,0,1,27,Right,1,1,Correct,1,1.589860,1,0,1.000000,TaskSwitchPedal,0,0.500000,0.200000,,0.100000,5.000000,10.000000,-1525653754,236.004771,234.371632,234.414911,234.861360,234.904640,0.043279,236.494499,0,1,4,0,WaitingForOperatorSwitch,LiftUp,LiftUp.PickupLowering,LiftUp,LiftUp.PickupLowering,1,"{""pedalAxisName"":""TaskSwitchPedal"",""usePlusMinusKeys"":true,""positivePedalKey"":61,""negativePedalKey"":45,""invertPedalAxis"":false,""pressThreshold"":0.5,""releaseThreshold"":0.20000000298023225,""minimumIntervalSeconds"":5.0,""maximumIntervalSeconds"":10.0,""minimumValidReactionSeconds"":0.10000000149011612,""randomSeed"":-1525653754}",,0,0.000000,1.589859,CorrectSidePress,1,0,0,1,Correct,1,1.589860,236.494499,1.589859,0.000000,1,0,PlusMinusKeys,0,1
20261008T083311983Z_6c2da03684844ae59035d797f0bbbd02,,,1,1,TrialFinished,Visual,2026-10-08T08:37:08.4822954Z,236.494499,232.566979,10238,4,0,WaitingForOperatorSwitch,0,0,1,27,Right,1,1,Correct,1,1.589860,1,0,1.000000,TaskSwitchPedal,0,0.500000,0.200000,,0.100000,5.000000,10.000000,-1525653754,236.004771,234.371632,234.414911,234.861360,234.904640,0.043279,236.494499,0,0,4,0,WaitingForOperatorSwitch,LiftUp,LiftUp.PickupLowering,LiftUp,LiftUp.PickupLowering,1,"{""pedalAxisName"":""TaskSwitchPedal"",""usePlusMinusKeys"":true,""positivePedalKey"":61,""negativePedalKey"":45,""invertPedalAxis"":false,""pressThreshold"":0.5,""releaseThreshold"":0.20000000298023225,""minimumIntervalSeconds"":5.0,""maximumIntervalSeconds"":10.0,""minimumValidReactionSeconds"":0.10000000149011612,""randomSeed"":-1525653754}",,0,0.000000,1.589859,CorrectSidePress,1,0,0,1,Correct,1,1.589860,236.494499,1.589859,0.000000,1,0,PlusMinusKeys,0,1
20261008T083311983Z_6c2da03684844ae59035d797f0bbbd02,,,1,1,StimulusScheduled,Visual,2026-10-08T08:37:08.4822954Z,236.494867,232.566979,10238,4,0,WaitingForOperatorSwitch,0,0,1,28,Left,-1,,,,,0,0,1.000000,TaskSwitchPedal,0,0.500000,0.200000,,0.100000,5.000000,10.000000,-1525653754,236.005139,242.294654,,242.784383,,,,0,0,,,,,,LiftUp,LiftUp.PickupLowering,1,"{""pedalAxisName"":""TaskSwitchPedal"",""usePlusMinusKeys"":true,""positivePedalKey"":61,""negativePedalKey"":45,""invertPedalAxis"":false,""pressThreshold"":0.5,""releaseThreshold"":0.20000000298023225,""minimumIntervalSeconds"":5.0,""maximumIntervalSeconds"":10.0,""minimumValidReactionSeconds"":0.10000000149011612,""randomSeed"":-1525653754}",,0,0.000000,,CorrectSidePress,0,0,0,,,,,,,0.000000,1,0,PlusMinusKeys,0,1
20261008T083311983Z_6c2da03684844ae59035d797f0bbbd02,,,1,1,StimulusOnsetObserved,Visual,2026-10-08T08:37:14.7737413Z,242.785390,238.856732,10477,4,0,WaitingForOperatorSwitch,0,0,1,28,Left,-1,,,,,1,0,0.000000,TaskSwitchPedal,0,0.500000,0.200000,,0.100000,5.000000,10.000000,-1525653754,242.295662,242.294654,242.295662,242.784383,242.785390,0.001007,,1,0,4,0,WaitingForOperatorSwitch,LiftUp,LiftUp.LoadAcquisition,LiftUp,LiftUp.LoadAcquisition,1,"{""pedalAxisName"":""TaskSwitchPedal"",""usePlusMinusKeys"":true,""positivePedalKey"":61,""negativePedalKey"":45,""invertPedalAxis"":false,""pressThreshold"":0.5,""releaseThreshold"":0.20000000298023225,""minimumIntervalSeconds"":5.0,""maximumIntervalSeconds"":10.0,""minimumValidReactionSeconds"":0.10000000149011612,""randomSeed"":-1525653754}",,0,0.000000,,CorrectSidePress,0,0,0,,,,,,,0.000000,0,0,Axis,0,1
20261008T083311983Z_6c2da03684844ae59035d797f0bbbd02,,,1,1,PedalPressed,Visual,2026-10-08T08:37:16.0011808Z,244.013745,240.085766,10529,4,0,WaitingForOperatorSwitch,0,0,1,28,Left,-1,-1,Correct,1,1.228356,1,0,-1.000000,TaskSwitchPedal,0,0.500000,0.200000,,0.100000,5.000000,10.000000,-1525653754,243.524017,242.294654,242.295662,242.784383,242.785390,0.001007,244.013745,1,0,4,0,WaitingForOperatorSwitch,LiftUp,LiftUp.LoadAcquisition,LiftUp,LiftUp.LoadAcquisition,1,"{""pedalAxisName"":""TaskSwitchPedal"",""usePlusMinusKeys"":true,""positivePedalKey"":61,""negativePedalKey"":45,""invertPedalAxis"":false,""pressThreshold"":0.5,""releaseThreshold"":0.20000000298023225,""minimumIntervalSeconds"":5.0,""maximumIntervalSeconds"":10.0,""minimumValidReactionSeconds"":0.10000000149011612,""randomSeed"":-1525653754}",,0,0.000000,1.228356,CorrectSidePress,1,0,0,-1,Correct,1,1.228356,244.013745,1.228356,0.000000,0,1,PlusMinusKeys,0,1
20261008T083311983Z_6c2da03684844ae59035d797f0bbbd02,,,1,1,TrialFinished,Visual,2026-10-08T08:37:16.0021905Z,244.013745,240.085766,10529,4,0,WaitingForOperatorSwitch,0,0,1,28,Left,-1,-1,Correct,1,1.228356,1,0,-1.000000,TaskSwitchPedal,0,0.500000,0.200000,,0.100000,5.000000,10.000000,-1525653754,243.524017,242.294654,242.295662,242.784383,242.785390,0.001007,244.013745,0,0,4,0,WaitingForOperatorSwitch,LiftUp,LiftUp.LoadAcquisition,LiftUp,LiftUp.LoadAcquisition,1,"{""pedalAxisName"":""TaskSwitchPedal"",""usePlusMinusKeys"":true,""positivePedalKey"":61,""negativePedalKey"":45,""invertPedalAxis"":false,""pressThreshold"":0.5,""releaseThreshold"":0.20000000298023225,""minimumIntervalSeconds"":5.0,""maximumIntervalSeconds"":10.0,""minimumValidReactionSeconds"":0.10000000149011612,""randomSeed"":-1525653754}",,0,0.000000,1.228356,CorrectSidePress,1,0,0,-1,Correct,1,1.228356,244.013745,1.228356,0.000000,0,1,PlusMinusKeys,0,1
20261008T083311983Z_6c2da03684844ae59035d797f0bbbd02,,,1,1,StimulusScheduled,Visual,2026-10-08T08:37:16.0021905Z,244.014129,240.085766,10529,4,0,WaitingForOperatorSwitch,0,0,1,29,Left,-1,,,,,0,0,-1.000000,TaskSwitchPedal,0,0.500000,0.200000,,0.100000,5.000000,10.000000,-1525653754,243.524401,252.280186,,252.769914,,,,0,0,,,,,,LiftUp,LiftUp.LoadAcquisition,1,"{""pedalAxisName"":""TaskSwitchPedal"",""usePlusMinusKeys"":true,""positivePedalKey"":61,""negativePedalKey"":45,""invertPedalAxis"":false,""pressThreshold"":0.5,""releaseThreshold"":0.20000000298023225,""minimumIntervalSeconds"":5.0,""maximumIntervalSeconds"":10.0,""minimumValidReactionSeconds"":0.10000000149011612,""randomSeed"":-1525653754}",,0,0.000000,,CorrectSidePress,0,0,0,,,,,,,0.000000,0,1,PlusMinusKeys,0,1
20261008T083311983Z_6c2da03684844ae59035d797f0bbbd02,,,1,1,StimulusOnsetObserved,Visual,2026-10-08T08:37:24.7623104Z,252.774277,248.846984,10865,4,0,WaitingForOperatorSwitch,0,0,1,29,Left,-1,,,,,1,0,0.000000,TaskSwitchPedal,0,0.500000,0.200000,,0.100000,5.000000,10.000000,-1525653754,252.284549,252.280186,252.284549,252.769914,252.774277,0.004363,,1,0,4,0,WaitingForOperatorSwitch,LiftUp,LiftUp.LoadAcquisition,LiftUp,LiftUp.LoadAcquisition,1,"{""pedalAxisName"":""TaskSwitchPedal"",""usePlusMinusKeys"":true,""positivePedalKey"":61,""negativePedalKey"":45,""invertPedalAxis"":false,""pressThreshold"":0.5,""releaseThreshold"":0.20000000298023225,""minimumIntervalSeconds"":5.0,""maximumIntervalSeconds"":10.0,""minimumValidReactionSeconds"":0.10000000149011612,""randomSeed"":-1525653754}",,0,0.000000,,CorrectSidePress,0,0,0,,,,,,,0.000000,0,0,Axis,0,1
20261008T083311983Z_6c2da03684844ae59035d797f0bbbd02,,,1,1,PedalPressed,Visual,2026-10-08T08:37:25.9835203Z,253.996975,250.067755,10910,4,0,WaitingForOperatorSwitch,0,0,1,29,Left,-1,-1,Correct,1,1.222698,1,0,-1.000000,TaskSwitchPedal,0,0.500000,0.200000,,0.100000,5.000000,10.000000,-1525653754,253.507247,252.280186,252.284549,252.769914,252.774277,0.004363,253.996975,1,0,4,0,WaitingForOperatorSwitch,LiftUp,LiftUp.LoadAcquisition,LiftUp,LiftUp.LoadAcquisition,1,"{""pedalAxisName"":""TaskSwitchPedal"",""usePlusMinusKeys"":true,""positivePedalKey"":61,""negativePedalKey"":45,""invertPedalAxis"":false,""pressThreshold"":0.5,""releaseThreshold"":0.20000000298023225,""minimumIntervalSeconds"":5.0,""maximumIntervalSeconds"":10.0,""minimumValidReactionSeconds"":0.10000000149011612,""randomSeed"":-1525653754}",,0,0.000000,1.222698,CorrectSidePress,1,0,0,-1,Correct,1,1.222698,253.996975,1.222698,0.000000,0,1,PlusMinusKeys,0,1
20261008T083311983Z_6c2da03684844ae59035d797f0bbbd02,,,1,1,TrialFinished,Visual,2026-10-08T08:37:25.9849714Z,253.996975,250.067755,10910,4,0,WaitingForOperatorSwitch,0,0,1,29,Left,-1,-1,Correct,1,1.222698,1,0,-1.000000,TaskSwitchPedal,0,0.500000,0.200000,,0.100000,5.000000,10.000000,-1525653754,253.507247,252.280186,252.284549,252.769914,252.774277,0.004363,253.996975,0,0,4,0,WaitingForOperatorSwitch,LiftUp,LiftUp.LoadAcquisition,LiftUp,LiftUp.LoadAcquisition,1,"{""pedalAxisName"":""TaskSwitchPedal"",""usePlusMinusKeys"":true,""positivePedalKey"":61,""negativePedalKey"":45,""invertPedalAxis"":false,""pressThreshold"":0.5,""releaseThreshold"":0.20000000298023225,""minimumIntervalSeconds"":5.0,""maximumIntervalSeconds"":10.0,""minimumValidReactionSeconds"":0.10000000149011612,""randomSeed"":-1525653754}",,0,0.000000,1.222698,CorrectSidePress,1,0,0,-1,Correct,1,1.222698,253.996975,1.222698,0.000000,0,1,PlusMinusKeys,0,1
20261008T083311983Z_6c2da03684844ae59035d797f0bbbd02,,,1,1,StimulusScheduled,Visual,2026-10-08T08:37:25.9849714Z,253.997468,250.067755,10910,4,0,WaitingForOperatorSwitch,0,0,1,30,Left,-1,,,,,0,0,-1.000000,TaskSwitchPedal,0,0.500000,0.200000,,0.100000,5.000000,10.000000,-1525653754,253.507739,260.978617,,261.468345,,,,0,0,,,,,,LiftUp,LiftUp.LoadAcquisition,1,"{""pedalAxisName"":""TaskSwitchPedal"",""usePlusMinusKeys"":true,""positivePedalKey"":61,""negativePedalKey"":45,""invertPedalAxis"":false,""pressThreshold"":0.5,""releaseThreshold"":0.20000000298023225,""minimumIntervalSeconds"":5.0,""maximumIntervalSeconds"":10.0,""minimumValidReactionSeconds"":0.10000000149011612,""randomSeed"":-1525653754}",,0,0.000000,,CorrectSidePress,0,0,0,,,,,,,0.000000,0,1,PlusMinusKeys,0,1
20261008T083311983Z_6c2da03684844ae59035d797f0bbbd02,,,1,1,StimulusOnsetObserved,Visual,2026-10-08T08:37:33.4761713Z,261.488788,257.561202,11191,4,0,WaitingForOperatorSwitch,0,0,1,30,Left,-1,,,,,1,0,0.000000,TaskSwitchPedal,0,0.500000,0.200000,,0.100000,5.000000,10.000000,-1525653754,260.999060,260.978617,260.999060,261.468345,261.488788,0.020443,,1,0,4,0,WaitingForOperatorSwitch,LiftUp,LiftUp.LoadAcquisition,LiftUp,LiftUp.LoadAcquisition,1,"{""pedalAxisName"":""TaskSwitchPedal"",""usePlusMinusKeys"":true,""positivePedalKey"":61,""negativePedalKey"":45,""invertPedalAxis"":false,""pressThreshold"":0.5,""releaseThreshold"":0.20000000298023225,""minimumIntervalSeconds"":5.0,""maximumIntervalSeconds"":10.0,""minimumValidReactionSeconds"":0.10000000149011612,""randomSeed"":-1525653754}",,0,0.000000,,CorrectSidePress,0,0,0,,,,,,,0.000000,0,0,Axis,0,1
20261008T083311983Z_6c2da03684844ae59035d797f0bbbd02,,,1,1,PedalPressed,Visual,2026-10-08T08:37:34.4629033Z,262.476001,258.547688,11226,4,0,WaitingForOperatorSwitch,0,0,1,30,Left,-1,-1,Correct,1,0.987213,1,0,-1.000000,TaskSwitchPedal,0,0.500000,0.200000,,0.100000,5.000000,10.000000,-1525653754,261.986273,260.978617,260.999060,261.468345,261.488788,0.020443,262.476001,1,0,4,0,WaitingForOperatorSwitch,LiftUp,LiftUp.LoadAcquisition,LiftUp,LiftUp.LoadAcquisition,1,"{""pedalAxisName"":""TaskSwitchPedal"",""usePlusMinusKeys"":true,""positivePedalKey"":61,""negativePedalKey"":45,""invertPedalAxis"":false,""pressThreshold"":0.5,""releaseThreshold"":0.20000000298023225,""minimumIntervalSeconds"":5.0,""maximumIntervalSeconds"":10.0,""minimumValidReactionSeconds"":0.10000000149011612,""randomSeed"":-1525653754}",,0,0.000000,0.987213,CorrectSidePress,1,0,0,-1,Correct,1,0.987213,262.476001,0.987213,0.000000,0,1,PlusMinusKeys,0,1
20261008T083311983Z_6c2da03684844ae59035d797f0bbbd02,,,1,1,TrialFinished,Visual,2026-10-08T08:37:34.4629033Z,262.476001,258.547688,11226,4,0,WaitingForOperatorSwitch,0,0,1,30,Left,-1,-1,Correct,1,0.987213,1,0,-1.000000,TaskSwitchPedal,0,0.500000,0.200000,,0.100000,5.000000,10.000000,-1525653754,261.986273,260.978617,260.999060,261.468345,261.488788,0.020443,262.476001,0,0,4,0,WaitingForOperatorSwitch,LiftUp,LiftUp.LoadAcquisition,LiftUp,LiftUp.LoadAcquisition,1,"{""pedalAxisName"":""TaskSwitchPedal"",""usePlusMinusKeys"":true,""positivePedalKey"":61,""negativePedalKey"":45,""invertPedalAxis"":false,""pressThreshold"":0.5,""releaseThreshold"":0.20000000298023225,""minimumIntervalSeconds"":5.0,""maximumIntervalSeconds"":10.0,""minimumValidReactionSeconds"":0.10000000149011612,""randomSeed"":-1525653754}",,0,0.000000,0.987213,CorrectSidePress,1,0,0,-1,Correct,1,0.987213,262.476001,0.987213,0.000000,0,1,PlusMinusKeys,0,1
20261008T083311983Z_6c2da03684844ae59035d797f0bbbd02,,,1,1,StimulusScheduled,Visual,2026-10-08T08:37:34.4639916Z,262.476323,258.547688,11226,4,0,WaitingForOperatorSwitch,0,0,1,31,Left,-1,,,,,0,0,-1.000000,TaskSwitchPedal,0,0.500000,0.200000,,0.100000,5.000000,10.000000,-1525653754,261.986595,269.188819,,269.678547,,,,0,0,,,,,,LiftUp,LiftUp.LoadAcquisition,1,"{""pedalAxisName"":""TaskSwitchPedal"",""usePlusMinusKeys"":true,""positivePedalKey"":61,""negativePedalKey"":45,""invertPedalAxis"":false,""pressThreshold"":0.5,""releaseThreshold"":0.20000000298023225,""minimumIntervalSeconds"":5.0,""maximumIntervalSeconds"":10.0,""minimumValidReactionSeconds"":0.10000000149011612,""randomSeed"":-1525653754}",,0,0.000000,,CorrectSidePress,0,0,0,,,,,,,0.000000,0,1,PlusMinusKeys,0,1
20261008T083311983Z_6c2da03684844ae59035d797f0bbbd02,,,1,1,StimulusOnsetObserved,Visual,2026-10-08T08:37:41.7074968Z,269.720336,265.790755,11488,4,1,OperatingTarget,0,0,1,31,Left,-1,,,,,1,0,0.000000,TaskSwitchPedal,0,0.500000,0.200000,,0.100000,5.000000,10.000000,-1525653754,269.230607,269.188819,269.230607,269.678547,269.720336,0.041789,,1,0,4,1,OperatingTarget,Move2,Move2.DestinationCoarseMove,Move2,Move2.DestinationCoarseMove,1,"{""pedalAxisName"":""TaskSwitchPedal"",""usePlusMinusKeys"":true,""positivePedalKey"":61,""negativePedalKey"":45,""invertPedalAxis"":false,""pressThreshold"":0.5,""releaseThreshold"":0.20000000298023225,""minimumIntervalSeconds"":5.0,""maximumIntervalSeconds"":10.0,""minimumValidReactionSeconds"":0.10000000149011612,""randomSeed"":-1525653754}",,0,0.000000,,CorrectSidePress,0,0,0,,,,,,,0.000000,0,0,Axis,0,1
20261008T083311983Z_6c2da03684844ae59035d797f0bbbd02,,,1,1,PedalPressed,Visual,2026-10-08T08:37:42.5855600Z,270.598896,266.670444,11518,4,1,OperatingTarget,0,0,1,31,Left,-1,-1,Correct,1,0.878560,1,0,-1.000000,TaskSwitchPedal,0,0.500000,0.200000,,0.100000,5.000000,10.000000,-1525653754,270.109168,269.188819,269.230607,269.678547,269.720336,0.041789,270.598896,1,0,4,1,OperatingTarget,Move2,Move2.DestinationCoarseMove,Move2,Move2.DestinationCoarseMove,1,"{""pedalAxisName"":""TaskSwitchPedal"",""usePlusMinusKeys"":true,""positivePedalKey"":61,""negativePedalKey"":45,""invertPedalAxis"":false,""pressThreshold"":0.5,""releaseThreshold"":0.20000000298023225,""minimumIntervalSeconds"":5.0,""maximumIntervalSeconds"":10.0,""minimumValidReactionSeconds"":0.10000000149011612,""randomSeed"":-1525653754}",,0,0.000000,0.878560,CorrectSidePress,1,0,0,-1,Correct,1,0.878560,270.598896,0.878560,0.000000,0,1,PlusMinusKeys,0,1
20261008T083311983Z_6c2da03684844ae59035d797f0bbbd02,,,1,1,TrialFinished,Visual,2026-10-08T08:37:42.5855600Z,270.598896,266.670444,11518,4,1,OperatingTarget,0,0,1,31,Left,-1,-1,Correct,1,0.878560,1,0,-1.000000,TaskSwitchPedal,0,0.500000,0.200000,,0.100000,5.000000,10.000000,-1525653754,270.109168,269.188819,269.230607,269.678547,269.720336,0.041789,270.598896,0,0,4,1,OperatingTarget,Move2,Move2.DestinationCoarseMove,Move2,Move2.DestinationCoarseMove,1,"{""pedalAxisName"":""TaskSwitchPedal"",""usePlusMinusKeys"":true,""positivePedalKey"":61,""negativePedalKey"":45,""invertPedalAxis"":false,""pressThreshold"":0.5,""releaseThreshold"":0.20000000298023225,""minimumIntervalSeconds"":5.0,""maximumIntervalSeconds"":10.0,""minimumValidReactionSeconds"":0.10000000149011612,""randomSeed"":-1525653754}",,0,0.000000,0.878560,CorrectSidePress,1,0,0,-1,Correct,1,0.878560,270.598896,0.878560,0.000000,0,1,PlusMinusKeys,0,1
20261008T083311983Z_6c2da03684844ae59035d797f0bbbd02,,,1,1,StimulusScheduled,Visual,2026-10-08T08:37:42.5855600Z,270.599227,266.670444,11518,4,1,OperatingTarget,0,0,1,32,Left,-1,,,,,0,0,-1.000000,TaskSwitchPedal,0,0.500000,0.200000,,0.100000,5.000000,10.000000,-1525653754,270.109499,275.716534,,276.206262,,,,0,0,,,,,,Move2,Move2.DestinationCoarseMove,1,"{""pedalAxisName"":""TaskSwitchPedal"",""usePlusMinusKeys"":true,""positivePedalKey"":61,""negativePedalKey"":45,""invertPedalAxis"":false,""pressThreshold"":0.5,""releaseThreshold"":0.20000000298023225,""minimumIntervalSeconds"":5.0,""maximumIntervalSeconds"":10.0,""minimumValidReactionSeconds"":0.10000000149011612,""randomSeed"":-1525653754}",,0,0.000000,,CorrectSidePress,0,0,0,,,,,,,0.000000,0,1,PlusMinusKeys,0,1
20261008T083311983Z_6c2da03684844ae59035d797f0bbbd02,,,1,1,StimulusOnsetObserved,Visual,2026-10-08T08:37:48.1992397Z,276.212709,272.283988,11710,4,1,OperatingTarget,0,0,1,32,Left,-1,,,,,1,0,0.000000,TaskSwitchPedal,0,0.500000,0.200000,,0.100000,5.000000,10.000000,-1525653754,275.722981,275.716534,275.722981,276.206262,276.212709,0.006447,,1,0,4,1,OperatingTarget,Place,Place.PlacementLowering,Place,Place.PlacementLowering,1,"{""pedalAxisName"":""TaskSwitchPedal"",""usePlusMinusKeys"":true,""positivePedalKey"":61,""negativePedalKey"":45,""invertPedalAxis"":false,""pressThreshold"":0.5,""releaseThreshold"":0.20000000298023225,""minimumIntervalSeconds"":5.0,""maximumIntervalSeconds"":10.0,""minimumValidReactionSeconds"":0.10000000149011612,""randomSeed"":-1525653754}",,0,0.000000,,CorrectSidePress,0,0,0,,,,,,,0.000000,0,0,Axis,0,1
20261008T083311983Z_6c2da03684844ae59035d797f0bbbd02,,,1,1,PedalPressed,Visual,2026-10-08T08:37:49.0972706Z,277.110367,273.181029,11739,4,1,OperatingTarget,0,0,1,32,Left,-1,-1,Correct,1,0.897658,1,0,-1.000000,TaskSwitchPedal,0,0.500000,0.200000,,0.100000,5.000000,10.000000,-1525653754,276.620639,275.716534,275.722981,276.206262,276.212709,0.006447,277.110367,1,0,4,1,OperatingTarget,Place,Place.PlacementLowering,Place,Place.PlacementLowering,1,"{""pedalAxisName"":""TaskSwitchPedal"",""usePlusMinusKeys"":true,""positivePedalKey"":61,""negativePedalKey"":45,""invertPedalAxis"":false,""pressThreshold"":0.5,""releaseThreshold"":0.20000000298023225,""minimumIntervalSeconds"":5.0,""maximumIntervalSeconds"":10.0,""minimumValidReactionSeconds"":0.10000000149011612,""randomSeed"":-1525653754}",,0,0.000000,0.897658,CorrectSidePress,1,0,0,-1,Correct,1,0.897658,277.110367,0.897658,0.000000,0,1,PlusMinusKeys,0,1
20261008T083311983Z_6c2da03684844ae59035d797f0bbbd02,,,1,1,TrialFinished,Visual,2026-10-08T08:37:49.0972706Z,277.110367,273.181029,11739,4,1,OperatingTarget,0,0,1,32,Left,-1,-1,Correct,1,0.897658,1,0,-1.000000,TaskSwitchPedal,0,0.500000,0.200000,,0.100000,5.000000,10.000000,-1525653754,276.620639,275.716534,275.722981,276.206262,276.212709,0.006447,277.110367,0,0,4,1,OperatingTarget,Place,Place.PlacementLowering,Place,Place.PlacementLowering,1,"{""pedalAxisName"":""TaskSwitchPedal"",""usePlusMinusKeys"":true,""positivePedalKey"":61,""negativePedalKey"":45,""invertPedalAxis"":false,""pressThreshold"":0.5,""releaseThreshold"":0.20000000298023225,""minimumIntervalSeconds"":5.0,""maximumIntervalSeconds"":10.0,""minimumValidReactionSeconds"":0.10000000149011612,""randomSeed"":-1525653754}",,0,0.000000,0.897658,CorrectSidePress,1,0,0,-1,Correct,1,0.897658,277.110367,0.897658,0.000000,0,1,PlusMinusKeys,0,1
20261008T083311983Z_6c2da03684844ae59035d797f0bbbd02,,,1,1,StimulusScheduled,Visual,2026-10-08T08:37:49.0972706Z,277.110696,273.181029,11739,4,1,OperatingTarget,0,0,1,33,Left,-1,,,,,0,0,-1.000000,TaskSwitchPedal,0,0.500000,0.200000,,0.100000,5.000000,10.000000,-1525653754,276.620968,281.999260,,282.488988,,,,0,0,,,,,,Place,Place.PlacementLowering,1,"{""pedalAxisName"":""TaskSwitchPedal"",""usePlusMinusKeys"":true,""positivePedalKey"":61,""negativePedalKey"":45,""invertPedalAxis"":false,""pressThreshold"":0.5,""releaseThreshold"":0.20000000298023225,""minimumIntervalSeconds"":5.0,""maximumIntervalSeconds"":10.0,""minimumValidReactionSeconds"":0.10000000149011612,""randomSeed"":-1525653754}",,0,0.000000,,CorrectSidePress,0,0,0,,,,,,,0.000000,0,1,PlusMinusKeys,0,1
20261008T083311983Z_6c2da03684844ae59035d797f0bbbd02,,,1,1,StimulusOnsetObserved,Visual,2026-10-08T08:37:54.4942315Z,282.508108,278.579191,11924,4,1,OperatingTarget,0,0,1,33,Left,-1,,,,,1,0,0.000000,TaskSwitchPedal,0,0.500000,0.200000,,0.100000,5.000000,10.000000,-1525653754,282.018379,281.999260,282.018379,282.488988,282.508108,0.019120,,1,0,4,1,OperatingTarget,Place,Place.PlacementLowering,Place,Place.PlacementLowering,1,"{""pedalAxisName"":""TaskSwitchPedal"",""usePlusMinusKeys"":true,""positivePedalKey"":61,""negativePedalKey"":45,""invertPedalAxis"":false,""pressThreshold"":0.5,""releaseThreshold"":0.20000000298023225,""minimumIntervalSeconds"":5.0,""maximumIntervalSeconds"":10.0,""minimumValidReactionSeconds"":0.10000000149011612,""randomSeed"":-1525653754}",,0,0.000000,,CorrectSidePress,0,0,0,,,,,,,0.000000,0,0,Axis,0,1
20261008T083311983Z_6c2da03684844ae59035d797f0bbbd02,,,1,1,PedalPressed,Visual,2026-10-08T08:37:55.5783540Z,283.592113,279.661383,11958,4,1,OperatingTarget,0,0,1,33,Left,-1,-1,Correct,1,1.084005,1,0,-1.000000,TaskSwitchPedal,0,0.500000,0.200000,,0.100000,5.000000,10.000000,-1525653754,283.102384,281.999260,282.018379,282.488988,282.508108,0.019120,283.592113,1,0,4,1,OperatingTarget,Place,Place.PlacementLowering,Place,Place.LoadRelease,1,"{""pedalAxisName"":""TaskSwitchPedal"",""usePlusMinusKeys"":true,""positivePedalKey"":61,""negativePedalKey"":45,""invertPedalAxis"":false,""pressThreshold"":0.5,""releaseThreshold"":0.20000000298023225,""minimumIntervalSeconds"":5.0,""maximumIntervalSeconds"":10.0,""minimumValidReactionSeconds"":0.10000000149011612,""randomSeed"":-1525653754}",,0,0.000000,1.084005,CorrectSidePress,1,0,0,-1,Correct,1,1.084005,283.592113,1.084005,0.000000,0,1,PlusMinusKeys,0,1
20261008T083311983Z_6c2da03684844ae59035d797f0bbbd02,,,1,1,TrialFinished,Visual,2026-10-08T08:37:55.5783540Z,283.592113,279.661383,11958,4,1,OperatingTarget,0,0,1,33,Left,-1,-1,Correct,1,1.084005,1,0,-1.000000,TaskSwitchPedal,0,0.500000,0.200000,,0.100000,5.000000,10.000000,-1525653754,283.102384,281.999260,282.018379,282.488988,282.508108,0.019120,283.592113,0,0,4,1,OperatingTarget,Place,Place.PlacementLowering,Place,Place.LoadRelease,1,"{""pedalAxisName"":""TaskSwitchPedal"",""usePlusMinusKeys"":true,""positivePedalKey"":61,""negativePedalKey"":45,""invertPedalAxis"":false,""pressThreshold"":0.5,""releaseThreshold"":0.20000000298023225,""minimumIntervalSeconds"":5.0,""maximumIntervalSeconds"":10.0,""minimumValidReactionSeconds"":0.10000000149011612,""randomSeed"":-1525653754}",,0,0.000000,1.084005,CorrectSidePress,1,0,0,-1,Correct,1,1.084005,283.592113,1.084005,0.000000,0,1,PlusMinusKeys,0,1
20261008T083311983Z_6c2da03684844ae59035d797f0bbbd02,,,1,1,StimulusScheduled,Visual,2026-10-08T08:37:55.5793630Z,283.592755,279.661383,11958,4,1,OperatingTarget,0,0,1,34,Left,-1,,,,,0,0,-1.000000,TaskSwitchPedal,0,0.500000,0.200000,,0.100000,5.000000,10.000000,-1525653754,283.103026,289.531041,,290.020769,,,,0,0,,,,,,Place,Place.LoadRelease,1,"{""pedalAxisName"":""TaskSwitchPedal"",""usePlusMinusKeys"":true,""positivePedalKey"":61,""negativePedalKey"":45,""invertPedalAxis"":false,""pressThreshold"":0.5,""releaseThreshold"":0.20000000298023225,""minimumIntervalSeconds"":5.0,""maximumIntervalSeconds"":10.0,""minimumValidReactionSeconds"":0.10000000149011612,""randomSeed"":-1525653754}",,0,0.000000,,CorrectSidePress,0,0,0,,,,,,,0.000000,0,1,PlusMinusKeys,0,1
20261008T083311983Z_6c2da03684844ae59035d797f0bbbd02,,,1,1,StimulusOnsetObserved,Visual,2026-10-08T08:38:02.0248072Z,290.038501,286.110932,12236,4,1,OperatingTarget,0,0,1,34,Left,-1,,,,,1,0,0.000000,TaskSwitchPedal,0,0.500000,0.200000,,0.100000,5.000000,10.000000,-1525653754,289.548772,289.531041,289.548772,290.020769,290.038501,0.017731,,1,0,4,1,OperatingTarget,Place,Place.PostPlacementRaising,Place,Place.PostPlacementRaising,1,"{""pedalAxisName"":""TaskSwitchPedal"",""usePlusMinusKeys"":true,""positivePedalKey"":61,""negativePedalKey"":45,""invertPedalAxis"":false,""pressThreshold"":0.5,""releaseThreshold"":0.20000000298023225,""minimumIntervalSeconds"":5.0,""maximumIntervalSeconds"":10.0,""minimumValidReactionSeconds"":0.10000000149011612,""randomSeed"":-1525653754}",,0,0.000000,,CorrectSidePress,0,0,0,,,,,,,0.000000,0,0,Axis,0,1
20261008T083311983Z_6c2da03684844ae59035d797f0bbbd02,,,1,1,PedalPressed,Visual,2026-10-08T08:38:02.9296115Z,290.943915,287.016127,12275,4,1,OperatingTarget,0,0,1,34,Left,-1,-1,Correct,1,0.905414,1,0,-1.000000,TaskSwitchPedal,0,0.500000,0.200000,,0.100000,5.000000,10.000000,-1525653754,290.454186,289.531041,289.548772,290.020769,290.038501,0.017731,290.943915,1,0,4,1,OperatingTarget,Place,Place.PostPlacementRaising,Place,Place.PostPlacementRaising,1,"{""pedalAxisName"":""TaskSwitchPedal"",""usePlusMinusKeys"":true,""positivePedalKey"":61,""negativePedalKey"":45,""invertPedalAxis"":false,""pressThreshold"":0.5,""releaseThreshold"":0.20000000298023225,""minimumIntervalSeconds"":5.0,""maximumIntervalSeconds"":10.0,""minimumValidReactionSeconds"":0.10000000149011612,""randomSeed"":-1525653754}",,0,0.000000,0.905414,CorrectSidePress,1,0,0,-1,Correct,1,0.905414,290.943915,0.905414,0.000000,0,1,PlusMinusKeys,0,1
20261008T083311983Z_6c2da03684844ae59035d797f0bbbd02,,,1,1,TrialFinished,Visual,2026-10-08T08:38:02.9296115Z,290.943915,287.016127,12275,4,1,OperatingTarget,0,0,1,34,Left,-1,-1,Correct,1,0.905414,1,0,-1.000000,TaskSwitchPedal,0,0.500000,0.200000,,0.100000,5.000000,10.000000,-1525653754,290.454186,289.531041,289.548772,290.020769,290.038501,0.017731,290.943915,0,0,4,1,OperatingTarget,Place,Place.PostPlacementRaising,Place,Place.PostPlacementRaising,1,"{""pedalAxisName"":""TaskSwitchPedal"",""usePlusMinusKeys"":true,""positivePedalKey"":61,""negativePedalKey"":45,""invertPedalAxis"":false,""pressThreshold"":0.5,""releaseThreshold"":0.20000000298023225,""minimumIntervalSeconds"":5.0,""maximumIntervalSeconds"":10.0,""minimumValidReactionSeconds"":0.10000000149011612,""randomSeed"":-1525653754}",,0,0.000000,0.905414,CorrectSidePress,1,0,0,-1,Correct,1,0.905414,290.943915,0.905414,0.000000,0,1,PlusMinusKeys,0,1
20261008T083311983Z_6c2da03684844ae59035d797f0bbbd02,,,1,1,StimulusScheduled,Visual,2026-10-08T08:38:02.9309622Z,290.944284,287.016127,12275,4,1,OperatingTarget,0,0,1,35,Left,-1,,,,,0,0,-1.000000,TaskSwitchPedal,0,0.500000,0.200000,,0.100000,5.000000,10.000000,-1525653754,290.454556,298.171751,,298.661479,,,,0,0,,,,,,Place,Place.PostPlacementRaising,1,"{""pedalAxisName"":""TaskSwitchPedal"",""usePlusMinusKeys"":true,""positivePedalKey"":61,""negativePedalKey"":45,""invertPedalAxis"":false,""pressThreshold"":0.5,""releaseThreshold"":0.20000000298023225,""minimumIntervalSeconds"":5.0,""maximumIntervalSeconds"":10.0,""minimumValidReactionSeconds"":0.10000000149011612,""randomSeed"":-1525653754}",,0,0.000000,,CorrectSidePress,0,0,0,,,,,,,0.000000,0,1,PlusMinusKeys,0,1
20261008T083311983Z_6c2da03684844ae59035d797f0bbbd02,,,1,1,StimulusOnsetObserved,Visual,2026-10-08T08:38:10.6541289Z,298.668141,294.740856,12622,4,0,OperatingSource,0,0,1,35,Left,-1,,,,,1,0,0.000000,TaskSwitchPedal,0,0.500000,0.200000,,0.100000,5.000000,10.000000,-1525653754,298.178412,298.171751,298.178412,298.661479,298.668141,0.006661,,1,0,4,0,OperatingSource,LiftUp,LiftUp.LoadAcquisition,LiftUp,LiftUp.LoadAcquisition,1,"{""pedalAxisName"":""TaskSwitchPedal"",""usePlusMinusKeys"":true,""positivePedalKey"":61,""negativePedalKey"":45,""invertPedalAxis"":false,""pressThreshold"":0.5,""releaseThreshold"":0.20000000298023225,""minimumIntervalSeconds"":5.0,""maximumIntervalSeconds"":10.0,""minimumValidReactionSeconds"":0.10000000149011612,""randomSeed"":-1525653754}",,0,0.000000,,CorrectSidePress,0,0,0,,,,,,,0.000000,0,0,Axis,0,1
20261008T083311983Z_6c2da03684844ae59035d797f0bbbd02,,,1,1,PedalPressed,Visual,2026-10-08T08:38:11.9481707Z,299.962207,296.034804,12677,4,0,OperatingSource,0,0,1,35,Left,-1,-1,Correct,1,1.294067,1,0,-1.000000,TaskSwitchPedal,0,0.500000,0.200000,,0.100000,5.000000,10.000000,-1525653754,299.472479,298.171751,298.178412,298.661479,298.668141,0.006661,299.962207,1,0,4,0,OperatingSource,LiftUp,LiftUp.LoadAcquisition,Move2,Move2.DestinationCoarseMove,1,"{""pedalAxisName"":""TaskSwitchPedal"",""usePlusMinusKeys"":true,""positivePedalKey"":61,""negativePedalKey"":45,""invertPedalAxis"":false,""pressThreshold"":0.5,""releaseThreshold"":0.20000000298023225,""minimumIntervalSeconds"":5.0,""maximumIntervalSeconds"":10.0,""minimumValidReactionSeconds"":0.10000000149011612,""randomSeed"":-1525653754}",,0,0.000000,1.294067,CorrectSidePress,1,0,0,-1,Correct,1,1.294067,299.962207,1.294067,0.000000,0,1,PlusMinusKeys,0,1
20261008T083311983Z_6c2da03684844ae59035d797f0bbbd02,,,1,1,TrialFinished,Visual,2026-10-08T08:38:11.9481707Z,299.962207,296.034804,12677,4,0,OperatingSource,0,0,1,35,Left,-1,-1,Correct,1,1.294067,1,0,-1.000000,TaskSwitchPedal,0,0.500000,0.200000,,0.100000,5.000000,10.000000,-1525653754,299.472479,298.171751,298.178412,298.661479,298.668141,0.006661,299.962207,0,0,4,0,OperatingSource,LiftUp,LiftUp.LoadAcquisition,Move2,Move2.DestinationCoarseMove,1,"{""pedalAxisName"":""TaskSwitchPedal"",""usePlusMinusKeys"":true,""positivePedalKey"":61,""negativePedalKey"":45,""invertPedalAxis"":false,""pressThreshold"":0.5,""releaseThreshold"":0.20000000298023225,""minimumIntervalSeconds"":5.0,""maximumIntervalSeconds"":10.0,""minimumValidReactionSeconds"":0.10000000149011612,""randomSeed"":-1525653754}",,0,0.000000,1.294067,CorrectSidePress,1,0,0,-1,Correct,1,1.294067,299.962207,1.294067,0.000000,0,1,PlusMinusKeys,0,1
20261008T083311983Z_6c2da03684844ae59035d797f0bbbd02,,,1,1,StimulusScheduled,Visual,2026-10-08T08:38:11.9488675Z,299.962699,296.034804,12677,4,0,OperatingSource,0,0,1,36,Right,1,,,,,0,0,-1.000000,TaskSwitchPedal,0,0.500000,0.200000,,0.100000,5.000000,10.000000,-1525653754,299.472971,305.986658,,306.476386,,,,0,0,,,,,,Move2,Move2.DestinationCoarseMove,1,"{""pedalAxisName"":""TaskSwitchPedal"",""usePlusMinusKeys"":true,""positivePedalKey"":61,""negativePedalKey"":45,""invertPedalAxis"":false,""pressThreshold"":0.5,""releaseThreshold"":0.20000000298023225,""minimumIntervalSeconds"":5.0,""maximumIntervalSeconds"":10.0,""minimumValidReactionSeconds"":0.10000000149011612,""randomSeed"":-1525653754}",,0,0.000000,,CorrectSidePress,0,0,0,,,,,,,0.000000,0,1,PlusMinusKeys,0,1
20261008T083311983Z_6c2da03684844ae59035d797f0bbbd02,,,1,1,StimulusOnsetObserved,Visual,2026-10-08T08:38:18.4690490Z,306.483874,302.555781,12967,4,0,OperatingSource,0,0,1,36,Right,1,,,,,1,0,0.000000,TaskSwitchPedal,0,0.500000,0.200000,,0.100000,5.000000,10.000000,-1525653754,305.994146,305.986658,305.994146,306.476386,306.483874,0.007488,,0,1,4,0,OperatingSource,Move2,Move2.DestinationCoarseMove,Move2,Move2.DestinationCoarseMove,1,"{""pedalAxisName"":""TaskSwitchPedal"",""usePlusMinusKeys"":true,""positivePedalKey"":61,""negativePedalKey"":45,""invertPedalAxis"":false,""pressThreshold"":0.5,""releaseThreshold"":0.20000000298023225,""minimumIntervalSeconds"":5.0,""maximumIntervalSeconds"":10.0,""minimumValidReactionSeconds"":0.10000000149011612,""randomSeed"":-1525653754}",,0,0.000000,,CorrectSidePress,0,0,0,,,,,,,0.000000,0,0,Axis,0,1
20261008T083311983Z_6c2da03684844ae59035d797f0bbbd02,,,1,1,PedalPressed,Visual,2026-10-08T08:38:19.4860748Z,307.500571,303.573063,13011,4,0,OperatingSource,0,0,1,36,Right,1,1,Correct,1,1.016697,1,0,1.000000,TaskSwitchPedal,0,0.500000,0.200000,,0.100000,5.000000,10.000000,-1525653754,307.010843,305.986658,305.994146,306.476386,306.483874,0.007488,307.500571,0,1,4,0,OperatingSource,Move2,Move2.DestinationCoarseMove,Move2,Move2.DestinationCoarseMove,1,"{""pedalAxisName"":""TaskSwitchPedal"",""usePlusMinusKeys"":true,""positivePedalKey"":61,""negativePedalKey"":45,""invertPedalAxis"":false,""pressThreshold"":0.5,""releaseThreshold"":0.20000000298023225,""minimumIntervalSeconds"":5.0,""maximumIntervalSeconds"":10.0,""minimumValidReactionSeconds"":0.10000000149011612,""randomSeed"":-1525653754}",,0,0.000000,1.016697,CorrectSidePress,1,0,0,1,Correct,1,1.016697,307.500571,1.016697,0.000000,1,0,PlusMinusKeys,0,1
20261008T083311983Z_6c2da03684844ae59035d797f0bbbd02,,,1,1,TrialFinished,Visual,2026-10-08T08:38:19.4860748Z,307.500571,303.573063,13011,4,0,OperatingSource,0,0,1,36,Right,1,1,Correct,1,1.016697,1,0,1.000000,TaskSwitchPedal,0,0.500000,0.200000,,0.100000,5.000000,10.000000,-1525653754,307.010843,305.986658,305.994146,306.476386,306.483874,0.007488,307.500571,0,0,4,0,OperatingSource,Move2,Move2.DestinationCoarseMove,Move2,Move2.DestinationCoarseMove,1,"{""pedalAxisName"":""TaskSwitchPedal"",""usePlusMinusKeys"":true,""positivePedalKey"":61,""negativePedalKey"":45,""invertPedalAxis"":false,""pressThreshold"":0.5,""releaseThreshold"":0.20000000298023225,""minimumIntervalSeconds"":5.0,""maximumIntervalSeconds"":10.0,""minimumValidReactionSeconds"":0.10000000149011612,""randomSeed"":-1525653754}",,0,0.000000,1.016697,CorrectSidePress,1,0,0,1,Correct,1,1.016697,307.500571,1.016697,0.000000,1,0,PlusMinusKeys,0,1
20261008T083311983Z_6c2da03684844ae59035d797f0bbbd02,,,1,1,StimulusScheduled,Visual,2026-10-08T08:38:19.4860748Z,307.500939,303.573063,13011,4,0,OperatingSource,0,0,1,37,Right,1,,,,,0,0,1.000000,TaskSwitchPedal,0,0.500000,0.200000,,0.100000,5.000000,10.000000,-1525653754,307.011211,315.371155,,315.860883,,,,0,0,,,,,,Move2,Move2.DestinationCoarseMove,1,"{""pedalAxisName"":""TaskSwitchPedal"",""usePlusMinusKeys"":true,""positivePedalKey"":61,""negativePedalKey"":45,""invertPedalAxis"":false,""pressThreshold"":0.5,""releaseThreshold"":0.20000000298023225,""minimumIntervalSeconds"":5.0,""maximumIntervalSeconds"":10.0,""minimumValidReactionSeconds"":0.10000000149011612,""randomSeed"":-1525653754}",,0,0.000000,,CorrectSidePress,0,0,0,,,,,,,0.000000,1,0,PlusMinusKeys,0,1
20261008T083311983Z_6c2da03684844ae59035d797f0bbbd02,,,1,1,StimulusOnsetObserved,Visual,2026-10-08T08:38:27.8627191Z,315.877102,311.950082,13381,4,0,OperatingSource,0,0,1,37,Right,1,,,,,1,0,0.000000,TaskSwitchPedal,0,0.500000,0.200000,,0.100000,5.000000,10.000000,-1525653754,315.387374,315.371155,315.387374,315.860883,315.877102,0.016219,,0,1,4,0,OperatingSource,Place,Place.PlacementLowering,Place,Place.PlacementLowering,1,"{""pedalAxisName"":""TaskSwitchPedal"",""usePlusMinusKeys"":true,""positivePedalKey"":61,""negativePedalKey"":45,""invertPedalAxis"":false,""pressThreshold"":0.5,""releaseThreshold"":0.20000000298023225,""minimumIntervalSeconds"":5.0,""maximumIntervalSeconds"":10.0,""minimumValidReactionSeconds"":0.10000000149011612,""randomSeed"":-1525653754}",,0,0.000000,,CorrectSidePress,0,0,0,,,,,,,0.000000,0,0,Axis,0,1
20261008T083311983Z_6c2da03684844ae59035d797f0bbbd02,,,1,1,PedalPressed,Visual,2026-10-08T08:38:29.0231617Z,317.037372,313.109345,13424,4,0,OperatingSource,0,0,1,37,Right,1,1,Correct,1,1.160270,1,0,1.000000,TaskSwitchPedal,0,0.500000,0.200000,,0.100000,5.000000,10.000000,-1525653754,316.547644,315.371155,315.387374,315.860883,315.877102,0.016219,317.037372,0,1,4,0,OperatingSource,Place,Place.PlacementLowering,Place,Place.PlacementLowering,1,"{""pedalAxisName"":""TaskSwitchPedal"",""usePlusMinusKeys"":true,""positivePedalKey"":61,""negativePedalKey"":45,""invertPedalAxis"":false,""pressThreshold"":0.5,""releaseThreshold"":0.20000000298023225,""minimumIntervalSeconds"":5.0,""maximumIntervalSeconds"":10.0,""minimumValidReactionSeconds"":0.10000000149011612,""randomSeed"":-1525653754}",,0,0.000000,1.160270,CorrectSidePress,1,0,0,1,Correct,1,1.160270,317.037372,1.160270,0.000000,1,0,PlusMinusKeys,0,1
20261008T083311983Z_6c2da03684844ae59035d797f0bbbd02,,,1,1,TrialFinished,Visual,2026-10-08T08:38:29.0231617Z,317.037372,313.109345,13424,4,0,OperatingSource,0,0,1,37,Right,1,1,Correct,1,1.160270,1,0,1.000000,TaskSwitchPedal,0,0.500000,0.200000,,0.100000,5.000000,10.000000,-1525653754,316.547644,315.371155,315.387374,315.860883,315.877102,0.016219,317.037372,0,0,4,0,OperatingSource,Place,Place.PlacementLowering,Place,Place.PlacementLowering,1,"{""pedalAxisName"":""TaskSwitchPedal"",""usePlusMinusKeys"":true,""positivePedalKey"":61,""negativePedalKey"":45,""invertPedalAxis"":false,""pressThreshold"":0.5,""releaseThreshold"":0.20000000298023225,""minimumIntervalSeconds"":5.0,""maximumIntervalSeconds"":10.0,""minimumValidReactionSeconds"":0.10000000149011612,""randomSeed"":-1525653754}",,0,0.000000,1.160270,CorrectSidePress,1,0,0,1,Correct,1,1.160270,317.037372,1.160270,0.000000,1,0,PlusMinusKeys,0,1
20261008T083311983Z_6c2da03684844ae59035d797f0bbbd02,,,1,1,StimulusScheduled,Visual,2026-10-08T08:38:29.0231617Z,317.037899,313.109345,13424,4,0,OperatingSource,0,0,1,38,Right,1,,,,,0,0,1.000000,TaskSwitchPedal,0,0.500000,0.200000,,0.100000,5.000000,10.000000,-1525653754,316.548170,326.106274,,326.596003,,,,0,0,,,,,,Place,Place.PlacementLowering,1,"{""pedalAxisName"":""TaskSwitchPedal"",""usePlusMinusKeys"":true,""positivePedalKey"":61,""negativePedalKey"":45,""invertPedalAxis"":false,""pressThreshold"":0.5,""releaseThreshold"":0.20000000298023225,""minimumIntervalSeconds"":5.0,""maximumIntervalSeconds"":10.0,""minimumValidReactionSeconds"":0.10000000149011612,""randomSeed"":-1525653754}",,0,0.000000,,CorrectSidePress,0,0,0,,,,,,,0.000000,1,0,PlusMinusKeys,0,1
20261008T083311983Z_6c2da03684844ae59035d797f0bbbd02,,,1,1,PedalPressed,Visual,2026-10-08T08:38:29.5616621Z,317.576616,313.647285,13439,4,0,OperatingSource,0,0,1,,,,1,FalseAlarm,,,0,0,1.000000,TaskSwitchPedal,0,0.500000,0.200000,,0.100000,5.000000,10.000000,-1525653754,317.086888,,,,,,317.576616,0,0,,,,,,Place,Place.PlacementLowering,1,"{""pedalAxisName"":""TaskSwitchPedal"",""usePlusMinusKeys"":true,""positivePedalKey"":61,""negativePedalKey"":45,""invertPedalAxis"":false,""pressThreshold"":0.5,""releaseThreshold"":0.20000000298023225,""minimumIntervalSeconds"":5.0,""maximumIntervalSeconds"":10.0,""minimumValidReactionSeconds"":0.10000000149011612,""randomSeed"":-1525653754}",,0,0.000000,,CorrectSidePress,,,,,,,,,,0.000000,1,0,PlusMinusKeys,0,1
20261008T083311983Z_6c2da03684844ae59035d797f0bbbd02,,,1,1,StimulusOnsetObserved,Visual,2026-10-08T08:38:38.5985396Z,326.613051,322.681229,13734,4,0,OperatingSource,0,0,1,38,Right,1,,,,,1,0,0.000000,TaskSwitchPedal,0,0.500000,0.200000,,0.100000,5.000000,10.000000,-1525653754,326.123323,326.106274,326.123323,326.596003,326.613051,0.017049,,0,1,4,0,OperatingSource,Place,Place.LoadRelease,Place,Place.LoadRelease,1,"{""pedalAxisName"":""TaskSwitchPedal"",""usePlusMinusKeys"":true,""positivePedalKey"":61,""negativePedalKey"":45,""invertPedalAxis"":false,""pressThreshold"":0.5,""releaseThreshold"":0.20000000298023225,""minimumIntervalSeconds"":5.0,""maximumIntervalSeconds"":10.0,""minimumValidReactionSeconds"":0.10000000149011612,""randomSeed"":-1525653754}",,0,0.000000,,CorrectSidePress,0,0,0,,,,,,,0.000000,0,0,Axis,0,1
20261008T083311983Z_6c2da03684844ae59035d797f0bbbd02,,,1,1,PedalPressed,Visual,2026-10-08T08:38:39.5636400Z,327.579236,323.652200,13766,4,0,OperatingSource,0,0,1,38,Right,1,1,Correct,1,0.966184,1,0,1.000000,TaskSwitchPedal,0,0.500000,0.200000,,0.100000,5.000000,10.000000,-1525653754,327.089507,326.106274,326.123323,326.596003,326.613051,0.017049,327.579236,0,1,4,0,OperatingSource,Place,Place.LoadRelease,Place,Place.PostPlacementRaising,1,"{""pedalAxisName"":""TaskSwitchPedal"",""usePlusMinusKeys"":true,""positivePedalKey"":61,""negativePedalKey"":45,""invertPedalAxis"":false,""pressThreshold"":0.5,""releaseThreshold"":0.20000000298023225,""minimumIntervalSeconds"":5.0,""maximumIntervalSeconds"":10.0,""minimumValidReactionSeconds"":0.10000000149011612,""randomSeed"":-1525653754}",,0,0.000000,0.966184,CorrectSidePress,1,0,0,1,Correct,1,0.966184,327.579236,0.966184,0.000000,1,0,PlusMinusKeys,0,1
20261008T083311983Z_6c2da03684844ae59035d797f0bbbd02,,,1,1,TrialFinished,Visual,2026-10-08T08:38:39.5636400Z,327.579236,323.652200,13766,4,0,OperatingSource,0,0,1,38,Right,1,1,Correct,1,0.966184,1,0,1.000000,TaskSwitchPedal,0,0.500000,0.200000,,0.100000,5.000000,10.000000,-1525653754,327.089507,326.106274,326.123323,326.596003,326.613051,0.017049,327.579236,0,0,4,0,OperatingSource,Place,Place.LoadRelease,Place,Place.PostPlacementRaising,1,"{""pedalAxisName"":""TaskSwitchPedal"",""usePlusMinusKeys"":true,""positivePedalKey"":61,""negativePedalKey"":45,""invertPedalAxis"":false,""pressThreshold"":0.5,""releaseThreshold"":0.20000000298023225,""minimumIntervalSeconds"":5.0,""maximumIntervalSeconds"":10.0,""minimumValidReactionSeconds"":0.10000000149011612,""randomSeed"":-1525653754}",,0,0.000000,0.966184,CorrectSidePress,1,0,0,1,Correct,1,0.966184,327.579236,0.966184,0.000000,1,0,PlusMinusKeys,0,1
20261008T083311983Z_6c2da03684844ae59035d797f0bbbd02,,,1,1,StimulusScheduled,Visual,2026-10-08T08:38:39.5636400Z,327.579605,323.652200,13766,4,0,OperatingSource,0,0,1,39,Right,1,,,,,0,0,1.000000,TaskSwitchPedal,0,0.500000,0.200000,,0.100000,5.000000,10.000000,-1525653754,327.089877,335.756607,,336.246335,,,,0,0,,,,,,Place,Place.PostPlacementRaising,1,"{""pedalAxisName"":""TaskSwitchPedal"",""usePlusMinusKeys"":true,""positivePedalKey"":61,""negativePedalKey"":45,""invertPedalAxis"":false,""pressThreshold"":0.5,""releaseThreshold"":0.20000000298023225,""minimumIntervalSeconds"":5.0,""maximumIntervalSeconds"":10.0,""minimumValidReactionSeconds"":0.10000000149011612,""randomSeed"":-1525653754}",,0,0.000000,,CorrectSidePress,0,0,0,,,,,,,0.000000,1,0,PlusMinusKeys,0,1
20261008T083311983Z_6c2da03684844ae59035d797f0bbbd02,,,1,1,StimulusOnsetObserved,Visual,2026-10-08T08:38:48.2379189Z,336.253402,332.325340,14143,4,0,OperatingSource,0,0,1,39,Right,1,,,,,1,0,0.000000,TaskSwitchPedal,0,0.500000,0.200000,,0.100000,5.000000,10.000000,-1525653754,335.763674,335.756607,335.763674,336.246335,336.253402,0.007067,,0,1,4,0,OperatingSource,Move1,Move1.PickupCoarseMove,Move1,Move1.PickupCoarseMove,1,"{""pedalAxisName"":""TaskSwitchPedal"",""usePlusMinusKeys"":true,""positivePedalKey"":61,""negativePedalKey"":45,""invertPedalAxis"":false,""pressThreshold"":0.5,""releaseThreshold"":0.20000000298023225,""minimumIntervalSeconds"":5.0,""maximumIntervalSeconds"":10.0,""minimumValidReactionSeconds"":0.10000000149011612,""randomSeed"":-1525653754}",,0,0.000000,,CorrectSidePress,0,0,0,,,,,,,0.000000,0,0,Axis,0,1
20261008T083311983Z_6c2da03684844ae59035d797f0bbbd02,,,1,1,PedalPressed,Visual,2026-10-08T08:38:49.3975850Z,337.412630,333.484377,14193,4,0,OperatingSource,0,0,1,39,Right,1,1,Correct,1,1.159227,1,0,1.000000,TaskSwitchPedal,0,0.500000,0.200000,,0.100000,5.000000,10.000000,-1525653754,336.922901,335.756607,335.763674,336.246335,336.253402,0.007067,337.412630,0,1,4,0,OperatingSource,Move1,Move1.PickupCoarseMove,Move1,Move1.PickupCoarseMove,1,"{""pedalAxisName"":""TaskSwitchPedal"",""usePlusMinusKeys"":true,""positivePedalKey"":61,""negativePedalKey"":45,""invertPedalAxis"":false,""pressThreshold"":0.5,""releaseThreshold"":0.20000000298023225,""minimumIntervalSeconds"":5.0,""maximumIntervalSeconds"":10.0,""minimumValidReactionSeconds"":0.10000000149011612,""randomSeed"":-1525653754}",,0,0.000000,1.159228,CorrectSidePress,1,0,0,1,Correct,1,1.159227,337.412630,1.159228,0.000000,1,0,PlusMinusKeys,0,1
20261008T083311983Z_6c2da03684844ae59035d797f0bbbd02,,,1,1,TrialFinished,Visual,2026-10-08T08:38:49.3975850Z,337.412630,333.484377,14193,4,0,OperatingSource,0,0,1,39,Right,1,1,Correct,1,1.159227,1,0,1.000000,TaskSwitchPedal,0,0.500000,0.200000,,0.100000,5.000000,10.000000,-1525653754,336.922901,335.756607,335.763674,336.246335,336.253402,0.007067,337.412630,0,0,4,0,OperatingSource,Move1,Move1.PickupCoarseMove,Move1,Move1.PickupCoarseMove,1,"{""pedalAxisName"":""TaskSwitchPedal"",""usePlusMinusKeys"":true,""positivePedalKey"":61,""negativePedalKey"":45,""invertPedalAxis"":false,""pressThreshold"":0.5,""releaseThreshold"":0.20000000298023225,""minimumIntervalSeconds"":5.0,""maximumIntervalSeconds"":10.0,""minimumValidReactionSeconds"":0.10000000149011612,""randomSeed"":-1525653754}",,0,0.000000,1.159228,CorrectSidePress,1,0,0,1,Correct,1,1.159227,337.412630,1.159228,0.000000,1,0,PlusMinusKeys,0,1
20261008T083311983Z_6c2da03684844ae59035d797f0bbbd02,,,1,1,StimulusScheduled,Visual,2026-10-08T08:38:49.3975850Z,337.412978,333.484377,14193,4,0,OperatingSource,0,0,1,40,Right,1,,,,,0,0,1.000000,TaskSwitchPedal,0,0.500000,0.200000,,0.100000,5.000000,10.000000,-1525653754,336.923250,346.418681,,346.908409,,,,0,0,,,,,,Move1,Move1.PickupCoarseMove,1,"{""pedalAxisName"":""TaskSwitchPedal"",""usePlusMinusKeys"":true,""positivePedalKey"":61,""negativePedalKey"":45,""invertPedalAxis"":false,""pressThreshold"":0.5,""releaseThreshold"":0.20000000298023225,""minimumIntervalSeconds"":5.0,""maximumIntervalSeconds"":10.0,""minimumValidReactionSeconds"":0.10000000149011612,""randomSeed"":-1525653754}",,0,0.000000,,CorrectSidePress,0,0,0,,,,,,,0.000000,1,0,PlusMinusKeys,0,1
20261008T083311983Z_6c2da03684844ae59035d797f0bbbd02,,,1,1,StimulusOnsetObserved,Visual,2026-10-08T08:38:58.9069219Z,346.922586,342.994994,14596,5,0,WaitingForOperatorSwitch,0,0,1,40,Right,1,,,,,1,0,0.000000,TaskSwitchPedal,0,0.500000,0.200000,,0.100000,5.000000,10.000000,-1525653754,346.432858,346.418681,346.432858,346.908409,346.922586,0.014177,,0,1,5,0,WaitingForOperatorSwitch,Move1,Move1.PickupCoarseMove,Move1,Move1.PickupCoarseMove,1,"{""pedalAxisName"":""TaskSwitchPedal"",""usePlusMinusKeys"":true,""positivePedalKey"":61,""negativePedalKey"":45,""invertPedalAxis"":false,""pressThreshold"":0.5,""releaseThreshold"":0.20000000298023225,""minimumIntervalSeconds"":5.0,""maximumIntervalSeconds"":10.0,""minimumValidReactionSeconds"":0.10000000149011612,""randomSeed"":-1525653754}",,0,0.000000,,CorrectSidePress,0,0,0,,,,,,,0.000000,0,0,Axis,0,1
20261008T083311983Z_6c2da03684844ae59035d797f0bbbd02,,,1,1,PedalPressed,Visual,2026-10-08T08:38:59.9442171Z,347.959578,344.032215,14641,5,0,WaitingForOperatorSwitch,0,0,1,40,Right,1,1,Correct,1,1.036992,1,0,1.000000,TaskSwitchPedal,0,0.500000,0.200000,,0.100000,5.000000,10.000000,-1525653754,347.469850,346.418681,346.432858,346.908409,346.922586,0.014177,347.959578,0,1,5,0,WaitingForOperatorSwitch,Move1,Move1.PickupCoarseMove,Move1,Move1.PickupCoarseMove,1,"{""pedalAxisName"":""TaskSwitchPedal"",""usePlusMinusKeys"":true,""positivePedalKey"":61,""negativePedalKey"":45,""invertPedalAxis"":false,""pressThreshold"":0.5,""releaseThreshold"":0.20000000298023225,""minimumIntervalSeconds"":5.0,""maximumIntervalSeconds"":10.0,""minimumValidReactionSeconds"":0.10000000149011612,""randomSeed"":-1525653754}",,0,0.000000,1.036992,CorrectSidePress,1,0,0,1,Correct,1,1.036992,347.959578,1.036992,0.000000,1,0,PlusMinusKeys,0,1
20261008T083311983Z_6c2da03684844ae59035d797f0bbbd02,,,1,1,TrialFinished,Visual,2026-10-08T08:38:59.9442171Z,347.959578,344.032215,14641,5,0,WaitingForOperatorSwitch,0,0,1,40,Right,1,1,Correct,1,1.036992,1,0,1.000000,TaskSwitchPedal,0,0.500000,0.200000,,0.100000,5.000000,10.000000,-1525653754,347.469850,346.418681,346.432858,346.908409,346.922586,0.014177,347.959578,0,0,5,0,WaitingForOperatorSwitch,Move1,Move1.PickupCoarseMove,Move1,Move1.PickupCoarseMove,1,"{""pedalAxisName"":""TaskSwitchPedal"",""usePlusMinusKeys"":true,""positivePedalKey"":61,""negativePedalKey"":45,""invertPedalAxis"":false,""pressThreshold"":0.5,""releaseThreshold"":0.20000000298023225,""minimumIntervalSeconds"":5.0,""maximumIntervalSeconds"":10.0,""minimumValidReactionSeconds"":0.10000000149011612,""randomSeed"":-1525653754}",,0,0.000000,1.036992,CorrectSidePress,1,0,0,1,Correct,1,1.036992,347.959578,1.036992,0.000000,1,0,PlusMinusKeys,0,1
20261008T083311983Z_6c2da03684844ae59035d797f0bbbd02,,,1,1,StimulusScheduled,Visual,2026-10-08T08:38:59.9447232Z,347.959984,344.032215,14641,5,0,WaitingForOperatorSwitch,0,0,1,41,Right,1,,,,,0,0,1.000000,TaskSwitchPedal,0,0.500000,0.200000,,0.100000,5.000000,10.000000,-1525653754,347.470256,355.387922,,355.877650,,,,0,0,,,,,,Move1,Move1.PickupCoarseMove,1,"{""pedalAxisName"":""TaskSwitchPedal"",""usePlusMinusKeys"":true,""positivePedalKey"":61,""negativePedalKey"":45,""invertPedalAxis"":false,""pressThreshold"":0.5,""releaseThreshold"":0.20000000298023225,""minimumIntervalSeconds"":5.0,""maximumIntervalSeconds"":10.0,""minimumValidReactionSeconds"":0.10000000149011612,""randomSeed"":-1525653754}",,0,0.000000,,CorrectSidePress,0,0,0,,,,,,,0.000000,1,0,PlusMinusKeys,0,1
20261008T083311983Z_6c2da03684844ae59035d797f0bbbd02,,,1,1,StimulusOnsetObserved,Visual,2026-10-08T08:39:07.8645463Z,355.880104,351.951704,14976,5,1,OperatingTarget,0,0,1,41,Right,1,,,,,1,0,0.000000,TaskSwitchPedal,0,0.500000,0.200000,,0.100000,5.000000,10.000000,-1525653754,355.390375,355.387922,355.390375,355.877650,355.880104,0.002454,,0,1,5,1,OperatingTarget,Move1,Move1.PickupCoarseMove,Move1,Move1.PickupCoarseMove,1,"{""pedalAxisName"":""TaskSwitchPedal"",""usePlusMinusKeys"":true,""positivePedalKey"":61,""negativePedalKey"":45,""invertPedalAxis"":false,""pressThreshold"":0.5,""releaseThreshold"":0.20000000298023225,""minimumIntervalSeconds"":5.0,""maximumIntervalSeconds"":10.0,""minimumValidReactionSeconds"":0.10000000149011612,""randomSeed"":-1525653754}",,0,0.000000,,CorrectSidePress,0,0,0,,,,,,,0.000000,0,0,Axis,0,1
20261008T083311983Z_6c2da03684844ae59035d797f0bbbd02,,,1,1,PedalPressed,Visual,2026-10-08T08:39:08.9358879Z,356.953093,353.025168,15023,5,1,OperatingTarget,0,0,1,41,Right,1,1,Correct,1,1.072989,1,0,1.000000,TaskSwitchPedal,0,0.500000,0.200000,,0.100000,5.000000,10.000000,-1525653754,356.463364,355.387922,355.390375,355.877650,355.880104,0.002454,356.953093,0,1,5,1,OperatingTarget,Move1,Move1.PickupCoarseMove,Move1,Move1.PickupCoarseMove,1,"{""pedalAxisName"":""TaskSwitchPedal"",""usePlusMinusKeys"":true,""positivePedalKey"":61,""negativePedalKey"":45,""invertPedalAxis"":false,""pressThreshold"":0.5,""releaseThreshold"":0.20000000298023225,""minimumIntervalSeconds"":5.0,""maximumIntervalSeconds"":10.0,""minimumValidReactionSeconds"":0.10000000149011612,""randomSeed"":-1525653754}",,0,0.000000,1.072989,CorrectSidePress,1,0,0,1,Correct,1,1.072989,356.953093,1.072989,0.000000,1,0,PlusMinusKeys,0,1
20261008T083311983Z_6c2da03684844ae59035d797f0bbbd02,,,1,1,TrialFinished,Visual,2026-10-08T08:39:08.9375696Z,356.953093,353.025168,15023,5,1,OperatingTarget,0,0,1,41,Right,1,1,Correct,1,1.072989,1,0,1.000000,TaskSwitchPedal,0,0.500000,0.200000,,0.100000,5.000000,10.000000,-1525653754,356.463364,355.387922,355.390375,355.877650,355.880104,0.002454,356.953093,0,0,5,1,OperatingTarget,Move1,Move1.PickupCoarseMove,Move1,Move1.PickupCoarseMove,1,"{""pedalAxisName"":""TaskSwitchPedal"",""usePlusMinusKeys"":true,""positivePedalKey"":61,""negativePedalKey"":45,""invertPedalAxis"":false,""pressThreshold"":0.5,""releaseThreshold"":0.20000000298023225,""minimumIntervalSeconds"":5.0,""maximumIntervalSeconds"":10.0,""minimumValidReactionSeconds"":0.10000000149011612,""randomSeed"":-1525653754}",,0,0.000000,1.072989,CorrectSidePress,1,0,0,1,Correct,1,1.072989,356.953093,1.072989,0.000000,1,0,PlusMinusKeys,0,1
20261008T083311983Z_6c2da03684844ae59035d797f0bbbd02,,,1,1,StimulusScheduled,Visual,2026-10-08T08:39:08.9375696Z,356.953456,353.025168,15023,5,1,OperatingTarget,0,0,1,42,Left,-1,,,,,0,0,1.000000,TaskSwitchPedal,0,0.500000,0.200000,,0.100000,5.000000,10.000000,-1525653754,356.463728,361.572834,,362.062562,,,,0,0,,,,,,Move1,Move1.PickupCoarseMove,1,"{""pedalAxisName"":""TaskSwitchPedal"",""usePlusMinusKeys"":true,""positivePedalKey"":61,""negativePedalKey"":45,""invertPedalAxis"":false,""pressThreshold"":0.5,""releaseThreshold"":0.20000000298023225,""minimumIntervalSeconds"":5.0,""maximumIntervalSeconds"":10.0,""minimumValidReactionSeconds"":0.10000000149011612,""randomSeed"":-1525653754}",,0,0.000000,,CorrectSidePress,0,0,0,,,,,,,0.000000,1,0,PlusMinusKeys,0,1
20261008T083311983Z_6c2da03684844ae59035d797f0bbbd02,,,1,1,StimulusOnsetObserved,Visual,2026-10-08T08:39:14.0541341Z,362.070362,358.142873,15246,5,1,OperatingTarget,0,0,1,42,Left,-1,,,,,1,0,0.000000,TaskSwitchPedal,0,0.500000,0.200000,,0.100000,5.000000,10.000000,-1525653754,361.580633,361.572834,361.580633,362.062562,362.070362,0.007799,,1,0,5,1,OperatingTarget,Move1,Move1.PickupCoarseMove,Move1,Move1.PickupCoarseMove,1,"{""pedalAxisName"":""TaskSwitchPedal"",""usePlusMinusKeys"":true,""positivePedalKey"":61,""negativePedalKey"":45,""invertPedalAxis"":false,""pressThreshold"":0.5,""releaseThreshold"":0.20000000298023225,""minimumIntervalSeconds"":5.0,""maximumIntervalSeconds"":10.0,""minimumValidReactionSeconds"":0.10000000149011612,""randomSeed"":-1525653754}",,0,0.000000,,CorrectSidePress,0,0,0,,,,,,,0.000000,0,0,Axis,0,1
20261008T083311983Z_6c2da03684844ae59035d797f0bbbd02,,,1,1,PedalPressed,Visual,2026-10-08T08:39:15.3374253Z,363.353434,359.424735,15301,5,1,OperatingTarget,0,0,1,42,Left,-1,-1,Correct,1,1.283073,1,0,-1.000000,TaskSwitchPedal,0,0.500000,0.200000,,0.100000,5.000000,10.000000,-1525653754,362.863706,361.572834,361.580633,362.062562,362.070362,0.007799,363.353434,1,0,5,1,OperatingTarget,Move1,Move1.PickupCoarseMove,Move1,Move1.PickupFineAlign,1,"{""pedalAxisName"":""TaskSwitchPedal"",""usePlusMinusKeys"":true,""positivePedalKey"":61,""negativePedalKey"":45,""invertPedalAxis"":false,""pressThreshold"":0.5,""releaseThreshold"":0.20000000298023225,""minimumIntervalSeconds"":5.0,""maximumIntervalSeconds"":10.0,""minimumValidReactionSeconds"":0.10000000149011612,""randomSeed"":-1525653754}",,0,0.000000,1.283073,CorrectSidePress,1,0,0,-1,Correct,1,1.283073,363.353434,1.283073,0.000000,0,1,PlusMinusKeys,0,1
20261008T083311983Z_6c2da03684844ae59035d797f0bbbd02,,,1,1,TrialFinished,Visual,2026-10-08T08:39:15.3374253Z,363.353434,359.424735,15301,5,1,OperatingTarget,0,0,1,42,Left,-1,-1,Correct,1,1.283073,1,0,-1.000000,TaskSwitchPedal,0,0.500000,0.200000,,0.100000,5.000000,10.000000,-1525653754,362.863706,361.572834,361.580633,362.062562,362.070362,0.007799,363.353434,0,0,5,1,OperatingTarget,Move1,Move1.PickupCoarseMove,Move1,Move1.PickupFineAlign,1,"{""pedalAxisName"":""TaskSwitchPedal"",""usePlusMinusKeys"":true,""positivePedalKey"":61,""negativePedalKey"":45,""invertPedalAxis"":false,""pressThreshold"":0.5,""releaseThreshold"":0.20000000298023225,""minimumIntervalSeconds"":5.0,""maximumIntervalSeconds"":10.0,""minimumValidReactionSeconds"":0.10000000149011612,""randomSeed"":-1525653754}",,0,0.000000,1.283073,CorrectSidePress,1,0,0,-1,Correct,1,1.283073,363.353434,1.283073,0.000000,0,1,PlusMinusKeys,0,1
20261008T083311983Z_6c2da03684844ae59035d797f0bbbd02,,,1,1,StimulusScheduled,Visual,2026-10-08T08:39:15.3374253Z,363.353816,359.424735,15301,5,1,OperatingTarget,0,0,1,43,Left,-1,,,,,0,0,-1.000000,TaskSwitchPedal,0,0.500000,0.200000,,0.100000,5.000000,10.000000,-1525653754,362.864088,371.301268,,371.790996,,,,0,0,,,,,,Move1,Move1.PickupFineAlign,1,"{""pedalAxisName"":""TaskSwitchPedal"",""usePlusMinusKeys"":true,""positivePedalKey"":61,""negativePedalKey"":45,""invertPedalAxis"":false,""pressThreshold"":0.5,""releaseThreshold"":0.20000000298023225,""minimumIntervalSeconds"":5.0,""maximumIntervalSeconds"":10.0,""minimumValidReactionSeconds"":0.10000000149011612,""randomSeed"":-1525653754}",,0,0.000000,,CorrectSidePress,0,0,0,,,,,,,0.000000,0,1,PlusMinusKeys,0,1
20261008T083311983Z_6c2da03684844ae59035d797f0bbbd02,,,1,1,StimulusOnsetObserved,Visual,2026-10-08T08:39:23.7927894Z,371.809577,367.881910,15633,5,1,OperatingTarget,0,0,1,43,Left,-1,,,,,1,0,0.000000,TaskSwitchPedal,0,0.500000,0.200000,,0.100000,5.000000,10.000000,-1525653754,371.319849,371.301268,371.319849,371.790996,371.809577,0.018581,,1,0,5,1,OperatingTarget,LiftUp,LiftUp.PickupLowering,LiftUp,LiftUp.PickupLowering,1,"{""pedalAxisName"":""TaskSwitchPedal"",""usePlusMinusKeys"":true,""positivePedalKey"":61,""negativePedalKey"":45,""invertPedalAxis"":false,""pressThreshold"":0.5,""releaseThreshold"":0.20000000298023225,""minimumIntervalSeconds"":5.0,""maximumIntervalSeconds"":10.0,""minimumValidReactionSeconds"":0.10000000149011612,""randomSeed"":-1525653754}",,0,0.000000,,CorrectSidePress,0,0,0,,,,,,,0.000000,0,0,Axis,0,1
20261008T083311983Z_6c2da03684844ae59035d797f0bbbd02,,,1,1,PedalPressed,Visual,2026-10-08T08:39:24.7206781Z,372.736835,368.808978,15663,5,1,OperatingTarget,0,0,1,43,Left,-1,-1,Correct,1,0.927258,1,0,-1.000000,TaskSwitchPedal,0,0.500000,0.200000,,0.100000,5.000000,10.000000,-1525653754,372.247107,371.301268,371.319849,371.790996,371.809577,0.018581,372.736835,1,0,5,1,OperatingTarget,LiftUp,LiftUp.PickupLowering,LiftUp,LiftUp.PickupLowering,1,"{""pedalAxisName"":""TaskSwitchPedal"",""usePlusMinusKeys"":true,""positivePedalKey"":61,""negativePedalKey"":45,""invertPedalAxis"":false,""pressThreshold"":0.5,""releaseThreshold"":0.20000000298023225,""minimumIntervalSeconds"":5.0,""maximumIntervalSeconds"":10.0,""minimumValidReactionSeconds"":0.10000000149011612,""randomSeed"":-1525653754}",,0,0.000000,0.927258,CorrectSidePress,1,0,0,-1,Correct,1,0.927258,372.736835,0.927258,0.000000,0,1,PlusMinusKeys,0,1
20261008T083311983Z_6c2da03684844ae59035d797f0bbbd02,,,1,1,TrialFinished,Visual,2026-10-08T08:39:24.7206781Z,372.736835,368.808978,15663,5,1,OperatingTarget,0,0,1,43,Left,-1,-1,Correct,1,0.927258,1,0,-1.000000,TaskSwitchPedal,0,0.500000,0.200000,,0.100000,5.000000,10.000000,-1525653754,372.247107,371.301268,371.319849,371.790996,371.809577,0.018581,372.736835,0,0,5,1,OperatingTarget,LiftUp,LiftUp.PickupLowering,LiftUp,LiftUp.PickupLowering,1,"{""pedalAxisName"":""TaskSwitchPedal"",""usePlusMinusKeys"":true,""positivePedalKey"":61,""negativePedalKey"":45,""invertPedalAxis"":false,""pressThreshold"":0.5,""releaseThreshold"":0.20000000298023225,""minimumIntervalSeconds"":5.0,""maximumIntervalSeconds"":10.0,""minimumValidReactionSeconds"":0.10000000149011612,""randomSeed"":-1525653754}",,0,0.000000,0.927258,CorrectSidePress,1,0,0,-1,Correct,1,0.927258,372.736835,0.927258,0.000000,0,1,PlusMinusKeys,0,1
20261008T083311983Z_6c2da03684844ae59035d797f0bbbd02,,,1,1,StimulusScheduled,Visual,2026-10-08T08:39:24.7206781Z,372.737256,368.808978,15663,5,1,OperatingTarget,0,0,1,44,Right,1,,,,,0,0,-1.000000,TaskSwitchPedal,0,0.500000,0.200000,,0.100000,5.000000,10.000000,-1525653754,372.247528,377.586698,,378.076426,,,,0,0,,,,,,LiftUp,LiftUp.PickupLowering,1,"{""pedalAxisName"":""TaskSwitchPedal"",""usePlusMinusKeys"":true,""positivePedalKey"":61,""negativePedalKey"":45,""invertPedalAxis"":false,""pressThreshold"":0.5,""releaseThreshold"":0.20000000298023225,""minimumIntervalSeconds"":5.0,""maximumIntervalSeconds"":10.0,""minimumValidReactionSeconds"":0.10000000149011612,""randomSeed"":-1525653754}",,0,0.000000,,CorrectSidePress,0,0,0,,,,,,,0.000000,0,1,PlusMinusKeys,0,1
20261008T083311983Z_6c2da03684844ae59035d797f0bbbd02,,,1,1,StimulusOnsetObserved,Visual,2026-10-08T08:39:30.1046140Z,378.121719,374.192362,15844,5,1,OperatingTarget,0,0,1,44,Right,1,,,,,1,0,0.000000,TaskSwitchPedal,0,0.500000,0.200000,,0.100000,5.000000,10.000000,-1525653754,377.631990,377.586698,377.631990,378.076426,378.121719,0.045293,,0,1,5,1,OperatingTarget,LiftUp,LiftUp.LoadAcquisition,LiftUp,LiftUp.LoadAcquisition,1,"{""pedalAxisName"":""TaskSwitchPedal"",""usePlusMinusKeys"":true,""positivePedalKey"":61,""negativePedalKey"":45,""invertPedalAxis"":false,""pressThreshold"":0.5,""releaseThreshold"":0.20000000298023225,""minimumIntervalSeconds"":5.0,""maximumIntervalSeconds"":10.0,""minimumValidReactionSeconds"":0.10000000149011612,""randomSeed"":-1525653754}",,0,0.000000,,CorrectSidePress,0,0,0,,,,,,,0.000000,0,0,Axis,0,1
20261008T083311983Z_6c2da03684844ae59035d797f0bbbd02,,,1,1,PedalPressed,Visual,2026-10-08T08:39:31.3667983Z,379.383474,375.454327,15884,5,1,OperatingTarget,0,0,1,44,Right,1,1,Correct,1,1.261755,1,0,1.000000,TaskSwitchPedal,0,0.500000,0.200000,,0.100000,5.000000,10.000000,-1525653754,378.893745,377.586698,377.631990,378.076426,378.121719,0.045293,379.383474,0,1,5,1,OperatingTarget,LiftUp,LiftUp.LoadAcquisition,LiftUp,LiftUp.LoadedRaising,1,"{""pedalAxisName"":""TaskSwitchPedal"",""usePlusMinusKeys"":true,""positivePedalKey"":61,""negativePedalKey"":45,""invertPedalAxis"":false,""pressThreshold"":0.5,""releaseThreshold"":0.20000000298023225,""minimumIntervalSeconds"":5.0,""maximumIntervalSeconds"":10.0,""minimumValidReactionSeconds"":0.10000000149011612,""randomSeed"":-1525653754}",,0,0.000000,1.261755,CorrectSidePress,1,0,0,1,Correct,1,1.261755,379.383474,1.261755,0.000000,1,0,PlusMinusKeys,0,1
20261008T083311983Z_6c2da03684844ae59035d797f0bbbd02,,,1,1,TrialFinished,Visual,2026-10-08T08:39:31.3673202Z,379.383474,375.454327,15884,5,1,OperatingTarget,0,0,1,44,Right,1,1,Correct,1,1.261755,1,0,1.000000,TaskSwitchPedal,0,0.500000,0.200000,,0.100000,5.000000,10.000000,-1525653754,378.893745,377.586698,377.631990,378.076426,378.121719,0.045293,379.383474,0,0,5,1,OperatingTarget,LiftUp,LiftUp.LoadAcquisition,LiftUp,LiftUp.LoadedRaising,1,"{""pedalAxisName"":""TaskSwitchPedal"",""usePlusMinusKeys"":true,""positivePedalKey"":61,""negativePedalKey"":45,""invertPedalAxis"":false,""pressThreshold"":0.5,""releaseThreshold"":0.20000000298023225,""minimumIntervalSeconds"":5.0,""maximumIntervalSeconds"":10.0,""minimumValidReactionSeconds"":0.10000000149011612,""randomSeed"":-1525653754}",,0,0.000000,1.261755,CorrectSidePress,1,0,0,1,Correct,1,1.261755,379.383474,1.261755,0.000000,1,0,PlusMinusKeys,0,1
20261008T083311983Z_6c2da03684844ae59035d797f0bbbd02,,,1,1,StimulusScheduled,Visual,2026-10-08T08:39:31.3673202Z,379.383868,375.454327,15884,5,1,OperatingTarget,0,0,1,45,Left,-1,,,,,0,0,1.000000,TaskSwitchPedal,0,0.500000,0.200000,,0.100000,5.000000,10.000000,-1525653754,378.894140,386.885330,,387.375058,,,,0,0,,,,,,LiftUp,LiftUp.LoadedRaising,1,"{""pedalAxisName"":""TaskSwitchPedal"",""usePlusMinusKeys"":true,""positivePedalKey"":61,""negativePedalKey"":45,""invertPedalAxis"":false,""pressThreshold"":0.5,""releaseThreshold"":0.20000000298023225,""minimumIntervalSeconds"":5.0,""maximumIntervalSeconds"":10.0,""minimumValidReactionSeconds"":0.10000000149011612,""randomSeed"":-1525653754}",,0,0.000000,,CorrectSidePress,0,0,0,,,,,,,0.000000,1,0,PlusMinusKeys,0,1
20261008T083311983Z_6c2da03684844ae59035d797f0bbbd02,,,1,1,StimulusOnsetObserved,Visual,2026-10-08T08:39:39.3793275Z,387.396528,383.467944,16183,5,0,OperatingSource,0,0,1,45,Left,-1,,,,,1,0,0.000000,TaskSwitchPedal,0,0.500000,0.200000,,0.100000,5.000000,10.000000,-1525653754,386.906800,386.885330,386.906800,387.375058,387.396528,0.021470,,1,0,5,0,OperatingSource,LiftUp,LiftUp.PickupLowering,LiftUp,LiftUp.PickupLowering,1,"{""pedalAxisName"":""TaskSwitchPedal"",""usePlusMinusKeys"":true,""positivePedalKey"":61,""negativePedalKey"":45,""invertPedalAxis"":false,""pressThreshold"":0.5,""releaseThreshold"":0.20000000298023225,""minimumIntervalSeconds"":5.0,""maximumIntervalSeconds"":10.0,""minimumValidReactionSeconds"":0.10000000149011612,""randomSeed"":-1525653754}",,0,0.000000,,CorrectSidePress,0,0,0,,,,,,,0.000000,0,0,Axis,0,1
20261008T083311983Z_6c2da03684844ae59035d797f0bbbd02,,,1,1,PedalPressed,Visual,2026-10-08T08:39:40.5039030Z,388.520942,384.590858,16219,5,0,OperatingSource,0,0,1,45,Left,-1,-1,Correct,1,1.124414,1,0,-1.000000,TaskSwitchPedal,0,0.500000,0.200000,,0.100000,5.000000,10.000000,-1525653754,388.031214,386.885330,386.906800,387.375058,387.396528,0.021470,388.520942,1,0,5,0,OperatingSource,LiftUp,LiftUp.PickupLowering,LiftUp,LiftUp.PickupLowering,1,"{""pedalAxisName"":""TaskSwitchPedal"",""usePlusMinusKeys"":true,""positivePedalKey"":61,""negativePedalKey"":45,""invertPedalAxis"":false,""pressThreshold"":0.5,""releaseThreshold"":0.20000000298023225,""minimumIntervalSeconds"":5.0,""maximumIntervalSeconds"":10.0,""minimumValidReactionSeconds"":0.10000000149011612,""randomSeed"":-1525653754}",,0,0.000000,1.124414,CorrectSidePress,1,0,0,-1,Correct,1,1.124414,388.520942,1.124414,0.000000,0,1,PlusMinusKeys,0,1
20261008T083311983Z_6c2da03684844ae59035d797f0bbbd02,,,1,1,TrialFinished,Visual,2026-10-08T08:39:40.5039030Z,388.520942,384.590858,16219,5,0,OperatingSource,0,0,1,45,Left,-1,-1,Correct,1,1.124414,1,0,-1.000000,TaskSwitchPedal,0,0.500000,0.200000,,0.100000,5.000000,10.000000,-1525653754,388.031214,386.885330,386.906800,387.375058,387.396528,0.021470,388.520942,0,0,5,0,OperatingSource,LiftUp,LiftUp.PickupLowering,LiftUp,LiftUp.PickupLowering,1,"{""pedalAxisName"":""TaskSwitchPedal"",""usePlusMinusKeys"":true,""positivePedalKey"":61,""negativePedalKey"":45,""invertPedalAxis"":false,""pressThreshold"":0.5,""releaseThreshold"":0.20000000298023225,""minimumIntervalSeconds"":5.0,""maximumIntervalSeconds"":10.0,""minimumValidReactionSeconds"":0.10000000149011612,""randomSeed"":-1525653754}",,0,0.000000,1.124414,CorrectSidePress,1,0,0,-1,Correct,1,1.124414,388.520942,1.124414,0.000000,0,1,PlusMinusKeys,0,1
20261008T083311983Z_6c2da03684844ae59035d797f0bbbd02,,,1,1,StimulusScheduled,Visual,2026-10-08T08:39:40.5039030Z,388.521346,384.590858,16219,5,0,OperatingSource,0,0,1,46,Left,-1,,,,,0,0,-1.000000,TaskSwitchPedal,0,0.500000,0.200000,,0.100000,5.000000,10.000000,-1525653754,388.031618,396.880503,,397.370231,,,,0,0,,,,,,LiftUp,LiftUp.PickupLowering,1,"{""pedalAxisName"":""TaskSwitchPedal"",""usePlusMinusKeys"":true,""positivePedalKey"":61,""negativePedalKey"":45,""invertPedalAxis"":false,""pressThreshold"":0.5,""releaseThreshold"":0.20000000298023225,""minimumIntervalSeconds"":5.0,""maximumIntervalSeconds"":10.0,""minimumValidReactionSeconds"":0.10000000149011612,""randomSeed"":-1525653754}",,0,0.000000,,CorrectSidePress,0,0,0,,,,,,,0.000000,0,1,PlusMinusKeys,0,1
20261008T083311983Z_6c2da03684844ae59035d797f0bbbd02,,,1,1,StimulusOnsetObserved,Visual,2026-10-08T08:39:49.4016791Z,397.418862,393.488870,16519,5,0,OperatingSource,0,0,1,46,Left,-1,,,,,1,0,0.000000,TaskSwitchPedal,0,0.500000,0.200000,,0.100000,5.000000,10.000000,-1525653754,396.929134,396.880503,396.929134,397.370231,397.418862,0.048631,,1,0,5,0,OperatingSource,LiftUp,LiftUp.LoadAcquisition,LiftUp,LiftUp.LoadAcquisition,1,"{""pedalAxisName"":""TaskSwitchPedal"",""usePlusMinusKeys"":true,""positivePedalKey"":61,""negativePedalKey"":45,""invertPedalAxis"":false,""pressThreshold"":0.5,""releaseThreshold"":0.20000000298023225,""minimumIntervalSeconds"":5.0,""maximumIntervalSeconds"":10.0,""minimumValidReactionSeconds"":0.10000000149011612,""randomSeed"":-1525653754}",,0,0.000000,,CorrectSidePress,0,0,0,,,,,,,0.000000,0,0,Axis,0,1
20261008T083311983Z_6c2da03684844ae59035d797f0bbbd02,,,1,1,PedalPressed,Visual,2026-10-08T08:39:50.4838689Z,398.500968,394.573929,16555,5,0,OperatingSource,0,0,1,46,Left,-1,-1,Correct,1,1.082106,1,0,-1.000000,TaskSwitchPedal,0,0.500000,0.200000,,0.100000,5.000000,10.000000,-1525653754,398.011240,396.880503,396.929134,397.370231,397.418862,0.048631,398.500968,1,0,5,0,OperatingSource,LiftUp,LiftUp.LoadAcquisition,LiftUp,LiftUp.LoadAcquisition,1,"{""pedalAxisName"":""TaskSwitchPedal"",""usePlusMinusKeys"":true,""positivePedalKey"":61,""negativePedalKey"":45,""invertPedalAxis"":false,""pressThreshold"":0.5,""releaseThreshold"":0.20000000298023225,""minimumIntervalSeconds"":5.0,""maximumIntervalSeconds"":10.0,""minimumValidReactionSeconds"":0.10000000149011612,""randomSeed"":-1525653754}",,0,0.000000,1.082106,CorrectSidePress,1,0,0,-1,Correct,1,1.082106,398.500968,1.082106,0.000000,0,1,PlusMinusKeys,0,1
20261008T083311983Z_6c2da03684844ae59035d797f0bbbd02,,,1,1,TrialFinished,Visual,2026-10-08T08:39:50.4838689Z,398.500968,394.573929,16555,5,0,OperatingSource,0,0,1,46,Left,-1,-1,Correct,1,1.082106,1,0,-1.000000,TaskSwitchPedal,0,0.500000,0.200000,,0.100000,5.000000,10.000000,-1525653754,398.011240,396.880503,396.929134,397.370231,397.418862,0.048631,398.500968,0,0,5,0,OperatingSource,LiftUp,LiftUp.LoadAcquisition,LiftUp,LiftUp.LoadAcquisition,1,"{""pedalAxisName"":""TaskSwitchPedal"",""usePlusMinusKeys"":true,""positivePedalKey"":61,""negativePedalKey"":45,""invertPedalAxis"":false,""pressThreshold"":0.5,""releaseThreshold"":0.20000000298023225,""minimumIntervalSeconds"":5.0,""maximumIntervalSeconds"":10.0,""minimumValidReactionSeconds"":0.10000000149011612,""randomSeed"":-1525653754}",,0,0.000000,1.082106,CorrectSidePress,1,0,0,-1,Correct,1,1.082106,398.500968,1.082106,0.000000,0,1,PlusMinusKeys,0,1
20261008T083311983Z_6c2da03684844ae59035d797f0bbbd02,,,1,1,StimulusScheduled,Visual,2026-10-08T08:39:50.4838689Z,398.501360,394.573929,16555,5,0,OperatingSource,0,0,1,47,Left,-1,,,,,0,0,-1.000000,TaskSwitchPedal,0,0.500000,0.200000,,0.100000,5.000000,10.000000,-1525653754,398.011632,407.214718,,407.704446,,,,0,0,,,,,,LiftUp,LiftUp.LoadAcquisition,1,"{""pedalAxisName"":""TaskSwitchPedal"",""usePlusMinusKeys"":true,""positivePedalKey"":61,""negativePedalKey"":45,""invertPedalAxis"":false,""pressThreshold"":0.5,""releaseThreshold"":0.20000000298023225,""minimumIntervalSeconds"":5.0,""maximumIntervalSeconds"":10.0,""minimumValidReactionSeconds"":0.10000000149011612,""randomSeed"":-1525653754}",,0,0.000000,,CorrectSidePress,0,0,0,,,,,,,0.000000,0,1,PlusMinusKeys,0,1
20261008T083311983Z_6c2da03684844ae59035d797f0bbbd02,,,1,1,StimulusOnsetObserved,Visual,2026-10-08T08:39:59.7023222Z,407.721057,403.793614,16869,5,0,OperatingSource,0,0,1,47,Left,-1,,,,,1,0,0.000000,TaskSwitchPedal,0,0.500000,0.200000,,0.100000,5.000000,10.000000,-1525653754,407.231329,407.214718,407.231329,407.704446,407.721057,0.016611,,1,0,5,0,OperatingSource,LiftUp,LiftUp.LoadedRaising,LiftUp,LiftUp.LoadedRaising,1,"{""pedalAxisName"":""TaskSwitchPedal"",""usePlusMinusKeys"":true,""positivePedalKey"":61,""negativePedalKey"":45,""invertPedalAxis"":false,""pressThreshold"":0.5,""releaseThreshold"":0.20000000298023225,""minimumIntervalSeconds"":5.0,""maximumIntervalSeconds"":10.0,""minimumValidReactionSeconds"":0.10000000149011612,""randomSeed"":-1525653754}",,0,0.000000,,CorrectSidePress,0,0,0,,,,,,,0.000000,0,0,Axis,0,1
20261008T083311983Z_6c2da03684844ae59035d797f0bbbd02,,,1,1,PedalPressed,Visual,2026-10-08T08:40:01.3745402Z,409.393406,405.465489,16927,5,0,OperatingSource,0,0,1,47,Left,-1,-1,Correct,1,1.672349,1,0,-1.000000,TaskSwitchPedal,0,0.500000,0.200000,,0.100000,5.000000,10.000000,-1525653754,408.903678,407.214718,407.231329,407.704446,407.721057,0.016611,409.393406,1,0,5,0,OperatingSource,LiftUp,LiftUp.LoadedRaising,Move2,Move2.DestinationCoarseMove,1,"{""pedalAxisName"":""TaskSwitchPedal"",""usePlusMinusKeys"":true,""positivePedalKey"":61,""negativePedalKey"":45,""invertPedalAxis"":false,""pressThreshold"":0.5,""releaseThreshold"":0.20000000298023225,""minimumIntervalSeconds"":5.0,""maximumIntervalSeconds"":10.0,""minimumValidReactionSeconds"":0.10000000149011612,""randomSeed"":-1525653754}",,0,0.000000,1.672349,CorrectSidePress,1,0,0,-1,Correct,1,1.672349,409.393406,1.672349,0.000000,0,1,PlusMinusKeys,0,1
20261008T083311983Z_6c2da03684844ae59035d797f0bbbd02,,,1,1,TrialFinished,Visual,2026-10-08T08:40:01.3761396Z,409.393406,405.465489,16927,5,0,OperatingSource,0,0,1,47,Left,-1,-1,Correct,1,1.672349,1,0,-1.000000,TaskSwitchPedal,0,0.500000,0.200000,,0.100000,5.000000,10.000000,-1525653754,408.903678,407.214718,407.231329,407.704446,407.721057,0.016611,409.393406,0,0,5,0,OperatingSource,LiftUp,LiftUp.LoadedRaising,Move2,Move2.DestinationCoarseMove,1,"{""pedalAxisName"":""TaskSwitchPedal"",""usePlusMinusKeys"":true,""positivePedalKey"":61,""negativePedalKey"":45,""invertPedalAxis"":false,""pressThreshold"":0.5,""releaseThreshold"":0.20000000298023225,""minimumIntervalSeconds"":5.0,""maximumIntervalSeconds"":10.0,""minimumValidReactionSeconds"":0.10000000149011612,""randomSeed"":-1525653754}",,0,0.000000,1.672349,CorrectSidePress,1,0,0,-1,Correct,1,1.672349,409.393406,1.672349,0.000000,0,1,PlusMinusKeys,0,1
20261008T083311983Z_6c2da03684844ae59035d797f0bbbd02,,,1,1,StimulusScheduled,Visual,2026-10-08T08:40:01.3761396Z,409.393718,405.465489,16927,5,0,OperatingSource,0,0,1,48,Right,1,,,,,0,0,-1.000000,TaskSwitchPedal,0,0.500000,0.200000,,0.100000,5.000000,10.000000,-1525653754,408.903989,418.448623,,418.938351,,,,0,0,,,,,,Move2,Move2.DestinationCoarseMove,1,"{""pedalAxisName"":""TaskSwitchPedal"",""usePlusMinusKeys"":true,""positivePedalKey"":61,""negativePedalKey"":45,""invertPedalAxis"":false,""pressThreshold"":0.5,""releaseThreshold"":0.20000000298023225,""minimumIntervalSeconds"":5.0,""maximumIntervalSeconds"":10.0,""minimumValidReactionSeconds"":0.10000000149011612,""randomSeed"":-1525653754}",,0,0.000000,,CorrectSidePress,0,0,0,,,,,,,0.000000,0,1,PlusMinusKeys,0,1
20261008T083311983Z_6c2da03684844ae59035d797f0bbbd02,,,1,1,StimulusOnsetObserved,Visual,2026-10-08T08:40:10.9201483Z,418.938771,415.010822,17241,5,0,OperatingSource,0,0,1,48,Right,1,,,,,1,0,0.000000,TaskSwitchPedal,0,0.500000,0.200000,,0.100000,5.000000,10.000000,-1525653754,418.449043,418.448623,418.449043,418.938351,418.938771,0.000420,,0,1,5,0,OperatingSource,Move2,Move2.DestinationCoarseMove,Move2,Move2.DestinationCoarseMove,1,"{""pedalAxisName"":""TaskSwitchPedal"",""usePlusMinusKeys"":true,""positivePedalKey"":61,""negativePedalKey"":45,""invertPedalAxis"":false,""pressThreshold"":0.5,""releaseThreshold"":0.20000000298023225,""minimumIntervalSeconds"":5.0,""maximumIntervalSeconds"":10.0,""minimumValidReactionSeconds"":0.10000000149011612,""randomSeed"":-1525653754}",,0,0.000000,,CorrectSidePress,0,0,0,,,,,,,0.000000,0,0,Axis,0,1
20261008T083311983Z_6c2da03684844ae59035d797f0bbbd02,,,1,1,PedalPressed,Visual,2026-10-08T08:40:12.1730587Z,420.191388,416.263350,17280,5,0,OperatingSource,0,0,1,48,Right,1,1,Correct,1,1.252616,1,0,1.000000,TaskSwitchPedal,0,0.500000,0.200000,,0.100000,5.000000,10.000000,-1525653754,419.701659,418.448623,418.449043,418.938351,418.938771,0.000420,420.191388,0,1,5,0,OperatingSource,Move2,Move2.DestinationCoarseMove,Move2,Move2.DestinationCoarseMove,1,"{""pedalAxisName"":""TaskSwitchPedal"",""usePlusMinusKeys"":true,""positivePedalKey"":61,""negativePedalKey"":45,""invertPedalAxis"":false,""pressThreshold"":0.5,""releaseThreshold"":0.20000000298023225,""minimumIntervalSeconds"":5.0,""maximumIntervalSeconds"":10.0,""minimumValidReactionSeconds"":0.10000000149011612,""randomSeed"":-1525653754}",,0,0.000000,1.252616,CorrectSidePress,1,0,0,1,Correct,1,1.252616,420.191388,1.252616,0.000000,1,0,PlusMinusKeys,0,1
20261008T083311983Z_6c2da03684844ae59035d797f0bbbd02,,,1,1,TrialFinished,Visual,2026-10-08T08:40:12.1730587Z,420.191388,416.263350,17280,5,0,OperatingSource,0,0,1,48,Right,1,1,Correct,1,1.252616,1,0,1.000000,TaskSwitchPedal,0,0.500000,0.200000,,0.100000,5.000000,10.000000,-1525653754,419.701659,418.448623,418.449043,418.938351,418.938771,0.000420,420.191388,0,0,5,0,OperatingSource,Move2,Move2.DestinationCoarseMove,Move2,Move2.DestinationCoarseMove,1,"{""pedalAxisName"":""TaskSwitchPedal"",""usePlusMinusKeys"":true,""positivePedalKey"":61,""negativePedalKey"":45,""invertPedalAxis"":false,""pressThreshold"":0.5,""releaseThreshold"":0.20000000298023225,""minimumIntervalSeconds"":5.0,""maximumIntervalSeconds"":10.0,""minimumValidReactionSeconds"":0.10000000149011612,""randomSeed"":-1525653754}",,0,0.000000,1.252616,CorrectSidePress,1,0,0,1,Correct,1,1.252616,420.191388,1.252616,0.000000,1,0,PlusMinusKeys,0,1
20261008T083311983Z_6c2da03684844ae59035d797f0bbbd02,,,1,1,StimulusScheduled,Visual,2026-10-08T08:40:12.1730587Z,420.191739,416.263350,17280,5,0,OperatingSource,0,0,1,49,Left,-1,,,,,0,0,1.000000,TaskSwitchPedal,0,0.500000,0.200000,,0.100000,5.000000,10.000000,-1525653754,419.702010,426.626103,,427.115831,,,,0,0,,,,,,Move2,Move2.DestinationCoarseMove,1,"{""pedalAxisName"":""TaskSwitchPedal"",""usePlusMinusKeys"":true,""positivePedalKey"":61,""negativePedalKey"":45,""invertPedalAxis"":false,""pressThreshold"":0.5,""releaseThreshold"":0.20000000298023225,""minimumIntervalSeconds"":5.0,""maximumIntervalSeconds"":10.0,""minimumValidReactionSeconds"":0.10000000149011612,""randomSeed"":-1525653754}",,0,0.000000,,CorrectSidePress,0,0,0,,,,,,,0.000000,1,0,PlusMinusKeys,0,1
20261008T083311983Z_6c2da03684844ae59035d797f0bbbd02,,,1,1,StimulusOnsetObserved,Visual,2026-10-08T08:40:19.1156249Z,427.134450,423.203749,17504,5,0,OperatingSource,0,0,1,49,Left,-1,,,,,1,0,0.000000,TaskSwitchPedal,0,0.500000,0.200000,,0.100000,5.000000,10.000000,-1525653754,426.644721,426.626103,426.644721,427.115831,427.134450,0.018618,,1,0,5,0,OperatingSource,Place,Place.PlacementLowering,Place,Place.PlacementLowering,1,"{""pedalAxisName"":""TaskSwitchPedal"",""usePlusMinusKeys"":true,""positivePedalKey"":61,""negativePedalKey"":45,""invertPedalAxis"":false,""pressThreshold"":0.5,""releaseThreshold"":0.20000000298023225,""minimumIntervalSeconds"":5.0,""maximumIntervalSeconds"":10.0,""minimumValidReactionSeconds"":0.10000000149011612,""randomSeed"":-1525653754}",,0,0.000000,,CorrectSidePress,0,0,0,,,,,,,0.000000,0,0,Axis,0,1
20261008T083311983Z_6c2da03684844ae59035d797f0bbbd02,,,1,1,PedalPressed,Visual,2026-10-08T08:40:20.1685638Z,428.187479,424.255829,17536,5,0,OperatingSource,0,0,1,49,Left,-1,-1,Correct,1,1.053029,1,0,-1.000000,TaskSwitchPedal,0,0.500000,0.200000,,0.100000,5.000000,10.000000,-1525653754,427.697751,426.626103,426.644721,427.115831,427.134450,0.018618,428.187479,1,0,5,0,OperatingSource,Place,Place.PlacementLowering,Place,Place.PlacementLowering,1,"{""pedalAxisName"":""TaskSwitchPedal"",""usePlusMinusKeys"":true,""positivePedalKey"":61,""negativePedalKey"":45,""invertPedalAxis"":false,""pressThreshold"":0.5,""releaseThreshold"":0.20000000298023225,""minimumIntervalSeconds"":5.0,""maximumIntervalSeconds"":10.0,""minimumValidReactionSeconds"":0.10000000149011612,""randomSeed"":-1525653754}",,0,0.000000,1.053030,CorrectSidePress,1,0,0,-1,Correct,1,1.053029,428.187479,1.053030,0.000000,0,1,PlusMinusKeys,0,1
20261008T083311983Z_6c2da03684844ae59035d797f0bbbd02,,,1,1,TrialFinished,Visual,2026-10-08T08:40:20.1695639Z,428.187479,424.255829,17536,5,0,OperatingSource,0,0,1,49,Left,-1,-1,Correct,1,1.053029,1,0,-1.000000,TaskSwitchPedal,0,0.500000,0.200000,,0.100000,5.000000,10.000000,-1525653754,427.697751,426.626103,426.644721,427.115831,427.134450,0.018618,428.187479,0,0,5,0,OperatingSource,Place,Place.PlacementLowering,Place,Place.PlacementLowering,1,"{""pedalAxisName"":""TaskSwitchPedal"",""usePlusMinusKeys"":true,""positivePedalKey"":61,""negativePedalKey"":45,""invertPedalAxis"":false,""pressThreshold"":0.5,""releaseThreshold"":0.20000000298023225,""minimumIntervalSeconds"":5.0,""maximumIntervalSeconds"":10.0,""minimumValidReactionSeconds"":0.10000000149011612,""randomSeed"":-1525653754}",,0,0.000000,1.053030,CorrectSidePress,1,0,0,-1,Correct,1,1.053029,428.187479,1.053030,0.000000,0,1,PlusMinusKeys,0,1
20261008T083311983Z_6c2da03684844ae59035d797f0bbbd02,,,1,1,StimulusScheduled,Visual,2026-10-08T08:40:20.1695639Z,428.187844,424.255829,17536,5,0,OperatingSource,0,0,1,50,Right,1,,,,,0,0,-1.000000,TaskSwitchPedal,0,0.500000,0.200000,,0.100000,5.000000,10.000000,-1525653754,427.698116,436.355467,,436.845195,,,,0,0,,,,,,Place,Place.PlacementLowering,1,"{""pedalAxisName"":""TaskSwitchPedal"",""usePlusMinusKeys"":true,""positivePedalKey"":61,""negativePedalKey"":45,""invertPedalAxis"":false,""pressThreshold"":0.5,""releaseThreshold"":0.20000000298023225,""minimumIntervalSeconds"":5.0,""maximumIntervalSeconds"":10.0,""minimumValidReactionSeconds"":0.10000000149011612,""randomSeed"":-1525653754}",,0,0.000000,,CorrectSidePress,0,0,0,,,,,,,0.000000,0,1,PlusMinusKeys,0,1
20261008T083311983Z_6c2da03684844ae59035d797f0bbbd02,,,1,1,StimulusOnsetObserved,Visual,2026-10-08T08:40:28.8434908Z,436.861863,432.934045,17854,6,1,OperatingTarget,0,0,1,50,Right,1,,,,,1,0,0.000000,TaskSwitchPedal,0,0.500000,0.200000,,0.100000,5.000000,10.000000,-1525653754,436.372134,436.355467,436.372134,436.845195,436.861863,0.016668,,0,1,6,1,OperatingTarget,Move2,Move2.DestinationCoarseMove,Move2,Move2.DestinationCoarseMove,1,"{""pedalAxisName"":""TaskSwitchPedal"",""usePlusMinusKeys"":true,""positivePedalKey"":61,""negativePedalKey"":45,""invertPedalAxis"":false,""pressThreshold"":0.5,""releaseThreshold"":0.20000000298023225,""minimumIntervalSeconds"":5.0,""maximumIntervalSeconds"":10.0,""minimumValidReactionSeconds"":0.10000000149011612,""randomSeed"":-1525653754}",,0,0.000000,,CorrectSidePress,0,0,0,,,,,,,0.000000,0,0,Axis,0,1
20261008T083311983Z_6c2da03684844ae59035d797f0bbbd02,,,1,1,PedalPressed,Visual,2026-10-08T08:40:30.1179985Z,438.136415,434.207374,17909,6,1,OperatingTarget,0,0,1,50,Right,1,1,Correct,1,1.274552,1,0,1.000000,TaskSwitchPedal,0,0.500000,0.200000,,0.100000,5.000000,10.000000,-1525653754,437.646687,436.355467,436.372134,436.845195,436.861863,0.016668,438.136415,0,1,6,1,OperatingTarget,Move2,Move2.DestinationCoarseMove,Move2,Move2.DestinationCoarseMove,1,"{""pedalAxisName"":""TaskSwitchPedal"",""usePlusMinusKeys"":true,""positivePedalKey"":61,""negativePedalKey"":45,""invertPedalAxis"":false,""pressThreshold"":0.5,""releaseThreshold"":0.20000000298023225,""minimumIntervalSeconds"":5.0,""maximumIntervalSeconds"":10.0,""minimumValidReactionSeconds"":0.10000000149011612,""randomSeed"":-1525653754}",,0,0.000000,1.274552,CorrectSidePress,1,0,0,1,Correct,1,1.274552,438.136415,1.274552,0.000000,1,0,PlusMinusKeys,0,1
20261008T083311983Z_6c2da03684844ae59035d797f0bbbd02,,,1,1,TrialFinished,Visual,2026-10-08T08:40:30.1179985Z,438.136415,434.207374,17909,6,1,OperatingTarget,0,0,1,50,Right,1,1,Correct,1,1.274552,1,0,1.000000,TaskSwitchPedal,0,0.500000,0.200000,,0.100000,5.000000,10.000000,-1525653754,437.646687,436.355467,436.372134,436.845195,436.861863,0.016668,438.136415,0,0,6,1,OperatingTarget,Move2,Move2.DestinationCoarseMove,Move2,Move2.DestinationCoarseMove,1,"{""pedalAxisName"":""TaskSwitchPedal"",""usePlusMinusKeys"":true,""positivePedalKey"":61,""negativePedalKey"":45,""invertPedalAxis"":false,""pressThreshold"":0.5,""releaseThreshold"":0.20000000298023225,""minimumIntervalSeconds"":5.0,""maximumIntervalSeconds"":10.0,""minimumValidReactionSeconds"":0.10000000149011612,""randomSeed"":-1525653754}",,0,0.000000,1.274552,CorrectSidePress,1,0,0,1,Correct,1,1.274552,438.136415,1.274552,0.000000,1,0,PlusMinusKeys,0,1
20261008T083311983Z_6c2da03684844ae59035d797f0bbbd02,,,1,1,StimulusScheduled,Visual,2026-10-08T08:40:30.1179985Z,438.136997,434.207374,17909,6,1,OperatingTarget,0,0,1,51,Right,1,,,,,0,0,1.000000,TaskSwitchPedal,0,0.500000,0.200000,,0.100000,5.000000,10.000000,-1525653754,437.647268,443.532174,,444.021903,,,,0,0,,,,,,Move2,Move2.DestinationCoarseMove,1,"{""pedalAxisName"":""TaskSwitchPedal"",""usePlusMinusKeys"":true,""positivePedalKey"":61,""negativePedalKey"":45,""invertPedalAxis"":false,""pressThreshold"":0.5,""releaseThreshold"":0.20000000298023225,""minimumIntervalSeconds"":5.0,""maximumIntervalSeconds"":10.0,""minimumValidReactionSeconds"":0.10000000149011612,""randomSeed"":-1525653754}",,0,0.000000,,CorrectSidePress,0,0,0,,,,,,,0.000000,1,0,PlusMinusKeys,0,1
20261008T083311983Z_6c2da03684844ae59035d797f0bbbd02,,,1,1,StimulusOnsetObserved,Visual,2026-10-08T08:40:36.0247891Z,444.043690,440.115033,18168,6,1,OperatingTarget,0,0,1,51,Right,1,,,,,1,0,0.000000,TaskSwitchPedal,0,0.500000,0.200000,,0.100000,5.000000,10.000000,-1525653754,443.553962,443.532174,443.553962,444.021903,444.043690,0.021788,,0,1,6,1,OperatingTarget,Place,Place.PlacementLowering,Place,Place.PlacementLowering,1,"{""pedalAxisName"":""TaskSwitchPedal"",""usePlusMinusKeys"":true,""positivePedalKey"":61,""negativePedalKey"":45,""invertPedalAxis"":false,""pressThreshold"":0.5,""releaseThreshold"":0.20000000298023225,""minimumIntervalSeconds"":5.0,""maximumIntervalSeconds"":10.0,""minimumValidReactionSeconds"":0.10000000149011612,""randomSeed"":-1525653754}",,0,0.000000,,CorrectSidePress,0,0,0,,,,,,,0.000000,0,0,Axis,0,1
20261008T083311983Z_6c2da03684844ae59035d797f0bbbd02,,,1,1,PedalPressed,Visual,2026-10-08T08:40:37.5234526Z,445.542263,441.610179,18224,6,1,OperatingTarget,0,0,1,51,Right,1,1,Correct,1,1.498573,1,0,1.000000,TaskSwitchPedal,0,0.500000,0.200000,,0.100000,5.000000,10.000000,-1525653754,445.052535,443.532174,443.553962,444.021903,444.043690,0.021788,445.542263,0,1,6,1,OperatingTarget,Place,Place.PlacementLowering,Place,Place.PlacementLowering,1,"{""pedalAxisName"":""TaskSwitchPedal"",""usePlusMinusKeys"":true,""positivePedalKey"":61,""negativePedalKey"":45,""invertPedalAxis"":false,""pressThreshold"":0.5,""releaseThreshold"":0.20000000298023225,""minimumIntervalSeconds"":5.0,""maximumIntervalSeconds"":10.0,""minimumValidReactionSeconds"":0.10000000149011612,""randomSeed"":-1525653754}",,0,0.000000,1.498573,CorrectSidePress,1,0,0,1,Correct,1,1.498573,445.542263,1.498573,0.000000,1,0,PlusMinusKeys,0,1
20261008T083311983Z_6c2da03684844ae59035d797f0bbbd02,,,1,1,TrialFinished,Visual,2026-10-08T08:40:37.5234526Z,445.542263,441.610179,18224,6,1,OperatingTarget,0,0,1,51,Right,1,1,Correct,1,1.498573,1,0,1.000000,TaskSwitchPedal,0,0.500000,0.200000,,0.100000,5.000000,10.000000,-1525653754,445.052535,443.532174,443.553962,444.021903,444.043690,0.021788,445.542263,0,0,6,1,OperatingTarget,Place,Place.PlacementLowering,Place,Place.PlacementLowering,1,"{""pedalAxisName"":""TaskSwitchPedal"",""usePlusMinusKeys"":true,""positivePedalKey"":61,""negativePedalKey"":45,""invertPedalAxis"":false,""pressThreshold"":0.5,""releaseThreshold"":0.20000000298023225,""minimumIntervalSeconds"":5.0,""maximumIntervalSeconds"":10.0,""minimumValidReactionSeconds"":0.10000000149011612,""randomSeed"":-1525653754}",,0,0.000000,1.498573,CorrectSidePress,1,0,0,1,Correct,1,1.498573,445.542263,1.498573,0.000000,1,0,PlusMinusKeys,0,1
20261008T083311983Z_6c2da03684844ae59035d797f0bbbd02,,,1,1,StimulusScheduled,Visual,2026-10-08T08:40:37.5234526Z,445.542965,441.610179,18224,6,1,OperatingTarget,0,0,1,52,Left,-1,,,,,0,0,1.000000,TaskSwitchPedal,0,0.500000,0.200000,,0.100000,5.000000,10.000000,-1525653754,445.053237,451.039144,,451.528872,,,,0,0,,,,,,Place,Place.PlacementLowering,1,"{""pedalAxisName"":""TaskSwitchPedal"",""usePlusMinusKeys"":true,""positivePedalKey"":61,""negativePedalKey"":45,""invertPedalAxis"":false,""pressThreshold"":0.5,""releaseThreshold"":0.20000000298023225,""minimumIntervalSeconds"":5.0,""maximumIntervalSeconds"":10.0,""minimumValidReactionSeconds"":0.10000000149011612,""randomSeed"":-1525653754}",,0,0.000000,,CorrectSidePress,0,0,0,,,,,,,0.000000,1,0,PlusMinusKeys,0,1
20261008T083311983Z_6c2da03684844ae59035d797f0bbbd02,,,1,1,StimulusOnsetObserved,Visual,2026-10-08T08:40:43.5234808Z,451.542677,447.614622,18407,6,1,OperatingTarget,0,0,1,52,Left,-1,,,,,1,0,0.000000,TaskSwitchPedal,0,0.500000,0.200000,,0.100000,5.000000,10.000000,-1525653754,451.052949,451.039144,451.052949,451.528872,451.542677,0.013805,,1,0,6,1,OperatingTarget,Place,Place.PlacementLowering,Place,Place.PlacementLowering,1,"{""pedalAxisName"":""TaskSwitchPedal"",""usePlusMinusKeys"":true,""positivePedalKey"":61,""negativePedalKey"":45,""invertPedalAxis"":false,""pressThreshold"":0.5,""releaseThreshold"":0.20000000298023225,""minimumIntervalSeconds"":5.0,""maximumIntervalSeconds"":10.0,""minimumValidReactionSeconds"":0.10000000149011612,""randomSeed"":-1525653754}",,0,0.000000,,CorrectSidePress,0,0,0,,,,,,,0.000000,0,0,Axis,0,1
20261008T083311983Z_6c2da03684844ae59035d797f0bbbd02,,,1,1,PedalPressed,Visual,2026-10-08T08:40:44.5447284Z,452.564015,448.632538,18437,6,1,OperatingTarget,0,0,1,52,Left,-1,-1,Correct,1,1.021338,1,0,-1.000000,TaskSwitchPedal,0,0.500000,0.200000,,0.100000,5.000000,10.000000,-1525653754,452.074287,451.039144,451.052949,451.528872,451.542677,0.013805,452.564015,1,0,6,1,OperatingTarget,Place,Place.PlacementLowering,Place,Place.PlacementLowering,1,"{""pedalAxisName"":""TaskSwitchPedal"",""usePlusMinusKeys"":true,""positivePedalKey"":61,""negativePedalKey"":45,""invertPedalAxis"":false,""pressThreshold"":0.5,""releaseThreshold"":0.20000000298023225,""minimumIntervalSeconds"":5.0,""maximumIntervalSeconds"":10.0,""minimumValidReactionSeconds"":0.10000000149011612,""randomSeed"":-1525653754}",,0,0.000000,1.021338,CorrectSidePress,1,0,0,-1,Correct,1,1.021338,452.564015,1.021338,0.000000,0,1,PlusMinusKeys,0,1
20261008T083311983Z_6c2da03684844ae59035d797f0bbbd02,,,1,1,TrialFinished,Visual,2026-10-08T08:40:44.5447284Z,452.564015,448.632538,18437,6,1,OperatingTarget,0,0,1,52,Left,-1,-1,Correct,1,1.021338,1,0,-1.000000,TaskSwitchPedal,0,0.500000,0.200000,,0.100000,5.000000,10.000000,-1525653754,452.074287,451.039144,451.052949,451.528872,451.542677,0.013805,452.564015,0,0,6,1,OperatingTarget,Place,Place.PlacementLowering,Place,Place.PlacementLowering,1,"{""pedalAxisName"":""TaskSwitchPedal"",""usePlusMinusKeys"":true,""positivePedalKey"":61,""negativePedalKey"":45,""invertPedalAxis"":false,""pressThreshold"":0.5,""releaseThreshold"":0.20000000298023225,""minimumIntervalSeconds"":5.0,""maximumIntervalSeconds"":10.0,""minimumValidReactionSeconds"":0.10000000149011612,""randomSeed"":-1525653754}",,0,0.000000,1.021338,CorrectSidePress,1,0,0,-1,Correct,1,1.021338,452.564015,1.021338,0.000000,0,1,PlusMinusKeys,0,1
20261008T083311983Z_6c2da03684844ae59035d797f0bbbd02,,,1,1,StimulusScheduled,Visual,2026-10-08T08:40:44.5447284Z,452.564342,448.632538,18437,6,1,OperatingTarget,0,0,1,53,Left,-1,,,,,0,0,-1.000000,TaskSwitchPedal,0,0.500000,0.200000,,0.100000,5.000000,10.000000,-1525653754,452.074614,457.326103,,457.815831,,,,0,0,,,,,,Place,Place.PlacementLowering,1,"{""pedalAxisName"":""TaskSwitchPedal"",""usePlusMinusKeys"":true,""positivePedalKey"":61,""negativePedalKey"":45,""invertPedalAxis"":false,""pressThreshold"":0.5,""releaseThreshold"":0.20000000298023225,""minimumIntervalSeconds"":5.0,""maximumIntervalSeconds"":10.0,""minimumValidReactionSeconds"":0.10000000149011612,""randomSeed"":-1525653754}",,0,0.000000,,CorrectSidePress,0,0,0,,,,,,,0.000000,0,1,PlusMinusKeys,0,1
20261008T083311983Z_6c2da03684844ae59035d797f0bbbd02,,,1,1,StimulusOnsetObserved,Visual,2026-10-08T08:40:49.8044923Z,457.823858,453.896579,18621,6,1,OperatingTarget,0,0,1,53,Left,-1,,,,,1,0,0.000000,TaskSwitchPedal,0,0.500000,0.200000,,0.100000,5.000000,10.000000,-1525653754,457.334129,457.326103,457.334129,457.815831,457.823858,0.008027,,1,0,6,1,OperatingTarget,Place,Place.PostPlacementRaising,Place,Place.PostPlacementRaising,1,"{""pedalAxisName"":""TaskSwitchPedal"",""usePlusMinusKeys"":true,""positivePedalKey"":61,""negativePedalKey"":45,""invertPedalAxis"":false,""pressThreshold"":0.5,""releaseThreshold"":0.20000000298023225,""minimumIntervalSeconds"":5.0,""maximumIntervalSeconds"":10.0,""minimumValidReactionSeconds"":0.10000000149011612,""randomSeed"":-1525653754}",,0,0.000000,,CorrectSidePress,0,0,0,,,,,,,0.000000,0,0,Axis,0,1
20261008T083311983Z_6c2da03684844ae59035d797f0bbbd02,,,1,1,PedalPressed,Visual,2026-10-08T08:40:50.7918266Z,458.812012,454.882873,18665,6,1,OperatingTarget,0,0,1,53,Left,-1,-1,Correct,1,0.988154,1,0,-1.000000,TaskSwitchPedal,0,0.500000,0.200000,,0.100000,5.000000,10.000000,-1525653754,458.322284,457.326103,457.334129,457.815831,457.823858,0.008027,458.812012,1,0,6,1,OperatingTarget,Place,Place.PostPlacementRaising,Place,Place.PostPlacementRaising,1,"{""pedalAxisName"":""TaskSwitchPedal"",""usePlusMinusKeys"":true,""positivePedalKey"":61,""negativePedalKey"":45,""invertPedalAxis"":false,""pressThreshold"":0.5,""releaseThreshold"":0.20000000298023225,""minimumIntervalSeconds"":5.0,""maximumIntervalSeconds"":10.0,""minimumValidReactionSeconds"":0.10000000149011612,""randomSeed"":-1525653754}",,0,0.000000,0.988154,CorrectSidePress,1,0,0,-1,Correct,1,0.988154,458.812012,0.988154,0.000000,0,1,PlusMinusKeys,0,1
20261008T083311983Z_6c2da03684844ae59035d797f0bbbd02,,,1,1,TrialFinished,Visual,2026-10-08T08:40:50.7918266Z,458.812012,454.882873,18665,6,1,OperatingTarget,0,0,1,53,Left,-1,-1,Correct,1,0.988154,1,0,-1.000000,TaskSwitchPedal,0,0.500000,0.200000,,0.100000,5.000000,10.000000,-1525653754,458.322284,457.326103,457.334129,457.815831,457.823858,0.008027,458.812012,0,0,6,1,OperatingTarget,Place,Place.PostPlacementRaising,Place,Place.PostPlacementRaising,1,"{""pedalAxisName"":""TaskSwitchPedal"",""usePlusMinusKeys"":true,""positivePedalKey"":61,""negativePedalKey"":45,""invertPedalAxis"":false,""pressThreshold"":0.5,""releaseThreshold"":0.20000000298023225,""minimumIntervalSeconds"":5.0,""maximumIntervalSeconds"":10.0,""minimumValidReactionSeconds"":0.10000000149011612,""randomSeed"":-1525653754}",,0,0.000000,0.988154,CorrectSidePress,1,0,0,-1,Correct,1,0.988154,458.812012,0.988154,0.000000,0,1,PlusMinusKeys,0,1
20261008T083311983Z_6c2da03684844ae59035d797f0bbbd02,,,1,1,StimulusScheduled,Visual,2026-10-08T08:40:50.7933452Z,458.812400,454.882873,18665,6,1,OperatingTarget,0,0,1,54,Left,-1,,,,,0,0,-1.000000,TaskSwitchPedal,0,0.500000,0.200000,,0.100000,5.000000,10.000000,-1525653754,458.322672,467.635438,,468.125166,,,,0,0,,,,,,Place,Place.PostPlacementRaising,1,"{""pedalAxisName"":""TaskSwitchPedal"",""usePlusMinusKeys"":true,""positivePedalKey"":61,""negativePedalKey"":45,""invertPedalAxis"":false,""pressThreshold"":0.5,""releaseThreshold"":0.20000000298023225,""minimumIntervalSeconds"":5.0,""maximumIntervalSeconds"":10.0,""minimumValidReactionSeconds"":0.10000000149011612,""randomSeed"":-1525653754}",,0,0.000000,,CorrectSidePress,0,0,0,,,,,,,0.000000,0,1,PlusMinusKeys,0,1
20261008T083311983Z_6c2da03684844ae59035d797f0bbbd02,,,1,1,StimulusOnsetObserved,Visual,2026-10-08T08:41:00.1261771Z,468.146499,464.218585,19064,6,0,OperatingSource,0,0,1,54,Left,-1,,,,,1,0,0.000000,TaskSwitchPedal,0,0.500000,0.200000,,0.100000,5.000000,10.000000,-1525653754,467.656771,467.635438,467.656771,468.125166,468.146499,0.021333,,1,0,6,0,OperatingSource,Move1,Move1.PickupCoarseMove,Move1,Move1.PickupCoarseMove,1,"{""pedalAxisName"":""TaskSwitchPedal"",""usePlusMinusKeys"":true,""positivePedalKey"":61,""negativePedalKey"":45,""invertPedalAxis"":false,""pressThreshold"":0.5,""releaseThreshold"":0.20000000298023225,""minimumIntervalSeconds"":5.0,""maximumIntervalSeconds"":10.0,""minimumValidReactionSeconds"":0.10000000149011612,""randomSeed"":-1525653754}",,0,0.000000,,CorrectSidePress,0,0,0,,,,,,,0.000000,0,0,Axis,0,1
20261008T083311983Z_6c2da03684844ae59035d797f0bbbd02,,,1,1,PedalPressed,Visual,2026-10-08T08:41:01.1570491Z,469.177545,465.250204,19107,6,0,OperatingSource,0,0,1,54,Left,-1,-1,Correct,1,1.031046,1,0,-1.000000,TaskSwitchPedal,0,0.500000,0.200000,,0.100000,5.000000,10.000000,-1525653754,468.687817,467.635438,467.656771,468.125166,468.146499,0.021333,469.177545,1,0,6,0,OperatingSource,Move1,Move1.PickupCoarseMove,Move1,Move1.PickupCoarseMove,1,"{""pedalAxisName"":""TaskSwitchPedal"",""usePlusMinusKeys"":true,""positivePedalKey"":61,""negativePedalKey"":45,""invertPedalAxis"":false,""pressThreshold"":0.5,""releaseThreshold"":0.20000000298023225,""minimumIntervalSeconds"":5.0,""maximumIntervalSeconds"":10.0,""minimumValidReactionSeconds"":0.10000000149011612,""randomSeed"":-1525653754}",,0,0.000000,1.031047,CorrectSidePress,1,0,0,-1,Correct,1,1.031046,469.177545,1.031047,0.000000,0,1,PlusMinusKeys,0,1
20261008T083311983Z_6c2da03684844ae59035d797f0bbbd02,,,1,1,TrialFinished,Visual,2026-10-08T08:41:01.1570491Z,469.177545,465.250204,19107,6,0,OperatingSource,0,0,1,54,Left,-1,-1,Correct,1,1.031046,1,0,-1.000000,TaskSwitchPedal,0,0.500000,0.200000,,0.100000,5.000000,10.000000,-1525653754,468.687817,467.635438,467.656771,468.125166,468.146499,0.021333,469.177545,0,0,6,0,OperatingSource,Move1,Move1.PickupCoarseMove,Move1,Move1.PickupCoarseMove,1,"{""pedalAxisName"":""TaskSwitchPedal"",""usePlusMinusKeys"":true,""positivePedalKey"":61,""negativePedalKey"":45,""invertPedalAxis"":false,""pressThreshold"":0.5,""releaseThreshold"":0.20000000298023225,""minimumIntervalSeconds"":5.0,""maximumIntervalSeconds"":10.0,""minimumValidReactionSeconds"":0.10000000149011612,""randomSeed"":-1525653754}",,0,0.000000,1.031047,CorrectSidePress,1,0,0,-1,Correct,1,1.031046,469.177545,1.031047,0.000000,0,1,PlusMinusKeys,0,1
20261008T083311983Z_6c2da03684844ae59035d797f0bbbd02,,,1,1,StimulusScheduled,Visual,2026-10-08T08:41:01.1585251Z,469.177902,465.250204,19107,6,0,OperatingSource,0,0,1,55,Right,1,,,,,0,0,-1.000000,TaskSwitchPedal,0,0.500000,0.200000,,0.100000,5.000000,10.000000,-1525653754,468.688174,477.081087,,477.570816,,,,0,0,,,,,,Move1,Move1.PickupCoarseMove,1,"{""pedalAxisName"":""TaskSwitchPedal"",""usePlusMinusKeys"":true,""positivePedalKey"":61,""negativePedalKey"":45,""invertPedalAxis"":false,""pressThreshold"":0.5,""releaseThreshold"":0.20000000298023225,""minimumIntervalSeconds"":5.0,""maximumIntervalSeconds"":10.0,""minimumValidReactionSeconds"":0.10000000149011612,""randomSeed"":-1525653754}",,0,0.000000,,CorrectSidePress,0,0,0,,,,,,,0.000000,0,1,PlusMinusKeys,0,1
20261008T083311983Z_6c2da03684844ae59035d797f0bbbd02,,,1,1,StimulusOnsetObserved,Visual,2026-10-08T08:41:09.5518312Z,477.572305,473.645050,19464,6,0,OperatingSource,0,0,1,55,Right,1,,,,,1,0,0.000000,TaskSwitchPedal,0,0.500000,0.200000,,0.100000,5.000000,10.000000,-1525653754,477.082576,477.081087,477.082576,477.570816,477.572305,0.001489,,0,1,6,0,OperatingSource,Move1,Move1.PickupCoarseMove,Move1,Move1.PickupCoarseMove,1,"{""pedalAxisName"":""TaskSwitchPedal"",""usePlusMinusKeys"":true,""positivePedalKey"":61,""negativePedalKey"":45,""invertPedalAxis"":false,""pressThreshold"":0.5,""releaseThreshold"":0.20000000298023225,""minimumIntervalSeconds"":5.0,""maximumIntervalSeconds"":10.0,""minimumValidReactionSeconds"":0.10000000149011612,""randomSeed"":-1525653754}",,0,0.000000,,CorrectSidePress,0,0,0,,,,,,,0.000000,0,0,Axis,0,1
20261008T083311983Z_6c2da03684844ae59035d797f0bbbd02,,,1,1,PedalPressed,Visual,2026-10-08T08:41:10.6896392Z,478.709874,474.780881,19511,6,0,OperatingSource,0,0,1,55,Right,1,1,Correct,1,1.137570,1,0,1.000000,TaskSwitchPedal,0,0.500000,0.200000,,0.100000,5.000000,10.000000,-1525653754,478.220146,477.081087,477.082576,477.570816,477.572305,0.001489,478.709874,0,1,6,0,OperatingSource,Move1,Move1.PickupCoarseMove,Move1,Move1.PickupCoarseMove,1,"{""pedalAxisName"":""TaskSwitchPedal"",""usePlusMinusKeys"":true,""positivePedalKey"":61,""negativePedalKey"":45,""invertPedalAxis"":false,""pressThreshold"":0.5,""releaseThreshold"":0.20000000298023225,""minimumIntervalSeconds"":5.0,""maximumIntervalSeconds"":10.0,""minimumValidReactionSeconds"":0.10000000149011612,""randomSeed"":-1525653754}",,0,0.000000,1.137570,CorrectSidePress,1,0,0,1,Correct,1,1.137570,478.709874,1.137570,0.000000,1,0,PlusMinusKeys,0,1
20261008T083311983Z_6c2da03684844ae59035d797f0bbbd02,,,1,1,TrialFinished,Visual,2026-10-08T08:41:10.6896392Z,478.709874,474.780881,19511,6,0,OperatingSource,0,0,1,55,Right,1,1,Correct,1,1.137570,1,0,1.000000,TaskSwitchPedal,0,0.500000,0.200000,,0.100000,5.000000,10.000000,-1525653754,478.220146,477.081087,477.082576,477.570816,477.572305,0.001489,478.709874,0,0,6,0,OperatingSource,Move1,Move1.PickupCoarseMove,Move1,Move1.PickupCoarseMove,1,"{""pedalAxisName"":""TaskSwitchPedal"",""usePlusMinusKeys"":true,""positivePedalKey"":61,""negativePedalKey"":45,""invertPedalAxis"":false,""pressThreshold"":0.5,""releaseThreshold"":0.20000000298023225,""minimumIntervalSeconds"":5.0,""maximumIntervalSeconds"":10.0,""minimumValidReactionSeconds"":0.10000000149011612,""randomSeed"":-1525653754}",,0,0.000000,1.137570,CorrectSidePress,1,0,0,1,Correct,1,1.137570,478.709874,1.137570,0.000000,1,0,PlusMinusKeys,0,1
20261008T083311983Z_6c2da03684844ae59035d797f0bbbd02,,,1,1,StimulusScheduled,Visual,2026-10-08T08:41:10.6896392Z,478.710229,474.780881,19511,6,0,OperatingSource,0,0,1,56,Left,-1,,,,,0,0,1.000000,TaskSwitchPedal,0,0.500000,0.200000,,0.100000,5.000000,10.000000,-1525653754,478.220501,484.767038,,485.256766,,,,0,0,,,,,,Move1,Move1.PickupCoarseMove,1,"{""pedalAxisName"":""TaskSwitchPedal"",""usePlusMinusKeys"":true,""positivePedalKey"":61,""negativePedalKey"":45,""invertPedalAxis"":false,""pressThreshold"":0.5,""releaseThreshold"":0.20000000298023225,""minimumIntervalSeconds"":5.0,""maximumIntervalSeconds"":10.0,""minimumValidReactionSeconds"":0.10000000149011612,""randomSeed"":-1525653754}",,0,0.000000,,CorrectSidePress,0,0,0,,,,,,,0.000000,1,0,PlusMinusKeys,0,1
20261008T083311983Z_6c2da03684844ae59035d797f0bbbd02,,,1,1,StimulusOnsetObserved,Visual,2026-10-08T08:41:17.2401039Z,485.260735,481.333186,19746,6,0,OperatingSource,0,0,1,56,Left,-1,,,,,1,0,0.000000,TaskSwitchPedal,0,0.500000,0.200000,,0.100000,5.000000,10.000000,-1525653754,484.771006,484.767038,484.771006,485.256766,485.260735,0.003969,,1,0,6,0,OperatingSource,LiftUp,LiftUp.PickupLowering,LiftUp,LiftUp.PickupLowering,1,"{""pedalAxisName"":""TaskSwitchPedal"",""usePlusMinusKeys"":true,""positivePedalKey"":61,""negativePedalKey"":45,""invertPedalAxis"":false,""pressThreshold"":0.5,""releaseThreshold"":0.20000000298023225,""minimumIntervalSeconds"":5.0,""maximumIntervalSeconds"":10.0,""minimumValidReactionSeconds"":0.10000000149011612,""randomSeed"":-1525653754}",,0,0.000000,,CorrectSidePress,0,0,0,,,,,,,0.000000,0,0,Axis,0,1
20261008T083311983Z_6c2da03684844ae59035d797f0bbbd02,,,1,1,PedalPressed,Visual,2026-10-08T08:41:18.1098998Z,486.130773,482.202837,19771,6,0,OperatingSource,0,0,1,56,Left,-1,-1,Correct,1,0.870038,1,0,-1.000000,TaskSwitchPedal,0,0.500000,0.200000,,0.100000,5.000000,10.000000,-1525653754,485.641044,484.767038,484.771006,485.256766,485.260735,0.003969,486.130773,1,0,6,0,OperatingSource,LiftUp,LiftUp.PickupLowering,LiftUp,LiftUp.PickupLowering,1,"{""pedalAxisName"":""TaskSwitchPedal"",""usePlusMinusKeys"":true,""positivePedalKey"":61,""negativePedalKey"":45,""invertPedalAxis"":false,""pressThreshold"":0.5,""releaseThreshold"":0.20000000298023225,""minimumIntervalSeconds"":5.0,""maximumIntervalSeconds"":10.0,""minimumValidReactionSeconds"":0.10000000149011612,""randomSeed"":-1525653754}",,0,0.000000,0.870038,CorrectSidePress,1,0,0,-1,Correct,1,0.870038,486.130773,0.870038,0.000000,0,1,PlusMinusKeys,0,1
20261008T083311983Z_6c2da03684844ae59035d797f0bbbd02,,,1,1,TrialFinished,Visual,2026-10-08T08:41:18.1109475Z,486.130773,482.202837,19771,6,0,OperatingSource,0,0,1,56,Left,-1,-1,Correct,1,0.870038,1,0,-1.000000,TaskSwitchPedal,0,0.500000,0.200000,,0.100000,5.000000,10.000000,-1525653754,485.641044,484.767038,484.771006,485.256766,485.260735,0.003969,486.130773,0,0,6,0,OperatingSource,LiftUp,LiftUp.PickupLowering,LiftUp,LiftUp.PickupLowering,1,"{""pedalAxisName"":""TaskSwitchPedal"",""usePlusMinusKeys"":true,""positivePedalKey"":61,""negativePedalKey"":45,""invertPedalAxis"":false,""pressThreshold"":0.5,""releaseThreshold"":0.20000000298023225,""minimumIntervalSeconds"":5.0,""maximumIntervalSeconds"":10.0,""minimumValidReactionSeconds"":0.10000000149011612,""randomSeed"":-1525653754}",,0,0.000000,0.870038,CorrectSidePress,1,0,0,-1,Correct,1,0.870038,486.130773,0.870038,0.000000,0,1,PlusMinusKeys,0,1
20261008T083311983Z_6c2da03684844ae59035d797f0bbbd02,,,1,1,StimulusScheduled,Visual,2026-10-08T08:41:18.1109475Z,486.131148,482.202837,19771,6,0,OperatingSource,0,0,1,57,Right,1,,,,,0,0,-1.000000,TaskSwitchPedal,0,0.500000,0.200000,,0.100000,5.000000,10.000000,-1525653754,485.641419,491.995403,,492.485131,,,,0,0,,,,,,LiftUp,LiftUp.PickupLowering,1,"{""pedalAxisName"":""TaskSwitchPedal"",""usePlusMinusKeys"":true,""positivePedalKey"":61,""negativePedalKey"":45,""invertPedalAxis"":false,""pressThreshold"":0.5,""releaseThreshold"":0.20000000298023225,""minimumIntervalSeconds"":5.0,""maximumIntervalSeconds"":10.0,""minimumValidReactionSeconds"":0.10000000149011612,""randomSeed"":-1525653754}",,0,0.000000,,CorrectSidePress,0,0,0,,,,,,,0.000000,0,1,PlusMinusKeys,0,1
20261008T083311983Z_6c2da03684844ae59035d797f0bbbd02,,,1,1,StimulusOnsetObserved,Visual,2026-10-08T08:41:24.4773137Z,492.498133,488.570782,19966,6,0,OperatingSource,0,0,1,57,Right,1,,,,,1,0,0.000000,TaskSwitchPedal,0,0.500000,0.200000,,0.100000,5.000000,10.000000,-1525653754,492.008405,491.995403,492.008405,492.485131,492.498133,0.013002,,0,1,6,0,OperatingSource,LiftUp,LiftUp.LoadedRaising,LiftUp,LiftUp.LoadedRaising,1,"{""pedalAxisName"":""TaskSwitchPedal"",""usePlusMinusKeys"":true,""positivePedalKey"":61,""negativePedalKey"":45,""invertPedalAxis"":false,""pressThreshold"":0.5,""releaseThreshold"":0.20000000298023225,""minimumIntervalSeconds"":5.0,""maximumIntervalSeconds"":10.0,""minimumValidReactionSeconds"":0.10000000149011612,""randomSeed"":-1525653754}",,0,0.000000,,CorrectSidePress,0,0,0,,,,,,,0.000000,0,0,Axis,0,1
20261008T083311983Z_6c2da03684844ae59035d797f0bbbd02,,,1,1,PedalPressed,Visual,2026-10-08T08:41:25.6750246Z,493.695312,489.765356,20003,6,0,OperatingSource,0,0,1,57,Right,1,1,Correct,1,1.197179,1,0,1.000000,TaskSwitchPedal,0,0.500000,0.200000,,0.100000,5.000000,10.000000,-1525653754,493.205584,491.995403,492.008405,492.485131,492.498133,0.013002,493.695312,0,1,6,0,OperatingSource,LiftUp,LiftUp.LoadedRaising,LiftUp,LiftUp.LoadedRaising,1,"{""pedalAxisName"":""TaskSwitchPedal"",""usePlusMinusKeys"":true,""positivePedalKey"":61,""negativePedalKey"":45,""invertPedalAxis"":false,""pressThreshold"":0.5,""releaseThreshold"":0.20000000298023225,""minimumIntervalSeconds"":5.0,""maximumIntervalSeconds"":10.0,""minimumValidReactionSeconds"":0.10000000149011612,""randomSeed"":-1525653754}",,0,0.000000,1.197178,CorrectSidePress,1,0,0,1,Correct,1,1.197179,493.695312,1.197178,0.000000,1,0,PlusMinusKeys,0,1
20261008T083311983Z_6c2da03684844ae59035d797f0bbbd02,,,1,1,TrialFinished,Visual,2026-10-08T08:41:25.6750246Z,493.695312,489.765356,20003,6,0,OperatingSource,0,0,1,57,Right,1,1,Correct,1,1.197179,1,0,1.000000,TaskSwitchPedal,0,0.500000,0.200000,,0.100000,5.000000,10.000000,-1525653754,493.205584,491.995403,492.008405,492.485131,492.498133,0.013002,493.695312,0,0,6,0,OperatingSource,LiftUp,LiftUp.LoadedRaising,LiftUp,LiftUp.LoadedRaising,1,"{""pedalAxisName"":""TaskSwitchPedal"",""usePlusMinusKeys"":true,""positivePedalKey"":61,""negativePedalKey"":45,""invertPedalAxis"":false,""pressThreshold"":0.5,""releaseThreshold"":0.20000000298023225,""minimumIntervalSeconds"":5.0,""maximumIntervalSeconds"":10.0,""minimumValidReactionSeconds"":0.10000000149011612,""randomSeed"":-1525653754}",,0,0.000000,1.197178,CorrectSidePress,1,0,0,1,Correct,1,1.197179,493.695312,1.197178,0.000000,1,0,PlusMinusKeys,0,1
20261008T083311983Z_6c2da03684844ae59035d797f0bbbd02,,,1,1,StimulusScheduled,Visual,2026-10-08T08:41:25.6750246Z,493.695674,489.765356,20003,6,0,OperatingSource,0,0,1,58,Right,1,,,,,0,0,1.000000,TaskSwitchPedal,0,0.500000,0.200000,,0.100000,5.000000,10.000000,-1525653754,493.205946,500.321861,,500.811590,,,,0,0,,,,,,LiftUp,LiftUp.LoadedRaising,1,"{""pedalAxisName"":""TaskSwitchPedal"",""usePlusMinusKeys"":true,""positivePedalKey"":61,""negativePedalKey"":45,""invertPedalAxis"":false,""pressThreshold"":0.5,""releaseThreshold"":0.20000000298023225,""minimumIntervalSeconds"":5.0,""maximumIntervalSeconds"":10.0,""minimumValidReactionSeconds"":0.10000000149011612,""randomSeed"":-1525653754}",,0,0.000000,,CorrectSidePress,0,0,0,,,,,,,0.000000,1,0,PlusMinusKeys,0,1
20261008T083311983Z_6c2da03684844ae59035d797f0bbbd02,,,1,1,StimulusOnsetObserved,Visual,2026-10-08T08:41:32.8684005Z,500.888840,496.958664,20226,6,0,OperatingSource,0,0,1,58,Right,1,,,,,1,0,0.000000,TaskSwitchPedal,0,0.500000,0.200000,,0.100000,5.000000,10.000000,-1525653754,500.399112,500.321861,500.399112,500.811590,500.888840,0.077250,,0,1,6,0,OperatingSource,Move2,Move2.DestinationCoarseMove,Move2,Move2.DestinationCoarseMove,1,"{""pedalAxisName"":""TaskSwitchPedal"",""usePlusMinusKeys"":true,""positivePedalKey"":61,""negativePedalKey"":45,""invertPedalAxis"":false,""pressThreshold"":0.5,""releaseThreshold"":0.20000000298023225,""minimumIntervalSeconds"":5.0,""maximumIntervalSeconds"":10.0,""minimumValidReactionSeconds"":0.10000000149011612,""randomSeed"":-1525653754}",,0,0.000000,,CorrectSidePress,0,0,0,,,,,,,0.000000,0,0,Axis,0,1
20261008T083311983Z_6c2da03684844ae59035d797f0bbbd02,,,1,1,PedalPressed,Visual,2026-10-08T08:41:34.4355567Z,502.456031,498.528093,20274,6,0,OperatingSource,0,0,1,58,Right,1,1,Correct,1,1.567190,1,0,1.000000,TaskSwitchPedal,0,0.500000,0.200000,,0.100000,5.000000,10.000000,-1525653754,501.966302,500.321861,500.399112,500.811590,500.888840,0.077250,502.456031,0,1,6,0,OperatingSource,Move2,Move2.DestinationCoarseMove,Move2,Move2.DestinationCoarseMove,1,"{""pedalAxisName"":""TaskSwitchPedal"",""usePlusMinusKeys"":true,""positivePedalKey"":61,""negativePedalKey"":45,""invertPedalAxis"":false,""pressThreshold"":0.5,""releaseThreshold"":0.20000000298023225,""minimumIntervalSeconds"":5.0,""maximumIntervalSeconds"":10.0,""minimumValidReactionSeconds"":0.10000000149011612,""randomSeed"":-1525653754}",,0,0.000000,1.567191,CorrectSidePress,1,0,0,1,Correct,1,1.567190,502.456031,1.567191,0.000000,1,0,PlusMinusKeys,0,1
20261008T083311983Z_6c2da03684844ae59035d797f0bbbd02,,,1,1,TrialFinished,Visual,2026-10-08T08:41:34.4355567Z,502.456031,498.528093,20274,6,0,OperatingSource,0,0,1,58,Right,1,1,Correct,1,1.567190,1,0,1.000000,TaskSwitchPedal,0,0.500000,0.200000,,0.100000,5.000000,10.000000,-1525653754,501.966302,500.321861,500.399112,500.811590,500.888840,0.077250,502.456031,0,0,6,0,OperatingSource,Move2,Move2.DestinationCoarseMove,Move2,Move2.DestinationCoarseMove,1,"{""pedalAxisName"":""TaskSwitchPedal"",""usePlusMinusKeys"":true,""positivePedalKey"":61,""negativePedalKey"":45,""invertPedalAxis"":false,""pressThreshold"":0.5,""releaseThreshold"":0.20000000298023225,""minimumIntervalSeconds"":5.0,""maximumIntervalSeconds"":10.0,""minimumValidReactionSeconds"":0.10000000149011612,""randomSeed"":-1525653754}",,0,0.000000,1.567191,CorrectSidePress,1,0,0,1,Correct,1,1.567190,502.456031,1.567191,0.000000,1,0,PlusMinusKeys,0,1
20261008T083311983Z_6c2da03684844ae59035d797f0bbbd02,,,1,1,StimulusScheduled,Visual,2026-10-08T08:41:34.4355567Z,502.456419,498.528093,20274,6,0,OperatingSource,0,0,1,59,Right,1,,,,,0,0,1.000000,TaskSwitchPedal,0,0.500000,0.200000,,0.100000,5.000000,10.000000,-1525653754,501.966691,507.754026,,508.243754,,,,0,0,,,,,,Move2,Move2.DestinationCoarseMove,1,"{""pedalAxisName"":""TaskSwitchPedal"",""usePlusMinusKeys"":true,""positivePedalKey"":61,""negativePedalKey"":45,""invertPedalAxis"":false,""pressThreshold"":0.5,""releaseThreshold"":0.20000000298023225,""minimumIntervalSeconds"":5.0,""maximumIntervalSeconds"":10.0,""minimumValidReactionSeconds"":0.10000000149011612,""randomSeed"":-1525653754}",,0,0.000000,,CorrectSidePress,0,0,0,,,,,,,0.000000,1,0,PlusMinusKeys,0,1
20261008T083311983Z_6c2da03684844ae59035d797f0bbbd02,,,1,1,StimulusOnsetObserved,Visual,2026-10-08T08:41:40.2245595Z,508.245648,504.317635,20449,6,0,OperatingSource,0,0,1,59,Right,1,,,,,1,0,0.000000,TaskSwitchPedal,0,0.500000,0.200000,,0.100000,5.000000,10.000000,-1525653754,507.755920,507.754026,507.755920,508.243754,508.245648,0.001894,,0,1,6,0,OperatingSource,Move2,Move2.DestinationCoarseMove,Move2,Move2.DestinationCoarseMove,1,"{""pedalAxisName"":""TaskSwitchPedal"",""usePlusMinusKeys"":true,""positivePedalKey"":61,""negativePedalKey"":45,""invertPedalAxis"":false,""pressThreshold"":0.5,""releaseThreshold"":0.20000000298023225,""minimumIntervalSeconds"":5.0,""maximumIntervalSeconds"":10.0,""minimumValidReactionSeconds"":0.10000000149011612,""randomSeed"":-1525653754}",,0,0.000000,,CorrectSidePress,0,0,0,,,,,,,0.000000,0,0,Axis,0,1
20261008T083311983Z_6c2da03684844ae59035d797f0bbbd02,,,1,1,PedalPressed,Visual,2026-10-08T08:41:41.3021091Z,509.322836,505.394602,20481,6,0,OperatingSource,0,0,1,59,Right,1,1,Correct,1,1.077187,1,0,1.000000,TaskSwitchPedal,0,0.500000,0.200000,,0.100000,5.000000,10.000000,-1525653754,508.833107,507.754026,507.755920,508.243754,508.245648,0.001894,509.322836,0,1,6,0,OperatingSource,Move2,Move2.DestinationCoarseMove,Move2,Move2.DestinationFineAlign,1,"{""pedalAxisName"":""TaskSwitchPedal"",""usePlusMinusKeys"":true,""positivePedalKey"":61,""negativePedalKey"":45,""invertPedalAxis"":false,""pressThreshold"":0.5,""releaseThreshold"":0.20000000298023225,""minimumIntervalSeconds"":5.0,""maximumIntervalSeconds"":10.0,""minimumValidReactionSeconds"":0.10000000149011612,""randomSeed"":-1525653754}",,0,0.000000,1.077188,CorrectSidePress,1,0,0,1,Correct,1,1.077187,509.322836,1.077188,0.000000,1,0,PlusMinusKeys,0,1
20261008T083311983Z_6c2da03684844ae59035d797f0bbbd02,,,1,1,TrialFinished,Visual,2026-10-08T08:41:41.3021091Z,509.322836,505.394602,20481,6,0,OperatingSource,0,0,1,59,Right,1,1,Correct,1,1.077187,1,0,1.000000,TaskSwitchPedal,0,0.500000,0.200000,,0.100000,5.000000,10.000000,-1525653754,508.833107,507.754026,507.755920,508.243754,508.245648,0.001894,509.322836,0,0,6,0,OperatingSource,Move2,Move2.DestinationCoarseMove,Move2,Move2.DestinationFineAlign,1,"{""pedalAxisName"":""TaskSwitchPedal"",""usePlusMinusKeys"":true,""positivePedalKey"":61,""negativePedalKey"":45,""invertPedalAxis"":false,""pressThreshold"":0.5,""releaseThreshold"":0.20000000298023225,""minimumIntervalSeconds"":5.0,""maximumIntervalSeconds"":10.0,""minimumValidReactionSeconds"":0.10000000149011612,""randomSeed"":-1525653754}",,0,0.000000,1.077188,CorrectSidePress,1,0,0,1,Correct,1,1.077187,509.322836,1.077188,0.000000,1,0,PlusMinusKeys,0,1
20261008T083311983Z_6c2da03684844ae59035d797f0bbbd02,,,1,1,StimulusScheduled,Visual,2026-10-08T08:41:41.3021091Z,509.323443,505.394602,20481,6,0,OperatingSource,0,0,1,60,Left,-1,,,,,0,0,1.000000,TaskSwitchPedal,0,0.500000,0.200000,,0.100000,5.000000,10.000000,-1525653754,508.833715,517.557117,,518.046845,,,,0,0,,,,,,Move2,Move2.DestinationFineAlign,1,"{""pedalAxisName"":""TaskSwitchPedal"",""usePlusMinusKeys"":true,""positivePedalKey"":61,""negativePedalKey"":45,""invertPedalAxis"":false,""pressThreshold"":0.5,""releaseThreshold"":0.20000000298023225,""minimumIntervalSeconds"":5.0,""maximumIntervalSeconds"":10.0,""minimumValidReactionSeconds"":0.10000000149011612,""randomSeed"":-1525653754}",,0,0.000000,,CorrectSidePress,0,0,0,,,,,,,0.000000,1,0,PlusMinusKeys,0,1
20261008T083311983Z_6c2da03684844ae59035d797f0bbbd02,,,1,1,StimulusOnsetObserved,Visual,2026-10-08T08:41:50.0472595Z,518.068895,514.137205,20736,6,0,OperatingSource,0,0,1,60,Left,-1,,,,,1,0,0.000000,TaskSwitchPedal,0,0.500000,0.200000,,0.100000,5.000000,10.000000,-1525653754,517.579166,517.557117,517.579166,518.046845,518.068895,0.022050,,1,0,6,0,OperatingSource,Place,Place.PlacementLowering,Place,Place.PlacementLowering,1,"{""pedalAxisName"":""TaskSwitchPedal"",""usePlusMinusKeys"":true,""positivePedalKey"":61,""negativePedalKey"":45,""invertPedalAxis"":false,""pressThreshold"":0.5,""releaseThreshold"":0.20000000298023225,""minimumIntervalSeconds"":5.0,""maximumIntervalSeconds"":10.0,""minimumValidReactionSeconds"":0.10000000149011612,""randomSeed"":-1525653754}",,0,0.000000,,CorrectSidePress,0,0,0,,,,,,,0.000000,0,0,Axis,0,1
20261008T083311983Z_6c2da03684844ae59035d797f0bbbd02,,,1,1,PedalPressed,Visual,2026-10-08T08:41:52.2206086Z,520.242808,516.315363,20795,6,0,OperatingSource,0,0,1,60,Left,-1,-1,Correct,1,2.173913,1,0,-1.000000,TaskSwitchPedal,0,0.500000,0.200000,,0.100000,5.000000,10.000000,-1525653754,519.753080,517.557117,517.579166,518.046845,518.068895,0.022050,520.242808,1,0,6,0,OperatingSource,Place,Place.PlacementLowering,Place,Place.PostPlacementRaising,1,"{""pedalAxisName"":""TaskSwitchPedal"",""usePlusMinusKeys"":true,""positivePedalKey"":61,""negativePedalKey"":45,""invertPedalAxis"":false,""pressThreshold"":0.5,""releaseThreshold"":0.20000000298023225,""minimumIntervalSeconds"":5.0,""maximumIntervalSeconds"":10.0,""minimumValidReactionSeconds"":0.10000000149011612,""randomSeed"":-1525653754}",,0,0.000000,2.173913,CorrectSidePress,1,0,0,-1,Correct,1,2.173913,520.242808,2.173913,0.000000,0,1,PlusMinusKeys,0,1
20261008T083311983Z_6c2da03684844ae59035d797f0bbbd02,,,1,1,TrialFinished,Visual,2026-10-08T08:41:52.2220571Z,520.242808,516.315363,20795,6,0,OperatingSource,0,0,1,60,Left,-1,-1,Correct,1,2.173913,1,0,-1.000000,TaskSwitchPedal,0,0.500000,0.200000,,0.100000,5.000000,10.000000,-1525653754,519.753080,517.557117,517.579166,518.046845,518.068895,0.022050,520.242808,0,0,6,0,OperatingSource,Place,Place.PlacementLowering,Place,Place.PostPlacementRaising,1,"{""pedalAxisName"":""TaskSwitchPedal"",""usePlusMinusKeys"":true,""positivePedalKey"":61,""negativePedalKey"":45,""invertPedalAxis"":false,""pressThreshold"":0.5,""releaseThreshold"":0.20000000298023225,""minimumIntervalSeconds"":5.0,""maximumIntervalSeconds"":10.0,""minimumValidReactionSeconds"":0.10000000149011612,""randomSeed"":-1525653754}",,0,0.000000,2.173913,CorrectSidePress,1,0,0,-1,Correct,1,2.173913,520.242808,2.173913,0.000000,0,1,PlusMinusKeys,0,1
20261008T083311983Z_6c2da03684844ae59035d797f0bbbd02,,,1,1,StimulusScheduled,Visual,2026-10-08T08:41:52.2278391Z,520.249003,516.315363,20795,6,0,OperatingSource,0,0,1,61,Right,1,,,,,0,0,-1.000000,TaskSwitchPedal,0,0.500000,0.200000,,0.100000,5.000000,10.000000,-1525653754,519.759275,526.870499,,527.360228,,,,0,0,,,,,,Place,Place.PostPlacementRaising,1,"{""pedalAxisName"":""TaskSwitchPedal"",""usePlusMinusKeys"":true,""positivePedalKey"":61,""negativePedalKey"":45,""invertPedalAxis"":false,""pressThreshold"":0.5,""releaseThreshold"":0.20000000298023225,""minimumIntervalSeconds"":5.0,""maximumIntervalSeconds"":10.0,""minimumValidReactionSeconds"":0.10000000149011612,""randomSeed"":-1525653754}",,0,0.000000,,CorrectSidePress,0,0,0,,,,,,,0.000000,0,1,PlusMinusKeys,0,1
20261008T083311983Z_6c2da03684844ae59035d797f0bbbd02,,,1,1,TrialFinished,Visual,2026-10-08T08:41:58.6460330Z,526.667284,522.737438,21068,6,0,OperatingSource,0,0,1,61,Right,1,,CancelledBeforeOnset,,,0,0,0.000000,TaskSwitchPedal,0,0.500000,0.200000,,0.100000,5.000000,10.000000,-1525653754,526.177545,526.870499,,527.360228,,,,0,0,,,,,,Place,,1,"{""pedalAxisName"":""TaskSwitchPedal"",""usePlusMinusKeys"":true,""positivePedalKey"":61,""negativePedalKey"":45,""invertPedalAxis"":false,""pressThreshold"":0.5,""releaseThreshold"":0.20000000298023225,""minimumIntervalSeconds"":5.0,""maximumIntervalSeconds"":10.0,""minimumValidReactionSeconds"":0.10000000149011612,""randomSeed"":-1525653754}",ExperimentCompleted,0,0.000000,,CorrectSidePress,0,0,0,,,,,,,0.000000,0,0,Axis,0,1
20261008T083311983Z_6c2da03684844ae59035d797f0bbbd02,,,1,1,SubtaskStopped,Visual,2026-10-08T08:41:58.6460330Z,526.667874,522.737438,21068,6,0,OperatingSource,0,0,1,,,,,,,,0,0,0.000000,TaskSwitchPedal,0,0.500000,0.200000,,0.100000,5.000000,10.000000,-1525653754,526.178146,,,,,,,0,0,,,,,,Place,,1,"{""pedalAxisName"":""TaskSwitchPedal"",""usePlusMinusKeys"":true,""positivePedalKey"":61,""negativePedalKey"":45,""invertPedalAxis"":false,""pressThreshold"":0.5,""releaseThreshold"":0.20000000298023225,""minimumIntervalSeconds"":5.0,""maximumIntervalSeconds"":10.0,""minimumValidReactionSeconds"":0.10000000149011612,""randomSeed"":-1525653754}",ExperimentCompleted,0,0.000000,,CorrectSidePress,,,,,,,,,,0.000000,0,0,Axis,0,1
