session_id,participant_id,block_id,experiment_run_index,sample_index,utc_timestamp,real_elapsed_s,simulation_elapsed_s,frame,switch_index,active_crane_index,state,input_locked,global_paused,display_mode,operation_enabled,pause_interval_index,input_mode,movement_dead_zone,joystick2_horizontal,joystick2_vertical,joystick3_vertical,joystick3_slider,slider_axis,raw_current_slider,requested_current_a,requested_move_x,requested_move_y,requested_move_z,requested_spread,last_accepted_move_x,last_accepted_move_y,last_accepted_move_z,last_accepted_spread,accepted_command_frame,command_accepted_this_frame,applied_current_a,safe_current_hold_active,confirmation_button,detach_button,auditory_subtask_enabled,auditory_subtask_running,pedal_axis,raw_pedal,pedal_armed
20261007T094105551Z_265f722f92d24dc6a4117021c338e6d3,,,1,0,2026-10-07T09:41:05.6079776Z,0.042418,0.000000,285,0,-1,Idle,0,1,TaskSwitchDisplay,1,1,Joystick,0.100000,0.000000,0.000000,0.000000,-1.000000,,,,0.000000,0.000000,0.000000,0.000000,0.000000,0.000000,0.000000,0.000000,-1,0,,0,0,0,0,0,TaskSwitchPedal,,0
20261007T094105551Z_265f722f92d24dc6a4117021c338e6d3,,,1,1,2026-10-07T09:41:05.6748315Z,0.110064,0.124439,287,0,-1,Idle,0,1,TaskSwitchDisplay,1,1,Joystick,0.100000,0.000000,0.000000,0.000000,-1.000000,,,,0.000000,0.000000,0.000000,0.000000,0.000000,0.000000,0.000000,0.000000,-1,0,,0,0,0,0,0,TaskSwitchPedal,,0
20261007T094105551Z_265f722f92d24dc6a4117021c338e6d3,,,1,2,2026-10-07T09:41:05.7294422Z,0.164213,0.124439,291,0,-1,Idle,0,1,TaskSwitchDisplay,1,1,Joystick,0.100000,0.000000,0.000000,0.000000,-1.000000,,,,0.000000,0.000000,0.000000,0.000000,0.000000,0.000000,0.000000,0.000000,-1,0,,0,0,0,0,0,TaskSwitchPedal,,0
20261007T094105551Z_265f722f92d24dc6a4117021c338e6d3,,,1,3,2026-10-07T09:41:05.7804965Z,0.216501,0.124439,295,0,-1,Idle,0,1,TaskSwitchDisplay,1,1,Joystick,0.100000,0.000000,0.000000,0.000000,-1.000000,,,,0.000000,0.000000,0.000000,0.000000,0.000000,0.000000,0.000000,0.000000,-1,0,,0,0,0,0,0,TaskSwitchPedal,,0
20261007T094105551Z_265f722f92d24dc6a4117021c338e6d3,,,1,4,2026-10-07T09:41:05.8432504Z,0.278258,0.124439,300,0,-1,Idle,0,1,TaskSwitchDisplay,1,1,Joystick,0.100000,0.000000,0.000000,0.000000,-1.000000,,,,0.000000,0.000000,0.000000,0.000000,0.000000,0.000000,0.000000,0.000000,-1,0,,0,0,0,0,0,TaskSwitchPedal,,0
20261007T094105551Z_265f722f92d24dc6a4117021c338e6d3,,,1,5,2026-10-07T09:41:05.9030769Z,0.338480,0.124439,305,0,-1,Idle,0,1,TaskSwitchDisplay,1,1,Joystick,0.100000,0.000000,0.000000,0.000000,-1.000000,,,,0.000000,0.000000,0.000000,0.000000,0.000000,0.000000,0.000000,0.000000,-1,0,,0,0,0,0,0,TaskSwitchPedal,,0
20261007T094105551Z_265f722f92d24dc6a4117021c338e6d3,,,1,6,2026-10-07T09:41:05.9637565Z,0.398642,0.124439,310,0,-1,Idle,0,1,TaskSwitchDisplay,1,1,Joystick,0.100000,0.000000,0.000000,0.000000,-1.000000,,,,0.000000,0.000000,0.000000,0.000000,0.000000,0.000000,0.000000,0.000000,-1,0,,0,0,0,0,0,TaskSwitchPedal,,0
20261007T094105551Z_265f722f92d24dc6a4117021c338e6d3,,,1,7,2026-10-07T09:41:06.0256379Z,0.461353,0.124439,315,0,-1,Idle,0,1,TaskSwitchDisplay,1,1,Joystick,0.100000,0.000000,0.000000,0.000000,-1.000000,,,,0.000000,0.000000,0.000000,0.000000,0.000000,0.000000,0.000000,0.000000,-1,0,,0,0,0,0,0,TaskSwitchPedal,,0
20261007T094105551Z_265f722f92d24dc6a4117021c338e6d3,,,1,8,2026-10-07T09:41:06.0856636Z,0.520554,0.124439,320,0,-1,Idle,0,1,TaskSwitchDisplay,1,1,Joystick,0.100000,0.000000,0.000000,0.000000,-1.000000,,,,0.000000,0.000000,0.000000,0.000000,0.000000,0.000000,0.000000,0.000000,-1,0,,0,0,0,0,0,TaskSwitchPedal,,0
20261007T094105551Z_265f722f92d24dc6a4117021c338e6d3,,,1,9,2026-10-07T09:41:06.1433670Z,0.578482,0.124439,325,0,-1,Idle,0,1,TaskSwitchDisplay,1,1,Joystick,0.100000,0.000000,0.000000,0.000000,-1.000000,,,,0.000000,0.000000,0.000000,0.000000,0.000000,0.000000,0.000000,0.000000,-1,0,,0,0,0,0,0,TaskSwitchPedal,,0
20261007T094105551Z_265f722f92d24dc6a4117021c338e6d3,,,1,10,2026-10-07T09:41:06.2030299Z,0.638011,0.124439,330,0,-1,Idle,0,1,TaskSwitchDisplay,1,1,Joystick,0.100000,0.000000,0.000000,0.000000,-1.000000,,,,0.000000,0.000000,0.000000,0.000000,0.000000,0.000000,0.000000,0.000000,-1,0,,0,0,0,0,0,TaskSwitchPedal,,0
20261007T094105551Z_265f722f92d24dc6a4117021c338e6d3,,,1,11,2026-10-07T09:41:06.2578738Z,0.693305,0.124439,335,0,-1,Idle,0,1,TaskSwitchDisplay,1,1,Joystick,0.100000,0.000000,0.000000,0.000000,-1.000000,,,,0.000000,0.000000,0.000000,0.000000,0.000000,0.000000,0.000000,0.000000,-1,0,,0,0,0,0,0,TaskSwitchPedal,,0
20261007T094105551Z_265f722f92d24dc6a4117021c338e6d3,,,1,12,2026-10-07T09:41:06.3105958Z,0.745956,0.124439,340,0,-1,Idle,0,1,TaskSwitchDisplay,1,1,Joystick,0.100000,0.000000,0.000000,0.000000,-1.000000,,,,0.000000,0.000000,0.000000,0.000000,0.000000,0.000000,0.000000,0.000000,-1,0,,0,0,0,0,0,TaskSwitchPedal,,0
20261007T094105551Z_265f722f92d24dc6a4117021c338e6d3,,,1,13,2026-10-07T09:41:06.3700160Z,0.805982,0.124439,345,0,-1,Idle,0,1,TaskSwitchDisplay,1,1,Joystick,0.100000,0.000000,0.000000,0.000000,-1.000000,,,,0.000000,0.000000,0.000000,0.000000,0.000000,0.000000,0.000000,0.000000,-1,0,,0,0,0,0,0,TaskSwitchPedal,,0
20261007T094105551Z_265f722f92d24dc6a4117021c338e6d3,,,1,14,2026-10-07T09:41:06.4297398Z,0.864594,0.124439,350,0,-1,Idle,0,1,TaskSwitchDisplay,1,1,Joystick,0.100000,0.000000,0.000000,0.000000,-1.000000,,,,0.000000,0.000000,0.000000,0.000000,0.000000,0.000000,0.000000,0.000000,-1,0,,0,0,0,0,0,TaskSwitchPedal,,0
20261007T094105551Z_265f722f92d24dc6a4117021c338e6d3,,,1,15,2026-10-07T09:41:06.4817485Z,0.917479,0.124439,355,0,-1,Idle,0,1,TaskSwitchDisplay,1,1,Joystick,0.100000,0.000000,0.000000,0.000000,-1.000000,,,,0.000000,0.000000,0.000000,0.000000,0.000000,0.000000,0.000000,0.000000,-1,0,,0,0,0,0,0,TaskSwitchPedal,,0
20261007T094105551Z_265f722f92d24dc6a4117021c338e6d3,,,1,16,2026-10-07T09:41:06.5382539Z,0.973082,0.124439,360,0,-1,Idle,0,1,TaskSwitchDisplay,1,1,Joystick,0.100000,0.000000,0.000000,0.000000,-1.000000,,,,0.000000,0.000000,0.000000,0.000000,0.000000,0.000000,0.000000,0.000000,-1,0,,0,0,0,0,0,TaskSwitchPedal,,0
20261007T094105551Z_265f722f92d24dc6a4117021c338e6d3,,,1,17,2026-10-07T09:41:06.5947892Z,1.029722,0.124439,365,0,-1,Idle,0,1,TaskSwitchDisplay,1,1,Joystick,0.100000,0.000000,0.000000,0.000000,-1.000000,,,,0.000000,0.000000,0.000000,0.000000,0.000000,0.000000,0.000000,0.000000,-1,0,,0,0,0,0,0,TaskSwitchPedal,,0
20261007T094105551Z_265f722f92d24dc6a4117021c338e6d3,,,1,18,2026-10-07T09:41:06.6448192Z,1.080230,0.124439,370,0,-1,Idle,0,1,TaskSwitchDisplay,1,1,Joystick,0.100000,0.000000,0.000000,0.000000,-1.000000,,,,0.000000,0.000000,0.000000,0.000000,0.000000,0.000000,0.000000,0.000000,-1,0,,0,0,0,0,0,TaskSwitchPedal,,0
20261007T094105551Z_265f722f92d24dc6a4117021c338e6d3,,,1,19,2026-10-07T09:41:06.7055838Z,1.141279,0.124439,375,0,-1,Idle,0,1,TaskSwitchDisplay,1,1,Joystick,0.100000,0.000000,0.000000,0.000000,-1.000000,,,,0.000000,0.000000,0.000000,0.000000,0.000000,0.000000,0.000000,0.000000,-1,0,,0,0,0,0,0,TaskSwitchPedal,,0
20261007T094105551Z_265f722f92d24dc6a4117021c338e6d3,,,1,20,2026-10-07T09:41:06.7653974Z,1.200504,0.124439,380,0,-1,Idle,0,1,TaskSwitchDisplay,1,1,Joystick,0.100000,0.000000,0.000000,0.000000,-1.000000,,,,0.000000,0.000000,0.000000,0.000000,0.000000,0.000000,0.000000,0.000000,-1,0,,0,0,0,0,0,TaskSwitchPedal,,0
20261007T094105551Z_265f722f92d24dc6a4117021c338e6d3,,,1,21,2026-10-07T09:41:06.8181137Z,1.253018,0.124439,384,0,-1,Idle,0,1,TaskSwitchDisplay,1,1,Joystick,0.100000,0.000000,0.000000,0.000000,-1.000000,,,,0.000000,0.000000,0.000000,0.000000,0.000000,0.000000,0.000000,0.000000,-1,0,,0,0,0,0,0,TaskSwitchPedal,,0
20261007T094105551Z_265f722f92d24dc6a4117021c338e6d3,,,1,22,2026-10-07T09:41:06.8685820Z,1.304197,0.124439,388,0,-1,Idle,0,1,TaskSwitchDisplay,1,1,Joystick,0.100000,0.000000,0.000000,0.000000,-1.000000,,,,0.000000,0.000000,0.000000,0.000000,0.000000,0.000000,0.000000,0.000000,-1,0,,0,0,0,0,0,TaskSwitchPedal,,0
20261007T094105551Z_265f722f92d24dc6a4117021c338e6d3,,,1,23,2026-10-07T09:41:06.9258522Z,1.360867,0.124439,392,0,-1,Idle,0,1,TaskSwitchDisplay,1,1,Joystick,0.100000,0.000000,0.000000,0.000000,-1.000000,,,,0.000000,0.000000,0.000000,0.000000,0.000000,0.000000,0.000000,0.000000,-1,0,,0,0,0,0,0,TaskSwitchPedal,,0
20261007T094105551Z_265f722f92d24dc6a4117021c338e6d3,,,1,24,2026-10-07T09:41:06.9797202Z,1.414839,0.124439,396,0,-1,Idle,0,1,TaskSwitchDisplay,1,1,Joystick,0.100000,0.000000,0.000000,0.000000,-1.000000,,,,0.000000,0.000000,0.000000,0.000000,0.000000,0.000000,0.000000,0.000000,-1,0,,0,0,0,0,0,TaskSwitchPedal,,0
20261007T094105551Z_265f722f92d24dc6a4117021c338e6d3,,,1,25,2026-10-07T09:41:07.0411722Z,1.476933,0.124439,401,0,-1,Idle,0,1,TaskSwitchDisplay,1,1,Joystick,0.100000,0.000000,0.000000,0.000000,-1.000000,,,,0.000000,0.000000,0.000000,0.000000,0.000000,0.000000,0.000000,0.000000,-1,0,,0,0,0,0,0,TaskSwitchPedal,,0
20261007T094105551Z_265f722f92d24dc6a4117021c338e6d3,,,1,26,2026-10-07T09:41:07.0999263Z,1.535059,0.124439,406,0,-1,Idle,0,1,TaskSwitchDisplay,1,1,Joystick,0.100000,0.000000,0.000000,0.000000,-1.000000,,,,0.000000,0.000000,0.000000,0.000000,0.000000,0.000000,0.000000,0.000000,-1,0,,0,0,0,0,0,TaskSwitchPedal,,0
20261007T094105551Z_265f722f92d24dc6a4117021c338e6d3,,,1,27,2026-10-07T09:41:07.1601653Z,1.595641,0.124439,410,0,-1,Idle,0,1,TaskSwitchDisplay,1,1,Joystick,0.100000,0.000000,0.000000,0.000000,-1.000000,,,,0.000000,0.000000,0.000000,0.000000,0.000000,0.000000,0.000000,0.000000,-1,0,,0,0,0,0,0,TaskSwitchPedal,,0
20261007T094105551Z_265f722f92d24dc6a4117021c338e6d3,,,1,28,2026-10-07T09:41:07.2174554Z,1.652713,0.124439,415,0,-1,Idle,0,1,TaskSwitchDisplay,1,1,Joystick,0.100000,0.000000,0.000000,0.000000,-1.000000,,,,0.000000,0.000000,0.000000,0.000000,0.000000,0.000000,0.000000,0.000000,-1,0,,0,0,0,0,0,TaskSwitchPedal,,0
20261007T094105551Z_265f722f92d24dc6a4117021c338e6d3,,,1,29,2026-10-07T09:41:07.2729079Z,1.708101,0.124439,419,0,-1,Idle,0,1,TaskSwitchDisplay,1,1,Joystick,0.100000,0.000000,0.000000,0.000000,-1.000000,,,,0.000000,0.000000,0.000000,0.000000,0.000000,0.000000,0.000000,0.000000,-1,0,,0,0,0,0,0,TaskSwitchPedal,,0
20261007T094105551Z_265f722f92d24dc6a4117021c338e6d3,,,1,30,2026-10-07T09:41:07.3254919Z,1.761215,0.124439,423,0,-1,Idle,0,1,TaskSwitchDisplay,1,1,Joystick,0.100000,0.000000,0.000000,0.000000,-1.000000,,,,0.000000,0.000000,0.000000,0.000000,0.000000,0.000000,0.000000,0.000000,-1,0,,0,0,0,0,0,TaskSwitchPedal,,0
20261007T094105551Z_265f722f92d24dc6a4117021c338e6d3,,,1,31,2026-10-07T09:41:07.3809883Z,1.817189,0.124439,427,0,-1,Idle,0,1,TaskSwitchDisplay,1,1,Joystick,0.100000,0.000000,0.000000,0.000000,-1.000000,,,,0.000000,0.000000,0.000000,0.000000,0.000000,0.000000,0.000000,0.000000,-1,0,,0,0,0,0,0,TaskSwitchPedal,,0
20261007T094105551Z_265f722f92d24dc6a4117021c338e6d3,,,1,32,2026-10-07T09:41:07.4460946Z,1.881666,0.124439,432,0,-1,Idle,0,1,TaskSwitchDisplay,1,1,Joystick,0.100000,0.000000,0.000000,0.000000,-1.000000,,,,0.000000,0.000000,0.000000,0.000000,0.000000,0.000000,0.000000,0.000000,-1,0,,0,0,0,0,0,TaskSwitchPedal,,0
20261007T094105551Z_265f722f92d24dc6a4117021c338e6d3,,,1,33,2026-10-07T09:41:07.5086122Z,1.943996,0.124439,436,0,-1,Idle,0,1,TaskSwitchDisplay,1,1,Joystick,0.100000,0.000000,0.000000,0.000000,-1.000000,,,,0.000000,0.000000,0.000000,0.000000,0.000000,0.000000,0.000000,0.000000,-1,0,,0,0,0,0,0,TaskSwitchPedal,,0
20261007T094105551Z_265f722f92d24dc6a4117021c338e6d3,,,1,34,2026-10-07T09:41:07.5678958Z,2.003138,0.124439,440,0,-1,Idle,0,1,TaskSwitchDisplay,1,1,Joystick,0.100000,0.000000,0.000000,0.000000,-1.000000,,,,0.000000,0.000000,0.000000,0.000000,0.000000,0.000000,0.000000,0.000000,-1,0,,0,0,0,0,0,TaskSwitchPedal,,0
20261007T094105551Z_265f722f92d24dc6a4117021c338e6d3,,,1,35,2026-10-07T09:41:07.6232656Z,2.058523,0.124439,444,0,-1,Idle,0,1,TaskSwitchDisplay,1,1,Joystick,0.100000,0.000000,0.000000,0.000000,-1.000000,,,,0.000000,0.000000,0.000000,0.000000,0.000000,0.000000,0.000000,0.000000,-1,0,,0,0,0,0,0,TaskSwitchPedal,,0
20261007T094105551Z_265f722f92d24dc6a4117021c338e6d3,,,1,36,2026-10-07T09:41:07.6814849Z,2.116732,0.124439,449,0,-1,Idle,0,1,TaskSwitchDisplay,1,1,Joystick,0.100000,0.000000,0.000000,0.000000,-1.000000,,,,0.000000,0.000000,0.000000,0.000000,0.000000,0.000000,0.000000,0.000000,-1,0,,0,0,0,0,0,TaskSwitchPedal,,0
20261007T094105551Z_265f722f92d24dc6a4117021c338e6d3,,,1,37,2026-10-07T09:41:07.7382051Z,2.174178,0.124439,454,0,-1,Idle,0,1,TaskSwitchDisplay,1,1,Joystick,0.100000,0.000000,0.000000,0.000000,-1.000000,,,,0.000000,0.000000,0.000000,0.000000,0.000000,0.000000,0.000000,0.000000,-1,0,,0,0,0,0,0,TaskSwitchPedal,,0
20261007T094105551Z_265f722f92d24dc6a4117021c338e6d3,,,1,38,2026-10-07T09:41:07.7907565Z,2.225790,0.124439,458,0,-1,Idle,0,1,TaskSwitchDisplay,1,1,Joystick,0.100000,0.000000,0.000000,0.000000,-1.000000,,,,0.000000,0.000000,0.000000,0.000000,0.000000,0.000000,0.000000,0.000000,-1,0,,0,0,0,0,0,TaskSwitchPedal,,0
20261007T094105551Z_265f722f92d24dc6a4117021c338e6d3,,,1,39,2026-10-07T09:41:07.8435557Z,2.279402,0.124439,462,0,-1,Idle,0,1,TaskSwitchDisplay,1,1,Joystick,0.100000,0.000000,0.000000,0.000000,-1.000000,,,,0.000000,0.000000,0.000000,0.000000,0.000000,0.000000,0.000000,0.000000,-1,0,,0,0,0,0,0,TaskSwitchPedal,,0
20261007T094105551Z_265f722f92d24dc6a4117021c338e6d3,,,1,40,2026-10-07T09:41:07.9043324Z,2.339785,0.124439,466,0,-1,Idle,0,1,TaskSwitchDisplay,1,1,Joystick,0.100000,0.000000,0.000000,0.000000,-1.000000,,,,0.000000,0.000000,0.000000,0.000000,0.000000,0.000000,0.000000,0.000000,-1,0,,0,0,0,0,0,TaskSwitchPedal,,0
20261007T094105551Z_265f722f92d24dc6a4117021c338e6d3,,,1,41,2026-10-07T09:41:07.9557837Z,2.390613,0.124439,470,0,-1,Idle,0,1,TaskSwitchDisplay,1,1,Joystick,0.100000,0.000000,0.000000,0.000000,-1.000000,,,,0.000000,0.000000,0.000000,0.000000,0.000000,0.000000,0.000000,0.000000,-1,0,,0,0,0,0,0,TaskSwitchPedal,,0
20261007T094105551Z_265f722f92d24dc6a4117021c338e6d3,,,1,42,2026-10-07T09:41:08.0110096Z,2.446452,0.124439,474,0,-1,Idle,0,1,TaskSwitchDisplay,1,1,Joystick,0.100000,0.000000,0.000000,0.000000,-1.000000,,,,0.000000,0.000000,0.000000,0.000000,0.000000,0.000000,0.000000,0.000000,-1,0,,0,0,0,0,0,TaskSwitchPedal,,0
20261007T094105551Z_265f722f92d24dc6a4117021c338e6d3,,,1,43,2026-10-07T09:41:08.0617031Z,2.496661,0.124439,478,0,-1,Idle,0,1,TaskSwitchDisplay,1,1,Joystick,0.100000,0.000000,0.000000,0.000000,-1.000000,,,,0.000000,0.000000,0.000000,0.000000,0.000000,0.000000,0.000000,0.000000,-1,0,,0,0,0,0,0,TaskSwitchPedal,,0
20261007T094105551Z_265f722f92d24dc6a4117021c338e6d3,,,1,44,2026-10-07T09:41:08.1131066Z,2.548803,0.124439,482,0,-1,Idle,0,1,TaskSwitchDisplay,1,1,Joystick,0.100000,0.000000,0.000000,0.000000,-1.000000,,,,0.000000,0.000000,0.000000,0.000000,0.000000,0.000000,0.000000,0.000000,-1,0,,0,0,0,0,0,TaskSwitchPedal,,0
20261007T094105551Z_265f722f92d24dc6a4117021c338e6d3,,,1,45,2026-10-07T09:41:08.1672683Z,2.602669,0.124439,486,0,-1,Idle,0,1,TaskSwitchDisplay,1,1,Joystick,0.100000,0.000000,0.000000,0.000000,-1.000000,,,,0.000000,0.000000,0.000000,0.000000,0.000000,0.000000,0.000000,0.000000,-1,0,,0,0,0,0,0,TaskSwitchPedal,,0
20261007T094105551Z_265f722f92d24dc6a4117021c338e6d3,,,1,46,2026-10-07T09:41:08.2174463Z,2.652934,0.124439,490,0,-1,Idle,0,1,TaskSwitchDisplay,1,1,Joystick,0.100000,0.000000,0.000000,0.000000,-1.000000,,,,0.000000,0.000000,0.000000,0.000000,0.000000,0.000000,0.000000,0.000000,-1,0,,0,0,0,0,0,TaskSwitchPedal,,0
20261007T094105551Z_265f722f92d24dc6a4117021c338e6d3,,,1,47,2026-10-07T09:41:08.2707833Z,2.706762,0.124439,494,0,-1,Idle,0,1,TaskSwitchDisplay,1,1,Joystick,0.100000,0.000000,0.000000,0.000000,-1.000000,,,,0.000000,0.000000,0.000000,0.000000,0.000000,0.000000,0.000000,0.000000,-1,0,,0,0,0,0,0,TaskSwitchPedal,,0
20261007T094105551Z_265f722f92d24dc6a4117021c338e6d3,,,1,48,2026-10-07T09:41:08.3320921Z,2.767055,0.124439,499,0,-1,Idle,0,1,TaskSwitchDisplay,1,1,Joystick,0.100000,0.000000,0.000000,0.000000,-1.000000,,,,0.000000,0.000000,0.000000,0.000000,0.000000,0.000000,0.000000,0.000000,-1,0,,0,0,0,0,0,TaskSwitchPedal,,0
20261007T094105551Z_265f722f92d24dc6a4117021c338e6d3,,,1,49,2026-10-07T09:41:08.3872485Z,2.822457,0.124439,504,0,-1,Idle,0,1,TaskSwitchDisplay,1,1,Joystick,0.100000,0.000000,0.000000,0.000000,-1.000000,,,,0.000000,0.000000,0.000000,0.000000,0.000000,0.000000,0.000000,0.000000,-1,0,,0,0,0,0,0,TaskSwitchPedal,,0
20261007T094105551Z_265f722f92d24dc6a4117021c338e6d3,,,1,50,2026-10-07T09:41:08.4470051Z,2.882025,0.124439,509,0,-1,Idle,0,1,TaskSwitchDisplay,1,1,Joystick,0.100000,0.000000,0.000000,0.000000,-1.000000,,,,0.000000,0.000000,0.000000,0.000000,0.000000,0.000000,0.000000,0.000000,-1,0,,0,0,0,0,0,TaskSwitchPedal,,0
20261007T094105551Z_265f722f92d24dc6a4117021c338e6d3,,,1,51,2026-10-07T09:41:08.5048488Z,2.940350,0.124439,514,0,-1,Idle,0,1,TaskSwitchDisplay,1,1,Joystick,0.100000,0.000000,0.000000,0.000000,-1.000000,,,,0.000000,0.000000,0.000000,0.000000,0.000000,0.000000,0.000000,0.000000,-1,0,,0,0,0,0,0,TaskSwitchPedal,,0
20261007T094105551Z_265f722f92d24dc6a4117021c338e6d3,,,1,52,2026-10-07T09:41:08.5671452Z,3.002208,0.124439,519,0,-1,Idle,0,1,TaskSwitchDisplay,1,1,Joystick,0.100000,0.000000,0.000000,0.000000,-1.000000,,,,0.000000,0.000000,0.000000,0.000000,0.000000,0.000000,0.000000,0.000000,-1,0,,0,0,0,0,0,TaskSwitchPedal,,0
20261007T094105551Z_265f722f92d24dc6a4117021c338e6d3,,,1,53,2026-10-07T09:41:08.6941368Z,3.129426,0.124439,523,0,0,OperatingSource,0,0,TaskSwitchDisplay,1,,Joystick,0.100000,0.000000,0.000000,0.000000,-1.000000,JoyStick1LeftSlider,0.000000,0.000000,0.000000,0.000000,0.000000,0.000000,0.000000,0.000000,0.000000,0.000000,-1,0,0.000000,0,0,0,0,0,TaskSwitchPedal,,0
20261007T094105551Z_265f722f92d24dc6a4117021c338e6d3,,,1,54,2026-10-07T09:41:08.7513258Z,3.186510,0.260486,527,0,0,OperatingSource,0,0,TaskSwitchDisplay,1,,Joystick,0.100000,0.000000,0.000000,0.000000,-1.000000,JoyStick1LeftSlider,0.000000,0.000000,0.000000,0.000000,0.000000,0.000000,0.000000,0.000000,0.000000,0.000000,527,1,0.000000,0,0,0,0,0,TaskSwitchPedal,,0
20261007T094105551Z_265f722f92d24dc6a4117021c338e6d3,,,1,55,2026-10-07T09:41:08.8029485Z,3.238669,0.313052,532,0,0,OperatingSource,0,0,TaskSwitchDisplay,1,,Joystick,0.100000,0.000000,0.000000,0.000000,-1.000000,JoyStick1LeftSlider,0.000000,0.000000,0.000000,0.000000,0.000000,0.000000,0.000000,0.000000,0.000000,0.000000,531,0,0.000000,0,0,0,0,0,TaskSwitchPedal,,0
20261007T094105551Z_265f722f92d24dc6a4117021c338e6d3,,,1,56,2026-10-07T09:41:08.8581403Z,3.292994,0.366866,538,0,0,OperatingSource,0,0,TaskSwitchDisplay,1,,Joystick,0.100000,0.000000,0.000000,0.000000,-1.000000,JoyStick1LeftSlider,0.000000,0.000000,0.000000,0.000000,0.000000,0.000000,0.000000,0.000000,0.000000,0.000000,538,1,0.000000,0,0,0,0,0,TaskSwitchPedal,,0
20261007T094105551Z_265f722f92d24dc6a4117021c338e6d3,,,1,57,2026-10-07T09:41:08.9116460Z,3.347089,0.420978,544,0,0,OperatingSource,0,0,TaskSwitchDisplay,1,,Joystick,0.100000,0.000000,0.000000,0.000000,-1.000000,JoyStick1LeftSlider,0.000000,0.000000,0.000000,0.000000,0.000000,0.000000,0.000000,0.000000,0.000000,0.000000,544,1,0.000000,0,0,0,0,0,TaskSwitchPedal,,0
20261007T094105551Z_265f722f92d24dc6a4117021c338e6d3,,,1,58,2026-10-07T09:41:08.9647330Z,3.399729,0.473956,550,0,0,OperatingSource,0,0,TaskSwitchDisplay,1,,Joystick,0.100000,0.000000,0.000000,0.000000,-1.000000,JoyStick1LeftSlider,0.000000,0.000000,0.000000,0.000000,0.000000,0.000000,0.000000,0.000000,0.000000,0.000000,549,0,0.000000,0,0,0,0,0,TaskSwitchPedal,,0
20261007T094105551Z_265f722f92d24dc6a4117021c338e6d3,,,1,59,2026-10-07T09:41:09.0179532Z,3.453637,0.527363,556,0,0,OperatingSource,0,0,TaskSwitchDisplay,1,,Joystick,0.100000,0.000000,0.000000,0.000000,-1.000000,JoyStick1LeftSlider,0.000000,0.000000,0.000000,0.000000,0.000000,0.000000,0.000000,0.000000,0.000000,0.000000,556,1,0.000000,0,0,0,0,0,TaskSwitchPedal,,0
20261007T094105551Z_265f722f92d24dc6a4117021c338e6d3,,,1,60,2026-10-07T09:41:09.0786135Z,3.514334,0.587421,562,0,0,OperatingSource,0,0,TaskSwitchDisplay,1,,Joystick,0.100000,0.000000,0.000000,0.000000,-1.000000,JoyStick1LeftSlider,0.000000,0.000000,0.000000,0.000000,0.000000,0.000000,0.000000,0.000000,0.000000,0.000000,562,1,0.000000,0,0,0,0,0,TaskSwitchPedal,,0
20261007T094105551Z_265f722f92d24dc6a4117021c338e6d3,,,1,61,2026-10-07T09:41:09.1334368Z,3.568654,0.642280,566,0,0,OperatingSource,0,0,TaskSwitchDisplay,1,,Joystick,0.100000,0.000000,0.000000,0.000000,-1.000000,JoyStick1LeftSlider,0.000000,0.000000,0.000000,0.000000,0.000000,0.000000,0.000000,0.000000,0.000000,0.000000,566,1,0.000000,0,0,0,0,0,TaskSwitchPedal,,0
20261007T094105551Z_265f722f92d24dc6a4117021c338e6d3,,,1,62,2026-10-07T09:41:09.1841451Z,3.619010,0.693343,571,0,0,OperatingSource,0,0,TaskSwitchDisplay,1,,Joystick,0.100000,0.000000,0.000000,0.000000,-1.000000,JoyStick1LeftSlider,0.000000,0.000000,0.000000,0.000000,0.000000,0.000000,0.000000,0.000000,0.000000,0.000000,570,0,0.000000,0,0,0,0,0,TaskSwitchPedal,,0
20261007T094105551Z_265f722f92d24dc6a4117021c338e6d3,,,1,63,2026-10-07T09:41:09.2399401Z,3.674798,0.749154,577,0,0,OperatingSource,0,0,TaskSwitchDisplay,1,,Joystick,0.100000,0.000000,0.000000,-0.039258,-1.000000,JoyStick1LeftSlider,0.000000,0.000000,0.000000,0.000000,0.000000,0.000000,0.000000,0.000000,0.000000,0.000000,576,0,0.000000,0,0,0,0,0,TaskSwitchPedal,,0
20261007T094105551Z_265f722f92d24dc6a4117021c338e6d3,,,1,64,2026-10-07T09:41:09.2946409Z,3.730271,0.803845,583,0,0,OperatingSource,0,0,TaskSwitchDisplay,1,,Joystick,0.100000,0.000000,0.000000,-0.201445,-1.000000,JoyStick1LeftSlider,0.000000,0.000000,0.201445,0.000000,0.000000,0.000000,0.201445,0.000000,0.000000,0.000000,583,1,0.000000,0,0,0,0,0,TaskSwitchPedal,,0
20261007T094105551Z_265f722f92d24dc6a4117021c338e6d3,,,1,65,2026-10-07T09:41:09.3576758Z,3.793307,0.866478,588,0,0,OperatingSource,0,0,TaskSwitchDisplay,1,,Joystick,0.100000,0.000000,0.000000,-0.430838,-1.000000,JoyStick1LeftSlider,0.000000,0.000000,0.430838,0.000000,0.000000,0.000000,0.430838,0.000000,0.000000,0.000000,588,1,0.000000,0,0,0,0,0,TaskSwitchPedal,,0
20261007T094105551Z_265f722f92d24dc6a4117021c338e6d3,,,1,66,2026-10-07T09:41:09.4159536Z,3.850914,0.924198,593,0,0,OperatingSource,0,0,TaskSwitchDisplay,1,,Joystick,0.100000,0.000000,0.000000,-0.791630,-1.000000,JoyStick1LeftSlider,0.000000,0.000000,0.791630,0.000000,0.000000,0.000000,0.791630,0.000000,0.000000,0.000000,593,1,0.000000,0,0,0,0,0,TaskSwitchPedal,,0
20261007T094105551Z_265f722f92d24dc6a4117021c338e6d3,,,1,67,2026-10-07T09:41:09.4724914Z,3.907526,0.981065,598,0,0,OperatingSource,0,0,TaskSwitchDisplay,1,,Joystick,0.100000,0.000000,0.000000,-1.000000,-1.000000,JoyStick1LeftSlider,0.000000,0.000000,1.000000,0.000000,0.000000,0.000000,1.000000,0.000000,0.000000,0.000000,598,1,0.000000,0,0,0,0,0,TaskSwitchPedal,,0
20261007T094105551Z_265f722f92d24dc6a4117021c338e6d3,,,1,68,2026-10-07T09:41:09.5285318Z,3.964215,1.038577,603,0,0,OperatingSource,0,0,TaskSwitchDisplay,1,,Joystick,0.100000,0.000000,0.000000,-1.000000,-1.000000,JoyStick1LeftSlider,0.000000,0.000000,1.000000,0.000000,0.000000,0.000000,1.000000,0.000000,0.000000,0.000000,602,0,0.000000,0,0,0,0,0,TaskSwitchPedal,,0
20261007T094105551Z_265f722f92d24dc6a4117021c338e6d3,,,1,69,2026-10-07T09:41:09.5911581Z,4.026209,1.099644,608,0,0,OperatingSource,0,0,TaskSwitchDisplay,1,,Joystick,0.100000,0.000000,0.000000,-1.000000,-1.000000,JoyStick1LeftSlider,0.000000,0.000000,1.000000,0.000000,0.000000,0.000000,1.000000,0.000000,0.000000,0.000000,608,1,0.000000,0,0,0,0,0,TaskSwitchPedal,,0
20261007T094105551Z_265f722f92d24dc6a4117021c338e6d3,,,1,70,2026-10-07T09:41:09.6489284Z,4.083840,1.157887,613,0,0,OperatingSource,0,0,TaskSwitchDisplay,1,,Joystick,0.100000,0.000000,0.000000,-0.943779,-1.000000,JoyStick1LeftSlider,0.000000,0.000000,0.943779,0.000000,0.000000,0.000000,0.976908,0.000000,0.000000,0.000000,612,0,0.000000,0,0,0,0,0,TaskSwitchPedal,,0
20261007T094105551Z_265f722f92d24dc6a4117021c338e6d3,,,1,71,2026-10-07T09:41:09.6987246Z,4.134675,1.209052,618,0,0,OperatingSource,0,0,TaskSwitchDisplay,1,,Joystick,0.100000,0.000000,0.000000,-0.722150,-1.000000,JoyStick1LeftSlider,0.000000,0.000000,0.722150,0.000000,0.000000,0.000000,0.759043,0.000000,0.000000,0.000000,617,0,0.000000,0,0,0,0,0,TaskSwitchPedal,,0
20261007T094105551Z_265f722f92d24dc6a4117021c338e6d3,,,1,72,2026-10-07T09:41:09.7529000Z,4.188496,1.261472,623,0,0,OperatingSource,0,0,TaskSwitchDisplay,1,,Joystick,0.100000,0.000000,0.000000,-0.326636,-1.000000,JoyStick1LeftSlider,0.000000,0.000000,0.326636,0.000000,0.000000,0.000000,0.326636,0.000000,0.000000,0.000000,623,1,0.000000,0,0,0,0,0,TaskSwitchPedal,,0
20261007T094105551Z_265f722f92d24dc6a4117021c338e6d3,,,1,73,2026-10-07T09:41:09.8040672Z,4.240226,1.314486,628,0,0,OperatingSource,0,0,TaskSwitchDisplay,1,,Joystick,0.100000,0.000000,0.000000,0.000000,-1.000000,JoyStick1LeftSlider,0.000000,0.000000,0.000000,0.000000,0.000000,0.000000,0.000000,0.000000,0.000000,0.000000,627,0,0.000000,0,0,0,0,0,TaskSwitchPedal,,0
20261007T094105551Z_265f722f92d24dc6a4117021c338e6d3,,,1,74,2026-10-07T09:41:09.8565879Z,4.291780,1.364843,633,0,0,OperatingSource,0,0,TaskSwitchDisplay,1,,Joystick,0.100000,0.000000,0.000000,0.106567,-1.000000,JoyStick1LeftSlider,0.000000,0.000000,-0.106567,0.000000,0.000000,0.000000,-0.106567,0.000000,0.000000,0.000000,633,1,0.000000,0,0,0,0,0,TaskSwitchPedal,,0
20261007T094105551Z_265f722f92d24dc6a4117021c338e6d3,,,1,75,2026-10-07T09:41:09.9155375Z,4.351459,1.424788,639,0,0,OperatingSource,0,0,TaskSwitchDisplay,1,,Joystick,0.100000,0.000000,0.000000,0.312055,-1.000000,JoyStick1LeftSlider,0.000000,0.000000,-0.312055,0.000000,0.000000,0.000000,-0.312055,0.000000,0.000000,0.000000,639,1,0.000000,0,0,0,0,0,TaskSwitchPedal,,0
20261007T094105551Z_265f722f92d24dc6a4117021c338e6d3,,,1,76,2026-10-07T09:41:09.9730948Z,4.408990,1.482462,645,0,0,OperatingSource,0,0,TaskSwitchDisplay,1,,Joystick,0.100000,0.000000,0.000000,0.307715,-1.000000,JoyStick1LeftSlider,0.000000,0.000000,-0.307715,0.000000,0.000000,0.000000,-0.307715,0.000000,0.000000,0.000000,645,1,0.000000,0,0,0,0,0,TaskSwitchPedal,,0
20261007T094105551Z_265f722f92d24dc6a4117021c338e6d3,,,1,77,2026-10-07T09:41:10.0321808Z,4.467915,1.540931,651,0,0,OperatingSource,0,0,TaskSwitchDisplay,1,,Joystick,0.100000,0.000000,0.000000,0.287912,-1.000000,JoyStick1LeftSlider,0.000000,0.000000,-0.287912,0.000000,0.000000,0.000000,-0.287912,0.000000,0.000000,0.000000,651,1,0.000000,0,0,0,0,0,TaskSwitchPedal,,0
20261007T094105551Z_265f722f92d24dc6a4117021c338e6d3,,,1,78,2026-10-07T09:41:10.0887422Z,4.524861,1.599108,657,0,0,OperatingSource,0,0,TaskSwitchDisplay,1,,Joystick,0.100000,0.000000,0.000000,0.396048,-1.000000,JoyStick1LeftSlider,0.000000,0.000000,-0.396048,0.000000,0.000000,0.000000,-0.348575,0.000000,0.000000,0.000000,655,0,0.000000,0,0,0,0,0,TaskSwitchPedal,,0
20261007T094105551Z_265f722f92d24dc6a4117021c338e6d3,,,1,79,2026-10-07T09:41:10.1431287Z,4.578901,1.652824,662,0,0,OperatingSource,0,0,TaskSwitchDisplay,1,,Joystick,0.100000,0.000000,0.000000,0.611641,-1.000000,JoyStick1LeftSlider,0.000000,0.000000,-0.611641,0.000000,0.000000,0.000000,-0.546095,0.000000,0.000000,0.000000,661,0,0.000000,0,0,0,0,0,TaskSwitchPedal,,0
20261007T094105551Z_265f722f92d24dc6a4117021c338e6d3,,,1,80,2026-10-07T09:41:10.1987081Z,4.634144,1.707654,667,0,0,OperatingSource,0,0,TaskSwitchDisplay,1,,Joystick,0.100000,0.000000,0.000000,0.966193,-1.000000,JoyStick1LeftSlider,0.000000,0.000000,-0.966193,0.000000,0.000000,0.000000,-0.966193,0.000000,0.000000,0.000000,667,1,0.000000,0,0,0,0,0,TaskSwitchPedal,,0
20261007T094105551Z_265f722f92d24dc6a4117021c338e6d3,,,1,81,2026-10-07T09:41:10.2534129Z,4.689304,1.762533,672,0,0,OperatingSource,0,0,TaskSwitchDisplay,1,,Joystick,0.100000,0.000000,0.000000,1.000000,-0.902715,JoyStick1LeftSlider,0.000000,0.000000,-1.000000,0.000000,0.000000,0.000000,-1.000000,0.000000,0.000000,0.000000,672,1,0.000000,0,0,0,0,0,TaskSwitchPedal,,0
20261007T094105551Z_265f722f92d24dc6a4117021c338e6d3,,,1,82,2026-10-07T09:41:10.3054610Z,4.740809,1.815173,677,0,0,OperatingSource,0,0,TaskSwitchDisplay,1,,Joystick,0.100000,0.000000,0.000000,1.000000,-0.885388,JoyStick1LeftSlider,0.000000,0.000000,-1.000000,0.000000,0.000000,0.000000,-1.000000,0.000000,0.000000,0.000000,676,0,0.000000,0,0,0,0,0,TaskSwitchPedal,,0
20261007T094105551Z_265f722f92d24dc6a4117021c338e6d3,,,1,83,2026-10-07T09:41:10.3608004Z,4.796031,1.869859,682,0,0,OperatingSource,0,0,TaskSwitchDisplay,1,,Joystick,0.100000,0.000000,0.000000,0.970431,-0.884574,JoyStick1LeftSlider,0.000000,0.000000,-0.970431,0.000000,0.000000,0.000000,-0.970669,0.000000,0.000000,0.000000,681,0,0.000000,0,0,0,0,0,TaskSwitchPedal,,0
20261007T094105551Z_265f722f92d24dc6a4117021c338e6d3,,,1,84,2026-10-07T09:41:10.4192446Z,4.855107,1.928800,688,0,0,OperatingSource,0,0,TaskSwitchDisplay,1,,Joystick,0.100000,0.000000,0.000000,0.989454,-0.884574,JoyStick1LeftSlider,0.000000,0.000000,-0.989454,0.000000,0.000000,0.000000,-0.989454,0.000000,0.000000,0.000000,688,1,0.000000,0,0,0,0,0,TaskSwitchPedal,,0
20261007T094105551Z_265f722f92d24dc6a4117021c338e6d3,,,1,85,2026-10-07T09:41:10.4796141Z,4.915500,1.988942,694,0,0,OperatingSource,0,0,TaskSwitchDisplay,1,,Joystick,0.100000,0.000000,0.000000,0.988573,-0.884574,JoyStick1LeftSlider,0.000000,0.000000,-0.988573,0.000000,0.000000,0.000000,-0.988573,0.000000,0.000000,0.000000,694,1,0.000000,0,0,0,0,0,TaskSwitchPedal,,0
20261007T094105551Z_265f722f92d24dc6a4117021c338e6d3,,,1,86,2026-10-07T09:41:10.5315257Z,4.967118,2.040885,699,0,0,OperatingSource,0,0,TaskSwitchDisplay,1,,Joystick,0.100000,0.000000,0.000000,0.979451,-0.884574,JoyStick1LeftSlider,0.000000,0.000000,-0.979451,0.000000,0.000000,0.000000,-0.979451,0.000000,0.000000,0.000000,699,1,0.000000,0,0,0,0,0,TaskSwitchPedal,,0
20261007T094105551Z_265f722f92d24dc6a4117021c338e6d3,,,1,87,2026-10-07T09:41:10.5816032Z,5.017786,2.092113,704,0,0,OperatingSource,0,0,TaskSwitchDisplay,1,,Joystick,0.100000,0.000000,0.000000,0.980672,-0.884574,JoyStick1LeftSlider,0.000000,0.000000,-0.980672,0.000000,0.000000,0.000000,-0.979960,0.000000,0.000000,0.000000,703,0,0.000000,0,0,0,0,0,TaskSwitchPedal,,0
20261007T094105551Z_265f722f92d24dc6a4117021c338e6d3,,,1,88,2026-10-07T09:41:10.6355982Z,5.071538,2.145071,709,0,0,OperatingSource,0,0,TaskSwitchDisplay,1,,Joystick,0.100000,0.000000,0.000000,0.978298,-0.884574,JoyStick1LeftSlider,0.000000,0.000000,-0.978298,0.000000,0.000000,0.000000,-0.978298,0.000000,0.000000,0.000000,709,1,0.000000,0,0,0,0,0,TaskSwitchPedal,,0
20261007T094105551Z_265f722f92d24dc6a4117021c338e6d3,,,1,89,2026-10-07T09:41:10.6873902Z,5.122447,2.196745,713,0,0,OperatingSource,0,0,TaskSwitchDisplay,1,,Joystick,0.100000,0.000000,0.000000,0.970431,-0.884574,JoyStick1LeftSlider,0.000000,0.000000,-0.970431,0.000000,0.000000,0.000000,-0.971483,0.000000,0.000000,0.000000,712,0,0.000000,0,0,0,0,0,TaskSwitchPedal,,0
20261007T094105551Z_265f722f92d24dc6a4117021c338e6d3,,,1,90,2026-10-07T09:41:10.7377505Z,5.173381,2.246984,717,0,0,OperatingSource,0,0,TaskSwitchDisplay,1,,Joystick,0.100000,0.000000,0.000000,0.968160,-0.884574,JoyStick1LeftSlider,0.000000,0.000000,-0.968160,0.000000,0.000000,0.000000,-0.968160,0.000000,0.000000,0.000000,717,1,0.000000,0,0,0,0,0,TaskSwitchPedal,,0
20261007T094105551Z_265f722f92d24dc6a4117021c338e6d3,,,1,91,2026-10-07T09:41:10.7890426Z,5.224026,2.297385,721,0,0,OperatingSource,0,0,TaskSwitchDisplay,1,,Joystick,0.100000,0.000000,0.000000,0.965481,-0.884574,JoyStick1LeftSlider,0.000000,0.000000,-0.965481,0.000000,0.000000,0.000000,-0.966634,0.000000,0.000000,0.000000,720,0,0.000000,0,0,0,0,0,TaskSwitchPedal,,0
20261007T094105551Z_265f722f92d24dc6a4117021c338e6d3,,,1,92,2026-10-07T09:41:10.8409569Z,5.276623,2.349266,725,0,0,OperatingSource,0,0,TaskSwitchDisplay,1,,Joystick,0.100000,0.000000,0.000000,0.963412,-0.884574,JoyStick1LeftSlider,0.000000,0.000000,-0.963412,0.000000,0.000000,0.000000,-0.963412,0.000000,0.000000,0.000000,725,1,0.000000,0,0,0,0,0,TaskSwitchPedal,,0
20261007T094105551Z_265f722f92d24dc6a4117021c338e6d3,,,1,93,2026-10-07T09:41:10.8966074Z,5.332470,2.405887,730,0,0,OperatingSource,0,0,TaskSwitchDisplay,1,,Joystick,0.100000,0.000000,0.000000,0.959411,-0.884574,JoyStick1LeftSlider,0.000000,0.000000,-0.959411,0.000000,0.000000,0.000000,-0.959411,0.000000,0.000000,0.000000,730,1,0.000000,0,0,0,0,0,TaskSwitchPedal,,0
20261007T094105551Z_265f722f92d24dc6a4117021c338e6d3,,,1,94,2026-10-07T09:41:10.9531649Z,5.388894,2.462644,735,0,0,OperatingSource,0,0,TaskSwitchDisplay,1,,Joystick,0.100000,0.000000,0.000000,0.954867,-0.884574,JoyStick1LeftSlider,0.000000,0.000000,-0.954867,0.000000,0.000000,0.000000,-0.954867,0.000000,0.000000,0.000000,735,1,0.000000,0,0,0,0,0,TaskSwitchPedal,,0
20261007T094105551Z_265f722f92d24dc6a4117021c338e6d3,,,1,95,2026-10-07T09:41:11.0057071Z,5.440713,2.515025,740,0,0,OperatingSource,0,0,TaskSwitchDisplay,1,,Joystick,0.100000,0.000000,0.000000,0.951612,-0.884574,JoyStick1LeftSlider,0.000000,0.000000,-0.951612,0.000000,0.000000,0.000000,-0.952222,0.000000,0.000000,0.000000,739,0,0.000000,0,0,0,0,0,TaskSwitchPedal,,0
20261007T094105551Z_265f722f92d24dc6a4117021c338e6d3,,,1,96,2026-10-07T09:41:11.0570271Z,5.492161,2.564861,745,0,0,OperatingSource,0,0,TaskSwitchDisplay,1,,Joystick,0.100000,0.000000,0.000000,0.951612,-0.884574,JoyStick1LeftSlider,0.000000,0.000000,-0.951612,0.000000,0.000000,0.000000,-0.951612,0.000000,0.000000,0.000000,745,1,0.000000,0,0,0,0,0,TaskSwitchPedal,,0
20261007T094105551Z_265f722f92d24dc6a4117021c338e6d3,,,1,97,2026-10-07T09:41:11.1128277Z,5.547965,2.621379,751,0,0,OperatingSource,0,0,TaskSwitchDisplay,1,,Joystick,0.100000,0.000000,0.000000,0.950018,-0.884574,JoyStick1LeftSlider,0.000000,0.000000,-0.950018,0.000000,0.000000,0.000000,-0.950018,0.000000,0.000000,0.000000,751,1,0.000000,0,0,0,0,0,TaskSwitchPedal,,0
20261007T094105551Z_265f722f92d24dc6a4117021c338e6d3,,,1,98,2026-10-07T09:41:11.1717810Z,5.607004,2.680761,757,0,0,OperatingSource,0,0,TaskSwitchDisplay,1,,Joystick,0.100000,0.000000,0.000000,0.950018,-0.884574,JoyStick1LeftSlider,0.000000,0.000000,-0.950018,0.000000,0.000000,0.000000,-0.950018,0.000000,0.000000,0.000000,757,1,0.000000,0,0,0,0,0,TaskSwitchPedal,,0
20261007T094105551Z_265f722f92d24dc6a4117021c338e6d3,,,1,99,2026-10-07T09:41:11.2247944Z,5.659924,2.734203,762,0,0,OperatingSource,0,0,TaskSwitchDisplay,1,,Joystick,0.100000,0.000000,0.000000,0.949408,-0.884574,JoyStick1LeftSlider,0.000000,0.000000,-0.949408,0.000000,0.000000,0.000000,-0.949408,0.000000,0.000000,0.000000,761,0,0.000000,0,0,0,0,0,TaskSwitchPedal,,0
20261007T094105551Z_265f722f92d24dc6a4117021c338e6d3,,,1,100,2026-10-07T09:41:11.2751705Z,5.710669,2.784239,767,0,0,OperatingSource,0,0,TaskSwitchDisplay,1,,Joystick,0.100000,0.000000,0.000000,0.948289,-0.884574,JoyStick1LeftSlider,0.000000,0.000000,-0.948289,0.000000,0.000000,0.000000,-0.948289,0.000000,0.000000,0.000000,767,1,0.000000,0,0,0,0,0,TaskSwitchPedal,,0
20261007T094105551Z_265f722f92d24dc6a4117021c338e6d3,,,1,101,2026-10-07T09:41:11.3248566Z,5.760676,2.834982,772,0,0,OperatingSource,0,0,TaskSwitchDisplay,1,,Joystick,0.100000,0.000000,0.000000,0.949035,-0.884574,JoyStick1LeftSlider,0.000000,0.000000,-0.949035,0.000000,0.000000,0.000000,-0.949035,0.000000,0.000000,0.000000,771,0,0.000000,0,0,0,0,0,TaskSwitchPedal,,0
20261007T094105551Z_265f722f92d24dc6a4117021c338e6d3,,,1,102,2026-10-07T09:41:11.3833814Z,5.819279,2.893156,778,0,0,OperatingSource,0,0,TaskSwitchDisplay,1,,Joystick,0.100000,0.000000,0.000000,0.949069,-0.884574,JoyStick1LeftSlider,0.000000,0.000000,-0.949069,0.000000,0.000000,0.000000,-0.949069,0.000000,0.000000,0.000000,777,0,0.000000,0,0,0,0,0,TaskSwitchPedal,,0
20261007T094105551Z_265f722f92d24dc6a4117021c338e6d3,,,1,103,2026-10-07T09:41:11.4397427Z,5.874682,2.948229,782,0,0,OperatingSource,0,0,TaskSwitchDisplay,1,,Joystick,0.100000,0.000000,0.000000,0.949306,-0.884574,JoyStick1LeftSlider,0.000000,0.000000,-0.949306,0.000000,0.000000,0.000000,-0.949306,0.000000,0.000000,0.000000,782,1,0.000000,0,0,0,0,0,TaskSwitchPedal,,0
20261007T094105551Z_265f722f92d24dc6a4117021c338e6d3,,,1,104,2026-10-07T09:41:11.4969359Z,5.932071,3.005113,788,0,0,OperatingSource,0,0,TaskSwitchDisplay,1,,Joystick,0.100000,0.000000,0.000000,0.949815,-0.884574,JoyStick1LeftSlider,0.000000,0.000000,-0.949815,0.000000,0.000000,0.000000,-0.949815,0.000000,0.000000,0.000000,788,1,0.000000,0,0,0,0,0,TaskSwitchPedal,,0
20261007T094105551Z_265f722f92d24dc6a4117021c338e6d3,,,1,105,2026-10-07T09:41:11.5534391Z,5.989210,3.063025,794,0,0,OperatingSource,0,0,TaskSwitchDisplay,1,,Joystick,0.100000,0.000000,0.000000,0.949815,-0.884574,JoyStick1LeftSlider,0.000000,0.000000,-0.949815,0.000000,0.000000,0.000000,-0.949815,0.000000,0.000000,0.000000,794,1,0.000000,0,0,0,0,0,TaskSwitchPedal,,0
20261007T094105551Z_265f722f92d24dc6a4117021c338e6d3,,,1,106,2026-10-07T09:41:11.6056321Z,6.040615,3.114958,799,0,0,OperatingSource,0,0,TaskSwitchDisplay,1,,Joystick,0.100000,0.000000,0.000000,0.949849,-0.884574,JoyStick1LeftSlider,0.000000,0.000000,-0.949849,0.000000,0.000000,0.000000,-0.949849,0.000000,0.000000,0.000000,798,0,0.000000,0,0,0,0,0,TaskSwitchPedal,,0
20261007T094105551Z_265f722f92d24dc6a4117021c338e6d3,,,1,107,2026-10-07T09:41:11.6659021Z,6.101055,3.175412,805,0,0,OperatingSource,0,0,TaskSwitchDisplay,1,,Joystick,0.100000,0.000000,0.000000,0.950527,-0.884574,JoyStick1LeftSlider,0.000000,0.000000,-0.950527,0.000000,0.000000,0.000000,-0.949984,0.000000,0.000000,0.000000,804,0,0.000000,0,0,0,0,0,TaskSwitchPedal,,0
20261007T094105551Z_265f722f92d24dc6a4117021c338e6d3,,,1,108,2026-10-07T09:41:11.7236414Z,6.158604,3.233008,811,0,0,OperatingSource,0,0,TaskSwitchDisplay,1,,Joystick,0.100000,0.000000,0.000000,0.950527,-0.884574,JoyStick1LeftSlider,0.000000,0.000000,-0.950527,0.000000,0.000000,0.000000,-0.950527,0.000000,0.000000,0.000000,810,0,0.000000,0,0,0,0,0,TaskSwitchPedal,,0
20261007T094105551Z_265f722f92d24dc6a4117021c338e6d3,,,1,109,2026-10-07T09:41:11.7740124Z,6.209728,3.282925,816,0,0,OperatingSource,0,0,TaskSwitchDisplay,1,,Joystick,0.100000,0.000000,0.000000,0.950561,-0.884574,JoyStick1LeftSlider,0.000000,0.000000,-0.950561,0.000000,0.000000,0.000000,-0.950561,0.000000,0.000000,0.000000,816,1,0.000000,0,0,0,0,0,TaskSwitchPedal,,0
20261007T094105551Z_265f722f92d24dc6a4117021c338e6d3,,,1,110,2026-10-07T09:41:11.8255388Z,6.261287,3.335661,821,0,0,OperatingSource,0,0,TaskSwitchDisplay,1,,Joystick,0.100000,0.000000,0.000000,0.950561,-0.884574,JoyStick1LeftSlider,0.000000,0.000000,-0.950561,0.000000,0.000000,0.000000,-0.950561,0.000000,0.000000,0.000000,820,0,0.000000,0,0,0,0,0,TaskSwitchPedal,,0
20261007T094105551Z_265f722f92d24dc6a4117021c338e6d3,,,1,111,2026-10-07T09:41:11.8790156Z,6.314856,3.388499,826,0,0,OperatingSource,0,0,TaskSwitchDisplay,1,,Joystick,0.100000,0.000000,0.000000,0.949916,-0.884574,JoyStick1LeftSlider,0.000000,0.000000,-0.949916,0.000000,0.000000,0.000000,-0.949916,0.000000,0.000000,0.000000,826,1,0.000000,0,0,0,0,0,TaskSwitchPedal,,0
20261007T094105551Z_265f722f92d24dc6a4117021c338e6d3,,,1,112,2026-10-07T09:41:11.9376797Z,6.373390,3.447118,831,0,0,OperatingSource,0,0,TaskSwitchDisplay,1,,Joystick,0.100000,0.000000,0.000000,0.949781,-0.884574,JoyStick1LeftSlider,0.000000,0.000000,-0.949781,0.000000,0.000000,0.000000,-0.949781,0.000000,0.000000,0.000000,831,1,0.000000,0,0,0,0,0,TaskSwitchPedal,,0
20261007T094105551Z_265f722f92d24dc6a4117021c338e6d3,,,1,113,2026-10-07T09:41:11.9915715Z,6.426981,3.500573,835,0,0,OperatingSource,0,0,TaskSwitchDisplay,1,,Joystick,0.100000,0.000000,0.000000,0.949306,-0.884574,JoyStick1LeftSlider,0.000000,0.000000,-0.949306,0.000000,0.000000,0.000000,-0.949306,0.000000,0.000000,0.000000,835,1,0.000000,0,0,0,0,0,TaskSwitchPedal,,0
20261007T094105551Z_265f722f92d24dc6a4117021c338e6d3,,,1,114,2026-10-07T09:41:12.0417113Z,6.477913,3.551225,839,0,0,OperatingSource,0,0,TaskSwitchDisplay,1,,Joystick,0.100000,0.000000,0.000000,0.948967,-0.884574,JoyStick1LeftSlider,0.000000,0.000000,-0.948967,0.000000,0.000000,0.000000,-0.948967,0.000000,0.000000,0.000000,838,0,0.000000,0,0,0,0,0,TaskSwitchPedal,,0
20261007T094105551Z_265f722f92d24dc6a4117021c338e6d3,,,1,115,2026-10-07T09:41:12.1041254Z,6.539260,3.612868,844,0,0,OperatingSource,0,0,TaskSwitchDisplay,1,,Joystick,0.100000,0.000000,0.000000,0.948967,-0.884574,JoyStick1LeftSlider,0.000000,0.000000,-0.948967,0.000000,0.000000,0.000000,-0.948967,0.000000,0.000000,0.000000,843,0,0.000000,0,0,0,0,0,TaskSwitchPedal,,0
20261007T094105551Z_265f722f92d24dc6a4117021c338e6d3,,,1,116,2026-10-07T09:41:12.1636869Z,6.598892,3.673192,849,0,0,OperatingSource,0,0,TaskSwitchDisplay,1,,Joystick,0.100000,0.000000,0.000000,0.948492,-0.884574,JoyStick1LeftSlider,0.000000,0.000000,-0.948492,0.000000,0.000000,0.000000,-0.948492,0.000000,0.000000,0.000000,848,0,0.000000,0,0,0,0,0,TaskSwitchPedal,,0
20261007T094105551Z_265f722f92d24dc6a4117021c338e6d3,,,1,117,2026-10-07T09:41:12.2301882Z,6.665298,3.734462,854,1,0,WaitingForPhaseBoundary,0,0,TaskSwitchDisplay,1,,Joystick,0.100000,0.000000,0.000000,0.947712,-0.884574,JoyStick1LeftSlider,0.000000,0.000000,-0.947712,0.000000,0.000000,0.000000,-0.947712,0.000000,0.000000,0.000000,853,0,0.000000,0,0,0,0,0,TaskSwitchPedal,,0
20261007T094105551Z_265f722f92d24dc6a4117021c338e6d3,,,1,118,2026-10-07T09:41:12.2857391Z,6.721007,3.795420,859,1,0,WaitingForPhaseBoundary,0,0,TaskSwitchDisplay,1,,Joystick,0.100000,0.000000,0.000000,0.947746,-0.884574,JoyStick1LeftSlider,0.000000,0.000000,-0.947746,0.000000,0.000000,0.000000,-0.947746,0.000000,0.000000,0.000000,858,0,0.000000,0,0,0,0,0,TaskSwitchPedal,,0
20261007T094105551Z_265f722f92d24dc6a4117021c338e6d3,,,1,119,2026-10-07T09:41:12.3393888Z,6.775019,3.848713,864,1,0,WaitingForPhaseBoundary,0,0,TaskSwitchDisplay,1,,Joystick,0.100000,0.000000,0.000000,0.948018,-0.884574,JoyStick1LeftSlider,0.000000,0.000000,-0.948018,0.000000,0.000000,0.000000,-0.948018,0.000000,0.000000,0.000000,864,1,0.000000,0,0,0,0,0,TaskSwitchPedal,,0
20261007T094105551Z_265f722f92d24dc6a4117021c338e6d3,,,1,120,2026-10-07T09:41:12.3939102Z,6.829396,3.903055,869,1,0,WaitingForPhaseBoundary,0,0,TaskSwitchDisplay,1,,Joystick,0.100000,0.000000,0.000000,0.948018,-0.884574,JoyStick1LeftSlider,0.000000,0.000000,-0.948018,0.000000,0.000000,0.000000,-0.948018,0.000000,0.000000,0.000000,869,1,0.000000,0,0,0,0,0,TaskSwitchPedal,,0
20261007T094105551Z_265f722f92d24dc6a4117021c338e6d3,,,1,121,2026-10-07T09:41:12.4482229Z,6.883736,3.958115,874,1,0,WaitingForPhaseBoundary,0,0,TaskSwitchDisplay,1,,Joystick,0.100000,0.000000,0.000000,0.949035,-0.884574,JoyStick1LeftSlider,0.000000,0.000000,-0.949035,0.000000,0.000000,0.000000,-0.948289,0.000000,0.000000,0.000000,873,0,0.000000,0,0,0,0,0,TaskSwitchPedal,,0
20261007T094105551Z_265f722f92d24dc6a4117021c338e6d3,,,1,122,2026-10-07T09:41:12.5014155Z,6.936585,4.010970,879,1,0,WaitingForPhaseBoundary,0,0,TaskSwitchDisplay,1,,Joystick,0.100000,0.000000,0.000000,0.949069,-0.884574,JoyStick1LeftSlider,0.000000,0.000000,-0.949069,0.000000,0.000000,0.000000,-0.949069,0.000000,0.000000,0.000000,878,0,0.000000,0,0,0,0,0,TaskSwitchPedal,,0
20261007T094105551Z_265f722f92d24dc6a4117021c338e6d3,,,1,123,2026-10-07T09:41:12.5612470Z,6.996562,4.070953,885,1,0,WaitingForPhaseBoundary,0,0,TaskSwitchDisplay,1,,Joystick,0.100000,0.000000,0.000000,0.949543,-0.884574,JoyStick1LeftSlider,0.000000,0.000000,-0.949543,0.000000,0.000000,0.000000,-0.949069,0.000000,0.000000,0.000000,884,0,0.000000,0,0,0,0,0,TaskSwitchPedal,,0
20261007T094105551Z_265f722f92d24dc6a4117021c338e6d3,,,1,124,2026-10-07T09:41:12.6210294Z,7.056381,4.130768,891,1,0,WaitingForPhaseBoundary,0,0,TaskSwitchDisplay,1,,Joystick,0.100000,0.000000,0.000000,0.949543,-0.884574,JoyStick1LeftSlider,0.000000,0.000000,-0.949543,0.000000,0.000000,0.000000,-0.949543,0.000000,0.000000,0.000000,890,0,0.000000,0,0,0,0,0,TaskSwitchPedal,,0
20261007T094105551Z_265f722f92d24dc6a4117021c338e6d3,,,1,125,2026-10-07T09:41:12.6718561Z,7.107170,4.181035,896,1,0,WaitingForPhaseBoundary,0,0,TaskSwitchDisplay,1,,Joystick,0.100000,0.000000,0.000000,0.949543,-0.884574,JoyStick1LeftSlider,0.000000,0.000000,-0.949543,0.000000,0.000000,0.000000,-0.949543,0.000000,0.000000,0.000000,896,1,0.000000,0,0,0,0,0,TaskSwitchPedal,,0
20261007T094105551Z_265f722f92d24dc6a4117021c338e6d3,,,1,126,2026-10-07T09:41:12.7215303Z,7.157362,4.231762,901,1,0,WaitingForPhaseBoundary,0,0,TaskSwitchDisplay,1,,Joystick,0.100000,0.000000,0.000000,0.949543,-0.884574,JoyStick1LeftSlider,0.000000,0.000000,-0.949543,0.000000,0.000000,0.000000,-0.949543,0.000000,0.000000,0.000000,900,0,0.000000,0,0,0,0,0,TaskSwitchPedal,,0
20261007T094105551Z_265f722f92d24dc6a4117021c338e6d3,,,1,127,2026-10-07T09:41:12.7737133Z,7.209877,4.283393,907,1,0,WaitingForPhaseBoundary,0,0,TaskSwitchDisplay,1,,Joystick,0.100000,0.000000,0.000000,0.949543,-0.884574,JoyStick1LeftSlider,0.000000,0.000000,-0.949543,0.000000,0.000000,0.000000,-0.949543,0.000000,0.000000,0.000000,907,1,0.000000,0,0,0,0,0,TaskSwitchPedal,,0
20261007T094105551Z_265f722f92d24dc6a4117021c338e6d3,,,1,128,2026-10-07T09:41:12.8322931Z,7.267425,4.341239,913,1,0,WaitingForPhaseBoundary,0,0,TaskSwitchDisplay,1,,Joystick,0.100000,0.000000,0.000000,0.949543,-0.884574,JoyStick1LeftSlider,0.000000,0.000000,-0.949543,0.000000,0.000000,0.000000,-0.949543,0.000000,0.000000,0.000000,913,1,0.000000,0,0,0,0,0,TaskSwitchPedal,,0
20261007T094105551Z_265f722f92d24dc6a4117021c338e6d3,,,1,129,2026-10-07T09:41:12.8891044Z,7.324309,4.398627,919,1,0,WaitingForPhaseBoundary,0,0,TaskSwitchDisplay,1,,Joystick,0.100000,0.000000,0.000000,0.949374,-0.884574,JoyStick1LeftSlider,0.000000,0.000000,-0.949374,0.000000,0.000000,0.000000,-0.949374,0.000000,0.000000,0.000000,917,0,0.000000,0,0,0,0,0,TaskSwitchPedal,,0
20261007T094105551Z_265f722f92d24dc6a4117021c338e6d3,,,1,130,2026-10-07T09:41:12.9439130Z,7.379663,4.454049,925,1,0,WaitingForPhaseBoundary,0,0,TaskSwitchDisplay,1,,Joystick,0.100000,0.000000,0.000000,0.949374,-0.884574,JoyStick1LeftSlider,0.000000,0.000000,-0.949374,0.000000,0.000000,0.000000,-0.949374,0.000000,0.000000,0.000000,924,0,0.000000,0,0,0,0,0,TaskSwitchPedal,,0
20261007T094105551Z_265f722f92d24dc6a4117021c338e6d3,,,1,131,2026-10-07T09:41:13.0001211Z,7.435922,4.510293,931,1,0,WaitingForPhaseBoundary,0,0,TaskSwitchDisplay,1,,Joystick,0.100000,0.000000,0.000000,0.949374,-0.884574,JoyStick1LeftSlider,0.000000,0.000000,-0.949374,0.000000,0.000000,0.000000,-0.949374,0.000000,0.000000,0.000000,930,0,0.000000,0,0,0,0,0,TaskSwitchPedal,,0
20261007T094105551Z_265f722f92d24dc6a4117021c338e6d3,,,1,132,2026-10-07T09:41:13.0555986Z,7.490656,4.564478,937,1,0,WaitingForPhaseBoundary,0,0,TaskSwitchDisplay,1,,Joystick,0.100000,0.000000,0.000000,0.949238,-0.884574,JoyStick1LeftSlider,0.000000,0.000000,-0.949238,0.000000,0.000000,0.000000,-0.949238,0.000000,0.000000,0.000000,937,1,0.000000,0,0,0,0,0,TaskSwitchPedal,,0
20261007T094105551Z_265f722f92d24dc6a4117021c338e6d3,,,1,133,2026-10-07T09:41:13.1129244Z,7.548330,4.622181,943,1,0,WaitingForPhaseBoundary,0,0,TaskSwitchDisplay,1,,Joystick,0.100000,0.000000,0.000000,0.948967,-0.884574,JoyStick1LeftSlider,0.000000,0.000000,-0.948967,0.000000,0.000000,0.000000,-0.948967,0.000000,0.000000,0.000000,943,1,0.000000,0,0,0,0,0,TaskSwitchPedal,,0
20261007T094105551Z_265f722f92d24dc6a4117021c338e6d3,,,1,134,2026-10-07T09:41:13.1710165Z,7.606761,4.680429,949,1,0,WaitingForPhaseBoundary,0,0,TaskSwitchDisplay,1,,Joystick,0.100000,0.000000,0.000000,0.948967,-0.884574,JoyStick1LeftSlider,0.000000,0.000000,-0.948967,0.000000,0.000000,0.000000,-0.948967,0.000000,0.000000,0.000000,949,1,0.000000,0,0,0,0,0,TaskSwitchPedal,,0
20261007T094105551Z_265f722f92d24dc6a4117021c338e6d3,,,1,135,2026-10-07T09:41:13.2265702Z,7.661947,4.735966,954,1,0,WaitingForPhaseBoundary,0,0,TaskSwitchDisplay,1,,Joystick,0.100000,0.000000,0.000000,0.948967,-0.884574,JoyStick1LeftSlider,0.000000,0.000000,-0.948967,0.000000,0.000000,0.000000,-0.948967,0.000000,0.000000,0.000000,953,0,0.000000,0,0,0,0,0,TaskSwitchPedal,,0
20261007T094105551Z_265f722f92d24dc6a4117021c338e6d3,,,1,136,2026-10-07T09:41:13.2803619Z,7.716835,4.791234,959,1,0,WaitingForPhaseBoundary,0,0,TaskSwitchDisplay,1,,Joystick,0.100000,0.000000,0.000000,0.948357,-0.884574,JoyStick1LeftSlider,0.000000,0.000000,-0.948357,0.000000,0.000000,0.000000,-0.948865,0.000000,0.000000,0.000000,958,0,0.000000,0,0,0,0,0,TaskSwitchPedal,,0
20261007T094105551Z_265f722f92d24dc6a4117021c338e6d3,,,1,137,2026-10-07T09:41:13.3360959Z,7.771175,4.844880,964,1,0,WaitingForPhaseBoundary,0,0,TaskSwitchDisplay,1,,Joystick,0.100000,0.000000,0.000000,0.948153,-0.884574,JoyStick1LeftSlider,0.000000,0.000000,-0.948153,0.000000,0.000000,0.000000,-0.948153,0.000000,0.000000,0.000000,964,1,0.000000,0,0,0,0,0,TaskSwitchPedal,,0
20261007T094105551Z_265f722f92d24dc6a4117021c338e6d3,,,1,138,2026-10-07T09:41:13.3950354Z,7.830312,4.903994,969,1,0,WaitingForPhaseBoundary,0,0,TaskSwitchDisplay,1,,Joystick,0.100000,0.000000,0.000000,0.948221,-0.884574,JoyStick1LeftSlider,0.000000,0.000000,-0.948221,0.000000,0.000000,0.000000,-0.948221,0.000000,0.000000,0.000000,969,1,0.000000,0,0,0,0,0,TaskSwitchPedal,,0
20261007T094105551Z_265f722f92d24dc6a4117021c338e6d3,,,1,139,2026-10-07T09:41:13.4515981Z,7.887947,4.961257,974,1,0,WaitingForPhaseBoundary,0,0,TaskSwitchDisplay,1,,Joystick,0.100000,0.000000,0.000000,0.948052,-0.884574,JoyStick1LeftSlider,0.000000,0.000000,-0.948052,0.000000,0.000000,0.000000,-0.948052,0.000000,0.000000,0.000000,974,1,0.000000,0,0,0,0,0,TaskSwitchPedal,,0
20261007T094105551Z_265f722f92d24dc6a4117021c338e6d3,,,1,140,2026-10-07T09:41:13.5068852Z,7.942789,5.016475,979,1,0,WaitingForPhaseBoundary,0,0,TaskSwitchDisplay,1,,Joystick,0.100000,0.000000,0.000000,0.948560,-0.884574,JoyStick1LeftSlider,0.000000,0.000000,-0.948560,0.000000,0.000000,0.000000,-0.948560,0.000000,0.000000,0.000000,978,0,0.000000,0,0,0,0,0,TaskSwitchPedal,,0
20261007T094105551Z_265f722f92d24dc6a4117021c338e6d3,,,1,141,2026-10-07T09:41:13.5586961Z,7.994470,5.067585,984,1,0,WaitingForPhaseBoundary,0,0,TaskSwitchDisplay,1,,Joystick,0.100000,0.000000,0.000000,0.948560,-0.884574,JoyStick1LeftSlider,0.000000,0.000000,-0.948560,0.000000,0.000000,0.000000,-0.948560,0.000000,0.000000,0.000000,984,1,0.000000,0,0,0,0,0,TaskSwitchPedal,,0
20261007T094105551Z_265f722f92d24dc6a4117021c338e6d3,,,1,142,2026-10-07T09:41:13.6118724Z,8.047478,5.121281,988,1,0,WaitingForPhaseBoundary,0,0,TaskSwitchDisplay,1,,Joystick,0.100000,0.000000,0.000000,0.948560,-0.884574,JoyStick1LeftSlider,0.000000,0.000000,-0.948560,0.000000,0.000000,0.000000,-0.948560,0.000000,0.000000,0.000000,988,1,0.000000,0,0,0,0,0,TaskSwitchPedal,,0
20261007T094105551Z_265f722f92d24dc6a4117021c338e6d3,,,1,143,2026-10-07T09:41:13.6624383Z,8.097900,5.171959,993,1,0,WaitingForPhaseBoundary,0,0,TaskSwitchDisplay,1,,Joystick,0.100000,0.000000,0.000000,0.948560,-0.884574,JoyStick1LeftSlider,0.000000,0.000000,-0.948560,0.000000,0.000000,0.000000,-0.948560,0.000000,0.000000,0.000000,992,0,0.000000,0,0,0,0,0,TaskSwitchPedal,,0
20261007T094105551Z_265f722f92d24dc6a4117021c338e6d3,,,1,144,2026-10-07T09:41:13.7185266Z,8.154088,5.227806,999,1,0,WaitingForPhaseBoundary,0,0,TaskSwitchDisplay,1,,Joystick,0.100000,0.000000,0.000000,0.948594,-0.884574,JoyStick1LeftSlider,0.000000,0.000000,-0.948594,0.000000,0.000000,0.000000,-0.948594,0.000000,0.000000,0.000000,999,1,0.000000,0,0,0,0,0,TaskSwitchPedal,,0
20261007T094105551Z_265f722f92d24dc6a4117021c338e6d3,,,1,145,2026-10-07T09:41:13.7779372Z,8.213114,5.286478,1005,1,0,WaitingForPhaseBoundary,0,0,TaskSwitchDisplay,1,,Joystick,0.100000,0.000000,0.000000,0.949069,-0.884574,JoyStick1LeftSlider,0.000000,0.000000,-0.949069,0.000000,0.000000,0.000000,-0.949069,0.000000,0.000000,0.000000,1005,1,0.000000,0,0,0,0,0,TaskSwitchPedal,,0
20261007T094105551Z_265f722f92d24dc6a4117021c338e6d3,,,1,146,2026-10-07T09:41:13.8364393Z,8.272397,5.345774,1011,1,0,WaitingForPhaseBoundary,0,0,TaskSwitchDisplay,1,,Joystick,0.100000,0.000000,0.000000,0.949069,-0.884574,JoyStick1LeftSlider,0.000000,0.000000,-0.949069,0.000000,0.000000,0.000000,-0.949069,0.000000,0.000000,0.000000,1011,1,0.000000,0,0,0,0,0,TaskSwitchPedal,,0
20261007T094105551Z_265f722f92d24dc6a4117021c338e6d3,,,1,147,2026-10-07T09:41:13.8949290Z,8.330687,5.404444,1017,1,0,WaitingForPhaseBoundary,0,0,TaskSwitchDisplay,1,,Joystick,0.100000,0.000000,0.000000,0.949069,-0.884574,JoyStick1LeftSlider,0.000000,0.000000,-0.949069,0.000000,0.000000,0.000000,-0.949069,0.000000,0.000000,0.000000,1017,1,0.000000,0,0,0,0,0,TaskSwitchPedal,,0
20261007T094105551Z_265f722f92d24dc6a4117021c338e6d3,,,1,148,2026-10-07T09:41:13.9513277Z,8.386966,5.460702,1023,1,0,WaitingForPhaseBoundary,0,0,TaskSwitchDisplay,1,,Joystick,0.100000,0.000000,0.000000,0.949069,-0.884574,JoyStick1LeftSlider,0.000000,0.000000,-0.949069,0.000000,0.000000,0.000000,-0.949069,0.000000,0.000000,0.000000,1023,1,0.000000,0,0,0,0,0,TaskSwitchPedal,,0
20261007T094105551Z_265f722f92d24dc6a4117021c338e6d3,,,1,149,2026-10-07T09:41:14.0032390Z,8.438292,5.512533,1028,1,0,WaitingForPhaseBoundary,0,0,TaskSwitchDisplay,1,,Joystick,0.100000,0.000000,0.000000,0.949340,-0.884574,JoyStick1LeftSlider,0.000000,0.000000,-0.949340,0.000000,0.000000,0.000000,-0.949103,0.000000,0.000000,0.000000,1027,0,0.000000,0,0,0,0,0,TaskSwitchPedal,,0
20261007T094105551Z_265f722f92d24dc6a4117021c338e6d3,,,1,150,2026-10-07T09:41:14.0528661Z,8.488334,5.562046,1033,1,0,WaitingForPhaseBoundary,0,0,TaskSwitchDisplay,1,,Joystick,0.100000,0.000000,0.000000,0.949340,-0.884574,JoyStick1LeftSlider,0.000000,0.000000,-0.949340,0.000000,0.000000,0.000000,-0.949340,0.000000,0.000000,0.000000,1033,1,0.000000,0,0,0,0,0,TaskSwitchPedal,,0
20261007T094105551Z_265f722f92d24dc6a4117021c338e6d3,,,1,151,2026-10-07T09:41:14.1131888Z,8.548381,5.622098,1039,1,0,WaitingForPhaseBoundary,0,0,TaskSwitchDisplay,1,,Joystick,0.100000,0.000000,0.000000,0.949340,-0.884574,JoyStick1LeftSlider,0.000000,0.000000,-0.949340,0.000000,0.000000,0.000000,-0.949340,0.000000,0.000000,0.000000,1039,1,0.000000,0,0,0,0,0,TaskSwitchPedal,,0
20261007T094105551Z_265f722f92d24dc6a4117021c338e6d3,,,1,152,2026-10-07T09:41:14.1691869Z,8.605090,5.679421,1045,1,0,WaitingForPhaseBoundary,0,0,TaskSwitchDisplay,1,,Joystick,0.100000,0.000000,0.000000,0.949340,-0.884574,JoyStick1LeftSlider,0.000000,0.000000,-0.949340,0.000000,0.000000,0.000000,-0.949340,0.000000,0.000000,0.000000,1043,0,0.000000,0,0,0,0,0,TaskSwitchPedal,,0
20261007T094105551Z_265f722f92d24dc6a4117021c338e6d3,,,1,153,2026-10-07T09:41:14.2307366Z,8.666878,5.740472,1051,1,0,WaitingForPhaseBoundary,0,0,TaskSwitchDisplay,1,,Joystick,0.100000,0.000000,0.000000,0.949340,-0.884574,JoyStick1LeftSlider,0.000000,0.000000,-0.949340,0.000000,0.000000,0.000000,-0.949340,0.000000,0.000000,0.000000,1051,1,0.000000,0,0,0,0,0,TaskSwitchPedal,,0
20261007T094105551Z_265f722f92d24dc6a4117021c338e6d3,,,1,154,2026-10-07T09:41:14.2857912Z,8.722099,5.796320,1056,1,0,WaitingForPhaseBoundary,0,0,TaskSwitchDisplay,1,,Joystick,0.100000,0.000000,0.000000,0.949476,-0.884574,JoyStick1LeftSlider,0.000000,0.000000,-0.949476,0.000000,0.000000,0.000000,-0.949476,0.000000,0.000000,0.000000,1055,0,0.000000,0,0,0,0,0,TaskSwitchPedal,,0
20261007T094105551Z_265f722f92d24dc6a4117021c338e6d3,,,1,155,2026-10-07T09:41:14.3387378Z,8.774402,5.848112,1061,1,0,WaitingForPhaseBoundary,0,0,TaskSwitchDisplay,1,,Joystick,0.100000,0.000000,0.000000,0.949476,-0.884574,JoyStick1LeftSlider,0.000000,0.000000,-0.949476,0.000000,0.000000,0.000000,-0.949476,0.000000,0.000000,0.000000,1061,1,0.000000,0,0,0,0,0,TaskSwitchPedal,,0
20261007T094105551Z_265f722f92d24dc6a4117021c338e6d3,,,1,156,2026-10-07T09:41:14.3920288Z,8.827462,5.901095,1066,1,0,WaitingForPhaseBoundary,0,0,TaskSwitchDisplay,1,,Joystick,0.100000,0.000000,0.000000,0.949476,-0.884574,JoyStick1LeftSlider,0.000000,0.000000,-0.949476,0.000000,0.000000,0.000000,-0.949476,0.000000,0.000000,0.000000,1066,1,0.000000,0,0,0,0,0,TaskSwitchPedal,,0
20261007T094105551Z_265f722f92d24dc6a4117021c338e6d3,,,1,157,2026-10-07T09:41:14.4475708Z,8.883237,5.957436,1072,1,0,WaitingForPhaseBoundary,0,0,TaskSwitchDisplay,1,,Joystick,0.100000,0.000000,0.000000,0.949476,-0.884574,JoyStick1LeftSlider,0.000000,0.000000,-0.949476,0.000000,0.000000,0.000000,-0.949476,0.000000,0.000000,0.000000,1071,0,0.000000,0,0,0,0,0,TaskSwitchPedal,,0
20261007T094105551Z_265f722f92d24dc6a4117021c338e6d3,,,1,158,2026-10-07T09:41:14.5059289Z,8.941393,6.015508,1078,1,0,WaitingForPhaseBoundary,0,0,TaskSwitchDisplay,1,,Joystick,0.100000,0.000000,0.000000,0.949713,-0.884574,JoyStick1LeftSlider,0.000000,0.000000,-0.949713,0.000000,0.000000,0.000000,-0.949713,0.000000,0.000000,0.000000,1077,0,0.000000,0,0,0,0,0,TaskSwitchPedal,,0
20261007T094105551Z_265f722f92d24dc6a4117021c338e6d3,,,1,159,2026-10-07T09:41:14.5616930Z,8.996828,6.071127,1083,1,0,WaitingForPhaseBoundary,0,0,TaskSwitchDisplay,1,,Joystick,0.100000,0.000000,0.000000,0.949713,-0.884574,JoyStick1LeftSlider,0.000000,0.000000,-0.949713,0.000000,0.000000,0.000000,-0.949713,0.000000,0.000000,0.000000,1082,0,0.000000,0,0,0,0,0,TaskSwitchPedal,,0
20261007T094105551Z_265f722f92d24dc6a4117021c338e6d3,,,1,160,2026-10-07T09:41:14.6208577Z,9.056757,6.130328,1088,1,0,WaitingForPhaseBoundary,0,0,TaskSwitchDisplay,1,,Joystick,0.100000,0.000000,0.000000,0.950391,-0.884574,JoyStick1LeftSlider,0.000000,0.000000,-0.950391,0.000000,0.000000,0.000000,-0.950391,0.000000,0.000000,0.000000,1088,1,0.000000,0,0,0,0,0,TaskSwitchPedal,,0
20261007T094105551Z_265f722f92d24dc6a4117021c338e6d3,,,1,161,2026-10-07T09:41:14.6729462Z,9.109041,6.182679,1092,1,0,WaitingForPhaseBoundary,0,0,TaskSwitchDisplay,1,,Joystick,0.100000,0.000000,0.000000,0.950391,-0.884574,JoyStick1LeftSlider,0.000000,0.000000,-0.950391,0.000000,0.000000,0.000000,-0.950391,0.000000,0.000000,0.000000,1092,1,0.000000,0,0,0,0,0,TaskSwitchPedal,,0
20261007T094105551Z_265f722f92d24dc6a4117021c338e6d3,,,1,162,2026-10-07T09:41:14.7313261Z,9.166923,6.240573,1097,1,0,WaitingForPhaseBoundary,0,0,TaskSwitchDisplay,1,,Joystick,0.100000,0.000000,0.000000,0.950391,-0.884574,JoyStick1LeftSlider,0.000000,0.000000,-0.950391,0.000000,0.000000,0.000000,-0.950391,0.000000,0.000000,0.000000,1097,1,0.000000,0,0,0,0,0,TaskSwitchPedal,,0
20261007T094105551Z_265f722f92d24dc6a4117021c338e6d3,,,1,163,2026-10-07T09:41:14.7885026Z,9.224325,6.298295,1102,1,0,WaitingForPhaseBoundary,0,0,TaskSwitchDisplay,1,,Joystick,0.100000,0.000000,0.000000,0.949611,-0.884574,JoyStick1LeftSlider,0.000000,0.000000,-0.949611,0.000000,0.000000,0.000000,-0.949611,0.000000,0.000000,0.000000,1101,0,0.000000,0,0,0,0,0,TaskSwitchPedal,,0
20261007T094105551Z_265f722f92d24dc6a4117021c338e6d3,,,1,164,2026-10-07T09:41:14.8456991Z,9.281396,6.355711,1107,1,0,WaitingForPhaseBoundary,0,0,TaskSwitchDisplay,1,,Joystick,0.100000,0.000000,0.000000,0.948797,-0.884574,JoyStick1LeftSlider,0.000000,0.000000,-0.948797,0.000000,0.000000,0.000000,-0.949510,0.000000,0.000000,0.000000,1106,0,0.000000,0,0,0,0,0,TaskSwitchPedal,,0
20261007T094105551Z_265f722f92d24dc6a4117021c338e6d3,,,1,165,2026-10-07T09:41:14.8978636Z,9.333262,6.406910,1112,1,0,WaitingForPhaseBoundary,0,0,TaskSwitchDisplay,1,,Joystick,0.100000,0.000000,0.000000,0.947611,-0.884574,JoyStick1LeftSlider,0.000000,0.000000,-0.947611,0.000000,0.000000,0.000000,-0.947611,0.000000,0.000000,0.000000,1112,1,0.000000,0,0,0,0,0,TaskSwitchPedal,,0
20261007T094105551Z_265f722f92d24dc6a4117021c338e6d3,,,1,166,2026-10-07T09:41:14.9564760Z,9.391883,6.465521,1118,1,0,WaitingForPhaseBoundary,0,0,TaskSwitchDisplay,1,,Joystick,0.100000,0.000000,0.000000,0.944016,-0.884574,JoyStick1LeftSlider,0.000000,0.000000,-0.944016,0.000000,0.000000,0.000000,-0.944016,0.000000,0.000000,0.000000,1118,1,0.000000,0,0,0,0,0,TaskSwitchPedal,,0
20261007T094105551Z_265f722f92d24dc6a4117021c338e6d3,,,1,167,2026-10-07T09:41:15.0143377Z,9.450181,6.523708,1124,1,0,WaitingForPhaseBoundary,0,0,TaskSwitchDisplay,1,,Joystick,0.100000,0.000000,0.000000,0.941880,-0.884574,JoyStick1LeftSlider,0.000000,0.000000,-0.941880,0.000000,0.000000,0.000000,-0.941880,0.000000,0.000000,0.000000,1124,1,0.000000,0,0,0,0,0,TaskSwitchPedal,,0
20261007T094105551Z_265f722f92d24dc6a4117021c338e6d3,,,1,168,2026-10-07T09:41:15.0689291Z,9.504758,6.578313,1130,1,0,WaitingForPhaseBoundary,0,0,TaskSwitchDisplay,1,,Joystick,0.100000,0.000000,0.000000,0.941880,-0.884574,JoyStick1LeftSlider,0.000000,0.000000,-0.941880,0.000000,0.000000,0.000000,-0.941880,0.000000,0.000000,0.000000,1128,0,0.000000,0,0,0,0,0,TaskSwitchPedal,,0
20261007T094105551Z_265f722f92d24dc6a4117021c338e6d3,,,1,169,2026-10-07T09:41:15.1281061Z,9.563425,6.637741,1136,1,0,WaitingForPhaseBoundary,0,0,TaskSwitchDisplay,1,,Joystick,0.100000,0.000000,0.000000,0.936387,-0.884574,JoyStick1LeftSlider,0.000000,0.000000,-0.936387,0.000000,0.000000,0.000000,-0.936997,0.000000,0.000000,0.000000,1135,0,0.000000,0,0,0,0,0,TaskSwitchPedal,,0
20261007T094105551Z_265f722f92d24dc6a4117021c338e6d3,,,1,170,2026-10-07T09:41:15.1863073Z,9.622658,6.697008,1142,1,0,WaitingForPhaseBoundary,0,0,TaskSwitchDisplay,1,,Joystick,0.100000,0.000000,0.000000,0.888101,-0.884574,JoyStick1LeftSlider,0.000000,0.000000,-0.888101,0.000000,0.000000,0.000000,-0.898477,0.000000,0.000000,0.000000,1141,0,0.000000,0,0,0,0,0,TaskSwitchPedal,,0
20261007T094105551Z_265f722f92d24dc6a4117021c338e6d3,,,1,171,2026-10-07T09:41:15.2388867Z,9.674713,6.748304,1147,1,0,WaitingForPhaseBoundary,0,0,TaskSwitchDisplay,1,,Joystick,0.100000,0.000000,0.000000,0.694006,-0.883014,JoyStick1LeftSlider,0.000000,0.000000,-0.694006,0.000000,0.000000,0.000000,-0.694006,0.000000,0.000000,0.000000,1147,1,0.000000,0,0,0,0,0,TaskSwitchPedal,,0
20261007T094105551Z_265f722f92d24dc6a4117021c338e6d3,,,1,172,2026-10-07T09:41:15.2893527Z,9.724852,6.799317,1152,1,0,WaitingForPhaseBoundary,0,0,TaskSwitchDisplay,1,,Joystick,0.100000,0.000000,0.000000,0.370752,-0.882234,JoyStick1LeftSlider,0.000000,0.000000,-0.370752,0.000000,0.000000,0.000000,-0.540093,0.000000,0.000000,0.000000,1150,0,0.000000,0,0,0,0,0,TaskSwitchPedal,,0
20261007T094105551Z_265f722f92d24dc6a4117021c338e6d3,,,1,173,2026-10-07T09:41:15.3475176Z,9.782673,6.857027,1158,1,0,WaitingForPhaseBoundary,0,0,TaskSwitchDisplay,1,,Joystick,0.100000,0.000000,0.000000,0.000000,-0.882234,JoyStick1LeftSlider,0.000000,0.000000,0.000000,0.000000,0.000000,0.000000,0.000000,0.000000,0.000000,0.000000,1157,0,0.000000,0,0,0,0,0,TaskSwitchPedal,,0
20261007T094105551Z_265f722f92d24dc6a4117021c338e6d3,,,1,174,2026-10-07T09:41:15.4013480Z,9.836762,6.910981,1164,1,0,WaitingForPhaseBoundary,0,0,TaskSwitchDisplay,1,,Joystick,0.100000,0.000000,0.000000,0.000000,-0.882234,JoyStick1LeftSlider,0.000000,0.000000,0.000000,0.000000,0.000000,0.000000,0.000000,0.000000,0.000000,0.000000,1163,0,0.000000,0,0,0,0,0,TaskSwitchPedal,,0
20261007T094105551Z_265f722f92d24dc6a4117021c338e6d3,,,1,175,2026-10-07T09:41:15.4554926Z,9.890690,6.964554,1170,1,0,WaitingForPhaseBoundary,0,0,TaskSwitchDisplay,1,,Joystick,0.100000,0.000000,0.000000,0.000000,-0.882234,JoyStick1LeftSlider,0.000000,0.000000,0.000000,0.000000,0.000000,0.000000,0.000000,0.000000,0.000000,0.000000,1170,1,0.000000,0,0,0,0,0,TaskSwitchPedal,,0
20261007T094105551Z_265f722f92d24dc6a4117021c338e6d3,,,1,176,2026-10-07T09:41:15.5050866Z,9.940838,7.015208,1176,1,0,WaitingForPhaseBoundary,0,0,TaskSwitchDisplay,1,,Joystick,0.100000,0.000000,0.000000,0.000000,-0.882234,JoyStick1LeftSlider,0.000000,0.000000,0.000000,0.000000,0.000000,0.000000,0.000000,0.000000,0.000000,0.000000,1175,0,0.000000,0,0,0,0,0,TaskSwitchPedal,,0
20261007T094105551Z_265f722f92d24dc6a4117021c338e6d3,,,1,177,2026-10-07T09:41:15.5584326Z,9.994019,7.067826,1182,1,0,WaitingForPhaseBoundary,0,0,TaskSwitchDisplay,1,,Joystick,0.100000,0.000000,0.000000,0.000000,-0.882234,JoyStick1LeftSlider,0.000000,0.000000,0.000000,0.000000,0.000000,0.000000,0.000000,0.000000,0.000000,0.000000,1182,1,0.000000,0,0,0,0,0,TaskSwitchPedal,,0
20261007T094105551Z_265f722f92d24dc6a4117021c338e6d3,,,1,178,2026-10-07T09:41:15.6136816Z,10.049629,7.123205,1188,1,0,WaitingForPhaseBoundary,0,0,TaskSwitchDisplay,1,,Joystick,0.100000,0.000000,0.000000,0.242067,-0.882234,JoyStick1LeftSlider,0.000000,0.000000,-0.242067,0.000000,0.000000,0.000000,-0.242067,0.000000,0.000000,0.000000,1188,1,0.000000,0,0,0,0,0,TaskSwitchPedal,,0
20261007T094105551Z_265f722f92d24dc6a4117021c338e6d3,,,1,179,2026-10-07T09:41:15.6737984Z,10.109966,7.183409,1193,1,0,WaitingForPhaseBoundary,0,0,TaskSwitchDisplay,1,,Joystick,0.100000,0.000000,0.000000,0.547350,-0.882234,JoyStick1LeftSlider,0.000000,0.000000,-0.547350,0.000000,0.000000,0.000000,-0.547350,0.000000,0.000000,0.000000,1193,1,0.000000,0,0,0,0,0,TaskSwitchPedal,,0
20261007T094105551Z_265f722f92d24dc6a4117021c338e6d3,,,1,180,2026-10-07T09:41:15.7329230Z,10.168365,7.241808,1199,1,0,WaitingForPhaseBoundary,0,0,TaskSwitchDisplay,1,,Joystick,0.100000,0.000000,0.000000,0.939371,-0.882234,JoyStick1LeftSlider,0.000000,0.000000,-0.939371,0.000000,0.000000,0.000000,-0.939371,0.000000,0.000000,0.000000,1199,1,0.000000,0,0,0,0,0,TaskSwitchPedal,,0
20261007T094105551Z_265f722f92d24dc6a4117021c338e6d3,,,1,181,2026-10-07T09:41:15.7842697Z,10.219397,7.293685,1204,1,0,WaitingForPhaseBoundary,0,0,TaskSwitchDisplay,1,,Joystick,0.100000,0.000000,0.000000,1.000000,-0.881420,JoyStick1LeftSlider,0.000000,0.000000,-1.000000,0.000000,0.000000,0.000000,-1.000000,0.000000,0.000000,0.000000,1203,0,0.000000,0,0,0,0,0,TaskSwitchPedal,,0
20261007T094105551Z_265f722f92d24dc6a4117021c338e6d3,,,1,182,2026-10-07T09:41:15.8377806Z,10.273983,7.347347,1209,1,0,WaitingForPhaseBoundary,0,0,TaskSwitchDisplay,1,,Joystick,0.100000,0.000000,0.000000,0.962734,-0.881420,JoyStick1LeftSlider,0.000000,0.000000,-0.962734,0.000000,0.000000,0.000000,-0.962734,0.000000,0.000000,0.000000,1209,1,0.000000,0,0,0,0,0,TaskSwitchPedal,,0
20261007T094105551Z_265f722f92d24dc6a4117021c338e6d3,,,1,183,2026-10-07T09:41:15.8995904Z,10.334935,7.407259,1214,1,0,WaitingForPhaseBoundary,0,0,TaskSwitchDisplay,1,,Joystick,0.100000,0.000000,0.000000,0.956122,-0.879861,JoyStick1LeftSlider,0.000000,0.000000,-0.956122,0.000000,0.000000,0.000000,-0.956122,0.000000,0.000000,0.000000,1214,1,0.000000,0,0,0,0,0,TaskSwitchPedal,,0
20261007T094105551Z_265f722f92d24dc6a4117021c338e6d3,,,1,184,2026-10-07T09:41:15.9553854Z,10.391404,7.464918,1219,1,0,WaitingForPhaseBoundary,0,0,TaskSwitchDisplay,1,,Joystick,0.100000,0.000000,0.000000,0.967685,-0.879861,JoyStick1LeftSlider,0.000000,0.000000,-0.967685,0.000000,0.000000,0.000000,-0.967685,0.000000,0.000000,0.000000,1219,1,0.000000,0,0,0,0,0,TaskSwitchPedal,,0
20261007T094105551Z_265f722f92d24dc6a4117021c338e6d3,,,1,185,2026-10-07T09:41:16.0132665Z,10.448908,7.522512,1224,1,0,WaitingForPhaseBoundary,0,0,TaskSwitchDisplay,1,,Joystick,0.100000,0.000000,0.000000,0.962700,-0.879861,JoyStick1LeftSlider,0.000000,0.000000,-0.962700,0.000000,0.000000,0.000000,-0.962700,0.000000,0.000000,0.000000,1224,1,0.000000,0,0,0,0,0,TaskSwitchPedal,,0
20261007T094105551Z_265f722f92d24dc6a4117021c338e6d3,,,1,186,2026-10-07T09:41:16.0646162Z,10.500860,7.575263,1229,1,0,WaitingForPhaseBoundary,0,0,TaskSwitchDisplay,1,,Joystick,0.100000,0.000000,0.000000,0.961208,-0.879861,JoyStick1LeftSlider,0.000000,0.000000,-0.961208,0.000000,0.000000,0.000000,-0.961208,0.000000,0.000000,0.000000,1228,0,0.000000,0,0,0,0,0,TaskSwitchPedal,,0
20261007T094105551Z_265f722f92d24dc6a4117021c338e6d3,,,1,187,2026-10-07T09:41:16.1208478Z,10.556160,7.630491,1234,1,0,WaitingForPhaseBoundary,0,0,TaskSwitchDisplay,1,,Joystick,0.100000,0.000000,0.000000,0.962327,-0.879861,JoyStick1LeftSlider,0.000000,0.000000,-0.962327,0.000000,0.000000,0.000000,-0.962327,0.000000,0.000000,0.000000,1233,0,0.000000,0,0,0,0,0,TaskSwitchPedal,,0
20261007T094105551Z_265f722f92d24dc6a4117021c338e6d3,,,1,188,2026-10-07T09:41:16.1774858Z,10.613450,7.686837,1240,1,0,WaitingForPhaseBoundary,0,0,TaskSwitchDisplay,1,,Joystick,0.100000,0.000000,0.000000,0.962395,-0.879861,JoyStick1LeftSlider,0.000000,0.000000,-0.962395,0.000000,0.000000,0.000000,-0.962395,0.000000,0.000000,0.000000,1240,1,0.000000,0,0,0,0,0,TaskSwitchPedal,,0
20261007T094105551Z_265f722f92d24dc6a4117021c338e6d3,,,1,189,2026-10-07T09:41:16.2358479Z,10.671155,7.744953,1246,1,0,WaitingForPhaseBoundary,0,0,TaskSwitchDisplay,1,,Joystick,0.100000,0.000000,0.000000,0.962395,-0.879861,JoyStick1LeftSlider,0.000000,0.000000,-0.962395,0.000000,0.000000,0.000000,-0.962395,0.000000,0.000000,0.000000,1246,1,0.000000,0,0,0,0,0,TaskSwitchPedal,,0
20261007T094105551Z_265f722f92d24dc6a4117021c338e6d3,,,1,190,2026-10-07T09:41:16.2951231Z,10.730465,7.804124,1252,1,0,WaitingForPhaseBoundary,0,0,TaskSwitchDisplay,1,,Joystick,0.100000,0.000000,0.000000,0.962056,-0.879861,JoyStick1LeftSlider,0.000000,0.000000,-0.962056,0.000000,0.000000,0.000000,-0.962056,0.000000,0.000000,0.000000,1252,1,0.000000,0,0,0,0,0,TaskSwitchPedal,,0
20261007T094105551Z_265f722f92d24dc6a4117021c338e6d3,,,1,191,2026-10-07T09:41:16.3529193Z,10.788970,7.862804,1258,1,0,WaitingForPhaseBoundary,0,0,TaskSwitchDisplay,1,,Joystick,0.100000,0.000000,0.000000,0.960733,-0.879861,JoyStick1LeftSlider,0.000000,0.000000,-0.960733,0.000000,0.000000,0.000000,-0.960733,0.000000,0.000000,0.000000,1258,1,0.000000,0,0,0,0,0,TaskSwitchPedal,,0
20261007T094105551Z_265f722f92d24dc6a4117021c338e6d3,,,1,192,2026-10-07T09:41:16.4114042Z,10.847697,7.921199,1264,1,0,WaitingForPhaseBoundary,0,0,TaskSwitchDisplay,1,,Joystick,0.100000,0.000000,0.000000,0.960428,-0.879861,JoyStick1LeftSlider,0.000000,0.000000,-0.960428,0.000000,0.000000,0.000000,-0.960428,0.000000,0.000000,0.000000,1264,1,0.000000,0,0,0,0,0,TaskSwitchPedal,,0
20261007T094105551Z_265f722f92d24dc6a4117021c338e6d3,,,1,193,2026-10-07T09:41:16.4697282Z,10.905956,7.979675,1270,1,0,WaitingForPhaseBoundary,0,0,TaskSwitchDisplay,1,,Joystick,0.100000,0.000000,0.000000,0.960021,-0.879861,JoyStick1LeftSlider,0.000000,0.000000,-0.960021,0.000000,0.000000,0.000000,-0.960021,0.000000,0.000000,0.000000,1270,1,0.000000,0,0,0,0,0,TaskSwitchPedal,,0
20261007T094105551Z_265f722f92d24dc6a4117021c338e6d3,,,1,194,2026-10-07T09:41:16.5261794Z,10.961927,8.036328,1276,1,0,WaitingForPhaseBoundary,0,0,TaskSwitchDisplay,1,,Joystick,0.100000,0.000000,0.000000,0.958936,-0.879861,JoyStick1LeftSlider,0.000000,0.000000,-0.958936,0.000000,0.000000,0.000000,-0.958936,0.000000,0.000000,0.000000,1275,0,0.000000,0,0,0,0,0,TaskSwitchPedal,,0
20261007T094105551Z_265f722f92d24dc6a4117021c338e6d3,,,1,195,2026-10-07T09:41:16.5814501Z,11.016747,8.090972,1281,1,0,WaitingForPhaseBoundary,0,0,TaskSwitchDisplay,1,,Joystick,0.100000,0.000000,0.000000,0.957444,-0.879861,JoyStick1LeftSlider,0.000000,0.000000,-0.957444,0.000000,0.000000,0.000000,-0.957444,0.000000,0.000000,0.000000,1280,0,0.000000,0,0,0,0,0,TaskSwitchPedal,,0
20261007T094105551Z_265f722f92d24dc6a4117021c338e6d3,,,1,196,2026-10-07T09:41:16.6385880Z,11.074425,8.148105,1287,1,0,WaitingForPhaseBoundary,0,0,TaskSwitchDisplay,1,,Joystick,0.100000,0.000000,0.000000,0.957444,-0.879861,JoyStick1LeftSlider,0.000000,0.000000,-0.957444,0.000000,0.000000,0.000000,-0.957444,0.000000,0.000000,0.000000,1287,1,0.000000,0,0,0,0,0,TaskSwitchPedal,,0
20261007T094105551Z_265f722f92d24dc6a4117021c338e6d3,,,1,197,2026-10-07T09:41:16.6966153Z,11.132414,8.206069,1293,1,0,WaitingForPhaseBoundary,0,0,TaskSwitchDisplay,1,,Joystick,0.100000,0.000000,0.000000,0.957444,-0.879861,JoyStick1LeftSlider,0.000000,0.000000,-0.957444,0.000000,0.000000,0.000000,-0.957444,0.000000,0.000000,0.000000,1293,1,0.000000,0,0,0,0,0,TaskSwitchPedal,,0
20261007T094105551Z_265f722f92d24dc6a4117021c338e6d3,,,1,198,2026-10-07T09:41:16.7559834Z,11.191092,8.264281,1299,1,0,WaitingForPhaseBoundary,0,0,TaskSwitchDisplay,1,,Joystick,0.100000,0.000000,0.000000,0.957444,-0.879861,JoyStick1LeftSlider,0.000000,0.000000,-0.957444,0.000000,0.000000,0.000000,-0.957444,0.000000,0.000000,0.000000,1299,1,0.000000,0,0,0,0,0,TaskSwitchPedal,,0
20261007T094105551Z_265f722f92d24dc6a4117021c338e6d3,,,1,199,2026-10-07T09:41:16.8138865Z,11.249514,8.323185,1305,1,0,WaitingForPhaseBoundary,0,0,TaskSwitchDisplay,1,,Joystick,0.100000,0.000000,0.000000,0.957309,-0.879861,JoyStick1LeftSlider,0.000000,0.000000,-0.957309,0.000000,0.000000,0.000000,-0.957309,0.000000,0.000000,0.000000,1305,1,0.000000,0,0,0,0,0,TaskSwitchPedal,,0
20261007T094105551Z_265f722f92d24dc6a4117021c338e6d3,,,1,200,2026-10-07T09:41:16.8728225Z,11.308707,8.382453,1311,1,0,WaitingForPhaseBoundary,0,0,TaskSwitchDisplay,1,,Joystick,0.100000,0.000000,0.000000,0.957241,-0.879861,JoyStick1LeftSlider,0.000000,0.000000,-0.957241,0.000000,0.000000,0.000000,-0.957241,0.000000,0.000000,0.000000,1311,1,0.000000,0,0,0,0,0,TaskSwitchPedal,,0
20261007T094105551Z_265f722f92d24dc6a4117021c338e6d3,,,1,201,2026-10-07T09:41:16.9318564Z,11.367903,8.441379,1317,1,0,WaitingForPhaseBoundary,0,0,TaskSwitchDisplay,1,,Joystick,0.100000,0.000000,0.000000,0.957037,-0.879861,JoyStick1LeftSlider,0.000000,0.000000,-0.957037,0.000000,0.000000,0.000000,-0.957037,0.000000,0.000000,0.000000,1317,1,0.000000,0,0,0,0,0,TaskSwitchPedal,,0
20261007T094105551Z_265f722f92d24dc6a4117021c338e6d3,,,1,202,2026-10-07T09:41:16.9827349Z,11.418114,8.492306,1322,1,0,WaitingForPhaseBoundary,0,0,TaskSwitchDisplay,1,,Joystick,0.100000,0.000000,0.000000,0.957037,-0.879861,JoyStick1LeftSlider,0.000000,0.000000,-0.957037,0.000000,0.000000,0.000000,-0.957037,0.000000,0.000000,0.000000,1321,0,0.000000,0,0,0,0,0,TaskSwitchPedal,,0
20261007T094105551Z_265f722f92d24dc6a4117021c338e6d3,,,1,203,2026-10-07T09:41:17.0345469Z,11.470601,8.544119,1327,1,0,WaitingForPhaseBoundary,0,0,TaskSwitchDisplay,1,,Joystick,0.100000,0.000000,0.000000,0.957037,-0.879861,JoyStick1LeftSlider,0.000000,0.000000,-0.957037,0.000000,0.000000,0.000000,-0.957037,0.000000,0.000000,0.000000,1327,1,0.000000,0,0,0,0,0,TaskSwitchPedal,,0
20261007T094105551Z_265f722f92d24dc6a4117021c338e6d3,,,1,204,2026-10-07T09:41:17.0907907Z,11.526413,8.599945,1332,1,0,WaitingForPhaseBoundary,0,0,TaskSwitchDisplay,1,,Joystick,0.100000,0.000000,0.000000,0.956664,-0.879861,JoyStick1LeftSlider,0.000000,0.000000,-0.956664,0.000000,0.000000,0.000000,-0.956664,0.000000,0.000000,0.000000,1332,1,0.000000,0,0,0,0,0,TaskSwitchPedal,,0
20261007T094105551Z_265f722f92d24dc6a4117021c338e6d3,,,1,205,2026-10-07T09:41:17.1493597Z,11.584782,8.659056,1337,1,0,WaitingForPhaseBoundary,0,0,TaskSwitchDisplay,1,,Joystick,0.100000,0.000000,0.000000,0.956461,-0.879861,JoyStick1LeftSlider,0.000000,0.000000,-0.956461,0.000000,0.000000,0.000000,-0.956698,0.000000,0.000000,0.000000,1336,0,0.000000,0,0,0,0,0,TaskSwitchPedal,,0
20261007T094105551Z_265f722f92d24dc6a4117021c338e6d3,,,1,206,2026-10-07T09:41:17.2034071Z,11.638982,8.713273,1342,1,0,WaitingForPhaseBoundary,0,0,TaskSwitchDisplay,1,,Joystick,0.100000,0.000000,0.000000,0.956190,-0.879861,JoyStick1LeftSlider,0.000000,0.000000,-0.956190,0.000000,0.000000,0.000000,-0.956257,0.000000,0.000000,0.000000,1341,0,0.000000,0,0,0,0,0,TaskSwitchPedal,,0
20261007T094105551Z_265f722f92d24dc6a4117021c338e6d3,,,1,207,2026-10-07T09:41:17.2625417Z,11.697744,8.771971,1347,1,0,WaitingForPhaseBoundary,0,0,TaskSwitchDisplay,1,,Joystick,0.100000,0.000000,0.000000,0.956122,-0.879861,JoyStick1LeftSlider,0.000000,0.000000,-0.956122,0.000000,0.000000,0.000000,-0.956122,0.000000,0.000000,0.000000,1346,0,0.000000,0,0,0,0,0,TaskSwitchPedal,,0
20261007T094105551Z_265f722f92d24dc6a4117021c338e6d3,,,1,208,2026-10-07T09:41:17.3233053Z,11.759006,8.833345,1352,1,0,WaitingForPhaseBoundary,0,0,TaskSwitchDisplay,1,,Joystick,0.100000,0.000000,0.000000,0.954562,-0.879861,JoyStick1LeftSlider,0.000000,0.000000,-0.954562,0.000000,0.000000,0.000000,-0.954562,0.000000,0.000000,0.000000,1351,0,0.000000,0,0,0,0,0,TaskSwitchPedal,,0
20261007T094105551Z_265f722f92d24dc6a4117021c338e6d3,,,1,209,2026-10-07T09:41:17.3777603Z,11.813563,8.887030,1357,1,0,WaitingForPhaseBoundary,0,0,TaskSwitchDisplay,1,,Joystick,0.100000,0.000000,0.000000,0.954562,-0.879861,JoyStick1LeftSlider,0.000000,0.000000,-0.954562,0.000000,0.000000,0.000000,-0.954562,0.000000,0.000000,0.000000,1357,1,0.000000,0,0,0,0,0,TaskSwitchPedal,,0
20261007T094105551Z_265f722f92d24dc6a4117021c338e6d3,,,1,210,2026-10-07T09:41:17.4332566Z,11.868462,8.942238,1362,1,0,WaitingForPhaseBoundary,0,0,TaskSwitchDisplay,1,,Joystick,0.100000,0.000000,0.000000,0.954223,-0.879861,JoyStick1LeftSlider,0.000000,0.000000,-0.954223,0.000000,0.000000,0.000000,-0.954223,0.000000,0.000000,0.000000,1362,1,0.000000,0,0,0,0,0,TaskSwitchPedal,,0
20261007T094105551Z_265f722f92d24dc6a4117021c338e6d3,,,1,211,2026-10-07T09:41:17.4931017Z,11.928684,9.002017,1368,1,0,WaitingForPhaseBoundary,0,0,TaskSwitchDisplay,1,,Joystick,0.100000,0.000000,0.000000,0.953680,-0.879861,JoyStick1LeftSlider,0.000000,0.000000,-0.953680,0.000000,0.000000,0.000000,-0.953680,0.000000,0.000000,0.000000,1368,1,0.000000,0,0,0,0,0,TaskSwitchPedal,,0
20261007T094105551Z_265f722f92d24dc6a4117021c338e6d3,,,1,212,2026-10-07T09:41:17.5452577Z,11.980494,9.054874,1373,1,0,WaitingForPhaseBoundary,0,0,TaskSwitchDisplay,1,,Joystick,0.100000,0.000000,0.000000,0.943101,-0.879861,JoyStick1LeftSlider,0.000000,0.000000,-0.943101,0.000000,0.000000,0.000000,-0.946865,0.000000,0.000000,0.000000,1372,0,0.000000,0,0,0,0,0,TaskSwitchPedal,,0
20261007T094105551Z_265f722f92d24dc6a4117021c338e6d3,,,1,213,2026-10-07T09:41:17.5956398Z,12.031174,9.104777,1378,1,0,WaitingForPhaseBoundary,0,0,TaskSwitchDisplay,1,,Joystick,0.100000,0.000000,0.000000,0.926723,-0.879861,JoyStick1LeftSlider,0.000000,0.000000,-0.926723,0.000000,0.000000,0.000000,-0.926723,0.000000,0.000000,0.000000,1378,1,0.000000,0,0,0,0,0,TaskSwitchPedal,,0
20261007T094105551Z_265f722f92d24dc6a4117021c338e6d3,,,1,214,2026-10-07T09:41:17.6462345Z,12.082388,9.156516,1383,1,0,WaitingForPhaseBoundary,0,0,TaskSwitchDisplay,1,,Joystick,0.100000,0.000000,0.000000,0.875215,-0.879861,JoyStick1LeftSlider,0.000000,0.000000,-0.875215,0.000000,0.000000,0.000000,-0.895255,0.000000,0.000000,0.000000,1382,0,0.000000,0,0,0,0,0,TaskSwitchPedal,,0
20261007T094105551Z_265f722f92d24dc6a4117021c338e6d3,,,1,215,2026-10-07T09:41:17.7061404Z,12.141275,9.215661,1389,1,0,WaitingForPhaseBoundary,0,0,TaskSwitchDisplay,1,,Joystick,0.100000,0.000000,0.000000,0.711740,-0.878267,JoyStick1LeftSlider,0.000000,0.000000,-0.711740,0.000000,0.000000,0.000000,-0.759111,0.000000,0.000000,0.000000,1388,0,0.000000,0,0,0,0,0,TaskSwitchPedal,,0
20261007T094105551Z_265f722f92d24dc6a4117021c338e6d3,,,1,216,2026-10-07T09:41:17.7636540Z,12.199458,9.272876,1394,1,0,WaitingForPhaseBoundary,0,0,TaskSwitchDisplay,1,,Joystick,0.100000,0.000000,0.000000,0.434772,-0.878267,JoyStick1LeftSlider,0.000000,0.000000,-0.434772,0.000000,0.000000,0.000000,-0.434772,0.000000,0.000000,0.000000,1394,1,0.000000,0,0,0,0,0,TaskSwitchPedal,,0
20261007T094105551Z_265f722f92d24dc6a4117021c338e6d3,,,1,217,2026-10-07T09:41:17.8231156Z,12.258490,9.332511,1399,1,0,WaitingForPhaseBoundary,0,0,TaskSwitchDisplay,1,,Joystick,0.100000,0.000000,0.000000,0.077033,-0.878267,JoyStick1LeftSlider,0.000000,0.000000,0.000000,0.000000,0.000000,0.000000,-0.154142,0.000000,0.000000,0.000000,1398,0,0.000000,0,0,0,0,0,TaskSwitchPedal,,0
20261007T094105551Z_265f722f92d24dc6a4117021c338e6d3,,,1,218,2026-10-07T09:41:17.8802813Z,12.316231,9.390264,1405,1,0,WaitingForPhaseBoundary,0,0,TaskSwitchDisplay,1,,Joystick,0.100000,0.000000,0.000000,0.000000,-0.878267,JoyStick1LeftSlider,0.000000,0.000000,0.000000,0.000000,0.000000,0.000000,0.000000,0.000000,0.000000,0.000000,1404,0,0.000000,0,0,0,0,0,TaskSwitchPedal,,0
20261007T094105551Z_265f722f92d24dc6a4117021c338e6d3,,,1,219,2026-10-07T09:41:17.9371366Z,12.372699,9.446171,1411,1,0,WaitingForPhaseBoundary,0,0,TaskSwitchDisplay,1,,Joystick,0.100000,0.000000,0.000000,-0.136509,-0.878267,JoyStick1LeftSlider,0.000000,0.000000,0.136509,0.000000,0.000000,0.000000,0.136509,0.000000,0.000000,0.000000,1411,1,0.000000,0,0,0,0,0,TaskSwitchPedal,,0
20261007T094105551Z_265f722f92d24dc6a4117021c338e6d3,,,1,220,2026-10-07T09:41:17.9966903Z,12.432439,9.505136,1417,1,0,WaitingForPhaseBoundary,0,0,TaskSwitchDisplay,1,,Joystick,0.100000,0.000000,0.000000,-0.323652,-0.878267,JoyStick1LeftSlider,0.000000,0.000000,0.323652,0.000000,0.000000,0.000000,0.323652,0.000000,0.000000,0.000000,1417,1,0.000000,0,0,0,0,0,TaskSwitchPedal,,0
20261007T094105551Z_265f722f92d24dc6a4117021c338e6d3,,,1,221,2026-10-07T09:41:18.0503785Z,12.486556,9.560074,1422,1,0,WaitingForPhaseBoundary,0,0,TaskSwitchDisplay,1,,Joystick,0.100000,0.000000,0.000000,-0.552673,-0.886168,JoyStick1LeftSlider,0.000000,0.000000,0.552673,0.000000,0.000000,0.000000,0.552673,0.000000,0.000000,0.000000,1422,1,0.000000,0,0,0,0,0,TaskSwitchPedal,,0
20261007T094105551Z_265f722f92d24dc6a4117021c338e6d3,,,1,222,2026-10-07T09:41:18.1021938Z,12.537322,9.611708,1427,1,0,WaitingForPhaseBoundary,0,0,TaskSwitchDisplay,1,,Joystick,0.100000,0.000000,0.000000,-0.790850,-0.993388,JoyStick1LeftSlider,0.000000,0.000000,0.790850,0.000000,0.000000,0.000000,0.741682,0.000000,0.000000,0.000000,1426,0,0.000000,0,0,0,0,0,TaskSwitchPedal,,0
20261007T094105551Z_265f722f92d24dc6a4117021c338e6d3,,,1,223,2026-10-07T09:41:18.1599030Z,12.595707,9.670089,1433,1,0,WaitingForPhaseBoundary,0,0,TaskSwitchDisplay,1,,Joystick,0.100000,0.000000,0.000000,-0.975959,-1.000000,JoyStick1LeftSlider,0.000000,0.000000,0.975959,0.000000,0.000000,0.000000,0.942490,0.000000,0.000000,0.000000,1432,0,0.000000,0,0,0,0,0,TaskSwitchPedal,,0
20261007T094105551Z_265f722f92d24dc6a4117021c338e6d3,,,1,224,2026-10-07T09:41:18.2143722Z,12.649616,9.723281,1438,1,0,WaitingForPhaseBoundary,0,0,TaskSwitchDisplay,1,,Joystick,0.100000,0.000000,0.000000,-1.000000,-1.000000,JoyStick1LeftSlider,0.000000,0.000000,1.000000,0.000000,0.000000,0.000000,1.000000,0.000000,0.000000,0.000000,1438,1,0.000000,0,0,0,0,0,TaskSwitchPedal,,0
20261007T094105551Z_265f722f92d24dc6a4117021c338e6d3,,,1,225,2026-10-07T09:41:18.2709109Z,12.706355,9.780166,1443,1,0,WaitingForPhaseBoundary,0,0,TaskSwitchDisplay,1,,Joystick,0.100000,0.000000,0.000000,-1.000000,-1.000000,JoyStick1LeftSlider,0.000000,0.000000,1.000000,0.000000,0.000000,0.000000,1.000000,0.000000,0.000000,0.000000,1443,1,0.000000,0,0,0,0,0,TaskSwitchPedal,,0
20261007T094105551Z_265f722f92d24dc6a4117021c338e6d3,,,1,226,2026-10-07T09:41:18.3276236Z,12.762855,9.837091,1449,1,0,WaitingForPhaseBoundary,0,0,TaskSwitchDisplay,1,,Joystick,0.100000,0.000000,0.000000,-1.000000,-1.000000,JoyStick1LeftSlider,0.000000,0.000000,1.000000,0.000000,0.000000,0.000000,1.000000,0.000000,0.000000,0.000000,1448,0,0.000000,0,0,0,0,0,TaskSwitchPedal,,0
20261007T094105551Z_265f722f92d24dc6a4117021c338e6d3,,,1,227,2026-10-07T09:41:18.3796898Z,12.814966,9.888675,1454,1,0,WaitingForPhaseBoundary,0,0,TaskSwitchDisplay,1,,Joystick,0.100000,0.000000,0.000000,-1.000000,-1.000000,JoyStick1LeftSlider,0.000000,0.000000,1.000000,0.000000,0.000000,0.000000,1.000000,0.000000,0.000000,0.000000,1454,1,0.000000,0,0,0,0,0,TaskSwitchPedal,,0
20261007T094105551Z_265f722f92d24dc6a4117021c338e6d3,,,1,228,2026-10-07T09:41:18.4329841Z,12.869114,9.942105,1459,1,0,WaitingForPhaseBoundary,0,0,TaskSwitchDisplay,1,,Joystick,0.100000,0.000000,0.000000,-0.986708,-1.000000,JoyStick1LeftSlider,0.000000,0.000000,0.986708,0.000000,0.000000,0.000000,0.986708,0.000000,0.000000,0.000000,1459,1,0.000000,0,0,0,0,0,TaskSwitchPedal,,0
20261007T094105551Z_265f722f92d24dc6a4117021c338e6d3,,,1,229,2026-10-07T09:41:18.4857082Z,12.920877,9.995157,1464,1,0,WaitingForPhaseBoundary,0,0,TaskSwitchDisplay,1,,Joystick,0.100000,0.000000,0.000000,-0.881556,-1.000000,JoyStick1LeftSlider,0.000000,0.000000,0.881556,0.000000,0.000000,0.000000,0.912888,0.000000,0.000000,0.000000,1463,0,0.000000,0,0,0,0,0,TaskSwitchPedal,,0
20261007T094105551Z_265f722f92d24dc6a4117021c338e6d3,,,1,230,2026-10-07T09:41:18.5452448Z,12.980661,10.054923,1469,1,0,WaitingForPhaseBoundary,0,0,TaskSwitchDisplay,1,,Joystick,0.100000,0.000000,0.000000,-0.690445,-1.000000,JoyStick1LeftSlider,0.000000,0.000000,0.690445,0.000000,0.000000,0.000000,0.736561,0.000000,0.000000,0.000000,1468,0,0.000000,0,0,0,0,0,TaskSwitchPedal,,0
20261007T094105551Z_265f722f92d24dc6a4117021c338e6d3,,,1,231,2026-10-07T09:41:18.5969786Z,13.032949,10.106440,1474,1,0,WaitingForPhaseBoundary,0,0,TaskSwitchDisplay,1,,Joystick,0.100000,0.000000,0.000000,-0.543789,-1.000000,JoyStick1LeftSlider,0.000000,0.000000,0.543789,0.000000,0.000000,0.000000,0.543789,0.000000,0.000000,0.000000,1474,1,0.000000,0,0,0,0,0,TaskSwitchPedal,,0
20261007T094105551Z_265f722f92d24dc6a4117021c338e6d3,,,1,232,2026-10-07T09:41:18.6565977Z,13.092432,10.165971,1480,1,0,WaitingForPhaseBoundary,0,0,TaskSwitchDisplay,1,,Joystick,0.100000,0.000000,0.000000,-0.479837,-1.000000,JoyStick1LeftSlider,0.000000,0.000000,0.479837,0.000000,0.000000,0.000000,0.479837,0.000000,0.000000,0.000000,1480,1,0.000000,0,0,0,0,0,TaskSwitchPedal,,0
20261007T094105551Z_265f722f92d24dc6a4117021c338e6d3,,,1,233,2026-10-07T09:41:18.7129838Z,13.148442,10.221943,1486,1,0,WaitingForPhaseBoundary,0,0,TaskSwitchDisplay,1,,Joystick,0.100000,0.000000,0.000000,-0.426363,-1.000000,JoyStick1LeftSlider,0.000000,0.000000,0.426363,0.000000,0.000000,0.000000,0.426363,0.000000,0.000000,0.000000,1486,1,0.000000,0,0,0,0,0,TaskSwitchPedal,,0
20261007T094105551Z_265f722f92d24dc6a4117021c338e6d3,,,1,234,2026-10-07T09:41:18.7663296Z,13.202446,10.276716,1492,1,0,WaitingForPhaseBoundary,0,0,TaskSwitchDisplay,1,,Joystick,0.100000,0.000000,0.000000,-0.454134,-1.000000,JoyStick1LeftSlider,0.000000,0.000000,0.454134,0.000000,0.000000,0.000000,0.436196,0.000000,0.000000,0.000000,1490,0,0.000000,0,0,0,0,0,TaskSwitchPedal,,0
20261007T094105551Z_265f722f92d24dc6a4117021c338e6d3,,,1,235,2026-10-07T09:41:18.8228625Z,13.258914,10.332879,1498,1,0,WaitingForPhaseBoundary,0,0,TaskSwitchDisplay,1,,Joystick,0.100000,0.000000,0.000000,-0.509711,-1.000000,JoyStick1LeftSlider,0.000000,0.000000,0.509711,0.000000,0.000000,0.000000,0.502895,0.000000,0.000000,0.000000,1497,0,0.000000,0,0,0,0,0,TaskSwitchPedal,,0
20261007T094105551Z_265f722f92d24dc6a4117021c338e6d3,,,1,236,2026-10-07T09:41:18.8801299Z,13.315389,10.389779,1504,1,0,WaitingForPhaseBoundary,0,0,TaskSwitchDisplay,1,,Joystick,0.100000,0.000000,0.000000,-0.585768,-1.000000,JoyStick1LeftSlider,0.000000,0.000000,0.585768,0.000000,0.000000,0.000000,0.574205,0.000000,0.000000,0.000000,1503,0,0.000000,0,0,0,0,0,TaskSwitchPedal,,0
20261007T094105551Z_265f722f92d24dc6a4117021c338e6d3,,,1,237,2026-10-07T09:41:18.9343132Z,13.370650,10.443826,1510,1,0,WaitingForPhaseBoundary,0,0,TaskSwitchDisplay,1,,Joystick,0.100000,0.000000,0.000000,-0.688919,-1.000000,JoyStick1LeftSlider,0.000000,0.000000,0.688919,0.000000,0.000000,0.000000,0.688919,0.000000,0.000000,0.000000,1510,1,0.000000,0,0,0,0,0,TaskSwitchPedal,,0
20261007T094105551Z_265f722f92d24dc6a4117021c338e6d3,,,1,238,2026-10-07T09:41:18.9912514Z,13.426985,10.500584,1516,1,0,WaitingForPhaseBoundary,0,0,TaskSwitchDisplay,1,,Joystick,0.100000,0.000000,0.000000,-0.838390,-1.000000,JoyStick1LeftSlider,0.000000,0.000000,0.838390,0.000000,0.000000,0.000000,0.838390,0.000000,0.000000,0.000000,1516,1,0.000000,0,0,0,0,0,TaskSwitchPedal,,0
20261007T094105551Z_265f722f92d24dc6a4117021c338e6d3,,,1,239,2026-10-07T09:41:19.0511267Z,13.486620,10.560158,1522,1,0,WaitingForPhaseBoundary,0,0,TaskSwitchDisplay,1,,Joystick,0.100000,0.000000,0.000000,-0.991760,-1.000000,JoyStick1LeftSlider,0.000000,0.000000,0.991760,0.000000,0.000000,0.000000,0.991760,0.000000,0.000000,0.000000,1522,1,0.000000,0,0,0,0,0,TaskSwitchPedal,,0
20261007T094105551Z_265f722f92d24dc6a4117021c338e6d3,,,1,240,2026-10-07T09:41:19.1016964Z,13.536893,10.611222,1527,1,0,WaitingForPhaseBoundary,0,0,TaskSwitchDisplay,1,,Joystick,0.100000,0.000000,0.000000,-1.000000,-1.000000,JoyStick1LeftSlider,0.000000,0.000000,1.000000,0.000000,0.000000,0.000000,1.000000,0.000000,0.000000,0.000000,1526,0,0.000000,0,0,0,0,0,TaskSwitchPedal,,0
20261007T094105551Z_265f722f92d24dc6a4117021c338e6d3,,,1,241,2026-10-07T09:41:19.1514921Z,13.587482,10.660747,1532,1,0,WaitingForPhaseBoundary,0,0,TaskSwitchDisplay,1,,Joystick,0.100000,0.000000,0.000000,-0.980028,-1.000000,JoyStick1LeftSlider,0.000000,0.000000,0.980028,0.000000,0.000000,0.000000,0.980028,0.000000,0.000000,0.000000,1532,1,0.000000,0,0,0,0,0,TaskSwitchPedal,,0
20261007T094105551Z_265f722f92d24dc6a4117021c338e6d3,,,1,242,2026-10-07T09:41:19.2035544Z,13.639607,10.713962,1538,1,0,WaitingForPhaseBoundary,0,0,TaskSwitchDisplay,1,,Joystick,0.100000,0.000000,0.000000,-0.888236,-1.000000,JoyStick1LeftSlider,0.000000,0.000000,0.888236,0.000000,0.000000,0.000000,0.913566,0.000000,0.000000,0.000000,1537,0,0.000000,0,0,0,0,0,TaskSwitchPedal,,0
20261007T094105551Z_265f722f92d24dc6a4117021c338e6d3,,,1,243,2026-10-07T09:41:19.2598506Z,13.695078,10.768645,1544,1,0,WaitingForPhaseBoundary,0,0,TaskSwitchDisplay,1,,Joystick,0.100000,0.000000,0.000000,-0.766435,-1.000000,JoyStick1LeftSlider,0.000000,0.000000,0.766435,0.000000,0.000000,0.000000,0.766435,0.000000,0.000000,0.000000,1544,1,0.000000,0,0,0,0,0,TaskSwitchPedal,,0
20261007T094105551Z_265f722f92d24dc6a4117021c338e6d3,,,1,244,2026-10-07T09:41:19.3144763Z,13.750729,10.824054,1550,1,0,WaitingForPhaseBoundary,0,0,TaskSwitchDisplay,1,,Joystick,0.100000,0.000000,0.000000,-0.657554,-1.000000,JoyStick1LeftSlider,0.000000,0.000000,0.657554,0.000000,0.000000,0.000000,0.657554,0.000000,0.000000,0.000000,1550,1,0.000000,0,0,0,0,0,TaskSwitchPedal,,0
20261007T094105551Z_265f722f92d24dc6a4117021c338e6d3,,,1,245,2026-10-07T09:41:19.3710539Z,13.806310,10.879887,1556,1,0,WaitingForPhaseBoundary,0,0,TaskSwitchDisplay,1,,Joystick,0.100000,0.000000,0.000000,-0.527682,-1.000000,JoyStick1LeftSlider,0.000000,0.000000,0.527682,0.000000,0.000000,0.000000,0.527682,0.000000,0.000000,0.000000,1556,1,0.000000,0,0,0,0,0,TaskSwitchPedal,,0
20261007T094105551Z_265f722f92d24dc6a4117021c338e6d3,,,1,246,2026-10-07T09:41:19.4300095Z,13.865946,10.939560,1562,1,0,WaitingForPhaseBoundary,0,0,TaskSwitchDisplay,1,,Joystick,0.100000,0.000000,0.000000,-0.350474,-1.000000,JoyStick1LeftSlider,0.000000,0.000000,0.350474,0.000000,0.000000,0.000000,0.350474,0.000000,0.000000,0.000000,1562,1,0.000000,0,0,0,0,0,TaskSwitchPedal,,0
20261007T094105551Z_265f722f92d24dc6a4117021c338e6d3,,,1,247,2026-10-07T09:41:19.4829040Z,13.918829,10.993133,1568,1,0,WaitingForPhaseBoundary,0,0,TaskSwitchDisplay,1,,Joystick,0.100000,0.000000,0.000000,-0.128981,-1.000000,JoyStick1LeftSlider,0.000000,0.000000,0.128981,0.000000,0.000000,0.000000,0.179878,0.000000,0.000000,0.000000,1567,0,0.000000,0,0,0,0,0,TaskSwitchPedal,,0
20261007T094105551Z_265f722f92d24dc6a4117021c338e6d3,,,1,248,2026-10-07T09:41:19.5375886Z,13.972913,11.046761,1574,1,0,WaitingForPhaseBoundary,0,0,TaskSwitchDisplay,1,,Joystick,0.100000,0.000000,0.000000,0.000000,-1.000000,JoyStick1LeftSlider,0.000000,0.000000,0.000000,0.000000,0.000000,0.000000,0.000000,0.000000,0.000000,0.000000,1574,1,0.000000,0,0,0,0,0,TaskSwitchPedal,,0
20261007T094105551Z_265f722f92d24dc6a4117021c338e6d3,,,1,249,2026-10-07T09:41:19.5895797Z,14.025871,11.099841,1580,1,0,WaitingForPhaseBoundary,0,0,TaskSwitchDisplay,1,,Joystick,0.100000,0.000000,0.000000,0.000000,-1.000000,JoyStick1LeftSlider,0.000000,0.000000,0.000000,0.000000,0.000000,0.000000,0.000000,0.000000,0.000000,0.000000,1580,1,0.000000,0,0,0,0,0,TaskSwitchPedal,,0
20261007T094105551Z_265f722f92d24dc6a4117021c338e6d3,,,1,250,2026-10-07T09:41:19.6498572Z,14.086422,11.146840,1585,1,1,WaitingForConfirmation,1,0,TaskSwitchDisplay,1,,Joystick,0.100000,0.000000,0.000000,0.000000,-1.000000,JoyStick1LeftSlider,0.000000,0.000000,0.000000,0.000000,0.000000,0.000000,0.000000,0.000000,0.000000,0.000000,1585,1,0.000000,0,0,0,0,0,TaskSwitchPedal,,0
20261007T094105551Z_265f722f92d24dc6a4117021c338e6d3,,,1,251,2026-10-07T09:41:19.7087977Z,14.144208,11.218546,1589,1,1,WaitingForConfirmation,1,0,TaskSwitchDisplay,1,,Joystick,0.100000,0.000000,0.000000,0.000000,-1.000000,JoyStick1LeftSlider,0.000000,0.000000,0.000000,0.000000,0.000000,0.000000,0.000000,0.000000,0.000000,0.000000,1585,0,0.000000,0,0,0,0,0,TaskSwitchPedal,,0
20261007T094105551Z_265f722f92d24dc6a4117021c338e6d3,,,1,252,2026-10-07T09:41:19.7594748Z,14.194970,11.268940,1594,1,1,WaitingForConfirmation,1,0,TaskSwitchDisplay,1,,Joystick,0.100000,0.000000,0.000000,0.000000,-1.000000,JoyStick1LeftSlider,0.000000,0.000000,0.000000,0.000000,0.000000,0.000000,0.000000,0.000000,0.000000,0.000000,1585,0,0.000000,0,0,0,0,0,TaskSwitchPedal,,0
20261007T094105551Z_265f722f92d24dc6a4117021c338e6d3,,,1,253,2026-10-07T09:41:19.8194920Z,14.255260,11.329152,1599,1,1,WaitingForConfirmation,1,0,TaskSwitchDisplay,1,,Joystick,0.100000,0.000000,0.000000,0.000000,-1.000000,JoyStick1LeftSlider,0.000000,0.000000,0.000000,0.000000,0.000000,0.000000,0.000000,0.000000,0.000000,0.000000,1585,0,0.000000,0,0,0,0,0,TaskSwitchPedal,,0
20261007T094105551Z_265f722f92d24dc6a4117021c338e6d3,,,1,254,2026-10-07T09:41:19.8733395Z,14.309028,11.382635,1604,1,1,WaitingForConfirmation,1,0,TaskSwitchDisplay,1,,Joystick,0.100000,0.000000,0.000000,0.000000,-1.000000,JoyStick1LeftSlider,0.000000,0.000000,0.000000,0.000000,0.000000,0.000000,0.000000,0.000000,0.000000,0.000000,1585,0,0.000000,0,0,0,0,0,TaskSwitchPedal,,0
20261007T094105551Z_265f722f92d24dc6a4117021c338e6d3,,,1,255,2026-10-07T09:41:19.9279231Z,14.364406,11.438387,1609,1,1,WaitingForConfirmation,1,0,TaskSwitchDisplay,1,,Joystick,0.100000,0.000000,0.000000,0.000000,-1.000000,JoyStick1LeftSlider,0.000000,0.000000,0.000000,0.000000,0.000000,0.000000,0.000000,0.000000,0.000000,0.000000,1585,0,0.000000,0,0,0,0,0,TaskSwitchPedal,,0
20261007T094105551Z_265f722f92d24dc6a4117021c338e6d3,,,1,256,2026-10-07T09:41:19.9866616Z,14.422082,11.496305,1614,1,1,WaitingForConfirmation,1,0,TaskSwitchDisplay,1,,Joystick,0.100000,0.000000,0.000000,0.000000,-1.000000,JoyStick1LeftSlider,0.000000,0.000000,0.000000,0.000000,0.000000,0.000000,0.000000,0.000000,0.000000,0.000000,1585,0,0.000000,0,0,0,0,0,TaskSwitchPedal,,0
20261007T094105551Z_265f722f92d24dc6a4117021c338e6d3,,,1,257,2026-10-07T09:41:20.0428369Z,14.478665,11.553123,1620,1,1,WaitingForConfirmation,1,0,TaskSwitchDisplay,1,,Joystick,0.100000,0.000000,0.000000,0.000000,-1.000000,JoyStick1LeftSlider,0.000000,0.000000,0.000000,0.000000,0.000000,0.000000,0.000000,0.000000,0.000000,0.000000,1585,0,0.000000,0,0,0,0,0,TaskSwitchPedal,,0
20261007T094105551Z_265f722f92d24dc6a4117021c338e6d3,,,1,258,2026-10-07T09:41:20.0968698Z,14.532647,11.606026,1624,1,1,WaitingForConfirmation,1,0,TaskSwitchDisplay,1,,Joystick,0.100000,0.000000,0.000000,0.000000,-1.000000,JoyStick1LeftSlider,0.000000,0.000000,0.000000,0.000000,0.000000,0.000000,0.000000,0.000000,0.000000,0.000000,1585,0,0.000000,0,0,0,0,0,TaskSwitchPedal,,0
20261007T094105551Z_265f722f92d24dc6a4117021c338e6d3,,,1,259,2026-10-07T09:41:20.1475944Z,14.583283,11.657669,1628,1,1,WaitingForConfirmation,1,0,TaskSwitchDisplay,1,,Joystick,0.100000,0.000000,0.000000,0.000000,-1.000000,JoyStick1LeftSlider,0.000000,0.000000,0.000000,0.000000,0.000000,0.000000,0.000000,0.000000,0.000000,0.000000,1585,0,0.000000,0,0,0,0,0,TaskSwitchPedal,,0
20261007T094105551Z_265f722f92d24dc6a4117021c338e6d3,,,1,260,2026-10-07T09:41:20.2010486Z,14.636227,11.709818,1632,1,1,WaitingForConfirmation,1,0,TaskSwitchDisplay,1,,Joystick,0.100000,0.000000,0.000000,0.000000,-1.000000,JoyStick1LeftSlider,0.000000,0.000000,0.000000,0.000000,0.000000,0.000000,0.000000,0.000000,0.000000,0.000000,1585,0,0.000000,0,0,0,0,0,TaskSwitchPedal,,0
20261007T094105551Z_265f722f92d24dc6a4117021c338e6d3,,,1,261,2026-10-07T09:41:20.2552476Z,14.691191,11.765104,1637,1,1,WaitingForConfirmation,1,0,TaskSwitchDisplay,1,,Joystick,0.100000,0.000000,0.000000,0.000000,-1.000000,JoyStick1LeftSlider,0.000000,0.000000,0.000000,0.000000,0.000000,0.000000,0.000000,0.000000,0.000000,0.000000,1585,0,0.000000,0,0,0,0,0,TaskSwitchPedal,,0
20261007T094105551Z_265f722f92d24dc6a4117021c338e6d3,,,1,262,2026-10-07T09:41:20.3215915Z,14.756864,11.830600,1642,1,1,WaitingForConfirmation,1,0,TaskSwitchDisplay,1,,Joystick,0.100000,0.000000,0.000000,0.000000,-1.000000,JoyStick1LeftSlider,0.000000,0.000000,0.000000,0.000000,0.000000,0.000000,0.000000,0.000000,0.000000,0.000000,1585,0,0.000000,0,0,0,0,0,TaskSwitchPedal,,0
20261007T094105551Z_265f722f92d24dc6a4117021c338e6d3,,,1,263,2026-10-07T09:41:20.3768931Z,14.812735,11.886733,1647,1,1,WaitingForConfirmation,1,0,TaskSwitchDisplay,1,,Joystick,0.100000,0.000000,0.000000,0.000000,-1.000000,JoyStick1LeftSlider,0.000000,0.000000,0.000000,0.000000,0.000000,0.000000,0.000000,0.000000,0.000000,0.000000,1585,0,0.000000,0,0,0,0,0,TaskSwitchPedal,,0
20261007T094105551Z_265f722f92d24dc6a4117021c338e6d3,,,1,264,2026-10-07T09:41:20.4284283Z,14.864184,11.938633,1652,1,1,WaitingForConfirmation,1,0,TaskSwitchDisplay,1,,Joystick,0.100000,0.000000,0.000000,0.000000,-1.000000,JoyStick1LeftSlider,0.000000,0.000000,0.000000,0.000000,0.000000,0.000000,0.000000,0.000000,0.000000,0.000000,1585,0,0.000000,0,0,0,0,0,TaskSwitchPedal,,0
20261007T094105551Z_265f722f92d24dc6a4117021c338e6d3,,,1,265,2026-10-07T09:41:20.4813848Z,14.917170,11.991619,1657,1,1,WaitingForConfirmation,1,0,TaskSwitchDisplay,1,,Joystick,0.100000,0.000000,0.000000,0.000000,-1.000000,JoyStick1LeftSlider,0.000000,0.000000,0.000000,0.000000,0.000000,0.000000,0.000000,0.000000,0.000000,0.000000,1585,0,0.000000,0,0,0,0,0,TaskSwitchPedal,,0
20261007T094105551Z_265f722f92d24dc6a4117021c338e6d3,,,1,266,2026-10-07T09:41:20.5375459Z,14.972750,12.046720,1662,1,1,WaitingForConfirmation,1,0,TaskSwitchDisplay,1,,Joystick,0.100000,0.000000,0.000000,0.000000,-1.000000,JoyStick1LeftSlider,0.000000,0.000000,0.000000,0.000000,0.000000,0.000000,0.000000,0.000000,0.000000,0.000000,1585,0,0.000000,0,0,0,0,0,TaskSwitchPedal,,0
20261007T094105551Z_265f722f92d24dc6a4117021c338e6d3,,,1,267,2026-10-07T09:41:20.5882504Z,15.024831,12.099285,1667,1,1,WaitingForConfirmation,1,0,TaskSwitchDisplay,1,,Joystick,0.100000,0.000000,0.000000,0.000000,-1.000000,JoyStick1LeftSlider,0.000000,0.000000,0.000000,0.000000,0.000000,0.000000,0.000000,0.000000,0.000000,0.000000,1585,0,0.000000,0,0,0,0,0,TaskSwitchPedal,,0
20261007T094105551Z_265f722f92d24dc6a4117021c338e6d3,,,1,268,2026-10-07T09:41:20.6458920Z,15.082013,12.156497,1673,1,1,WaitingForConfirmation,1,0,TaskSwitchDisplay,1,,Joystick,0.100000,0.000000,0.000000,0.000000,-1.000000,JoyStick1LeftSlider,0.000000,0.000000,0.000000,0.000000,0.000000,0.000000,0.000000,0.000000,0.000000,0.000000,1585,0,0.000000,0,0,0,0,0,TaskSwitchPedal,,0
20261007T094105551Z_265f722f92d24dc6a4117021c338e6d3,,,1,269,2026-10-07T09:41:20.6973886Z,15.132950,12.206881,1678,1,1,WaitingForConfirmation,1,0,TaskSwitchDisplay,1,,Joystick,0.100000,0.000000,0.000000,0.000000,-1.000000,JoyStick1LeftSlider,0.000000,0.000000,0.000000,0.000000,0.000000,0.000000,0.000000,0.000000,0.000000,0.000000,1585,0,0.000000,0,0,0,0,0,TaskSwitchPedal,,0
20261007T094105551Z_265f722f92d24dc6a4117021c338e6d3,,,1,270,2026-10-07T09:41:20.7530239Z,15.188881,12.262896,1683,1,1,WaitingForConfirmation,1,0,TaskSwitchDisplay,1,,Joystick,0.100000,0.000000,0.000000,0.000000,-1.000000,JoyStick1LeftSlider,0.000000,0.000000,0.000000,0.000000,0.000000,0.000000,0.000000,0.000000,0.000000,0.000000,1585,0,0.000000,0,0,0,0,0,TaskSwitchPedal,,0
20261007T094105551Z_265f722f92d24dc6a4117021c338e6d3,,,1,271,2026-10-07T09:41:20.8042257Z,15.239917,12.314010,1688,1,1,WaitingForConfirmation,1,0,TaskSwitchDisplay,1,,Joystick,0.100000,0.000000,0.000000,0.000000,-1.000000,JoyStick1LeftSlider,0.000000,0.000000,0.000000,0.000000,0.000000,0.000000,0.000000,0.000000,0.000000,0.000000,1585,0,0.000000,0,0,0,0,0,TaskSwitchPedal,,0
20261007T094105551Z_265f722f92d24dc6a4117021c338e6d3,,,1,272,2026-10-07T09:41:20.8548940Z,15.290409,12.364384,1693,1,1,WaitingForConfirmation,1,0,TaskSwitchDisplay,1,,Joystick,0.100000,0.000000,0.000000,0.000000,-1.000000,JoyStick1LeftSlider,0.000000,0.000000,0.000000,0.000000,0.000000,0.000000,0.000000,0.000000,0.000000,0.000000,1585,0,0.000000,0,0,0,0,0,TaskSwitchPedal,,0
20261007T094105551Z_265f722f92d24dc6a4117021c338e6d3,,,1,273,2026-10-07T09:41:20.9087848Z,15.344189,12.417986,1699,1,1,WaitingForConfirmation,1,0,TaskSwitchDisplay,1,,Joystick,0.100000,0.000000,0.000000,0.000000,-1.000000,JoyStick1LeftSlider,0.000000,0.000000,0.000000,0.000000,0.000000,0.000000,0.000000,0.000000,0.000000,0.000000,1585,0,0.000000,0,0,0,0,0,TaskSwitchPedal,,0
20261007T094105551Z_265f722f92d24dc6a4117021c338e6d3,,,1,274,2026-10-07T09:41:20.9708226Z,15.406679,12.480090,1704,1,1,WaitingForConfirmation,1,0,TaskSwitchDisplay,1,,Joystick,0.100000,0.000000,0.000000,0.000000,-1.000000,JoyStick1LeftSlider,0.000000,0.000000,0.000000,0.000000,0.000000,0.000000,0.000000,0.000000,0.000000,0.000000,1585,0,0.000000,0,0,0,0,0,TaskSwitchPedal,,0
20261007T094105551Z_265f722f92d24dc6a4117021c338e6d3,,,1,275,2026-10-07T09:41:21.0255406Z,15.461505,12.535889,1709,1,1,WaitingForConfirmation,1,0,TaskSwitchDisplay,1,,Joystick,0.100000,0.000000,0.000000,0.000000,-1.000000,JoyStick1LeftSlider,0.000000,0.000000,0.000000,0.000000,0.000000,0.000000,0.000000,0.000000,0.000000,0.000000,1585,0,0.000000,0,0,0,0,0,TaskSwitchPedal,,0
20261007T094105551Z_265f722f92d24dc6a4117021c338e6d3,,,1,276,2026-10-07T09:41:21.0849730Z,15.520180,12.594559,1714,1,1,WaitingForConfirmation,1,0,TaskSwitchDisplay,1,,Joystick,0.100000,0.000000,0.000000,0.000000,-1.000000,JoyStick1LeftSlider,0.000000,0.000000,0.000000,0.000000,0.000000,0.000000,0.000000,0.000000,0.000000,0.000000,1585,0,0.000000,0,0,0,0,0,TaskSwitchPedal,,0
20261007T094105551Z_265f722f92d24dc6a4117021c338e6d3,,,1,277,2026-10-07T09:41:21.1512032Z,15.586421,12.659651,1719,1,1,WaitingForConfirmation,1,0,TaskSwitchDisplay,1,,Joystick,0.100000,0.000000,0.000000,0.000000,-1.000000,JoyStick1LeftSlider,0.000000,0.000000,0.000000,0.000000,0.000000,0.000000,0.000000,0.000000,0.000000,0.000000,1585,0,0.000000,0,0,0,0,0,TaskSwitchPedal,,0
20261007T094105551Z_265f722f92d24dc6a4117021c338e6d3,,,1,278,2026-10-07T09:41:21.2067179Z,15.642245,12.716634,1723,1,1,WaitingForConfirmation,1,0,TaskSwitchDisplay,1,,Joystick,0.100000,0.000000,0.000000,0.000000,-1.000000,JoyStick1LeftSlider,0.000000,0.000000,0.000000,0.000000,0.000000,0.000000,0.000000,0.000000,0.000000,0.000000,1585,0,0.000000,0,0,0,0,0,TaskSwitchPedal,,0
20261007T094105551Z_265f722f92d24dc6a4117021c338e6d3,,,1,279,2026-10-07T09:41:21.2572001Z,15.692671,12.766360,1727,1,1,WaitingForConfirmation,1,0,TaskSwitchDisplay,1,,Joystick,0.100000,0.000000,0.000000,0.000000,-1.000000,JoyStick1LeftSlider,0.000000,0.000000,0.000000,0.000000,0.000000,0.000000,0.000000,0.000000,0.000000,0.000000,1585,0,0.000000,0,0,0,0,0,TaskSwitchPedal,,0
20261007T094105551Z_265f722f92d24dc6a4117021c338e6d3,,,1,280,2026-10-07T09:41:21.3114089Z,15.748074,12.822007,1732,1,1,WaitingForConfirmation,1,0,TaskSwitchDisplay,1,,Joystick,0.100000,0.000000,0.000000,0.000000,-1.000000,JoyStick1LeftSlider,0.000000,0.000000,0.000000,0.000000,0.000000,0.000000,0.000000,0.000000,0.000000,0.000000,1585,0,0.000000,0,0,0,0,0,TaskSwitchPedal,,0
20261007T094105551Z_265f722f92d24dc6a4117021c338e6d3,,,1,281,2026-10-07T09:41:21.3670563Z,15.803198,12.877612,1738,1,1,WaitingForConfirmation,1,0,TaskSwitchDisplay,1,,Joystick,0.100000,0.000000,0.000000,0.000000,-1.000000,JoyStick1LeftSlider,0.000000,0.000000,0.000000,0.000000,0.000000,0.000000,0.000000,0.000000,0.000000,0.000000,1585,0,0.000000,0,0,0,0,0,TaskSwitchPedal,,0
20261007T094105551Z_265f722f92d24dc6a4117021c338e6d3,,,1,282,2026-10-07T09:41:21.4229350Z,15.858630,12.933087,1743,1,1,WaitingForConfirmation,1,0,TaskSwitchDisplay,1,,Joystick,0.100000,0.000000,0.000000,0.000000,-1.000000,JoyStick1LeftSlider,0.000000,0.000000,0.000000,0.000000,0.000000,0.000000,0.000000,0.000000,0.000000,0.000000,1585,0,0.000000,0,0,0,0,0,TaskSwitchPedal,,0
20261007T094105551Z_265f722f92d24dc6a4117021c338e6d3,,,1,283,2026-10-07T09:41:21.4731201Z,15.909573,12.983524,1748,1,1,WaitingForConfirmation,1,0,TaskSwitchDisplay,1,,Joystick,0.100000,0.000000,0.000000,0.000000,-1.000000,JoyStick1LeftSlider,0.000000,0.000000,0.000000,0.000000,0.000000,0.000000,0.000000,0.000000,0.000000,0.000000,1585,0,0.000000,0,0,0,0,0,TaskSwitchPedal,,0
20261007T094105551Z_265f722f92d24dc6a4117021c338e6d3,,,1,284,2026-10-07T09:41:21.5299100Z,15.965280,13.039084,1753,1,1,WaitingForConfirmation,1,0,TaskSwitchDisplay,1,,Joystick,0.100000,0.000000,0.000000,0.000000,-1.000000,JoyStick1LeftSlider,0.000000,0.000000,0.000000,0.000000,0.000000,0.000000,0.000000,0.000000,0.000000,0.000000,1585,0,0.000000,0,0,0,0,0,TaskSwitchPedal,,0
20261007T094105551Z_265f722f92d24dc6a4117021c338e6d3,,,1,285,2026-10-07T09:41:21.5811249Z,16.017408,13.091800,1759,1,1,WaitingForConfirmation,1,0,TaskSwitchDisplay,1,,Joystick,0.100000,0.000000,0.000000,0.000000,-1.000000,JoyStick1LeftSlider,0.000000,0.000000,0.000000,0.000000,0.000000,0.000000,0.000000,0.000000,0.000000,0.000000,1585,0,0.000000,0,0,0,0,0,TaskSwitchPedal,,0
20261007T094105551Z_265f722f92d24dc6a4117021c338e6d3,,,1,286,2026-10-07T09:41:21.6371400Z,16.073484,13.147530,1765,1,1,WaitingForConfirmation,1,0,TaskSwitchDisplay,1,,Joystick,0.100000,0.000000,0.000000,0.000000,-1.000000,JoyStick1LeftSlider,0.000000,0.000000,0.000000,0.000000,0.000000,0.000000,0.000000,0.000000,0.000000,0.000000,1585,0,0.000000,0,0,0,0,0,TaskSwitchPedal,,0
20261007T094105551Z_265f722f92d24dc6a4117021c338e6d3,,,1,287,2026-10-07T09:41:21.6944080Z,16.130052,13.204015,1770,1,1,WaitingForConfirmation,1,0,TaskSwitchDisplay,1,,Joystick,0.100000,0.000000,0.000000,0.000000,-1.000000,JoyStick1LeftSlider,0.000000,0.000000,0.000000,0.000000,0.000000,0.000000,0.000000,0.000000,0.000000,0.000000,1585,0,0.000000,0,0,0,0,0,TaskSwitchPedal,,0
20261007T094105551Z_265f722f92d24dc6a4117021c338e6d3,,,1,288,2026-10-07T09:41:21.7473227Z,16.183917,13.257903,1775,1,1,WaitingForConfirmation,1,0,TaskSwitchDisplay,1,,Joystick,0.100000,0.000000,0.000000,0.000000,-1.000000,JoyStick1LeftSlider,0.000000,0.000000,0.000000,0.000000,0.000000,0.000000,0.000000,0.000000,0.000000,0.000000,1585,0,0.000000,0,0,0,0,0,TaskSwitchPedal,,0
20261007T094105551Z_265f722f92d24dc6a4117021c338e6d3,,,1,289,2026-10-07T09:41:21.8068883Z,16.242274,13.316629,1780,1,1,WaitingForConfirmation,1,0,TaskSwitchDisplay,1,,Joystick,0.100000,0.000000,0.000000,0.000000,-1.000000,JoyStick1LeftSlider,0.000000,0.000000,0.000000,0.000000,0.000000,0.000000,0.000000,0.000000,0.000000,0.000000,1585,0,0.000000,0,0,0,0,0,TaskSwitchPedal,,0
20261007T094105551Z_265f722f92d24dc6a4117021c338e6d3,,,1,290,2026-10-07T09:41:21.8588437Z,16.294176,13.368620,1786,1,1,WaitingForConfirmation,1,0,TaskSwitchDisplay,1,,Joystick,0.100000,0.000000,0.000000,0.000000,-1.000000,JoyStick1LeftSlider,0.000000,0.000000,0.000000,0.000000,0.000000,0.000000,0.000000,0.000000,0.000000,0.000000,1585,0,0.000000,0,0,0,0,0,TaskSwitchPedal,,0
20261007T094105551Z_265f722f92d24dc6a4117021c338e6d3,,,1,291,2026-10-07T09:41:21.9187166Z,16.354348,13.428227,1792,1,1,WaitingForConfirmation,1,0,TaskSwitchDisplay,1,,Joystick,0.100000,0.000000,0.000000,0.000000,-1.000000,JoyStick1LeftSlider,0.000000,0.000000,0.000000,0.000000,0.000000,0.000000,0.000000,0.000000,0.000000,0.000000,1585,0,0.000000,0,0,0,0,0,TaskSwitchPedal,,0
20261007T094105551Z_265f722f92d24dc6a4117021c338e6d3,,,1,292,2026-10-07T09:41:21.9758091Z,16.411867,13.485627,1797,1,1,WaitingForConfirmation,1,0,TaskSwitchDisplay,1,,Joystick,0.100000,0.000000,0.000000,0.000000,-1.000000,JoyStick1LeftSlider,0.000000,0.000000,0.000000,0.000000,0.000000,0.000000,0.000000,0.000000,0.000000,0.000000,1585,0,0.000000,0,0,0,0,0,TaskSwitchPedal,,0
20261007T094105551Z_265f722f92d24dc6a4117021c338e6d3,,,1,293,2026-10-07T09:41:22.0293880Z,16.464839,13.539226,1801,1,1,WaitingForConfirmation,1,0,TaskSwitchDisplay,1,,Joystick,0.100000,0.000000,0.000000,0.000000,-1.000000,JoyStick1LeftSlider,0.000000,0.000000,0.000000,0.000000,0.000000,0.000000,0.000000,0.000000,0.000000,0.000000,1585,0,0.000000,0,0,0,0,0,TaskSwitchPedal,,0
20261007T094105551Z_265f722f92d24dc6a4117021c338e6d3,,,1,294,2026-10-07T09:41:22.0792963Z,16.516001,13.589720,1805,1,1,WaitingForConfirmation,1,0,TaskSwitchDisplay,1,,Joystick,0.100000,0.000000,0.000000,0.000000,-1.000000,JoyStick1LeftSlider,0.000000,0.000000,0.000000,0.000000,0.000000,0.000000,0.000000,0.000000,0.000000,0.000000,1585,0,0.000000,0,0,0,0,0,TaskSwitchPedal,,0
20261007T094105551Z_265f722f92d24dc6a4117021c338e6d3,,,1,295,2026-10-07T09:41:22.1396365Z,16.575337,13.649315,1810,1,1,WaitingForConfirmation,1,0,TaskSwitchDisplay,1,,Joystick,0.100000,0.000000,0.000000,0.000000,-1.000000,JoyStick1LeftSlider,0.000000,0.000000,0.000000,0.000000,0.000000,0.000000,0.000000,0.000000,0.000000,0.000000,1585,0,0.000000,0,0,0,0,0,TaskSwitchPedal,,0
20261007T094105551Z_265f722f92d24dc6a4117021c338e6d3,,,1,296,2026-10-07T09:41:22.1988633Z,16.634681,13.708229,1814,1,1,WaitingForConfirmation,1,0,TaskSwitchDisplay,1,,Joystick,0.100000,0.000000,0.000000,0.000000,-1.000000,JoyStick1LeftSlider,0.000000,0.000000,0.000000,0.000000,0.000000,0.000000,0.000000,0.000000,0.000000,0.000000,1585,0,0.000000,0,0,0,0,0,TaskSwitchPedal,,0
20261007T094105551Z_265f722f92d24dc6a4117021c338e6d3,,,1,297,2026-10-07T09:41:22.2602886Z,16.696036,13.769920,1818,1,1,WaitingForConfirmation,1,0,TaskSwitchDisplay,1,,Joystick,0.100000,0.000000,0.000000,0.000000,-1.000000,JoyStick1LeftSlider,0.000000,0.000000,0.000000,0.000000,0.000000,0.000000,0.000000,0.000000,0.000000,0.000000,1585,0,0.000000,0,0,0,0,0,TaskSwitchPedal,,0
20261007T094105551Z_265f722f92d24dc6a4117021c338e6d3,,,1,298,2026-10-07T09:41:22.3198953Z,16.756200,13.829280,1821,1,1,WaitingForConfirmation,1,0,TaskSwitchDisplay,1,,Joystick,0.100000,0.000000,0.000000,0.000000,-1.000000,JoyStick1LeftSlider,0.000000,0.000000,0.000000,0.000000,0.000000,0.000000,0.000000,0.000000,0.000000,0.000000,1585,0,0.000000,0,0,0,0,0,TaskSwitchPedal,,0
20261007T094105551Z_265f722f92d24dc6a4117021c338e6d3,,,1,299,2026-10-07T09:41:22.3806652Z,16.816353,13.890271,1826,1,1,WaitingForConfirmation,1,0,TaskSwitchDisplay,1,,Joystick,0.100000,0.000000,0.000000,0.000000,-1.000000,JoyStick1LeftSlider,0.000000,0.000000,0.000000,0.000000,0.000000,0.000000,0.000000,0.000000,0.000000,0.000000,1585,0,0.000000,0,0,0,0,0,TaskSwitchPedal,,0
20261007T094105551Z_265f722f92d24dc6a4117021c338e6d3,,,1,300,2026-10-07T09:41:22.4514746Z,16.887548,13.960588,1829,1,1,WaitingForConfirmation,1,0,TaskSwitchDisplay,1,,Joystick,0.100000,0.000000,0.000000,0.000000,-1.000000,JoyStick1LeftSlider,0.000000,0.000000,0.000000,0.000000,0.000000,0.000000,0.000000,0.000000,0.000000,0.000000,1585,0,0.000000,0,0,0,0,0,TaskSwitchPedal,,0
20261007T094105551Z_265f722f92d24dc6a4117021c338e6d3,,,1,301,2026-10-07T09:41:22.5110949Z,16.947036,14.021013,1832,1,1,WaitingForConfirmation,1,0,TaskSwitchDisplay,1,,Joystick,0.100000,0.000000,0.000000,0.000000,-1.000000,JoyStick1LeftSlider,0.000000,0.000000,0.000000,0.000000,0.000000,0.000000,0.000000,0.000000,0.000000,0.000000,1585,0,0.000000,0,0,0,0,0,TaskSwitchPedal,,0
20261007T094105551Z_265f722f92d24dc6a4117021c338e6d3,,,1,302,2026-10-07T09:41:22.5683191Z,17.004587,14.079054,1837,1,1,WaitingForConfirmation,1,0,TaskSwitchDisplay,1,,Joystick,0.100000,0.000000,0.000000,0.000000,-1.000000,JoyStick1LeftSlider,0.000000,0.000000,0.000000,0.000000,0.000000,0.000000,0.000000,0.000000,0.000000,0.000000,1585,0,0.000000,0,0,0,0,0,TaskSwitchPedal,,0
20261007T094105551Z_265f722f92d24dc6a4117021c338e6d3,,,1,303,2026-10-07T09:41:22.6253859Z,17.061298,14.135818,1843,1,1,WaitingForConfirmation,1,0,TaskSwitchDisplay,1,,Joystick,0.100000,0.000000,0.000000,0.000000,-1.000000,JoyStick1LeftSlider,0.000000,0.000000,0.000000,0.000000,0.000000,0.000000,0.000000,0.000000,0.000000,0.000000,1585,0,0.000000,0,0,0,0,0,TaskSwitchPedal,,0
20261007T094105551Z_265f722f92d24dc6a4117021c338e6d3,,,1,304,2026-10-07T09:41:22.6897684Z,17.125703,14.199518,1848,1,1,WaitingForConfirmation,1,0,TaskSwitchDisplay,1,,Joystick,0.100000,0.000000,0.000000,0.000000,-1.000000,JoyStick1LeftSlider,0.000000,0.000000,0.000000,0.000000,0.000000,0.000000,0.000000,0.000000,0.000000,0.000000,1585,0,0.000000,0,0,0,0,0,TaskSwitchPedal,,0
20261007T094105551Z_265f722f92d24dc6a4117021c338e6d3,,,1,305,2026-10-07T09:41:22.7500335Z,17.186606,14.260565,1852,1,1,WaitingForConfirmation,1,0,TaskSwitchDisplay,1,,Joystick,0.100000,0.000000,0.000000,0.000000,-1.000000,JoyStick1LeftSlider,0.000000,0.000000,0.000000,0.000000,0.000000,0.000000,0.000000,0.000000,0.000000,0.000000,1585,0,0.000000,0,0,0,0,0,TaskSwitchPedal,,0
20261007T094105551Z_265f722f92d24dc6a4117021c338e6d3,,,1,306,2026-10-07T09:41:22.8009770Z,17.237026,14.310970,1855,1,1,WaitingForConfirmation,1,0,TaskSwitchDisplay,1,,Joystick,0.100000,0.000000,0.000000,0.000000,-1.000000,JoyStick1LeftSlider,0.000000,0.000000,0.000000,0.000000,0.000000,0.000000,0.000000,0.000000,0.000000,0.000000,1585,0,0.000000,0,0,0,0,0,TaskSwitchPedal,,0
20261007T094105551Z_265f722f92d24dc6a4117021c338e6d3,,,1,307,2026-10-07T09:41:22.8528241Z,17.288095,14.361857,1860,1,1,WaitingForConfirmation,1,0,TaskSwitchDisplay,1,,Joystick,0.100000,0.000000,0.000000,0.000000,-1.000000,JoyStick1LeftSlider,0.000000,0.000000,0.000000,0.000000,0.000000,0.000000,0.000000,0.000000,0.000000,0.000000,1585,0,0.000000,0,0,0,0,0,TaskSwitchPedal,,0
20261007T094105551Z_265f722f92d24dc6a4117021c338e6d3,,,1,308,2026-10-07T09:41:22.9069131Z,17.342289,14.416830,1865,1,1,WaitingForConfirmation,1,0,TaskSwitchDisplay,1,,Joystick,0.100000,0.000000,0.000000,0.000000,-1.000000,JoyStick1LeftSlider,0.000000,0.000000,0.000000,0.000000,0.000000,0.000000,0.000000,0.000000,0.000000,0.000000,1585,0,0.000000,0,0,0,0,0,TaskSwitchPedal,,0
20261007T094105551Z_265f722f92d24dc6a4117021c338e6d3,,,1,309,2026-10-07T09:41:22.9641455Z,17.399675,14.473327,1869,1,1,WaitingForConfirmation,1,0,TaskSwitchDisplay,1,,Joystick,0.100000,0.000000,0.000000,0.000000,-1.000000,JoyStick1LeftSlider,0.000000,0.000000,0.000000,0.000000,0.000000,0.000000,0.000000,0.000000,0.000000,0.000000,1585,0,0.000000,0,0,0,0,0,TaskSwitchPedal,,0
20261007T094105551Z_265f722f92d24dc6a4117021c338e6d3,,,1,310,2026-10-07T09:41:23.0177957Z,17.453649,14.527542,1873,1,1,WaitingForConfirmation,1,0,TaskSwitchDisplay,1,,Joystick,0.100000,0.000000,0.000000,0.000000,-1.000000,JoyStick1LeftSlider,0.000000,0.000000,0.000000,0.000000,0.000000,0.000000,0.000000,0.000000,0.000000,0.000000,1585,0,0.000000,0,0,0,0,0,TaskSwitchPedal,,0
20261007T094105551Z_265f722f92d24dc6a4117021c338e6d3,,,1,311,2026-10-07T09:41:23.0746733Z,17.510142,14.583697,1879,1,1,WaitingForConfirmation,1,0,TaskSwitchDisplay,1,,Joystick,0.100000,0.000000,0.000000,0.000000,-1.000000,JoyStick1LeftSlider,0.000000,0.000000,0.000000,0.000000,0.000000,0.000000,0.000000,0.000000,0.000000,0.000000,1585,0,0.000000,0,0,0,0,0,TaskSwitchPedal,,0
20261007T094105551Z_265f722f92d24dc6a4117021c338e6d3,,,1,312,2026-10-07T09:41:23.1272980Z,17.563284,14.637861,1884,1,1,WaitingForConfirmation,1,0,TaskSwitchDisplay,1,,Joystick,0.100000,0.000000,0.000000,0.000000,-1.000000,JoyStick1LeftSlider,0.000000,0.000000,0.000000,0.000000,0.000000,0.000000,0.000000,0.000000,0.000000,0.000000,1585,0,0.000000,0,0,0,0,0,TaskSwitchPedal,,0
20261007T094105551Z_265f722f92d24dc6a4117021c338e6d3,,,1,313,2026-10-07T09:41:23.1808876Z,17.616863,14.691324,1888,1,1,WaitingForConfirmation,1,0,TaskSwitchDisplay,1,,Joystick,0.100000,0.000000,0.000000,0.000000,-1.000000,JoyStick1LeftSlider,0.000000,0.000000,0.000000,0.000000,0.000000,0.000000,0.000000,0.000000,0.000000,0.000000,1585,0,0.000000,0,0,0,0,0,TaskSwitchPedal,,0
20261007T094105551Z_265f722f92d24dc6a4117021c338e6d3,,,1,314,2026-10-07T09:41:23.2392466Z,17.674778,14.748775,1892,1,1,WaitingForConfirmation,1,0,TaskSwitchDisplay,1,,Joystick,0.100000,0.000000,0.000000,0.000000,-1.000000,JoyStick1LeftSlider,0.000000,0.000000,0.000000,0.000000,0.000000,0.000000,0.000000,0.000000,0.000000,0.000000,1585,0,0.000000,0,0,0,0,0,TaskSwitchPedal,,0
20261007T094105551Z_265f722f92d24dc6a4117021c338e6d3,,,1,315,2026-10-07T09:41:23.2915003Z,17.727357,14.801261,1897,1,1,WaitingForConfirmation,1,0,TaskSwitchDisplay,1,,Joystick,0.100000,0.000000,0.000000,0.000000,-1.000000,JoyStick1LeftSlider,0.000000,0.000000,0.000000,0.000000,0.000000,0.000000,0.000000,0.000000,0.000000,0.000000,1585,0,0.000000,0,0,0,0,0,TaskSwitchPedal,,0
20261007T094105551Z_265f722f92d24dc6a4117021c338e6d3,,,1,316,2026-10-07T09:41:23.3484288Z,17.784562,14.859135,1903,1,1,WaitingForConfirmation,1,0,TaskSwitchDisplay,1,,Joystick,0.100000,0.000000,0.000000,0.000000,-1.000000,JoyStick1LeftSlider,0.000000,0.000000,0.000000,0.000000,0.000000,0.000000,0.000000,0.000000,0.000000,0.000000,1585,0,0.000000,0,0,0,0,0,TaskSwitchPedal,,0
20261007T094105551Z_265f722f92d24dc6a4117021c338e6d3,,,1,317,2026-10-07T09:41:23.4032501Z,17.839499,14.914004,1908,1,1,WaitingForConfirmation,1,0,TaskSwitchDisplay,1,,Joystick,0.100000,0.000000,0.000000,0.000000,-1.000000,JoyStick1LeftSlider,0.000000,0.000000,0.000000,0.000000,0.000000,0.000000,0.000000,0.000000,0.000000,0.000000,1585,0,0.000000,0,0,0,0,0,TaskSwitchPedal,,0
20261007T094105551Z_265f722f92d24dc6a4117021c338e6d3,,,1,318,2026-10-07T09:41:23.4650718Z,17.900449,14.974609,1912,1,1,WaitingForConfirmation,1,0,TaskSwitchDisplay,1,,Joystick,0.100000,0.000000,0.000000,0.000000,-1.000000,JoyStick1LeftSlider,0.000000,0.000000,0.000000,0.000000,0.000000,0.000000,0.000000,0.000000,0.000000,0.000000,1585,0,0.000000,0,0,0,0,0,TaskSwitchPedal,,0
20261007T094105551Z_265f722f92d24dc6a4117021c338e6d3,,,1,319,2026-10-07T09:41:23.5249653Z,17.960268,15.033944,1917,1,1,WaitingForConfirmation,1,0,TaskSwitchDisplay,1,,Joystick,0.100000,0.000000,0.000000,0.000000,-1.000000,JoyStick1LeftSlider,0.000000,0.000000,0.000000,0.000000,0.000000,0.000000,0.000000,0.000000,0.000000,0.000000,1585,0,0.000000,0,0,0,0,0,TaskSwitchPedal,,0
20261007T094105551Z_265f722f92d24dc6a4117021c338e6d3,,,1,320,2026-10-07T09:41:23.5748473Z,18.011182,15.085098,1922,1,1,WaitingForConfirmation,1,0,TaskSwitchDisplay,1,,Joystick,0.100000,0.000000,0.000000,0.000000,-1.000000,JoyStick1LeftSlider,0.000000,0.000000,0.000000,0.000000,0.000000,0.000000,0.000000,0.000000,0.000000,0.000000,1585,0,0.000000,0,0,0,0,0,TaskSwitchPedal,,0
20261007T094105551Z_265f722f92d24dc6a4117021c338e6d3,,,1,321,2026-10-07T09:41:23.6270240Z,18.063633,15.138131,1926,1,1,WaitingForConfirmation,1,0,TaskSwitchDisplay,1,,Joystick,0.100000,0.000000,0.000000,0.000000,-1.000000,JoyStick1LeftSlider,0.000000,0.000000,0.000000,0.000000,0.000000,0.000000,0.000000,0.000000,0.000000,0.000000,1585,0,0.000000,0,0,0,0,0,TaskSwitchPedal,,0
20261007T094105551Z_265f722f92d24dc6a4117021c338e6d3,,,1,322,2026-10-07T09:41:23.6866950Z,18.122218,15.196347,1930,1,1,WaitingForConfirmation,1,0,TaskSwitchDisplay,1,,Joystick,0.100000,0.000000,0.000000,0.000000,-1.000000,JoyStick1LeftSlider,0.000000,0.000000,0.000000,0.000000,0.000000,0.000000,0.000000,0.000000,0.000000,0.000000,1585,0,0.000000,0,0,0,0,0,TaskSwitchPedal,,0
20261007T094105551Z_265f722f92d24dc6a4117021c338e6d3,,,1,323,2026-10-07T09:41:23.7476250Z,18.182903,15.257440,1935,1,1,WaitingForConfirmation,1,0,TaskSwitchDisplay,1,,Joystick,0.100000,0.000000,0.000000,0.000000,-1.000000,JoyStick1LeftSlider,0.000000,0.000000,0.000000,0.000000,0.000000,0.000000,0.000000,0.000000,0.000000,0.000000,1585,0,0.000000,0,0,0,0,0,TaskSwitchPedal,,0
20261007T094105551Z_265f722f92d24dc6a4117021c338e6d3,,,1,324,2026-10-07T09:41:23.7971074Z,18.233253,15.306759,1938,1,1,WaitingForConfirmation,1,0,TaskSwitchDisplay,1,,Joystick,0.100000,0.000000,0.000000,0.000000,-1.000000,JoyStick1LeftSlider,0.000000,0.000000,0.000000,0.000000,0.000000,0.000000,0.000000,0.000000,0.000000,0.000000,1585,0,0.000000,0,0,0,0,0,TaskSwitchPedal,,0
20261007T094105551Z_265f722f92d24dc6a4117021c338e6d3,,,1,325,2026-10-07T09:41:23.8567667Z,18.292548,15.366464,1942,1,1,WaitingForConfirmation,1,0,TaskSwitchDisplay,1,,Joystick,0.100000,0.000000,0.000000,0.000000,-1.000000,JoyStick1LeftSlider,0.000000,0.000000,0.000000,0.000000,0.000000,0.000000,0.000000,0.000000,0.000000,0.000000,1585,0,0.000000,0,0,0,0,0,TaskSwitchPedal,,0
20261007T094105551Z_265f722f92d24dc6a4117021c338e6d3,,,1,326,2026-10-07T09:41:23.9157089Z,18.351558,15.425197,1948,1,1,WaitingForConfirmation,1,0,TaskSwitchDisplay,1,,Joystick,0.100000,0.000000,0.000000,0.000000,-1.000000,JoyStick1LeftSlider,0.000000,0.000000,0.000000,0.000000,0.000000,0.000000,0.000000,0.000000,0.000000,0.000000,1585,0,0.000000,0,0,0,0,0,TaskSwitchPedal,,0
20261007T094105551Z_265f722f92d24dc6a4117021c338e6d3,,,1,327,2026-10-07T09:41:23.9731021Z,18.409252,15.483272,1954,1,1,WaitingForConfirmation,1,0,TaskSwitchDisplay,1,,Joystick,0.100000,0.000000,0.000000,0.000000,-1.000000,JoyStick1LeftSlider,0.000000,0.000000,0.000000,0.000000,0.000000,0.000000,0.000000,0.000000,0.000000,0.000000,1585,0,0.000000,0,0,0,0,0,TaskSwitchPedal,,0
20261007T094105551Z_265f722f92d24dc6a4117021c338e6d3,,,1,328,2026-10-07T09:41:24.0293614Z,18.464670,15.539148,1960,1,1,WaitingForConfirmation,1,0,TaskSwitchDisplay,1,,Joystick,0.100000,0.000000,0.000000,0.000000,-1.000000,JoyStick1LeftSlider,0.000000,0.000000,0.000000,0.000000,0.000000,0.000000,0.000000,0.000000,0.000000,0.000000,1585,0,0.000000,0,0,0,0,0,TaskSwitchPedal,,0
20261007T094105551Z_265f722f92d24dc6a4117021c338e6d3,,,1,329,2026-10-07T09:41:24.0901841Z,18.525584,15.599614,1966,1,1,WaitingForConfirmation,1,0,TaskSwitchDisplay,1,,Joystick,0.100000,0.000000,0.000000,0.000000,-1.000000,JoyStick1LeftSlider,0.000000,0.000000,0.000000,0.000000,0.000000,0.000000,0.000000,0.000000,0.000000,0.000000,1585,0,0.000000,0,0,0,0,0,TaskSwitchPedal,,0
20261007T094105551Z_265f722f92d24dc6a4117021c338e6d3,,,1,330,2026-10-07T09:41:24.1471937Z,18.583555,15.657870,1972,1,1,WaitingForConfirmation,1,0,TaskSwitchDisplay,1,,Joystick,0.100000,0.000000,0.000000,0.000000,-1.000000,JoyStick1LeftSlider,0.000000,0.000000,0.000000,0.000000,0.000000,0.000000,0.000000,0.000000,0.000000,0.000000,1585,0,0.000000,0,0,0,0,0,TaskSwitchPedal,,0
20261007T094105551Z_265f722f92d24dc6a4117021c338e6d3,,,1,331,2026-10-07T09:41:24.1981198Z,18.634094,15.708070,1977,1,1,WaitingForConfirmation,1,0,TaskSwitchDisplay,1,,Joystick,0.100000,0.000000,0.000000,0.000000,-1.000000,JoyStick1LeftSlider,0.000000,0.000000,0.000000,0.000000,0.000000,0.000000,0.000000,0.000000,0.000000,0.000000,1585,0,0.000000,0,0,0,0,0,TaskSwitchPedal,,0
20261007T094105551Z_265f722f92d24dc6a4117021c338e6d3,,,1,332,2026-10-07T09:41:24.2575568Z,18.693417,15.766917,1983,1,1,WaitingForConfirmation,1,0,TaskSwitchDisplay,1,,Joystick,0.100000,0.000000,0.000000,0.000000,-1.000000,JoyStick1LeftSlider,0.000000,0.000000,0.000000,0.000000,0.000000,0.000000,0.000000,0.000000,0.000000,0.000000,1585,0,0.000000,0,0,0,0,0,TaskSwitchPedal,,0
20261007T094105551Z_265f722f92d24dc6a4117021c338e6d3,,,1,333,2026-10-07T09:41:24.3143130Z,18.750039,15.823981,1989,1,1,WaitingForConfirmation,1,0,TaskSwitchDisplay,1,,Joystick,0.100000,0.000000,0.000000,0.000000,-1.000000,JoyStick1LeftSlider,0.000000,0.000000,0.000000,0.000000,0.000000,0.000000,0.000000,0.000000,0.000000,0.000000,1585,0,0.000000,0,0,0,0,0,TaskSwitchPedal,,0
20261007T094105551Z_265f722f92d24dc6a4117021c338e6d3,,,1,334,2026-10-07T09:41:24.3697667Z,18.805686,15.879623,1995,1,1,WaitingForConfirmation,1,0,TaskSwitchDisplay,1,,Joystick,0.100000,0.000000,0.000000,0.000000,-1.000000,JoyStick1LeftSlider,0.000000,0.000000,0.000000,0.000000,0.000000,0.000000,0.000000,0.000000,0.000000,0.000000,1585,0,0.000000,0,0,0,0,0,TaskSwitchPedal,,0
20261007T094105551Z_265f722f92d24dc6a4117021c338e6d3,,,1,335,2026-10-07T09:41:24.4238753Z,18.859444,15.933143,1998,1,1,WaitingForConfirmation,1,0,TaskSwitchDisplay,1,,Joystick,0.100000,0.000000,0.000000,0.000000,0.000000,JoyStick1LeftSlider,0.000000,0.000000,0.000000,0.000000,0.000000,0.000000,0.000000,0.000000,0.000000,0.000000,1585,0,0.000000,0,0,0,0,0,TaskSwitchPedal,,0
