session_id,participant_id,block_id,experiment_run_index,activation_index,event_type,secondary_task_mode,utc_timestamp,real_elapsed_s,simulation_elapsed_s,frame,switch_index,active_crane_index,state,input_locked,global_paused,operation_enabled,trial_index,stimulus_side,expected_sign,response_sign,outcome,correct,reaction_time_s,presented,held_at_onset,raw_pedal,pedal_axis,invert_axis,press_threshold,release_threshold,response_timeout_s,minimum_valid_reaction_s,minimum_interval_s,maximum_interval_s,random_seed,active_clock_s,scheduled_onset_active_clock_s,actual_onset_active_clock_s,scheduled_onset_estimated_real_s,onset_observed_real_s,onset_frame_delay_s,response_observed_real_s,left_red,right_red,onset_switch_index,onset_crane_index,onset_state,onset_phase,onset_step,current_phase,current_step,app_focused,configuration_json,detail,pause_count,paused_duration_s,wall_reaction_time_s,completion_policy,response_count,incorrect_response_count,too_early_response_count,first_response_sign,first_response_outcome,first_response_correct,first_reaction_time_s,first_response_observed_real_s,first_wall_reaction_time_s,pedal_axis_raw,pedal_positive_key,pedal_negative_key,pedal_input_source,pedal_input_conflict,plus_minus_keys_enabled
20261009T064916211Z_facf92f9bb4844ea8288d0a5e8ae0f15,,,1,1,SubtaskStarted,Visual,2026-10-09T06:49:22.2485429Z,6.022367,0.153377,425,0,0,OperatingSource,0,0,1,,,,,,,,0,0,0.000000,TaskSwitchPedal,0,0.500000,0.200000,,0.100000,5.000000,10.000000,72373550,3.578983,,,,,,,0,0,,,,,,Move1,Move1.PickupCoarseMove,1,"{""pedalAxisName"":""TaskSwitchPedal"",""usePlusMinusKeys"":true,""positivePedalKey"":61,""negativePedalKey"":45,""invertPedalAxis"":false,""pressThreshold"":0.5,""releaseThreshold"":0.20000000298023225,""minimumIntervalSeconds"":5.0,""maximumIntervalSeconds"":10.0,""minimumValidReactionSeconds"":0.10000000149011612,""randomSeed"":72373550}","{""pedalAxisName"":""TaskSwitchPedal"",""usePlusMinusKeys"":true,""positivePedalKey"":61,""negativePedalKey"":45,""invertPedalAxis"":false,""pressThreshold"":0.5,""releaseThreshold"":0.20000000298023225,""minimumIntervalSeconds"":5.0,""maximumIntervalSeconds"":10.0,""minimumValidReactionSeconds"":0.10000000149011612,""randomSeed"":72373550}",0,0.000000,,CorrectSidePress,,,,,,,,,,0.000000,0,0,Axis,0,1
20261009T064916211Z_facf92f9bb4844ea8288d0a5e8ae0f15,,,1,1,StimulusScheduled,Visual,2026-10-09T06:49:22.2509896Z,6.025609,0.153377,425,0,0,OperatingSource,0,0,1,1,Right,1,,,,,0,0,0.000000,TaskSwitchPedal,0,0.500000,0.200000,,0.100000,5.000000,10.000000,72373550,3.582216,10.202096,,12.645490,,,,0,0,,,,,,Move1,Move1.PickupCoarseMove,1,"{""pedalAxisName"":""TaskSwitchPedal"",""usePlusMinusKeys"":true,""positivePedalKey"":61,""negativePedalKey"":45,""invertPedalAxis"":false,""pressThreshold"":0.5,""releaseThreshold"":0.20000000298023225,""minimumIntervalSeconds"":5.0,""maximumIntervalSeconds"":10.0,""minimumValidReactionSeconds"":0.10000000149011612,""randomSeed"":72373550}",,0,0.000000,,CorrectSidePress,0,0,0,,,,,,,0.000000,0,0,Axis,0,1
20261009T064916211Z_facf92f9bb4844ea8288d0a5e8ae0f15,,,1,1,StimulusOnsetObserved,Visual,2026-10-09T06:49:28.8847841Z,12.660227,6.885016,714,0,0,OperatingSource,0,0,1,1,Right,1,,,,,1,0,0.000000,TaskSwitchPedal,0,0.500000,0.200000,,0.100000,5.000000,10.000000,72373550,10.216840,10.202096,10.216840,12.645490,12.660227,0.014737,,0,1,0,0,OperatingSource,Move1,Move1.PickupCoarseMove,Move1,Move1.PickupCoarseMove,1,"{""pedalAxisName"":""TaskSwitchPedal"",""usePlusMinusKeys"":true,""positivePedalKey"":61,""negativePedalKey"":45,""invertPedalAxis"":false,""pressThreshold"":0.5,""releaseThreshold"":0.20000000298023225,""minimumIntervalSeconds"":5.0,""maximumIntervalSeconds"":10.0,""minimumValidReactionSeconds"":0.10000000149011612,""randomSeed"":72373550}",,0,0.000000,,CorrectSidePress,0,0,0,,,,,,,0.000000,0,0,Axis,0,1
20261009T064916211Z_facf92f9bb4844ea8288d0a5e8ae0f15,,,1,1,PedalPressed,Visual,2026-10-09T06:49:29.8765561Z,13.651996,7.876474,766,0,0,OperatingSource,0,0,1,1,Right,1,1,Correct,1,0.991769,1,0,1.000000,TaskSwitchPedal,0,0.500000,0.200000,,0.100000,5.000000,10.000000,72373550,11.208609,10.202096,10.216840,12.645490,12.660227,0.014737,13.651996,0,1,0,0,OperatingSource,Move1,Move1.PickupCoarseMove,Move1,Move1.PickupCoarseMove,1,"{""pedalAxisName"":""TaskSwitchPedal"",""usePlusMinusKeys"":true,""positivePedalKey"":61,""negativePedalKey"":45,""invertPedalAxis"":false,""pressThreshold"":0.5,""releaseThreshold"":0.20000000298023225,""minimumIntervalSeconds"":5.0,""maximumIntervalSeconds"":10.0,""minimumValidReactionSeconds"":0.10000000149011612,""randomSeed"":72373550}",,0,0.000000,0.991769,CorrectSidePress,1,0,0,1,Correct,1,0.991769,13.651996,0.991769,0.000000,1,0,PlusMinusKeys,0,1
20261009T064916211Z_facf92f9bb4844ea8288d0a5e8ae0f15,,,1,1,TrialFinished,Visual,2026-10-09T06:49:29.8776067Z,13.651996,7.876474,766,0,0,OperatingSource,0,0,1,1,Right,1,1,Correct,1,0.991769,1,0,1.000000,TaskSwitchPedal,0,0.500000,0.200000,,0.100000,5.000000,10.000000,72373550,11.208609,10.202096,10.216840,12.645490,12.660227,0.014737,13.651996,0,0,0,0,OperatingSource,Move1,Move1.PickupCoarseMove,Move1,Move1.PickupCoarseMove,1,"{""pedalAxisName"":""TaskSwitchPedal"",""usePlusMinusKeys"":true,""positivePedalKey"":61,""negativePedalKey"":45,""invertPedalAxis"":false,""pressThreshold"":0.5,""releaseThreshold"":0.20000000298023225,""minimumIntervalSeconds"":5.0,""maximumIntervalSeconds"":10.0,""minimumValidReactionSeconds"":0.10000000149011612,""randomSeed"":72373550}",,0,0.000000,0.991769,CorrectSidePress,1,0,0,1,Correct,1,0.991769,13.651996,0.991769,0.000000,1,0,PlusMinusKeys,0,1
20261009T064916211Z_facf92f9bb4844ea8288d0a5e8ae0f15,,,1,1,StimulusScheduled,Visual,2026-10-09T06:49:29.8776067Z,13.653119,7.876474,766,0,0,OperatingSource,0,0,1,2,Left,-1,,,,,0,0,1.000000,TaskSwitchPedal,0,0.500000,0.200000,,0.100000,5.000000,10.000000,72373550,11.209732,16.440990,,18.884377,,,,0,0,,,,,,Move1,Move1.PickupCoarseMove,1,"{""pedalAxisName"":""TaskSwitchPedal"",""usePlusMinusKeys"":true,""positivePedalKey"":61,""negativePedalKey"":45,""invertPedalAxis"":false,""pressThreshold"":0.5,""releaseThreshold"":0.20000000298023225,""minimumIntervalSeconds"":5.0,""maximumIntervalSeconds"":10.0,""minimumValidReactionSeconds"":0.10000000149011612,""randomSeed"":72373550}",,0,0.000000,,CorrectSidePress,0,0,0,,,,,,,0.000000,1,0,PlusMinusKeys,0,1
20261009T064916211Z_facf92f9bb4844ea8288d0a5e8ae0f15,,,1,1,StimulusOnsetObserved,Visual,2026-10-09T06:49:35.1307374Z,18.906737,13.130373,1024,0,0,OperatingSource,0,0,1,2,Left,-1,,,,,1,0,0.000000,TaskSwitchPedal,0,0.500000,0.200000,,0.100000,5.000000,10.000000,72373550,16.463350,16.440990,16.463350,18.884377,18.906737,0.022360,,1,0,0,0,OperatingSource,Move1,Move1.PickupCoarseMove,Move1,Move1.PickupCoarseMove,1,"{""pedalAxisName"":""TaskSwitchPedal"",""usePlusMinusKeys"":true,""positivePedalKey"":61,""negativePedalKey"":45,""invertPedalAxis"":false,""pressThreshold"":0.5,""releaseThreshold"":0.20000000298023225,""minimumIntervalSeconds"":5.0,""maximumIntervalSeconds"":10.0,""minimumValidReactionSeconds"":0.10000000149011612,""randomSeed"":72373550}",,0,0.000000,,CorrectSidePress,0,0,0,,,,,,,0.000000,0,0,Axis,0,1
20261009T064916211Z_facf92f9bb4844ea8288d0a5e8ae0f15,,,1,1,PedalPressed,Visual,2026-10-09T06:49:35.9844569Z,19.760590,13.985083,1065,0,0,OperatingSource,0,0,1,2,Left,-1,-1,Correct,1,0.853853,1,0,-1.000000,TaskSwitchPedal,0,0.500000,0.200000,,0.100000,5.000000,10.000000,72373550,17.317203,16.440990,16.463350,18.884377,18.906737,0.022360,19.760590,1,0,0,0,OperatingSource,Move1,Move1.PickupCoarseMove,Move1,Move1.PickupCoarseMove,1,"{""pedalAxisName"":""TaskSwitchPedal"",""usePlusMinusKeys"":true,""positivePedalKey"":61,""negativePedalKey"":45,""invertPedalAxis"":false,""pressThreshold"":0.5,""releaseThreshold"":0.20000000298023225,""minimumIntervalSeconds"":5.0,""maximumIntervalSeconds"":10.0,""minimumValidReactionSeconds"":0.10000000149011612,""randomSeed"":72373550}",,0,0.000000,0.853853,CorrectSidePress,1,0,0,-1,Correct,1,0.853853,19.760590,0.853853,0.000000,0,1,PlusMinusKeys,0,1
20261009T064916211Z_facf92f9bb4844ea8288d0a5e8ae0f15,,,1,1,TrialFinished,Visual,2026-10-09T06:49:35.9844569Z,19.760590,13.985083,1065,0,0,OperatingSource,0,0,1,2,Left,-1,-1,Correct,1,0.853853,1,0,-1.000000,TaskSwitchPedal,0,0.500000,0.200000,,0.100000,5.000000,10.000000,72373550,17.317203,16.440990,16.463350,18.884377,18.906737,0.022360,19.760590,0,0,0,0,OperatingSource,Move1,Move1.PickupCoarseMove,Move1,Move1.PickupCoarseMove,1,"{""pedalAxisName"":""TaskSwitchPedal"",""usePlusMinusKeys"":true,""positivePedalKey"":61,""negativePedalKey"":45,""invertPedalAxis"":false,""pressThreshold"":0.5,""releaseThreshold"":0.20000000298023225,""minimumIntervalSeconds"":5.0,""maximumIntervalSeconds"":10.0,""minimumValidReactionSeconds"":0.10000000149011612,""randomSeed"":72373550}",,0,0.000000,0.853853,CorrectSidePress,1,0,0,-1,Correct,1,0.853853,19.760590,0.853853,0.000000,0,1,PlusMinusKeys,0,1
20261009T064916211Z_facf92f9bb4844ea8288d0a5e8ae0f15,,,1,1,StimulusScheduled,Visual,2026-10-09T06:49:35.9858470Z,19.760985,13.985083,1065,0,0,OperatingSource,0,0,1,3,Left,-1,,,,,0,0,-1.000000,TaskSwitchPedal,0,0.500000,0.200000,,0.100000,5.000000,10.000000,72373550,17.317598,27.153773,,29.597159,,,,0,0,,,,,,Move1,Move1.PickupCoarseMove,1,"{""pedalAxisName"":""TaskSwitchPedal"",""usePlusMinusKeys"":true,""positivePedalKey"":61,""negativePedalKey"":45,""invertPedalAxis"":false,""pressThreshold"":0.5,""releaseThreshold"":0.20000000298023225,""minimumIntervalSeconds"":5.0,""maximumIntervalSeconds"":10.0,""minimumValidReactionSeconds"":0.10000000149011612,""randomSeed"":72373550}",,0,0.000000,,CorrectSidePress,0,0,0,,,,,,,0.000000,0,1,PlusMinusKeys,0,1
20261009T064916211Z_facf92f9bb4844ea8288d0a5e8ae0f15,,,1,1,StimulusOnsetObserved,Visual,2026-10-09T06:49:45.8228985Z,29.599656,23.823700,1589,0,0,OperatingSource,0,0,1,3,Left,-1,,,,,1,0,0.000000,TaskSwitchPedal,0,0.500000,0.200000,,0.100000,5.000000,10.000000,72373550,27.156269,27.153773,27.156269,29.597159,29.599656,0.002497,,1,0,0,0,OperatingSource,LiftUp,LiftUp.PickupLowering,LiftUp,LiftUp.PickupLowering,1,"{""pedalAxisName"":""TaskSwitchPedal"",""usePlusMinusKeys"":true,""positivePedalKey"":61,""negativePedalKey"":45,""invertPedalAxis"":false,""pressThreshold"":0.5,""releaseThreshold"":0.20000000298023225,""minimumIntervalSeconds"":5.0,""maximumIntervalSeconds"":10.0,""minimumValidReactionSeconds"":0.10000000149011612,""randomSeed"":72373550}",,0,0.000000,,CorrectSidePress,0,0,0,,,,,,,0.000000,0,0,Axis,0,1
20261009T064916211Z_facf92f9bb4844ea8288d0a5e8ae0f15,,,1,1,PedalPressed,Visual,2026-10-09T06:49:46.6067170Z,30.382895,24.607086,1631,0,0,OperatingSource,0,0,1,3,Left,-1,-1,Correct,1,0.783239,1,0,-1.000000,TaskSwitchPedal,0,0.500000,0.200000,,0.100000,5.000000,10.000000,72373550,27.939508,27.153773,27.156269,29.597159,29.599656,0.002497,30.382895,1,0,0,0,OperatingSource,LiftUp,LiftUp.PickupLowering,LiftUp,LiftUp.PickupLowering,1,"{""pedalAxisName"":""TaskSwitchPedal"",""usePlusMinusKeys"":true,""positivePedalKey"":61,""negativePedalKey"":45,""invertPedalAxis"":false,""pressThreshold"":0.5,""releaseThreshold"":0.20000000298023225,""minimumIntervalSeconds"":5.0,""maximumIntervalSeconds"":10.0,""minimumValidReactionSeconds"":0.10000000149011612,""randomSeed"":72373550}",,0,0.000000,0.783239,CorrectSidePress,1,0,0,-1,Correct,1,0.783239,30.382895,0.783239,0.000000,0,1,PlusMinusKeys,0,1
20261009T064916211Z_facf92f9bb4844ea8288d0a5e8ae0f15,,,1,1,TrialFinished,Visual,2026-10-09T06:49:46.6067170Z,30.382895,24.607086,1631,0,0,OperatingSource,0,0,1,3,Left,-1,-1,Correct,1,0.783239,1,0,-1.000000,TaskSwitchPedal,0,0.500000,0.200000,,0.100000,5.000000,10.000000,72373550,27.939508,27.153773,27.156269,29.597159,29.599656,0.002497,30.382895,0,0,0,0,OperatingSource,LiftUp,LiftUp.PickupLowering,LiftUp,LiftUp.PickupLowering,1,"{""pedalAxisName"":""TaskSwitchPedal"",""usePlusMinusKeys"":true,""positivePedalKey"":61,""negativePedalKey"":45,""invertPedalAxis"":false,""pressThreshold"":0.5,""releaseThreshold"":0.20000000298023225,""minimumIntervalSeconds"":5.0,""maximumIntervalSeconds"":10.0,""minimumValidReactionSeconds"":0.10000000149011612,""randomSeed"":72373550}",,0,0.000000,0.783239,CorrectSidePress,1,0,0,-1,Correct,1,0.783239,30.382895,0.783239,0.000000,0,1,PlusMinusKeys,0,1
20261009T064916211Z_facf92f9bb4844ea8288d0a5e8ae0f15,,,1,1,StimulusScheduled,Visual,2026-10-09T06:49:46.6079794Z,30.383306,24.607086,1631,0,0,OperatingSource,0,0,1,4,Right,1,,,,,0,0,-1.000000,TaskSwitchPedal,0,0.500000,0.200000,,0.100000,5.000000,10.000000,72373550,27.939919,36.498814,,38.942201,,,,0,0,,,,,,LiftUp,LiftUp.PickupLowering,1,"{""pedalAxisName"":""TaskSwitchPedal"",""usePlusMinusKeys"":true,""positivePedalKey"":61,""negativePedalKey"":45,""invertPedalAxis"":false,""pressThreshold"":0.5,""releaseThreshold"":0.20000000298023225,""minimumIntervalSeconds"":5.0,""maximumIntervalSeconds"":10.0,""minimumValidReactionSeconds"":0.10000000149011612,""randomSeed"":72373550}",,0,0.000000,,CorrectSidePress,0,0,0,,,,,,,0.000000,0,1,PlusMinusKeys,0,1
20261009T064916211Z_facf92f9bb4844ea8288d0a5e8ae0f15,,,1,1,StimulusOnsetObserved,Visual,2026-10-09T06:49:55.1830002Z,38.958853,33.183120,2050,0,0,OperatingSource,0,0,1,4,Right,1,,,,,1,0,0.000000,TaskSwitchPedal,0,0.500000,0.200000,,0.100000,5.000000,10.000000,72373550,36.515466,36.498814,36.515466,38.942201,38.958853,0.016653,,0,1,0,0,OperatingSource,LiftUp,LiftUp.LoadAcquisition,LiftUp,LiftUp.LoadAcquisition,1,"{""pedalAxisName"":""TaskSwitchPedal"",""usePlusMinusKeys"":true,""positivePedalKey"":61,""negativePedalKey"":45,""invertPedalAxis"":false,""pressThreshold"":0.5,""releaseThreshold"":0.20000000298023225,""minimumIntervalSeconds"":5.0,""maximumIntervalSeconds"":10.0,""minimumValidReactionSeconds"":0.10000000149011612,""randomSeed"":72373550}",,0,0.000000,,CorrectSidePress,0,0,0,,,,,,,0.000000,0,0,Axis,0,1
20261009T064916211Z_facf92f9bb4844ea8288d0a5e8ae0f15,,,1,1,PedalPressed,Visual,2026-10-09T06:49:56.0599569Z,39.835937,34.060541,2096,0,0,OperatingSource,0,0,1,4,Right,1,1,Correct,1,0.877083,1,0,1.000000,TaskSwitchPedal,0,0.500000,0.200000,,0.100000,5.000000,10.000000,72373550,37.392550,36.498814,36.515466,38.942201,38.958853,0.016653,39.835937,0,1,0,0,OperatingSource,LiftUp,LiftUp.LoadAcquisition,LiftUp,LiftUp.LoadAcquisition,1,"{""pedalAxisName"":""TaskSwitchPedal"",""usePlusMinusKeys"":true,""positivePedalKey"":61,""negativePedalKey"":45,""invertPedalAxis"":false,""pressThreshold"":0.5,""releaseThreshold"":0.20000000298023225,""minimumIntervalSeconds"":5.0,""maximumIntervalSeconds"":10.0,""minimumValidReactionSeconds"":0.10000000149011612,""randomSeed"":72373550}",,0,0.000000,0.877083,CorrectSidePress,1,0,0,1,Correct,1,0.877083,39.835937,0.877083,0.000000,1,0,PlusMinusKeys,0,1
20261009T064916211Z_facf92f9bb4844ea8288d0a5e8ae0f15,,,1,1,TrialFinished,Visual,2026-10-09T06:49:56.0599569Z,39.835937,34.060541,2096,0,0,OperatingSource,0,0,1,4,Right,1,1,Correct,1,0.877083,1,0,1.000000,TaskSwitchPedal,0,0.500000,0.200000,,0.100000,5.000000,10.000000,72373550,37.392550,36.498814,36.515466,38.942201,38.958853,0.016653,39.835937,0,0,0,0,OperatingSource,LiftUp,LiftUp.LoadAcquisition,LiftUp,LiftUp.LoadAcquisition,1,"{""pedalAxisName"":""TaskSwitchPedal"",""usePlusMinusKeys"":true,""positivePedalKey"":61,""negativePedalKey"":45,""invertPedalAxis"":false,""pressThreshold"":0.5,""releaseThreshold"":0.20000000298023225,""minimumIntervalSeconds"":5.0,""maximumIntervalSeconds"":10.0,""minimumValidReactionSeconds"":0.10000000149011612,""randomSeed"":72373550}",,0,0.000000,0.877083,CorrectSidePress,1,0,0,1,Correct,1,0.877083,39.835937,0.877083,0.000000,1,0,PlusMinusKeys,0,1
20261009T064916211Z_facf92f9bb4844ea8288d0a5e8ae0f15,,,1,1,StimulusScheduled,Visual,2026-10-09T06:49:56.0599569Z,39.836402,34.060541,2096,0,0,OperatingSource,0,0,1,5,Left,-1,,,,,0,0,1.000000,TaskSwitchPedal,0,0.500000,0.200000,,0.100000,5.000000,10.000000,72373550,37.393015,46.297025,,48.740412,,,,0,0,,,,,,LiftUp,LiftUp.LoadAcquisition,1,"{""pedalAxisName"":""TaskSwitchPedal"",""usePlusMinusKeys"":true,""positivePedalKey"":61,""negativePedalKey"":45,""invertPedalAxis"":false,""pressThreshold"":0.5,""releaseThreshold"":0.20000000298023225,""minimumIntervalSeconds"":5.0,""maximumIntervalSeconds"":10.0,""minimumValidReactionSeconds"":0.10000000149011612,""randomSeed"":72373550}",,0,0.000000,,CorrectSidePress,0,0,0,,,,,,,0.000000,1,0,PlusMinusKeys,0,1
20261009T064916211Z_facf92f9bb4844ea8288d0a5e8ae0f15,,,1,1,StimulusOnsetObserved,Visual,2026-10-09T06:50:04.9808314Z,48.757240,42.982212,2525,0,0,OperatingSource,0,0,1,5,Left,-1,,,,,1,0,0.000000,TaskSwitchPedal,0,0.500000,0.200000,,0.100000,5.000000,10.000000,72373550,46.313853,46.297025,46.313853,48.740412,48.757240,0.016828,,1,0,0,0,OperatingSource,Move2,Move2.DestinationCoarseMove,Move2,Move2.DestinationCoarseMove,1,"{""pedalAxisName"":""TaskSwitchPedal"",""usePlusMinusKeys"":true,""positivePedalKey"":61,""negativePedalKey"":45,""invertPedalAxis"":false,""pressThreshold"":0.5,""releaseThreshold"":0.20000000298023225,""minimumIntervalSeconds"":5.0,""maximumIntervalSeconds"":10.0,""minimumValidReactionSeconds"":0.10000000149011612,""randomSeed"":72373550}",,0,0.000000,,CorrectSidePress,0,0,0,,,,,,,0.000000,0,0,Axis,0,1
20261009T064916211Z_facf92f9bb4844ea8288d0a5e8ae0f15,,,1,1,PedalPressed,Visual,2026-10-09T06:50:05.9248005Z,49.701345,43.925877,2571,0,0,OperatingSource,0,0,1,5,Left,-1,-1,Correct,1,0.944105,1,0,-1.000000,TaskSwitchPedal,0,0.500000,0.200000,,0.100000,5.000000,10.000000,72373550,47.257958,46.297025,46.313853,48.740412,48.757240,0.016828,49.701345,1,0,0,0,OperatingSource,Move2,Move2.DestinationCoarseMove,Move2,Move2.DestinationCoarseMove,1,"{""pedalAxisName"":""TaskSwitchPedal"",""usePlusMinusKeys"":true,""positivePedalKey"":61,""negativePedalKey"":45,""invertPedalAxis"":false,""pressThreshold"":0.5,""releaseThreshold"":0.20000000298023225,""minimumIntervalSeconds"":5.0,""maximumIntervalSeconds"":10.0,""minimumValidReactionSeconds"":0.10000000149011612,""randomSeed"":72373550}",,0,0.000000,0.944105,CorrectSidePress,1,0,0,-1,Correct,1,0.944105,49.701345,0.944105,0.000000,0,1,PlusMinusKeys,0,1
20261009T064916211Z_facf92f9bb4844ea8288d0a5e8ae0f15,,,1,1,TrialFinished,Visual,2026-10-09T06:50:05.9258895Z,49.701345,43.925877,2571,0,0,OperatingSource,0,0,1,5,Left,-1,-1,Correct,1,0.944105,1,0,-1.000000,TaskSwitchPedal,0,0.500000,0.200000,,0.100000,5.000000,10.000000,72373550,47.257958,46.297025,46.313853,48.740412,48.757240,0.016828,49.701345,0,0,0,0,OperatingSource,Move2,Move2.DestinationCoarseMove,Move2,Move2.DestinationCoarseMove,1,"{""pedalAxisName"":""TaskSwitchPedal"",""usePlusMinusKeys"":true,""positivePedalKey"":61,""negativePedalKey"":45,""invertPedalAxis"":false,""pressThreshold"":0.5,""releaseThreshold"":0.20000000298023225,""minimumIntervalSeconds"":5.0,""maximumIntervalSeconds"":10.0,""minimumValidReactionSeconds"":0.10000000149011612,""randomSeed"":72373550}",,0,0.000000,0.944105,CorrectSidePress,1,0,0,-1,Correct,1,0.944105,49.701345,0.944105,0.000000,0,1,PlusMinusKeys,0,1
20261009T064916211Z_facf92f9bb4844ea8288d0a5e8ae0f15,,,1,1,StimulusScheduled,Visual,2026-10-09T06:50:05.9258895Z,49.701789,43.925877,2571,0,0,OperatingSource,0,0,1,6,Left,-1,,,,,0,0,-1.000000,TaskSwitchPedal,0,0.500000,0.200000,,0.100000,5.000000,10.000000,72373550,47.258402,57.220428,,59.663815,,,,0,0,,,,,,Move2,Move2.DestinationCoarseMove,1,"{""pedalAxisName"":""TaskSwitchPedal"",""usePlusMinusKeys"":true,""positivePedalKey"":61,""negativePedalKey"":45,""invertPedalAxis"":false,""pressThreshold"":0.5,""releaseThreshold"":0.20000000298023225,""minimumIntervalSeconds"":5.0,""maximumIntervalSeconds"":10.0,""minimumValidReactionSeconds"":0.10000000149011612,""randomSeed"":72373550}",,0,0.000000,,CorrectSidePress,0,0,0,,,,,,,0.000000,0,1,PlusMinusKeys,0,1
20261009T064916211Z_facf92f9bb4844ea8288d0a5e8ae0f15,,,1,1,StimulusOnsetObserved,Visual,2026-10-09T06:50:15.9075869Z,59.684083,53.908553,3070,1,1,OperatingTarget,0,0,1,6,Left,-1,,,,,1,0,0.000000,TaskSwitchPedal,0,0.500000,0.200000,,0.100000,5.000000,10.000000,72373550,57.240696,57.220428,57.240696,59.663815,59.684083,0.020268,,1,0,1,1,OperatingTarget,Move1,Move1.PickupCoarseMove,Move1,Move1.PickupCoarseMove,1,"{""pedalAxisName"":""TaskSwitchPedal"",""usePlusMinusKeys"":true,""positivePedalKey"":61,""negativePedalKey"":45,""invertPedalAxis"":false,""pressThreshold"":0.5,""releaseThreshold"":0.20000000298023225,""minimumIntervalSeconds"":5.0,""maximumIntervalSeconds"":10.0,""minimumValidReactionSeconds"":0.10000000149011612,""randomSeed"":72373550}",,0,0.000000,,CorrectSidePress,0,0,0,,,,,,,0.000000,0,0,Axis,0,1
20261009T064916211Z_facf92f9bb4844ea8288d0a5e8ae0f15,,,1,1,PedalPressed,Visual,2026-10-09T06:50:16.7675995Z,60.543761,54.768961,3111,1,1,OperatingTarget,0,0,1,6,Left,-1,-1,Correct,1,0.859678,1,0,-1.000000,TaskSwitchPedal,0,0.500000,0.200000,,0.100000,5.000000,10.000000,72373550,58.100374,57.220428,57.240696,59.663815,59.684083,0.020268,60.543761,1,0,1,1,OperatingTarget,Move1,Move1.PickupCoarseMove,Move1,Move1.PickupCoarseMove,1,"{""pedalAxisName"":""TaskSwitchPedal"",""usePlusMinusKeys"":true,""positivePedalKey"":61,""negativePedalKey"":45,""invertPedalAxis"":false,""pressThreshold"":0.5,""releaseThreshold"":0.20000000298023225,""minimumIntervalSeconds"":5.0,""maximumIntervalSeconds"":10.0,""minimumValidReactionSeconds"":0.10000000149011612,""randomSeed"":72373550}",,0,0.000000,0.859678,CorrectSidePress,1,0,0,-1,Correct,1,0.859678,60.543761,0.859678,0.000000,0,1,PlusMinusKeys,0,1
20261009T064916211Z_facf92f9bb4844ea8288d0a5e8ae0f15,,,1,1,TrialFinished,Visual,2026-10-09T06:50:16.7675995Z,60.543761,54.768961,3111,1,1,OperatingTarget,0,0,1,6,Left,-1,-1,Correct,1,0.859678,1,0,-1.000000,TaskSwitchPedal,0,0.500000,0.200000,,0.100000,5.000000,10.000000,72373550,58.100374,57.220428,57.240696,59.663815,59.684083,0.020268,60.543761,0,0,1,1,OperatingTarget,Move1,Move1.PickupCoarseMove,Move1,Move1.PickupCoarseMove,1,"{""pedalAxisName"":""TaskSwitchPedal"",""usePlusMinusKeys"":true,""positivePedalKey"":61,""negativePedalKey"":45,""invertPedalAxis"":false,""pressThreshold"":0.5,""releaseThreshold"":0.20000000298023225,""minimumIntervalSeconds"":5.0,""maximumIntervalSeconds"":10.0,""minimumValidReactionSeconds"":0.10000000149011612,""randomSeed"":72373550}",,0,0.000000,0.859678,CorrectSidePress,1,0,0,-1,Correct,1,0.859678,60.543761,0.859678,0.000000,0,1,PlusMinusKeys,0,1
20261009T064916211Z_facf92f9bb4844ea8288d0a5e8ae0f15,,,1,1,StimulusScheduled,Visual,2026-10-09T06:50:16.7675995Z,60.544172,54.768961,3111,1,1,OperatingTarget,0,0,1,7,Left,-1,,,,,0,0,-1.000000,TaskSwitchPedal,0,0.500000,0.200000,,0.100000,5.000000,10.000000,72373550,58.100785,64.166392,,66.609779,,,,0,0,,,,,,Move1,Move1.PickupCoarseMove,1,"{""pedalAxisName"":""TaskSwitchPedal"",""usePlusMinusKeys"":true,""positivePedalKey"":61,""negativePedalKey"":45,""invertPedalAxis"":false,""pressThreshold"":0.5,""releaseThreshold"":0.20000000298023225,""minimumIntervalSeconds"":5.0,""maximumIntervalSeconds"":10.0,""minimumValidReactionSeconds"":0.10000000149011612,""randomSeed"":72373550}",,0,0.000000,,CorrectSidePress,0,0,0,,,,,,,0.000000,0,1,PlusMinusKeys,0,1
20261009T064916211Z_facf92f9bb4844ea8288d0a5e8ae0f15,,,1,1,StimulusOnsetObserved,Visual,2026-10-09T06:50:22.8398115Z,66.616595,60.840845,3410,1,1,OperatingTarget,0,0,1,7,Left,-1,,,,,1,0,0.000000,TaskSwitchPedal,0,0.500000,0.200000,,0.100000,5.000000,10.000000,72373550,64.173200,64.166392,64.173200,66.609779,66.616595,0.006816,,1,0,1,1,OperatingTarget,Move1,Move1.PickupCoarseMove,Move1,Move1.PickupCoarseMove,1,"{""pedalAxisName"":""TaskSwitchPedal"",""usePlusMinusKeys"":true,""positivePedalKey"":61,""negativePedalKey"":45,""invertPedalAxis"":false,""pressThreshold"":0.5,""releaseThreshold"":0.20000000298023225,""minimumIntervalSeconds"":5.0,""maximumIntervalSeconds"":10.0,""minimumValidReactionSeconds"":0.10000000149011612,""randomSeed"":72373550}",,0,0.000000,,CorrectSidePress,0,0,0,,,,,,,0.000000,0,0,Axis,0,1
20261009T064916211Z_facf92f9bb4844ea8288d0a5e8ae0f15,,,1,1,PedalPressed,Visual,2026-10-09T06:50:23.6754949Z,67.452082,61.676032,3451,1,1,OperatingTarget,0,0,1,7,Left,-1,-1,Correct,1,0.835494,1,0,-1.000000,TaskSwitchPedal,0,0.500000,0.200000,,0.100000,5.000000,10.000000,72373550,65.008695,64.166392,64.173200,66.609779,66.616595,0.006816,67.452082,1,0,1,1,OperatingTarget,Move1,Move1.PickupCoarseMove,Move1,Move1.PickupCoarseMove,1,"{""pedalAxisName"":""TaskSwitchPedal"",""usePlusMinusKeys"":true,""positivePedalKey"":61,""negativePedalKey"":45,""invertPedalAxis"":false,""pressThreshold"":0.5,""releaseThreshold"":0.20000000298023225,""minimumIntervalSeconds"":5.0,""maximumIntervalSeconds"":10.0,""minimumValidReactionSeconds"":0.10000000149011612,""randomSeed"":72373550}",,0,0.000000,0.835487,CorrectSidePress,1,0,0,-1,Correct,1,0.835494,67.452082,0.835487,0.000000,0,1,PlusMinusKeys,0,1
20261009T064916211Z_facf92f9bb4844ea8288d0a5e8ae0f15,,,1,1,TrialFinished,Visual,2026-10-09T06:50:23.6754949Z,67.452082,61.676032,3451,1,1,OperatingTarget,0,0,1,7,Left,-1,-1,Correct,1,0.835494,1,0,-1.000000,TaskSwitchPedal,0,0.500000,0.200000,,0.100000,5.000000,10.000000,72373550,65.008695,64.166392,64.173200,66.609779,66.616595,0.006816,67.452082,0,0,1,1,OperatingTarget,Move1,Move1.PickupCoarseMove,Move1,Move1.PickupCoarseMove,1,"{""pedalAxisName"":""TaskSwitchPedal"",""usePlusMinusKeys"":true,""positivePedalKey"":61,""negativePedalKey"":45,""invertPedalAxis"":false,""pressThreshold"":0.5,""releaseThreshold"":0.20000000298023225,""minimumIntervalSeconds"":5.0,""maximumIntervalSeconds"":10.0,""minimumValidReactionSeconds"":0.10000000149011612,""randomSeed"":72373550}",,0,0.000000,0.835487,CorrectSidePress,1,0,0,-1,Correct,1,0.835494,67.452082,0.835487,0.000000,0,1,PlusMinusKeys,0,1
20261009T064916211Z_facf92f9bb4844ea8288d0a5e8ae0f15,,,1,1,StimulusScheduled,Visual,2026-10-09T06:50:23.6754949Z,67.452411,61.676032,3451,1,1,OperatingTarget,0,0,1,8,Left,-1,,,,,0,0,-1.000000,TaskSwitchPedal,0,0.500000,0.200000,,0.100000,5.000000,10.000000,72373550,65.009024,74.032227,,76.475614,,,,0,0,,,,,,Move1,Move1.PickupCoarseMove,1,"{""pedalAxisName"":""TaskSwitchPedal"",""usePlusMinusKeys"":true,""positivePedalKey"":61,""negativePedalKey"":45,""invertPedalAxis"":false,""pressThreshold"":0.5,""releaseThreshold"":0.20000000298023225,""minimumIntervalSeconds"":5.0,""maximumIntervalSeconds"":10.0,""minimumValidReactionSeconds"":0.10000000149011612,""randomSeed"":72373550}",,0,0.000000,,CorrectSidePress,0,0,0,,,,,,,0.000000,0,1,PlusMinusKeys,0,1
20261009T064916211Z_facf92f9bb4844ea8288d0a5e8ae0f15,,,1,1,StimulusOnsetObserved,Visual,2026-10-09T06:50:32.7148325Z,76.491599,70.716058,3888,1,1,OperatingTarget,0,0,1,8,Left,-1,,,,,1,0,0.000000,TaskSwitchPedal,0,0.500000,0.200000,,0.100000,5.000000,10.000000,72373550,74.048212,74.032227,74.048212,76.475614,76.491599,0.015986,,1,0,1,1,OperatingTarget,Move1,Move1.PickupCoarseMove,Move1,Move1.PickupCoarseMove,1,"{""pedalAxisName"":""TaskSwitchPedal"",""usePlusMinusKeys"":true,""positivePedalKey"":61,""negativePedalKey"":45,""invertPedalAxis"":false,""pressThreshold"":0.5,""releaseThreshold"":0.20000000298023225,""minimumIntervalSeconds"":5.0,""maximumIntervalSeconds"":10.0,""minimumValidReactionSeconds"":0.10000000149011612,""randomSeed"":72373550}",,0,0.000000,,CorrectSidePress,0,0,0,,,,,,,0.000000,0,0,Axis,0,1
20261009T064916211Z_facf92f9bb4844ea8288d0a5e8ae0f15,,,1,1,PedalPressed,Visual,2026-10-09T06:50:33.9891103Z,77.766669,71.990207,3950,1,1,OperatingTarget,0,0,1,8,Left,-1,-1,Correct,1,1.275069,1,0,-1.000000,TaskSwitchPedal,0,0.500000,0.200000,,0.100000,5.000000,10.000000,72373550,75.323282,74.032227,74.048212,76.475614,76.491599,0.015986,77.766669,1,0,1,1,OperatingTarget,Move1,Move1.PickupCoarseMove,Move1,Move1.PickupCoarseMove,1,"{""pedalAxisName"":""TaskSwitchPedal"",""usePlusMinusKeys"":true,""positivePedalKey"":61,""negativePedalKey"":45,""invertPedalAxis"":false,""pressThreshold"":0.5,""releaseThreshold"":0.20000000298023225,""minimumIntervalSeconds"":5.0,""maximumIntervalSeconds"":10.0,""minimumValidReactionSeconds"":0.10000000149011612,""randomSeed"":72373550}",,0,0.000000,1.275069,CorrectSidePress,1,0,0,-1,Correct,1,1.275069,77.766669,1.275069,0.000000,0,1,PlusMinusKeys,0,1
20261009T064916211Z_facf92f9bb4844ea8288d0a5e8ae0f15,,,1,1,TrialFinished,Visual,2026-10-09T06:50:33.9891103Z,77.766669,71.990207,3950,1,1,OperatingTarget,0,0,1,8,Left,-1,-1,Correct,1,1.275069,1,0,-1.000000,TaskSwitchPedal,0,0.500000,0.200000,,0.100000,5.000000,10.000000,72373550,75.323282,74.032227,74.048212,76.475614,76.491599,0.015986,77.766669,0,0,1,1,OperatingTarget,Move1,Move1.PickupCoarseMove,Move1,Move1.PickupCoarseMove,1,"{""pedalAxisName"":""TaskSwitchPedal"",""usePlusMinusKeys"":true,""positivePedalKey"":61,""negativePedalKey"":45,""invertPedalAxis"":false,""pressThreshold"":0.5,""releaseThreshold"":0.20000000298023225,""minimumIntervalSeconds"":5.0,""maximumIntervalSeconds"":10.0,""minimumValidReactionSeconds"":0.10000000149011612,""randomSeed"":72373550}",,0,0.000000,1.275069,CorrectSidePress,1,0,0,-1,Correct,1,1.275069,77.766669,1.275069,0.000000,0,1,PlusMinusKeys,0,1
20261009T064916211Z_facf92f9bb4844ea8288d0a5e8ae0f15,,,1,1,StimulusScheduled,Visual,2026-10-09T06:50:33.9906318Z,77.767002,71.990207,3950,1,1,OperatingTarget,0,0,1,9,Left,-1,,,,,0,0,-1.000000,TaskSwitchPedal,0,0.500000,0.200000,,0.100000,5.000000,10.000000,72373550,75.323614,80.540168,,82.983555,,,,0,0,,,,,,Move1,Move1.PickupCoarseMove,1,"{""pedalAxisName"":""TaskSwitchPedal"",""usePlusMinusKeys"":true,""positivePedalKey"":61,""negativePedalKey"":45,""invertPedalAxis"":false,""pressThreshold"":0.5,""releaseThreshold"":0.20000000298023225,""minimumIntervalSeconds"":5.0,""maximumIntervalSeconds"":10.0,""minimumValidReactionSeconds"":0.10000000149011612,""randomSeed"":72373550}",,0,0.000000,,CorrectSidePress,0,0,0,,,,,,,0.000000,0,1,PlusMinusKeys,0,1
20261009T064916211Z_facf92f9bb4844ea8288d0a5e8ae0f15,,,1,1,StimulusOnsetObserved,Visual,2026-10-09T06:50:39.2061041Z,82.983716,77.208111,4202,1,1,OperatingTarget,0,0,1,9,Left,-1,,,,,1,0,0.000000,TaskSwitchPedal,0,0.500000,0.200000,,0.100000,5.000000,10.000000,72373550,80.540328,80.540168,80.540328,82.983555,82.983716,0.000160,,1,0,1,1,OperatingTarget,Move1,Move1.PickupCoarseMove,Move1,Move1.PickupCoarseMove,1,"{""pedalAxisName"":""TaskSwitchPedal"",""usePlusMinusKeys"":true,""positivePedalKey"":61,""negativePedalKey"":45,""invertPedalAxis"":false,""pressThreshold"":0.5,""releaseThreshold"":0.20000000298023225,""minimumIntervalSeconds"":5.0,""maximumIntervalSeconds"":10.0,""minimumValidReactionSeconds"":0.10000000149011612,""randomSeed"":72373550}",,0,0.000000,,CorrectSidePress,0,0,0,,,,,,,0.000000,0,0,Axis,0,1
20261009T064916211Z_facf92f9bb4844ea8288d0a5e8ae0f15,,,1,1,PedalPressed,Visual,2026-10-09T06:50:40.1171575Z,83.894267,78.118794,4247,1,1,OperatingTarget,0,0,1,9,Left,-1,-1,Correct,1,0.910552,1,0,-1.000000,TaskSwitchPedal,0,0.500000,0.200000,,0.100000,5.000000,10.000000,72373550,81.450880,80.540168,80.540328,82.983555,82.983716,0.000160,83.894267,1,0,1,1,OperatingTarget,Move1,Move1.PickupCoarseMove,Move1,Move1.PickupCoarseMove,1,"{""pedalAxisName"":""TaskSwitchPedal"",""usePlusMinusKeys"":true,""positivePedalKey"":61,""negativePedalKey"":45,""invertPedalAxis"":false,""pressThreshold"":0.5,""releaseThreshold"":0.20000000298023225,""minimumIntervalSeconds"":5.0,""maximumIntervalSeconds"":10.0,""minimumValidReactionSeconds"":0.10000000149011612,""randomSeed"":72373550}",,0,0.000000,0.910552,CorrectSidePress,1,0,0,-1,Correct,1,0.910552,83.894267,0.910552,0.000000,0,1,PlusMinusKeys,0,1
20261009T064916211Z_facf92f9bb4844ea8288d0a5e8ae0f15,,,1,1,TrialFinished,Visual,2026-10-09T06:50:40.1171575Z,83.894267,78.118794,4247,1,1,OperatingTarget,0,0,1,9,Left,-1,-1,Correct,1,0.910552,1,0,-1.000000,TaskSwitchPedal,0,0.500000,0.200000,,0.100000,5.000000,10.000000,72373550,81.450880,80.540168,80.540328,82.983555,82.983716,0.000160,83.894267,0,0,1,1,OperatingTarget,Move1,Move1.PickupCoarseMove,Move1,Move1.PickupCoarseMove,1,"{""pedalAxisName"":""TaskSwitchPedal"",""usePlusMinusKeys"":true,""positivePedalKey"":61,""negativePedalKey"":45,""invertPedalAxis"":false,""pressThreshold"":0.5,""releaseThreshold"":0.20000000298023225,""minimumIntervalSeconds"":5.0,""maximumIntervalSeconds"":10.0,""minimumValidReactionSeconds"":0.10000000149011612,""randomSeed"":72373550}",,0,0.000000,0.910552,CorrectSidePress,1,0,0,-1,Correct,1,0.910552,83.894267,0.910552,0.000000,0,1,PlusMinusKeys,0,1
20261009T064916211Z_facf92f9bb4844ea8288d0a5e8ae0f15,,,1,1,StimulusScheduled,Visual,2026-10-09T06:50:40.1171575Z,83.894573,78.118794,4247,1,1,OperatingTarget,0,0,1,10,Left,-1,,,,,0,0,-1.000000,TaskSwitchPedal,0,0.500000,0.200000,,0.100000,5.000000,10.000000,72373550,81.451186,89.636422,,92.079809,,,,0,0,,,,,,Move1,Move1.PickupCoarseMove,1,"{""pedalAxisName"":""TaskSwitchPedal"",""usePlusMinusKeys"":true,""positivePedalKey"":61,""negativePedalKey"":45,""invertPedalAxis"":false,""pressThreshold"":0.5,""releaseThreshold"":0.20000000298023225,""minimumIntervalSeconds"":5.0,""maximumIntervalSeconds"":10.0,""minimumValidReactionSeconds"":0.10000000149011612,""randomSeed"":72373550}",,0,0.000000,,CorrectSidePress,0,0,0,,,,,,,0.000000,0,1,PlusMinusKeys,0,1
20261009T064916211Z_facf92f9bb4844ea8288d0a5e8ae0f15,,,1,1,StimulusOnsetObserved,Visual,2026-10-09T06:50:48.3055417Z,92.082165,86.306905,4650,1,1,OperatingTarget,0,0,1,10,Left,-1,,,,,1,0,0.000000,TaskSwitchPedal,0,0.500000,0.200000,,0.100000,5.000000,10.000000,72373550,89.638778,89.636422,89.638778,92.079809,92.082165,0.002356,,1,0,1,1,OperatingTarget,Move1,Move1.PickupCoarseMove,Move1,Move1.PickupCoarseMove,1,"{""pedalAxisName"":""TaskSwitchPedal"",""usePlusMinusKeys"":true,""positivePedalKey"":61,""negativePedalKey"":45,""invertPedalAxis"":false,""pressThreshold"":0.5,""releaseThreshold"":0.20000000298023225,""minimumIntervalSeconds"":5.0,""maximumIntervalSeconds"":10.0,""minimumValidReactionSeconds"":0.10000000149011612,""randomSeed"":72373550}",,0,0.000000,,CorrectSidePress,0,0,0,,,,,,,0.000000,0,0,Axis,0,1
20261009T064916211Z_facf92f9bb4844ea8288d0a5e8ae0f15,,,1,1,PedalPressed,Visual,2026-10-09T06:50:49.1971957Z,92.973903,87.197882,4690,1,1,OperatingTarget,0,0,1,10,Left,-1,-1,Correct,1,0.891737,1,0,-1.000000,TaskSwitchPedal,0,0.500000,0.200000,,0.100000,5.000000,10.000000,72373550,90.530515,89.636422,89.638778,92.079809,92.082165,0.002356,92.973903,1,0,1,1,OperatingTarget,Move1,Move1.PickupCoarseMove,Move1,Move1.PickupCoarseMove,1,"{""pedalAxisName"":""TaskSwitchPedal"",""usePlusMinusKeys"":true,""positivePedalKey"":61,""negativePedalKey"":45,""invertPedalAxis"":false,""pressThreshold"":0.5,""releaseThreshold"":0.20000000298023225,""minimumIntervalSeconds"":5.0,""maximumIntervalSeconds"":10.0,""minimumValidReactionSeconds"":0.10000000149011612,""randomSeed"":72373550}",,0,0.000000,0.891737,CorrectSidePress,1,0,0,-1,Correct,1,0.891737,92.973903,0.891737,0.000000,0,1,PlusMinusKeys,0,1
20261009T064916211Z_facf92f9bb4844ea8288d0a5e8ae0f15,,,1,1,TrialFinished,Visual,2026-10-09T06:50:49.1971957Z,92.973903,87.197882,4690,1,1,OperatingTarget,0,0,1,10,Left,-1,-1,Correct,1,0.891737,1,0,-1.000000,TaskSwitchPedal,0,0.500000,0.200000,,0.100000,5.000000,10.000000,72373550,90.530515,89.636422,89.638778,92.079809,92.082165,0.002356,92.973903,0,0,1,1,OperatingTarget,Move1,Move1.PickupCoarseMove,Move1,Move1.PickupCoarseMove,1,"{""pedalAxisName"":""TaskSwitchPedal"",""usePlusMinusKeys"":true,""positivePedalKey"":61,""negativePedalKey"":45,""invertPedalAxis"":false,""pressThreshold"":0.5,""releaseThreshold"":0.20000000298023225,""minimumIntervalSeconds"":5.0,""maximumIntervalSeconds"":10.0,""minimumValidReactionSeconds"":0.10000000149011612,""randomSeed"":72373550}",,0,0.000000,0.891737,CorrectSidePress,1,0,0,-1,Correct,1,0.891737,92.973903,0.891737,0.000000,0,1,PlusMinusKeys,0,1
20261009T064916211Z_facf92f9bb4844ea8288d0a5e8ae0f15,,,1,1,StimulusScheduled,Visual,2026-10-09T06:50:49.1971957Z,92.974244,87.197882,4690,1,1,OperatingTarget,0,0,1,11,Right,1,,,,,0,0,-1.000000,TaskSwitchPedal,0,0.500000,0.200000,,0.100000,5.000000,10.000000,72373550,90.530857,97.323109,,99.766496,,,,0,0,,,,,,Move1,Move1.PickupCoarseMove,1,"{""pedalAxisName"":""TaskSwitchPedal"",""usePlusMinusKeys"":true,""positivePedalKey"":61,""negativePedalKey"":45,""invertPedalAxis"":false,""pressThreshold"":0.5,""releaseThreshold"":0.20000000298023225,""minimumIntervalSeconds"":5.0,""maximumIntervalSeconds"":10.0,""minimumValidReactionSeconds"":0.10000000149011612,""randomSeed"":72373550}",,0,0.000000,,CorrectSidePress,0,0,0,,,,,,,0.000000,0,1,PlusMinusKeys,0,1
20261009T064916211Z_facf92f9bb4844ea8288d0a5e8ae0f15,,,1,1,StimulusOnsetObserved,Visual,2026-10-09T06:50:56.0002799Z,99.777566,94.000683,5031,1,1,OperatingTarget,0,0,1,11,Right,1,,,,,1,0,0.000000,TaskSwitchPedal,0,0.500000,0.200000,,0.100000,5.000000,10.000000,72373550,97.334178,97.323109,97.334178,99.766496,99.777566,0.011070,,0,1,1,1,OperatingTarget,LiftUp,LiftUp.PickupLowering,LiftUp,LiftUp.PickupLowering,1,"{""pedalAxisName"":""TaskSwitchPedal"",""usePlusMinusKeys"":true,""positivePedalKey"":61,""negativePedalKey"":45,""invertPedalAxis"":false,""pressThreshold"":0.5,""releaseThreshold"":0.20000000298023225,""minimumIntervalSeconds"":5.0,""maximumIntervalSeconds"":10.0,""minimumValidReactionSeconds"":0.10000000149011612,""randomSeed"":72373550}",,0,0.000000,,CorrectSidePress,0,0,0,,,,,,,0.000000,0,0,Axis,0,1
20261009T064916211Z_facf92f9bb4844ea8288d0a5e8ae0f15,,,1,1,PedalPressed,Visual,2026-10-09T06:50:56.8208157Z,100.598257,94.821446,5070,1,1,OperatingTarget,0,0,1,11,Right,1,1,Correct,1,0.820692,1,0,1.000000,TaskSwitchPedal,0,0.500000,0.200000,,0.100000,5.000000,10.000000,72373550,98.154870,97.323109,97.334178,99.766496,99.777566,0.011070,100.598257,0,1,1,1,OperatingTarget,LiftUp,LiftUp.PickupLowering,LiftUp,LiftUp.PickupLowering,1,"{""pedalAxisName"":""TaskSwitchPedal"",""usePlusMinusKeys"":true,""positivePedalKey"":61,""negativePedalKey"":45,""invertPedalAxis"":false,""pressThreshold"":0.5,""releaseThreshold"":0.20000000298023225,""minimumIntervalSeconds"":5.0,""maximumIntervalSeconds"":10.0,""minimumValidReactionSeconds"":0.10000000149011612,""randomSeed"":72373550}",,0,0.000000,0.820692,CorrectSidePress,1,0,0,1,Correct,1,0.820692,100.598257,0.820692,0.000000,1,0,PlusMinusKeys,0,1
20261009T064916211Z_facf92f9bb4844ea8288d0a5e8ae0f15,,,1,1,TrialFinished,Visual,2026-10-09T06:50:56.8208157Z,100.598257,94.821446,5070,1,1,OperatingTarget,0,0,1,11,Right,1,1,Correct,1,0.820692,1,0,1.000000,TaskSwitchPedal,0,0.500000,0.200000,,0.100000,5.000000,10.000000,72373550,98.154870,97.323109,97.334178,99.766496,99.777566,0.011070,100.598257,0,0,1,1,OperatingTarget,LiftUp,LiftUp.PickupLowering,LiftUp,LiftUp.PickupLowering,1,"{""pedalAxisName"":""TaskSwitchPedal"",""usePlusMinusKeys"":true,""positivePedalKey"":61,""negativePedalKey"":45,""invertPedalAxis"":false,""pressThreshold"":0.5,""releaseThreshold"":0.20000000298023225,""minimumIntervalSeconds"":5.0,""maximumIntervalSeconds"":10.0,""minimumValidReactionSeconds"":0.10000000149011612,""randomSeed"":72373550}",,0,0.000000,0.820692,CorrectSidePress,1,0,0,1,Correct,1,0.820692,100.598257,0.820692,0.000000,1,0,PlusMinusKeys,0,1
20261009T064916211Z_facf92f9bb4844ea8288d0a5e8ae0f15,,,1,1,StimulusScheduled,Visual,2026-10-09T06:50:56.8208157Z,100.598598,94.821446,5070,1,1,OperatingTarget,0,0,1,12,Left,-1,,,,,0,0,1.000000,TaskSwitchPedal,0,0.500000,0.200000,,0.100000,5.000000,10.000000,72373550,98.155211,105.950877,,108.394264,,,,0,0,,,,,,LiftUp,LiftUp.PickupLowering,1,"{""pedalAxisName"":""TaskSwitchPedal"",""usePlusMinusKeys"":true,""positivePedalKey"":61,""negativePedalKey"":45,""invertPedalAxis"":false,""pressThreshold"":0.5,""releaseThreshold"":0.20000000298023225,""minimumIntervalSeconds"":5.0,""maximumIntervalSeconds"":10.0,""minimumValidReactionSeconds"":0.10000000149011612,""randomSeed"":72373550}",,0,0.000000,,CorrectSidePress,0,0,0,,,,,,,0.000000,1,0,PlusMinusKeys,0,1
20261009T064916211Z_facf92f9bb4844ea8288d0a5e8ae0f15,,,1,1,StimulusOnsetObserved,Visual,2026-10-09T06:51:04.6251660Z,108.402552,102.626587,5433,1,1,OperatingTarget,0,0,1,12,Left,-1,,,,,1,0,0.000000,TaskSwitchPedal,0,0.500000,0.200000,,0.100000,5.000000,10.000000,72373550,105.959165,105.950877,105.959165,108.394264,108.402552,0.008288,,1,0,1,1,OperatingTarget,LiftUp,LiftUp.LoadedRaising,LiftUp,LiftUp.LoadedRaising,1,"{""pedalAxisName"":""TaskSwitchPedal"",""usePlusMinusKeys"":true,""positivePedalKey"":61,""negativePedalKey"":45,""invertPedalAxis"":false,""pressThreshold"":0.5,""releaseThreshold"":0.20000000298023225,""minimumIntervalSeconds"":5.0,""maximumIntervalSeconds"":10.0,""minimumValidReactionSeconds"":0.10000000149011612,""randomSeed"":72373550}",,0,0.000000,,CorrectSidePress,0,0,0,,,,,,,0.000000,0,0,Axis,0,1
20261009T064916211Z_facf92f9bb4844ea8288d0a5e8ae0f15,,,1,1,PedalPressed,Visual,2026-10-09T06:51:05.4094883Z,109.187392,103.411353,5470,1,0,WaitingForSourceConfirmation,1,0,1,12,Left,-1,-1,Correct,1,0.784840,1,0,-1.000000,TaskSwitchPedal,0,0.500000,0.200000,,0.100000,5.000000,10.000000,72373550,106.744005,105.950877,105.959165,108.394264,108.402552,0.008288,109.187392,1,0,1,1,OperatingTarget,LiftUp,LiftUp.LoadedRaising,Move2,Move2.DestinationCoarseMove,1,"{""pedalAxisName"":""TaskSwitchPedal"",""usePlusMinusKeys"":true,""positivePedalKey"":61,""negativePedalKey"":45,""invertPedalAxis"":false,""pressThreshold"":0.5,""releaseThreshold"":0.20000000298023225,""minimumIntervalSeconds"":5.0,""maximumIntervalSeconds"":10.0,""minimumValidReactionSeconds"":0.10000000149011612,""randomSeed"":72373550}",,0,0.000000,0.784840,CorrectSidePress,1,0,0,-1,Correct,1,0.784840,109.187392,0.784840,0.000000,0,1,PlusMinusKeys,0,1
20261009T064916211Z_facf92f9bb4844ea8288d0a5e8ae0f15,,,1,1,TrialFinished,Visual,2026-10-09T06:51:05.4105978Z,109.187392,103.411353,5470,1,0,WaitingForSourceConfirmation,1,0,1,12,Left,-1,-1,Correct,1,0.784840,1,0,-1.000000,TaskSwitchPedal,0,0.500000,0.200000,,0.100000,5.000000,10.000000,72373550,106.744005,105.950877,105.959165,108.394264,108.402552,0.008288,109.187392,0,0,1,1,OperatingTarget,LiftUp,LiftUp.LoadedRaising,Move2,Move2.DestinationCoarseMove,1,"{""pedalAxisName"":""TaskSwitchPedal"",""usePlusMinusKeys"":true,""positivePedalKey"":61,""negativePedalKey"":45,""invertPedalAxis"":false,""pressThreshold"":0.5,""releaseThreshold"":0.20000000298023225,""minimumIntervalSeconds"":5.0,""maximumIntervalSeconds"":10.0,""minimumValidReactionSeconds"":0.10000000149011612,""randomSeed"":72373550}",,0,0.000000,0.784840,CorrectSidePress,1,0,0,-1,Correct,1,0.784840,109.187392,0.784840,0.000000,0,1,PlusMinusKeys,0,1
20261009T064916211Z_facf92f9bb4844ea8288d0a5e8ae0f15,,,1,1,StimulusScheduled,Visual,2026-10-09T06:51:05.4105978Z,109.187862,103.411353,5470,1,0,WaitingForSourceConfirmation,1,0,1,13,Left,-1,,,,,0,0,-1.000000,TaskSwitchPedal,0,0.500000,0.200000,,0.100000,5.000000,10.000000,72373550,106.744475,112.266506,,114.709893,,,,0,0,,,,,,Move2,Move2.DestinationCoarseMove,1,"{""pedalAxisName"":""TaskSwitchPedal"",""usePlusMinusKeys"":true,""positivePedalKey"":61,""negativePedalKey"":45,""invertPedalAxis"":false,""pressThreshold"":0.5,""releaseThreshold"":0.20000000298023225,""minimumIntervalSeconds"":5.0,""maximumIntervalSeconds"":10.0,""minimumValidReactionSeconds"":0.10000000149011612,""randomSeed"":72373550}",,0,0.000000,,CorrectSidePress,0,0,0,,,,,,,0.000000,0,1,PlusMinusKeys,0,1
20261009T064916211Z_facf92f9bb4844ea8288d0a5e8ae0f15,,,1,1,StimulusOnsetObserved,Visual,2026-10-09T06:51:10.9547214Z,114.732533,108.956941,5727,1,0,OperatingSource,0,0,1,13,Left,-1,,,,,1,0,0.000000,TaskSwitchPedal,0,0.500000,0.200000,,0.100000,5.000000,10.000000,72373550,112.289146,112.266506,112.289146,114.709893,114.732533,0.022640,,1,0,1,0,OperatingSource,Move2,Move2.DestinationCoarseMove,Move2,Move2.DestinationCoarseMove,1,"{""pedalAxisName"":""TaskSwitchPedal"",""usePlusMinusKeys"":true,""positivePedalKey"":61,""negativePedalKey"":45,""invertPedalAxis"":false,""pressThreshold"":0.5,""releaseThreshold"":0.20000000298023225,""minimumIntervalSeconds"":5.0,""maximumIntervalSeconds"":10.0,""minimumValidReactionSeconds"":0.10000000149011612,""randomSeed"":72373550}",,0,0.000000,,CorrectSidePress,0,0,0,,,,,,,0.000000,0,0,Axis,0,1
20261009T064916211Z_facf92f9bb4844ea8288d0a5e8ae0f15,,,1,1,PedalPressed,Visual,2026-10-09T06:51:11.8635667Z,115.641505,109.865705,5769,1,0,OperatingSource,0,0,1,13,Left,-1,-1,Correct,1,0.908972,1,0,-1.000000,TaskSwitchPedal,0,0.500000,0.200000,,0.100000,5.000000,10.000000,72373550,113.198118,112.266506,112.289146,114.709893,114.732533,0.022640,115.641505,1,0,1,0,OperatingSource,Move2,Move2.DestinationCoarseMove,Move2,Move2.DestinationCoarseMove,1,"{""pedalAxisName"":""TaskSwitchPedal"",""usePlusMinusKeys"":true,""positivePedalKey"":61,""negativePedalKey"":45,""invertPedalAxis"":false,""pressThreshold"":0.5,""releaseThreshold"":0.20000000298023225,""minimumIntervalSeconds"":5.0,""maximumIntervalSeconds"":10.0,""minimumValidReactionSeconds"":0.10000000149011612,""randomSeed"":72373550}",,0,0.000000,0.908972,CorrectSidePress,1,0,0,-1,Correct,1,0.908972,115.641505,0.908972,0.000000,0,1,PlusMinusKeys,0,1
20261009T064916211Z_facf92f9bb4844ea8288d0a5e8ae0f15,,,1,1,TrialFinished,Visual,2026-10-09T06:51:11.8635667Z,115.641505,109.865705,5769,1,0,OperatingSource,0,0,1,13,Left,-1,-1,Correct,1,0.908972,1,0,-1.000000,TaskSwitchPedal,0,0.500000,0.200000,,0.100000,5.000000,10.000000,72373550,113.198118,112.266506,112.289146,114.709893,114.732533,0.022640,115.641505,0,0,1,0,OperatingSource,Move2,Move2.DestinationCoarseMove,Move2,Move2.DestinationCoarseMove,1,"{""pedalAxisName"":""TaskSwitchPedal"",""usePlusMinusKeys"":true,""positivePedalKey"":61,""negativePedalKey"":45,""invertPedalAxis"":false,""pressThreshold"":0.5,""releaseThreshold"":0.20000000298023225,""minimumIntervalSeconds"":5.0,""maximumIntervalSeconds"":10.0,""minimumValidReactionSeconds"":0.10000000149011612,""randomSeed"":72373550}",,0,0.000000,0.908972,CorrectSidePress,1,0,0,-1,Correct,1,0.908972,115.641505,0.908972,0.000000,0,1,PlusMinusKeys,0,1
20261009T064916211Z_facf92f9bb4844ea8288d0a5e8ae0f15,,,1,1,StimulusScheduled,Visual,2026-10-09T06:51:11.8647871Z,115.641885,109.865705,5769,1,0,OperatingSource,0,0,1,14,Left,-1,,,,,0,0,-1.000000,TaskSwitchPedal,0,0.500000,0.200000,,0.100000,5.000000,10.000000,72373550,113.198498,120.843676,,123.287063,,,,0,0,,,,,,Move2,Move2.DestinationCoarseMove,1,"{""pedalAxisName"":""TaskSwitchPedal"",""usePlusMinusKeys"":true,""positivePedalKey"":61,""negativePedalKey"":45,""invertPedalAxis"":false,""pressThreshold"":0.5,""releaseThreshold"":0.20000000298023225,""minimumIntervalSeconds"":5.0,""maximumIntervalSeconds"":10.0,""minimumValidReactionSeconds"":0.10000000149011612,""randomSeed"":72373550}",,0,0.000000,,CorrectSidePress,0,0,0,,,,,,,0.000000,0,1,PlusMinusKeys,0,1
20261009T064916211Z_facf92f9bb4844ea8288d0a5e8ae0f15,,,1,1,StimulusOnsetObserved,Visual,2026-10-09T06:51:19.5337284Z,123.311295,117.534760,6112,1,0,OperatingSource,0,0,1,14,Left,-1,,,,,1,0,0.000000,TaskSwitchPedal,0,0.500000,0.200000,,0.100000,5.000000,10.000000,72373550,120.867908,120.843676,120.867908,123.287063,123.311295,0.024232,,1,0,1,0,OperatingSource,Move2,Move2.DestinationCoarseMove,Move2,Move2.DestinationCoarseMove,1,"{""pedalAxisName"":""TaskSwitchPedal"",""usePlusMinusKeys"":true,""positivePedalKey"":61,""negativePedalKey"":45,""invertPedalAxis"":false,""pressThreshold"":0.5,""releaseThreshold"":0.20000000298023225,""minimumIntervalSeconds"":5.0,""maximumIntervalSeconds"":10.0,""minimumValidReactionSeconds"":0.10000000149011612,""randomSeed"":72373550}",,0,0.000000,,CorrectSidePress,0,0,0,,,,,,,0.000000,0,0,Axis,0,1
20261009T064916211Z_facf92f9bb4844ea8288d0a5e8ae0f15,,,1,1,PedalPressed,Visual,2026-10-09T06:51:20.6698042Z,124.448449,118.671800,6162,1,0,OperatingSource,0,0,1,14,Left,-1,-1,Correct,1,1.137154,1,0,-1.000000,TaskSwitchPedal,0,0.500000,0.200000,,0.100000,5.000000,10.000000,72373550,122.005062,120.843676,120.867908,123.287063,123.311295,0.024232,124.448449,1,0,1,0,OperatingSource,Move2,Move2.DestinationCoarseMove,Move2,Move2.DestinationCoarseMove,1,"{""pedalAxisName"":""TaskSwitchPedal"",""usePlusMinusKeys"":true,""positivePedalKey"":61,""negativePedalKey"":45,""invertPedalAxis"":false,""pressThreshold"":0.5,""releaseThreshold"":0.20000000298023225,""minimumIntervalSeconds"":5.0,""maximumIntervalSeconds"":10.0,""minimumValidReactionSeconds"":0.10000000149011612,""randomSeed"":72373550}",,0,0.000000,1.137154,CorrectSidePress,1,0,0,-1,Correct,1,1.137154,124.448449,1.137154,0.000000,0,1,PlusMinusKeys,0,1
20261009T064916211Z_facf92f9bb4844ea8288d0a5e8ae0f15,,,1,1,TrialFinished,Visual,2026-10-09T06:51:20.6713102Z,124.448449,118.671800,6162,1,0,OperatingSource,0,0,1,14,Left,-1,-1,Correct,1,1.137154,1,0,-1.000000,TaskSwitchPedal,0,0.500000,0.200000,,0.100000,5.000000,10.000000,72373550,122.005062,120.843676,120.867908,123.287063,123.311295,0.024232,124.448449,0,0,1,0,OperatingSource,Move2,Move2.DestinationCoarseMove,Move2,Move2.DestinationCoarseMove,1,"{""pedalAxisName"":""TaskSwitchPedal"",""usePlusMinusKeys"":true,""positivePedalKey"":61,""negativePedalKey"":45,""invertPedalAxis"":false,""pressThreshold"":0.5,""releaseThreshold"":0.20000000298023225,""minimumIntervalSeconds"":5.0,""maximumIntervalSeconds"":10.0,""minimumValidReactionSeconds"":0.10000000149011612,""randomSeed"":72373550}",,0,0.000000,1.137154,CorrectSidePress,1,0,0,-1,Correct,1,1.137154,124.448449,1.137154,0.000000,0,1,PlusMinusKeys,0,1
20261009T064916211Z_facf92f9bb4844ea8288d0a5e8ae0f15,,,1,1,StimulusScheduled,Visual,2026-10-09T06:51:20.6713102Z,124.448821,118.671800,6162,1,0,OperatingSource,0,0,1,15,Right,1,,,,,0,0,-1.000000,TaskSwitchPedal,0,0.500000,0.200000,,0.100000,5.000000,10.000000,72373550,122.005435,130.122980,,132.566367,,,,0,0,,,,,,Move2,Move2.DestinationCoarseMove,1,"{""pedalAxisName"":""TaskSwitchPedal"",""usePlusMinusKeys"":true,""positivePedalKey"":61,""negativePedalKey"":45,""invertPedalAxis"":false,""pressThreshold"":0.5,""releaseThreshold"":0.20000000298023225,""minimumIntervalSeconds"":5.0,""maximumIntervalSeconds"":10.0,""minimumValidReactionSeconds"":0.10000000149011612,""randomSeed"":72373550}",,0,0.000000,,CorrectSidePress,0,0,0,,,,,,,0.000000,0,1,PlusMinusKeys,0,1
20261009T064916211Z_facf92f9bb4844ea8288d0a5e8ae0f15,,,1,1,StimulusOnsetObserved,Visual,2026-10-09T06:51:28.7932133Z,132.571147,126.795893,6529,1,0,OperatingSource,0,0,1,15,Right,1,,,,,1,0,0.000000,TaskSwitchPedal,0,0.500000,0.200000,,0.100000,5.000000,10.000000,72373550,130.127760,130.122980,130.127760,132.566367,132.571147,0.004780,,0,1,1,0,OperatingSource,Move2,Move2.DestinationCoarseMove,Move2,Move2.DestinationCoarseMove,1,"{""pedalAxisName"":""TaskSwitchPedal"",""usePlusMinusKeys"":true,""positivePedalKey"":61,""negativePedalKey"":45,""invertPedalAxis"":false,""pressThreshold"":0.5,""releaseThreshold"":0.20000000298023225,""minimumIntervalSeconds"":5.0,""maximumIntervalSeconds"":10.0,""minimumValidReactionSeconds"":0.10000000149011612,""randomSeed"":72373550}",,0,0.000000,,CorrectSidePress,0,0,0,,,,,,,0.000000,0,0,Axis,0,1
20261009T064916211Z_facf92f9bb4844ea8288d0a5e8ae0f15,,,1,1,PedalPressed,Visual,2026-10-09T06:51:29.6116927Z,133.389399,127.613951,6568,1,0,OperatingSource,0,0,1,15,Right,1,1,Correct,1,0.818252,1,0,1.000000,TaskSwitchPedal,0,0.500000,0.200000,,0.100000,5.000000,10.000000,72373550,130.946012,130.122980,130.127760,132.566367,132.571147,0.004780,133.389399,0,1,1,0,OperatingSource,Move2,Move2.DestinationCoarseMove,Move2,Move2.DestinationFineAlign,1,"{""pedalAxisName"":""TaskSwitchPedal"",""usePlusMinusKeys"":true,""positivePedalKey"":61,""negativePedalKey"":45,""invertPedalAxis"":false,""pressThreshold"":0.5,""releaseThreshold"":0.20000000298023225,""minimumIntervalSeconds"":5.0,""maximumIntervalSeconds"":10.0,""minimumValidReactionSeconds"":0.10000000149011612,""randomSeed"":72373550}",,0,0.000000,0.818252,CorrectSidePress,1,0,0,1,Correct,1,0.818252,133.389399,0.818252,0.000000,1,0,PlusMinusKeys,0,1
20261009T064916211Z_facf92f9bb4844ea8288d0a5e8ae0f15,,,1,1,TrialFinished,Visual,2026-10-09T06:51:29.6116927Z,133.389399,127.613951,6568,1,0,OperatingSource,0,0,1,15,Right,1,1,Correct,1,0.818252,1,0,1.000000,TaskSwitchPedal,0,0.500000,0.200000,,0.100000,5.000000,10.000000,72373550,130.946012,130.122980,130.127760,132.566367,132.571147,0.004780,133.389399,0,0,1,0,OperatingSource,Move2,Move2.DestinationCoarseMove,Move2,Move2.DestinationFineAlign,1,"{""pedalAxisName"":""TaskSwitchPedal"",""usePlusMinusKeys"":true,""positivePedalKey"":61,""negativePedalKey"":45,""invertPedalAxis"":false,""pressThreshold"":0.5,""releaseThreshold"":0.20000000298023225,""minimumIntervalSeconds"":5.0,""maximumIntervalSeconds"":10.0,""minimumValidReactionSeconds"":0.10000000149011612,""randomSeed"":72373550}",,0,0.000000,0.818252,CorrectSidePress,1,0,0,1,Correct,1,0.818252,133.389399,0.818252,0.000000,1,0,PlusMinusKeys,0,1
20261009T064916211Z_facf92f9bb4844ea8288d0a5e8ae0f15,,,1,1,StimulusScheduled,Visual,2026-10-09T06:51:29.6116927Z,133.389916,127.613951,6568,1,0,OperatingSource,0,0,1,16,Left,-1,,,,,0,0,1.000000,TaskSwitchPedal,0,0.500000,0.200000,,0.100000,5.000000,10.000000,72373550,130.946529,140.598103,,143.041490,,,,0,0,,,,,,Move2,Move2.DestinationFineAlign,1,"{""pedalAxisName"":""TaskSwitchPedal"",""usePlusMinusKeys"":true,""positivePedalKey"":61,""negativePedalKey"":45,""invertPedalAxis"":false,""pressThreshold"":0.5,""releaseThreshold"":0.20000000298023225,""minimumIntervalSeconds"":5.0,""maximumIntervalSeconds"":10.0,""minimumValidReactionSeconds"":0.10000000149011612,""randomSeed"":72373550}",,0,0.000000,,CorrectSidePress,0,0,0,,,,,,,0.000000,1,0,PlusMinusKeys,0,1
20261009T064916211Z_facf92f9bb4844ea8288d0a5e8ae0f15,,,1,1,StimulusOnsetObserved,Visual,2026-10-09T06:51:39.2648173Z,143.042470,137.266073,6990,1,0,OperatingSource,0,0,1,16,Left,-1,,,,,1,0,0.000000,TaskSwitchPedal,0,0.500000,0.200000,,0.100000,5.000000,10.000000,72373550,140.599083,140.598103,140.599083,143.041490,143.042470,0.000980,,1,0,1,0,OperatingSource,Place,Place.PlacementLowering,Place,Place.PlacementLowering,1,"{""pedalAxisName"":""TaskSwitchPedal"",""usePlusMinusKeys"":true,""positivePedalKey"":61,""negativePedalKey"":45,""invertPedalAxis"":false,""pressThreshold"":0.5,""releaseThreshold"":0.20000000298023225,""minimumIntervalSeconds"":5.0,""maximumIntervalSeconds"":10.0,""minimumValidReactionSeconds"":0.10000000149011612,""randomSeed"":72373550}",,0,0.000000,,CorrectSidePress,0,0,0,,,,,,,0.000000,0,0,Axis,0,1
20261009T064916211Z_facf92f9bb4844ea8288d0a5e8ae0f15,,,1,1,PedalPressed,Visual,2026-10-09T06:51:39.8946423Z,143.672301,137.895928,7016,1,0,OperatingSource,0,0,1,16,Left,-1,-1,Correct,1,0.629832,1,0,-1.000000,TaskSwitchPedal,0,0.500000,0.200000,,0.100000,5.000000,10.000000,72373550,141.228914,140.598103,140.599083,143.041490,143.042470,0.000980,143.672301,1,0,1,0,OperatingSource,Place,Place.PlacementLowering,Place,Place.PlacementLowering,1,"{""pedalAxisName"":""TaskSwitchPedal"",""usePlusMinusKeys"":true,""positivePedalKey"":61,""negativePedalKey"":45,""invertPedalAxis"":false,""pressThreshold"":0.5,""releaseThreshold"":0.20000000298023225,""minimumIntervalSeconds"":5.0,""maximumIntervalSeconds"":10.0,""minimumValidReactionSeconds"":0.10000000149011612,""randomSeed"":72373550}",,0,0.000000,0.629832,CorrectSidePress,1,0,0,-1,Correct,1,0.629832,143.672301,0.629832,0.000000,0,1,PlusMinusKeys,0,1
20261009T064916211Z_facf92f9bb4844ea8288d0a5e8ae0f15,,,1,1,TrialFinished,Visual,2026-10-09T06:51:39.8946423Z,143.672301,137.895928,7016,1,0,OperatingSource,0,0,1,16,Left,-1,-1,Correct,1,0.629832,1,0,-1.000000,TaskSwitchPedal,0,0.500000,0.200000,,0.100000,5.000000,10.000000,72373550,141.228914,140.598103,140.599083,143.041490,143.042470,0.000980,143.672301,0,0,1,0,OperatingSource,Place,Place.PlacementLowering,Place,Place.PlacementLowering,1,"{""pedalAxisName"":""TaskSwitchPedal"",""usePlusMinusKeys"":true,""positivePedalKey"":61,""negativePedalKey"":45,""invertPedalAxis"":false,""pressThreshold"":0.5,""releaseThreshold"":0.20000000298023225,""minimumIntervalSeconds"":5.0,""maximumIntervalSeconds"":10.0,""minimumValidReactionSeconds"":0.10000000149011612,""randomSeed"":72373550}",,0,0.000000,0.629832,CorrectSidePress,1,0,0,-1,Correct,1,0.629832,143.672301,0.629832,0.000000,0,1,PlusMinusKeys,0,1
20261009T064916211Z_facf92f9bb4844ea8288d0a5e8ae0f15,,,1,1,StimulusScheduled,Visual,2026-10-09T06:51:39.8946423Z,143.672637,137.895928,7016,1,0,OperatingSource,0,0,1,17,Left,-1,,,,,0,0,-1.000000,TaskSwitchPedal,0,0.500000,0.200000,,0.100000,5.000000,10.000000,72373550,141.229250,147.672388,,150.115775,,,,0,0,,,,,,Place,Place.PlacementLowering,1,"{""pedalAxisName"":""TaskSwitchPedal"",""usePlusMinusKeys"":true,""positivePedalKey"":61,""negativePedalKey"":45,""invertPedalAxis"":false,""pressThreshold"":0.5,""releaseThreshold"":0.20000000298023225,""minimumIntervalSeconds"":5.0,""maximumIntervalSeconds"":10.0,""minimumValidReactionSeconds"":0.10000000149011612,""randomSeed"":72373550}",,0,0.000000,,CorrectSidePress,0,0,0,,,,,,,0.000000,0,1,PlusMinusKeys,0,1
20261009T064916211Z_facf92f9bb4844ea8288d0a5e8ae0f15,,,1,1,StimulusOnsetObserved,Visual,2026-10-09T06:51:46.3511569Z,150.129915,144.354612,7311,1,0,OperatingSource,0,0,1,17,Left,-1,,,,,1,0,0.000000,TaskSwitchPedal,0,0.500000,0.200000,,0.100000,5.000000,10.000000,72373550,147.686528,147.672388,147.686528,150.115775,150.129915,0.014140,,1,0,1,0,OperatingSource,Place,Place.PostPlacementRaising,Place,Place.PostPlacementRaising,1,"{""pedalAxisName"":""TaskSwitchPedal"",""usePlusMinusKeys"":true,""positivePedalKey"":61,""negativePedalKey"":45,""invertPedalAxis"":false,""pressThreshold"":0.5,""releaseThreshold"":0.20000000298023225,""minimumIntervalSeconds"":5.0,""maximumIntervalSeconds"":10.0,""minimumValidReactionSeconds"":0.10000000149011612,""randomSeed"":72373550}",,0,0.000000,,CorrectSidePress,0,0,0,,,,,,,0.000000,0,0,Axis,0,1
20261009T064916211Z_facf92f9bb4844ea8288d0a5e8ae0f15,,,1,1,PedalPressed,Visual,2026-10-09T06:51:47.0761439Z,150.855361,145.080144,7347,1,0,OperatingSource,0,0,1,17,Left,-1,-1,Correct,1,0.725446,1,0,-1.000000,TaskSwitchPedal,0,0.500000,0.200000,,0.100000,5.000000,10.000000,72373550,148.411974,147.672388,147.686528,150.115775,150.129915,0.014140,150.855361,1,0,1,0,OperatingSource,Place,Place.PostPlacementRaising,Place,Place.PostPlacementRaising,1,"{""pedalAxisName"":""TaskSwitchPedal"",""usePlusMinusKeys"":true,""positivePedalKey"":61,""negativePedalKey"":45,""invertPedalAxis"":false,""pressThreshold"":0.5,""releaseThreshold"":0.20000000298023225,""minimumIntervalSeconds"":5.0,""maximumIntervalSeconds"":10.0,""minimumValidReactionSeconds"":0.10000000149011612,""randomSeed"":72373550}",,0,0.000000,0.725446,CorrectSidePress,1,0,0,-1,Correct,1,0.725446,150.855361,0.725446,0.000000,0,1,PlusMinusKeys,0,1
20261009T064916211Z_facf92f9bb4844ea8288d0a5e8ae0f15,,,1,1,TrialFinished,Visual,2026-10-09T06:51:47.0776823Z,150.855361,145.080144,7347,1,0,OperatingSource,0,0,1,17,Left,-1,-1,Correct,1,0.725446,1,0,-1.000000,TaskSwitchPedal,0,0.500000,0.200000,,0.100000,5.000000,10.000000,72373550,148.411974,147.672388,147.686528,150.115775,150.129915,0.014140,150.855361,0,0,1,0,OperatingSource,Place,Place.PostPlacementRaising,Place,Place.PostPlacementRaising,1,"{""pedalAxisName"":""TaskSwitchPedal"",""usePlusMinusKeys"":true,""positivePedalKey"":61,""negativePedalKey"":45,""invertPedalAxis"":false,""pressThreshold"":0.5,""releaseThreshold"":0.20000000298023225,""minimumIntervalSeconds"":5.0,""maximumIntervalSeconds"":10.0,""minimumValidReactionSeconds"":0.10000000149011612,""randomSeed"":72373550}",,0,0.000000,0.725446,CorrectSidePress,1,0,0,-1,Correct,1,0.725446,150.855361,0.725446,0.000000,0,1,PlusMinusKeys,0,1
20261009T064916211Z_facf92f9bb4844ea8288d0a5e8ae0f15,,,1,1,StimulusScheduled,Visual,2026-10-09T06:51:47.0776823Z,150.856039,145.080144,7347,1,0,OperatingSource,0,0,1,18,Right,1,,,,,0,0,-1.000000,TaskSwitchPedal,0,0.500000,0.200000,,0.100000,5.000000,10.000000,72373550,148.412652,154.485757,,156.929145,,,,0,0,,,,,,Place,Place.PostPlacementRaising,1,"{""pedalAxisName"":""TaskSwitchPedal"",""usePlusMinusKeys"":true,""positivePedalKey"":61,""negativePedalKey"":45,""invertPedalAxis"":false,""pressThreshold"":0.5,""releaseThreshold"":0.20000000298023225,""minimumIntervalSeconds"":5.0,""maximumIntervalSeconds"":10.0,""minimumValidReactionSeconds"":0.10000000149011612,""randomSeed"":72373550}",,0,0.000000,,CorrectSidePress,0,0,0,,,,,,,0.000000,0,1,PlusMinusKeys,0,1
20261009T064916211Z_facf92f9bb4844ea8288d0a5e8ae0f15,,,1,1,StimulusOnsetObserved,Visual,2026-10-09T06:51:53.1507553Z,156.929275,151.153162,7651,2,1,WaitingForConfirmation,1,0,1,18,Right,1,,,,,1,0,0.000000,TaskSwitchPedal,0,0.500000,0.200000,,0.100000,5.000000,10.000000,72373550,154.485888,154.485757,154.485888,156.929145,156.929275,0.000130,,0,1,2,1,WaitingForConfirmation,LiftUp,,LiftUp,,1,"{""pedalAxisName"":""TaskSwitchPedal"",""usePlusMinusKeys"":true,""positivePedalKey"":61,""negativePedalKey"":45,""invertPedalAxis"":false,""pressThreshold"":0.5,""releaseThreshold"":0.20000000298023225,""minimumIntervalSeconds"":5.0,""maximumIntervalSeconds"":10.0,""minimumValidReactionSeconds"":0.10000000149011612,""randomSeed"":72373550}",,0,0.000000,,CorrectSidePress,0,0,0,,,,,,,0.000000,0,0,Axis,0,1
20261009T064916211Z_facf92f9bb4844ea8288d0a5e8ae0f15,,,1,1,PedalPressed,Visual,2026-10-09T06:51:55.2119677Z,158.990331,153.214878,7749,2,1,WaitingForConfirmation,1,0,1,18,Right,1,1,Correct,1,2.061057,1,0,1.000000,TaskSwitchPedal,0,0.500000,0.200000,,0.100000,5.000000,10.000000,72373550,156.546944,154.485757,154.485888,156.929145,156.929275,0.000130,158.990331,0,1,2,1,WaitingForConfirmation,LiftUp,,LiftUp,,1,"{""pedalAxisName"":""TaskSwitchPedal"",""usePlusMinusKeys"":true,""positivePedalKey"":61,""negativePedalKey"":45,""invertPedalAxis"":false,""pressThreshold"":0.5,""releaseThreshold"":0.20000000298023225,""minimumIntervalSeconds"":5.0,""maximumIntervalSeconds"":10.0,""minimumValidReactionSeconds"":0.10000000149011612,""randomSeed"":72373550}",,0,0.000000,2.061056,CorrectSidePress,1,0,0,1,Correct,1,2.061057,158.990331,2.061056,0.000000,1,0,PlusMinusKeys,0,1
20261009T064916211Z_facf92f9bb4844ea8288d0a5e8ae0f15,,,1,1,TrialFinished,Visual,2026-10-09T06:51:55.2119677Z,158.990331,153.214878,7749,2,1,WaitingForConfirmation,1,0,1,18,Right,1,1,Correct,1,2.061057,1,0,1.000000,TaskSwitchPedal,0,0.500000,0.200000,,0.100000,5.000000,10.000000,72373550,156.546944,154.485757,154.485888,156.929145,156.929275,0.000130,158.990331,0,0,2,1,WaitingForConfirmation,LiftUp,,LiftUp,,1,"{""pedalAxisName"":""TaskSwitchPedal"",""usePlusMinusKeys"":true,""positivePedalKey"":61,""negativePedalKey"":45,""invertPedalAxis"":false,""pressThreshold"":0.5,""releaseThreshold"":0.20000000298023225,""minimumIntervalSeconds"":5.0,""maximumIntervalSeconds"":10.0,""minimumValidReactionSeconds"":0.10000000149011612,""randomSeed"":72373550}",,0,0.000000,2.061056,CorrectSidePress,1,0,0,1,Correct,1,2.061057,158.990331,2.061056,0.000000,1,0,PlusMinusKeys,0,1
20261009T064916211Z_facf92f9bb4844ea8288d0a5e8ae0f15,,,1,1,StimulusScheduled,Visual,2026-10-09T06:51:55.2119677Z,158.990807,153.214878,7749,2,1,WaitingForConfirmation,1,0,1,19,Left,-1,,,,,0,0,1.000000,TaskSwitchPedal,0,0.500000,0.200000,,0.100000,5.000000,10.000000,72373550,156.547420,166.336538,,168.779925,,,,0,0,,,,,,LiftUp,,1,"{""pedalAxisName"":""TaskSwitchPedal"",""usePlusMinusKeys"":true,""positivePedalKey"":61,""negativePedalKey"":45,""invertPedalAxis"":false,""pressThreshold"":0.5,""releaseThreshold"":0.20000000298023225,""minimumIntervalSeconds"":5.0,""maximumIntervalSeconds"":10.0,""minimumValidReactionSeconds"":0.10000000149011612,""randomSeed"":72373550}",,0,0.000000,,CorrectSidePress,0,0,0,,,,,,,0.000000,1,0,PlusMinusKeys,0,1
20261009T064916211Z_facf92f9bb4844ea8288d0a5e8ae0f15,,,1,1,StimulusOnsetObserved,Visual,2026-10-09T06:52:05.0149845Z,168.793345,163.017090,8198,2,1,OperatingTarget,0,0,1,19,Left,-1,,,,,1,0,0.000000,TaskSwitchPedal,0,0.500000,0.200000,,0.100000,5.000000,10.000000,72373550,166.349958,166.336538,166.349958,168.779925,168.793345,0.013420,,1,0,2,1,OperatingTarget,Move2,Move2.DestinationCoarseMove,Move2,Move2.DestinationCoarseMove,1,"{""pedalAxisName"":""TaskSwitchPedal"",""usePlusMinusKeys"":true,""positivePedalKey"":61,""negativePedalKey"":45,""invertPedalAxis"":false,""pressThreshold"":0.5,""releaseThreshold"":0.20000000298023225,""minimumIntervalSeconds"":5.0,""maximumIntervalSeconds"":10.0,""minimumValidReactionSeconds"":0.10000000149011612,""randomSeed"":72373550}",,0,0.000000,,CorrectSidePress,0,0,0,,,,,,,0.000000,0,0,Axis,0,1
20261009T064916211Z_facf92f9bb4844ea8288d0a5e8ae0f15,,,1,1,PedalPressed,Visual,2026-10-09T06:52:05.7702408Z,169.548565,163.771479,8228,2,1,OperatingTarget,0,0,1,19,Left,-1,-1,Correct,1,0.755220,1,0,-1.000000,TaskSwitchPedal,0,0.500000,0.200000,,0.100000,5.000000,10.000000,72373550,167.105178,166.336538,166.349958,168.779925,168.793345,0.013420,169.548565,1,0,2,1,OperatingTarget,Move2,Move2.DestinationCoarseMove,Move2,Move2.DestinationFineAlign,1,"{""pedalAxisName"":""TaskSwitchPedal"",""usePlusMinusKeys"":true,""positivePedalKey"":61,""negativePedalKey"":45,""invertPedalAxis"":false,""pressThreshold"":0.5,""releaseThreshold"":0.20000000298023225,""minimumIntervalSeconds"":5.0,""maximumIntervalSeconds"":10.0,""minimumValidReactionSeconds"":0.10000000149011612,""randomSeed"":72373550}",,0,0.000000,0.755219,CorrectSidePress,1,0,0,-1,Correct,1,0.755220,169.548565,0.755219,0.000000,0,1,PlusMinusKeys,0,1
20261009T064916211Z_facf92f9bb4844ea8288d0a5e8ae0f15,,,1,1,TrialFinished,Visual,2026-10-09T06:52:05.7702408Z,169.548565,163.771479,8228,2,1,OperatingTarget,0,0,1,19,Left,-1,-1,Correct,1,0.755220,1,0,-1.000000,TaskSwitchPedal,0,0.500000,0.200000,,0.100000,5.000000,10.000000,72373550,167.105178,166.336538,166.349958,168.779925,168.793345,0.013420,169.548565,0,0,2,1,OperatingTarget,Move2,Move2.DestinationCoarseMove,Move2,Move2.DestinationFineAlign,1,"{""pedalAxisName"":""TaskSwitchPedal"",""usePlusMinusKeys"":true,""positivePedalKey"":61,""negativePedalKey"":45,""invertPedalAxis"":false,""pressThreshold"":0.5,""releaseThreshold"":0.20000000298023225,""minimumIntervalSeconds"":5.0,""maximumIntervalSeconds"":10.0,""minimumValidReactionSeconds"":0.10000000149011612,""randomSeed"":72373550}",,0,0.000000,0.755219,CorrectSidePress,1,0,0,-1,Correct,1,0.755220,169.548565,0.755219,0.000000,0,1,PlusMinusKeys,0,1
20261009T064916211Z_facf92f9bb4844ea8288d0a5e8ae0f15,,,1,1,StimulusScheduled,Visual,2026-10-09T06:52:05.7702408Z,169.549089,163.771479,8228,2,1,OperatingTarget,0,0,1,20,Left,-1,,,,,0,0,-1.000000,TaskSwitchPedal,0,0.500000,0.200000,,0.100000,5.000000,10.000000,72373550,167.105702,176.798432,,179.241819,,,,0,0,,,,,,Move2,Move2.DestinationFineAlign,1,"{""pedalAxisName"":""TaskSwitchPedal"",""usePlusMinusKeys"":true,""positivePedalKey"":61,""negativePedalKey"":45,""invertPedalAxis"":false,""pressThreshold"":0.5,""releaseThreshold"":0.20000000298023225,""minimumIntervalSeconds"":5.0,""maximumIntervalSeconds"":10.0,""minimumValidReactionSeconds"":0.10000000149011612,""randomSeed"":72373550}",,0,0.000000,,CorrectSidePress,0,0,0,,,,,,,0.000000,0,1,PlusMinusKeys,0,1
20261009T064916211Z_facf92f9bb4844ea8288d0a5e8ae0f15,,,1,1,StimulusOnsetObserved,Visual,2026-10-09T06:52:15.4702839Z,179.249234,173.472840,8632,2,1,OperatingTarget,0,0,1,20,Left,-1,,,,,1,0,0.000000,TaskSwitchPedal,0,0.500000,0.200000,,0.100000,5.000000,10.000000,72373550,176.805847,176.798432,176.805847,179.241819,179.249234,0.007415,,1,0,2,1,OperatingTarget,Place,Place.PlacementLowering,Place,Place.PlacementLowering,1,"{""pedalAxisName"":""TaskSwitchPedal"",""usePlusMinusKeys"":true,""positivePedalKey"":61,""negativePedalKey"":45,""invertPedalAxis"":false,""pressThreshold"":0.5,""releaseThreshold"":0.20000000298023225,""minimumIntervalSeconds"":5.0,""maximumIntervalSeconds"":10.0,""minimumValidReactionSeconds"":0.10000000149011612,""randomSeed"":72373550}",,0,0.000000,,CorrectSidePress,0,0,0,,,,,,,0.000000,0,0,Axis,0,1
20261009T064916211Z_facf92f9bb4844ea8288d0a5e8ae0f15,,,1,1,PedalPressed,Visual,2026-10-09T06:52:16.4219001Z,180.201262,174.424379,8670,2,1,OperatingTarget,0,0,1,20,Left,-1,-1,Correct,1,0.952028,1,0,-1.000000,TaskSwitchPedal,0,0.500000,0.200000,,0.100000,5.000000,10.000000,72373550,177.757875,176.798432,176.805847,179.241819,179.249234,0.007415,180.201262,1,0,2,1,OperatingTarget,Place,Place.PlacementLowering,Place,Place.PlacementLowering,1,"{""pedalAxisName"":""TaskSwitchPedal"",""usePlusMinusKeys"":true,""positivePedalKey"":61,""negativePedalKey"":45,""invertPedalAxis"":false,""pressThreshold"":0.5,""releaseThreshold"":0.20000000298023225,""minimumIntervalSeconds"":5.0,""maximumIntervalSeconds"":10.0,""minimumValidReactionSeconds"":0.10000000149011612,""randomSeed"":72373550}",,0,0.000000,0.952028,CorrectSidePress,1,0,0,-1,Correct,1,0.952028,180.201262,0.952028,0.000000,0,1,PlusMinusKeys,0,1
20261009T064916211Z_facf92f9bb4844ea8288d0a5e8ae0f15,,,1,1,TrialFinished,Visual,2026-10-09T06:52:16.4228999Z,180.201262,174.424379,8670,2,1,OperatingTarget,0,0,1,20,Left,-1,-1,Correct,1,0.952028,1,0,-1.000000,TaskSwitchPedal,0,0.500000,0.200000,,0.100000,5.000000,10.000000,72373550,177.757875,176.798432,176.805847,179.241819,179.249234,0.007415,180.201262,0,0,2,1,OperatingTarget,Place,Place.PlacementLowering,Place,Place.PlacementLowering,1,"{""pedalAxisName"":""TaskSwitchPedal"",""usePlusMinusKeys"":true,""positivePedalKey"":61,""negativePedalKey"":45,""invertPedalAxis"":false,""pressThreshold"":0.5,""releaseThreshold"":0.20000000298023225,""minimumIntervalSeconds"":5.0,""maximumIntervalSeconds"":10.0,""minimumValidReactionSeconds"":0.10000000149011612,""randomSeed"":72373550}",,0,0.000000,0.952028,CorrectSidePress,1,0,0,-1,Correct,1,0.952028,180.201262,0.952028,0.000000,0,1,PlusMinusKeys,0,1
20261009T064916211Z_facf92f9bb4844ea8288d0a5e8ae0f15,,,1,1,StimulusScheduled,Visual,2026-10-09T06:52:16.4234082Z,180.201911,174.424379,8670,2,1,OperatingTarget,0,0,1,21,Left,-1,,,,,0,0,-1.000000,TaskSwitchPedal,0,0.500000,0.200000,,0.100000,5.000000,10.000000,72373550,177.758524,184.795116,,187.238503,,,,0,0,,,,,,Place,Place.PlacementLowering,1,"{""pedalAxisName"":""TaskSwitchPedal"",""usePlusMinusKeys"":true,""positivePedalKey"":61,""negativePedalKey"":45,""invertPedalAxis"":false,""pressThreshold"":0.5,""releaseThreshold"":0.20000000298023225,""minimumIntervalSeconds"":5.0,""maximumIntervalSeconds"":10.0,""minimumValidReactionSeconds"":0.10000000149011612,""randomSeed"":72373550}",,0,0.000000,,CorrectSidePress,0,0,0,,,,,,,0.000000,0,1,PlusMinusKeys,0,1
20261009T064916211Z_facf92f9bb4844ea8288d0a5e8ae0f15,,,1,1,StimulusOnsetObserved,Visual,2026-10-09T06:52:23.4715548Z,187.250192,181.474865,8982,2,1,OperatingTarget,0,0,1,21,Left,-1,,,,,1,0,0.000000,TaskSwitchPedal,0,0.500000,0.200000,,0.100000,5.000000,10.000000,72373550,184.806805,184.795116,184.806805,187.238503,187.250192,0.011689,,1,0,2,1,OperatingTarget,Place,Place.PostPlacementRaising,Place,Place.PostPlacementRaising,1,"{""pedalAxisName"":""TaskSwitchPedal"",""usePlusMinusKeys"":true,""positivePedalKey"":61,""negativePedalKey"":45,""invertPedalAxis"":false,""pressThreshold"":0.5,""releaseThreshold"":0.20000000298023225,""minimumIntervalSeconds"":5.0,""maximumIntervalSeconds"":10.0,""minimumValidReactionSeconds"":0.10000000149011612,""randomSeed"":72373550}",,0,0.000000,,CorrectSidePress,0,0,0,,,,,,,0.000000,0,0,Axis,0,1
20261009T064916211Z_facf92f9bb4844ea8288d0a5e8ae0f15,,,1,1,PedalPressed,Visual,2026-10-09T06:52:24.1950946Z,187.973979,182.198690,9020,2,1,OperatingTarget,0,0,1,21,Left,-1,-1,Correct,1,0.723787,1,0,-1.000000,TaskSwitchPedal,0,0.500000,0.200000,,0.100000,5.000000,10.000000,72373550,185.530592,184.795116,184.806805,187.238503,187.250192,0.011689,187.973979,1,0,2,1,OperatingTarget,Place,Place.PostPlacementRaising,Place,Place.PostPlacementRaising,1,"{""pedalAxisName"":""TaskSwitchPedal"",""usePlusMinusKeys"":true,""positivePedalKey"":61,""negativePedalKey"":45,""invertPedalAxis"":false,""pressThreshold"":0.5,""releaseThreshold"":0.20000000298023225,""minimumIntervalSeconds"":5.0,""maximumIntervalSeconds"":10.0,""minimumValidReactionSeconds"":0.10000000149011612,""randomSeed"":72373550}",,0,0.000000,0.723787,CorrectSidePress,1,0,0,-1,Correct,1,0.723787,187.973979,0.723787,0.000000,0,1,PlusMinusKeys,0,1
20261009T064916211Z_facf92f9bb4844ea8288d0a5e8ae0f15,,,1,1,TrialFinished,Visual,2026-10-09T06:52:24.1950946Z,187.973979,182.198690,9020,2,1,OperatingTarget,0,0,1,21,Left,-1,-1,Correct,1,0.723787,1,0,-1.000000,TaskSwitchPedal,0,0.500000,0.200000,,0.100000,5.000000,10.000000,72373550,185.530592,184.795116,184.806805,187.238503,187.250192,0.011689,187.973979,0,0,2,1,OperatingTarget,Place,Place.PostPlacementRaising,Place,Place.PostPlacementRaising,1,"{""pedalAxisName"":""TaskSwitchPedal"",""usePlusMinusKeys"":true,""positivePedalKey"":61,""negativePedalKey"":45,""invertPedalAxis"":false,""pressThreshold"":0.5,""releaseThreshold"":0.20000000298023225,""minimumIntervalSeconds"":5.0,""maximumIntervalSeconds"":10.0,""minimumValidReactionSeconds"":0.10000000149011612,""randomSeed"":72373550}",,0,0.000000,0.723787,CorrectSidePress,1,0,0,-1,Correct,1,0.723787,187.973979,0.723787,0.000000,0,1,PlusMinusKeys,0,1
20261009T064916211Z_facf92f9bb4844ea8288d0a5e8ae0f15,,,1,1,StimulusScheduled,Visual,2026-10-09T06:52:24.1950946Z,187.974447,182.198690,9020,2,1,OperatingTarget,0,0,1,22,Right,1,,,,,0,0,-1.000000,TaskSwitchPedal,0,0.500000,0.200000,,0.100000,5.000000,10.000000,72373550,185.531060,194.630201,,197.073588,,,,0,0,,,,,,Place,Place.PostPlacementRaising,1,"{""pedalAxisName"":""TaskSwitchPedal"",""usePlusMinusKeys"":true,""positivePedalKey"":61,""negativePedalKey"":45,""invertPedalAxis"":false,""pressThreshold"":0.5,""releaseThreshold"":0.20000000298023225,""minimumIntervalSeconds"":5.0,""maximumIntervalSeconds"":10.0,""minimumValidReactionSeconds"":0.10000000149011612,""randomSeed"":72373550}",,0,0.000000,,CorrectSidePress,0,0,0,,,,,,,0.000000,0,1,PlusMinusKeys,0,1
20261009T064916211Z_facf92f9bb4844ea8288d0a5e8ae0f15,,,1,1,StimulusOnsetObserved,Visual,2026-10-09T06:52:33.2959896Z,197.075512,191.300326,9474,2,0,OperatingSource,0,0,1,22,Right,1,,,,,1,0,0.000000,TaskSwitchPedal,0,0.500000,0.200000,,0.100000,5.000000,10.000000,72373550,194.632125,194.630201,194.632125,197.073588,197.075512,0.001924,,0,1,2,0,OperatingSource,Move1,Move1.PickupCoarseMove,Move1,Move1.PickupCoarseMove,1,"{""pedalAxisName"":""TaskSwitchPedal"",""usePlusMinusKeys"":true,""positivePedalKey"":61,""negativePedalKey"":45,""invertPedalAxis"":false,""pressThreshold"":0.5,""releaseThreshold"":0.20000000298023225,""minimumIntervalSeconds"":5.0,""maximumIntervalSeconds"":10.0,""minimumValidReactionSeconds"":0.10000000149011612,""randomSeed"":72373550}",,0,0.000000,,CorrectSidePress,0,0,0,,,,,,,0.000000,0,0,Axis,0,1
20261009T064916211Z_facf92f9bb4844ea8288d0a5e8ae0f15,,,1,1,PedalPressed,Visual,2026-10-09T06:52:34.3625905Z,198.142482,192.367280,9525,2,0,OperatingSource,0,0,1,22,Right,1,1,Correct,1,1.066969,1,0,1.000000,TaskSwitchPedal,0,0.500000,0.200000,,0.100000,5.000000,10.000000,72373550,195.699095,194.630201,194.632125,197.073588,197.075512,0.001924,198.142482,0,1,2,0,OperatingSource,Move1,Move1.PickupCoarseMove,Move1,Move1.PickupCoarseMove,1,"{""pedalAxisName"":""TaskSwitchPedal"",""usePlusMinusKeys"":true,""positivePedalKey"":61,""negativePedalKey"":45,""invertPedalAxis"":false,""pressThreshold"":0.5,""releaseThreshold"":0.20000000298023225,""minimumIntervalSeconds"":5.0,""maximumIntervalSeconds"":10.0,""minimumValidReactionSeconds"":0.10000000149011612,""randomSeed"":72373550}",,0,0.000000,1.066969,CorrectSidePress,1,0,0,1,Correct,1,1.066969,198.142482,1.066969,0.000000,1,0,PlusMinusKeys,0,1
20261009T064916211Z_facf92f9bb4844ea8288d0a5e8ae0f15,,,1,1,TrialFinished,Visual,2026-10-09T06:52:34.3625905Z,198.142482,192.367280,9525,2,0,OperatingSource,0,0,1,22,Right,1,1,Correct,1,1.066969,1,0,1.000000,TaskSwitchPedal,0,0.500000,0.200000,,0.100000,5.000000,10.000000,72373550,195.699095,194.630201,194.632125,197.073588,197.075512,0.001924,198.142482,0,0,2,0,OperatingSource,Move1,Move1.PickupCoarseMove,Move1,Move1.PickupCoarseMove,1,"{""pedalAxisName"":""TaskSwitchPedal"",""usePlusMinusKeys"":true,""positivePedalKey"":61,""negativePedalKey"":45,""invertPedalAxis"":false,""pressThreshold"":0.5,""releaseThreshold"":0.20000000298023225,""minimumIntervalSeconds"":5.0,""maximumIntervalSeconds"":10.0,""minimumValidReactionSeconds"":0.10000000149011612,""randomSeed"":72373550}",,0,0.000000,1.066969,CorrectSidePress,1,0,0,1,Correct,1,1.066969,198.142482,1.066969,0.000000,1,0,PlusMinusKeys,0,1
20261009T064916211Z_facf92f9bb4844ea8288d0a5e8ae0f15,,,1,1,StimulusScheduled,Visual,2026-10-09T06:52:34.3625905Z,198.142834,192.367280,9525,2,0,OperatingSource,0,0,1,23,Left,-1,,,,,0,0,1.000000,TaskSwitchPedal,0,0.500000,0.200000,,0.100000,5.000000,10.000000,72373550,195.699447,202.167078,,204.610465,,,,0,0,,,,,,Move1,Move1.PickupCoarseMove,1,"{""pedalAxisName"":""TaskSwitchPedal"",""usePlusMinusKeys"":true,""positivePedalKey"":61,""negativePedalKey"":45,""invertPedalAxis"":false,""pressThreshold"":0.5,""releaseThreshold"":0.20000000298023225,""minimumIntervalSeconds"":5.0,""maximumIntervalSeconds"":10.0,""minimumValidReactionSeconds"":0.10000000149011612,""randomSeed"":72373550}",,0,0.000000,,CorrectSidePress,0,0,0,,,,,,,0.000000,1,0,PlusMinusKeys,0,1
20261009T064916211Z_facf92f9bb4844ea8288d0a5e8ae0f15,,,1,1,StimulusOnsetObserved,Visual,2026-10-09T06:52:40.8509751Z,204.630263,198.854545,9840,2,0,OperatingSource,0,0,1,23,Left,-1,,,,,1,0,0.000000,TaskSwitchPedal,0,0.500000,0.200000,,0.100000,5.000000,10.000000,72373550,202.186876,202.167078,202.186876,204.610465,204.630263,0.019798,,1,0,2,0,OperatingSource,Move1,Move1.PickupCoarseMove,Move1,Move1.PickupCoarseMove,1,"{""pedalAxisName"":""TaskSwitchPedal"",""usePlusMinusKeys"":true,""positivePedalKey"":61,""negativePedalKey"":45,""invertPedalAxis"":false,""pressThreshold"":0.5,""releaseThreshold"":0.20000000298023225,""minimumIntervalSeconds"":5.0,""maximumIntervalSeconds"":10.0,""minimumValidReactionSeconds"":0.10000000149011612,""randomSeed"":72373550}",,0,0.000000,,CorrectSidePress,0,0,0,,,,,,,0.000000,0,0,Axis,0,1
20261009T064916211Z_facf92f9bb4844ea8288d0a5e8ae0f15,,,1,1,PedalPressed,Visual,2026-10-09T06:52:42.1090227Z,205.888225,200.112350,9897,2,0,OperatingSource,0,0,1,23,Left,-1,-1,Correct,1,1.257963,1,0,-1.000000,TaskSwitchPedal,0,0.500000,0.200000,,0.100000,5.000000,10.000000,72373550,203.444838,202.167078,202.186876,204.610465,204.630263,0.019798,205.888225,1,0,2,0,OperatingSource,Move1,Move1.PickupCoarseMove,Move1,Move1.PickupCoarseMove,1,"{""pedalAxisName"":""TaskSwitchPedal"",""usePlusMinusKeys"":true,""positivePedalKey"":61,""negativePedalKey"":45,""invertPedalAxis"":false,""pressThreshold"":0.5,""releaseThreshold"":0.20000000298023225,""minimumIntervalSeconds"":5.0,""maximumIntervalSeconds"":10.0,""minimumValidReactionSeconds"":0.10000000149011612,""randomSeed"":72373550}",,0,0.000000,1.257962,CorrectSidePress,1,0,0,-1,Correct,1,1.257963,205.888225,1.257962,0.000000,0,1,PlusMinusKeys,0,1
20261009T064916211Z_facf92f9bb4844ea8288d0a5e8ae0f15,,,1,1,TrialFinished,Visual,2026-10-09T06:52:42.1090227Z,205.888225,200.112350,9897,2,0,OperatingSource,0,0,1,23,Left,-1,-1,Correct,1,1.257963,1,0,-1.000000,TaskSwitchPedal,0,0.500000,0.200000,,0.100000,5.000000,10.000000,72373550,203.444838,202.167078,202.186876,204.610465,204.630263,0.019798,205.888225,0,0,2,0,OperatingSource,Move1,Move1.PickupCoarseMove,Move1,Move1.PickupCoarseMove,1,"{""pedalAxisName"":""TaskSwitchPedal"",""usePlusMinusKeys"":true,""positivePedalKey"":61,""negativePedalKey"":45,""invertPedalAxis"":false,""pressThreshold"":0.5,""releaseThreshold"":0.20000000298023225,""minimumIntervalSeconds"":5.0,""maximumIntervalSeconds"":10.0,""minimumValidReactionSeconds"":0.10000000149011612,""randomSeed"":72373550}",,0,0.000000,1.257962,CorrectSidePress,1,0,0,-1,Correct,1,1.257963,205.888225,1.257962,0.000000,0,1,PlusMinusKeys,0,1
20261009T064916211Z_facf92f9bb4844ea8288d0a5e8ae0f15,,,1,1,StimulusScheduled,Visual,2026-10-09T06:52:42.1090227Z,205.888598,200.112350,9897,2,0,OperatingSource,0,0,1,24,Right,1,,,,,0,0,-1.000000,TaskSwitchPedal,0,0.500000,0.200000,,0.100000,5.000000,10.000000,72373550,203.445211,208.914947,,211.358334,,,,0,0,,,,,,Move1,Move1.PickupCoarseMove,1,"{""pedalAxisName"":""TaskSwitchPedal"",""usePlusMinusKeys"":true,""positivePedalKey"":61,""negativePedalKey"":45,""invertPedalAxis"":false,""pressThreshold"":0.5,""releaseThreshold"":0.20000000298023225,""minimumIntervalSeconds"":5.0,""maximumIntervalSeconds"":10.0,""minimumValidReactionSeconds"":0.10000000149011612,""randomSeed"":72373550}",,0,0.000000,,CorrectSidePress,0,0,0,,,,,,,0.000000,0,1,PlusMinusKeys,0,1
20261009T064916211Z_facf92f9bb4844ea8288d0a5e8ae0f15,,,1,1,StimulusOnsetObserved,Visual,2026-10-09T06:52:47.5792930Z,211.358819,205.583559,10168,2,0,OperatingSource,0,0,1,24,Right,1,,,,,1,0,0.000000,TaskSwitchPedal,0,0.500000,0.200000,,0.100000,5.000000,10.000000,72373550,208.915431,208.914947,208.915431,211.358334,211.358819,0.000484,,0,1,2,0,OperatingSource,Move1,Move1.PickupCoarseMove,Move1,Move1.PickupCoarseMove,1,"{""pedalAxisName"":""TaskSwitchPedal"",""usePlusMinusKeys"":true,""positivePedalKey"":61,""negativePedalKey"":45,""invertPedalAxis"":false,""pressThreshold"":0.5,""releaseThreshold"":0.20000000298023225,""minimumIntervalSeconds"":5.0,""maximumIntervalSeconds"":10.0,""minimumValidReactionSeconds"":0.10000000149011612,""randomSeed"":72373550}",,0,0.000000,,CorrectSidePress,0,0,0,,,,,,,0.000000,0,0,Axis,0,1
20261009T064916211Z_facf92f9bb4844ea8288d0a5e8ae0f15,,,1,1,PedalPressed,Visual,2026-10-09T06:52:48.4875635Z,212.267544,206.491103,10212,2,0,OperatingSource,0,0,1,24,Right,1,1,Correct,1,0.908725,1,0,1.000000,TaskSwitchPedal,0,0.500000,0.200000,,0.100000,5.000000,10.000000,72373550,209.824156,208.914947,208.915431,211.358334,211.358819,0.000484,212.267544,0,1,2,0,OperatingSource,Move1,Move1.PickupCoarseMove,Move1,Move1.PickupCoarseMove,1,"{""pedalAxisName"":""TaskSwitchPedal"",""usePlusMinusKeys"":true,""positivePedalKey"":61,""negativePedalKey"":45,""invertPedalAxis"":false,""pressThreshold"":0.5,""releaseThreshold"":0.20000000298023225,""minimumIntervalSeconds"":5.0,""maximumIntervalSeconds"":10.0,""minimumValidReactionSeconds"":0.10000000149011612,""randomSeed"":72373550}",,0,0.000000,0.908725,CorrectSidePress,1,0,0,1,Correct,1,0.908725,212.267544,0.908725,0.000000,1,0,PlusMinusKeys,0,1
20261009T064916211Z_facf92f9bb4844ea8288d0a5e8ae0f15,,,1,1,TrialFinished,Visual,2026-10-09T06:52:48.4885625Z,212.267544,206.491103,10212,2,0,OperatingSource,0,0,1,24,Right,1,1,Correct,1,0.908725,1,0,1.000000,TaskSwitchPedal,0,0.500000,0.200000,,0.100000,5.000000,10.000000,72373550,209.824156,208.914947,208.915431,211.358334,211.358819,0.000484,212.267544,0,0,2,0,OperatingSource,Move1,Move1.PickupCoarseMove,Move1,Move1.PickupCoarseMove,1,"{""pedalAxisName"":""TaskSwitchPedal"",""usePlusMinusKeys"":true,""positivePedalKey"":61,""negativePedalKey"":45,""invertPedalAxis"":false,""pressThreshold"":0.5,""releaseThreshold"":0.20000000298023225,""minimumIntervalSeconds"":5.0,""maximumIntervalSeconds"":10.0,""minimumValidReactionSeconds"":0.10000000149011612,""randomSeed"":72373550}",,0,0.000000,0.908725,CorrectSidePress,1,0,0,1,Correct,1,0.908725,212.267544,0.908725,0.000000,1,0,PlusMinusKeys,0,1
20261009T064916211Z_facf92f9bb4844ea8288d0a5e8ae0f15,,,1,1,StimulusScheduled,Visual,2026-10-09T06:52:48.4885625Z,212.267892,206.491103,10212,2,0,OperatingSource,0,0,1,25,Right,1,,,,,0,0,1.000000,TaskSwitchPedal,0,0.500000,0.200000,,0.100000,5.000000,10.000000,72373550,209.824505,218.309170,,220.752557,,,,0,0,,,,,,Move1,Move1.PickupCoarseMove,1,"{""pedalAxisName"":""TaskSwitchPedal"",""usePlusMinusKeys"":true,""positivePedalKey"":61,""negativePedalKey"":45,""invertPedalAxis"":false,""pressThreshold"":0.5,""releaseThreshold"":0.20000000298023225,""minimumIntervalSeconds"":5.0,""maximumIntervalSeconds"":10.0,""minimumValidReactionSeconds"":0.10000000149011612,""randomSeed"":72373550}",,0,0.000000,,CorrectSidePress,0,0,0,,,,,,,0.000000,1,0,PlusMinusKeys,0,1
20261009T064916211Z_facf92f9bb4844ea8288d0a5e8ae0f15,,,1,1,StimulusOnsetObserved,Visual,2026-10-09T06:52:56.9731536Z,220.753858,214.977274,10562,2,0,OperatingSource,0,0,1,25,Right,1,,,,,1,0,0.000000,TaskSwitchPedal,0,0.500000,0.200000,,0.100000,5.000000,10.000000,72373550,218.310471,218.309170,218.310471,220.752557,220.753858,0.001301,,0,1,2,0,OperatingSource,LiftUp,LiftUp.PickupLowering,LiftUp,LiftUp.PickupLowering,1,"{""pedalAxisName"":""TaskSwitchPedal"",""usePlusMinusKeys"":true,""positivePedalKey"":61,""negativePedalKey"":45,""invertPedalAxis"":false,""pressThreshold"":0.5,""releaseThreshold"":0.20000000298023225,""minimumIntervalSeconds"":5.0,""maximumIntervalSeconds"":10.0,""minimumValidReactionSeconds"":0.10000000149011612,""randomSeed"":72373550}",,0,0.000000,,CorrectSidePress,0,0,0,,,,,,,0.000000,0,0,Axis,0,1
20261009T064916211Z_facf92f9bb4844ea8288d0a5e8ae0f15,,,1,1,PedalPressed,Visual,2026-10-09T06:52:57.8650932Z,221.645261,215.868551,10597,2,0,OperatingSource,0,0,1,25,Right,1,1,Correct,1,0.891403,1,0,1.000000,TaskSwitchPedal,0,0.500000,0.200000,,0.100000,5.000000,10.000000,72373550,219.201874,218.309170,218.310471,220.752557,220.753858,0.001301,221.645261,0,1,2,0,OperatingSource,LiftUp,LiftUp.PickupLowering,LiftUp,LiftUp.PickupLowering,1,"{""pedalAxisName"":""TaskSwitchPedal"",""usePlusMinusKeys"":true,""positivePedalKey"":61,""negativePedalKey"":45,""invertPedalAxis"":false,""pressThreshold"":0.5,""releaseThreshold"":0.20000000298023225,""minimumIntervalSeconds"":5.0,""maximumIntervalSeconds"":10.0,""minimumValidReactionSeconds"":0.10000000149011612,""randomSeed"":72373550}",,0,0.000000,0.891403,CorrectSidePress,1,0,0,1,Correct,1,0.891403,221.645261,0.891403,0.000000,1,0,PlusMinusKeys,0,1
20261009T064916211Z_facf92f9bb4844ea8288d0a5e8ae0f15,,,1,1,TrialFinished,Visual,2026-10-09T06:52:57.8650932Z,221.645261,215.868551,10597,2,0,OperatingSource,0,0,1,25,Right,1,1,Correct,1,0.891403,1,0,1.000000,TaskSwitchPedal,0,0.500000,0.200000,,0.100000,5.000000,10.000000,72373550,219.201874,218.309170,218.310471,220.752557,220.753858,0.001301,221.645261,0,0,2,0,OperatingSource,LiftUp,LiftUp.PickupLowering,LiftUp,LiftUp.PickupLowering,1,"{""pedalAxisName"":""TaskSwitchPedal"",""usePlusMinusKeys"":true,""positivePedalKey"":61,""negativePedalKey"":45,""invertPedalAxis"":false,""pressThreshold"":0.5,""releaseThreshold"":0.20000000298023225,""minimumIntervalSeconds"":5.0,""maximumIntervalSeconds"":10.0,""minimumValidReactionSeconds"":0.10000000149011612,""randomSeed"":72373550}",,0,0.000000,0.891403,CorrectSidePress,1,0,0,1,Correct,1,0.891403,221.645261,0.891403,0.000000,1,0,PlusMinusKeys,0,1
20261009T064916211Z_facf92f9bb4844ea8288d0a5e8ae0f15,,,1,1,StimulusScheduled,Visual,2026-10-09T06:52:57.8663804Z,221.645967,215.868551,10597,2,0,OperatingSource,0,0,1,26,Right,1,,,,,0,0,1.000000,TaskSwitchPedal,0,0.500000,0.200000,,0.100000,5.000000,10.000000,72373550,219.202580,227.259059,,229.702446,,,,0,0,,,,,,LiftUp,LiftUp.PickupLowering,1,"{""pedalAxisName"":""TaskSwitchPedal"",""usePlusMinusKeys"":true,""positivePedalKey"":61,""negativePedalKey"":45,""invertPedalAxis"":false,""pressThreshold"":0.5,""releaseThreshold"":0.20000000298023225,""minimumIntervalSeconds"":5.0,""maximumIntervalSeconds"":10.0,""minimumValidReactionSeconds"":0.10000000149011612,""randomSeed"":72373550}",,0,0.000000,,CorrectSidePress,0,0,0,,,,,,,0.000000,1,0,PlusMinusKeys,0,1
20261009T064916211Z_facf92f9bb4844ea8288d0a5e8ae0f15,,,1,1,StimulusOnsetObserved,Visual,2026-10-09T06:53:05.9447084Z,229.724978,223.948757,10911,2,0,OperatingSource,0,0,1,26,Right,1,,,,,1,0,0.000000,TaskSwitchPedal,0,0.500000,0.200000,,0.100000,5.000000,10.000000,72373550,227.281591,227.259059,227.281591,229.702446,229.724978,0.022532,,0,1,2,0,OperatingSource,LiftUp,LiftUp.LoadedRaising,LiftUp,LiftUp.LoadedRaising,1,"{""pedalAxisName"":""TaskSwitchPedal"",""usePlusMinusKeys"":true,""positivePedalKey"":61,""negativePedalKey"":45,""invertPedalAxis"":false,""pressThreshold"":0.5,""releaseThreshold"":0.20000000298023225,""minimumIntervalSeconds"":5.0,""maximumIntervalSeconds"":10.0,""minimumValidReactionSeconds"":0.10000000149011612,""randomSeed"":72373550}",,0,0.000000,,CorrectSidePress,0,0,0,,,,,,,0.000000,0,0,Axis,0,1
20261009T064916211Z_facf92f9bb4844ea8288d0a5e8ae0f15,,,1,1,PedalPressed,Visual,2026-10-09T06:53:06.7811980Z,230.561088,224.784291,10945,2,0,OperatingSource,0,0,1,26,Right,1,1,Correct,1,0.836110,1,0,1.000000,TaskSwitchPedal,0,0.500000,0.200000,,0.100000,5.000000,10.000000,72373550,228.117701,227.259059,227.281591,229.702446,229.724978,0.022532,230.561088,0,1,2,0,OperatingSource,LiftUp,LiftUp.LoadedRaising,LiftUp,LiftUp.LoadedRaising,1,"{""pedalAxisName"":""TaskSwitchPedal"",""usePlusMinusKeys"":true,""positivePedalKey"":61,""negativePedalKey"":45,""invertPedalAxis"":false,""pressThreshold"":0.5,""releaseThreshold"":0.20000000298023225,""minimumIntervalSeconds"":5.0,""maximumIntervalSeconds"":10.0,""minimumValidReactionSeconds"":0.10000000149011612,""randomSeed"":72373550}",,0,0.000000,0.836110,CorrectSidePress,1,0,0,1,Correct,1,0.836110,230.561088,0.836110,0.000000,1,0,PlusMinusKeys,0,1
20261009T064916211Z_facf92f9bb4844ea8288d0a5e8ae0f15,,,1,1,TrialFinished,Visual,2026-10-09T06:53:06.7811980Z,230.561088,224.784291,10945,2,0,OperatingSource,0,0,1,26,Right,1,1,Correct,1,0.836110,1,0,1.000000,TaskSwitchPedal,0,0.500000,0.200000,,0.100000,5.000000,10.000000,72373550,228.117701,227.259059,227.281591,229.702446,229.724978,0.022532,230.561088,0,0,2,0,OperatingSource,LiftUp,LiftUp.LoadedRaising,LiftUp,LiftUp.LoadedRaising,1,"{""pedalAxisName"":""TaskSwitchPedal"",""usePlusMinusKeys"":true,""positivePedalKey"":61,""negativePedalKey"":45,""invertPedalAxis"":false,""pressThreshold"":0.5,""releaseThreshold"":0.20000000298023225,""minimumIntervalSeconds"":5.0,""maximumIntervalSeconds"":10.0,""minimumValidReactionSeconds"":0.10000000149011612,""randomSeed"":72373550}",,0,0.000000,0.836110,CorrectSidePress,1,0,0,1,Correct,1,0.836110,230.561088,0.836110,0.000000,1,0,PlusMinusKeys,0,1
20261009T064916211Z_facf92f9bb4844ea8288d0a5e8ae0f15,,,1,1,StimulusScheduled,Visual,2026-10-09T06:53:06.7811980Z,230.561534,224.784291,10945,2,0,OperatingSource,0,0,1,27,Left,-1,,,,,0,0,1.000000,TaskSwitchPedal,0,0.500000,0.200000,,0.100000,5.000000,10.000000,72373550,228.118147,237.886897,,240.330284,,,,0,0,,,,,,LiftUp,LiftUp.LoadedRaising,1,"{""pedalAxisName"":""TaskSwitchPedal"",""usePlusMinusKeys"":true,""positivePedalKey"":61,""negativePedalKey"":45,""invertPedalAxis"":false,""pressThreshold"":0.5,""releaseThreshold"":0.20000000298023225,""minimumIntervalSeconds"":5.0,""maximumIntervalSeconds"":10.0,""minimumValidReactionSeconds"":0.10000000149011612,""randomSeed"":72373550}",,0,0.000000,,CorrectSidePress,0,0,0,,,,,,,0.000000,1,0,PlusMinusKeys,0,1
20261009T064916211Z_facf92f9bb4844ea8288d0a5e8ae0f15,,,1,1,StimulusOnsetObserved,Visual,2026-10-09T06:53:16.5597753Z,240.340200,234.564800,11337,2,0,OperatingSource,0,0,1,27,Left,-1,,,,,1,0,0.000000,TaskSwitchPedal,0,0.500000,0.200000,,0.100000,5.000000,10.000000,72373550,237.896813,237.886897,237.896813,240.330284,240.340200,0.009916,,1,0,2,0,OperatingSource,Move2,Move2.DestinationCoarseMove,Move2,Move2.DestinationCoarseMove,1,"{""pedalAxisName"":""TaskSwitchPedal"",""usePlusMinusKeys"":true,""positivePedalKey"":61,""negativePedalKey"":45,""invertPedalAxis"":false,""pressThreshold"":0.5,""releaseThreshold"":0.20000000298023225,""minimumIntervalSeconds"":5.0,""maximumIntervalSeconds"":10.0,""minimumValidReactionSeconds"":0.10000000149011612,""randomSeed"":72373550}",,0,0.000000,,CorrectSidePress,0,0,0,,,,,,,0.000000,0,0,Axis,0,1
20261009T064916211Z_facf92f9bb4844ea8288d0a5e8ae0f15,,,1,1,PedalPressed,Visual,2026-10-09T06:53:17.3551029Z,241.135244,235.358950,11366,2,0,OperatingSource,0,0,1,27,Left,-1,-1,Correct,1,0.795044,1,0,-1.000000,TaskSwitchPedal,0,0.500000,0.200000,,0.100000,5.000000,10.000000,72373550,238.691856,237.886897,237.896813,240.330284,240.340200,0.009916,241.135244,1,0,2,0,OperatingSource,Move2,Move2.DestinationCoarseMove,Move2,Move2.DestinationCoarseMove,1,"{""pedalAxisName"":""TaskSwitchPedal"",""usePlusMinusKeys"":true,""positivePedalKey"":61,""negativePedalKey"":45,""invertPedalAxis"":false,""pressThreshold"":0.5,""releaseThreshold"":0.20000000298023225,""minimumIntervalSeconds"":5.0,""maximumIntervalSeconds"":10.0,""minimumValidReactionSeconds"":0.10000000149011612,""randomSeed"":72373550}",,0,0.000000,0.795044,CorrectSidePress,1,0,0,-1,Correct,1,0.795044,241.135244,0.795044,0.000000,0,1,PlusMinusKeys,0,1
20261009T064916211Z_facf92f9bb4844ea8288d0a5e8ae0f15,,,1,1,TrialFinished,Visual,2026-10-09T06:53:17.3551029Z,241.135244,235.358950,11366,2,0,OperatingSource,0,0,1,27,Left,-1,-1,Correct,1,0.795044,1,0,-1.000000,TaskSwitchPedal,0,0.500000,0.200000,,0.100000,5.000000,10.000000,72373550,238.691856,237.886897,237.896813,240.330284,240.340200,0.009916,241.135244,0,0,2,0,OperatingSource,Move2,Move2.DestinationCoarseMove,Move2,Move2.DestinationCoarseMove,1,"{""pedalAxisName"":""TaskSwitchPedal"",""usePlusMinusKeys"":true,""positivePedalKey"":61,""negativePedalKey"":45,""invertPedalAxis"":false,""pressThreshold"":0.5,""releaseThreshold"":0.20000000298023225,""minimumIntervalSeconds"":5.0,""maximumIntervalSeconds"":10.0,""minimumValidReactionSeconds"":0.10000000149011612,""randomSeed"":72373550}",,0,0.000000,0.795044,CorrectSidePress,1,0,0,-1,Correct,1,0.795044,241.135244,0.795044,0.000000,0,1,PlusMinusKeys,0,1
20261009T064916211Z_facf92f9bb4844ea8288d0a5e8ae0f15,,,1,1,StimulusScheduled,Visual,2026-10-09T06:53:17.3551029Z,241.135631,235.358950,11366,2,0,OperatingSource,0,0,1,28,Right,1,,,,,0,0,-1.000000,TaskSwitchPedal,0,0.500000,0.200000,,0.100000,5.000000,10.000000,72373550,238.692244,247.310525,,249.753912,,,,0,0,,,,,,Move2,Move2.DestinationCoarseMove,1,"{""pedalAxisName"":""TaskSwitchPedal"",""usePlusMinusKeys"":true,""positivePedalKey"":61,""negativePedalKey"":45,""invertPedalAxis"":false,""pressThreshold"":0.5,""releaseThreshold"":0.20000000298023225,""minimumIntervalSeconds"":5.0,""maximumIntervalSeconds"":10.0,""minimumValidReactionSeconds"":0.10000000149011612,""randomSeed"":72373550}",,0,0.000000,,CorrectSidePress,0,0,0,,,,,,,0.000000,0,1,PlusMinusKeys,0,1
20261009T064916211Z_facf92f9bb4844ea8288d0a5e8ae0f15,,,1,1,StimulusOnsetObserved,Visual,2026-10-09T06:53:25.9759639Z,249.756172,243.977730,11699,2,0,OperatingSource,0,0,1,28,Right,1,,,,,1,0,0.000000,TaskSwitchPedal,0,0.500000,0.200000,,0.100000,5.000000,10.000000,72373550,247.312784,247.310525,247.312784,249.753912,249.756172,0.002259,,0,1,2,0,OperatingSource,Move2,Move2.DestinationFineAlign,Move2,Move2.DestinationFineAlign,1,"{""pedalAxisName"":""TaskSwitchPedal"",""usePlusMinusKeys"":true,""positivePedalKey"":61,""negativePedalKey"":45,""invertPedalAxis"":false,""pressThreshold"":0.5,""releaseThreshold"":0.20000000298023225,""minimumIntervalSeconds"":5.0,""maximumIntervalSeconds"":10.0,""minimumValidReactionSeconds"":0.10000000149011612,""randomSeed"":72373550}",,0,0.000000,,CorrectSidePress,0,0,0,,,,,,,0.000000,0,0,Axis,0,1
20261009T064916211Z_facf92f9bb4844ea8288d0a5e8ae0f15,,,1,1,PedalPressed,Visual,2026-10-09T06:53:27.4982077Z,251.278609,245.503075,11757,2,0,OperatingSource,0,0,1,28,Right,1,1,Correct,1,1.522437,1,0,1.000000,TaskSwitchPedal,0,0.500000,0.200000,,0.100000,5.000000,10.000000,72373550,248.835222,247.310525,247.312784,249.753912,249.756172,0.002259,251.278609,0,1,2,0,OperatingSource,Move2,Move2.DestinationFineAlign,Move2,Move2.DestinationFineAlign,1,"{""pedalAxisName"":""TaskSwitchPedal"",""usePlusMinusKeys"":true,""positivePedalKey"":61,""negativePedalKey"":45,""invertPedalAxis"":false,""pressThreshold"":0.5,""releaseThreshold"":0.20000000298023225,""minimumIntervalSeconds"":5.0,""maximumIntervalSeconds"":10.0,""minimumValidReactionSeconds"":0.10000000149011612,""randomSeed"":72373550}",,0,0.000000,1.522437,CorrectSidePress,1,0,0,1,Correct,1,1.522437,251.278609,1.522437,0.000000,1,0,PlusMinusKeys,0,1
20261009T064916211Z_facf92f9bb4844ea8288d0a5e8ae0f15,,,1,1,TrialFinished,Visual,2026-10-09T06:53:27.4982077Z,251.278609,245.503075,11757,2,0,OperatingSource,0,0,1,28,Right,1,1,Correct,1,1.522437,1,0,1.000000,TaskSwitchPedal,0,0.500000,0.200000,,0.100000,5.000000,10.000000,72373550,248.835222,247.310525,247.312784,249.753912,249.756172,0.002259,251.278609,0,0,2,0,OperatingSource,Move2,Move2.DestinationFineAlign,Move2,Move2.DestinationFineAlign,1,"{""pedalAxisName"":""TaskSwitchPedal"",""usePlusMinusKeys"":true,""positivePedalKey"":61,""negativePedalKey"":45,""invertPedalAxis"":false,""pressThreshold"":0.5,""releaseThreshold"":0.20000000298023225,""minimumIntervalSeconds"":5.0,""maximumIntervalSeconds"":10.0,""minimumValidReactionSeconds"":0.10000000149011612,""randomSeed"":72373550}",,0,0.000000,1.522437,CorrectSidePress,1,0,0,1,Correct,1,1.522437,251.278609,1.522437,0.000000,1,0,PlusMinusKeys,0,1
20261009T064916211Z_facf92f9bb4844ea8288d0a5e8ae0f15,,,1,1,StimulusScheduled,Visual,2026-10-09T06:53:27.4982077Z,251.279068,245.503075,11757,2,0,OperatingSource,0,0,1,29,Right,1,,,,,0,0,1.000000,TaskSwitchPedal,0,0.500000,0.200000,,0.100000,5.000000,10.000000,72373550,248.835681,255.082067,,257.525454,,,,0,0,,,,,,Move2,Move2.DestinationFineAlign,1,"{""pedalAxisName"":""TaskSwitchPedal"",""usePlusMinusKeys"":true,""positivePedalKey"":61,""negativePedalKey"":45,""invertPedalAxis"":false,""pressThreshold"":0.5,""releaseThreshold"":0.20000000298023225,""minimumIntervalSeconds"":5.0,""maximumIntervalSeconds"":10.0,""minimumValidReactionSeconds"":0.10000000149011612,""randomSeed"":72373550}",,0,0.000000,,CorrectSidePress,0,0,0,,,,,,,0.000000,1,0,PlusMinusKeys,0,1
20261009T064916211Z_facf92f9bb4844ea8288d0a5e8ae0f15,,,1,1,StimulusOnsetObserved,Visual,2026-10-09T06:53:33.7520791Z,257.532478,251.756141,12008,2,0,OperatingSource,0,0,1,29,Right,1,,,,,1,0,0.000000,TaskSwitchPedal,0,0.500000,0.200000,,0.100000,5.000000,10.000000,72373550,255.089091,255.082067,255.089091,257.525454,257.532478,0.007024,,0,1,2,0,OperatingSource,Place,Place.PlacementLowering,Place,Place.PlacementLowering,1,"{""pedalAxisName"":""TaskSwitchPedal"",""usePlusMinusKeys"":true,""positivePedalKey"":61,""negativePedalKey"":45,""invertPedalAxis"":false,""pressThreshold"":0.5,""releaseThreshold"":0.20000000298023225,""minimumIntervalSeconds"":5.0,""maximumIntervalSeconds"":10.0,""minimumValidReactionSeconds"":0.10000000149011612,""randomSeed"":72373550}",,0,0.000000,,CorrectSidePress,0,0,0,,,,,,,0.000000,0,0,Axis,0,1
20261009T064916211Z_facf92f9bb4844ea8288d0a5e8ae0f15,,,1,1,PedalPressed,Visual,2026-10-09T06:53:34.7057180Z,258.486005,252.709729,12047,2,0,OperatingSource,0,0,1,29,Right,1,1,Correct,1,0.953527,1,0,1.000000,TaskSwitchPedal,0,0.500000,0.200000,,0.100000,5.000000,10.000000,72373550,256.042618,255.082067,255.089091,257.525454,257.532478,0.007024,258.486005,0,1,2,0,OperatingSource,Place,Place.PlacementLowering,Place,Place.PlacementLowering,1,"{""pedalAxisName"":""TaskSwitchPedal"",""usePlusMinusKeys"":true,""positivePedalKey"":61,""negativePedalKey"":45,""invertPedalAxis"":false,""pressThreshold"":0.5,""releaseThreshold"":0.20000000298023225,""minimumIntervalSeconds"":5.0,""maximumIntervalSeconds"":10.0,""minimumValidReactionSeconds"":0.10000000149011612,""randomSeed"":72373550}",,0,0.000000,0.953527,CorrectSidePress,1,0,0,1,Correct,1,0.953527,258.486005,0.953527,0.000000,1,0,PlusMinusKeys,0,1
20261009T064916211Z_facf92f9bb4844ea8288d0a5e8ae0f15,,,1,1,TrialFinished,Visual,2026-10-09T06:53:34.7057180Z,258.486005,252.709729,12047,2,0,OperatingSource,0,0,1,29,Right,1,1,Correct,1,0.953527,1,0,1.000000,TaskSwitchPedal,0,0.500000,0.200000,,0.100000,5.000000,10.000000,72373550,256.042618,255.082067,255.089091,257.525454,257.532478,0.007024,258.486005,0,0,2,0,OperatingSource,Place,Place.PlacementLowering,Place,Place.PlacementLowering,1,"{""pedalAxisName"":""TaskSwitchPedal"",""usePlusMinusKeys"":true,""positivePedalKey"":61,""negativePedalKey"":45,""invertPedalAxis"":false,""pressThreshold"":0.5,""releaseThreshold"":0.20000000298023225,""minimumIntervalSeconds"":5.0,""maximumIntervalSeconds"":10.0,""minimumValidReactionSeconds"":0.10000000149011612,""randomSeed"":72373550}",,0,0.000000,0.953527,CorrectSidePress,1,0,0,1,Correct,1,0.953527,258.486005,0.953527,0.000000,1,0,PlusMinusKeys,0,1
20261009T064916211Z_facf92f9bb4844ea8288d0a5e8ae0f15,,,1,1,StimulusScheduled,Visual,2026-10-09T06:53:34.7057180Z,258.486401,252.709729,12047,2,0,OperatingSource,0,0,1,30,Right,1,,,,,0,0,1.000000,TaskSwitchPedal,0,0.500000,0.200000,,0.100000,5.000000,10.000000,72373550,256.043014,261.356151,,263.799537,,,,0,0,,,,,,Place,Place.PlacementLowering,1,"{""pedalAxisName"":""TaskSwitchPedal"",""usePlusMinusKeys"":true,""positivePedalKey"":61,""negativePedalKey"":45,""invertPedalAxis"":false,""pressThreshold"":0.5,""releaseThreshold"":0.20000000298023225,""minimumIntervalSeconds"":5.0,""maximumIntervalSeconds"":10.0,""minimumValidReactionSeconds"":0.10000000149011612,""randomSeed"":72373550}",,0,0.000000,,CorrectSidePress,0,0,0,,,,,,,0.000000,1,0,PlusMinusKeys,0,1
20261009T064916211Z_facf92f9bb4844ea8288d0a5e8ae0f15,,,1,1,StimulusOnsetObserved,Visual,2026-10-09T06:53:40.0314834Z,263.812370,258.036415,12281,3,1,OperatingTarget,0,0,1,30,Right,1,,,,,1,0,0.000000,TaskSwitchPedal,0,0.500000,0.200000,,0.100000,5.000000,10.000000,72373550,261.368983,261.356151,261.368983,263.799537,263.812370,0.012832,,0,1,3,1,OperatingTarget,Move1,Move1.PickupCoarseMove,Move1,Move1.PickupCoarseMove,1,"{""pedalAxisName"":""TaskSwitchPedal"",""usePlusMinusKeys"":true,""positivePedalKey"":61,""negativePedalKey"":45,""invertPedalAxis"":false,""pressThreshold"":0.5,""releaseThreshold"":0.20000000298023225,""minimumIntervalSeconds"":5.0,""maximumIntervalSeconds"":10.0,""minimumValidReactionSeconds"":0.10000000149011612,""randomSeed"":72373550}",,0,0.000000,,CorrectSidePress,0,0,0,,,,,,,0.000000,0,0,Axis,0,1
20261009T064916211Z_facf92f9bb4844ea8288d0a5e8ae0f15,,,1,1,PedalPressed,Visual,2026-10-09T06:53:41.2759889Z,265.056987,259.281322,12341,3,1,OperatingTarget,0,0,1,30,Right,1,1,Correct,1,1.244617,1,0,1.000000,TaskSwitchPedal,0,0.500000,0.200000,,0.100000,5.000000,10.000000,72373550,262.613600,261.356151,261.368983,263.799537,263.812370,0.012832,265.056987,0,1,3,1,OperatingTarget,Move1,Move1.PickupCoarseMove,Move1,Move1.PickupCoarseMove,1,"{""pedalAxisName"":""TaskSwitchPedal"",""usePlusMinusKeys"":true,""positivePedalKey"":61,""negativePedalKey"":45,""invertPedalAxis"":false,""pressThreshold"":0.5,""releaseThreshold"":0.20000000298023225,""minimumIntervalSeconds"":5.0,""maximumIntervalSeconds"":10.0,""minimumValidReactionSeconds"":0.10000000149011612,""randomSeed"":72373550}",,0,0.000000,1.244617,CorrectSidePress,1,0,0,1,Correct,1,1.244617,265.056987,1.244617,0.000000,1,0,PlusMinusKeys,0,1
20261009T064916211Z_facf92f9bb4844ea8288d0a5e8ae0f15,,,1,1,TrialFinished,Visual,2026-10-09T06:53:41.2759889Z,265.056987,259.281322,12341,3,1,OperatingTarget,0,0,1,30,Right,1,1,Correct,1,1.244617,1,0,1.000000,TaskSwitchPedal,0,0.500000,0.200000,,0.100000,5.000000,10.000000,72373550,262.613600,261.356151,261.368983,263.799537,263.812370,0.012832,265.056987,0,0,3,1,OperatingTarget,Move1,Move1.PickupCoarseMove,Move1,Move1.PickupCoarseMove,1,"{""pedalAxisName"":""TaskSwitchPedal"",""usePlusMinusKeys"":true,""positivePedalKey"":61,""negativePedalKey"":45,""invertPedalAxis"":false,""pressThreshold"":0.5,""releaseThreshold"":0.20000000298023225,""minimumIntervalSeconds"":5.0,""maximumIntervalSeconds"":10.0,""minimumValidReactionSeconds"":0.10000000149011612,""randomSeed"":72373550}",,0,0.000000,1.244617,CorrectSidePress,1,0,0,1,Correct,1,1.244617,265.056987,1.244617,0.000000,1,0,PlusMinusKeys,0,1
20261009T064916211Z_facf92f9bb4844ea8288d0a5e8ae0f15,,,1,1,StimulusScheduled,Visual,2026-10-09T06:53:41.2759889Z,265.057428,259.281322,12341,3,1,OperatingTarget,0,0,1,31,Left,-1,,,,,0,0,1.000000,TaskSwitchPedal,0,0.500000,0.200000,,0.100000,5.000000,10.000000,72373550,262.614041,270.797445,,273.240833,,,,0,0,,,,,,Move1,Move1.PickupCoarseMove,1,"{""pedalAxisName"":""TaskSwitchPedal"",""usePlusMinusKeys"":true,""positivePedalKey"":61,""negativePedalKey"":45,""invertPedalAxis"":false,""pressThreshold"":0.5,""releaseThreshold"":0.20000000298023225,""minimumIntervalSeconds"":5.0,""maximumIntervalSeconds"":10.0,""minimumValidReactionSeconds"":0.10000000149011612,""randomSeed"":72373550}",,0,0.000000,,CorrectSidePress,0,0,0,,,,,,,0.000000,1,0,PlusMinusKeys,0,1
20261009T064916211Z_facf92f9bb4844ea8288d0a5e8ae0f15,,,1,1,StimulusOnsetObserved,Visual,2026-10-09T06:53:49.4766386Z,273.257919,267.481677,12734,3,1,OperatingTarget,0,0,1,31,Left,-1,,,,,1,0,0.000000,TaskSwitchPedal,0,0.500000,0.200000,,0.100000,5.000000,10.000000,72373550,270.814532,270.797445,270.814532,273.240833,273.257919,0.017086,,1,0,3,1,OperatingTarget,Move1,Move1.PickupCoarseMove,Move1,Move1.PickupCoarseMove,1,"{""pedalAxisName"":""TaskSwitchPedal"",""usePlusMinusKeys"":true,""positivePedalKey"":61,""negativePedalKey"":45,""invertPedalAxis"":false,""pressThreshold"":0.5,""releaseThreshold"":0.20000000298023225,""minimumIntervalSeconds"":5.0,""maximumIntervalSeconds"":10.0,""minimumValidReactionSeconds"":0.10000000149011612,""randomSeed"":72373550}",,0,0.000000,,CorrectSidePress,0,0,0,,,,,,,0.000000,0,0,Axis,0,1
20261009T064916211Z_facf92f9bb4844ea8288d0a5e8ae0f15,,,1,1,PedalPressed,Visual,2026-10-09T06:53:50.7754179Z,274.555862,268.780103,12796,3,1,OperatingTarget,0,0,1,31,Left,-1,-1,Correct,1,1.297943,1,0,-1.000000,TaskSwitchPedal,0,0.500000,0.200000,,0.100000,5.000000,10.000000,72373550,272.112474,270.797445,270.814532,273.240833,273.257919,0.017086,274.555862,1,0,3,1,OperatingTarget,Move1,Move1.PickupCoarseMove,Move1,Move1.PickupCoarseMove,1,"{""pedalAxisName"":""TaskSwitchPedal"",""usePlusMinusKeys"":true,""positivePedalKey"":61,""negativePedalKey"":45,""invertPedalAxis"":false,""pressThreshold"":0.5,""releaseThreshold"":0.20000000298023225,""minimumIntervalSeconds"":5.0,""maximumIntervalSeconds"":10.0,""minimumValidReactionSeconds"":0.10000000149011612,""randomSeed"":72373550}",,0,0.000000,1.297943,CorrectSidePress,1,0,0,-1,Correct,1,1.297943,274.555862,1.297943,0.000000,0,1,PlusMinusKeys,0,1
20261009T064916211Z_facf92f9bb4844ea8288d0a5e8ae0f15,,,1,1,TrialFinished,Visual,2026-10-09T06:53:50.7754179Z,274.555862,268.780103,12796,3,1,OperatingTarget,0,0,1,31,Left,-1,-1,Correct,1,1.297943,1,0,-1.000000,TaskSwitchPedal,0,0.500000,0.200000,,0.100000,5.000000,10.000000,72373550,272.112474,270.797445,270.814532,273.240833,273.257919,0.017086,274.555862,0,0,3,1,OperatingTarget,Move1,Move1.PickupCoarseMove,Move1,Move1.PickupCoarseMove,1,"{""pedalAxisName"":""TaskSwitchPedal"",""usePlusMinusKeys"":true,""positivePedalKey"":61,""negativePedalKey"":45,""invertPedalAxis"":false,""pressThreshold"":0.5,""releaseThreshold"":0.20000000298023225,""minimumIntervalSeconds"":5.0,""maximumIntervalSeconds"":10.0,""minimumValidReactionSeconds"":0.10000000149011612,""randomSeed"":72373550}",,0,0.000000,1.297943,CorrectSidePress,1,0,0,-1,Correct,1,1.297943,274.555862,1.297943,0.000000,0,1,PlusMinusKeys,0,1
20261009T064916211Z_facf92f9bb4844ea8288d0a5e8ae0f15,,,1,1,StimulusScheduled,Visual,2026-10-09T06:53:50.7754179Z,274.556251,268.780103,12796,3,1,OperatingTarget,0,0,1,32,Left,-1,,,,,0,0,-1.000000,TaskSwitchPedal,0,0.500000,0.200000,,0.100000,5.000000,10.000000,72373550,272.112864,277.262936,,279.706323,,,,0,0,,,,,,Move1,Move1.PickupCoarseMove,1,"{""pedalAxisName"":""TaskSwitchPedal"",""usePlusMinusKeys"":true,""positivePedalKey"":61,""negativePedalKey"":45,""invertPedalAxis"":false,""pressThreshold"":0.5,""releaseThreshold"":0.20000000298023225,""minimumIntervalSeconds"":5.0,""maximumIntervalSeconds"":10.0,""minimumValidReactionSeconds"":0.10000000149011612,""randomSeed"":72373550}",,0,0.000000,,CorrectSidePress,0,0,0,,,,,,,0.000000,0,1,PlusMinusKeys,0,1
20261009T064916211Z_facf92f9bb4844ea8288d0a5e8ae0f15,,,1,1,StimulusOnsetObserved,Visual,2026-10-09T06:53:55.9307381Z,279.712066,273.936362,13045,3,1,OperatingTarget,0,0,1,32,Left,-1,,,,,1,0,0.000000,TaskSwitchPedal,0,0.500000,0.200000,,0.100000,5.000000,10.000000,72373550,277.268679,277.262936,277.268679,279.706323,279.712066,0.005743,,1,0,3,1,OperatingTarget,Move1,Move1.PickupFineAlign,Move1,Move1.PickupFineAlign,1,"{""pedalAxisName"":""TaskSwitchPedal"",""usePlusMinusKeys"":true,""positivePedalKey"":61,""negativePedalKey"":45,""invertPedalAxis"":false,""pressThreshold"":0.5,""releaseThreshold"":0.20000000298023225,""minimumIntervalSeconds"":5.0,""maximumIntervalSeconds"":10.0,""minimumValidReactionSeconds"":0.10000000149011612,""randomSeed"":72373550}",,0,0.000000,,CorrectSidePress,0,0,0,,,,,,,0.000000,0,0,Axis,0,1
20261009T064916211Z_facf92f9bb4844ea8288d0a5e8ae0f15,,,1,1,PedalPressed,Visual,2026-10-09T06:53:56.6410442Z,280.422016,274.646448,13077,3,1,OperatingTarget,0,0,1,32,Left,-1,-1,Correct,1,0.709950,1,0,-1.000000,TaskSwitchPedal,0,0.500000,0.200000,,0.100000,5.000000,10.000000,72373550,277.978628,277.262936,277.268679,279.706323,279.712066,0.005743,280.422016,1,0,3,1,OperatingTarget,Move1,Move1.PickupFineAlign,Move1,Move1.PickupFineAlign,1,"{""pedalAxisName"":""TaskSwitchPedal"",""usePlusMinusKeys"":true,""positivePedalKey"":61,""negativePedalKey"":45,""invertPedalAxis"":false,""pressThreshold"":0.5,""releaseThreshold"":0.20000000298023225,""minimumIntervalSeconds"":5.0,""maximumIntervalSeconds"":10.0,""minimumValidReactionSeconds"":0.10000000149011612,""randomSeed"":72373550}",,0,0.000000,0.709949,CorrectSidePress,1,0,0,-1,Correct,1,0.709950,280.422016,0.709949,0.000000,0,1,PlusMinusKeys,0,1
20261009T064916211Z_facf92f9bb4844ea8288d0a5e8ae0f15,,,1,1,TrialFinished,Visual,2026-10-09T06:53:56.6410442Z,280.422016,274.646448,13077,3,1,OperatingTarget,0,0,1,32,Left,-1,-1,Correct,1,0.709950,1,0,-1.000000,TaskSwitchPedal,0,0.500000,0.200000,,0.100000,5.000000,10.000000,72373550,277.978628,277.262936,277.268679,279.706323,279.712066,0.005743,280.422016,0,0,3,1,OperatingTarget,Move1,Move1.PickupFineAlign,Move1,Move1.PickupFineAlign,1,"{""pedalAxisName"":""TaskSwitchPedal"",""usePlusMinusKeys"":true,""positivePedalKey"":61,""negativePedalKey"":45,""invertPedalAxis"":false,""pressThreshold"":0.5,""releaseThreshold"":0.20000000298023225,""minimumIntervalSeconds"":5.0,""maximumIntervalSeconds"":10.0,""minimumValidReactionSeconds"":0.10000000149011612,""randomSeed"":72373550}",,0,0.000000,0.709949,CorrectSidePress,1,0,0,-1,Correct,1,0.709950,280.422016,0.709949,0.000000,0,1,PlusMinusKeys,0,1
20261009T064916211Z_facf92f9bb4844ea8288d0a5e8ae0f15,,,1,1,StimulusScheduled,Visual,2026-10-09T06:53:56.6410442Z,280.422396,274.646448,13077,3,1,OperatingTarget,0,0,1,33,Right,1,,,,,0,0,-1.000000,TaskSwitchPedal,0,0.500000,0.200000,,0.100000,5.000000,10.000000,72373550,277.979009,284.709783,,287.153170,,,,0,0,,,,,,Move1,Move1.PickupFineAlign,1,"{""pedalAxisName"":""TaskSwitchPedal"",""usePlusMinusKeys"":true,""positivePedalKey"":61,""negativePedalKey"":45,""invertPedalAxis"":false,""pressThreshold"":0.5,""releaseThreshold"":0.20000000298023225,""minimumIntervalSeconds"":5.0,""maximumIntervalSeconds"":10.0,""minimumValidReactionSeconds"":0.10000000149011612,""randomSeed"":72373550}",,0,0.000000,,CorrectSidePress,0,0,0,,,,,,,0.000000,0,1,PlusMinusKeys,0,1
20261009T064916211Z_facf92f9bb4844ea8288d0a5e8ae0f15,,,1,1,StimulusOnsetObserved,Visual,2026-10-09T06:54:03.3823485Z,287.163413,281.387525,13356,3,1,OperatingTarget,0,0,1,33,Right,1,,,,,1,0,0.000000,TaskSwitchPedal,0,0.500000,0.200000,,0.100000,5.000000,10.000000,72373550,284.720026,284.709783,284.720026,287.153170,287.163413,0.010243,,0,1,3,1,OperatingTarget,LiftUp,LiftUp.PickupLowering,LiftUp,LiftUp.PickupLowering,1,"{""pedalAxisName"":""TaskSwitchPedal"",""usePlusMinusKeys"":true,""positivePedalKey"":61,""negativePedalKey"":45,""invertPedalAxis"":false,""pressThreshold"":0.5,""releaseThreshold"":0.20000000298023225,""minimumIntervalSeconds"":5.0,""maximumIntervalSeconds"":10.0,""minimumValidReactionSeconds"":0.10000000149011612,""randomSeed"":72373550}",,0,0.000000,,CorrectSidePress,0,0,0,,,,,,,0.000000,0,0,Axis,0,1
20261009T064916211Z_facf92f9bb4844ea8288d0a5e8ae0f15,,,1,1,PedalPressed,Visual,2026-10-09T06:54:04.1116710Z,287.892653,282.115226,13383,3,1,OperatingTarget,0,0,1,33,Right,1,1,Correct,1,0.729240,1,0,1.000000,TaskSwitchPedal,0,0.500000,0.200000,,0.100000,5.000000,10.000000,72373550,285.449266,284.709783,284.720026,287.153170,287.163413,0.010243,287.892653,0,1,3,1,OperatingTarget,LiftUp,LiftUp.PickupLowering,LiftUp,LiftUp.PickupLowering,1,"{""pedalAxisName"":""TaskSwitchPedal"",""usePlusMinusKeys"":true,""positivePedalKey"":61,""negativePedalKey"":45,""invertPedalAxis"":false,""pressThreshold"":0.5,""releaseThreshold"":0.20000000298023225,""minimumIntervalSeconds"":5.0,""maximumIntervalSeconds"":10.0,""minimumValidReactionSeconds"":0.10000000149011612,""randomSeed"":72373550}",,0,0.000000,0.729240,CorrectSidePress,1,0,0,1,Correct,1,0.729240,287.892653,0.729240,0.000000,1,0,PlusMinusKeys,0,1
20261009T064916211Z_facf92f9bb4844ea8288d0a5e8ae0f15,,,1,1,TrialFinished,Visual,2026-10-09T06:54:04.1116710Z,287.892653,282.115226,13383,3,1,OperatingTarget,0,0,1,33,Right,1,1,Correct,1,0.729240,1,0,1.000000,TaskSwitchPedal,0,0.500000,0.200000,,0.100000,5.000000,10.000000,72373550,285.449266,284.709783,284.720026,287.153170,287.163413,0.010243,287.892653,0,0,3,1,OperatingTarget,LiftUp,LiftUp.PickupLowering,LiftUp,LiftUp.PickupLowering,1,"{""pedalAxisName"":""TaskSwitchPedal"",""usePlusMinusKeys"":true,""positivePedalKey"":61,""negativePedalKey"":45,""invertPedalAxis"":false,""pressThreshold"":0.5,""releaseThreshold"":0.20000000298023225,""minimumIntervalSeconds"":5.0,""maximumIntervalSeconds"":10.0,""minimumValidReactionSeconds"":0.10000000149011612,""randomSeed"":72373550}",,0,0.000000,0.729240,CorrectSidePress,1,0,0,1,Correct,1,0.729240,287.892653,0.729240,0.000000,1,0,PlusMinusKeys,0,1
20261009T064916211Z_facf92f9bb4844ea8288d0a5e8ae0f15,,,1,1,StimulusScheduled,Visual,2026-10-09T06:54:04.1116710Z,287.893006,282.115226,13383,3,1,OperatingTarget,0,0,1,34,Left,-1,,,,,0,0,1.000000,TaskSwitchPedal,0,0.500000,0.200000,,0.100000,5.000000,10.000000,72373550,285.449619,291.012717,,293.456104,,,,0,0,,,,,,LiftUp,LiftUp.PickupLowering,1,"{""pedalAxisName"":""TaskSwitchPedal"",""usePlusMinusKeys"":true,""positivePedalKey"":61,""negativePedalKey"":45,""invertPedalAxis"":false,""pressThreshold"":0.5,""releaseThreshold"":0.20000000298023225,""minimumIntervalSeconds"":5.0,""maximumIntervalSeconds"":10.0,""minimumValidReactionSeconds"":0.10000000149011612,""randomSeed"":72373550}",,0,0.000000,,CorrectSidePress,0,0,0,,,,,,,0.000000,1,0,PlusMinusKeys,0,1
20261009T064916211Z_facf92f9bb4844ea8288d0a5e8ae0f15,,,1,1,StimulusOnsetObserved,Visual,2026-10-09T06:54:09.6761878Z,293.457946,287.680203,13586,3,1,OperatingTarget,0,0,1,34,Left,-1,,,,,1,0,0.000000,TaskSwitchPedal,0,0.500000,0.200000,,0.100000,5.000000,10.000000,72373550,291.014558,291.012717,291.014558,293.456104,293.457946,0.001841,,1,0,3,1,OperatingTarget,LiftUp,LiftUp.LoadedRaising,LiftUp,LiftUp.LoadedRaising,1,"{""pedalAxisName"":""TaskSwitchPedal"",""usePlusMinusKeys"":true,""positivePedalKey"":61,""negativePedalKey"":45,""invertPedalAxis"":false,""pressThreshold"":0.5,""releaseThreshold"":0.20000000298023225,""minimumIntervalSeconds"":5.0,""maximumIntervalSeconds"":10.0,""minimumValidReactionSeconds"":0.10000000149011612,""randomSeed"":72373550}",,0,0.000000,,CorrectSidePress,0,0,0,,,,,,,0.000000,0,0,Axis,0,1
20261009T064916211Z_facf92f9bb4844ea8288d0a5e8ae0f15,,,1,1,PedalPressed,Visual,2026-10-09T06:54:10.6489732Z,294.431221,288.654219,13622,3,1,OperatingTarget,0,0,1,34,Left,-1,-1,Correct,1,0.973275,1,0,-1.000000,TaskSwitchPedal,0,0.500000,0.200000,,0.100000,5.000000,10.000000,72373550,291.987834,291.012717,291.014558,293.456104,293.457946,0.001841,294.431221,1,0,3,1,OperatingTarget,LiftUp,LiftUp.LoadedRaising,LiftUp,LiftUp.LoadedRaising,1,"{""pedalAxisName"":""TaskSwitchPedal"",""usePlusMinusKeys"":true,""positivePedalKey"":61,""negativePedalKey"":45,""invertPedalAxis"":false,""pressThreshold"":0.5,""releaseThreshold"":0.20000000298023225,""minimumIntervalSeconds"":5.0,""maximumIntervalSeconds"":10.0,""minimumValidReactionSeconds"":0.10000000149011612,""randomSeed"":72373550}",,0,0.000000,0.973275,CorrectSidePress,1,0,0,-1,Correct,1,0.973275,294.431221,0.973275,0.000000,0,1,PlusMinusKeys,0,1
20261009T064916211Z_facf92f9bb4844ea8288d0a5e8ae0f15,,,1,1,TrialFinished,Visual,2026-10-09T06:54:10.6489732Z,294.431221,288.654219,13622,3,1,OperatingTarget,0,0,1,34,Left,-1,-1,Correct,1,0.973275,1,0,-1.000000,TaskSwitchPedal,0,0.500000,0.200000,,0.100000,5.000000,10.000000,72373550,291.987834,291.012717,291.014558,293.456104,293.457946,0.001841,294.431221,0,0,3,1,OperatingTarget,LiftUp,LiftUp.LoadedRaising,LiftUp,LiftUp.LoadedRaising,1,"{""pedalAxisName"":""TaskSwitchPedal"",""usePlusMinusKeys"":true,""positivePedalKey"":61,""negativePedalKey"":45,""invertPedalAxis"":false,""pressThreshold"":0.5,""releaseThreshold"":0.20000000298023225,""minimumIntervalSeconds"":5.0,""maximumIntervalSeconds"":10.0,""minimumValidReactionSeconds"":0.10000000149011612,""randomSeed"":72373550}",,0,0.000000,0.973275,CorrectSidePress,1,0,0,-1,Correct,1,0.973275,294.431221,0.973275,0.000000,0,1,PlusMinusKeys,0,1
20261009T064916211Z_facf92f9bb4844ea8288d0a5e8ae0f15,,,1,1,StimulusScheduled,Visual,2026-10-09T06:54:10.6489732Z,294.431542,288.654219,13622,3,1,OperatingTarget,0,0,1,35,Right,1,,,,,0,0,-1.000000,TaskSwitchPedal,0,0.500000,0.200000,,0.100000,5.000000,10.000000,72373550,291.988155,301.975128,,304.418515,,,,0,0,,,,,,LiftUp,LiftUp.LoadedRaising,1,"{""pedalAxisName"":""TaskSwitchPedal"",""usePlusMinusKeys"":true,""positivePedalKey"":61,""negativePedalKey"":45,""invertPedalAxis"":false,""pressThreshold"":0.5,""releaseThreshold"":0.20000000298023225,""minimumIntervalSeconds"":5.0,""maximumIntervalSeconds"":10.0,""minimumValidReactionSeconds"":0.10000000149011612,""randomSeed"":72373550}",,0,0.000000,,CorrectSidePress,0,0,0,,,,,,,0.000000,0,1,PlusMinusKeys,0,1
20261009T064916211Z_facf92f9bb4844ea8288d0a5e8ae0f15,,,1,1,StimulusOnsetObserved,Visual,2026-10-09T06:54:20.6391796Z,304.420605,298.644449,14009,3,0,OperatingSource,0,0,1,35,Right,1,,,,,1,0,0.000000,TaskSwitchPedal,0,0.500000,0.200000,,0.100000,5.000000,10.000000,72373550,301.977218,301.975128,301.977218,304.418515,304.420605,0.002090,,0,1,3,0,OperatingSource,Place,Place.PlacementLowering,Place,Place.PlacementLowering,1,"{""pedalAxisName"":""TaskSwitchPedal"",""usePlusMinusKeys"":true,""positivePedalKey"":61,""negativePedalKey"":45,""invertPedalAxis"":false,""pressThreshold"":0.5,""releaseThreshold"":0.20000000298023225,""minimumIntervalSeconds"":5.0,""maximumIntervalSeconds"":10.0,""minimumValidReactionSeconds"":0.10000000149011612,""randomSeed"":72373550}",,0,0.000000,,CorrectSidePress,0,0,0,,,,,,,0.000000,0,0,Axis,0,1
20261009T064916211Z_facf92f9bb4844ea8288d0a5e8ae0f15,,,1,1,PedalPressed,Visual,2026-10-09T06:54:28.2579788Z,312.039418,306.264364,14288,3,0,OperatingSource,0,0,1,35,Right,1,1,Correct,1,7.618813,1,0,1.000000,TaskSwitchPedal,0,0.500000,0.200000,,0.100000,5.000000,10.000000,72373550,309.596031,301.975128,301.977218,304.418515,304.420605,0.002090,312.039418,0,1,3,0,OperatingSource,Place,Place.PlacementLowering,Place,Place.PostPlacementRaising,1,"{""pedalAxisName"":""TaskSwitchPedal"",""usePlusMinusKeys"":true,""positivePedalKey"":61,""negativePedalKey"":45,""invertPedalAxis"":false,""pressThreshold"":0.5,""releaseThreshold"":0.20000000298023225,""minimumIntervalSeconds"":5.0,""maximumIntervalSeconds"":10.0,""minimumValidReactionSeconds"":0.10000000149011612,""randomSeed"":72373550}",,0,0.000000,7.618813,CorrectSidePress,1,0,0,1,Correct,1,7.618813,312.039418,7.618813,0.000000,1,0,PlusMinusKeys,0,1
20261009T064916211Z_facf92f9bb4844ea8288d0a5e8ae0f15,,,1,1,TrialFinished,Visual,2026-10-09T06:54:28.2579788Z,312.039418,306.264364,14288,3,0,OperatingSource,0,0,1,35,Right,1,1,Correct,1,7.618813,1,0,1.000000,TaskSwitchPedal,0,0.500000,0.200000,,0.100000,5.000000,10.000000,72373550,309.596031,301.975128,301.977218,304.418515,304.420605,0.002090,312.039418,0,0,3,0,OperatingSource,Place,Place.PlacementLowering,Place,Place.PostPlacementRaising,1,"{""pedalAxisName"":""TaskSwitchPedal"",""usePlusMinusKeys"":true,""positivePedalKey"":61,""negativePedalKey"":45,""invertPedalAxis"":false,""pressThreshold"":0.5,""releaseThreshold"":0.20000000298023225,""minimumIntervalSeconds"":5.0,""maximumIntervalSeconds"":10.0,""minimumValidReactionSeconds"":0.10000000149011612,""randomSeed"":72373550}",,0,0.000000,7.618813,CorrectSidePress,1,0,0,1,Correct,1,7.618813,312.039418,7.618813,0.000000,1,0,PlusMinusKeys,0,1
20261009T064916211Z_facf92f9bb4844ea8288d0a5e8ae0f15,,,1,1,StimulusScheduled,Visual,2026-10-09T06:54:28.2579788Z,312.039881,306.264364,14288,3,0,OperatingSource,0,0,1,36,Right,1,,,,,0,0,1.000000,TaskSwitchPedal,0,0.500000,0.200000,,0.100000,5.000000,10.000000,72373550,309.596494,316.528911,,318.972298,,,,0,0,,,,,,Place,Place.PostPlacementRaising,1,"{""pedalAxisName"":""TaskSwitchPedal"",""usePlusMinusKeys"":true,""positivePedalKey"":61,""negativePedalKey"":45,""invertPedalAxis"":false,""pressThreshold"":0.5,""releaseThreshold"":0.20000000298023225,""minimumIntervalSeconds"":5.0,""maximumIntervalSeconds"":10.0,""minimumValidReactionSeconds"":0.10000000149011612,""randomSeed"":72373550}",,0,0.000000,,CorrectSidePress,0,0,0,,,,,,,0.000000,1,0,PlusMinusKeys,0,1
20261009T064916211Z_facf92f9bb4844ea8288d0a5e8ae0f15,,,1,1,StimulusOnsetObserved,Visual,2026-10-09T06:54:35.1950573Z,318.977144,313.201459,14623,3,0,OperatingSource,0,0,1,36,Right,1,,,,,1,0,0.000000,TaskSwitchPedal,0,0.500000,0.200000,,0.100000,5.000000,10.000000,72373550,316.533757,316.528911,316.533757,318.972298,318.977144,0.004847,,0,1,3,0,OperatingSource,Place,Place.PostPlacementRaising,Place,Place.PostPlacementRaising,1,"{""pedalAxisName"":""TaskSwitchPedal"",""usePlusMinusKeys"":true,""positivePedalKey"":61,""negativePedalKey"":45,""invertPedalAxis"":false,""pressThreshold"":0.5,""releaseThreshold"":0.20000000298023225,""minimumIntervalSeconds"":5.0,""maximumIntervalSeconds"":10.0,""minimumValidReactionSeconds"":0.10000000149011612,""randomSeed"":72373550}",,0,0.000000,,CorrectSidePress,0,0,0,,,,,,,0.000000,0,0,Axis,0,1
20261009T064916211Z_facf92f9bb4844ea8288d0a5e8ae0f15,,,1,1,PedalPressed,Visual,2026-10-09T06:54:36.3401887Z,320.122782,314.347285,14680,3,0,OperatingSource,0,0,1,36,Right,1,1,Correct,1,1.145638,1,0,1.000000,TaskSwitchPedal,0,0.500000,0.200000,,0.100000,5.000000,10.000000,72373550,317.679395,316.528911,316.533757,318.972298,318.977144,0.004847,320.122782,0,1,3,0,OperatingSource,Place,Place.PostPlacementRaising,Place,Place.PostPlacementRaising,1,"{""pedalAxisName"":""TaskSwitchPedal"",""usePlusMinusKeys"":true,""positivePedalKey"":61,""negativePedalKey"":45,""invertPedalAxis"":false,""pressThreshold"":0.5,""releaseThreshold"":0.20000000298023225,""minimumIntervalSeconds"":5.0,""maximumIntervalSeconds"":10.0,""minimumValidReactionSeconds"":0.10000000149011612,""randomSeed"":72373550}",,0,0.000000,1.145638,CorrectSidePress,1,0,0,1,Correct,1,1.145638,320.122782,1.145638,0.000000,1,0,PlusMinusKeys,0,1
20261009T064916211Z_facf92f9bb4844ea8288d0a5e8ae0f15,,,1,1,TrialFinished,Visual,2026-10-09T06:54:36.3414844Z,320.122782,314.347285,14680,3,0,OperatingSource,0,0,1,36,Right,1,1,Correct,1,1.145638,1,0,1.000000,TaskSwitchPedal,0,0.500000,0.200000,,0.100000,5.000000,10.000000,72373550,317.679395,316.528911,316.533757,318.972298,318.977144,0.004847,320.122782,0,0,3,0,OperatingSource,Place,Place.PostPlacementRaising,Place,Place.PostPlacementRaising,1,"{""pedalAxisName"":""TaskSwitchPedal"",""usePlusMinusKeys"":true,""positivePedalKey"":61,""negativePedalKey"":45,""invertPedalAxis"":false,""pressThreshold"":0.5,""releaseThreshold"":0.20000000298023225,""minimumIntervalSeconds"":5.0,""maximumIntervalSeconds"":10.0,""minimumValidReactionSeconds"":0.10000000149011612,""randomSeed"":72373550}",,0,0.000000,1.145638,CorrectSidePress,1,0,0,1,Correct,1,1.145638,320.122782,1.145638,0.000000,1,0,PlusMinusKeys,0,1
20261009T064916211Z_facf92f9bb4844ea8288d0a5e8ae0f15,,,1,1,StimulusScheduled,Visual,2026-10-09T06:54:36.3414844Z,320.123175,314.347285,14680,3,0,OperatingSource,0,0,1,37,Left,-1,,,,,0,0,1.000000,TaskSwitchPedal,0,0.500000,0.200000,,0.100000,5.000000,10.000000,72373550,317.679788,324.446427,,326.889814,,,,0,0,,,,,,Place,Place.PostPlacementRaising,1,"{""pedalAxisName"":""TaskSwitchPedal"",""usePlusMinusKeys"":true,""positivePedalKey"":61,""negativePedalKey"":45,""invertPedalAxis"":false,""pressThreshold"":0.5,""releaseThreshold"":0.20000000298023225,""minimumIntervalSeconds"":5.0,""maximumIntervalSeconds"":10.0,""minimumValidReactionSeconds"":0.10000000149011612,""randomSeed"":72373550}",,0,0.000000,,CorrectSidePress,0,0,0,,,,,,,0.000000,1,0,PlusMinusKeys,0,1
20261009T064916211Z_facf92f9bb4844ea8288d0a5e8ae0f15,,,1,1,StimulusOnsetObserved,Visual,2026-10-09T06:54:43.1231685Z,326.905619,321.130254,14993,3,0,OperatingSource,0,0,1,37,Left,-1,,,,,1,0,0.000000,TaskSwitchPedal,0,0.500000,0.200000,,0.100000,5.000000,10.000000,72373550,324.462232,324.446427,324.462232,326.889814,326.905619,0.015805,,1,0,3,0,OperatingSource,Move1,Move1.PickupCoarseMove,Move1,Move1.PickupCoarseMove,1,"{""pedalAxisName"":""TaskSwitchPedal"",""usePlusMinusKeys"":true,""positivePedalKey"":61,""negativePedalKey"":45,""invertPedalAxis"":false,""pressThreshold"":0.5,""releaseThreshold"":0.20000000298023225,""minimumIntervalSeconds"":5.0,""maximumIntervalSeconds"":10.0,""minimumValidReactionSeconds"":0.10000000149011612,""randomSeed"":72373550}",,0,0.000000,,CorrectSidePress,0,0,0,,,,,,,0.000000,0,0,Axis,0,1
20261009T064916211Z_facf92f9bb4844ea8288d0a5e8ae0f15,,,1,1,PedalPressed,Visual,2026-10-09T06:54:43.9342518Z,327.715833,321.936135,15031,3,0,OperatingSource,0,0,1,37,Left,-1,-1,Correct,1,0.810214,1,0,-1.000000,TaskSwitchPedal,0,0.500000,0.200000,,0.100000,5.000000,10.000000,72373550,325.272446,324.446427,324.462232,326.889814,326.905619,0.015805,327.715833,1,0,3,0,OperatingSource,Move1,Move1.PickupCoarseMove,Move1,Move1.PickupCoarseMove,1,"{""pedalAxisName"":""TaskSwitchPedal"",""usePlusMinusKeys"":true,""positivePedalKey"":61,""negativePedalKey"":45,""invertPedalAxis"":false,""pressThreshold"":0.5,""releaseThreshold"":0.20000000298023225,""minimumIntervalSeconds"":5.0,""maximumIntervalSeconds"":10.0,""minimumValidReactionSeconds"":0.10000000149011612,""randomSeed"":72373550}",,0,0.000000,0.810214,CorrectSidePress,1,0,0,-1,Correct,1,0.810214,327.715833,0.810214,0.000000,0,1,PlusMinusKeys,0,1
20261009T064916211Z_facf92f9bb4844ea8288d0a5e8ae0f15,,,1,1,TrialFinished,Visual,2026-10-09T06:54:43.9342518Z,327.715833,321.936135,15031,3,0,OperatingSource,0,0,1,37,Left,-1,-1,Correct,1,0.810214,1,0,-1.000000,TaskSwitchPedal,0,0.500000,0.200000,,0.100000,5.000000,10.000000,72373550,325.272446,324.446427,324.462232,326.889814,326.905619,0.015805,327.715833,0,0,3,0,OperatingSource,Move1,Move1.PickupCoarseMove,Move1,Move1.PickupCoarseMove,1,"{""pedalAxisName"":""TaskSwitchPedal"",""usePlusMinusKeys"":true,""positivePedalKey"":61,""negativePedalKey"":45,""invertPedalAxis"":false,""pressThreshold"":0.5,""releaseThreshold"":0.20000000298023225,""minimumIntervalSeconds"":5.0,""maximumIntervalSeconds"":10.0,""minimumValidReactionSeconds"":0.10000000149011612,""randomSeed"":72373550}",,0,0.000000,0.810214,CorrectSidePress,1,0,0,-1,Correct,1,0.810214,327.715833,0.810214,0.000000,0,1,PlusMinusKeys,0,1
20261009T064916211Z_facf92f9bb4844ea8288d0a5e8ae0f15,,,1,1,StimulusScheduled,Visual,2026-10-09T06:54:43.9342518Z,327.716221,321.936135,15031,3,0,OperatingSource,0,0,1,38,Left,-1,,,,,0,0,-1.000000,TaskSwitchPedal,0,0.500000,0.200000,,0.100000,5.000000,10.000000,72373550,325.272834,334.393557,,336.836944,,,,0,0,,,,,,Move1,Move1.PickupCoarseMove,1,"{""pedalAxisName"":""TaskSwitchPedal"",""usePlusMinusKeys"":true,""positivePedalKey"":61,""negativePedalKey"":45,""invertPedalAxis"":false,""pressThreshold"":0.5,""releaseThreshold"":0.20000000298023225,""minimumIntervalSeconds"":5.0,""maximumIntervalSeconds"":10.0,""minimumValidReactionSeconds"":0.10000000149011612,""randomSeed"":72373550}",,0,0.000000,,CorrectSidePress,0,0,0,,,,,,,0.000000,0,1,PlusMinusKeys,0,1
20261009T064916211Z_facf92f9bb4844ea8288d0a5e8ae0f15,,,1,1,StimulusOnsetObserved,Visual,2026-10-09T06:54:53.1088402Z,336.891514,331.114329,15464,3,0,OperatingSource,0,0,1,38,Left,-1,,,,,1,0,0.000000,TaskSwitchPedal,0,0.500000,0.200000,,0.100000,5.000000,10.000000,72373550,334.448127,334.393557,334.448127,336.836944,336.891514,0.054570,,1,0,3,0,OperatingSource,LiftUp,LiftUp.PickupLowering,LiftUp,LiftUp.PickupLowering,1,"{""pedalAxisName"":""TaskSwitchPedal"",""usePlusMinusKeys"":true,""positivePedalKey"":61,""negativePedalKey"":45,""invertPedalAxis"":false,""pressThreshold"":0.5,""releaseThreshold"":0.20000000298023225,""minimumIntervalSeconds"":5.0,""maximumIntervalSeconds"":10.0,""minimumValidReactionSeconds"":0.10000000149011612,""randomSeed"":72373550}",,0,0.000000,,CorrectSidePress,0,0,0,,,,,,,0.000000,0,0,Axis,0,1
20261009T064916211Z_facf92f9bb4844ea8288d0a5e8ae0f15,,,1,1,PedalPressed,Visual,2026-10-09T06:54:53.9921015Z,337.774147,331.998639,15497,3,0,OperatingSource,0,0,1,38,Left,-1,-1,Correct,1,0.882633,1,0,-1.000000,TaskSwitchPedal,0,0.500000,0.200000,,0.100000,5.000000,10.000000,72373550,335.330760,334.393557,334.448127,336.836944,336.891514,0.054570,337.774147,1,0,3,0,OperatingSource,LiftUp,LiftUp.PickupLowering,LiftUp,LiftUp.PickupLowering,1,"{""pedalAxisName"":""TaskSwitchPedal"",""usePlusMinusKeys"":true,""positivePedalKey"":61,""negativePedalKey"":45,""invertPedalAxis"":false,""pressThreshold"":0.5,""releaseThreshold"":0.20000000298023225,""minimumIntervalSeconds"":5.0,""maximumIntervalSeconds"":10.0,""minimumValidReactionSeconds"":0.10000000149011612,""randomSeed"":72373550}",,0,0.000000,0.882633,CorrectSidePress,1,0,0,-1,Correct,1,0.882633,337.774147,0.882633,0.000000,0,1,PlusMinusKeys,0,1
20261009T064916211Z_facf92f9bb4844ea8288d0a5e8ae0f15,,,1,1,TrialFinished,Visual,2026-10-09T06:54:53.9921015Z,337.774147,331.998639,15497,3,0,OperatingSource,0,0,1,38,Left,-1,-1,Correct,1,0.882633,1,0,-1.000000,TaskSwitchPedal,0,0.500000,0.200000,,0.100000,5.000000,10.000000,72373550,335.330760,334.393557,334.448127,336.836944,336.891514,0.054570,337.774147,0,0,3,0,OperatingSource,LiftUp,LiftUp.PickupLowering,LiftUp,LiftUp.PickupLowering,1,"{""pedalAxisName"":""TaskSwitchPedal"",""usePlusMinusKeys"":true,""positivePedalKey"":61,""negativePedalKey"":45,""invertPedalAxis"":false,""pressThreshold"":0.5,""releaseThreshold"":0.20000000298023225,""minimumIntervalSeconds"":5.0,""maximumIntervalSeconds"":10.0,""minimumValidReactionSeconds"":0.10000000149011612,""randomSeed"":72373550}",,0,0.000000,0.882633,CorrectSidePress,1,0,0,-1,Correct,1,0.882633,337.774147,0.882633,0.000000,0,1,PlusMinusKeys,0,1
20261009T064916211Z_facf92f9bb4844ea8288d0a5e8ae0f15,,,1,1,StimulusScheduled,Visual,2026-10-09T06:54:53.9921015Z,337.774486,331.998639,15497,3,0,OperatingSource,0,0,1,39,Right,1,,,,,0,0,-1.000000,TaskSwitchPedal,0,0.500000,0.200000,,0.100000,5.000000,10.000000,72373550,335.331099,344.207469,,346.650856,,,,0,0,,,,,,LiftUp,LiftUp.PickupLowering,1,"{""pedalAxisName"":""TaskSwitchPedal"",""usePlusMinusKeys"":true,""positivePedalKey"":61,""negativePedalKey"":45,""invertPedalAxis"":false,""pressThreshold"":0.5,""releaseThreshold"":0.20000000298023225,""minimumIntervalSeconds"":5.0,""maximumIntervalSeconds"":10.0,""minimumValidReactionSeconds"":0.10000000149011612,""randomSeed"":72373550}",,0,0.000000,,CorrectSidePress,0,0,0,,,,,,,0.000000,0,1,PlusMinusKeys,0,1
20261009T064916211Z_facf92f9bb4844ea8288d0a5e8ae0f15,,,1,1,StimulusOnsetObserved,Visual,2026-10-09T06:55:02.8824683Z,346.664943,340.888394,15852,4,1,OperatingTarget,0,0,1,39,Right,1,,,,,1,0,0.000000,TaskSwitchPedal,0,0.500000,0.200000,,0.100000,5.000000,10.000000,72373550,344.221556,344.207469,344.221556,346.650856,346.664943,0.014087,,0,1,4,1,OperatingTarget,Move2,Move2.DestinationCoarseMove,Move2,Move2.DestinationCoarseMove,1,"{""pedalAxisName"":""TaskSwitchPedal"",""usePlusMinusKeys"":true,""positivePedalKey"":61,""negativePedalKey"":45,""invertPedalAxis"":false,""pressThreshold"":0.5,""releaseThreshold"":0.20000000298023225,""minimumIntervalSeconds"":5.0,""maximumIntervalSeconds"":10.0,""minimumValidReactionSeconds"":0.10000000149011612,""randomSeed"":72373550}",,0,0.000000,,CorrectSidePress,0,0,0,,,,,,,0.000000,0,0,Axis,0,1
20261009T064916211Z_facf92f9bb4844ea8288d0a5e8ae0f15,,,1,1,PedalPressed,Visual,2026-10-09T06:55:03.6465129Z,347.429428,341.652666,15880,4,1,OperatingTarget,0,0,1,39,Right,1,1,Correct,1,0.764485,1,0,1.000000,TaskSwitchPedal,0,0.500000,0.200000,,0.100000,5.000000,10.000000,72373550,344.986041,344.207469,344.221556,346.650856,346.664943,0.014087,347.429428,0,1,4,1,OperatingTarget,Move2,Move2.DestinationCoarseMove,Move2,Move2.DestinationCoarseMove,1,"{""pedalAxisName"":""TaskSwitchPedal"",""usePlusMinusKeys"":true,""positivePedalKey"":61,""negativePedalKey"":45,""invertPedalAxis"":false,""pressThreshold"":0.5,""releaseThreshold"":0.20000000298023225,""minimumIntervalSeconds"":5.0,""maximumIntervalSeconds"":10.0,""minimumValidReactionSeconds"":0.10000000149011612,""randomSeed"":72373550}",,0,0.000000,0.764485,CorrectSidePress,1,0,0,1,Correct,1,0.764485,347.429428,0.764485,0.000000,1,0,PlusMinusKeys,0,1
20261009T064916211Z_facf92f9bb4844ea8288d0a5e8ae0f15,,,1,1,TrialFinished,Visual,2026-10-09T06:55:03.6465129Z,347.429428,341.652666,15880,4,1,OperatingTarget,0,0,1,39,Right,1,1,Correct,1,0.764485,1,0,1.000000,TaskSwitchPedal,0,0.500000,0.200000,,0.100000,5.000000,10.000000,72373550,344.986041,344.207469,344.221556,346.650856,346.664943,0.014087,347.429428,0,0,4,1,OperatingTarget,Move2,Move2.DestinationCoarseMove,Move2,Move2.DestinationCoarseMove,1,"{""pedalAxisName"":""TaskSwitchPedal"",""usePlusMinusKeys"":true,""positivePedalKey"":61,""negativePedalKey"":45,""invertPedalAxis"":false,""pressThreshold"":0.5,""releaseThreshold"":0.20000000298023225,""minimumIntervalSeconds"":5.0,""maximumIntervalSeconds"":10.0,""minimumValidReactionSeconds"":0.10000000149011612,""randomSeed"":72373550}",,0,0.000000,0.764485,CorrectSidePress,1,0,0,1,Correct,1,0.764485,347.429428,0.764485,0.000000,1,0,PlusMinusKeys,0,1
20261009T064916211Z_facf92f9bb4844ea8288d0a5e8ae0f15,,,1,1,StimulusScheduled,Visual,2026-10-09T06:55:03.6465129Z,347.429814,341.652666,15880,4,1,OperatingTarget,0,0,1,40,Right,1,,,,,0,0,1.000000,TaskSwitchPedal,0,0.500000,0.200000,,0.100000,5.000000,10.000000,72373550,344.986427,351.005491,,353.448878,,,,0,0,,,,,,Move2,Move2.DestinationCoarseMove,1,"{""pedalAxisName"":""TaskSwitchPedal"",""usePlusMinusKeys"":true,""positivePedalKey"":61,""negativePedalKey"":45,""invertPedalAxis"":false,""pressThreshold"":0.5,""releaseThreshold"":0.20000000298023225,""minimumIntervalSeconds"":5.0,""maximumIntervalSeconds"":10.0,""minimumValidReactionSeconds"":0.10000000149011612,""randomSeed"":72373550}",,0,0.000000,,CorrectSidePress,0,0,0,,,,,,,0.000000,1,0,PlusMinusKeys,0,1
20261009T064916211Z_facf92f9bb4844ea8288d0a5e8ae0f15,,,1,1,StimulusOnsetObserved,Visual,2026-10-09T06:55:09.6690983Z,353.452037,347.676064,16096,4,1,OperatingTarget,0,0,1,40,Right,1,,,,,1,0,0.000000,TaskSwitchPedal,0,0.500000,0.200000,,0.100000,5.000000,10.000000,72373550,351.008649,351.005491,351.008649,353.448878,353.452037,0.003159,,0,1,4,1,OperatingTarget,Place,Place.PlacementLowering,Place,Place.PlacementLowering,1,"{""pedalAxisName"":""TaskSwitchPedal"",""usePlusMinusKeys"":true,""positivePedalKey"":61,""negativePedalKey"":45,""invertPedalAxis"":false,""pressThreshold"":0.5,""releaseThreshold"":0.20000000298023225,""minimumIntervalSeconds"":5.0,""maximumIntervalSeconds"":10.0,""minimumValidReactionSeconds"":0.10000000149011612,""randomSeed"":72373550}",,0,0.000000,,CorrectSidePress,0,0,0,,,,,,,0.000000,0,0,Axis,0,1
20261009T064916211Z_facf92f9bb4844ea8288d0a5e8ae0f15,,,1,1,PedalPressed,Visual,2026-10-09T06:55:10.6576391Z,354.440053,348.662573,16129,4,1,OperatingTarget,0,0,1,40,Right,1,1,Correct,1,0.988016,1,0,1.000000,TaskSwitchPedal,0,0.500000,0.200000,,0.100000,5.000000,10.000000,72373550,351.996666,351.005491,351.008649,353.448878,353.452037,0.003159,354.440053,0,1,4,1,OperatingTarget,Place,Place.PlacementLowering,Place,Place.PlacementLowering,1,"{""pedalAxisName"":""TaskSwitchPedal"",""usePlusMinusKeys"":true,""positivePedalKey"":61,""negativePedalKey"":45,""invertPedalAxis"":false,""pressThreshold"":0.5,""releaseThreshold"":0.20000000298023225,""minimumIntervalSeconds"":5.0,""maximumIntervalSeconds"":10.0,""minimumValidReactionSeconds"":0.10000000149011612,""randomSeed"":72373550}",,0,0.000000,0.988016,CorrectSidePress,1,0,0,1,Correct,1,0.988016,354.440053,0.988016,0.000000,1,0,PlusMinusKeys,0,1
20261009T064916211Z_facf92f9bb4844ea8288d0a5e8ae0f15,,,1,1,TrialFinished,Visual,2026-10-09T06:55:10.6581464Z,354.440053,348.662573,16129,4,1,OperatingTarget,0,0,1,40,Right,1,1,Correct,1,0.988016,1,0,1.000000,TaskSwitchPedal,0,0.500000,0.200000,,0.100000,5.000000,10.000000,72373550,351.996666,351.005491,351.008649,353.448878,353.452037,0.003159,354.440053,0,0,4,1,OperatingTarget,Place,Place.PlacementLowering,Place,Place.PlacementLowering,1,"{""pedalAxisName"":""TaskSwitchPedal"",""usePlusMinusKeys"":true,""positivePedalKey"":61,""negativePedalKey"":45,""invertPedalAxis"":false,""pressThreshold"":0.5,""releaseThreshold"":0.20000000298023225,""minimumIntervalSeconds"":5.0,""maximumIntervalSeconds"":10.0,""minimumValidReactionSeconds"":0.10000000149011612,""randomSeed"":72373550}",,0,0.000000,0.988016,CorrectSidePress,1,0,0,1,Correct,1,0.988016,354.440053,0.988016,0.000000,1,0,PlusMinusKeys,0,1
20261009T064916211Z_facf92f9bb4844ea8288d0a5e8ae0f15,,,1,1,StimulusScheduled,Visual,2026-10-09T06:55:10.6581464Z,354.440477,348.662573,16129,4,1,OperatingTarget,0,0,1,41,Right,1,,,,,0,0,1.000000,TaskSwitchPedal,0,0.500000,0.200000,,0.100000,5.000000,10.000000,72373550,351.997090,357.993664,,360.437051,,,,0,0,,,,,,Place,Place.PlacementLowering,1,"{""pedalAxisName"":""TaskSwitchPedal"",""usePlusMinusKeys"":true,""positivePedalKey"":61,""negativePedalKey"":45,""invertPedalAxis"":false,""pressThreshold"":0.5,""releaseThreshold"":0.20000000298023225,""minimumIntervalSeconds"":5.0,""maximumIntervalSeconds"":10.0,""minimumValidReactionSeconds"":0.10000000149011612,""randomSeed"":72373550}",,0,0.000000,,CorrectSidePress,0,0,0,,,,,,,0.000000,1,0,PlusMinusKeys,0,1
20261009T064916211Z_facf92f9bb4844ea8288d0a5e8ae0f15,,,1,1,StimulusOnsetObserved,Visual,2026-10-09T06:55:16.6762534Z,360.458558,354.679804,16342,4,1,OperatingTarget,0,0,1,41,Right,1,,,,,1,0,0.000000,TaskSwitchPedal,0,0.500000,0.200000,,0.100000,5.000000,10.000000,72373550,358.015171,357.993664,358.015171,360.437051,360.458558,0.021507,,0,1,4,1,OperatingTarget,Place,Place.LoadRelease,Place,Place.LoadRelease,1,"{""pedalAxisName"":""TaskSwitchPedal"",""usePlusMinusKeys"":true,""positivePedalKey"":61,""negativePedalKey"":45,""invertPedalAxis"":false,""pressThreshold"":0.5,""releaseThreshold"":0.20000000298023225,""minimumIntervalSeconds"":5.0,""maximumIntervalSeconds"":10.0,""minimumValidReactionSeconds"":0.10000000149011612,""randomSeed"":72373550}",,0,0.000000,,CorrectSidePress,0,0,0,,,,,,,0.000000,0,0,Axis,0,1
20261009T064916211Z_facf92f9bb4844ea8288d0a5e8ae0f15,,,1,1,PedalPressed,Visual,2026-10-09T06:55:17.7490557Z,361.531945,355.750445,16377,4,1,OperatingTarget,0,0,1,41,Right,1,1,Correct,1,1.073387,1,0,1.000000,TaskSwitchPedal,0,0.500000,0.200000,,0.100000,5.000000,10.000000,72373550,359.088558,357.993664,358.015171,360.437051,360.458558,0.021507,361.531945,0,1,4,1,OperatingTarget,Place,Place.LoadRelease,Place,Place.LoadRelease,1,"{""pedalAxisName"":""TaskSwitchPedal"",""usePlusMinusKeys"":true,""positivePedalKey"":61,""negativePedalKey"":45,""invertPedalAxis"":false,""pressThreshold"":0.5,""releaseThreshold"":0.20000000298023225,""minimumIntervalSeconds"":5.0,""maximumIntervalSeconds"":10.0,""minimumValidReactionSeconds"":0.10000000149011612,""randomSeed"":72373550}",,0,0.000000,1.073387,CorrectSidePress,1,0,0,1,Correct,1,1.073387,361.531945,1.073387,0.000000,1,0,PlusMinusKeys,0,1
20261009T064916211Z_facf92f9bb4844ea8288d0a5e8ae0f15,,,1,1,TrialFinished,Visual,2026-10-09T06:55:17.7490557Z,361.531945,355.750445,16377,4,1,OperatingTarget,0,0,1,41,Right,1,1,Correct,1,1.073387,1,0,1.000000,TaskSwitchPedal,0,0.500000,0.200000,,0.100000,5.000000,10.000000,72373550,359.088558,357.993664,358.015171,360.437051,360.458558,0.021507,361.531945,0,0,4,1,OperatingTarget,Place,Place.LoadRelease,Place,Place.LoadRelease,1,"{""pedalAxisName"":""TaskSwitchPedal"",""usePlusMinusKeys"":true,""positivePedalKey"":61,""negativePedalKey"":45,""invertPedalAxis"":false,""pressThreshold"":0.5,""releaseThreshold"":0.20000000298023225,""minimumIntervalSeconds"":5.0,""maximumIntervalSeconds"":10.0,""minimumValidReactionSeconds"":0.10000000149011612,""randomSeed"":72373550}",,0,0.000000,1.073387,CorrectSidePress,1,0,0,1,Correct,1,1.073387,361.531945,1.073387,0.000000,1,0,PlusMinusKeys,0,1
20261009T064916211Z_facf92f9bb4844ea8288d0a5e8ae0f15,,,1,1,StimulusScheduled,Visual,2026-10-09T06:55:17.7490557Z,361.532312,355.750445,16377,4,1,OperatingTarget,0,0,1,42,Right,1,,,,,0,0,1.000000,TaskSwitchPedal,0,0.500000,0.200000,,0.100000,5.000000,10.000000,72373550,359.088925,367.299948,,369.743334,,,,0,0,,,,,,Place,Place.LoadRelease,1,"{""pedalAxisName"":""TaskSwitchPedal"",""usePlusMinusKeys"":true,""positivePedalKey"":61,""negativePedalKey"":45,""invertPedalAxis"":false,""pressThreshold"":0.5,""releaseThreshold"":0.20000000298023225,""minimumIntervalSeconds"":5.0,""maximumIntervalSeconds"":10.0,""minimumValidReactionSeconds"":0.10000000149011612,""randomSeed"":72373550}",,0,0.000000,,CorrectSidePress,0,0,0,,,,,,,0.000000,1,0,PlusMinusKeys,0,1
20261009T064916211Z_facf92f9bb4844ea8288d0a5e8ae0f15,,,1,1,StimulusOnsetObserved,Visual,2026-10-09T06:55:25.9728789Z,369.755420,363.977069,16776,4,1,OperatingTarget,0,0,1,42,Right,1,,,,,1,0,0.000000,TaskSwitchPedal,0,0.500000,0.200000,,0.100000,5.000000,10.000000,72373550,367.312033,367.299948,367.312033,369.743334,369.755420,0.012085,,0,1,4,1,OperatingTarget,Place,Place.PostPlacementRaising,Place,Place.PostPlacementRaising,1,"{""pedalAxisName"":""TaskSwitchPedal"",""usePlusMinusKeys"":true,""positivePedalKey"":61,""negativePedalKey"":45,""invertPedalAxis"":false,""pressThreshold"":0.5,""releaseThreshold"":0.20000000298023225,""minimumIntervalSeconds"":5.0,""maximumIntervalSeconds"":10.0,""minimumValidReactionSeconds"":0.10000000149011612,""randomSeed"":72373550}",,0,0.000000,,CorrectSidePress,0,0,0,,,,,,,0.000000,0,0,Axis,0,1
20261009T064916211Z_facf92f9bb4844ea8288d0a5e8ae0f15,,,1,1,PedalPressed,Visual,2026-10-09T06:55:26.8428922Z,370.626415,364.849652,16816,4,0,WaitingForSourceConfirmation,1,0,1,42,Right,1,1,Correct,1,0.870995,1,0,1.000000,TaskSwitchPedal,0,0.500000,0.200000,,0.100000,5.000000,10.000000,72373550,368.183028,367.299948,367.312033,369.743334,369.755420,0.012085,370.626415,0,1,4,1,OperatingTarget,Place,Place.PostPlacementRaising,LiftUp,LiftUp.PickupLowering,1,"{""pedalAxisName"":""TaskSwitchPedal"",""usePlusMinusKeys"":true,""positivePedalKey"":61,""negativePedalKey"":45,""invertPedalAxis"":false,""pressThreshold"":0.5,""releaseThreshold"":0.20000000298023225,""minimumIntervalSeconds"":5.0,""maximumIntervalSeconds"":10.0,""minimumValidReactionSeconds"":0.10000000149011612,""randomSeed"":72373550}",,0,0.000000,0.870995,CorrectSidePress,1,0,0,1,Correct,1,0.870995,370.626415,0.870995,0.000000,1,0,PlusMinusKeys,0,1
20261009T064916211Z_facf92f9bb4844ea8288d0a5e8ae0f15,,,1,1,TrialFinished,Visual,2026-10-09T06:55:26.8428922Z,370.626415,364.849652,16816,4,0,WaitingForSourceConfirmation,1,0,1,42,Right,1,1,Correct,1,0.870995,1,0,1.000000,TaskSwitchPedal,0,0.500000,0.200000,,0.100000,5.000000,10.000000,72373550,368.183028,367.299948,367.312033,369.743334,369.755420,0.012085,370.626415,0,0,4,1,OperatingTarget,Place,Place.PostPlacementRaising,LiftUp,LiftUp.PickupLowering,1,"{""pedalAxisName"":""TaskSwitchPedal"",""usePlusMinusKeys"":true,""positivePedalKey"":61,""negativePedalKey"":45,""invertPedalAxis"":false,""pressThreshold"":0.5,""releaseThreshold"":0.20000000298023225,""minimumIntervalSeconds"":5.0,""maximumIntervalSeconds"":10.0,""minimumValidReactionSeconds"":0.10000000149011612,""randomSeed"":72373550}",,0,0.000000,0.870995,CorrectSidePress,1,0,0,1,Correct,1,0.870995,370.626415,0.870995,0.000000,1,0,PlusMinusKeys,0,1
20261009T064916211Z_facf92f9bb4844ea8288d0a5e8ae0f15,,,1,1,StimulusScheduled,Visual,2026-10-09T06:55:26.8442887Z,370.627207,364.849652,16816,4,0,WaitingForSourceConfirmation,1,0,1,43,Left,-1,,,,,0,0,1.000000,TaskSwitchPedal,0,0.500000,0.200000,,0.100000,5.000000,10.000000,72373550,368.183819,373.563308,,376.006695,,,,0,0,,,,,,LiftUp,LiftUp.PickupLowering,1,"{""pedalAxisName"":""TaskSwitchPedal"",""usePlusMinusKeys"":true,""positivePedalKey"":61,""negativePedalKey"":45,""invertPedalAxis"":false,""pressThreshold"":0.5,""releaseThreshold"":0.20000000298023225,""minimumIntervalSeconds"":5.0,""maximumIntervalSeconds"":10.0,""minimumValidReactionSeconds"":0.10000000149011612,""randomSeed"":72373550}",,0,0.000000,,CorrectSidePress,0,0,0,,,,,,,0.000000,1,0,PlusMinusKeys,0,1
20261009T064916211Z_facf92f9bb4844ea8288d0a5e8ae0f15,,,1,1,StimulusOnsetObserved,Visual,2026-10-09T06:55:32.2385159Z,376.021476,370.245691,17032,4,0,OperatingSource,0,0,1,43,Left,-1,,,,,1,0,0.000000,TaskSwitchPedal,0,0.500000,0.200000,,0.100000,5.000000,10.000000,72373550,373.578088,373.563308,373.578088,376.006695,376.021476,0.014780,,1,0,4,0,OperatingSource,LiftUp,LiftUp.PickupLowering,LiftUp,LiftUp.PickupLowering,1,"{""pedalAxisName"":""TaskSwitchPedal"",""usePlusMinusKeys"":true,""positivePedalKey"":61,""negativePedalKey"":45,""invertPedalAxis"":false,""pressThreshold"":0.5,""releaseThreshold"":0.20000000298023225,""minimumIntervalSeconds"":5.0,""maximumIntervalSeconds"":10.0,""minimumValidReactionSeconds"":0.10000000149011612,""randomSeed"":72373550}",,0,0.000000,,CorrectSidePress,0,0,0,,,,,,,0.000000,0,0,Axis,0,1
20261009T064916211Z_facf92f9bb4844ea8288d0a5e8ae0f15,,,1,1,PedalPressed,Visual,2026-10-09T06:55:33.0294590Z,376.813077,371.034736,17062,4,0,OperatingSource,0,0,1,43,Left,-1,-1,Correct,1,0.791601,1,0,-1.000000,TaskSwitchPedal,0,0.500000,0.200000,,0.100000,5.000000,10.000000,72373550,374.369690,373.563308,373.578088,376.006695,376.021476,0.014780,376.813077,1,0,4,0,OperatingSource,LiftUp,LiftUp.PickupLowering,LiftUp,LiftUp.PickupLowering,1,"{""pedalAxisName"":""TaskSwitchPedal"",""usePlusMinusKeys"":true,""positivePedalKey"":61,""negativePedalKey"":45,""invertPedalAxis"":false,""pressThreshold"":0.5,""releaseThreshold"":0.20000000298023225,""minimumIntervalSeconds"":5.0,""maximumIntervalSeconds"":10.0,""minimumValidReactionSeconds"":0.10000000149011612,""randomSeed"":72373550}",,0,0.000000,0.791601,CorrectSidePress,1,0,0,-1,Correct,1,0.791601,376.813077,0.791601,0.000000,0,1,PlusMinusKeys,0,1
20261009T064916211Z_facf92f9bb4844ea8288d0a5e8ae0f15,,,1,1,TrialFinished,Visual,2026-10-09T06:55:33.0294590Z,376.813077,371.034736,17062,4,0,OperatingSource,0,0,1,43,Left,-1,-1,Correct,1,0.791601,1,0,-1.000000,TaskSwitchPedal,0,0.500000,0.200000,,0.100000,5.000000,10.000000,72373550,374.369690,373.563308,373.578088,376.006695,376.021476,0.014780,376.813077,0,0,4,0,OperatingSource,LiftUp,LiftUp.PickupLowering,LiftUp,LiftUp.PickupLowering,1,"{""pedalAxisName"":""TaskSwitchPedal"",""usePlusMinusKeys"":true,""positivePedalKey"":61,""negativePedalKey"":45,""invertPedalAxis"":false,""pressThreshold"":0.5,""releaseThreshold"":0.20000000298023225,""minimumIntervalSeconds"":5.0,""maximumIntervalSeconds"":10.0,""minimumValidReactionSeconds"":0.10000000149011612,""randomSeed"":72373550}",,0,0.000000,0.791601,CorrectSidePress,1,0,0,-1,Correct,1,0.791601,376.813077,0.791601,0.000000,0,1,PlusMinusKeys,0,1
20261009T064916211Z_facf92f9bb4844ea8288d0a5e8ae0f15,,,1,1,StimulusScheduled,Visual,2026-10-09T06:55:33.0308319Z,376.813499,371.034736,17062,4,0,OperatingSource,0,0,1,44,Right,1,,,,,0,0,-1.000000,TaskSwitchPedal,0,0.500000,0.200000,,0.100000,5.000000,10.000000,72373550,374.370112,380.921369,,383.364756,,,,0,0,,,,,,LiftUp,LiftUp.PickupLowering,1,"{""pedalAxisName"":""TaskSwitchPedal"",""usePlusMinusKeys"":true,""positivePedalKey"":61,""negativePedalKey"":45,""invertPedalAxis"":false,""pressThreshold"":0.5,""releaseThreshold"":0.20000000298023225,""minimumIntervalSeconds"":5.0,""maximumIntervalSeconds"":10.0,""minimumValidReactionSeconds"":0.10000000149011612,""randomSeed"":72373550}",,0,0.000000,,CorrectSidePress,0,0,0,,,,,,,0.000000,0,1,PlusMinusKeys,0,1
20261009T064916211Z_facf92f9bb4844ea8288d0a5e8ae0f15,,,1,1,StimulusOnsetObserved,Visual,2026-10-09T06:55:39.6103327Z,383.393750,377.616289,17294,4,0,OperatingSource,0,0,1,44,Right,1,,,,,1,0,0.000000,TaskSwitchPedal,0,0.500000,0.200000,,0.100000,5.000000,10.000000,72373550,380.950363,380.921369,380.950363,383.364756,383.393750,0.028994,,0,1,4,0,OperatingSource,LiftUp,LiftUp.LoadedRaising,LiftUp,LiftUp.LoadedRaising,1,"{""pedalAxisName"":""TaskSwitchPedal"",""usePlusMinusKeys"":true,""positivePedalKey"":61,""negativePedalKey"":45,""invertPedalAxis"":false,""pressThreshold"":0.5,""releaseThreshold"":0.20000000298023225,""minimumIntervalSeconds"":5.0,""maximumIntervalSeconds"":10.0,""minimumValidReactionSeconds"":0.10000000149011612,""randomSeed"":72373550}",,0,0.000000,,CorrectSidePress,0,0,0,,,,,,,0.000000,0,0,Axis,0,1
20261009T064916211Z_facf92f9bb4844ea8288d0a5e8ae0f15,,,1,1,PedalPressed,Visual,2026-10-09T06:55:40.5227416Z,384.306257,378.530068,17327,4,0,OperatingSource,0,0,1,44,Right,1,1,Correct,1,0.912507,1,0,1.000000,TaskSwitchPedal,0,0.500000,0.200000,,0.100000,5.000000,10.000000,72373550,381.862870,380.921369,380.950363,383.364756,383.393750,0.028994,384.306257,0,1,4,0,OperatingSource,LiftUp,LiftUp.LoadedRaising,LiftUp,LiftUp.LoadedRaising,1,"{""pedalAxisName"":""TaskSwitchPedal"",""usePlusMinusKeys"":true,""positivePedalKey"":61,""negativePedalKey"":45,""invertPedalAxis"":false,""pressThreshold"":0.5,""releaseThreshold"":0.20000000298023225,""minimumIntervalSeconds"":5.0,""maximumIntervalSeconds"":10.0,""minimumValidReactionSeconds"":0.10000000149011612,""randomSeed"":72373550}",,0,0.000000,0.912507,CorrectSidePress,1,0,0,1,Correct,1,0.912507,384.306257,0.912507,0.000000,1,0,PlusMinusKeys,0,1
20261009T064916211Z_facf92f9bb4844ea8288d0a5e8ae0f15,,,1,1,TrialFinished,Visual,2026-10-09T06:55:40.5227416Z,384.306257,378.530068,17327,4,0,OperatingSource,0,0,1,44,Right,1,1,Correct,1,0.912507,1,0,1.000000,TaskSwitchPedal,0,0.500000,0.200000,,0.100000,5.000000,10.000000,72373550,381.862870,380.921369,380.950363,383.364756,383.393750,0.028994,384.306257,0,0,4,0,OperatingSource,LiftUp,LiftUp.LoadedRaising,LiftUp,LiftUp.LoadedRaising,1,"{""pedalAxisName"":""TaskSwitchPedal"",""usePlusMinusKeys"":true,""positivePedalKey"":61,""negativePedalKey"":45,""invertPedalAxis"":false,""pressThreshold"":0.5,""releaseThreshold"":0.20000000298023225,""minimumIntervalSeconds"":5.0,""maximumIntervalSeconds"":10.0,""minimumValidReactionSeconds"":0.10000000149011612,""randomSeed"":72373550}",,0,0.000000,0.912507,CorrectSidePress,1,0,0,1,Correct,1,0.912507,384.306257,0.912507,0.000000,1,0,PlusMinusKeys,0,1
20261009T064916211Z_facf92f9bb4844ea8288d0a5e8ae0f15,,,1,1,StimulusScheduled,Visual,2026-10-09T06:55:40.5227416Z,384.306745,378.530068,17327,4,0,OperatingSource,0,0,1,45,Left,-1,,,,,0,0,1.000000,TaskSwitchPedal,0,0.500000,0.200000,,0.100000,5.000000,10.000000,72373550,381.863358,388.307138,,390.750525,,,,0,0,,,,,,LiftUp,LiftUp.LoadedRaising,1,"{""pedalAxisName"":""TaskSwitchPedal"",""usePlusMinusKeys"":true,""positivePedalKey"":61,""negativePedalKey"":45,""invertPedalAxis"":false,""pressThreshold"":0.5,""releaseThreshold"":0.20000000298023225,""minimumIntervalSeconds"":5.0,""maximumIntervalSeconds"":10.0,""minimumValidReactionSeconds"":0.10000000149011612,""randomSeed"":72373550}",,0,0.000000,,CorrectSidePress,0,0,0,,,,,,,0.000000,1,0,PlusMinusKeys,0,1
20261009T064916211Z_facf92f9bb4844ea8288d0a5e8ae0f15,,,1,1,StimulusOnsetObserved,Visual,2026-10-09T06:55:46.9815018Z,390.764321,384.988739,17558,4,0,OperatingSource,0,0,1,45,Left,-1,,,,,1,0,0.000000,TaskSwitchPedal,0,0.500000,0.200000,,0.100000,5.000000,10.000000,72373550,388.320934,388.307138,388.320934,390.750525,390.764321,0.013796,,1,0,4,0,OperatingSource,Move2,Move2.DestinationCoarseMove,Move2,Move2.DestinationCoarseMove,1,"{""pedalAxisName"":""TaskSwitchPedal"",""usePlusMinusKeys"":true,""positivePedalKey"":61,""negativePedalKey"":45,""invertPedalAxis"":false,""pressThreshold"":0.5,""releaseThreshold"":0.20000000298023225,""minimumIntervalSeconds"":5.0,""maximumIntervalSeconds"":10.0,""minimumValidReactionSeconds"":0.10000000149011612,""randomSeed"":72373550}",,0,0.000000,,CorrectSidePress,0,0,0,,,,,,,0.000000,0,0,Axis,0,1
20261009T064916211Z_facf92f9bb4844ea8288d0a5e8ae0f15,,,1,1,PedalPressed,Visual,2026-10-09T06:55:48.0198321Z,391.803666,386.028245,17595,4,0,OperatingSource,0,0,1,45,Left,-1,-1,Correct,1,1.039345,1,0,-1.000000,TaskSwitchPedal,0,0.500000,0.200000,,0.100000,5.000000,10.000000,72373550,389.360279,388.307138,388.320934,390.750525,390.764321,0.013796,391.803666,1,0,4,0,OperatingSource,Move2,Move2.DestinationCoarseMove,Move2,Move2.DestinationCoarseMove,1,"{""pedalAxisName"":""TaskSwitchPedal"",""usePlusMinusKeys"":true,""positivePedalKey"":61,""negativePedalKey"":45,""invertPedalAxis"":false,""pressThreshold"":0.5,""releaseThreshold"":0.20000000298023225,""minimumIntervalSeconds"":5.0,""maximumIntervalSeconds"":10.0,""minimumValidReactionSeconds"":0.10000000149011612,""randomSeed"":72373550}",,0,0.000000,1.039345,CorrectSidePress,1,0,0,-1,Correct,1,1.039345,391.803666,1.039345,0.000000,0,1,PlusMinusKeys,0,1
20261009T064916211Z_facf92f9bb4844ea8288d0a5e8ae0f15,,,1,1,TrialFinished,Visual,2026-10-09T06:55:48.0208269Z,391.803666,386.028245,17595,4,0,OperatingSource,0,0,1,45,Left,-1,-1,Correct,1,1.039345,1,0,-1.000000,TaskSwitchPedal,0,0.500000,0.200000,,0.100000,5.000000,10.000000,72373550,389.360279,388.307138,388.320934,390.750525,390.764321,0.013796,391.803666,0,0,4,0,OperatingSource,Move2,Move2.DestinationCoarseMove,Move2,Move2.DestinationCoarseMove,1,"{""pedalAxisName"":""TaskSwitchPedal"",""usePlusMinusKeys"":true,""positivePedalKey"":61,""negativePedalKey"":45,""invertPedalAxis"":false,""pressThreshold"":0.5,""releaseThreshold"":0.20000000298023225,""minimumIntervalSeconds"":5.0,""maximumIntervalSeconds"":10.0,""minimumValidReactionSeconds"":0.10000000149011612,""randomSeed"":72373550}",,0,0.000000,1.039345,CorrectSidePress,1,0,0,-1,Correct,1,1.039345,391.803666,1.039345,0.000000,0,1,PlusMinusKeys,0,1
20261009T064916211Z_facf92f9bb4844ea8288d0a5e8ae0f15,,,1,1,StimulusScheduled,Visual,2026-10-09T06:55:48.0213478Z,391.804221,386.028245,17595,4,0,OperatingSource,0,0,1,46,Left,-1,,,,,0,0,-1.000000,TaskSwitchPedal,0,0.500000,0.200000,,0.100000,5.000000,10.000000,72373550,389.360834,397.495559,,399.938946,,,,0,0,,,,,,Move2,Move2.DestinationCoarseMove,1,"{""pedalAxisName"":""TaskSwitchPedal"",""usePlusMinusKeys"":true,""positivePedalKey"":61,""negativePedalKey"":45,""invertPedalAxis"":false,""pressThreshold"":0.5,""releaseThreshold"":0.20000000298023225,""minimumIntervalSeconds"":5.0,""maximumIntervalSeconds"":10.0,""minimumValidReactionSeconds"":0.10000000149011612,""randomSeed"":72373550}",,0,0.000000,,CorrectSidePress,0,0,0,,,,,,,0.000000,0,1,PlusMinusKeys,0,1
20261009T064916211Z_facf92f9bb4844ea8288d0a5e8ae0f15,,,1,1,StimulusOnsetObserved,Visual,2026-10-09T06:55:56.1920849Z,399.975783,394.198260,17875,4,0,OperatingSource,0,0,1,46,Left,-1,,,,,1,0,0.000000,TaskSwitchPedal,0,0.500000,0.200000,,0.100000,5.000000,10.000000,72373550,397.532396,397.495559,397.532396,399.938946,399.975783,0.036837,,1,0,4,0,OperatingSource,Move2,Move2.DestinationCoarseMove,Move2,Move2.DestinationCoarseMove,1,"{""pedalAxisName"":""TaskSwitchPedal"",""usePlusMinusKeys"":true,""positivePedalKey"":61,""negativePedalKey"":45,""invertPedalAxis"":false,""pressThreshold"":0.5,""releaseThreshold"":0.20000000298023225,""minimumIntervalSeconds"":5.0,""maximumIntervalSeconds"":10.0,""minimumValidReactionSeconds"":0.10000000149011612,""randomSeed"":72373550}",,0,0.000000,,CorrectSidePress,0,0,0,,,,,,,0.000000,0,0,Axis,0,1
20261009T064916211Z_facf92f9bb4844ea8288d0a5e8ae0f15,,,1,1,PedalPressed,Visual,2026-10-09T06:55:57.0436604Z,400.826737,395.049822,17905,4,0,OperatingSource,0,0,1,46,Left,-1,-1,Correct,1,0.850955,1,0,-1.000000,TaskSwitchPedal,0,0.500000,0.200000,,0.100000,5.000000,10.000000,72373550,398.383350,397.495559,397.532396,399.938946,399.975783,0.036837,400.826737,1,0,4,0,OperatingSource,Move2,Move2.DestinationCoarseMove,Move2,Move2.DestinationCoarseMove,1,"{""pedalAxisName"":""TaskSwitchPedal"",""usePlusMinusKeys"":true,""positivePedalKey"":61,""negativePedalKey"":45,""invertPedalAxis"":false,""pressThreshold"":0.5,""releaseThreshold"":0.20000000298023225,""minimumIntervalSeconds"":5.0,""maximumIntervalSeconds"":10.0,""minimumValidReactionSeconds"":0.10000000149011612,""randomSeed"":72373550}",,0,0.000000,0.850955,CorrectSidePress,1,0,0,-1,Correct,1,0.850955,400.826737,0.850955,0.000000,0,1,PlusMinusKeys,0,1
20261009T064916211Z_facf92f9bb4844ea8288d0a5e8ae0f15,,,1,1,TrialFinished,Visual,2026-10-09T06:55:57.0436604Z,400.826737,395.049822,17905,4,0,OperatingSource,0,0,1,46,Left,-1,-1,Correct,1,0.850955,1,0,-1.000000,TaskSwitchPedal,0,0.500000,0.200000,,0.100000,5.000000,10.000000,72373550,398.383350,397.495559,397.532396,399.938946,399.975783,0.036837,400.826737,0,0,4,0,OperatingSource,Move2,Move2.DestinationCoarseMove,Move2,Move2.DestinationCoarseMove,1,"{""pedalAxisName"":""TaskSwitchPedal"",""usePlusMinusKeys"":true,""positivePedalKey"":61,""negativePedalKey"":45,""invertPedalAxis"":false,""pressThreshold"":0.5,""releaseThreshold"":0.20000000298023225,""minimumIntervalSeconds"":5.0,""maximumIntervalSeconds"":10.0,""minimumValidReactionSeconds"":0.10000000149011612,""randomSeed"":72373550}",,0,0.000000,0.850955,CorrectSidePress,1,0,0,-1,Correct,1,0.850955,400.826737,0.850955,0.000000,0,1,PlusMinusKeys,0,1
20261009T064916211Z_facf92f9bb4844ea8288d0a5e8ae0f15,,,1,1,StimulusScheduled,Visual,2026-10-09T06:55:57.0436604Z,400.827190,395.049822,17905,4,0,OperatingSource,0,0,1,47,Left,-1,,,,,0,0,-1.000000,TaskSwitchPedal,0,0.500000,0.200000,,0.100000,5.000000,10.000000,72373550,398.383803,403.855345,,406.298731,,,,0,0,,,,,,Move2,Move2.DestinationCoarseMove,1,"{""pedalAxisName"":""TaskSwitchPedal"",""usePlusMinusKeys"":true,""positivePedalKey"":61,""negativePedalKey"":45,""invertPedalAxis"":false,""pressThreshold"":0.5,""releaseThreshold"":0.20000000298023225,""minimumIntervalSeconds"":5.0,""maximumIntervalSeconds"":10.0,""minimumValidReactionSeconds"":0.10000000149011612,""randomSeed"":72373550}",,0,0.000000,,CorrectSidePress,0,0,0,,,,,,,0.000000,0,1,PlusMinusKeys,0,1
20261009T064916211Z_facf92f9bb4844ea8288d0a5e8ae0f15,,,1,1,StimulusOnsetObserved,Visual,2026-10-09T06:56:02.5331863Z,406.317481,400.541836,18093,4,0,OperatingSource,0,0,1,47,Left,-1,,,,,1,0,0.000000,TaskSwitchPedal,0,0.500000,0.200000,,0.100000,5.000000,10.000000,72373550,403.874094,403.855345,403.874094,406.298731,406.317481,0.018750,,1,0,4,0,OperatingSource,Move2,Move2.DestinationCoarseMove,Move2,Move2.DestinationCoarseMove,1,"{""pedalAxisName"":""TaskSwitchPedal"",""usePlusMinusKeys"":true,""positivePedalKey"":61,""negativePedalKey"":45,""invertPedalAxis"":false,""pressThreshold"":0.5,""releaseThreshold"":0.20000000298023225,""minimumIntervalSeconds"":5.0,""maximumIntervalSeconds"":10.0,""minimumValidReactionSeconds"":0.10000000149011612,""randomSeed"":72373550}",,0,0.000000,,CorrectSidePress,0,0,0,,,,,,,0.000000,0,0,Axis,0,1
20261009T064916211Z_facf92f9bb4844ea8288d0a5e8ae0f15,,,1,1,PedalPressed,Visual,2026-10-09T06:56:03.5550892Z,407.339494,401.563803,18128,4,0,OperatingSource,0,0,1,47,Left,-1,-1,Correct,1,1.022013,1,0,-1.000000,TaskSwitchPedal,0,0.500000,0.200000,,0.100000,5.000000,10.000000,72373550,404.896107,403.855345,403.874094,406.298731,406.317481,0.018750,407.339494,1,0,4,0,OperatingSource,Move2,Move2.DestinationCoarseMove,Move2,,1,"{""pedalAxisName"":""TaskSwitchPedal"",""usePlusMinusKeys"":true,""positivePedalKey"":61,""negativePedalKey"":45,""invertPedalAxis"":false,""pressThreshold"":0.5,""releaseThreshold"":0.20000000298023225,""minimumIntervalSeconds"":5.0,""maximumIntervalSeconds"":10.0,""minimumValidReactionSeconds"":0.10000000149011612,""randomSeed"":72373550}",,0,0.000000,1.022012,CorrectSidePress,1,0,0,-1,Correct,1,1.022013,407.339494,1.022012,0.000000,0,1,PlusMinusKeys,0,1
20261009T064916211Z_facf92f9bb4844ea8288d0a5e8ae0f15,,,1,1,TrialFinished,Visual,2026-10-09T06:56:03.5550892Z,407.339494,401.563803,18128,4,0,OperatingSource,0,0,1,47,Left,-1,-1,Correct,1,1.022013,1,0,-1.000000,TaskSwitchPedal,0,0.500000,0.200000,,0.100000,5.000000,10.000000,72373550,404.896107,403.855345,403.874094,406.298731,406.317481,0.018750,407.339494,0,0,4,0,OperatingSource,Move2,Move2.DestinationCoarseMove,Move2,,1,"{""pedalAxisName"":""TaskSwitchPedal"",""usePlusMinusKeys"":true,""positivePedalKey"":61,""negativePedalKey"":45,""invertPedalAxis"":false,""pressThreshold"":0.5,""releaseThreshold"":0.20000000298023225,""minimumIntervalSeconds"":5.0,""maximumIntervalSeconds"":10.0,""minimumValidReactionSeconds"":0.10000000149011612,""randomSeed"":72373550}",,0,0.000000,1.022012,CorrectSidePress,1,0,0,-1,Correct,1,1.022013,407.339494,1.022012,0.000000,0,1,PlusMinusKeys,0,1
20261009T064916211Z_facf92f9bb4844ea8288d0a5e8ae0f15,,,1,1,StimulusScheduled,Visual,2026-10-09T06:56:03.5565799Z,407.339845,401.563803,18128,4,0,OperatingSource,0,0,1,48,Left,-1,,,,,0,0,-1.000000,TaskSwitchPedal,0,0.500000,0.200000,,0.100000,5.000000,10.000000,72373550,404.896458,413.994741,,416.438128,,,,0,0,,,,,,Move2,,1,"{""pedalAxisName"":""TaskSwitchPedal"",""usePlusMinusKeys"":true,""positivePedalKey"":61,""negativePedalKey"":45,""invertPedalAxis"":false,""pressThreshold"":0.5,""releaseThreshold"":0.20000000298023225,""minimumIntervalSeconds"":5.0,""maximumIntervalSeconds"":10.0,""minimumValidReactionSeconds"":0.10000000149011612,""randomSeed"":72373550}",,0,0.000000,,CorrectSidePress,0,0,0,,,,,,,0.000000,0,1,PlusMinusKeys,0,1
20261009T064916211Z_facf92f9bb4844ea8288d0a5e8ae0f15,,,1,1,StimulusOnsetObserved,Visual,2026-10-09T06:56:12.6775172Z,416.461306,410.685301,18456,5,1,WaitingForConfirmation,1,0,1,48,Left,-1,,,,,1,0,0.000000,TaskSwitchPedal,0,0.500000,0.200000,,0.100000,5.000000,10.000000,72373550,414.017919,413.994741,414.017919,416.438128,416.461306,0.023178,,1,0,5,1,WaitingForConfirmation,Place,,Place,,1,"{""pedalAxisName"":""TaskSwitchPedal"",""usePlusMinusKeys"":true,""positivePedalKey"":61,""negativePedalKey"":45,""invertPedalAxis"":false,""pressThreshold"":0.5,""releaseThreshold"":0.20000000298023225,""minimumIntervalSeconds"":5.0,""maximumIntervalSeconds"":10.0,""minimumValidReactionSeconds"":0.10000000149011612,""randomSeed"":72373550}",,0,0.000000,,CorrectSidePress,0,0,0,,,,,,,0.000000,0,0,Axis,0,1
20261009T064916211Z_facf92f9bb4844ea8288d0a5e8ae0f15,,,1,1,PedalPressed,Visual,2026-10-09T06:56:14.3073838Z,418.090948,412.315497,18531,5,1,OperatingTarget,0,0,1,48,Left,-1,-1,Correct,1,1.629642,1,0,-1.000000,TaskSwitchPedal,0,0.500000,0.200000,,0.100000,5.000000,10.000000,72373550,415.647561,413.994741,414.017919,416.438128,416.461306,0.023178,418.090948,1,0,5,1,WaitingForConfirmation,Place,,Move1,Move1.PickupCoarseMove,1,"{""pedalAxisName"":""TaskSwitchPedal"",""usePlusMinusKeys"":true,""positivePedalKey"":61,""negativePedalKey"":45,""invertPedalAxis"":false,""pressThreshold"":0.5,""releaseThreshold"":0.20000000298023225,""minimumIntervalSeconds"":5.0,""maximumIntervalSeconds"":10.0,""minimumValidReactionSeconds"":0.10000000149011612,""randomSeed"":72373550}",,0,0.000000,1.629642,CorrectSidePress,1,0,0,-1,Correct,1,1.629642,418.090948,1.629642,0.000000,0,1,PlusMinusKeys,0,1
20261009T064916211Z_facf92f9bb4844ea8288d0a5e8ae0f15,,,1,1,TrialFinished,Visual,2026-10-09T06:56:14.3073838Z,418.090948,412.315497,18531,5,1,OperatingTarget,0,0,1,48,Left,-1,-1,Correct,1,1.629642,1,0,-1.000000,TaskSwitchPedal,0,0.500000,0.200000,,0.100000,5.000000,10.000000,72373550,415.647561,413.994741,414.017919,416.438128,416.461306,0.023178,418.090948,0,0,5,1,WaitingForConfirmation,Place,,Move1,Move1.PickupCoarseMove,1,"{""pedalAxisName"":""TaskSwitchPedal"",""usePlusMinusKeys"":true,""positivePedalKey"":61,""negativePedalKey"":45,""invertPedalAxis"":false,""pressThreshold"":0.5,""releaseThreshold"":0.20000000298023225,""minimumIntervalSeconds"":5.0,""maximumIntervalSeconds"":10.0,""minimumValidReactionSeconds"":0.10000000149011612,""randomSeed"":72373550}",,0,0.000000,1.629642,CorrectSidePress,1,0,0,-1,Correct,1,1.629642,418.090948,1.629642,0.000000,0,1,PlusMinusKeys,0,1
20261009T064916211Z_facf92f9bb4844ea8288d0a5e8ae0f15,,,1,1,StimulusScheduled,Visual,2026-10-09T06:56:14.3078951Z,418.091332,412.315497,18531,5,1,OperatingTarget,0,0,1,49,Right,1,,,,,0,0,-1.000000,TaskSwitchPedal,0,0.500000,0.200000,,0.100000,5.000000,10.000000,72373550,415.647945,421.087629,,423.531016,,,,0,0,,,,,,Move1,Move1.PickupCoarseMove,1,"{""pedalAxisName"":""TaskSwitchPedal"",""usePlusMinusKeys"":true,""positivePedalKey"":61,""negativePedalKey"":45,""invertPedalAxis"":false,""pressThreshold"":0.5,""releaseThreshold"":0.20000000298023225,""minimumIntervalSeconds"":5.0,""maximumIntervalSeconds"":10.0,""minimumValidReactionSeconds"":0.10000000149011612,""randomSeed"":72373550}",,0,0.000000,,CorrectSidePress,0,0,0,,,,,,,0.000000,0,1,PlusMinusKeys,0,1
20261009T064916211Z_facf92f9bb4844ea8288d0a5e8ae0f15,,,1,1,StimulusOnsetObserved,Visual,2026-10-09T06:56:19.7663273Z,423.550738,417.774661,18789,5,1,OperatingTarget,0,0,1,49,Right,1,,,,,1,0,0.000000,TaskSwitchPedal,0,0.500000,0.200000,,0.100000,5.000000,10.000000,72373550,421.107351,421.087629,421.107351,423.531016,423.550738,0.019723,,0,1,5,1,OperatingTarget,Move1,Move1.PickupCoarseMove,Move1,Move1.PickupCoarseMove,1,"{""pedalAxisName"":""TaskSwitchPedal"",""usePlusMinusKeys"":true,""positivePedalKey"":61,""negativePedalKey"":45,""invertPedalAxis"":false,""pressThreshold"":0.5,""releaseThreshold"":0.20000000298023225,""minimumIntervalSeconds"":5.0,""maximumIntervalSeconds"":10.0,""minimumValidReactionSeconds"":0.10000000149011612,""randomSeed"":72373550}",,0,0.000000,,CorrectSidePress,0,0,0,,,,,,,0.000000,0,0,Axis,0,1
20261009T064916211Z_facf92f9bb4844ea8288d0a5e8ae0f15,,,1,1,PedalPressed,Visual,2026-10-09T06:56:22.1283417Z,425.912672,420.136017,18898,5,1,OperatingTarget,0,0,1,49,Right,1,1,Correct,1,2.361934,1,0,1.000000,TaskSwitchPedal,0,0.500000,0.200000,,0.100000,5.000000,10.000000,72373550,423.469285,421.087629,421.107351,423.531016,423.550738,0.019723,425.912672,0,1,5,1,OperatingTarget,Move1,Move1.PickupCoarseMove,Move1,Move1.PickupCoarseMove,1,"{""pedalAxisName"":""TaskSwitchPedal"",""usePlusMinusKeys"":true,""positivePedalKey"":61,""negativePedalKey"":45,""invertPedalAxis"":false,""pressThreshold"":0.5,""releaseThreshold"":0.20000000298023225,""minimumIntervalSeconds"":5.0,""maximumIntervalSeconds"":10.0,""minimumValidReactionSeconds"":0.10000000149011612,""randomSeed"":72373550}",,0,0.000000,2.361934,CorrectSidePress,1,0,0,1,Correct,1,2.361934,425.912672,2.361934,0.000000,1,0,PlusMinusKeys,0,1
20261009T064916211Z_facf92f9bb4844ea8288d0a5e8ae0f15,,,1,1,TrialFinished,Visual,2026-10-09T06:56:22.1283417Z,425.912672,420.136017,18898,5,1,OperatingTarget,0,0,1,49,Right,1,1,Correct,1,2.361934,1,0,1.000000,TaskSwitchPedal,0,0.500000,0.200000,,0.100000,5.000000,10.000000,72373550,423.469285,421.087629,421.107351,423.531016,423.550738,0.019723,425.912672,0,0,5,1,OperatingTarget,Move1,Move1.PickupCoarseMove,Move1,Move1.PickupCoarseMove,1,"{""pedalAxisName"":""TaskSwitchPedal"",""usePlusMinusKeys"":true,""positivePedalKey"":61,""negativePedalKey"":45,""invertPedalAxis"":false,""pressThreshold"":0.5,""releaseThreshold"":0.20000000298023225,""minimumIntervalSeconds"":5.0,""maximumIntervalSeconds"":10.0,""minimumValidReactionSeconds"":0.10000000149011612,""randomSeed"":72373550}",,0,0.000000,2.361934,CorrectSidePress,1,0,0,1,Correct,1,2.361934,425.912672,2.361934,0.000000,1,0,PlusMinusKeys,0,1
20261009T064916211Z_facf92f9bb4844ea8288d0a5e8ae0f15,,,1,1,StimulusScheduled,Visual,2026-10-09T06:56:22.1283417Z,425.913201,420.136017,18898,5,1,OperatingTarget,0,0,1,50,Right,1,,,,,0,0,1.000000,TaskSwitchPedal,0,0.500000,0.200000,,0.100000,5.000000,10.000000,72373550,423.469814,430.432005,,432.875392,,,,0,0,,,,,,Move1,Move1.PickupCoarseMove,1,"{""pedalAxisName"":""TaskSwitchPedal"",""usePlusMinusKeys"":true,""positivePedalKey"":61,""negativePedalKey"":45,""invertPedalAxis"":false,""pressThreshold"":0.5,""releaseThreshold"":0.20000000298023225,""minimumIntervalSeconds"":5.0,""maximumIntervalSeconds"":10.0,""minimumValidReactionSeconds"":0.10000000149011612,""randomSeed"":72373550}",,0,0.000000,,CorrectSidePress,0,0,0,,,,,,,0.000000,1,0,PlusMinusKeys,0,1
20261009T064916211Z_facf92f9bb4844ea8288d0a5e8ae0f15,,,1,1,StimulusOnsetObserved,Visual,2026-10-09T06:56:29.1083206Z,432.893746,427.118074,19215,5,1,OperatingTarget,0,0,1,50,Right,1,,,,,1,0,0.000000,TaskSwitchPedal,0,0.500000,0.200000,,0.100000,5.000000,10.000000,72373550,430.450358,430.432005,430.450358,432.875392,432.893746,0.018354,,0,1,5,1,OperatingTarget,Move1,Move1.PickupCoarseMove,Move1,Move1.PickupCoarseMove,1,"{""pedalAxisName"":""TaskSwitchPedal"",""usePlusMinusKeys"":true,""positivePedalKey"":61,""negativePedalKey"":45,""invertPedalAxis"":false,""pressThreshold"":0.5,""releaseThreshold"":0.20000000298023225,""minimumIntervalSeconds"":5.0,""maximumIntervalSeconds"":10.0,""minimumValidReactionSeconds"":0.10000000149011612,""randomSeed"":72373550}",,0,0.000000,,CorrectSidePress,0,0,0,,,,,,,0.000000,0,0,Axis,0,1
20261009T064916211Z_facf92f9bb4844ea8288d0a5e8ae0f15,,,1,1,PedalPressed,Visual,2026-10-09T06:56:30.1980512Z,433.981902,428.206606,19264,5,1,OperatingTarget,0,0,1,50,Right,1,1,Correct,1,1.088157,1,0,1.000000,TaskSwitchPedal,0,0.500000,0.200000,,0.100000,5.000000,10.000000,72373550,431.538515,430.432005,430.450358,432.875392,432.893746,0.018354,433.981902,0,1,5,1,OperatingTarget,Move1,Move1.PickupCoarseMove,Move1,Move1.PickupCoarseMove,1,"{""pedalAxisName"":""TaskSwitchPedal"",""usePlusMinusKeys"":true,""positivePedalKey"":61,""negativePedalKey"":45,""invertPedalAxis"":false,""pressThreshold"":0.5,""releaseThreshold"":0.20000000298023225,""minimumIntervalSeconds"":5.0,""maximumIntervalSeconds"":10.0,""minimumValidReactionSeconds"":0.10000000149011612,""randomSeed"":72373550}",,0,0.000000,1.088157,CorrectSidePress,1,0,0,1,Correct,1,1.088157,433.981902,1.088157,0.000000,1,0,PlusMinusKeys,0,1
20261009T064916211Z_facf92f9bb4844ea8288d0a5e8ae0f15,,,1,1,TrialFinished,Visual,2026-10-09T06:56:30.1980512Z,433.981902,428.206606,19264,5,1,OperatingTarget,0,0,1,50,Right,1,1,Correct,1,1.088157,1,0,1.000000,TaskSwitchPedal,0,0.500000,0.200000,,0.100000,5.000000,10.000000,72373550,431.538515,430.432005,430.450358,432.875392,432.893746,0.018354,433.981902,0,0,5,1,OperatingTarget,Move1,Move1.PickupCoarseMove,Move1,Move1.PickupCoarseMove,1,"{""pedalAxisName"":""TaskSwitchPedal"",""usePlusMinusKeys"":true,""positivePedalKey"":61,""negativePedalKey"":45,""invertPedalAxis"":false,""pressThreshold"":0.5,""releaseThreshold"":0.20000000298023225,""minimumIntervalSeconds"":5.0,""maximumIntervalSeconds"":10.0,""minimumValidReactionSeconds"":0.10000000149011612,""randomSeed"":72373550}",,0,0.000000,1.088157,CorrectSidePress,1,0,0,1,Correct,1,1.088157,433.981902,1.088157,0.000000,1,0,PlusMinusKeys,0,1
20261009T064916211Z_facf92f9bb4844ea8288d0a5e8ae0f15,,,1,1,StimulusScheduled,Visual,2026-10-09T06:56:30.1980512Z,433.982259,428.206606,19264,5,1,OperatingTarget,0,0,1,51,Right,1,,,,,0,0,1.000000,TaskSwitchPedal,0,0.500000,0.200000,,0.100000,5.000000,10.000000,72373550,431.538872,437.241881,,439.685268,,,,0,0,,,,,,Move1,Move1.PickupCoarseMove,1,"{""pedalAxisName"":""TaskSwitchPedal"",""usePlusMinusKeys"":true,""positivePedalKey"":61,""negativePedalKey"":45,""invertPedalAxis"":false,""pressThreshold"":0.5,""releaseThreshold"":0.20000000298023225,""minimumIntervalSeconds"":5.0,""maximumIntervalSeconds"":10.0,""minimumValidReactionSeconds"":0.10000000149011612,""randomSeed"":72373550}",,0,0.000000,,CorrectSidePress,0,0,0,,,,,,,0.000000,1,0,PlusMinusKeys,0,1
20261009T064916211Z_facf92f9bb4844ea8288d0a5e8ae0f15,,,1,1,StimulusOnsetObserved,Visual,2026-10-09T06:56:35.9122171Z,439.696202,433.920827,19529,5,1,OperatingTarget,0,0,1,51,Right,1,,,,,1,0,0.000000,TaskSwitchPedal,0,0.500000,0.200000,,0.100000,5.000000,10.000000,72373550,437.252815,437.241881,437.252815,439.685268,439.696202,0.010934,,0,1,5,1,OperatingTarget,Move1,Move1.PickupFineAlign,Move1,Move1.PickupFineAlign,1,"{""pedalAxisName"":""TaskSwitchPedal"",""usePlusMinusKeys"":true,""positivePedalKey"":61,""negativePedalKey"":45,""invertPedalAxis"":false,""pressThreshold"":0.5,""releaseThreshold"":0.20000000298023225,""minimumIntervalSeconds"":5.0,""maximumIntervalSeconds"":10.0,""minimumValidReactionSeconds"":0.10000000149011612,""randomSeed"":72373550}",,0,0.000000,,CorrectSidePress,0,0,0,,,,,,,0.000000,0,0,Axis,0,1
20261009T064916211Z_facf92f9bb4844ea8288d0a5e8ae0f15,,,1,1,PedalPressed,Visual,2026-10-09T06:56:36.8354099Z,440.620016,434.844658,19572,5,1,OperatingTarget,0,0,1,51,Right,1,1,Correct,1,0.923814,1,0,1.000000,TaskSwitchPedal,0,0.500000,0.200000,,0.100000,5.000000,10.000000,72373550,438.176629,437.241881,437.252815,439.685268,439.696202,0.010934,440.620016,0,1,5,1,OperatingTarget,Move1,Move1.PickupFineAlign,Move1,Move1.PickupFineAlign,1,"{""pedalAxisName"":""TaskSwitchPedal"",""usePlusMinusKeys"":true,""positivePedalKey"":61,""negativePedalKey"":45,""invertPedalAxis"":false,""pressThreshold"":0.5,""releaseThreshold"":0.20000000298023225,""minimumIntervalSeconds"":5.0,""maximumIntervalSeconds"":10.0,""minimumValidReactionSeconds"":0.10000000149011612,""randomSeed"":72373550}",,0,0.000000,0.923814,CorrectSidePress,1,0,0,1,Correct,1,0.923814,440.620016,0.923814,0.000000,1,0,PlusMinusKeys,0,1
20261009T064916211Z_facf92f9bb4844ea8288d0a5e8ae0f15,,,1,1,TrialFinished,Visual,2026-10-09T06:56:36.8354099Z,440.620016,434.844658,19572,5,1,OperatingTarget,0,0,1,51,Right,1,1,Correct,1,0.923814,1,0,1.000000,TaskSwitchPedal,0,0.500000,0.200000,,0.100000,5.000000,10.000000,72373550,438.176629,437.241881,437.252815,439.685268,439.696202,0.010934,440.620016,0,0,5,1,OperatingTarget,Move1,Move1.PickupFineAlign,Move1,Move1.PickupFineAlign,1,"{""pedalAxisName"":""TaskSwitchPedal"",""usePlusMinusKeys"":true,""positivePedalKey"":61,""negativePedalKey"":45,""invertPedalAxis"":false,""pressThreshold"":0.5,""releaseThreshold"":0.20000000298023225,""minimumIntervalSeconds"":5.0,""maximumIntervalSeconds"":10.0,""minimumValidReactionSeconds"":0.10000000149011612,""randomSeed"":72373550}",,0,0.000000,0.923814,CorrectSidePress,1,0,0,1,Correct,1,0.923814,440.620016,0.923814,0.000000,1,0,PlusMinusKeys,0,1
20261009T064916211Z_facf92f9bb4844ea8288d0a5e8ae0f15,,,1,1,StimulusScheduled,Visual,2026-10-09T06:56:36.8354099Z,440.620377,434.844658,19572,5,1,OperatingTarget,0,0,1,52,Right,1,,,,,0,0,1.000000,TaskSwitchPedal,0,0.500000,0.200000,,0.100000,5.000000,10.000000,72373550,438.176990,447.596156,,450.039543,,,,0,0,,,,,,Move1,Move1.PickupFineAlign,1,"{""pedalAxisName"":""TaskSwitchPedal"",""usePlusMinusKeys"":true,""positivePedalKey"":61,""negativePedalKey"":45,""invertPedalAxis"":false,""pressThreshold"":0.5,""releaseThreshold"":0.20000000298023225,""minimumIntervalSeconds"":5.0,""maximumIntervalSeconds"":10.0,""minimumValidReactionSeconds"":0.10000000149011612,""randomSeed"":72373550}",,0,0.000000,,CorrectSidePress,0,0,0,,,,,,,0.000000,1,0,PlusMinusKeys,0,1
20261009T064916211Z_facf92f9bb4844ea8288d0a5e8ae0f15,,,1,1,StimulusOnsetObserved,Visual,2026-10-09T06:56:46.3284046Z,450.112664,444.333943,19909,5,1,OperatingTarget,0,0,1,52,Right,1,,,,,1,0,0.000000,TaskSwitchPedal,0,0.500000,0.200000,,0.100000,5.000000,10.000000,72373550,447.669277,447.596156,447.669277,450.039543,450.112664,0.073121,,0,1,5,1,OperatingTarget,LiftUp,LiftUp.LoadAcquisition,LiftUp,LiftUp.LoadAcquisition,1,"{""pedalAxisName"":""TaskSwitchPedal"",""usePlusMinusKeys"":true,""positivePedalKey"":61,""negativePedalKey"":45,""invertPedalAxis"":false,""pressThreshold"":0.5,""releaseThreshold"":0.20000000298023225,""minimumIntervalSeconds"":5.0,""maximumIntervalSeconds"":10.0,""minimumValidReactionSeconds"":0.10000000149011612,""randomSeed"":72373550}",,0,0.000000,,CorrectSidePress,0,0,0,,,,,,,0.000000,0,0,Axis,0,1
20261009T064916211Z_facf92f9bb4844ea8288d0a5e8ae0f15,,,1,1,PedalPressed,Visual,2026-10-09T06:56:47.2360377Z,451.021003,445.245173,19939,5,1,OperatingTarget,0,0,1,52,Right,1,1,Correct,1,0.908339,1,0,1.000000,TaskSwitchPedal,0,0.500000,0.200000,,0.100000,5.000000,10.000000,72373550,448.577615,447.596156,447.669277,450.039543,450.112664,0.073121,451.021003,0,1,5,1,OperatingTarget,LiftUp,LiftUp.LoadAcquisition,LiftUp,LiftUp.LoadAcquisition,1,"{""pedalAxisName"":""TaskSwitchPedal"",""usePlusMinusKeys"":true,""positivePedalKey"":61,""negativePedalKey"":45,""invertPedalAxis"":false,""pressThreshold"":0.5,""releaseThreshold"":0.20000000298023225,""minimumIntervalSeconds"":5.0,""maximumIntervalSeconds"":10.0,""minimumValidReactionSeconds"":0.10000000149011612,""randomSeed"":72373550}",,0,0.000000,0.908339,CorrectSidePress,1,0,0,1,Correct,1,0.908339,451.021003,0.908339,0.000000,1,0,PlusMinusKeys,0,1
20261009T064916211Z_facf92f9bb4844ea8288d0a5e8ae0f15,,,1,1,TrialFinished,Visual,2026-10-09T06:56:47.2370711Z,451.021003,445.245173,19939,5,1,OperatingTarget,0,0,1,52,Right,1,1,Correct,1,0.908339,1,0,1.000000,TaskSwitchPedal,0,0.500000,0.200000,,0.100000,5.000000,10.000000,72373550,448.577615,447.596156,447.669277,450.039543,450.112664,0.073121,451.021003,0,0,5,1,OperatingTarget,LiftUp,LiftUp.LoadAcquisition,LiftUp,LiftUp.LoadAcquisition,1,"{""pedalAxisName"":""TaskSwitchPedal"",""usePlusMinusKeys"":true,""positivePedalKey"":61,""negativePedalKey"":45,""invertPedalAxis"":false,""pressThreshold"":0.5,""releaseThreshold"":0.20000000298023225,""minimumIntervalSeconds"":5.0,""maximumIntervalSeconds"":10.0,""minimumValidReactionSeconds"":0.10000000149011612,""randomSeed"":72373550}",,0,0.000000,0.908339,CorrectSidePress,1,0,0,1,Correct,1,0.908339,451.021003,0.908339,0.000000,1,0,PlusMinusKeys,0,1
20261009T064916211Z_facf92f9bb4844ea8288d0a5e8ae0f15,,,1,1,StimulusScheduled,Visual,2026-10-09T06:56:47.2370711Z,451.021322,445.245173,19939,5,1,OperatingTarget,0,0,1,53,Right,1,,,,,0,0,1.000000,TaskSwitchPedal,0,0.500000,0.200000,,0.100000,5.000000,10.000000,72373550,448.577936,455.678912,,458.122299,,,,0,0,,,,,,LiftUp,LiftUp.LoadAcquisition,1,"{""pedalAxisName"":""TaskSwitchPedal"",""usePlusMinusKeys"":true,""positivePedalKey"":61,""negativePedalKey"":45,""invertPedalAxis"":false,""pressThreshold"":0.5,""releaseThreshold"":0.20000000298023225,""minimumIntervalSeconds"":5.0,""maximumIntervalSeconds"":10.0,""minimumValidReactionSeconds"":0.10000000149011612,""randomSeed"":72373550}",,0,0.000000,,CorrectSidePress,0,0,0,,,,,,,0.000000,1,0,PlusMinusKeys,0,1
20261009T064916211Z_facf92f9bb4844ea8288d0a5e8ae0f15,,,1,1,StimulusOnsetObserved,Visual,2026-10-09T06:56:54.3465933Z,458.132361,452.356047,20175,5,1,OperatingTarget,0,0,1,53,Right,1,,,,,1,0,0.000000,TaskSwitchPedal,0,0.500000,0.200000,,0.100000,5.000000,10.000000,72373550,455.688974,455.678912,455.688974,458.122299,458.132361,0.010062,,0,1,5,1,OperatingTarget,LiftUp,LiftUp.LoadedRaising,LiftUp,LiftUp.LoadedRaising,1,"{""pedalAxisName"":""TaskSwitchPedal"",""usePlusMinusKeys"":true,""positivePedalKey"":61,""negativePedalKey"":45,""invertPedalAxis"":false,""pressThreshold"":0.5,""releaseThreshold"":0.20000000298023225,""minimumIntervalSeconds"":5.0,""maximumIntervalSeconds"":10.0,""minimumValidReactionSeconds"":0.10000000149011612,""randomSeed"":72373550}",,0,0.000000,,CorrectSidePress,0,0,0,,,,,,,0.000000,0,0,Axis,0,1
20261009T064916211Z_facf92f9bb4844ea8288d0a5e8ae0f15,,,1,1,PedalPressed,Visual,2026-10-09T06:56:55.2097200Z,458.994407,453.219110,20207,5,0,WaitingForSourceConfirmation,1,0,1,53,Right,1,1,Correct,1,0.862045,1,0,1.000000,TaskSwitchPedal,0,0.500000,0.200000,,0.100000,5.000000,10.000000,72373550,456.551019,455.678912,455.688974,458.122299,458.132361,0.010062,458.994407,0,1,5,1,OperatingTarget,LiftUp,LiftUp.LoadedRaising,Place,Place.LoadRelease,1,"{""pedalAxisName"":""TaskSwitchPedal"",""usePlusMinusKeys"":true,""positivePedalKey"":61,""negativePedalKey"":45,""invertPedalAxis"":false,""pressThreshold"":0.5,""releaseThreshold"":0.20000000298023225,""minimumIntervalSeconds"":5.0,""maximumIntervalSeconds"":10.0,""minimumValidReactionSeconds"":0.10000000149011612,""randomSeed"":72373550}",,0,0.000000,0.862045,CorrectSidePress,1,0,0,1,Correct,1,0.862045,458.994407,0.862045,0.000000,1,0,PlusMinusKeys,0,1
20261009T064916211Z_facf92f9bb4844ea8288d0a5e8ae0f15,,,1,1,TrialFinished,Visual,2026-10-09T06:56:55.2097200Z,458.994407,453.219110,20207,5,0,WaitingForSourceConfirmation,1,0,1,53,Right,1,1,Correct,1,0.862045,1,0,1.000000,TaskSwitchPedal,0,0.500000,0.200000,,0.100000,5.000000,10.000000,72373550,456.551019,455.678912,455.688974,458.122299,458.132361,0.010062,458.994407,0,0,5,1,OperatingTarget,LiftUp,LiftUp.LoadedRaising,Place,Place.LoadRelease,1,"{""pedalAxisName"":""TaskSwitchPedal"",""usePlusMinusKeys"":true,""positivePedalKey"":61,""negativePedalKey"":45,""invertPedalAxis"":false,""pressThreshold"":0.5,""releaseThreshold"":0.20000000298023225,""minimumIntervalSeconds"":5.0,""maximumIntervalSeconds"":10.0,""minimumValidReactionSeconds"":0.10000000149011612,""randomSeed"":72373550}",,0,0.000000,0.862045,CorrectSidePress,1,0,0,1,Correct,1,0.862045,458.994407,0.862045,0.000000,1,0,PlusMinusKeys,0,1
20261009T064916211Z_facf92f9bb4844ea8288d0a5e8ae0f15,,,1,1,StimulusScheduled,Visual,2026-10-09T06:56:55.2097200Z,458.994917,453.219110,20207,5,0,WaitingForSourceConfirmation,1,0,1,54,Right,1,,,,,0,0,1.000000,TaskSwitchPedal,0,0.500000,0.200000,,0.100000,5.000000,10.000000,72373550,456.551530,462.648696,,465.092083,,,,0,0,,,,,,Place,Place.LoadRelease,1,"{""pedalAxisName"":""TaskSwitchPedal"",""usePlusMinusKeys"":true,""positivePedalKey"":61,""negativePedalKey"":45,""invertPedalAxis"":false,""pressThreshold"":0.5,""releaseThreshold"":0.20000000298023225,""minimumIntervalSeconds"":5.0,""maximumIntervalSeconds"":10.0,""minimumValidReactionSeconds"":0.10000000149011612,""randomSeed"":72373550}",,0,0.000000,,CorrectSidePress,0,0,0,,,,,,,0.000000,1,0,PlusMinusKeys,0,1
20261009T064916211Z_facf92f9bb4844ea8288d0a5e8ae0f15,,,1,1,StimulusOnsetObserved,Visual,2026-10-09T06:57:01.3167584Z,465.101221,459.325152,20440,5,0,OperatingSource,0,0,1,54,Right,1,,,,,1,0,0.000000,TaskSwitchPedal,0,0.500000,0.200000,,0.100000,5.000000,10.000000,72373550,462.657834,462.648696,462.657834,465.092083,465.101221,0.009138,,0,1,5,0,OperatingSource,Place,Place.LoadRelease,Place,Place.LoadRelease,1,"{""pedalAxisName"":""TaskSwitchPedal"",""usePlusMinusKeys"":true,""positivePedalKey"":61,""negativePedalKey"":45,""invertPedalAxis"":false,""pressThreshold"":0.5,""releaseThreshold"":0.20000000298023225,""minimumIntervalSeconds"":5.0,""maximumIntervalSeconds"":10.0,""minimumValidReactionSeconds"":0.10000000149011612,""randomSeed"":72373550}",,0,0.000000,,CorrectSidePress,0,0,0,,,,,,,0.000000,0,0,Axis,0,1
20261009T064916211Z_facf92f9bb4844ea8288d0a5e8ae0f15,,,1,1,PedalPressed,Visual,2026-10-09T06:57:03.5764182Z,467.362258,461.584876,20511,5,0,OperatingSource,0,0,1,54,Right,1,1,Correct,1,2.261037,1,0,1.000000,TaskSwitchPedal,0,0.500000,0.200000,,0.100000,5.000000,10.000000,72373550,464.918871,462.648696,462.657834,465.092083,465.101221,0.009138,467.362258,0,1,5,0,OperatingSource,Place,Place.LoadRelease,Place,Place.PostPlacementRaising,1,"{""pedalAxisName"":""TaskSwitchPedal"",""usePlusMinusKeys"":true,""positivePedalKey"":61,""negativePedalKey"":45,""invertPedalAxis"":false,""pressThreshold"":0.5,""releaseThreshold"":0.20000000298023225,""minimumIntervalSeconds"":5.0,""maximumIntervalSeconds"":10.0,""minimumValidReactionSeconds"":0.10000000149011612,""randomSeed"":72373550}",,0,0.000000,2.261037,CorrectSidePress,1,0,0,1,Correct,1,2.261037,467.362258,2.261037,0.000000,1,0,PlusMinusKeys,0,1
20261009T064916211Z_facf92f9bb4844ea8288d0a5e8ae0f15,,,1,1,TrialFinished,Visual,2026-10-09T06:57:03.5764182Z,467.362258,461.584876,20511,5,0,OperatingSource,0,0,1,54,Right,1,1,Correct,1,2.261037,1,0,1.000000,TaskSwitchPedal,0,0.500000,0.200000,,0.100000,5.000000,10.000000,72373550,464.918871,462.648696,462.657834,465.092083,465.101221,0.009138,467.362258,0,0,5,0,OperatingSource,Place,Place.LoadRelease,Place,Place.PostPlacementRaising,1,"{""pedalAxisName"":""TaskSwitchPedal"",""usePlusMinusKeys"":true,""positivePedalKey"":61,""negativePedalKey"":45,""invertPedalAxis"":false,""pressThreshold"":0.5,""releaseThreshold"":0.20000000298023225,""minimumIntervalSeconds"":5.0,""maximumIntervalSeconds"":10.0,""minimumValidReactionSeconds"":0.10000000149011612,""randomSeed"":72373550}",,0,0.000000,2.261037,CorrectSidePress,1,0,0,1,Correct,1,2.261037,467.362258,2.261037,0.000000,1,0,PlusMinusKeys,0,1
20261009T064916211Z_facf92f9bb4844ea8288d0a5e8ae0f15,,,1,1,StimulusScheduled,Visual,2026-10-09T06:57:03.5764182Z,467.362650,461.584876,20511,5,0,OperatingSource,0,0,1,55,Left,-1,,,,,0,0,1.000000,TaskSwitchPedal,0,0.500000,0.200000,,0.100000,5.000000,10.000000,72373550,464.919263,472.502681,,474.946068,,,,0,0,,,,,,Place,Place.PostPlacementRaising,1,"{""pedalAxisName"":""TaskSwitchPedal"",""usePlusMinusKeys"":true,""positivePedalKey"":61,""negativePedalKey"":45,""invertPedalAxis"":false,""pressThreshold"":0.5,""releaseThreshold"":0.20000000298023225,""minimumIntervalSeconds"":5.0,""maximumIntervalSeconds"":10.0,""minimumValidReactionSeconds"":0.10000000149011612,""randomSeed"":72373550}",,0,0.000000,,CorrectSidePress,0,0,0,,,,,,,0.000000,1,0,PlusMinusKeys,0,1
20261009T064916211Z_facf92f9bb4844ea8288d0a5e8ae0f15,,,1,1,StimulusOnsetObserved,Visual,2026-10-09T06:57:11.1829327Z,474.967663,469.192248,20855,5,0,OperatingSource,0,0,1,55,Left,-1,,,,,1,0,0.000000,TaskSwitchPedal,0,0.500000,0.200000,,0.100000,5.000000,10.000000,72373550,472.524276,472.502681,472.524276,474.946068,474.967663,0.021595,,1,0,5,0,OperatingSource,Move1,Move1.PickupCoarseMove,Move1,Move1.PickupCoarseMove,1,"{""pedalAxisName"":""TaskSwitchPedal"",""usePlusMinusKeys"":true,""positivePedalKey"":61,""negativePedalKey"":45,""invertPedalAxis"":false,""pressThreshold"":0.5,""releaseThreshold"":0.20000000298023225,""minimumIntervalSeconds"":5.0,""maximumIntervalSeconds"":10.0,""minimumValidReactionSeconds"":0.10000000149011612,""randomSeed"":72373550}",,0,0.000000,,CorrectSidePress,0,0,0,,,,,,,0.000000,0,0,Axis,0,1
20261009T064916211Z_facf92f9bb4844ea8288d0a5e8ae0f15,,,1,1,PedalPressed,Visual,2026-10-09T06:57:11.9844114Z,475.769716,469.994131,20891,5,0,OperatingSource,0,0,1,55,Left,-1,-1,Correct,1,0.802053,1,0,-1.000000,TaskSwitchPedal,0,0.500000,0.200000,,0.100000,5.000000,10.000000,72373550,473.326329,472.502681,472.524276,474.946068,474.967663,0.021595,475.769716,1,0,5,0,OperatingSource,Move1,Move1.PickupCoarseMove,Move1,Move1.PickupCoarseMove,1,"{""pedalAxisName"":""TaskSwitchPedal"",""usePlusMinusKeys"":true,""positivePedalKey"":61,""negativePedalKey"":45,""invertPedalAxis"":false,""pressThreshold"":0.5,""releaseThreshold"":0.20000000298023225,""minimumIntervalSeconds"":5.0,""maximumIntervalSeconds"":10.0,""minimumValidReactionSeconds"":0.10000000149011612,""randomSeed"":72373550}",,0,0.000000,0.802053,CorrectSidePress,1,0,0,-1,Correct,1,0.802053,475.769716,0.802053,0.000000,0,1,PlusMinusKeys,0,1
20261009T064916211Z_facf92f9bb4844ea8288d0a5e8ae0f15,,,1,1,TrialFinished,Visual,2026-10-09T06:57:11.9844114Z,475.769716,469.994131,20891,5,0,OperatingSource,0,0,1,55,Left,-1,-1,Correct,1,0.802053,1,0,-1.000000,TaskSwitchPedal,0,0.500000,0.200000,,0.100000,5.000000,10.000000,72373550,473.326329,472.502681,472.524276,474.946068,474.967663,0.021595,475.769716,0,0,5,0,OperatingSource,Move1,Move1.PickupCoarseMove,Move1,Move1.PickupCoarseMove,1,"{""pedalAxisName"":""TaskSwitchPedal"",""usePlusMinusKeys"":true,""positivePedalKey"":61,""negativePedalKey"":45,""invertPedalAxis"":false,""pressThreshold"":0.5,""releaseThreshold"":0.20000000298023225,""minimumIntervalSeconds"":5.0,""maximumIntervalSeconds"":10.0,""minimumValidReactionSeconds"":0.10000000149011612,""randomSeed"":72373550}",,0,0.000000,0.802053,CorrectSidePress,1,0,0,-1,Correct,1,0.802053,475.769716,0.802053,0.000000,0,1,PlusMinusKeys,0,1
20261009T064916211Z_facf92f9bb4844ea8288d0a5e8ae0f15,,,1,1,StimulusScheduled,Visual,2026-10-09T06:57:11.9854764Z,475.770253,469.994131,20891,5,0,OperatingSource,0,0,1,56,Left,-1,,,,,0,0,-1.000000,TaskSwitchPedal,0,0.500000,0.200000,,0.100000,5.000000,10.000000,72373550,473.326866,483.094866,,485.538253,,,,0,0,,,,,,Move1,Move1.PickupCoarseMove,1,"{""pedalAxisName"":""TaskSwitchPedal"",""usePlusMinusKeys"":true,""positivePedalKey"":61,""negativePedalKey"":45,""invertPedalAxis"":false,""pressThreshold"":0.5,""releaseThreshold"":0.20000000298023225,""minimumIntervalSeconds"":5.0,""maximumIntervalSeconds"":10.0,""minimumValidReactionSeconds"":0.10000000149011612,""randomSeed"":72373550}",,0,0.000000,,CorrectSidePress,0,0,0,,,,,,,0.000000,0,1,PlusMinusKeys,0,1
20261009T064916211Z_facf92f9bb4844ea8288d0a5e8ae0f15,,,1,1,StimulusOnsetObserved,Visual,2026-10-09T06:57:21.7594602Z,485.545526,479.769979,21343,5,0,OperatingSource,0,0,1,56,Left,-1,,,,,1,0,0.000000,TaskSwitchPedal,0,0.500000,0.200000,,0.100000,5.000000,10.000000,72373550,483.102139,483.094866,483.102139,485.538253,485.545526,0.007273,,1,0,5,0,OperatingSource,Move1,Move1.PickupCoarseMove,Move1,Move1.PickupCoarseMove,1,"{""pedalAxisName"":""TaskSwitchPedal"",""usePlusMinusKeys"":true,""positivePedalKey"":61,""negativePedalKey"":45,""invertPedalAxis"":false,""pressThreshold"":0.5,""releaseThreshold"":0.20000000298023225,""minimumIntervalSeconds"":5.0,""maximumIntervalSeconds"":10.0,""minimumValidReactionSeconds"":0.10000000149011612,""randomSeed"":72373550}",,0,0.000000,,CorrectSidePress,0,0,0,,,,,,,0.000000,0,0,Axis,0,1
20261009T064916211Z_facf92f9bb4844ea8288d0a5e8ae0f15,,,1,1,PedalPressed,Visual,2026-10-09T06:57:22.5833874Z,486.369009,480.592575,21379,5,0,OperatingSource,0,0,1,56,Left,-1,-1,Correct,1,0.823483,1,0,-1.000000,TaskSwitchPedal,0,0.500000,0.200000,,0.100000,5.000000,10.000000,72373550,483.925621,483.094866,483.102139,485.538253,485.545526,0.007273,486.369009,1,0,5,0,OperatingSource,Move1,Move1.PickupCoarseMove,Move1,Move1.PickupCoarseMove,1,"{""pedalAxisName"":""TaskSwitchPedal"",""usePlusMinusKeys"":true,""positivePedalKey"":61,""negativePedalKey"":45,""invertPedalAxis"":false,""pressThreshold"":0.5,""releaseThreshold"":0.20000000298023225,""minimumIntervalSeconds"":5.0,""maximumIntervalSeconds"":10.0,""minimumValidReactionSeconds"":0.10000000149011612,""randomSeed"":72373550}",,0,0.000000,0.823483,CorrectSidePress,1,0,0,-1,Correct,1,0.823483,486.369009,0.823483,0.000000,0,1,PlusMinusKeys,0,1
20261009T064916211Z_facf92f9bb4844ea8288d0a5e8ae0f15,,,1,1,TrialFinished,Visual,2026-10-09T06:57:22.5833874Z,486.369009,480.592575,21379,5,0,OperatingSource,0,0,1,56,Left,-1,-1,Correct,1,0.823483,1,0,-1.000000,TaskSwitchPedal,0,0.500000,0.200000,,0.100000,5.000000,10.000000,72373550,483.925621,483.094866,483.102139,485.538253,485.545526,0.007273,486.369009,0,0,5,0,OperatingSource,Move1,Move1.PickupCoarseMove,Move1,Move1.PickupCoarseMove,1,"{""pedalAxisName"":""TaskSwitchPedal"",""usePlusMinusKeys"":true,""positivePedalKey"":61,""negativePedalKey"":45,""invertPedalAxis"":false,""pressThreshold"":0.5,""releaseThreshold"":0.20000000298023225,""minimumIntervalSeconds"":5.0,""maximumIntervalSeconds"":10.0,""minimumValidReactionSeconds"":0.10000000149011612,""randomSeed"":72373550}",,0,0.000000,0.823483,CorrectSidePress,1,0,0,-1,Correct,1,0.823483,486.369009,0.823483,0.000000,0,1,PlusMinusKeys,0,1
20261009T064916211Z_facf92f9bb4844ea8288d0a5e8ae0f15,,,1,1,StimulusScheduled,Visual,2026-10-09T06:57:22.5833874Z,486.369339,480.592575,21379,5,0,OperatingSource,0,0,1,57,Left,-1,,,,,0,0,-1.000000,TaskSwitchPedal,0,0.500000,0.200000,,0.100000,5.000000,10.000000,72373550,483.925952,490.651452,,493.094839,,,,0,0,,,,,,Move1,Move1.PickupCoarseMove,1,"{""pedalAxisName"":""TaskSwitchPedal"",""usePlusMinusKeys"":true,""positivePedalKey"":61,""negativePedalKey"":45,""invertPedalAxis"":false,""pressThreshold"":0.5,""releaseThreshold"":0.20000000298023225,""minimumIntervalSeconds"":5.0,""maximumIntervalSeconds"":10.0,""minimumValidReactionSeconds"":0.10000000149011612,""randomSeed"":72373550}",,0,0.000000,,CorrectSidePress,0,0,0,,,,,,,0.000000,0,1,PlusMinusKeys,0,1
20261009T064916211Z_facf92f9bb4844ea8288d0a5e8ae0f15,,,1,1,StimulusOnsetObserved,Visual,2026-10-09T06:57:29.3104891Z,493.096454,487.320439,21683,5,0,OperatingSource,0,0,1,57,Left,-1,,,,,1,0,0.000000,TaskSwitchPedal,0,0.500000,0.200000,,0.100000,5.000000,10.000000,72373550,490.653067,490.651452,490.653067,493.094839,493.096454,0.001616,,1,0,5,0,OperatingSource,Move1,Move1.PickupFineAlign,Move1,Move1.PickupFineAlign,1,"{""pedalAxisName"":""TaskSwitchPedal"",""usePlusMinusKeys"":true,""positivePedalKey"":61,""negativePedalKey"":45,""invertPedalAxis"":false,""pressThreshold"":0.5,""releaseThreshold"":0.20000000298023225,""minimumIntervalSeconds"":5.0,""maximumIntervalSeconds"":10.0,""minimumValidReactionSeconds"":0.10000000149011612,""randomSeed"":72373550}",,0,0.000000,,CorrectSidePress,0,0,0,,,,,,,0.000000,0,0,Axis,0,1
20261009T064916211Z_facf92f9bb4844ea8288d0a5e8ae0f15,,,1,1,PedalPressed,Visual,2026-10-09T06:57:30.9607217Z,494.745818,488.969830,21756,5,0,OperatingSource,0,0,1,57,Left,-1,-1,Correct,1,1.649363,1,0,-1.000000,TaskSwitchPedal,0,0.500000,0.200000,,0.100000,5.000000,10.000000,72373550,492.302430,490.651452,490.653067,493.094839,493.096454,0.001616,494.745818,1,0,5,0,OperatingSource,Move1,Move1.PickupFineAlign,Move1,Move1.PickupFineAlign,1,"{""pedalAxisName"":""TaskSwitchPedal"",""usePlusMinusKeys"":true,""positivePedalKey"":61,""negativePedalKey"":45,""invertPedalAxis"":false,""pressThreshold"":0.5,""releaseThreshold"":0.20000000298023225,""minimumIntervalSeconds"":5.0,""maximumIntervalSeconds"":10.0,""minimumValidReactionSeconds"":0.10000000149011612,""randomSeed"":72373550}",,0,0.000000,1.649364,CorrectSidePress,1,0,0,-1,Correct,1,1.649363,494.745818,1.649364,0.000000,0,1,PlusMinusKeys,0,1
20261009T064916211Z_facf92f9bb4844ea8288d0a5e8ae0f15,,,1,1,TrialFinished,Visual,2026-10-09T06:57:30.9607217Z,494.745818,488.969830,21756,5,0,OperatingSource,0,0,1,57,Left,-1,-1,Correct,1,1.649363,1,0,-1.000000,TaskSwitchPedal,0,0.500000,0.200000,,0.100000,5.000000,10.000000,72373550,492.302430,490.651452,490.653067,493.094839,493.096454,0.001616,494.745818,0,0,5,0,OperatingSource,Move1,Move1.PickupFineAlign,Move1,Move1.PickupFineAlign,1,"{""pedalAxisName"":""TaskSwitchPedal"",""usePlusMinusKeys"":true,""positivePedalKey"":61,""negativePedalKey"":45,""invertPedalAxis"":false,""pressThreshold"":0.5,""releaseThreshold"":0.20000000298023225,""minimumIntervalSeconds"":5.0,""maximumIntervalSeconds"":10.0,""minimumValidReactionSeconds"":0.10000000149011612,""randomSeed"":72373550}",,0,0.000000,1.649364,CorrectSidePress,1,0,0,-1,Correct,1,1.649363,494.745818,1.649364,0.000000,0,1,PlusMinusKeys,0,1
20261009T064916211Z_facf92f9bb4844ea8288d0a5e8ae0f15,,,1,1,StimulusScheduled,Visual,2026-10-09T06:57:30.9607217Z,494.746350,488.969830,21756,5,0,OperatingSource,0,0,1,58,Right,1,,,,,0,0,-1.000000,TaskSwitchPedal,0,0.500000,0.200000,,0.100000,5.000000,10.000000,72373550,492.302963,499.676252,,502.119639,,,,0,0,,,,,,Move1,Move1.PickupFineAlign,1,"{""pedalAxisName"":""TaskSwitchPedal"",""usePlusMinusKeys"":true,""positivePedalKey"":61,""negativePedalKey"":45,""invertPedalAxis"":false,""pressThreshold"":0.5,""releaseThreshold"":0.20000000298023225,""minimumIntervalSeconds"":5.0,""maximumIntervalSeconds"":10.0,""minimumValidReactionSeconds"":0.10000000149011612,""randomSeed"":72373550}",,0,0.000000,,CorrectSidePress,0,0,0,,,,,,,0.000000,0,1,PlusMinusKeys,0,1
20261009T064916211Z_facf92f9bb4844ea8288d0a5e8ae0f15,,,1,1,StimulusOnsetObserved,Visual,2026-10-09T06:57:38.3337324Z,502.119760,496.343744,22032,5,0,OperatingSource,0,0,1,58,Right,1,,,,,1,0,0.000000,TaskSwitchPedal,0,0.500000,0.200000,,0.100000,5.000000,10.000000,72373550,499.676372,499.676252,499.676372,502.119639,502.119760,0.000120,,0,1,5,0,OperatingSource,LiftUp,LiftUp.PickupLowering,LiftUp,LiftUp.PickupLowering,1,"{""pedalAxisName"":""TaskSwitchPedal"",""usePlusMinusKeys"":true,""positivePedalKey"":61,""negativePedalKey"":45,""invertPedalAxis"":false,""pressThreshold"":0.5,""releaseThreshold"":0.20000000298023225,""minimumIntervalSeconds"":5.0,""maximumIntervalSeconds"":10.0,""minimumValidReactionSeconds"":0.10000000149011612,""randomSeed"":72373550}",,0,0.000000,,CorrectSidePress,0,0,0,,,,,,,0.000000,0,0,Axis,0,1
20261009T064916211Z_facf92f9bb4844ea8288d0a5e8ae0f15,,,1,1,PedalPressed,Visual,2026-10-09T06:57:39.1533185Z,502.938906,497.161510,22058,5,0,OperatingSource,0,0,1,58,Right,1,1,Correct,1,0.819146,1,0,1.000000,TaskSwitchPedal,0,0.500000,0.200000,,0.100000,5.000000,10.000000,72373550,500.495518,499.676252,499.676372,502.119639,502.119760,0.000120,502.938906,0,1,5,0,OperatingSource,LiftUp,LiftUp.PickupLowering,LiftUp,LiftUp.LoadAcquisition,1,"{""pedalAxisName"":""TaskSwitchPedal"",""usePlusMinusKeys"":true,""positivePedalKey"":61,""negativePedalKey"":45,""invertPedalAxis"":false,""pressThreshold"":0.5,""releaseThreshold"":0.20000000298023225,""minimumIntervalSeconds"":5.0,""maximumIntervalSeconds"":10.0,""minimumValidReactionSeconds"":0.10000000149011612,""randomSeed"":72373550}",,0,0.000000,0.819146,CorrectSidePress,1,0,0,1,Correct,1,0.819146,502.938906,0.819146,0.000000,1,0,PlusMinusKeys,0,1
20261009T064916211Z_facf92f9bb4844ea8288d0a5e8ae0f15,,,1,1,TrialFinished,Visual,2026-10-09T06:57:39.1533185Z,502.938906,497.161510,22058,5,0,OperatingSource,0,0,1,58,Right,1,1,Correct,1,0.819146,1,0,1.000000,TaskSwitchPedal,0,0.500000,0.200000,,0.100000,5.000000,10.000000,72373550,500.495518,499.676252,499.676372,502.119639,502.119760,0.000120,502.938906,0,0,5,0,OperatingSource,LiftUp,LiftUp.PickupLowering,LiftUp,LiftUp.LoadAcquisition,1,"{""pedalAxisName"":""TaskSwitchPedal"",""usePlusMinusKeys"":true,""positivePedalKey"":61,""negativePedalKey"":45,""invertPedalAxis"":false,""pressThreshold"":0.5,""releaseThreshold"":0.20000000298023225,""minimumIntervalSeconds"":5.0,""maximumIntervalSeconds"":10.0,""minimumValidReactionSeconds"":0.10000000149011612,""randomSeed"":72373550}",,0,0.000000,0.819146,CorrectSidePress,1,0,0,1,Correct,1,0.819146,502.938906,0.819146,0.000000,1,0,PlusMinusKeys,0,1
20261009T064916211Z_facf92f9bb4844ea8288d0a5e8ae0f15,,,1,1,StimulusScheduled,Visual,2026-10-09T06:57:39.1533185Z,502.939227,497.161510,22058,5,0,OperatingSource,0,0,1,59,Left,-1,,,,,0,0,1.000000,TaskSwitchPedal,0,0.500000,0.200000,,0.100000,5.000000,10.000000,72373550,500.495841,509.148025,,511.591412,,,,0,0,,,,,,LiftUp,LiftUp.LoadAcquisition,1,"{""pedalAxisName"":""TaskSwitchPedal"",""usePlusMinusKeys"":true,""positivePedalKey"":61,""negativePedalKey"":45,""invertPedalAxis"":false,""pressThreshold"":0.5,""releaseThreshold"":0.20000000298023225,""minimumIntervalSeconds"":5.0,""maximumIntervalSeconds"":10.0,""minimumValidReactionSeconds"":0.10000000149011612,""randomSeed"":72373550}",,0,0.000000,,CorrectSidePress,0,0,0,,,,,,,0.000000,1,0,PlusMinusKeys,0,1
20261009T064916211Z_facf92f9bb4844ea8288d0a5e8ae0f15,,,1,1,StimulusOnsetObserved,Visual,2026-10-09T06:57:47.8245042Z,511.610341,505.834690,22337,5,0,OperatingSource,0,0,1,59,Left,-1,,,,,1,0,0.000000,TaskSwitchPedal,0,0.500000,0.200000,,0.100000,5.000000,10.000000,72373550,509.166954,509.148025,509.166954,511.591412,511.610341,0.018929,,1,0,5,0,OperatingSource,Move2,Move2.DestinationCoarseMove,Move2,Move2.DestinationCoarseMove,1,"{""pedalAxisName"":""TaskSwitchPedal"",""usePlusMinusKeys"":true,""positivePedalKey"":61,""negativePedalKey"":45,""invertPedalAxis"":false,""pressThreshold"":0.5,""releaseThreshold"":0.20000000298023225,""minimumIntervalSeconds"":5.0,""maximumIntervalSeconds"":10.0,""minimumValidReactionSeconds"":0.10000000149011612,""randomSeed"":72373550}",,0,0.000000,,CorrectSidePress,0,0,0,,,,,,,0.000000,0,0,Axis,0,1
20261009T064916211Z_facf92f9bb4844ea8288d0a5e8ae0f15,,,1,1,PedalPressed,Visual,2026-10-09T06:57:49.0154028Z,512.800857,507.023244,22375,5,0,OperatingSource,0,0,1,59,Left,-1,-1,Correct,1,1.190516,1,0,-1.000000,TaskSwitchPedal,0,0.500000,0.200000,,0.100000,5.000000,10.000000,72373550,510.357470,509.148025,509.166954,511.591412,511.610341,0.018929,512.800857,1,0,5,0,OperatingSource,Move2,Move2.DestinationCoarseMove,Move2,Move2.DestinationCoarseMove,1,"{""pedalAxisName"":""TaskSwitchPedal"",""usePlusMinusKeys"":true,""positivePedalKey"":61,""negativePedalKey"":45,""invertPedalAxis"":false,""pressThreshold"":0.5,""releaseThreshold"":0.20000000298023225,""minimumIntervalSeconds"":5.0,""maximumIntervalSeconds"":10.0,""minimumValidReactionSeconds"":0.10000000149011612,""randomSeed"":72373550}",,0,0.000000,1.190516,CorrectSidePress,1,0,0,-1,Correct,1,1.190516,512.800857,1.190516,0.000000,0,1,PlusMinusKeys,0,1
20261009T064916211Z_facf92f9bb4844ea8288d0a5e8ae0f15,,,1,1,TrialFinished,Visual,2026-10-09T06:57:49.0154028Z,512.800857,507.023244,22375,5,0,OperatingSource,0,0,1,59,Left,-1,-1,Correct,1,1.190516,1,0,-1.000000,TaskSwitchPedal,0,0.500000,0.200000,,0.100000,5.000000,10.000000,72373550,510.357470,509.148025,509.166954,511.591412,511.610341,0.018929,512.800857,0,0,5,0,OperatingSource,Move2,Move2.DestinationCoarseMove,Move2,Move2.DestinationCoarseMove,1,"{""pedalAxisName"":""TaskSwitchPedal"",""usePlusMinusKeys"":true,""positivePedalKey"":61,""negativePedalKey"":45,""invertPedalAxis"":false,""pressThreshold"":0.5,""releaseThreshold"":0.20000000298023225,""minimumIntervalSeconds"":5.0,""maximumIntervalSeconds"":10.0,""minimumValidReactionSeconds"":0.10000000149011612,""randomSeed"":72373550}",,0,0.000000,1.190516,CorrectSidePress,1,0,0,-1,Correct,1,1.190516,512.800857,1.190516,0.000000,0,1,PlusMinusKeys,0,1
20261009T064916211Z_facf92f9bb4844ea8288d0a5e8ae0f15,,,1,1,StimulusScheduled,Visual,2026-10-09T06:57:49.0154028Z,512.801274,507.023244,22375,5,0,OperatingSource,0,0,1,60,Right,1,,,,,0,0,-1.000000,TaskSwitchPedal,0,0.500000,0.200000,,0.100000,5.000000,10.000000,72373550,510.357887,515.446441,,517.889828,,,,0,0,,,,,,Move2,Move2.DestinationCoarseMove,1,"{""pedalAxisName"":""TaskSwitchPedal"",""usePlusMinusKeys"":true,""positivePedalKey"":61,""negativePedalKey"":45,""invertPedalAxis"":false,""pressThreshold"":0.5,""releaseThreshold"":0.20000000298023225,""minimumIntervalSeconds"":5.0,""maximumIntervalSeconds"":10.0,""minimumValidReactionSeconds"":0.10000000149011612,""randomSeed"":72373550}",,0,0.000000,,CorrectSidePress,0,0,0,,,,,,,0.000000,0,1,PlusMinusKeys,0,1
20261009T064916211Z_facf92f9bb4844ea8288d0a5e8ae0f15,,,1,1,StimulusOnsetObserved,Visual,2026-10-09T06:57:54.1093424Z,517.895928,512.120209,22538,5,0,OperatingSource,0,0,1,60,Right,1,,,,,1,0,0.000000,TaskSwitchPedal,0,0.500000,0.200000,,0.100000,5.000000,10.000000,72373550,515.452541,515.446441,515.452541,517.889828,517.895928,0.006100,,0,1,5,0,OperatingSource,Move2,Move2.DestinationCoarseMove,Move2,Move2.DestinationCoarseMove,1,"{""pedalAxisName"":""TaskSwitchPedal"",""usePlusMinusKeys"":true,""positivePedalKey"":61,""negativePedalKey"":45,""invertPedalAxis"":false,""pressThreshold"":0.5,""releaseThreshold"":0.20000000298023225,""minimumIntervalSeconds"":5.0,""maximumIntervalSeconds"":10.0,""minimumValidReactionSeconds"":0.10000000149011612,""randomSeed"":72373550}",,0,0.000000,,CorrectSidePress,0,0,0,,,,,,,0.000000,0,0,Axis,0,1
20261009T064916211Z_facf92f9bb4844ea8288d0a5e8ae0f15,,,1,1,PedalPressed,Visual,2026-10-09T06:57:55.1182030Z,518.905315,513.127009,22568,5,0,OperatingSource,0,0,1,60,Right,1,1,Correct,1,1.009386,1,0,1.000000,TaskSwitchPedal,0,0.500000,0.200000,,0.100000,5.000000,10.000000,72373550,516.461927,515.446441,515.452541,517.889828,517.895928,0.006100,518.905315,0,1,5,0,OperatingSource,Move2,Move2.DestinationCoarseMove,Move2,Move2.DestinationCoarseMove,1,"{""pedalAxisName"":""TaskSwitchPedal"",""usePlusMinusKeys"":true,""positivePedalKey"":61,""negativePedalKey"":45,""invertPedalAxis"":false,""pressThreshold"":0.5,""releaseThreshold"":0.20000000298023225,""minimumIntervalSeconds"":5.0,""maximumIntervalSeconds"":10.0,""minimumValidReactionSeconds"":0.10000000149011612,""randomSeed"":72373550}",,0,0.000000,1.009386,CorrectSidePress,1,0,0,1,Correct,1,1.009386,518.905315,1.009386,0.000000,1,0,PlusMinusKeys,0,1
20261009T064916211Z_facf92f9bb4844ea8288d0a5e8ae0f15,,,1,1,TrialFinished,Visual,2026-10-09T06:57:55.1199992Z,518.905315,513.127009,22568,5,0,OperatingSource,0,0,1,60,Right,1,1,Correct,1,1.009386,1,0,1.000000,TaskSwitchPedal,0,0.500000,0.200000,,0.100000,5.000000,10.000000,72373550,516.461927,515.446441,515.452541,517.889828,517.895928,0.006100,518.905315,0,0,5,0,OperatingSource,Move2,Move2.DestinationCoarseMove,Move2,Move2.DestinationCoarseMove,1,"{""pedalAxisName"":""TaskSwitchPedal"",""usePlusMinusKeys"":true,""positivePedalKey"":61,""negativePedalKey"":45,""invertPedalAxis"":false,""pressThreshold"":0.5,""releaseThreshold"":0.20000000298023225,""minimumIntervalSeconds"":5.0,""maximumIntervalSeconds"":10.0,""minimumValidReactionSeconds"":0.10000000149011612,""randomSeed"":72373550}",,0,0.000000,1.009386,CorrectSidePress,1,0,0,1,Correct,1,1.009386,518.905315,1.009386,0.000000,1,0,PlusMinusKeys,0,1
20261009T064916211Z_facf92f9bb4844ea8288d0a5e8ae0f15,,,1,1,StimulusScheduled,Visual,2026-10-09T06:57:55.1199992Z,518.905704,513.127009,22568,5,0,OperatingSource,0,0,1,61,Left,-1,,,,,0,0,1.000000,TaskSwitchPedal,0,0.500000,0.200000,,0.100000,5.000000,10.000000,72373550,516.462317,523.553078,,525.996465,,,,0,0,,,,,,Move2,Move2.DestinationCoarseMove,1,"{""pedalAxisName"":""TaskSwitchPedal"",""usePlusMinusKeys"":true,""positivePedalKey"":61,""negativePedalKey"":45,""invertPedalAxis"":false,""pressThreshold"":0.5,""releaseThreshold"":0.20000000298023225,""minimumIntervalSeconds"":5.0,""maximumIntervalSeconds"":10.0,""minimumValidReactionSeconds"":0.10000000149011612,""randomSeed"":72373550}",,0,0.000000,,CorrectSidePress,0,0,0,,,,,,,0.000000,1,0,PlusMinusKeys,0,1
20261009T064916211Z_facf92f9bb4844ea8288d0a5e8ae0f15,,,1,1,StimulusOnsetObserved,Visual,2026-10-09T06:58:02.2339126Z,526.019900,520.243698,22828,6,1,OperatingTarget,0,0,1,61,Left,-1,,,,,1,0,0.000000,TaskSwitchPedal,0,0.500000,0.200000,,0.100000,5.000000,10.000000,72373550,523.576513,523.553078,523.576513,525.996465,526.019900,0.023435,,1,0,6,1,OperatingTarget,Move2,Move2.DestinationCoarseMove,Move2,Move2.DestinationCoarseMove,1,"{""pedalAxisName"":""TaskSwitchPedal"",""usePlusMinusKeys"":true,""positivePedalKey"":61,""negativePedalKey"":45,""invertPedalAxis"":false,""pressThreshold"":0.5,""releaseThreshold"":0.20000000298023225,""minimumIntervalSeconds"":5.0,""maximumIntervalSeconds"":10.0,""minimumValidReactionSeconds"":0.10000000149011612,""randomSeed"":72373550}",,0,0.000000,,CorrectSidePress,0,0,0,,,,,,,0.000000,0,0,Axis,0,1
20261009T064916211Z_facf92f9bb4844ea8288d0a5e8ae0f15,,,1,1,PedalPressed,Visual,2026-10-09T06:58:03.2037120Z,526.989953,521.211213,22859,6,1,OperatingTarget,0,0,1,61,Left,-1,-1,Correct,1,0.970053,1,0,-1.000000,TaskSwitchPedal,0,0.500000,0.200000,,0.100000,5.000000,10.000000,72373550,524.546566,523.553078,523.576513,525.996465,526.019900,0.023435,526.989953,1,0,6,1,OperatingTarget,Move2,Move2.DestinationCoarseMove,Move2,Move2.DestinationCoarseMove,1,"{""pedalAxisName"":""TaskSwitchPedal"",""usePlusMinusKeys"":true,""positivePedalKey"":61,""negativePedalKey"":45,""invertPedalAxis"":false,""pressThreshold"":0.5,""releaseThreshold"":0.20000000298023225,""minimumIntervalSeconds"":5.0,""maximumIntervalSeconds"":10.0,""minimumValidReactionSeconds"":0.10000000149011612,""randomSeed"":72373550}",,0,0.000000,0.970053,CorrectSidePress,1,0,0,-1,Correct,1,0.970053,526.989953,0.970053,0.000000,0,1,PlusMinusKeys,0,1
20261009T064916211Z_facf92f9bb4844ea8288d0a5e8ae0f15,,,1,1,TrialFinished,Visual,2026-10-09T06:58:03.2037120Z,526.989953,521.211213,22859,6,1,OperatingTarget,0,0,1,61,Left,-1,-1,Correct,1,0.970053,1,0,-1.000000,TaskSwitchPedal,0,0.500000,0.200000,,0.100000,5.000000,10.000000,72373550,524.546566,523.553078,523.576513,525.996465,526.019900,0.023435,526.989953,0,0,6,1,OperatingTarget,Move2,Move2.DestinationCoarseMove,Move2,Move2.DestinationCoarseMove,1,"{""pedalAxisName"":""TaskSwitchPedal"",""usePlusMinusKeys"":true,""positivePedalKey"":61,""negativePedalKey"":45,""invertPedalAxis"":false,""pressThreshold"":0.5,""releaseThreshold"":0.20000000298023225,""minimumIntervalSeconds"":5.0,""maximumIntervalSeconds"":10.0,""minimumValidReactionSeconds"":0.10000000149011612,""randomSeed"":72373550}",,0,0.000000,0.970053,CorrectSidePress,1,0,0,-1,Correct,1,0.970053,526.989953,0.970053,0.000000,0,1,PlusMinusKeys,0,1
20261009T064916211Z_facf92f9bb4844ea8288d0a5e8ae0f15,,,1,1,StimulusScheduled,Visual,2026-10-09T06:58:03.2037120Z,526.990277,521.211213,22859,6,1,OperatingTarget,0,0,1,62,Right,1,,,,,0,0,-1.000000,TaskSwitchPedal,0,0.500000,0.200000,,0.100000,5.000000,10.000000,72373550,524.546890,534.106654,,536.550041,,,,0,0,,,,,,Move2,Move2.DestinationCoarseMove,1,"{""pedalAxisName"":""TaskSwitchPedal"",""usePlusMinusKeys"":true,""positivePedalKey"":61,""negativePedalKey"":45,""invertPedalAxis"":false,""pressThreshold"":0.5,""releaseThreshold"":0.20000000298023225,""minimumIntervalSeconds"":5.0,""maximumIntervalSeconds"":10.0,""minimumValidReactionSeconds"":0.10000000149011612,""randomSeed"":72373550}",,0,0.000000,,CorrectSidePress,0,0,0,,,,,,,0.000000,0,1,PlusMinusKeys,0,1
20261009T064916211Z_facf92f9bb4844ea8288d0a5e8ae0f15,,,1,1,StimulusOnsetObserved,Visual,2026-10-09T06:58:12.7644000Z,536.551215,530.775295,23167,6,1,OperatingTarget,0,0,1,62,Right,1,,,,,1,0,0.000000,TaskSwitchPedal,0,0.500000,0.200000,,0.100000,5.000000,10.000000,72373550,534.107827,534.106654,534.107827,536.550041,536.551215,0.001173,,0,1,6,1,OperatingTarget,Place,Place.PlacementLowering,Place,Place.PlacementLowering,1,"{""pedalAxisName"":""TaskSwitchPedal"",""usePlusMinusKeys"":true,""positivePedalKey"":61,""negativePedalKey"":45,""invertPedalAxis"":false,""pressThreshold"":0.5,""releaseThreshold"":0.20000000298023225,""minimumIntervalSeconds"":5.0,""maximumIntervalSeconds"":10.0,""minimumValidReactionSeconds"":0.10000000149011612,""randomSeed"":72373550}",,0,0.000000,,CorrectSidePress,0,0,0,,,,,,,0.000000,0,0,Axis,0,1
20261009T064916211Z_facf92f9bb4844ea8288d0a5e8ae0f15,,,1,1,PedalPressed,Visual,2026-10-09T06:58:13.7458413Z,537.532193,531.751731,23196,6,1,OperatingTarget,0,0,1,62,Right,1,1,Correct,1,0.980978,1,0,1.000000,TaskSwitchPedal,0,0.500000,0.200000,,0.100000,5.000000,10.000000,72373550,535.088806,534.106654,534.107827,536.550041,536.551215,0.001173,537.532193,0,1,6,1,OperatingTarget,Place,Place.PlacementLowering,Place,Place.PlacementLowering,1,"{""pedalAxisName"":""TaskSwitchPedal"",""usePlusMinusKeys"":true,""positivePedalKey"":61,""negativePedalKey"":45,""invertPedalAxis"":false,""pressThreshold"":0.5,""releaseThreshold"":0.20000000298023225,""minimumIntervalSeconds"":5.0,""maximumIntervalSeconds"":10.0,""minimumValidReactionSeconds"":0.10000000149011612,""randomSeed"":72373550}",,0,0.000000,0.980978,CorrectSidePress,1,0,0,1,Correct,1,0.980978,537.532193,0.980978,0.000000,1,0,PlusMinusKeys,0,1
20261009T064916211Z_facf92f9bb4844ea8288d0a5e8ae0f15,,,1,1,TrialFinished,Visual,2026-10-09T06:58:13.7458413Z,537.532193,531.751731,23196,6,1,OperatingTarget,0,0,1,62,Right,1,1,Correct,1,0.980978,1,0,1.000000,TaskSwitchPedal,0,0.500000,0.200000,,0.100000,5.000000,10.000000,72373550,535.088806,534.106654,534.107827,536.550041,536.551215,0.001173,537.532193,0,0,6,1,OperatingTarget,Place,Place.PlacementLowering,Place,Place.PlacementLowering,1,"{""pedalAxisName"":""TaskSwitchPedal"",""usePlusMinusKeys"":true,""positivePedalKey"":61,""negativePedalKey"":45,""invertPedalAxis"":false,""pressThreshold"":0.5,""releaseThreshold"":0.20000000298023225,""minimumIntervalSeconds"":5.0,""maximumIntervalSeconds"":10.0,""minimumValidReactionSeconds"":0.10000000149011612,""randomSeed"":72373550}",,0,0.000000,0.980978,CorrectSidePress,1,0,0,1,Correct,1,0.980978,537.532193,0.980978,0.000000,1,0,PlusMinusKeys,0,1
20261009T064916211Z_facf92f9bb4844ea8288d0a5e8ae0f15,,,1,1,StimulusScheduled,Visual,2026-10-09T06:58:13.7458413Z,537.532512,531.751731,23196,6,1,OperatingTarget,0,0,1,63,Right,1,,,,,0,0,1.000000,TaskSwitchPedal,0,0.500000,0.200000,,0.100000,5.000000,10.000000,72373550,535.089125,541.596493,,544.039880,,,,0,0,,,,,,Place,Place.PlacementLowering,1,"{""pedalAxisName"":""TaskSwitchPedal"",""usePlusMinusKeys"":true,""positivePedalKey"":61,""negativePedalKey"":45,""invertPedalAxis"":false,""pressThreshold"":0.5,""releaseThreshold"":0.20000000298023225,""minimumIntervalSeconds"":5.0,""maximumIntervalSeconds"":10.0,""minimumValidReactionSeconds"":0.10000000149011612,""randomSeed"":72373550}",,0,0.000000,,CorrectSidePress,0,0,0,,,,,,,0.000000,1,0,PlusMinusKeys,0,1
20261009T064916211Z_facf92f9bb4844ea8288d0a5e8ae0f15,,,1,1,StimulusOnsetObserved,Visual,2026-10-09T06:58:20.2676609Z,544.054038,538.278499,23452,6,1,OperatingTarget,0,0,1,63,Right,1,,,,,1,0,0.000000,TaskSwitchPedal,0,0.500000,0.200000,,0.100000,5.000000,10.000000,72373550,541.610651,541.596493,541.610651,544.039880,544.054038,0.014157,,0,1,6,1,OperatingTarget,Place,Place.PostPlacementRaising,Place,Place.PostPlacementRaising,1,"{""pedalAxisName"":""TaskSwitchPedal"",""usePlusMinusKeys"":true,""positivePedalKey"":61,""negativePedalKey"":45,""invertPedalAxis"":false,""pressThreshold"":0.5,""releaseThreshold"":0.20000000298023225,""minimumIntervalSeconds"":5.0,""maximumIntervalSeconds"":10.0,""minimumValidReactionSeconds"":0.10000000149011612,""randomSeed"":72373550}",,0,0.000000,,CorrectSidePress,0,0,0,,,,,,,0.000000,0,0,Axis,0,1
20261009T064916211Z_facf92f9bb4844ea8288d0a5e8ae0f15,,,1,1,PedalPressed,Visual,2026-10-09T06:58:21.0897874Z,544.876699,539.101134,23492,6,1,OperatingTarget,0,0,1,63,Right,1,1,Correct,1,0.822661,1,0,1.000000,TaskSwitchPedal,0,0.500000,0.200000,,0.100000,5.000000,10.000000,72373550,542.433311,541.596493,541.610651,544.039880,544.054038,0.014157,544.876699,0,1,6,1,OperatingTarget,Place,Place.PostPlacementRaising,Place,Place.PostPlacementRaising,1,"{""pedalAxisName"":""TaskSwitchPedal"",""usePlusMinusKeys"":true,""positivePedalKey"":61,""negativePedalKey"":45,""invertPedalAxis"":false,""pressThreshold"":0.5,""releaseThreshold"":0.20000000298023225,""minimumIntervalSeconds"":5.0,""maximumIntervalSeconds"":10.0,""minimumValidReactionSeconds"":0.10000000149011612,""randomSeed"":72373550}",,0,0.000000,0.822661,CorrectSidePress,1,0,0,1,Correct,1,0.822661,544.876699,0.822661,0.000000,1,0,PlusMinusKeys,0,1
20261009T064916211Z_facf92f9bb4844ea8288d0a5e8ae0f15,,,1,1,TrialFinished,Visual,2026-10-09T06:58:21.0907880Z,544.876699,539.101134,23492,6,1,OperatingTarget,0,0,1,63,Right,1,1,Correct,1,0.822661,1,0,1.000000,TaskSwitchPedal,0,0.500000,0.200000,,0.100000,5.000000,10.000000,72373550,542.433311,541.596493,541.610651,544.039880,544.054038,0.014157,544.876699,0,0,6,1,OperatingTarget,Place,Place.PostPlacementRaising,Place,Place.PostPlacementRaising,1,"{""pedalAxisName"":""TaskSwitchPedal"",""usePlusMinusKeys"":true,""positivePedalKey"":61,""negativePedalKey"":45,""invertPedalAxis"":false,""pressThreshold"":0.5,""releaseThreshold"":0.20000000298023225,""minimumIntervalSeconds"":5.0,""maximumIntervalSeconds"":10.0,""minimumValidReactionSeconds"":0.10000000149011612,""randomSeed"":72373550}",,0,0.000000,0.822661,CorrectSidePress,1,0,0,1,Correct,1,0.822661,544.876699,0.822661,0.000000,1,0,PlusMinusKeys,0,1
20261009T064916211Z_facf92f9bb4844ea8288d0a5e8ae0f15,,,1,1,StimulusScheduled,Visual,2026-10-09T06:58:21.0907880Z,544.877279,539.101134,23492,6,1,OperatingTarget,0,0,1,64,Left,-1,,,,,0,0,1.000000,TaskSwitchPedal,0,0.500000,0.200000,,0.100000,5.000000,10.000000,72373550,542.433891,551.394226,,553.837613,,,,0,0,,,,,,Place,Place.PostPlacementRaising,1,"{""pedalAxisName"":""TaskSwitchPedal"",""usePlusMinusKeys"":true,""positivePedalKey"":61,""negativePedalKey"":45,""invertPedalAxis"":false,""pressThreshold"":0.5,""releaseThreshold"":0.20000000298023225,""minimumIntervalSeconds"":5.0,""maximumIntervalSeconds"":10.0,""minimumValidReactionSeconds"":0.10000000149011612,""randomSeed"":72373550}",,0,0.000000,,CorrectSidePress,0,0,0,,,,,,,0.000000,1,0,PlusMinusKeys,0,1
20261009T064916211Z_facf92f9bb4844ea8288d0a5e8ae0f15,,,1,1,StimulusOnsetObserved,Visual,2026-10-09T06:58:30.0509352Z,553.837624,548.062275,23905,6,0,OperatingSource,0,0,1,64,Left,-1,,,,,1,0,0.000000,TaskSwitchPedal,0,0.500000,0.200000,,0.100000,5.000000,10.000000,72373550,551.394237,551.394226,551.394237,553.837613,553.837624,0.000011,,1,0,6,0,OperatingSource,Move2,Move2.DestinationCoarseMove,Move2,Move2.DestinationCoarseMove,1,"{""pedalAxisName"":""TaskSwitchPedal"",""usePlusMinusKeys"":true,""positivePedalKey"":61,""negativePedalKey"":45,""invertPedalAxis"":false,""pressThreshold"":0.5,""releaseThreshold"":0.20000000298023225,""minimumIntervalSeconds"":5.0,""maximumIntervalSeconds"":10.0,""minimumValidReactionSeconds"":0.10000000149011612,""randomSeed"":72373550}",,0,0.000000,,CorrectSidePress,0,0,0,,,,,,,0.000000,0,0,Axis,0,1
20261009T064916211Z_facf92f9bb4844ea8288d0a5e8ae0f15,,,1,1,PedalPressed,Visual,2026-10-09T06:58:31.7983136Z,555.584928,549.809555,23986,6,0,OperatingSource,0,0,1,64,Left,-1,-1,Correct,1,1.747304,1,0,-1.000000,TaskSwitchPedal,0,0.500000,0.200000,,0.100000,5.000000,10.000000,72373550,553.141541,551.394226,551.394237,553.837613,553.837624,0.000011,555.584928,1,0,6,0,OperatingSource,Move2,Move2.DestinationCoarseMove,Move2,Move2.DestinationCoarseMove,1,"{""pedalAxisName"":""TaskSwitchPedal"",""usePlusMinusKeys"":true,""positivePedalKey"":61,""negativePedalKey"":45,""invertPedalAxis"":false,""pressThreshold"":0.5,""releaseThreshold"":0.20000000298023225,""minimumIntervalSeconds"":5.0,""maximumIntervalSeconds"":10.0,""minimumValidReactionSeconds"":0.10000000149011612,""randomSeed"":72373550}",,0,0.000000,1.747304,CorrectSidePress,1,0,0,-1,Correct,1,1.747304,555.584928,1.747304,0.000000,0,1,PlusMinusKeys,0,1
20261009T064916211Z_facf92f9bb4844ea8288d0a5e8ae0f15,,,1,1,TrialFinished,Visual,2026-10-09T06:58:31.7983136Z,555.584928,549.809555,23986,6,0,OperatingSource,0,0,1,64,Left,-1,-1,Correct,1,1.747304,1,0,-1.000000,TaskSwitchPedal,0,0.500000,0.200000,,0.100000,5.000000,10.000000,72373550,553.141541,551.394226,551.394237,553.837613,553.837624,0.000011,555.584928,0,0,6,0,OperatingSource,Move2,Move2.DestinationCoarseMove,Move2,Move2.DestinationCoarseMove,1,"{""pedalAxisName"":""TaskSwitchPedal"",""usePlusMinusKeys"":true,""positivePedalKey"":61,""negativePedalKey"":45,""invertPedalAxis"":false,""pressThreshold"":0.5,""releaseThreshold"":0.20000000298023225,""minimumIntervalSeconds"":5.0,""maximumIntervalSeconds"":10.0,""minimumValidReactionSeconds"":0.10000000149011612,""randomSeed"":72373550}",,0,0.000000,1.747304,CorrectSidePress,1,0,0,-1,Correct,1,1.747304,555.584928,1.747304,0.000000,0,1,PlusMinusKeys,0,1
20261009T064916211Z_facf92f9bb4844ea8288d0a5e8ae0f15,,,1,1,StimulusScheduled,Visual,2026-10-09T06:58:31.7983136Z,555.585325,549.809555,23986,6,0,OperatingSource,0,0,1,65,Right,1,,,,,0,0,-1.000000,TaskSwitchPedal,0,0.500000,0.200000,,0.100000,5.000000,10.000000,72373550,553.141938,559.947204,,562.390591,,,,0,0,,,,,,Move2,Move2.DestinationCoarseMove,1,"{""pedalAxisName"":""TaskSwitchPedal"",""usePlusMinusKeys"":true,""positivePedalKey"":61,""negativePedalKey"":45,""invertPedalAxis"":false,""pressThreshold"":0.5,""releaseThreshold"":0.20000000298023225,""minimumIntervalSeconds"":5.0,""maximumIntervalSeconds"":10.0,""minimumValidReactionSeconds"":0.10000000149011612,""randomSeed"":72373550}",,0,0.000000,,CorrectSidePress,0,0,0,,,,,,,0.000000,0,1,PlusMinusKeys,0,1
20261009T064916211Z_facf92f9bb4844ea8288d0a5e8ae0f15,,,1,1,StimulusOnsetObserved,Visual,2026-10-09T06:58:38.6143130Z,562.401184,556.625774,24248,6,0,OperatingSource,0,0,1,65,Right,1,,,,,1,0,0.000000,TaskSwitchPedal,0,0.500000,0.200000,,0.100000,5.000000,10.000000,72373550,559.957797,559.947204,559.957797,562.390591,562.401184,0.010593,,0,1,6,0,OperatingSource,Move2,Move2.DestinationCoarseMove,Move2,Move2.DestinationCoarseMove,1,"{""pedalAxisName"":""TaskSwitchPedal"",""usePlusMinusKeys"":true,""positivePedalKey"":61,""negativePedalKey"":45,""invertPedalAxis"":false,""pressThreshold"":0.5,""releaseThreshold"":0.20000000298023225,""minimumIntervalSeconds"":5.0,""maximumIntervalSeconds"":10.0,""minimumValidReactionSeconds"":0.10000000149011612,""randomSeed"":72373550}",,0,0.000000,,CorrectSidePress,0,0,0,,,,,,,0.000000,0,0,Axis,0,1
20261009T064916211Z_facf92f9bb4844ea8288d0a5e8ae0f15,,,1,1,PedalPressed,Visual,2026-10-09T06:58:39.6027103Z,563.390255,557.612631,24280,6,0,OperatingSource,0,0,1,65,Right,1,1,Correct,1,0.989072,1,0,1.000000,TaskSwitchPedal,0,0.500000,0.200000,,0.100000,5.000000,10.000000,72373550,560.946868,559.947204,559.957797,562.390591,562.401184,0.010593,563.390255,0,1,6,0,OperatingSource,Move2,Move2.DestinationCoarseMove,Move2,Move2.DestinationCoarseMove,1,"{""pedalAxisName"":""TaskSwitchPedal"",""usePlusMinusKeys"":true,""positivePedalKey"":61,""negativePedalKey"":45,""invertPedalAxis"":false,""pressThreshold"":0.5,""releaseThreshold"":0.20000000298023225,""minimumIntervalSeconds"":5.0,""maximumIntervalSeconds"":10.0,""minimumValidReactionSeconds"":0.10000000149011612,""randomSeed"":72373550}",,0,0.000000,0.989071,CorrectSidePress,1,0,0,1,Correct,1,0.989072,563.390255,0.989071,0.000000,1,0,PlusMinusKeys,0,1
20261009T064916211Z_facf92f9bb4844ea8288d0a5e8ae0f15,,,1,1,TrialFinished,Visual,2026-10-09T06:58:39.6027103Z,563.390255,557.612631,24280,6,0,OperatingSource,0,0,1,65,Right,1,1,Correct,1,0.989072,1,0,1.000000,TaskSwitchPedal,0,0.500000,0.200000,,0.100000,5.000000,10.000000,72373550,560.946868,559.947204,559.957797,562.390591,562.401184,0.010593,563.390255,0,0,6,0,OperatingSource,Move2,Move2.DestinationCoarseMove,Move2,Move2.DestinationCoarseMove,1,"{""pedalAxisName"":""TaskSwitchPedal"",""usePlusMinusKeys"":true,""positivePedalKey"":61,""negativePedalKey"":45,""invertPedalAxis"":false,""pressThreshold"":0.5,""releaseThreshold"":0.20000000298023225,""minimumIntervalSeconds"":5.0,""maximumIntervalSeconds"":10.0,""minimumValidReactionSeconds"":0.10000000149011612,""randomSeed"":72373550}",,0,0.000000,0.989071,CorrectSidePress,1,0,0,1,Correct,1,0.989072,563.390255,0.989071,0.000000,1,0,PlusMinusKeys,0,1
20261009T064916211Z_facf92f9bb4844ea8288d0a5e8ae0f15,,,1,1,StimulusScheduled,Visual,2026-10-09T06:58:39.6041184Z,563.390617,557.612631,24280,6,0,OperatingSource,0,0,1,66,Left,-1,,,,,0,0,1.000000,TaskSwitchPedal,0,0.500000,0.200000,,0.100000,5.000000,10.000000,72373550,560.947230,566.710043,,569.153429,,,,0,0,,,,,,Move2,Move2.DestinationCoarseMove,1,"{""pedalAxisName"":""TaskSwitchPedal"",""usePlusMinusKeys"":true,""positivePedalKey"":61,""negativePedalKey"":45,""invertPedalAxis"":false,""pressThreshold"":0.5,""releaseThreshold"":0.20000000298023225,""minimumIntervalSeconds"":5.0,""maximumIntervalSeconds"":10.0,""minimumValidReactionSeconds"":0.10000000149011612,""randomSeed"":72373550}",,0,0.000000,,CorrectSidePress,0,0,0,,,,,,,0.000000,1,0,PlusMinusKeys,0,1
20261009T064916211Z_facf92f9bb4844ea8288d0a5e8ae0f15,,,1,1,StimulusOnsetObserved,Visual,2026-10-09T06:58:45.3713099Z,569.157946,563.381992,24466,6,0,OperatingSource,0,0,1,66,Left,-1,,,,,1,0,0.000000,TaskSwitchPedal,0,0.500000,0.200000,,0.100000,5.000000,10.000000,72373550,566.714558,566.710043,566.714558,569.153429,569.157946,0.004516,,1,0,6,0,OperatingSource,Place,Place.PlacementLowering,Place,Place.PlacementLowering,1,"{""pedalAxisName"":""TaskSwitchPedal"",""usePlusMinusKeys"":true,""positivePedalKey"":61,""negativePedalKey"":45,""invertPedalAxis"":false,""pressThreshold"":0.5,""releaseThreshold"":0.20000000298023225,""minimumIntervalSeconds"":5.0,""maximumIntervalSeconds"":10.0,""minimumValidReactionSeconds"":0.10000000149011612,""randomSeed"":72373550}",,0,0.000000,,CorrectSidePress,0,0,0,,,,,,,0.000000,0,0,Axis,0,1
20261009T064916211Z_facf92f9bb4844ea8288d0a5e8ae0f15,,,1,1,PedalPressed,Visual,2026-10-09T06:58:46.1313497Z,569.918358,564.141747,24488,6,0,OperatingSource,0,0,1,66,Left,-1,-1,Correct,1,0.760413,1,0,-1.000000,TaskSwitchPedal,0,0.500000,0.200000,,0.100000,5.000000,10.000000,72373550,567.474971,566.710043,566.714558,569.153429,569.157946,0.004516,569.918358,1,0,6,0,OperatingSource,Place,Place.PlacementLowering,Place,Place.PlacementLowering,1,"{""pedalAxisName"":""TaskSwitchPedal"",""usePlusMinusKeys"":true,""positivePedalKey"":61,""negativePedalKey"":45,""invertPedalAxis"":false,""pressThreshold"":0.5,""releaseThreshold"":0.20000000298023225,""minimumIntervalSeconds"":5.0,""maximumIntervalSeconds"":10.0,""minimumValidReactionSeconds"":0.10000000149011612,""randomSeed"":72373550}",,0,0.000000,0.760413,CorrectSidePress,1,0,0,-1,Correct,1,0.760413,569.918358,0.760413,0.000000,0,1,PlusMinusKeys,0,1
20261009T064916211Z_facf92f9bb4844ea8288d0a5e8ae0f15,,,1,1,TrialFinished,Visual,2026-10-09T06:58:46.1318583Z,569.918358,564.141747,24488,6,0,OperatingSource,0,0,1,66,Left,-1,-1,Correct,1,0.760413,1,0,-1.000000,TaskSwitchPedal,0,0.500000,0.200000,,0.100000,5.000000,10.000000,72373550,567.474971,566.710043,566.714558,569.153429,569.157946,0.004516,569.918358,0,0,6,0,OperatingSource,Place,Place.PlacementLowering,Place,Place.PlacementLowering,1,"{""pedalAxisName"":""TaskSwitchPedal"",""usePlusMinusKeys"":true,""positivePedalKey"":61,""negativePedalKey"":45,""invertPedalAxis"":false,""pressThreshold"":0.5,""releaseThreshold"":0.20000000298023225,""minimumIntervalSeconds"":5.0,""maximumIntervalSeconds"":10.0,""minimumValidReactionSeconds"":0.10000000149011612,""randomSeed"":72373550}",,0,0.000000,0.760413,CorrectSidePress,1,0,0,-1,Correct,1,0.760413,569.918358,0.760413,0.000000,0,1,PlusMinusKeys,0,1
20261009T064916211Z_facf92f9bb4844ea8288d0a5e8ae0f15,,,1,1,StimulusScheduled,Visual,2026-10-09T06:58:46.1318583Z,569.918709,564.141747,24488,6,0,OperatingSource,0,0,1,67,Right,1,,,,,0,0,-1.000000,TaskSwitchPedal,0,0.500000,0.200000,,0.100000,5.000000,10.000000,72373550,567.475322,574.615833,,577.059220,,,,0,0,,,,,,Place,Place.PlacementLowering,1,"{""pedalAxisName"":""TaskSwitchPedal"",""usePlusMinusKeys"":true,""positivePedalKey"":61,""negativePedalKey"":45,""invertPedalAxis"":false,""pressThreshold"":0.5,""releaseThreshold"":0.20000000298023225,""minimumIntervalSeconds"":5.0,""maximumIntervalSeconds"":10.0,""minimumValidReactionSeconds"":0.10000000149011612,""randomSeed"":72373550}",,0,0.000000,,CorrectSidePress,0,0,0,,,,,,,0.000000,0,1,PlusMinusKeys,0,1
20261009T064916211Z_facf92f9bb4844ea8288d0a5e8ae0f15,,,1,1,StimulusOnsetObserved,Visual,2026-10-09T06:58:53.2757423Z,577.063396,571.285435,24702,6,0,OperatingSource,0,0,1,67,Right,1,,,,,1,0,0.000000,TaskSwitchPedal,0,0.500000,0.200000,,0.100000,5.000000,10.000000,72373550,574.620009,574.615833,574.620009,577.059220,577.063396,0.004176,,0,1,6,0,OperatingSource,Place,Place.LoadRelease,Place,Place.LoadRelease,1,"{""pedalAxisName"":""TaskSwitchPedal"",""usePlusMinusKeys"":true,""positivePedalKey"":61,""negativePedalKey"":45,""invertPedalAxis"":false,""pressThreshold"":0.5,""releaseThreshold"":0.20000000298023225,""minimumIntervalSeconds"":5.0,""maximumIntervalSeconds"":10.0,""minimumValidReactionSeconds"":0.10000000149011612,""randomSeed"":72373550}",,0,0.000000,,CorrectSidePress,0,0,0,,,,,,,0.000000,0,0,Axis,0,1
20261009T064916211Z_facf92f9bb4844ea8288d0a5e8ae0f15,,,1,1,PedalPressed,Visual,2026-10-09T06:58:54.5361921Z,578.324540,572.546323,24737,6,0,OperatingSource,0,0,1,67,Right,1,1,Correct,1,1.261144,1,0,1.000000,TaskSwitchPedal,0,0.500000,0.200000,,0.100000,5.000000,10.000000,72373550,575.881153,574.615833,574.620009,577.059220,577.063396,0.004176,578.324540,0,1,6,0,OperatingSource,Place,Place.LoadRelease,Place,Place.PostPlacementRaising,1,"{""pedalAxisName"":""TaskSwitchPedal"",""usePlusMinusKeys"":true,""positivePedalKey"":61,""negativePedalKey"":45,""invertPedalAxis"":false,""pressThreshold"":0.5,""releaseThreshold"":0.20000000298023225,""minimumIntervalSeconds"":5.0,""maximumIntervalSeconds"":10.0,""minimumValidReactionSeconds"":0.10000000149011612,""randomSeed"":72373550}",,0,0.000000,1.261144,CorrectSidePress,1,0,0,1,Correct,1,1.261144,578.324540,1.261144,0.000000,1,0,PlusMinusKeys,0,1
20261009T064916211Z_facf92f9bb4844ea8288d0a5e8ae0f15,,,1,1,TrialFinished,Visual,2026-10-09T06:58:54.5378607Z,578.324540,572.546323,24737,6,0,OperatingSource,0,0,1,67,Right,1,1,Correct,1,1.261144,1,0,1.000000,TaskSwitchPedal,0,0.500000,0.200000,,0.100000,5.000000,10.000000,72373550,575.881153,574.615833,574.620009,577.059220,577.063396,0.004176,578.324540,0,0,6,0,OperatingSource,Place,Place.LoadRelease,Place,Place.PostPlacementRaising,1,"{""pedalAxisName"":""TaskSwitchPedal"",""usePlusMinusKeys"":true,""positivePedalKey"":61,""negativePedalKey"":45,""invertPedalAxis"":false,""pressThreshold"":0.5,""releaseThreshold"":0.20000000298023225,""minimumIntervalSeconds"":5.0,""maximumIntervalSeconds"":10.0,""minimumValidReactionSeconds"":0.10000000149011612,""randomSeed"":72373550}",,0,0.000000,1.261144,CorrectSidePress,1,0,0,1,Correct,1,1.261144,578.324540,1.261144,0.000000,1,0,PlusMinusKeys,0,1
20261009T064916211Z_facf92f9bb4844ea8288d0a5e8ae0f15,,,1,1,StimulusScheduled,Visual,2026-10-09T06:58:54.5378607Z,578.324957,572.546323,24737,6,0,OperatingSource,0,0,1,68,Left,-1,,,,,0,0,1.000000,TaskSwitchPedal,0,0.500000,0.200000,,0.100000,5.000000,10.000000,72373550,575.881570,584.434484,,586.877871,,,,0,0,,,,,,Place,Place.PostPlacementRaising,1,"{""pedalAxisName"":""TaskSwitchPedal"",""usePlusMinusKeys"":true,""positivePedalKey"":61,""negativePedalKey"":45,""invertPedalAxis"":false,""pressThreshold"":0.5,""releaseThreshold"":0.20000000298023225,""minimumIntervalSeconds"":5.0,""maximumIntervalSeconds"":10.0,""minimumValidReactionSeconds"":0.10000000149011612,""randomSeed"":72373550}",,0,0.000000,,CorrectSidePress,0,0,0,,,,,,,0.000000,1,0,PlusMinusKeys,0,1
20261009T064916211Z_facf92f9bb4844ea8288d0a5e8ae0f15,,,1,1,StimulusOnsetObserved,Visual,2026-10-09T06:59:03.0955372Z,586.882541,581.106436,25123,6,0,OperatingSource,0,0,1,68,Left,-1,,,,,1,0,0.000000,TaskSwitchPedal,0,0.500000,0.200000,,0.100000,5.000000,10.000000,72373550,584.439154,584.434484,584.439154,586.877871,586.882541,0.004670,,1,0,6,0,OperatingSource,Move1,Move1.PickupCoarseMove,Move1,Move1.PickupCoarseMove,1,"{""pedalAxisName"":""TaskSwitchPedal"",""usePlusMinusKeys"":true,""positivePedalKey"":61,""negativePedalKey"":45,""invertPedalAxis"":false,""pressThreshold"":0.5,""releaseThreshold"":0.20000000298023225,""minimumIntervalSeconds"":5.0,""maximumIntervalSeconds"":10.0,""minimumValidReactionSeconds"":0.10000000149011612,""randomSeed"":72373550}",,0,0.000000,,CorrectSidePress,0,0,0,,,,,,,0.000000,0,0,Axis,0,1
20261009T064916211Z_facf92f9bb4844ea8288d0a5e8ae0f15,,,1,1,PedalPressed,Visual,2026-10-09T06:59:04.0274880Z,587.815129,582.038548,25165,6,0,OperatingSource,0,0,1,68,Left,-1,-1,Correct,1,0.932588,1,0,-1.000000,TaskSwitchPedal,0,0.500000,0.200000,,0.100000,5.000000,10.000000,72373550,585.371742,584.434484,584.439154,586.877871,586.882541,0.004670,587.815129,1,0,6,0,OperatingSource,Move1,Move1.PickupCoarseMove,Move1,Move1.PickupCoarseMove,1,"{""pedalAxisName"":""TaskSwitchPedal"",""usePlusMinusKeys"":true,""positivePedalKey"":61,""negativePedalKey"":45,""invertPedalAxis"":false,""pressThreshold"":0.5,""releaseThreshold"":0.20000000298023225,""minimumIntervalSeconds"":5.0,""maximumIntervalSeconds"":10.0,""minimumValidReactionSeconds"":0.10000000149011612,""randomSeed"":72373550}",,0,0.000000,0.932588,CorrectSidePress,1,0,0,-1,Correct,1,0.932588,587.815129,0.932588,0.000000,0,1,PlusMinusKeys,0,1
20261009T064916211Z_facf92f9bb4844ea8288d0a5e8ae0f15,,,1,1,TrialFinished,Visual,2026-10-09T06:59:04.0310152Z,587.815129,582.038548,25165,6,0,OperatingSource,0,0,1,68,Left,-1,-1,Correct,1,0.932588,1,0,-1.000000,TaskSwitchPedal,0,0.500000,0.200000,,0.100000,5.000000,10.000000,72373550,585.371742,584.434484,584.439154,586.877871,586.882541,0.004670,587.815129,0,0,6,0,OperatingSource,Move1,Move1.PickupCoarseMove,Move1,Move1.PickupCoarseMove,1,"{""pedalAxisName"":""TaskSwitchPedal"",""usePlusMinusKeys"":true,""positivePedalKey"":61,""negativePedalKey"":45,""invertPedalAxis"":false,""pressThreshold"":0.5,""releaseThreshold"":0.20000000298023225,""minimumIntervalSeconds"":5.0,""maximumIntervalSeconds"":10.0,""minimumValidReactionSeconds"":0.10000000149011612,""randomSeed"":72373550}",,0,0.000000,0.932588,CorrectSidePress,1,0,0,-1,Correct,1,0.932588,587.815129,0.932588,0.000000,0,1,PlusMinusKeys,0,1
20261009T064916211Z_facf92f9bb4844ea8288d0a5e8ae0f15,,,1,1,StimulusScheduled,Visual,2026-10-09T06:59:04.0310152Z,587.818841,582.038548,25165,6,0,OperatingSource,0,0,1,69,Right,1,,,,,0,0,-1.000000,TaskSwitchPedal,0,0.500000,0.200000,,0.100000,5.000000,10.000000,72373550,585.375454,594.195326,,596.638713,,,,0,0,,,,,,Move1,Move1.PickupCoarseMove,1,"{""pedalAxisName"":""TaskSwitchPedal"",""usePlusMinusKeys"":true,""positivePedalKey"":61,""negativePedalKey"":45,""invertPedalAxis"":false,""pressThreshold"":0.5,""releaseThreshold"":0.20000000298023225,""minimumIntervalSeconds"":5.0,""maximumIntervalSeconds"":10.0,""minimumValidReactionSeconds"":0.10000000149011612,""randomSeed"":72373550}",,0,0.000000,,CorrectSidePress,0,0,0,,,,,,,0.000000,0,1,PlusMinusKeys,0,1
20261009T064916211Z_facf92f9bb4844ea8288d0a5e8ae0f15,,,1,1,StimulusOnsetObserved,Visual,2026-10-09T06:59:12.8678309Z,596.655258,590.879624,25554,7,1,OperatingTarget,0,0,1,69,Right,1,,,,,1,0,0.000000,TaskSwitchPedal,0,0.500000,0.200000,,0.100000,5.000000,10.000000,72373550,594.211871,594.195326,594.211871,596.638713,596.655258,0.016545,,0,1,7,1,OperatingTarget,Move1,Move1.PickupCoarseMove,Move1,Move1.PickupCoarseMove,1,"{""pedalAxisName"":""TaskSwitchPedal"",""usePlusMinusKeys"":true,""positivePedalKey"":61,""negativePedalKey"":45,""invertPedalAxis"":false,""pressThreshold"":0.5,""releaseThreshold"":0.20000000298023225,""minimumIntervalSeconds"":5.0,""maximumIntervalSeconds"":10.0,""minimumValidReactionSeconds"":0.10000000149011612,""randomSeed"":72373550}",,0,0.000000,,CorrectSidePress,0,0,0,,,,,,,0.000000,0,0,Axis,0,1
20261009T064916211Z_facf92f9bb4844ea8288d0a5e8ae0f15,,,1,1,PedalPressed,Visual,2026-10-09T06:59:13.8119796Z,597.599568,591.823966,25595,7,1,OperatingTarget,0,0,1,69,Right,1,1,Correct,1,0.944310,1,0,1.000000,TaskSwitchPedal,0,0.500000,0.200000,,0.100000,5.000000,10.000000,72373550,595.156181,594.195326,594.211871,596.638713,596.655258,0.016545,597.599568,0,1,7,1,OperatingTarget,Move1,Move1.PickupCoarseMove,Move1,Move1.PickupCoarseMove,1,"{""pedalAxisName"":""TaskSwitchPedal"",""usePlusMinusKeys"":true,""positivePedalKey"":61,""negativePedalKey"":45,""invertPedalAxis"":false,""pressThreshold"":0.5,""releaseThreshold"":0.20000000298023225,""minimumIntervalSeconds"":5.0,""maximumIntervalSeconds"":10.0,""minimumValidReactionSeconds"":0.10000000149011612,""randomSeed"":72373550}",,0,0.000000,0.944310,CorrectSidePress,1,0,0,1,Correct,1,0.944310,597.599568,0.944310,0.000000,1,0,PlusMinusKeys,0,1
20261009T064916211Z_facf92f9bb4844ea8288d0a5e8ae0f15,,,1,1,TrialFinished,Visual,2026-10-09T06:59:13.8119796Z,597.599568,591.823966,25595,7,1,OperatingTarget,0,0,1,69,Right,1,1,Correct,1,0.944310,1,0,1.000000,TaskSwitchPedal,0,0.500000,0.200000,,0.100000,5.000000,10.000000,72373550,595.156181,594.195326,594.211871,596.638713,596.655258,0.016545,597.599568,0,0,7,1,OperatingTarget,Move1,Move1.PickupCoarseMove,Move1,Move1.PickupCoarseMove,1,"{""pedalAxisName"":""TaskSwitchPedal"",""usePlusMinusKeys"":true,""positivePedalKey"":61,""negativePedalKey"":45,""invertPedalAxis"":false,""pressThreshold"":0.5,""releaseThreshold"":0.20000000298023225,""minimumIntervalSeconds"":5.0,""maximumIntervalSeconds"":10.0,""minimumValidReactionSeconds"":0.10000000149011612,""randomSeed"":72373550}",,0,0.000000,0.944310,CorrectSidePress,1,0,0,1,Correct,1,0.944310,597.599568,0.944310,0.000000,1,0,PlusMinusKeys,0,1
20261009T064916211Z_facf92f9bb4844ea8288d0a5e8ae0f15,,,1,1,StimulusScheduled,Visual,2026-10-09T06:59:13.8119796Z,597.599891,591.823966,25595,7,1,OperatingTarget,0,0,1,70,Left,-1,,,,,0,0,1.000000,TaskSwitchPedal,0,0.500000,0.200000,,0.100000,5.000000,10.000000,72373550,595.156504,602.139679,,604.583066,,,,0,0,,,,,,Move1,Move1.PickupCoarseMove,1,"{""pedalAxisName"":""TaskSwitchPedal"",""usePlusMinusKeys"":true,""positivePedalKey"":61,""negativePedalKey"":45,""invertPedalAxis"":false,""pressThreshold"":0.5,""releaseThreshold"":0.20000000298023225,""minimumIntervalSeconds"":5.0,""maximumIntervalSeconds"":10.0,""minimumValidReactionSeconds"":0.10000000149011612,""randomSeed"":72373550}",,0,0.000000,,CorrectSidePress,0,0,0,,,,,,,0.000000,1,0,PlusMinusKeys,0,1
20261009T064916211Z_facf92f9bb4844ea8288d0a5e8ae0f15,,,1,1,StimulusOnsetObserved,Visual,2026-10-09T06:59:20.8021439Z,604.589438,598.814376,25904,7,1,OperatingTarget,0,0,1,70,Left,-1,,,,,1,0,0.000000,TaskSwitchPedal,0,0.500000,0.200000,,0.100000,5.000000,10.000000,72373550,602.146051,602.139679,602.146051,604.583066,604.589438,0.006372,,1,0,7,1,OperatingTarget,Move1,Move1.PickupCoarseMove,Move1,Move1.PickupCoarseMove,1,"{""pedalAxisName"":""TaskSwitchPedal"",""usePlusMinusKeys"":true,""positivePedalKey"":61,""negativePedalKey"":45,""invertPedalAxis"":false,""pressThreshold"":0.5,""releaseThreshold"":0.20000000298023225,""minimumIntervalSeconds"":5.0,""maximumIntervalSeconds"":10.0,""minimumValidReactionSeconds"":0.10000000149011612,""randomSeed"":72373550}",,0,0.000000,,CorrectSidePress,0,0,0,,,,,,,0.000000,0,0,Axis,0,1
20261009T064916211Z_facf92f9bb4844ea8288d0a5e8ae0f15,,,1,1,PedalPressed,Visual,2026-10-09T06:59:21.9640359Z,605.752654,599.976736,25958,7,1,OperatingTarget,0,0,1,70,Left,-1,-1,Correct,1,1.163216,1,0,-1.000000,TaskSwitchPedal,0,0.500000,0.200000,,0.100000,5.000000,10.000000,72373550,603.309267,602.139679,602.146051,604.583066,604.589438,0.006372,605.752654,1,0,7,1,OperatingTarget,Move1,Move1.PickupCoarseMove,Move1,Move1.PickupCoarseMove,1,"{""pedalAxisName"":""TaskSwitchPedal"",""usePlusMinusKeys"":true,""positivePedalKey"":61,""negativePedalKey"":45,""invertPedalAxis"":false,""pressThreshold"":0.5,""releaseThreshold"":0.20000000298023225,""minimumIntervalSeconds"":5.0,""maximumIntervalSeconds"":10.0,""minimumValidReactionSeconds"":0.10000000149011612,""randomSeed"":72373550}",,0,0.000000,1.163216,CorrectSidePress,1,0,0,-1,Correct,1,1.163216,605.752654,1.163216,0.000000,0,1,PlusMinusKeys,0,1
20261009T064916211Z_facf92f9bb4844ea8288d0a5e8ae0f15,,,1,1,TrialFinished,Visual,2026-10-09T06:59:21.9655474Z,605.752654,599.976736,25958,7,1,OperatingTarget,0,0,1,70,Left,-1,-1,Correct,1,1.163216,1,0,-1.000000,TaskSwitchPedal,0,0.500000,0.200000,,0.100000,5.000000,10.000000,72373550,603.309267,602.139679,602.146051,604.583066,604.589438,0.006372,605.752654,0,0,7,1,OperatingTarget,Move1,Move1.PickupCoarseMove,Move1,Move1.PickupCoarseMove,1,"{""pedalAxisName"":""TaskSwitchPedal"",""usePlusMinusKeys"":true,""positivePedalKey"":61,""negativePedalKey"":45,""invertPedalAxis"":false,""pressThreshold"":0.5,""releaseThreshold"":0.20000000298023225,""minimumIntervalSeconds"":5.0,""maximumIntervalSeconds"":10.0,""minimumValidReactionSeconds"":0.10000000149011612,""randomSeed"":72373550}",,0,0.000000,1.163216,CorrectSidePress,1,0,0,-1,Correct,1,1.163216,605.752654,1.163216,0.000000,0,1,PlusMinusKeys,0,1
20261009T064916211Z_facf92f9bb4844ea8288d0a5e8ae0f15,,,1,1,StimulusScheduled,Visual,2026-10-09T06:59:21.9655474Z,605.753098,599.976736,25958,7,1,OperatingTarget,0,0,1,71,Right,1,,,,,0,0,-1.000000,TaskSwitchPedal,0,0.500000,0.200000,,0.100000,5.000000,10.000000,72373550,603.309711,609.000314,,611.443701,,,,0,0,,,,,,Move1,Move1.PickupCoarseMove,1,"{""pedalAxisName"":""TaskSwitchPedal"",""usePlusMinusKeys"":true,""positivePedalKey"":61,""negativePedalKey"":45,""invertPedalAxis"":false,""pressThreshold"":0.5,""releaseThreshold"":0.20000000298023225,""minimumIntervalSeconds"":5.0,""maximumIntervalSeconds"":10.0,""minimumValidReactionSeconds"":0.10000000149011612,""randomSeed"":72373550}",,0,0.000000,,CorrectSidePress,0,0,0,,,,,,,0.000000,0,1,PlusMinusKeys,0,1
20261009T064916211Z_facf92f9bb4844ea8288d0a5e8ae0f15,,,1,1,StimulusOnsetObserved,Visual,2026-10-09T06:59:27.6611967Z,611.449389,605.673817,26202,7,1,OperatingTarget,0,0,1,71,Right,1,,,,,1,0,0.000000,TaskSwitchPedal,0,0.500000,0.200000,,0.100000,5.000000,10.000000,72373550,609.006002,609.000314,609.006002,611.443701,611.449389,0.005688,,0,1,7,1,OperatingTarget,Move1,Move1.PickupFineAlign,Move1,Move1.PickupFineAlign,1,"{""pedalAxisName"":""TaskSwitchPedal"",""usePlusMinusKeys"":true,""positivePedalKey"":61,""negativePedalKey"":45,""invertPedalAxis"":false,""pressThreshold"":0.5,""releaseThreshold"":0.20000000298023225,""minimumIntervalSeconds"":5.0,""maximumIntervalSeconds"":10.0,""minimumValidReactionSeconds"":0.10000000149011612,""randomSeed"":72373550}",,0,0.000000,,CorrectSidePress,0,0,0,,,,,,,0.000000,0,0,Axis,0,1
20261009T064916211Z_facf92f9bb4844ea8288d0a5e8ae0f15,,,1,1,PedalPressed,Visual,2026-10-09T06:59:28.5319948Z,612.320859,606.544727,26238,7,1,OperatingTarget,0,0,1,71,Right,1,1,Correct,1,0.871469,1,0,1.000000,TaskSwitchPedal,0,0.500000,0.200000,,0.100000,5.000000,10.000000,72373550,609.877471,609.000314,609.006002,611.443701,611.449389,0.005688,612.320859,0,1,7,1,OperatingTarget,Move1,Move1.PickupFineAlign,Move1,Move1.PickupFineAlign,1,"{""pedalAxisName"":""TaskSwitchPedal"",""usePlusMinusKeys"":true,""positivePedalKey"":61,""negativePedalKey"":45,""invertPedalAxis"":false,""pressThreshold"":0.5,""releaseThreshold"":0.20000000298023225,""minimumIntervalSeconds"":5.0,""maximumIntervalSeconds"":10.0,""minimumValidReactionSeconds"":0.10000000149011612,""randomSeed"":72373550}",,0,0.000000,0.871470,CorrectSidePress,1,0,0,1,Correct,1,0.871469,612.320859,0.871470,0.000000,1,0,PlusMinusKeys,0,1
20261009T064916211Z_facf92f9bb4844ea8288d0a5e8ae0f15,,,1,1,TrialFinished,Visual,2026-10-09T06:59:28.5335057Z,612.320859,606.544727,26238,7,1,OperatingTarget,0,0,1,71,Right,1,1,Correct,1,0.871469,1,0,1.000000,TaskSwitchPedal,0,0.500000,0.200000,,0.100000,5.000000,10.000000,72373550,609.877471,609.000314,609.006002,611.443701,611.449389,0.005688,612.320859,0,0,7,1,OperatingTarget,Move1,Move1.PickupFineAlign,Move1,Move1.PickupFineAlign,1,"{""pedalAxisName"":""TaskSwitchPedal"",""usePlusMinusKeys"":true,""positivePedalKey"":61,""negativePedalKey"":45,""invertPedalAxis"":false,""pressThreshold"":0.5,""releaseThreshold"":0.20000000298023225,""minimumIntervalSeconds"":5.0,""maximumIntervalSeconds"":10.0,""minimumValidReactionSeconds"":0.10000000149011612,""randomSeed"":72373550}",,0,0.000000,0.871470,CorrectSidePress,1,0,0,1,Correct,1,0.871469,612.320859,0.871470,0.000000,1,0,PlusMinusKeys,0,1
20261009T064916211Z_facf92f9bb4844ea8288d0a5e8ae0f15,,,1,1,StimulusScheduled,Visual,2026-10-09T06:59:28.5335057Z,612.321265,606.544727,26238,7,1,OperatingTarget,0,0,1,72,Right,1,,,,,0,0,1.000000,TaskSwitchPedal,0,0.500000,0.200000,,0.100000,5.000000,10.000000,72373550,609.877879,617.033456,,619.476843,,,,0,0,,,,,,Move1,Move1.PickupFineAlign,1,"{""pedalAxisName"":""TaskSwitchPedal"",""usePlusMinusKeys"":true,""positivePedalKey"":61,""negativePedalKey"":45,""invertPedalAxis"":false,""pressThreshold"":0.5,""releaseThreshold"":0.20000000298023225,""minimumIntervalSeconds"":5.0,""maximumIntervalSeconds"":10.0,""minimumValidReactionSeconds"":0.10000000149011612,""randomSeed"":72373550}",,0,0.000000,,CorrectSidePress,0,0,0,,,,,,,0.000000,1,0,PlusMinusKeys,0,1
20261009T064916211Z_facf92f9bb4844ea8288d0a5e8ae0f15,,,1,1,StimulusOnsetObserved,Visual,2026-10-09T06:59:35.6908515Z,619.478662,613.702694,26481,7,1,OperatingTarget,0,0,1,72,Right,1,,,,,1,0,0.000000,TaskSwitchPedal,0,0.500000,0.200000,,0.100000,5.000000,10.000000,72373550,617.035274,617.033456,617.035274,619.476843,619.478662,0.001819,,0,1,7,1,OperatingTarget,LiftUp,LiftUp.LoadAcquisition,LiftUp,LiftUp.LoadAcquisition,1,"{""pedalAxisName"":""TaskSwitchPedal"",""usePlusMinusKeys"":true,""positivePedalKey"":61,""negativePedalKey"":45,""invertPedalAxis"":false,""pressThreshold"":0.5,""releaseThreshold"":0.20000000298023225,""minimumIntervalSeconds"":5.0,""maximumIntervalSeconds"":10.0,""minimumValidReactionSeconds"":0.10000000149011612,""randomSeed"":72373550}",,0,0.000000,,CorrectSidePress,0,0,0,,,,,,,0.000000,0,0,Axis,0,1
20261009T064916211Z_facf92f9bb4844ea8288d0a5e8ae0f15,,,1,1,PedalPressed,Visual,2026-10-09T06:59:36.9141535Z,620.702569,614.926930,26516,7,1,OperatingTarget,0,0,1,72,Right,1,1,Correct,1,1.223907,1,0,1.000000,TaskSwitchPedal,0,0.500000,0.200000,,0.100000,5.000000,10.000000,72373550,618.259182,617.033456,617.035274,619.476843,619.478662,0.001819,620.702569,0,1,7,1,OperatingTarget,LiftUp,LiftUp.LoadAcquisition,LiftUp,LiftUp.LoadAcquisition,1,"{""pedalAxisName"":""TaskSwitchPedal"",""usePlusMinusKeys"":true,""positivePedalKey"":61,""negativePedalKey"":45,""invertPedalAxis"":false,""pressThreshold"":0.5,""releaseThreshold"":0.20000000298023225,""minimumIntervalSeconds"":5.0,""maximumIntervalSeconds"":10.0,""minimumValidReactionSeconds"":0.10000000149011612,""randomSeed"":72373550}",,0,0.000000,1.223907,CorrectSidePress,1,0,0,1,Correct,1,1.223907,620.702569,1.223907,0.000000,1,0,PlusMinusKeys,0,1
20261009T064916211Z_facf92f9bb4844ea8288d0a5e8ae0f15,,,1,1,TrialFinished,Visual,2026-10-09T06:59:36.9141535Z,620.702569,614.926930,26516,7,1,OperatingTarget,0,0,1,72,Right,1,1,Correct,1,1.223907,1,0,1.000000,TaskSwitchPedal,0,0.500000,0.200000,,0.100000,5.000000,10.000000,72373550,618.259182,617.033456,617.035274,619.476843,619.478662,0.001819,620.702569,0,0,7,1,OperatingTarget,LiftUp,LiftUp.LoadAcquisition,LiftUp,LiftUp.LoadAcquisition,1,"{""pedalAxisName"":""TaskSwitchPedal"",""usePlusMinusKeys"":true,""positivePedalKey"":61,""negativePedalKey"":45,""invertPedalAxis"":false,""pressThreshold"":0.5,""releaseThreshold"":0.20000000298023225,""minimumIntervalSeconds"":5.0,""maximumIntervalSeconds"":10.0,""minimumValidReactionSeconds"":0.10000000149011612,""randomSeed"":72373550}",,0,0.000000,1.223907,CorrectSidePress,1,0,0,1,Correct,1,1.223907,620.702569,1.223907,0.000000,1,0,PlusMinusKeys,0,1
20261009T064916211Z_facf92f9bb4844ea8288d0a5e8ae0f15,,,1,1,StimulusScheduled,Visual,2026-10-09T06:59:36.9151527Z,620.702885,614.926930,26516,7,1,OperatingTarget,0,0,1,73,Left,-1,,,,,0,0,1.000000,TaskSwitchPedal,0,0.500000,0.200000,,0.100000,5.000000,10.000000,72373550,618.259498,625.920233,,628.363620,,,,0,0,,,,,,LiftUp,LiftUp.LoadAcquisition,1,"{""pedalAxisName"":""TaskSwitchPedal"",""usePlusMinusKeys"":true,""positivePedalKey"":61,""negativePedalKey"":45,""invertPedalAxis"":false,""pressThreshold"":0.5,""releaseThreshold"":0.20000000298023225,""minimumIntervalSeconds"":5.0,""maximumIntervalSeconds"":10.0,""minimumValidReactionSeconds"":0.10000000149011612,""randomSeed"":72373550}",,0,0.000000,,CorrectSidePress,0,0,0,,,,,,,0.000000,1,0,PlusMinusKeys,0,1
20261009T064916211Z_facf92f9bb4844ea8288d0a5e8ae0f15,,,1,1,StimulusOnsetObserved,Visual,2026-10-09T06:59:44.5754818Z,628.363973,622.588537,26759,7,0,WaitingForSourceConfirmation,1,0,1,73,Left,-1,,,,,1,0,0.000000,TaskSwitchPedal,0,0.500000,0.200000,,0.100000,5.000000,10.000000,72373550,625.920586,625.920233,625.920586,628.363620,628.363973,0.000354,,1,0,7,0,WaitingForSourceConfirmation,Move1,Move1.PickupCoarseMove,Move1,Move1.PickupCoarseMove,1,"{""pedalAxisName"":""TaskSwitchPedal"",""usePlusMinusKeys"":true,""positivePedalKey"":61,""negativePedalKey"":45,""invertPedalAxis"":false,""pressThreshold"":0.5,""releaseThreshold"":0.20000000298023225,""minimumIntervalSeconds"":5.0,""maximumIntervalSeconds"":10.0,""minimumValidReactionSeconds"":0.10000000149011612,""randomSeed"":72373550}",,0,0.000000,,CorrectSidePress,0,0,0,,,,,,,0.000000,0,0,Axis,0,1
20261009T064916211Z_facf92f9bb4844ea8288d0a5e8ae0f15,,,1,1,PedalPressed,Visual,2026-10-09T06:59:46.2415887Z,630.029724,624.254435,26830,7,0,OperatingSource,0,0,1,73,Left,-1,-1,Correct,1,1.665751,1,0,-1.000000,TaskSwitchPedal,0,0.500000,0.200000,,0.100000,5.000000,10.000000,72373550,627.586337,625.920233,625.920586,628.363620,628.363973,0.000354,630.029724,1,0,7,0,WaitingForSourceConfirmation,Move1,Move1.PickupCoarseMove,Move1,Move1.PickupCoarseMove,1,"{""pedalAxisName"":""TaskSwitchPedal"",""usePlusMinusKeys"":true,""positivePedalKey"":61,""negativePedalKey"":45,""invertPedalAxis"":false,""pressThreshold"":0.5,""releaseThreshold"":0.20000000298023225,""minimumIntervalSeconds"":5.0,""maximumIntervalSeconds"":10.0,""minimumValidReactionSeconds"":0.10000000149011612,""randomSeed"":72373550}",,0,0.000000,1.665751,CorrectSidePress,1,0,0,-1,Correct,1,1.665751,630.029724,1.665751,0.000000,0,1,PlusMinusKeys,0,1
20261009T064916211Z_facf92f9bb4844ea8288d0a5e8ae0f15,,,1,1,TrialFinished,Visual,2026-10-09T06:59:46.2415887Z,630.029724,624.254435,26830,7,0,OperatingSource,0,0,1,73,Left,-1,-1,Correct,1,1.665751,1,0,-1.000000,TaskSwitchPedal,0,0.500000,0.200000,,0.100000,5.000000,10.000000,72373550,627.586337,625.920233,625.920586,628.363620,628.363973,0.000354,630.029724,0,0,7,0,WaitingForSourceConfirmation,Move1,Move1.PickupCoarseMove,Move1,Move1.PickupCoarseMove,1,"{""pedalAxisName"":""TaskSwitchPedal"",""usePlusMinusKeys"":true,""positivePedalKey"":61,""negativePedalKey"":45,""invertPedalAxis"":false,""pressThreshold"":0.5,""releaseThreshold"":0.20000000298023225,""minimumIntervalSeconds"":5.0,""maximumIntervalSeconds"":10.0,""minimumValidReactionSeconds"":0.10000000149011612,""randomSeed"":72373550}",,0,0.000000,1.665751,CorrectSidePress,1,0,0,-1,Correct,1,1.665751,630.029724,1.665751,0.000000,0,1,PlusMinusKeys,0,1
20261009T064916211Z_facf92f9bb4844ea8288d0a5e8ae0f15,,,1,1,StimulusScheduled,Visual,2026-10-09T06:59:46.2415887Z,630.030151,624.254435,26830,7,0,OperatingSource,0,0,1,74,Right,1,,,,,0,0,-1.000000,TaskSwitchPedal,0,0.500000,0.200000,,0.100000,5.000000,10.000000,72373550,627.586764,632.905820,,635.349207,,,,0,0,,,,,,Move1,Move1.PickupCoarseMove,1,"{""pedalAxisName"":""TaskSwitchPedal"",""usePlusMinusKeys"":true,""positivePedalKey"":61,""negativePedalKey"":45,""invertPedalAxis"":false,""pressThreshold"":0.5,""releaseThreshold"":0.20000000298023225,""minimumIntervalSeconds"":5.0,""maximumIntervalSeconds"":10.0,""minimumValidReactionSeconds"":0.10000000149011612,""randomSeed"":72373550}",,0,0.000000,,CorrectSidePress,0,0,0,,,,,,,0.000000,0,1,PlusMinusKeys,0,1
20261009T064916211Z_facf92f9bb4844ea8288d0a5e8ae0f15,,,1,1,StimulusOnsetObserved,Visual,2026-10-09T06:59:51.5656788Z,635.354002,629.578880,27080,7,0,OperatingSource,0,0,1,74,Right,1,,,,,1,0,0.000000,TaskSwitchPedal,0,0.500000,0.200000,,0.100000,5.000000,10.000000,72373550,632.910615,632.905820,632.910615,635.349207,635.354002,0.004795,,0,1,7,0,OperatingSource,Move1,Move1.PickupCoarseMove,Move1,Move1.PickupCoarseMove,1,"{""pedalAxisName"":""TaskSwitchPedal"",""usePlusMinusKeys"":true,""positivePedalKey"":61,""negativePedalKey"":45,""invertPedalAxis"":false,""pressThreshold"":0.5,""releaseThreshold"":0.20000000298023225,""minimumIntervalSeconds"":5.0,""maximumIntervalSeconds"":10.0,""minimumValidReactionSeconds"":0.10000000149011612,""randomSeed"":72373550}",,0,0.000000,,CorrectSidePress,0,0,0,,,,,,,0.000000,0,0,Axis,0,1
20261009T064916211Z_facf92f9bb4844ea8288d0a5e8ae0f15,,,1,1,PedalPressed,Visual,2026-10-09T06:59:52.5238874Z,636.312869,630.537287,27123,7,0,OperatingSource,0,0,1,74,Right,1,1,Correct,1,0.958867,1,0,1.000000,TaskSwitchPedal,0,0.500000,0.200000,,0.100000,5.000000,10.000000,72373550,633.869482,632.905820,632.910615,635.349207,635.354002,0.004795,636.312869,0,1,7,0,OperatingSource,Move1,Move1.PickupCoarseMove,Move1,Move1.PickupCoarseMove,1,"{""pedalAxisName"":""TaskSwitchPedal"",""usePlusMinusKeys"":true,""positivePedalKey"":61,""negativePedalKey"":45,""invertPedalAxis"":false,""pressThreshold"":0.5,""releaseThreshold"":0.20000000298023225,""minimumIntervalSeconds"":5.0,""maximumIntervalSeconds"":10.0,""minimumValidReactionSeconds"":0.10000000149011612,""randomSeed"":72373550}",,0,0.000000,0.958867,CorrectSidePress,1,0,0,1,Correct,1,0.958867,636.312869,0.958867,0.000000,1,0,PlusMinusKeys,0,1
20261009T064916211Z_facf92f9bb4844ea8288d0a5e8ae0f15,,,1,1,TrialFinished,Visual,2026-10-09T06:59:52.5238874Z,636.312869,630.537287,27123,7,0,OperatingSource,0,0,1,74,Right,1,1,Correct,1,0.958867,1,0,1.000000,TaskSwitchPedal,0,0.500000,0.200000,,0.100000,5.000000,10.000000,72373550,633.869482,632.905820,632.910615,635.349207,635.354002,0.004795,636.312869,0,0,7,0,OperatingSource,Move1,Move1.PickupCoarseMove,Move1,Move1.PickupCoarseMove,1,"{""pedalAxisName"":""TaskSwitchPedal"",""usePlusMinusKeys"":true,""positivePedalKey"":61,""negativePedalKey"":45,""invertPedalAxis"":false,""pressThreshold"":0.5,""releaseThreshold"":0.20000000298023225,""minimumIntervalSeconds"":5.0,""maximumIntervalSeconds"":10.0,""minimumValidReactionSeconds"":0.10000000149011612,""randomSeed"":72373550}",,0,0.000000,0.958867,CorrectSidePress,1,0,0,1,Correct,1,0.958867,636.312869,0.958867,0.000000,1,0,PlusMinusKeys,0,1
20261009T064916211Z_facf92f9bb4844ea8288d0a5e8ae0f15,,,1,1,StimulusScheduled,Visual,2026-10-09T06:59:52.5238874Z,636.313294,630.537287,27123,7,0,OperatingSource,0,0,1,75,Right,1,,,,,0,0,1.000000,TaskSwitchPedal,0,0.500000,0.200000,,0.100000,5.000000,10.000000,72373550,633.869907,642.819484,,645.262871,,,,0,0,,,,,,Move1,Move1.PickupCoarseMove,1,"{""pedalAxisName"":""TaskSwitchPedal"",""usePlusMinusKeys"":true,""positivePedalKey"":61,""negativePedalKey"":45,""invertPedalAxis"":false,""pressThreshold"":0.5,""releaseThreshold"":0.20000000298023225,""minimumIntervalSeconds"":5.0,""maximumIntervalSeconds"":10.0,""minimumValidReactionSeconds"":0.10000000149011612,""randomSeed"":72373550}",,0,0.000000,,CorrectSidePress,0,0,0,,,,,,,0.000000,1,0,PlusMinusKeys,0,1
20261009T064916211Z_facf92f9bb4844ea8288d0a5e8ae0f15,,,1,1,StimulusOnsetObserved,Visual,2026-10-09T07:00:01.4767105Z,645.266153,639.489360,27529,7,0,OperatingSource,0,0,1,75,Right,1,,,,,1,0,0.000000,TaskSwitchPedal,0,0.500000,0.200000,,0.100000,5.000000,10.000000,72373550,642.822765,642.819484,642.822765,645.262871,645.266153,0.003282,,0,1,7,0,OperatingSource,Move1,Move1.PickupFineAlign,Move1,Move1.PickupFineAlign,1,"{""pedalAxisName"":""TaskSwitchPedal"",""usePlusMinusKeys"":true,""positivePedalKey"":61,""negativePedalKey"":45,""invertPedalAxis"":false,""pressThreshold"":0.5,""releaseThreshold"":0.20000000298023225,""minimumIntervalSeconds"":5.0,""maximumIntervalSeconds"":10.0,""minimumValidReactionSeconds"":0.10000000149011612,""randomSeed"":72373550}",,0,0.000000,,CorrectSidePress,0,0,0,,,,,,,0.000000,0,0,Axis,0,1
20261009T064916211Z_facf92f9bb4844ea8288d0a5e8ae0f15,,,1,1,PedalPressed,Visual,2026-10-09T07:00:02.4004239Z,646.190034,640.411131,27562,7,0,OperatingSource,0,0,1,75,Right,1,1,Correct,1,0.923882,1,0,1.000000,TaskSwitchPedal,0,0.500000,0.200000,,0.100000,5.000000,10.000000,72373550,643.746647,642.819484,642.822765,645.262871,645.266153,0.003282,646.190034,0,1,7,0,OperatingSource,Move1,Move1.PickupFineAlign,LiftUp,LiftUp.PickupLowering,1,"{""pedalAxisName"":""TaskSwitchPedal"",""usePlusMinusKeys"":true,""positivePedalKey"":61,""negativePedalKey"":45,""invertPedalAxis"":false,""pressThreshold"":0.5,""releaseThreshold"":0.20000000298023225,""minimumIntervalSeconds"":5.0,""maximumIntervalSeconds"":10.0,""minimumValidReactionSeconds"":0.10000000149011612,""randomSeed"":72373550}",,0,0.000000,0.923882,CorrectSidePress,1,0,0,1,Correct,1,0.923882,646.190034,0.923882,0.000000,1,0,PlusMinusKeys,0,1
20261009T064916211Z_facf92f9bb4844ea8288d0a5e8ae0f15,,,1,1,TrialFinished,Visual,2026-10-09T07:00:02.4019369Z,646.190034,640.411131,27562,7,0,OperatingSource,0,0,1,75,Right,1,1,Correct,1,0.923882,1,0,1.000000,TaskSwitchPedal,0,0.500000,0.200000,,0.100000,5.000000,10.000000,72373550,643.746647,642.819484,642.822765,645.262871,645.266153,0.003282,646.190034,0,0,7,0,OperatingSource,Move1,Move1.PickupFineAlign,LiftUp,LiftUp.PickupLowering,1,"{""pedalAxisName"":""TaskSwitchPedal"",""usePlusMinusKeys"":true,""positivePedalKey"":61,""negativePedalKey"":45,""invertPedalAxis"":false,""pressThreshold"":0.5,""releaseThreshold"":0.20000000298023225,""minimumIntervalSeconds"":5.0,""maximumIntervalSeconds"":10.0,""minimumValidReactionSeconds"":0.10000000149011612,""randomSeed"":72373550}",,0,0.000000,0.923882,CorrectSidePress,1,0,0,1,Correct,1,0.923882,646.190034,0.923882,0.000000,1,0,PlusMinusKeys,0,1
20261009T064916211Z_facf92f9bb4844ea8288d0a5e8ae0f15,,,1,1,StimulusScheduled,Visual,2026-10-09T07:00:02.4019369Z,646.190385,640.411131,27562,7,0,OperatingSource,0,0,1,76,Right,1,,,,,0,0,1.000000,TaskSwitchPedal,0,0.500000,0.200000,,0.100000,5.000000,10.000000,72373550,643.746999,650.268199,,652.711586,,,,0,0,,,,,,LiftUp,LiftUp.PickupLowering,1,"{""pedalAxisName"":""TaskSwitchPedal"",""usePlusMinusKeys"":true,""positivePedalKey"":61,""negativePedalKey"":45,""invertPedalAxis"":false,""pressThreshold"":0.5,""releaseThreshold"":0.20000000298023225,""minimumIntervalSeconds"":5.0,""maximumIntervalSeconds"":10.0,""minimumValidReactionSeconds"":0.10000000149011612,""randomSeed"":72373550}",,0,0.000000,,CorrectSidePress,0,0,0,,,,,,,0.000000,1,0,PlusMinusKeys,0,1
20261009T064916211Z_facf92f9bb4844ea8288d0a5e8ae0f15,,,1,1,StimulusOnsetObserved,Visual,2026-10-09T07:00:08.9291045Z,652.718269,646.943013,27790,8,1,OperatingTarget,0,0,1,76,Right,1,,,,,1,0,0.000000,TaskSwitchPedal,0,0.500000,0.200000,,0.100000,5.000000,10.000000,72373550,650.274882,650.268199,650.274882,652.711586,652.718269,0.006683,,0,1,8,1,OperatingTarget,Move2,Move2.DestinationCoarseMove,Move2,Move2.DestinationCoarseMove,1,"{""pedalAxisName"":""TaskSwitchPedal"",""usePlusMinusKeys"":true,""positivePedalKey"":61,""negativePedalKey"":45,""invertPedalAxis"":false,""pressThreshold"":0.5,""releaseThreshold"":0.20000000298023225,""minimumIntervalSeconds"":5.0,""maximumIntervalSeconds"":10.0,""minimumValidReactionSeconds"":0.10000000149011612,""randomSeed"":72373550}",,0,0.000000,,CorrectSidePress,0,0,0,,,,,,,0.000000,0,0,Axis,0,1
20261009T064916211Z_facf92f9bb4844ea8288d0a5e8ae0f15,,,1,1,PedalPressed,Visual,2026-10-09T07:00:10.9125397Z,654.701138,648.923823,27861,8,1,OperatingTarget,0,0,1,76,Right,1,1,Correct,1,1.982869,1,0,1.000000,TaskSwitchPedal,0,0.500000,0.200000,,0.100000,5.000000,10.000000,72373550,652.257751,650.268199,650.274882,652.711586,652.718269,0.006683,654.701138,0,1,8,1,OperatingTarget,Move2,Move2.DestinationCoarseMove,Move2,Move2.DestinationCoarseMove,1,"{""pedalAxisName"":""TaskSwitchPedal"",""usePlusMinusKeys"":true,""positivePedalKey"":61,""negativePedalKey"":45,""invertPedalAxis"":false,""pressThreshold"":0.5,""releaseThreshold"":0.20000000298023225,""minimumIntervalSeconds"":5.0,""maximumIntervalSeconds"":10.0,""minimumValidReactionSeconds"":0.10000000149011612,""randomSeed"":72373550}",,0,0.000000,1.982869,CorrectSidePress,1,0,0,1,Correct,1,1.982869,654.701138,1.982869,0.000000,1,0,PlusMinusKeys,0,1
20261009T064916211Z_facf92f9bb4844ea8288d0a5e8ae0f15,,,1,1,TrialFinished,Visual,2026-10-09T07:00:10.9125397Z,654.701138,648.923823,27861,8,1,OperatingTarget,0,0,1,76,Right,1,1,Correct,1,1.982869,1,0,1.000000,TaskSwitchPedal,0,0.500000,0.200000,,0.100000,5.000000,10.000000,72373550,652.257751,650.268199,650.274882,652.711586,652.718269,0.006683,654.701138,0,0,8,1,OperatingTarget,Move2,Move2.DestinationCoarseMove,Move2,Move2.DestinationCoarseMove,1,"{""pedalAxisName"":""TaskSwitchPedal"",""usePlusMinusKeys"":true,""positivePedalKey"":61,""negativePedalKey"":45,""invertPedalAxis"":false,""pressThreshold"":0.5,""releaseThreshold"":0.20000000298023225,""minimumIntervalSeconds"":5.0,""maximumIntervalSeconds"":10.0,""minimumValidReactionSeconds"":0.10000000149011612,""randomSeed"":72373550}",,0,0.000000,1.982869,CorrectSidePress,1,0,0,1,Correct,1,1.982869,654.701138,1.982869,0.000000,1,0,PlusMinusKeys,0,1
20261009T064916211Z_facf92f9bb4844ea8288d0a5e8ae0f15,,,1,1,StimulusScheduled,Visual,2026-10-09T07:00:10.9125397Z,654.701473,648.923823,27861,8,1,OperatingTarget,0,0,1,77,Left,-1,,,,,0,0,1.000000,TaskSwitchPedal,0,0.500000,0.200000,,0.100000,5.000000,10.000000,72373550,652.258086,660.800630,,663.244017,,,,0,0,,,,,,Move2,Move2.DestinationCoarseMove,1,"{""pedalAxisName"":""TaskSwitchPedal"",""usePlusMinusKeys"":true,""positivePedalKey"":61,""negativePedalKey"":45,""invertPedalAxis"":false,""pressThreshold"":0.5,""releaseThreshold"":0.20000000298023225,""minimumIntervalSeconds"":5.0,""maximumIntervalSeconds"":10.0,""minimumValidReactionSeconds"":0.10000000149011612,""randomSeed"":72373550}",,0,0.000000,,CorrectSidePress,0,0,0,,,,,,,0.000000,1,0,PlusMinusKeys,0,1
20261009T064916211Z_facf92f9bb4844ea8288d0a5e8ae0f15,,,1,1,StimulusOnsetObserved,Visual,2026-10-09T07:00:19.4722420Z,663.261592,657.485340,28127,8,1,OperatingTarget,0,0,1,77,Left,-1,,,,,1,0,0.000000,TaskSwitchPedal,0,0.500000,0.200000,,0.100000,5.000000,10.000000,72373550,660.818205,660.800630,660.818205,663.244017,663.261592,0.017575,,1,0,8,1,OperatingTarget,Place,Place.PlacementLowering,Place,Place.PlacementLowering,1,"{""pedalAxisName"":""TaskSwitchPedal"",""usePlusMinusKeys"":true,""positivePedalKey"":61,""negativePedalKey"":45,""invertPedalAxis"":false,""pressThreshold"":0.5,""releaseThreshold"":0.20000000298023225,""minimumIntervalSeconds"":5.0,""maximumIntervalSeconds"":10.0,""minimumValidReactionSeconds"":0.10000000149011612,""randomSeed"":72373550}",,0,0.000000,,CorrectSidePress,0,0,0,,,,,,,0.000000,0,0,Axis,0,1
20261009T064916211Z_facf92f9bb4844ea8288d0a5e8ae0f15,,,1,1,PedalPressed,Visual,2026-10-09T07:00:20.4241588Z,664.212901,658.432438,28152,8,1,OperatingTarget,0,0,1,77,Left,-1,-1,Correct,1,0.951309,1,0,-1.000000,TaskSwitchPedal,0,0.500000,0.200000,,0.100000,5.000000,10.000000,72373550,661.769514,660.800630,660.818205,663.244017,663.261592,0.017575,664.212901,1,0,8,1,OperatingTarget,Place,Place.PlacementLowering,Place,Place.PlacementLowering,1,"{""pedalAxisName"":""TaskSwitchPedal"",""usePlusMinusKeys"":true,""positivePedalKey"":61,""negativePedalKey"":45,""invertPedalAxis"":false,""pressThreshold"":0.5,""releaseThreshold"":0.20000000298023225,""minimumIntervalSeconds"":5.0,""maximumIntervalSeconds"":10.0,""minimumValidReactionSeconds"":0.10000000149011612,""randomSeed"":72373550}",,0,0.000000,0.951309,CorrectSidePress,1,0,0,-1,Correct,1,0.951309,664.212901,0.951309,0.000000,0,1,PlusMinusKeys,0,1
20261009T064916211Z_facf92f9bb4844ea8288d0a5e8ae0f15,,,1,1,TrialFinished,Visual,2026-10-09T07:00:20.4241588Z,664.212901,658.432438,28152,8,1,OperatingTarget,0,0,1,77,Left,-1,-1,Correct,1,0.951309,1,0,-1.000000,TaskSwitchPedal,0,0.500000,0.200000,,0.100000,5.000000,10.000000,72373550,661.769514,660.800630,660.818205,663.244017,663.261592,0.017575,664.212901,0,0,8,1,OperatingTarget,Place,Place.PlacementLowering,Place,Place.PlacementLowering,1,"{""pedalAxisName"":""TaskSwitchPedal"",""usePlusMinusKeys"":true,""positivePedalKey"":61,""negativePedalKey"":45,""invertPedalAxis"":false,""pressThreshold"":0.5,""releaseThreshold"":0.20000000298023225,""minimumIntervalSeconds"":5.0,""maximumIntervalSeconds"":10.0,""minimumValidReactionSeconds"":0.10000000149011612,""randomSeed"":72373550}",,0,0.000000,0.951309,CorrectSidePress,1,0,0,-1,Correct,1,0.951309,664.212901,0.951309,0.000000,0,1,PlusMinusKeys,0,1
20261009T064916211Z_facf92f9bb4844ea8288d0a5e8ae0f15,,,1,1,StimulusScheduled,Visual,2026-10-09T07:00:20.4246711Z,664.213407,658.432438,28152,8,1,OperatingTarget,0,0,1,78,Right,1,,,,,0,0,-1.000000,TaskSwitchPedal,0,0.500000,0.200000,,0.100000,5.000000,10.000000,72373550,661.770020,667.504871,,669.948258,,,,0,0,,,,,,Place,Place.PlacementLowering,1,"{""pedalAxisName"":""TaskSwitchPedal"",""usePlusMinusKeys"":true,""positivePedalKey"":61,""negativePedalKey"":45,""invertPedalAxis"":false,""pressThreshold"":0.5,""releaseThreshold"":0.20000000298023225,""minimumIntervalSeconds"":5.0,""maximumIntervalSeconds"":10.0,""minimumValidReactionSeconds"":0.10000000149011612,""randomSeed"":72373550}",,0,0.000000,,CorrectSidePress,0,0,0,,,,,,,0.000000,0,1,PlusMinusKeys,0,1
20261009T064916211Z_facf92f9bb4844ea8288d0a5e8ae0f15,,,1,1,StimulusOnsetObserved,Visual,2026-10-09T07:00:26.1795712Z,669.968202,664.190872,28322,8,1,OperatingTarget,0,0,1,78,Right,1,,,,,1,0,0.000000,TaskSwitchPedal,0,0.500000,0.200000,,0.100000,5.000000,10.000000,72373550,667.524815,667.504871,667.524815,669.948258,669.968202,0.019944,,0,1,8,1,OperatingTarget,Place,Place.PlacementLowering,Place,Place.PlacementLowering,1,"{""pedalAxisName"":""TaskSwitchPedal"",""usePlusMinusKeys"":true,""positivePedalKey"":61,""negativePedalKey"":45,""invertPedalAxis"":false,""pressThreshold"":0.5,""releaseThreshold"":0.20000000298023225,""minimumIntervalSeconds"":5.0,""maximumIntervalSeconds"":10.0,""minimumValidReactionSeconds"":0.10000000149011612,""randomSeed"":72373550}",,0,0.000000,,CorrectSidePress,0,0,0,,,,,,,0.000000,0,0,Axis,0,1
20261009T064916211Z_facf92f9bb4844ea8288d0a5e8ae0f15,,,1,1,PedalPressed,Visual,2026-10-09T07:00:27.0630988Z,670.852391,665.074922,28345,8,1,OperatingTarget,0,0,1,78,Right,1,1,Correct,1,0.884188,1,0,1.000000,TaskSwitchPedal,0,0.500000,0.200000,,0.100000,5.000000,10.000000,72373550,668.409004,667.504871,667.524815,669.948258,669.968202,0.019944,670.852391,0,1,8,1,OperatingTarget,Place,Place.PlacementLowering,Place,Place.LoadRelease,1,"{""pedalAxisName"":""TaskSwitchPedal"",""usePlusMinusKeys"":true,""positivePedalKey"":61,""negativePedalKey"":45,""invertPedalAxis"":false,""pressThreshold"":0.5,""releaseThreshold"":0.20000000298023225,""minimumIntervalSeconds"":5.0,""maximumIntervalSeconds"":10.0,""minimumValidReactionSeconds"":0.10000000149011612,""randomSeed"":72373550}",,0,0.000000,0.884188,CorrectSidePress,1,0,0,1,Correct,1,0.884188,670.852391,0.884188,0.000000,1,0,PlusMinusKeys,0,1
20261009T064916211Z_facf92f9bb4844ea8288d0a5e8ae0f15,,,1,1,TrialFinished,Visual,2026-10-09T07:00:27.0630988Z,670.852391,665.074922,28345,8,1,OperatingTarget,0,0,1,78,Right,1,1,Correct,1,0.884188,1,0,1.000000,TaskSwitchPedal,0,0.500000,0.200000,,0.100000,5.000000,10.000000,72373550,668.409004,667.504871,667.524815,669.948258,669.968202,0.019944,670.852391,0,0,8,1,OperatingTarget,Place,Place.PlacementLowering,Place,Place.LoadRelease,1,"{""pedalAxisName"":""TaskSwitchPedal"",""usePlusMinusKeys"":true,""positivePedalKey"":61,""negativePedalKey"":45,""invertPedalAxis"":false,""pressThreshold"":0.5,""releaseThreshold"":0.20000000298023225,""minimumIntervalSeconds"":5.0,""maximumIntervalSeconds"":10.0,""minimumValidReactionSeconds"":0.10000000149011612,""randomSeed"":72373550}",,0,0.000000,0.884188,CorrectSidePress,1,0,0,1,Correct,1,0.884188,670.852391,0.884188,0.000000,1,0,PlusMinusKeys,0,1
20261009T064916211Z_facf92f9bb4844ea8288d0a5e8ae0f15,,,1,1,StimulusScheduled,Visual,2026-10-09T07:00:27.0630988Z,670.852699,665.074922,28345,8,1,OperatingTarget,0,0,1,79,Left,-1,,,,,0,0,1.000000,TaskSwitchPedal,0,0.500000,0.200000,,0.100000,5.000000,10.000000,72373550,668.409312,678.315739,,680.759126,,,,0,0,,,,,,Place,Place.LoadRelease,1,"{""pedalAxisName"":""TaskSwitchPedal"",""usePlusMinusKeys"":true,""positivePedalKey"":61,""negativePedalKey"":45,""invertPedalAxis"":false,""pressThreshold"":0.5,""releaseThreshold"":0.20000000298023225,""minimumIntervalSeconds"":5.0,""maximumIntervalSeconds"":10.0,""minimumValidReactionSeconds"":0.10000000149011612,""randomSeed"":72373550}",,0,0.000000,,CorrectSidePress,0,0,0,,,,,,,0.000000,1,0,PlusMinusKeys,0,1
20261009T064916211Z_facf92f9bb4844ea8288d0a5e8ae0f15,,,1,1,StimulusOnsetObserved,Visual,2026-10-09T07:00:36.9831754Z,680.772216,674.997132,28772,8,0,WaitingForSourceConfirmation,1,0,1,79,Left,-1,,,,,1,0,0.000000,TaskSwitchPedal,0,0.500000,0.200000,,0.100000,5.000000,10.000000,72373550,678.328829,678.315739,678.328829,680.759126,680.772216,0.013090,,1,0,8,0,WaitingForSourceConfirmation,LiftUp,LiftUp.PickupLowering,LiftUp,LiftUp.PickupLowering,1,"{""pedalAxisName"":""TaskSwitchPedal"",""usePlusMinusKeys"":true,""positivePedalKey"":61,""negativePedalKey"":45,""invertPedalAxis"":false,""pressThreshold"":0.5,""releaseThreshold"":0.20000000298023225,""minimumIntervalSeconds"":5.0,""maximumIntervalSeconds"":10.0,""minimumValidReactionSeconds"":0.10000000149011612,""randomSeed"":72373550}",,0,0.000000,,CorrectSidePress,0,0,0,,,,,,,0.000000,0,0,Axis,0,1
20261009T064916211Z_facf92f9bb4844ea8288d0a5e8ae0f15,,,1,1,PedalPressed,Visual,2026-10-09T07:00:38.2833210Z,682.072879,676.297881,28831,8,0,WaitingForSourceConfirmation,1,0,1,79,Left,-1,-1,Correct,1,1.300662,1,0,-1.000000,TaskSwitchPedal,0,0.500000,0.200000,,0.100000,5.000000,10.000000,72373550,679.629492,678.315739,678.328829,680.759126,680.772216,0.013090,682.072879,1,0,8,0,WaitingForSourceConfirmation,LiftUp,LiftUp.PickupLowering,LiftUp,LiftUp.PickupLowering,1,"{""pedalAxisName"":""TaskSwitchPedal"",""usePlusMinusKeys"":true,""positivePedalKey"":61,""negativePedalKey"":45,""invertPedalAxis"":false,""pressThreshold"":0.5,""releaseThreshold"":0.20000000298023225,""minimumIntervalSeconds"":5.0,""maximumIntervalSeconds"":10.0,""minimumValidReactionSeconds"":0.10000000149011612,""randomSeed"":72373550}",,0,0.000000,1.300662,CorrectSidePress,1,0,0,-1,Correct,1,1.300662,682.072879,1.300662,0.000000,0,1,PlusMinusKeys,0,1
20261009T064916211Z_facf92f9bb4844ea8288d0a5e8ae0f15,,,1,1,TrialFinished,Visual,2026-10-09T07:00:38.2833210Z,682.072879,676.297881,28831,8,0,WaitingForSourceConfirmation,1,0,1,79,Left,-1,-1,Correct,1,1.300662,1,0,-1.000000,TaskSwitchPedal,0,0.500000,0.200000,,0.100000,5.000000,10.000000,72373550,679.629492,678.315739,678.328829,680.759126,680.772216,0.013090,682.072879,0,0,8,0,WaitingForSourceConfirmation,LiftUp,LiftUp.PickupLowering,LiftUp,LiftUp.PickupLowering,1,"{""pedalAxisName"":""TaskSwitchPedal"",""usePlusMinusKeys"":true,""positivePedalKey"":61,""negativePedalKey"":45,""invertPedalAxis"":false,""pressThreshold"":0.5,""releaseThreshold"":0.20000000298023225,""minimumIntervalSeconds"":5.0,""maximumIntervalSeconds"":10.0,""minimumValidReactionSeconds"":0.10000000149011612,""randomSeed"":72373550}",,0,0.000000,1.300662,CorrectSidePress,1,0,0,-1,Correct,1,1.300662,682.072879,1.300662,0.000000,0,1,PlusMinusKeys,0,1
20261009T064916211Z_facf92f9bb4844ea8288d0a5e8ae0f15,,,1,1,StimulusScheduled,Visual,2026-10-09T07:00:38.2833210Z,682.073253,676.297881,28831,8,0,WaitingForSourceConfirmation,1,0,1,80,Left,-1,,,,,0,0,-1.000000,TaskSwitchPedal,0,0.500000,0.200000,,0.100000,5.000000,10.000000,72373550,679.629865,686.965070,,689.408457,,,,0,0,,,,,,LiftUp,LiftUp.PickupLowering,1,"{""pedalAxisName"":""TaskSwitchPedal"",""usePlusMinusKeys"":true,""positivePedalKey"":61,""negativePedalKey"":45,""invertPedalAxis"":false,""pressThreshold"":0.5,""releaseThreshold"":0.20000000298023225,""minimumIntervalSeconds"":5.0,""maximumIntervalSeconds"":10.0,""minimumValidReactionSeconds"":0.10000000149011612,""randomSeed"":72373550}",,0,0.000000,,CorrectSidePress,0,0,0,,,,,,,0.000000,0,1,PlusMinusKeys,0,1
20261009T064916211Z_facf92f9bb4844ea8288d0a5e8ae0f15,,,1,1,StimulusOnsetObserved,Visual,2026-10-09T07:00:45.6954614Z,689.484912,683.707541,29078,8,0,OperatingSource,0,0,1,80,Left,-1,,,,,1,0,0.000000,TaskSwitchPedal,0,0.500000,0.200000,,0.100000,5.000000,10.000000,72373550,687.041525,686.965070,687.041525,689.408457,689.484912,0.076454,,1,0,8,0,OperatingSource,LiftUp,LiftUp.PickupLowering,LiftUp,LiftUp.PickupLowering,1,"{""pedalAxisName"":""TaskSwitchPedal"",""usePlusMinusKeys"":true,""positivePedalKey"":61,""negativePedalKey"":45,""invertPedalAxis"":false,""pressThreshold"":0.5,""releaseThreshold"":0.20000000298023225,""minimumIntervalSeconds"":5.0,""maximumIntervalSeconds"":10.0,""minimumValidReactionSeconds"":0.10000000149011612,""randomSeed"":72373550}",,0,0.000000,,CorrectSidePress,0,0,0,,,,,,,0.000000,0,0,Axis,0,1
20261009T064916211Z_facf92f9bb4844ea8288d0a5e8ae0f15,,,1,1,PedalPressed,Visual,2026-10-09T07:00:46.5298250Z,690.319089,684.540896,29103,8,0,OperatingSource,0,0,1,80,Left,-1,-1,Correct,1,0.834177,1,0,-1.000000,TaskSwitchPedal,0,0.500000,0.200000,,0.100000,5.000000,10.000000,72373550,687.875702,686.965070,687.041525,689.408457,689.484912,0.076454,690.319089,1,0,8,0,OperatingSource,LiftUp,LiftUp.PickupLowering,LiftUp,LiftUp.PickupLowering,1,"{""pedalAxisName"":""TaskSwitchPedal"",""usePlusMinusKeys"":true,""positivePedalKey"":61,""negativePedalKey"":45,""invertPedalAxis"":false,""pressThreshold"":0.5,""releaseThreshold"":0.20000000298023225,""minimumIntervalSeconds"":5.0,""maximumIntervalSeconds"":10.0,""minimumValidReactionSeconds"":0.10000000149011612,""randomSeed"":72373550}",,0,0.000000,0.834177,CorrectSidePress,1,0,0,-1,Correct,1,0.834177,690.319089,0.834177,0.000000,0,1,PlusMinusKeys,0,1
20261009T064916211Z_facf92f9bb4844ea8288d0a5e8ae0f15,,,1,1,TrialFinished,Visual,2026-10-09T07:00:46.5298250Z,690.319089,684.540896,29103,8,0,OperatingSource,0,0,1,80,Left,-1,-1,Correct,1,0.834177,1,0,-1.000000,TaskSwitchPedal,0,0.500000,0.200000,,0.100000,5.000000,10.000000,72373550,687.875702,686.965070,687.041525,689.408457,689.484912,0.076454,690.319089,0,0,8,0,OperatingSource,LiftUp,LiftUp.PickupLowering,LiftUp,LiftUp.PickupLowering,1,"{""pedalAxisName"":""TaskSwitchPedal"",""usePlusMinusKeys"":true,""positivePedalKey"":61,""negativePedalKey"":45,""invertPedalAxis"":false,""pressThreshold"":0.5,""releaseThreshold"":0.20000000298023225,""minimumIntervalSeconds"":5.0,""maximumIntervalSeconds"":10.0,""minimumValidReactionSeconds"":0.10000000149011612,""randomSeed"":72373550}",,0,0.000000,0.834177,CorrectSidePress,1,0,0,-1,Correct,1,0.834177,690.319089,0.834177,0.000000,0,1,PlusMinusKeys,0,1
20261009T064916211Z_facf92f9bb4844ea8288d0a5e8ae0f15,,,1,1,StimulusScheduled,Visual,2026-10-09T07:00:46.5298250Z,690.319595,684.540896,29103,8,0,OperatingSource,0,0,1,81,Left,-1,,,,,0,0,-1.000000,TaskSwitchPedal,0,0.500000,0.200000,,0.100000,5.000000,10.000000,72373550,687.876208,697.540475,,699.983863,,,,0,0,,,,,,LiftUp,LiftUp.PickupLowering,1,"{""pedalAxisName"":""TaskSwitchPedal"",""usePlusMinusKeys"":true,""positivePedalKey"":61,""negativePedalKey"":45,""invertPedalAxis"":false,""pressThreshold"":0.5,""releaseThreshold"":0.20000000298023225,""minimumIntervalSeconds"":5.0,""maximumIntervalSeconds"":10.0,""minimumValidReactionSeconds"":0.10000000149011612,""randomSeed"":72373550}",,0,0.000000,,CorrectSidePress,0,0,0,,,,,,,0.000000,0,1,PlusMinusKeys,0,1
20261009T064916211Z_facf92f9bb4844ea8288d0a5e8ae0f15,,,1,1,StimulusOnsetObserved,Visual,2026-10-09T07:00:56.2116586Z,700.001426,694.224494,29400,8,0,OperatingSource,0,0,1,81,Left,-1,,,,,1,0,0.000000,TaskSwitchPedal,0,0.500000,0.200000,,0.100000,5.000000,10.000000,72373550,697.558039,697.540475,697.558039,699.983863,700.001426,0.017563,,1,0,8,0,OperatingSource,LiftUp,LiftUp.LoadedRaising,LiftUp,LiftUp.LoadedRaising,1,"{""pedalAxisName"":""TaskSwitchPedal"",""usePlusMinusKeys"":true,""positivePedalKey"":61,""negativePedalKey"":45,""invertPedalAxis"":false,""pressThreshold"":0.5,""releaseThreshold"":0.20000000298023225,""minimumIntervalSeconds"":5.0,""maximumIntervalSeconds"":10.0,""minimumValidReactionSeconds"":0.10000000149011612,""randomSeed"":72373550}",,0,0.000000,,CorrectSidePress,0,0,0,,,,,,,0.000000,0,0,Axis,0,1
20261009T064916211Z_facf92f9bb4844ea8288d0a5e8ae0f15,,,1,1,PedalPressed,Visual,2026-10-09T07:00:57.0490544Z,700.838779,695.062098,29425,8,0,OperatingSource,0,0,1,81,Left,-1,-1,Correct,1,0.837353,1,0,-1.000000,TaskSwitchPedal,0,0.500000,0.200000,,0.100000,5.000000,10.000000,72373550,698.395392,697.540475,697.558039,699.983863,700.001426,0.017563,700.838779,1,0,8,0,OperatingSource,LiftUp,LiftUp.LoadedRaising,LiftUp,LiftUp.LoadedRaising,1,"{""pedalAxisName"":""TaskSwitchPedal"",""usePlusMinusKeys"":true,""positivePedalKey"":61,""negativePedalKey"":45,""invertPedalAxis"":false,""pressThreshold"":0.5,""releaseThreshold"":0.20000000298023225,""minimumIntervalSeconds"":5.0,""maximumIntervalSeconds"":10.0,""minimumValidReactionSeconds"":0.10000000149011612,""randomSeed"":72373550}",,0,0.000000,0.837353,CorrectSidePress,1,0,0,-1,Correct,1,0.837353,700.838779,0.837353,0.000000,0,1,PlusMinusKeys,0,1
20261009T064916211Z_facf92f9bb4844ea8288d0a5e8ae0f15,,,1,1,TrialFinished,Visual,2026-10-09T07:00:57.0490544Z,700.838779,695.062098,29425,8,0,OperatingSource,0,0,1,81,Left,-1,-1,Correct,1,0.837353,1,0,-1.000000,TaskSwitchPedal,0,0.500000,0.200000,,0.100000,5.000000,10.000000,72373550,698.395392,697.540475,697.558039,699.983863,700.001426,0.017563,700.838779,0,0,8,0,OperatingSource,LiftUp,LiftUp.LoadedRaising,LiftUp,LiftUp.LoadedRaising,1,"{""pedalAxisName"":""TaskSwitchPedal"",""usePlusMinusKeys"":true,""positivePedalKey"":61,""negativePedalKey"":45,""invertPedalAxis"":false,""pressThreshold"":0.5,""releaseThreshold"":0.20000000298023225,""minimumIntervalSeconds"":5.0,""maximumIntervalSeconds"":10.0,""minimumValidReactionSeconds"":0.10000000149011612,""randomSeed"":72373550}",,0,0.000000,0.837353,CorrectSidePress,1,0,0,-1,Correct,1,0.837353,700.838779,0.837353,0.000000,0,1,PlusMinusKeys,0,1
20261009T064916211Z_facf92f9bb4844ea8288d0a5e8ae0f15,,,1,1,StimulusScheduled,Visual,2026-10-09T07:00:57.0490544Z,700.839136,695.062098,29425,8,0,OperatingSource,0,0,1,82,Right,1,,,,,0,0,-1.000000,TaskSwitchPedal,0,0.500000,0.200000,,0.100000,5.000000,10.000000,72373550,698.395750,705.455684,,707.899071,,,,0,0,,,,,,LiftUp,LiftUp.LoadedRaising,1,"{""pedalAxisName"":""TaskSwitchPedal"",""usePlusMinusKeys"":true,""positivePedalKey"":61,""negativePedalKey"":45,""invertPedalAxis"":false,""pressThreshold"":0.5,""releaseThreshold"":0.20000000298023225,""minimumIntervalSeconds"":5.0,""maximumIntervalSeconds"":10.0,""minimumValidReactionSeconds"":0.10000000149011612,""randomSeed"":72373550}",,0,0.000000,,CorrectSidePress,0,0,0,,,,,,,0.000000,0,1,PlusMinusKeys,0,1
20261009T064916211Z_facf92f9bb4844ea8288d0a5e8ae0f15,,,1,1,StimulusOnsetObserved,Visual,2026-10-09T07:01:04.1181980Z,707.907672,702.131243,29634,8,0,OperatingSource,0,0,1,82,Right,1,,,,,1,0,0.000000,TaskSwitchPedal,0,0.500000,0.200000,,0.100000,5.000000,10.000000,72373550,705.464285,705.455684,705.464285,707.899071,707.907672,0.008601,,0,1,8,0,OperatingSource,Move2,Move2.DestinationCoarseMove,Move2,Move2.DestinationCoarseMove,1,"{""pedalAxisName"":""TaskSwitchPedal"",""usePlusMinusKeys"":true,""positivePedalKey"":61,""negativePedalKey"":45,""invertPedalAxis"":false,""pressThreshold"":0.5,""releaseThreshold"":0.20000000298023225,""minimumIntervalSeconds"":5.0,""maximumIntervalSeconds"":10.0,""minimumValidReactionSeconds"":0.10000000149011612,""randomSeed"":72373550}",,0,0.000000,,CorrectSidePress,0,0,0,,,,,,,0.000000,0,0,Axis,0,1
20261009T064916211Z_facf92f9bb4844ea8288d0a5e8ae0f15,,,1,1,PedalPressed,Visual,2026-10-09T07:01:05.4736625Z,709.263899,703.486025,29671,8,0,OperatingSource,0,0,1,82,Right,1,1,Correct,1,1.356227,1,0,1.000000,TaskSwitchPedal,0,0.500000,0.200000,,0.100000,5.000000,10.000000,72373550,706.820512,705.455684,705.464285,707.899071,707.907672,0.008601,709.263899,0,1,8,0,OperatingSource,Move2,Move2.DestinationCoarseMove,Move2,Move2.DestinationCoarseMove,1,"{""pedalAxisName"":""TaskSwitchPedal"",""usePlusMinusKeys"":true,""positivePedalKey"":61,""negativePedalKey"":45,""invertPedalAxis"":false,""pressThreshold"":0.5,""releaseThreshold"":0.20000000298023225,""minimumIntervalSeconds"":5.0,""maximumIntervalSeconds"":10.0,""minimumValidReactionSeconds"":0.10000000149011612,""randomSeed"":72373550}",,0,0.000000,1.356227,CorrectSidePress,1,0,0,1,Correct,1,1.356227,709.263899,1.356227,0.000000,1,0,PlusMinusKeys,0,1
20261009T064916211Z_facf92f9bb4844ea8288d0a5e8ae0f15,,,1,1,TrialFinished,Visual,2026-10-09T07:01:05.4736625Z,709.263899,703.486025,29671,8,0,OperatingSource,0,0,1,82,Right,1,1,Correct,1,1.356227,1,0,1.000000,TaskSwitchPedal,0,0.500000,0.200000,,0.100000,5.000000,10.000000,72373550,706.820512,705.455684,705.464285,707.899071,707.907672,0.008601,709.263899,0,0,8,0,OperatingSource,Move2,Move2.DestinationCoarseMove,Move2,Move2.DestinationCoarseMove,1,"{""pedalAxisName"":""TaskSwitchPedal"",""usePlusMinusKeys"":true,""positivePedalKey"":61,""negativePedalKey"":45,""invertPedalAxis"":false,""pressThreshold"":0.5,""releaseThreshold"":0.20000000298023225,""minimumIntervalSeconds"":5.0,""maximumIntervalSeconds"":10.0,""minimumValidReactionSeconds"":0.10000000149011612,""randomSeed"":72373550}",,0,0.000000,1.356227,CorrectSidePress,1,0,0,1,Correct,1,1.356227,709.263899,1.356227,0.000000,1,0,PlusMinusKeys,0,1
20261009T064916211Z_facf92f9bb4844ea8288d0a5e8ae0f15,,,1,1,StimulusScheduled,Visual,2026-10-09T07:01:05.4747096Z,709.264249,703.486025,29671,8,0,OperatingSource,0,0,1,83,Right,1,,,,,0,0,1.000000,TaskSwitchPedal,0,0.500000,0.200000,,0.100000,5.000000,10.000000,72373550,706.820862,713.473835,,715.917222,,,,0,0,,,,,,Move2,Move2.DestinationCoarseMove,1,"{""pedalAxisName"":""TaskSwitchPedal"",""usePlusMinusKeys"":true,""positivePedalKey"":61,""negativePedalKey"":45,""invertPedalAxis"":false,""pressThreshold"":0.5,""releaseThreshold"":0.20000000298023225,""minimumIntervalSeconds"":5.0,""maximumIntervalSeconds"":10.0,""minimumValidReactionSeconds"":0.10000000149011612,""randomSeed"":72373550}",,0,0.000000,,CorrectSidePress,0,0,0,,,,,,,0.000000,1,0,PlusMinusKeys,0,1
20261009T064916211Z_facf92f9bb4844ea8288d0a5e8ae0f15,,,1,1,StimulusOnsetObserved,Visual,2026-10-09T07:01:12.1372801Z,715.927899,710.152626,29868,8,0,OperatingSource,0,0,1,83,Right,1,,,,,1,0,0.000000,TaskSwitchPedal,0,0.500000,0.200000,,0.100000,5.000000,10.000000,72373550,713.484512,713.473835,713.484512,715.917222,715.927899,0.010677,,0,1,8,0,OperatingSource,Move2,Move2.DestinationCoarseMove,Move2,Move2.DestinationCoarseMove,1,"{""pedalAxisName"":""TaskSwitchPedal"",""usePlusMinusKeys"":true,""positivePedalKey"":61,""negativePedalKey"":45,""invertPedalAxis"":false,""pressThreshold"":0.5,""releaseThreshold"":0.20000000298023225,""minimumIntervalSeconds"":5.0,""maximumIntervalSeconds"":10.0,""minimumValidReactionSeconds"":0.10000000149011612,""randomSeed"":72373550}",,0,0.000000,,CorrectSidePress,0,0,0,,,,,,,0.000000,0,0,Axis,0,1
20261009T064916211Z_facf92f9bb4844ea8288d0a5e8ae0f15,,,1,1,PedalPressed,Visual,2026-10-09T07:01:13.1427125Z,716.932583,711.156105,29898,8,0,OperatingSource,0,0,1,83,Right,1,1,Correct,1,1.004684,1,0,1.000000,TaskSwitchPedal,0,0.500000,0.200000,,0.100000,5.000000,10.000000,72373550,714.489196,713.473835,713.484512,715.917222,715.927899,0.010677,716.932583,0,1,8,0,OperatingSource,Move2,Move2.DestinationCoarseMove,Move2,Move2.DestinationCoarseMove,1,"{""pedalAxisName"":""TaskSwitchPedal"",""usePlusMinusKeys"":true,""positivePedalKey"":61,""negativePedalKey"":45,""invertPedalAxis"":false,""pressThreshold"":0.5,""releaseThreshold"":0.20000000298023225,""minimumIntervalSeconds"":5.0,""maximumIntervalSeconds"":10.0,""minimumValidReactionSeconds"":0.10000000149011612,""randomSeed"":72373550}",,0,0.000000,1.004684,CorrectSidePress,1,0,0,1,Correct,1,1.004684,716.932583,1.004684,0.000000,1,0,PlusMinusKeys,0,1
20261009T064916211Z_facf92f9bb4844ea8288d0a5e8ae0f15,,,1,1,TrialFinished,Visual,2026-10-09T07:01:13.1427125Z,716.932583,711.156105,29898,8,0,OperatingSource,0,0,1,83,Right,1,1,Correct,1,1.004684,1,0,1.000000,TaskSwitchPedal,0,0.500000,0.200000,,0.100000,5.000000,10.000000,72373550,714.489196,713.473835,713.484512,715.917222,715.927899,0.010677,716.932583,0,0,8,0,OperatingSource,Move2,Move2.DestinationCoarseMove,Move2,Move2.DestinationCoarseMove,1,"{""pedalAxisName"":""TaskSwitchPedal"",""usePlusMinusKeys"":true,""positivePedalKey"":61,""negativePedalKey"":45,""invertPedalAxis"":false,""pressThreshold"":0.5,""releaseThreshold"":0.20000000298023225,""minimumIntervalSeconds"":5.0,""maximumIntervalSeconds"":10.0,""minimumValidReactionSeconds"":0.10000000149011612,""randomSeed"":72373550}",,0,0.000000,1.004684,CorrectSidePress,1,0,0,1,Correct,1,1.004684,716.932583,1.004684,0.000000,1,0,PlusMinusKeys,0,1
20261009T064916211Z_facf92f9bb4844ea8288d0a5e8ae0f15,,,1,1,StimulusScheduled,Visual,2026-10-09T07:01:13.1427125Z,716.933077,711.156105,29898,8,0,OperatingSource,0,0,1,84,Right,1,,,,,0,0,1.000000,TaskSwitchPedal,0,0.500000,0.200000,,0.100000,5.000000,10.000000,72373550,714.489690,719.492864,,721.936251,,,,0,0,,,,,,Move2,Move2.DestinationCoarseMove,1,"{""pedalAxisName"":""TaskSwitchPedal"",""usePlusMinusKeys"":true,""positivePedalKey"":61,""negativePedalKey"":45,""invertPedalAxis"":false,""pressThreshold"":0.5,""releaseThreshold"":0.20000000298023225,""minimumIntervalSeconds"":5.0,""maximumIntervalSeconds"":10.0,""minimumValidReactionSeconds"":0.10000000149011612,""randomSeed"":72373550}",,0,0.000000,,CorrectSidePress,0,0,0,,,,,,,0.000000,1,0,PlusMinusKeys,0,1
20261009T064916211Z_facf92f9bb4844ea8288d0a5e8ae0f15,,,1,1,StimulusOnsetObserved,Visual,2026-10-09T07:01:18.1655330Z,721.956243,716.180305,30044,8,0,OperatingSource,0,0,1,84,Right,1,,,,,1,0,0.000000,TaskSwitchPedal,0,0.500000,0.200000,,0.100000,5.000000,10.000000,72373550,719.512856,719.492864,719.512856,721.936251,721.956243,0.019992,,0,1,8,0,OperatingSource,Place,Place.PlacementLowering,Place,Place.PlacementLowering,1,"{""pedalAxisName"":""TaskSwitchPedal"",""usePlusMinusKeys"":true,""positivePedalKey"":61,""negativePedalKey"":45,""invertPedalAxis"":false,""pressThreshold"":0.5,""releaseThreshold"":0.20000000298023225,""minimumIntervalSeconds"":5.0,""maximumIntervalSeconds"":10.0,""minimumValidReactionSeconds"":0.10000000149011612,""randomSeed"":72373550}",,0,0.000000,,CorrectSidePress,0,0,0,,,,,,,0.000000,0,0,Axis,0,1
20261009T064916211Z_facf92f9bb4844ea8288d0a5e8ae0f15,,,1,1,PedalPressed,Visual,2026-10-09T07:01:19.1996924Z,722.990480,717.210584,30072,8,0,OperatingSource,0,0,1,84,Right,1,1,Correct,1,1.034237,1,0,1.000000,TaskSwitchPedal,0,0.500000,0.200000,,0.100000,5.000000,10.000000,72373550,720.547092,719.492864,719.512856,721.936251,721.956243,0.019992,722.990480,0,1,8,0,OperatingSource,Place,Place.PlacementLowering,Place,Place.PlacementLowering,1,"{""pedalAxisName"":""TaskSwitchPedal"",""usePlusMinusKeys"":true,""positivePedalKey"":61,""negativePedalKey"":45,""invertPedalAxis"":false,""pressThreshold"":0.5,""releaseThreshold"":0.20000000298023225,""minimumIntervalSeconds"":5.0,""maximumIntervalSeconds"":10.0,""minimumValidReactionSeconds"":0.10000000149011612,""randomSeed"":72373550}",,0,0.000000,1.034237,CorrectSidePress,1,0,0,1,Correct,1,1.034237,722.990480,1.034237,0.000000,1,0,PlusMinusKeys,0,1
20261009T064916211Z_facf92f9bb4844ea8288d0a5e8ae0f15,,,1,1,TrialFinished,Visual,2026-10-09T07:01:19.1996924Z,722.990480,717.210584,30072,8,0,OperatingSource,0,0,1,84,Right,1,1,Correct,1,1.034237,1,0,1.000000,TaskSwitchPedal,0,0.500000,0.200000,,0.100000,5.000000,10.000000,72373550,720.547092,719.492864,719.512856,721.936251,721.956243,0.019992,722.990480,0,0,8,0,OperatingSource,Place,Place.PlacementLowering,Place,Place.PlacementLowering,1,"{""pedalAxisName"":""TaskSwitchPedal"",""usePlusMinusKeys"":true,""positivePedalKey"":61,""negativePedalKey"":45,""invertPedalAxis"":false,""pressThreshold"":0.5,""releaseThreshold"":0.20000000298023225,""minimumIntervalSeconds"":5.0,""maximumIntervalSeconds"":10.0,""minimumValidReactionSeconds"":0.10000000149011612,""randomSeed"":72373550}",,0,0.000000,1.034237,CorrectSidePress,1,0,0,1,Correct,1,1.034237,722.990480,1.034237,0.000000,1,0,PlusMinusKeys,0,1
20261009T064916211Z_facf92f9bb4844ea8288d0a5e8ae0f15,,,1,1,StimulusScheduled,Visual,2026-10-09T07:01:19.2010199Z,722.990940,717.210584,30072,8,0,OperatingSource,0,0,1,85,Left,-1,,,,,0,0,1.000000,TaskSwitchPedal,0,0.500000,0.200000,,0.100000,5.000000,10.000000,72373550,720.547553,728.051851,,730.495238,,,,0,0,,,,,,Place,Place.PlacementLowering,1,"{""pedalAxisName"":""TaskSwitchPedal"",""usePlusMinusKeys"":true,""positivePedalKey"":61,""negativePedalKey"":45,""invertPedalAxis"":false,""pressThreshold"":0.5,""releaseThreshold"":0.20000000298023225,""minimumIntervalSeconds"":5.0,""maximumIntervalSeconds"":10.0,""minimumValidReactionSeconds"":0.10000000149011612,""randomSeed"":72373550}",,0,0.000000,,CorrectSidePress,0,0,0,,,,,,,0.000000,1,0,PlusMinusKeys,0,1
20261009T064916211Z_facf92f9bb4844ea8288d0a5e8ae0f15,,,1,1,StimulusOnsetObserved,Visual,2026-10-09T07:01:26.7178194Z,730.508978,724.733090,30312,8,0,OperatingSource,0,0,1,85,Left,-1,,,,,1,0,0.000000,TaskSwitchPedal,0,0.500000,0.200000,,0.100000,5.000000,10.000000,72373550,728.065591,728.051851,728.065591,730.495238,730.508978,0.013740,,1,0,8,0,OperatingSource,Place,Place.PostPlacementRaising,Place,Place.PostPlacementRaising,1,"{""pedalAxisName"":""TaskSwitchPedal"",""usePlusMinusKeys"":true,""positivePedalKey"":61,""negativePedalKey"":45,""invertPedalAxis"":false,""pressThreshold"":0.5,""releaseThreshold"":0.20000000298023225,""minimumIntervalSeconds"":5.0,""maximumIntervalSeconds"":10.0,""minimumValidReactionSeconds"":0.10000000149011612,""randomSeed"":72373550}",,0,0.000000,,CorrectSidePress,0,0,0,,,,,,,0.000000,0,0,Axis,0,1
20261009T064916211Z_facf92f9bb4844ea8288d0a5e8ae0f15,,,1,1,PedalPressed,Visual,2026-10-09T07:01:27.5620960Z,731.353003,725.577185,30349,8,0,OperatingSource,0,0,1,85,Left,-1,-1,Correct,1,0.844025,1,0,-1.000000,TaskSwitchPedal,0,0.500000,0.200000,,0.100000,5.000000,10.000000,72373550,728.909616,728.051851,728.065591,730.495238,730.508978,0.013740,731.353003,1,0,8,0,OperatingSource,Place,Place.PostPlacementRaising,Place,Place.PostPlacementRaising,1,"{""pedalAxisName"":""TaskSwitchPedal"",""usePlusMinusKeys"":true,""positivePedalKey"":61,""negativePedalKey"":45,""invertPedalAxis"":false,""pressThreshold"":0.5,""releaseThreshold"":0.20000000298023225,""minimumIntervalSeconds"":5.0,""maximumIntervalSeconds"":10.0,""minimumValidReactionSeconds"":0.10000000149011612,""randomSeed"":72373550}",,0,0.000000,0.844025,CorrectSidePress,1,0,0,-1,Correct,1,0.844025,731.353003,0.844025,0.000000,0,1,PlusMinusKeys,0,1
20261009T064916211Z_facf92f9bb4844ea8288d0a5e8ae0f15,,,1,1,TrialFinished,Visual,2026-10-09T07:01:27.5631714Z,731.353003,725.577185,30349,8,0,OperatingSource,0,0,1,85,Left,-1,-1,Correct,1,0.844025,1,0,-1.000000,TaskSwitchPedal,0,0.500000,0.200000,,0.100000,5.000000,10.000000,72373550,728.909616,728.051851,728.065591,730.495238,730.508978,0.013740,731.353003,0,0,8,0,OperatingSource,Place,Place.PostPlacementRaising,Place,Place.PostPlacementRaising,1,"{""pedalAxisName"":""TaskSwitchPedal"",""usePlusMinusKeys"":true,""positivePedalKey"":61,""negativePedalKey"":45,""invertPedalAxis"":false,""pressThreshold"":0.5,""releaseThreshold"":0.20000000298023225,""minimumIntervalSeconds"":5.0,""maximumIntervalSeconds"":10.0,""minimumValidReactionSeconds"":0.10000000149011612,""randomSeed"":72373550}",,0,0.000000,0.844025,CorrectSidePress,1,0,0,-1,Correct,1,0.844025,731.353003,0.844025,0.000000,0,1,PlusMinusKeys,0,1
20261009T064916211Z_facf92f9bb4844ea8288d0a5e8ae0f15,,,1,1,StimulusScheduled,Visual,2026-10-09T07:01:27.5631714Z,731.353316,725.577185,30349,8,0,OperatingSource,0,0,1,86,Right,1,,,,,0,0,-1.000000,TaskSwitchPedal,0,0.500000,0.200000,,0.100000,5.000000,10.000000,72373550,728.909929,735.034422,,737.477809,,,,0,0,,,,,,Place,Place.PostPlacementRaising,1,"{""pedalAxisName"":""TaskSwitchPedal"",""usePlusMinusKeys"":true,""positivePedalKey"":61,""negativePedalKey"":45,""invertPedalAxis"":false,""pressThreshold"":0.5,""releaseThreshold"":0.20000000298023225,""minimumIntervalSeconds"":5.0,""maximumIntervalSeconds"":10.0,""minimumValidReactionSeconds"":0.10000000149011612,""randomSeed"":72373550}",,0,0.000000,,CorrectSidePress,0,0,0,,,,,,,0.000000,0,1,PlusMinusKeys,0,1
20261009T064916211Z_facf92f9bb4844ea8288d0a5e8ae0f15,,,1,1,TrialFinished,Visual,2026-10-09T07:01:30.6436164Z,734.434035,728.653784,30490,8,0,OperatingSource,0,0,1,86,Right,1,,CancelledBeforeOnset,,,0,0,0.000000,TaskSwitchPedal,0,0.500000,0.200000,,0.100000,5.000000,10.000000,72373550,731.990635,735.034422,,737.477809,,,,0,0,,,,,,Place,,1,"{""pedalAxisName"":""TaskSwitchPedal"",""usePlusMinusKeys"":true,""positivePedalKey"":61,""negativePedalKey"":45,""invertPedalAxis"":false,""pressThreshold"":0.5,""releaseThreshold"":0.20000000298023225,""minimumIntervalSeconds"":5.0,""maximumIntervalSeconds"":10.0,""minimumValidReactionSeconds"":0.10000000149011612,""randomSeed"":72373550}",ExperimentCompleted,0,0.000000,,CorrectSidePress,0,0,0,,,,,,,0.000000,0,0,Axis,0,1
20261009T064916211Z_facf92f9bb4844ea8288d0a5e8ae0f15,,,1,1,SubtaskStopped,Visual,2026-10-09T07:01:30.6436164Z,734.434621,728.653784,30490,8,0,OperatingSource,0,0,1,,,,,,,,0,0,0.000000,TaskSwitchPedal,0,0.500000,0.200000,,0.100000,5.000000,10.000000,72373550,731.991234,,,,,,,0,0,,,,,,Place,,1,"{""pedalAxisName"":""TaskSwitchPedal"",""usePlusMinusKeys"":true,""positivePedalKey"":61,""negativePedalKey"":45,""invertPedalAxis"":false,""pressThreshold"":0.5,""releaseThreshold"":0.20000000298023225,""minimumIntervalSeconds"":5.0,""maximumIntervalSeconds"":10.0,""minimumValidReactionSeconds"":0.10000000149011612,""randomSeed"":72373550}",ExperimentCompleted,0,0.000000,,CorrectSidePress,,,,,,,,,,0.000000,0,0,Axis,0,1
