session_id,participant_id,block_id,experiment_run_index,activation_index,event_type,secondary_task_mode,utc_timestamp,real_elapsed_s,simulation_elapsed_s,frame,switch_index,active_crane_index,state,input_locked,global_paused,operation_enabled,trial_index,stimulus_side,expected_sign,response_sign,outcome,correct,reaction_time_s,presented,held_at_onset,raw_pedal,pedal_axis,invert_axis,press_threshold,release_threshold,response_timeout_s,minimum_valid_reaction_s,minimum_interval_s,maximum_interval_s,random_seed,active_clock_s,scheduled_onset_active_clock_s,actual_onset_active_clock_s,scheduled_onset_estimated_real_s,onset_observed_real_s,onset_frame_delay_s,response_observed_real_s,left_red,right_red,onset_switch_index,onset_crane_index,onset_state,onset_phase,onset_step,current_phase,current_step,app_focused,configuration_json,detail,pause_count,paused_duration_s,wall_reaction_time_s,completion_policy,response_count,incorrect_response_count,too_early_response_count,first_response_sign,first_response_outcome,first_response_correct,first_reaction_time_s,first_response_observed_real_s,first_wall_reaction_time_s,pedal_axis_raw,pedal_positive_key,pedal_negative_key,pedal_input_source,pedal_input_conflict,plus_minus_keys_enabled
20261009T041907436Z_6f6b68022d1342e0860b2fcf57f40f43,,,1,1,SubtaskStarted,Visual,2026-10-09T04:19:16.2789447Z,8.828287,0.126643,1177,0,0,OperatingSource,0,0,1,,,,,,,,0,0,0.000000,TaskSwitchPedal,0,0.500000,0.200000,,0.100000,5.000000,10.000000,1849250487,3.330357,,,,,,,0,0,,,,,,Move1,Move1.PickupCoarseMove,1,"{""pedalAxisName"":""TaskSwitchPedal"",""usePlusMinusKeys"":true,""positivePedalKey"":61,""negativePedalKey"":45,""invertPedalAxis"":false,""pressThreshold"":0.5,""releaseThreshold"":0.20000000298023225,""minimumIntervalSeconds"":5.0,""maximumIntervalSeconds"":10.0,""minimumValidReactionSeconds"":0.10000000149011612,""randomSeed"":1849250487}","{""pedalAxisName"":""TaskSwitchPedal"",""usePlusMinusKeys"":true,""positivePedalKey"":61,""negativePedalKey"":45,""invertPedalAxis"":false,""pressThreshold"":0.5,""releaseThreshold"":0.20000000298023225,""minimumIntervalSeconds"":5.0,""maximumIntervalSeconds"":10.0,""minimumValidReactionSeconds"":0.10000000149011612,""randomSeed"":1849250487}",0,0.000000,,CorrectSidePress,,,,,,,,,,0.000000,0,0,Axis,0,1
20261009T041907436Z_6f6b68022d1342e0860b2fcf57f40f43,,,1,1,StimulusScheduled,Visual,2026-10-09T04:19:16.2814756Z,8.832856,0.126643,1177,0,0,OperatingSource,0,0,1,1,Left,-1,,,,,0,0,0.000000,TaskSwitchPedal,0,0.500000,0.200000,,0.100000,5.000000,10.000000,1849250487,3.334917,10.393043,,15.890983,,,,0,0,,,,,,Move1,Move1.PickupCoarseMove,1,"{""pedalAxisName"":""TaskSwitchPedal"",""usePlusMinusKeys"":true,""positivePedalKey"":61,""negativePedalKey"":45,""invertPedalAxis"":false,""pressThreshold"":0.5,""releaseThreshold"":0.20000000298023225,""minimumIntervalSeconds"":5.0,""maximumIntervalSeconds"":10.0,""minimumValidReactionSeconds"":0.10000000149011612,""randomSeed"":1849250487}",,0,0.000000,,CorrectSidePress,0,0,0,,,,,,,0.000000,0,0,Axis,0,1
20261009T041907436Z_6f6b68022d1342e0860b2fcf57f40f43,,,1,1,StimulusOnsetObserved,Visual,2026-10-09T04:19:23.3534645Z,15.905421,7.291022,1585,0,0,OperatingSource,0,0,1,1,Left,-1,,,,,1,0,0.000000,TaskSwitchPedal,0,0.500000,0.200000,,0.100000,5.000000,10.000000,1849250487,10.407490,10.393043,10.407490,15.890983,15.905421,0.014438,,1,0,0,0,OperatingSource,Move1,Move1.PickupCoarseMove,Move1,Move1.PickupCoarseMove,1,"{""pedalAxisName"":""TaskSwitchPedal"",""usePlusMinusKeys"":true,""positivePedalKey"":61,""negativePedalKey"":45,""invertPedalAxis"":false,""pressThreshold"":0.5,""releaseThreshold"":0.20000000298023225,""minimumIntervalSeconds"":5.0,""maximumIntervalSeconds"":10.0,""minimumValidReactionSeconds"":0.10000000149011612,""randomSeed"":1849250487}",,0,0.000000,,CorrectSidePress,0,0,0,,,,,,,0.000000,0,0,Axis,0,1
20261009T041907436Z_6f6b68022d1342e0860b2fcf57f40f43,,,1,1,PedalPressed,Visual,2026-10-09T04:19:24.8809340Z,17.433063,8.818519,1677,0,0,OperatingSource,0,0,1,1,Left,-1,-1,Correct,1,1.527642,1,0,-1.000000,TaskSwitchPedal,0,0.500000,0.200000,,0.100000,5.000000,10.000000,1849250487,11.935131,10.393043,10.407490,15.890983,15.905421,0.014438,17.433063,1,0,0,0,OperatingSource,Move1,Move1.PickupCoarseMove,Move1,Move1.PickupFineAlign,1,"{""pedalAxisName"":""TaskSwitchPedal"",""usePlusMinusKeys"":true,""positivePedalKey"":61,""negativePedalKey"":45,""invertPedalAxis"":false,""pressThreshold"":0.5,""releaseThreshold"":0.20000000298023225,""minimumIntervalSeconds"":5.0,""maximumIntervalSeconds"":10.0,""minimumValidReactionSeconds"":0.10000000149011612,""randomSeed"":1849250487}",,0,0.000000,1.527642,CorrectSidePress,1,0,0,-1,Correct,1,1.527642,17.433063,1.527642,0.000000,0,1,PlusMinusKeys,0,1
20261009T041907436Z_6f6b68022d1342e0860b2fcf57f40f43,,,1,1,TrialFinished,Visual,2026-10-09T04:19:24.8819379Z,17.433063,8.818519,1677,0,0,OperatingSource,0,0,1,1,Left,-1,-1,Correct,1,1.527642,1,0,-1.000000,TaskSwitchPedal,0,0.500000,0.200000,,0.100000,5.000000,10.000000,1849250487,11.935131,10.393043,10.407490,15.890983,15.905421,0.014438,17.433063,0,0,0,0,OperatingSource,Move1,Move1.PickupCoarseMove,Move1,Move1.PickupFineAlign,1,"{""pedalAxisName"":""TaskSwitchPedal"",""usePlusMinusKeys"":true,""positivePedalKey"":61,""negativePedalKey"":45,""invertPedalAxis"":false,""pressThreshold"":0.5,""releaseThreshold"":0.20000000298023225,""minimumIntervalSeconds"":5.0,""maximumIntervalSeconds"":10.0,""minimumValidReactionSeconds"":0.10000000149011612,""randomSeed"":1849250487}",,0,0.000000,1.527642,CorrectSidePress,1,0,0,-1,Correct,1,1.527642,17.433063,1.527642,0.000000,0,1,PlusMinusKeys,0,1
20261009T041907436Z_6f6b68022d1342e0860b2fcf57f40f43,,,1,1,StimulusScheduled,Visual,2026-10-09T04:19:24.8824464Z,17.434040,8.818519,1677,0,0,OperatingSource,0,0,1,2,Right,1,,,,,0,0,-1.000000,TaskSwitchPedal,0,0.500000,0.200000,,0.100000,5.000000,10.000000,1849250487,11.936109,19.765326,,25.263257,,,,0,0,,,,,,Move1,Move1.PickupFineAlign,1,"{""pedalAxisName"":""TaskSwitchPedal"",""usePlusMinusKeys"":true,""positivePedalKey"":61,""negativePedalKey"":45,""invertPedalAxis"":false,""pressThreshold"":0.5,""releaseThreshold"":0.20000000298023225,""minimumIntervalSeconds"":5.0,""maximumIntervalSeconds"":10.0,""minimumValidReactionSeconds"":0.10000000149011612,""randomSeed"":1849250487}",,0,0.000000,,CorrectSidePress,0,0,0,,,,,,,0.000000,0,1,PlusMinusKeys,0,1
20261009T041907436Z_6f6b68022d1342e0860b2fcf57f40f43,,,1,1,StimulusOnsetObserved,Visual,2026-10-09T04:19:32.7130973Z,25.265100,16.650514,2139,0,0,OperatingSource,0,0,1,2,Right,1,,,,,1,0,0.000000,TaskSwitchPedal,0,0.500000,0.200000,,0.100000,5.000000,10.000000,1849250487,19.767169,19.765326,19.767169,25.263257,25.265100,0.001843,,0,1,0,0,OperatingSource,LiftUp,LiftUp.PickupLowering,LiftUp,LiftUp.PickupLowering,1,"{""pedalAxisName"":""TaskSwitchPedal"",""usePlusMinusKeys"":true,""positivePedalKey"":61,""negativePedalKey"":45,""invertPedalAxis"":false,""pressThreshold"":0.5,""releaseThreshold"":0.20000000298023225,""minimumIntervalSeconds"":5.0,""maximumIntervalSeconds"":10.0,""minimumValidReactionSeconds"":0.10000000149011612,""randomSeed"":1849250487}",,0,0.000000,,CorrectSidePress,0,0,0,,,,,,,0.000000,0,0,Axis,0,1
20261009T041907436Z_6f6b68022d1342e0860b2fcf57f40f43,,,1,1,PedalPressed,Visual,2026-10-09T04:19:33.4395674Z,25.992168,17.377370,2184,0,0,OperatingSource,0,0,1,2,Right,1,1,Correct,1,0.727068,1,0,1.000000,TaskSwitchPedal,0,0.500000,0.200000,,0.100000,5.000000,10.000000,1849250487,20.494237,19.765326,19.767169,25.263257,25.265100,0.001843,25.992168,0,1,0,0,OperatingSource,LiftUp,LiftUp.PickupLowering,LiftUp,LiftUp.PickupLowering,1,"{""pedalAxisName"":""TaskSwitchPedal"",""usePlusMinusKeys"":true,""positivePedalKey"":61,""negativePedalKey"":45,""invertPedalAxis"":false,""pressThreshold"":0.5,""releaseThreshold"":0.20000000298023225,""minimumIntervalSeconds"":5.0,""maximumIntervalSeconds"":10.0,""minimumValidReactionSeconds"":0.10000000149011612,""randomSeed"":1849250487}",,0,0.000000,0.727068,CorrectSidePress,1,0,0,1,Correct,1,0.727068,25.992168,0.727068,0.000000,1,0,PlusMinusKeys,0,1
20261009T041907436Z_6f6b68022d1342e0860b2fcf57f40f43,,,1,1,TrialFinished,Visual,2026-10-09T04:19:33.4395674Z,25.992168,17.377370,2184,0,0,OperatingSource,0,0,1,2,Right,1,1,Correct,1,0.727068,1,0,1.000000,TaskSwitchPedal,0,0.500000,0.200000,,0.100000,5.000000,10.000000,1849250487,20.494237,19.765326,19.767169,25.263257,25.265100,0.001843,25.992168,0,0,0,0,OperatingSource,LiftUp,LiftUp.PickupLowering,LiftUp,LiftUp.PickupLowering,1,"{""pedalAxisName"":""TaskSwitchPedal"",""usePlusMinusKeys"":true,""positivePedalKey"":61,""negativePedalKey"":45,""invertPedalAxis"":false,""pressThreshold"":0.5,""releaseThreshold"":0.20000000298023225,""minimumIntervalSeconds"":5.0,""maximumIntervalSeconds"":10.0,""minimumValidReactionSeconds"":0.10000000149011612,""randomSeed"":1849250487}",,0,0.000000,0.727068,CorrectSidePress,1,0,0,1,Correct,1,0.727068,25.992168,0.727068,0.000000,1,0,PlusMinusKeys,0,1
20261009T041907436Z_6f6b68022d1342e0860b2fcf57f40f43,,,1,1,StimulusScheduled,Visual,2026-10-09T04:19:33.4409030Z,25.992535,17.377370,2184,0,0,OperatingSource,0,0,1,3,Left,-1,,,,,0,0,1.000000,TaskSwitchPedal,0,0.500000,0.200000,,0.100000,5.000000,10.000000,1849250487,20.494604,27.198832,,32.696763,,,,0,0,,,,,,LiftUp,LiftUp.PickupLowering,1,"{""pedalAxisName"":""TaskSwitchPedal"",""usePlusMinusKeys"":true,""positivePedalKey"":61,""negativePedalKey"":45,""invertPedalAxis"":false,""pressThreshold"":0.5,""releaseThreshold"":0.20000000298023225,""minimumIntervalSeconds"":5.0,""maximumIntervalSeconds"":10.0,""minimumValidReactionSeconds"":0.10000000149011612,""randomSeed"":1849250487}",,0,0.000000,,CorrectSidePress,0,0,0,,,,,,,0.000000,1,0,PlusMinusKeys,0,1
20261009T041907436Z_6f6b68022d1342e0860b2fcf57f40f43,,,1,1,StimulusOnsetObserved,Visual,2026-10-09T04:19:40.1590779Z,32.710830,24.096508,2552,0,0,OperatingSource,0,0,1,3,Left,-1,,,,,1,0,0.000000,TaskSwitchPedal,0,0.500000,0.200000,,0.100000,5.000000,10.000000,1849250487,27.212899,27.198832,27.212899,32.696763,32.710830,0.014067,,1,0,0,0,OperatingSource,LiftUp,LiftUp.LoadedRaising,LiftUp,LiftUp.LoadedRaising,1,"{""pedalAxisName"":""TaskSwitchPedal"",""usePlusMinusKeys"":true,""positivePedalKey"":61,""negativePedalKey"":45,""invertPedalAxis"":false,""pressThreshold"":0.5,""releaseThreshold"":0.20000000298023225,""minimumIntervalSeconds"":5.0,""maximumIntervalSeconds"":10.0,""minimumValidReactionSeconds"":0.10000000149011612,""randomSeed"":1849250487}",,0,0.000000,,CorrectSidePress,0,0,0,,,,,,,0.000000,0,0,Axis,0,1
20261009T041907436Z_6f6b68022d1342e0860b2fcf57f40f43,,,1,1,PedalPressed,Visual,2026-10-09T04:19:40.9170925Z,33.469237,24.854457,2597,0,0,OperatingSource,0,0,1,3,Left,-1,-1,Correct,1,0.758407,1,0,-1.000000,TaskSwitchPedal,0,0.500000,0.200000,,0.100000,5.000000,10.000000,1849250487,27.971306,27.198832,27.212899,32.696763,32.710830,0.014067,33.469237,1,0,0,0,OperatingSource,LiftUp,LiftUp.LoadedRaising,LiftUp,LiftUp.LoadedRaising,1,"{""pedalAxisName"":""TaskSwitchPedal"",""usePlusMinusKeys"":true,""positivePedalKey"":61,""negativePedalKey"":45,""invertPedalAxis"":false,""pressThreshold"":0.5,""releaseThreshold"":0.20000000298023225,""minimumIntervalSeconds"":5.0,""maximumIntervalSeconds"":10.0,""minimumValidReactionSeconds"":0.10000000149011612,""randomSeed"":1849250487}",,0,0.000000,0.758407,CorrectSidePress,1,0,0,-1,Correct,1,0.758407,33.469237,0.758407,0.000000,0,1,PlusMinusKeys,0,1
20261009T041907436Z_6f6b68022d1342e0860b2fcf57f40f43,,,1,1,TrialFinished,Visual,2026-10-09T04:19:40.9170925Z,33.469237,24.854457,2597,0,0,OperatingSource,0,0,1,3,Left,-1,-1,Correct,1,0.758407,1,0,-1.000000,TaskSwitchPedal,0,0.500000,0.200000,,0.100000,5.000000,10.000000,1849250487,27.971306,27.198832,27.212899,32.696763,32.710830,0.014067,33.469237,0,0,0,0,OperatingSource,LiftUp,LiftUp.LoadedRaising,LiftUp,LiftUp.LoadedRaising,1,"{""pedalAxisName"":""TaskSwitchPedal"",""usePlusMinusKeys"":true,""positivePedalKey"":61,""negativePedalKey"":45,""invertPedalAxis"":false,""pressThreshold"":0.5,""releaseThreshold"":0.20000000298023225,""minimumIntervalSeconds"":5.0,""maximumIntervalSeconds"":10.0,""minimumValidReactionSeconds"":0.10000000149011612,""randomSeed"":1849250487}",,0,0.000000,0.758407,CorrectSidePress,1,0,0,-1,Correct,1,0.758407,33.469237,0.758407,0.000000,0,1,PlusMinusKeys,0,1
20261009T041907436Z_6f6b68022d1342e0860b2fcf57f40f43,,,1,1,StimulusScheduled,Visual,2026-10-09T04:19:40.9170925Z,33.469638,24.854457,2597,0,0,OperatingSource,0,0,1,4,Right,1,,,,,0,0,-1.000000,TaskSwitchPedal,0,0.500000,0.200000,,0.100000,5.000000,10.000000,1849250487,27.971707,33.597018,,39.094949,,,,0,0,,,,,,LiftUp,LiftUp.LoadedRaising,1,"{""pedalAxisName"":""TaskSwitchPedal"",""usePlusMinusKeys"":true,""positivePedalKey"":61,""negativePedalKey"":45,""invertPedalAxis"":false,""pressThreshold"":0.5,""releaseThreshold"":0.20000000298023225,""minimumIntervalSeconds"":5.0,""maximumIntervalSeconds"":10.0,""minimumValidReactionSeconds"":0.10000000149011612,""randomSeed"":1849250487}",,0,0.000000,,CorrectSidePress,0,0,0,,,,,,,0.000000,0,1,PlusMinusKeys,0,1
20261009T041907436Z_6f6b68022d1342e0860b2fcf57f40f43,,,1,1,StimulusOnsetObserved,Visual,2026-10-09T04:19:46.5601742Z,39.112869,30.498498,2924,0,0,OperatingSource,0,0,1,4,Right,1,,,,,1,0,0.000000,TaskSwitchPedal,0,0.500000,0.200000,,0.100000,5.000000,10.000000,1849250487,33.614938,33.597018,33.614938,39.094949,39.112869,0.017921,,0,1,0,0,OperatingSource,Move2,Move2.DestinationCoarseMove,Move2,Move2.DestinationCoarseMove,1,"{""pedalAxisName"":""TaskSwitchPedal"",""usePlusMinusKeys"":true,""positivePedalKey"":61,""negativePedalKey"":45,""invertPedalAxis"":false,""pressThreshold"":0.5,""releaseThreshold"":0.20000000298023225,""minimumIntervalSeconds"":5.0,""maximumIntervalSeconds"":10.0,""minimumValidReactionSeconds"":0.10000000149011612,""randomSeed"":1849250487}",,0,0.000000,,CorrectSidePress,0,0,0,,,,,,,0.000000,0,0,Axis,0,1
20261009T041907436Z_6f6b68022d1342e0860b2fcf57f40f43,,,1,1,PedalPressed,Visual,2026-10-09T04:19:47.6207527Z,40.173622,31.559035,2981,0,0,OperatingSource,0,0,1,4,Right,1,1,Correct,1,1.060753,1,0,1.000000,TaskSwitchPedal,0,0.500000,0.200000,,0.100000,5.000000,10.000000,1849250487,34.675691,33.597018,33.614938,39.094949,39.112869,0.017921,40.173622,0,1,0,0,OperatingSource,Move2,Move2.DestinationCoarseMove,Move2,Move2.DestinationCoarseMove,1,"{""pedalAxisName"":""TaskSwitchPedal"",""usePlusMinusKeys"":true,""positivePedalKey"":61,""negativePedalKey"":45,""invertPedalAxis"":false,""pressThreshold"":0.5,""releaseThreshold"":0.20000000298023225,""minimumIntervalSeconds"":5.0,""maximumIntervalSeconds"":10.0,""minimumValidReactionSeconds"":0.10000000149011612,""randomSeed"":1849250487}",,0,0.000000,1.060753,CorrectSidePress,1,0,0,1,Correct,1,1.060753,40.173622,1.060753,0.000000,1,0,PlusMinusKeys,0,1
20261009T041907436Z_6f6b68022d1342e0860b2fcf57f40f43,,,1,1,TrialFinished,Visual,2026-10-09T04:19:47.6221510Z,40.173622,31.559035,2981,0,0,OperatingSource,0,0,1,4,Right,1,1,Correct,1,1.060753,1,0,1.000000,TaskSwitchPedal,0,0.500000,0.200000,,0.100000,5.000000,10.000000,1849250487,34.675691,33.597018,33.614938,39.094949,39.112869,0.017921,40.173622,0,0,0,0,OperatingSource,Move2,Move2.DestinationCoarseMove,Move2,Move2.DestinationCoarseMove,1,"{""pedalAxisName"":""TaskSwitchPedal"",""usePlusMinusKeys"":true,""positivePedalKey"":61,""negativePedalKey"":45,""invertPedalAxis"":false,""pressThreshold"":0.5,""releaseThreshold"":0.20000000298023225,""minimumIntervalSeconds"":5.0,""maximumIntervalSeconds"":10.0,""minimumValidReactionSeconds"":0.10000000149011612,""randomSeed"":1849250487}",,0,0.000000,1.060753,CorrectSidePress,1,0,0,1,Correct,1,1.060753,40.173622,1.060753,0.000000,1,0,PlusMinusKeys,0,1
20261009T041907436Z_6f6b68022d1342e0860b2fcf57f40f43,,,1,1,StimulusScheduled,Visual,2026-10-09T04:19:47.6221510Z,40.174073,31.559035,2981,0,0,OperatingSource,0,0,1,5,Left,-1,,,,,0,0,1.000000,TaskSwitchPedal,0,0.500000,0.200000,,0.100000,5.000000,10.000000,1849250487,34.676142,42.017593,,47.515524,,,,0,0,,,,,,Move2,Move2.DestinationCoarseMove,1,"{""pedalAxisName"":""TaskSwitchPedal"",""usePlusMinusKeys"":true,""positivePedalKey"":61,""negativePedalKey"":45,""invertPedalAxis"":false,""pressThreshold"":0.5,""releaseThreshold"":0.20000000298023225,""minimumIntervalSeconds"":5.0,""maximumIntervalSeconds"":10.0,""minimumValidReactionSeconds"":0.10000000149011612,""randomSeed"":1849250487}",,0,0.000000,,CorrectSidePress,0,0,0,,,,,,,0.000000,1,0,PlusMinusKeys,0,1
20261009T041907436Z_6f6b68022d1342e0860b2fcf57f40f43,,,1,1,StimulusOnsetObserved,Visual,2026-10-09T04:19:54.9711175Z,47.522901,38.908153,3385,0,0,OperatingSource,0,0,1,5,Left,-1,,,,,1,0,0.000000,TaskSwitchPedal,0,0.500000,0.200000,,0.100000,5.000000,10.000000,1849250487,42.024970,42.017593,42.024970,47.515524,47.522901,0.007377,,1,0,0,0,OperatingSource,Move2,Move2.DestinationCoarseMove,Move2,Move2.DestinationCoarseMove,1,"{""pedalAxisName"":""TaskSwitchPedal"",""usePlusMinusKeys"":true,""positivePedalKey"":61,""negativePedalKey"":45,""invertPedalAxis"":false,""pressThreshold"":0.5,""releaseThreshold"":0.20000000298023225,""minimumIntervalSeconds"":5.0,""maximumIntervalSeconds"":10.0,""minimumValidReactionSeconds"":0.10000000149011612,""randomSeed"":1849250487}",,0,0.000000,,CorrectSidePress,0,0,0,,,,,,,0.000000,0,0,Axis,0,1
20261009T041907436Z_6f6b68022d1342e0860b2fcf57f40f43,,,1,1,PedalPressed,Visual,2026-10-09T04:19:55.6282034Z,48.180860,39.565965,3423,0,0,OperatingSource,0,0,1,5,Left,-1,-1,Correct,1,0.657959,1,0,-1.000000,TaskSwitchPedal,0,0.500000,0.200000,,0.100000,5.000000,10.000000,1849250487,42.682929,42.017593,42.024970,47.515524,47.522901,0.007377,48.180860,1,0,0,0,OperatingSource,Move2,Move2.DestinationCoarseMove,Move2,Move2.DestinationCoarseMove,1,"{""pedalAxisName"":""TaskSwitchPedal"",""usePlusMinusKeys"":true,""positivePedalKey"":61,""negativePedalKey"":45,""invertPedalAxis"":false,""pressThreshold"":0.5,""releaseThreshold"":0.20000000298023225,""minimumIntervalSeconds"":5.0,""maximumIntervalSeconds"":10.0,""minimumValidReactionSeconds"":0.10000000149011612,""randomSeed"":1849250487}",,0,0.000000,0.657960,CorrectSidePress,1,0,0,-1,Correct,1,0.657959,48.180860,0.657960,0.000000,0,1,PlusMinusKeys,0,1
20261009T041907436Z_6f6b68022d1342e0860b2fcf57f40f43,,,1,1,TrialFinished,Visual,2026-10-09T04:19:55.6282034Z,48.180860,39.565965,3423,0,0,OperatingSource,0,0,1,5,Left,-1,-1,Correct,1,0.657959,1,0,-1.000000,TaskSwitchPedal,0,0.500000,0.200000,,0.100000,5.000000,10.000000,1849250487,42.682929,42.017593,42.024970,47.515524,47.522901,0.007377,48.180860,0,0,0,0,OperatingSource,Move2,Move2.DestinationCoarseMove,Move2,Move2.DestinationCoarseMove,1,"{""pedalAxisName"":""TaskSwitchPedal"",""usePlusMinusKeys"":true,""positivePedalKey"":61,""negativePedalKey"":45,""invertPedalAxis"":false,""pressThreshold"":0.5,""releaseThreshold"":0.20000000298023225,""minimumIntervalSeconds"":5.0,""maximumIntervalSeconds"":10.0,""minimumValidReactionSeconds"":0.10000000149011612,""randomSeed"":1849250487}",,0,0.000000,0.657960,CorrectSidePress,1,0,0,-1,Correct,1,0.657959,48.180860,0.657960,0.000000,0,1,PlusMinusKeys,0,1
20261009T041907436Z_6f6b68022d1342e0860b2fcf57f40f43,,,1,1,StimulusScheduled,Visual,2026-10-09T04:19:55.6297152Z,48.181228,39.565965,3423,0,0,OperatingSource,0,0,1,6,Left,-1,,,,,0,0,-1.000000,TaskSwitchPedal,0,0.500000,0.200000,,0.100000,5.000000,10.000000,1849250487,42.683297,52.060552,,57.558483,,,,0,0,,,,,,Move2,Move2.DestinationCoarseMove,1,"{""pedalAxisName"":""TaskSwitchPedal"",""usePlusMinusKeys"":true,""positivePedalKey"":61,""negativePedalKey"":45,""invertPedalAxis"":false,""pressThreshold"":0.5,""releaseThreshold"":0.20000000298023225,""minimumIntervalSeconds"":5.0,""maximumIntervalSeconds"":10.0,""minimumValidReactionSeconds"":0.10000000149011612,""randomSeed"":1849250487}",,0,0.000000,,CorrectSidePress,0,0,0,,,,,,,0.000000,0,1,PlusMinusKeys,0,1
20261009T041907436Z_6f6b68022d1342e0860b2fcf57f40f43,,,1,1,StimulusOnsetObserved,Visual,2026-10-09T04:20:05.0239173Z,57.575377,48.960179,3918,0,0,OperatingSource,0,0,1,6,Left,-1,,,,,1,0,0.000000,TaskSwitchPedal,0,0.500000,0.200000,,0.100000,5.000000,10.000000,1849250487,52.077445,52.060552,52.077445,57.558483,57.575377,0.016894,,1,0,0,0,OperatingSource,Place,Place.PlacementLowering,Place,Place.PlacementLowering,1,"{""pedalAxisName"":""TaskSwitchPedal"",""usePlusMinusKeys"":true,""positivePedalKey"":61,""negativePedalKey"":45,""invertPedalAxis"":false,""pressThreshold"":0.5,""releaseThreshold"":0.20000000298023225,""minimumIntervalSeconds"":5.0,""maximumIntervalSeconds"":10.0,""minimumValidReactionSeconds"":0.10000000149011612,""randomSeed"":1849250487}",,0,0.000000,,CorrectSidePress,0,0,0,,,,,,,0.000000,0,0,Axis,0,1
20261009T041907436Z_6f6b68022d1342e0860b2fcf57f40f43,,,1,1,PedalPressed,Visual,2026-10-09T04:20:05.8230653Z,58.375502,49.760109,3958,0,0,OperatingSource,0,0,1,6,Left,-1,-1,Correct,1,0.800125,1,0,-1.000000,TaskSwitchPedal,0,0.500000,0.200000,,0.100000,5.000000,10.000000,1849250487,52.877570,52.060552,52.077445,57.558483,57.575377,0.016894,58.375502,1,0,0,0,OperatingSource,Place,Place.PlacementLowering,Place,Place.LoadRelease,1,"{""pedalAxisName"":""TaskSwitchPedal"",""usePlusMinusKeys"":true,""positivePedalKey"":61,""negativePedalKey"":45,""invertPedalAxis"":false,""pressThreshold"":0.5,""releaseThreshold"":0.20000000298023225,""minimumIntervalSeconds"":5.0,""maximumIntervalSeconds"":10.0,""minimumValidReactionSeconds"":0.10000000149011612,""randomSeed"":1849250487}",,0,0.000000,0.800125,CorrectSidePress,1,0,0,-1,Correct,1,0.800125,58.375502,0.800125,0.000000,0,1,PlusMinusKeys,0,1
20261009T041907436Z_6f6b68022d1342e0860b2fcf57f40f43,,,1,1,TrialFinished,Visual,2026-10-09T04:20:05.8230653Z,58.375502,49.760109,3958,0,0,OperatingSource,0,0,1,6,Left,-1,-1,Correct,1,0.800125,1,0,-1.000000,TaskSwitchPedal,0,0.500000,0.200000,,0.100000,5.000000,10.000000,1849250487,52.877570,52.060552,52.077445,57.558483,57.575377,0.016894,58.375502,0,0,0,0,OperatingSource,Place,Place.PlacementLowering,Place,Place.LoadRelease,1,"{""pedalAxisName"":""TaskSwitchPedal"",""usePlusMinusKeys"":true,""positivePedalKey"":61,""negativePedalKey"":45,""invertPedalAxis"":false,""pressThreshold"":0.5,""releaseThreshold"":0.20000000298023225,""minimumIntervalSeconds"":5.0,""maximumIntervalSeconds"":10.0,""minimumValidReactionSeconds"":0.10000000149011612,""randomSeed"":1849250487}",,0,0.000000,0.800125,CorrectSidePress,1,0,0,-1,Correct,1,0.800125,58.375502,0.800125,0.000000,0,1,PlusMinusKeys,0,1
20261009T041907436Z_6f6b68022d1342e0860b2fcf57f40f43,,,1,1,StimulusScheduled,Visual,2026-10-09T04:20:05.8230653Z,58.375894,49.760109,3958,0,0,OperatingSource,0,0,1,7,Right,1,,,,,0,0,-1.000000,TaskSwitchPedal,0,0.500000,0.200000,,0.100000,5.000000,10.000000,1849250487,52.877963,57.905636,,63.403567,,,,0,0,,,,,,Place,Place.LoadRelease,1,"{""pedalAxisName"":""TaskSwitchPedal"",""usePlusMinusKeys"":true,""positivePedalKey"":61,""negativePedalKey"":45,""invertPedalAxis"":false,""pressThreshold"":0.5,""releaseThreshold"":0.20000000298023225,""minimumIntervalSeconds"":5.0,""maximumIntervalSeconds"":10.0,""minimumValidReactionSeconds"":0.10000000149011612,""randomSeed"":1849250487}",,0,0.000000,,CorrectSidePress,0,0,0,,,,,,,0.000000,0,1,PlusMinusKeys,0,1
20261009T041907436Z_6f6b68022d1342e0860b2fcf57f40f43,,,1,1,StimulusOnsetObserved,Visual,2026-10-09T04:20:10.8611681Z,63.413231,54.798628,4227,1,0,CountingDown,0,0,1,7,Right,1,,,,,1,0,0.000000,TaskSwitchPedal,0,0.500000,0.200000,,0.100000,5.000000,10.000000,1849250487,57.915300,57.905636,57.915300,63.403567,63.413231,0.009665,,0,1,1,0,CountingDown,Place,Place.PostPlacementRaising,Place,Place.PostPlacementRaising,1,"{""pedalAxisName"":""TaskSwitchPedal"",""usePlusMinusKeys"":true,""positivePedalKey"":61,""negativePedalKey"":45,""invertPedalAxis"":false,""pressThreshold"":0.5,""releaseThreshold"":0.20000000298023225,""minimumIntervalSeconds"":5.0,""maximumIntervalSeconds"":10.0,""minimumValidReactionSeconds"":0.10000000149011612,""randomSeed"":1849250487}",,0,0.000000,,CorrectSidePress,0,0,0,,,,,,,0.000000,0,0,Axis,0,1
20261009T041907436Z_6f6b68022d1342e0860b2fcf57f40f43,,,1,1,PedalPressed,Visual,2026-10-09T04:20:11.8683871Z,64.420405,55.806133,4281,1,0,CountingDown,0,0,1,7,Right,1,1,Correct,1,1.007173,1,0,1.000000,TaskSwitchPedal,0,0.500000,0.200000,,0.100000,5.000000,10.000000,1849250487,58.922473,57.905636,57.915300,63.403567,63.413231,0.009665,64.420405,0,1,1,0,CountingDown,Place,Place.PostPlacementRaising,Move1,Move1.PickupCoarseMove,1,"{""pedalAxisName"":""TaskSwitchPedal"",""usePlusMinusKeys"":true,""positivePedalKey"":61,""negativePedalKey"":45,""invertPedalAxis"":false,""pressThreshold"":0.5,""releaseThreshold"":0.20000000298023225,""minimumIntervalSeconds"":5.0,""maximumIntervalSeconds"":10.0,""minimumValidReactionSeconds"":0.10000000149011612,""randomSeed"":1849250487}",,0,0.000000,1.007173,CorrectSidePress,1,0,0,1,Correct,1,1.007173,64.420405,1.007173,0.000000,1,0,PlusMinusKeys,0,1
20261009T041907436Z_6f6b68022d1342e0860b2fcf57f40f43,,,1,1,TrialFinished,Visual,2026-10-09T04:20:11.8683871Z,64.420405,55.806133,4281,1,0,CountingDown,0,0,1,7,Right,1,1,Correct,1,1.007173,1,0,1.000000,TaskSwitchPedal,0,0.500000,0.200000,,0.100000,5.000000,10.000000,1849250487,58.922473,57.905636,57.915300,63.403567,63.413231,0.009665,64.420405,0,0,1,0,CountingDown,Place,Place.PostPlacementRaising,Move1,Move1.PickupCoarseMove,1,"{""pedalAxisName"":""TaskSwitchPedal"",""usePlusMinusKeys"":true,""positivePedalKey"":61,""negativePedalKey"":45,""invertPedalAxis"":false,""pressThreshold"":0.5,""releaseThreshold"":0.20000000298023225,""minimumIntervalSeconds"":5.0,""maximumIntervalSeconds"":10.0,""minimumValidReactionSeconds"":0.10000000149011612,""randomSeed"":1849250487}",,0,0.000000,1.007173,CorrectSidePress,1,0,0,1,Correct,1,1.007173,64.420405,1.007173,0.000000,1,0,PlusMinusKeys,0,1
20261009T041907436Z_6f6b68022d1342e0860b2fcf57f40f43,,,1,1,StimulusScheduled,Visual,2026-10-09T04:20:11.8683871Z,64.420783,55.806133,4281,1,0,CountingDown,0,0,1,8,Right,1,,,,,0,0,1.000000,TaskSwitchPedal,0,0.500000,0.200000,,0.100000,5.000000,10.000000,1849250487,58.922852,66.705433,,72.203364,,,,0,0,,,,,,Move1,Move1.PickupCoarseMove,1,"{""pedalAxisName"":""TaskSwitchPedal"",""usePlusMinusKeys"":true,""positivePedalKey"":61,""negativePedalKey"":45,""invertPedalAxis"":false,""pressThreshold"":0.5,""releaseThreshold"":0.20000000298023225,""minimumIntervalSeconds"":5.0,""maximumIntervalSeconds"":10.0,""minimumValidReactionSeconds"":0.10000000149011612,""randomSeed"":1849250487}",,0,0.000000,,CorrectSidePress,0,0,0,,,,,,,0.000000,1,0,PlusMinusKeys,0,1
20261009T041907436Z_6f6b68022d1342e0860b2fcf57f40f43,,,1,1,StimulusOnsetObserved,Visual,2026-10-09T04:20:19.6614079Z,72.213534,63.599015,4723,1,1,OperatingTarget,0,0,1,8,Right,1,,,,,1,0,0.000000,TaskSwitchPedal,0,0.500000,0.200000,,0.100000,5.000000,10.000000,1849250487,66.715602,66.705433,66.715602,72.203364,72.213534,0.010170,,0,1,1,1,OperatingTarget,Move1,Move1.PickupCoarseMove,Move1,Move1.PickupCoarseMove,1,"{""pedalAxisName"":""TaskSwitchPedal"",""usePlusMinusKeys"":true,""positivePedalKey"":61,""negativePedalKey"":45,""invertPedalAxis"":false,""pressThreshold"":0.5,""releaseThreshold"":0.20000000298023225,""minimumIntervalSeconds"":5.0,""maximumIntervalSeconds"":10.0,""minimumValidReactionSeconds"":0.10000000149011612,""randomSeed"":1849250487}",,0,0.000000,,CorrectSidePress,0,0,0,,,,,,,0.000000,0,0,Axis,0,1
20261009T041907436Z_6f6b68022d1342e0860b2fcf57f40f43,,,1,1,PedalPressed,Visual,2026-10-09T04:20:20.5919344Z,73.144328,64.529927,4771,1,1,OperatingTarget,0,0,1,8,Right,1,1,Correct,1,0.930795,1,0,1.000000,TaskSwitchPedal,0,0.500000,0.200000,,0.100000,5.000000,10.000000,1849250487,67.646397,66.705433,66.715602,72.203364,72.213534,0.010170,73.144328,0,1,1,1,OperatingTarget,Move1,Move1.PickupCoarseMove,Move1,Move1.PickupFineAlign,1,"{""pedalAxisName"":""TaskSwitchPedal"",""usePlusMinusKeys"":true,""positivePedalKey"":61,""negativePedalKey"":45,""invertPedalAxis"":false,""pressThreshold"":0.5,""releaseThreshold"":0.20000000298023225,""minimumIntervalSeconds"":5.0,""maximumIntervalSeconds"":10.0,""minimumValidReactionSeconds"":0.10000000149011612,""randomSeed"":1849250487}",,0,0.000000,0.930795,CorrectSidePress,1,0,0,1,Correct,1,0.930795,73.144328,0.930795,0.000000,1,0,PlusMinusKeys,0,1
20261009T041907436Z_6f6b68022d1342e0860b2fcf57f40f43,,,1,1,TrialFinished,Visual,2026-10-09T04:20:20.5919344Z,73.144328,64.529927,4771,1,1,OperatingTarget,0,0,1,8,Right,1,1,Correct,1,0.930795,1,0,1.000000,TaskSwitchPedal,0,0.500000,0.200000,,0.100000,5.000000,10.000000,1849250487,67.646397,66.705433,66.715602,72.203364,72.213534,0.010170,73.144328,0,0,1,1,OperatingTarget,Move1,Move1.PickupCoarseMove,Move1,Move1.PickupFineAlign,1,"{""pedalAxisName"":""TaskSwitchPedal"",""usePlusMinusKeys"":true,""positivePedalKey"":61,""negativePedalKey"":45,""invertPedalAxis"":false,""pressThreshold"":0.5,""releaseThreshold"":0.20000000298023225,""minimumIntervalSeconds"":5.0,""maximumIntervalSeconds"":10.0,""minimumValidReactionSeconds"":0.10000000149011612,""randomSeed"":1849250487}",,0,0.000000,0.930795,CorrectSidePress,1,0,0,1,Correct,1,0.930795,73.144328,0.930795,0.000000,1,0,PlusMinusKeys,0,1
20261009T041907436Z_6f6b68022d1342e0860b2fcf57f40f43,,,1,1,StimulusScheduled,Visual,2026-10-09T04:20:20.5930051Z,73.144650,64.529927,4771,1,1,OperatingTarget,0,0,1,9,Left,-1,,,,,0,0,1.000000,TaskSwitchPedal,0,0.500000,0.200000,,0.100000,5.000000,10.000000,1849250487,67.646719,72.841679,,78.339610,,,,0,0,,,,,,Move1,Move1.PickupFineAlign,1,"{""pedalAxisName"":""TaskSwitchPedal"",""usePlusMinusKeys"":true,""positivePedalKey"":61,""negativePedalKey"":45,""invertPedalAxis"":false,""pressThreshold"":0.5,""releaseThreshold"":0.20000000298023225,""minimumIntervalSeconds"":5.0,""maximumIntervalSeconds"":10.0,""minimumValidReactionSeconds"":0.10000000149011612,""randomSeed"":1849250487}",,0,0.000000,,CorrectSidePress,0,0,0,,,,,,,0.000000,1,0,PlusMinusKeys,0,1
20261009T041907436Z_6f6b68022d1342e0860b2fcf57f40f43,,,1,1,StimulusOnsetObserved,Visual,2026-10-09T04:20:25.7955918Z,78.347253,69.731877,5049,1,1,OperatingTarget,0,0,1,9,Left,-1,,,,,1,0,0.000000,TaskSwitchPedal,0,0.500000,0.200000,,0.100000,5.000000,10.000000,1849250487,72.849322,72.841679,72.849322,78.339610,78.347253,0.007643,,1,0,1,1,OperatingTarget,LiftUp,LiftUp.PickupLowering,LiftUp,LiftUp.PickupLowering,1,"{""pedalAxisName"":""TaskSwitchPedal"",""usePlusMinusKeys"":true,""positivePedalKey"":61,""negativePedalKey"":45,""invertPedalAxis"":false,""pressThreshold"":0.5,""releaseThreshold"":0.20000000298023225,""minimumIntervalSeconds"":5.0,""maximumIntervalSeconds"":10.0,""minimumValidReactionSeconds"":0.10000000149011612,""randomSeed"":1849250487}",,0,0.000000,,CorrectSidePress,0,0,0,,,,,,,0.000000,0,0,Axis,0,1
20261009T041907436Z_6f6b68022d1342e0860b2fcf57f40f43,,,1,1,PedalPressed,Visual,2026-10-09T04:20:26.9410589Z,79.492680,70.878031,5110,1,1,OperatingTarget,0,0,1,9,Left,-1,-1,Correct,1,1.145427,1,0,-1.000000,TaskSwitchPedal,0,0.500000,0.200000,,0.100000,5.000000,10.000000,1849250487,73.994748,72.841679,72.849322,78.339610,78.347253,0.007643,79.492680,1,0,1,1,OperatingTarget,LiftUp,LiftUp.PickupLowering,LiftUp,LiftUp.PickupLowering,1,"{""pedalAxisName"":""TaskSwitchPedal"",""usePlusMinusKeys"":true,""positivePedalKey"":61,""negativePedalKey"":45,""invertPedalAxis"":false,""pressThreshold"":0.5,""releaseThreshold"":0.20000000298023225,""minimumIntervalSeconds"":5.0,""maximumIntervalSeconds"":10.0,""minimumValidReactionSeconds"":0.10000000149011612,""randomSeed"":1849250487}",,0,0.000000,1.145427,CorrectSidePress,1,0,0,-1,Correct,1,1.145427,79.492680,1.145427,0.000000,0,1,PlusMinusKeys,0,1
20261009T041907436Z_6f6b68022d1342e0860b2fcf57f40f43,,,1,1,TrialFinished,Visual,2026-10-09T04:20:26.9410589Z,79.492680,70.878031,5110,1,1,OperatingTarget,0,0,1,9,Left,-1,-1,Correct,1,1.145427,1,0,-1.000000,TaskSwitchPedal,0,0.500000,0.200000,,0.100000,5.000000,10.000000,1849250487,73.994748,72.841679,72.849322,78.339610,78.347253,0.007643,79.492680,0,0,1,1,OperatingTarget,LiftUp,LiftUp.PickupLowering,LiftUp,LiftUp.PickupLowering,1,"{""pedalAxisName"":""TaskSwitchPedal"",""usePlusMinusKeys"":true,""positivePedalKey"":61,""negativePedalKey"":45,""invertPedalAxis"":false,""pressThreshold"":0.5,""releaseThreshold"":0.20000000298023225,""minimumIntervalSeconds"":5.0,""maximumIntervalSeconds"":10.0,""minimumValidReactionSeconds"":0.10000000149011612,""randomSeed"":1849250487}",,0,0.000000,1.145427,CorrectSidePress,1,0,0,-1,Correct,1,1.145427,79.492680,1.145427,0.000000,0,1,PlusMinusKeys,0,1
20261009T041907436Z_6f6b68022d1342e0860b2fcf57f40f43,,,1,1,StimulusScheduled,Visual,2026-10-09T04:20:26.9410589Z,79.493139,70.878031,5110,1,1,OperatingTarget,0,0,1,10,Right,1,,,,,0,0,-1.000000,TaskSwitchPedal,0,0.500000,0.200000,,0.100000,5.000000,10.000000,1849250487,73.995208,83.066399,,88.564330,,,,0,0,,,,,,LiftUp,LiftUp.PickupLowering,1,"{""pedalAxisName"":""TaskSwitchPedal"",""usePlusMinusKeys"":true,""positivePedalKey"":61,""negativePedalKey"":45,""invertPedalAxis"":false,""pressThreshold"":0.5,""releaseThreshold"":0.20000000298023225,""minimumIntervalSeconds"":5.0,""maximumIntervalSeconds"":10.0,""minimumValidReactionSeconds"":0.10000000149011612,""randomSeed"":1849250487}",,0,0.000000,,CorrectSidePress,0,0,0,,,,,,,0.000000,0,1,PlusMinusKeys,0,1
20261009T041907436Z_6f6b68022d1342e0860b2fcf57f40f43,,,1,1,StimulusOnsetObserved,Visual,2026-10-09T04:20:36.0302811Z,88.583171,79.968621,5572,1,0,WaitingForSourceConfirmation,1,0,1,10,Right,1,,,,,1,0,0.000000,TaskSwitchPedal,0,0.500000,0.200000,,0.100000,5.000000,10.000000,1849250487,83.085239,83.066399,83.085239,88.564330,88.583171,0.018841,,0,1,1,0,WaitingForSourceConfirmation,Move1,Move1.PickupCoarseMove,Move1,Move1.PickupCoarseMove,1,"{""pedalAxisName"":""TaskSwitchPedal"",""usePlusMinusKeys"":true,""positivePedalKey"":61,""negativePedalKey"":45,""invertPedalAxis"":false,""pressThreshold"":0.5,""releaseThreshold"":0.20000000298023225,""minimumIntervalSeconds"":5.0,""maximumIntervalSeconds"":10.0,""minimumValidReactionSeconds"":0.10000000149011612,""randomSeed"":1849250487}",,0,0.000000,,CorrectSidePress,0,0,0,,,,,,,0.000000,0,0,Axis,0,1
20261009T041907436Z_6f6b68022d1342e0860b2fcf57f40f43,,,1,1,PedalPressed,Visual,2026-10-09T04:20:38.4091022Z,90.961553,82.347375,5693,1,0,OperatingSource,0,0,1,10,Right,1,1,Correct,1,2.378382,1,0,1.000000,TaskSwitchPedal,0,0.500000,0.200000,,0.100000,5.000000,10.000000,1849250487,85.463621,83.066399,83.085239,88.564330,88.583171,0.018841,90.961553,0,1,1,0,WaitingForSourceConfirmation,Move1,Move1.PickupCoarseMove,Move1,Move1.PickupCoarseMove,1,"{""pedalAxisName"":""TaskSwitchPedal"",""usePlusMinusKeys"":true,""positivePedalKey"":61,""negativePedalKey"":45,""invertPedalAxis"":false,""pressThreshold"":0.5,""releaseThreshold"":0.20000000298023225,""minimumIntervalSeconds"":5.0,""maximumIntervalSeconds"":10.0,""minimumValidReactionSeconds"":0.10000000149011612,""randomSeed"":1849250487}",,0,0.000000,2.378382,CorrectSidePress,1,0,0,1,Correct,1,2.378382,90.961553,2.378382,0.000000,1,0,PlusMinusKeys,0,1
20261009T041907436Z_6f6b68022d1342e0860b2fcf57f40f43,,,1,1,TrialFinished,Visual,2026-10-09T04:20:38.4101042Z,90.961553,82.347375,5693,1,0,OperatingSource,0,0,1,10,Right,1,1,Correct,1,2.378382,1,0,1.000000,TaskSwitchPedal,0,0.500000,0.200000,,0.100000,5.000000,10.000000,1849250487,85.463621,83.066399,83.085239,88.564330,88.583171,0.018841,90.961553,0,0,1,0,WaitingForSourceConfirmation,Move1,Move1.PickupCoarseMove,Move1,Move1.PickupCoarseMove,1,"{""pedalAxisName"":""TaskSwitchPedal"",""usePlusMinusKeys"":true,""positivePedalKey"":61,""negativePedalKey"":45,""invertPedalAxis"":false,""pressThreshold"":0.5,""releaseThreshold"":0.20000000298023225,""minimumIntervalSeconds"":5.0,""maximumIntervalSeconds"":10.0,""minimumValidReactionSeconds"":0.10000000149011612,""randomSeed"":1849250487}",,0,0.000000,2.378382,CorrectSidePress,1,0,0,1,Correct,1,2.378382,90.961553,2.378382,0.000000,1,0,PlusMinusKeys,0,1
20261009T041907436Z_6f6b68022d1342e0860b2fcf57f40f43,,,1,1,StimulusScheduled,Visual,2026-10-09T04:20:38.4101042Z,90.962000,82.347375,5693,1,0,OperatingSource,0,0,1,11,Left,-1,,,,,0,0,1.000000,TaskSwitchPedal,0,0.500000,0.200000,,0.100000,5.000000,10.000000,1849250487,85.464068,92.124253,,97.622184,,,,0,0,,,,,,Move1,Move1.PickupCoarseMove,1,"{""pedalAxisName"":""TaskSwitchPedal"",""usePlusMinusKeys"":true,""positivePedalKey"":61,""negativePedalKey"":45,""invertPedalAxis"":false,""pressThreshold"":0.5,""releaseThreshold"":0.20000000298023225,""minimumIntervalSeconds"":5.0,""maximumIntervalSeconds"":10.0,""minimumValidReactionSeconds"":0.10000000149011612,""randomSeed"":1849250487}",,0,0.000000,,CorrectSidePress,0,0,0,,,,,,,0.000000,1,0,PlusMinusKeys,0,1
20261009T041907436Z_6f6b68022d1342e0860b2fcf57f40f43,,,1,1,StimulusOnsetObserved,Visual,2026-10-09T04:20:45.0805636Z,97.632036,89.017709,6048,1,0,OperatingSource,0,0,1,11,Left,-1,,,,,1,0,0.000000,TaskSwitchPedal,0,0.500000,0.200000,,0.100000,5.000000,10.000000,1849250487,92.134104,92.124253,92.134104,97.622184,97.632036,0.009851,,1,0,1,0,OperatingSource,Move1,Move1.PickupCoarseMove,Move1,Move1.PickupCoarseMove,1,"{""pedalAxisName"":""TaskSwitchPedal"",""usePlusMinusKeys"":true,""positivePedalKey"":61,""negativePedalKey"":45,""invertPedalAxis"":false,""pressThreshold"":0.5,""releaseThreshold"":0.20000000298023225,""minimumIntervalSeconds"":5.0,""maximumIntervalSeconds"":10.0,""minimumValidReactionSeconds"":0.10000000149011612,""randomSeed"":1849250487}",,0,0.000000,,CorrectSidePress,0,0,0,,,,,,,0.000000,0,0,Axis,0,1
20261009T041907436Z_6f6b68022d1342e0860b2fcf57f40f43,,,1,1,PedalPressed,Visual,2026-10-09T04:20:46.2563198Z,98.808027,90.193785,6112,1,0,OperatingSource,0,0,1,11,Left,-1,-1,Correct,1,1.175992,1,0,-1.000000,TaskSwitchPedal,0,0.500000,0.200000,,0.100000,5.000000,10.000000,1849250487,93.310096,92.124253,92.134104,97.622184,97.632036,0.009851,98.808027,1,0,1,0,OperatingSource,Move1,Move1.PickupCoarseMove,Move1,Move1.PickupCoarseMove,1,"{""pedalAxisName"":""TaskSwitchPedal"",""usePlusMinusKeys"":true,""positivePedalKey"":61,""negativePedalKey"":45,""invertPedalAxis"":false,""pressThreshold"":0.5,""releaseThreshold"":0.20000000298023225,""minimumIntervalSeconds"":5.0,""maximumIntervalSeconds"":10.0,""minimumValidReactionSeconds"":0.10000000149011612,""randomSeed"":1849250487}",,0,0.000000,1.175991,CorrectSidePress,1,0,0,-1,Correct,1,1.175992,98.808027,1.175991,0.000000,0,1,PlusMinusKeys,0,1
20261009T041907436Z_6f6b68022d1342e0860b2fcf57f40f43,,,1,1,TrialFinished,Visual,2026-10-09T04:20:46.2563198Z,98.808027,90.193785,6112,1,0,OperatingSource,0,0,1,11,Left,-1,-1,Correct,1,1.175992,1,0,-1.000000,TaskSwitchPedal,0,0.500000,0.200000,,0.100000,5.000000,10.000000,1849250487,93.310096,92.124253,92.134104,97.622184,97.632036,0.009851,98.808027,0,0,1,0,OperatingSource,Move1,Move1.PickupCoarseMove,Move1,Move1.PickupCoarseMove,1,"{""pedalAxisName"":""TaskSwitchPedal"",""usePlusMinusKeys"":true,""positivePedalKey"":61,""negativePedalKey"":45,""invertPedalAxis"":false,""pressThreshold"":0.5,""releaseThreshold"":0.20000000298023225,""minimumIntervalSeconds"":5.0,""maximumIntervalSeconds"":10.0,""minimumValidReactionSeconds"":0.10000000149011612,""randomSeed"":1849250487}",,0,0.000000,1.175991,CorrectSidePress,1,0,0,-1,Correct,1,1.175992,98.808027,1.175991,0.000000,0,1,PlusMinusKeys,0,1
20261009T041907436Z_6f6b68022d1342e0860b2fcf57f40f43,,,1,1,StimulusScheduled,Visual,2026-10-09T04:20:46.2563198Z,98.808400,90.193785,6112,1,0,OperatingSource,0,0,1,12,Right,1,,,,,0,0,-1.000000,TaskSwitchPedal,0,0.500000,0.200000,,0.100000,5.000000,10.000000,1849250487,93.310469,101.798866,,107.296797,,,,0,0,,,,,,Move1,Move1.PickupCoarseMove,1,"{""pedalAxisName"":""TaskSwitchPedal"",""usePlusMinusKeys"":true,""positivePedalKey"":61,""negativePedalKey"":45,""invertPedalAxis"":false,""pressThreshold"":0.5,""releaseThreshold"":0.20000000298023225,""minimumIntervalSeconds"":5.0,""maximumIntervalSeconds"":10.0,""minimumValidReactionSeconds"":0.10000000149011612,""randomSeed"":1849250487}",,0,0.000000,,CorrectSidePress,0,0,0,,,,,,,0.000000,0,1,PlusMinusKeys,0,1
20261009T041907436Z_6f6b68022d1342e0860b2fcf57f40f43,,,1,1,StimulusOnsetObserved,Visual,2026-10-09T04:20:54.7477217Z,107.299876,98.685048,6559,2,0,CountingDown,0,0,1,12,Right,1,,,,,1,0,0.000000,TaskSwitchPedal,0,0.500000,0.200000,,0.100000,5.000000,10.000000,1849250487,101.801944,101.798866,101.801944,107.296797,107.299876,0.003078,,0,1,2,0,CountingDown,LiftUp,LiftUp.LoadAcquisition,LiftUp,LiftUp.LoadAcquisition,1,"{""pedalAxisName"":""TaskSwitchPedal"",""usePlusMinusKeys"":true,""positivePedalKey"":61,""negativePedalKey"":45,""invertPedalAxis"":false,""pressThreshold"":0.5,""releaseThreshold"":0.20000000298023225,""minimumIntervalSeconds"":5.0,""maximumIntervalSeconds"":10.0,""minimumValidReactionSeconds"":0.10000000149011612,""randomSeed"":1849250487}",,0,0.000000,,CorrectSidePress,0,0,0,,,,,,,0.000000,0,0,Axis,0,1
20261009T041907436Z_6f6b68022d1342e0860b2fcf57f40f43,,,1,1,PedalPressed,Visual,2026-10-09T04:20:55.7559777Z,108.307923,99.692744,6610,2,0,CountingDown,0,0,1,12,Right,1,1,Correct,1,1.008048,1,0,1.000000,TaskSwitchPedal,0,0.500000,0.200000,,0.100000,5.000000,10.000000,1849250487,102.809992,101.798866,101.801944,107.296797,107.299876,0.003078,108.307923,0,1,2,0,CountingDown,LiftUp,LiftUp.LoadAcquisition,LiftUp,LiftUp.LoadAcquisition,1,"{""pedalAxisName"":""TaskSwitchPedal"",""usePlusMinusKeys"":true,""positivePedalKey"":61,""negativePedalKey"":45,""invertPedalAxis"":false,""pressThreshold"":0.5,""releaseThreshold"":0.20000000298023225,""minimumIntervalSeconds"":5.0,""maximumIntervalSeconds"":10.0,""minimumValidReactionSeconds"":0.10000000149011612,""randomSeed"":1849250487}",,0,0.000000,1.008048,CorrectSidePress,1,0,0,1,Correct,1,1.008048,108.307923,1.008048,0.000000,1,0,PlusMinusKeys,0,1
20261009T041907436Z_6f6b68022d1342e0860b2fcf57f40f43,,,1,1,TrialFinished,Visual,2026-10-09T04:20:55.7559777Z,108.307923,99.692744,6610,2,0,CountingDown,0,0,1,12,Right,1,1,Correct,1,1.008048,1,0,1.000000,TaskSwitchPedal,0,0.500000,0.200000,,0.100000,5.000000,10.000000,1849250487,102.809992,101.798866,101.801944,107.296797,107.299876,0.003078,108.307923,0,0,2,0,CountingDown,LiftUp,LiftUp.LoadAcquisition,LiftUp,LiftUp.LoadAcquisition,1,"{""pedalAxisName"":""TaskSwitchPedal"",""usePlusMinusKeys"":true,""positivePedalKey"":61,""negativePedalKey"":45,""invertPedalAxis"":false,""pressThreshold"":0.5,""releaseThreshold"":0.20000000298023225,""minimumIntervalSeconds"":5.0,""maximumIntervalSeconds"":10.0,""minimumValidReactionSeconds"":0.10000000149011612,""randomSeed"":1849250487}",,0,0.000000,1.008048,CorrectSidePress,1,0,0,1,Correct,1,1.008048,108.307923,1.008048,0.000000,1,0,PlusMinusKeys,0,1
20261009T041907436Z_6f6b68022d1342e0860b2fcf57f40f43,,,1,1,StimulusScheduled,Visual,2026-10-09T04:20:55.7559777Z,108.308292,99.692744,6610,2,0,CountingDown,0,0,1,13,Right,1,,,,,0,0,1.000000,TaskSwitchPedal,0,0.500000,0.200000,,0.100000,5.000000,10.000000,1849250487,102.810361,108.171642,,113.669573,,,,0,0,,,,,,LiftUp,LiftUp.LoadAcquisition,1,"{""pedalAxisName"":""TaskSwitchPedal"",""usePlusMinusKeys"":true,""positivePedalKey"":61,""negativePedalKey"":45,""invertPedalAxis"":false,""pressThreshold"":0.5,""releaseThreshold"":0.20000000298023225,""minimumIntervalSeconds"":5.0,""maximumIntervalSeconds"":10.0,""minimumValidReactionSeconds"":0.10000000149011612,""randomSeed"":1849250487}",,0,0.000000,,CorrectSidePress,0,0,0,,,,,,,0.000000,1,0,PlusMinusKeys,0,1
20261009T041907436Z_6f6b68022d1342e0860b2fcf57f40f43,,,1,1,StimulusOnsetObserved,Visual,2026-10-09T04:21:01.1251777Z,113.677202,105.063675,6905,2,1,OperatingTarget,0,0,1,13,Right,1,,,,,1,0,0.000000,TaskSwitchPedal,0,0.500000,0.200000,,0.100000,5.000000,10.000000,1849250487,108.179271,108.171642,108.179271,113.669573,113.677202,0.007629,,0,1,2,1,OperatingTarget,Move2,Move2.DestinationCoarseMove,Move2,Move2.DestinationCoarseMove,1,"{""pedalAxisName"":""TaskSwitchPedal"",""usePlusMinusKeys"":true,""positivePedalKey"":61,""negativePedalKey"":45,""invertPedalAxis"":false,""pressThreshold"":0.5,""releaseThreshold"":0.20000000298023225,""minimumIntervalSeconds"":5.0,""maximumIntervalSeconds"":10.0,""minimumValidReactionSeconds"":0.10000000149011612,""randomSeed"":1849250487}",,0,0.000000,,CorrectSidePress,0,0,0,,,,,,,0.000000,0,0,Axis,0,1
20261009T041907436Z_6f6b68022d1342e0860b2fcf57f40f43,,,1,1,PedalPressed,Visual,2026-10-09T04:21:02.1190446Z,114.671395,106.056369,6960,2,1,OperatingTarget,0,0,1,13,Right,1,1,Correct,1,0.994193,1,0,1.000000,TaskSwitchPedal,0,0.500000,0.200000,,0.100000,5.000000,10.000000,1849250487,109.173464,108.171642,108.179271,113.669573,113.677202,0.007629,114.671395,0,1,2,1,OperatingTarget,Move2,Move2.DestinationCoarseMove,Move2,Move2.DestinationCoarseMove,1,"{""pedalAxisName"":""TaskSwitchPedal"",""usePlusMinusKeys"":true,""positivePedalKey"":61,""negativePedalKey"":45,""invertPedalAxis"":false,""pressThreshold"":0.5,""releaseThreshold"":0.20000000298023225,""minimumIntervalSeconds"":5.0,""maximumIntervalSeconds"":10.0,""minimumValidReactionSeconds"":0.10000000149011612,""randomSeed"":1849250487}",,0,0.000000,0.994193,CorrectSidePress,1,0,0,1,Correct,1,0.994193,114.671395,0.994193,0.000000,1,0,PlusMinusKeys,0,1
20261009T041907436Z_6f6b68022d1342e0860b2fcf57f40f43,,,1,1,TrialFinished,Visual,2026-10-09T04:21:02.1190446Z,114.671395,106.056369,6960,2,1,OperatingTarget,0,0,1,13,Right,1,1,Correct,1,0.994193,1,0,1.000000,TaskSwitchPedal,0,0.500000,0.200000,,0.100000,5.000000,10.000000,1849250487,109.173464,108.171642,108.179271,113.669573,113.677202,0.007629,114.671395,0,0,2,1,OperatingTarget,Move2,Move2.DestinationCoarseMove,Move2,Move2.DestinationCoarseMove,1,"{""pedalAxisName"":""TaskSwitchPedal"",""usePlusMinusKeys"":true,""positivePedalKey"":61,""negativePedalKey"":45,""invertPedalAxis"":false,""pressThreshold"":0.5,""releaseThreshold"":0.20000000298023225,""minimumIntervalSeconds"":5.0,""maximumIntervalSeconds"":10.0,""minimumValidReactionSeconds"":0.10000000149011612,""randomSeed"":1849250487}",,0,0.000000,0.994193,CorrectSidePress,1,0,0,1,Correct,1,0.994193,114.671395,0.994193,0.000000,1,0,PlusMinusKeys,0,1
20261009T041907436Z_6f6b68022d1342e0860b2fcf57f40f43,,,1,1,StimulusScheduled,Visual,2026-10-09T04:21:02.1190446Z,114.671764,106.056369,6960,2,1,OperatingTarget,0,0,1,14,Right,1,,,,,0,0,1.000000,TaskSwitchPedal,0,0.500000,0.200000,,0.100000,5.000000,10.000000,1849250487,109.173833,118.803826,,124.301757,,,,0,0,,,,,,Move2,Move2.DestinationCoarseMove,1,"{""pedalAxisName"":""TaskSwitchPedal"",""usePlusMinusKeys"":true,""positivePedalKey"":61,""negativePedalKey"":45,""invertPedalAxis"":false,""pressThreshold"":0.5,""releaseThreshold"":0.20000000298023225,""minimumIntervalSeconds"":5.0,""maximumIntervalSeconds"":10.0,""minimumValidReactionSeconds"":0.10000000149011612,""randomSeed"":1849250487}",,0,0.000000,,CorrectSidePress,0,0,0,,,,,,,0.000000,1,0,PlusMinusKeys,0,1
20261009T041907436Z_6f6b68022d1342e0860b2fcf57f40f43,,,1,1,StimulusOnsetObserved,Visual,2026-10-09T04:21:11.7553607Z,124.307561,115.692336,7430,2,1,OperatingTarget,0,0,1,14,Right,1,,,,,1,0,0.000000,TaskSwitchPedal,0,0.500000,0.200000,,0.100000,5.000000,10.000000,1849250487,118.809630,118.803826,118.809630,124.301757,124.307561,0.005804,,0,1,2,1,OperatingTarget,Place,Place.PlacementLowering,Place,Place.PlacementLowering,1,"{""pedalAxisName"":""TaskSwitchPedal"",""usePlusMinusKeys"":true,""positivePedalKey"":61,""negativePedalKey"":45,""invertPedalAxis"":false,""pressThreshold"":0.5,""releaseThreshold"":0.20000000298023225,""minimumIntervalSeconds"":5.0,""maximumIntervalSeconds"":10.0,""minimumValidReactionSeconds"":0.10000000149011612,""randomSeed"":1849250487}",,0,0.000000,,CorrectSidePress,0,0,0,,,,,,,0.000000,0,0,Axis,0,1
20261009T041907436Z_6f6b68022d1342e0860b2fcf57f40f43,,,1,1,PedalPressed,Visual,2026-10-09T04:21:12.5869980Z,125.138745,116.523614,7468,2,1,OperatingTarget,0,0,1,14,Right,1,1,Correct,1,0.831183,1,0,1.000000,TaskSwitchPedal,0,0.500000,0.200000,,0.100000,5.000000,10.000000,1849250487,119.640813,118.803826,118.809630,124.301757,124.307561,0.005804,125.138745,0,1,2,1,OperatingTarget,Place,Place.PlacementLowering,Place,Place.PlacementLowering,1,"{""pedalAxisName"":""TaskSwitchPedal"",""usePlusMinusKeys"":true,""positivePedalKey"":61,""negativePedalKey"":45,""invertPedalAxis"":false,""pressThreshold"":0.5,""releaseThreshold"":0.20000000298023225,""minimumIntervalSeconds"":5.0,""maximumIntervalSeconds"":10.0,""minimumValidReactionSeconds"":0.10000000149011612,""randomSeed"":1849250487}",,0,0.000000,0.831184,CorrectSidePress,1,0,0,1,Correct,1,0.831183,125.138745,0.831184,0.000000,1,0,PlusMinusKeys,0,1
20261009T041907436Z_6f6b68022d1342e0860b2fcf57f40f43,,,1,1,TrialFinished,Visual,2026-10-09T04:21:12.5869980Z,125.138745,116.523614,7468,2,1,OperatingTarget,0,0,1,14,Right,1,1,Correct,1,0.831183,1,0,1.000000,TaskSwitchPedal,0,0.500000,0.200000,,0.100000,5.000000,10.000000,1849250487,119.640813,118.803826,118.809630,124.301757,124.307561,0.005804,125.138745,0,0,2,1,OperatingTarget,Place,Place.PlacementLowering,Place,Place.PlacementLowering,1,"{""pedalAxisName"":""TaskSwitchPedal"",""usePlusMinusKeys"":true,""positivePedalKey"":61,""negativePedalKey"":45,""invertPedalAxis"":false,""pressThreshold"":0.5,""releaseThreshold"":0.20000000298023225,""minimumIntervalSeconds"":5.0,""maximumIntervalSeconds"":10.0,""minimumValidReactionSeconds"":0.10000000149011612,""randomSeed"":1849250487}",,0,0.000000,0.831184,CorrectSidePress,1,0,0,1,Correct,1,0.831183,125.138745,0.831184,0.000000,1,0,PlusMinusKeys,0,1
20261009T041907436Z_6f6b68022d1342e0860b2fcf57f40f43,,,1,1,StimulusScheduled,Visual,2026-10-09T04:21:12.5869980Z,125.139089,116.523614,7468,2,1,OperatingTarget,0,0,1,15,Left,-1,,,,,0,0,1.000000,TaskSwitchPedal,0,0.500000,0.200000,,0.100000,5.000000,10.000000,1849250487,119.641158,129.223718,,134.721649,,,,0,0,,,,,,Place,Place.PlacementLowering,1,"{""pedalAxisName"":""TaskSwitchPedal"",""usePlusMinusKeys"":true,""positivePedalKey"":61,""negativePedalKey"":45,""invertPedalAxis"":false,""pressThreshold"":0.5,""releaseThreshold"":0.20000000298023225,""minimumIntervalSeconds"":5.0,""maximumIntervalSeconds"":10.0,""minimumValidReactionSeconds"":0.10000000149011612,""randomSeed"":1849250487}",,0,0.000000,,CorrectSidePress,0,0,0,,,,,,,0.000000,1,0,PlusMinusKeys,0,1
20261009T041907436Z_6f6b68022d1342e0860b2fcf57f40f43,,,1,1,StimulusOnsetObserved,Visual,2026-10-09T04:21:22.1818616Z,134.733520,126.119251,7971,2,1,OperatingTarget,0,0,1,15,Left,-1,,,,,1,0,0.000000,TaskSwitchPedal,0,0.500000,0.200000,,0.100000,5.000000,10.000000,1849250487,129.235589,129.223718,129.235589,134.721649,134.733520,0.011871,,1,0,2,1,OperatingTarget,Place,Place.PostPlacementRaising,Place,Place.PostPlacementRaising,1,"{""pedalAxisName"":""TaskSwitchPedal"",""usePlusMinusKeys"":true,""positivePedalKey"":61,""negativePedalKey"":45,""invertPedalAxis"":false,""pressThreshold"":0.5,""releaseThreshold"":0.20000000298023225,""minimumIntervalSeconds"":5.0,""maximumIntervalSeconds"":10.0,""minimumValidReactionSeconds"":0.10000000149011612,""randomSeed"":1849250487}",,0,0.000000,,CorrectSidePress,0,0,0,,,,,,,0.000000,0,0,Axis,0,1
20261009T041907436Z_6f6b68022d1342e0860b2fcf57f40f43,,,1,1,PedalPressed,Visual,2026-10-09T04:21:22.9847954Z,135.536689,126.922599,8014,2,0,WaitingForSourceConfirmation,1,0,1,15,Left,-1,-1,Correct,1,0.803168,1,0,-1.000000,TaskSwitchPedal,0,0.500000,0.200000,,0.100000,5.000000,10.000000,1849250487,130.038758,129.223718,129.235589,134.721649,134.733520,0.011871,135.536689,1,0,2,1,OperatingTarget,Place,Place.PostPlacementRaising,LiftUp,LiftUp.LoadAcquisition,1,"{""pedalAxisName"":""TaskSwitchPedal"",""usePlusMinusKeys"":true,""positivePedalKey"":61,""negativePedalKey"":45,""invertPedalAxis"":false,""pressThreshold"":0.5,""releaseThreshold"":0.20000000298023225,""minimumIntervalSeconds"":5.0,""maximumIntervalSeconds"":10.0,""minimumValidReactionSeconds"":0.10000000149011612,""randomSeed"":1849250487}",,0,0.000000,0.803168,CorrectSidePress,1,0,0,-1,Correct,1,0.803168,135.536689,0.803168,0.000000,0,1,PlusMinusKeys,0,1
20261009T041907436Z_6f6b68022d1342e0860b2fcf57f40f43,,,1,1,TrialFinished,Visual,2026-10-09T04:21:22.9847954Z,135.536689,126.922599,8014,2,0,WaitingForSourceConfirmation,1,0,1,15,Left,-1,-1,Correct,1,0.803168,1,0,-1.000000,TaskSwitchPedal,0,0.500000,0.200000,,0.100000,5.000000,10.000000,1849250487,130.038758,129.223718,129.235589,134.721649,134.733520,0.011871,135.536689,0,0,2,1,OperatingTarget,Place,Place.PostPlacementRaising,LiftUp,LiftUp.LoadAcquisition,1,"{""pedalAxisName"":""TaskSwitchPedal"",""usePlusMinusKeys"":true,""positivePedalKey"":61,""negativePedalKey"":45,""invertPedalAxis"":false,""pressThreshold"":0.5,""releaseThreshold"":0.20000000298023225,""minimumIntervalSeconds"":5.0,""maximumIntervalSeconds"":10.0,""minimumValidReactionSeconds"":0.10000000149011612,""randomSeed"":1849250487}",,0,0.000000,0.803168,CorrectSidePress,1,0,0,-1,Correct,1,0.803168,135.536689,0.803168,0.000000,0,1,PlusMinusKeys,0,1
20261009T041907436Z_6f6b68022d1342e0860b2fcf57f40f43,,,1,1,StimulusScheduled,Visual,2026-10-09T04:21:22.9847954Z,135.537193,126.922599,8014,2,0,WaitingForSourceConfirmation,1,0,1,16,Right,1,,,,,0,0,-1.000000,TaskSwitchPedal,0,0.500000,0.200000,,0.100000,5.000000,10.000000,1849250487,130.039261,138.525837,,144.023769,,,,0,0,,,,,,LiftUp,LiftUp.LoadAcquisition,1,"{""pedalAxisName"":""TaskSwitchPedal"",""usePlusMinusKeys"":true,""positivePedalKey"":61,""negativePedalKey"":45,""invertPedalAxis"":false,""pressThreshold"":0.5,""releaseThreshold"":0.20000000298023225,""minimumIntervalSeconds"":5.0,""maximumIntervalSeconds"":10.0,""minimumValidReactionSeconds"":0.10000000149011612,""randomSeed"":1849250487}",,0,0.000000,,CorrectSidePress,0,0,0,,,,,,,0.000000,0,1,PlusMinusKeys,0,1
20261009T041907436Z_6f6b68022d1342e0860b2fcf57f40f43,,,1,1,StimulusOnsetObserved,Visual,2026-10-09T04:21:31.4749356Z,144.027832,135.413519,8421,2,0,OperatingSource,0,0,1,16,Right,1,,,,,1,0,0.000000,TaskSwitchPedal,0,0.500000,0.200000,,0.100000,5.000000,10.000000,1849250487,138.529900,138.525837,138.529900,144.023769,144.027832,0.004063,,0,1,2,0,OperatingSource,LiftUp,LiftUp.LoadedRaising,LiftUp,LiftUp.LoadedRaising,1,"{""pedalAxisName"":""TaskSwitchPedal"",""usePlusMinusKeys"":true,""positivePedalKey"":61,""negativePedalKey"":45,""invertPedalAxis"":false,""pressThreshold"":0.5,""releaseThreshold"":0.20000000298023225,""minimumIntervalSeconds"":5.0,""maximumIntervalSeconds"":10.0,""minimumValidReactionSeconds"":0.10000000149011612,""randomSeed"":1849250487}",,0,0.000000,,CorrectSidePress,0,0,0,,,,,,,0.000000,0,0,Axis,0,1
20261009T041907436Z_6f6b68022d1342e0860b2fcf57f40f43,,,1,1,PedalPressed,Visual,2026-10-09T04:21:32.6370274Z,145.189031,136.574727,8479,2,0,OperatingSource,0,0,1,16,Right,1,1,Correct,1,1.161199,1,0,1.000000,TaskSwitchPedal,0,0.500000,0.200000,,0.100000,5.000000,10.000000,1849250487,139.691100,138.525837,138.529900,144.023769,144.027832,0.004063,145.189031,0,1,2,0,OperatingSource,LiftUp,LiftUp.LoadedRaising,Move2,Move2.DestinationCoarseMove,1,"{""pedalAxisName"":""TaskSwitchPedal"",""usePlusMinusKeys"":true,""positivePedalKey"":61,""negativePedalKey"":45,""invertPedalAxis"":false,""pressThreshold"":0.5,""releaseThreshold"":0.20000000298023225,""minimumIntervalSeconds"":5.0,""maximumIntervalSeconds"":10.0,""minimumValidReactionSeconds"":0.10000000149011612,""randomSeed"":1849250487}",,0,0.000000,1.161199,CorrectSidePress,1,0,0,1,Correct,1,1.161199,145.189031,1.161199,0.000000,1,0,PlusMinusKeys,0,1
20261009T041907436Z_6f6b68022d1342e0860b2fcf57f40f43,,,1,1,TrialFinished,Visual,2026-10-09T04:21:32.6370274Z,145.189031,136.574727,8479,2,0,OperatingSource,0,0,1,16,Right,1,1,Correct,1,1.161199,1,0,1.000000,TaskSwitchPedal,0,0.500000,0.200000,,0.100000,5.000000,10.000000,1849250487,139.691100,138.525837,138.529900,144.023769,144.027832,0.004063,145.189031,0,0,2,0,OperatingSource,LiftUp,LiftUp.LoadedRaising,Move2,Move2.DestinationCoarseMove,1,"{""pedalAxisName"":""TaskSwitchPedal"",""usePlusMinusKeys"":true,""positivePedalKey"":61,""negativePedalKey"":45,""invertPedalAxis"":false,""pressThreshold"":0.5,""releaseThreshold"":0.20000000298023225,""minimumIntervalSeconds"":5.0,""maximumIntervalSeconds"":10.0,""minimumValidReactionSeconds"":0.10000000149011612,""randomSeed"":1849250487}",,0,0.000000,1.161199,CorrectSidePress,1,0,0,1,Correct,1,1.161199,145.189031,1.161199,0.000000,1,0,PlusMinusKeys,0,1
20261009T041907436Z_6f6b68022d1342e0860b2fcf57f40f43,,,1,1,StimulusScheduled,Visual,2026-10-09T04:21:32.6370274Z,145.189416,136.574727,8479,2,0,OperatingSource,0,0,1,17,Right,1,,,,,0,0,1.000000,TaskSwitchPedal,0,0.500000,0.200000,,0.100000,5.000000,10.000000,1849250487,139.691485,145.059361,,150.557292,,,,0,0,,,,,,Move2,Move2.DestinationCoarseMove,1,"{""pedalAxisName"":""TaskSwitchPedal"",""usePlusMinusKeys"":true,""positivePedalKey"":61,""negativePedalKey"":45,""invertPedalAxis"":false,""pressThreshold"":0.5,""releaseThreshold"":0.20000000298023225,""minimumIntervalSeconds"":5.0,""maximumIntervalSeconds"":10.0,""minimumValidReactionSeconds"":0.10000000149011612,""randomSeed"":1849250487}",,0,0.000000,,CorrectSidePress,0,0,0,,,,,,,0.000000,1,0,PlusMinusKeys,0,1
20261009T041907436Z_6f6b68022d1342e0860b2fcf57f40f43,,,1,1,StimulusOnsetObserved,Visual,2026-10-09T04:21:38.0183333Z,150.570959,141.955869,8736,3,0,CountingDown,0,0,1,17,Right,1,,,,,1,0,0.000000,TaskSwitchPedal,0,0.500000,0.200000,,0.100000,5.000000,10.000000,1849250487,145.073027,145.059361,145.073027,150.557292,150.570959,0.013667,,0,1,3,0,CountingDown,Move2,Move2.DestinationCoarseMove,Move2,Move2.DestinationCoarseMove,1,"{""pedalAxisName"":""TaskSwitchPedal"",""usePlusMinusKeys"":true,""positivePedalKey"":61,""negativePedalKey"":45,""invertPedalAxis"":false,""pressThreshold"":0.5,""releaseThreshold"":0.20000000298023225,""minimumIntervalSeconds"":5.0,""maximumIntervalSeconds"":10.0,""minimumValidReactionSeconds"":0.10000000149011612,""randomSeed"":1849250487}",,0,0.000000,,CorrectSidePress,0,0,0,,,,,,,0.000000,0,0,Axis,0,1
20261009T041907436Z_6f6b68022d1342e0860b2fcf57f40f43,,,1,1,PedalPressed,Visual,2026-10-09T04:21:39.6917733Z,152.244843,143.629104,8813,3,0,CountingDown,0,0,1,17,Right,1,1,Correct,1,1.673884,1,0,1.000000,TaskSwitchPedal,0,0.500000,0.200000,,0.100000,5.000000,10.000000,1849250487,146.746912,145.059361,145.073027,150.557292,150.570959,0.013667,152.244843,0,1,3,0,CountingDown,Move2,Move2.DestinationCoarseMove,Move2,Move2.DestinationCoarseMove,1,"{""pedalAxisName"":""TaskSwitchPedal"",""usePlusMinusKeys"":true,""positivePedalKey"":61,""negativePedalKey"":45,""invertPedalAxis"":false,""pressThreshold"":0.5,""releaseThreshold"":0.20000000298023225,""minimumIntervalSeconds"":5.0,""maximumIntervalSeconds"":10.0,""minimumValidReactionSeconds"":0.10000000149011612,""randomSeed"":1849250487}",,0,0.000000,1.673884,CorrectSidePress,1,0,0,1,Correct,1,1.673884,152.244843,1.673884,0.000000,1,0,PlusMinusKeys,0,1
20261009T041907436Z_6f6b68022d1342e0860b2fcf57f40f43,,,1,1,TrialFinished,Visual,2026-10-09T04:21:39.6933972Z,152.244843,143.629104,8813,3,0,CountingDown,0,0,1,17,Right,1,1,Correct,1,1.673884,1,0,1.000000,TaskSwitchPedal,0,0.500000,0.200000,,0.100000,5.000000,10.000000,1849250487,146.746912,145.059361,145.073027,150.557292,150.570959,0.013667,152.244843,0,0,3,0,CountingDown,Move2,Move2.DestinationCoarseMove,Move2,Move2.DestinationCoarseMove,1,"{""pedalAxisName"":""TaskSwitchPedal"",""usePlusMinusKeys"":true,""positivePedalKey"":61,""negativePedalKey"":45,""invertPedalAxis"":false,""pressThreshold"":0.5,""releaseThreshold"":0.20000000298023225,""minimumIntervalSeconds"":5.0,""maximumIntervalSeconds"":10.0,""minimumValidReactionSeconds"":0.10000000149011612,""randomSeed"":1849250487}",,0,0.000000,1.673884,CorrectSidePress,1,0,0,1,Correct,1,1.673884,152.244843,1.673884,0.000000,1,0,PlusMinusKeys,0,1
20261009T041907436Z_6f6b68022d1342e0860b2fcf57f40f43,,,1,1,StimulusScheduled,Visual,2026-10-09T04:21:39.6933972Z,152.245350,143.629104,8813,3,0,CountingDown,0,0,1,18,Left,-1,,,,,0,0,1.000000,TaskSwitchPedal,0,0.500000,0.200000,,0.100000,5.000000,10.000000,1849250487,146.747419,153.401237,,158.899168,,,,0,0,,,,,,Move2,Move2.DestinationCoarseMove,1,"{""pedalAxisName"":""TaskSwitchPedal"",""usePlusMinusKeys"":true,""positivePedalKey"":61,""negativePedalKey"":45,""invertPedalAxis"":false,""pressThreshold"":0.5,""releaseThreshold"":0.20000000298023225,""minimumIntervalSeconds"":5.0,""maximumIntervalSeconds"":10.0,""minimumValidReactionSeconds"":0.10000000149011612,""randomSeed"":1849250487}",,0,0.000000,,CorrectSidePress,0,0,0,,,,,,,0.000000,1,0,PlusMinusKeys,0,1
20261009T041907436Z_6f6b68022d1342e0860b2fcf57f40f43,,,1,1,StimulusOnsetObserved,Visual,2026-10-09T04:21:46.3519223Z,158.903632,150.289050,9152,3,1,OperatingTarget,0,0,1,18,Left,-1,,,,,1,0,0.000000,TaskSwitchPedal,0,0.500000,0.200000,,0.100000,5.000000,10.000000,1849250487,153.405700,153.401237,153.405700,158.899168,158.903632,0.004463,,1,0,3,1,OperatingTarget,Move1,Move1.PickupCoarseMove,Move1,Move1.PickupCoarseMove,1,"{""pedalAxisName"":""TaskSwitchPedal"",""usePlusMinusKeys"":true,""positivePedalKey"":61,""negativePedalKey"":45,""invertPedalAxis"":false,""pressThreshold"":0.5,""releaseThreshold"":0.20000000298023225,""minimumIntervalSeconds"":5.0,""maximumIntervalSeconds"":10.0,""minimumValidReactionSeconds"":0.10000000149011612,""randomSeed"":1849250487}",,0,0.000000,,CorrectSidePress,0,0,0,,,,,,,0.000000,0,0,Axis,0,1
20261009T041907436Z_6f6b68022d1342e0860b2fcf57f40f43,,,1,1,PedalPressed,Visual,2026-10-09T04:21:47.4274897Z,159.979938,151.365376,9207,3,1,OperatingTarget,0,0,1,18,Left,-1,-1,Correct,1,1.076307,1,0,-1.000000,TaskSwitchPedal,0,0.500000,0.200000,,0.100000,5.000000,10.000000,1849250487,154.482007,153.401237,153.405700,158.899168,158.903632,0.004463,159.979938,1,0,3,1,OperatingTarget,Move1,Move1.PickupCoarseMove,Move1,Move1.PickupCoarseMove,1,"{""pedalAxisName"":""TaskSwitchPedal"",""usePlusMinusKeys"":true,""positivePedalKey"":61,""negativePedalKey"":45,""invertPedalAxis"":false,""pressThreshold"":0.5,""releaseThreshold"":0.20000000298023225,""minimumIntervalSeconds"":5.0,""maximumIntervalSeconds"":10.0,""minimumValidReactionSeconds"":0.10000000149011612,""randomSeed"":1849250487}",,0,0.000000,1.076307,CorrectSidePress,1,0,0,-1,Correct,1,1.076307,159.979938,1.076307,0.000000,0,1,PlusMinusKeys,0,1
20261009T041907436Z_6f6b68022d1342e0860b2fcf57f40f43,,,1,1,TrialFinished,Visual,2026-10-09T04:21:47.4274897Z,159.979938,151.365376,9207,3,1,OperatingTarget,0,0,1,18,Left,-1,-1,Correct,1,1.076307,1,0,-1.000000,TaskSwitchPedal,0,0.500000,0.200000,,0.100000,5.000000,10.000000,1849250487,154.482007,153.401237,153.405700,158.899168,158.903632,0.004463,159.979938,0,0,3,1,OperatingTarget,Move1,Move1.PickupCoarseMove,Move1,Move1.PickupCoarseMove,1,"{""pedalAxisName"":""TaskSwitchPedal"",""usePlusMinusKeys"":true,""positivePedalKey"":61,""negativePedalKey"":45,""invertPedalAxis"":false,""pressThreshold"":0.5,""releaseThreshold"":0.20000000298023225,""minimumIntervalSeconds"":5.0,""maximumIntervalSeconds"":10.0,""minimumValidReactionSeconds"":0.10000000149011612,""randomSeed"":1849250487}",,0,0.000000,1.076307,CorrectSidePress,1,0,0,-1,Correct,1,1.076307,159.979938,1.076307,0.000000,0,1,PlusMinusKeys,0,1
20261009T041907436Z_6f6b68022d1342e0860b2fcf57f40f43,,,1,1,StimulusScheduled,Visual,2026-10-09T04:21:47.4274897Z,159.980257,151.365376,9207,3,1,OperatingTarget,0,0,1,19,Left,-1,,,,,0,0,-1.000000,TaskSwitchPedal,0,0.500000,0.200000,,0.100000,5.000000,10.000000,1849250487,154.482326,163.822553,,169.320484,,,,0,0,,,,,,Move1,Move1.PickupCoarseMove,1,"{""pedalAxisName"":""TaskSwitchPedal"",""usePlusMinusKeys"":true,""positivePedalKey"":61,""negativePedalKey"":45,""invertPedalAxis"":false,""pressThreshold"":0.5,""releaseThreshold"":0.20000000298023225,""minimumIntervalSeconds"":5.0,""maximumIntervalSeconds"":10.0,""minimumValidReactionSeconds"":0.10000000149011612,""randomSeed"":1849250487}",,0,0.000000,,CorrectSidePress,0,0,0,,,,,,,0.000000,0,1,PlusMinusKeys,0,1
20261009T041907436Z_6f6b68022d1342e0860b2fcf57f40f43,,,1,1,StimulusOnsetObserved,Visual,2026-10-09T04:21:56.7706000Z,169.322522,160.707404,9664,3,1,OperatingTarget,0,0,1,19,Left,-1,,,,,1,0,0.000000,TaskSwitchPedal,0,0.500000,0.200000,,0.100000,5.000000,10.000000,1849250487,163.824591,163.822553,163.824591,169.320484,169.322522,0.002039,,1,0,3,1,OperatingTarget,LiftUp,LiftUp.LoadAcquisition,LiftUp,LiftUp.LoadAcquisition,1,"{""pedalAxisName"":""TaskSwitchPedal"",""usePlusMinusKeys"":true,""positivePedalKey"":61,""negativePedalKey"":45,""invertPedalAxis"":false,""pressThreshold"":0.5,""releaseThreshold"":0.20000000298023225,""minimumIntervalSeconds"":5.0,""maximumIntervalSeconds"":10.0,""minimumValidReactionSeconds"":0.10000000149011612,""randomSeed"":1849250487}",,0,0.000000,,CorrectSidePress,0,0,0,,,,,,,0.000000,0,0,Axis,0,1
20261009T041907436Z_6f6b68022d1342e0860b2fcf57f40f43,,,1,1,PedalPressed,Visual,2026-10-09T04:21:58.1278812Z,170.680019,162.064672,9725,3,1,OperatingTarget,0,0,1,19,Left,-1,-1,Correct,1,1.357496,1,0,-1.000000,TaskSwitchPedal,0,0.500000,0.200000,,0.100000,5.000000,10.000000,1849250487,165.182087,163.822553,163.824591,169.320484,169.322522,0.002039,170.680019,1,0,3,1,OperatingTarget,LiftUp,LiftUp.LoadAcquisition,LiftUp,LiftUp.LoadAcquisition,1,"{""pedalAxisName"":""TaskSwitchPedal"",""usePlusMinusKeys"":true,""positivePedalKey"":61,""negativePedalKey"":45,""invertPedalAxis"":false,""pressThreshold"":0.5,""releaseThreshold"":0.20000000298023225,""minimumIntervalSeconds"":5.0,""maximumIntervalSeconds"":10.0,""minimumValidReactionSeconds"":0.10000000149011612,""randomSeed"":1849250487}",,0,0.000000,1.357496,CorrectSidePress,1,0,0,-1,Correct,1,1.357496,170.680019,1.357496,0.000000,0,1,PlusMinusKeys,0,1
20261009T041907436Z_6f6b68022d1342e0860b2fcf57f40f43,,,1,1,TrialFinished,Visual,2026-10-09T04:21:58.1313960Z,170.680019,162.064672,9725,3,1,OperatingTarget,0,0,1,19,Left,-1,-1,Correct,1,1.357496,1,0,-1.000000,TaskSwitchPedal,0,0.500000,0.200000,,0.100000,5.000000,10.000000,1849250487,165.182087,163.822553,163.824591,169.320484,169.322522,0.002039,170.680019,0,0,3,1,OperatingTarget,LiftUp,LiftUp.LoadAcquisition,LiftUp,LiftUp.LoadAcquisition,1,"{""pedalAxisName"":""TaskSwitchPedal"",""usePlusMinusKeys"":true,""positivePedalKey"":61,""negativePedalKey"":45,""invertPedalAxis"":false,""pressThreshold"":0.5,""releaseThreshold"":0.20000000298023225,""minimumIntervalSeconds"":5.0,""maximumIntervalSeconds"":10.0,""minimumValidReactionSeconds"":0.10000000149011612,""randomSeed"":1849250487}",,0,0.000000,1.357496,CorrectSidePress,1,0,0,-1,Correct,1,1.357496,170.680019,1.357496,0.000000,0,1,PlusMinusKeys,0,1
20261009T041907436Z_6f6b68022d1342e0860b2fcf57f40f43,,,1,1,StimulusScheduled,Visual,2026-10-09T04:21:58.1313960Z,170.683600,162.064672,9725,3,1,OperatingTarget,0,0,1,20,Right,1,,,,,0,0,-1.000000,TaskSwitchPedal,0,0.500000,0.200000,,0.100000,5.000000,10.000000,1849250487,165.185668,172.081854,,177.579785,,,,0,0,,,,,,LiftUp,LiftUp.LoadAcquisition,1,"{""pedalAxisName"":""TaskSwitchPedal"",""usePlusMinusKeys"":true,""positivePedalKey"":61,""negativePedalKey"":45,""invertPedalAxis"":false,""pressThreshold"":0.5,""releaseThreshold"":0.20000000298023225,""minimumIntervalSeconds"":5.0,""maximumIntervalSeconds"":10.0,""minimumValidReactionSeconds"":0.10000000149011612,""randomSeed"":1849250487}",,0,0.000000,,CorrectSidePress,0,0,0,,,,,,,0.000000,0,1,PlusMinusKeys,0,1
20261009T041907436Z_6f6b68022d1342e0860b2fcf57f40f43,,,1,1,StimulusOnsetObserved,Visual,2026-10-09T04:22:05.0423954Z,177.593904,168.979477,10050,3,0,OperatingSource,0,0,1,20,Right,1,,,,,1,0,0.000000,TaskSwitchPedal,0,0.500000,0.200000,,0.100000,5.000000,10.000000,1849250487,172.095973,172.081854,172.095973,177.579785,177.593904,0.014119,,0,1,3,0,OperatingSource,Move2,Move2.DestinationCoarseMove,Move2,Move2.DestinationCoarseMove,1,"{""pedalAxisName"":""TaskSwitchPedal"",""usePlusMinusKeys"":true,""positivePedalKey"":61,""negativePedalKey"":45,""invertPedalAxis"":false,""pressThreshold"":0.5,""releaseThreshold"":0.20000000298023225,""minimumIntervalSeconds"":5.0,""maximumIntervalSeconds"":10.0,""minimumValidReactionSeconds"":0.10000000149011612,""randomSeed"":1849250487}",,0,0.000000,,CorrectSidePress,0,0,0,,,,,,,0.000000,0,0,Axis,0,1
20261009T041907436Z_6f6b68022d1342e0860b2fcf57f40f43,,,1,1,PedalPressed,Visual,2026-10-09T04:22:05.8752674Z,178.427594,169.813311,10091,3,0,OperatingSource,0,0,1,20,Right,1,1,Correct,1,0.833689,1,0,1.000000,TaskSwitchPedal,0,0.500000,0.200000,,0.100000,5.000000,10.000000,1849250487,172.929662,172.081854,172.095973,177.579785,177.593904,0.014119,178.427594,0,1,3,0,OperatingSource,Move2,Move2.DestinationCoarseMove,Move2,Move2.DestinationCoarseMove,1,"{""pedalAxisName"":""TaskSwitchPedal"",""usePlusMinusKeys"":true,""positivePedalKey"":61,""negativePedalKey"":45,""invertPedalAxis"":false,""pressThreshold"":0.5,""releaseThreshold"":0.20000000298023225,""minimumIntervalSeconds"":5.0,""maximumIntervalSeconds"":10.0,""minimumValidReactionSeconds"":0.10000000149011612,""randomSeed"":1849250487}",,0,0.000000,0.833689,CorrectSidePress,1,0,0,1,Correct,1,0.833689,178.427594,0.833689,0.000000,1,0,PlusMinusKeys,0,1
20261009T041907436Z_6f6b68022d1342e0860b2fcf57f40f43,,,1,1,TrialFinished,Visual,2026-10-09T04:22:05.8762753Z,178.427594,169.813311,10091,3,0,OperatingSource,0,0,1,20,Right,1,1,Correct,1,0.833689,1,0,1.000000,TaskSwitchPedal,0,0.500000,0.200000,,0.100000,5.000000,10.000000,1849250487,172.929662,172.081854,172.095973,177.579785,177.593904,0.014119,178.427594,0,0,3,0,OperatingSource,Move2,Move2.DestinationCoarseMove,Move2,Move2.DestinationCoarseMove,1,"{""pedalAxisName"":""TaskSwitchPedal"",""usePlusMinusKeys"":true,""positivePedalKey"":61,""negativePedalKey"":45,""invertPedalAxis"":false,""pressThreshold"":0.5,""releaseThreshold"":0.20000000298023225,""minimumIntervalSeconds"":5.0,""maximumIntervalSeconds"":10.0,""minimumValidReactionSeconds"":0.10000000149011612,""randomSeed"":1849250487}",,0,0.000000,0.833689,CorrectSidePress,1,0,0,1,Correct,1,0.833689,178.427594,0.833689,0.000000,1,0,PlusMinusKeys,0,1
20261009T041907436Z_6f6b68022d1342e0860b2fcf57f40f43,,,1,1,StimulusScheduled,Visual,2026-10-09T04:22:05.8762753Z,178.427946,169.813311,10091,3,0,OperatingSource,0,0,1,21,Right,1,,,,,0,0,1.000000,TaskSwitchPedal,0,0.500000,0.200000,,0.100000,5.000000,10.000000,1849250487,172.930015,181.608973,,187.106904,,,,0,0,,,,,,Move2,Move2.DestinationCoarseMove,1,"{""pedalAxisName"":""TaskSwitchPedal"",""usePlusMinusKeys"":true,""positivePedalKey"":61,""negativePedalKey"":45,""invertPedalAxis"":false,""pressThreshold"":0.5,""releaseThreshold"":0.20000000298023225,""minimumIntervalSeconds"":5.0,""maximumIntervalSeconds"":10.0,""minimumValidReactionSeconds"":0.10000000149011612,""randomSeed"":1849250487}",,0,0.000000,,CorrectSidePress,0,0,0,,,,,,,0.000000,1,0,PlusMinusKeys,0,1
20261009T041907436Z_6f6b68022d1342e0860b2fcf57f40f43,,,1,1,StimulusOnsetObserved,Visual,2026-10-09T04:22:14.5730113Z,187.125017,178.509405,10493,3,0,OperatingSource,0,0,1,21,Right,1,,,,,1,0,0.000000,TaskSwitchPedal,0,0.500000,0.200000,,0.100000,5.000000,10.000000,1849250487,181.627086,181.608973,181.627086,187.106904,187.125017,0.018113,,0,1,3,0,OperatingSource,Place,Place.PlacementLowering,Place,Place.PlacementLowering,1,"{""pedalAxisName"":""TaskSwitchPedal"",""usePlusMinusKeys"":true,""positivePedalKey"":61,""negativePedalKey"":45,""invertPedalAxis"":false,""pressThreshold"":0.5,""releaseThreshold"":0.20000000298023225,""minimumIntervalSeconds"":5.0,""maximumIntervalSeconds"":10.0,""minimumValidReactionSeconds"":0.10000000149011612,""randomSeed"":1849250487}",,0,0.000000,,CorrectSidePress,0,0,0,,,,,,,0.000000,0,0,Axis,0,1
20261009T041907436Z_6f6b68022d1342e0860b2fcf57f40f43,,,1,1,PedalPressed,Visual,2026-10-09T04:22:15.4787130Z,188.030557,179.415815,10533,3,0,OperatingSource,0,0,1,21,Right,1,1,Correct,1,0.905540,1,0,1.000000,TaskSwitchPedal,0,0.500000,0.200000,,0.100000,5.000000,10.000000,1849250487,182.532626,181.608973,181.627086,187.106904,187.125017,0.018113,188.030557,0,1,3,0,OperatingSource,Place,Place.PlacementLowering,Place,Place.LoadRelease,1,"{""pedalAxisName"":""TaskSwitchPedal"",""usePlusMinusKeys"":true,""positivePedalKey"":61,""negativePedalKey"":45,""invertPedalAxis"":false,""pressThreshold"":0.5,""releaseThreshold"":0.20000000298023225,""minimumIntervalSeconds"":5.0,""maximumIntervalSeconds"":10.0,""minimumValidReactionSeconds"":0.10000000149011612,""randomSeed"":1849250487}",,0,0.000000,0.905540,CorrectSidePress,1,0,0,1,Correct,1,0.905540,188.030557,0.905540,0.000000,1,0,PlusMinusKeys,0,1
20261009T041907436Z_6f6b68022d1342e0860b2fcf57f40f43,,,1,1,TrialFinished,Visual,2026-10-09T04:22:15.4787130Z,188.030557,179.415815,10533,3,0,OperatingSource,0,0,1,21,Right,1,1,Correct,1,0.905540,1,0,1.000000,TaskSwitchPedal,0,0.500000,0.200000,,0.100000,5.000000,10.000000,1849250487,182.532626,181.608973,181.627086,187.106904,187.125017,0.018113,188.030557,0,0,3,0,OperatingSource,Place,Place.PlacementLowering,Place,Place.LoadRelease,1,"{""pedalAxisName"":""TaskSwitchPedal"",""usePlusMinusKeys"":true,""positivePedalKey"":61,""negativePedalKey"":45,""invertPedalAxis"":false,""pressThreshold"":0.5,""releaseThreshold"":0.20000000298023225,""minimumIntervalSeconds"":5.0,""maximumIntervalSeconds"":10.0,""minimumValidReactionSeconds"":0.10000000149011612,""randomSeed"":1849250487}",,0,0.000000,0.905540,CorrectSidePress,1,0,0,1,Correct,1,0.905540,188.030557,0.905540,0.000000,1,0,PlusMinusKeys,0,1
20261009T041907436Z_6f6b68022d1342e0860b2fcf57f40f43,,,1,1,StimulusScheduled,Visual,2026-10-09T04:22:15.4787130Z,188.030901,179.415815,10533,3,0,OperatingSource,0,0,1,22,Right,1,,,,,0,0,1.000000,TaskSwitchPedal,0,0.500000,0.200000,,0.100000,5.000000,10.000000,1849250487,182.532970,188.542909,,194.040840,,,,0,0,,,,,,Place,Place.LoadRelease,1,"{""pedalAxisName"":""TaskSwitchPedal"",""usePlusMinusKeys"":true,""positivePedalKey"":61,""negativePedalKey"":45,""invertPedalAxis"":false,""pressThreshold"":0.5,""releaseThreshold"":0.20000000298023225,""minimumIntervalSeconds"":5.0,""maximumIntervalSeconds"":10.0,""minimumValidReactionSeconds"":0.10000000149011612,""randomSeed"":1849250487}",,0,0.000000,,CorrectSidePress,0,0,0,,,,,,,0.000000,1,0,PlusMinusKeys,0,1
20261009T041907436Z_6f6b68022d1342e0860b2fcf57f40f43,,,1,1,StimulusOnsetObserved,Visual,2026-10-09T04:22:21.4889852Z,194.041110,185.426574,10841,3,0,OperatingSource,0,0,1,22,Right,1,,,,,1,0,0.000000,TaskSwitchPedal,0,0.500000,0.200000,,0.100000,5.000000,10.000000,1849250487,188.543179,188.542909,188.543179,194.040840,194.041110,0.000270,,0,1,3,0,OperatingSource,Place,Place.PostPlacementRaising,Place,Place.PostPlacementRaising,1,"{""pedalAxisName"":""TaskSwitchPedal"",""usePlusMinusKeys"":true,""positivePedalKey"":61,""negativePedalKey"":45,""invertPedalAxis"":false,""pressThreshold"":0.5,""releaseThreshold"":0.20000000298023225,""minimumIntervalSeconds"":5.0,""maximumIntervalSeconds"":10.0,""minimumValidReactionSeconds"":0.10000000149011612,""randomSeed"":1849250487}",,0,0.000000,,CorrectSidePress,0,0,0,,,,,,,0.000000,0,0,Axis,0,1
20261009T041907436Z_6f6b68022d1342e0860b2fcf57f40f43,,,1,1,PedalPressed,Visual,2026-10-09T04:22:22.4208891Z,194.972645,186.358495,10892,3,0,OperatingSource,0,0,1,22,Right,1,1,Correct,1,0.931535,1,0,1.000000,TaskSwitchPedal,0,0.500000,0.200000,,0.100000,5.000000,10.000000,1849250487,189.474714,188.542909,188.543179,194.040840,194.041110,0.000270,194.972645,0,1,3,0,OperatingSource,Place,Place.PostPlacementRaising,Move1,Move1.PickupCoarseMove,1,"{""pedalAxisName"":""TaskSwitchPedal"",""usePlusMinusKeys"":true,""positivePedalKey"":61,""negativePedalKey"":45,""invertPedalAxis"":false,""pressThreshold"":0.5,""releaseThreshold"":0.20000000298023225,""minimumIntervalSeconds"":5.0,""maximumIntervalSeconds"":10.0,""minimumValidReactionSeconds"":0.10000000149011612,""randomSeed"":1849250487}",,0,0.000000,0.931535,CorrectSidePress,1,0,0,1,Correct,1,0.931535,194.972645,0.931535,0.000000,1,0,PlusMinusKeys,0,1
20261009T041907436Z_6f6b68022d1342e0860b2fcf57f40f43,,,1,1,TrialFinished,Visual,2026-10-09T04:22:22.4208891Z,194.972645,186.358495,10892,3,0,OperatingSource,0,0,1,22,Right,1,1,Correct,1,0.931535,1,0,1.000000,TaskSwitchPedal,0,0.500000,0.200000,,0.100000,5.000000,10.000000,1849250487,189.474714,188.542909,188.543179,194.040840,194.041110,0.000270,194.972645,0,0,3,0,OperatingSource,Place,Place.PostPlacementRaising,Move1,Move1.PickupCoarseMove,1,"{""pedalAxisName"":""TaskSwitchPedal"",""usePlusMinusKeys"":true,""positivePedalKey"":61,""negativePedalKey"":45,""invertPedalAxis"":false,""pressThreshold"":0.5,""releaseThreshold"":0.20000000298023225,""minimumIntervalSeconds"":5.0,""maximumIntervalSeconds"":10.0,""minimumValidReactionSeconds"":0.10000000149011612,""randomSeed"":1849250487}",,0,0.000000,0.931535,CorrectSidePress,1,0,0,1,Correct,1,0.931535,194.972645,0.931535,0.000000,1,0,PlusMinusKeys,0,1
20261009T041907436Z_6f6b68022d1342e0860b2fcf57f40f43,,,1,1,StimulusScheduled,Visual,2026-10-09T04:22:22.4208891Z,194.973099,186.358495,10892,3,0,OperatingSource,0,0,1,23,Right,1,,,,,0,0,1.000000,TaskSwitchPedal,0,0.500000,0.200000,,0.100000,5.000000,10.000000,1849250487,189.475168,195.688178,,201.186109,,,,0,0,,,,,,Move1,Move1.PickupCoarseMove,1,"{""pedalAxisName"":""TaskSwitchPedal"",""usePlusMinusKeys"":true,""positivePedalKey"":61,""negativePedalKey"":45,""invertPedalAxis"":false,""pressThreshold"":0.5,""releaseThreshold"":0.20000000298023225,""minimumIntervalSeconds"":5.0,""maximumIntervalSeconds"":10.0,""minimumValidReactionSeconds"":0.10000000149011612,""randomSeed"":1849250487}",,0,0.000000,,CorrectSidePress,0,0,0,,,,,,,0.000000,1,0,PlusMinusKeys,0,1
20261009T041907436Z_6f6b68022d1342e0860b2fcf57f40f43,,,1,1,StimulusOnsetObserved,Visual,2026-10-09T04:22:28.6368374Z,201.188710,192.574497,11229,4,0,CountingDown,0,0,1,23,Right,1,,,,,1,0,0.000000,TaskSwitchPedal,0,0.500000,0.200000,,0.100000,5.000000,10.000000,1849250487,195.690779,195.688178,195.690779,201.186109,201.188710,0.002601,,0,1,4,0,CountingDown,Move1,Move1.PickupCoarseMove,Move1,Move1.PickupCoarseMove,1,"{""pedalAxisName"":""TaskSwitchPedal"",""usePlusMinusKeys"":true,""positivePedalKey"":61,""negativePedalKey"":45,""invertPedalAxis"":false,""pressThreshold"":0.5,""releaseThreshold"":0.20000000298023225,""minimumIntervalSeconds"":5.0,""maximumIntervalSeconds"":10.0,""minimumValidReactionSeconds"":0.10000000149011612,""randomSeed"":1849250487}",,0,0.000000,,CorrectSidePress,0,0,0,,,,,,,0.000000,0,0,Axis,0,1
20261009T041907436Z_6f6b68022d1342e0860b2fcf57f40f43,,,1,1,PedalPressed,Visual,2026-10-09T04:22:29.5358572Z,202.088720,193.474392,11276,4,0,CountingDown,0,0,1,23,Right,1,1,Correct,1,0.900010,1,0,1.000000,TaskSwitchPedal,0,0.500000,0.200000,,0.100000,5.000000,10.000000,1849250487,196.590789,195.688178,195.690779,201.186109,201.188710,0.002601,202.088720,0,1,4,0,CountingDown,Move1,Move1.PickupCoarseMove,Move1,Move1.PickupCoarseMove,1,"{""pedalAxisName"":""TaskSwitchPedal"",""usePlusMinusKeys"":true,""positivePedalKey"":61,""negativePedalKey"":45,""invertPedalAxis"":false,""pressThreshold"":0.5,""releaseThreshold"":0.20000000298023225,""minimumIntervalSeconds"":5.0,""maximumIntervalSeconds"":10.0,""minimumValidReactionSeconds"":0.10000000149011612,""randomSeed"":1849250487}",,0,0.000000,0.900010,CorrectSidePress,1,0,0,1,Correct,1,0.900010,202.088720,0.900010,0.000000,1,0,PlusMinusKeys,0,1
20261009T041907436Z_6f6b68022d1342e0860b2fcf57f40f43,,,1,1,TrialFinished,Visual,2026-10-09T04:22:29.5373642Z,202.088720,193.474392,11276,4,0,CountingDown,0,0,1,23,Right,1,1,Correct,1,0.900010,1,0,1.000000,TaskSwitchPedal,0,0.500000,0.200000,,0.100000,5.000000,10.000000,1849250487,196.590789,195.688178,195.690779,201.186109,201.188710,0.002601,202.088720,0,0,4,0,CountingDown,Move1,Move1.PickupCoarseMove,Move1,Move1.PickupCoarseMove,1,"{""pedalAxisName"":""TaskSwitchPedal"",""usePlusMinusKeys"":true,""positivePedalKey"":61,""negativePedalKey"":45,""invertPedalAxis"":false,""pressThreshold"":0.5,""releaseThreshold"":0.20000000298023225,""minimumIntervalSeconds"":5.0,""maximumIntervalSeconds"":10.0,""minimumValidReactionSeconds"":0.10000000149011612,""randomSeed"":1849250487}",,0,0.000000,0.900010,CorrectSidePress,1,0,0,1,Correct,1,0.900010,202.088720,0.900010,0.000000,1,0,PlusMinusKeys,0,1
20261009T041907436Z_6f6b68022d1342e0860b2fcf57f40f43,,,1,1,StimulusScheduled,Visual,2026-10-09T04:22:29.5373642Z,202.089111,193.474392,11276,4,0,CountingDown,0,0,1,24,Left,-1,,,,,0,0,1.000000,TaskSwitchPedal,0,0.500000,0.200000,,0.100000,5.000000,10.000000,1849250487,196.591180,204.978588,,210.476519,,,,0,0,,,,,,Move1,Move1.PickupCoarseMove,1,"{""pedalAxisName"":""TaskSwitchPedal"",""usePlusMinusKeys"":true,""positivePedalKey"":61,""negativePedalKey"":45,""invertPedalAxis"":false,""pressThreshold"":0.5,""releaseThreshold"":0.20000000298023225,""minimumIntervalSeconds"":5.0,""maximumIntervalSeconds"":10.0,""minimumValidReactionSeconds"":0.10000000149011612,""randomSeed"":1849250487}",,0,0.000000,,CorrectSidePress,0,0,0,,,,,,,0.000000,1,0,PlusMinusKeys,0,1
20261009T041907436Z_6f6b68022d1342e0860b2fcf57f40f43,,,1,1,PedalPressed,Visual,2026-10-09T04:22:29.9494632Z,202.501327,193.887061,11298,4,0,CountingDown,0,0,1,,,,1,FalseAlarm,,,0,0,1.000000,TaskSwitchPedal,0,0.500000,0.200000,,0.100000,5.000000,10.000000,1849250487,197.003396,,,,,,202.501327,0,0,,,,,,Move1,Move1.PickupCoarseMove,1,"{""pedalAxisName"":""TaskSwitchPedal"",""usePlusMinusKeys"":true,""positivePedalKey"":61,""negativePedalKey"":45,""invertPedalAxis"":false,""pressThreshold"":0.5,""releaseThreshold"":0.20000000298023225,""minimumIntervalSeconds"":5.0,""maximumIntervalSeconds"":10.0,""minimumValidReactionSeconds"":0.10000000149011612,""randomSeed"":1849250487}",,0,0.000000,,CorrectSidePress,,,,,,,,,,0.000000,1,0,PlusMinusKeys,0,1
20261009T041907436Z_6f6b68022d1342e0860b2fcf57f40f43,,,1,1,StimulusOnsetObserved,Visual,2026-10-09T04:22:37.9381761Z,210.490754,201.875450,11692,4,1,OperatingTarget,0,0,1,24,Left,-1,,,,,1,0,0.000000,TaskSwitchPedal,0,0.500000,0.200000,,0.100000,5.000000,10.000000,1849250487,204.992822,204.978588,204.992822,210.476519,210.490754,0.014235,,1,0,4,1,OperatingTarget,Move2,Move2.DestinationFineAlign,Move2,Move2.DestinationFineAlign,1,"{""pedalAxisName"":""TaskSwitchPedal"",""usePlusMinusKeys"":true,""positivePedalKey"":61,""negativePedalKey"":45,""invertPedalAxis"":false,""pressThreshold"":0.5,""releaseThreshold"":0.20000000298023225,""minimumIntervalSeconds"":5.0,""maximumIntervalSeconds"":10.0,""minimumValidReactionSeconds"":0.10000000149011612,""randomSeed"":1849250487}",,0,0.000000,,CorrectSidePress,0,0,0,,,,,,,0.000000,0,0,Axis,0,1
20261009T041907436Z_6f6b68022d1342e0860b2fcf57f40f43,,,1,1,PedalPressed,Visual,2026-10-09T04:22:39.0824238Z,211.634331,203.018429,11743,4,1,OperatingTarget,0,0,1,24,Left,-1,-1,Correct,1,1.143577,1,0,-1.000000,TaskSwitchPedal,0,0.500000,0.200000,,0.100000,5.000000,10.000000,1849250487,206.136399,204.978588,204.992822,210.476519,210.490754,0.014235,211.634331,1,0,4,1,OperatingTarget,Move2,Move2.DestinationFineAlign,Place,Place.PlacementLowering,1,"{""pedalAxisName"":""TaskSwitchPedal"",""usePlusMinusKeys"":true,""positivePedalKey"":61,""negativePedalKey"":45,""invertPedalAxis"":false,""pressThreshold"":0.5,""releaseThreshold"":0.20000000298023225,""minimumIntervalSeconds"":5.0,""maximumIntervalSeconds"":10.0,""minimumValidReactionSeconds"":0.10000000149011612,""randomSeed"":1849250487}",,0,0.000000,1.143577,CorrectSidePress,1,0,0,-1,Correct,1,1.143577,211.634331,1.143577,0.000000,0,1,PlusMinusKeys,0,1
20261009T041907436Z_6f6b68022d1342e0860b2fcf57f40f43,,,1,1,TrialFinished,Visual,2026-10-09T04:22:39.0829648Z,211.634331,203.018429,11743,4,1,OperatingTarget,0,0,1,24,Left,-1,-1,Correct,1,1.143577,1,0,-1.000000,TaskSwitchPedal,0,0.500000,0.200000,,0.100000,5.000000,10.000000,1849250487,206.136399,204.978588,204.992822,210.476519,210.490754,0.014235,211.634331,0,0,4,1,OperatingTarget,Move2,Move2.DestinationFineAlign,Place,Place.PlacementLowering,1,"{""pedalAxisName"":""TaskSwitchPedal"",""usePlusMinusKeys"":true,""positivePedalKey"":61,""negativePedalKey"":45,""invertPedalAxis"":false,""pressThreshold"":0.5,""releaseThreshold"":0.20000000298023225,""minimumIntervalSeconds"":5.0,""maximumIntervalSeconds"":10.0,""minimumValidReactionSeconds"":0.10000000149011612,""randomSeed"":1849250487}",,0,0.000000,1.143577,CorrectSidePress,1,0,0,-1,Correct,1,1.143577,211.634331,1.143577,0.000000,0,1,PlusMinusKeys,0,1
20261009T041907436Z_6f6b68022d1342e0860b2fcf57f40f43,,,1,1,StimulusScheduled,Visual,2026-10-09T04:22:39.0829648Z,211.634820,203.018429,11743,4,1,OperatingTarget,0,0,1,25,Left,-1,,,,,0,0,-1.000000,TaskSwitchPedal,0,0.500000,0.200000,,0.100000,5.000000,10.000000,1849250487,206.136888,213.782509,,219.280441,,,,0,0,,,,,,Place,Place.PlacementLowering,1,"{""pedalAxisName"":""TaskSwitchPedal"",""usePlusMinusKeys"":true,""positivePedalKey"":61,""negativePedalKey"":45,""invertPedalAxis"":false,""pressThreshold"":0.5,""releaseThreshold"":0.20000000298023225,""minimumIntervalSeconds"":5.0,""maximumIntervalSeconds"":10.0,""minimumValidReactionSeconds"":0.10000000149011612,""randomSeed"":1849250487}",,0,0.000000,,CorrectSidePress,0,0,0,,,,,,,0.000000,0,1,PlusMinusKeys,0,1
20261009T041907436Z_6f6b68022d1342e0860b2fcf57f40f43,,,1,1,StimulusOnsetObserved,Visual,2026-10-09T04:22:46.7450552Z,219.296581,210.681512,12081,4,1,OperatingTarget,0,0,1,25,Left,-1,,,,,1,0,0.000000,TaskSwitchPedal,0,0.500000,0.200000,,0.100000,5.000000,10.000000,1849250487,213.798650,213.782509,213.798650,219.280441,219.296581,0.016140,,1,0,4,1,OperatingTarget,Place,Place.PlacementLowering,Place,Place.PlacementLowering,1,"{""pedalAxisName"":""TaskSwitchPedal"",""usePlusMinusKeys"":true,""positivePedalKey"":61,""negativePedalKey"":45,""invertPedalAxis"":false,""pressThreshold"":0.5,""releaseThreshold"":0.20000000298023225,""minimumIntervalSeconds"":5.0,""maximumIntervalSeconds"":10.0,""minimumValidReactionSeconds"":0.10000000149011612,""randomSeed"":1849250487}",,0,0.000000,,CorrectSidePress,0,0,0,,,,,,,0.000000,0,0,Axis,0,1
20261009T041907436Z_6f6b68022d1342e0860b2fcf57f40f43,,,1,1,PedalPressed,Visual,2026-10-09T04:22:50.2129328Z,222.764473,214.149378,12215,4,1,OperatingTarget,0,0,1,25,Left,-1,-1,Correct,1,3.467892,1,0,-1.000000,TaskSwitchPedal,0,0.500000,0.200000,,0.100000,5.000000,10.000000,1849250487,217.266542,213.782509,213.798650,219.280441,219.296581,0.016140,222.764473,1,0,4,1,OperatingTarget,Place,Place.PlacementLowering,Place,Place.PostPlacementRaising,1,"{""pedalAxisName"":""TaskSwitchPedal"",""usePlusMinusKeys"":true,""positivePedalKey"":61,""negativePedalKey"":45,""invertPedalAxis"":false,""pressThreshold"":0.5,""releaseThreshold"":0.20000000298023225,""minimumIntervalSeconds"":5.0,""maximumIntervalSeconds"":10.0,""minimumValidReactionSeconds"":0.10000000149011612,""randomSeed"":1849250487}",,0,0.000000,3.467892,CorrectSidePress,1,0,0,-1,Correct,1,3.467892,222.764473,3.467892,0.000000,0,1,PlusMinusKeys,0,1
20261009T041907436Z_6f6b68022d1342e0860b2fcf57f40f43,,,1,1,TrialFinished,Visual,2026-10-09T04:22:50.2129328Z,222.764473,214.149378,12215,4,1,OperatingTarget,0,0,1,25,Left,-1,-1,Correct,1,3.467892,1,0,-1.000000,TaskSwitchPedal,0,0.500000,0.200000,,0.100000,5.000000,10.000000,1849250487,217.266542,213.782509,213.798650,219.280441,219.296581,0.016140,222.764473,0,0,4,1,OperatingTarget,Place,Place.PlacementLowering,Place,Place.PostPlacementRaising,1,"{""pedalAxisName"":""TaskSwitchPedal"",""usePlusMinusKeys"":true,""positivePedalKey"":61,""negativePedalKey"":45,""invertPedalAxis"":false,""pressThreshold"":0.5,""releaseThreshold"":0.20000000298023225,""minimumIntervalSeconds"":5.0,""maximumIntervalSeconds"":10.0,""minimumValidReactionSeconds"":0.10000000149011612,""randomSeed"":1849250487}",,0,0.000000,3.467892,CorrectSidePress,1,0,0,-1,Correct,1,3.467892,222.764473,3.467892,0.000000,0,1,PlusMinusKeys,0,1
20261009T041907436Z_6f6b68022d1342e0860b2fcf57f40f43,,,1,1,StimulusScheduled,Visual,2026-10-09T04:22:50.2129328Z,222.764831,214.149378,12215,4,1,OperatingTarget,0,0,1,26,Left,-1,,,,,0,0,-1.000000,TaskSwitchPedal,0,0.500000,0.200000,,0.100000,5.000000,10.000000,1849250487,217.266900,226.102912,,231.600843,,,,0,0,,,,,,Place,Place.PostPlacementRaising,1,"{""pedalAxisName"":""TaskSwitchPedal"",""usePlusMinusKeys"":true,""positivePedalKey"":61,""negativePedalKey"":45,""invertPedalAxis"":false,""pressThreshold"":0.5,""releaseThreshold"":0.20000000298023225,""minimumIntervalSeconds"":5.0,""maximumIntervalSeconds"":10.0,""minimumValidReactionSeconds"":0.10000000149011612,""randomSeed"":1849250487}",,0,0.000000,,CorrectSidePress,0,0,0,,,,,,,0.000000,0,1,PlusMinusKeys,0,1
20261009T041907436Z_6f6b68022d1342e0860b2fcf57f40f43,,,1,1,StimulusOnsetObserved,Visual,2026-10-09T04:22:59.0590973Z,231.610824,222.996389,12692,4,0,OperatingSource,0,0,1,26,Left,-1,,,,,1,0,0.000000,TaskSwitchPedal,0,0.500000,0.200000,,0.100000,5.000000,10.000000,1849250487,226.112893,226.102912,226.112893,231.600843,231.610824,0.009981,,1,0,4,0,OperatingSource,Move1,Move1.PickupCoarseMove,Move1,Move1.PickupCoarseMove,1,"{""pedalAxisName"":""TaskSwitchPedal"",""usePlusMinusKeys"":true,""positivePedalKey"":61,""negativePedalKey"":45,""invertPedalAxis"":false,""pressThreshold"":0.5,""releaseThreshold"":0.20000000298023225,""minimumIntervalSeconds"":5.0,""maximumIntervalSeconds"":10.0,""minimumValidReactionSeconds"":0.10000000149011612,""randomSeed"":1849250487}",,0,0.000000,,CorrectSidePress,0,0,0,,,,,,,0.000000,0,0,Axis,0,1
20261009T041907436Z_6f6b68022d1342e0860b2fcf57f40f43,,,1,1,PedalPressed,Visual,2026-10-09T04:23:00.3734984Z,232.925285,224.311055,12763,4,0,OperatingSource,0,0,1,26,Left,-1,-1,Correct,1,1.314461,1,0,-1.000000,TaskSwitchPedal,0,0.500000,0.200000,,0.100000,5.000000,10.000000,1849250487,227.427353,226.102912,226.112893,231.600843,231.610824,0.009981,232.925285,1,0,4,0,OperatingSource,Move1,Move1.PickupCoarseMove,Move1,Move1.PickupCoarseMove,1,"{""pedalAxisName"":""TaskSwitchPedal"",""usePlusMinusKeys"":true,""positivePedalKey"":61,""negativePedalKey"":45,""invertPedalAxis"":false,""pressThreshold"":0.5,""releaseThreshold"":0.20000000298023225,""minimumIntervalSeconds"":5.0,""maximumIntervalSeconds"":10.0,""minimumValidReactionSeconds"":0.10000000149011612,""randomSeed"":1849250487}",,0,0.000000,1.314461,CorrectSidePress,1,0,0,-1,Correct,1,1.314461,232.925285,1.314461,0.000000,0,1,PlusMinusKeys,0,1
20261009T041907436Z_6f6b68022d1342e0860b2fcf57f40f43,,,1,1,TrialFinished,Visual,2026-10-09T04:23:00.3740147Z,232.925285,224.311055,12763,4,0,OperatingSource,0,0,1,26,Left,-1,-1,Correct,1,1.314461,1,0,-1.000000,TaskSwitchPedal,0,0.500000,0.200000,,0.100000,5.000000,10.000000,1849250487,227.427353,226.102912,226.112893,231.600843,231.610824,0.009981,232.925285,0,0,4,0,OperatingSource,Move1,Move1.PickupCoarseMove,Move1,Move1.PickupCoarseMove,1,"{""pedalAxisName"":""TaskSwitchPedal"",""usePlusMinusKeys"":true,""positivePedalKey"":61,""negativePedalKey"":45,""invertPedalAxis"":false,""pressThreshold"":0.5,""releaseThreshold"":0.20000000298023225,""minimumIntervalSeconds"":5.0,""maximumIntervalSeconds"":10.0,""minimumValidReactionSeconds"":0.10000000149011612,""randomSeed"":1849250487}",,0,0.000000,1.314461,CorrectSidePress,1,0,0,-1,Correct,1,1.314461,232.925285,1.314461,0.000000,0,1,PlusMinusKeys,0,1
20261009T041907436Z_6f6b68022d1342e0860b2fcf57f40f43,,,1,1,StimulusScheduled,Visual,2026-10-09T04:23:00.3740147Z,232.925776,224.311055,12763,4,0,OperatingSource,0,0,1,27,Right,1,,,,,0,0,-1.000000,TaskSwitchPedal,0,0.500000,0.200000,,0.100000,5.000000,10.000000,1849250487,227.427845,233.987984,,239.485915,,,,0,0,,,,,,Move1,Move1.PickupCoarseMove,1,"{""pedalAxisName"":""TaskSwitchPedal"",""usePlusMinusKeys"":true,""positivePedalKey"":61,""negativePedalKey"":45,""invertPedalAxis"":false,""pressThreshold"":0.5,""releaseThreshold"":0.20000000298023225,""minimumIntervalSeconds"":5.0,""maximumIntervalSeconds"":10.0,""minimumValidReactionSeconds"":0.10000000149011612,""randomSeed"":1849250487}",,0,0.000000,,CorrectSidePress,0,0,0,,,,,,,0.000000,0,1,PlusMinusKeys,0,1
20261009T041907436Z_6f6b68022d1342e0860b2fcf57f40f43,,,1,1,StimulusOnsetObserved,Visual,2026-10-09T04:23:06.9399167Z,239.492205,230.877603,13105,4,0,OperatingSource,0,0,1,27,Right,1,,,,,1,0,0.000000,TaskSwitchPedal,0,0.500000,0.200000,,0.100000,5.000000,10.000000,1849250487,233.994274,233.987984,233.994274,239.485915,239.492205,0.006290,,0,1,4,0,OperatingSource,LiftUp,LiftUp.PickupLowering,LiftUp,LiftUp.PickupLowering,1,"{""pedalAxisName"":""TaskSwitchPedal"",""usePlusMinusKeys"":true,""positivePedalKey"":61,""negativePedalKey"":45,""invertPedalAxis"":false,""pressThreshold"":0.5,""releaseThreshold"":0.20000000298023225,""minimumIntervalSeconds"":5.0,""maximumIntervalSeconds"":10.0,""minimumValidReactionSeconds"":0.10000000149011612,""randomSeed"":1849250487}",,0,0.000000,,CorrectSidePress,0,0,0,,,,,,,0.000000,0,0,Axis,0,1
20261009T041907436Z_6f6b68022d1342e0860b2fcf57f40f43,,,1,1,PedalPressed,Visual,2026-10-09T04:23:07.8421470Z,240.394771,231.779681,13145,4,0,OperatingSource,0,0,1,27,Right,1,1,Correct,1,0.902566,1,0,1.000000,TaskSwitchPedal,0,0.500000,0.200000,,0.100000,5.000000,10.000000,1849250487,234.896840,233.987984,233.994274,239.485915,239.492205,0.006290,240.394771,0,1,4,0,OperatingSource,LiftUp,LiftUp.PickupLowering,LiftUp,LiftUp.PickupLowering,1,"{""pedalAxisName"":""TaskSwitchPedal"",""usePlusMinusKeys"":true,""positivePedalKey"":61,""negativePedalKey"":45,""invertPedalAxis"":false,""pressThreshold"":0.5,""releaseThreshold"":0.20000000298023225,""minimumIntervalSeconds"":5.0,""maximumIntervalSeconds"":10.0,""minimumValidReactionSeconds"":0.10000000149011612,""randomSeed"":1849250487}",,0,0.000000,0.902566,CorrectSidePress,1,0,0,1,Correct,1,0.902566,240.394771,0.902566,0.000000,1,0,PlusMinusKeys,0,1
20261009T041907436Z_6f6b68022d1342e0860b2fcf57f40f43,,,1,1,TrialFinished,Visual,2026-10-09T04:23:07.8421470Z,240.394771,231.779681,13145,4,0,OperatingSource,0,0,1,27,Right,1,1,Correct,1,0.902566,1,0,1.000000,TaskSwitchPedal,0,0.500000,0.200000,,0.100000,5.000000,10.000000,1849250487,234.896840,233.987984,233.994274,239.485915,239.492205,0.006290,240.394771,0,0,4,0,OperatingSource,LiftUp,LiftUp.PickupLowering,LiftUp,LiftUp.PickupLowering,1,"{""pedalAxisName"":""TaskSwitchPedal"",""usePlusMinusKeys"":true,""positivePedalKey"":61,""negativePedalKey"":45,""invertPedalAxis"":false,""pressThreshold"":0.5,""releaseThreshold"":0.20000000298023225,""minimumIntervalSeconds"":5.0,""maximumIntervalSeconds"":10.0,""minimumValidReactionSeconds"":0.10000000149011612,""randomSeed"":1849250487}",,0,0.000000,0.902566,CorrectSidePress,1,0,0,1,Correct,1,0.902566,240.394771,0.902566,0.000000,1,0,PlusMinusKeys,0,1
20261009T041907436Z_6f6b68022d1342e0860b2fcf57f40f43,,,1,1,StimulusScheduled,Visual,2026-10-09T04:23:07.8436552Z,240.395202,231.779681,13145,4,0,OperatingSource,0,0,1,28,Left,-1,,,,,0,0,1.000000,TaskSwitchPedal,0,0.500000,0.200000,,0.100000,5.000000,10.000000,1849250487,234.897270,240.216842,,245.714773,,,,0,0,,,,,,LiftUp,LiftUp.PickupLowering,1,"{""pedalAxisName"":""TaskSwitchPedal"",""usePlusMinusKeys"":true,""positivePedalKey"":61,""negativePedalKey"":45,""invertPedalAxis"":false,""pressThreshold"":0.5,""releaseThreshold"":0.20000000298023225,""minimumIntervalSeconds"":5.0,""maximumIntervalSeconds"":10.0,""minimumValidReactionSeconds"":0.10000000149011612,""randomSeed"":1849250487}",,0,0.000000,,CorrectSidePress,0,0,0,,,,,,,0.000000,1,0,PlusMinusKeys,0,1
20261009T041907436Z_6f6b68022d1342e0860b2fcf57f40f43,,,1,1,StimulusOnsetObserved,Visual,2026-10-09T04:23:13.1774080Z,245.730197,237.115833,13371,4,0,OperatingSource,0,0,1,28,Left,-1,,,,,1,0,0.000000,TaskSwitchPedal,0,0.500000,0.200000,,0.100000,5.000000,10.000000,1849250487,240.232265,240.216842,240.232265,245.714773,245.730197,0.015423,,1,0,4,0,OperatingSource,LiftUp,LiftUp.LoadAcquisition,LiftUp,LiftUp.LoadAcquisition,1,"{""pedalAxisName"":""TaskSwitchPedal"",""usePlusMinusKeys"":true,""positivePedalKey"":61,""negativePedalKey"":45,""invertPedalAxis"":false,""pressThreshold"":0.5,""releaseThreshold"":0.20000000298023225,""minimumIntervalSeconds"":5.0,""maximumIntervalSeconds"":10.0,""minimumValidReactionSeconds"":0.10000000149011612,""randomSeed"":1849250487}",,0,0.000000,,CorrectSidePress,0,0,0,,,,,,,0.000000,0,0,Axis,0,1
20261009T041907436Z_6f6b68022d1342e0860b2fcf57f40f43,,,1,1,PedalPressed,Visual,2026-10-09T04:23:15.0354049Z,247.587233,238.971728,13446,4,0,OperatingSource,0,0,1,28,Left,-1,-1,Correct,1,1.857037,1,0,-1.000000,TaskSwitchPedal,0,0.500000,0.200000,,0.100000,5.000000,10.000000,1849250487,242.089302,240.216842,240.232265,245.714773,245.730197,0.015423,247.587233,1,0,4,0,OperatingSource,LiftUp,LiftUp.LoadAcquisition,LiftUp,LiftUp.LoadedRaising,1,"{""pedalAxisName"":""TaskSwitchPedal"",""usePlusMinusKeys"":true,""positivePedalKey"":61,""negativePedalKey"":45,""invertPedalAxis"":false,""pressThreshold"":0.5,""releaseThreshold"":0.20000000298023225,""minimumIntervalSeconds"":5.0,""maximumIntervalSeconds"":10.0,""minimumValidReactionSeconds"":0.10000000149011612,""randomSeed"":1849250487}",,0,0.000000,1.857037,CorrectSidePress,1,0,0,-1,Correct,1,1.857037,247.587233,1.857037,0.000000,0,1,PlusMinusKeys,0,1
20261009T041907436Z_6f6b68022d1342e0860b2fcf57f40f43,,,1,1,TrialFinished,Visual,2026-10-09T04:23:15.0354049Z,247.587233,238.971728,13446,4,0,OperatingSource,0,0,1,28,Left,-1,-1,Correct,1,1.857037,1,0,-1.000000,TaskSwitchPedal,0,0.500000,0.200000,,0.100000,5.000000,10.000000,1849250487,242.089302,240.216842,240.232265,245.714773,245.730197,0.015423,247.587233,0,0,4,0,OperatingSource,LiftUp,LiftUp.LoadAcquisition,LiftUp,LiftUp.LoadedRaising,1,"{""pedalAxisName"":""TaskSwitchPedal"",""usePlusMinusKeys"":true,""positivePedalKey"":61,""negativePedalKey"":45,""invertPedalAxis"":false,""pressThreshold"":0.5,""releaseThreshold"":0.20000000298023225,""minimumIntervalSeconds"":5.0,""maximumIntervalSeconds"":10.0,""minimumValidReactionSeconds"":0.10000000149011612,""randomSeed"":1849250487}",,0,0.000000,1.857037,CorrectSidePress,1,0,0,-1,Correct,1,1.857037,247.587233,1.857037,0.000000,0,1,PlusMinusKeys,0,1
20261009T041907436Z_6f6b68022d1342e0860b2fcf57f40f43,,,1,1,StimulusScheduled,Visual,2026-10-09T04:23:15.0354049Z,247.587687,238.971728,13446,4,0,OperatingSource,0,0,1,29,Left,-1,,,,,0,0,-1.000000,TaskSwitchPedal,0,0.500000,0.200000,,0.100000,5.000000,10.000000,1849250487,242.089756,250.054409,,255.552341,,,,0,0,,,,,,LiftUp,LiftUp.LoadedRaising,1,"{""pedalAxisName"":""TaskSwitchPedal"",""usePlusMinusKeys"":true,""positivePedalKey"":61,""negativePedalKey"":45,""invertPedalAxis"":false,""pressThreshold"":0.5,""releaseThreshold"":0.20000000298023225,""minimumIntervalSeconds"":5.0,""maximumIntervalSeconds"":10.0,""minimumValidReactionSeconds"":0.10000000149011612,""randomSeed"":1849250487}",,0,0.000000,,CorrectSidePress,0,0,0,,,,,,,0.000000,0,1,PlusMinusKeys,0,1
20261009T041907436Z_6f6b68022d1342e0860b2fcf57f40f43,,,1,1,StimulusOnsetObserved,Visual,2026-10-09T04:23:23.0080715Z,255.560457,246.945751,13791,4,0,OperatingSource,0,0,1,29,Left,-1,,,,,1,0,0.000000,TaskSwitchPedal,0,0.500000,0.200000,,0.100000,5.000000,10.000000,1849250487,250.062526,250.054409,250.062526,255.552341,255.560457,0.008116,,1,0,4,0,OperatingSource,Move2,Move2.DestinationCoarseMove,Move2,Move2.DestinationCoarseMove,1,"{""pedalAxisName"":""TaskSwitchPedal"",""usePlusMinusKeys"":true,""positivePedalKey"":61,""negativePedalKey"":45,""invertPedalAxis"":false,""pressThreshold"":0.5,""releaseThreshold"":0.20000000298023225,""minimumIntervalSeconds"":5.0,""maximumIntervalSeconds"":10.0,""minimumValidReactionSeconds"":0.10000000149011612,""randomSeed"":1849250487}",,0,0.000000,,CorrectSidePress,0,0,0,,,,,,,0.000000,0,0,Axis,0,1
20261009T041907436Z_6f6b68022d1342e0860b2fcf57f40f43,,,1,1,PedalPressed,Visual,2026-10-09T04:23:23.7328005Z,256.285058,247.670407,13821,4,0,OperatingSource,0,0,1,29,Left,-1,-1,Correct,1,0.724600,1,0,-1.000000,TaskSwitchPedal,0,0.500000,0.200000,,0.100000,5.000000,10.000000,1849250487,250.787126,250.054409,250.062526,255.552341,255.560457,0.008116,256.285058,1,0,4,0,OperatingSource,Move2,Move2.DestinationCoarseMove,Move2,Move2.DestinationCoarseMove,1,"{""pedalAxisName"":""TaskSwitchPedal"",""usePlusMinusKeys"":true,""positivePedalKey"":61,""negativePedalKey"":45,""invertPedalAxis"":false,""pressThreshold"":0.5,""releaseThreshold"":0.20000000298023225,""minimumIntervalSeconds"":5.0,""maximumIntervalSeconds"":10.0,""minimumValidReactionSeconds"":0.10000000149011612,""randomSeed"":1849250487}",,0,0.000000,0.724600,CorrectSidePress,1,0,0,-1,Correct,1,0.724600,256.285058,0.724600,0.000000,0,1,PlusMinusKeys,0,1
20261009T041907436Z_6f6b68022d1342e0860b2fcf57f40f43,,,1,1,TrialFinished,Visual,2026-10-09T04:23:23.7328005Z,256.285058,247.670407,13821,4,0,OperatingSource,0,0,1,29,Left,-1,-1,Correct,1,0.724600,1,0,-1.000000,TaskSwitchPedal,0,0.500000,0.200000,,0.100000,5.000000,10.000000,1849250487,250.787126,250.054409,250.062526,255.552341,255.560457,0.008116,256.285058,0,0,4,0,OperatingSource,Move2,Move2.DestinationCoarseMove,Move2,Move2.DestinationCoarseMove,1,"{""pedalAxisName"":""TaskSwitchPedal"",""usePlusMinusKeys"":true,""positivePedalKey"":61,""negativePedalKey"":45,""invertPedalAxis"":false,""pressThreshold"":0.5,""releaseThreshold"":0.20000000298023225,""minimumIntervalSeconds"":5.0,""maximumIntervalSeconds"":10.0,""minimumValidReactionSeconds"":0.10000000149011612,""randomSeed"":1849250487}",,0,0.000000,0.724600,CorrectSidePress,1,0,0,-1,Correct,1,0.724600,256.285058,0.724600,0.000000,0,1,PlusMinusKeys,0,1
20261009T041907436Z_6f6b68022d1342e0860b2fcf57f40f43,,,1,1,StimulusScheduled,Visual,2026-10-09T04:23:23.7328005Z,256.285572,247.670407,13821,4,0,OperatingSource,0,0,1,30,Left,-1,,,,,0,0,-1.000000,TaskSwitchPedal,0,0.500000,0.200000,,0.100000,5.000000,10.000000,1849250487,250.787641,259.876376,,265.374307,,,,0,0,,,,,,Move2,Move2.DestinationCoarseMove,1,"{""pedalAxisName"":""TaskSwitchPedal"",""usePlusMinusKeys"":true,""positivePedalKey"":61,""negativePedalKey"":45,""invertPedalAxis"":false,""pressThreshold"":0.5,""releaseThreshold"":0.20000000298023225,""minimumIntervalSeconds"":5.0,""maximumIntervalSeconds"":10.0,""minimumValidReactionSeconds"":0.10000000149011612,""randomSeed"":1849250487}",,0,0.000000,,CorrectSidePress,0,0,0,,,,,,,0.000000,0,1,PlusMinusKeys,0,1
20261009T041907436Z_6f6b68022d1342e0860b2fcf57f40f43,,,1,1,StimulusOnsetObserved,Visual,2026-10-09T04:23:32.8398719Z,265.391994,256.777608,14196,5,0,CountingDown,0,0,1,30,Left,-1,,,,,1,0,0.000000,TaskSwitchPedal,0,0.500000,0.200000,,0.100000,5.000000,10.000000,1849250487,259.894063,259.876376,259.894063,265.374307,265.391994,0.017687,,1,0,5,0,CountingDown,Move2,Move2.DestinationCoarseMove,Move2,Move2.DestinationCoarseMove,1,"{""pedalAxisName"":""TaskSwitchPedal"",""usePlusMinusKeys"":true,""positivePedalKey"":61,""negativePedalKey"":45,""invertPedalAxis"":false,""pressThreshold"":0.5,""releaseThreshold"":0.20000000298023225,""minimumIntervalSeconds"":5.0,""maximumIntervalSeconds"":10.0,""minimumValidReactionSeconds"":0.10000000149011612,""randomSeed"":1849250487}",,0,0.000000,,CorrectSidePress,0,0,0,,,,,,,0.000000,0,0,Axis,0,1
20261009T041907436Z_6f6b68022d1342e0860b2fcf57f40f43,,,1,1,PedalPressed,Visual,2026-10-09T04:23:33.7822842Z,266.333784,257.718076,14234,5,0,CountingDown,0,0,1,30,Left,-1,-1,Correct,1,0.941790,1,0,-1.000000,TaskSwitchPedal,0,0.500000,0.200000,,0.100000,5.000000,10.000000,1849250487,260.835853,259.876376,259.894063,265.374307,265.391994,0.017687,266.333784,1,0,5,0,CountingDown,Move2,Move2.DestinationCoarseMove,Move2,Move2.DestinationCoarseMove,1,"{""pedalAxisName"":""TaskSwitchPedal"",""usePlusMinusKeys"":true,""positivePedalKey"":61,""negativePedalKey"":45,""invertPedalAxis"":false,""pressThreshold"":0.5,""releaseThreshold"":0.20000000298023225,""minimumIntervalSeconds"":5.0,""maximumIntervalSeconds"":10.0,""minimumValidReactionSeconds"":0.10000000149011612,""randomSeed"":1849250487}",,0,0.000000,0.941790,CorrectSidePress,1,0,0,-1,Correct,1,0.941790,266.333784,0.941790,0.000000,0,1,PlusMinusKeys,0,1
20261009T041907436Z_6f6b68022d1342e0860b2fcf57f40f43,,,1,1,TrialFinished,Visual,2026-10-09T04:23:33.7822842Z,266.333784,257.718076,14234,5,0,CountingDown,0,0,1,30,Left,-1,-1,Correct,1,0.941790,1,0,-1.000000,TaskSwitchPedal,0,0.500000,0.200000,,0.100000,5.000000,10.000000,1849250487,260.835853,259.876376,259.894063,265.374307,265.391994,0.017687,266.333784,0,0,5,0,CountingDown,Move2,Move2.DestinationCoarseMove,Move2,Move2.DestinationCoarseMove,1,"{""pedalAxisName"":""TaskSwitchPedal"",""usePlusMinusKeys"":true,""positivePedalKey"":61,""negativePedalKey"":45,""invertPedalAxis"":false,""pressThreshold"":0.5,""releaseThreshold"":0.20000000298023225,""minimumIntervalSeconds"":5.0,""maximumIntervalSeconds"":10.0,""minimumValidReactionSeconds"":0.10000000149011612,""randomSeed"":1849250487}",,0,0.000000,0.941790,CorrectSidePress,1,0,0,-1,Correct,1,0.941790,266.333784,0.941790,0.000000,0,1,PlusMinusKeys,0,1
20261009T041907436Z_6f6b68022d1342e0860b2fcf57f40f43,,,1,1,StimulusScheduled,Visual,2026-10-09T04:23:33.7822842Z,266.334139,257.718076,14234,5,0,CountingDown,0,0,1,31,Left,-1,,,,,0,0,-1.000000,TaskSwitchPedal,0,0.500000,0.200000,,0.100000,5.000000,10.000000,1849250487,260.836208,266.980570,,272.478501,,,,0,0,,,,,,Move2,Move2.DestinationCoarseMove,1,"{""pedalAxisName"":""TaskSwitchPedal"",""usePlusMinusKeys"":true,""positivePedalKey"":61,""negativePedalKey"":45,""invertPedalAxis"":false,""pressThreshold"":0.5,""releaseThreshold"":0.20000000298023225,""minimumIntervalSeconds"":5.0,""maximumIntervalSeconds"":10.0,""minimumValidReactionSeconds"":0.10000000149011612,""randomSeed"":1849250487}",,0,0.000000,,CorrectSidePress,0,0,0,,,,,,,0.000000,0,1,PlusMinusKeys,0,1
20261009T041907436Z_6f6b68022d1342e0860b2fcf57f40f43,,,1,1,StimulusOnsetObserved,Visual,2026-10-09T04:23:39.9348907Z,272.487095,263.872395,14556,5,1,OperatingTarget,0,0,1,31,Left,-1,,,,,1,0,0.000000,TaskSwitchPedal,0,0.500000,0.200000,,0.100000,5.000000,10.000000,1849250487,266.989163,266.980570,266.989163,272.478501,272.487095,0.008594,,1,0,5,1,OperatingTarget,Move1,Move1.PickupCoarseMove,Move1,Move1.PickupCoarseMove,1,"{""pedalAxisName"":""TaskSwitchPedal"",""usePlusMinusKeys"":true,""positivePedalKey"":61,""negativePedalKey"":45,""invertPedalAxis"":false,""pressThreshold"":0.5,""releaseThreshold"":0.20000000298023225,""minimumIntervalSeconds"":5.0,""maximumIntervalSeconds"":10.0,""minimumValidReactionSeconds"":0.10000000149011612,""randomSeed"":1849250487}",,0,0.000000,,CorrectSidePress,0,0,0,,,,,,,0.000000,0,0,Axis,0,1
20261009T041907436Z_6f6b68022d1342e0860b2fcf57f40f43,,,1,1,PedalPressed,Visual,2026-10-09T04:23:41.4247363Z,273.976259,265.361572,14636,5,1,OperatingTarget,0,0,1,31,Left,-1,-1,Correct,1,1.489164,1,0,-1.000000,TaskSwitchPedal,0,0.500000,0.200000,,0.100000,5.000000,10.000000,1849250487,268.478327,266.980570,266.989163,272.478501,272.487095,0.008594,273.976259,1,0,5,1,OperatingTarget,Move1,Move1.PickupCoarseMove,Move1,Move1.PickupFineAlign,1,"{""pedalAxisName"":""TaskSwitchPedal"",""usePlusMinusKeys"":true,""positivePedalKey"":61,""negativePedalKey"":45,""invertPedalAxis"":false,""pressThreshold"":0.5,""releaseThreshold"":0.20000000298023225,""minimumIntervalSeconds"":5.0,""maximumIntervalSeconds"":10.0,""minimumValidReactionSeconds"":0.10000000149011612,""randomSeed"":1849250487}",,0,0.000000,1.489164,CorrectSidePress,1,0,0,-1,Correct,1,1.489164,273.976259,1.489164,0.000000,0,1,PlusMinusKeys,0,1
20261009T041907436Z_6f6b68022d1342e0860b2fcf57f40f43,,,1,1,TrialFinished,Visual,2026-10-09T04:23:41.4247363Z,273.976259,265.361572,14636,5,1,OperatingTarget,0,0,1,31,Left,-1,-1,Correct,1,1.489164,1,0,-1.000000,TaskSwitchPedal,0,0.500000,0.200000,,0.100000,5.000000,10.000000,1849250487,268.478327,266.980570,266.989163,272.478501,272.487095,0.008594,273.976259,0,0,5,1,OperatingTarget,Move1,Move1.PickupCoarseMove,Move1,Move1.PickupFineAlign,1,"{""pedalAxisName"":""TaskSwitchPedal"",""usePlusMinusKeys"":true,""positivePedalKey"":61,""negativePedalKey"":45,""invertPedalAxis"":false,""pressThreshold"":0.5,""releaseThreshold"":0.20000000298023225,""minimumIntervalSeconds"":5.0,""maximumIntervalSeconds"":10.0,""minimumValidReactionSeconds"":0.10000000149011612,""randomSeed"":1849250487}",,0,0.000000,1.489164,CorrectSidePress,1,0,0,-1,Correct,1,1.489164,273.976259,1.489164,0.000000,0,1,PlusMinusKeys,0,1
20261009T041907436Z_6f6b68022d1342e0860b2fcf57f40f43,,,1,1,StimulusScheduled,Visual,2026-10-09T04:23:41.4247363Z,273.976682,265.361572,14636,5,1,OperatingTarget,0,0,1,32,Left,-1,,,,,0,0,-1.000000,TaskSwitchPedal,0,0.500000,0.200000,,0.100000,5.000000,10.000000,1849250487,268.478751,277.236048,,282.733979,,,,0,0,,,,,,Move1,Move1.PickupFineAlign,1,"{""pedalAxisName"":""TaskSwitchPedal"",""usePlusMinusKeys"":true,""positivePedalKey"":61,""negativePedalKey"":45,""invertPedalAxis"":false,""pressThreshold"":0.5,""releaseThreshold"":0.20000000298023225,""minimumIntervalSeconds"":5.0,""maximumIntervalSeconds"":10.0,""minimumValidReactionSeconds"":0.10000000149011612,""randomSeed"":1849250487}",,0,0.000000,,CorrectSidePress,0,0,0,,,,,,,0.000000,0,1,PlusMinusKeys,0,1
20261009T041907436Z_6f6b68022d1342e0860b2fcf57f40f43,,,1,1,StimulusOnsetObserved,Visual,2026-10-09T04:23:50.1846739Z,282.737068,274.122117,15021,5,1,OperatingTarget,0,0,1,32,Left,-1,,,,,1,0,0.000000,TaskSwitchPedal,0,0.500000,0.200000,,0.100000,5.000000,10.000000,1849250487,277.239136,277.236048,277.239136,282.733979,282.737068,0.003088,,1,0,5,1,OperatingTarget,LiftUp,LiftUp.LoadedRaising,LiftUp,LiftUp.LoadedRaising,1,"{""pedalAxisName"":""TaskSwitchPedal"",""usePlusMinusKeys"":true,""positivePedalKey"":61,""negativePedalKey"":45,""invertPedalAxis"":false,""pressThreshold"":0.5,""releaseThreshold"":0.20000000298023225,""minimumIntervalSeconds"":5.0,""maximumIntervalSeconds"":10.0,""minimumValidReactionSeconds"":0.10000000149011612,""randomSeed"":1849250487}",,0,0.000000,,CorrectSidePress,0,0,0,,,,,,,0.000000,0,0,Axis,0,1
20261009T041907436Z_6f6b68022d1342e0860b2fcf57f40f43,,,1,1,PedalPressed,Visual,2026-10-09T04:23:51.3946831Z,283.946469,275.329717,15072,5,1,OperatingTarget,0,0,1,32,Left,-1,-1,Correct,1,1.209402,1,0,-1.000000,TaskSwitchPedal,0,0.500000,0.200000,,0.100000,5.000000,10.000000,1849250487,278.448538,277.236048,277.239136,282.733979,282.737068,0.003088,283.946469,1,0,5,1,OperatingTarget,LiftUp,LiftUp.LoadedRaising,LiftUp,LiftUp.LoadedRaising,1,"{""pedalAxisName"":""TaskSwitchPedal"",""usePlusMinusKeys"":true,""positivePedalKey"":61,""negativePedalKey"":45,""invertPedalAxis"":false,""pressThreshold"":0.5,""releaseThreshold"":0.20000000298023225,""minimumIntervalSeconds"":5.0,""maximumIntervalSeconds"":10.0,""minimumValidReactionSeconds"":0.10000000149011612,""randomSeed"":1849250487}",,0,0.000000,1.209402,CorrectSidePress,1,0,0,-1,Correct,1,1.209402,283.946469,1.209402,0.000000,0,1,PlusMinusKeys,0,1
20261009T041907436Z_6f6b68022d1342e0860b2fcf57f40f43,,,1,1,TrialFinished,Visual,2026-10-09T04:23:51.3946831Z,283.946469,275.329717,15072,5,1,OperatingTarget,0,0,1,32,Left,-1,-1,Correct,1,1.209402,1,0,-1.000000,TaskSwitchPedal,0,0.500000,0.200000,,0.100000,5.000000,10.000000,1849250487,278.448538,277.236048,277.239136,282.733979,282.737068,0.003088,283.946469,0,0,5,1,OperatingTarget,LiftUp,LiftUp.LoadedRaising,LiftUp,LiftUp.LoadedRaising,1,"{""pedalAxisName"":""TaskSwitchPedal"",""usePlusMinusKeys"":true,""positivePedalKey"":61,""negativePedalKey"":45,""invertPedalAxis"":false,""pressThreshold"":0.5,""releaseThreshold"":0.20000000298023225,""minimumIntervalSeconds"":5.0,""maximumIntervalSeconds"":10.0,""minimumValidReactionSeconds"":0.10000000149011612,""randomSeed"":1849250487}",,0,0.000000,1.209402,CorrectSidePress,1,0,0,-1,Correct,1,1.209402,283.946469,1.209402,0.000000,0,1,PlusMinusKeys,0,1
20261009T041907436Z_6f6b68022d1342e0860b2fcf57f40f43,,,1,1,StimulusScheduled,Visual,2026-10-09T04:23:51.3946831Z,283.947183,275.329717,15072,5,1,OperatingTarget,0,0,1,33,Left,-1,,,,,0,0,-1.000000,TaskSwitchPedal,0,0.500000,0.200000,,0.100000,5.000000,10.000000,1849250487,278.449252,285.814637,,291.312568,,,,0,0,,,,,,LiftUp,LiftUp.LoadedRaising,1,"{""pedalAxisName"":""TaskSwitchPedal"",""usePlusMinusKeys"":true,""positivePedalKey"":61,""negativePedalKey"":45,""invertPedalAxis"":false,""pressThreshold"":0.5,""releaseThreshold"":0.20000000298023225,""minimumIntervalSeconds"":5.0,""maximumIntervalSeconds"":10.0,""minimumValidReactionSeconds"":0.10000000149011612,""randomSeed"":1849250487}",,0,0.000000,,CorrectSidePress,0,0,0,,,,,,,0.000000,0,1,PlusMinusKeys,0,1
20261009T041907436Z_6f6b68022d1342e0860b2fcf57f40f43,,,1,1,StimulusOnsetObserved,Visual,2026-10-09T04:23:58.7769403Z,291.329832,282.715108,15387,5,0,OperatingSource,0,0,1,33,Left,-1,,,,,1,0,0.000000,TaskSwitchPedal,0,0.500000,0.200000,,0.100000,5.000000,10.000000,1849250487,285.831900,285.814637,285.831900,291.312568,291.329832,0.017263,,1,0,5,0,OperatingSource,Place,Place.PlacementLowering,Place,Place.PlacementLowering,1,"{""pedalAxisName"":""TaskSwitchPedal"",""usePlusMinusKeys"":true,""positivePedalKey"":61,""negativePedalKey"":45,""invertPedalAxis"":false,""pressThreshold"":0.5,""releaseThreshold"":0.20000000298023225,""minimumIntervalSeconds"":5.0,""maximumIntervalSeconds"":10.0,""minimumValidReactionSeconds"":0.10000000149011612,""randomSeed"":1849250487}",,0,0.000000,,CorrectSidePress,0,0,0,,,,,,,0.000000,0,0,Axis,0,1
20261009T041907436Z_6f6b68022d1342e0860b2fcf57f40f43,,,1,1,PedalPressed,Visual,2026-10-09T04:23:59.3617413Z,291.913530,283.298725,15409,5,0,OperatingSource,0,0,1,33,Left,-1,-1,Correct,1,0.583698,1,0,-1.000000,TaskSwitchPedal,0,0.500000,0.200000,,0.100000,5.000000,10.000000,1849250487,286.415598,285.814637,285.831900,291.312568,291.329832,0.017263,291.913530,1,0,5,0,OperatingSource,Place,Place.PlacementLowering,Place,Place.PlacementLowering,1,"{""pedalAxisName"":""TaskSwitchPedal"",""usePlusMinusKeys"":true,""positivePedalKey"":61,""negativePedalKey"":45,""invertPedalAxis"":false,""pressThreshold"":0.5,""releaseThreshold"":0.20000000298023225,""minimumIntervalSeconds"":5.0,""maximumIntervalSeconds"":10.0,""minimumValidReactionSeconds"":0.10000000149011612,""randomSeed"":1849250487}",,0,0.000000,0.583698,CorrectSidePress,1,0,0,-1,Correct,1,0.583698,291.913530,0.583698,0.000000,0,1,PlusMinusKeys,0,1
20261009T041907436Z_6f6b68022d1342e0860b2fcf57f40f43,,,1,1,TrialFinished,Visual,2026-10-09T04:23:59.3617413Z,291.913530,283.298725,15409,5,0,OperatingSource,0,0,1,33,Left,-1,-1,Correct,1,0.583698,1,0,-1.000000,TaskSwitchPedal,0,0.500000,0.200000,,0.100000,5.000000,10.000000,1849250487,286.415598,285.814637,285.831900,291.312568,291.329832,0.017263,291.913530,0,0,5,0,OperatingSource,Place,Place.PlacementLowering,Place,Place.PlacementLowering,1,"{""pedalAxisName"":""TaskSwitchPedal"",""usePlusMinusKeys"":true,""positivePedalKey"":61,""negativePedalKey"":45,""invertPedalAxis"":false,""pressThreshold"":0.5,""releaseThreshold"":0.20000000298023225,""minimumIntervalSeconds"":5.0,""maximumIntervalSeconds"":10.0,""minimumValidReactionSeconds"":0.10000000149011612,""randomSeed"":1849250487}",,0,0.000000,0.583698,CorrectSidePress,1,0,0,-1,Correct,1,0.583698,291.913530,0.583698,0.000000,0,1,PlusMinusKeys,0,1
20261009T041907436Z_6f6b68022d1342e0860b2fcf57f40f43,,,1,1,StimulusScheduled,Visual,2026-10-09T04:23:59.3617413Z,291.913875,283.298725,15409,5,0,OperatingSource,0,0,1,34,Left,-1,,,,,0,0,-1.000000,TaskSwitchPedal,0,0.500000,0.200000,,0.100000,5.000000,10.000000,1849250487,286.415944,293.166756,,298.664687,,,,0,0,,,,,,Place,Place.PlacementLowering,1,"{""pedalAxisName"":""TaskSwitchPedal"",""usePlusMinusKeys"":true,""positivePedalKey"":61,""negativePedalKey"":45,""invertPedalAxis"":false,""pressThreshold"":0.5,""releaseThreshold"":0.20000000298023225,""minimumIntervalSeconds"":5.0,""maximumIntervalSeconds"":10.0,""minimumValidReactionSeconds"":0.10000000149011612,""randomSeed"":1849250487}",,0,0.000000,,CorrectSidePress,0,0,0,,,,,,,0.000000,0,1,PlusMinusKeys,0,1
20261009T041907436Z_6f6b68022d1342e0860b2fcf57f40f43,,,1,1,StimulusOnsetObserved,Visual,2026-10-09T04:24:06.1201560Z,298.672544,290.057741,15682,5,0,OperatingSource,0,0,1,34,Left,-1,,,,,1,0,0.000000,TaskSwitchPedal,0,0.500000,0.200000,,0.100000,5.000000,10.000000,1849250487,293.174612,293.166756,293.174612,298.664687,298.672544,0.007857,,1,0,5,0,OperatingSource,Place,Place.LoadRelease,Place,Place.LoadRelease,1,"{""pedalAxisName"":""TaskSwitchPedal"",""usePlusMinusKeys"":true,""positivePedalKey"":61,""negativePedalKey"":45,""invertPedalAxis"":false,""pressThreshold"":0.5,""releaseThreshold"":0.20000000298023225,""minimumIntervalSeconds"":5.0,""maximumIntervalSeconds"":10.0,""minimumValidReactionSeconds"":0.10000000149011612,""randomSeed"":1849250487}",,0,0.000000,,CorrectSidePress,0,0,0,,,,,,,0.000000,0,0,Axis,0,1
20261009T041907436Z_6f6b68022d1342e0860b2fcf57f40f43,,,1,1,PedalPressed,Visual,2026-10-09T04:24:07.0528242Z,299.605077,290.990579,15716,5,0,OperatingSource,0,0,1,34,Left,-1,-1,Correct,1,0.932533,1,0,-1.000000,TaskSwitchPedal,0,0.500000,0.200000,,0.100000,5.000000,10.000000,1849250487,294.107145,293.166756,293.174612,298.664687,298.672544,0.007857,299.605077,1,0,5,0,OperatingSource,Place,Place.LoadRelease,Place,Place.PostPlacementRaising,1,"{""pedalAxisName"":""TaskSwitchPedal"",""usePlusMinusKeys"":true,""positivePedalKey"":61,""negativePedalKey"":45,""invertPedalAxis"":false,""pressThreshold"":0.5,""releaseThreshold"":0.20000000298023225,""minimumIntervalSeconds"":5.0,""maximumIntervalSeconds"":10.0,""minimumValidReactionSeconds"":0.10000000149011612,""randomSeed"":1849250487}",,0,0.000000,0.932533,CorrectSidePress,1,0,0,-1,Correct,1,0.932533,299.605077,0.932533,0.000000,0,1,PlusMinusKeys,0,1
20261009T041907436Z_6f6b68022d1342e0860b2fcf57f40f43,,,1,1,TrialFinished,Visual,2026-10-09T04:24:07.0528242Z,299.605077,290.990579,15716,5,0,OperatingSource,0,0,1,34,Left,-1,-1,Correct,1,0.932533,1,0,-1.000000,TaskSwitchPedal,0,0.500000,0.200000,,0.100000,5.000000,10.000000,1849250487,294.107145,293.166756,293.174612,298.664687,298.672544,0.007857,299.605077,0,0,5,0,OperatingSource,Place,Place.LoadRelease,Place,Place.PostPlacementRaising,1,"{""pedalAxisName"":""TaskSwitchPedal"",""usePlusMinusKeys"":true,""positivePedalKey"":61,""negativePedalKey"":45,""invertPedalAxis"":false,""pressThreshold"":0.5,""releaseThreshold"":0.20000000298023225,""minimumIntervalSeconds"":5.0,""maximumIntervalSeconds"":10.0,""minimumValidReactionSeconds"":0.10000000149011612,""randomSeed"":1849250487}",,0,0.000000,0.932533,CorrectSidePress,1,0,0,-1,Correct,1,0.932533,299.605077,0.932533,0.000000,0,1,PlusMinusKeys,0,1
20261009T041907436Z_6f6b68022d1342e0860b2fcf57f40f43,,,1,1,StimulusScheduled,Visual,2026-10-09T04:24:07.0538274Z,299.605416,290.990579,15716,5,0,OperatingSource,0,0,1,35,Left,-1,,,,,0,0,-1.000000,TaskSwitchPedal,0,0.500000,0.200000,,0.100000,5.000000,10.000000,1849250487,294.107485,300.011917,,305.509848,,,,0,0,,,,,,Place,Place.PostPlacementRaising,1,"{""pedalAxisName"":""TaskSwitchPedal"",""usePlusMinusKeys"":true,""positivePedalKey"":61,""negativePedalKey"":45,""invertPedalAxis"":false,""pressThreshold"":0.5,""releaseThreshold"":0.20000000298023225,""minimumIntervalSeconds"":5.0,""maximumIntervalSeconds"":10.0,""minimumValidReactionSeconds"":0.10000000149011612,""randomSeed"":1849250487}",,0,0.000000,,CorrectSidePress,0,0,0,,,,,,,0.000000,0,1,PlusMinusKeys,0,1
20261009T041907436Z_6f6b68022d1342e0860b2fcf57f40f43,,,1,1,StimulusOnsetObserved,Visual,2026-10-09T04:24:12.9710472Z,305.523497,296.908892,16044,5,0,OperatingSource,0,0,1,35,Left,-1,,,,,1,0,0.000000,TaskSwitchPedal,0,0.500000,0.200000,,0.100000,5.000000,10.000000,1849250487,300.025566,300.011917,300.025566,305.509848,305.523497,0.013650,,1,0,5,0,OperatingSource,Place,Place.PostPlacementRaising,Place,Place.PostPlacementRaising,1,"{""pedalAxisName"":""TaskSwitchPedal"",""usePlusMinusKeys"":true,""positivePedalKey"":61,""negativePedalKey"":45,""invertPedalAxis"":false,""pressThreshold"":0.5,""releaseThreshold"":0.20000000298023225,""minimumIntervalSeconds"":5.0,""maximumIntervalSeconds"":10.0,""minimumValidReactionSeconds"":0.10000000149011612,""randomSeed"":1849250487}",,0,0.000000,,CorrectSidePress,0,0,0,,,,,,,0.000000,0,0,Axis,0,1
20261009T041907436Z_6f6b68022d1342e0860b2fcf57f40f43,,,1,1,PedalPressed,Visual,2026-10-09T04:24:13.7371242Z,306.289720,297.674656,16090,5,0,OperatingSource,0,0,1,35,Left,-1,-1,Correct,1,0.766222,1,0,-1.000000,TaskSwitchPedal,0,0.500000,0.200000,,0.100000,5.000000,10.000000,1849250487,300.791788,300.011917,300.025566,305.509848,305.523497,0.013650,306.289720,1,0,5,0,OperatingSource,Place,Place.PostPlacementRaising,Place,Place.PostPlacementRaising,1,"{""pedalAxisName"":""TaskSwitchPedal"",""usePlusMinusKeys"":true,""positivePedalKey"":61,""negativePedalKey"":45,""invertPedalAxis"":false,""pressThreshold"":0.5,""releaseThreshold"":0.20000000298023225,""minimumIntervalSeconds"":5.0,""maximumIntervalSeconds"":10.0,""minimumValidReactionSeconds"":0.10000000149011612,""randomSeed"":1849250487}",,0,0.000000,0.766222,CorrectSidePress,1,0,0,-1,Correct,1,0.766222,306.289720,0.766222,0.000000,0,1,PlusMinusKeys,0,1
20261009T041907436Z_6f6b68022d1342e0860b2fcf57f40f43,,,1,1,TrialFinished,Visual,2026-10-09T04:24:13.7382900Z,306.289720,297.674656,16090,5,0,OperatingSource,0,0,1,35,Left,-1,-1,Correct,1,0.766222,1,0,-1.000000,TaskSwitchPedal,0,0.500000,0.200000,,0.100000,5.000000,10.000000,1849250487,300.791788,300.011917,300.025566,305.509848,305.523497,0.013650,306.289720,0,0,5,0,OperatingSource,Place,Place.PostPlacementRaising,Place,Place.PostPlacementRaising,1,"{""pedalAxisName"":""TaskSwitchPedal"",""usePlusMinusKeys"":true,""positivePedalKey"":61,""negativePedalKey"":45,""invertPedalAxis"":false,""pressThreshold"":0.5,""releaseThreshold"":0.20000000298023225,""minimumIntervalSeconds"":5.0,""maximumIntervalSeconds"":10.0,""minimumValidReactionSeconds"":0.10000000149011612,""randomSeed"":1849250487}",,0,0.000000,0.766222,CorrectSidePress,1,0,0,-1,Correct,1,0.766222,306.289720,0.766222,0.000000,0,1,PlusMinusKeys,0,1
20261009T041907436Z_6f6b68022d1342e0860b2fcf57f40f43,,,1,1,StimulusScheduled,Visual,2026-10-09T04:24:13.7382900Z,306.290028,297.674656,16090,5,0,OperatingSource,0,0,1,36,Right,1,,,,,0,0,-1.000000,TaskSwitchPedal,0,0.500000,0.200000,,0.100000,5.000000,10.000000,1849250487,300.792097,309.665543,,315.163474,,,,0,0,,,,,,Place,Place.PostPlacementRaising,1,"{""pedalAxisName"":""TaskSwitchPedal"",""usePlusMinusKeys"":true,""positivePedalKey"":61,""negativePedalKey"":45,""invertPedalAxis"":false,""pressThreshold"":0.5,""releaseThreshold"":0.20000000298023225,""minimumIntervalSeconds"":5.0,""maximumIntervalSeconds"":10.0,""minimumValidReactionSeconds"":0.10000000149011612,""randomSeed"":1849250487}",,0,0.000000,,CorrectSidePress,0,0,0,,,,,,,0.000000,0,1,PlusMinusKeys,0,1
20261009T041907436Z_6f6b68022d1342e0860b2fcf57f40f43,,,1,1,PedalPressed,Visual,2026-10-09T04:24:14.1752300Z,306.727418,298.113048,16114,5,0,OperatingSource,0,0,1,,,,-1,FalseAlarm,,,0,0,-1.000000,TaskSwitchPedal,0,0.500000,0.200000,,0.100000,5.000000,10.000000,1849250487,301.229486,,,,,,306.727418,0,0,,,,,,Place,Place.PostPlacementRaising,1,"{""pedalAxisName"":""TaskSwitchPedal"",""usePlusMinusKeys"":true,""positivePedalKey"":61,""negativePedalKey"":45,""invertPedalAxis"":false,""pressThreshold"":0.5,""releaseThreshold"":0.20000000298023225,""minimumIntervalSeconds"":5.0,""maximumIntervalSeconds"":10.0,""minimumValidReactionSeconds"":0.10000000149011612,""randomSeed"":1849250487}",,0,0.000000,,CorrectSidePress,,,,,,,,,,0.000000,0,1,PlusMinusKeys,0,1
20261009T041907436Z_6f6b68022d1342e0860b2fcf57f40f43,,,1,1,StimulusOnsetObserved,Visual,2026-10-09T04:24:22.6159141Z,315.167652,306.553194,16564,5,0,OperatingSource,0,0,1,36,Right,1,,,,,1,0,0.000000,TaskSwitchPedal,0,0.500000,0.200000,,0.100000,5.000000,10.000000,1849250487,309.669721,309.665543,309.669721,315.163474,315.167652,0.004179,,0,1,5,0,OperatingSource,Move1,Move1.PickupCoarseMove,Move1,Move1.PickupCoarseMove,1,"{""pedalAxisName"":""TaskSwitchPedal"",""usePlusMinusKeys"":true,""positivePedalKey"":61,""negativePedalKey"":45,""invertPedalAxis"":false,""pressThreshold"":0.5,""releaseThreshold"":0.20000000298023225,""minimumIntervalSeconds"":5.0,""maximumIntervalSeconds"":10.0,""minimumValidReactionSeconds"":0.10000000149011612,""randomSeed"":1849250487}",,0,0.000000,,CorrectSidePress,0,0,0,,,,,,,0.000000,0,0,Axis,0,1
20261009T041907436Z_6f6b68022d1342e0860b2fcf57f40f43,,,1,1,PedalPressed,Visual,2026-10-09T04:24:23.4971466Z,316.049627,307.435293,16608,5,0,OperatingSource,0,0,1,36,Right,1,1,Correct,1,0.881975,1,0,1.000000,TaskSwitchPedal,0,0.500000,0.200000,,0.100000,5.000000,10.000000,1849250487,310.551696,309.665543,309.669721,315.163474,315.167652,0.004179,316.049627,0,1,5,0,OperatingSource,Move1,Move1.PickupCoarseMove,Move1,Move1.PickupCoarseMove,1,"{""pedalAxisName"":""TaskSwitchPedal"",""usePlusMinusKeys"":true,""positivePedalKey"":61,""negativePedalKey"":45,""invertPedalAxis"":false,""pressThreshold"":0.5,""releaseThreshold"":0.20000000298023225,""minimumIntervalSeconds"":5.0,""maximumIntervalSeconds"":10.0,""minimumValidReactionSeconds"":0.10000000149011612,""randomSeed"":1849250487}",,0,0.000000,0.881975,CorrectSidePress,1,0,0,1,Correct,1,0.881975,316.049627,0.881975,0.000000,1,0,PlusMinusKeys,0,1
20261009T041907436Z_6f6b68022d1342e0860b2fcf57f40f43,,,1,1,TrialFinished,Visual,2026-10-09T04:24:23.4981464Z,316.049627,307.435293,16608,5,0,OperatingSource,0,0,1,36,Right,1,1,Correct,1,0.881975,1,0,1.000000,TaskSwitchPedal,0,0.500000,0.200000,,0.100000,5.000000,10.000000,1849250487,310.551696,309.665543,309.669721,315.163474,315.167652,0.004179,316.049627,0,0,5,0,OperatingSource,Move1,Move1.PickupCoarseMove,Move1,Move1.PickupCoarseMove,1,"{""pedalAxisName"":""TaskSwitchPedal"",""usePlusMinusKeys"":true,""positivePedalKey"":61,""negativePedalKey"":45,""invertPedalAxis"":false,""pressThreshold"":0.5,""releaseThreshold"":0.20000000298023225,""minimumIntervalSeconds"":5.0,""maximumIntervalSeconds"":10.0,""minimumValidReactionSeconds"":0.10000000149011612,""randomSeed"":1849250487}",,0,0.000000,0.881975,CorrectSidePress,1,0,0,1,Correct,1,0.881975,316.049627,0.881975,0.000000,1,0,PlusMinusKeys,0,1
20261009T041907436Z_6f6b68022d1342e0860b2fcf57f40f43,,,1,1,StimulusScheduled,Visual,2026-10-09T04:24:23.4981464Z,316.049986,307.435293,16608,5,0,OperatingSource,0,0,1,37,Left,-1,,,,,0,0,1.000000,TaskSwitchPedal,0,0.500000,0.200000,,0.100000,5.000000,10.000000,1849250487,310.552055,316.106297,,321.604228,,,,0,0,,,,,,Move1,Move1.PickupCoarseMove,1,"{""pedalAxisName"":""TaskSwitchPedal"",""usePlusMinusKeys"":true,""positivePedalKey"":61,""negativePedalKey"":45,""invertPedalAxis"":false,""pressThreshold"":0.5,""releaseThreshold"":0.20000000298023225,""minimumIntervalSeconds"":5.0,""maximumIntervalSeconds"":10.0,""minimumValidReactionSeconds"":0.10000000149011612,""randomSeed"":1849250487}",,0,0.000000,,CorrectSidePress,0,0,0,,,,,,,0.000000,1,0,PlusMinusKeys,0,1
20261009T041907436Z_6f6b68022d1342e0860b2fcf57f40f43,,,1,1,StimulusOnsetObserved,Visual,2026-10-09T04:24:29.0596785Z,321.611824,312.996589,16903,5,0,OperatingSource,0,0,1,37,Left,-1,,,,,1,0,0.000000,TaskSwitchPedal,0,0.500000,0.200000,,0.100000,5.000000,10.000000,1849250487,316.113893,316.106297,316.113893,321.604228,321.611824,0.007596,,1,0,5,0,OperatingSource,Move1,Move1.PickupCoarseMove,Move1,Move1.PickupCoarseMove,1,"{""pedalAxisName"":""TaskSwitchPedal"",""usePlusMinusKeys"":true,""positivePedalKey"":61,""negativePedalKey"":45,""invertPedalAxis"":false,""pressThreshold"":0.5,""releaseThreshold"":0.20000000298023225,""minimumIntervalSeconds"":5.0,""maximumIntervalSeconds"":10.0,""minimumValidReactionSeconds"":0.10000000149011612,""randomSeed"":1849250487}",,0,0.000000,,CorrectSidePress,0,0,0,,,,,,,0.000000,0,0,Axis,0,1
20261009T041907436Z_6f6b68022d1342e0860b2fcf57f40f43,,,1,1,PedalPressed,Visual,2026-10-09T04:24:29.7604269Z,322.313018,313.698540,16940,5,0,OperatingSource,0,0,1,37,Left,-1,-1,Correct,1,0.701194,1,0,-1.000000,TaskSwitchPedal,0,0.500000,0.200000,,0.100000,5.000000,10.000000,1849250487,316.815086,316.106297,316.113893,321.604228,321.611824,0.007596,322.313018,1,0,5,0,OperatingSource,Move1,Move1.PickupCoarseMove,Move1,Move1.PickupCoarseMove,1,"{""pedalAxisName"":""TaskSwitchPedal"",""usePlusMinusKeys"":true,""positivePedalKey"":61,""negativePedalKey"":45,""invertPedalAxis"":false,""pressThreshold"":0.5,""releaseThreshold"":0.20000000298023225,""minimumIntervalSeconds"":5.0,""maximumIntervalSeconds"":10.0,""minimumValidReactionSeconds"":0.10000000149011612,""randomSeed"":1849250487}",,0,0.000000,0.701194,CorrectSidePress,1,0,0,-1,Correct,1,0.701194,322.313018,0.701194,0.000000,0,1,PlusMinusKeys,0,1
20261009T041907436Z_6f6b68022d1342e0860b2fcf57f40f43,,,1,1,TrialFinished,Visual,2026-10-09T04:24:29.7617193Z,322.313018,313.698540,16940,5,0,OperatingSource,0,0,1,37,Left,-1,-1,Correct,1,0.701194,1,0,-1.000000,TaskSwitchPedal,0,0.500000,0.200000,,0.100000,5.000000,10.000000,1849250487,316.815086,316.106297,316.113893,321.604228,321.611824,0.007596,322.313018,0,0,5,0,OperatingSource,Move1,Move1.PickupCoarseMove,Move1,Move1.PickupCoarseMove,1,"{""pedalAxisName"":""TaskSwitchPedal"",""usePlusMinusKeys"":true,""positivePedalKey"":61,""negativePedalKey"":45,""invertPedalAxis"":false,""pressThreshold"":0.5,""releaseThreshold"":0.20000000298023225,""minimumIntervalSeconds"":5.0,""maximumIntervalSeconds"":10.0,""minimumValidReactionSeconds"":0.10000000149011612,""randomSeed"":1849250487}",,0,0.000000,0.701194,CorrectSidePress,1,0,0,-1,Correct,1,0.701194,322.313018,0.701194,0.000000,0,1,PlusMinusKeys,0,1
20261009T041907436Z_6f6b68022d1342e0860b2fcf57f40f43,,,1,1,StimulusScheduled,Visual,2026-10-09T04:24:29.7617193Z,322.313485,313.698540,16940,5,0,OperatingSource,0,0,1,38,Right,1,,,,,0,0,-1.000000,TaskSwitchPedal,0,0.500000,0.200000,,0.100000,5.000000,10.000000,1849250487,316.815553,326.476485,,331.974416,,,,0,0,,,,,,Move1,Move1.PickupCoarseMove,1,"{""pedalAxisName"":""TaskSwitchPedal"",""usePlusMinusKeys"":true,""positivePedalKey"":61,""negativePedalKey"":45,""invertPedalAxis"":false,""pressThreshold"":0.5,""releaseThreshold"":0.20000000298023225,""minimumIntervalSeconds"":5.0,""maximumIntervalSeconds"":10.0,""minimumValidReactionSeconds"":0.10000000149011612,""randomSeed"":1849250487}",,0,0.000000,,CorrectSidePress,0,0,0,,,,,,,0.000000,0,1,PlusMinusKeys,0,1
20261009T041907436Z_6f6b68022d1342e0860b2fcf57f40f43,,,1,1,StimulusOnsetObserved,Visual,2026-10-09T04:24:39.4276900Z,331.980033,323.365787,17366,5,0,OperatingSource,0,0,1,38,Right,1,,,,,1,0,0.000000,TaskSwitchPedal,0,0.500000,0.200000,,0.100000,5.000000,10.000000,1849250487,326.482101,326.476485,326.482101,331.974416,331.980033,0.005617,,0,1,5,0,OperatingSource,LiftUp,LiftUp.LoadAcquisition,LiftUp,LiftUp.LoadAcquisition,1,"{""pedalAxisName"":""TaskSwitchPedal"",""usePlusMinusKeys"":true,""positivePedalKey"":61,""negativePedalKey"":45,""invertPedalAxis"":false,""pressThreshold"":0.5,""releaseThreshold"":0.20000000298023225,""minimumIntervalSeconds"":5.0,""maximumIntervalSeconds"":10.0,""minimumValidReactionSeconds"":0.10000000149011612,""randomSeed"":1849250487}",,0,0.000000,,CorrectSidePress,0,0,0,,,,,,,0.000000,0,0,Axis,0,1
20261009T041907436Z_6f6b68022d1342e0860b2fcf57f40f43,,,1,1,PedalPressed,Visual,2026-10-09T04:24:40.4417291Z,332.994558,324.379939,17404,5,0,OperatingSource,0,0,1,38,Right,1,1,Correct,1,1.014525,1,0,1.000000,TaskSwitchPedal,0,0.500000,0.200000,,0.100000,5.000000,10.000000,1849250487,327.496626,326.476485,326.482101,331.974416,331.980033,0.005617,332.994558,0,1,5,0,OperatingSource,LiftUp,LiftUp.LoadAcquisition,LiftUp,LiftUp.LoadedRaising,1,"{""pedalAxisName"":""TaskSwitchPedal"",""usePlusMinusKeys"":true,""positivePedalKey"":61,""negativePedalKey"":45,""invertPedalAxis"":false,""pressThreshold"":0.5,""releaseThreshold"":0.20000000298023225,""minimumIntervalSeconds"":5.0,""maximumIntervalSeconds"":10.0,""minimumValidReactionSeconds"":0.10000000149011612,""randomSeed"":1849250487}",,0,0.000000,1.014525,CorrectSidePress,1,0,0,1,Correct,1,1.014525,332.994558,1.014525,0.000000,1,0,PlusMinusKeys,0,1
20261009T041907436Z_6f6b68022d1342e0860b2fcf57f40f43,,,1,1,TrialFinished,Visual,2026-10-09T04:24:40.4417291Z,332.994558,324.379939,17404,5,0,OperatingSource,0,0,1,38,Right,1,1,Correct,1,1.014525,1,0,1.000000,TaskSwitchPedal,0,0.500000,0.200000,,0.100000,5.000000,10.000000,1849250487,327.496626,326.476485,326.482101,331.974416,331.980033,0.005617,332.994558,0,0,5,0,OperatingSource,LiftUp,LiftUp.LoadAcquisition,LiftUp,LiftUp.LoadedRaising,1,"{""pedalAxisName"":""TaskSwitchPedal"",""usePlusMinusKeys"":true,""positivePedalKey"":61,""negativePedalKey"":45,""invertPedalAxis"":false,""pressThreshold"":0.5,""releaseThreshold"":0.20000000298023225,""minimumIntervalSeconds"":5.0,""maximumIntervalSeconds"":10.0,""minimumValidReactionSeconds"":0.10000000149011612,""randomSeed"":1849250487}",,0,0.000000,1.014525,CorrectSidePress,1,0,0,1,Correct,1,1.014525,332.994558,1.014525,0.000000,1,0,PlusMinusKeys,0,1
20261009T041907436Z_6f6b68022d1342e0860b2fcf57f40f43,,,1,1,StimulusScheduled,Visual,2026-10-09T04:24:40.4432538Z,332.994882,324.379939,17404,5,0,OperatingSource,0,0,1,39,Right,1,,,,,0,0,1.000000,TaskSwitchPedal,0,0.500000,0.200000,,0.100000,5.000000,10.000000,1849250487,327.496951,332.854108,,338.352039,,,,0,0,,,,,,LiftUp,LiftUp.LoadedRaising,1,"{""pedalAxisName"":""TaskSwitchPedal"",""usePlusMinusKeys"":true,""positivePedalKey"":61,""negativePedalKey"":45,""invertPedalAxis"":false,""pressThreshold"":0.5,""releaseThreshold"":0.20000000298023225,""minimumIntervalSeconds"":5.0,""maximumIntervalSeconds"":10.0,""minimumValidReactionSeconds"":0.10000000149011612,""randomSeed"":1849250487}",,0,0.000000,,CorrectSidePress,0,0,0,,,,,,,0.000000,1,0,PlusMinusKeys,0,1
20261009T041907436Z_6f6b68022d1342e0860b2fcf57f40f43,,,1,1,StimulusOnsetObserved,Visual,2026-10-09T04:24:45.8138413Z,338.365783,329.751130,17622,5,0,OperatingSource,0,0,1,39,Right,1,,,,,1,0,0.000000,TaskSwitchPedal,0,0.500000,0.200000,,0.100000,5.000000,10.000000,1849250487,332.867852,332.854108,332.867852,338.352039,338.365783,0.013744,,0,1,5,0,OperatingSource,LiftUp,LiftUp.LoadedRaising,LiftUp,LiftUp.LoadedRaising,1,"{""pedalAxisName"":""TaskSwitchPedal"",""usePlusMinusKeys"":true,""positivePedalKey"":61,""negativePedalKey"":45,""invertPedalAxis"":false,""pressThreshold"":0.5,""releaseThreshold"":0.20000000298023225,""minimumIntervalSeconds"":5.0,""maximumIntervalSeconds"":10.0,""minimumValidReactionSeconds"":0.10000000149011612,""randomSeed"":1849250487}",,0,0.000000,,CorrectSidePress,0,0,0,,,,,,,0.000000,0,0,Axis,0,1
20261009T041907436Z_6f6b68022d1342e0860b2fcf57f40f43,,,1,1,PedalPressed,Visual,2026-10-09T04:24:46.5798445Z,339.131338,330.516240,17651,5,0,OperatingSource,0,0,1,39,Right,1,1,Correct,1,0.765554,1,0,1.000000,TaskSwitchPedal,0,0.500000,0.200000,,0.100000,5.000000,10.000000,1849250487,333.633405,332.854108,332.867852,338.352039,338.365783,0.013744,339.131338,0,1,5,0,OperatingSource,LiftUp,LiftUp.LoadedRaising,LiftUp,LiftUp.LoadedRaising,1,"{""pedalAxisName"":""TaskSwitchPedal"",""usePlusMinusKeys"":true,""positivePedalKey"":61,""negativePedalKey"":45,""invertPedalAxis"":false,""pressThreshold"":0.5,""releaseThreshold"":0.20000000298023225,""minimumIntervalSeconds"":5.0,""maximumIntervalSeconds"":10.0,""minimumValidReactionSeconds"":0.10000000149011612,""randomSeed"":1849250487}",,0,0.000000,0.765555,CorrectSidePress,1,0,0,1,Correct,1,0.765554,339.131338,0.765555,0.000000,1,0,PlusMinusKeys,0,1
20261009T041907436Z_6f6b68022d1342e0860b2fcf57f40f43,,,1,1,TrialFinished,Visual,2026-10-09T04:24:46.5798445Z,339.131338,330.516240,17651,5,0,OperatingSource,0,0,1,39,Right,1,1,Correct,1,0.765554,1,0,1.000000,TaskSwitchPedal,0,0.500000,0.200000,,0.100000,5.000000,10.000000,1849250487,333.633405,332.854108,332.867852,338.352039,338.365783,0.013744,339.131338,0,0,5,0,OperatingSource,LiftUp,LiftUp.LoadedRaising,LiftUp,LiftUp.LoadedRaising,1,"{""pedalAxisName"":""TaskSwitchPedal"",""usePlusMinusKeys"":true,""positivePedalKey"":61,""negativePedalKey"":45,""invertPedalAxis"":false,""pressThreshold"":0.5,""releaseThreshold"":0.20000000298023225,""minimumIntervalSeconds"":5.0,""maximumIntervalSeconds"":10.0,""minimumValidReactionSeconds"":0.10000000149011612,""randomSeed"":1849250487}",,0,0.000000,0.765555,CorrectSidePress,1,0,0,1,Correct,1,0.765554,339.131338,0.765555,0.000000,1,0,PlusMinusKeys,0,1
20261009T041907436Z_6f6b68022d1342e0860b2fcf57f40f43,,,1,1,StimulusScheduled,Visual,2026-10-09T04:24:46.5798445Z,339.131758,330.516240,17651,5,0,OperatingSource,0,0,1,40,Left,-1,,,,,0,0,1.000000,TaskSwitchPedal,0,0.500000,0.200000,,0.100000,5.000000,10.000000,1849250487,333.633827,339.961682,,345.459613,,,,0,0,,,,,,LiftUp,LiftUp.LoadedRaising,1,"{""pedalAxisName"":""TaskSwitchPedal"",""usePlusMinusKeys"":true,""positivePedalKey"":61,""negativePedalKey"":45,""invertPedalAxis"":false,""pressThreshold"":0.5,""releaseThreshold"":0.20000000298023225,""minimumIntervalSeconds"":5.0,""maximumIntervalSeconds"":10.0,""minimumValidReactionSeconds"":0.10000000149011612,""randomSeed"":1849250487}",,0,0.000000,,CorrectSidePress,0,0,0,,,,,,,0.000000,1,0,PlusMinusKeys,0,1
20261009T041907436Z_6f6b68022d1342e0860b2fcf57f40f43,,,1,1,StimulusOnsetObserved,Visual,2026-10-09T04:24:52.9186240Z,345.470421,336.855916,17901,5,0,OperatingSource,0,0,1,40,Left,-1,,,,,1,0,0.000000,TaskSwitchPedal,0,0.500000,0.200000,,0.100000,5.000000,10.000000,1849250487,339.972489,339.961682,339.972489,345.459613,345.470421,0.010808,,1,0,5,0,OperatingSource,Move2,Move2.DestinationCoarseMove,Move2,Move2.DestinationCoarseMove,1,"{""pedalAxisName"":""TaskSwitchPedal"",""usePlusMinusKeys"":true,""positivePedalKey"":61,""negativePedalKey"":45,""invertPedalAxis"":false,""pressThreshold"":0.5,""releaseThreshold"":0.20000000298023225,""minimumIntervalSeconds"":5.0,""maximumIntervalSeconds"":10.0,""minimumValidReactionSeconds"":0.10000000149011612,""randomSeed"":1849250487}",,0,0.000000,,CorrectSidePress,0,0,0,,,,,,,0.000000,0,0,Axis,0,1
20261009T041907436Z_6f6b68022d1342e0860b2fcf57f40f43,,,1,1,PedalPressed,Visual,2026-10-09T04:24:53.7270253Z,346.279149,337.662982,17933,5,0,OperatingSource,0,0,1,40,Left,-1,-1,Correct,1,0.808729,1,0,-1.000000,TaskSwitchPedal,0,0.500000,0.200000,,0.100000,5.000000,10.000000,1849250487,340.781218,339.961682,339.972489,345.459613,345.470421,0.010808,346.279149,1,0,5,0,OperatingSource,Move2,Move2.DestinationCoarseMove,Move2,Move2.DestinationCoarseMove,1,"{""pedalAxisName"":""TaskSwitchPedal"",""usePlusMinusKeys"":true,""positivePedalKey"":61,""negativePedalKey"":45,""invertPedalAxis"":false,""pressThreshold"":0.5,""releaseThreshold"":0.20000000298023225,""minimumIntervalSeconds"":5.0,""maximumIntervalSeconds"":10.0,""minimumValidReactionSeconds"":0.10000000149011612,""randomSeed"":1849250487}",,0,0.000000,0.808729,CorrectSidePress,1,0,0,-1,Correct,1,0.808729,346.279149,0.808729,0.000000,0,1,PlusMinusKeys,0,1
20261009T041907436Z_6f6b68022d1342e0860b2fcf57f40f43,,,1,1,TrialFinished,Visual,2026-10-09T04:24:53.7270253Z,346.279149,337.662982,17933,5,0,OperatingSource,0,0,1,40,Left,-1,-1,Correct,1,0.808729,1,0,-1.000000,TaskSwitchPedal,0,0.500000,0.200000,,0.100000,5.000000,10.000000,1849250487,340.781218,339.961682,339.972489,345.459613,345.470421,0.010808,346.279149,0,0,5,0,OperatingSource,Move2,Move2.DestinationCoarseMove,Move2,Move2.DestinationCoarseMove,1,"{""pedalAxisName"":""TaskSwitchPedal"",""usePlusMinusKeys"":true,""positivePedalKey"":61,""negativePedalKey"":45,""invertPedalAxis"":false,""pressThreshold"":0.5,""releaseThreshold"":0.20000000298023225,""minimumIntervalSeconds"":5.0,""maximumIntervalSeconds"":10.0,""minimumValidReactionSeconds"":0.10000000149011612,""randomSeed"":1849250487}",,0,0.000000,0.808729,CorrectSidePress,1,0,0,-1,Correct,1,0.808729,346.279149,0.808729,0.000000,0,1,PlusMinusKeys,0,1
20261009T041907436Z_6f6b68022d1342e0860b2fcf57f40f43,,,1,1,StimulusScheduled,Visual,2026-10-09T04:24:53.7280239Z,346.279752,337.662982,17933,5,0,OperatingSource,0,0,1,41,Right,1,,,,,0,0,-1.000000,TaskSwitchPedal,0,0.500000,0.200000,,0.100000,5.000000,10.000000,1849250487,340.781820,346.680645,,352.178576,,,,0,0,,,,,,Move2,Move2.DestinationCoarseMove,1,"{""pedalAxisName"":""TaskSwitchPedal"",""usePlusMinusKeys"":true,""positivePedalKey"":61,""negativePedalKey"":45,""invertPedalAxis"":false,""pressThreshold"":0.5,""releaseThreshold"":0.20000000298023225,""minimumIntervalSeconds"":5.0,""maximumIntervalSeconds"":10.0,""minimumValidReactionSeconds"":0.10000000149011612,""randomSeed"":1849250487}",,0,0.000000,,CorrectSidePress,0,0,0,,,,,,,0.000000,0,1,PlusMinusKeys,0,1
20261009T041907436Z_6f6b68022d1342e0860b2fcf57f40f43,,,1,1,StimulusOnsetObserved,Visual,2026-10-09T04:24:59.6261778Z,352.178599,343.563983,18168,5,0,OperatingSource,0,0,1,41,Right,1,,,,,1,0,0.000000,TaskSwitchPedal,0,0.500000,0.200000,,0.100000,5.000000,10.000000,1849250487,346.680667,346.680645,346.680667,352.178576,352.178599,0.000023,,0,1,5,0,OperatingSource,Move2,Move2.DestinationFineAlign,Move2,Move2.DestinationFineAlign,1,"{""pedalAxisName"":""TaskSwitchPedal"",""usePlusMinusKeys"":true,""positivePedalKey"":61,""negativePedalKey"":45,""invertPedalAxis"":false,""pressThreshold"":0.5,""releaseThreshold"":0.20000000298023225,""minimumIntervalSeconds"":5.0,""maximumIntervalSeconds"":10.0,""minimumValidReactionSeconds"":0.10000000149011612,""randomSeed"":1849250487}",,0,0.000000,,CorrectSidePress,0,0,0,,,,,,,0.000000,0,0,Axis,0,1
20261009T041907436Z_6f6b68022d1342e0860b2fcf57f40f43,,,1,1,PedalPressed,Visual,2026-10-09T04:25:00.6431306Z,353.195715,344.579237,18206,5,0,OperatingSource,0,0,1,41,Right,1,1,Correct,1,1.017116,1,0,1.000000,TaskSwitchPedal,0,0.500000,0.200000,,0.100000,5.000000,10.000000,1849250487,347.697783,346.680645,346.680667,352.178576,352.178599,0.000023,353.195715,0,1,5,0,OperatingSource,Move2,Move2.DestinationFineAlign,Place,Place.PlacementLowering,1,"{""pedalAxisName"":""TaskSwitchPedal"",""usePlusMinusKeys"":true,""positivePedalKey"":61,""negativePedalKey"":45,""invertPedalAxis"":false,""pressThreshold"":0.5,""releaseThreshold"":0.20000000298023225,""minimumIntervalSeconds"":5.0,""maximumIntervalSeconds"":10.0,""minimumValidReactionSeconds"":0.10000000149011612,""randomSeed"":1849250487}",,0,0.000000,1.017116,CorrectSidePress,1,0,0,1,Correct,1,1.017116,353.195715,1.017116,0.000000,1,0,PlusMinusKeys,0,1
20261009T041907436Z_6f6b68022d1342e0860b2fcf57f40f43,,,1,1,TrialFinished,Visual,2026-10-09T04:25:00.6431306Z,353.195715,344.579237,18206,5,0,OperatingSource,0,0,1,41,Right,1,1,Correct,1,1.017116,1,0,1.000000,TaskSwitchPedal,0,0.500000,0.200000,,0.100000,5.000000,10.000000,1849250487,347.697783,346.680645,346.680667,352.178576,352.178599,0.000023,353.195715,0,0,5,0,OperatingSource,Move2,Move2.DestinationFineAlign,Place,Place.PlacementLowering,1,"{""pedalAxisName"":""TaskSwitchPedal"",""usePlusMinusKeys"":true,""positivePedalKey"":61,""negativePedalKey"":45,""invertPedalAxis"":false,""pressThreshold"":0.5,""releaseThreshold"":0.20000000298023225,""minimumIntervalSeconds"":5.0,""maximumIntervalSeconds"":10.0,""minimumValidReactionSeconds"":0.10000000149011612,""randomSeed"":1849250487}",,0,0.000000,1.017116,CorrectSidePress,1,0,0,1,Correct,1,1.017116,353.195715,1.017116,0.000000,1,0,PlusMinusKeys,0,1
20261009T041907436Z_6f6b68022d1342e0860b2fcf57f40f43,,,1,1,StimulusScheduled,Visual,2026-10-09T04:25:00.6444197Z,353.196064,344.579237,18206,5,0,OperatingSource,0,0,1,42,Right,1,,,,,0,0,1.000000,TaskSwitchPedal,0,0.500000,0.200000,,0.100000,5.000000,10.000000,1849250487,347.698133,354.582907,,360.080838,,,,0,0,,,,,,Place,Place.PlacementLowering,1,"{""pedalAxisName"":""TaskSwitchPedal"",""usePlusMinusKeys"":true,""positivePedalKey"":61,""negativePedalKey"":45,""invertPedalAxis"":false,""pressThreshold"":0.5,""releaseThreshold"":0.20000000298023225,""minimumIntervalSeconds"":5.0,""maximumIntervalSeconds"":10.0,""minimumValidReactionSeconds"":0.10000000149011612,""randomSeed"":1849250487}",,0,0.000000,,CorrectSidePress,0,0,0,,,,,,,0.000000,1,0,PlusMinusKeys,0,1
20261009T041907436Z_6f6b68022d1342e0860b2fcf57f40f43,,,1,1,StimulusOnsetObserved,Visual,2026-10-09T04:25:07.5418506Z,360.093602,351.479477,18473,6,1,WaitingForConfirmation,1,0,1,42,Right,1,,,,,1,0,0.000000,TaskSwitchPedal,0,0.500000,0.200000,,0.100000,5.000000,10.000000,1849250487,354.595670,354.582907,354.595670,360.080838,360.093602,0.012764,,0,1,6,1,WaitingForConfirmation,LiftUp,,LiftUp,,1,"{""pedalAxisName"":""TaskSwitchPedal"",""usePlusMinusKeys"":true,""positivePedalKey"":61,""negativePedalKey"":45,""invertPedalAxis"":false,""pressThreshold"":0.5,""releaseThreshold"":0.20000000298023225,""minimumIntervalSeconds"":5.0,""maximumIntervalSeconds"":10.0,""minimumValidReactionSeconds"":0.10000000149011612,""randomSeed"":1849250487}",,0,0.000000,,CorrectSidePress,0,0,0,,,,,,,0.000000,0,0,Axis,0,1
20261009T041907436Z_6f6b68022d1342e0860b2fcf57f40f43,,,1,1,PedalPressed,Visual,2026-10-09T04:25:11.8272179Z,364.379586,355.763676,18683,6,1,OperatingTarget,0,0,1,42,Right,1,1,Correct,1,4.285985,1,0,1.000000,TaskSwitchPedal,0,0.500000,0.200000,,0.100000,5.000000,10.000000,1849250487,358.881654,354.582907,354.595670,360.080838,360.093602,0.012764,364.379586,0,1,6,1,WaitingForConfirmation,LiftUp,,Move2,Move2.DestinationCoarseMove,1,"{""pedalAxisName"":""TaskSwitchPedal"",""usePlusMinusKeys"":true,""positivePedalKey"":61,""negativePedalKey"":45,""invertPedalAxis"":false,""pressThreshold"":0.5,""releaseThreshold"":0.20000000298023225,""minimumIntervalSeconds"":5.0,""maximumIntervalSeconds"":10.0,""minimumValidReactionSeconds"":0.10000000149011612,""randomSeed"":1849250487}",,0,0.000000,4.285984,CorrectSidePress,1,0,0,1,Correct,1,4.285985,364.379586,4.285984,0.000000,1,0,PlusMinusKeys,0,1
20261009T041907436Z_6f6b68022d1342e0860b2fcf57f40f43,,,1,1,TrialFinished,Visual,2026-10-09T04:25:11.8282358Z,364.379586,355.763676,18683,6,1,OperatingTarget,0,0,1,42,Right,1,1,Correct,1,4.285985,1,0,1.000000,TaskSwitchPedal,0,0.500000,0.200000,,0.100000,5.000000,10.000000,1849250487,358.881654,354.582907,354.595670,360.080838,360.093602,0.012764,364.379586,0,0,6,1,WaitingForConfirmation,LiftUp,,Move2,Move2.DestinationCoarseMove,1,"{""pedalAxisName"":""TaskSwitchPedal"",""usePlusMinusKeys"":true,""positivePedalKey"":61,""negativePedalKey"":45,""invertPedalAxis"":false,""pressThreshold"":0.5,""releaseThreshold"":0.20000000298023225,""minimumIntervalSeconds"":5.0,""maximumIntervalSeconds"":10.0,""minimumValidReactionSeconds"":0.10000000149011612,""randomSeed"":1849250487}",,0,0.000000,4.285984,CorrectSidePress,1,0,0,1,Correct,1,4.285985,364.379586,4.285984,0.000000,1,0,PlusMinusKeys,0,1
20261009T041907436Z_6f6b68022d1342e0860b2fcf57f40f43,,,1,1,StimulusScheduled,Visual,2026-10-09T04:25:11.8282358Z,364.379892,355.763676,18683,6,1,OperatingTarget,0,0,1,43,Right,1,,,,,0,0,1.000000,TaskSwitchPedal,0,0.500000,0.200000,,0.100000,5.000000,10.000000,1849250487,358.881961,367.085761,,372.583692,,,,0,0,,,,,,Move2,Move2.DestinationCoarseMove,1,"{""pedalAxisName"":""TaskSwitchPedal"",""usePlusMinusKeys"":true,""positivePedalKey"":61,""negativePedalKey"":45,""invertPedalAxis"":false,""pressThreshold"":0.5,""releaseThreshold"":0.20000000298023225,""minimumIntervalSeconds"":5.0,""maximumIntervalSeconds"":10.0,""minimumValidReactionSeconds"":0.10000000149011612,""randomSeed"":1849250487}",,0,0.000000,,CorrectSidePress,0,0,0,,,,,,,0.000000,1,0,PlusMinusKeys,0,1
20261009T041907436Z_6f6b68022d1342e0860b2fcf57f40f43,,,1,1,StimulusOnsetObserved,Visual,2026-10-09T04:25:20.0392443Z,372.591116,363.975781,18998,6,1,OperatingTarget,0,0,1,43,Right,1,,,,,1,0,0.000000,TaskSwitchPedal,0,0.500000,0.200000,,0.100000,5.000000,10.000000,1849250487,367.093184,367.085761,367.093184,372.583692,372.591116,0.007423,,0,1,6,1,OperatingTarget,Place,Place.PlacementLowering,Place,Place.PlacementLowering,1,"{""pedalAxisName"":""TaskSwitchPedal"",""usePlusMinusKeys"":true,""positivePedalKey"":61,""negativePedalKey"":45,""invertPedalAxis"":false,""pressThreshold"":0.5,""releaseThreshold"":0.20000000298023225,""minimumIntervalSeconds"":5.0,""maximumIntervalSeconds"":10.0,""minimumValidReactionSeconds"":0.10000000149011612,""randomSeed"":1849250487}",,0,0.000000,,CorrectSidePress,0,0,0,,,,,,,0.000000,0,0,Axis,0,1
20261009T041907436Z_6f6b68022d1342e0860b2fcf57f40f43,,,1,1,PedalPressed,Visual,2026-10-09T04:25:21.0879317Z,373.639638,365.024300,19036,6,1,OperatingTarget,0,0,1,43,Right,1,1,Correct,1,1.048522,1,0,1.000000,TaskSwitchPedal,0,0.500000,0.200000,,0.100000,5.000000,10.000000,1849250487,368.141707,367.085761,367.093184,372.583692,372.591116,0.007423,373.639638,0,1,6,1,OperatingTarget,Place,Place.PlacementLowering,Place,Place.PlacementLowering,1,"{""pedalAxisName"":""TaskSwitchPedal"",""usePlusMinusKeys"":true,""positivePedalKey"":61,""negativePedalKey"":45,""invertPedalAxis"":false,""pressThreshold"":0.5,""releaseThreshold"":0.20000000298023225,""minimumIntervalSeconds"":5.0,""maximumIntervalSeconds"":10.0,""minimumValidReactionSeconds"":0.10000000149011612,""randomSeed"":1849250487}",,0,0.000000,1.048523,CorrectSidePress,1,0,0,1,Correct,1,1.048522,373.639638,1.048523,0.000000,1,0,PlusMinusKeys,0,1
20261009T041907436Z_6f6b68022d1342e0860b2fcf57f40f43,,,1,1,TrialFinished,Visual,2026-10-09T04:25:21.0879317Z,373.639638,365.024300,19036,6,1,OperatingTarget,0,0,1,43,Right,1,1,Correct,1,1.048522,1,0,1.000000,TaskSwitchPedal,0,0.500000,0.200000,,0.100000,5.000000,10.000000,1849250487,368.141707,367.085761,367.093184,372.583692,372.591116,0.007423,373.639638,0,0,6,1,OperatingTarget,Place,Place.PlacementLowering,Place,Place.PlacementLowering,1,"{""pedalAxisName"":""TaskSwitchPedal"",""usePlusMinusKeys"":true,""positivePedalKey"":61,""negativePedalKey"":45,""invertPedalAxis"":false,""pressThreshold"":0.5,""releaseThreshold"":0.20000000298023225,""minimumIntervalSeconds"":5.0,""maximumIntervalSeconds"":10.0,""minimumValidReactionSeconds"":0.10000000149011612,""randomSeed"":1849250487}",,0,0.000000,1.048523,CorrectSidePress,1,0,0,1,Correct,1,1.048522,373.639638,1.048523,0.000000,1,0,PlusMinusKeys,0,1
20261009T041907436Z_6f6b68022d1342e0860b2fcf57f40f43,,,1,1,StimulusScheduled,Visual,2026-10-09T04:25:21.0879317Z,373.639958,365.024300,19036,6,1,OperatingTarget,0,0,1,44,Left,-1,,,,,0,0,1.000000,TaskSwitchPedal,0,0.500000,0.200000,,0.100000,5.000000,10.000000,1849250487,368.142027,374.224091,,379.722022,,,,0,0,,,,,,Place,Place.PlacementLowering,1,"{""pedalAxisName"":""TaskSwitchPedal"",""usePlusMinusKeys"":true,""positivePedalKey"":61,""negativePedalKey"":45,""invertPedalAxis"":false,""pressThreshold"":0.5,""releaseThreshold"":0.20000000298023225,""minimumIntervalSeconds"":5.0,""maximumIntervalSeconds"":10.0,""minimumValidReactionSeconds"":0.10000000149011612,""randomSeed"":1849250487}",,0,0.000000,,CorrectSidePress,0,0,0,,,,,,,0.000000,1,0,PlusMinusKeys,0,1
20261009T041907436Z_6f6b68022d1342e0860b2fcf57f40f43,,,1,1,StimulusOnsetObserved,Visual,2026-10-09T04:25:27.1716395Z,379.723835,371.106987,19252,6,1,OperatingTarget,0,0,1,44,Left,-1,,,,,1,0,0.000000,TaskSwitchPedal,0,0.500000,0.200000,,0.100000,5.000000,10.000000,1849250487,374.225904,374.224091,374.225904,379.722022,379.723835,0.001813,,1,0,6,1,OperatingTarget,Place,Place.PostPlacementRaising,Place,Place.PostPlacementRaising,1,"{""pedalAxisName"":""TaskSwitchPedal"",""usePlusMinusKeys"":true,""positivePedalKey"":61,""negativePedalKey"":45,""invertPedalAxis"":false,""pressThreshold"":0.5,""releaseThreshold"":0.20000000298023225,""minimumIntervalSeconds"":5.0,""maximumIntervalSeconds"":10.0,""minimumValidReactionSeconds"":0.10000000149011612,""randomSeed"":1849250487}",,0,0.000000,,CorrectSidePress,0,0,0,,,,,,,0.000000,0,0,Axis,0,1
20261009T041907436Z_6f6b68022d1342e0860b2fcf57f40f43,,,1,1,PedalPressed,Visual,2026-10-09T04:25:28.1423016Z,380.694839,372.080649,19303,6,1,OperatingTarget,0,0,1,44,Left,-1,-1,Correct,1,0.971004,1,0,-1.000000,TaskSwitchPedal,0,0.500000,0.200000,,0.100000,5.000000,10.000000,1849250487,375.196908,374.224091,374.225904,379.722022,379.723835,0.001813,380.694839,1,0,6,1,OperatingTarget,Place,Place.PostPlacementRaising,Place,Place.PostPlacementRaising,1,"{""pedalAxisName"":""TaskSwitchPedal"",""usePlusMinusKeys"":true,""positivePedalKey"":61,""negativePedalKey"":45,""invertPedalAxis"":false,""pressThreshold"":0.5,""releaseThreshold"":0.20000000298023225,""minimumIntervalSeconds"":5.0,""maximumIntervalSeconds"":10.0,""minimumValidReactionSeconds"":0.10000000149011612,""randomSeed"":1849250487}",,0,0.000000,0.971004,CorrectSidePress,1,0,0,-1,Correct,1,0.971004,380.694839,0.971004,0.000000,0,1,PlusMinusKeys,0,1
20261009T041907436Z_6f6b68022d1342e0860b2fcf57f40f43,,,1,1,TrialFinished,Visual,2026-10-09T04:25:28.1423016Z,380.694839,372.080649,19303,6,1,OperatingTarget,0,0,1,44,Left,-1,-1,Correct,1,0.971004,1,0,-1.000000,TaskSwitchPedal,0,0.500000,0.200000,,0.100000,5.000000,10.000000,1849250487,375.196908,374.224091,374.225904,379.722022,379.723835,0.001813,380.694839,0,0,6,1,OperatingTarget,Place,Place.PostPlacementRaising,Place,Place.PostPlacementRaising,1,"{""pedalAxisName"":""TaskSwitchPedal"",""usePlusMinusKeys"":true,""positivePedalKey"":61,""negativePedalKey"":45,""invertPedalAxis"":false,""pressThreshold"":0.5,""releaseThreshold"":0.20000000298023225,""minimumIntervalSeconds"":5.0,""maximumIntervalSeconds"":10.0,""minimumValidReactionSeconds"":0.10000000149011612,""randomSeed"":1849250487}",,0,0.000000,0.971004,CorrectSidePress,1,0,0,-1,Correct,1,0.971004,380.694839,0.971004,0.000000,0,1,PlusMinusKeys,0,1
20261009T041907436Z_6f6b68022d1342e0860b2fcf57f40f43,,,1,1,StimulusScheduled,Visual,2026-10-09T04:25:28.1423016Z,380.695202,372.080649,19303,6,1,OperatingTarget,0,0,1,45,Left,-1,,,,,0,0,-1.000000,TaskSwitchPedal,0,0.500000,0.200000,,0.100000,5.000000,10.000000,1849250487,375.197271,383.463060,,388.960991,,,,0,0,,,,,,Place,Place.PostPlacementRaising,1,"{""pedalAxisName"":""TaskSwitchPedal"",""usePlusMinusKeys"":true,""positivePedalKey"":61,""negativePedalKey"":45,""invertPedalAxis"":false,""pressThreshold"":0.5,""releaseThreshold"":0.20000000298023225,""minimumIntervalSeconds"":5.0,""maximumIntervalSeconds"":10.0,""minimumValidReactionSeconds"":0.10000000149011612,""randomSeed"":1849250487}",,0,0.000000,,CorrectSidePress,0,0,0,,,,,,,0.000000,0,1,PlusMinusKeys,0,1
20261009T041907436Z_6f6b68022d1342e0860b2fcf57f40f43,,,1,1,StimulusOnsetObserved,Visual,2026-10-09T04:25:36.4147537Z,388.966261,380.352257,19736,6,0,OperatingSource,0,0,1,45,Left,-1,,,,,1,0,0.000000,TaskSwitchPedal,0,0.500000,0.200000,,0.100000,5.000000,10.000000,1849250487,383.468329,383.463060,383.468329,388.960991,388.966261,0.005270,,1,0,6,0,OperatingSource,Place,Place.PostPlacementRaising,Place,Place.PostPlacementRaising,1,"{""pedalAxisName"":""TaskSwitchPedal"",""usePlusMinusKeys"":true,""positivePedalKey"":61,""negativePedalKey"":45,""invertPedalAxis"":false,""pressThreshold"":0.5,""releaseThreshold"":0.20000000298023225,""minimumIntervalSeconds"":5.0,""maximumIntervalSeconds"":10.0,""minimumValidReactionSeconds"":0.10000000149011612,""randomSeed"":1849250487}",,0,0.000000,,CorrectSidePress,0,0,0,,,,,,,0.000000,0,0,Axis,0,1
20261009T041907436Z_6f6b68022d1342e0860b2fcf57f40f43,,,1,1,PedalPressed,Visual,2026-10-09T04:25:38.9956633Z,391.547828,382.933630,19874,6,0,OperatingSource,0,0,1,45,Left,-1,-1,Correct,1,2.581567,1,0,-1.000000,TaskSwitchPedal,0,0.500000,0.200000,,0.100000,5.000000,10.000000,1849250487,386.049897,383.463060,383.468329,388.960991,388.966261,0.005270,391.547828,1,0,6,0,OperatingSource,Place,Place.PostPlacementRaising,Place,Place.PostPlacementRaising,1,"{""pedalAxisName"":""TaskSwitchPedal"",""usePlusMinusKeys"":true,""positivePedalKey"":61,""negativePedalKey"":45,""invertPedalAxis"":false,""pressThreshold"":0.5,""releaseThreshold"":0.20000000298023225,""minimumIntervalSeconds"":5.0,""maximumIntervalSeconds"":10.0,""minimumValidReactionSeconds"":0.10000000149011612,""randomSeed"":1849250487}",,0,0.000000,2.581567,CorrectSidePress,1,0,0,-1,Correct,1,2.581567,391.547828,2.581567,0.000000,0,1,PlusMinusKeys,0,1
20261009T041907436Z_6f6b68022d1342e0860b2fcf57f40f43,,,1,1,TrialFinished,Visual,2026-10-09T04:25:38.9956633Z,391.547828,382.933630,19874,6,0,OperatingSource,0,0,1,45,Left,-1,-1,Correct,1,2.581567,1,0,-1.000000,TaskSwitchPedal,0,0.500000,0.200000,,0.100000,5.000000,10.000000,1849250487,386.049897,383.463060,383.468329,388.960991,388.966261,0.005270,391.547828,0,0,6,0,OperatingSource,Place,Place.PostPlacementRaising,Place,Place.PostPlacementRaising,1,"{""pedalAxisName"":""TaskSwitchPedal"",""usePlusMinusKeys"":true,""positivePedalKey"":61,""negativePedalKey"":45,""invertPedalAxis"":false,""pressThreshold"":0.5,""releaseThreshold"":0.20000000298023225,""minimumIntervalSeconds"":5.0,""maximumIntervalSeconds"":10.0,""minimumValidReactionSeconds"":0.10000000149011612,""randomSeed"":1849250487}",,0,0.000000,2.581567,CorrectSidePress,1,0,0,-1,Correct,1,2.581567,391.547828,2.581567,0.000000,0,1,PlusMinusKeys,0,1
20261009T041907436Z_6f6b68022d1342e0860b2fcf57f40f43,,,1,1,StimulusScheduled,Visual,2026-10-09T04:25:38.9956633Z,391.548205,382.933630,19874,6,0,OperatingSource,0,0,1,46,Right,1,,,,,0,0,-1.000000,TaskSwitchPedal,0,0.500000,0.200000,,0.100000,5.000000,10.000000,1849250487,386.050274,393.666352,,399.164283,,,,0,0,,,,,,Place,Place.PostPlacementRaising,1,"{""pedalAxisName"":""TaskSwitchPedal"",""usePlusMinusKeys"":true,""positivePedalKey"":61,""negativePedalKey"":45,""invertPedalAxis"":false,""pressThreshold"":0.5,""releaseThreshold"":0.20000000298023225,""minimumIntervalSeconds"":5.0,""maximumIntervalSeconds"":10.0,""minimumValidReactionSeconds"":0.10000000149011612,""randomSeed"":1849250487}",,0,0.000000,,CorrectSidePress,0,0,0,,,,,,,0.000000,0,1,PlusMinusKeys,0,1
20261009T041907436Z_6f6b68022d1342e0860b2fcf57f40f43,,,1,1,StimulusOnsetObserved,Visual,2026-10-09T04:25:46.6214406Z,399.173464,390.559088,20271,6,0,OperatingSource,0,0,1,46,Right,1,,,,,1,0,0.000000,TaskSwitchPedal,0,0.500000,0.200000,,0.100000,5.000000,10.000000,1849250487,393.675532,393.666352,393.675532,399.164283,399.173464,0.009181,,0,1,6,0,OperatingSource,Move1,Move1.PickupCoarseMove,Move1,Move1.PickupCoarseMove,1,"{""pedalAxisName"":""TaskSwitchPedal"",""usePlusMinusKeys"":true,""positivePedalKey"":61,""negativePedalKey"":45,""invertPedalAxis"":false,""pressThreshold"":0.5,""releaseThreshold"":0.20000000298023225,""minimumIntervalSeconds"":5.0,""maximumIntervalSeconds"":10.0,""minimumValidReactionSeconds"":0.10000000149011612,""randomSeed"":1849250487}",,0,0.000000,,CorrectSidePress,0,0,0,,,,,,,0.000000,0,0,Axis,0,1
20261009T041907436Z_6f6b68022d1342e0860b2fcf57f40f43,,,1,1,PedalPressed,Visual,2026-10-09T04:25:47.4653335Z,400.017552,391.402965,20314,6,0,OperatingSource,0,0,1,46,Right,1,1,Correct,1,0.844089,1,0,1.000000,TaskSwitchPedal,0,0.500000,0.200000,,0.100000,5.000000,10.000000,1849250487,394.519621,393.666352,393.675532,399.164283,399.173464,0.009181,400.017552,0,1,6,0,OperatingSource,Move1,Move1.PickupCoarseMove,Move1,Move1.PickupCoarseMove,1,"{""pedalAxisName"":""TaskSwitchPedal"",""usePlusMinusKeys"":true,""positivePedalKey"":61,""negativePedalKey"":45,""invertPedalAxis"":false,""pressThreshold"":0.5,""releaseThreshold"":0.20000000298023225,""minimumIntervalSeconds"":5.0,""maximumIntervalSeconds"":10.0,""minimumValidReactionSeconds"":0.10000000149011612,""randomSeed"":1849250487}",,0,0.000000,0.844089,CorrectSidePress,1,0,0,1,Correct,1,0.844089,400.017552,0.844089,0.000000,1,0,PlusMinusKeys,0,1
20261009T041907436Z_6f6b68022d1342e0860b2fcf57f40f43,,,1,1,TrialFinished,Visual,2026-10-09T04:25:47.4653335Z,400.017552,391.402965,20314,6,0,OperatingSource,0,0,1,46,Right,1,1,Correct,1,0.844089,1,0,1.000000,TaskSwitchPedal,0,0.500000,0.200000,,0.100000,5.000000,10.000000,1849250487,394.519621,393.666352,393.675532,399.164283,399.173464,0.009181,400.017552,0,0,6,0,OperatingSource,Move1,Move1.PickupCoarseMove,Move1,Move1.PickupCoarseMove,1,"{""pedalAxisName"":""TaskSwitchPedal"",""usePlusMinusKeys"":true,""positivePedalKey"":61,""negativePedalKey"":45,""invertPedalAxis"":false,""pressThreshold"":0.5,""releaseThreshold"":0.20000000298023225,""minimumIntervalSeconds"":5.0,""maximumIntervalSeconds"":10.0,""minimumValidReactionSeconds"":0.10000000149011612,""randomSeed"":1849250487}",,0,0.000000,0.844089,CorrectSidePress,1,0,0,1,Correct,1,0.844089,400.017552,0.844089,0.000000,1,0,PlusMinusKeys,0,1
20261009T041907436Z_6f6b68022d1342e0860b2fcf57f40f43,,,1,1,StimulusScheduled,Visual,2026-10-09T04:25:47.4663356Z,400.017879,391.402965,20314,6,0,OperatingSource,0,0,1,47,Right,1,,,,,0,0,1.000000,TaskSwitchPedal,0,0.500000,0.200000,,0.100000,5.000000,10.000000,1849250487,394.519948,402.267002,,407.764933,,,,0,0,,,,,,Move1,Move1.PickupCoarseMove,1,"{""pedalAxisName"":""TaskSwitchPedal"",""usePlusMinusKeys"":true,""positivePedalKey"":61,""negativePedalKey"":45,""invertPedalAxis"":false,""pressThreshold"":0.5,""releaseThreshold"":0.20000000298023225,""minimumIntervalSeconds"":5.0,""maximumIntervalSeconds"":10.0,""minimumValidReactionSeconds"":0.10000000149011612,""randomSeed"":1849250487}",,0,0.000000,,CorrectSidePress,0,0,0,,,,,,,0.000000,1,0,PlusMinusKeys,0,1
20261009T041907436Z_6f6b68022d1342e0860b2fcf57f40f43,,,1,1,PedalPressed,Visual,2026-10-09T04:25:47.9079277Z,400.459544,391.844600,20333,6,0,OperatingSource,0,0,1,,,,1,FalseAlarm,,,0,0,1.000000,TaskSwitchPedal,0,0.500000,0.200000,,0.100000,5.000000,10.000000,1849250487,394.961613,,,,,,400.459544,0,0,,,,,,Move1,Move1.PickupCoarseMove,1,"{""pedalAxisName"":""TaskSwitchPedal"",""usePlusMinusKeys"":true,""positivePedalKey"":61,""negativePedalKey"":45,""invertPedalAxis"":false,""pressThreshold"":0.5,""releaseThreshold"":0.20000000298023225,""minimumIntervalSeconds"":5.0,""maximumIntervalSeconds"":10.0,""minimumValidReactionSeconds"":0.10000000149011612,""randomSeed"":1849250487}",,0,0.000000,,CorrectSidePress,,,,,,,,,,0.000000,1,0,PlusMinusKeys,0,1
20261009T041907436Z_6f6b68022d1342e0860b2fcf57f40f43,,,1,1,StimulusOnsetObserved,Visual,2026-10-09T04:25:55.2186221Z,407.770610,399.156209,20709,7,1,OperatingTarget,0,0,1,47,Right,1,,,,,1,0,0.000000,TaskSwitchPedal,0,0.500000,0.200000,,0.100000,5.000000,10.000000,1849250487,402.272679,402.267002,402.272679,407.764933,407.770610,0.005677,,0,1,7,1,OperatingTarget,Move1,Move1.PickupCoarseMove,Move1,Move1.PickupCoarseMove,1,"{""pedalAxisName"":""TaskSwitchPedal"",""usePlusMinusKeys"":true,""positivePedalKey"":61,""negativePedalKey"":45,""invertPedalAxis"":false,""pressThreshold"":0.5,""releaseThreshold"":0.20000000298023225,""minimumIntervalSeconds"":5.0,""maximumIntervalSeconds"":10.0,""minimumValidReactionSeconds"":0.10000000149011612,""randomSeed"":1849250487}",,0,0.000000,,CorrectSidePress,0,0,0,,,,,,,0.000000,0,0,Axis,0,1
20261009T041907436Z_6f6b68022d1342e0860b2fcf57f40f43,,,1,1,PedalPressed,Visual,2026-10-09T04:25:56.6576490Z,409.209473,400.594230,20784,7,1,OperatingTarget,0,0,1,47,Right,1,1,Correct,1,1.438862,1,0,1.000000,TaskSwitchPedal,0,0.500000,0.200000,,0.100000,5.000000,10.000000,1849250487,403.711541,402.267002,402.272679,407.764933,407.770610,0.005677,409.209473,0,1,7,1,OperatingTarget,Move1,Move1.PickupCoarseMove,Move1,Move1.PickupCoarseMove,1,"{""pedalAxisName"":""TaskSwitchPedal"",""usePlusMinusKeys"":true,""positivePedalKey"":61,""negativePedalKey"":45,""invertPedalAxis"":false,""pressThreshold"":0.5,""releaseThreshold"":0.20000000298023225,""minimumIntervalSeconds"":5.0,""maximumIntervalSeconds"":10.0,""minimumValidReactionSeconds"":0.10000000149011612,""randomSeed"":1849250487}",,0,0.000000,1.438862,CorrectSidePress,1,0,0,1,Correct,1,1.438862,409.209473,1.438862,0.000000,1,0,PlusMinusKeys,0,1
20261009T041907436Z_6f6b68022d1342e0860b2fcf57f40f43,,,1,1,TrialFinished,Visual,2026-10-09T04:25:56.6581561Z,409.209473,400.594230,20784,7,1,OperatingTarget,0,0,1,47,Right,1,1,Correct,1,1.438862,1,0,1.000000,TaskSwitchPedal,0,0.500000,0.200000,,0.100000,5.000000,10.000000,1849250487,403.711541,402.267002,402.272679,407.764933,407.770610,0.005677,409.209473,0,0,7,1,OperatingTarget,Move1,Move1.PickupCoarseMove,Move1,Move1.PickupCoarseMove,1,"{""pedalAxisName"":""TaskSwitchPedal"",""usePlusMinusKeys"":true,""positivePedalKey"":61,""negativePedalKey"":45,""invertPedalAxis"":false,""pressThreshold"":0.5,""releaseThreshold"":0.20000000298023225,""minimumIntervalSeconds"":5.0,""maximumIntervalSeconds"":10.0,""minimumValidReactionSeconds"":0.10000000149011612,""randomSeed"":1849250487}",,0,0.000000,1.438862,CorrectSidePress,1,0,0,1,Correct,1,1.438862,409.209473,1.438862,0.000000,1,0,PlusMinusKeys,0,1
20261009T041907436Z_6f6b68022d1342e0860b2fcf57f40f43,,,1,1,StimulusScheduled,Visual,2026-10-09T04:25:56.6581561Z,409.209851,400.594230,20784,7,1,OperatingTarget,0,0,1,48,Right,1,,,,,0,0,1.000000,TaskSwitchPedal,0,0.500000,0.200000,,0.100000,5.000000,10.000000,1849250487,403.711920,410.418577,,415.916508,,,,0,0,,,,,,Move1,Move1.PickupCoarseMove,1,"{""pedalAxisName"":""TaskSwitchPedal"",""usePlusMinusKeys"":true,""positivePedalKey"":61,""negativePedalKey"":45,""invertPedalAxis"":false,""pressThreshold"":0.5,""releaseThreshold"":0.20000000298023225,""minimumIntervalSeconds"":5.0,""maximumIntervalSeconds"":10.0,""minimumValidReactionSeconds"":0.10000000149011612,""randomSeed"":1849250487}",,0,0.000000,,CorrectSidePress,0,0,0,,,,,,,0.000000,1,0,PlusMinusKeys,0,1
20261009T041907436Z_6f6b68022d1342e0860b2fcf57f40f43,,,1,1,StimulusOnsetObserved,Visual,2026-10-09T04:26:03.3848513Z,415.936661,407.321725,21130,7,1,OperatingTarget,0,0,1,48,Right,1,,,,,1,0,0.000000,TaskSwitchPedal,0,0.500000,0.200000,,0.100000,5.000000,10.000000,1849250487,410.438729,410.418577,410.438729,415.916508,415.936661,0.020153,,0,1,7,1,OperatingTarget,LiftUp,LiftUp.PickupLowering,LiftUp,LiftUp.PickupLowering,1,"{""pedalAxisName"":""TaskSwitchPedal"",""usePlusMinusKeys"":true,""positivePedalKey"":61,""negativePedalKey"":45,""invertPedalAxis"":false,""pressThreshold"":0.5,""releaseThreshold"":0.20000000298023225,""minimumIntervalSeconds"":5.0,""maximumIntervalSeconds"":10.0,""minimumValidReactionSeconds"":0.10000000149011612,""randomSeed"":1849250487}",,0,0.000000,,CorrectSidePress,0,0,0,,,,,,,0.000000,0,0,Axis,0,1
20261009T041907436Z_6f6b68022d1342e0860b2fcf57f40f43,,,1,1,PedalPressed,Visual,2026-10-09T04:26:04.5301655Z,417.081721,408.466062,21181,7,1,OperatingTarget,0,0,1,48,Right,1,1,Correct,1,1.145060,1,0,1.000000,TaskSwitchPedal,0,0.500000,0.200000,,0.100000,5.000000,10.000000,1849250487,411.583790,410.418577,410.438729,415.916508,415.936661,0.020153,417.081721,0,1,7,1,OperatingTarget,LiftUp,LiftUp.PickupLowering,LiftUp,LiftUp.PickupLowering,1,"{""pedalAxisName"":""TaskSwitchPedal"",""usePlusMinusKeys"":true,""positivePedalKey"":61,""negativePedalKey"":45,""invertPedalAxis"":false,""pressThreshold"":0.5,""releaseThreshold"":0.20000000298023225,""minimumIntervalSeconds"":5.0,""maximumIntervalSeconds"":10.0,""minimumValidReactionSeconds"":0.10000000149011612,""randomSeed"":1849250487}",,0,0.000000,1.145060,CorrectSidePress,1,0,0,1,Correct,1,1.145060,417.081721,1.145060,0.000000,1,0,PlusMinusKeys,0,1
20261009T041907436Z_6f6b68022d1342e0860b2fcf57f40f43,,,1,1,TrialFinished,Visual,2026-10-09T04:26:04.5301655Z,417.081721,408.466062,21181,7,1,OperatingTarget,0,0,1,48,Right,1,1,Correct,1,1.145060,1,0,1.000000,TaskSwitchPedal,0,0.500000,0.200000,,0.100000,5.000000,10.000000,1849250487,411.583790,410.418577,410.438729,415.916508,415.936661,0.020153,417.081721,0,0,7,1,OperatingTarget,LiftUp,LiftUp.PickupLowering,LiftUp,LiftUp.PickupLowering,1,"{""pedalAxisName"":""TaskSwitchPedal"",""usePlusMinusKeys"":true,""positivePedalKey"":61,""negativePedalKey"":45,""invertPedalAxis"":false,""pressThreshold"":0.5,""releaseThreshold"":0.20000000298023225,""minimumIntervalSeconds"":5.0,""maximumIntervalSeconds"":10.0,""minimumValidReactionSeconds"":0.10000000149011612,""randomSeed"":1849250487}",,0,0.000000,1.145060,CorrectSidePress,1,0,0,1,Correct,1,1.145060,417.081721,1.145060,0.000000,1,0,PlusMinusKeys,0,1
20261009T041907436Z_6f6b68022d1342e0860b2fcf57f40f43,,,1,1,StimulusScheduled,Visual,2026-10-09T04:26:04.5301655Z,417.082115,408.466062,21181,7,1,OperatingTarget,0,0,1,49,Left,-1,,,,,0,0,1.000000,TaskSwitchPedal,0,0.500000,0.200000,,0.100000,5.000000,10.000000,1849250487,411.584184,421.347864,,426.845795,,,,0,0,,,,,,LiftUp,LiftUp.PickupLowering,1,"{""pedalAxisName"":""TaskSwitchPedal"",""usePlusMinusKeys"":true,""positivePedalKey"":61,""negativePedalKey"":45,""invertPedalAxis"":false,""pressThreshold"":0.5,""releaseThreshold"":0.20000000298023225,""minimumIntervalSeconds"":5.0,""maximumIntervalSeconds"":10.0,""minimumValidReactionSeconds"":0.10000000149011612,""randomSeed"":1849250487}",,0,0.000000,,CorrectSidePress,0,0,0,,,,,,,0.000000,1,0,PlusMinusKeys,0,1
20261009T041907436Z_6f6b68022d1342e0860b2fcf57f40f43,,,1,1,StimulusOnsetObserved,Visual,2026-10-09T04:26:14.3442652Z,426.896175,418.279532,21560,7,1,OperatingTarget,0,0,1,49,Left,-1,,,,,1,0,0.000000,TaskSwitchPedal,0,0.500000,0.200000,,0.100000,5.000000,10.000000,1849250487,421.398243,421.347864,421.398243,426.845795,426.896175,0.050380,,1,0,7,1,OperatingTarget,LiftUp,LiftUp.LoadedRaising,LiftUp,LiftUp.LoadedRaising,1,"{""pedalAxisName"":""TaskSwitchPedal"",""usePlusMinusKeys"":true,""positivePedalKey"":61,""negativePedalKey"":45,""invertPedalAxis"":false,""pressThreshold"":0.5,""releaseThreshold"":0.20000000298023225,""minimumIntervalSeconds"":5.0,""maximumIntervalSeconds"":10.0,""minimumValidReactionSeconds"":0.10000000149011612,""randomSeed"":1849250487}",,0,0.000000,,CorrectSidePress,0,0,0,,,,,,,0.000000,0,0,Axis,0,1
20261009T041907436Z_6f6b68022d1342e0860b2fcf57f40f43,,,1,1,PedalPressed,Visual,2026-10-09T04:26:15.1042163Z,427.657006,419.041657,21590,7,1,OperatingTarget,0,0,1,49,Left,-1,-1,Correct,1,0.760831,1,0,-1.000000,TaskSwitchPedal,0,0.500000,0.200000,,0.100000,5.000000,10.000000,1849250487,422.159075,421.347864,421.398243,426.845795,426.896175,0.050380,427.657006,1,0,7,1,OperatingTarget,LiftUp,LiftUp.LoadedRaising,LiftUp,LiftUp.LoadedRaising,1,"{""pedalAxisName"":""TaskSwitchPedal"",""usePlusMinusKeys"":true,""positivePedalKey"":61,""negativePedalKey"":45,""invertPedalAxis"":false,""pressThreshold"":0.5,""releaseThreshold"":0.20000000298023225,""minimumIntervalSeconds"":5.0,""maximumIntervalSeconds"":10.0,""minimumValidReactionSeconds"":0.10000000149011612,""randomSeed"":1849250487}",,0,0.000000,0.760831,CorrectSidePress,1,0,0,-1,Correct,1,0.760831,427.657006,0.760831,0.000000,0,1,PlusMinusKeys,0,1
20261009T041907436Z_6f6b68022d1342e0860b2fcf57f40f43,,,1,1,TrialFinished,Visual,2026-10-09T04:26:15.1056409Z,427.657006,419.041657,21590,7,1,OperatingTarget,0,0,1,49,Left,-1,-1,Correct,1,0.760831,1,0,-1.000000,TaskSwitchPedal,0,0.500000,0.200000,,0.100000,5.000000,10.000000,1849250487,422.159075,421.347864,421.398243,426.845795,426.896175,0.050380,427.657006,0,0,7,1,OperatingTarget,LiftUp,LiftUp.LoadedRaising,LiftUp,LiftUp.LoadedRaising,1,"{""pedalAxisName"":""TaskSwitchPedal"",""usePlusMinusKeys"":true,""positivePedalKey"":61,""negativePedalKey"":45,""invertPedalAxis"":false,""pressThreshold"":0.5,""releaseThreshold"":0.20000000298023225,""minimumIntervalSeconds"":5.0,""maximumIntervalSeconds"":10.0,""minimumValidReactionSeconds"":0.10000000149011612,""randomSeed"":1849250487}",,0,0.000000,0.760831,CorrectSidePress,1,0,0,-1,Correct,1,0.760831,427.657006,0.760831,0.000000,0,1,PlusMinusKeys,0,1
20261009T041907436Z_6f6b68022d1342e0860b2fcf57f40f43,,,1,1,StimulusScheduled,Visual,2026-10-09T04:26:15.1056409Z,427.657352,419.041657,21590,7,1,OperatingTarget,0,0,1,50,Right,1,,,,,0,0,-1.000000,TaskSwitchPedal,0,0.500000,0.200000,,0.100000,5.000000,10.000000,1849250487,422.159421,428.479301,,433.977232,,,,0,0,,,,,,LiftUp,LiftUp.LoadedRaising,1,"{""pedalAxisName"":""TaskSwitchPedal"",""usePlusMinusKeys"":true,""positivePedalKey"":61,""negativePedalKey"":45,""invertPedalAxis"":false,""pressThreshold"":0.5,""releaseThreshold"":0.20000000298023225,""minimumIntervalSeconds"":5.0,""maximumIntervalSeconds"":10.0,""minimumValidReactionSeconds"":0.10000000149011612,""randomSeed"":1849250487}",,0,0.000000,,CorrectSidePress,0,0,0,,,,,,,0.000000,0,1,PlusMinusKeys,0,1
20261009T041907436Z_6f6b68022d1342e0860b2fcf57f40f43,,,1,1,StimulusOnsetObserved,Visual,2026-10-09T04:26:21.4304524Z,433.982972,425.367386,21853,7,0,OperatingSource,0,0,1,50,Right,1,,,,,1,0,0.000000,TaskSwitchPedal,0,0.500000,0.200000,,0.100000,5.000000,10.000000,1849250487,428.485040,428.479301,428.485040,433.977232,433.982972,0.005740,,0,1,7,0,OperatingSource,Move1,Move1.PickupCoarseMove,Move1,Move1.PickupCoarseMove,1,"{""pedalAxisName"":""TaskSwitchPedal"",""usePlusMinusKeys"":true,""positivePedalKey"":61,""negativePedalKey"":45,""invertPedalAxis"":false,""pressThreshold"":0.5,""releaseThreshold"":0.20000000298023225,""minimumIntervalSeconds"":5.0,""maximumIntervalSeconds"":10.0,""minimumValidReactionSeconds"":0.10000000149011612,""randomSeed"":1849250487}",,0,0.000000,,CorrectSidePress,0,0,0,,,,,,,0.000000,0,0,Axis,0,1
20261009T041907436Z_6f6b68022d1342e0860b2fcf57f40f43,,,1,1,PedalPressed,Visual,2026-10-09T04:26:22.4782182Z,435.029976,426.415324,21912,7,0,OperatingSource,0,0,1,50,Right,1,1,Correct,1,1.047004,1,0,1.000000,TaskSwitchPedal,0,0.500000,0.200000,,0.100000,5.000000,10.000000,1849250487,429.532044,428.479301,428.485040,433.977232,433.982972,0.005740,435.029976,0,1,7,0,OperatingSource,Move1,Move1.PickupCoarseMove,Move1,Move1.PickupCoarseMove,1,"{""pedalAxisName"":""TaskSwitchPedal"",""usePlusMinusKeys"":true,""positivePedalKey"":61,""negativePedalKey"":45,""invertPedalAxis"":false,""pressThreshold"":0.5,""releaseThreshold"":0.20000000298023225,""minimumIntervalSeconds"":5.0,""maximumIntervalSeconds"":10.0,""minimumValidReactionSeconds"":0.10000000149011612,""randomSeed"":1849250487}",,0,0.000000,1.047004,CorrectSidePress,1,0,0,1,Correct,1,1.047004,435.029976,1.047004,0.000000,1,0,PlusMinusKeys,0,1
20261009T041907436Z_6f6b68022d1342e0860b2fcf57f40f43,,,1,1,TrialFinished,Visual,2026-10-09T04:26:22.4782182Z,435.029976,426.415324,21912,7,0,OperatingSource,0,0,1,50,Right,1,1,Correct,1,1.047004,1,0,1.000000,TaskSwitchPedal,0,0.500000,0.200000,,0.100000,5.000000,10.000000,1849250487,429.532044,428.479301,428.485040,433.977232,433.982972,0.005740,435.029976,0,0,7,0,OperatingSource,Move1,Move1.PickupCoarseMove,Move1,Move1.PickupCoarseMove,1,"{""pedalAxisName"":""TaskSwitchPedal"",""usePlusMinusKeys"":true,""positivePedalKey"":61,""negativePedalKey"":45,""invertPedalAxis"":false,""pressThreshold"":0.5,""releaseThreshold"":0.20000000298023225,""minimumIntervalSeconds"":5.0,""maximumIntervalSeconds"":10.0,""minimumValidReactionSeconds"":0.10000000149011612,""randomSeed"":1849250487}",,0,0.000000,1.047004,CorrectSidePress,1,0,0,1,Correct,1,1.047004,435.029976,1.047004,0.000000,1,0,PlusMinusKeys,0,1
20261009T041907436Z_6f6b68022d1342e0860b2fcf57f40f43,,,1,1,StimulusScheduled,Visual,2026-10-09T04:26:22.4782182Z,435.030379,426.415324,21912,7,0,OperatingSource,0,0,1,51,Left,-1,,,,,0,0,1.000000,TaskSwitchPedal,0,0.500000,0.200000,,0.100000,5.000000,10.000000,1849250487,429.532448,436.699727,,442.197658,,,,0,0,,,,,,Move1,Move1.PickupCoarseMove,1,"{""pedalAxisName"":""TaskSwitchPedal"",""usePlusMinusKeys"":true,""positivePedalKey"":61,""negativePedalKey"":45,""invertPedalAxis"":false,""pressThreshold"":0.5,""releaseThreshold"":0.20000000298023225,""minimumIntervalSeconds"":5.0,""maximumIntervalSeconds"":10.0,""minimumValidReactionSeconds"":0.10000000149011612,""randomSeed"":1849250487}",,0,0.000000,,CorrectSidePress,0,0,0,,,,,,,0.000000,1,0,PlusMinusKeys,0,1
20261009T041907436Z_6f6b68022d1342e0860b2fcf57f40f43,,,1,1,StimulusOnsetObserved,Visual,2026-10-09T04:26:29.6521939Z,442.204460,433.589800,22233,7,0,OperatingSource,0,0,1,51,Left,-1,,,,,1,0,0.000000,TaskSwitchPedal,0,0.500000,0.200000,,0.100000,5.000000,10.000000,1849250487,436.706529,436.699727,436.706529,442.197658,442.204460,0.006802,,1,0,7,0,OperatingSource,LiftUp,LiftUp.PickupLowering,LiftUp,LiftUp.PickupLowering,1,"{""pedalAxisName"":""TaskSwitchPedal"",""usePlusMinusKeys"":true,""positivePedalKey"":61,""negativePedalKey"":45,""invertPedalAxis"":false,""pressThreshold"":0.5,""releaseThreshold"":0.20000000298023225,""minimumIntervalSeconds"":5.0,""maximumIntervalSeconds"":10.0,""minimumValidReactionSeconds"":0.10000000149011612,""randomSeed"":1849250487}",,0,0.000000,,CorrectSidePress,0,0,0,,,,,,,0.000000,0,0,Axis,0,1
20261009T041907436Z_6f6b68022d1342e0860b2fcf57f40f43,,,1,1,PedalPressed,Visual,2026-10-09T04:26:30.3673252Z,442.919053,434.302337,22258,7,0,OperatingSource,0,0,1,51,Left,-1,-1,Correct,1,0.714593,1,0,-1.000000,TaskSwitchPedal,0,0.500000,0.200000,,0.100000,5.000000,10.000000,1849250487,437.421122,436.699727,436.706529,442.197658,442.204460,0.006802,442.919053,1,0,7,0,OperatingSource,LiftUp,LiftUp.PickupLowering,LiftUp,LiftUp.PickupLowering,1,"{""pedalAxisName"":""TaskSwitchPedal"",""usePlusMinusKeys"":true,""positivePedalKey"":61,""negativePedalKey"":45,""invertPedalAxis"":false,""pressThreshold"":0.5,""releaseThreshold"":0.20000000298023225,""minimumIntervalSeconds"":5.0,""maximumIntervalSeconds"":10.0,""minimumValidReactionSeconds"":0.10000000149011612,""randomSeed"":1849250487}",,0,0.000000,0.714594,CorrectSidePress,1,0,0,-1,Correct,1,0.714593,442.919053,0.714594,0.000000,0,1,PlusMinusKeys,0,1
20261009T041907436Z_6f6b68022d1342e0860b2fcf57f40f43,,,1,1,TrialFinished,Visual,2026-10-09T04:26:30.3673252Z,442.919053,434.302337,22258,7,0,OperatingSource,0,0,1,51,Left,-1,-1,Correct,1,0.714593,1,0,-1.000000,TaskSwitchPedal,0,0.500000,0.200000,,0.100000,5.000000,10.000000,1849250487,437.421122,436.699727,436.706529,442.197658,442.204460,0.006802,442.919053,0,0,7,0,OperatingSource,LiftUp,LiftUp.PickupLowering,LiftUp,LiftUp.PickupLowering,1,"{""pedalAxisName"":""TaskSwitchPedal"",""usePlusMinusKeys"":true,""positivePedalKey"":61,""negativePedalKey"":45,""invertPedalAxis"":false,""pressThreshold"":0.5,""releaseThreshold"":0.20000000298023225,""minimumIntervalSeconds"":5.0,""maximumIntervalSeconds"":10.0,""minimumValidReactionSeconds"":0.10000000149011612,""randomSeed"":1849250487}",,0,0.000000,0.714594,CorrectSidePress,1,0,0,-1,Correct,1,0.714593,442.919053,0.714594,0.000000,0,1,PlusMinusKeys,0,1
20261009T041907436Z_6f6b68022d1342e0860b2fcf57f40f43,,,1,1,StimulusScheduled,Visual,2026-10-09T04:26:30.3673252Z,442.919434,434.302337,22258,7,0,OperatingSource,0,0,1,52,Left,-1,,,,,0,0,-1.000000,TaskSwitchPedal,0,0.500000,0.200000,,0.100000,5.000000,10.000000,1849250487,437.421503,447.180562,,452.678493,,,,0,0,,,,,,LiftUp,LiftUp.PickupLowering,1,"{""pedalAxisName"":""TaskSwitchPedal"",""usePlusMinusKeys"":true,""positivePedalKey"":61,""negativePedalKey"":45,""invertPedalAxis"":false,""pressThreshold"":0.5,""releaseThreshold"":0.20000000298023225,""minimumIntervalSeconds"":5.0,""maximumIntervalSeconds"":10.0,""minimumValidReactionSeconds"":0.10000000149011612,""randomSeed"":1849250487}",,0,0.000000,,CorrectSidePress,0,0,0,,,,,,,0.000000,0,1,PlusMinusKeys,0,1
20261009T041907436Z_6f6b68022d1342e0860b2fcf57f40f43,,,1,1,StimulusOnsetObserved,Visual,2026-10-09T04:26:40.1277197Z,452.679933,444.064695,22636,8,1,OperatingTarget,0,0,1,52,Left,-1,,,,,1,0,0.000000,TaskSwitchPedal,0,0.500000,0.200000,,0.100000,5.000000,10.000000,1849250487,447.182001,447.180562,447.182001,452.678493,452.679933,0.001440,,1,0,8,1,OperatingTarget,Move2,Move2.DestinationCoarseMove,Move2,Move2.DestinationCoarseMove,1,"{""pedalAxisName"":""TaskSwitchPedal"",""usePlusMinusKeys"":true,""positivePedalKey"":61,""negativePedalKey"":45,""invertPedalAxis"":false,""pressThreshold"":0.5,""releaseThreshold"":0.20000000298023225,""minimumIntervalSeconds"":5.0,""maximumIntervalSeconds"":10.0,""minimumValidReactionSeconds"":0.10000000149011612,""randomSeed"":1849250487}",,0,0.000000,,CorrectSidePress,0,0,0,,,,,,,0.000000,0,0,Axis,0,1
20261009T041907436Z_6f6b68022d1342e0860b2fcf57f40f43,,,1,1,PedalPressed,Visual,2026-10-09T04:26:42.2619410Z,454.813832,446.198779,22717,8,1,OperatingTarget,0,0,1,52,Left,-1,-1,Correct,1,2.133899,1,0,-1.000000,TaskSwitchPedal,0,0.500000,0.200000,,0.100000,5.000000,10.000000,1849250487,449.315900,447.180562,447.182001,452.678493,452.679933,0.001440,454.813832,1,0,8,1,OperatingTarget,Move2,Move2.DestinationCoarseMove,Move2,Move2.DestinationCoarseMove,1,"{""pedalAxisName"":""TaskSwitchPedal"",""usePlusMinusKeys"":true,""positivePedalKey"":61,""negativePedalKey"":45,""invertPedalAxis"":false,""pressThreshold"":0.5,""releaseThreshold"":0.20000000298023225,""minimumIntervalSeconds"":5.0,""maximumIntervalSeconds"":10.0,""minimumValidReactionSeconds"":0.10000000149011612,""randomSeed"":1849250487}",,0,0.000000,2.133899,CorrectSidePress,1,0,0,-1,Correct,1,2.133899,454.813832,2.133899,0.000000,0,1,PlusMinusKeys,0,1
20261009T041907436Z_6f6b68022d1342e0860b2fcf57f40f43,,,1,1,TrialFinished,Visual,2026-10-09T04:26:42.2619410Z,454.813832,446.198779,22717,8,1,OperatingTarget,0,0,1,52,Left,-1,-1,Correct,1,2.133899,1,0,-1.000000,TaskSwitchPedal,0,0.500000,0.200000,,0.100000,5.000000,10.000000,1849250487,449.315900,447.180562,447.182001,452.678493,452.679933,0.001440,454.813832,0,0,8,1,OperatingTarget,Move2,Move2.DestinationCoarseMove,Move2,Move2.DestinationCoarseMove,1,"{""pedalAxisName"":""TaskSwitchPedal"",""usePlusMinusKeys"":true,""positivePedalKey"":61,""negativePedalKey"":45,""invertPedalAxis"":false,""pressThreshold"":0.5,""releaseThreshold"":0.20000000298023225,""minimumIntervalSeconds"":5.0,""maximumIntervalSeconds"":10.0,""minimumValidReactionSeconds"":0.10000000149011612,""randomSeed"":1849250487}",,0,0.000000,2.133899,CorrectSidePress,1,0,0,-1,Correct,1,2.133899,454.813832,2.133899,0.000000,0,1,PlusMinusKeys,0,1
20261009T041907436Z_6f6b68022d1342e0860b2fcf57f40f43,,,1,1,StimulusScheduled,Visual,2026-10-09T04:26:42.2619410Z,454.814116,446.198779,22717,8,1,OperatingTarget,0,0,1,53,Left,-1,,,,,0,0,-1.000000,TaskSwitchPedal,0,0.500000,0.200000,,0.100000,5.000000,10.000000,1849250487,449.316185,455.607149,,461.105080,,,,0,0,,,,,,Move2,Move2.DestinationCoarseMove,1,"{""pedalAxisName"":""TaskSwitchPedal"",""usePlusMinusKeys"":true,""positivePedalKey"":61,""negativePedalKey"":45,""invertPedalAxis"":false,""pressThreshold"":0.5,""releaseThreshold"":0.20000000298023225,""minimumIntervalSeconds"":5.0,""maximumIntervalSeconds"":10.0,""minimumValidReactionSeconds"":0.10000000149011612,""randomSeed"":1849250487}",,0,0.000000,,CorrectSidePress,0,0,0,,,,,,,0.000000,0,1,PlusMinusKeys,0,1
20261009T041907436Z_6f6b68022d1342e0860b2fcf57f40f43,,,1,1,StimulusOnsetObserved,Visual,2026-10-09T04:26:48.5546963Z,461.106649,452.488734,22949,8,1,OperatingTarget,0,0,1,53,Left,-1,,,,,1,0,0.000000,TaskSwitchPedal,0,0.500000,0.200000,,0.100000,5.000000,10.000000,1849250487,455.608717,455.607149,455.608717,461.105080,461.106649,0.001569,,1,0,8,1,OperatingTarget,Place,Place.PlacementLowering,Place,Place.PlacementLowering,1,"{""pedalAxisName"":""TaskSwitchPedal"",""usePlusMinusKeys"":true,""positivePedalKey"":61,""negativePedalKey"":45,""invertPedalAxis"":false,""pressThreshold"":0.5,""releaseThreshold"":0.20000000298023225,""minimumIntervalSeconds"":5.0,""maximumIntervalSeconds"":10.0,""minimumValidReactionSeconds"":0.10000000149011612,""randomSeed"":1849250487}",,0,0.000000,,CorrectSidePress,0,0,0,,,,,,,0.000000,0,0,Axis,0,1
20261009T041907436Z_6f6b68022d1342e0860b2fcf57f40f43,,,1,1,PedalPressed,Visual,2026-10-09T04:26:49.3171859Z,461.869650,453.254296,22978,8,1,OperatingTarget,0,0,1,53,Left,-1,-1,Correct,1,0.763001,1,0,-1.000000,TaskSwitchPedal,0,0.500000,0.200000,,0.100000,5.000000,10.000000,1849250487,456.371718,455.607149,455.608717,461.105080,461.106649,0.001569,461.869650,1,0,8,1,OperatingTarget,Place,Place.PlacementLowering,Place,Place.PlacementLowering,1,"{""pedalAxisName"":""TaskSwitchPedal"",""usePlusMinusKeys"":true,""positivePedalKey"":61,""negativePedalKey"":45,""invertPedalAxis"":false,""pressThreshold"":0.5,""releaseThreshold"":0.20000000298023225,""minimumIntervalSeconds"":5.0,""maximumIntervalSeconds"":10.0,""minimumValidReactionSeconds"":0.10000000149011612,""randomSeed"":1849250487}",,0,0.000000,0.763001,CorrectSidePress,1,0,0,-1,Correct,1,0.763001,461.869650,0.763001,0.000000,0,1,PlusMinusKeys,0,1
20261009T041907436Z_6f6b68022d1342e0860b2fcf57f40f43,,,1,1,TrialFinished,Visual,2026-10-09T04:26:49.3171859Z,461.869650,453.254296,22978,8,1,OperatingTarget,0,0,1,53,Left,-1,-1,Correct,1,0.763001,1,0,-1.000000,TaskSwitchPedal,0,0.500000,0.200000,,0.100000,5.000000,10.000000,1849250487,456.371718,455.607149,455.608717,461.105080,461.106649,0.001569,461.869650,0,0,8,1,OperatingTarget,Place,Place.PlacementLowering,Place,Place.PlacementLowering,1,"{""pedalAxisName"":""TaskSwitchPedal"",""usePlusMinusKeys"":true,""positivePedalKey"":61,""negativePedalKey"":45,""invertPedalAxis"":false,""pressThreshold"":0.5,""releaseThreshold"":0.20000000298023225,""minimumIntervalSeconds"":5.0,""maximumIntervalSeconds"":10.0,""minimumValidReactionSeconds"":0.10000000149011612,""randomSeed"":1849250487}",,0,0.000000,0.763001,CorrectSidePress,1,0,0,-1,Correct,1,0.763001,461.869650,0.763001,0.000000,0,1,PlusMinusKeys,0,1
20261009T041907436Z_6f6b68022d1342e0860b2fcf57f40f43,,,1,1,StimulusScheduled,Visual,2026-10-09T04:26:49.3171859Z,461.870077,453.254296,22978,8,1,OperatingTarget,0,0,1,54,Left,-1,,,,,0,0,-1.000000,TaskSwitchPedal,0,0.500000,0.200000,,0.100000,5.000000,10.000000,1849250487,456.372146,466.126506,,471.624437,,,,0,0,,,,,,Place,Place.PlacementLowering,1,"{""pedalAxisName"":""TaskSwitchPedal"",""usePlusMinusKeys"":true,""positivePedalKey"":61,""negativePedalKey"":45,""invertPedalAxis"":false,""pressThreshold"":0.5,""releaseThreshold"":0.20000000298023225,""minimumIntervalSeconds"":5.0,""maximumIntervalSeconds"":10.0,""minimumValidReactionSeconds"":0.10000000149011612,""randomSeed"":1849250487}",,0,0.000000,,CorrectSidePress,0,0,0,,,,,,,0.000000,0,1,PlusMinusKeys,0,1
20261009T041907436Z_6f6b68022d1342e0860b2fcf57f40f43,,,1,1,StimulusOnsetObserved,Visual,2026-10-09T04:26:59.0812024Z,471.632921,463.018586,23400,8,1,OperatingTarget,0,0,1,54,Left,-1,,,,,1,0,0.000000,TaskSwitchPedal,0,0.500000,0.200000,,0.100000,5.000000,10.000000,1849250487,466.134989,466.126506,466.134989,471.624437,471.632921,0.008484,,1,0,8,1,OperatingTarget,Place,Place.PostPlacementRaising,Place,Place.PostPlacementRaising,1,"{""pedalAxisName"":""TaskSwitchPedal"",""usePlusMinusKeys"":true,""positivePedalKey"":61,""negativePedalKey"":45,""invertPedalAxis"":false,""pressThreshold"":0.5,""releaseThreshold"":0.20000000298023225,""minimumIntervalSeconds"":5.0,""maximumIntervalSeconds"":10.0,""minimumValidReactionSeconds"":0.10000000149011612,""randomSeed"":1849250487}",,0,0.000000,,CorrectSidePress,0,0,0,,,,,,,0.000000,0,0,Axis,0,1
20261009T041907436Z_6f6b68022d1342e0860b2fcf57f40f43,,,1,1,PedalPressed,Visual,2026-10-09T04:27:00.0381469Z,472.589713,463.975161,23448,8,1,OperatingTarget,0,0,1,54,Left,-1,-1,Correct,1,0.956792,1,0,-1.000000,TaskSwitchPedal,0,0.500000,0.200000,,0.100000,5.000000,10.000000,1849250487,467.091782,466.126506,466.134989,471.624437,471.632921,0.008484,472.589713,1,0,8,1,OperatingTarget,Place,Place.PostPlacementRaising,Place,Place.PostPlacementRaising,1,"{""pedalAxisName"":""TaskSwitchPedal"",""usePlusMinusKeys"":true,""positivePedalKey"":61,""negativePedalKey"":45,""invertPedalAxis"":false,""pressThreshold"":0.5,""releaseThreshold"":0.20000000298023225,""minimumIntervalSeconds"":5.0,""maximumIntervalSeconds"":10.0,""minimumValidReactionSeconds"":0.10000000149011612,""randomSeed"":1849250487}",,0,0.000000,0.956792,CorrectSidePress,1,0,0,-1,Correct,1,0.956792,472.589713,0.956792,0.000000,0,1,PlusMinusKeys,0,1
20261009T041907436Z_6f6b68022d1342e0860b2fcf57f40f43,,,1,1,TrialFinished,Visual,2026-10-09T04:27:00.0381469Z,472.589713,463.975161,23448,8,1,OperatingTarget,0,0,1,54,Left,-1,-1,Correct,1,0.956792,1,0,-1.000000,TaskSwitchPedal,0,0.500000,0.200000,,0.100000,5.000000,10.000000,1849250487,467.091782,466.126506,466.134989,471.624437,471.632921,0.008484,472.589713,0,0,8,1,OperatingTarget,Place,Place.PostPlacementRaising,Place,Place.PostPlacementRaising,1,"{""pedalAxisName"":""TaskSwitchPedal"",""usePlusMinusKeys"":true,""positivePedalKey"":61,""negativePedalKey"":45,""invertPedalAxis"":false,""pressThreshold"":0.5,""releaseThreshold"":0.20000000298023225,""minimumIntervalSeconds"":5.0,""maximumIntervalSeconds"":10.0,""minimumValidReactionSeconds"":0.10000000149011612,""randomSeed"":1849250487}",,0,0.000000,0.956792,CorrectSidePress,1,0,0,-1,Correct,1,0.956792,472.589713,0.956792,0.000000,0,1,PlusMinusKeys,0,1
20261009T041907436Z_6f6b68022d1342e0860b2fcf57f40f43,,,1,1,StimulusScheduled,Visual,2026-10-09T04:27:00.0381469Z,472.590074,463.975161,23448,8,1,OperatingTarget,0,0,1,55,Left,-1,,,,,0,0,-1.000000,TaskSwitchPedal,0,0.500000,0.200000,,0.100000,5.000000,10.000000,1849250487,467.092142,476.138855,,481.636786,,,,0,0,,,,,,Place,Place.PostPlacementRaising,1,"{""pedalAxisName"":""TaskSwitchPedal"",""usePlusMinusKeys"":true,""positivePedalKey"":61,""negativePedalKey"":45,""invertPedalAxis"":false,""pressThreshold"":0.5,""releaseThreshold"":0.20000000298023225,""minimumIntervalSeconds"":5.0,""maximumIntervalSeconds"":10.0,""minimumValidReactionSeconds"":0.10000000149011612,""randomSeed"":1849250487}",,0,0.000000,,CorrectSidePress,0,0,0,,,,,,,0.000000,0,1,PlusMinusKeys,0,1
20261009T041907436Z_6f6b68022d1342e0860b2fcf57f40f43,,,1,1,PedalPressed,Visual,2026-10-09T04:27:00.0979255Z,472.649673,464.034898,23451,8,1,OperatingTarget,0,0,1,,,,-1,FalseAlarm,,,0,0,-1.000000,TaskSwitchPedal,0,0.500000,0.200000,,0.100000,5.000000,10.000000,1849250487,467.151742,,,,,,472.649673,0,0,,,,,,Place,Place.PostPlacementRaising,1,"{""pedalAxisName"":""TaskSwitchPedal"",""usePlusMinusKeys"":true,""positivePedalKey"":61,""negativePedalKey"":45,""invertPedalAxis"":false,""pressThreshold"":0.5,""releaseThreshold"":0.20000000298023225,""minimumIntervalSeconds"":5.0,""maximumIntervalSeconds"":10.0,""minimumValidReactionSeconds"":0.10000000149011612,""randomSeed"":1849250487}",,0,0.000000,,CorrectSidePress,,,,,,,,,,0.000000,0,1,PlusMinusKeys,0,1
20261009T041907436Z_6f6b68022d1342e0860b2fcf57f40f43,,,1,1,StimulusOnsetObserved,Visual,2026-10-09T04:27:09.1010381Z,481.652550,473.037835,23920,8,0,OperatingSource,0,0,1,55,Left,-1,,,,,1,0,0.000000,TaskSwitchPedal,0,0.500000,0.200000,,0.100000,5.000000,10.000000,1849250487,476.154618,476.138855,476.154618,481.636786,481.652550,0.015764,,1,0,8,0,OperatingSource,Move2,Move2.DestinationCoarseMove,Move2,Move2.DestinationCoarseMove,1,"{""pedalAxisName"":""TaskSwitchPedal"",""usePlusMinusKeys"":true,""positivePedalKey"":61,""negativePedalKey"":45,""invertPedalAxis"":false,""pressThreshold"":0.5,""releaseThreshold"":0.20000000298023225,""minimumIntervalSeconds"":5.0,""maximumIntervalSeconds"":10.0,""minimumValidReactionSeconds"":0.10000000149011612,""randomSeed"":1849250487}",,0,0.000000,,CorrectSidePress,0,0,0,,,,,,,0.000000,0,0,Axis,0,1
20261009T041907436Z_6f6b68022d1342e0860b2fcf57f40f43,,,1,1,PedalPressed,Visual,2026-10-09T04:27:10.7349529Z,483.287499,474.672885,23991,8,0,OperatingSource,0,0,1,55,Left,-1,-1,Correct,1,1.634949,1,0,-1.000000,TaskSwitchPedal,0,0.500000,0.200000,,0.100000,5.000000,10.000000,1849250487,477.789568,476.138855,476.154618,481.636786,481.652550,0.015764,483.287499,1,0,8,0,OperatingSource,Move2,Move2.DestinationCoarseMove,Move2,Move2.DestinationCoarseMove,1,"{""pedalAxisName"":""TaskSwitchPedal"",""usePlusMinusKeys"":true,""positivePedalKey"":61,""negativePedalKey"":45,""invertPedalAxis"":false,""pressThreshold"":0.5,""releaseThreshold"":0.20000000298023225,""minimumIntervalSeconds"":5.0,""maximumIntervalSeconds"":10.0,""minimumValidReactionSeconds"":0.10000000149011612,""randomSeed"":1849250487}",,0,0.000000,1.634949,CorrectSidePress,1,0,0,-1,Correct,1,1.634949,483.287499,1.634949,0.000000,0,1,PlusMinusKeys,0,1
20261009T041907436Z_6f6b68022d1342e0860b2fcf57f40f43,,,1,1,TrialFinished,Visual,2026-10-09T04:27:10.7349529Z,483.287499,474.672885,23991,8,0,OperatingSource,0,0,1,55,Left,-1,-1,Correct,1,1.634949,1,0,-1.000000,TaskSwitchPedal,0,0.500000,0.200000,,0.100000,5.000000,10.000000,1849250487,477.789568,476.138855,476.154618,481.636786,481.652550,0.015764,483.287499,0,0,8,0,OperatingSource,Move2,Move2.DestinationCoarseMove,Move2,Move2.DestinationCoarseMove,1,"{""pedalAxisName"":""TaskSwitchPedal"",""usePlusMinusKeys"":true,""positivePedalKey"":61,""negativePedalKey"":45,""invertPedalAxis"":false,""pressThreshold"":0.5,""releaseThreshold"":0.20000000298023225,""minimumIntervalSeconds"":5.0,""maximumIntervalSeconds"":10.0,""minimumValidReactionSeconds"":0.10000000149011612,""randomSeed"":1849250487}",,0,0.000000,1.634949,CorrectSidePress,1,0,0,-1,Correct,1,1.634949,483.287499,1.634949,0.000000,0,1,PlusMinusKeys,0,1
20261009T041907436Z_6f6b68022d1342e0860b2fcf57f40f43,,,1,1,StimulusScheduled,Visual,2026-10-09T04:27:10.7349529Z,483.287824,474.672885,23991,8,0,OperatingSource,0,0,1,56,Right,1,,,,,0,0,-1.000000,TaskSwitchPedal,0,0.500000,0.200000,,0.100000,5.000000,10.000000,1849250487,477.789893,483.123767,,488.621698,,,,0,0,,,,,,Move2,Move2.DestinationCoarseMove,1,"{""pedalAxisName"":""TaskSwitchPedal"",""usePlusMinusKeys"":true,""positivePedalKey"":61,""negativePedalKey"":45,""invertPedalAxis"":false,""pressThreshold"":0.5,""releaseThreshold"":0.20000000298023225,""minimumIntervalSeconds"":5.0,""maximumIntervalSeconds"":10.0,""minimumValidReactionSeconds"":0.10000000149011612,""randomSeed"":1849250487}",,0,0.000000,,CorrectSidePress,0,0,0,,,,,,,0.000000,0,1,PlusMinusKeys,0,1
20261009T041907436Z_6f6b68022d1342e0860b2fcf57f40f43,,,1,1,StimulusOnsetObserved,Visual,2026-10-09T04:27:16.1259180Z,488.678278,480.062997,24183,8,0,OperatingSource,0,0,1,56,Right,1,,,,,1,0,0.000000,TaskSwitchPedal,0,0.500000,0.200000,,0.100000,5.000000,10.000000,1849250487,483.180347,483.123767,483.180347,488.621698,488.678278,0.056580,,0,1,8,0,OperatingSource,Move2,Move2.DestinationCoarseMove,Move2,Move2.DestinationCoarseMove,1,"{""pedalAxisName"":""TaskSwitchPedal"",""usePlusMinusKeys"":true,""positivePedalKey"":61,""negativePedalKey"":45,""invertPedalAxis"":false,""pressThreshold"":0.5,""releaseThreshold"":0.20000000298023225,""minimumIntervalSeconds"":5.0,""maximumIntervalSeconds"":10.0,""minimumValidReactionSeconds"":0.10000000149011612,""randomSeed"":1849250487}",,0,0.000000,,CorrectSidePress,0,0,0,,,,,,,0.000000,0,0,Axis,0,1
20261009T041907436Z_6f6b68022d1342e0860b2fcf57f40f43,,,1,1,PedalPressed,Visual,2026-10-09T04:27:17.0603155Z,489.611884,480.997097,24218,8,0,OperatingSource,0,0,1,56,Right,1,1,Correct,1,0.933606,1,0,1.000000,TaskSwitchPedal,0,0.500000,0.200000,,0.100000,5.000000,10.000000,1849250487,484.113953,483.123767,483.180347,488.621698,488.678278,0.056580,489.611884,0,1,8,0,OperatingSource,Move2,Move2.DestinationCoarseMove,Move2,Move2.DestinationCoarseMove,1,"{""pedalAxisName"":""TaskSwitchPedal"",""usePlusMinusKeys"":true,""positivePedalKey"":61,""negativePedalKey"":45,""invertPedalAxis"":false,""pressThreshold"":0.5,""releaseThreshold"":0.20000000298023225,""minimumIntervalSeconds"":5.0,""maximumIntervalSeconds"":10.0,""minimumValidReactionSeconds"":0.10000000149011612,""randomSeed"":1849250487}",,0,0.000000,0.933606,CorrectSidePress,1,0,0,1,Correct,1,0.933606,489.611884,0.933606,0.000000,1,0,PlusMinusKeys,0,1
20261009T041907436Z_6f6b68022d1342e0860b2fcf57f40f43,,,1,1,TrialFinished,Visual,2026-10-09T04:27:17.0603155Z,489.611884,480.997097,24218,8,0,OperatingSource,0,0,1,56,Right,1,1,Correct,1,0.933606,1,0,1.000000,TaskSwitchPedal,0,0.500000,0.200000,,0.100000,5.000000,10.000000,1849250487,484.113953,483.123767,483.180347,488.621698,488.678278,0.056580,489.611884,0,0,8,0,OperatingSource,Move2,Move2.DestinationCoarseMove,Move2,Move2.DestinationCoarseMove,1,"{""pedalAxisName"":""TaskSwitchPedal"",""usePlusMinusKeys"":true,""positivePedalKey"":61,""negativePedalKey"":45,""invertPedalAxis"":false,""pressThreshold"":0.5,""releaseThreshold"":0.20000000298023225,""minimumIntervalSeconds"":5.0,""maximumIntervalSeconds"":10.0,""minimumValidReactionSeconds"":0.10000000149011612,""randomSeed"":1849250487}",,0,0.000000,0.933606,CorrectSidePress,1,0,0,1,Correct,1,0.933606,489.611884,0.933606,0.000000,1,0,PlusMinusKeys,0,1
20261009T041907436Z_6f6b68022d1342e0860b2fcf57f40f43,,,1,1,StimulusScheduled,Visual,2026-10-09T04:27:17.0603155Z,489.612199,480.997097,24218,8,0,OperatingSource,0,0,1,57,Right,1,,,,,0,0,1.000000,TaskSwitchPedal,0,0.500000,0.200000,,0.100000,5.000000,10.000000,1849250487,484.114268,493.074765,,498.572696,,,,0,0,,,,,,Move2,Move2.DestinationCoarseMove,1,"{""pedalAxisName"":""TaskSwitchPedal"",""usePlusMinusKeys"":true,""positivePedalKey"":61,""negativePedalKey"":45,""invertPedalAxis"":false,""pressThreshold"":0.5,""releaseThreshold"":0.20000000298023225,""minimumIntervalSeconds"":5.0,""maximumIntervalSeconds"":10.0,""minimumValidReactionSeconds"":0.10000000149011612,""randomSeed"":1849250487}",,0,0.000000,,CorrectSidePress,0,0,0,,,,,,,0.000000,1,0,PlusMinusKeys,0,1
20261009T041907436Z_6f6b68022d1342e0860b2fcf57f40f43,,,1,1,StimulusOnsetObserved,Visual,2026-10-09T04:27:26.0319212Z,498.584353,489.969682,24543,8,0,OperatingSource,0,0,1,57,Right,1,,,,,1,0,0.000000,TaskSwitchPedal,0,0.500000,0.200000,,0.100000,5.000000,10.000000,1849250487,493.086422,493.074765,493.086422,498.572696,498.584353,0.011657,,0,1,8,0,OperatingSource,Place,Place.PlacementLowering,Place,Place.PlacementLowering,1,"{""pedalAxisName"":""TaskSwitchPedal"",""usePlusMinusKeys"":true,""positivePedalKey"":61,""negativePedalKey"":45,""invertPedalAxis"":false,""pressThreshold"":0.5,""releaseThreshold"":0.20000000298023225,""minimumIntervalSeconds"":5.0,""maximumIntervalSeconds"":10.0,""minimumValidReactionSeconds"":0.10000000149011612,""randomSeed"":1849250487}",,0,0.000000,,CorrectSidePress,0,0,0,,,,,,,0.000000,0,0,Axis,0,1
20261009T041907436Z_6f6b68022d1342e0860b2fcf57f40f43,,,1,1,PedalPressed,Visual,2026-10-09T04:27:26.9142327Z,499.467217,490.852224,24574,8,0,OperatingSource,0,0,1,57,Right,1,1,Correct,1,0.882864,1,0,1.000000,TaskSwitchPedal,0,0.500000,0.200000,,0.100000,5.000000,10.000000,1849250487,493.969286,493.074765,493.086422,498.572696,498.584353,0.011657,499.467217,0,1,8,0,OperatingSource,Place,Place.PlacementLowering,Place,Place.PlacementLowering,1,"{""pedalAxisName"":""TaskSwitchPedal"",""usePlusMinusKeys"":true,""positivePedalKey"":61,""negativePedalKey"":45,""invertPedalAxis"":false,""pressThreshold"":0.5,""releaseThreshold"":0.20000000298023225,""minimumIntervalSeconds"":5.0,""maximumIntervalSeconds"":10.0,""minimumValidReactionSeconds"":0.10000000149011612,""randomSeed"":1849250487}",,0,0.000000,0.882864,CorrectSidePress,1,0,0,1,Correct,1,0.882864,499.467217,0.882864,0.000000,1,0,PlusMinusKeys,0,1
20261009T041907436Z_6f6b68022d1342e0860b2fcf57f40f43,,,1,1,TrialFinished,Visual,2026-10-09T04:27:26.9157546Z,499.467217,490.852224,24574,8,0,OperatingSource,0,0,1,57,Right,1,1,Correct,1,0.882864,1,0,1.000000,TaskSwitchPedal,0,0.500000,0.200000,,0.100000,5.000000,10.000000,1849250487,493.969286,493.074765,493.086422,498.572696,498.584353,0.011657,499.467217,0,0,8,0,OperatingSource,Place,Place.PlacementLowering,Place,Place.PlacementLowering,1,"{""pedalAxisName"":""TaskSwitchPedal"",""usePlusMinusKeys"":true,""positivePedalKey"":61,""negativePedalKey"":45,""invertPedalAxis"":false,""pressThreshold"":0.5,""releaseThreshold"":0.20000000298023225,""minimumIntervalSeconds"":5.0,""maximumIntervalSeconds"":10.0,""minimumValidReactionSeconds"":0.10000000149011612,""randomSeed"":1849250487}",,0,0.000000,0.882864,CorrectSidePress,1,0,0,1,Correct,1,0.882864,499.467217,0.882864,0.000000,1,0,PlusMinusKeys,0,1
20261009T041907436Z_6f6b68022d1342e0860b2fcf57f40f43,,,1,1,StimulusScheduled,Visual,2026-10-09T04:27:26.9157546Z,499.467582,490.852224,24574,8,0,OperatingSource,0,0,1,58,Left,-1,,,,,0,0,1.000000,TaskSwitchPedal,0,0.500000,0.200000,,0.100000,5.000000,10.000000,1849250487,493.969651,500.488822,,505.986753,,,,0,0,,,,,,Place,Place.PlacementLowering,1,"{""pedalAxisName"":""TaskSwitchPedal"",""usePlusMinusKeys"":true,""positivePedalKey"":61,""negativePedalKey"":45,""invertPedalAxis"":false,""pressThreshold"":0.5,""releaseThreshold"":0.20000000298023225,""minimumIntervalSeconds"":5.0,""maximumIntervalSeconds"":10.0,""minimumValidReactionSeconds"":0.10000000149011612,""randomSeed"":1849250487}",,0,0.000000,,CorrectSidePress,0,0,0,,,,,,,0.000000,1,0,PlusMinusKeys,0,1
20261009T041907436Z_6f6b68022d1342e0860b2fcf57f40f43,,,1,1,StimulusOnsetObserved,Visual,2026-10-09T04:27:33.4453714Z,505.996865,497.383333,24856,8,0,OperatingSource,0,0,1,58,Left,-1,,,,,1,0,0.000000,TaskSwitchPedal,0,0.500000,0.200000,,0.100000,5.000000,10.000000,1849250487,500.498933,500.488822,500.498933,505.986753,505.996865,0.010112,,1,0,8,0,OperatingSource,Place,Place.PostPlacementRaising,Place,Place.PostPlacementRaising,1,"{""pedalAxisName"":""TaskSwitchPedal"",""usePlusMinusKeys"":true,""positivePedalKey"":61,""negativePedalKey"":45,""invertPedalAxis"":false,""pressThreshold"":0.5,""releaseThreshold"":0.20000000298023225,""minimumIntervalSeconds"":5.0,""maximumIntervalSeconds"":10.0,""minimumValidReactionSeconds"":0.10000000149011612,""randomSeed"":1849250487}",,0,0.000000,,CorrectSidePress,0,0,0,,,,,,,0.000000,0,0,Axis,0,1
20261009T041907436Z_6f6b68022d1342e0860b2fcf57f40f43,,,1,1,TrialFinished,Visual,2026-10-09T04:27:33.5628109Z,506.114168,497.497286,24862,8,0,OperatingSource,0,0,1,58,Left,-1,,Interrupted,,,1,0,0.000000,TaskSwitchPedal,0,0.500000,0.200000,,0.100000,5.000000,10.000000,1849250487,500.616226,500.488822,500.498933,505.986753,505.996865,0.010112,,0,0,8,0,OperatingSource,Place,Place.PostPlacementRaising,Place,,1,"{""pedalAxisName"":""TaskSwitchPedal"",""usePlusMinusKeys"":true,""positivePedalKey"":61,""negativePedalKey"":45,""invertPedalAxis"":false,""pressThreshold"":0.5,""releaseThreshold"":0.20000000298023225,""minimumIntervalSeconds"":5.0,""maximumIntervalSeconds"":10.0,""minimumValidReactionSeconds"":0.10000000149011612,""randomSeed"":1849250487}",ExperimentCompleted,0,0.000000,,CorrectSidePress,0,0,0,,,,,,,0.000000,0,0,Axis,0,1
20261009T041907436Z_6f6b68022d1342e0860b2fcf57f40f43,,,1,1,SubtaskStopped,Visual,2026-10-09T04:27:33.5628109Z,506.114762,497.497286,24862,8,0,OperatingSource,0,0,1,,,,,,,,0,0,0.000000,TaskSwitchPedal,0,0.500000,0.200000,,0.100000,5.000000,10.000000,1849250487,500.616832,,,,,,,0,0,,,,,,Place,,1,"{""pedalAxisName"":""TaskSwitchPedal"",""usePlusMinusKeys"":true,""positivePedalKey"":61,""negativePedalKey"":45,""invertPedalAxis"":false,""pressThreshold"":0.5,""releaseThreshold"":0.20000000298023225,""minimumIntervalSeconds"":5.0,""maximumIntervalSeconds"":10.0,""minimumValidReactionSeconds"":0.10000000149011612,""randomSeed"":1849250487}",ExperimentCompleted,0,0.000000,,CorrectSidePress,,,,,,,,,,0.000000,0,0,Axis,0,1
