session_id,participant_id,block_id,experiment_run_index,sample_index,utc_timestamp,real_elapsed_s,simulation_elapsed_s,frame,switch_index,active_crane_index,state,input_locked,global_paused,display_mode,operation_enabled,pause_interval_index,crane_index,role,cycle_instance_id,cycle_number,phase,step,monitoring,cycle_running,cycle_paused,boundary_waiting,step_elapsed_s,condition_stable_s,position_condition_latched,position_exit_hysteresis,world_x,world_y,world_z,target_world_x,target_world_z,signed_error_x,signed_error_z,abs_error_x,abs_error_z,display_x,display_z,attached_board_count,attached_weight_kg,pickup_target_weight_kg,placement_remaining_target_kg,pickup_weight_error_kg,electric_current_a,required_current_a,lift_capacity_kg,safe_current_hold_active,maximum_current_a,safe_hold_release_threshold_a,step_configuration_json,display_weight_ton,x_highlighted,z_highlighted,weight_highlighted,achievement_frame,display_align_tolerance,x_within_display_tolerance,z_within_display_tolerance
20261007T100007181Z_e407267f5160429bb1e8d9eb7b844d2c,,,1,0,2026-10-07T10:00:07.2380152Z,0.043275,0.000000,521,0,-1,Idle,0,1,TaskSwitchDisplay,1,1,0,Source,,1,Move1,,0,0,0,0,0.000000,0.000000,0,0.050000,0.000000,9.363750,0.000000,,,,,,,20.000000,250.000000,0,0.000000,1770.000000,,-1770.000000,0.000000,0.000000,0.000000,0,75.000000,70.000000,,,,,,,,,
20261007T100007181Z_e407267f5160429bb1e8d9eb7b844d2c,,,1,0,2026-10-07T10:00:07.2380152Z,0.043275,0.000000,521,0,-1,Idle,0,1,TaskSwitchDisplay,1,1,1,Target,,1,Move1,,0,0,0,0,0.000000,0.000000,0,0.050000,20.000000,9.363750,0.000000,,,,,,,40.000000,250.000000,0,0.000000,,,,0.000000,0.000000,0.000000,0,75.000000,70.000000,,,,,,,,,
20261007T100007181Z_e407267f5160429bb1e8d9eb7b844d2c,,,1,1,2026-10-07T10:00:07.3122859Z,0.117137,0.132689,523,0,-1,Idle,0,1,TaskSwitchDisplay,1,1,0,Source,,1,Move1,,0,0,0,0,0.000000,0.000000,0,0.050000,0.000000,9.363750,0.000000,,,,,,,20.000000,250.000000,0,0.000000,1770.000000,,-1770.000000,0.000000,0.000000,0.000000,0,75.000000,70.000000,,,,,,,,,
20261007T100007181Z_e407267f5160429bb1e8d9eb7b844d2c,,,1,1,2026-10-07T10:00:07.3122859Z,0.117137,0.132689,523,0,-1,Idle,0,1,TaskSwitchDisplay,1,1,1,Target,,1,Move1,,0,0,0,0,0.000000,0.000000,0,0.050000,20.000000,9.363750,0.000000,,,,,,,40.000000,250.000000,0,0.000000,,,,0.000000,0.000000,0.000000,0,75.000000,70.000000,,,,,,,,,
20261007T100007181Z_e407267f5160429bb1e8d9eb7b844d2c,,,1,2,2026-10-07T10:00:07.3662692Z,0.171332,0.132689,526,0,-1,Idle,0,1,TaskSwitchDisplay,1,1,0,Source,,1,Move1,,0,0,0,0,0.000000,0.000000,0,0.050000,0.000000,9.363750,0.000000,,,,,,,20.000000,250.000000,0,0.000000,1770.000000,,-1770.000000,0.000000,0.000000,0.000000,0,75.000000,70.000000,,,,,,,,,
20261007T100007181Z_e407267f5160429bb1e8d9eb7b844d2c,,,1,2,2026-10-07T10:00:07.3662692Z,0.171332,0.132689,526,0,-1,Idle,0,1,TaskSwitchDisplay,1,1,1,Target,,1,Move1,,0,0,0,0,0.000000,0.000000,0,0.050000,20.000000,9.363750,0.000000,,,,,,,40.000000,250.000000,0,0.000000,,,,0.000000,0.000000,0.000000,0,75.000000,70.000000,,,,,,,,,
20261007T100007181Z_e407267f5160429bb1e8d9eb7b844d2c,,,1,3,2026-10-07T10:00:07.4230115Z,0.227853,0.132689,530,0,-1,Idle,0,1,TaskSwitchDisplay,1,1,0,Source,,1,Move1,,0,0,0,0,0.000000,0.000000,0,0.050000,0.000000,9.363750,0.000000,,,,,,,20.000000,250.000000,0,0.000000,1770.000000,,-1770.000000,0.000000,0.000000,0.000000,0,75.000000,70.000000,,,,,,,,,
20261007T100007181Z_e407267f5160429bb1e8d9eb7b844d2c,,,1,3,2026-10-07T10:00:07.4230115Z,0.227853,0.132689,530,0,-1,Idle,0,1,TaskSwitchDisplay,1,1,1,Target,,1,Move1,,0,0,0,0,0.000000,0.000000,0,0.050000,20.000000,9.363750,0.000000,,,,,,,40.000000,250.000000,0,0.000000,,,,0.000000,0.000000,0.000000,0,75.000000,70.000000,,,,,,,,,
20261007T100007181Z_e407267f5160429bb1e8d9eb7b844d2c,,,1,4,2026-10-07T10:00:07.4766351Z,0.282169,0.132689,534,0,-1,Idle,0,1,TaskSwitchDisplay,1,1,0,Source,,1,Move1,,0,0,0,0,0.000000,0.000000,0,0.050000,0.000000,9.363750,0.000000,,,,,,,20.000000,250.000000,0,0.000000,1770.000000,,-1770.000000,0.000000,0.000000,0.000000,0,75.000000,70.000000,,,,,,,,,
20261007T100007181Z_e407267f5160429bb1e8d9eb7b844d2c,,,1,4,2026-10-07T10:00:07.4766351Z,0.282169,0.132689,534,0,-1,Idle,0,1,TaskSwitchDisplay,1,1,1,Target,,1,Move1,,0,0,0,0,0.000000,0.000000,0,0.050000,20.000000,9.363750,0.000000,,,,,,,40.000000,250.000000,0,0.000000,,,,0.000000,0.000000,0.000000,0,75.000000,70.000000,,,,,,,,,
20261007T100007181Z_e407267f5160429bb1e8d9eb7b844d2c,,,1,5,2026-10-07T10:00:07.5314407Z,0.336598,0.132689,538,0,-1,Idle,0,1,TaskSwitchDisplay,1,1,0,Source,,1,Move1,,0,0,0,0,0.000000,0.000000,0,0.050000,0.000000,9.363750,0.000000,,,,,,,20.000000,250.000000,0,0.000000,1770.000000,,-1770.000000,0.000000,0.000000,0.000000,0,75.000000,70.000000,,,,,,,,,
20261007T100007181Z_e407267f5160429bb1e8d9eb7b844d2c,,,1,5,2026-10-07T10:00:07.5314407Z,0.336598,0.132689,538,0,-1,Idle,0,1,TaskSwitchDisplay,1,1,1,Target,,1,Move1,,0,0,0,0,0.000000,0.000000,0,0.050000,20.000000,9.363750,0.000000,,,,,,,40.000000,250.000000,0,0.000000,,,,0.000000,0.000000,0.000000,0,75.000000,70.000000,,,,,,,,,
20261007T100007181Z_e407267f5160429bb1e8d9eb7b844d2c,,,1,6,2026-10-07T10:00:07.5830877Z,0.388611,0.132689,542,0,-1,Idle,0,1,TaskSwitchDisplay,1,1,0,Source,,1,Move1,,0,0,0,0,0.000000,0.000000,0,0.050000,0.000000,9.363750,0.000000,,,,,,,20.000000,250.000000,0,0.000000,1770.000000,,-1770.000000,0.000000,0.000000,0.000000,0,75.000000,70.000000,,,,,,,,,
20261007T100007181Z_e407267f5160429bb1e8d9eb7b844d2c,,,1,6,2026-10-07T10:00:07.5830877Z,0.388611,0.132689,542,0,-1,Idle,0,1,TaskSwitchDisplay,1,1,1,Target,,1,Move1,,0,0,0,0,0.000000,0.000000,0,0.050000,20.000000,9.363750,0.000000,,,,,,,40.000000,250.000000,0,0.000000,,,,0.000000,0.000000,0.000000,0,75.000000,70.000000,,,,,,,,,
20261007T100007181Z_e407267f5160429bb1e8d9eb7b844d2c,,,1,7,2026-10-07T10:00:07.6431685Z,0.447942,0.132689,546,0,-1,Idle,0,1,TaskSwitchDisplay,1,1,0,Source,,1,Move1,,0,0,0,0,0.000000,0.000000,0,0.050000,0.000000,9.363750,0.000000,,,,,,,20.000000,250.000000,0,0.000000,1770.000000,,-1770.000000,0.000000,0.000000,0.000000,0,75.000000,70.000000,,,,,,,,,
20261007T100007181Z_e407267f5160429bb1e8d9eb7b844d2c,,,1,7,2026-10-07T10:00:07.6431685Z,0.447942,0.132689,546,0,-1,Idle,0,1,TaskSwitchDisplay,1,1,1,Target,,1,Move1,,0,0,0,0,0.000000,0.000000,0,0.050000,20.000000,9.363750,0.000000,,,,,,,40.000000,250.000000,0,0.000000,,,,0.000000,0.000000,0.000000,0,75.000000,70.000000,,,,,,,,,
20261007T100007181Z_e407267f5160429bb1e8d9eb7b844d2c,,,1,8,2026-10-07T10:00:07.6969141Z,0.502463,0.132689,550,0,-1,Idle,0,1,TaskSwitchDisplay,1,1,0,Source,,1,Move1,,0,0,0,0,0.000000,0.000000,0,0.050000,0.000000,9.363750,0.000000,,,,,,,20.000000,250.000000,0,0.000000,1770.000000,,-1770.000000,0.000000,0.000000,0.000000,0,75.000000,70.000000,,,,,,,,,
20261007T100007181Z_e407267f5160429bb1e8d9eb7b844d2c,,,1,8,2026-10-07T10:00:07.6969141Z,0.502463,0.132689,550,0,-1,Idle,0,1,TaskSwitchDisplay,1,1,1,Target,,1,Move1,,0,0,0,0,0.000000,0.000000,0,0.050000,20.000000,9.363750,0.000000,,,,,,,40.000000,250.000000,0,0.000000,,,,0.000000,0.000000,0.000000,0,75.000000,70.000000,,,,,,,,,
20261007T100007181Z_e407267f5160429bb1e8d9eb7b844d2c,,,1,9,2026-10-07T10:00:07.7560352Z,0.561245,0.132689,554,0,-1,Idle,0,1,TaskSwitchDisplay,1,1,0,Source,,1,Move1,,0,0,0,0,0.000000,0.000000,0,0.050000,0.000000,9.363750,0.000000,,,,,,,20.000000,250.000000,0,0.000000,1770.000000,,-1770.000000,0.000000,0.000000,0.000000,0,75.000000,70.000000,,,,,,,,,
20261007T100007181Z_e407267f5160429bb1e8d9eb7b844d2c,,,1,9,2026-10-07T10:00:07.7560352Z,0.561245,0.132689,554,0,-1,Idle,0,1,TaskSwitchDisplay,1,1,1,Target,,1,Move1,,0,0,0,0,0.000000,0.000000,0,0.050000,20.000000,9.363750,0.000000,,,,,,,40.000000,250.000000,0,0.000000,,,,0.000000,0.000000,0.000000,0,75.000000,70.000000,,,,,,,,,
20261007T100007181Z_e407267f5160429bb1e8d9eb7b844d2c,,,1,10,2026-10-07T10:00:07.8163659Z,0.621262,0.132689,558,0,-1,Idle,0,1,TaskSwitchDisplay,1,1,0,Source,,1,Move1,,0,0,0,0,0.000000,0.000000,0,0.050000,0.000000,9.363750,0.000000,,,,,,,20.000000,250.000000,0,0.000000,1770.000000,,-1770.000000,0.000000,0.000000,0.000000,0,75.000000,70.000000,,,,,,,,,
20261007T100007181Z_e407267f5160429bb1e8d9eb7b844d2c,,,1,10,2026-10-07T10:00:07.8163659Z,0.621262,0.132689,558,0,-1,Idle,0,1,TaskSwitchDisplay,1,1,1,Target,,1,Move1,,0,0,0,0,0.000000,0.000000,0,0.050000,20.000000,9.363750,0.000000,,,,,,,40.000000,250.000000,0,0.000000,,,,0.000000,0.000000,0.000000,0,75.000000,70.000000,,,,,,,,,
20261007T100007181Z_e407267f5160429bb1e8d9eb7b844d2c,,,1,11,2026-10-07T10:00:07.8694052Z,0.674920,0.132689,561,0,-1,Idle,0,1,TaskSwitchDisplay,1,1,0,Source,,1,Move1,,0,0,0,0,0.000000,0.000000,0,0.050000,0.000000,9.363750,0.000000,,,,,,,20.000000,250.000000,0,0.000000,1770.000000,,-1770.000000,0.000000,0.000000,0.000000,0,75.000000,70.000000,,,,,,,,,
20261007T100007181Z_e407267f5160429bb1e8d9eb7b844d2c,,,1,11,2026-10-07T10:00:07.8694052Z,0.674920,0.132689,561,0,-1,Idle,0,1,TaskSwitchDisplay,1,1,1,Target,,1,Move1,,0,0,0,0,0.000000,0.000000,0,0.050000,20.000000,9.363750,0.000000,,,,,,,40.000000,250.000000,0,0.000000,,,,0.000000,0.000000,0.000000,0,75.000000,70.000000,,,,,,,,,
20261007T100007181Z_e407267f5160429bb1e8d9eb7b844d2c,,,1,12,2026-10-07T10:00:07.9240524Z,0.729621,0.132689,564,0,-1,Idle,0,1,TaskSwitchDisplay,1,1,0,Source,,1,Move1,,0,0,0,0,0.000000,0.000000,0,0.050000,0.000000,9.363750,0.000000,,,,,,,20.000000,250.000000,0,0.000000,1770.000000,,-1770.000000,0.000000,0.000000,0.000000,0,75.000000,70.000000,,,,,,,,,
20261007T100007181Z_e407267f5160429bb1e8d9eb7b844d2c,,,1,12,2026-10-07T10:00:07.9240524Z,0.729621,0.132689,564,0,-1,Idle,0,1,TaskSwitchDisplay,1,1,1,Target,,1,Move1,,0,0,0,0,0.000000,0.000000,0,0.050000,20.000000,9.363750,0.000000,,,,,,,40.000000,250.000000,0,0.000000,,,,0.000000,0.000000,0.000000,0,75.000000,70.000000,,,,,,,,,
20261007T100007181Z_e407267f5160429bb1e8d9eb7b844d2c,,,1,13,2026-10-07T10:00:07.9902407Z,0.795408,0.132689,568,0,-1,Idle,0,1,TaskSwitchDisplay,1,1,0,Source,,1,Move1,,0,0,0,0,0.000000,0.000000,0,0.050000,0.000000,9.363750,0.000000,,,,,,,20.000000,250.000000,0,0.000000,1770.000000,,-1770.000000,0.000000,0.000000,0.000000,0,75.000000,70.000000,,,,,,,,,
20261007T100007181Z_e407267f5160429bb1e8d9eb7b844d2c,,,1,13,2026-10-07T10:00:07.9902407Z,0.795408,0.132689,568,0,-1,Idle,0,1,TaskSwitchDisplay,1,1,1,Target,,1,Move1,,0,0,0,0,0.000000,0.000000,0,0.050000,20.000000,9.363750,0.000000,,,,,,,40.000000,250.000000,0,0.000000,,,,0.000000,0.000000,0.000000,0,75.000000,70.000000,,,,,,,,,
20261007T100007181Z_e407267f5160429bb1e8d9eb7b844d2c,,,1,14,2026-10-07T10:00:08.0418286Z,0.846570,0.132689,571,0,-1,Idle,0,1,TaskSwitchDisplay,1,1,0,Source,,1,Move1,,0,0,0,0,0.000000,0.000000,0,0.050000,0.000000,9.363750,0.000000,,,,,,,20.000000,250.000000,0,0.000000,1770.000000,,-1770.000000,0.000000,0.000000,0.000000,0,75.000000,70.000000,,,,,,,,,
20261007T100007181Z_e407267f5160429bb1e8d9eb7b844d2c,,,1,14,2026-10-07T10:00:08.0418286Z,0.846570,0.132689,571,0,-1,Idle,0,1,TaskSwitchDisplay,1,1,1,Target,,1,Move1,,0,0,0,0,0.000000,0.000000,0,0.050000,20.000000,9.363750,0.000000,,,,,,,40.000000,250.000000,0,0.000000,,,,0.000000,0.000000,0.000000,0,75.000000,70.000000,,,,,,,,,
20261007T100007181Z_e407267f5160429bb1e8d9eb7b844d2c,,,1,15,2026-10-07T10:00:08.0956251Z,0.900775,0.132689,575,0,-1,Idle,0,1,TaskSwitchDisplay,1,1,0,Source,,1,Move1,,0,0,0,0,0.000000,0.000000,0,0.050000,0.000000,9.363750,0.000000,,,,,,,20.000000,250.000000,0,0.000000,1770.000000,,-1770.000000,0.000000,0.000000,0.000000,0,75.000000,70.000000,,,,,,,,,
20261007T100007181Z_e407267f5160429bb1e8d9eb7b844d2c,,,1,15,2026-10-07T10:00:08.0956251Z,0.900775,0.132689,575,0,-1,Idle,0,1,TaskSwitchDisplay,1,1,1,Target,,1,Move1,,0,0,0,0,0.000000,0.000000,0,0.050000,20.000000,9.363750,0.000000,,,,,,,40.000000,250.000000,0,0.000000,,,,0.000000,0.000000,0.000000,0,75.000000,70.000000,,,,,,,,,
20261007T100007181Z_e407267f5160429bb1e8d9eb7b844d2c,,,1,16,2026-10-07T10:00:08.1507626Z,0.956003,0.132689,579,0,-1,Idle,0,1,TaskSwitchDisplay,1,1,0,Source,,1,Move1,,0,0,0,0,0.000000,0.000000,0,0.050000,0.000000,9.363750,0.000000,,,,,,,20.000000,250.000000,0,0.000000,1770.000000,,-1770.000000,0.000000,0.000000,0.000000,0,75.000000,70.000000,,,,,,,,,
20261007T100007181Z_e407267f5160429bb1e8d9eb7b844d2c,,,1,16,2026-10-07T10:00:08.1507626Z,0.956003,0.132689,579,0,-1,Idle,0,1,TaskSwitchDisplay,1,1,1,Target,,1,Move1,,0,0,0,0,0.000000,0.000000,0,0.050000,20.000000,9.363750,0.000000,,,,,,,40.000000,250.000000,0,0.000000,,,,0.000000,0.000000,0.000000,0,75.000000,70.000000,,,,,,,,,
20261007T100007181Z_e407267f5160429bb1e8d9eb7b844d2c,,,1,17,2026-10-07T10:00:08.2158006Z,1.021047,0.132689,583,0,-1,Idle,0,1,TaskSwitchDisplay,1,1,0,Source,,1,Move1,,0,0,0,0,0.000000,0.000000,0,0.050000,0.000000,9.363750,0.000000,,,,,,,20.000000,250.000000,0,0.000000,1770.000000,,-1770.000000,0.000000,0.000000,0.000000,0,75.000000,70.000000,,,,,,,,,
20261007T100007181Z_e407267f5160429bb1e8d9eb7b844d2c,,,1,17,2026-10-07T10:00:08.2158006Z,1.021047,0.132689,583,0,-1,Idle,0,1,TaskSwitchDisplay,1,1,1,Target,,1,Move1,,0,0,0,0,0.000000,0.000000,0,0.050000,20.000000,9.363750,0.000000,,,,,,,40.000000,250.000000,0,0.000000,,,,0.000000,0.000000,0.000000,0,75.000000,70.000000,,,,,,,,,
20261007T100007181Z_e407267f5160429bb1e8d9eb7b844d2c,,,1,18,2026-10-07T10:00:08.2738825Z,1.078843,0.132689,587,0,-1,Idle,0,1,TaskSwitchDisplay,1,1,0,Source,,1,Move1,,0,0,0,0,0.000000,0.000000,0,0.050000,0.000000,9.363750,0.000000,,,,,,,20.000000,250.000000,0,0.000000,1770.000000,,-1770.000000,0.000000,0.000000,0.000000,0,75.000000,70.000000,,,,,,,,,
20261007T100007181Z_e407267f5160429bb1e8d9eb7b844d2c,,,1,18,2026-10-07T10:00:08.2738825Z,1.078843,0.132689,587,0,-1,Idle,0,1,TaskSwitchDisplay,1,1,1,Target,,1,Move1,,0,0,0,0,0.000000,0.000000,0,0.050000,20.000000,9.363750,0.000000,,,,,,,40.000000,250.000000,0,0.000000,,,,0.000000,0.000000,0.000000,0,75.000000,70.000000,,,,,,,,,
20261007T100007181Z_e407267f5160429bb1e8d9eb7b844d2c,,,1,19,2026-10-07T10:00:08.3326282Z,1.137420,0.132689,591,0,-1,Idle,0,1,TaskSwitchDisplay,1,1,0,Source,,1,Move1,,0,0,0,0,0.000000,0.000000,0,0.050000,0.000000,9.363750,0.000000,,,,,,,20.000000,250.000000,0,0.000000,1770.000000,,-1770.000000,0.000000,0.000000,0.000000,0,75.000000,70.000000,,,,,,,,,
20261007T100007181Z_e407267f5160429bb1e8d9eb7b844d2c,,,1,19,2026-10-07T10:00:08.3326282Z,1.137420,0.132689,591,0,-1,Idle,0,1,TaskSwitchDisplay,1,1,1,Target,,1,Move1,,0,0,0,0,0.000000,0.000000,0,0.050000,20.000000,9.363750,0.000000,,,,,,,40.000000,250.000000,0,0.000000,,,,0.000000,0.000000,0.000000,0,75.000000,70.000000,,,,,,,,,
20261007T100007181Z_e407267f5160429bb1e8d9eb7b844d2c,,,1,20,2026-10-07T10:00:08.3880938Z,1.193283,0.132689,595,0,-1,Idle,0,1,TaskSwitchDisplay,1,1,0,Source,,1,Move1,,0,0,0,0,0.000000,0.000000,0,0.050000,0.000000,9.363750,0.000000,,,,,,,20.000000,250.000000,0,0.000000,1770.000000,,-1770.000000,0.000000,0.000000,0.000000,0,75.000000,70.000000,,,,,,,,,
20261007T100007181Z_e407267f5160429bb1e8d9eb7b844d2c,,,1,20,2026-10-07T10:00:08.3880938Z,1.193283,0.132689,595,0,-1,Idle,0,1,TaskSwitchDisplay,1,1,1,Target,,1,Move1,,0,0,0,0,0.000000,0.000000,0,0.050000,20.000000,9.363750,0.000000,,,,,,,40.000000,250.000000,0,0.000000,,,,0.000000,0.000000,0.000000,0,75.000000,70.000000,,,,,,,,,
20261007T100007181Z_e407267f5160429bb1e8d9eb7b844d2c,,,1,21,2026-10-07T10:00:08.4419176Z,1.247586,0.132689,599,0,-1,Idle,0,1,TaskSwitchDisplay,1,1,0,Source,,1,Move1,,0,0,0,0,0.000000,0.000000,0,0.050000,0.000000,9.363750,0.000000,,,,,,,20.000000,250.000000,0,0.000000,1770.000000,,-1770.000000,0.000000,0.000000,0.000000,0,75.000000,70.000000,,,,,,,,,
20261007T100007181Z_e407267f5160429bb1e8d9eb7b844d2c,,,1,21,2026-10-07T10:00:08.4419176Z,1.247586,0.132689,599,0,-1,Idle,0,1,TaskSwitchDisplay,1,1,1,Target,,1,Move1,,0,0,0,0,0.000000,0.000000,0,0.050000,20.000000,9.363750,0.000000,,,,,,,40.000000,250.000000,0,0.000000,,,,0.000000,0.000000,0.000000,0,75.000000,70.000000,,,,,,,,,
20261007T100007181Z_e407267f5160429bb1e8d9eb7b844d2c,,,1,22,2026-10-07T10:00:08.4946497Z,1.300360,0.132689,603,0,-1,Idle,0,1,TaskSwitchDisplay,1,1,0,Source,,1,Move1,,0,0,0,0,0.000000,0.000000,0,0.050000,0.000000,9.363750,0.000000,,,,,,,20.000000,250.000000,0,0.000000,1770.000000,,-1770.000000,0.000000,0.000000,0.000000,0,75.000000,70.000000,,,,,,,,,
20261007T100007181Z_e407267f5160429bb1e8d9eb7b844d2c,,,1,22,2026-10-07T10:00:08.4946497Z,1.300360,0.132689,603,0,-1,Idle,0,1,TaskSwitchDisplay,1,1,1,Target,,1,Move1,,0,0,0,0,0.000000,0.000000,0,0.050000,20.000000,9.363750,0.000000,,,,,,,40.000000,250.000000,0,0.000000,,,,0.000000,0.000000,0.000000,0,75.000000,70.000000,,,,,,,,,
20261007T100007181Z_e407267f5160429bb1e8d9eb7b844d2c,,,1,23,2026-10-07T10:00:08.5575104Z,1.363071,0.132689,607,0,-1,Idle,0,1,TaskSwitchDisplay,1,1,0,Source,,1,Move1,,0,0,0,0,0.000000,0.000000,0,0.050000,0.000000,9.363750,0.000000,,,,,,,20.000000,250.000000,0,0.000000,1770.000000,,-1770.000000,0.000000,0.000000,0.000000,0,75.000000,70.000000,,,,,,,,,
20261007T100007181Z_e407267f5160429bb1e8d9eb7b844d2c,,,1,23,2026-10-07T10:00:08.5575104Z,1.363071,0.132689,607,0,-1,Idle,0,1,TaskSwitchDisplay,1,1,1,Target,,1,Move1,,0,0,0,0,0.000000,0.000000,0,0.050000,20.000000,9.363750,0.000000,,,,,,,40.000000,250.000000,0,0.000000,,,,0.000000,0.000000,0.000000,0,75.000000,70.000000,,,,,,,,,
20261007T100007181Z_e407267f5160429bb1e8d9eb7b844d2c,,,1,24,2026-10-07T10:00:08.6139088Z,1.418822,0.132689,611,0,-1,Idle,0,1,TaskSwitchDisplay,1,1,0,Source,,1,Move1,,0,0,0,0,0.000000,0.000000,0,0.050000,0.000000,9.363750,0.000000,,,,,,,20.000000,250.000000,0,0.000000,1770.000000,,-1770.000000,0.000000,0.000000,0.000000,0,75.000000,70.000000,,,,,,,,,
20261007T100007181Z_e407267f5160429bb1e8d9eb7b844d2c,,,1,24,2026-10-07T10:00:08.6139088Z,1.418822,0.132689,611,0,-1,Idle,0,1,TaskSwitchDisplay,1,1,1,Target,,1,Move1,,0,0,0,0,0.000000,0.000000,0,0.050000,20.000000,9.363750,0.000000,,,,,,,40.000000,250.000000,0,0.000000,,,,0.000000,0.000000,0.000000,0,75.000000,70.000000,,,,,,,,,
20261007T100007181Z_e407267f5160429bb1e8d9eb7b844d2c,,,1,25,2026-10-07T10:00:08.6680108Z,1.473547,0.132689,615,0,-1,Idle,0,1,TaskSwitchDisplay,1,1,0,Source,,1,Move1,,0,0,0,0,0.000000,0.000000,0,0.050000,0.000000,9.363750,0.000000,,,,,,,20.000000,250.000000,0,0.000000,1770.000000,,-1770.000000,0.000000,0.000000,0.000000,0,75.000000,70.000000,,,,,,,,,
20261007T100007181Z_e407267f5160429bb1e8d9eb7b844d2c,,,1,25,2026-10-07T10:00:08.6680108Z,1.473547,0.132689,615,0,-1,Idle,0,1,TaskSwitchDisplay,1,1,1,Target,,1,Move1,,0,0,0,0,0.000000,0.000000,0,0.050000,20.000000,9.363750,0.000000,,,,,,,40.000000,250.000000,0,0.000000,,,,0.000000,0.000000,0.000000,0,75.000000,70.000000,,,,,,,,,
20261007T100007181Z_e407267f5160429bb1e8d9eb7b844d2c,,,1,26,2026-10-07T10:00:08.7219415Z,1.526751,0.132689,619,0,-1,Idle,0,1,TaskSwitchDisplay,1,1,0,Source,,1,Move1,,0,0,0,0,0.000000,0.000000,0,0.050000,0.000000,9.363750,0.000000,,,,,,,20.000000,250.000000,0,0.000000,1770.000000,,-1770.000000,0.000000,0.000000,0.000000,0,75.000000,70.000000,,,,,,,,,
20261007T100007181Z_e407267f5160429bb1e8d9eb7b844d2c,,,1,26,2026-10-07T10:00:08.7219415Z,1.526751,0.132689,619,0,-1,Idle,0,1,TaskSwitchDisplay,1,1,1,Target,,1,Move1,,0,0,0,0,0.000000,0.000000,0,0.050000,20.000000,9.363750,0.000000,,,,,,,40.000000,250.000000,0,0.000000,,,,0.000000,0.000000,0.000000,0,75.000000,70.000000,,,,,,,,,
20261007T100007181Z_e407267f5160429bb1e8d9eb7b844d2c,,,1,27,2026-10-07T10:00:08.7737210Z,1.579649,0.132689,623,0,-1,Idle,0,1,TaskSwitchDisplay,1,1,0,Source,,1,Move1,,0,0,0,0,0.000000,0.000000,0,0.050000,0.000000,9.363750,0.000000,,,,,,,20.000000,250.000000,0,0.000000,1770.000000,,-1770.000000,0.000000,0.000000,0.000000,0,75.000000,70.000000,,,,,,,,,
20261007T100007181Z_e407267f5160429bb1e8d9eb7b844d2c,,,1,27,2026-10-07T10:00:08.7737210Z,1.579649,0.132689,623,0,-1,Idle,0,1,TaskSwitchDisplay,1,1,1,Target,,1,Move1,,0,0,0,0,0.000000,0.000000,0,0.050000,20.000000,9.363750,0.000000,,,,,,,40.000000,250.000000,0,0.000000,,,,0.000000,0.000000,0.000000,0,75.000000,70.000000,,,,,,,,,
20261007T100007181Z_e407267f5160429bb1e8d9eb7b844d2c,,,1,28,2026-10-07T10:00:08.8290545Z,1.634401,0.132689,627,0,-1,Idle,0,1,TaskSwitchDisplay,1,1,0,Source,,1,Move1,,0,0,0,0,0.000000,0.000000,0,0.050000,0.000000,9.363750,0.000000,,,,,,,20.000000,250.000000,0,0.000000,1770.000000,,-1770.000000,0.000000,0.000000,0.000000,0,75.000000,70.000000,,,,,,,,,
20261007T100007181Z_e407267f5160429bb1e8d9eb7b844d2c,,,1,28,2026-10-07T10:00:08.8290545Z,1.634401,0.132689,627,0,-1,Idle,0,1,TaskSwitchDisplay,1,1,1,Target,,1,Move1,,0,0,0,0,0.000000,0.000000,0,0.050000,20.000000,9.363750,0.000000,,,,,,,40.000000,250.000000,0,0.000000,,,,0.000000,0.000000,0.000000,0,75.000000,70.000000,,,,,,,,,
20261007T100007181Z_e407267f5160429bb1e8d9eb7b844d2c,,,1,29,2026-10-07T10:00:08.8822811Z,1.687516,0.132689,631,0,-1,Idle,0,1,TaskSwitchDisplay,1,1,0,Source,,1,Move1,,0,0,0,0,0.000000,0.000000,0,0.050000,0.000000,9.363750,0.000000,,,,,,,20.000000,250.000000,0,0.000000,1770.000000,,-1770.000000,0.000000,0.000000,0.000000,0,75.000000,70.000000,,,,,,,,,
20261007T100007181Z_e407267f5160429bb1e8d9eb7b844d2c,,,1,29,2026-10-07T10:00:08.8822811Z,1.687516,0.132689,631,0,-1,Idle,0,1,TaskSwitchDisplay,1,1,1,Target,,1,Move1,,0,0,0,0,0.000000,0.000000,0,0.050000,20.000000,9.363750,0.000000,,,,,,,40.000000,250.000000,0,0.000000,,,,0.000000,0.000000,0.000000,0,75.000000,70.000000,,,,,,,,,
20261007T100007181Z_e407267f5160429bb1e8d9eb7b844d2c,,,1,30,2026-10-07T10:00:08.9448091Z,1.750564,0.132689,636,0,-1,Idle,0,1,TaskSwitchDisplay,1,1,0,Source,,1,Move1,,0,0,0,0,0.000000,0.000000,0,0.050000,0.000000,9.363750,0.000000,,,,,,,20.000000,250.000000,0,0.000000,1770.000000,,-1770.000000,0.000000,0.000000,0.000000,0,75.000000,70.000000,,,,,,,,,
20261007T100007181Z_e407267f5160429bb1e8d9eb7b844d2c,,,1,30,2026-10-07T10:00:08.9448091Z,1.750564,0.132689,636,0,-1,Idle,0,1,TaskSwitchDisplay,1,1,1,Target,,1,Move1,,0,0,0,0,0.000000,0.000000,0,0.050000,20.000000,9.363750,0.000000,,,,,,,40.000000,250.000000,0,0.000000,,,,0.000000,0.000000,0.000000,0,75.000000,70.000000,,,,,,,,,
20261007T100007181Z_e407267f5160429bb1e8d9eb7b844d2c,,,1,31,2026-10-07T10:00:08.9995067Z,1.804301,0.132689,640,0,-1,Idle,0,1,TaskSwitchDisplay,1,1,0,Source,,1,Move1,,0,0,0,0,0.000000,0.000000,0,0.050000,0.000000,9.363750,0.000000,,,,,,,20.000000,250.000000,0,0.000000,1770.000000,,-1770.000000,0.000000,0.000000,0.000000,0,75.000000,70.000000,,,,,,,,,
20261007T100007181Z_e407267f5160429bb1e8d9eb7b844d2c,,,1,31,2026-10-07T10:00:08.9995067Z,1.804301,0.132689,640,0,-1,Idle,0,1,TaskSwitchDisplay,1,1,1,Target,,1,Move1,,0,0,0,0,0.000000,0.000000,0,0.050000,20.000000,9.363750,0.000000,,,,,,,40.000000,250.000000,0,0.000000,,,,0.000000,0.000000,0.000000,0,75.000000,70.000000,,,,,,,,,
20261007T100007181Z_e407267f5160429bb1e8d9eb7b844d2c,,,1,32,2026-10-07T10:00:09.0519606Z,1.857634,0.132689,644,0,-1,Idle,0,1,TaskSwitchDisplay,1,1,0,Source,,1,Move1,,0,0,0,0,0.000000,0.000000,0,0.050000,0.000000,9.363750,0.000000,,,,,,,20.000000,250.000000,0,0.000000,1770.000000,,-1770.000000,0.000000,0.000000,0.000000,0,75.000000,70.000000,,,,,,,,,
20261007T100007181Z_e407267f5160429bb1e8d9eb7b844d2c,,,1,32,2026-10-07T10:00:09.0519606Z,1.857634,0.132689,644,0,-1,Idle,0,1,TaskSwitchDisplay,1,1,1,Target,,1,Move1,,0,0,0,0,0.000000,0.000000,0,0.050000,20.000000,9.363750,0.000000,,,,,,,40.000000,250.000000,0,0.000000,,,,0.000000,0.000000,0.000000,0,75.000000,70.000000,,,,,,,,,
20261007T100007181Z_e407267f5160429bb1e8d9eb7b844d2c,,,1,33,2026-10-07T10:00:09.1051579Z,1.910119,0.132689,648,0,-1,Idle,0,1,TaskSwitchDisplay,1,1,0,Source,,1,Move1,,0,0,0,0,0.000000,0.000000,0,0.050000,0.000000,9.363750,0.000000,,,,,,,20.000000,250.000000,0,0.000000,1770.000000,,-1770.000000,0.000000,0.000000,0.000000,0,75.000000,70.000000,,,,,,,,,
20261007T100007181Z_e407267f5160429bb1e8d9eb7b844d2c,,,1,33,2026-10-07T10:00:09.1051579Z,1.910119,0.132689,648,0,-1,Idle,0,1,TaskSwitchDisplay,1,1,1,Target,,1,Move1,,0,0,0,0,0.000000,0.000000,0,0.050000,20.000000,9.363750,0.000000,,,,,,,40.000000,250.000000,0,0.000000,,,,0.000000,0.000000,0.000000,0,75.000000,70.000000,,,,,,,,,
20261007T100007181Z_e407267f5160429bb1e8d9eb7b844d2c,,,1,34,2026-10-07T10:00:09.1630425Z,1.968136,0.132689,652,0,-1,Idle,0,1,TaskSwitchDisplay,1,1,0,Source,,1,Move1,,0,0,0,0,0.000000,0.000000,0,0.050000,0.000000,9.363750,0.000000,,,,,,,20.000000,250.000000,0,0.000000,1770.000000,,-1770.000000,0.000000,0.000000,0.000000,0,75.000000,70.000000,,,,,,,,,
20261007T100007181Z_e407267f5160429bb1e8d9eb7b844d2c,,,1,34,2026-10-07T10:00:09.1630425Z,1.968136,0.132689,652,0,-1,Idle,0,1,TaskSwitchDisplay,1,1,1,Target,,1,Move1,,0,0,0,0,0.000000,0.000000,0,0.050000,20.000000,9.363750,0.000000,,,,,,,40.000000,250.000000,0,0.000000,,,,0.000000,0.000000,0.000000,0,75.000000,70.000000,,,,,,,,,
20261007T100007181Z_e407267f5160429bb1e8d9eb7b844d2c,,,1,35,2026-10-07T10:00:09.2204417Z,2.025664,0.132689,656,0,-1,Idle,0,1,TaskSwitchDisplay,1,1,0,Source,,1,Move1,,0,0,0,0,0.000000,0.000000,0,0.050000,0.000000,9.363750,0.000000,,,,,,,20.000000,250.000000,0,0.000000,1770.000000,,-1770.000000,0.000000,0.000000,0.000000,0,75.000000,70.000000,,,,,,,,,
20261007T100007181Z_e407267f5160429bb1e8d9eb7b844d2c,,,1,35,2026-10-07T10:00:09.2204417Z,2.025664,0.132689,656,0,-1,Idle,0,1,TaskSwitchDisplay,1,1,1,Target,,1,Move1,,0,0,0,0,0.000000,0.000000,0,0.050000,20.000000,9.363750,0.000000,,,,,,,40.000000,250.000000,0,0.000000,,,,0.000000,0.000000,0.000000,0,75.000000,70.000000,,,,,,,,,
20261007T100007181Z_e407267f5160429bb1e8d9eb7b844d2c,,,1,36,2026-10-07T10:00:09.2762161Z,2.081446,0.132689,660,0,-1,Idle,0,1,TaskSwitchDisplay,1,1,0,Source,,1,Move1,,0,0,0,0,0.000000,0.000000,0,0.050000,0.000000,9.363750,0.000000,,,,,,,20.000000,250.000000,0,0.000000,1770.000000,,-1770.000000,0.000000,0.000000,0.000000,0,75.000000,70.000000,,,,,,,,,
20261007T100007181Z_e407267f5160429bb1e8d9eb7b844d2c,,,1,36,2026-10-07T10:00:09.2762161Z,2.081446,0.132689,660,0,-1,Idle,0,1,TaskSwitchDisplay,1,1,1,Target,,1,Move1,,0,0,0,0,0.000000,0.000000,0,0.050000,20.000000,9.363750,0.000000,,,,,,,40.000000,250.000000,0,0.000000,,,,0.000000,0.000000,0.000000,0,75.000000,70.000000,,,,,,,,,
20261007T100007181Z_e407267f5160429bb1e8d9eb7b844d2c,,,1,37,2026-10-07T10:00:09.3336026Z,2.138425,0.132689,664,0,-1,Idle,0,1,TaskSwitchDisplay,1,1,0,Source,,1,Move1,,0,0,0,0,0.000000,0.000000,0,0.050000,0.000000,9.363750,0.000000,,,,,,,20.000000,250.000000,0,0.000000,1770.000000,,-1770.000000,0.000000,0.000000,0.000000,0,75.000000,70.000000,,,,,,,,,
20261007T100007181Z_e407267f5160429bb1e8d9eb7b844d2c,,,1,37,2026-10-07T10:00:09.3336026Z,2.138425,0.132689,664,0,-1,Idle,0,1,TaskSwitchDisplay,1,1,1,Target,,1,Move1,,0,0,0,0,0.000000,0.000000,0,0.050000,20.000000,9.363750,0.000000,,,,,,,40.000000,250.000000,0,0.000000,,,,0.000000,0.000000,0.000000,0,75.000000,70.000000,,,,,,,,,
20261007T100007181Z_e407267f5160429bb1e8d9eb7b844d2c,,,1,38,2026-10-07T10:00:09.3883658Z,2.193911,0.132689,668,0,-1,Idle,0,1,TaskSwitchDisplay,1,1,0,Source,,1,Move1,,0,0,0,0,0.000000,0.000000,0,0.050000,0.000000,9.363750,0.000000,,,,,,,20.000000,250.000000,0,0.000000,1770.000000,,-1770.000000,0.000000,0.000000,0.000000,0,75.000000,70.000000,,,,,,,,,
20261007T100007181Z_e407267f5160429bb1e8d9eb7b844d2c,,,1,38,2026-10-07T10:00:09.3883658Z,2.193911,0.132689,668,0,-1,Idle,0,1,TaskSwitchDisplay,1,1,1,Target,,1,Move1,,0,0,0,0,0.000000,0.000000,0,0.050000,20.000000,9.363750,0.000000,,,,,,,40.000000,250.000000,0,0.000000,,,,0.000000,0.000000,0.000000,0,75.000000,70.000000,,,,,,,,,
20261007T100007181Z_e407267f5160429bb1e8d9eb7b844d2c,,,1,39,2026-10-07T10:00:09.4432530Z,2.249050,0.132689,672,0,-1,Idle,0,1,TaskSwitchDisplay,1,1,0,Source,,1,Move1,,0,0,0,0,0.000000,0.000000,0,0.050000,0.000000,9.363750,0.000000,,,,,,,20.000000,250.000000,0,0.000000,1770.000000,,-1770.000000,0.000000,0.000000,0.000000,0,75.000000,70.000000,,,,,,,,,
20261007T100007181Z_e407267f5160429bb1e8d9eb7b844d2c,,,1,39,2026-10-07T10:00:09.4432530Z,2.249050,0.132689,672,0,-1,Idle,0,1,TaskSwitchDisplay,1,1,1,Target,,1,Move1,,0,0,0,0,0.000000,0.000000,0,0.050000,20.000000,9.363750,0.000000,,,,,,,40.000000,250.000000,0,0.000000,,,,0.000000,0.000000,0.000000,0,75.000000,70.000000,,,,,,,,,
20261007T100007181Z_e407267f5160429bb1e8d9eb7b844d2c,,,1,40,2026-10-07T10:00:09.5026165Z,2.307864,0.132689,676,0,-1,Idle,0,1,TaskSwitchDisplay,1,1,0,Source,,1,Move1,,0,0,0,0,0.000000,0.000000,0,0.050000,0.000000,9.363750,0.000000,,,,,,,20.000000,250.000000,0,0.000000,1770.000000,,-1770.000000,0.000000,0.000000,0.000000,0,75.000000,70.000000,,,,,,,,,
20261007T100007181Z_e407267f5160429bb1e8d9eb7b844d2c,,,1,40,2026-10-07T10:00:09.5026165Z,2.307864,0.132689,676,0,-1,Idle,0,1,TaskSwitchDisplay,1,1,1,Target,,1,Move1,,0,0,0,0,0.000000,0.000000,0,0.050000,20.000000,9.363750,0.000000,,,,,,,40.000000,250.000000,0,0.000000,,,,0.000000,0.000000,0.000000,0,75.000000,70.000000,,,,,,,,,
20261007T100007181Z_e407267f5160429bb1e8d9eb7b844d2c,,,1,41,2026-10-07T10:00:09.5691919Z,2.374728,0.132689,680,0,-1,Idle,0,1,TaskSwitchDisplay,1,1,0,Source,,1,Move1,,0,0,0,0,0.000000,0.000000,0,0.050000,0.000000,9.363750,0.000000,,,,,,,20.000000,250.000000,0,0.000000,1770.000000,,-1770.000000,0.000000,0.000000,0.000000,0,75.000000,70.000000,,,,,,,,,
20261007T100007181Z_e407267f5160429bb1e8d9eb7b844d2c,,,1,41,2026-10-07T10:00:09.5691919Z,2.374728,0.132689,680,0,-1,Idle,0,1,TaskSwitchDisplay,1,1,1,Target,,1,Move1,,0,0,0,0,0.000000,0.000000,0,0.050000,20.000000,9.363750,0.000000,,,,,,,40.000000,250.000000,0,0.000000,,,,0.000000,0.000000,0.000000,0,75.000000,70.000000,,,,,,,,,
20261007T100007181Z_e407267f5160429bb1e8d9eb7b844d2c,,,1,42,2026-10-07T10:00:09.6271472Z,2.432350,0.132689,684,0,-1,Idle,0,1,TaskSwitchDisplay,1,1,0,Source,,1,Move1,,0,0,0,0,0.000000,0.000000,0,0.050000,0.000000,9.363750,0.000000,,,,,,,20.000000,250.000000,0,0.000000,1770.000000,,-1770.000000,0.000000,0.000000,0.000000,0,75.000000,70.000000,,,,,,,,,
20261007T100007181Z_e407267f5160429bb1e8d9eb7b844d2c,,,1,42,2026-10-07T10:00:09.6271472Z,2.432350,0.132689,684,0,-1,Idle,0,1,TaskSwitchDisplay,1,1,1,Target,,1,Move1,,0,0,0,0,0.000000,0.000000,0,0.050000,20.000000,9.363750,0.000000,,,,,,,40.000000,250.000000,0,0.000000,,,,0.000000,0.000000,0.000000,0,75.000000,70.000000,,,,,,,,,
20261007T100007181Z_e407267f5160429bb1e8d9eb7b844d2c,,,1,43,2026-10-07T10:00:09.6925034Z,2.497284,0.132689,689,0,-1,Idle,0,1,TaskSwitchDisplay,1,1,0,Source,,1,Move1,,0,0,0,0,0.000000,0.000000,0,0.050000,0.000000,9.363750,0.000000,,,,,,,20.000000,250.000000,0,0.000000,1770.000000,,-1770.000000,0.000000,0.000000,0.000000,0,75.000000,70.000000,,,,,,,,,
20261007T100007181Z_e407267f5160429bb1e8d9eb7b844d2c,,,1,43,2026-10-07T10:00:09.6925034Z,2.497284,0.132689,689,0,-1,Idle,0,1,TaskSwitchDisplay,1,1,1,Target,,1,Move1,,0,0,0,0,0.000000,0.000000,0,0.050000,20.000000,9.363750,0.000000,,,,,,,40.000000,250.000000,0,0.000000,,,,0.000000,0.000000,0.000000,0,75.000000,70.000000,,,,,,,,,
20261007T100007181Z_e407267f5160429bb1e8d9eb7b844d2c,,,1,44,2026-10-07T10:00:09.7459745Z,2.551586,0.132689,693,0,-1,Idle,0,1,TaskSwitchDisplay,1,1,0,Source,,1,Move1,,0,0,0,0,0.000000,0.000000,0,0.050000,0.000000,9.363750,0.000000,,,,,,,20.000000,250.000000,0,0.000000,1770.000000,,-1770.000000,0.000000,0.000000,0.000000,0,75.000000,70.000000,,,,,,,,,
20261007T100007181Z_e407267f5160429bb1e8d9eb7b844d2c,,,1,44,2026-10-07T10:00:09.7459745Z,2.551586,0.132689,693,0,-1,Idle,0,1,TaskSwitchDisplay,1,1,1,Target,,1,Move1,,0,0,0,0,0.000000,0.000000,0,0.050000,20.000000,9.363750,0.000000,,,,,,,40.000000,250.000000,0,0.000000,,,,0.000000,0.000000,0.000000,0,75.000000,70.000000,,,,,,,,,
20261007T100007181Z_e407267f5160429bb1e8d9eb7b844d2c,,,1,45,2026-10-07T10:00:09.7980924Z,2.603308,0.132689,697,0,-1,Idle,0,1,TaskSwitchDisplay,1,1,0,Source,,1,Move1,,0,0,0,0,0.000000,0.000000,0,0.050000,0.000000,9.363750,0.000000,,,,,,,20.000000,250.000000,0,0.000000,1770.000000,,-1770.000000,0.000000,0.000000,0.000000,0,75.000000,70.000000,,,,,,,,,
20261007T100007181Z_e407267f5160429bb1e8d9eb7b844d2c,,,1,45,2026-10-07T10:00:09.7980924Z,2.603308,0.132689,697,0,-1,Idle,0,1,TaskSwitchDisplay,1,1,1,Target,,1,Move1,,0,0,0,0,0.000000,0.000000,0,0.050000,20.000000,9.363750,0.000000,,,,,,,40.000000,250.000000,0,0.000000,,,,0.000000,0.000000,0.000000,0,75.000000,70.000000,,,,,,,,,
20261007T100007181Z_e407267f5160429bb1e8d9eb7b844d2c,,,1,46,2026-10-07T10:00:09.8508591Z,2.656496,0.132689,701,0,-1,Idle,0,1,TaskSwitchDisplay,1,1,0,Source,,1,Move1,,0,0,0,0,0.000000,0.000000,0,0.050000,0.000000,9.363750,0.000000,,,,,,,20.000000,250.000000,0,0.000000,1770.000000,,-1770.000000,0.000000,0.000000,0.000000,0,75.000000,70.000000,,,,,,,,,
20261007T100007181Z_e407267f5160429bb1e8d9eb7b844d2c,,,1,46,2026-10-07T10:00:09.8508591Z,2.656496,0.132689,701,0,-1,Idle,0,1,TaskSwitchDisplay,1,1,1,Target,,1,Move1,,0,0,0,0,0.000000,0.000000,0,0.050000,20.000000,9.363750,0.000000,,,,,,,40.000000,250.000000,0,0.000000,,,,0.000000,0.000000,0.000000,0,75.000000,70.000000,,,,,,,,,
20261007T100007181Z_e407267f5160429bb1e8d9eb7b844d2c,,,1,47,2026-10-07T10:00:09.9033350Z,2.708510,0.132689,705,0,-1,Idle,0,1,TaskSwitchDisplay,1,1,0,Source,,1,Move1,,0,0,0,0,0.000000,0.000000,0,0.050000,0.000000,9.363750,0.000000,,,,,,,20.000000,250.000000,0,0.000000,1770.000000,,-1770.000000,0.000000,0.000000,0.000000,0,75.000000,70.000000,,,,,,,,,
20261007T100007181Z_e407267f5160429bb1e8d9eb7b844d2c,,,1,47,2026-10-07T10:00:09.9033350Z,2.708510,0.132689,705,0,-1,Idle,0,1,TaskSwitchDisplay,1,1,1,Target,,1,Move1,,0,0,0,0,0.000000,0.000000,0,0.050000,20.000000,9.363750,0.000000,,,,,,,40.000000,250.000000,0,0.000000,,,,0.000000,0.000000,0.000000,0,75.000000,70.000000,,,,,,,,,
20261007T100007181Z_e407267f5160429bb1e8d9eb7b844d2c,,,1,48,2026-10-07T10:00:09.9569486Z,2.762334,0.132689,709,0,-1,Idle,0,1,TaskSwitchDisplay,1,1,0,Source,,1,Move1,,0,0,0,0,0.000000,0.000000,0,0.050000,0.000000,9.363750,0.000000,,,,,,,20.000000,250.000000,0,0.000000,1770.000000,,-1770.000000,0.000000,0.000000,0.000000,0,75.000000,70.000000,,,,,,,,,
20261007T100007181Z_e407267f5160429bb1e8d9eb7b844d2c,,,1,48,2026-10-07T10:00:09.9569486Z,2.762334,0.132689,709,0,-1,Idle,0,1,TaskSwitchDisplay,1,1,1,Target,,1,Move1,,0,0,0,0,0.000000,0.000000,0,0.050000,20.000000,9.363750,0.000000,,,,,,,40.000000,250.000000,0,0.000000,,,,0.000000,0.000000,0.000000,0,75.000000,70.000000,,,,,,,,,
20261007T100007181Z_e407267f5160429bb1e8d9eb7b844d2c,,,1,49,2026-10-07T10:00:10.0168104Z,2.821712,0.132689,713,0,-1,Idle,0,1,TaskSwitchDisplay,1,1,0,Source,,1,Move1,,0,0,0,0,0.000000,0.000000,0,0.050000,0.000000,9.363750,0.000000,,,,,,,20.000000,250.000000,0,0.000000,1770.000000,,-1770.000000,0.000000,0.000000,0.000000,0,75.000000,70.000000,,,,,,,,,
20261007T100007181Z_e407267f5160429bb1e8d9eb7b844d2c,,,1,49,2026-10-07T10:00:10.0168104Z,2.821712,0.132689,713,0,-1,Idle,0,1,TaskSwitchDisplay,1,1,1,Target,,1,Move1,,0,0,0,0,0.000000,0.000000,0,0.050000,20.000000,9.363750,0.000000,,,,,,,40.000000,250.000000,0,0.000000,,,,0.000000,0.000000,0.000000,0,75.000000,70.000000,,,,,,,,,
20261007T100007181Z_e407267f5160429bb1e8d9eb7b844d2c,,,1,50,2026-10-07T10:00:10.0765247Z,2.881332,0.132689,717,0,-1,Idle,0,1,TaskSwitchDisplay,1,1,0,Source,,1,Move1,,0,0,0,0,0.000000,0.000000,0,0.050000,0.000000,9.363750,0.000000,,,,,,,20.000000,250.000000,0,0.000000,1770.000000,,-1770.000000,0.000000,0.000000,0.000000,0,75.000000,70.000000,,,,,,,,,
20261007T100007181Z_e407267f5160429bb1e8d9eb7b844d2c,,,1,50,2026-10-07T10:00:10.0765247Z,2.881332,0.132689,717,0,-1,Idle,0,1,TaskSwitchDisplay,1,1,1,Target,,1,Move1,,0,0,0,0,0.000000,0.000000,0,0.050000,20.000000,9.363750,0.000000,,,,,,,40.000000,250.000000,0,0.000000,,,,0.000000,0.000000,0.000000,0,75.000000,70.000000,,,,,,,,,
20261007T100007181Z_e407267f5160429bb1e8d9eb7b844d2c,,,1,51,2026-10-07T10:00:10.1843554Z,2.989366,0.132689,718,0,0,OperatingSource,0,0,TaskSwitchDisplay,1,,0,Source,1,1,Move1,Move1.PickupCoarseMove,1,1,0,0,0.000000,0.000000,0,0.050000,0.000000,9.364000,0.000000,-4.000000,0.000000,4.000000,0.000000,4.000000,0.000000,20.000000,250.000000,0,0.000000,1770.000000,,-1770.000000,0.000000,0.000000,0.000000,0,75.000000,70.000000,"{""stepId"":""Move1.PickupCoarseMove"",""displayName"":""吸着位置へ大まかに移動"",""majorPhase"":0,""completionConditions"":[{""conditionType"":1,""threshold"":0.5,""secondaryThreshold"":0.5},{""conditionType"":3,""threshold"":0.0,""secondaryThreshold"":0.0}],""requiredStableSeconds"":0.4000000059604645}",0.000000,0,1,0,718,0.050000,0,1
20261007T100007181Z_e407267f5160429bb1e8d9eb7b844d2c,,,1,51,2026-10-07T10:00:10.1843554Z,2.989366,0.132689,718,0,0,OperatingSource,0,0,TaskSwitchDisplay,1,,1,Target,,1,Move1,,0,0,0,0,0.000000,0.000000,0,0.050000,20.000000,9.364000,0.000000,16.000000,19.000000,4.000000,-19.000000,4.000000,19.000000,40.000000,250.000000,0,0.000000,,,,0.000000,0.000000,0.000000,0,75.000000,70.000000,,,,,,,,,
20261007T100007181Z_e407267f5160429bb1e8d9eb7b844d2c,,,1,52,2026-10-07T10:00:10.2475531Z,3.053149,0.287560,721,0,0,OperatingSource,0,0,TaskSwitchDisplay,1,,0,Source,1,1,Move1,Move1.PickupCoarseMove,1,1,0,0,0.154871,0.000000,0,0.050000,0.000000,9.364000,0.000000,-4.000000,0.000000,4.000000,0.000000,4.000000,0.000000,20.000000,250.000000,0,0.000000,1770.000000,,-1770.000000,0.000000,0.000000,0.000000,0,75.000000,70.000000,"{""stepId"":""Move1.PickupCoarseMove"",""displayName"":""吸着位置へ大まかに移動"",""majorPhase"":0,""completionConditions"":[{""conditionType"":1,""threshold"":0.5,""secondaryThreshold"":0.5},{""conditionType"":3,""threshold"":0.0,""secondaryThreshold"":0.0}],""requiredStableSeconds"":0.4000000059604645}",0.000000,0,1,0,721,0.050000,0,1
20261007T100007181Z_e407267f5160429bb1e8d9eb7b844d2c,,,1,52,2026-10-07T10:00:10.2475531Z,3.053149,0.287560,721,0,0,OperatingSource,0,0,TaskSwitchDisplay,1,,1,Target,,1,Move1,,0,0,0,0,0.000000,0.000000,0,0.050000,20.000000,9.364000,0.000000,16.000000,19.000000,4.000000,-19.000000,4.000000,19.000000,40.000000,250.000000,0,0.000000,,,,0.000000,0.000000,0.000000,0,75.000000,70.000000,,,,,,,,,
20261007T100007181Z_e407267f5160429bb1e8d9eb7b844d2c,,,1,53,2026-10-07T10:00:10.3032076Z,3.108900,0.342859,725,0,0,OperatingSource,0,0,TaskSwitchDisplay,1,,0,Source,1,1,Move1,Move1.PickupCoarseMove,1,1,0,0,0.210170,0.000000,0,0.050000,0.000000,9.364000,0.000000,-4.000000,0.000000,4.000000,0.000000,4.000000,0.000000,20.000000,250.000000,0,0.000000,1770.000000,,-1770.000000,0.000000,0.000000,0.000000,0,75.000000,70.000000,"{""stepId"":""Move1.PickupCoarseMove"",""displayName"":""吸着位置へ大まかに移動"",""majorPhase"":0,""completionConditions"":[{""conditionType"":1,""threshold"":0.5,""secondaryThreshold"":0.5},{""conditionType"":3,""threshold"":0.0,""secondaryThreshold"":0.0}],""requiredStableSeconds"":0.4000000059604645}",0.000000,0,1,0,725,0.050000,0,1
20261007T100007181Z_e407267f5160429bb1e8d9eb7b844d2c,,,1,53,2026-10-07T10:00:10.3032076Z,3.108900,0.342859,725,0,0,OperatingSource,0,0,TaskSwitchDisplay,1,,1,Target,,1,Move1,,0,0,0,0,0.000000,0.000000,0,0.050000,20.000000,9.364000,0.000000,16.000000,19.000000,4.000000,-19.000000,4.000000,19.000000,40.000000,250.000000,0,0.000000,,,,0.000000,0.000000,0.000000,0,75.000000,70.000000,,,,,,,,,
20261007T100007181Z_e407267f5160429bb1e8d9eb7b844d2c,,,1,54,2026-10-07T10:00:10.3652953Z,3.171558,0.405325,730,0,0,OperatingSource,0,0,TaskSwitchDisplay,1,,0,Source,1,1,Move1,Move1.PickupCoarseMove,1,1,0,0,0.272637,0.000000,0,0.050000,0.000000,9.364000,0.000000,-4.000000,0.000000,4.000000,0.000000,4.000000,0.000000,20.000000,250.000000,0,0.000000,1770.000000,,-1770.000000,0.000000,0.000000,0.000000,0,75.000000,70.000000,"{""stepId"":""Move1.PickupCoarseMove"",""displayName"":""吸着位置へ大まかに移動"",""majorPhase"":0,""completionConditions"":[{""conditionType"":1,""threshold"":0.5,""secondaryThreshold"":0.5},{""conditionType"":3,""threshold"":0.0,""secondaryThreshold"":0.0}],""requiredStableSeconds"":0.4000000059604645}",0.000000,0,1,0,730,0.050000,0,1
20261007T100007181Z_e407267f5160429bb1e8d9eb7b844d2c,,,1,54,2026-10-07T10:00:10.3652953Z,3.171558,0.405325,730,0,0,OperatingSource,0,0,TaskSwitchDisplay,1,,1,Target,,1,Move1,,0,0,0,0,0.000000,0.000000,0,0.050000,20.000000,9.364000,0.000000,16.000000,19.000000,4.000000,-19.000000,4.000000,19.000000,40.000000,250.000000,0,0.000000,,,,0.000000,0.000000,0.000000,0,75.000000,70.000000,,,,,,,,,
20261007T100007181Z_e407267f5160429bb1e8d9eb7b844d2c,,,1,55,2026-10-07T10:00:10.4213023Z,3.226160,0.460689,734,0,0,OperatingSource,0,0,TaskSwitchDisplay,1,,0,Source,1,1,Move1,Move1.PickupCoarseMove,1,1,0,0,0.328000,0.000000,0,0.050000,0.000000,9.364000,0.000000,-4.000000,0.000000,4.000000,0.000000,4.000000,0.000000,20.000000,250.000000,0,0.000000,1770.000000,,-1770.000000,0.000000,0.000000,0.000000,0,75.000000,70.000000,"{""stepId"":""Move1.PickupCoarseMove"",""displayName"":""吸着位置へ大まかに移動"",""majorPhase"":0,""completionConditions"":[{""conditionType"":1,""threshold"":0.5,""secondaryThreshold"":0.5},{""conditionType"":3,""threshold"":0.0,""secondaryThreshold"":0.0}],""requiredStableSeconds"":0.4000000059604645}",0.000000,0,1,0,734,0.050000,0,1
20261007T100007181Z_e407267f5160429bb1e8d9eb7b844d2c,,,1,55,2026-10-07T10:00:10.4213023Z,3.226160,0.460689,734,0,0,OperatingSource,0,0,TaskSwitchDisplay,1,,1,Target,,1,Move1,,0,0,0,0,0.000000,0.000000,0,0.050000,20.000000,9.364000,0.000000,16.000000,19.000000,4.000000,-19.000000,4.000000,19.000000,40.000000,250.000000,0,0.000000,,,,0.000000,0.000000,0.000000,0,75.000000,70.000000,,,,,,,,,
20261007T100007181Z_e407267f5160429bb1e8d9eb7b844d2c,,,1,56,2026-10-07T10:00:10.4766168Z,3.281684,0.516224,738,0,0,OperatingSource,0,0,TaskSwitchDisplay,1,,0,Source,1,1,Move1,Move1.PickupCoarseMove,1,1,0,0,0.383536,0.000000,0,0.050000,0.000000,9.364000,0.000000,-4.000000,0.000000,4.000000,0.000000,4.000000,0.000000,20.000000,250.000000,0,0.000000,1770.000000,,-1770.000000,0.000000,0.000000,0.000000,0,75.000000,70.000000,"{""stepId"":""Move1.PickupCoarseMove"",""displayName"":""吸着位置へ大まかに移動"",""majorPhase"":0,""completionConditions"":[{""conditionType"":1,""threshold"":0.5,""secondaryThreshold"":0.5},{""conditionType"":3,""threshold"":0.0,""secondaryThreshold"":0.0}],""requiredStableSeconds"":0.4000000059604645}",0.000000,0,1,0,738,0.050000,0,1
20261007T100007181Z_e407267f5160429bb1e8d9eb7b844d2c,,,1,56,2026-10-07T10:00:10.4766168Z,3.281684,0.516224,738,0,0,OperatingSource,0,0,TaskSwitchDisplay,1,,1,Target,,1,Move1,,0,0,0,0,0.000000,0.000000,0,0.050000,20.000000,9.364000,0.000000,16.000000,19.000000,4.000000,-19.000000,4.000000,19.000000,40.000000,250.000000,0,0.000000,,,,0.000000,0.000000,0.000000,0,75.000000,70.000000,,,,,,,,,
20261007T100007181Z_e407267f5160429bb1e8d9eb7b844d2c,,,1,57,2026-10-07T10:00:10.5265847Z,3.332360,0.566659,742,0,0,OperatingSource,0,0,TaskSwitchDisplay,1,,0,Source,1,1,Move1,Move1.PickupCoarseMove,1,1,0,0,0.433970,0.000000,0,0.050000,0.000000,9.364000,0.000000,-4.000000,0.000000,4.000000,0.000000,4.000000,0.000000,20.000000,250.000000,0,0.000000,1770.000000,,-1770.000000,0.000000,0.000000,0.000000,0,75.000000,70.000000,"{""stepId"":""Move1.PickupCoarseMove"",""displayName"":""吸着位置へ大まかに移動"",""majorPhase"":0,""completionConditions"":[{""conditionType"":1,""threshold"":0.5,""secondaryThreshold"":0.5},{""conditionType"":3,""threshold"":0.0,""secondaryThreshold"":0.0}],""requiredStableSeconds"":0.4000000059604645}",0.000000,0,1,0,742,0.050000,0,1
20261007T100007181Z_e407267f5160429bb1e8d9eb7b844d2c,,,1,57,2026-10-07T10:00:10.5265847Z,3.332360,0.566659,742,0,0,OperatingSource,0,0,TaskSwitchDisplay,1,,1,Target,,1,Move1,,0,0,0,0,0.000000,0.000000,0,0.050000,20.000000,9.364000,0.000000,16.000000,19.000000,4.000000,-19.000000,4.000000,19.000000,40.000000,250.000000,0,0.000000,,,,0.000000,0.000000,0.000000,0,75.000000,70.000000,,,,,,,,,
20261007T100007181Z_e407267f5160429bb1e8d9eb7b844d2c,,,1,58,2026-10-07T10:00:10.5786049Z,3.384039,0.618722,746,0,0,OperatingSource,0,0,TaskSwitchDisplay,1,,0,Source,1,1,Move1,Move1.PickupCoarseMove,1,1,0,0,0.486033,0.000000,0,0.050000,0.000000,9.364000,0.000000,-4.000000,0.000000,4.000000,0.000000,4.000000,0.000000,20.000000,250.000000,0,0.000000,1770.000000,,-1770.000000,0.000000,0.000000,0.000000,0,75.000000,70.000000,"{""stepId"":""Move1.PickupCoarseMove"",""displayName"":""吸着位置へ大まかに移動"",""majorPhase"":0,""completionConditions"":[{""conditionType"":1,""threshold"":0.5,""secondaryThreshold"":0.5},{""conditionType"":3,""threshold"":0.0,""secondaryThreshold"":0.0}],""requiredStableSeconds"":0.4000000059604645}",0.000000,0,1,0,746,0.050000,0,1
20261007T100007181Z_e407267f5160429bb1e8d9eb7b844d2c,,,1,58,2026-10-07T10:00:10.5786049Z,3.384039,0.618722,746,0,0,OperatingSource,0,0,TaskSwitchDisplay,1,,1,Target,,1,Move1,,0,0,0,0,0.000000,0.000000,0,0.050000,20.000000,9.364000,0.000000,16.000000,19.000000,4.000000,-19.000000,4.000000,19.000000,40.000000,250.000000,0,0.000000,,,,0.000000,0.000000,0.000000,0,75.000000,70.000000,,,,,,,,,
20261007T100007181Z_e407267f5160429bb1e8d9eb7b844d2c,,,1,59,2026-10-07T10:00:10.6404732Z,3.445868,0.680108,751,0,0,OperatingSource,0,0,TaskSwitchDisplay,1,,0,Source,1,1,Move1,Move1.PickupCoarseMove,1,1,0,0,0.547419,0.000000,0,0.050000,0.000000,9.364000,0.000000,-4.000000,0.000000,4.000000,0.000000,4.000000,0.000000,20.000000,250.000000,0,0.000000,1770.000000,,-1770.000000,0.000000,0.000000,0.000000,0,75.000000,70.000000,"{""stepId"":""Move1.PickupCoarseMove"",""displayName"":""吸着位置へ大まかに移動"",""majorPhase"":0,""completionConditions"":[{""conditionType"":1,""threshold"":0.5,""secondaryThreshold"":0.5},{""conditionType"":3,""threshold"":0.0,""secondaryThreshold"":0.0}],""requiredStableSeconds"":0.4000000059604645}",0.000000,0,1,0,751,0.050000,0,1
20261007T100007181Z_e407267f5160429bb1e8d9eb7b844d2c,,,1,59,2026-10-07T10:00:10.6404732Z,3.445868,0.680108,751,0,0,OperatingSource,0,0,TaskSwitchDisplay,1,,1,Target,,1,Move1,,0,0,0,0,0.000000,0.000000,0,0.050000,20.000000,9.364000,0.000000,16.000000,19.000000,4.000000,-19.000000,4.000000,19.000000,40.000000,250.000000,0,0.000000,,,,0.000000,0.000000,0.000000,0,75.000000,70.000000,,,,,,,,,
20261007T100007181Z_e407267f5160429bb1e8d9eb7b844d2c,,,1,60,2026-10-07T10:00:10.7022672Z,3.507920,0.742211,756,0,0,OperatingSource,0,0,TaskSwitchDisplay,1,,0,Source,1,1,Move1,Move1.PickupCoarseMove,1,1,0,0,0.609523,0.000000,0,0.050000,0.000000,9.364000,0.000000,-4.000000,0.000000,4.000000,0.000000,4.000000,0.000000,20.000000,250.000000,0,0.000000,1770.000000,,-1770.000000,0.000000,0.000000,0.000000,0,75.000000,70.000000,"{""stepId"":""Move1.PickupCoarseMove"",""displayName"":""吸着位置へ大まかに移動"",""majorPhase"":0,""completionConditions"":[{""conditionType"":1,""threshold"":0.5,""secondaryThreshold"":0.5},{""conditionType"":3,""threshold"":0.0,""secondaryThreshold"":0.0}],""requiredStableSeconds"":0.4000000059604645}",0.000000,0,1,0,756,0.050000,0,1
20261007T100007181Z_e407267f5160429bb1e8d9eb7b844d2c,,,1,60,2026-10-07T10:00:10.7022672Z,3.507920,0.742211,756,0,0,OperatingSource,0,0,TaskSwitchDisplay,1,,1,Target,,1,Move1,,0,0,0,0,0.000000,0.000000,0,0.050000,20.000000,9.364000,0.000000,16.000000,19.000000,4.000000,-19.000000,4.000000,19.000000,40.000000,250.000000,0,0.000000,,,,0.000000,0.000000,0.000000,0,75.000000,70.000000,,,,,,,,,
20261007T100007181Z_e407267f5160429bb1e8d9eb7b844d2c,,,1,61,2026-10-07T10:00:10.7584143Z,3.563873,0.798521,761,0,0,OperatingSource,0,0,TaskSwitchDisplay,1,,0,Source,1,1,Move1,Move1.PickupCoarseMove,1,1,0,0,0.665833,0.000000,0,0.050000,0.000000,9.364000,0.000000,-4.000000,0.000000,4.000000,0.000000,4.000000,0.000000,20.000000,250.000000,0,0.000000,1770.000000,,-1770.000000,0.000000,0.000000,0.000000,0,75.000000,70.000000,"{""stepId"":""Move1.PickupCoarseMove"",""displayName"":""吸着位置へ大まかに移動"",""majorPhase"":0,""completionConditions"":[{""conditionType"":1,""threshold"":0.5,""secondaryThreshold"":0.5},{""conditionType"":3,""threshold"":0.0,""secondaryThreshold"":0.0}],""requiredStableSeconds"":0.4000000059604645}",0.000000,0,1,0,761,0.050000,0,1
20261007T100007181Z_e407267f5160429bb1e8d9eb7b844d2c,,,1,61,2026-10-07T10:00:10.7584143Z,3.563873,0.798521,761,0,0,OperatingSource,0,0,TaskSwitchDisplay,1,,1,Target,,1,Move1,,0,0,0,0,0.000000,0.000000,0,0.050000,20.000000,9.364000,0.000000,16.000000,19.000000,4.000000,-19.000000,4.000000,19.000000,40.000000,250.000000,0,0.000000,,,,0.000000,0.000000,0.000000,0,75.000000,70.000000,,,,,,,,,
20261007T100007181Z_e407267f5160429bb1e8d9eb7b844d2c,,,1,62,2026-10-07T10:00:10.8118051Z,3.616874,0.851812,766,0,0,OperatingSource,0,0,TaskSwitchDisplay,1,,0,Source,1,1,Move1,Move1.PickupCoarseMove,1,1,0,0,0.719123,0.000000,0,0.050000,0.000000,9.364000,0.000000,-4.000000,0.000000,4.000000,0.000000,4.000000,0.000000,20.000000,250.000000,0,0.000000,1770.000000,,-1770.000000,0.000000,0.000000,0.000000,0,75.000000,70.000000,"{""stepId"":""Move1.PickupCoarseMove"",""displayName"":""吸着位置へ大まかに移動"",""majorPhase"":0,""completionConditions"":[{""conditionType"":1,""threshold"":0.5,""secondaryThreshold"":0.5},{""conditionType"":3,""threshold"":0.0,""secondaryThreshold"":0.0}],""requiredStableSeconds"":0.4000000059604645}",0.000000,0,1,0,766,0.050000,0,1
20261007T100007181Z_e407267f5160429bb1e8d9eb7b844d2c,,,1,62,2026-10-07T10:00:10.8118051Z,3.616874,0.851812,766,0,0,OperatingSource,0,0,TaskSwitchDisplay,1,,1,Target,,1,Move1,,0,0,0,0,0.000000,0.000000,0,0.050000,20.000000,9.364000,0.000000,16.000000,19.000000,4.000000,-19.000000,4.000000,19.000000,40.000000,250.000000,0,0.000000,,,,0.000000,0.000000,0.000000,0,75.000000,70.000000,,,,,,,,,
20261007T100007181Z_e407267f5160429bb1e8d9eb7b844d2c,,,1,63,2026-10-07T10:00:10.8624418Z,3.668049,0.902579,771,0,0,OperatingSource,0,0,TaskSwitchDisplay,1,,0,Source,1,1,Move1,Move1.PickupCoarseMove,1,1,0,0,0.769891,0.000000,0,0.050000,0.000000,9.364000,0.000000,-4.000000,0.000000,4.000000,0.000000,4.000000,0.000000,20.000000,250.000000,0,0.000000,1770.000000,,-1770.000000,0.000000,0.000000,0.000000,0,75.000000,70.000000,"{""stepId"":""Move1.PickupCoarseMove"",""displayName"":""吸着位置へ大まかに移動"",""majorPhase"":0,""completionConditions"":[{""conditionType"":1,""threshold"":0.5,""secondaryThreshold"":0.5},{""conditionType"":3,""threshold"":0.0,""secondaryThreshold"":0.0}],""requiredStableSeconds"":0.4000000059604645}",0.000000,0,1,0,771,0.050000,0,1
20261007T100007181Z_e407267f5160429bb1e8d9eb7b844d2c,,,1,63,2026-10-07T10:00:10.8624418Z,3.668049,0.902579,771,0,0,OperatingSource,0,0,TaskSwitchDisplay,1,,1,Target,,1,Move1,,0,0,0,0,0.000000,0.000000,0,0.050000,20.000000,9.364000,0.000000,16.000000,19.000000,4.000000,-19.000000,4.000000,19.000000,40.000000,250.000000,0,0.000000,,,,0.000000,0.000000,0.000000,0,75.000000,70.000000,,,,,,,,,
20261007T100007181Z_e407267f5160429bb1e8d9eb7b844d2c,,,1,64,2026-10-07T10:00:10.9172845Z,3.722453,0.957455,776,0,0,OperatingSource,0,0,TaskSwitchDisplay,1,,0,Source,1,1,Move1,Move1.PickupCoarseMove,1,1,0,0,0.824766,0.000000,0,0.050000,0.000000,9.364000,0.000000,-4.000000,0.000000,4.000000,0.000000,4.000000,0.000000,20.000000,250.000000,0,0.000000,1770.000000,,-1770.000000,0.000000,0.000000,0.000000,0,75.000000,70.000000,"{""stepId"":""Move1.PickupCoarseMove"",""displayName"":""吸着位置へ大まかに移動"",""majorPhase"":0,""completionConditions"":[{""conditionType"":1,""threshold"":0.5,""secondaryThreshold"":0.5},{""conditionType"":3,""threshold"":0.0,""secondaryThreshold"":0.0}],""requiredStableSeconds"":0.4000000059604645}",0.000000,0,1,0,776,0.050000,0,1
20261007T100007181Z_e407267f5160429bb1e8d9eb7b844d2c,,,1,64,2026-10-07T10:00:10.9172845Z,3.722453,0.957455,776,0,0,OperatingSource,0,0,TaskSwitchDisplay,1,,1,Target,,1,Move1,,0,0,0,0,0.000000,0.000000,0,0.050000,20.000000,9.364000,0.000000,16.000000,19.000000,4.000000,-19.000000,4.000000,19.000000,40.000000,250.000000,0,0.000000,,,,0.000000,0.000000,0.000000,0,75.000000,70.000000,,,,,,,,,
20261007T100007181Z_e407267f5160429bb1e8d9eb7b844d2c,,,1,65,2026-10-07T10:00:10.9706385Z,3.776323,1.011336,781,0,0,OperatingSource,0,0,TaskSwitchDisplay,1,,0,Source,1,1,Move1,Move1.PickupCoarseMove,1,1,0,0,0.878648,0.000000,0,0.050000,0.000000,9.364000,0.000000,-4.000000,0.000000,4.000000,0.000000,4.000000,0.000000,20.000000,250.000000,0,0.000000,1770.000000,,-1770.000000,0.000000,0.000000,0.000000,0,75.000000,70.000000,"{""stepId"":""Move1.PickupCoarseMove"",""displayName"":""吸着位置へ大まかに移動"",""majorPhase"":0,""completionConditions"":[{""conditionType"":1,""threshold"":0.5,""secondaryThreshold"":0.5},{""conditionType"":3,""threshold"":0.0,""secondaryThreshold"":0.0}],""requiredStableSeconds"":0.4000000059604645}",0.000000,0,1,0,781,0.050000,0,1
20261007T100007181Z_e407267f5160429bb1e8d9eb7b844d2c,,,1,65,2026-10-07T10:00:10.9706385Z,3.776323,1.011336,781,0,0,OperatingSource,0,0,TaskSwitchDisplay,1,,1,Target,,1,Move1,,0,0,0,0,0.000000,0.000000,0,0.050000,20.000000,9.364000,0.000000,16.000000,19.000000,4.000000,-19.000000,4.000000,19.000000,40.000000,250.000000,0,0.000000,,,,0.000000,0.000000,0.000000,0,75.000000,70.000000,,,,,,,,,
20261007T100007181Z_e407267f5160429bb1e8d9eb7b844d2c,,,1,66,2026-10-07T10:00:11.0285812Z,3.834174,1.068572,786,0,0,OperatingSource,0,0,TaskSwitchDisplay,1,,0,Source,1,1,Move1,Move1.PickupCoarseMove,1,1,0,0,0.935884,0.000000,0,0.050000,0.000000,9.364000,0.000000,-4.000000,0.000000,4.000000,0.000000,4.000000,0.000000,20.000000,250.000000,0,0.000000,1770.000000,,-1770.000000,0.000000,0.000000,0.000000,0,75.000000,70.000000,"{""stepId"":""Move1.PickupCoarseMove"",""displayName"":""吸着位置へ大まかに移動"",""majorPhase"":0,""completionConditions"":[{""conditionType"":1,""threshold"":0.5,""secondaryThreshold"":0.5},{""conditionType"":3,""threshold"":0.0,""secondaryThreshold"":0.0}],""requiredStableSeconds"":0.4000000059604645}",0.000000,0,1,0,786,0.050000,0,1
20261007T100007181Z_e407267f5160429bb1e8d9eb7b844d2c,,,1,66,2026-10-07T10:00:11.0285812Z,3.834174,1.068572,786,0,0,OperatingSource,0,0,TaskSwitchDisplay,1,,1,Target,,1,Move1,,0,0,0,0,0.000000,0.000000,0,0.050000,20.000000,9.364000,0.000000,16.000000,19.000000,4.000000,-19.000000,4.000000,19.000000,40.000000,250.000000,0,0.000000,,,,0.000000,0.000000,0.000000,0,75.000000,70.000000,,,,,,,,,
20261007T100007181Z_e407267f5160429bb1e8d9eb7b844d2c,,,1,67,2026-10-07T10:00:11.0846758Z,3.889798,1.124188,791,0,0,OperatingSource,0,0,TaskSwitchDisplay,1,,0,Source,1,1,Move1,Move1.PickupCoarseMove,1,1,0,0,0.991500,0.000000,0,0.050000,0.000000,9.364000,0.000000,-4.000000,0.000000,4.000000,0.000000,4.000000,0.000000,20.000000,250.000000,0,0.000000,1770.000000,,-1770.000000,0.000000,0.000000,0.000000,0,75.000000,70.000000,"{""stepId"":""Move1.PickupCoarseMove"",""displayName"":""吸着位置へ大まかに移動"",""majorPhase"":0,""completionConditions"":[{""conditionType"":1,""threshold"":0.5,""secondaryThreshold"":0.5},{""conditionType"":3,""threshold"":0.0,""secondaryThreshold"":0.0}],""requiredStableSeconds"":0.4000000059604645}",0.000000,0,1,0,791,0.050000,0,1
20261007T100007181Z_e407267f5160429bb1e8d9eb7b844d2c,,,1,67,2026-10-07T10:00:11.0846758Z,3.889798,1.124188,791,0,0,OperatingSource,0,0,TaskSwitchDisplay,1,,1,Target,,1,Move1,,0,0,0,0,0.000000,0.000000,0,0.050000,20.000000,9.364000,0.000000,16.000000,19.000000,4.000000,-19.000000,4.000000,19.000000,40.000000,250.000000,0,0.000000,,,,0.000000,0.000000,0.000000,0,75.000000,70.000000,,,,,,,,,
20261007T100007181Z_e407267f5160429bb1e8d9eb7b844d2c,,,1,68,2026-10-07T10:00:11.1362644Z,3.941575,1.176425,796,0,0,OperatingSource,0,0,TaskSwitchDisplay,1,,0,Source,1,1,Move1,Move1.PickupCoarseMove,1,1,0,0,1.043736,0.000000,0,0.050000,0.000000,9.364000,0.000000,-4.000000,0.000000,4.000000,0.000000,4.000000,0.000000,20.000000,250.000000,0,0.000000,1770.000000,,-1770.000000,0.000000,0.000000,0.000000,0,75.000000,70.000000,"{""stepId"":""Move1.PickupCoarseMove"",""displayName"":""吸着位置へ大まかに移動"",""majorPhase"":0,""completionConditions"":[{""conditionType"":1,""threshold"":0.5,""secondaryThreshold"":0.5},{""conditionType"":3,""threshold"":0.0,""secondaryThreshold"":0.0}],""requiredStableSeconds"":0.4000000059604645}",0.000000,0,1,0,796,0.050000,0,1
20261007T100007181Z_e407267f5160429bb1e8d9eb7b844d2c,,,1,68,2026-10-07T10:00:11.1362644Z,3.941575,1.176425,796,0,0,OperatingSource,0,0,TaskSwitchDisplay,1,,1,Target,,1,Move1,,0,0,0,0,0.000000,0.000000,0,0.050000,20.000000,9.364000,0.000000,16.000000,19.000000,4.000000,-19.000000,4.000000,19.000000,40.000000,250.000000,0,0.000000,,,,0.000000,0.000000,0.000000,0,75.000000,70.000000,,,,,,,,,
20261007T100007181Z_e407267f5160429bb1e8d9eb7b844d2c,,,1,69,2026-10-07T10:00:11.1887779Z,3.994954,1.229892,801,0,0,OperatingSource,0,0,TaskSwitchDisplay,1,,0,Source,1,1,Move1,Move1.PickupCoarseMove,1,1,0,0,1.097203,0.000000,0,0.050000,0.000000,9.364000,0.000000,-4.000000,0.000000,4.000000,0.000000,4.000000,0.000000,20.000000,250.000000,0,0.000000,1770.000000,,-1770.000000,0.000000,0.000000,0.000000,0,75.000000,70.000000,"{""stepId"":""Move1.PickupCoarseMove"",""displayName"":""吸着位置へ大まかに移動"",""majorPhase"":0,""completionConditions"":[{""conditionType"":1,""threshold"":0.5,""secondaryThreshold"":0.5},{""conditionType"":3,""threshold"":0.0,""secondaryThreshold"":0.0}],""requiredStableSeconds"":0.4000000059604645}",0.000000,0,1,0,801,0.050000,0,1
20261007T100007181Z_e407267f5160429bb1e8d9eb7b844d2c,,,1,69,2026-10-07T10:00:11.1887779Z,3.994954,1.229892,801,0,0,OperatingSource,0,0,TaskSwitchDisplay,1,,1,Target,,1,Move1,,0,0,0,0,0.000000,0.000000,0,0.050000,20.000000,9.364000,0.000000,16.000000,19.000000,4.000000,-19.000000,4.000000,19.000000,40.000000,250.000000,0,0.000000,,,,0.000000,0.000000,0.000000,0,75.000000,70.000000,,,,,,,,,
20261007T100007181Z_e407267f5160429bb1e8d9eb7b844d2c,,,1,70,2026-10-07T10:00:11.2465804Z,4.051819,1.286119,806,0,0,OperatingSource,0,0,TaskSwitchDisplay,1,,0,Source,1,1,Move1,Move1.PickupCoarseMove,1,1,0,0,1.153430,0.000000,0,0.050000,0.000000,9.364000,0.000000,-4.000000,0.000000,4.000000,0.000000,4.000000,0.000000,20.000000,250.000000,0,0.000000,1770.000000,,-1770.000000,0.000000,0.000000,0.000000,0,75.000000,70.000000,"{""stepId"":""Move1.PickupCoarseMove"",""displayName"":""吸着位置へ大まかに移動"",""majorPhase"":0,""completionConditions"":[{""conditionType"":1,""threshold"":0.5,""secondaryThreshold"":0.5},{""conditionType"":3,""threshold"":0.0,""secondaryThreshold"":0.0}],""requiredStableSeconds"":0.4000000059604645}",0.000000,0,1,0,806,0.050000,0,1
20261007T100007181Z_e407267f5160429bb1e8d9eb7b844d2c,,,1,70,2026-10-07T10:00:11.2465804Z,4.051819,1.286119,806,0,0,OperatingSource,0,0,TaskSwitchDisplay,1,,1,Target,,1,Move1,,0,0,0,0,0.000000,0.000000,0,0.050000,20.000000,9.364000,0.000000,16.000000,19.000000,4.000000,-19.000000,4.000000,19.000000,40.000000,250.000000,0,0.000000,,,,0.000000,0.000000,0.000000,0,75.000000,70.000000,,,,,,,,,
20261007T100007181Z_e407267f5160429bb1e8d9eb7b844d2c,,,1,71,2026-10-07T10:00:11.3008516Z,4.106358,1.340926,811,0,0,OperatingSource,0,0,TaskSwitchDisplay,1,,0,Source,1,1,Move1,Move1.PickupCoarseMove,1,1,0,0,1.208237,0.000000,0,0.050000,0.000000,9.364000,0.000000,-4.000000,0.000000,4.000000,0.000000,4.000000,0.000000,20.000000,250.000000,0,0.000000,1770.000000,,-1770.000000,0.000000,0.000000,0.000000,0,75.000000,70.000000,"{""stepId"":""Move1.PickupCoarseMove"",""displayName"":""吸着位置へ大まかに移動"",""majorPhase"":0,""completionConditions"":[{""conditionType"":1,""threshold"":0.5,""secondaryThreshold"":0.5},{""conditionType"":3,""threshold"":0.0,""secondaryThreshold"":0.0}],""requiredStableSeconds"":0.4000000059604645}",0.000000,0,1,0,811,0.050000,0,1
20261007T100007181Z_e407267f5160429bb1e8d9eb7b844d2c,,,1,71,2026-10-07T10:00:11.3008516Z,4.106358,1.340926,811,0,0,OperatingSource,0,0,TaskSwitchDisplay,1,,1,Target,,1,Move1,,0,0,0,0,0.000000,0.000000,0,0.050000,20.000000,9.364000,0.000000,16.000000,19.000000,4.000000,-19.000000,4.000000,19.000000,40.000000,250.000000,0,0.000000,,,,0.000000,0.000000,0.000000,0,75.000000,70.000000,,,,,,,,,
20261007T100007181Z_e407267f5160429bb1e8d9eb7b844d2c,,,1,72,2026-10-07T10:00:11.3554817Z,4.160609,1.395019,816,0,0,OperatingSource,0,0,TaskSwitchDisplay,1,,0,Source,1,1,Move1,Move1.PickupCoarseMove,1,1,0,0,1.262330,0.000000,0,0.050000,0.000000,9.364000,0.000000,-4.000000,0.000000,4.000000,0.000000,4.000000,0.000000,20.000000,250.000000,0,0.000000,1770.000000,,-1770.000000,0.000000,0.000000,0.000000,0,75.000000,70.000000,"{""stepId"":""Move1.PickupCoarseMove"",""displayName"":""吸着位置へ大まかに移動"",""majorPhase"":0,""completionConditions"":[{""conditionType"":1,""threshold"":0.5,""secondaryThreshold"":0.5},{""conditionType"":3,""threshold"":0.0,""secondaryThreshold"":0.0}],""requiredStableSeconds"":0.4000000059604645}",0.000000,0,1,0,816,0.050000,0,1
20261007T100007181Z_e407267f5160429bb1e8d9eb7b844d2c,,,1,72,2026-10-07T10:00:11.3554817Z,4.160609,1.395019,816,0,0,OperatingSource,0,0,TaskSwitchDisplay,1,,1,Target,,1,Move1,,0,0,0,0,0.000000,0.000000,0,0.050000,20.000000,9.364000,0.000000,16.000000,19.000000,4.000000,-19.000000,4.000000,19.000000,40.000000,250.000000,0,0.000000,,,,0.000000,0.000000,0.000000,0,75.000000,70.000000,,,,,,,,,
20261007T100007181Z_e407267f5160429bb1e8d9eb7b844d2c,,,1,73,2026-10-07T10:00:11.4089567Z,4.214331,1.448839,821,0,0,OperatingSource,0,0,TaskSwitchDisplay,1,,0,Source,1,1,Move1,Move1.PickupCoarseMove,1,1,0,0,1.316150,0.000000,0,0.050000,0.000000,9.364000,0.000000,-4.000000,0.000000,4.000000,0.000000,4.000000,0.000000,20.000000,250.000000,0,0.000000,1770.000000,,-1770.000000,0.000000,0.000000,0.000000,0,75.000000,70.000000,"{""stepId"":""Move1.PickupCoarseMove"",""displayName"":""吸着位置へ大まかに移動"",""majorPhase"":0,""completionConditions"":[{""conditionType"":1,""threshold"":0.5,""secondaryThreshold"":0.5},{""conditionType"":3,""threshold"":0.0,""secondaryThreshold"":0.0}],""requiredStableSeconds"":0.4000000059604645}",0.000000,0,1,0,821,0.050000,0,1
20261007T100007181Z_e407267f5160429bb1e8d9eb7b844d2c,,,1,73,2026-10-07T10:00:11.4089567Z,4.214331,1.448839,821,0,0,OperatingSource,0,0,TaskSwitchDisplay,1,,1,Target,,1,Move1,,0,0,0,0,0.000000,0.000000,0,0.050000,20.000000,9.364000,0.000000,16.000000,19.000000,4.000000,-19.000000,4.000000,19.000000,40.000000,250.000000,0,0.000000,,,,0.000000,0.000000,0.000000,0,75.000000,70.000000,,,,,,,,,
20261007T100007181Z_e407267f5160429bb1e8d9eb7b844d2c,,,1,74,2026-10-07T10:00:11.4634331Z,4.269668,1.503788,826,0,0,OperatingSource,0,0,TaskSwitchDisplay,1,,0,Source,1,1,Move1,Move1.PickupCoarseMove,1,1,0,0,1.371099,0.000000,0,0.050000,0.000000,9.364000,0.000000,-4.000000,0.000000,4.000000,0.000000,4.000000,0.000000,20.000000,250.000000,0,0.000000,1770.000000,,-1770.000000,0.000000,0.000000,0.000000,0,75.000000,70.000000,"{""stepId"":""Move1.PickupCoarseMove"",""displayName"":""吸着位置へ大まかに移動"",""majorPhase"":0,""completionConditions"":[{""conditionType"":1,""threshold"":0.5,""secondaryThreshold"":0.5},{""conditionType"":3,""threshold"":0.0,""secondaryThreshold"":0.0}],""requiredStableSeconds"":0.4000000059604645}",0.000000,0,1,0,826,0.050000,0,1
20261007T100007181Z_e407267f5160429bb1e8d9eb7b844d2c,,,1,74,2026-10-07T10:00:11.4634331Z,4.269668,1.503788,826,0,0,OperatingSource,0,0,TaskSwitchDisplay,1,,1,Target,,1,Move1,,0,0,0,0,0.000000,0.000000,0,0.050000,20.000000,9.364000,0.000000,16.000000,19.000000,4.000000,-19.000000,4.000000,19.000000,40.000000,250.000000,0,0.000000,,,,0.000000,0.000000,0.000000,0,75.000000,70.000000,,,,,,,,,
20261007T100007181Z_e407267f5160429bb1e8d9eb7b844d2c,,,1,75,2026-10-07T10:00:11.5207051Z,4.326376,1.560929,831,0,0,OperatingSource,0,0,TaskSwitchDisplay,1,,0,Source,1,1,Move1,Move1.PickupCoarseMove,1,1,0,0,1.428240,0.000000,0,0.050000,0.000000,9.364000,0.000000,-4.000000,0.000000,4.000000,0.000000,4.000000,0.000000,20.000000,250.000000,0,0.000000,1770.000000,,-1770.000000,0.000000,0.000000,0.000000,0,75.000000,70.000000,"{""stepId"":""Move1.PickupCoarseMove"",""displayName"":""吸着位置へ大まかに移動"",""majorPhase"":0,""completionConditions"":[{""conditionType"":1,""threshold"":0.5,""secondaryThreshold"":0.5},{""conditionType"":3,""threshold"":0.0,""secondaryThreshold"":0.0}],""requiredStableSeconds"":0.4000000059604645}",0.000000,0,1,0,831,0.050000,0,1
20261007T100007181Z_e407267f5160429bb1e8d9eb7b844d2c,,,1,75,2026-10-07T10:00:11.5207051Z,4.326376,1.560929,831,0,0,OperatingSource,0,0,TaskSwitchDisplay,1,,1,Target,,1,Move1,,0,0,0,0,0.000000,0.000000,0,0.050000,20.000000,9.364000,0.000000,16.000000,19.000000,4.000000,-19.000000,4.000000,19.000000,40.000000,250.000000,0,0.000000,,,,0.000000,0.000000,0.000000,0,75.000000,70.000000,,,,,,,,,
20261007T100007181Z_e407267f5160429bb1e8d9eb7b844d2c,,,1,76,2026-10-07T10:00:11.5771981Z,4.382064,1.617051,836,0,0,OperatingSource,0,0,TaskSwitchDisplay,1,,0,Source,1,1,Move1,Move1.PickupCoarseMove,1,1,0,0,1.484362,0.000000,0,0.050000,0.000000,9.364000,0.000000,-4.000000,0.000000,4.000000,0.000000,4.000000,0.000000,20.000000,250.000000,0,0.000000,1770.000000,,-1770.000000,0.000000,0.000000,0.000000,0,75.000000,70.000000,"{""stepId"":""Move1.PickupCoarseMove"",""displayName"":""吸着位置へ大まかに移動"",""majorPhase"":0,""completionConditions"":[{""conditionType"":1,""threshold"":0.5,""secondaryThreshold"":0.5},{""conditionType"":3,""threshold"":0.0,""secondaryThreshold"":0.0}],""requiredStableSeconds"":0.4000000059604645}",0.000000,0,1,0,836,0.050000,0,1
20261007T100007181Z_e407267f5160429bb1e8d9eb7b844d2c,,,1,76,2026-10-07T10:00:11.5771981Z,4.382064,1.617051,836,0,0,OperatingSource,0,0,TaskSwitchDisplay,1,,1,Target,,1,Move1,,0,0,0,0,0.000000,0.000000,0,0.050000,20.000000,9.364000,0.000000,16.000000,19.000000,4.000000,-19.000000,4.000000,19.000000,40.000000,250.000000,0,0.000000,,,,0.000000,0.000000,0.000000,0,75.000000,70.000000,,,,,,,,,
20261007T100007181Z_e407267f5160429bb1e8d9eb7b844d2c,,,1,77,2026-10-07T10:00:11.6344569Z,4.439614,1.674222,841,0,0,OperatingSource,0,0,TaskSwitchDisplay,1,,0,Source,1,1,Move1,Move1.PickupCoarseMove,1,1,0,0,1.541533,0.000000,0,0.050000,0.000000,9.364000,0.000000,-4.000000,0.000000,4.000000,0.000000,4.000000,0.000000,20.000000,250.000000,0,0.000000,1770.000000,,-1770.000000,0.000000,0.000000,0.000000,0,75.000000,70.000000,"{""stepId"":""Move1.PickupCoarseMove"",""displayName"":""吸着位置へ大まかに移動"",""majorPhase"":0,""completionConditions"":[{""conditionType"":1,""threshold"":0.5,""secondaryThreshold"":0.5},{""conditionType"":3,""threshold"":0.0,""secondaryThreshold"":0.0}],""requiredStableSeconds"":0.4000000059604645}",0.000000,0,1,0,841,0.050000,0,1
20261007T100007181Z_e407267f5160429bb1e8d9eb7b844d2c,,,1,77,2026-10-07T10:00:11.6344569Z,4.439614,1.674222,841,0,0,OperatingSource,0,0,TaskSwitchDisplay,1,,1,Target,,1,Move1,,0,0,0,0,0.000000,0.000000,0,0.050000,20.000000,9.364000,0.000000,16.000000,19.000000,4.000000,-19.000000,4.000000,19.000000,40.000000,250.000000,0,0.000000,,,,0.000000,0.000000,0.000000,0,75.000000,70.000000,,,,,,,,,
20261007T100007181Z_e407267f5160429bb1e8d9eb7b844d2c,,,1,78,2026-10-07T10:00:11.6880598Z,4.492972,1.727259,845,0,0,OperatingSource,0,0,TaskSwitchDisplay,1,,0,Source,1,1,Move1,Move1.PickupCoarseMove,1,1,0,0,1.594570,0.000000,0,0.050000,0.000000,9.364000,0.000000,-4.000000,0.000000,4.000000,0.000000,4.000000,0.000000,20.000000,250.000000,0,0.000000,1770.000000,,-1770.000000,0.000000,0.000000,0.000000,0,75.000000,70.000000,"{""stepId"":""Move1.PickupCoarseMove"",""displayName"":""吸着位置へ大まかに移動"",""majorPhase"":0,""completionConditions"":[{""conditionType"":1,""threshold"":0.5,""secondaryThreshold"":0.5},{""conditionType"":3,""threshold"":0.0,""secondaryThreshold"":0.0}],""requiredStableSeconds"":0.4000000059604645}",0.000000,0,1,0,845,0.050000,0,1
20261007T100007181Z_e407267f5160429bb1e8d9eb7b844d2c,,,1,78,2026-10-07T10:00:11.6880598Z,4.492972,1.727259,845,0,0,OperatingSource,0,0,TaskSwitchDisplay,1,,1,Target,,1,Move1,,0,0,0,0,0.000000,0.000000,0,0.050000,20.000000,9.364000,0.000000,16.000000,19.000000,4.000000,-19.000000,4.000000,19.000000,40.000000,250.000000,0,0.000000,,,,0.000000,0.000000,0.000000,0,75.000000,70.000000,,,,,,,,,
20261007T100007181Z_e407267f5160429bb1e8d9eb7b844d2c,,,1,79,2026-10-07T10:00:11.7418900Z,4.547841,1.782052,848,0,0,OperatingSource,0,0,TaskSwitchDisplay,1,,0,Source,1,1,Move1,Move1.PickupCoarseMove,1,1,0,0,1.649363,0.000000,0,0.050000,0.000000,9.364000,0.000000,-4.000000,0.000000,4.000000,0.000000,4.000000,0.000000,20.000000,250.000000,0,0.000000,1770.000000,,-1770.000000,0.000000,0.000000,0.000000,0,75.000000,70.000000,"{""stepId"":""Move1.PickupCoarseMove"",""displayName"":""吸着位置へ大まかに移動"",""majorPhase"":0,""completionConditions"":[{""conditionType"":1,""threshold"":0.5,""secondaryThreshold"":0.5},{""conditionType"":3,""threshold"":0.0,""secondaryThreshold"":0.0}],""requiredStableSeconds"":0.4000000059604645}",0.000000,0,1,0,848,0.050000,0,1
20261007T100007181Z_e407267f5160429bb1e8d9eb7b844d2c,,,1,79,2026-10-07T10:00:11.7418900Z,4.547841,1.782052,848,0,0,OperatingSource,0,0,TaskSwitchDisplay,1,,1,Target,,1,Move1,,0,0,0,0,0.000000,0.000000,0,0.050000,20.000000,9.364000,0.000000,16.000000,19.000000,4.000000,-19.000000,4.000000,19.000000,40.000000,250.000000,0,0.000000,,,,0.000000,0.000000,0.000000,0,75.000000,70.000000,,,,,,,,,
20261007T100007181Z_e407267f5160429bb1e8d9eb7b844d2c,,,1,80,2026-10-07T10:00:11.7957106Z,4.600686,1.835496,852,0,0,OperatingSource,0,0,TaskSwitchDisplay,1,,0,Source,1,1,Move1,Move1.PickupCoarseMove,1,1,0,0,1.702807,0.000000,0,0.050000,0.000000,9.364000,0.000000,-4.000000,0.000000,4.000000,0.000000,4.000000,0.000000,20.000000,250.000000,0,0.000000,1770.000000,,-1770.000000,0.000000,0.000000,0.000000,0,75.000000,70.000000,"{""stepId"":""Move1.PickupCoarseMove"",""displayName"":""吸着位置へ大まかに移動"",""majorPhase"":0,""completionConditions"":[{""conditionType"":1,""threshold"":0.5,""secondaryThreshold"":0.5},{""conditionType"":3,""threshold"":0.0,""secondaryThreshold"":0.0}],""requiredStableSeconds"":0.4000000059604645}",0.000000,0,1,0,852,0.050000,0,1
20261007T100007181Z_e407267f5160429bb1e8d9eb7b844d2c,,,1,80,2026-10-07T10:00:11.7957106Z,4.600686,1.835496,852,0,0,OperatingSource,0,0,TaskSwitchDisplay,1,,1,Target,,1,Move1,,0,0,0,0,0.000000,0.000000,0,0.050000,20.000000,9.364000,0.000000,16.000000,19.000000,4.000000,-19.000000,4.000000,19.000000,40.000000,250.000000,0,0.000000,,,,0.000000,0.000000,0.000000,0,75.000000,70.000000,,,,,,,,,
20261007T100007181Z_e407267f5160429bb1e8d9eb7b844d2c,,,1,81,2026-10-07T10:00:11.8459401Z,4.651859,1.886055,856,0,0,OperatingSource,0,0,TaskSwitchDisplay,1,,0,Source,1,1,Move1,Move1.PickupCoarseMove,1,1,0,0,1.753366,0.000000,0,0.050000,0.000000,9.364000,0.000000,-4.000000,0.000000,4.000000,0.000000,4.000000,0.000000,20.000000,250.000000,0,0.000000,1770.000000,,-1770.000000,0.000000,0.000000,0.000000,0,75.000000,70.000000,"{""stepId"":""Move1.PickupCoarseMove"",""displayName"":""吸着位置へ大まかに移動"",""majorPhase"":0,""completionConditions"":[{""conditionType"":1,""threshold"":0.5,""secondaryThreshold"":0.5},{""conditionType"":3,""threshold"":0.0,""secondaryThreshold"":0.0}],""requiredStableSeconds"":0.4000000059604645}",0.000000,0,1,0,856,0.050000,0,1
20261007T100007181Z_e407267f5160429bb1e8d9eb7b844d2c,,,1,81,2026-10-07T10:00:11.8459401Z,4.651859,1.886055,856,0,0,OperatingSource,0,0,TaskSwitchDisplay,1,,1,Target,,1,Move1,,0,0,0,0,0.000000,0.000000,0,0.050000,20.000000,9.364000,0.000000,16.000000,19.000000,4.000000,-19.000000,4.000000,19.000000,40.000000,250.000000,0,0.000000,,,,0.000000,0.000000,0.000000,0,75.000000,70.000000,,,,,,,,,
20261007T100007181Z_e407267f5160429bb1e8d9eb7b844d2c,,,1,82,2026-10-07T10:00:11.9007165Z,4.706878,1.940929,860,0,0,OperatingSource,0,0,TaskSwitchDisplay,1,,0,Source,1,1,Move1,Move1.PickupCoarseMove,1,1,0,0,1.808240,0.000000,0,0.050000,0.000000,9.364000,0.000000,-4.000000,0.000000,4.000000,0.000000,4.000000,0.000000,20.000000,250.000000,0,0.000000,1770.000000,,-1770.000000,0.000000,0.000000,0.000000,0,75.000000,70.000000,"{""stepId"":""Move1.PickupCoarseMove"",""displayName"":""吸着位置へ大まかに移動"",""majorPhase"":0,""completionConditions"":[{""conditionType"":1,""threshold"":0.5,""secondaryThreshold"":0.5},{""conditionType"":3,""threshold"":0.0,""secondaryThreshold"":0.0}],""requiredStableSeconds"":0.4000000059604645}",0.000000,0,1,0,860,0.050000,0,1
20261007T100007181Z_e407267f5160429bb1e8d9eb7b844d2c,,,1,82,2026-10-07T10:00:11.9007165Z,4.706878,1.940929,860,0,0,OperatingSource,0,0,TaskSwitchDisplay,1,,1,Target,,1,Move1,,0,0,0,0,0.000000,0.000000,0,0.050000,20.000000,9.364000,0.000000,16.000000,19.000000,4.000000,-19.000000,4.000000,19.000000,40.000000,250.000000,0,0.000000,,,,0.000000,0.000000,0.000000,0,75.000000,70.000000,,,,,,,,,
20261007T100007181Z_e407267f5160429bb1e8d9eb7b844d2c,,,1,83,2026-10-07T10:00:11.9667124Z,4.773068,2.007104,865,0,0,OperatingSource,0,0,TaskSwitchDisplay,1,,0,Source,1,1,Move1,Move1.PickupCoarseMove,1,1,0,0,1.874415,0.000000,0,0.050000,0.000000,9.364000,0.000000,-4.000000,0.000000,4.000000,0.000000,4.000000,0.000000,20.000000,250.000000,0,0.000000,1770.000000,,-1770.000000,0.000000,0.000000,0.000000,0,75.000000,70.000000,"{""stepId"":""Move1.PickupCoarseMove"",""displayName"":""吸着位置へ大まかに移動"",""majorPhase"":0,""completionConditions"":[{""conditionType"":1,""threshold"":0.5,""secondaryThreshold"":0.5},{""conditionType"":3,""threshold"":0.0,""secondaryThreshold"":0.0}],""requiredStableSeconds"":0.4000000059604645}",0.000000,0,1,0,865,0.050000,0,1
20261007T100007181Z_e407267f5160429bb1e8d9eb7b844d2c,,,1,83,2026-10-07T10:00:11.9667124Z,4.773068,2.007104,865,0,0,OperatingSource,0,0,TaskSwitchDisplay,1,,1,Target,,1,Move1,,0,0,0,0,0.000000,0.000000,0,0.050000,20.000000,9.364000,0.000000,16.000000,19.000000,4.000000,-19.000000,4.000000,19.000000,40.000000,250.000000,0,0.000000,,,,0.000000,0.000000,0.000000,0,75.000000,70.000000,,,,,,,,,
20261007T100007181Z_e407267f5160429bb1e8d9eb7b844d2c,,,1,84,2026-10-07T10:00:12.0197093Z,4.824787,2.058990,869,0,0,OperatingSource,0,0,TaskSwitchDisplay,1,,0,Source,1,1,Move1,Move1.PickupCoarseMove,1,1,0,0,1.926301,0.000000,0,0.050000,0.000000,9.364000,0.000000,-4.000000,0.000000,4.000000,0.000000,4.000000,0.000000,20.000000,250.000000,0,0.000000,1770.000000,,-1770.000000,0.000000,0.000000,0.000000,0,75.000000,70.000000,"{""stepId"":""Move1.PickupCoarseMove"",""displayName"":""吸着位置へ大まかに移動"",""majorPhase"":0,""completionConditions"":[{""conditionType"":1,""threshold"":0.5,""secondaryThreshold"":0.5},{""conditionType"":3,""threshold"":0.0,""secondaryThreshold"":0.0}],""requiredStableSeconds"":0.4000000059604645}",0.000000,0,1,0,869,0.050000,0,1
20261007T100007181Z_e407267f5160429bb1e8d9eb7b844d2c,,,1,84,2026-10-07T10:00:12.0197093Z,4.824787,2.058990,869,0,0,OperatingSource,0,0,TaskSwitchDisplay,1,,1,Target,,1,Move1,,0,0,0,0,0.000000,0.000000,0,0.050000,20.000000,9.364000,0.000000,16.000000,19.000000,4.000000,-19.000000,4.000000,19.000000,40.000000,250.000000,0,0.000000,,,,0.000000,0.000000,0.000000,0,75.000000,70.000000,,,,,,,,,
20261007T100007181Z_e407267f5160429bb1e8d9eb7b844d2c,,,1,85,2026-10-07T10:00:12.0763429Z,4.882094,2.117050,874,0,0,OperatingSource,0,0,TaskSwitchDisplay,1,,0,Source,1,1,Move1,Move1.PickupCoarseMove,1,1,0,0,1.984361,0.000000,0,0.050000,0.000000,9.364000,0.000000,-4.000000,0.000000,4.000000,0.000000,4.000000,0.000000,20.000000,250.000000,0,0.000000,1770.000000,,-1770.000000,0.000000,0.000000,0.000000,0,75.000000,70.000000,"{""stepId"":""Move1.PickupCoarseMove"",""displayName"":""吸着位置へ大まかに移動"",""majorPhase"":0,""completionConditions"":[{""conditionType"":1,""threshold"":0.5,""secondaryThreshold"":0.5},{""conditionType"":3,""threshold"":0.0,""secondaryThreshold"":0.0}],""requiredStableSeconds"":0.4000000059604645}",0.000000,0,1,0,874,0.050000,0,1
20261007T100007181Z_e407267f5160429bb1e8d9eb7b844d2c,,,1,85,2026-10-07T10:00:12.0763429Z,4.882094,2.117050,874,0,0,OperatingSource,0,0,TaskSwitchDisplay,1,,1,Target,,1,Move1,,0,0,0,0,0.000000,0.000000,0,0.050000,20.000000,9.364000,0.000000,16.000000,19.000000,4.000000,-19.000000,4.000000,19.000000,40.000000,250.000000,0,0.000000,,,,0.000000,0.000000,0.000000,0,75.000000,70.000000,,,,,,,,,
20261007T100007181Z_e407267f5160429bb1e8d9eb7b844d2c,,,1,86,2026-10-07T10:00:12.1327836Z,4.938043,2.173103,879,0,0,OperatingSource,0,0,TaskSwitchDisplay,1,,0,Source,1,1,Move1,Move1.PickupCoarseMove,1,1,0,0,2.040414,0.000000,0,0.050000,0.000000,9.364000,0.000000,-4.000000,0.000000,4.000000,0.000000,4.000000,0.000000,20.000000,250.000000,0,0.000000,1770.000000,,-1770.000000,0.000000,0.000000,0.000000,0,75.000000,70.000000,"{""stepId"":""Move1.PickupCoarseMove"",""displayName"":""吸着位置へ大まかに移動"",""majorPhase"":0,""completionConditions"":[{""conditionType"":1,""threshold"":0.5,""secondaryThreshold"":0.5},{""conditionType"":3,""threshold"":0.0,""secondaryThreshold"":0.0}],""requiredStableSeconds"":0.4000000059604645}",0.000000,0,1,0,879,0.050000,0,1
20261007T100007181Z_e407267f5160429bb1e8d9eb7b844d2c,,,1,86,2026-10-07T10:00:12.1327836Z,4.938043,2.173103,879,0,0,OperatingSource,0,0,TaskSwitchDisplay,1,,1,Target,,1,Move1,,0,0,0,0,0.000000,0.000000,0,0.050000,20.000000,9.364000,0.000000,16.000000,19.000000,4.000000,-19.000000,4.000000,19.000000,40.000000,250.000000,0,0.000000,,,,0.000000,0.000000,0.000000,0,75.000000,70.000000,,,,,,,,,
20261007T100007181Z_e407267f5160429bb1e8d9eb7b844d2c,,,1,87,2026-10-07T10:00:12.1871066Z,4.992663,2.227274,884,0,0,OperatingSource,0,0,TaskSwitchDisplay,1,,0,Source,1,1,Move1,Move1.PickupCoarseMove,1,1,0,0,2.094585,0.000000,0,0.050000,0.000000,9.364000,0.000000,-4.000000,0.000000,4.000000,0.000000,4.000000,0.000000,20.000000,250.000000,0,0.000000,1770.000000,,-1770.000000,0.000000,0.000000,0.000000,0,75.000000,70.000000,"{""stepId"":""Move1.PickupCoarseMove"",""displayName"":""吸着位置へ大まかに移動"",""majorPhase"":0,""completionConditions"":[{""conditionType"":1,""threshold"":0.5,""secondaryThreshold"":0.5},{""conditionType"":3,""threshold"":0.0,""secondaryThreshold"":0.0}],""requiredStableSeconds"":0.4000000059604645}",0.000000,0,1,0,884,0.050000,0,1
20261007T100007181Z_e407267f5160429bb1e8d9eb7b844d2c,,,1,87,2026-10-07T10:00:12.1871066Z,4.992663,2.227274,884,0,0,OperatingSource,0,0,TaskSwitchDisplay,1,,1,Target,,1,Move1,,0,0,0,0,0.000000,0.000000,0,0.050000,20.000000,9.364000,0.000000,16.000000,19.000000,4.000000,-19.000000,4.000000,19.000000,40.000000,250.000000,0,0.000000,,,,0.000000,0.000000,0.000000,0,75.000000,70.000000,,,,,,,,,
20261007T100007181Z_e407267f5160429bb1e8d9eb7b844d2c,,,1,88,2026-10-07T10:00:12.2447734Z,5.050522,2.284827,889,0,0,OperatingSource,0,0,TaskSwitchDisplay,1,,0,Source,1,1,Move1,Move1.PickupCoarseMove,1,1,0,0,2.152138,0.000000,0,0.050000,0.000000,9.364000,0.000000,-4.000000,0.000000,4.000000,0.000000,4.000000,0.000000,20.000000,250.000000,0,0.000000,1770.000000,,-1770.000000,0.000000,0.000000,0.000000,0,75.000000,70.000000,"{""stepId"":""Move1.PickupCoarseMove"",""displayName"":""吸着位置へ大まかに移動"",""majorPhase"":0,""completionConditions"":[{""conditionType"":1,""threshold"":0.5,""secondaryThreshold"":0.5},{""conditionType"":3,""threshold"":0.0,""secondaryThreshold"":0.0}],""requiredStableSeconds"":0.4000000059604645}",0.000000,0,1,0,889,0.050000,0,1
20261007T100007181Z_e407267f5160429bb1e8d9eb7b844d2c,,,1,88,2026-10-07T10:00:12.2447734Z,5.050522,2.284827,889,0,0,OperatingSource,0,0,TaskSwitchDisplay,1,,1,Target,,1,Move1,,0,0,0,0,0.000000,0.000000,0,0.050000,20.000000,9.364000,0.000000,16.000000,19.000000,4.000000,-19.000000,4.000000,19.000000,40.000000,250.000000,0,0.000000,,,,0.000000,0.000000,0.000000,0,75.000000,70.000000,,,,,,,,,
20261007T100007181Z_e407267f5160429bb1e8d9eb7b844d2c,,,1,89,2026-10-07T10:00:12.3022196Z,5.107400,2.341999,894,0,0,OperatingSource,0,0,TaskSwitchDisplay,1,,0,Source,1,1,Move1,Move1.PickupCoarseMove,1,1,0,0,2.209309,0.000000,0,0.050000,0.000000,9.364000,0.000000,-4.000000,0.000000,4.000000,0.000000,4.000000,0.000000,20.000000,250.000000,0,0.000000,1770.000000,,-1770.000000,0.000000,0.000000,0.000000,0,75.000000,70.000000,"{""stepId"":""Move1.PickupCoarseMove"",""displayName"":""吸着位置へ大まかに移動"",""majorPhase"":0,""completionConditions"":[{""conditionType"":1,""threshold"":0.5,""secondaryThreshold"":0.5},{""conditionType"":3,""threshold"":0.0,""secondaryThreshold"":0.0}],""requiredStableSeconds"":0.4000000059604645}",0.000000,0,1,0,894,0.050000,0,1
20261007T100007181Z_e407267f5160429bb1e8d9eb7b844d2c,,,1,89,2026-10-07T10:00:12.3022196Z,5.107400,2.341999,894,0,0,OperatingSource,0,0,TaskSwitchDisplay,1,,1,Target,,1,Move1,,0,0,0,0,0.000000,0.000000,0,0.050000,20.000000,9.364000,0.000000,16.000000,19.000000,4.000000,-19.000000,4.000000,19.000000,40.000000,250.000000,0,0.000000,,,,0.000000,0.000000,0.000000,0,75.000000,70.000000,,,,,,,,,
20261007T100007181Z_e407267f5160429bb1e8d9eb7b844d2c,,,1,90,2026-10-07T10:00:12.3574534Z,5.163388,2.398096,899,0,0,OperatingSource,0,0,TaskSwitchDisplay,1,,0,Source,1,1,Move1,Move1.PickupCoarseMove,1,1,0,0,2.265407,0.000000,0,0.050000,0.000000,9.364000,0.000000,-4.000000,0.000000,4.000000,0.000000,4.000000,0.000000,20.000000,250.000000,0,0.000000,1770.000000,,-1770.000000,0.000000,0.000000,0.000000,0,75.000000,70.000000,"{""stepId"":""Move1.PickupCoarseMove"",""displayName"":""吸着位置へ大まかに移動"",""majorPhase"":0,""completionConditions"":[{""conditionType"":1,""threshold"":0.5,""secondaryThreshold"":0.5},{""conditionType"":3,""threshold"":0.0,""secondaryThreshold"":0.0}],""requiredStableSeconds"":0.4000000059604645}",0.000000,0,1,0,899,0.050000,0,1
20261007T100007181Z_e407267f5160429bb1e8d9eb7b844d2c,,,1,90,2026-10-07T10:00:12.3574534Z,5.163388,2.398096,899,0,0,OperatingSource,0,0,TaskSwitchDisplay,1,,1,Target,,1,Move1,,0,0,0,0,0.000000,0.000000,0,0.050000,20.000000,9.364000,0.000000,16.000000,19.000000,4.000000,-19.000000,4.000000,19.000000,40.000000,250.000000,0,0.000000,,,,0.000000,0.000000,0.000000,0,75.000000,70.000000,,,,,,,,,
20261007T100007181Z_e407267f5160429bb1e8d9eb7b844d2c,,,1,91,2026-10-07T10:00:12.4124154Z,5.217367,2.452202,904,0,0,OperatingSource,0,0,TaskSwitchDisplay,1,,0,Source,1,1,Move1,Move1.PickupCoarseMove,1,1,0,0,2.319513,0.000000,0,0.050000,0.000000,9.364000,0.000000,-4.000000,0.000000,4.000000,0.000000,4.000000,0.000000,20.000000,250.000000,0,0.000000,1770.000000,,-1770.000000,0.000000,0.000000,0.000000,0,75.000000,70.000000,"{""stepId"":""Move1.PickupCoarseMove"",""displayName"":""吸着位置へ大まかに移動"",""majorPhase"":0,""completionConditions"":[{""conditionType"":1,""threshold"":0.5,""secondaryThreshold"":0.5},{""conditionType"":3,""threshold"":0.0,""secondaryThreshold"":0.0}],""requiredStableSeconds"":0.4000000059604645}",0.000000,0,1,0,904,0.050000,0,1
20261007T100007181Z_e407267f5160429bb1e8d9eb7b844d2c,,,1,91,2026-10-07T10:00:12.4124154Z,5.217367,2.452202,904,0,0,OperatingSource,0,0,TaskSwitchDisplay,1,,1,Target,,1,Move1,,0,0,0,0,0.000000,0.000000,0,0.050000,20.000000,9.364000,0.000000,16.000000,19.000000,4.000000,-19.000000,4.000000,19.000000,40.000000,250.000000,0,0.000000,,,,0.000000,0.000000,0.000000,0,75.000000,70.000000,,,,,,,,,
20261007T100007181Z_e407267f5160429bb1e8d9eb7b844d2c,,,1,92,2026-10-07T10:00:12.4681186Z,5.273728,2.508253,909,0,0,OperatingSource,0,0,TaskSwitchDisplay,1,,0,Source,1,1,Move1,Move1.PickupCoarseMove,1,1,0,0,2.375563,0.000000,0,0.050000,0.000000,9.364000,0.000000,-4.000000,0.000000,4.000000,0.000000,4.000000,0.000000,20.000000,250.000000,0,0.000000,1770.000000,,-1770.000000,0.000000,0.000000,0.000000,0,75.000000,70.000000,"{""stepId"":""Move1.PickupCoarseMove"",""displayName"":""吸着位置へ大まかに移動"",""majorPhase"":0,""completionConditions"":[{""conditionType"":1,""threshold"":0.5,""secondaryThreshold"":0.5},{""conditionType"":3,""threshold"":0.0,""secondaryThreshold"":0.0}],""requiredStableSeconds"":0.4000000059604645}",0.000000,0,1,0,909,0.050000,0,1
20261007T100007181Z_e407267f5160429bb1e8d9eb7b844d2c,,,1,92,2026-10-07T10:00:12.4681186Z,5.273728,2.508253,909,0,0,OperatingSource,0,0,TaskSwitchDisplay,1,,1,Target,,1,Move1,,0,0,0,0,0.000000,0.000000,0,0.050000,20.000000,9.364000,0.000000,16.000000,19.000000,4.000000,-19.000000,4.000000,19.000000,40.000000,250.000000,0,0.000000,,,,0.000000,0.000000,0.000000,0,75.000000,70.000000,,,,,,,,,
20261007T100007181Z_e407267f5160429bb1e8d9eb7b844d2c,,,1,93,2026-10-07T10:00:12.5231803Z,5.328638,2.563238,914,0,0,OperatingSource,0,0,TaskSwitchDisplay,1,,0,Source,1,1,Move1,Move1.PickupCoarseMove,1,1,0,0,2.430549,0.000000,0,0.050000,0.000000,9.364000,0.000000,-4.000000,0.000000,4.000000,0.000000,4.000000,0.000000,20.000000,250.000000,0,0.000000,1770.000000,,-1770.000000,0.000000,0.000000,0.000000,0,75.000000,70.000000,"{""stepId"":""Move1.PickupCoarseMove"",""displayName"":""吸着位置へ大まかに移動"",""majorPhase"":0,""completionConditions"":[{""conditionType"":1,""threshold"":0.5,""secondaryThreshold"":0.5},{""conditionType"":3,""threshold"":0.0,""secondaryThreshold"":0.0}],""requiredStableSeconds"":0.4000000059604645}",0.000000,0,1,0,914,0.050000,0,1
20261007T100007181Z_e407267f5160429bb1e8d9eb7b844d2c,,,1,93,2026-10-07T10:00:12.5231803Z,5.328638,2.563238,914,0,0,OperatingSource,0,0,TaskSwitchDisplay,1,,1,Target,,1,Move1,,0,0,0,0,0.000000,0.000000,0,0.050000,20.000000,9.364000,0.000000,16.000000,19.000000,4.000000,-19.000000,4.000000,19.000000,40.000000,250.000000,0,0.000000,,,,0.000000,0.000000,0.000000,0,75.000000,70.000000,,,,,,,,,
20261007T100007181Z_e407267f5160429bb1e8d9eb7b844d2c,,,1,94,2026-10-07T10:00:12.5810031Z,5.386261,2.620672,919,0,0,OperatingSource,0,0,TaskSwitchDisplay,1,,0,Source,1,1,Move1,Move1.PickupCoarseMove,1,1,0,0,2.487983,0.000000,0,0.050000,0.000000,9.364000,0.000000,-4.000000,0.000000,4.000000,0.000000,4.000000,0.000000,20.000000,250.000000,0,0.000000,1770.000000,,-1770.000000,0.000000,0.000000,0.000000,0,75.000000,70.000000,"{""stepId"":""Move1.PickupCoarseMove"",""displayName"":""吸着位置へ大まかに移動"",""majorPhase"":0,""completionConditions"":[{""conditionType"":1,""threshold"":0.5,""secondaryThreshold"":0.5},{""conditionType"":3,""threshold"":0.0,""secondaryThreshold"":0.0}],""requiredStableSeconds"":0.4000000059604645}",0.000000,0,1,0,919,0.050000,0,1
20261007T100007181Z_e407267f5160429bb1e8d9eb7b844d2c,,,1,94,2026-10-07T10:00:12.5810031Z,5.386261,2.620672,919,0,0,OperatingSource,0,0,TaskSwitchDisplay,1,,1,Target,,1,Move1,,0,0,0,0,0.000000,0.000000,0,0.050000,20.000000,9.364000,0.000000,16.000000,19.000000,4.000000,-19.000000,4.000000,19.000000,40.000000,250.000000,0,0.000000,,,,0.000000,0.000000,0.000000,0,75.000000,70.000000,,,,,,,,,
20261007T100007181Z_e407267f5160429bb1e8d9eb7b844d2c,,,1,95,2026-10-07T10:00:12.6318333Z,5.436925,2.671986,923,0,0,OperatingSource,0,0,TaskSwitchDisplay,1,,0,Source,1,1,Move1,Move1.PickupCoarseMove,1,1,0,0,2.539297,0.000000,0,0.050000,0.000000,9.364000,0.000000,-4.000000,0.000000,4.000000,0.000000,4.000000,0.000000,20.000000,250.000000,0,0.000000,1770.000000,,-1770.000000,0.000000,0.000000,0.000000,0,75.000000,70.000000,"{""stepId"":""Move1.PickupCoarseMove"",""displayName"":""吸着位置へ大まかに移動"",""majorPhase"":0,""completionConditions"":[{""conditionType"":1,""threshold"":0.5,""secondaryThreshold"":0.5},{""conditionType"":3,""threshold"":0.0,""secondaryThreshold"":0.0}],""requiredStableSeconds"":0.4000000059604645}",0.000000,0,1,0,923,0.050000,0,1
20261007T100007181Z_e407267f5160429bb1e8d9eb7b844d2c,,,1,95,2026-10-07T10:00:12.6318333Z,5.436925,2.671986,923,0,0,OperatingSource,0,0,TaskSwitchDisplay,1,,1,Target,,1,Move1,,0,0,0,0,0.000000,0.000000,0,0.050000,20.000000,9.364000,0.000000,16.000000,19.000000,4.000000,-19.000000,4.000000,19.000000,40.000000,250.000000,0,0.000000,,,,0.000000,0.000000,0.000000,0,75.000000,70.000000,,,,,,,,,
20261007T100007181Z_e407267f5160429bb1e8d9eb7b844d2c,,,1,96,2026-10-07T10:00:12.6849985Z,5.490837,2.724701,928,0,0,OperatingSource,0,0,TaskSwitchDisplay,1,,0,Source,1,1,Move1,Move1.PickupCoarseMove,1,1,0,0,2.592011,0.000000,0,0.050000,0.000000,9.364000,0.000000,-4.000000,0.000000,4.000000,0.000000,4.000000,0.000000,20.000000,250.000000,0,0.000000,1770.000000,,-1770.000000,0.000000,0.000000,0.000000,0,75.000000,70.000000,"{""stepId"":""Move1.PickupCoarseMove"",""displayName"":""吸着位置へ大まかに移動"",""majorPhase"":0,""completionConditions"":[{""conditionType"":1,""threshold"":0.5,""secondaryThreshold"":0.5},{""conditionType"":3,""threshold"":0.0,""secondaryThreshold"":0.0}],""requiredStableSeconds"":0.4000000059604645}",0.000000,0,1,0,928,0.050000,0,1
20261007T100007181Z_e407267f5160429bb1e8d9eb7b844d2c,,,1,96,2026-10-07T10:00:12.6849985Z,5.490837,2.724701,928,0,0,OperatingSource,0,0,TaskSwitchDisplay,1,,1,Target,,1,Move1,,0,0,0,0,0.000000,0.000000,0,0.050000,20.000000,9.364000,0.000000,16.000000,19.000000,4.000000,-19.000000,4.000000,19.000000,40.000000,250.000000,0,0.000000,,,,0.000000,0.000000,0.000000,0,75.000000,70.000000,,,,,,,,,
20261007T100007181Z_e407267f5160429bb1e8d9eb7b844d2c,,,1,97,2026-10-07T10:00:12.7442879Z,5.549981,2.784425,933,0,0,OperatingSource,0,0,TaskSwitchDisplay,1,,0,Source,1,1,Move1,Move1.PickupCoarseMove,1,1,0,0,2.651736,0.000000,0,0.050000,0.000000,9.364000,0.000000,-4.000000,0.000000,4.000000,0.000000,4.000000,0.000000,20.000000,250.000000,0,0.000000,1770.000000,,-1770.000000,0.000000,0.000000,0.000000,0,75.000000,70.000000,"{""stepId"":""Move1.PickupCoarseMove"",""displayName"":""吸着位置へ大まかに移動"",""majorPhase"":0,""completionConditions"":[{""conditionType"":1,""threshold"":0.5,""secondaryThreshold"":0.5},{""conditionType"":3,""threshold"":0.0,""secondaryThreshold"":0.0}],""requiredStableSeconds"":0.4000000059604645}",0.000000,0,1,0,933,0.050000,0,1
20261007T100007181Z_e407267f5160429bb1e8d9eb7b844d2c,,,1,97,2026-10-07T10:00:12.7442879Z,5.549981,2.784425,933,0,0,OperatingSource,0,0,TaskSwitchDisplay,1,,1,Target,,1,Move1,,0,0,0,0,0.000000,0.000000,0,0.050000,20.000000,9.364000,0.000000,16.000000,19.000000,4.000000,-19.000000,4.000000,19.000000,40.000000,250.000000,0,0.000000,,,,0.000000,0.000000,0.000000,0,75.000000,70.000000,,,,,,,,,
20261007T100007181Z_e407267f5160429bb1e8d9eb7b844d2c,,,1,98,2026-10-07T10:00:12.7991764Z,5.604806,2.838983,938,0,0,OperatingSource,0,0,TaskSwitchDisplay,1,,0,Source,1,1,Move1,Move1.PickupCoarseMove,1,1,0,0,2.706293,0.000000,0,0.050000,0.000000,9.364000,0.000000,-4.000000,0.000000,4.000000,0.000000,4.000000,0.000000,20.000000,250.000000,0,0.000000,1770.000000,,-1770.000000,0.000000,0.000000,0.000000,0,75.000000,70.000000,"{""stepId"":""Move1.PickupCoarseMove"",""displayName"":""吸着位置へ大まかに移動"",""majorPhase"":0,""completionConditions"":[{""conditionType"":1,""threshold"":0.5,""secondaryThreshold"":0.5},{""conditionType"":3,""threshold"":0.0,""secondaryThreshold"":0.0}],""requiredStableSeconds"":0.4000000059604645}",0.000000,0,1,0,938,0.050000,0,1
20261007T100007181Z_e407267f5160429bb1e8d9eb7b844d2c,,,1,98,2026-10-07T10:00:12.7991764Z,5.604806,2.838983,938,0,0,OperatingSource,0,0,TaskSwitchDisplay,1,,1,Target,,1,Move1,,0,0,0,0,0.000000,0.000000,0,0.050000,20.000000,9.364000,0.000000,16.000000,19.000000,4.000000,-19.000000,4.000000,19.000000,40.000000,250.000000,0,0.000000,,,,0.000000,0.000000,0.000000,0,75.000000,70.000000,,,,,,,,,
20261007T100007181Z_e407267f5160429bb1e8d9eb7b844d2c,,,1,99,2026-10-07T10:00:12.8491568Z,5.655216,2.890275,943,0,0,OperatingSource,0,0,TaskSwitchDisplay,1,,0,Source,1,1,Move1,Move1.PickupCoarseMove,1,1,0,0,2.757586,0.000000,0,0.050000,0.000000,9.364000,0.000000,-4.000000,0.000000,4.000000,0.000000,4.000000,0.000000,20.000000,250.000000,0,0.000000,1770.000000,,-1770.000000,0.000000,0.000000,0.000000,0,75.000000,70.000000,"{""stepId"":""Move1.PickupCoarseMove"",""displayName"":""吸着位置へ大まかに移動"",""majorPhase"":0,""completionConditions"":[{""conditionType"":1,""threshold"":0.5,""secondaryThreshold"":0.5},{""conditionType"":3,""threshold"":0.0,""secondaryThreshold"":0.0}],""requiredStableSeconds"":0.4000000059604645}",0.000000,0,1,0,943,0.050000,0,1
20261007T100007181Z_e407267f5160429bb1e8d9eb7b844d2c,,,1,99,2026-10-07T10:00:12.8491568Z,5.655216,2.890275,943,0,0,OperatingSource,0,0,TaskSwitchDisplay,1,,1,Target,,1,Move1,,0,0,0,0,0.000000,0.000000,0,0.050000,20.000000,9.364000,0.000000,16.000000,19.000000,4.000000,-19.000000,4.000000,19.000000,40.000000,250.000000,0,0.000000,,,,0.000000,0.000000,0.000000,0,75.000000,70.000000,,,,,,,,,
20261007T100007181Z_e407267f5160429bb1e8d9eb7b844d2c,,,1,100,2026-10-07T10:00:12.9039648Z,5.709072,2.943748,948,0,0,OperatingSource,0,0,TaskSwitchDisplay,1,,0,Source,1,1,Move1,Move1.PickupCoarseMove,1,1,0,0,2.811059,0.000000,0,0.050000,0.000000,9.364000,0.000000,-4.000000,0.000000,4.000000,0.000000,4.000000,0.000000,20.000000,250.000000,0,0.000000,1770.000000,,-1770.000000,0.000000,0.000000,0.000000,0,75.000000,70.000000,"{""stepId"":""Move1.PickupCoarseMove"",""displayName"":""吸着位置へ大まかに移動"",""majorPhase"":0,""completionConditions"":[{""conditionType"":1,""threshold"":0.5,""secondaryThreshold"":0.5},{""conditionType"":3,""threshold"":0.0,""secondaryThreshold"":0.0}],""requiredStableSeconds"":0.4000000059604645}",0.000000,0,1,0,948,0.050000,0,1
20261007T100007181Z_e407267f5160429bb1e8d9eb7b844d2c,,,1,100,2026-10-07T10:00:12.9039648Z,5.709072,2.943748,948,0,0,OperatingSource,0,0,TaskSwitchDisplay,1,,1,Target,,1,Move1,,0,0,0,0,0.000000,0.000000,0,0.050000,20.000000,9.364000,0.000000,16.000000,19.000000,4.000000,-19.000000,4.000000,19.000000,40.000000,250.000000,0,0.000000,,,,0.000000,0.000000,0.000000,0,75.000000,70.000000,,,,,,,,,
20261007T100007181Z_e407267f5160429bb1e8d9eb7b844d2c,,,1,101,2026-10-07T10:00:12.9608595Z,5.766392,3.000736,953,0,0,OperatingSource,0,0,TaskSwitchDisplay,1,,0,Source,1,1,Move1,Move1.PickupCoarseMove,1,1,0,0,2.868046,0.000000,0,0.050000,0.000000,9.364000,0.000000,-4.000000,0.000000,4.000000,0.000000,4.000000,0.000000,20.000000,250.000000,0,0.000000,1770.000000,,-1770.000000,0.000000,0.000000,0.000000,0,75.000000,70.000000,"{""stepId"":""Move1.PickupCoarseMove"",""displayName"":""吸着位置へ大まかに移動"",""majorPhase"":0,""completionConditions"":[{""conditionType"":1,""threshold"":0.5,""secondaryThreshold"":0.5},{""conditionType"":3,""threshold"":0.0,""secondaryThreshold"":0.0}],""requiredStableSeconds"":0.4000000059604645}",0.000000,0,1,0,953,0.050000,0,1
20261007T100007181Z_e407267f5160429bb1e8d9eb7b844d2c,,,1,101,2026-10-07T10:00:12.9608595Z,5.766392,3.000736,953,0,0,OperatingSource,0,0,TaskSwitchDisplay,1,,1,Target,,1,Move1,,0,0,0,0,0.000000,0.000000,0,0.050000,20.000000,9.364000,0.000000,16.000000,19.000000,4.000000,-19.000000,4.000000,19.000000,40.000000,250.000000,0,0.000000,,,,0.000000,0.000000,0.000000,0,75.000000,70.000000,,,,,,,,,
20261007T100007181Z_e407267f5160429bb1e8d9eb7b844d2c,,,1,102,2026-10-07T10:00:13.0169813Z,5.822725,3.057584,958,0,0,OperatingSource,0,0,TaskSwitchDisplay,1,,0,Source,1,1,Move1,Move1.PickupCoarseMove,1,1,0,0,2.924895,0.000000,0,0.050000,0.000000,9.364000,0.000000,-4.000000,0.000000,4.000000,0.000000,4.000000,0.000000,20.000000,250.000000,0,0.000000,1770.000000,,-1770.000000,0.000000,0.000000,0.000000,0,75.000000,70.000000,"{""stepId"":""Move1.PickupCoarseMove"",""displayName"":""吸着位置へ大まかに移動"",""majorPhase"":0,""completionConditions"":[{""conditionType"":1,""threshold"":0.5,""secondaryThreshold"":0.5},{""conditionType"":3,""threshold"":0.0,""secondaryThreshold"":0.0}],""requiredStableSeconds"":0.4000000059604645}",0.000000,0,1,0,958,0.050000,0,1
20261007T100007181Z_e407267f5160429bb1e8d9eb7b844d2c,,,1,102,2026-10-07T10:00:13.0169813Z,5.822725,3.057584,958,0,0,OperatingSource,0,0,TaskSwitchDisplay,1,,1,Target,,1,Move1,,0,0,0,0,0.000000,0.000000,0,0.050000,20.000000,9.364000,0.000000,16.000000,19.000000,4.000000,-19.000000,4.000000,19.000000,40.000000,250.000000,0,0.000000,,,,0.000000,0.000000,0.000000,0,75.000000,70.000000,,,,,,,,,
20261007T100007181Z_e407267f5160429bb1e8d9eb7b844d2c,,,1,103,2026-10-07T10:00:13.0732715Z,5.878274,3.113380,963,0,0,OperatingSource,0,0,TaskSwitchDisplay,1,,0,Source,1,1,Move1,Move1.PickupCoarseMove,1,1,0,0,2.980691,0.000000,0,0.050000,0.000000,9.364000,0.000000,-4.000000,0.000000,4.000000,0.000000,4.000000,0.000000,20.000000,250.000000,0,0.000000,1770.000000,,-1770.000000,0.000000,0.000000,0.000000,0,75.000000,70.000000,"{""stepId"":""Move1.PickupCoarseMove"",""displayName"":""吸着位置へ大まかに移動"",""majorPhase"":0,""completionConditions"":[{""conditionType"":1,""threshold"":0.5,""secondaryThreshold"":0.5},{""conditionType"":3,""threshold"":0.0,""secondaryThreshold"":0.0}],""requiredStableSeconds"":0.4000000059604645}",0.000000,0,1,0,963,0.050000,0,1
20261007T100007181Z_e407267f5160429bb1e8d9eb7b844d2c,,,1,103,2026-10-07T10:00:13.0732715Z,5.878274,3.113380,963,0,0,OperatingSource,0,0,TaskSwitchDisplay,1,,1,Target,,1,Move1,,0,0,0,0,0.000000,0.000000,0,0.050000,20.000000,9.364000,0.000000,16.000000,19.000000,4.000000,-19.000000,4.000000,19.000000,40.000000,250.000000,0,0.000000,,,,0.000000,0.000000,0.000000,0,75.000000,70.000000,,,,,,,,,
20261007T100007181Z_e407267f5160429bb1e8d9eb7b844d2c,,,1,104,2026-10-07T10:00:13.1230127Z,5.928370,3.162575,967,0,0,OperatingSource,0,0,TaskSwitchDisplay,1,,0,Source,1,1,Move1,Move1.PickupCoarseMove,1,1,0,0,3.029886,0.000000,0,0.050000,0.000000,9.364000,0.000000,-4.000000,0.000000,4.000000,0.000000,4.000000,0.000000,20.000000,250.000000,0,0.000000,1770.000000,,-1770.000000,0.000000,0.000000,0.000000,0,75.000000,70.000000,"{""stepId"":""Move1.PickupCoarseMove"",""displayName"":""吸着位置へ大まかに移動"",""majorPhase"":0,""completionConditions"":[{""conditionType"":1,""threshold"":0.5,""secondaryThreshold"":0.5},{""conditionType"":3,""threshold"":0.0,""secondaryThreshold"":0.0}],""requiredStableSeconds"":0.4000000059604645}",0.000000,0,1,0,967,0.050000,0,1
20261007T100007181Z_e407267f5160429bb1e8d9eb7b844d2c,,,1,104,2026-10-07T10:00:13.1230127Z,5.928370,3.162575,967,0,0,OperatingSource,0,0,TaskSwitchDisplay,1,,1,Target,,1,Move1,,0,0,0,0,0.000000,0.000000,0,0.050000,20.000000,9.364000,0.000000,16.000000,19.000000,4.000000,-19.000000,4.000000,19.000000,40.000000,250.000000,0,0.000000,,,,0.000000,0.000000,0.000000,0,75.000000,70.000000,,,,,,,,,
20261007T100007181Z_e407267f5160429bb1e8d9eb7b844d2c,,,1,105,2026-10-07T10:00:13.1762457Z,5.981146,3.215917,971,0,0,OperatingSource,0,0,TaskSwitchDisplay,1,,0,Source,1,1,Move1,Move1.PickupCoarseMove,1,1,0,0,3.083228,0.000000,0,0.050000,0.000000,9.364000,0.000000,-4.000000,0.000000,4.000000,0.000000,4.000000,0.000000,20.000000,250.000000,0,0.000000,1770.000000,,-1770.000000,0.000000,0.000000,0.000000,0,75.000000,70.000000,"{""stepId"":""Move1.PickupCoarseMove"",""displayName"":""吸着位置へ大まかに移動"",""majorPhase"":0,""completionConditions"":[{""conditionType"":1,""threshold"":0.5,""secondaryThreshold"":0.5},{""conditionType"":3,""threshold"":0.0,""secondaryThreshold"":0.0}],""requiredStableSeconds"":0.4000000059604645}",0.000000,0,1,0,971,0.050000,0,1
20261007T100007181Z_e407267f5160429bb1e8d9eb7b844d2c,,,1,105,2026-10-07T10:00:13.1762457Z,5.981146,3.215917,971,0,0,OperatingSource,0,0,TaskSwitchDisplay,1,,1,Target,,1,Move1,,0,0,0,0,0.000000,0.000000,0,0.050000,20.000000,9.364000,0.000000,16.000000,19.000000,4.000000,-19.000000,4.000000,19.000000,40.000000,250.000000,0,0.000000,,,,0.000000,0.000000,0.000000,0,75.000000,70.000000,,,,,,,,,
20261007T100007181Z_e407267f5160429bb1e8d9eb7b844d2c,,,1,106,2026-10-07T10:00:13.2386006Z,6.043743,3.278888,976,0,0,OperatingSource,0,0,TaskSwitchDisplay,1,,0,Source,1,1,Move1,Move1.PickupCoarseMove,1,1,0,0,3.146199,0.000000,0,0.050000,0.000000,9.364000,0.000000,-4.000000,0.000000,4.000000,0.000000,4.000000,0.000000,20.000000,250.000000,0,0.000000,1770.000000,,-1770.000000,0.000000,0.000000,0.000000,0,75.000000,70.000000,"{""stepId"":""Move1.PickupCoarseMove"",""displayName"":""吸着位置へ大まかに移動"",""majorPhase"":0,""completionConditions"":[{""conditionType"":1,""threshold"":0.5,""secondaryThreshold"":0.5},{""conditionType"":3,""threshold"":0.0,""secondaryThreshold"":0.0}],""requiredStableSeconds"":0.4000000059604645}",0.000000,0,1,0,976,0.050000,0,1
20261007T100007181Z_e407267f5160429bb1e8d9eb7b844d2c,,,1,106,2026-10-07T10:00:13.2386006Z,6.043743,3.278888,976,0,0,OperatingSource,0,0,TaskSwitchDisplay,1,,1,Target,,1,Move1,,0,0,0,0,0.000000,0.000000,0,0.050000,20.000000,9.364000,0.000000,16.000000,19.000000,4.000000,-19.000000,4.000000,19.000000,40.000000,250.000000,0,0.000000,,,,0.000000,0.000000,0.000000,0,75.000000,70.000000,,,,,,,,,
20261007T100007181Z_e407267f5160429bb1e8d9eb7b844d2c,,,1,107,2026-10-07T10:00:13.2973768Z,6.103194,3.337964,981,0,0,OperatingSource,0,0,TaskSwitchDisplay,1,,0,Source,1,1,Move1,Move1.PickupCoarseMove,1,1,0,0,3.205275,0.000000,0,0.050000,0.000000,9.364000,0.000000,-4.000000,0.000000,4.000000,0.000000,4.000000,0.000000,20.000000,250.000000,0,0.000000,1770.000000,,-1770.000000,0.000000,0.000000,0.000000,0,75.000000,70.000000,"{""stepId"":""Move1.PickupCoarseMove"",""displayName"":""吸着位置へ大まかに移動"",""majorPhase"":0,""completionConditions"":[{""conditionType"":1,""threshold"":0.5,""secondaryThreshold"":0.5},{""conditionType"":3,""threshold"":0.0,""secondaryThreshold"":0.0}],""requiredStableSeconds"":0.4000000059604645}",0.000000,0,1,0,981,0.050000,0,1
20261007T100007181Z_e407267f5160429bb1e8d9eb7b844d2c,,,1,107,2026-10-07T10:00:13.2973768Z,6.103194,3.337964,981,0,0,OperatingSource,0,0,TaskSwitchDisplay,1,,1,Target,,1,Move1,,0,0,0,0,0.000000,0.000000,0,0.050000,20.000000,9.364000,0.000000,16.000000,19.000000,4.000000,-19.000000,4.000000,19.000000,40.000000,250.000000,0,0.000000,,,,0.000000,0.000000,0.000000,0,75.000000,70.000000,,,,,,,,,
20261007T100007181Z_e407267f5160429bb1e8d9eb7b844d2c,,,1,108,2026-10-07T10:00:13.3522609Z,6.157986,3.393104,986,0,0,OperatingSource,0,0,TaskSwitchDisplay,1,,0,Source,1,1,Move1,Move1.PickupCoarseMove,1,1,0,0,3.260415,0.000000,0,0.050000,0.000000,9.364000,0.000000,-4.000000,0.000000,4.000000,0.000000,4.000000,0.000000,20.000000,250.000000,0,0.000000,1770.000000,,-1770.000000,0.000000,0.000000,0.000000,0,75.000000,70.000000,"{""stepId"":""Move1.PickupCoarseMove"",""displayName"":""吸着位置へ大まかに移動"",""majorPhase"":0,""completionConditions"":[{""conditionType"":1,""threshold"":0.5,""secondaryThreshold"":0.5},{""conditionType"":3,""threshold"":0.0,""secondaryThreshold"":0.0}],""requiredStableSeconds"":0.4000000059604645}",0.000000,0,1,0,986,0.050000,0,1
20261007T100007181Z_e407267f5160429bb1e8d9eb7b844d2c,,,1,108,2026-10-07T10:00:13.3522609Z,6.157986,3.393104,986,0,0,OperatingSource,0,0,TaskSwitchDisplay,1,,1,Target,,1,Move1,,0,0,0,0,0.000000,0.000000,0,0.050000,20.000000,9.364000,0.000000,16.000000,19.000000,4.000000,-19.000000,4.000000,19.000000,40.000000,250.000000,0,0.000000,,,,0.000000,0.000000,0.000000,0,75.000000,70.000000,,,,,,,,,
20261007T100007181Z_e407267f5160429bb1e8d9eb7b844d2c,,,1,109,2026-10-07T10:00:13.4064352Z,6.212655,3.446563,991,0,0,OperatingSource,0,0,TaskSwitchDisplay,1,,0,Source,1,1,Move1,Move1.PickupCoarseMove,1,1,0,0,3.313875,0.000000,0,0.050000,0.000000,9.364000,0.000000,-4.000000,0.000000,4.000000,0.000000,4.000000,0.000000,20.000000,250.000000,0,0.000000,1770.000000,,-1770.000000,0.000000,0.000000,0.000000,0,75.000000,70.000000,"{""stepId"":""Move1.PickupCoarseMove"",""displayName"":""吸着位置へ大まかに移動"",""majorPhase"":0,""completionConditions"":[{""conditionType"":1,""threshold"":0.5,""secondaryThreshold"":0.5},{""conditionType"":3,""threshold"":0.0,""secondaryThreshold"":0.0}],""requiredStableSeconds"":0.4000000059604645}",0.000000,0,1,0,991,0.050000,0,1
20261007T100007181Z_e407267f5160429bb1e8d9eb7b844d2c,,,1,109,2026-10-07T10:00:13.4064352Z,6.212655,3.446563,991,0,0,OperatingSource,0,0,TaskSwitchDisplay,1,,1,Target,,1,Move1,,0,0,0,0,0.000000,0.000000,0,0.050000,20.000000,9.364000,0.000000,16.000000,19.000000,4.000000,-19.000000,4.000000,19.000000,40.000000,250.000000,0,0.000000,,,,0.000000,0.000000,0.000000,0,75.000000,70.000000,,,,,,,,,
20261007T100007181Z_e407267f5160429bb1e8d9eb7b844d2c,,,1,110,2026-10-07T10:00:13.4610084Z,6.266251,3.500416,996,0,0,OperatingSource,0,0,TaskSwitchDisplay,1,,0,Source,1,1,Move1,Move1.PickupCoarseMove,1,1,0,0,3.367727,0.000000,0,0.050000,0.000000,9.364000,0.000000,-4.000000,0.000000,4.000000,0.000000,4.000000,0.000000,20.000000,250.000000,0,0.000000,1770.000000,,-1770.000000,0.000000,0.000000,0.000000,0,75.000000,70.000000,"{""stepId"":""Move1.PickupCoarseMove"",""displayName"":""吸着位置へ大まかに移動"",""majorPhase"":0,""completionConditions"":[{""conditionType"":1,""threshold"":0.5,""secondaryThreshold"":0.5},{""conditionType"":3,""threshold"":0.0,""secondaryThreshold"":0.0}],""requiredStableSeconds"":0.4000000059604645}",0.000000,0,1,0,996,0.050000,0,1
20261007T100007181Z_e407267f5160429bb1e8d9eb7b844d2c,,,1,110,2026-10-07T10:00:13.4610084Z,6.266251,3.500416,996,0,0,OperatingSource,0,0,TaskSwitchDisplay,1,,1,Target,,1,Move1,,0,0,0,0,0.000000,0.000000,0,0.050000,20.000000,9.364000,0.000000,16.000000,19.000000,4.000000,-19.000000,4.000000,19.000000,40.000000,250.000000,0,0.000000,,,,0.000000,0.000000,0.000000,0,75.000000,70.000000,,,,,,,,,
20261007T100007181Z_e407267f5160429bb1e8d9eb7b844d2c,,,1,111,2026-10-07T10:00:13.5148229Z,6.320262,3.554245,1001,0,0,OperatingSource,0,0,TaskSwitchDisplay,1,,0,Source,1,1,Move1,Move1.PickupCoarseMove,1,1,0,0,3.421556,0.000000,0,0.050000,0.000000,9.364000,0.000000,-4.000000,0.000000,4.000000,0.000000,4.000000,0.000000,20.000000,250.000000,0,0.000000,1770.000000,,-1770.000000,0.000000,0.000000,0.000000,0,75.000000,70.000000,"{""stepId"":""Move1.PickupCoarseMove"",""displayName"":""吸着位置へ大まかに移動"",""majorPhase"":0,""completionConditions"":[{""conditionType"":1,""threshold"":0.5,""secondaryThreshold"":0.5},{""conditionType"":3,""threshold"":0.0,""secondaryThreshold"":0.0}],""requiredStableSeconds"":0.4000000059604645}",0.000000,0,1,0,1001,0.050000,0,1
20261007T100007181Z_e407267f5160429bb1e8d9eb7b844d2c,,,1,111,2026-10-07T10:00:13.5148229Z,6.320262,3.554245,1001,0,0,OperatingSource,0,0,TaskSwitchDisplay,1,,1,Target,,1,Move1,,0,0,0,0,0.000000,0.000000,0,0.050000,20.000000,9.364000,0.000000,16.000000,19.000000,4.000000,-19.000000,4.000000,19.000000,40.000000,250.000000,0,0.000000,,,,0.000000,0.000000,0.000000,0,75.000000,70.000000,,,,,,,,,
20261007T100007181Z_e407267f5160429bb1e8d9eb7b844d2c,,,1,112,2026-10-07T10:00:13.5725086Z,6.377383,3.612179,1006,0,0,OperatingSource,0,0,TaskSwitchDisplay,1,,0,Source,1,1,Move1,Move1.PickupCoarseMove,1,1,0,0,3.479491,0.000000,0,0.050000,0.000000,9.364000,0.000000,-4.000000,0.000000,4.000000,0.000000,4.000000,0.000000,20.000000,250.000000,0,0.000000,1770.000000,,-1770.000000,0.000000,0.000000,0.000000,0,75.000000,70.000000,"{""stepId"":""Move1.PickupCoarseMove"",""displayName"":""吸着位置へ大まかに移動"",""majorPhase"":0,""completionConditions"":[{""conditionType"":1,""threshold"":0.5,""secondaryThreshold"":0.5},{""conditionType"":3,""threshold"":0.0,""secondaryThreshold"":0.0}],""requiredStableSeconds"":0.4000000059604645}",0.000000,0,1,0,1006,0.050000,0,1
20261007T100007181Z_e407267f5160429bb1e8d9eb7b844d2c,,,1,112,2026-10-07T10:00:13.5725086Z,6.377383,3.612179,1006,0,0,OperatingSource,0,0,TaskSwitchDisplay,1,,1,Target,,1,Move1,,0,0,0,0,0.000000,0.000000,0,0.050000,20.000000,9.364000,0.000000,16.000000,19.000000,4.000000,-19.000000,4.000000,19.000000,40.000000,250.000000,0,0.000000,,,,0.000000,0.000000,0.000000,0,75.000000,70.000000,,,,,,,,,
20261007T100007181Z_e407267f5160429bb1e8d9eb7b844d2c,,,1,113,2026-10-07T10:00:13.6277743Z,6.433637,3.667635,1011,0,0,OperatingSource,0,0,TaskSwitchDisplay,1,,0,Source,1,1,Move1,Move1.PickupCoarseMove,1,1,0,0,3.534946,0.000000,0,0.050000,0.000000,9.364000,0.000000,-4.000000,0.000000,4.000000,0.000000,4.000000,0.000000,20.000000,250.000000,0,0.000000,1770.000000,,-1770.000000,0.000000,0.000000,0.000000,0,75.000000,70.000000,"{""stepId"":""Move1.PickupCoarseMove"",""displayName"":""吸着位置へ大まかに移動"",""majorPhase"":0,""completionConditions"":[{""conditionType"":1,""threshold"":0.5,""secondaryThreshold"":0.5},{""conditionType"":3,""threshold"":0.0,""secondaryThreshold"":0.0}],""requiredStableSeconds"":0.4000000059604645}",0.000000,0,1,0,1011,0.050000,0,1
20261007T100007181Z_e407267f5160429bb1e8d9eb7b844d2c,,,1,113,2026-10-07T10:00:13.6277743Z,6.433637,3.667635,1011,0,0,OperatingSource,0,0,TaskSwitchDisplay,1,,1,Target,,1,Move1,,0,0,0,0,0.000000,0.000000,0,0.050000,20.000000,9.364000,0.000000,16.000000,19.000000,4.000000,-19.000000,4.000000,19.000000,40.000000,250.000000,0,0.000000,,,,0.000000,0.000000,0.000000,0,75.000000,70.000000,,,,,,,,,
20261007T100007181Z_e407267f5160429bb1e8d9eb7b844d2c,,,1,114,2026-10-07T10:00:13.6851760Z,6.490360,3.724404,1016,0,0,OperatingSource,0,0,TaskSwitchDisplay,1,,0,Source,1,1,Move1,Move1.PickupCoarseMove,1,1,0,0,3.591715,0.000000,0,0.050000,0.000000,9.364000,0.000000,-4.000000,0.000000,4.000000,0.000000,4.000000,0.000000,20.000000,250.000000,0,0.000000,1770.000000,,-1770.000000,0.000000,0.000000,0.000000,0,75.000000,70.000000,"{""stepId"":""Move1.PickupCoarseMove"",""displayName"":""吸着位置へ大まかに移動"",""majorPhase"":0,""completionConditions"":[{""conditionType"":1,""threshold"":0.5,""secondaryThreshold"":0.5},{""conditionType"":3,""threshold"":0.0,""secondaryThreshold"":0.0}],""requiredStableSeconds"":0.4000000059604645}",0.000000,0,1,0,1016,0.050000,0,1
20261007T100007181Z_e407267f5160429bb1e8d9eb7b844d2c,,,1,114,2026-10-07T10:00:13.6851760Z,6.490360,3.724404,1016,0,0,OperatingSource,0,0,TaskSwitchDisplay,1,,1,Target,,1,Move1,,0,0,0,0,0.000000,0.000000,0,0.050000,20.000000,9.364000,0.000000,16.000000,19.000000,4.000000,-19.000000,4.000000,19.000000,40.000000,250.000000,0,0.000000,,,,0.000000,0.000000,0.000000,0,75.000000,70.000000,,,,,,,,,
20261007T100007181Z_e407267f5160429bb1e8d9eb7b844d2c,,,1,115,2026-10-07T10:00:13.7362009Z,6.541528,3.776267,1020,0,0,OperatingSource,0,0,TaskSwitchDisplay,1,,0,Source,1,1,Move1,Move1.PickupCoarseMove,1,1,0,0,3.643578,0.000000,0,0.050000,0.000000,9.364000,0.000000,-4.000000,0.000000,4.000000,0.000000,4.000000,0.000000,20.000000,250.000000,0,0.000000,1770.000000,,-1770.000000,0.000000,0.000000,0.000000,0,75.000000,70.000000,"{""stepId"":""Move1.PickupCoarseMove"",""displayName"":""吸着位置へ大まかに移動"",""majorPhase"":0,""completionConditions"":[{""conditionType"":1,""threshold"":0.5,""secondaryThreshold"":0.5},{""conditionType"":3,""threshold"":0.0,""secondaryThreshold"":0.0}],""requiredStableSeconds"":0.4000000059604645}",0.000000,0,1,0,1020,0.050000,0,1
20261007T100007181Z_e407267f5160429bb1e8d9eb7b844d2c,,,1,115,2026-10-07T10:00:13.7362009Z,6.541528,3.776267,1020,0,0,OperatingSource,0,0,TaskSwitchDisplay,1,,1,Target,,1,Move1,,0,0,0,0,0.000000,0.000000,0,0.050000,20.000000,9.364000,0.000000,16.000000,19.000000,4.000000,-19.000000,4.000000,19.000000,40.000000,250.000000,0,0.000000,,,,0.000000,0.000000,0.000000,0,75.000000,70.000000,,,,,,,,,
20261007T100007181Z_e407267f5160429bb1e8d9eb7b844d2c,,,1,116,2026-10-07T10:00:13.7888059Z,6.593686,3.828236,1024,0,0,OperatingSource,0,0,TaskSwitchDisplay,1,,0,Source,1,1,Move1,Move1.PickupCoarseMove,1,1,0,0,3.695547,0.000000,0,0.050000,0.000000,9.364000,0.000000,-4.000000,0.000000,4.000000,0.000000,4.000000,0.000000,20.000000,250.000000,0,0.000000,1770.000000,,-1770.000000,0.000000,0.000000,0.000000,0,75.000000,70.000000,"{""stepId"":""Move1.PickupCoarseMove"",""displayName"":""吸着位置へ大まかに移動"",""majorPhase"":0,""completionConditions"":[{""conditionType"":1,""threshold"":0.5,""secondaryThreshold"":0.5},{""conditionType"":3,""threshold"":0.0,""secondaryThreshold"":0.0}],""requiredStableSeconds"":0.4000000059604645}",0.000000,0,1,0,1024,0.050000,0,1
20261007T100007181Z_e407267f5160429bb1e8d9eb7b844d2c,,,1,116,2026-10-07T10:00:13.7888059Z,6.593686,3.828236,1024,0,0,OperatingSource,0,0,TaskSwitchDisplay,1,,1,Target,,1,Move1,,0,0,0,0,0.000000,0.000000,0,0.050000,20.000000,9.364000,0.000000,16.000000,19.000000,4.000000,-19.000000,4.000000,19.000000,40.000000,250.000000,0,0.000000,,,,0.000000,0.000000,0.000000,0,75.000000,70.000000,,,,,,,,,
20261007T100007181Z_e407267f5160429bb1e8d9eb7b844d2c,,,1,117,2026-10-07T10:00:13.8471760Z,6.652292,3.886885,1029,0,0,OperatingSource,0,0,TaskSwitchDisplay,1,,0,Source,1,1,Move1,Move1.PickupCoarseMove,1,1,0,0,3.754196,0.000000,0,0.050000,0.000000,9.364000,0.000000,-4.000000,0.000000,4.000000,0.000000,4.000000,0.000000,20.000000,250.000000,0,0.000000,1770.000000,,-1770.000000,0.000000,0.000000,0.000000,0,75.000000,70.000000,"{""stepId"":""Move1.PickupCoarseMove"",""displayName"":""吸着位置へ大まかに移動"",""majorPhase"":0,""completionConditions"":[{""conditionType"":1,""threshold"":0.5,""secondaryThreshold"":0.5},{""conditionType"":3,""threshold"":0.0,""secondaryThreshold"":0.0}],""requiredStableSeconds"":0.4000000059604645}",0.000000,0,1,0,1029,0.050000,0,1
20261007T100007181Z_e407267f5160429bb1e8d9eb7b844d2c,,,1,117,2026-10-07T10:00:13.8471760Z,6.652292,3.886885,1029,0,0,OperatingSource,0,0,TaskSwitchDisplay,1,,1,Target,,1,Move1,,0,0,0,0,0.000000,0.000000,0,0.050000,20.000000,9.364000,0.000000,16.000000,19.000000,4.000000,-19.000000,4.000000,19.000000,40.000000,250.000000,0,0.000000,,,,0.000000,0.000000,0.000000,0,75.000000,70.000000,,,,,,,,,
20261007T100007181Z_e407267f5160429bb1e8d9eb7b844d2c,,,1,118,2026-10-07T10:00:13.8988604Z,6.703982,3.938789,1034,0,0,OperatingSource,0,0,TaskSwitchDisplay,1,,0,Source,1,1,Move1,Move1.PickupCoarseMove,1,1,0,0,3.806100,0.000000,0,0.050000,0.000000,9.364000,0.000000,-4.000000,0.000000,4.000000,0.000000,4.000000,0.000000,20.000000,250.000000,0,0.000000,1770.000000,,-1770.000000,0.000000,0.000000,0.000000,0,75.000000,70.000000,"{""stepId"":""Move1.PickupCoarseMove"",""displayName"":""吸着位置へ大まかに移動"",""majorPhase"":0,""completionConditions"":[{""conditionType"":1,""threshold"":0.5,""secondaryThreshold"":0.5},{""conditionType"":3,""threshold"":0.0,""secondaryThreshold"":0.0}],""requiredStableSeconds"":0.4000000059604645}",0.000000,0,1,0,1034,0.050000,0,1
20261007T100007181Z_e407267f5160429bb1e8d9eb7b844d2c,,,1,118,2026-10-07T10:00:13.8988604Z,6.703982,3.938789,1034,0,0,OperatingSource,0,0,TaskSwitchDisplay,1,,1,Target,,1,Move1,,0,0,0,0,0.000000,0.000000,0,0.050000,20.000000,9.364000,0.000000,16.000000,19.000000,4.000000,-19.000000,4.000000,19.000000,40.000000,250.000000,0,0.000000,,,,0.000000,0.000000,0.000000,0,75.000000,70.000000,,,,,,,,,
20261007T100007181Z_e407267f5160429bb1e8d9eb7b844d2c,,,1,119,2026-10-07T10:00:13.9522212Z,6.757303,3.992289,1039,0,0,OperatingSource,0,0,TaskSwitchDisplay,1,,0,Source,1,1,Move1,Move1.PickupCoarseMove,1,1,0,0,3.859600,0.000000,0,0.050000,0.000000,9.364000,0.000000,-4.000000,0.000000,4.000000,0.000000,4.000000,0.000000,20.000000,250.000000,0,0.000000,1770.000000,,-1770.000000,0.000000,0.000000,0.000000,0,75.000000,70.000000,"{""stepId"":""Move1.PickupCoarseMove"",""displayName"":""吸着位置へ大まかに移動"",""majorPhase"":0,""completionConditions"":[{""conditionType"":1,""threshold"":0.5,""secondaryThreshold"":0.5},{""conditionType"":3,""threshold"":0.0,""secondaryThreshold"":0.0}],""requiredStableSeconds"":0.4000000059604645}",0.000000,0,1,0,1039,0.050000,0,1
20261007T100007181Z_e407267f5160429bb1e8d9eb7b844d2c,,,1,119,2026-10-07T10:00:13.9522212Z,6.757303,3.992289,1039,0,0,OperatingSource,0,0,TaskSwitchDisplay,1,,1,Target,,1,Move1,,0,0,0,0,0.000000,0.000000,0,0.050000,20.000000,9.364000,0.000000,16.000000,19.000000,4.000000,-19.000000,4.000000,19.000000,40.000000,250.000000,0,0.000000,,,,0.000000,0.000000,0.000000,0,75.000000,70.000000,,,,,,,,,
20261007T100007181Z_e407267f5160429bb1e8d9eb7b844d2c,,,1,120,2026-10-07T10:00:14.0049989Z,6.810570,4.045124,1044,0,0,OperatingSource,0,0,TaskSwitchDisplay,1,,0,Source,1,1,Move1,Move1.PickupCoarseMove,1,1,0,0,3.912435,0.000000,0,0.050000,0.000000,9.364000,0.000000,-4.000000,0.000000,4.000000,0.000000,4.000000,0.000000,20.000000,250.000000,0,0.000000,1770.000000,,-1770.000000,0.000000,0.000000,0.000000,0,75.000000,70.000000,"{""stepId"":""Move1.PickupCoarseMove"",""displayName"":""吸着位置へ大まかに移動"",""majorPhase"":0,""completionConditions"":[{""conditionType"":1,""threshold"":0.5,""secondaryThreshold"":0.5},{""conditionType"":3,""threshold"":0.0,""secondaryThreshold"":0.0}],""requiredStableSeconds"":0.4000000059604645}",0.000000,0,1,0,1044,0.050000,0,1
20261007T100007181Z_e407267f5160429bb1e8d9eb7b844d2c,,,1,120,2026-10-07T10:00:14.0049989Z,6.810570,4.045124,1044,0,0,OperatingSource,0,0,TaskSwitchDisplay,1,,1,Target,,1,Move1,,0,0,0,0,0.000000,0.000000,0,0.050000,20.000000,9.364000,0.000000,16.000000,19.000000,4.000000,-19.000000,4.000000,19.000000,40.000000,250.000000,0,0.000000,,,,0.000000,0.000000,0.000000,0,75.000000,70.000000,,,,,,,,,
20261007T100007181Z_e407267f5160429bb1e8d9eb7b844d2c,,,1,121,2026-10-07T10:00:14.0604367Z,6.866111,4.100222,1049,0,0,OperatingSource,0,0,TaskSwitchDisplay,1,,0,Source,1,1,Move1,Move1.PickupCoarseMove,1,1,0,0,3.967533,0.000000,0,0.050000,0.000000,9.364000,0.000000,-4.000000,0.000000,4.000000,0.000000,4.000000,0.000000,20.000000,250.000000,0,0.000000,1770.000000,,-1770.000000,0.000000,0.000000,0.000000,0,75.000000,70.000000,"{""stepId"":""Move1.PickupCoarseMove"",""displayName"":""吸着位置へ大まかに移動"",""majorPhase"":0,""completionConditions"":[{""conditionType"":1,""threshold"":0.5,""secondaryThreshold"":0.5},{""conditionType"":3,""threshold"":0.0,""secondaryThreshold"":0.0}],""requiredStableSeconds"":0.4000000059604645}",0.000000,0,1,0,1049,0.050000,0,1
20261007T100007181Z_e407267f5160429bb1e8d9eb7b844d2c,,,1,121,2026-10-07T10:00:14.0604367Z,6.866111,4.100222,1049,0,0,OperatingSource,0,0,TaskSwitchDisplay,1,,1,Target,,1,Move1,,0,0,0,0,0.000000,0.000000,0,0.050000,20.000000,9.364000,0.000000,16.000000,19.000000,4.000000,-19.000000,4.000000,19.000000,40.000000,250.000000,0,0.000000,,,,0.000000,0.000000,0.000000,0,75.000000,70.000000,,,,,,,,,
20261007T100007181Z_e407267f5160429bb1e8d9eb7b844d2c,,,1,122,2026-10-07T10:00:14.1112647Z,6.916356,4.150920,1052,0,0,OperatingSource,0,0,TaskSwitchDisplay,1,,0,Source,1,1,Move1,Move1.PickupCoarseMove,1,1,0,0,4.018231,0.000000,0,0.050000,0.000000,9.364000,0.000000,-4.000000,0.000000,4.000000,0.000000,4.000000,0.000000,20.000000,250.000000,0,0.000000,1770.000000,,-1770.000000,0.000000,0.000000,0.000000,0,75.000000,70.000000,"{""stepId"":""Move1.PickupCoarseMove"",""displayName"":""吸着位置へ大まかに移動"",""majorPhase"":0,""completionConditions"":[{""conditionType"":1,""threshold"":0.5,""secondaryThreshold"":0.5},{""conditionType"":3,""threshold"":0.0,""secondaryThreshold"":0.0}],""requiredStableSeconds"":0.4000000059604645}",0.000000,0,1,0,1052,0.050000,0,1
20261007T100007181Z_e407267f5160429bb1e8d9eb7b844d2c,,,1,122,2026-10-07T10:00:14.1112647Z,6.916356,4.150920,1052,0,0,OperatingSource,0,0,TaskSwitchDisplay,1,,1,Target,,1,Move1,,0,0,0,0,0.000000,0.000000,0,0.050000,20.000000,9.364000,0.000000,16.000000,19.000000,4.000000,-19.000000,4.000000,19.000000,40.000000,250.000000,0,0.000000,,,,0.000000,0.000000,0.000000,0,75.000000,70.000000,,,,,,,,,
20261007T100007181Z_e407267f5160429bb1e8d9eb7b844d2c,,,1,123,2026-10-07T10:00:14.1695563Z,6.974648,4.209685,1057,0,0,OperatingSource,0,0,TaskSwitchDisplay,1,,0,Source,1,1,Move1,Move1.PickupCoarseMove,1,1,0,0,4.076996,0.000000,0,0.050000,0.000000,9.364000,0.000000,-4.000000,0.000000,4.000000,0.000000,4.000000,0.000000,20.000000,250.000000,0,0.000000,1770.000000,,-1770.000000,0.000000,0.000000,0.000000,0,75.000000,70.000000,"{""stepId"":""Move1.PickupCoarseMove"",""displayName"":""吸着位置へ大まかに移動"",""majorPhase"":0,""completionConditions"":[{""conditionType"":1,""threshold"":0.5,""secondaryThreshold"":0.5},{""conditionType"":3,""threshold"":0.0,""secondaryThreshold"":0.0}],""requiredStableSeconds"":0.4000000059604645}",0.000000,0,1,0,1057,0.050000,0,1
20261007T100007181Z_e407267f5160429bb1e8d9eb7b844d2c,,,1,123,2026-10-07T10:00:14.1695563Z,6.974648,4.209685,1057,0,0,OperatingSource,0,0,TaskSwitchDisplay,1,,1,Target,,1,Move1,,0,0,0,0,0.000000,0.000000,0,0.050000,20.000000,9.364000,0.000000,16.000000,19.000000,4.000000,-19.000000,4.000000,19.000000,40.000000,250.000000,0,0.000000,,,,0.000000,0.000000,0.000000,0,75.000000,70.000000,,,,,,,,,
20261007T100007181Z_e407267f5160429bb1e8d9eb7b844d2c,,,1,124,2026-10-07T10:00:14.2260117Z,7.031567,4.265657,1062,0,0,OperatingSource,0,0,TaskSwitchDisplay,1,,0,Source,1,1,Move1,Move1.PickupCoarseMove,1,1,0,0,4.132968,0.000000,0,0.050000,0.000000,9.364000,0.000000,-4.000000,0.000000,4.000000,0.000000,4.000000,0.000000,20.000000,250.000000,0,0.000000,1770.000000,,-1770.000000,0.000000,0.000000,0.000000,0,75.000000,70.000000,"{""stepId"":""Move1.PickupCoarseMove"",""displayName"":""吸着位置へ大まかに移動"",""majorPhase"":0,""completionConditions"":[{""conditionType"":1,""threshold"":0.5,""secondaryThreshold"":0.5},{""conditionType"":3,""threshold"":0.0,""secondaryThreshold"":0.0}],""requiredStableSeconds"":0.4000000059604645}",0.000000,0,1,0,1062,0.050000,0,1
20261007T100007181Z_e407267f5160429bb1e8d9eb7b844d2c,,,1,124,2026-10-07T10:00:14.2260117Z,7.031567,4.265657,1062,0,0,OperatingSource,0,0,TaskSwitchDisplay,1,,1,Target,,1,Move1,,0,0,0,0,0.000000,0.000000,0,0.050000,20.000000,9.364000,0.000000,16.000000,19.000000,4.000000,-19.000000,4.000000,19.000000,40.000000,250.000000,0,0.000000,,,,0.000000,0.000000,0.000000,0,75.000000,70.000000,,,,,,,,,
20261007T100007181Z_e407267f5160429bb1e8d9eb7b844d2c,,,1,125,2026-10-07T10:00:14.2770678Z,7.082247,4.317250,1066,0,0,OperatingSource,0,0,TaskSwitchDisplay,1,,0,Source,1,1,Move1,Move1.PickupCoarseMove,1,1,0,0,4.184562,0.000000,0,0.050000,0.000000,9.364000,0.000000,-4.000000,0.000000,4.000000,0.000000,4.000000,0.000000,20.000000,250.000000,0,0.000000,1770.000000,,-1770.000000,0.000000,0.000000,0.000000,0,75.000000,70.000000,"{""stepId"":""Move1.PickupCoarseMove"",""displayName"":""吸着位置へ大まかに移動"",""majorPhase"":0,""completionConditions"":[{""conditionType"":1,""threshold"":0.5,""secondaryThreshold"":0.5},{""conditionType"":3,""threshold"":0.0,""secondaryThreshold"":0.0}],""requiredStableSeconds"":0.4000000059604645}",0.000000,0,1,0,1066,0.050000,0,1
20261007T100007181Z_e407267f5160429bb1e8d9eb7b844d2c,,,1,125,2026-10-07T10:00:14.2770678Z,7.082247,4.317250,1066,0,0,OperatingSource,0,0,TaskSwitchDisplay,1,,1,Target,,1,Move1,,0,0,0,0,0.000000,0.000000,0,0.050000,20.000000,9.364000,0.000000,16.000000,19.000000,4.000000,-19.000000,4.000000,19.000000,40.000000,250.000000,0,0.000000,,,,0.000000,0.000000,0.000000,0,75.000000,70.000000,,,,,,,,,
20261007T100007181Z_e407267f5160429bb1e8d9eb7b844d2c,,,1,126,2026-10-07T10:00:14.3341932Z,7.139578,4.374350,1071,0,0,OperatingSource,0,0,TaskSwitchDisplay,1,,0,Source,1,1,Move1,Move1.PickupCoarseMove,1,1,0,0,4.241663,0.000000,0,0.050000,0.000000,9.364000,0.000000,-4.000000,0.000000,4.000000,0.000000,4.000000,0.000000,20.000000,250.000000,0,0.000000,1770.000000,,-1770.000000,0.000000,0.000000,0.000000,0,75.000000,70.000000,"{""stepId"":""Move1.PickupCoarseMove"",""displayName"":""吸着位置へ大まかに移動"",""majorPhase"":0,""completionConditions"":[{""conditionType"":1,""threshold"":0.5,""secondaryThreshold"":0.5},{""conditionType"":3,""threshold"":0.0,""secondaryThreshold"":0.0}],""requiredStableSeconds"":0.4000000059604645}",0.000000,0,1,0,1071,0.050000,0,1
20261007T100007181Z_e407267f5160429bb1e8d9eb7b844d2c,,,1,126,2026-10-07T10:00:14.3341932Z,7.139578,4.374350,1071,0,0,OperatingSource,0,0,TaskSwitchDisplay,1,,1,Target,,1,Move1,,0,0,0,0,0.000000,0.000000,0,0.050000,20.000000,9.364000,0.000000,16.000000,19.000000,4.000000,-19.000000,4.000000,19.000000,40.000000,250.000000,0,0.000000,,,,0.000000,0.000000,0.000000,0,75.000000,70.000000,,,,,,,,,
20261007T100007181Z_e407267f5160429bb1e8d9eb7b844d2c,,,1,127,2026-10-07T10:00:14.3851226Z,7.190265,4.424890,1075,0,0,OperatingSource,0,0,TaskSwitchDisplay,1,,0,Source,1,1,Move1,Move1.PickupCoarseMove,1,1,0,0,4.292202,0.000000,0,0.050000,0.000000,9.364000,0.000000,-4.000000,0.000000,4.000000,0.000000,4.000000,0.000000,20.000000,250.000000,0,0.000000,1770.000000,,-1770.000000,0.000000,0.000000,0.000000,0,75.000000,70.000000,"{""stepId"":""Move1.PickupCoarseMove"",""displayName"":""吸着位置へ大まかに移動"",""majorPhase"":0,""completionConditions"":[{""conditionType"":1,""threshold"":0.5,""secondaryThreshold"":0.5},{""conditionType"":3,""threshold"":0.0,""secondaryThreshold"":0.0}],""requiredStableSeconds"":0.4000000059604645}",0.000000,0,1,0,1075,0.050000,0,1
20261007T100007181Z_e407267f5160429bb1e8d9eb7b844d2c,,,1,127,2026-10-07T10:00:14.3851226Z,7.190265,4.424890,1075,0,0,OperatingSource,0,0,TaskSwitchDisplay,1,,1,Target,,1,Move1,,0,0,0,0,0.000000,0.000000,0,0.050000,20.000000,9.364000,0.000000,16.000000,19.000000,4.000000,-19.000000,4.000000,19.000000,40.000000,250.000000,0,0.000000,,,,0.000000,0.000000,0.000000,0,75.000000,70.000000,,,,,,,,,
20261007T100007181Z_e407267f5160429bb1e8d9eb7b844d2c,,,1,128,2026-10-07T10:00:14.4377625Z,7.243656,4.478290,1079,0,0,OperatingSource,0,0,TaskSwitchDisplay,1,,0,Source,1,1,Move1,Move1.PickupCoarseMove,1,1,0,0,4.345602,0.000000,0,0.050000,0.000000,9.364000,0.000000,-4.000000,0.000000,4.000000,0.000000,4.000000,0.000000,20.000000,250.000000,0,0.000000,1770.000000,,-1770.000000,0.000000,0.000000,0.000000,0,75.000000,70.000000,"{""stepId"":""Move1.PickupCoarseMove"",""displayName"":""吸着位置へ大まかに移動"",""majorPhase"":0,""completionConditions"":[{""conditionType"":1,""threshold"":0.5,""secondaryThreshold"":0.5},{""conditionType"":3,""threshold"":0.0,""secondaryThreshold"":0.0}],""requiredStableSeconds"":0.4000000059604645}",0.000000,0,1,0,1079,0.050000,0,1
20261007T100007181Z_e407267f5160429bb1e8d9eb7b844d2c,,,1,128,2026-10-07T10:00:14.4377625Z,7.243656,4.478290,1079,0,0,OperatingSource,0,0,TaskSwitchDisplay,1,,1,Target,,1,Move1,,0,0,0,0,0.000000,0.000000,0,0.050000,20.000000,9.364000,0.000000,16.000000,19.000000,4.000000,-19.000000,4.000000,19.000000,40.000000,250.000000,0,0.000000,,,,0.000000,0.000000,0.000000,0,75.000000,70.000000,,,,,,,,,
20261007T100007181Z_e407267f5160429bb1e8d9eb7b844d2c,,,1,129,2026-10-07T10:00:14.4907255Z,7.295838,4.530208,1083,0,0,OperatingSource,0,0,TaskSwitchDisplay,1,,0,Source,1,1,Move1,Move1.PickupCoarseMove,1,1,0,0,4.397520,0.000000,0,0.050000,0.000000,9.364000,0.000000,-4.000000,0.000000,4.000000,0.000000,4.000000,0.000000,20.000000,250.000000,0,0.000000,1770.000000,,-1770.000000,0.000000,0.000000,0.000000,0,75.000000,70.000000,"{""stepId"":""Move1.PickupCoarseMove"",""displayName"":""吸着位置へ大まかに移動"",""majorPhase"":0,""completionConditions"":[{""conditionType"":1,""threshold"":0.5,""secondaryThreshold"":0.5},{""conditionType"":3,""threshold"":0.0,""secondaryThreshold"":0.0}],""requiredStableSeconds"":0.4000000059604645}",0.000000,0,1,0,1083,0.050000,0,1
20261007T100007181Z_e407267f5160429bb1e8d9eb7b844d2c,,,1,129,2026-10-07T10:00:14.4907255Z,7.295838,4.530208,1083,0,0,OperatingSource,0,0,TaskSwitchDisplay,1,,1,Target,,1,Move1,,0,0,0,0,0.000000,0.000000,0,0.050000,20.000000,9.364000,0.000000,16.000000,19.000000,4.000000,-19.000000,4.000000,19.000000,40.000000,250.000000,0,0.000000,,,,0.000000,0.000000,0.000000,0,75.000000,70.000000,,,,,,,,,
20261007T100007181Z_e407267f5160429bb1e8d9eb7b844d2c,,,1,130,2026-10-07T10:00:14.5517205Z,7.356644,4.591699,1088,0,0,OperatingSource,0,0,TaskSwitchDisplay,1,,0,Source,1,1,Move1,Move1.PickupCoarseMove,1,1,0,0,4.459011,0.000000,0,0.050000,0.000000,9.364000,0.000000,-4.000000,0.000000,4.000000,0.000000,4.000000,0.000000,20.000000,250.000000,0,0.000000,1770.000000,,-1770.000000,0.000000,0.000000,0.000000,0,75.000000,70.000000,"{""stepId"":""Move1.PickupCoarseMove"",""displayName"":""吸着位置へ大まかに移動"",""majorPhase"":0,""completionConditions"":[{""conditionType"":1,""threshold"":0.5,""secondaryThreshold"":0.5},{""conditionType"":3,""threshold"":0.0,""secondaryThreshold"":0.0}],""requiredStableSeconds"":0.4000000059604645}",0.000000,0,1,0,1088,0.050000,0,1
20261007T100007181Z_e407267f5160429bb1e8d9eb7b844d2c,,,1,130,2026-10-07T10:00:14.5517205Z,7.356644,4.591699,1088,0,0,OperatingSource,0,0,TaskSwitchDisplay,1,,1,Target,,1,Move1,,0,0,0,0,0.000000,0.000000,0,0.050000,20.000000,9.364000,0.000000,16.000000,19.000000,4.000000,-19.000000,4.000000,19.000000,40.000000,250.000000,0,0.000000,,,,0.000000,0.000000,0.000000,0,75.000000,70.000000,,,,,,,,,
20261007T100007181Z_e407267f5160429bb1e8d9eb7b844d2c,,,1,131,2026-10-07T10:00:14.6083268Z,7.413938,4.648408,1093,0,0,OperatingSource,0,0,TaskSwitchDisplay,1,,0,Source,1,1,Move1,Move1.PickupCoarseMove,1,1,0,0,4.515719,0.000000,0,0.050000,0.000000,9.364000,0.000000,-4.000000,0.000000,4.000000,0.000000,4.000000,0.000000,20.000000,250.000000,0,0.000000,1770.000000,,-1770.000000,0.000000,0.000000,0.000000,0,75.000000,70.000000,"{""stepId"":""Move1.PickupCoarseMove"",""displayName"":""吸着位置へ大まかに移動"",""majorPhase"":0,""completionConditions"":[{""conditionType"":1,""threshold"":0.5,""secondaryThreshold"":0.5},{""conditionType"":3,""threshold"":0.0,""secondaryThreshold"":0.0}],""requiredStableSeconds"":0.4000000059604645}",0.000000,0,1,0,1093,0.050000,0,1
20261007T100007181Z_e407267f5160429bb1e8d9eb7b844d2c,,,1,131,2026-10-07T10:00:14.6083268Z,7.413938,4.648408,1093,0,0,OperatingSource,0,0,TaskSwitchDisplay,1,,1,Target,,1,Move1,,0,0,0,0,0.000000,0.000000,0,0.050000,20.000000,9.364000,0.000000,16.000000,19.000000,4.000000,-19.000000,4.000000,19.000000,40.000000,250.000000,0,0.000000,,,,0.000000,0.000000,0.000000,0,75.000000,70.000000,,,,,,,,,
20261007T100007181Z_e407267f5160429bb1e8d9eb7b844d2c,,,1,132,2026-10-07T10:00:14.6625301Z,7.468155,4.702621,1098,0,0,OperatingSource,0,0,TaskSwitchDisplay,1,,0,Source,1,1,Move1,Move1.PickupCoarseMove,1,1,0,0,4.569932,0.000000,0,0.050000,0.000000,9.364000,0.000000,-4.000000,0.000000,4.000000,0.000000,4.000000,0.000000,20.000000,250.000000,0,0.000000,1770.000000,,-1770.000000,0.000000,0.000000,0.000000,0,75.000000,70.000000,"{""stepId"":""Move1.PickupCoarseMove"",""displayName"":""吸着位置へ大まかに移動"",""majorPhase"":0,""completionConditions"":[{""conditionType"":1,""threshold"":0.5,""secondaryThreshold"":0.5},{""conditionType"":3,""threshold"":0.0,""secondaryThreshold"":0.0}],""requiredStableSeconds"":0.4000000059604645}",0.000000,0,1,0,1098,0.050000,0,1
20261007T100007181Z_e407267f5160429bb1e8d9eb7b844d2c,,,1,132,2026-10-07T10:00:14.6625301Z,7.468155,4.702621,1098,0,0,OperatingSource,0,0,TaskSwitchDisplay,1,,1,Target,,1,Move1,,0,0,0,0,0.000000,0.000000,0,0.050000,20.000000,9.364000,0.000000,16.000000,19.000000,4.000000,-19.000000,4.000000,19.000000,40.000000,250.000000,0,0.000000,,,,0.000000,0.000000,0.000000,0,75.000000,70.000000,,,,,,,,,
20261007T100007181Z_e407267f5160429bb1e8d9eb7b844d2c,,,1,133,2026-10-07T10:00:14.7190406Z,7.525158,4.759416,1103,0,0,OperatingSource,0,0,TaskSwitchDisplay,1,,0,Source,1,1,Move1,Move1.PickupCoarseMove,1,1,0,0,4.626726,0.000000,0,0.050000,0.000000,9.364000,0.000000,-4.000000,0.000000,4.000000,0.000000,4.000000,0.000000,20.000000,250.000000,0,0.000000,1770.000000,,-1770.000000,0.000000,0.000000,0.000000,0,75.000000,70.000000,"{""stepId"":""Move1.PickupCoarseMove"",""displayName"":""吸着位置へ大まかに移動"",""majorPhase"":0,""completionConditions"":[{""conditionType"":1,""threshold"":0.5,""secondaryThreshold"":0.5},{""conditionType"":3,""threshold"":0.0,""secondaryThreshold"":0.0}],""requiredStableSeconds"":0.4000000059604645}",0.000000,0,1,0,1103,0.050000,0,1
20261007T100007181Z_e407267f5160429bb1e8d9eb7b844d2c,,,1,133,2026-10-07T10:00:14.7190406Z,7.525158,4.759416,1103,0,0,OperatingSource,0,0,TaskSwitchDisplay,1,,1,Target,,1,Move1,,0,0,0,0,0.000000,0.000000,0,0.050000,20.000000,9.364000,0.000000,16.000000,19.000000,4.000000,-19.000000,4.000000,19.000000,40.000000,250.000000,0,0.000000,,,,0.000000,0.000000,0.000000,0,75.000000,70.000000,,,,,,,,,
20261007T100007181Z_e407267f5160429bb1e8d9eb7b844d2c,,,1,134,2026-10-07T10:00:14.7750034Z,7.579947,4.814971,1108,0,0,OperatingSource,0,0,TaskSwitchDisplay,1,,0,Source,1,1,Move1,Move1.PickupCoarseMove,1,1,0,0,4.682282,0.000000,0,0.050000,0.000000,9.364000,0.000000,-4.000000,0.000000,4.000000,0.000000,4.000000,0.000000,20.000000,250.000000,0,0.000000,1770.000000,,-1770.000000,0.000000,0.000000,0.000000,0,75.000000,70.000000,"{""stepId"":""Move1.PickupCoarseMove"",""displayName"":""吸着位置へ大まかに移動"",""majorPhase"":0,""completionConditions"":[{""conditionType"":1,""threshold"":0.5,""secondaryThreshold"":0.5},{""conditionType"":3,""threshold"":0.0,""secondaryThreshold"":0.0}],""requiredStableSeconds"":0.4000000059604645}",0.000000,0,1,0,1108,0.050000,0,1
20261007T100007181Z_e407267f5160429bb1e8d9eb7b844d2c,,,1,134,2026-10-07T10:00:14.7750034Z,7.579947,4.814971,1108,0,0,OperatingSource,0,0,TaskSwitchDisplay,1,,1,Target,,1,Move1,,0,0,0,0,0.000000,0.000000,0,0.050000,20.000000,9.364000,0.000000,16.000000,19.000000,4.000000,-19.000000,4.000000,19.000000,40.000000,250.000000,0,0.000000,,,,0.000000,0.000000,0.000000,0,75.000000,70.000000,,,,,,,,,
20261007T100007181Z_e407267f5160429bb1e8d9eb7b844d2c,,,1,135,2026-10-07T10:00:14.8286186Z,7.634294,4.868765,1113,0,0,OperatingSource,0,0,TaskSwitchDisplay,1,,0,Source,1,1,Move1,Move1.PickupCoarseMove,1,1,0,0,4.736076,0.000000,0,0.050000,0.000000,9.364000,0.000000,-4.000000,0.000000,4.000000,0.000000,4.000000,0.000000,20.000000,250.000000,0,0.000000,1770.000000,,-1770.000000,0.000000,0.000000,0.000000,0,75.000000,70.000000,"{""stepId"":""Move1.PickupCoarseMove"",""displayName"":""吸着位置へ大まかに移動"",""majorPhase"":0,""completionConditions"":[{""conditionType"":1,""threshold"":0.5,""secondaryThreshold"":0.5},{""conditionType"":3,""threshold"":0.0,""secondaryThreshold"":0.0}],""requiredStableSeconds"":0.4000000059604645}",0.000000,0,1,0,1113,0.050000,0,1
20261007T100007181Z_e407267f5160429bb1e8d9eb7b844d2c,,,1,135,2026-10-07T10:00:14.8286186Z,7.634294,4.868765,1113,0,0,OperatingSource,0,0,TaskSwitchDisplay,1,,1,Target,,1,Move1,,0,0,0,0,0.000000,0.000000,0,0.050000,20.000000,9.364000,0.000000,16.000000,19.000000,4.000000,-19.000000,4.000000,19.000000,40.000000,250.000000,0,0.000000,,,,0.000000,0.000000,0.000000,0,75.000000,70.000000,,,,,,,,,
20261007T100007181Z_e407267f5160429bb1e8d9eb7b844d2c,,,1,136,2026-10-07T10:00:14.8794727Z,7.684996,4.919430,1118,0,0,OperatingSource,0,0,TaskSwitchDisplay,1,,0,Source,1,1,Move1,Move1.PickupCoarseMove,1,1,0,0,4.786741,0.000000,0,0.050000,0.000000,9.364000,0.000000,-4.000000,0.000000,4.000000,0.000000,4.000000,0.000000,20.000000,250.000000,0,0.000000,1770.000000,,-1770.000000,0.000000,0.000000,0.000000,0,75.000000,70.000000,"{""stepId"":""Move1.PickupCoarseMove"",""displayName"":""吸着位置へ大まかに移動"",""majorPhase"":0,""completionConditions"":[{""conditionType"":1,""threshold"":0.5,""secondaryThreshold"":0.5},{""conditionType"":3,""threshold"":0.0,""secondaryThreshold"":0.0}],""requiredStableSeconds"":0.4000000059604645}",0.000000,0,1,0,1118,0.050000,0,1
20261007T100007181Z_e407267f5160429bb1e8d9eb7b844d2c,,,1,136,2026-10-07T10:00:14.8794727Z,7.684996,4.919430,1118,0,0,OperatingSource,0,0,TaskSwitchDisplay,1,,1,Target,,1,Move1,,0,0,0,0,0.000000,0.000000,0,0.050000,20.000000,9.364000,0.000000,16.000000,19.000000,4.000000,-19.000000,4.000000,19.000000,40.000000,250.000000,0,0.000000,,,,0.000000,0.000000,0.000000,0,75.000000,70.000000,,,,,,,,,
20261007T100007181Z_e407267f5160429bb1e8d9eb7b844d2c,,,1,137,2026-10-07T10:00:14.9326179Z,7.737873,4.972898,1123,0,0,OperatingSource,0,0,TaskSwitchDisplay,1,,0,Source,1,1,Move1,Move1.PickupCoarseMove,1,1,0,0,4.840210,0.000000,0,0.050000,0.000000,9.364000,0.000000,-4.000000,0.000000,4.000000,0.000000,4.000000,0.000000,20.000000,250.000000,0,0.000000,1770.000000,,-1770.000000,0.000000,0.000000,0.000000,0,75.000000,70.000000,"{""stepId"":""Move1.PickupCoarseMove"",""displayName"":""吸着位置へ大まかに移動"",""majorPhase"":0,""completionConditions"":[{""conditionType"":1,""threshold"":0.5,""secondaryThreshold"":0.5},{""conditionType"":3,""threshold"":0.0,""secondaryThreshold"":0.0}],""requiredStableSeconds"":0.4000000059604645}",0.000000,0,1,0,1123,0.050000,0,1
20261007T100007181Z_e407267f5160429bb1e8d9eb7b844d2c,,,1,137,2026-10-07T10:00:14.9326179Z,7.737873,4.972898,1123,0,0,OperatingSource,0,0,TaskSwitchDisplay,1,,1,Target,,1,Move1,,0,0,0,0,0.000000,0.000000,0,0.050000,20.000000,9.364000,0.000000,16.000000,19.000000,4.000000,-19.000000,4.000000,19.000000,40.000000,250.000000,0,0.000000,,,,0.000000,0.000000,0.000000,0,75.000000,70.000000,,,,,,,,,
20261007T100007181Z_e407267f5160429bb1e8d9eb7b844d2c,,,1,138,2026-10-07T10:00:14.9869377Z,7.793224,5.027506,1128,0,0,OperatingSource,0,0,TaskSwitchDisplay,1,,0,Source,1,1,Move1,Move1.PickupCoarseMove,1,1,0,0,4.894817,0.000000,0,0.050000,0.000000,9.364000,0.000000,-4.000000,0.000000,4.000000,0.000000,4.000000,0.000000,20.000000,250.000000,0,0.000000,1770.000000,,-1770.000000,0.000000,0.000000,0.000000,0,75.000000,70.000000,"{""stepId"":""Move1.PickupCoarseMove"",""displayName"":""吸着位置へ大まかに移動"",""majorPhase"":0,""completionConditions"":[{""conditionType"":1,""threshold"":0.5,""secondaryThreshold"":0.5},{""conditionType"":3,""threshold"":0.0,""secondaryThreshold"":0.0}],""requiredStableSeconds"":0.4000000059604645}",0.000000,0,1,0,1128,0.050000,0,1
20261007T100007181Z_e407267f5160429bb1e8d9eb7b844d2c,,,1,138,2026-10-07T10:00:14.9869377Z,7.793224,5.027506,1128,0,0,OperatingSource,0,0,TaskSwitchDisplay,1,,1,Target,,1,Move1,,0,0,0,0,0.000000,0.000000,0,0.050000,20.000000,9.364000,0.000000,16.000000,19.000000,4.000000,-19.000000,4.000000,19.000000,40.000000,250.000000,0,0.000000,,,,0.000000,0.000000,0.000000,0,75.000000,70.000000,,,,,,,,,
20261007T100007181Z_e407267f5160429bb1e8d9eb7b844d2c,,,1,139,2026-10-07T10:00:15.0404862Z,7.845718,5.080247,1133,0,0,OperatingSource,0,0,TaskSwitchDisplay,1,,0,Source,1,1,Move1,Move1.PickupCoarseMove,1,1,0,0,4.947558,0.000000,0,0.050000,0.000000,9.364000,0.000000,-4.000000,0.000000,4.000000,0.000000,4.000000,0.000000,20.000000,250.000000,0,0.000000,1770.000000,,-1770.000000,0.000000,0.000000,0.000000,0,75.000000,70.000000,"{""stepId"":""Move1.PickupCoarseMove"",""displayName"":""吸着位置へ大まかに移動"",""majorPhase"":0,""completionConditions"":[{""conditionType"":1,""threshold"":0.5,""secondaryThreshold"":0.5},{""conditionType"":3,""threshold"":0.0,""secondaryThreshold"":0.0}],""requiredStableSeconds"":0.4000000059604645}",0.000000,0,1,0,1133,0.050000,0,1
20261007T100007181Z_e407267f5160429bb1e8d9eb7b844d2c,,,1,139,2026-10-07T10:00:15.0404862Z,7.845718,5.080247,1133,0,0,OperatingSource,0,0,TaskSwitchDisplay,1,,1,Target,,1,Move1,,0,0,0,0,0.000000,0.000000,0,0.050000,20.000000,9.364000,0.000000,16.000000,19.000000,4.000000,-19.000000,4.000000,19.000000,40.000000,250.000000,0,0.000000,,,,0.000000,0.000000,0.000000,0,75.000000,70.000000,,,,,,,,,
20261007T100007181Z_e407267f5160429bb1e8d9eb7b844d2c,,,1,140,2026-10-07T10:00:15.0931541Z,7.898868,5.133732,1138,0,0,OperatingSource,0,0,TaskSwitchDisplay,1,,0,Source,1,1,Move1,Move1.PickupCoarseMove,1,1,0,0,5.001044,0.000000,0,0.050000,0.000000,9.364000,0.000000,-4.000000,0.000000,4.000000,0.000000,4.000000,0.000000,20.000000,250.000000,0,0.000000,1770.000000,,-1770.000000,0.000000,0.000000,0.000000,0,75.000000,70.000000,"{""stepId"":""Move1.PickupCoarseMove"",""displayName"":""吸着位置へ大まかに移動"",""majorPhase"":0,""completionConditions"":[{""conditionType"":1,""threshold"":0.5,""secondaryThreshold"":0.5},{""conditionType"":3,""threshold"":0.0,""secondaryThreshold"":0.0}],""requiredStableSeconds"":0.4000000059604645}",0.000000,0,1,0,1138,0.050000,0,1
20261007T100007181Z_e407267f5160429bb1e8d9eb7b844d2c,,,1,140,2026-10-07T10:00:15.0931541Z,7.898868,5.133732,1138,0,0,OperatingSource,0,0,TaskSwitchDisplay,1,,1,Target,,1,Move1,,0,0,0,0,0.000000,0.000000,0,0.050000,20.000000,9.364000,0.000000,16.000000,19.000000,4.000000,-19.000000,4.000000,19.000000,40.000000,250.000000,0,0.000000,,,,0.000000,0.000000,0.000000,0,75.000000,70.000000,,,,,,,,,
20261007T100007181Z_e407267f5160429bb1e8d9eb7b844d2c,,,1,141,2026-10-07T10:00:15.1504043Z,7.955579,5.190201,1143,0,0,OperatingSource,0,0,TaskSwitchDisplay,1,,0,Source,1,1,Move1,Move1.PickupCoarseMove,1,1,0,0,5.057512,0.000000,0,0.050000,0.000000,9.364000,0.000000,-4.000000,0.000000,4.000000,0.000000,4.000000,0.000000,20.000000,250.000000,0,0.000000,1770.000000,,-1770.000000,0.000000,0.000000,0.000000,0,75.000000,70.000000,"{""stepId"":""Move1.PickupCoarseMove"",""displayName"":""吸着位置へ大まかに移動"",""majorPhase"":0,""completionConditions"":[{""conditionType"":1,""threshold"":0.5,""secondaryThreshold"":0.5},{""conditionType"":3,""threshold"":0.0,""secondaryThreshold"":0.0}],""requiredStableSeconds"":0.4000000059604645}",0.000000,0,1,0,1143,0.050000,0,1
20261007T100007181Z_e407267f5160429bb1e8d9eb7b844d2c,,,1,141,2026-10-07T10:00:15.1504043Z,7.955579,5.190201,1143,0,0,OperatingSource,0,0,TaskSwitchDisplay,1,,1,Target,,1,Move1,,0,0,0,0,0.000000,0.000000,0,0.050000,20.000000,9.364000,0.000000,16.000000,19.000000,4.000000,-19.000000,4.000000,19.000000,40.000000,250.000000,0,0.000000,,,,0.000000,0.000000,0.000000,0,75.000000,70.000000,,,,,,,,,
20261007T100007181Z_e407267f5160429bb1e8d9eb7b844d2c,,,1,142,2026-10-07T10:00:15.2091389Z,8.015441,5.250477,1148,0,0,OperatingSource,0,0,TaskSwitchDisplay,1,,0,Source,1,1,Move1,Move1.PickupCoarseMove,1,1,0,0,5.117788,0.000000,0,0.050000,0.000000,9.364000,0.000000,-4.000000,0.000000,4.000000,0.000000,4.000000,0.000000,20.000000,250.000000,0,0.000000,1770.000000,,-1770.000000,0.000000,0.000000,0.000000,0,75.000000,70.000000,"{""stepId"":""Move1.PickupCoarseMove"",""displayName"":""吸着位置へ大まかに移動"",""majorPhase"":0,""completionConditions"":[{""conditionType"":1,""threshold"":0.5,""secondaryThreshold"":0.5},{""conditionType"":3,""threshold"":0.0,""secondaryThreshold"":0.0}],""requiredStableSeconds"":0.4000000059604645}",0.000000,0,1,0,1148,0.050000,0,1
20261007T100007181Z_e407267f5160429bb1e8d9eb7b844d2c,,,1,142,2026-10-07T10:00:15.2091389Z,8.015441,5.250477,1148,0,0,OperatingSource,0,0,TaskSwitchDisplay,1,,1,Target,,1,Move1,,0,0,0,0,0.000000,0.000000,0,0.050000,20.000000,9.364000,0.000000,16.000000,19.000000,4.000000,-19.000000,4.000000,19.000000,40.000000,250.000000,0,0.000000,,,,0.000000,0.000000,0.000000,0,75.000000,70.000000,,,,,,,,,
20261007T100007181Z_e407267f5160429bb1e8d9eb7b844d2c,,,1,143,2026-10-07T10:00:15.2636095Z,8.069516,5.303554,1153,0,0,OperatingSource,0,0,TaskSwitchDisplay,1,,0,Source,1,1,Move1,Move1.PickupCoarseMove,1,1,0,0,5.170865,0.000000,0,0.050000,0.000000,9.364000,0.000000,-4.000000,0.000000,4.000000,0.000000,4.000000,0.000000,20.000000,250.000000,0,0.000000,1770.000000,,-1770.000000,0.000000,0.000000,0.000000,0,75.000000,70.000000,"{""stepId"":""Move1.PickupCoarseMove"",""displayName"":""吸着位置へ大まかに移動"",""majorPhase"":0,""completionConditions"":[{""conditionType"":1,""threshold"":0.5,""secondaryThreshold"":0.5},{""conditionType"":3,""threshold"":0.0,""secondaryThreshold"":0.0}],""requiredStableSeconds"":0.4000000059604645}",0.000000,0,1,0,1153,0.050000,0,1
20261007T100007181Z_e407267f5160429bb1e8d9eb7b844d2c,,,1,143,2026-10-07T10:00:15.2636095Z,8.069516,5.303554,1153,0,0,OperatingSource,0,0,TaskSwitchDisplay,1,,1,Target,,1,Move1,,0,0,0,0,0.000000,0.000000,0,0.050000,20.000000,9.364000,0.000000,16.000000,19.000000,4.000000,-19.000000,4.000000,19.000000,40.000000,250.000000,0,0.000000,,,,0.000000,0.000000,0.000000,0,75.000000,70.000000,,,,,,,,,
20261007T100007181Z_e407267f5160429bb1e8d9eb7b844d2c,,,1,144,2026-10-07T10:00:15.3218580Z,8.127373,5.361944,1158,0,0,OperatingSource,0,0,TaskSwitchDisplay,1,,0,Source,1,1,Move1,Move1.PickupCoarseMove,1,1,0,0,5.229256,0.000000,0,0.050000,0.000000,9.364000,0.000000,-4.000000,0.000000,4.000000,0.000000,4.000000,0.000000,20.000000,250.000000,0,0.000000,1770.000000,,-1770.000000,0.000000,0.000000,0.000000,0,75.000000,70.000000,"{""stepId"":""Move1.PickupCoarseMove"",""displayName"":""吸着位置へ大まかに移動"",""majorPhase"":0,""completionConditions"":[{""conditionType"":1,""threshold"":0.5,""secondaryThreshold"":0.5},{""conditionType"":3,""threshold"":0.0,""secondaryThreshold"":0.0}],""requiredStableSeconds"":0.4000000059604645}",0.000000,0,1,0,1158,0.050000,0,1
20261007T100007181Z_e407267f5160429bb1e8d9eb7b844d2c,,,1,144,2026-10-07T10:00:15.3218580Z,8.127373,5.361944,1158,0,0,OperatingSource,0,0,TaskSwitchDisplay,1,,1,Target,,1,Move1,,0,0,0,0,0.000000,0.000000,0,0.050000,20.000000,9.364000,0.000000,16.000000,19.000000,4.000000,-19.000000,4.000000,19.000000,40.000000,250.000000,0,0.000000,,,,0.000000,0.000000,0.000000,0,75.000000,70.000000,,,,,,,,,
20261007T100007181Z_e407267f5160429bb1e8d9eb7b844d2c,,,1,145,2026-10-07T10:00:15.3781495Z,8.183771,5.418696,1163,0,0,OperatingSource,0,0,TaskSwitchDisplay,1,,0,Source,1,1,Move1,Move1.PickupCoarseMove,1,1,0,0,5.286007,0.000000,0,0.050000,0.000000,9.364000,0.000000,-4.000000,0.000000,4.000000,0.000000,4.000000,0.000000,20.000000,250.000000,0,0.000000,1770.000000,,-1770.000000,0.000000,0.000000,0.000000,0,75.000000,70.000000,"{""stepId"":""Move1.PickupCoarseMove"",""displayName"":""吸着位置へ大まかに移動"",""majorPhase"":0,""completionConditions"":[{""conditionType"":1,""threshold"":0.5,""secondaryThreshold"":0.5},{""conditionType"":3,""threshold"":0.0,""secondaryThreshold"":0.0}],""requiredStableSeconds"":0.4000000059604645}",0.000000,0,1,0,1163,0.050000,0,1
20261007T100007181Z_e407267f5160429bb1e8d9eb7b844d2c,,,1,145,2026-10-07T10:00:15.3781495Z,8.183771,5.418696,1163,0,0,OperatingSource,0,0,TaskSwitchDisplay,1,,1,Target,,1,Move1,,0,0,0,0,0.000000,0.000000,0,0.050000,20.000000,9.364000,0.000000,16.000000,19.000000,4.000000,-19.000000,4.000000,19.000000,40.000000,250.000000,0,0.000000,,,,0.000000,0.000000,0.000000,0,75.000000,70.000000,,,,,,,,,
20261007T100007181Z_e407267f5160429bb1e8d9eb7b844d2c,,,1,146,2026-10-07T10:00:15.4375982Z,8.242677,5.477448,1168,0,0,OperatingSource,0,0,TaskSwitchDisplay,1,,0,Source,1,1,Move1,Move1.PickupCoarseMove,1,1,0,0,5.344760,0.000000,0,0.050000,0.000000,9.364000,0.000000,-4.000000,0.000000,4.000000,0.000000,4.000000,0.000000,20.000000,250.000000,0,0.000000,1770.000000,,-1770.000000,0.000000,0.000000,0.000000,0,75.000000,70.000000,"{""stepId"":""Move1.PickupCoarseMove"",""displayName"":""吸着位置へ大まかに移動"",""majorPhase"":0,""completionConditions"":[{""conditionType"":1,""threshold"":0.5,""secondaryThreshold"":0.5},{""conditionType"":3,""threshold"":0.0,""secondaryThreshold"":0.0}],""requiredStableSeconds"":0.4000000059604645}",0.000000,0,1,0,1168,0.050000,0,1
20261007T100007181Z_e407267f5160429bb1e8d9eb7b844d2c,,,1,146,2026-10-07T10:00:15.4375982Z,8.242677,5.477448,1168,0,0,OperatingSource,0,0,TaskSwitchDisplay,1,,1,Target,,1,Move1,,0,0,0,0,0.000000,0.000000,0,0.050000,20.000000,9.364000,0.000000,16.000000,19.000000,4.000000,-19.000000,4.000000,19.000000,40.000000,250.000000,0,0.000000,,,,0.000000,0.000000,0.000000,0,75.000000,70.000000,,,,,,,,,
20261007T100007181Z_e407267f5160429bb1e8d9eb7b844d2c,,,1,147,2026-10-07T10:00:15.4934035Z,8.298709,5.533745,1173,0,0,OperatingSource,0,0,TaskSwitchDisplay,1,,0,Source,1,1,Move1,Move1.PickupCoarseMove,1,1,0,0,5.401057,0.000000,0,0.050000,0.000000,9.364000,0.000000,-4.000000,0.000000,4.000000,0.000000,4.000000,0.000000,20.000000,250.000000,0,0.000000,1770.000000,,-1770.000000,0.000000,0.000000,0.000000,0,75.000000,70.000000,"{""stepId"":""Move1.PickupCoarseMove"",""displayName"":""吸着位置へ大まかに移動"",""majorPhase"":0,""completionConditions"":[{""conditionType"":1,""threshold"":0.5,""secondaryThreshold"":0.5},{""conditionType"":3,""threshold"":0.0,""secondaryThreshold"":0.0}],""requiredStableSeconds"":0.4000000059604645}",0.000000,0,1,0,1173,0.050000,0,1
20261007T100007181Z_e407267f5160429bb1e8d9eb7b844d2c,,,1,147,2026-10-07T10:00:15.4934035Z,8.298709,5.533745,1173,0,0,OperatingSource,0,0,TaskSwitchDisplay,1,,1,Target,,1,Move1,,0,0,0,0,0.000000,0.000000,0,0.050000,20.000000,9.364000,0.000000,16.000000,19.000000,4.000000,-19.000000,4.000000,19.000000,40.000000,250.000000,0,0.000000,,,,0.000000,0.000000,0.000000,0,75.000000,70.000000,,,,,,,,,
20261007T100007181Z_e407267f5160429bb1e8d9eb7b844d2c,,,1,148,2026-10-07T10:00:15.5540855Z,8.359907,5.594949,1178,0,0,OperatingSource,0,0,TaskSwitchDisplay,1,,0,Source,1,1,Move1,Move1.PickupCoarseMove,1,1,0,0,5.462262,0.000000,0,0.050000,0.000000,9.364000,0.000000,-4.000000,0.000000,4.000000,0.000000,4.000000,0.000000,20.000000,250.000000,0,0.000000,1770.000000,,-1770.000000,0.000000,0.000000,0.000000,0,75.000000,70.000000,"{""stepId"":""Move1.PickupCoarseMove"",""displayName"":""吸着位置へ大まかに移動"",""majorPhase"":0,""completionConditions"":[{""conditionType"":1,""threshold"":0.5,""secondaryThreshold"":0.5},{""conditionType"":3,""threshold"":0.0,""secondaryThreshold"":0.0}],""requiredStableSeconds"":0.4000000059604645}",0.000000,0,1,0,1178,0.050000,0,1
20261007T100007181Z_e407267f5160429bb1e8d9eb7b844d2c,,,1,148,2026-10-07T10:00:15.5540855Z,8.359907,5.594949,1178,0,0,OperatingSource,0,0,TaskSwitchDisplay,1,,1,Target,,1,Move1,,0,0,0,0,0.000000,0.000000,0,0.050000,20.000000,9.364000,0.000000,16.000000,19.000000,4.000000,-19.000000,4.000000,19.000000,40.000000,250.000000,0,0.000000,,,,0.000000,0.000000,0.000000,0,75.000000,70.000000,,,,,,,,,
20261007T100007181Z_e407267f5160429bb1e8d9eb7b844d2c,,,1,149,2026-10-07T10:00:15.6112667Z,8.416763,5.651638,1183,0,0,OperatingSource,0,0,TaskSwitchDisplay,1,,0,Source,1,1,Move1,Move1.PickupCoarseMove,1,1,0,0,5.518950,0.000000,0,0.050000,0.000000,9.364000,0.000000,-4.000000,0.000000,4.000000,0.000000,4.000000,0.000000,20.000000,250.000000,0,0.000000,1770.000000,,-1770.000000,0.000000,0.000000,0.000000,0,75.000000,70.000000,"{""stepId"":""Move1.PickupCoarseMove"",""displayName"":""吸着位置へ大まかに移動"",""majorPhase"":0,""completionConditions"":[{""conditionType"":1,""threshold"":0.5,""secondaryThreshold"":0.5},{""conditionType"":3,""threshold"":0.0,""secondaryThreshold"":0.0}],""requiredStableSeconds"":0.4000000059604645}",0.000000,0,1,0,1183,0.050000,0,1
20261007T100007181Z_e407267f5160429bb1e8d9eb7b844d2c,,,1,149,2026-10-07T10:00:15.6112667Z,8.416763,5.651638,1183,0,0,OperatingSource,0,0,TaskSwitchDisplay,1,,1,Target,,1,Move1,,0,0,0,0,0.000000,0.000000,0,0.050000,20.000000,9.364000,0.000000,16.000000,19.000000,4.000000,-19.000000,4.000000,19.000000,40.000000,250.000000,0,0.000000,,,,0.000000,0.000000,0.000000,0,75.000000,70.000000,,,,,,,,,
20261007T100007181Z_e407267f5160429bb1e8d9eb7b844d2c,,,1,150,2026-10-07T10:00:15.6726263Z,8.478767,5.713732,1188,0,0,OperatingSource,0,0,TaskSwitchDisplay,1,,0,Source,1,1,Move1,Move1.PickupCoarseMove,1,1,0,0,5.581043,0.000000,0,0.050000,0.000000,9.364000,0.000000,-4.000000,0.000000,4.000000,0.000000,4.000000,0.000000,20.000000,250.000000,0,0.000000,1770.000000,,-1770.000000,0.000000,0.000000,0.000000,0,75.000000,70.000000,"{""stepId"":""Move1.PickupCoarseMove"",""displayName"":""吸着位置へ大まかに移動"",""majorPhase"":0,""completionConditions"":[{""conditionType"":1,""threshold"":0.5,""secondaryThreshold"":0.5},{""conditionType"":3,""threshold"":0.0,""secondaryThreshold"":0.0}],""requiredStableSeconds"":0.4000000059604645}",0.000000,0,1,0,1188,0.050000,0,1
20261007T100007181Z_e407267f5160429bb1e8d9eb7b844d2c,,,1,150,2026-10-07T10:00:15.6726263Z,8.478767,5.713732,1188,0,0,OperatingSource,0,0,TaskSwitchDisplay,1,,1,Target,,1,Move1,,0,0,0,0,0.000000,0.000000,0,0.050000,20.000000,9.364000,0.000000,16.000000,19.000000,4.000000,-19.000000,4.000000,19.000000,40.000000,250.000000,0,0.000000,,,,0.000000,0.000000,0.000000,0,75.000000,70.000000,,,,,,,,,
20261007T100007181Z_e407267f5160429bb1e8d9eb7b844d2c,,,1,151,2026-10-07T10:00:15.7244674Z,8.530034,5.764330,1192,0,0,OperatingSource,0,0,TaskSwitchDisplay,1,,0,Source,1,1,Move1,Move1.PickupCoarseMove,1,1,0,0,5.631642,0.000000,0,0.050000,0.000000,9.364000,0.000000,-4.000000,0.000000,4.000000,0.000000,4.000000,0.000000,20.000000,250.000000,0,0.000000,1770.000000,,-1770.000000,0.000000,0.000000,0.000000,0,75.000000,70.000000,"{""stepId"":""Move1.PickupCoarseMove"",""displayName"":""吸着位置へ大まかに移動"",""majorPhase"":0,""completionConditions"":[{""conditionType"":1,""threshold"":0.5,""secondaryThreshold"":0.5},{""conditionType"":3,""threshold"":0.0,""secondaryThreshold"":0.0}],""requiredStableSeconds"":0.4000000059604645}",0.000000,0,1,0,1192,0.050000,0,1
20261007T100007181Z_e407267f5160429bb1e8d9eb7b844d2c,,,1,151,2026-10-07T10:00:15.7244674Z,8.530034,5.764330,1192,0,0,OperatingSource,0,0,TaskSwitchDisplay,1,,1,Target,,1,Move1,,0,0,0,0,0.000000,0.000000,0,0.050000,20.000000,9.364000,0.000000,16.000000,19.000000,4.000000,-19.000000,4.000000,19.000000,40.000000,250.000000,0,0.000000,,,,0.000000,0.000000,0.000000,0,75.000000,70.000000,,,,,,,,,
20261007T100007181Z_e407267f5160429bb1e8d9eb7b844d2c,,,1,152,2026-10-07T10:00:15.7867352Z,8.591741,5.826287,1197,0,0,OperatingSource,0,0,TaskSwitchDisplay,1,,0,Source,1,1,Move1,Move1.PickupCoarseMove,1,1,0,0,5.693598,0.000000,0,0.050000,0.000000,9.364000,0.000000,-4.000000,0.000000,4.000000,0.000000,4.000000,0.000000,20.000000,250.000000,0,0.000000,1770.000000,,-1770.000000,0.000000,0.000000,0.000000,0,75.000000,70.000000,"{""stepId"":""Move1.PickupCoarseMove"",""displayName"":""吸着位置へ大まかに移動"",""majorPhase"":0,""completionConditions"":[{""conditionType"":1,""threshold"":0.5,""secondaryThreshold"":0.5},{""conditionType"":3,""threshold"":0.0,""secondaryThreshold"":0.0}],""requiredStableSeconds"":0.4000000059604645}",0.000000,0,1,0,1197,0.050000,0,1
20261007T100007181Z_e407267f5160429bb1e8d9eb7b844d2c,,,1,152,2026-10-07T10:00:15.7867352Z,8.591741,5.826287,1197,0,0,OperatingSource,0,0,TaskSwitchDisplay,1,,1,Target,,1,Move1,,0,0,0,0,0.000000,0.000000,0,0.050000,20.000000,9.364000,0.000000,16.000000,19.000000,4.000000,-19.000000,4.000000,19.000000,40.000000,250.000000,0,0.000000,,,,0.000000,0.000000,0.000000,0,75.000000,70.000000,,,,,,,,,
20261007T100007181Z_e407267f5160429bb1e8d9eb7b844d2c,,,1,153,2026-10-07T10:00:15.8435059Z,8.648405,5.882683,1202,0,0,OperatingSource,0,0,TaskSwitchDisplay,1,,0,Source,1,1,Move1,Move1.PickupCoarseMove,1,1,0,0,5.749995,0.000000,0,0.050000,0.000000,9.364000,0.000000,-4.000000,0.000000,4.000000,0.000000,4.000000,0.000000,20.000000,250.000000,0,0.000000,1770.000000,,-1770.000000,0.000000,0.000000,0.000000,0,75.000000,70.000000,"{""stepId"":""Move1.PickupCoarseMove"",""displayName"":""吸着位置へ大まかに移動"",""majorPhase"":0,""completionConditions"":[{""conditionType"":1,""threshold"":0.5,""secondaryThreshold"":0.5},{""conditionType"":3,""threshold"":0.0,""secondaryThreshold"":0.0}],""requiredStableSeconds"":0.4000000059604645}",0.000000,0,1,0,1202,0.050000,0,1
20261007T100007181Z_e407267f5160429bb1e8d9eb7b844d2c,,,1,153,2026-10-07T10:00:15.8435059Z,8.648405,5.882683,1202,0,0,OperatingSource,0,0,TaskSwitchDisplay,1,,1,Target,,1,Move1,,0,0,0,0,0.000000,0.000000,0,0.050000,20.000000,9.364000,0.000000,16.000000,19.000000,4.000000,-19.000000,4.000000,19.000000,40.000000,250.000000,0,0.000000,,,,0.000000,0.000000,0.000000,0,75.000000,70.000000,,,,,,,,,
20261007T100007181Z_e407267f5160429bb1e8d9eb7b844d2c,,,1,154,2026-10-07T10:00:15.8955925Z,8.700571,5.935612,1207,0,0,OperatingSource,0,0,TaskSwitchDisplay,1,,0,Source,1,1,Move1,Move1.PickupCoarseMove,1,1,0,0,5.802923,0.000000,0,0.050000,0.000000,9.364000,0.000000,-4.000000,0.000000,4.000000,0.000000,4.000000,0.000000,20.000000,250.000000,0,0.000000,1770.000000,,-1770.000000,0.000000,0.000000,0.000000,0,75.000000,70.000000,"{""stepId"":""Move1.PickupCoarseMove"",""displayName"":""吸着位置へ大まかに移動"",""majorPhase"":0,""completionConditions"":[{""conditionType"":1,""threshold"":0.5,""secondaryThreshold"":0.5},{""conditionType"":3,""threshold"":0.0,""secondaryThreshold"":0.0}],""requiredStableSeconds"":0.4000000059604645}",0.000000,0,1,0,1207,0.050000,0,1
20261007T100007181Z_e407267f5160429bb1e8d9eb7b844d2c,,,1,154,2026-10-07T10:00:15.8955925Z,8.700571,5.935612,1207,0,0,OperatingSource,0,0,TaskSwitchDisplay,1,,1,Target,,1,Move1,,0,0,0,0,0.000000,0.000000,0,0.050000,20.000000,9.364000,0.000000,16.000000,19.000000,4.000000,-19.000000,4.000000,19.000000,40.000000,250.000000,0,0.000000,,,,0.000000,0.000000,0.000000,0,75.000000,70.000000,,,,,,,,,
20261007T100007181Z_e407267f5160429bb1e8d9eb7b844d2c,,,1,155,2026-10-07T10:00:15.9455970Z,8.751445,5.985980,1212,0,0,OperatingSource,0,0,TaskSwitchDisplay,1,,0,Source,1,1,Move1,Move1.PickupCoarseMove,1,1,0,0,5.853291,0.000000,0,0.050000,0.000000,9.364000,0.000000,-4.000000,0.000000,4.000000,0.000000,4.000000,0.000000,20.000000,250.000000,0,0.000000,1770.000000,,-1770.000000,0.000000,0.000000,0.000000,0,75.000000,70.000000,"{""stepId"":""Move1.PickupCoarseMove"",""displayName"":""吸着位置へ大まかに移動"",""majorPhase"":0,""completionConditions"":[{""conditionType"":1,""threshold"":0.5,""secondaryThreshold"":0.5},{""conditionType"":3,""threshold"":0.0,""secondaryThreshold"":0.0}],""requiredStableSeconds"":0.4000000059604645}",0.000000,0,1,0,1212,0.050000,0,1
20261007T100007181Z_e407267f5160429bb1e8d9eb7b844d2c,,,1,155,2026-10-07T10:00:15.9455970Z,8.751445,5.985980,1212,0,0,OperatingSource,0,0,TaskSwitchDisplay,1,,1,Target,,1,Move1,,0,0,0,0,0.000000,0.000000,0,0.050000,20.000000,9.364000,0.000000,16.000000,19.000000,4.000000,-19.000000,4.000000,19.000000,40.000000,250.000000,0,0.000000,,,,0.000000,0.000000,0.000000,0,75.000000,70.000000,,,,,,,,,
20261007T100007181Z_e407267f5160429bb1e8d9eb7b844d2c,,,1,156,2026-10-07T10:00:16.0051037Z,8.811129,6.045593,1218,0,0,OperatingSource,0,0,TaskSwitchDisplay,1,,0,Source,1,1,Move1,Move1.PickupCoarseMove,1,1,0,0,5.912904,0.000000,0,0.050000,0.000000,9.364000,0.000000,-4.000000,0.000000,4.000000,0.000000,4.000000,0.000000,20.000000,250.000000,0,0.000000,1770.000000,,-1770.000000,0.000000,0.000000,0.000000,0,75.000000,70.000000,"{""stepId"":""Move1.PickupCoarseMove"",""displayName"":""吸着位置へ大まかに移動"",""majorPhase"":0,""completionConditions"":[{""conditionType"":1,""threshold"":0.5,""secondaryThreshold"":0.5},{""conditionType"":3,""threshold"":0.0,""secondaryThreshold"":0.0}],""requiredStableSeconds"":0.4000000059604645}",0.000000,0,1,0,1218,0.050000,0,1
20261007T100007181Z_e407267f5160429bb1e8d9eb7b844d2c,,,1,156,2026-10-07T10:00:16.0051037Z,8.811129,6.045593,1218,0,0,OperatingSource,0,0,TaskSwitchDisplay,1,,1,Target,,1,Move1,,0,0,0,0,0.000000,0.000000,0,0.050000,20.000000,9.364000,0.000000,16.000000,19.000000,4.000000,-19.000000,4.000000,19.000000,40.000000,250.000000,0,0.000000,,,,0.000000,0.000000,0.000000,0,75.000000,70.000000,,,,,,,,,
20261007T100007181Z_e407267f5160429bb1e8d9eb7b844d2c,,,1,157,2026-10-07T10:00:16.0595774Z,8.864801,6.099444,1223,0,0,OperatingSource,0,0,TaskSwitchDisplay,1,,0,Source,1,1,Move1,Move1.PickupCoarseMove,1,1,0,0,5.966755,0.000000,0,0.050000,0.000000,9.364000,0.000000,-4.000000,0.000000,4.000000,0.000000,4.000000,0.000000,20.000000,250.000000,0,0.000000,1770.000000,,-1770.000000,0.000000,0.000000,0.000000,0,75.000000,70.000000,"{""stepId"":""Move1.PickupCoarseMove"",""displayName"":""吸着位置へ大まかに移動"",""majorPhase"":0,""completionConditions"":[{""conditionType"":1,""threshold"":0.5,""secondaryThreshold"":0.5},{""conditionType"":3,""threshold"":0.0,""secondaryThreshold"":0.0}],""requiredStableSeconds"":0.4000000059604645}",0.000000,0,1,0,1223,0.050000,0,1
20261007T100007181Z_e407267f5160429bb1e8d9eb7b844d2c,,,1,157,2026-10-07T10:00:16.0595774Z,8.864801,6.099444,1223,0,0,OperatingSource,0,0,TaskSwitchDisplay,1,,1,Target,,1,Move1,,0,0,0,0,0.000000,0.000000,0,0.050000,20.000000,9.364000,0.000000,16.000000,19.000000,4.000000,-19.000000,4.000000,19.000000,40.000000,250.000000,0,0.000000,,,,0.000000,0.000000,0.000000,0,75.000000,70.000000,,,,,,,,,
20261007T100007181Z_e407267f5160429bb1e8d9eb7b844d2c,,,1,158,2026-10-07T10:00:16.1137761Z,8.918728,6.153722,1228,0,0,OperatingSource,0,0,TaskSwitchDisplay,1,,0,Source,1,1,Move1,Move1.PickupCoarseMove,1,1,0,0,6.021033,0.000000,0,0.050000,0.000000,9.364000,0.000000,-4.000000,0.000000,4.000000,0.000000,4.000000,0.000000,20.000000,250.000000,0,0.000000,1770.000000,,-1770.000000,0.000000,0.000000,0.000000,0,75.000000,70.000000,"{""stepId"":""Move1.PickupCoarseMove"",""displayName"":""吸着位置へ大まかに移動"",""majorPhase"":0,""completionConditions"":[{""conditionType"":1,""threshold"":0.5,""secondaryThreshold"":0.5},{""conditionType"":3,""threshold"":0.0,""secondaryThreshold"":0.0}],""requiredStableSeconds"":0.4000000059604645}",0.000000,0,1,0,1228,0.050000,0,1
20261007T100007181Z_e407267f5160429bb1e8d9eb7b844d2c,,,1,158,2026-10-07T10:00:16.1137761Z,8.918728,6.153722,1228,0,0,OperatingSource,0,0,TaskSwitchDisplay,1,,1,Target,,1,Move1,,0,0,0,0,0.000000,0.000000,0,0.050000,20.000000,9.364000,0.000000,16.000000,19.000000,4.000000,-19.000000,4.000000,19.000000,40.000000,250.000000,0,0.000000,,,,0.000000,0.000000,0.000000,0,75.000000,70.000000,,,,,,,,,
20261007T100007181Z_e407267f5160429bb1e8d9eb7b844d2c,,,1,159,2026-10-07T10:00:16.1644036Z,8.969343,6.203540,1233,0,0,OperatingSource,0,0,TaskSwitchDisplay,1,,0,Source,1,1,Move1,Move1.PickupCoarseMove,1,1,0,0,6.070852,0.000000,0,0.050000,0.000000,9.364000,0.000000,-4.000000,0.000000,4.000000,0.000000,4.000000,0.000000,20.000000,250.000000,0,0.000000,1770.000000,,-1770.000000,0.000000,0.000000,0.000000,0,75.000000,70.000000,"{""stepId"":""Move1.PickupCoarseMove"",""displayName"":""吸着位置へ大まかに移動"",""majorPhase"":0,""completionConditions"":[{""conditionType"":1,""threshold"":0.5,""secondaryThreshold"":0.5},{""conditionType"":3,""threshold"":0.0,""secondaryThreshold"":0.0}],""requiredStableSeconds"":0.4000000059604645}",0.000000,0,1,0,1233,0.050000,0,1
20261007T100007181Z_e407267f5160429bb1e8d9eb7b844d2c,,,1,159,2026-10-07T10:00:16.1644036Z,8.969343,6.203540,1233,0,0,OperatingSource,0,0,TaskSwitchDisplay,1,,1,Target,,1,Move1,,0,0,0,0,0.000000,0.000000,0,0.050000,20.000000,9.364000,0.000000,16.000000,19.000000,4.000000,-19.000000,4.000000,19.000000,40.000000,250.000000,0,0.000000,,,,0.000000,0.000000,0.000000,0,75.000000,70.000000,,,,,,,,,
20261007T100007181Z_e407267f5160429bb1e8d9eb7b844d2c,,,1,160,2026-10-07T10:00:16.2150603Z,9.020355,6.255298,1238,0,0,OperatingSource,0,0,TaskSwitchDisplay,1,,0,Source,1,1,Move1,Move1.PickupCoarseMove,1,1,0,0,6.122610,0.000000,0,0.050000,0.000000,9.364000,0.000000,-4.000000,0.000000,4.000000,0.000000,4.000000,0.000000,20.000000,250.000000,0,0.000000,1770.000000,,-1770.000000,0.000000,0.000000,0.000000,0,75.000000,70.000000,"{""stepId"":""Move1.PickupCoarseMove"",""displayName"":""吸着位置へ大まかに移動"",""majorPhase"":0,""completionConditions"":[{""conditionType"":1,""threshold"":0.5,""secondaryThreshold"":0.5},{""conditionType"":3,""threshold"":0.0,""secondaryThreshold"":0.0}],""requiredStableSeconds"":0.4000000059604645}",0.000000,0,1,0,1238,0.050000,0,1
20261007T100007181Z_e407267f5160429bb1e8d9eb7b844d2c,,,1,160,2026-10-07T10:00:16.2150603Z,9.020355,6.255298,1238,0,0,OperatingSource,0,0,TaskSwitchDisplay,1,,1,Target,,1,Move1,,0,0,0,0,0.000000,0.000000,0,0.050000,20.000000,9.364000,0.000000,16.000000,19.000000,4.000000,-19.000000,4.000000,19.000000,40.000000,250.000000,0,0.000000,,,,0.000000,0.000000,0.000000,0,75.000000,70.000000,,,,,,,,,
20261007T100007181Z_e407267f5160429bb1e8d9eb7b844d2c,,,1,161,2026-10-07T10:00:16.2673546Z,9.072668,6.306018,1243,0,0,OperatingSource,0,0,TaskSwitchDisplay,1,,0,Source,1,1,Move1,Move1.PickupCoarseMove,1,1,0,0,6.173330,0.000000,0,0.050000,0.000000,9.364000,0.000000,-4.000000,0.000000,4.000000,0.000000,4.000000,0.000000,20.000000,250.000000,0,0.000000,1770.000000,,-1770.000000,0.000000,0.000000,0.000000,0,75.000000,70.000000,"{""stepId"":""Move1.PickupCoarseMove"",""displayName"":""吸着位置へ大まかに移動"",""majorPhase"":0,""completionConditions"":[{""conditionType"":1,""threshold"":0.5,""secondaryThreshold"":0.5},{""conditionType"":3,""threshold"":0.0,""secondaryThreshold"":0.0}],""requiredStableSeconds"":0.4000000059604645}",0.000000,0,1,0,1243,0.050000,0,1
20261007T100007181Z_e407267f5160429bb1e8d9eb7b844d2c,,,1,161,2026-10-07T10:00:16.2673546Z,9.072668,6.306018,1243,0,0,OperatingSource,0,0,TaskSwitchDisplay,1,,1,Target,,1,Move1,,0,0,0,0,0.000000,0.000000,0,0.050000,20.000000,9.364000,0.000000,16.000000,19.000000,4.000000,-19.000000,4.000000,19.000000,40.000000,250.000000,0,0.000000,,,,0.000000,0.000000,0.000000,0,75.000000,70.000000,,,,,,,,,
20261007T100007181Z_e407267f5160429bb1e8d9eb7b844d2c,,,1,162,2026-10-07T10:00:16.3224106Z,9.128177,6.362629,1248,0,0,OperatingSource,0,0,TaskSwitchDisplay,1,,0,Source,1,1,Move1,Move1.PickupCoarseMove,1,1,0,0,6.229941,0.000000,0,0.050000,0.000000,9.364000,0.000000,-4.000000,0.000000,4.000000,0.000000,4.000000,0.000000,20.000000,250.000000,0,0.000000,1770.000000,,-1770.000000,0.000000,0.000000,0.000000,0,75.000000,70.000000,"{""stepId"":""Move1.PickupCoarseMove"",""displayName"":""吸着位置へ大まかに移動"",""majorPhase"":0,""completionConditions"":[{""conditionType"":1,""threshold"":0.5,""secondaryThreshold"":0.5},{""conditionType"":3,""threshold"":0.0,""secondaryThreshold"":0.0}],""requiredStableSeconds"":0.4000000059604645}",0.000000,0,1,0,1248,0.050000,0,1
20261007T100007181Z_e407267f5160429bb1e8d9eb7b844d2c,,,1,162,2026-10-07T10:00:16.3224106Z,9.128177,6.362629,1248,0,0,OperatingSource,0,0,TaskSwitchDisplay,1,,1,Target,,1,Move1,,0,0,0,0,0.000000,0.000000,0,0.050000,20.000000,9.364000,0.000000,16.000000,19.000000,4.000000,-19.000000,4.000000,19.000000,40.000000,250.000000,0,0.000000,,,,0.000000,0.000000,0.000000,0,75.000000,70.000000,,,,,,,,,
20261007T100007181Z_e407267f5160429bb1e8d9eb7b844d2c,,,1,163,2026-10-07T10:00:16.3776554Z,9.182614,6.417048,1253,0,0,OperatingSource,0,0,TaskSwitchDisplay,1,,0,Source,1,1,Move1,Move1.PickupCoarseMove,1,1,0,0,6.284360,0.000000,0,0.050000,0.000000,9.364000,0.000000,-4.000000,0.000000,4.000000,0.000000,4.000000,0.000000,20.000000,250.000000,0,0.000000,1770.000000,,-1770.000000,0.000000,0.000000,0.000000,0,75.000000,70.000000,"{""stepId"":""Move1.PickupCoarseMove"",""displayName"":""吸着位置へ大まかに移動"",""majorPhase"":0,""completionConditions"":[{""conditionType"":1,""threshold"":0.5,""secondaryThreshold"":0.5},{""conditionType"":3,""threshold"":0.0,""secondaryThreshold"":0.0}],""requiredStableSeconds"":0.4000000059604645}",0.000000,0,1,0,1253,0.050000,0,1
20261007T100007181Z_e407267f5160429bb1e8d9eb7b844d2c,,,1,163,2026-10-07T10:00:16.3776554Z,9.182614,6.417048,1253,0,0,OperatingSource,0,0,TaskSwitchDisplay,1,,1,Target,,1,Move1,,0,0,0,0,0.000000,0.000000,0,0.050000,20.000000,9.364000,0.000000,16.000000,19.000000,4.000000,-19.000000,4.000000,19.000000,40.000000,250.000000,0,0.000000,,,,0.000000,0.000000,0.000000,0,75.000000,70.000000,,,,,,,,,
20261007T100007181Z_e407267f5160429bb1e8d9eb7b844d2c,,,1,164,2026-10-07T10:00:16.4334229Z,9.238520,6.473080,1257,0,0,OperatingSource,0,0,TaskSwitchDisplay,1,,0,Source,1,1,Move1,Move1.PickupCoarseMove,1,1,0,0,6.340391,0.000000,0,0.050000,0.000000,9.364000,0.000000,-4.000000,0.000000,4.000000,0.000000,4.000000,0.000000,20.000000,250.000000,0,0.000000,1770.000000,,-1770.000000,0.000000,0.000000,0.000000,0,75.000000,70.000000,"{""stepId"":""Move1.PickupCoarseMove"",""displayName"":""吸着位置へ大まかに移動"",""majorPhase"":0,""completionConditions"":[{""conditionType"":1,""threshold"":0.5,""secondaryThreshold"":0.5},{""conditionType"":3,""threshold"":0.0,""secondaryThreshold"":0.0}],""requiredStableSeconds"":0.4000000059604645}",0.000000,0,1,0,1257,0.050000,0,1
20261007T100007181Z_e407267f5160429bb1e8d9eb7b844d2c,,,1,164,2026-10-07T10:00:16.4334229Z,9.238520,6.473080,1257,0,0,OperatingSource,0,0,TaskSwitchDisplay,1,,1,Target,,1,Move1,,0,0,0,0,0.000000,0.000000,0,0.050000,20.000000,9.364000,0.000000,16.000000,19.000000,4.000000,-19.000000,4.000000,19.000000,40.000000,250.000000,0,0.000000,,,,0.000000,0.000000,0.000000,0,75.000000,70.000000,,,,,,,,,
20261007T100007181Z_e407267f5160429bb1e8d9eb7b844d2c,,,1,165,2026-10-07T10:00:16.4877688Z,9.293841,6.528368,1262,0,0,OperatingSource,0,0,TaskSwitchDisplay,1,,0,Source,1,1,Move1,Move1.PickupCoarseMove,1,1,0,0,6.395679,0.000000,0,0.050000,0.000000,9.364000,0.000000,-4.000000,0.000000,4.000000,0.000000,4.000000,0.000000,20.000000,250.000000,0,0.000000,1770.000000,,-1770.000000,0.000000,0.000000,0.000000,0,75.000000,70.000000,"{""stepId"":""Move1.PickupCoarseMove"",""displayName"":""吸着位置へ大まかに移動"",""majorPhase"":0,""completionConditions"":[{""conditionType"":1,""threshold"":0.5,""secondaryThreshold"":0.5},{""conditionType"":3,""threshold"":0.0,""secondaryThreshold"":0.0}],""requiredStableSeconds"":0.4000000059604645}",0.000000,0,1,0,1262,0.050000,0,1
20261007T100007181Z_e407267f5160429bb1e8d9eb7b844d2c,,,1,165,2026-10-07T10:00:16.4877688Z,9.293841,6.528368,1262,0,0,OperatingSource,0,0,TaskSwitchDisplay,1,,1,Target,,1,Move1,,0,0,0,0,0.000000,0.000000,0,0.050000,20.000000,9.364000,0.000000,16.000000,19.000000,4.000000,-19.000000,4.000000,19.000000,40.000000,250.000000,0,0.000000,,,,0.000000,0.000000,0.000000,0,75.000000,70.000000,,,,,,,,,
20261007T100007181Z_e407267f5160429bb1e8d9eb7b844d2c,,,1,166,2026-10-07T10:00:16.5405217Z,9.346172,6.580825,1267,0,0,OperatingSource,0,0,TaskSwitchDisplay,1,,0,Source,1,1,Move1,Move1.PickupCoarseMove,1,1,0,0,6.448137,0.000000,0,0.050000,0.000000,9.364000,0.000000,-4.000000,0.000000,4.000000,0.000000,4.000000,0.000000,20.000000,250.000000,0,0.000000,1770.000000,,-1770.000000,0.000000,0.000000,0.000000,0,75.000000,70.000000,"{""stepId"":""Move1.PickupCoarseMove"",""displayName"":""吸着位置へ大まかに移動"",""majorPhase"":0,""completionConditions"":[{""conditionType"":1,""threshold"":0.5,""secondaryThreshold"":0.5},{""conditionType"":3,""threshold"":0.0,""secondaryThreshold"":0.0}],""requiredStableSeconds"":0.4000000059604645}",0.000000,0,1,0,1267,0.050000,0,1
20261007T100007181Z_e407267f5160429bb1e8d9eb7b844d2c,,,1,166,2026-10-07T10:00:16.5405217Z,9.346172,6.580825,1267,0,0,OperatingSource,0,0,TaskSwitchDisplay,1,,1,Target,,1,Move1,,0,0,0,0,0.000000,0.000000,0,0.050000,20.000000,9.364000,0.000000,16.000000,19.000000,4.000000,-19.000000,4.000000,19.000000,40.000000,250.000000,0,0.000000,,,,0.000000,0.000000,0.000000,0,75.000000,70.000000,,,,,,,,,
20261007T100007181Z_e407267f5160429bb1e8d9eb7b844d2c,,,1,167,2026-10-07T10:00:16.6007566Z,9.406212,6.640638,1273,0,0,OperatingSource,0,0,TaskSwitchDisplay,1,,0,Source,1,1,Move1,Move1.PickupCoarseMove,1,1,0,0,6.507950,0.000000,0,0.050000,0.000000,9.364000,0.000000,-4.000000,0.000000,4.000000,0.000000,4.000000,0.000000,20.000000,250.000000,0,0.000000,1770.000000,,-1770.000000,0.000000,0.000000,0.000000,0,75.000000,70.000000,"{""stepId"":""Move1.PickupCoarseMove"",""displayName"":""吸着位置へ大まかに移動"",""majorPhase"":0,""completionConditions"":[{""conditionType"":1,""threshold"":0.5,""secondaryThreshold"":0.5},{""conditionType"":3,""threshold"":0.0,""secondaryThreshold"":0.0}],""requiredStableSeconds"":0.4000000059604645}",0.000000,0,1,0,1273,0.050000,0,1
20261007T100007181Z_e407267f5160429bb1e8d9eb7b844d2c,,,1,167,2026-10-07T10:00:16.6007566Z,9.406212,6.640638,1273,0,0,OperatingSource,0,0,TaskSwitchDisplay,1,,1,Target,,1,Move1,,0,0,0,0,0.000000,0.000000,0,0.050000,20.000000,9.364000,0.000000,16.000000,19.000000,4.000000,-19.000000,4.000000,19.000000,40.000000,250.000000,0,0.000000,,,,0.000000,0.000000,0.000000,0,75.000000,70.000000,,,,,,,,,
20261007T100007181Z_e407267f5160429bb1e8d9eb7b844d2c,,,1,168,2026-10-07T10:00:16.6515296Z,9.457457,6.692324,1278,0,0,OperatingSource,0,0,TaskSwitchDisplay,1,,0,Source,1,1,Move1,Move1.PickupCoarseMove,1,1,0,0,6.559636,0.000000,0,0.050000,0.000000,9.364000,0.000000,-4.000000,0.000000,4.000000,0.000000,4.000000,0.000000,20.000000,250.000000,0,0.000000,1770.000000,,-1770.000000,0.000000,0.000000,0.000000,0,75.000000,70.000000,"{""stepId"":""Move1.PickupCoarseMove"",""displayName"":""吸着位置へ大まかに移動"",""majorPhase"":0,""completionConditions"":[{""conditionType"":1,""threshold"":0.5,""secondaryThreshold"":0.5},{""conditionType"":3,""threshold"":0.0,""secondaryThreshold"":0.0}],""requiredStableSeconds"":0.4000000059604645}",0.000000,0,1,0,1278,0.050000,0,1
20261007T100007181Z_e407267f5160429bb1e8d9eb7b844d2c,,,1,168,2026-10-07T10:00:16.6515296Z,9.457457,6.692324,1278,0,0,OperatingSource,0,0,TaskSwitchDisplay,1,,1,Target,,1,Move1,,0,0,0,0,0.000000,0.000000,0,0.050000,20.000000,9.364000,0.000000,16.000000,19.000000,4.000000,-19.000000,4.000000,19.000000,40.000000,250.000000,0,0.000000,,,,0.000000,0.000000,0.000000,0,75.000000,70.000000,,,,,,,,,
20261007T100007181Z_e407267f5160429bb1e8d9eb7b844d2c,,,1,169,2026-10-07T10:00:16.7061558Z,9.511784,6.746212,1283,0,0,OperatingSource,0,0,TaskSwitchDisplay,1,,0,Source,1,1,Move1,Move1.PickupCoarseMove,1,1,0,0,6.613523,0.000000,0,0.050000,0.000000,9.364000,0.000000,-4.000000,0.000000,4.000000,0.000000,4.000000,0.000000,20.000000,250.000000,0,0.000000,1770.000000,,-1770.000000,0.000000,0.000000,0.000000,0,75.000000,70.000000,"{""stepId"":""Move1.PickupCoarseMove"",""displayName"":""吸着位置へ大まかに移動"",""majorPhase"":0,""completionConditions"":[{""conditionType"":1,""threshold"":0.5,""secondaryThreshold"":0.5},{""conditionType"":3,""threshold"":0.0,""secondaryThreshold"":0.0}],""requiredStableSeconds"":0.4000000059604645}",0.000000,0,1,0,1283,0.050000,0,1
20261007T100007181Z_e407267f5160429bb1e8d9eb7b844d2c,,,1,169,2026-10-07T10:00:16.7061558Z,9.511784,6.746212,1283,0,0,OperatingSource,0,0,TaskSwitchDisplay,1,,1,Target,,1,Move1,,0,0,0,0,0.000000,0.000000,0,0.050000,20.000000,9.364000,0.000000,16.000000,19.000000,4.000000,-19.000000,4.000000,19.000000,40.000000,250.000000,0,0.000000,,,,0.000000,0.000000,0.000000,0,75.000000,70.000000,,,,,,,,,
20261007T100007181Z_e407267f5160429bb1e8d9eb7b844d2c,,,1,170,2026-10-07T10:00:16.7592905Z,9.564729,6.799170,1288,0,0,OperatingSource,0,0,TaskSwitchDisplay,1,,0,Source,1,1,Move1,Move1.PickupCoarseMove,1,1,0,0,6.666481,0.000000,0,0.050000,0.000000,9.364000,0.000000,-4.000000,0.000000,4.000000,0.000000,4.000000,0.000000,20.000000,250.000000,0,0.000000,1770.000000,,-1770.000000,0.000000,0.000000,0.000000,0,75.000000,70.000000,"{""stepId"":""Move1.PickupCoarseMove"",""displayName"":""吸着位置へ大まかに移動"",""majorPhase"":0,""completionConditions"":[{""conditionType"":1,""threshold"":0.5,""secondaryThreshold"":0.5},{""conditionType"":3,""threshold"":0.0,""secondaryThreshold"":0.0}],""requiredStableSeconds"":0.4000000059604645}",0.000000,0,1,0,1288,0.050000,0,1
20261007T100007181Z_e407267f5160429bb1e8d9eb7b844d2c,,,1,170,2026-10-07T10:00:16.7592905Z,9.564729,6.799170,1288,0,0,OperatingSource,0,0,TaskSwitchDisplay,1,,1,Target,,1,Move1,,0,0,0,0,0.000000,0.000000,0,0.050000,20.000000,9.364000,0.000000,16.000000,19.000000,4.000000,-19.000000,4.000000,19.000000,40.000000,250.000000,0,0.000000,,,,0.000000,0.000000,0.000000,0,75.000000,70.000000,,,,,,,,,
20261007T100007181Z_e407267f5160429bb1e8d9eb7b844d2c,,,1,171,2026-10-07T10:00:16.8095702Z,9.614736,6.849457,1293,0,0,OperatingSource,0,0,TaskSwitchDisplay,1,,0,Source,1,1,Move1,Move1.PickupCoarseMove,1,1,0,0,6.716768,0.000000,0,0.050000,0.000000,9.364000,0.000000,-4.000000,0.000000,4.000000,0.000000,4.000000,0.000000,20.000000,250.000000,0,0.000000,1770.000000,,-1770.000000,0.000000,0.000000,0.000000,0,75.000000,70.000000,"{""stepId"":""Move1.PickupCoarseMove"",""displayName"":""吸着位置へ大まかに移動"",""majorPhase"":0,""completionConditions"":[{""conditionType"":1,""threshold"":0.5,""secondaryThreshold"":0.5},{""conditionType"":3,""threshold"":0.0,""secondaryThreshold"":0.0}],""requiredStableSeconds"":0.4000000059604645}",0.000000,0,1,0,1293,0.050000,0,1
20261007T100007181Z_e407267f5160429bb1e8d9eb7b844d2c,,,1,171,2026-10-07T10:00:16.8095702Z,9.614736,6.849457,1293,0,0,OperatingSource,0,0,TaskSwitchDisplay,1,,1,Target,,1,Move1,,0,0,0,0,0.000000,0.000000,0,0.050000,20.000000,9.364000,0.000000,16.000000,19.000000,4.000000,-19.000000,4.000000,19.000000,40.000000,250.000000,0,0.000000,,,,0.000000,0.000000,0.000000,0,75.000000,70.000000,,,,,,,,,
20261007T100007181Z_e407267f5160429bb1e8d9eb7b844d2c,,,1,172,2026-10-07T10:00:16.8670909Z,9.672082,6.906471,1298,0,0,OperatingSource,0,0,TaskSwitchDisplay,1,,0,Source,1,1,Move1,Move1.PickupCoarseMove,1,1,0,0,6.773782,0.000000,0,0.050000,0.000000,9.364000,0.000000,-4.000000,0.000000,4.000000,0.000000,4.000000,0.000000,20.000000,250.000000,0,0.000000,1770.000000,,-1770.000000,0.000000,0.000000,0.000000,0,75.000000,70.000000,"{""stepId"":""Move1.PickupCoarseMove"",""displayName"":""吸着位置へ大まかに移動"",""majorPhase"":0,""completionConditions"":[{""conditionType"":1,""threshold"":0.5,""secondaryThreshold"":0.5},{""conditionType"":3,""threshold"":0.0,""secondaryThreshold"":0.0}],""requiredStableSeconds"":0.4000000059604645}",0.000000,0,1,0,1298,0.050000,0,1
20261007T100007181Z_e407267f5160429bb1e8d9eb7b844d2c,,,1,172,2026-10-07T10:00:16.8670909Z,9.672082,6.906471,1298,0,0,OperatingSource,0,0,TaskSwitchDisplay,1,,1,Target,,1,Move1,,0,0,0,0,0.000000,0.000000,0,0.050000,20.000000,9.364000,0.000000,16.000000,19.000000,4.000000,-19.000000,4.000000,19.000000,40.000000,250.000000,0,0.000000,,,,0.000000,0.000000,0.000000,0,75.000000,70.000000,,,,,,,,,
20261007T100007181Z_e407267f5160429bb1e8d9eb7b844d2c,,,1,173,2026-10-07T10:00:16.9177712Z,9.723224,6.957509,1302,0,0,OperatingSource,0,0,TaskSwitchDisplay,1,,0,Source,1,1,Move1,Move1.PickupCoarseMove,1,1,0,0,6.824820,0.000000,0,0.050000,0.000000,9.364000,0.000000,-4.000000,0.000000,4.000000,0.000000,4.000000,0.000000,20.000000,250.000000,0,0.000000,1770.000000,,-1770.000000,0.000000,0.000000,0.000000,0,75.000000,70.000000,"{""stepId"":""Move1.PickupCoarseMove"",""displayName"":""吸着位置へ大まかに移動"",""majorPhase"":0,""completionConditions"":[{""conditionType"":1,""threshold"":0.5,""secondaryThreshold"":0.5},{""conditionType"":3,""threshold"":0.0,""secondaryThreshold"":0.0}],""requiredStableSeconds"":0.4000000059604645}",0.000000,0,1,0,1302,0.050000,0,1
20261007T100007181Z_e407267f5160429bb1e8d9eb7b844d2c,,,1,173,2026-10-07T10:00:16.9177712Z,9.723224,6.957509,1302,0,0,OperatingSource,0,0,TaskSwitchDisplay,1,,1,Target,,1,Move1,,0,0,0,0,0.000000,0.000000,0,0.050000,20.000000,9.364000,0.000000,16.000000,19.000000,4.000000,-19.000000,4.000000,19.000000,40.000000,250.000000,0,0.000000,,,,0.000000,0.000000,0.000000,0,75.000000,70.000000,,,,,,,,,
20261007T100007181Z_e407267f5160429bb1e8d9eb7b844d2c,,,1,174,2026-10-07T10:00:16.9735446Z,9.779519,7.014071,1305,0,0,OperatingSource,0,0,TaskSwitchDisplay,1,,0,Source,1,1,Move1,Move1.PickupCoarseMove,1,1,0,0,6.881382,0.000000,0,0.050000,0.000000,9.364000,0.000000,-4.000000,0.000000,4.000000,0.000000,4.000000,0.000000,20.000000,250.000000,0,0.000000,1770.000000,,-1770.000000,0.000000,0.000000,0.000000,0,75.000000,70.000000,"{""stepId"":""Move1.PickupCoarseMove"",""displayName"":""吸着位置へ大まかに移動"",""majorPhase"":0,""completionConditions"":[{""conditionType"":1,""threshold"":0.5,""secondaryThreshold"":0.5},{""conditionType"":3,""threshold"":0.0,""secondaryThreshold"":0.0}],""requiredStableSeconds"":0.4000000059604645}",0.000000,0,1,0,1305,0.050000,0,1
20261007T100007181Z_e407267f5160429bb1e8d9eb7b844d2c,,,1,174,2026-10-07T10:00:16.9735446Z,9.779519,7.014071,1305,0,0,OperatingSource,0,0,TaskSwitchDisplay,1,,1,Target,,1,Move1,,0,0,0,0,0.000000,0.000000,0,0.050000,20.000000,9.364000,0.000000,16.000000,19.000000,4.000000,-19.000000,4.000000,19.000000,40.000000,250.000000,0,0.000000,,,,0.000000,0.000000,0.000000,0,75.000000,70.000000,,,,,,,,,
20261007T100007181Z_e407267f5160429bb1e8d9eb7b844d2c,,,1,175,2026-10-07T10:00:17.0345255Z,9.840658,7.075681,1310,0,0,OperatingSource,0,0,TaskSwitchDisplay,1,,0,Source,1,1,Move1,Move1.PickupCoarseMove,1,1,0,0,6.942992,0.000000,0,0.050000,0.000000,9.364000,0.000000,-4.000000,0.000000,4.000000,0.000000,4.000000,0.000000,20.000000,250.000000,0,0.000000,1770.000000,,-1770.000000,0.000000,0.000000,0.000000,0,75.000000,70.000000,"{""stepId"":""Move1.PickupCoarseMove"",""displayName"":""吸着位置へ大まかに移動"",""majorPhase"":0,""completionConditions"":[{""conditionType"":1,""threshold"":0.5,""secondaryThreshold"":0.5},{""conditionType"":3,""threshold"":0.0,""secondaryThreshold"":0.0}],""requiredStableSeconds"":0.4000000059604645}",0.000000,0,1,0,1310,0.050000,0,1
20261007T100007181Z_e407267f5160429bb1e8d9eb7b844d2c,,,1,175,2026-10-07T10:00:17.0345255Z,9.840658,7.075681,1310,0,0,OperatingSource,0,0,TaskSwitchDisplay,1,,1,Target,,1,Move1,,0,0,0,0,0.000000,0.000000,0,0.050000,20.000000,9.364000,0.000000,16.000000,19.000000,4.000000,-19.000000,4.000000,19.000000,40.000000,250.000000,0,0.000000,,,,0.000000,0.000000,0.000000,0,75.000000,70.000000,,,,,,,,,
20261007T100007181Z_e407267f5160429bb1e8d9eb7b844d2c,,,1,176,2026-10-07T10:00:17.0948329Z,9.899985,7.134925,1315,0,0,OperatingSource,0,0,TaskSwitchDisplay,1,,0,Source,1,1,Move1,Move1.PickupCoarseMove,1,1,0,0,7.002236,0.000000,0,0.050000,0.000000,9.364000,0.000000,-4.000000,0.000000,4.000000,0.000000,4.000000,0.000000,20.000000,250.000000,0,0.000000,1770.000000,,-1770.000000,0.000000,0.000000,0.000000,0,75.000000,70.000000,"{""stepId"":""Move1.PickupCoarseMove"",""displayName"":""吸着位置へ大まかに移動"",""majorPhase"":0,""completionConditions"":[{""conditionType"":1,""threshold"":0.5,""secondaryThreshold"":0.5},{""conditionType"":3,""threshold"":0.0,""secondaryThreshold"":0.0}],""requiredStableSeconds"":0.4000000059604645}",0.000000,0,1,0,1315,0.050000,0,1
20261007T100007181Z_e407267f5160429bb1e8d9eb7b844d2c,,,1,176,2026-10-07T10:00:17.0948329Z,9.899985,7.134925,1315,0,0,OperatingSource,0,0,TaskSwitchDisplay,1,,1,Target,,1,Move1,,0,0,0,0,0.000000,0.000000,0,0.050000,20.000000,9.364000,0.000000,16.000000,19.000000,4.000000,-19.000000,4.000000,19.000000,40.000000,250.000000,0,0.000000,,,,0.000000,0.000000,0.000000,0,75.000000,70.000000,,,,,,,,,
20261007T100007181Z_e407267f5160429bb1e8d9eb7b844d2c,,,1,177,2026-10-07T10:00:17.1535268Z,9.958606,7.193195,1319,0,0,OperatingSource,0,0,TaskSwitchDisplay,1,,0,Source,1,1,Move1,Move1.PickupCoarseMove,1,1,0,0,7.060506,0.000000,0,0.050000,0.000000,9.364000,0.000000,-4.000000,0.000000,4.000000,0.000000,4.000000,0.000000,20.000000,250.000000,0,0.000000,1770.000000,,-1770.000000,0.000000,0.000000,0.000000,0,75.000000,70.000000,"{""stepId"":""Move1.PickupCoarseMove"",""displayName"":""吸着位置へ大まかに移動"",""majorPhase"":0,""completionConditions"":[{""conditionType"":1,""threshold"":0.5,""secondaryThreshold"":0.5},{""conditionType"":3,""threshold"":0.0,""secondaryThreshold"":0.0}],""requiredStableSeconds"":0.4000000059604645}",0.000000,0,1,0,1319,0.050000,0,1
20261007T100007181Z_e407267f5160429bb1e8d9eb7b844d2c,,,1,177,2026-10-07T10:00:17.1535268Z,9.958606,7.193195,1319,0,0,OperatingSource,0,0,TaskSwitchDisplay,1,,1,Target,,1,Move1,,0,0,0,0,0.000000,0.000000,0,0.050000,20.000000,9.364000,0.000000,16.000000,19.000000,4.000000,-19.000000,4.000000,19.000000,40.000000,250.000000,0,0.000000,,,,0.000000,0.000000,0.000000,0,75.000000,70.000000,,,,,,,,,
20261007T100007181Z_e407267f5160429bb1e8d9eb7b844d2c,,,1,178,2026-10-07T10:00:17.2176049Z,10.023276,7.258112,1324,0,0,OperatingSource,0,0,TaskSwitchDisplay,1,,0,Source,1,1,Move1,Move1.PickupCoarseMove,1,1,0,0,7.125422,0.000000,0,0.050000,0.000000,9.364000,0.000000,-4.000000,0.000000,4.000000,0.000000,4.000000,0.000000,20.000000,250.000000,0,0.000000,1770.000000,,-1770.000000,0.000000,0.000000,0.000000,0,75.000000,70.000000,"{""stepId"":""Move1.PickupCoarseMove"",""displayName"":""吸着位置へ大まかに移動"",""majorPhase"":0,""completionConditions"":[{""conditionType"":1,""threshold"":0.5,""secondaryThreshold"":0.5},{""conditionType"":3,""threshold"":0.0,""secondaryThreshold"":0.0}],""requiredStableSeconds"":0.4000000059604645}",0.000000,0,1,0,1324,0.050000,0,1
20261007T100007181Z_e407267f5160429bb1e8d9eb7b844d2c,,,1,178,2026-10-07T10:00:17.2176049Z,10.023276,7.258112,1324,0,0,OperatingSource,0,0,TaskSwitchDisplay,1,,1,Target,,1,Move1,,0,0,0,0,0.000000,0.000000,0,0.050000,20.000000,9.364000,0.000000,16.000000,19.000000,4.000000,-19.000000,4.000000,19.000000,40.000000,250.000000,0,0.000000,,,,0.000000,0.000000,0.000000,0,75.000000,70.000000,,,,,,,,,
20261007T100007181Z_e407267f5160429bb1e8d9eb7b844d2c,,,1,179,2026-10-07T10:00:17.2727021Z,10.078421,7.313572,1329,0,0,OperatingSource,0,0,TaskSwitchDisplay,1,,0,Source,1,1,Move1,Move1.PickupCoarseMove,1,1,0,0,7.180882,0.000000,0,0.050000,0.000000,9.364000,0.000000,-4.000000,0.000000,4.000000,0.000000,4.000000,0.000000,20.000000,250.000000,0,0.000000,1770.000000,,-1770.000000,0.000000,0.000000,0.000000,0,75.000000,70.000000,"{""stepId"":""Move1.PickupCoarseMove"",""displayName"":""吸着位置へ大まかに移動"",""majorPhase"":0,""completionConditions"":[{""conditionType"":1,""threshold"":0.5,""secondaryThreshold"":0.5},{""conditionType"":3,""threshold"":0.0,""secondaryThreshold"":0.0}],""requiredStableSeconds"":0.4000000059604645}",0.000000,0,1,0,1329,0.050000,0,1
20261007T100007181Z_e407267f5160429bb1e8d9eb7b844d2c,,,1,179,2026-10-07T10:00:17.2727021Z,10.078421,7.313572,1329,0,0,OperatingSource,0,0,TaskSwitchDisplay,1,,1,Target,,1,Move1,,0,0,0,0,0.000000,0.000000,0,0.050000,20.000000,9.364000,0.000000,16.000000,19.000000,4.000000,-19.000000,4.000000,19.000000,40.000000,250.000000,0,0.000000,,,,0.000000,0.000000,0.000000,0,75.000000,70.000000,,,,,,,,,
20261007T100007181Z_e407267f5160429bb1e8d9eb7b844d2c,,,1,180,2026-10-07T10:00:17.3288825Z,10.134675,7.369192,1334,0,0,OperatingSource,0,0,TaskSwitchDisplay,1,,0,Source,1,1,Move1,Move1.PickupCoarseMove,1,1,0,0,7.236502,0.000000,0,0.050000,0.000000,9.364000,0.000000,-4.000000,0.000000,4.000000,0.000000,4.000000,0.000000,20.000000,250.000000,0,0.000000,1770.000000,,-1770.000000,0.000000,0.000000,0.000000,0,75.000000,70.000000,"{""stepId"":""Move1.PickupCoarseMove"",""displayName"":""吸着位置へ大まかに移動"",""majorPhase"":0,""completionConditions"":[{""conditionType"":1,""threshold"":0.5,""secondaryThreshold"":0.5},{""conditionType"":3,""threshold"":0.0,""secondaryThreshold"":0.0}],""requiredStableSeconds"":0.4000000059604645}",0.000000,0,1,0,1334,0.050000,0,1
20261007T100007181Z_e407267f5160429bb1e8d9eb7b844d2c,,,1,180,2026-10-07T10:00:17.3288825Z,10.134675,7.369192,1334,0,0,OperatingSource,0,0,TaskSwitchDisplay,1,,1,Target,,1,Move1,,0,0,0,0,0.000000,0.000000,0,0.050000,20.000000,9.364000,0.000000,16.000000,19.000000,4.000000,-19.000000,4.000000,19.000000,40.000000,250.000000,0,0.000000,,,,0.000000,0.000000,0.000000,0,75.000000,70.000000,,,,,,,,,
20261007T100007181Z_e407267f5160429bb1e8d9eb7b844d2c,,,1,181,2026-10-07T10:00:17.3828569Z,10.187930,7.422408,1339,0,0,OperatingSource,0,0,TaskSwitchDisplay,1,,0,Source,1,1,Move1,Move1.PickupCoarseMove,1,1,0,0,7.289718,0.000000,0,0.050000,0.000000,9.364000,0.000000,-4.000000,0.000000,4.000000,0.000000,4.000000,0.000000,20.000000,250.000000,0,0.000000,1770.000000,,-1770.000000,0.000000,0.000000,0.000000,0,75.000000,70.000000,"{""stepId"":""Move1.PickupCoarseMove"",""displayName"":""吸着位置へ大まかに移動"",""majorPhase"":0,""completionConditions"":[{""conditionType"":1,""threshold"":0.5,""secondaryThreshold"":0.5},{""conditionType"":3,""threshold"":0.0,""secondaryThreshold"":0.0}],""requiredStableSeconds"":0.4000000059604645}",0.000000,0,1,0,1339,0.050000,0,1
20261007T100007181Z_e407267f5160429bb1e8d9eb7b844d2c,,,1,181,2026-10-07T10:00:17.3828569Z,10.187930,7.422408,1339,0,0,OperatingSource,0,0,TaskSwitchDisplay,1,,1,Target,,1,Move1,,0,0,0,0,0.000000,0.000000,0,0.050000,20.000000,9.364000,0.000000,16.000000,19.000000,4.000000,-19.000000,4.000000,19.000000,40.000000,250.000000,0,0.000000,,,,0.000000,0.000000,0.000000,0,75.000000,70.000000,,,,,,,,,
20261007T100007181Z_e407267f5160429bb1e8d9eb7b844d2c,,,1,182,2026-10-07T10:00:17.4385575Z,10.243818,7.478679,1344,0,0,OperatingSource,0,0,TaskSwitchDisplay,1,,0,Source,1,1,Move1,Move1.PickupCoarseMove,1,1,0,0,7.345989,0.000000,0,0.050000,0.000000,9.364000,0.000000,-4.000000,0.000000,4.000000,0.000000,4.000000,0.000000,20.000000,250.000000,0,0.000000,1770.000000,,-1770.000000,0.000000,0.000000,0.000000,0,75.000000,70.000000,"{""stepId"":""Move1.PickupCoarseMove"",""displayName"":""吸着位置へ大まかに移動"",""majorPhase"":0,""completionConditions"":[{""conditionType"":1,""threshold"":0.5,""secondaryThreshold"":0.5},{""conditionType"":3,""threshold"":0.0,""secondaryThreshold"":0.0}],""requiredStableSeconds"":0.4000000059604645}",0.000000,0,1,0,1344,0.050000,0,1
20261007T100007181Z_e407267f5160429bb1e8d9eb7b844d2c,,,1,182,2026-10-07T10:00:17.4385575Z,10.243818,7.478679,1344,0,0,OperatingSource,0,0,TaskSwitchDisplay,1,,1,Target,,1,Move1,,0,0,0,0,0.000000,0.000000,0,0.050000,20.000000,9.364000,0.000000,16.000000,19.000000,4.000000,-19.000000,4.000000,19.000000,40.000000,250.000000,0,0.000000,,,,0.000000,0.000000,0.000000,0,75.000000,70.000000,,,,,,,,,
20261007T100007181Z_e407267f5160429bb1e8d9eb7b844d2c,,,1,183,2026-10-07T10:00:17.4950915Z,10.301014,7.535785,1349,0,0,OperatingSource,0,0,TaskSwitchDisplay,1,,0,Source,1,1,Move1,Move1.PickupCoarseMove,1,1,0,0,7.403096,0.000000,0,0.050000,0.000000,9.364000,0.000000,-4.000000,0.000000,4.000000,0.000000,4.000000,0.000000,20.000000,250.000000,0,0.000000,1770.000000,,-1770.000000,0.000000,0.000000,0.000000,0,75.000000,70.000000,"{""stepId"":""Move1.PickupCoarseMove"",""displayName"":""吸着位置へ大まかに移動"",""majorPhase"":0,""completionConditions"":[{""conditionType"":1,""threshold"":0.5,""secondaryThreshold"":0.5},{""conditionType"":3,""threshold"":0.0,""secondaryThreshold"":0.0}],""requiredStableSeconds"":0.4000000059604645}",0.000000,0,1,0,1349,0.050000,0,1
20261007T100007181Z_e407267f5160429bb1e8d9eb7b844d2c,,,1,183,2026-10-07T10:00:17.4950915Z,10.301014,7.535785,1349,0,0,OperatingSource,0,0,TaskSwitchDisplay,1,,1,Target,,1,Move1,,0,0,0,0,0.000000,0.000000,0,0.050000,20.000000,9.364000,0.000000,16.000000,19.000000,4.000000,-19.000000,4.000000,19.000000,40.000000,250.000000,0,0.000000,,,,0.000000,0.000000,0.000000,0,75.000000,70.000000,,,,,,,,,
20261007T100007181Z_e407267f5160429bb1e8d9eb7b844d2c,,,1,184,2026-10-07T10:00:17.5474922Z,10.352966,7.587419,1354,0,0,OperatingSource,0,0,TaskSwitchDisplay,1,,0,Source,1,1,Move1,Move1.PickupCoarseMove,1,1,0,0,7.454730,0.000000,0,0.050000,0.000000,9.364000,0.000000,-4.000000,0.000000,4.000000,0.000000,4.000000,0.000000,20.000000,250.000000,0,0.000000,1770.000000,,-1770.000000,0.000000,0.000000,0.000000,0,75.000000,70.000000,"{""stepId"":""Move1.PickupCoarseMove"",""displayName"":""吸着位置へ大まかに移動"",""majorPhase"":0,""completionConditions"":[{""conditionType"":1,""threshold"":0.5,""secondaryThreshold"":0.5},{""conditionType"":3,""threshold"":0.0,""secondaryThreshold"":0.0}],""requiredStableSeconds"":0.4000000059604645}",0.000000,0,1,0,1354,0.050000,0,1
20261007T100007181Z_e407267f5160429bb1e8d9eb7b844d2c,,,1,184,2026-10-07T10:00:17.5474922Z,10.352966,7.587419,1354,0,0,OperatingSource,0,0,TaskSwitchDisplay,1,,1,Target,,1,Move1,,0,0,0,0,0.000000,0.000000,0,0.050000,20.000000,9.364000,0.000000,16.000000,19.000000,4.000000,-19.000000,4.000000,19.000000,40.000000,250.000000,0,0.000000,,,,0.000000,0.000000,0.000000,0,75.000000,70.000000,,,,,,,,,
20261007T100007181Z_e407267f5160429bb1e8d9eb7b844d2c,,,1,185,2026-10-07T10:00:17.5979466Z,10.403812,7.638821,1359,0,0,OperatingSource,0,0,TaskSwitchDisplay,1,,0,Source,1,1,Move1,Move1.PickupCoarseMove,1,1,0,0,7.506132,0.000000,0,0.050000,0.000000,9.364000,0.000000,-4.000000,0.000000,4.000000,0.000000,4.000000,0.000000,20.000000,250.000000,0,0.000000,1770.000000,,-1770.000000,0.000000,0.000000,0.000000,0,75.000000,70.000000,"{""stepId"":""Move1.PickupCoarseMove"",""displayName"":""吸着位置へ大まかに移動"",""majorPhase"":0,""completionConditions"":[{""conditionType"":1,""threshold"":0.5,""secondaryThreshold"":0.5},{""conditionType"":3,""threshold"":0.0,""secondaryThreshold"":0.0}],""requiredStableSeconds"":0.4000000059604645}",0.000000,0,1,0,1359,0.050000,0,1
20261007T100007181Z_e407267f5160429bb1e8d9eb7b844d2c,,,1,185,2026-10-07T10:00:17.5979466Z,10.403812,7.638821,1359,0,0,OperatingSource,0,0,TaskSwitchDisplay,1,,1,Target,,1,Move1,,0,0,0,0,0.000000,0.000000,0,0.050000,20.000000,9.364000,0.000000,16.000000,19.000000,4.000000,-19.000000,4.000000,19.000000,40.000000,250.000000,0,0.000000,,,,0.000000,0.000000,0.000000,0,75.000000,70.000000,,,,,,,,,
20261007T100007181Z_e407267f5160429bb1e8d9eb7b844d2c,,,1,186,2026-10-07T10:00:17.6505769Z,10.456331,7.691048,1364,0,0,OperatingSource,0,0,TaskSwitchDisplay,1,,0,Source,1,1,Move1,Move1.PickupCoarseMove,1,1,0,0,7.558359,0.000000,0,0.050000,0.000000,9.364000,0.000000,-4.000000,0.000000,4.000000,0.000000,4.000000,0.000000,20.000000,250.000000,0,0.000000,1770.000000,,-1770.000000,0.000000,0.000000,0.000000,0,75.000000,70.000000,"{""stepId"":""Move1.PickupCoarseMove"",""displayName"":""吸着位置へ大まかに移動"",""majorPhase"":0,""completionConditions"":[{""conditionType"":1,""threshold"":0.5,""secondaryThreshold"":0.5},{""conditionType"":3,""threshold"":0.0,""secondaryThreshold"":0.0}],""requiredStableSeconds"":0.4000000059604645}",0.000000,0,1,0,1364,0.050000,0,1
20261007T100007181Z_e407267f5160429bb1e8d9eb7b844d2c,,,1,186,2026-10-07T10:00:17.6505769Z,10.456331,7.691048,1364,0,0,OperatingSource,0,0,TaskSwitchDisplay,1,,1,Target,,1,Move1,,0,0,0,0,0.000000,0.000000,0,0.050000,20.000000,9.364000,0.000000,16.000000,19.000000,4.000000,-19.000000,4.000000,19.000000,40.000000,250.000000,0,0.000000,,,,0.000000,0.000000,0.000000,0,75.000000,70.000000,,,,,,,,,
20261007T100007181Z_e407267f5160429bb1e8d9eb7b844d2c,,,1,187,2026-10-07T10:00:17.7026200Z,10.508299,7.742788,1369,0,0,OperatingSource,0,0,TaskSwitchDisplay,1,,0,Source,1,1,Move1,Move1.PickupCoarseMove,1,1,0,0,7.610100,0.000000,0,0.050000,0.000000,9.364000,0.000000,-4.000000,0.000000,4.000000,0.000000,4.000000,0.000000,20.000000,250.000000,0,0.000000,1770.000000,,-1770.000000,0.000000,0.000000,0.000000,0,75.000000,70.000000,"{""stepId"":""Move1.PickupCoarseMove"",""displayName"":""吸着位置へ大まかに移動"",""majorPhase"":0,""completionConditions"":[{""conditionType"":1,""threshold"":0.5,""secondaryThreshold"":0.5},{""conditionType"":3,""threshold"":0.0,""secondaryThreshold"":0.0}],""requiredStableSeconds"":0.4000000059604645}",0.000000,0,1,0,1369,0.050000,0,1
20261007T100007181Z_e407267f5160429bb1e8d9eb7b844d2c,,,1,187,2026-10-07T10:00:17.7026200Z,10.508299,7.742788,1369,0,0,OperatingSource,0,0,TaskSwitchDisplay,1,,1,Target,,1,Move1,,0,0,0,0,0.000000,0.000000,0,0.050000,20.000000,9.364000,0.000000,16.000000,19.000000,4.000000,-19.000000,4.000000,19.000000,40.000000,250.000000,0,0.000000,,,,0.000000,0.000000,0.000000,0,75.000000,70.000000,,,,,,,,,
20261007T100007181Z_e407267f5160429bb1e8d9eb7b844d2c,,,1,188,2026-10-07T10:00:17.7567386Z,10.562264,7.797215,1374,0,0,OperatingSource,0,0,TaskSwitchDisplay,1,,0,Source,1,1,Move1,Move1.PickupCoarseMove,1,1,0,0,7.664527,0.000000,0,0.050000,0.000000,9.364000,0.000000,-4.000000,0.000000,4.000000,0.000000,4.000000,0.000000,20.000000,250.000000,0,0.000000,1770.000000,,-1770.000000,0.000000,0.000000,0.000000,0,75.000000,70.000000,"{""stepId"":""Move1.PickupCoarseMove"",""displayName"":""吸着位置へ大まかに移動"",""majorPhase"":0,""completionConditions"":[{""conditionType"":1,""threshold"":0.5,""secondaryThreshold"":0.5},{""conditionType"":3,""threshold"":0.0,""secondaryThreshold"":0.0}],""requiredStableSeconds"":0.4000000059604645}",0.000000,0,1,0,1374,0.050000,0,1
20261007T100007181Z_e407267f5160429bb1e8d9eb7b844d2c,,,1,188,2026-10-07T10:00:17.7567386Z,10.562264,7.797215,1374,0,0,OperatingSource,0,0,TaskSwitchDisplay,1,,1,Target,,1,Move1,,0,0,0,0,0.000000,0.000000,0,0.050000,20.000000,9.364000,0.000000,16.000000,19.000000,4.000000,-19.000000,4.000000,19.000000,40.000000,250.000000,0,0.000000,,,,0.000000,0.000000,0.000000,0,75.000000,70.000000,,,,,,,,,
20261007T100007181Z_e407267f5160429bb1e8d9eb7b844d2c,,,1,189,2026-10-07T10:00:17.8087493Z,10.614484,7.848411,1379,0,0,OperatingSource,0,0,TaskSwitchDisplay,1,,0,Source,1,1,Move1,Move1.PickupCoarseMove,1,1,0,0,7.715723,0.000000,0,0.050000,0.000000,9.364000,0.000000,-4.000000,0.000000,4.000000,0.000000,4.000000,0.000000,20.000000,250.000000,0,0.000000,1770.000000,,-1770.000000,0.000000,0.000000,0.000000,0,75.000000,70.000000,"{""stepId"":""Move1.PickupCoarseMove"",""displayName"":""吸着位置へ大まかに移動"",""majorPhase"":0,""completionConditions"":[{""conditionType"":1,""threshold"":0.5,""secondaryThreshold"":0.5},{""conditionType"":3,""threshold"":0.0,""secondaryThreshold"":0.0}],""requiredStableSeconds"":0.4000000059604645}",0.000000,0,1,0,1379,0.050000,0,1
20261007T100007181Z_e407267f5160429bb1e8d9eb7b844d2c,,,1,189,2026-10-07T10:00:17.8087493Z,10.614484,7.848411,1379,0,0,OperatingSource,0,0,TaskSwitchDisplay,1,,1,Target,,1,Move1,,0,0,0,0,0.000000,0.000000,0,0.050000,20.000000,9.364000,0.000000,16.000000,19.000000,4.000000,-19.000000,4.000000,19.000000,40.000000,250.000000,0,0.000000,,,,0.000000,0.000000,0.000000,0,75.000000,70.000000,,,,,,,,,
20261007T100007181Z_e407267f5160429bb1e8d9eb7b844d2c,,,1,190,2026-10-07T10:00:17.8709291Z,10.675869,7.910464,1384,0,0,OperatingSource,0,0,TaskSwitchDisplay,1,,0,Source,1,1,Move1,Move1.PickupCoarseMove,1,1,0,0,7.777776,0.000000,0,0.050000,0.000000,9.364000,0.000000,-4.000000,0.000000,4.000000,0.000000,4.000000,0.000000,20.000000,250.000000,0,0.000000,1770.000000,,-1770.000000,0.000000,0.000000,0.000000,0,75.000000,70.000000,"{""stepId"":""Move1.PickupCoarseMove"",""displayName"":""吸着位置へ大まかに移動"",""majorPhase"":0,""completionConditions"":[{""conditionType"":1,""threshold"":0.5,""secondaryThreshold"":0.5},{""conditionType"":3,""threshold"":0.0,""secondaryThreshold"":0.0}],""requiredStableSeconds"":0.4000000059604645}",0.000000,0,1,0,1384,0.050000,0,1
20261007T100007181Z_e407267f5160429bb1e8d9eb7b844d2c,,,1,190,2026-10-07T10:00:17.8709291Z,10.675869,7.910464,1384,0,0,OperatingSource,0,0,TaskSwitchDisplay,1,,1,Target,,1,Move1,,0,0,0,0,0.000000,0.000000,0,0.050000,20.000000,9.364000,0.000000,16.000000,19.000000,4.000000,-19.000000,4.000000,19.000000,40.000000,250.000000,0,0.000000,,,,0.000000,0.000000,0.000000,0,75.000000,70.000000,,,,,,,,,
20261007T100007181Z_e407267f5160429bb1e8d9eb7b844d2c,,,1,191,2026-10-07T10:00:17.9265017Z,10.732217,7.961978,1387,1,0,WaitingForPhaseBoundary,0,0,TaskSwitchDisplay,1,,0,Source,1,1,Move1,Move1.PickupCoarseMove,1,1,0,0,7.829290,0.000000,0,0.050000,0.000000,9.364000,0.000000,-4.000000,0.000000,4.000000,0.000000,4.000000,0.000000,20.000000,250.000000,0,0.000000,1770.000000,,-1770.000000,0.000000,0.000000,0.000000,0,75.000000,70.000000,"{""stepId"":""Move1.PickupCoarseMove"",""displayName"":""吸着位置へ大まかに移動"",""majorPhase"":0,""completionConditions"":[{""conditionType"":1,""threshold"":0.5,""secondaryThreshold"":0.5},{""conditionType"":3,""threshold"":0.0,""secondaryThreshold"":0.0}],""requiredStableSeconds"":0.4000000059604645}",0.000000,0,1,0,1387,0.050000,0,1
20261007T100007181Z_e407267f5160429bb1e8d9eb7b844d2c,,,1,191,2026-10-07T10:00:17.9265017Z,10.732217,7.961978,1387,1,0,WaitingForPhaseBoundary,0,0,TaskSwitchDisplay,1,,1,Target,,1,Move1,,0,0,0,0,0.000000,0.000000,0,0.050000,20.000000,9.364000,0.000000,16.000000,19.000000,4.000000,-19.000000,4.000000,19.000000,40.000000,250.000000,0,0.000000,,,,0.000000,0.000000,0.000000,0,75.000000,70.000000,,,,,,,,,
20261007T100007181Z_e407267f5160429bb1e8d9eb7b844d2c,,,1,192,2026-10-07T10:00:17.9832996Z,10.788297,8.022733,1391,1,0,WaitingForPhaseBoundary,0,0,TaskSwitchDisplay,1,,0,Source,1,1,Move1,Move1.PickupCoarseMove,1,1,0,0,7.890045,0.000000,0,0.050000,0.000000,9.364000,0.000000,-4.000000,0.000000,4.000000,0.000000,4.000000,0.000000,20.000000,250.000000,0,0.000000,1770.000000,,-1770.000000,0.000000,0.000000,0.000000,0,75.000000,70.000000,"{""stepId"":""Move1.PickupCoarseMove"",""displayName"":""吸着位置へ大まかに移動"",""majorPhase"":0,""completionConditions"":[{""conditionType"":1,""threshold"":0.5,""secondaryThreshold"":0.5},{""conditionType"":3,""threshold"":0.0,""secondaryThreshold"":0.0}],""requiredStableSeconds"":0.4000000059604645}",0.000000,0,1,0,1391,0.050000,0,1
20261007T100007181Z_e407267f5160429bb1e8d9eb7b844d2c,,,1,192,2026-10-07T10:00:17.9832996Z,10.788297,8.022733,1391,1,0,WaitingForPhaseBoundary,0,0,TaskSwitchDisplay,1,,1,Target,,1,Move1,,0,0,0,0,0.000000,0.000000,0,0.050000,20.000000,9.364000,0.000000,16.000000,19.000000,4.000000,-19.000000,4.000000,19.000000,40.000000,250.000000,0,0.000000,,,,0.000000,0.000000,0.000000,0,75.000000,70.000000,,,,,,,,,
20261007T100007181Z_e407267f5160429bb1e8d9eb7b844d2c,,,1,193,2026-10-07T10:00:18.0405193Z,10.845609,8.079897,1395,1,0,WaitingForPhaseBoundary,0,0,TaskSwitchDisplay,1,,0,Source,1,1,Move1,Move1.PickupCoarseMove,1,1,0,0,7.947209,0.000000,0,0.050000,0.000000,9.364000,0.000000,-4.000000,0.000000,4.000000,0.000000,4.000000,0.000000,20.000000,250.000000,0,0.000000,1770.000000,,-1770.000000,0.000000,0.000000,0.000000,0,75.000000,70.000000,"{""stepId"":""Move1.PickupCoarseMove"",""displayName"":""吸着位置へ大まかに移動"",""majorPhase"":0,""completionConditions"":[{""conditionType"":1,""threshold"":0.5,""secondaryThreshold"":0.5},{""conditionType"":3,""threshold"":0.0,""secondaryThreshold"":0.0}],""requiredStableSeconds"":0.4000000059604645}",0.000000,0,1,0,1395,0.050000,0,1
20261007T100007181Z_e407267f5160429bb1e8d9eb7b844d2c,,,1,193,2026-10-07T10:00:18.0405193Z,10.845609,8.079897,1395,1,0,WaitingForPhaseBoundary,0,0,TaskSwitchDisplay,1,,1,Target,,1,Move1,,0,0,0,0,0.000000,0.000000,0,0.050000,20.000000,9.364000,0.000000,16.000000,19.000000,4.000000,-19.000000,4.000000,19.000000,40.000000,250.000000,0,0.000000,,,,0.000000,0.000000,0.000000,0,75.000000,70.000000,,,,,,,,,
20261007T100007181Z_e407267f5160429bb1e8d9eb7b844d2c,,,1,194,2026-10-07T10:00:18.1050423Z,10.910697,8.145313,1399,1,0,WaitingForPhaseBoundary,0,0,TaskSwitchDisplay,1,,0,Source,1,1,Move1,Move1.PickupCoarseMove,1,1,0,0,8.012626,0.000000,0,0.050000,0.000000,9.364000,0.000000,-4.000000,0.000000,4.000000,0.000000,4.000000,0.000000,20.000000,250.000000,0,0.000000,1770.000000,,-1770.000000,0.000000,0.000000,0.000000,0,75.000000,70.000000,"{""stepId"":""Move1.PickupCoarseMove"",""displayName"":""吸着位置へ大まかに移動"",""majorPhase"":0,""completionConditions"":[{""conditionType"":1,""threshold"":0.5,""secondaryThreshold"":0.5},{""conditionType"":3,""threshold"":0.0,""secondaryThreshold"":0.0}],""requiredStableSeconds"":0.4000000059604645}",0.000000,0,1,0,1399,0.050000,0,1
20261007T100007181Z_e407267f5160429bb1e8d9eb7b844d2c,,,1,194,2026-10-07T10:00:18.1050423Z,10.910697,8.145313,1399,1,0,WaitingForPhaseBoundary,0,0,TaskSwitchDisplay,1,,1,Target,,1,Move1,,0,0,0,0,0.000000,0.000000,0,0.050000,20.000000,9.364000,0.000000,16.000000,19.000000,4.000000,-19.000000,4.000000,19.000000,40.000000,250.000000,0,0.000000,,,,0.000000,0.000000,0.000000,0,75.000000,70.000000,,,,,,,,,
20261007T100007181Z_e407267f5160429bb1e8d9eb7b844d2c,,,1,195,2026-10-07T10:00:18.1626056Z,10.967920,8.201808,1403,1,0,WaitingForPhaseBoundary,0,0,TaskSwitchDisplay,1,,0,Source,1,1,Move1,Move1.PickupCoarseMove,1,1,0,0,8.069120,0.000000,0,0.050000,0.000000,9.364000,0.000000,-4.000000,0.000000,4.000000,0.000000,4.000000,0.000000,20.000000,250.000000,0,0.000000,1770.000000,,-1770.000000,0.000000,0.000000,0.000000,0,75.000000,70.000000,"{""stepId"":""Move1.PickupCoarseMove"",""displayName"":""吸着位置へ大まかに移動"",""majorPhase"":0,""completionConditions"":[{""conditionType"":1,""threshold"":0.5,""secondaryThreshold"":0.5},{""conditionType"":3,""threshold"":0.0,""secondaryThreshold"":0.0}],""requiredStableSeconds"":0.4000000059604645}",0.000000,0,1,0,1403,0.050000,0,1
20261007T100007181Z_e407267f5160429bb1e8d9eb7b844d2c,,,1,195,2026-10-07T10:00:18.1626056Z,10.967920,8.201808,1403,1,0,WaitingForPhaseBoundary,0,0,TaskSwitchDisplay,1,,1,Target,,1,Move1,,0,0,0,0,0.000000,0.000000,0,0.050000,20.000000,9.364000,0.000000,16.000000,19.000000,4.000000,-19.000000,4.000000,19.000000,40.000000,250.000000,0,0.000000,,,,0.000000,0.000000,0.000000,0,75.000000,70.000000,,,,,,,,,
20261007T100007181Z_e407267f5160429bb1e8d9eb7b844d2c,,,1,196,2026-10-07T10:00:18.2169838Z,11.022404,8.256937,1406,1,0,WaitingForPhaseBoundary,0,0,TaskSwitchDisplay,1,,0,Source,1,1,Move1,Move1.PickupCoarseMove,1,1,0,0,8.124249,0.000000,0,0.050000,0.000000,9.364000,0.000000,-4.000000,0.000000,4.000000,0.000000,4.000000,0.000000,20.000000,250.000000,0,0.000000,1770.000000,,-1770.000000,0.000000,0.000000,0.000000,0,75.000000,70.000000,"{""stepId"":""Move1.PickupCoarseMove"",""displayName"":""吸着位置へ大まかに移動"",""majorPhase"":0,""completionConditions"":[{""conditionType"":1,""threshold"":0.5,""secondaryThreshold"":0.5},{""conditionType"":3,""threshold"":0.0,""secondaryThreshold"":0.0}],""requiredStableSeconds"":0.4000000059604645}",0.000000,0,1,0,1406,0.050000,0,1
20261007T100007181Z_e407267f5160429bb1e8d9eb7b844d2c,,,1,196,2026-10-07T10:00:18.2169838Z,11.022404,8.256937,1406,1,0,WaitingForPhaseBoundary,0,0,TaskSwitchDisplay,1,,1,Target,,1,Move1,,0,0,0,0,0.000000,0.000000,0,0.050000,20.000000,9.364000,0.000000,16.000000,19.000000,4.000000,-19.000000,4.000000,19.000000,40.000000,250.000000,0,0.000000,,,,0.000000,0.000000,0.000000,0,75.000000,70.000000,,,,,,,,,
20261007T100007181Z_e407267f5160429bb1e8d9eb7b844d2c,,,1,197,2026-10-07T10:00:18.2740758Z,11.079575,8.314184,1411,1,0,WaitingForPhaseBoundary,0,0,TaskSwitchDisplay,1,,0,Source,1,1,Move1,Move1.PickupCoarseMove,1,1,0,0,8.181496,0.000000,0,0.050000,0.000000,9.364000,0.000000,-4.000000,0.000000,4.000000,0.000000,4.000000,0.000000,20.000000,250.000000,0,0.000000,1770.000000,,-1770.000000,0.000000,0.000000,0.000000,0,75.000000,70.000000,"{""stepId"":""Move1.PickupCoarseMove"",""displayName"":""吸着位置へ大まかに移動"",""majorPhase"":0,""completionConditions"":[{""conditionType"":1,""threshold"":0.5,""secondaryThreshold"":0.5},{""conditionType"":3,""threshold"":0.0,""secondaryThreshold"":0.0}],""requiredStableSeconds"":0.4000000059604645}",0.000000,0,1,0,1411,0.050000,0,1
20261007T100007181Z_e407267f5160429bb1e8d9eb7b844d2c,,,1,197,2026-10-07T10:00:18.2740758Z,11.079575,8.314184,1411,1,0,WaitingForPhaseBoundary,0,0,TaskSwitchDisplay,1,,1,Target,,1,Move1,,0,0,0,0,0.000000,0.000000,0,0.050000,20.000000,9.364000,0.000000,16.000000,19.000000,4.000000,-19.000000,4.000000,19.000000,40.000000,250.000000,0,0.000000,,,,0.000000,0.000000,0.000000,0,75.000000,70.000000,,,,,,,,,
20261007T100007181Z_e407267f5160429bb1e8d9eb7b844d2c,,,1,198,2026-10-07T10:00:18.3400123Z,11.145291,8.379637,1416,1,0,WaitingForPhaseBoundary,0,0,TaskSwitchDisplay,1,,0,Source,1,1,Move1,Move1.PickupCoarseMove,1,1,0,0,8.246948,0.000000,0,0.050000,0.000000,9.364000,0.000000,-4.000000,0.000000,4.000000,0.000000,4.000000,0.000000,20.000000,250.000000,0,0.000000,1770.000000,,-1770.000000,0.000000,0.000000,0.000000,0,75.000000,70.000000,"{""stepId"":""Move1.PickupCoarseMove"",""displayName"":""吸着位置へ大まかに移動"",""majorPhase"":0,""completionConditions"":[{""conditionType"":1,""threshold"":0.5,""secondaryThreshold"":0.5},{""conditionType"":3,""threshold"":0.0,""secondaryThreshold"":0.0}],""requiredStableSeconds"":0.4000000059604645}",0.000000,0,1,0,1416,0.050000,0,1
20261007T100007181Z_e407267f5160429bb1e8d9eb7b844d2c,,,1,198,2026-10-07T10:00:18.3400123Z,11.145291,8.379637,1416,1,0,WaitingForPhaseBoundary,0,0,TaskSwitchDisplay,1,,1,Target,,1,Move1,,0,0,0,0,0.000000,0.000000,0,0.050000,20.000000,9.364000,0.000000,16.000000,19.000000,4.000000,-19.000000,4.000000,19.000000,40.000000,250.000000,0,0.000000,,,,0.000000,0.000000,0.000000,0,75.000000,70.000000,,,,,,,,,
20261007T100007181Z_e407267f5160429bb1e8d9eb7b844d2c,,,1,199,2026-10-07T10:00:18.3991658Z,11.205518,8.439954,1421,1,0,WaitingForPhaseBoundary,0,0,TaskSwitchDisplay,1,,0,Source,1,1,Move1,Move1.PickupCoarseMove,1,1,0,0,8.307265,0.000000,0,0.050000,0.000000,9.364000,0.000000,-4.000000,0.000000,4.000000,0.000000,4.000000,0.000000,20.000000,250.000000,0,0.000000,1770.000000,,-1770.000000,0.000000,0.000000,0.000000,0,75.000000,70.000000,"{""stepId"":""Move1.PickupCoarseMove"",""displayName"":""吸着位置へ大まかに移動"",""majorPhase"":0,""completionConditions"":[{""conditionType"":1,""threshold"":0.5,""secondaryThreshold"":0.5},{""conditionType"":3,""threshold"":0.0,""secondaryThreshold"":0.0}],""requiredStableSeconds"":0.4000000059604645}",0.000000,0,1,0,1421,0.050000,0,1
20261007T100007181Z_e407267f5160429bb1e8d9eb7b844d2c,,,1,199,2026-10-07T10:00:18.3991658Z,11.205518,8.439954,1421,1,0,WaitingForPhaseBoundary,0,0,TaskSwitchDisplay,1,,1,Target,,1,Move1,,0,0,0,0,0.000000,0.000000,0,0.050000,20.000000,9.364000,0.000000,16.000000,19.000000,4.000000,-19.000000,4.000000,19.000000,40.000000,250.000000,0,0.000000,,,,0.000000,0.000000,0.000000,0,75.000000,70.000000,,,,,,,,,
20261007T100007181Z_e407267f5160429bb1e8d9eb7b844d2c,,,1,200,2026-10-07T10:00:18.4597548Z,11.265680,8.499634,1426,1,0,WaitingForPhaseBoundary,0,0,TaskSwitchDisplay,1,,0,Source,1,1,Move1,Move1.PickupCoarseMove,1,1,0,0,8.366945,0.000000,0,0.050000,0.000000,9.364000,0.000000,-4.000000,0.000000,4.000000,0.000000,4.000000,0.000000,20.000000,250.000000,0,0.000000,1770.000000,,-1770.000000,0.000000,0.000000,0.000000,0,75.000000,70.000000,"{""stepId"":""Move1.PickupCoarseMove"",""displayName"":""吸着位置へ大まかに移動"",""majorPhase"":0,""completionConditions"":[{""conditionType"":1,""threshold"":0.5,""secondaryThreshold"":0.5},{""conditionType"":3,""threshold"":0.0,""secondaryThreshold"":0.0}],""requiredStableSeconds"":0.4000000059604645}",0.000000,0,1,0,1426,0.050000,0,1
20261007T100007181Z_e407267f5160429bb1e8d9eb7b844d2c,,,1,200,2026-10-07T10:00:18.4597548Z,11.265680,8.499634,1426,1,0,WaitingForPhaseBoundary,0,0,TaskSwitchDisplay,1,,1,Target,,1,Move1,,0,0,0,0,0.000000,0.000000,0,0.050000,20.000000,9.364000,0.000000,16.000000,19.000000,4.000000,-19.000000,4.000000,19.000000,40.000000,250.000000,0,0.000000,,,,0.000000,0.000000,0.000000,0,75.000000,70.000000,,,,,,,,,
20261007T100007181Z_e407267f5160429bb1e8d9eb7b844d2c,,,1,201,2026-10-07T10:00:18.5120763Z,11.317888,8.552859,1430,1,0,WaitingForPhaseBoundary,0,0,TaskSwitchDisplay,1,,0,Source,1,1,Move1,Move1.PickupCoarseMove,1,1,0,0,8.420171,0.000000,0,0.050000,0.000000,9.364000,0.000000,-4.000000,0.000000,4.000000,0.000000,4.000000,0.000000,20.000000,250.000000,0,0.000000,1770.000000,,-1770.000000,0.000000,0.000000,0.000000,0,75.000000,70.000000,"{""stepId"":""Move1.PickupCoarseMove"",""displayName"":""吸着位置へ大まかに移動"",""majorPhase"":0,""completionConditions"":[{""conditionType"":1,""threshold"":0.5,""secondaryThreshold"":0.5},{""conditionType"":3,""threshold"":0.0,""secondaryThreshold"":0.0}],""requiredStableSeconds"":0.4000000059604645}",0.000000,0,1,0,1430,0.050000,0,1
20261007T100007181Z_e407267f5160429bb1e8d9eb7b844d2c,,,1,201,2026-10-07T10:00:18.5120763Z,11.317888,8.552859,1430,1,0,WaitingForPhaseBoundary,0,0,TaskSwitchDisplay,1,,1,Target,,1,Move1,,0,0,0,0,0.000000,0.000000,0,0.050000,20.000000,9.364000,0.000000,16.000000,19.000000,4.000000,-19.000000,4.000000,19.000000,40.000000,250.000000,0,0.000000,,,,0.000000,0.000000,0.000000,0,75.000000,70.000000,,,,,,,,,
20261007T100007181Z_e407267f5160429bb1e8d9eb7b844d2c,,,1,202,2026-10-07T10:00:18.5642482Z,11.369485,8.604104,1434,1,0,WaitingForPhaseBoundary,0,0,TaskSwitchDisplay,1,,0,Source,1,1,Move1,Move1.PickupCoarseMove,1,1,0,0,8.471416,0.000000,0,0.050000,0.000000,9.364000,0.000000,-4.000000,0.000000,4.000000,0.000000,4.000000,0.000000,20.000000,250.000000,0,0.000000,1770.000000,,-1770.000000,0.000000,0.000000,0.000000,0,75.000000,70.000000,"{""stepId"":""Move1.PickupCoarseMove"",""displayName"":""吸着位置へ大まかに移動"",""majorPhase"":0,""completionConditions"":[{""conditionType"":1,""threshold"":0.5,""secondaryThreshold"":0.5},{""conditionType"":3,""threshold"":0.0,""secondaryThreshold"":0.0}],""requiredStableSeconds"":0.4000000059604645}",0.000000,0,1,0,1434,0.050000,0,1
20261007T100007181Z_e407267f5160429bb1e8d9eb7b844d2c,,,1,202,2026-10-07T10:00:18.5642482Z,11.369485,8.604104,1434,1,0,WaitingForPhaseBoundary,0,0,TaskSwitchDisplay,1,,1,Target,,1,Move1,,0,0,0,0,0.000000,0.000000,0,0.050000,20.000000,9.364000,0.000000,16.000000,19.000000,4.000000,-19.000000,4.000000,19.000000,40.000000,250.000000,0,0.000000,,,,0.000000,0.000000,0.000000,0,75.000000,70.000000,,,,,,,,,
20261007T100007181Z_e407267f5160429bb1e8d9eb7b844d2c,,,1,203,2026-10-07T10:00:18.6175477Z,11.423666,8.658787,1438,1,0,WaitingForPhaseBoundary,0,0,TaskSwitchDisplay,1,,0,Source,1,1,Move1,Move1.PickupCoarseMove,1,1,0,0,8.526100,0.000000,0,0.050000,0.000000,9.364000,0.000000,-4.000000,0.000000,4.000000,0.000000,4.000000,0.000000,20.000000,250.000000,0,0.000000,1770.000000,,-1770.000000,0.000000,0.000000,0.000000,0,75.000000,70.000000,"{""stepId"":""Move1.PickupCoarseMove"",""displayName"":""吸着位置へ大まかに移動"",""majorPhase"":0,""completionConditions"":[{""conditionType"":1,""threshold"":0.5,""secondaryThreshold"":0.5},{""conditionType"":3,""threshold"":0.0,""secondaryThreshold"":0.0}],""requiredStableSeconds"":0.4000000059604645}",0.000000,0,1,0,1438,0.050000,0,1
20261007T100007181Z_e407267f5160429bb1e8d9eb7b844d2c,,,1,203,2026-10-07T10:00:18.6175477Z,11.423666,8.658787,1438,1,0,WaitingForPhaseBoundary,0,0,TaskSwitchDisplay,1,,1,Target,,1,Move1,,0,0,0,0,0.000000,0.000000,0,0.050000,20.000000,9.364000,0.000000,16.000000,19.000000,4.000000,-19.000000,4.000000,19.000000,40.000000,250.000000,0,0.000000,,,,0.000000,0.000000,0.000000,0,75.000000,70.000000,,,,,,,,,
20261007T100007181Z_e407267f5160429bb1e8d9eb7b844d2c,,,1,204,2026-10-07T10:00:18.6728202Z,11.478003,8.712755,1442,1,0,WaitingForPhaseBoundary,0,0,TaskSwitchDisplay,1,,0,Source,1,1,Move1,Move1.PickupCoarseMove,1,1,0,0,8.580070,0.000000,0,0.050000,0.000000,9.364000,0.000000,-4.000000,0.000000,4.000000,0.000000,4.000000,0.000000,20.000000,250.000000,0,0.000000,1770.000000,,-1770.000000,0.000000,0.000000,0.000000,0,75.000000,70.000000,"{""stepId"":""Move1.PickupCoarseMove"",""displayName"":""吸着位置へ大まかに移動"",""majorPhase"":0,""completionConditions"":[{""conditionType"":1,""threshold"":0.5,""secondaryThreshold"":0.5},{""conditionType"":3,""threshold"":0.0,""secondaryThreshold"":0.0}],""requiredStableSeconds"":0.4000000059604645}",0.000000,0,1,0,1442,0.050000,0,1
20261007T100007181Z_e407267f5160429bb1e8d9eb7b844d2c,,,1,204,2026-10-07T10:00:18.6728202Z,11.478003,8.712755,1442,1,0,WaitingForPhaseBoundary,0,0,TaskSwitchDisplay,1,,1,Target,,1,Move1,,0,0,0,0,0.000000,0.000000,0,0.050000,20.000000,9.364000,0.000000,16.000000,19.000000,4.000000,-19.000000,4.000000,19.000000,40.000000,250.000000,0,0.000000,,,,0.000000,0.000000,0.000000,0,75.000000,70.000000,,,,,,,,,
20261007T100007181Z_e407267f5160429bb1e8d9eb7b844d2c,,,1,205,2026-10-07T10:00:18.7248308Z,11.530048,8.764100,1446,1,0,WaitingForPhaseBoundary,0,0,TaskSwitchDisplay,1,,0,Source,1,1,Move1,Move1.PickupCoarseMove,1,1,0,0,8.631414,0.000000,0,0.050000,0.000000,9.364000,0.000000,-4.000000,0.000000,4.000000,0.000000,4.000000,0.000000,20.000000,250.000000,0,0.000000,1770.000000,,-1770.000000,0.000000,0.000000,0.000000,0,75.000000,70.000000,"{""stepId"":""Move1.PickupCoarseMove"",""displayName"":""吸着位置へ大まかに移動"",""majorPhase"":0,""completionConditions"":[{""conditionType"":1,""threshold"":0.5,""secondaryThreshold"":0.5},{""conditionType"":3,""threshold"":0.0,""secondaryThreshold"":0.0}],""requiredStableSeconds"":0.4000000059604645}",0.000000,0,1,0,1446,0.050000,0,1
20261007T100007181Z_e407267f5160429bb1e8d9eb7b844d2c,,,1,205,2026-10-07T10:00:18.7248308Z,11.530048,8.764100,1446,1,0,WaitingForPhaseBoundary,0,0,TaskSwitchDisplay,1,,1,Target,,1,Move1,,0,0,0,0,0.000000,0.000000,0,0.050000,20.000000,9.364000,0.000000,16.000000,19.000000,4.000000,-19.000000,4.000000,19.000000,40.000000,250.000000,0,0.000000,,,,0.000000,0.000000,0.000000,0,75.000000,70.000000,,,,,,,,,
20261007T100007181Z_e407267f5160429bb1e8d9eb7b844d2c,,,1,206,2026-10-07T10:00:18.7791965Z,11.584847,8.819422,1451,1,0,WaitingForPhaseBoundary,0,0,TaskSwitchDisplay,1,,0,Source,1,1,Move1,Move1.PickupCoarseMove,1,1,0,0,8.686735,0.000000,0,0.050000,0.000000,9.364000,0.000000,-4.000000,0.000000,4.000000,0.000000,4.000000,0.000000,20.000000,250.000000,0,0.000000,1770.000000,,-1770.000000,0.000000,0.000000,0.000000,0,75.000000,70.000000,"{""stepId"":""Move1.PickupCoarseMove"",""displayName"":""吸着位置へ大まかに移動"",""majorPhase"":0,""completionConditions"":[{""conditionType"":1,""threshold"":0.5,""secondaryThreshold"":0.5},{""conditionType"":3,""threshold"":0.0,""secondaryThreshold"":0.0}],""requiredStableSeconds"":0.4000000059604645}",0.000000,0,1,0,1451,0.050000,0,1
20261007T100007181Z_e407267f5160429bb1e8d9eb7b844d2c,,,1,206,2026-10-07T10:00:18.7791965Z,11.584847,8.819422,1451,1,0,WaitingForPhaseBoundary,0,0,TaskSwitchDisplay,1,,1,Target,,1,Move1,,0,0,0,0,0.000000,0.000000,0,0.050000,20.000000,9.364000,0.000000,16.000000,19.000000,4.000000,-19.000000,4.000000,19.000000,40.000000,250.000000,0,0.000000,,,,0.000000,0.000000,0.000000,0,75.000000,70.000000,,,,,,,,,
20261007T100007181Z_e407267f5160429bb1e8d9eb7b844d2c,,,1,207,2026-10-07T10:00:18.8368100Z,11.641960,8.876497,1456,1,0,WaitingForPhaseBoundary,0,0,TaskSwitchDisplay,1,,0,Source,1,1,Move1,Move1.PickupCoarseMove,1,1,0,0,8.743811,0.000000,0,0.050000,0.000000,9.364000,0.000000,-4.000000,0.000000,4.000000,0.000000,4.000000,0.000000,20.000000,250.000000,0,0.000000,1770.000000,,-1770.000000,0.000000,0.000000,0.000000,0,75.000000,70.000000,"{""stepId"":""Move1.PickupCoarseMove"",""displayName"":""吸着位置へ大まかに移動"",""majorPhase"":0,""completionConditions"":[{""conditionType"":1,""threshold"":0.5,""secondaryThreshold"":0.5},{""conditionType"":3,""threshold"":0.0,""secondaryThreshold"":0.0}],""requiredStableSeconds"":0.4000000059604645}",0.000000,0,1,0,1456,0.050000,0,1
20261007T100007181Z_e407267f5160429bb1e8d9eb7b844d2c,,,1,207,2026-10-07T10:00:18.8368100Z,11.641960,8.876497,1456,1,0,WaitingForPhaseBoundary,0,0,TaskSwitchDisplay,1,,1,Target,,1,Move1,,0,0,0,0,0.000000,0.000000,0,0.050000,20.000000,9.364000,0.000000,16.000000,19.000000,4.000000,-19.000000,4.000000,19.000000,40.000000,250.000000,0,0.000000,,,,0.000000,0.000000,0.000000,0,75.000000,70.000000,,,,,,,,,
20261007T100007181Z_e407267f5160429bb1e8d9eb7b844d2c,,,1,208,2026-10-07T10:00:18.8906783Z,11.695960,8.930505,1459,1,0,WaitingForPhaseBoundary,0,0,TaskSwitchDisplay,1,,0,Source,1,1,Move1,Move1.PickupCoarseMove,1,1,0,0,8.797817,0.000000,0,0.050000,0.000000,9.364000,0.000000,-4.000000,0.000000,4.000000,0.000000,4.000000,0.000000,20.000000,250.000000,0,0.000000,1770.000000,,-1770.000000,0.000000,0.000000,0.000000,0,75.000000,70.000000,"{""stepId"":""Move1.PickupCoarseMove"",""displayName"":""吸着位置へ大まかに移動"",""majorPhase"":0,""completionConditions"":[{""conditionType"":1,""threshold"":0.5,""secondaryThreshold"":0.5},{""conditionType"":3,""threshold"":0.0,""secondaryThreshold"":0.0}],""requiredStableSeconds"":0.4000000059604645}",0.000000,0,1,0,1459,0.050000,0,1
20261007T100007181Z_e407267f5160429bb1e8d9eb7b844d2c,,,1,208,2026-10-07T10:00:18.8906783Z,11.695960,8.930505,1459,1,0,WaitingForPhaseBoundary,0,0,TaskSwitchDisplay,1,,1,Target,,1,Move1,,0,0,0,0,0.000000,0.000000,0,0.050000,20.000000,9.364000,0.000000,16.000000,19.000000,4.000000,-19.000000,4.000000,19.000000,40.000000,250.000000,0,0.000000,,,,0.000000,0.000000,0.000000,0,75.000000,70.000000,,,,,,,,,
20261007T100007181Z_e407267f5160429bb1e8d9eb7b844d2c,,,1,209,2026-10-07T10:00:18.9471474Z,11.752813,8.987396,1464,1,0,WaitingForPhaseBoundary,0,0,TaskSwitchDisplay,1,,0,Source,1,1,Move1,Move1.PickupCoarseMove,1,1,0,0,8.854709,0.000000,0,0.050000,0.000000,9.364000,0.000000,-4.000000,0.000000,4.000000,0.000000,4.000000,0.000000,20.000000,250.000000,0,0.000000,1770.000000,,-1770.000000,0.000000,0.000000,0.000000,0,75.000000,70.000000,"{""stepId"":""Move1.PickupCoarseMove"",""displayName"":""吸着位置へ大まかに移動"",""majorPhase"":0,""completionConditions"":[{""conditionType"":1,""threshold"":0.5,""secondaryThreshold"":0.5},{""conditionType"":3,""threshold"":0.0,""secondaryThreshold"":0.0}],""requiredStableSeconds"":0.4000000059604645}",0.000000,0,1,0,1464,0.050000,0,1
20261007T100007181Z_e407267f5160429bb1e8d9eb7b844d2c,,,1,209,2026-10-07T10:00:18.9471474Z,11.752813,8.987396,1464,1,0,WaitingForPhaseBoundary,0,0,TaskSwitchDisplay,1,,1,Target,,1,Move1,,0,0,0,0,0.000000,0.000000,0,0.050000,20.000000,9.364000,0.000000,16.000000,19.000000,4.000000,-19.000000,4.000000,19.000000,40.000000,250.000000,0,0.000000,,,,0.000000,0.000000,0.000000,0,75.000000,70.000000,,,,,,,,,
20261007T100007181Z_e407267f5160429bb1e8d9eb7b844d2c,,,1,210,2026-10-07T10:00:19.0028030Z,11.808920,9.043441,1469,1,0,WaitingForPhaseBoundary,0,0,TaskSwitchDisplay,1,,0,Source,1,1,Move1,Move1.PickupCoarseMove,1,1,0,0,8.910753,0.000000,0,0.050000,0.000000,9.364000,0.000000,-4.000000,0.000000,4.000000,0.000000,4.000000,0.000000,20.000000,250.000000,0,0.000000,1770.000000,,-1770.000000,0.000000,0.000000,0.000000,0,75.000000,70.000000,"{""stepId"":""Move1.PickupCoarseMove"",""displayName"":""吸着位置へ大まかに移動"",""majorPhase"":0,""completionConditions"":[{""conditionType"":1,""threshold"":0.5,""secondaryThreshold"":0.5},{""conditionType"":3,""threshold"":0.0,""secondaryThreshold"":0.0}],""requiredStableSeconds"":0.4000000059604645}",0.000000,0,1,0,1469,0.050000,0,1
20261007T100007181Z_e407267f5160429bb1e8d9eb7b844d2c,,,1,210,2026-10-07T10:00:19.0028030Z,11.808920,9.043441,1469,1,0,WaitingForPhaseBoundary,0,0,TaskSwitchDisplay,1,,1,Target,,1,Move1,,0,0,0,0,0.000000,0.000000,0,0.050000,20.000000,9.364000,0.000000,16.000000,19.000000,4.000000,-19.000000,4.000000,19.000000,40.000000,250.000000,0,0.000000,,,,0.000000,0.000000,0.000000,0,75.000000,70.000000,,,,,,,,,
20261007T100007181Z_e407267f5160429bb1e8d9eb7b844d2c,,,1,211,2026-10-07T10:00:19.0605127Z,11.865751,9.100329,1474,1,0,WaitingForPhaseBoundary,0,0,TaskSwitchDisplay,1,,0,Source,1,1,Move1,Move1.PickupCoarseMove,1,1,0,0,8.967641,0.000000,0,0.050000,0.000000,9.364000,0.000000,-4.000000,0.000000,4.000000,0.000000,4.000000,0.000000,20.000000,250.000000,0,0.000000,1770.000000,,-1770.000000,0.000000,0.000000,0.000000,0,75.000000,70.000000,"{""stepId"":""Move1.PickupCoarseMove"",""displayName"":""吸着位置へ大まかに移動"",""majorPhase"":0,""completionConditions"":[{""conditionType"":1,""threshold"":0.5,""secondaryThreshold"":0.5},{""conditionType"":3,""threshold"":0.0,""secondaryThreshold"":0.0}],""requiredStableSeconds"":0.4000000059604645}",0.000000,0,1,0,1474,0.050000,0,1
20261007T100007181Z_e407267f5160429bb1e8d9eb7b844d2c,,,1,211,2026-10-07T10:00:19.0605127Z,11.865751,9.100329,1474,1,0,WaitingForPhaseBoundary,0,0,TaskSwitchDisplay,1,,1,Target,,1,Move1,,0,0,0,0,0.000000,0.000000,0,0.050000,20.000000,9.364000,0.000000,16.000000,19.000000,4.000000,-19.000000,4.000000,19.000000,40.000000,250.000000,0,0.000000,,,,0.000000,0.000000,0.000000,0,75.000000,70.000000,,,,,,,,,
20261007T100007181Z_e407267f5160429bb1e8d9eb7b844d2c,,,1,212,2026-10-07T10:00:19.1183100Z,11.923608,9.157932,1479,1,0,WaitingForPhaseBoundary,0,0,TaskSwitchDisplay,1,,0,Source,1,1,Move1,Move1.PickupCoarseMove,1,1,0,0,9.025245,0.000000,0,0.050000,0.000000,9.364000,0.000000,-4.000000,0.000000,4.000000,0.000000,4.000000,0.000000,20.000000,250.000000,0,0.000000,1770.000000,,-1770.000000,0.000000,0.000000,0.000000,0,75.000000,70.000000,"{""stepId"":""Move1.PickupCoarseMove"",""displayName"":""吸着位置へ大まかに移動"",""majorPhase"":0,""completionConditions"":[{""conditionType"":1,""threshold"":0.5,""secondaryThreshold"":0.5},{""conditionType"":3,""threshold"":0.0,""secondaryThreshold"":0.0}],""requiredStableSeconds"":0.4000000059604645}",0.000000,0,1,0,1479,0.050000,0,1
20261007T100007181Z_e407267f5160429bb1e8d9eb7b844d2c,,,1,212,2026-10-07T10:00:19.1183100Z,11.923608,9.157932,1479,1,0,WaitingForPhaseBoundary,0,0,TaskSwitchDisplay,1,,1,Target,,1,Move1,,0,0,0,0,0.000000,0.000000,0,0.050000,20.000000,9.364000,0.000000,16.000000,19.000000,4.000000,-19.000000,4.000000,19.000000,40.000000,250.000000,0,0.000000,,,,0.000000,0.000000,0.000000,0,75.000000,70.000000,,,,,,,,,
20261007T100007181Z_e407267f5160429bb1e8d9eb7b844d2c,,,1,213,2026-10-07T10:00:19.1739259Z,11.979775,9.214697,1484,1,0,WaitingForPhaseBoundary,0,0,TaskSwitchDisplay,1,,0,Source,1,1,Move1,Move1.PickupCoarseMove,1,1,0,0,9.082009,0.000000,0,0.050000,0.000000,9.364000,0.000000,-4.000000,0.000000,4.000000,0.000000,4.000000,0.000000,20.000000,250.000000,0,0.000000,1770.000000,,-1770.000000,0.000000,0.000000,0.000000,0,75.000000,70.000000,"{""stepId"":""Move1.PickupCoarseMove"",""displayName"":""吸着位置へ大まかに移動"",""majorPhase"":0,""completionConditions"":[{""conditionType"":1,""threshold"":0.5,""secondaryThreshold"":0.5},{""conditionType"":3,""threshold"":0.0,""secondaryThreshold"":0.0}],""requiredStableSeconds"":0.4000000059604645}",0.000000,0,1,0,1484,0.050000,0,1
20261007T100007181Z_e407267f5160429bb1e8d9eb7b844d2c,,,1,213,2026-10-07T10:00:19.1739259Z,11.979775,9.214697,1484,1,0,WaitingForPhaseBoundary,0,0,TaskSwitchDisplay,1,,1,Target,,1,Move1,,0,0,0,0,0.000000,0.000000,0,0.050000,20.000000,9.364000,0.000000,16.000000,19.000000,4.000000,-19.000000,4.000000,19.000000,40.000000,250.000000,0,0.000000,,,,0.000000,0.000000,0.000000,0,75.000000,70.000000,,,,,,,,,
20261007T100007181Z_e407267f5160429bb1e8d9eb7b844d2c,,,1,214,2026-10-07T10:00:19.2278634Z,12.033455,9.268008,1489,1,0,WaitingForPhaseBoundary,0,0,TaskSwitchDisplay,1,,0,Source,1,1,Move1,Move1.PickupCoarseMove,1,1,0,0,9.135321,0.000000,0,0.050000,0.000000,9.364000,0.000000,-4.000000,0.000000,4.000000,0.000000,4.000000,0.000000,20.000000,250.000000,0,0.000000,1770.000000,,-1770.000000,0.000000,0.000000,0.000000,0,75.000000,70.000000,"{""stepId"":""Move1.PickupCoarseMove"",""displayName"":""吸着位置へ大まかに移動"",""majorPhase"":0,""completionConditions"":[{""conditionType"":1,""threshold"":0.5,""secondaryThreshold"":0.5},{""conditionType"":3,""threshold"":0.0,""secondaryThreshold"":0.0}],""requiredStableSeconds"":0.4000000059604645}",0.000000,0,1,0,1489,0.050000,0,1
20261007T100007181Z_e407267f5160429bb1e8d9eb7b844d2c,,,1,214,2026-10-07T10:00:19.2278634Z,12.033455,9.268008,1489,1,0,WaitingForPhaseBoundary,0,0,TaskSwitchDisplay,1,,1,Target,,1,Move1,,0,0,0,0,0.000000,0.000000,0,0.050000,20.000000,9.364000,0.000000,16.000000,19.000000,4.000000,-19.000000,4.000000,19.000000,40.000000,250.000000,0,0.000000,,,,0.000000,0.000000,0.000000,0,75.000000,70.000000,,,,,,,,,
20261007T100007181Z_e407267f5160429bb1e8d9eb7b844d2c,,,1,215,2026-10-07T10:00:19.2807439Z,12.086609,9.321197,1494,1,0,WaitingForPhaseBoundary,0,0,TaskSwitchDisplay,1,,0,Source,1,1,Move1,Move1.PickupCoarseMove,1,1,0,0,9.188510,0.000000,0,0.050000,0.000000,9.364000,0.000000,-4.000000,0.000000,4.000000,0.000000,4.000000,0.000000,20.000000,250.000000,0,0.000000,1770.000000,,-1770.000000,0.000000,0.000000,0.000000,0,75.000000,70.000000,"{""stepId"":""Move1.PickupCoarseMove"",""displayName"":""吸着位置へ大まかに移動"",""majorPhase"":0,""completionConditions"":[{""conditionType"":1,""threshold"":0.5,""secondaryThreshold"":0.5},{""conditionType"":3,""threshold"":0.0,""secondaryThreshold"":0.0}],""requiredStableSeconds"":0.4000000059604645}",0.000000,0,1,0,1494,0.050000,0,1
20261007T100007181Z_e407267f5160429bb1e8d9eb7b844d2c,,,1,215,2026-10-07T10:00:19.2807439Z,12.086609,9.321197,1494,1,0,WaitingForPhaseBoundary,0,0,TaskSwitchDisplay,1,,1,Target,,1,Move1,,0,0,0,0,0.000000,0.000000,0,0.050000,20.000000,9.364000,0.000000,16.000000,19.000000,4.000000,-19.000000,4.000000,19.000000,40.000000,250.000000,0,0.000000,,,,0.000000,0.000000,0.000000,0,75.000000,70.000000,,,,,,,,,
20261007T100007181Z_e407267f5160429bb1e8d9eb7b844d2c,,,1,216,2026-10-07T10:00:19.3391068Z,12.144512,9.378972,1499,1,0,WaitingForPhaseBoundary,0,0,TaskSwitchDisplay,1,,0,Source,1,1,Move1,Move1.PickupCoarseMove,1,1,0,0,9.246284,0.000000,0,0.050000,0.000000,9.364000,0.000000,-4.000000,0.000000,4.000000,0.000000,4.000000,0.000000,20.000000,250.000000,0,0.000000,1770.000000,,-1770.000000,0.000000,0.000000,0.000000,0,75.000000,70.000000,"{""stepId"":""Move1.PickupCoarseMove"",""displayName"":""吸着位置へ大まかに移動"",""majorPhase"":0,""completionConditions"":[{""conditionType"":1,""threshold"":0.5,""secondaryThreshold"":0.5},{""conditionType"":3,""threshold"":0.0,""secondaryThreshold"":0.0}],""requiredStableSeconds"":0.4000000059604645}",0.000000,0,1,0,1499,0.050000,0,1
20261007T100007181Z_e407267f5160429bb1e8d9eb7b844d2c,,,1,216,2026-10-07T10:00:19.3391068Z,12.144512,9.378972,1499,1,0,WaitingForPhaseBoundary,0,0,TaskSwitchDisplay,1,,1,Target,,1,Move1,,0,0,0,0,0.000000,0.000000,0,0.050000,20.000000,9.364000,0.000000,16.000000,19.000000,4.000000,-19.000000,4.000000,19.000000,40.000000,250.000000,0,0.000000,,,,0.000000,0.000000,0.000000,0,75.000000,70.000000,,,,,,,,,
20261007T100007181Z_e407267f5160429bb1e8d9eb7b844d2c,,,1,217,2026-10-07T10:00:19.3884113Z,12.194566,9.429063,1504,1,0,WaitingForPhaseBoundary,0,0,TaskSwitchDisplay,1,,0,Source,1,1,Move1,Move1.PickupCoarseMove,1,1,0,0,9.296375,0.000000,0,0.050000,0.000000,9.364000,0.000000,-4.000000,0.000000,4.000000,0.000000,4.000000,0.000000,20.000000,250.000000,0,0.000000,1770.000000,,-1770.000000,0.000000,0.000000,0.000000,0,75.000000,70.000000,"{""stepId"":""Move1.PickupCoarseMove"",""displayName"":""吸着位置へ大まかに移動"",""majorPhase"":0,""completionConditions"":[{""conditionType"":1,""threshold"":0.5,""secondaryThreshold"":0.5},{""conditionType"":3,""threshold"":0.0,""secondaryThreshold"":0.0}],""requiredStableSeconds"":0.4000000059604645}",0.000000,0,1,0,1504,0.050000,0,1
20261007T100007181Z_e407267f5160429bb1e8d9eb7b844d2c,,,1,217,2026-10-07T10:00:19.3884113Z,12.194566,9.429063,1504,1,0,WaitingForPhaseBoundary,0,0,TaskSwitchDisplay,1,,1,Target,,1,Move1,,0,0,0,0,0.000000,0.000000,0,0.050000,20.000000,9.364000,0.000000,16.000000,19.000000,4.000000,-19.000000,4.000000,19.000000,40.000000,250.000000,0,0.000000,,,,0.000000,0.000000,0.000000,0,75.000000,70.000000,,,,,,,,,
20261007T100007181Z_e407267f5160429bb1e8d9eb7b844d2c,,,1,218,2026-10-07T10:00:19.4404553Z,12.245758,9.480170,1509,1,0,WaitingForPhaseBoundary,0,0,TaskSwitchDisplay,1,,0,Source,1,1,Move1,Move1.PickupCoarseMove,1,1,0,0,9.347483,0.000000,0,0.050000,0.000000,9.364000,0.000000,-4.000000,0.000000,4.000000,0.000000,4.000000,0.000000,20.000000,250.000000,0,0.000000,1770.000000,,-1770.000000,0.000000,0.000000,0.000000,0,75.000000,70.000000,"{""stepId"":""Move1.PickupCoarseMove"",""displayName"":""吸着位置へ大まかに移動"",""majorPhase"":0,""completionConditions"":[{""conditionType"":1,""threshold"":0.5,""secondaryThreshold"":0.5},{""conditionType"":3,""threshold"":0.0,""secondaryThreshold"":0.0}],""requiredStableSeconds"":0.4000000059604645}",0.000000,0,1,0,1509,0.050000,0,1
20261007T100007181Z_e407267f5160429bb1e8d9eb7b844d2c,,,1,218,2026-10-07T10:00:19.4404553Z,12.245758,9.480170,1509,1,0,WaitingForPhaseBoundary,0,0,TaskSwitchDisplay,1,,1,Target,,1,Move1,,0,0,0,0,0.000000,0.000000,0,0.050000,20.000000,9.364000,0.000000,16.000000,19.000000,4.000000,-19.000000,4.000000,19.000000,40.000000,250.000000,0,0.000000,,,,0.000000,0.000000,0.000000,0,75.000000,70.000000,,,,,,,,,
20261007T100007181Z_e407267f5160429bb1e8d9eb7b844d2c,,,1,219,2026-10-07T10:00:19.4978017Z,12.303414,9.538199,1514,1,0,WaitingForPhaseBoundary,0,0,TaskSwitchDisplay,1,,0,Source,1,1,Move1,Move1.PickupCoarseMove,1,1,0,0,9.405511,0.000000,0,0.050000,0.000000,9.364000,0.000000,-4.000000,0.000000,4.000000,0.000000,4.000000,0.000000,20.000000,250.000000,0,0.000000,1770.000000,,-1770.000000,0.000000,0.000000,0.000000,0,75.000000,70.000000,"{""stepId"":""Move1.PickupCoarseMove"",""displayName"":""吸着位置へ大まかに移動"",""majorPhase"":0,""completionConditions"":[{""conditionType"":1,""threshold"":0.5,""secondaryThreshold"":0.5},{""conditionType"":3,""threshold"":0.0,""secondaryThreshold"":0.0}],""requiredStableSeconds"":0.4000000059604645}",0.000000,0,1,0,1514,0.050000,0,1
20261007T100007181Z_e407267f5160429bb1e8d9eb7b844d2c,,,1,219,2026-10-07T10:00:19.4978017Z,12.303414,9.538199,1514,1,0,WaitingForPhaseBoundary,0,0,TaskSwitchDisplay,1,,1,Target,,1,Move1,,0,0,0,0,0.000000,0.000000,0,0.050000,20.000000,9.364000,0.000000,16.000000,19.000000,4.000000,-19.000000,4.000000,19.000000,40.000000,250.000000,0,0.000000,,,,0.000000,0.000000,0.000000,0,75.000000,70.000000,,,,,,,,,
20261007T100007181Z_e407267f5160429bb1e8d9eb7b844d2c,,,1,220,2026-10-07T10:00:19.5541226Z,12.360022,9.594253,1519,1,0,WaitingForPhaseBoundary,0,0,TaskSwitchDisplay,1,,0,Source,1,1,Move1,Move1.PickupCoarseMove,1,1,0,0,9.461565,0.000000,0,0.050000,0.000000,9.364000,0.000000,-4.000000,0.000000,4.000000,0.000000,4.000000,0.000000,20.000000,250.000000,0,0.000000,1770.000000,,-1770.000000,0.000000,0.000000,0.000000,0,75.000000,70.000000,"{""stepId"":""Move1.PickupCoarseMove"",""displayName"":""吸着位置へ大まかに移動"",""majorPhase"":0,""completionConditions"":[{""conditionType"":1,""threshold"":0.5,""secondaryThreshold"":0.5},{""conditionType"":3,""threshold"":0.0,""secondaryThreshold"":0.0}],""requiredStableSeconds"":0.4000000059604645}",0.000000,0,1,0,1519,0.050000,0,1
20261007T100007181Z_e407267f5160429bb1e8d9eb7b844d2c,,,1,220,2026-10-07T10:00:19.5541226Z,12.360022,9.594253,1519,1,0,WaitingForPhaseBoundary,0,0,TaskSwitchDisplay,1,,1,Target,,1,Move1,,0,0,0,0,0.000000,0.000000,0,0.050000,20.000000,9.364000,0.000000,16.000000,19.000000,4.000000,-19.000000,4.000000,19.000000,40.000000,250.000000,0,0.000000,,,,0.000000,0.000000,0.000000,0,75.000000,70.000000,,,,,,,,,
20261007T100007181Z_e407267f5160429bb1e8d9eb7b844d2c,,,1,221,2026-10-07T10:00:19.6126019Z,12.417731,9.652707,1524,1,0,WaitingForPhaseBoundary,0,0,TaskSwitchDisplay,1,,0,Source,1,1,Move1,Move1.PickupCoarseMove,1,1,0,0,9.520019,0.000000,0,0.050000,0.000000,9.364000,0.000000,-4.000000,0.000000,4.000000,0.000000,4.000000,0.000000,20.000000,250.000000,0,0.000000,1770.000000,,-1770.000000,0.000000,0.000000,0.000000,0,75.000000,70.000000,"{""stepId"":""Move1.PickupCoarseMove"",""displayName"":""吸着位置へ大まかに移動"",""majorPhase"":0,""completionConditions"":[{""conditionType"":1,""threshold"":0.5,""secondaryThreshold"":0.5},{""conditionType"":3,""threshold"":0.0,""secondaryThreshold"":0.0}],""requiredStableSeconds"":0.4000000059604645}",0.000000,0,1,0,1524,0.050000,0,1
20261007T100007181Z_e407267f5160429bb1e8d9eb7b844d2c,,,1,221,2026-10-07T10:00:19.6126019Z,12.417731,9.652707,1524,1,0,WaitingForPhaseBoundary,0,0,TaskSwitchDisplay,1,,1,Target,,1,Move1,,0,0,0,0,0.000000,0.000000,0,0.050000,20.000000,9.364000,0.000000,16.000000,19.000000,4.000000,-19.000000,4.000000,19.000000,40.000000,250.000000,0,0.000000,,,,0.000000,0.000000,0.000000,0,75.000000,70.000000,,,,,,,,,
20261007T100007181Z_e407267f5160429bb1e8d9eb7b844d2c,,,1,222,2026-10-07T10:00:19.6721528Z,12.477463,9.712379,1529,1,0,WaitingForPhaseBoundary,0,0,TaskSwitchDisplay,1,,0,Source,1,1,Move1,Move1.PickupCoarseMove,1,1,0,0,9.579692,0.000000,0,0.050000,0.000000,9.364000,0.000000,-4.000000,0.000000,4.000000,0.000000,4.000000,0.000000,20.000000,250.000000,0,0.000000,1770.000000,,-1770.000000,0.000000,0.000000,0.000000,0,75.000000,70.000000,"{""stepId"":""Move1.PickupCoarseMove"",""displayName"":""吸着位置へ大まかに移動"",""majorPhase"":0,""completionConditions"":[{""conditionType"":1,""threshold"":0.5,""secondaryThreshold"":0.5},{""conditionType"":3,""threshold"":0.0,""secondaryThreshold"":0.0}],""requiredStableSeconds"":0.4000000059604645}",0.000000,0,1,0,1529,0.050000,0,1
20261007T100007181Z_e407267f5160429bb1e8d9eb7b844d2c,,,1,222,2026-10-07T10:00:19.6721528Z,12.477463,9.712379,1529,1,0,WaitingForPhaseBoundary,0,0,TaskSwitchDisplay,1,,1,Target,,1,Move1,,0,0,0,0,0.000000,0.000000,0,0.050000,20.000000,9.364000,0.000000,16.000000,19.000000,4.000000,-19.000000,4.000000,19.000000,40.000000,250.000000,0,0.000000,,,,0.000000,0.000000,0.000000,0,75.000000,70.000000,,,,,,,,,
20261007T100007181Z_e407267f5160429bb1e8d9eb7b844d2c,,,1,223,2026-10-07T10:00:19.7318838Z,12.537314,9.772169,1534,1,0,WaitingForPhaseBoundary,0,0,TaskSwitchDisplay,1,,0,Source,1,1,Move1,Move1.PickupCoarseMove,1,1,0,0,9.639482,0.000000,0,0.050000,0.000000,9.364000,0.000000,-4.000000,0.000000,4.000000,0.000000,4.000000,0.000000,20.000000,250.000000,0,0.000000,1770.000000,,-1770.000000,0.000000,0.000000,0.000000,0,75.000000,70.000000,"{""stepId"":""Move1.PickupCoarseMove"",""displayName"":""吸着位置へ大まかに移動"",""majorPhase"":0,""completionConditions"":[{""conditionType"":1,""threshold"":0.5,""secondaryThreshold"":0.5},{""conditionType"":3,""threshold"":0.0,""secondaryThreshold"":0.0}],""requiredStableSeconds"":0.4000000059604645}",0.000000,0,1,0,1534,0.050000,0,1
20261007T100007181Z_e407267f5160429bb1e8d9eb7b844d2c,,,1,223,2026-10-07T10:00:19.7318838Z,12.537314,9.772169,1534,1,0,WaitingForPhaseBoundary,0,0,TaskSwitchDisplay,1,,1,Target,,1,Move1,,0,0,0,0,0.000000,0.000000,0,0.050000,20.000000,9.364000,0.000000,16.000000,19.000000,4.000000,-19.000000,4.000000,19.000000,40.000000,250.000000,0,0.000000,,,,0.000000,0.000000,0.000000,0,75.000000,70.000000,,,,,,,,,
20261007T100007181Z_e407267f5160429bb1e8d9eb7b844d2c,,,1,224,2026-10-07T10:00:19.7936144Z,12.599316,9.834184,1539,1,0,WaitingForPhaseBoundary,0,0,TaskSwitchDisplay,1,,0,Source,1,1,Move1,Move1.PickupCoarseMove,1,1,0,0,9.701497,0.000000,0,0.050000,0.000000,9.364000,0.000000,-4.000000,0.000000,4.000000,0.000000,4.000000,0.000000,20.000000,250.000000,0,0.000000,1770.000000,,-1770.000000,0.000000,0.000000,0.000000,0,75.000000,70.000000,"{""stepId"":""Move1.PickupCoarseMove"",""displayName"":""吸着位置へ大まかに移動"",""majorPhase"":0,""completionConditions"":[{""conditionType"":1,""threshold"":0.5,""secondaryThreshold"":0.5},{""conditionType"":3,""threshold"":0.0,""secondaryThreshold"":0.0}],""requiredStableSeconds"":0.4000000059604645}",0.000000,0,1,0,1539,0.050000,0,1
20261007T100007181Z_e407267f5160429bb1e8d9eb7b844d2c,,,1,224,2026-10-07T10:00:19.7936144Z,12.599316,9.834184,1539,1,0,WaitingForPhaseBoundary,0,0,TaskSwitchDisplay,1,,1,Target,,1,Move1,,0,0,0,0,0.000000,0.000000,0,0.050000,20.000000,9.364000,0.000000,16.000000,19.000000,4.000000,-19.000000,4.000000,19.000000,40.000000,250.000000,0,0.000000,,,,0.000000,0.000000,0.000000,0,75.000000,70.000000,,,,,,,,,
20261007T100007181Z_e407267f5160429bb1e8d9eb7b844d2c,,,1,225,2026-10-07T10:00:19.8439901Z,12.649459,9.883915,1543,1,0,WaitingForPhaseBoundary,0,0,TaskSwitchDisplay,1,,0,Source,1,1,Move1,Move1.PickupCoarseMove,1,1,0,0,9.751229,0.000000,0,0.050000,0.000000,9.364000,0.000000,-4.000000,0.000000,4.000000,0.000000,4.000000,0.000000,20.000000,250.000000,0,0.000000,1770.000000,,-1770.000000,0.000000,0.000000,0.000000,0,75.000000,70.000000,"{""stepId"":""Move1.PickupCoarseMove"",""displayName"":""吸着位置へ大まかに移動"",""majorPhase"":0,""completionConditions"":[{""conditionType"":1,""threshold"":0.5,""secondaryThreshold"":0.5},{""conditionType"":3,""threshold"":0.0,""secondaryThreshold"":0.0}],""requiredStableSeconds"":0.4000000059604645}",0.000000,0,1,0,1543,0.050000,0,1
20261007T100007181Z_e407267f5160429bb1e8d9eb7b844d2c,,,1,225,2026-10-07T10:00:19.8439901Z,12.649459,9.883915,1543,1,0,WaitingForPhaseBoundary,0,0,TaskSwitchDisplay,1,,1,Target,,1,Move1,,0,0,0,0,0.000000,0.000000,0,0.050000,20.000000,9.364000,0.000000,16.000000,19.000000,4.000000,-19.000000,4.000000,19.000000,40.000000,250.000000,0,0.000000,,,,0.000000,0.000000,0.000000,0,75.000000,70.000000,,,,,,,,,
20261007T100007181Z_e407267f5160429bb1e8d9eb7b844d2c,,,1,226,2026-10-07T10:00:19.9012214Z,12.706259,9.940783,1548,1,0,WaitingForPhaseBoundary,0,0,TaskSwitchDisplay,1,,0,Source,1,1,Move1,Move1.PickupCoarseMove,1,1,0,0,9.808095,0.000000,0,0.050000,0.000000,9.364000,0.000000,-4.000000,0.000000,4.000000,0.000000,4.000000,0.000000,20.000000,250.000000,0,0.000000,1770.000000,,-1770.000000,0.000000,0.000000,0.000000,0,75.000000,70.000000,"{""stepId"":""Move1.PickupCoarseMove"",""displayName"":""吸着位置へ大まかに移動"",""majorPhase"":0,""completionConditions"":[{""conditionType"":1,""threshold"":0.5,""secondaryThreshold"":0.5},{""conditionType"":3,""threshold"":0.0,""secondaryThreshold"":0.0}],""requiredStableSeconds"":0.4000000059604645}",0.000000,0,1,0,1548,0.050000,0,1
20261007T100007181Z_e407267f5160429bb1e8d9eb7b844d2c,,,1,226,2026-10-07T10:00:19.9012214Z,12.706259,9.940783,1548,1,0,WaitingForPhaseBoundary,0,0,TaskSwitchDisplay,1,,1,Target,,1,Move1,,0,0,0,0,0.000000,0.000000,0,0.050000,20.000000,9.364000,0.000000,16.000000,19.000000,4.000000,-19.000000,4.000000,19.000000,40.000000,250.000000,0,0.000000,,,,0.000000,0.000000,0.000000,0,75.000000,70.000000,,,,,,,,,
20261007T100007181Z_e407267f5160429bb1e8d9eb7b844d2c,,,1,227,2026-10-07T10:00:19.9520253Z,12.757719,9.992413,1553,1,0,WaitingForPhaseBoundary,0,0,TaskSwitchDisplay,1,,0,Source,1,1,Move1,Move1.PickupCoarseMove,1,1,0,0,9.859725,0.000000,0,0.050000,0.000000,9.364000,0.000000,-4.000000,0.000000,4.000000,0.000000,4.000000,0.000000,20.000000,250.000000,0,0.000000,1770.000000,,-1770.000000,0.000000,0.000000,0.000000,0,75.000000,70.000000,"{""stepId"":""Move1.PickupCoarseMove"",""displayName"":""吸着位置へ大まかに移動"",""majorPhase"":0,""completionConditions"":[{""conditionType"":1,""threshold"":0.5,""secondaryThreshold"":0.5},{""conditionType"":3,""threshold"":0.0,""secondaryThreshold"":0.0}],""requiredStableSeconds"":0.4000000059604645}",0.000000,0,1,0,1553,0.050000,0,1
20261007T100007181Z_e407267f5160429bb1e8d9eb7b844d2c,,,1,227,2026-10-07T10:00:19.9520253Z,12.757719,9.992413,1553,1,0,WaitingForPhaseBoundary,0,0,TaskSwitchDisplay,1,,1,Target,,1,Move1,,0,0,0,0,0.000000,0.000000,0,0.050000,20.000000,9.364000,0.000000,16.000000,19.000000,4.000000,-19.000000,4.000000,19.000000,40.000000,250.000000,0,0.000000,,,,0.000000,0.000000,0.000000,0,75.000000,70.000000,,,,,,,,,
20261007T100007181Z_e407267f5160429bb1e8d9eb7b844d2c,,,1,228,2026-10-07T10:00:20.0048657Z,12.810841,10.045152,1558,1,0,WaitingForPhaseBoundary,0,0,TaskSwitchDisplay,1,,0,Source,1,1,Move1,Move1.PickupCoarseMove,1,1,0,0,9.912464,0.000000,0,0.050000,0.000000,9.364000,0.000000,-4.000000,0.000000,4.000000,0.000000,4.000000,0.000000,20.000000,250.000000,0,0.000000,1770.000000,,-1770.000000,0.000000,0.000000,0.000000,0,75.000000,70.000000,"{""stepId"":""Move1.PickupCoarseMove"",""displayName"":""吸着位置へ大まかに移動"",""majorPhase"":0,""completionConditions"":[{""conditionType"":1,""threshold"":0.5,""secondaryThreshold"":0.5},{""conditionType"":3,""threshold"":0.0,""secondaryThreshold"":0.0}],""requiredStableSeconds"":0.4000000059604645}",0.000000,0,1,0,1558,0.050000,0,1
20261007T100007181Z_e407267f5160429bb1e8d9eb7b844d2c,,,1,228,2026-10-07T10:00:20.0048657Z,12.810841,10.045152,1558,1,0,WaitingForPhaseBoundary,0,0,TaskSwitchDisplay,1,,1,Target,,1,Move1,,0,0,0,0,0.000000,0.000000,0,0.050000,20.000000,9.364000,0.000000,16.000000,19.000000,4.000000,-19.000000,4.000000,19.000000,40.000000,250.000000,0,0.000000,,,,0.000000,0.000000,0.000000,0,75.000000,70.000000,,,,,,,,,
20261007T100007181Z_e407267f5160429bb1e8d9eb7b844d2c,,,1,229,2026-10-07T10:00:20.0647102Z,12.870956,10.104427,1563,1,0,WaitingForPhaseBoundary,0,0,TaskSwitchDisplay,1,,0,Source,1,1,Move1,Move1.PickupCoarseMove,1,1,0,0,9.971739,0.000000,0,0.050000,0.000000,9.364000,0.000000,-4.000000,0.000000,4.000000,0.000000,4.000000,0.000000,20.000000,250.000000,0,0.000000,1770.000000,,-1770.000000,0.000000,0.000000,0.000000,0,75.000000,70.000000,"{""stepId"":""Move1.PickupCoarseMove"",""displayName"":""吸着位置へ大まかに移動"",""majorPhase"":0,""completionConditions"":[{""conditionType"":1,""threshold"":0.5,""secondaryThreshold"":0.5},{""conditionType"":3,""threshold"":0.0,""secondaryThreshold"":0.0}],""requiredStableSeconds"":0.4000000059604645}",0.000000,0,1,0,1563,0.050000,0,1
20261007T100007181Z_e407267f5160429bb1e8d9eb7b844d2c,,,1,229,2026-10-07T10:00:20.0647102Z,12.870956,10.104427,1563,1,0,WaitingForPhaseBoundary,0,0,TaskSwitchDisplay,1,,1,Target,,1,Move1,,0,0,0,0,0.000000,0.000000,0,0.050000,20.000000,9.364000,0.000000,16.000000,19.000000,4.000000,-19.000000,4.000000,19.000000,40.000000,250.000000,0,0.000000,,,,0.000000,0.000000,0.000000,0,75.000000,70.000000,,,,,,,,,
20261007T100007181Z_e407267f5160429bb1e8d9eb7b844d2c,,,1,230,2026-10-07T10:00:20.1225697Z,12.927801,10.162288,1568,1,0,WaitingForPhaseBoundary,0,0,TaskSwitchDisplay,1,,0,Source,1,1,Move1,Move1.PickupCoarseMove,1,1,0,0,10.029599,0.000000,0,0.050000,0.000000,9.364000,0.000000,-4.000000,0.000000,4.000000,0.000000,4.000000,0.000000,20.000000,250.000000,0,0.000000,1770.000000,,-1770.000000,0.000000,0.000000,0.000000,0,75.000000,70.000000,"{""stepId"":""Move1.PickupCoarseMove"",""displayName"":""吸着位置へ大まかに移動"",""majorPhase"":0,""completionConditions"":[{""conditionType"":1,""threshold"":0.5,""secondaryThreshold"":0.5},{""conditionType"":3,""threshold"":0.0,""secondaryThreshold"":0.0}],""requiredStableSeconds"":0.4000000059604645}",0.000000,0,1,0,1568,0.050000,0,1
20261007T100007181Z_e407267f5160429bb1e8d9eb7b844d2c,,,1,230,2026-10-07T10:00:20.1225697Z,12.927801,10.162288,1568,1,0,WaitingForPhaseBoundary,0,0,TaskSwitchDisplay,1,,1,Target,,1,Move1,,0,0,0,0,0.000000,0.000000,0,0.050000,20.000000,9.364000,0.000000,16.000000,19.000000,4.000000,-19.000000,4.000000,19.000000,40.000000,250.000000,0,0.000000,,,,0.000000,0.000000,0.000000,0,75.000000,70.000000,,,,,,,,,
20261007T100007181Z_e407267f5160429bb1e8d9eb7b844d2c,,,1,231,2026-10-07T10:00:20.1755748Z,12.980791,10.215569,1573,1,0,WaitingForPhaseBoundary,0,0,TaskSwitchDisplay,1,,0,Source,1,1,Move1,Move1.PickupCoarseMove,1,1,0,0,10.082880,0.000000,0,0.050000,0.000000,9.364000,0.000000,-4.000000,0.000000,4.000000,0.000000,4.000000,0.000000,20.000000,250.000000,0,0.000000,1770.000000,,-1770.000000,0.000000,0.000000,0.000000,0,75.000000,70.000000,"{""stepId"":""Move1.PickupCoarseMove"",""displayName"":""吸着位置へ大まかに移動"",""majorPhase"":0,""completionConditions"":[{""conditionType"":1,""threshold"":0.5,""secondaryThreshold"":0.5},{""conditionType"":3,""threshold"":0.0,""secondaryThreshold"":0.0}],""requiredStableSeconds"":0.4000000059604645}",0.000000,0,1,0,1573,0.050000,0,1
20261007T100007181Z_e407267f5160429bb1e8d9eb7b844d2c,,,1,231,2026-10-07T10:00:20.1755748Z,12.980791,10.215569,1573,1,0,WaitingForPhaseBoundary,0,0,TaskSwitchDisplay,1,,1,Target,,1,Move1,,0,0,0,0,0.000000,0.000000,0,0.050000,20.000000,9.364000,0.000000,16.000000,19.000000,4.000000,-19.000000,4.000000,19.000000,40.000000,250.000000,0,0.000000,,,,0.000000,0.000000,0.000000,0,75.000000,70.000000,,,,,,,,,
20261007T100007181Z_e407267f5160429bb1e8d9eb7b844d2c,,,1,232,2026-10-07T10:00:20.2283094Z,13.034057,10.268505,1578,1,0,WaitingForPhaseBoundary,0,0,TaskSwitchDisplay,1,,0,Source,1,1,Move1,Move1.PickupCoarseMove,1,1,0,0,10.135816,0.000000,0,0.050000,0.000000,9.364000,0.000000,-4.000000,0.000000,4.000000,0.000000,4.000000,0.000000,20.000000,250.000000,0,0.000000,1770.000000,,-1770.000000,0.000000,0.000000,0.000000,0,75.000000,70.000000,"{""stepId"":""Move1.PickupCoarseMove"",""displayName"":""吸着位置へ大まかに移動"",""majorPhase"":0,""completionConditions"":[{""conditionType"":1,""threshold"":0.5,""secondaryThreshold"":0.5},{""conditionType"":3,""threshold"":0.0,""secondaryThreshold"":0.0}],""requiredStableSeconds"":0.4000000059604645}",0.000000,0,1,0,1578,0.050000,0,1
20261007T100007181Z_e407267f5160429bb1e8d9eb7b844d2c,,,1,232,2026-10-07T10:00:20.2283094Z,13.034057,10.268505,1578,1,0,WaitingForPhaseBoundary,0,0,TaskSwitchDisplay,1,,1,Target,,1,Move1,,0,0,0,0,0.000000,0.000000,0,0.050000,20.000000,9.364000,0.000000,16.000000,19.000000,4.000000,-19.000000,4.000000,19.000000,40.000000,250.000000,0,0.000000,,,,0.000000,0.000000,0.000000,0,75.000000,70.000000,,,,,,,,,
20261007T100007181Z_e407267f5160429bb1e8d9eb7b844d2c,,,1,233,2026-10-07T10:00:20.2824434Z,13.087544,10.322108,1583,1,0,WaitingForPhaseBoundary,0,0,TaskSwitchDisplay,1,,0,Source,1,1,Move1,Move1.PickupCoarseMove,1,1,0,0,10.189420,0.000000,0,0.050000,0.000000,9.364000,0.000000,-4.000000,0.000000,4.000000,0.000000,4.000000,0.000000,20.000000,250.000000,0,0.000000,1770.000000,,-1770.000000,0.000000,0.000000,0.000000,0,75.000000,70.000000,"{""stepId"":""Move1.PickupCoarseMove"",""displayName"":""吸着位置へ大まかに移動"",""majorPhase"":0,""completionConditions"":[{""conditionType"":1,""threshold"":0.5,""secondaryThreshold"":0.5},{""conditionType"":3,""threshold"":0.0,""secondaryThreshold"":0.0}],""requiredStableSeconds"":0.4000000059604645}",0.000000,0,1,0,1583,0.050000,0,1
20261007T100007181Z_e407267f5160429bb1e8d9eb7b844d2c,,,1,233,2026-10-07T10:00:20.2824434Z,13.087544,10.322108,1583,1,0,WaitingForPhaseBoundary,0,0,TaskSwitchDisplay,1,,1,Target,,1,Move1,,0,0,0,0,0.000000,0.000000,0,0.050000,20.000000,9.364000,0.000000,16.000000,19.000000,4.000000,-19.000000,4.000000,19.000000,40.000000,250.000000,0,0.000000,,,,0.000000,0.000000,0.000000,0,75.000000,70.000000,,,,,,,,,
20261007T100007181Z_e407267f5160429bb1e8d9eb7b844d2c,,,1,234,2026-10-07T10:00:20.3380032Z,13.143171,10.377920,1588,1,0,WaitingForPhaseBoundary,0,0,TaskSwitchDisplay,1,,0,Source,1,1,Move1,Move1.PickupCoarseMove,1,1,0,0,10.245233,0.000000,0,0.050000,0.000000,9.364000,0.000000,-4.000000,0.000000,4.000000,0.000000,4.000000,0.000000,20.000000,250.000000,0,0.000000,1770.000000,,-1770.000000,0.000000,0.000000,0.000000,0,75.000000,70.000000,"{""stepId"":""Move1.PickupCoarseMove"",""displayName"":""吸着位置へ大まかに移動"",""majorPhase"":0,""completionConditions"":[{""conditionType"":1,""threshold"":0.5,""secondaryThreshold"":0.5},{""conditionType"":3,""threshold"":0.0,""secondaryThreshold"":0.0}],""requiredStableSeconds"":0.4000000059604645}",0.000000,0,1,0,1588,0.050000,0,1
20261007T100007181Z_e407267f5160429bb1e8d9eb7b844d2c,,,1,234,2026-10-07T10:00:20.3380032Z,13.143171,10.377920,1588,1,0,WaitingForPhaseBoundary,0,0,TaskSwitchDisplay,1,,1,Target,,1,Move1,,0,0,0,0,0.000000,0.000000,0,0.050000,20.000000,9.364000,0.000000,16.000000,19.000000,4.000000,-19.000000,4.000000,19.000000,40.000000,250.000000,0,0.000000,,,,0.000000,0.000000,0.000000,0,75.000000,70.000000,,,,,,,,,
20261007T100007181Z_e407267f5160429bb1e8d9eb7b844d2c,,,1,235,2026-10-07T10:00:20.3893597Z,13.195521,10.429742,1593,1,0,WaitingForPhaseBoundary,0,0,TaskSwitchDisplay,1,,0,Source,1,1,Move1,Move1.PickupCoarseMove,1,1,0,0,10.297054,0.000000,0,0.050000,0.000000,9.364000,0.000000,-4.000000,0.000000,4.000000,0.000000,4.000000,0.000000,20.000000,250.000000,0,0.000000,1770.000000,,-1770.000000,0.000000,0.000000,0.000000,0,75.000000,70.000000,"{""stepId"":""Move1.PickupCoarseMove"",""displayName"":""吸着位置へ大まかに移動"",""majorPhase"":0,""completionConditions"":[{""conditionType"":1,""threshold"":0.5,""secondaryThreshold"":0.5},{""conditionType"":3,""threshold"":0.0,""secondaryThreshold"":0.0}],""requiredStableSeconds"":0.4000000059604645}",0.000000,0,1,0,1593,0.050000,0,1
20261007T100007181Z_e407267f5160429bb1e8d9eb7b844d2c,,,1,235,2026-10-07T10:00:20.3893597Z,13.195521,10.429742,1593,1,0,WaitingForPhaseBoundary,0,0,TaskSwitchDisplay,1,,1,Target,,1,Move1,,0,0,0,0,0.000000,0.000000,0,0.050000,20.000000,9.364000,0.000000,16.000000,19.000000,4.000000,-19.000000,4.000000,19.000000,40.000000,250.000000,0,0.000000,,,,0.000000,0.000000,0.000000,0,75.000000,70.000000,,,,,,,,,
20261007T100007181Z_e407267f5160429bb1e8d9eb7b844d2c,,,1,236,2026-10-07T10:00:20.4448377Z,13.250007,10.484291,1598,1,0,WaitingForPhaseBoundary,0,0,TaskSwitchDisplay,1,,0,Source,1,1,Move1,Move1.PickupCoarseMove,1,1,0,0,10.351603,0.000000,0,0.050000,0.000000,9.364000,0.000000,-4.000000,0.000000,4.000000,0.000000,4.000000,0.000000,20.000000,250.000000,0,0.000000,1770.000000,,-1770.000000,0.000000,0.000000,0.000000,0,75.000000,70.000000,"{""stepId"":""Move1.PickupCoarseMove"",""displayName"":""吸着位置へ大まかに移動"",""majorPhase"":0,""completionConditions"":[{""conditionType"":1,""threshold"":0.5,""secondaryThreshold"":0.5},{""conditionType"":3,""threshold"":0.0,""secondaryThreshold"":0.0}],""requiredStableSeconds"":0.4000000059604645}",0.000000,0,1,0,1598,0.050000,0,1
20261007T100007181Z_e407267f5160429bb1e8d9eb7b844d2c,,,1,236,2026-10-07T10:00:20.4448377Z,13.250007,10.484291,1598,1,0,WaitingForPhaseBoundary,0,0,TaskSwitchDisplay,1,,1,Target,,1,Move1,,0,0,0,0,0.000000,0.000000,0,0.050000,20.000000,9.364000,0.000000,16.000000,19.000000,4.000000,-19.000000,4.000000,19.000000,40.000000,250.000000,0,0.000000,,,,0.000000,0.000000,0.000000,0,75.000000,70.000000,,,,,,,,,
20261007T100007181Z_e407267f5160429bb1e8d9eb7b844d2c,,,1,237,2026-10-07T10:00:20.4984906Z,13.303500,10.538485,1603,1,0,WaitingForPhaseBoundary,0,0,TaskSwitchDisplay,1,,0,Source,1,1,Move1,Move1.PickupCoarseMove,1,1,0,0,10.405796,0.000000,0,0.050000,0.000000,9.364000,0.000000,-4.000000,0.000000,4.000000,0.000000,4.000000,0.000000,20.000000,250.000000,0,0.000000,1770.000000,,-1770.000000,0.000000,0.000000,0.000000,0,75.000000,70.000000,"{""stepId"":""Move1.PickupCoarseMove"",""displayName"":""吸着位置へ大まかに移動"",""majorPhase"":0,""completionConditions"":[{""conditionType"":1,""threshold"":0.5,""secondaryThreshold"":0.5},{""conditionType"":3,""threshold"":0.0,""secondaryThreshold"":0.0}],""requiredStableSeconds"":0.4000000059604645}",0.000000,0,1,0,1603,0.050000,0,1
20261007T100007181Z_e407267f5160429bb1e8d9eb7b844d2c,,,1,237,2026-10-07T10:00:20.4984906Z,13.303500,10.538485,1603,1,0,WaitingForPhaseBoundary,0,0,TaskSwitchDisplay,1,,1,Target,,1,Move1,,0,0,0,0,0.000000,0.000000,0,0.050000,20.000000,9.364000,0.000000,16.000000,19.000000,4.000000,-19.000000,4.000000,19.000000,40.000000,250.000000,0,0.000000,,,,0.000000,0.000000,0.000000,0,75.000000,70.000000,,,,,,,,,
20261007T100007181Z_e407267f5160429bb1e8d9eb7b844d2c,,,1,238,2026-10-07T10:00:20.5520309Z,13.357099,10.591730,1608,1,0,WaitingForPhaseBoundary,0,0,TaskSwitchDisplay,1,,0,Source,1,1,Move1,Move1.PickupCoarseMove,1,1,0,0,10.459042,0.000000,0,0.050000,0.000000,9.364000,0.000000,-4.000000,0.000000,4.000000,0.000000,4.000000,0.000000,20.000000,250.000000,0,0.000000,1770.000000,,-1770.000000,0.000000,0.000000,0.000000,0,75.000000,70.000000,"{""stepId"":""Move1.PickupCoarseMove"",""displayName"":""吸着位置へ大まかに移動"",""majorPhase"":0,""completionConditions"":[{""conditionType"":1,""threshold"":0.5,""secondaryThreshold"":0.5},{""conditionType"":3,""threshold"":0.0,""secondaryThreshold"":0.0}],""requiredStableSeconds"":0.4000000059604645}",0.000000,0,1,0,1608,0.050000,0,1
20261007T100007181Z_e407267f5160429bb1e8d9eb7b844d2c,,,1,238,2026-10-07T10:00:20.5520309Z,13.357099,10.591730,1608,1,0,WaitingForPhaseBoundary,0,0,TaskSwitchDisplay,1,,1,Target,,1,Move1,,0,0,0,0,0.000000,0.000000,0,0.050000,20.000000,9.364000,0.000000,16.000000,19.000000,4.000000,-19.000000,4.000000,19.000000,40.000000,250.000000,0,0.000000,,,,0.000000,0.000000,0.000000,0,75.000000,70.000000,,,,,,,,,
20261007T100007181Z_e407267f5160429bb1e8d9eb7b844d2c,,,1,239,2026-10-07T10:00:20.6048741Z,13.410118,10.644651,1613,1,0,WaitingForPhaseBoundary,0,0,TaskSwitchDisplay,1,,0,Source,1,1,Move1,Move1.PickupCoarseMove,1,1,0,0,10.511962,0.000000,0,0.050000,0.000000,9.364000,0.000000,-4.000000,0.000000,4.000000,0.000000,4.000000,0.000000,20.000000,250.000000,0,0.000000,1770.000000,,-1770.000000,0.000000,0.000000,0.000000,0,75.000000,70.000000,"{""stepId"":""Move1.PickupCoarseMove"",""displayName"":""吸着位置へ大まかに移動"",""majorPhase"":0,""completionConditions"":[{""conditionType"":1,""threshold"":0.5,""secondaryThreshold"":0.5},{""conditionType"":3,""threshold"":0.0,""secondaryThreshold"":0.0}],""requiredStableSeconds"":0.4000000059604645}",0.000000,0,1,0,1613,0.050000,0,1
20261007T100007181Z_e407267f5160429bb1e8d9eb7b844d2c,,,1,239,2026-10-07T10:00:20.6048741Z,13.410118,10.644651,1613,1,0,WaitingForPhaseBoundary,0,0,TaskSwitchDisplay,1,,1,Target,,1,Move1,,0,0,0,0,0.000000,0.000000,0,0.050000,20.000000,9.364000,0.000000,16.000000,19.000000,4.000000,-19.000000,4.000000,19.000000,40.000000,250.000000,0,0.000000,,,,0.000000,0.000000,0.000000,0,75.000000,70.000000,,,,,,,,,
20261007T100007181Z_e407267f5160429bb1e8d9eb7b844d2c,,,1,240,2026-10-07T10:00:20.6638721Z,13.469578,10.704152,1619,1,0,WaitingForPhaseBoundary,0,0,TaskSwitchDisplay,1,,0,Source,1,1,Move1,Move1.PickupCoarseMove,1,1,0,0,10.571463,0.000000,0,0.050000,0.000000,9.364000,0.000000,-4.000000,0.000000,4.000000,0.000000,4.000000,0.000000,20.000000,250.000000,0,0.000000,1770.000000,,-1770.000000,0.000000,0.000000,0.000000,0,75.000000,70.000000,"{""stepId"":""Move1.PickupCoarseMove"",""displayName"":""吸着位置へ大まかに移動"",""majorPhase"":0,""completionConditions"":[{""conditionType"":1,""threshold"":0.5,""secondaryThreshold"":0.5},{""conditionType"":3,""threshold"":0.0,""secondaryThreshold"":0.0}],""requiredStableSeconds"":0.4000000059604645}",0.000000,0,1,0,1619,0.050000,0,1
20261007T100007181Z_e407267f5160429bb1e8d9eb7b844d2c,,,1,240,2026-10-07T10:00:20.6638721Z,13.469578,10.704152,1619,1,0,WaitingForPhaseBoundary,0,0,TaskSwitchDisplay,1,,1,Target,,1,Move1,,0,0,0,0,0.000000,0.000000,0,0.050000,20.000000,9.364000,0.000000,16.000000,19.000000,4.000000,-19.000000,4.000000,19.000000,40.000000,250.000000,0,0.000000,,,,0.000000,0.000000,0.000000,0,75.000000,70.000000,,,,,,,,,
20261007T100007181Z_e407267f5160429bb1e8d9eb7b844d2c,,,1,241,2026-10-07T10:00:20.7212563Z,13.526528,10.760926,1624,1,0,WaitingForPhaseBoundary,0,0,TaskSwitchDisplay,1,,0,Source,1,1,Move1,Move1.PickupCoarseMove,1,1,0,0,10.628237,0.000000,0,0.050000,0.000000,9.364000,0.000000,-4.000000,0.000000,4.000000,0.000000,4.000000,0.000000,20.000000,250.000000,0,0.000000,1770.000000,,-1770.000000,0.000000,0.000000,0.000000,0,75.000000,70.000000,"{""stepId"":""Move1.PickupCoarseMove"",""displayName"":""吸着位置へ大まかに移動"",""majorPhase"":0,""completionConditions"":[{""conditionType"":1,""threshold"":0.5,""secondaryThreshold"":0.5},{""conditionType"":3,""threshold"":0.0,""secondaryThreshold"":0.0}],""requiredStableSeconds"":0.4000000059604645}",0.000000,0,1,0,1624,0.050000,0,1
20261007T100007181Z_e407267f5160429bb1e8d9eb7b844d2c,,,1,241,2026-10-07T10:00:20.7212563Z,13.526528,10.760926,1624,1,0,WaitingForPhaseBoundary,0,0,TaskSwitchDisplay,1,,1,Target,,1,Move1,,0,0,0,0,0.000000,0.000000,0,0.050000,20.000000,9.364000,0.000000,16.000000,19.000000,4.000000,-19.000000,4.000000,19.000000,40.000000,250.000000,0,0.000000,,,,0.000000,0.000000,0.000000,0,75.000000,70.000000,,,,,,,,,
20261007T100007181Z_e407267f5160429bb1e8d9eb7b844d2c,,,1,242,2026-10-07T10:00:20.7778859Z,13.583002,10.818065,1629,1,0,WaitingForPhaseBoundary,0,0,TaskSwitchDisplay,1,,0,Source,1,1,Move1,Move1.PickupCoarseMove,1,1,0,0,10.685375,0.000000,0,0.050000,0.000000,9.364000,0.000000,-4.000000,0.000000,4.000000,0.000000,4.000000,0.000000,20.000000,250.000000,0,0.000000,1770.000000,,-1770.000000,0.000000,0.000000,0.000000,0,75.000000,70.000000,"{""stepId"":""Move1.PickupCoarseMove"",""displayName"":""吸着位置へ大まかに移動"",""majorPhase"":0,""completionConditions"":[{""conditionType"":1,""threshold"":0.5,""secondaryThreshold"":0.5},{""conditionType"":3,""threshold"":0.0,""secondaryThreshold"":0.0}],""requiredStableSeconds"":0.4000000059604645}",0.000000,0,1,0,1629,0.050000,0,1
20261007T100007181Z_e407267f5160429bb1e8d9eb7b844d2c,,,1,242,2026-10-07T10:00:20.7778859Z,13.583002,10.818065,1629,1,0,WaitingForPhaseBoundary,0,0,TaskSwitchDisplay,1,,1,Target,,1,Move1,,0,0,0,0,0.000000,0.000000,0,0.050000,20.000000,9.364000,0.000000,16.000000,19.000000,4.000000,-19.000000,4.000000,19.000000,40.000000,250.000000,0,0.000000,,,,0.000000,0.000000,0.000000,0,75.000000,70.000000,,,,,,,,,
20261007T100007181Z_e407267f5160429bb1e8d9eb7b844d2c,,,1,243,2026-10-07T10:00:20.8339034Z,13.639605,10.874319,1634,1,0,WaitingForPhaseBoundary,0,0,TaskSwitchDisplay,1,,0,Source,1,1,Move1,Move1.PickupCoarseMove,1,1,0,0,10.741630,0.000000,0,0.050000,0.000000,9.364000,0.000000,-4.000000,0.000000,4.000000,0.000000,4.000000,0.000000,20.000000,250.000000,0,0.000000,1770.000000,,-1770.000000,0.000000,0.000000,0.000000,0,75.000000,70.000000,"{""stepId"":""Move1.PickupCoarseMove"",""displayName"":""吸着位置へ大まかに移動"",""majorPhase"":0,""completionConditions"":[{""conditionType"":1,""threshold"":0.5,""secondaryThreshold"":0.5},{""conditionType"":3,""threshold"":0.0,""secondaryThreshold"":0.0}],""requiredStableSeconds"":0.4000000059604645}",0.000000,0,1,0,1634,0.050000,0,1
20261007T100007181Z_e407267f5160429bb1e8d9eb7b844d2c,,,1,243,2026-10-07T10:00:20.8339034Z,13.639605,10.874319,1634,1,0,WaitingForPhaseBoundary,0,0,TaskSwitchDisplay,1,,1,Target,,1,Move1,,0,0,0,0,0.000000,0.000000,0,0.050000,20.000000,9.364000,0.000000,16.000000,19.000000,4.000000,-19.000000,4.000000,19.000000,40.000000,250.000000,0,0.000000,,,,0.000000,0.000000,0.000000,0,75.000000,70.000000,,,,,,,,,
20261007T100007181Z_e407267f5160429bb1e8d9eb7b844d2c,,,1,244,2026-10-07T10:00:20.8865582Z,13.692012,10.926358,1638,1,0,WaitingForPhaseBoundary,0,0,TaskSwitchDisplay,1,,0,Source,1,1,Move1,Move1.PickupCoarseMove,1,1,0,0,10.793668,0.000000,0,0.050000,0.000000,9.364000,0.000000,-4.000000,0.000000,4.000000,0.000000,4.000000,0.000000,20.000000,250.000000,0,0.000000,1770.000000,,-1770.000000,0.000000,0.000000,0.000000,0,75.000000,70.000000,"{""stepId"":""Move1.PickupCoarseMove"",""displayName"":""吸着位置へ大まかに移動"",""majorPhase"":0,""completionConditions"":[{""conditionType"":1,""threshold"":0.5,""secondaryThreshold"":0.5},{""conditionType"":3,""threshold"":0.0,""secondaryThreshold"":0.0}],""requiredStableSeconds"":0.4000000059604645}",0.000000,0,1,0,1638,0.050000,0,1
20261007T100007181Z_e407267f5160429bb1e8d9eb7b844d2c,,,1,244,2026-10-07T10:00:20.8865582Z,13.692012,10.926358,1638,1,0,WaitingForPhaseBoundary,0,0,TaskSwitchDisplay,1,,1,Target,,1,Move1,,0,0,0,0,0.000000,0.000000,0,0.050000,20.000000,9.364000,0.000000,16.000000,19.000000,4.000000,-19.000000,4.000000,19.000000,40.000000,250.000000,0,0.000000,,,,0.000000,0.000000,0.000000,0,75.000000,70.000000,,,,,,,,,
20261007T100007181Z_e407267f5160429bb1e8d9eb7b844d2c,,,1,245,2026-10-07T10:00:20.9449110Z,13.750336,10.984783,1643,1,0,WaitingForPhaseBoundary,0,0,TaskSwitchDisplay,1,,0,Source,1,1,Move1,Move1.PickupCoarseMove,1,1,0,0,10.852093,0.000000,0,0.050000,0.000000,9.364000,0.000000,-4.000000,0.000000,4.000000,0.000000,4.000000,0.000000,20.000000,250.000000,0,0.000000,1770.000000,,-1770.000000,0.000000,0.000000,0.000000,0,75.000000,70.000000,"{""stepId"":""Move1.PickupCoarseMove"",""displayName"":""吸着位置へ大まかに移動"",""majorPhase"":0,""completionConditions"":[{""conditionType"":1,""threshold"":0.5,""secondaryThreshold"":0.5},{""conditionType"":3,""threshold"":0.0,""secondaryThreshold"":0.0}],""requiredStableSeconds"":0.4000000059604645}",0.000000,0,1,0,1643,0.050000,0,1
20261007T100007181Z_e407267f5160429bb1e8d9eb7b844d2c,,,1,245,2026-10-07T10:00:20.9449110Z,13.750336,10.984783,1643,1,0,WaitingForPhaseBoundary,0,0,TaskSwitchDisplay,1,,1,Target,,1,Move1,,0,0,0,0,0.000000,0.000000,0,0.050000,20.000000,9.364000,0.000000,16.000000,19.000000,4.000000,-19.000000,4.000000,19.000000,40.000000,250.000000,0,0.000000,,,,0.000000,0.000000,0.000000,0,75.000000,70.000000,,,,,,,,,
20261007T100007181Z_e407267f5160429bb1e8d9eb7b844d2c,,,1,246,2026-10-07T10:00:21.0044185Z,13.809898,11.043633,1648,1,0,WaitingForPhaseBoundary,0,0,TaskSwitchDisplay,1,,0,Source,1,1,Move1,Move1.PickupCoarseMove,1,1,0,0,10.910942,0.000000,0,0.050000,0.000000,9.364000,0.000000,-4.000000,0.000000,4.000000,0.000000,4.000000,0.000000,20.000000,250.000000,0,0.000000,1770.000000,,-1770.000000,0.000000,0.000000,0.000000,0,75.000000,70.000000,"{""stepId"":""Move1.PickupCoarseMove"",""displayName"":""吸着位置へ大まかに移動"",""majorPhase"":0,""completionConditions"":[{""conditionType"":1,""threshold"":0.5,""secondaryThreshold"":0.5},{""conditionType"":3,""threshold"":0.0,""secondaryThreshold"":0.0}],""requiredStableSeconds"":0.4000000059604645}",0.000000,0,1,0,1648,0.050000,0,1
20261007T100007181Z_e407267f5160429bb1e8d9eb7b844d2c,,,1,246,2026-10-07T10:00:21.0044185Z,13.809898,11.043633,1648,1,0,WaitingForPhaseBoundary,0,0,TaskSwitchDisplay,1,,1,Target,,1,Move1,,0,0,0,0,0.000000,0.000000,0,0.050000,20.000000,9.364000,0.000000,16.000000,19.000000,4.000000,-19.000000,4.000000,19.000000,40.000000,250.000000,0,0.000000,,,,0.000000,0.000000,0.000000,0,75.000000,70.000000,,,,,,,,,
20261007T100007181Z_e407267f5160429bb1e8d9eb7b844d2c,,,1,247,2026-10-07T10:00:21.0610965Z,13.866324,11.100863,1653,1,0,WaitingForPhaseBoundary,0,0,TaskSwitchDisplay,1,,0,Source,1,1,Move1,Move1.PickupCoarseMove,1,1,0,0,10.968173,0.000000,0,0.050000,0.000000,9.364000,0.000000,-4.000000,0.000000,4.000000,0.000000,4.000000,0.000000,20.000000,250.000000,0,0.000000,1770.000000,,-1770.000000,0.000000,0.000000,0.000000,0,75.000000,70.000000,"{""stepId"":""Move1.PickupCoarseMove"",""displayName"":""吸着位置へ大まかに移動"",""majorPhase"":0,""completionConditions"":[{""conditionType"":1,""threshold"":0.5,""secondaryThreshold"":0.5},{""conditionType"":3,""threshold"":0.0,""secondaryThreshold"":0.0}],""requiredStableSeconds"":0.4000000059604645}",0.000000,0,1,0,1653,0.050000,0,1
20261007T100007181Z_e407267f5160429bb1e8d9eb7b844d2c,,,1,247,2026-10-07T10:00:21.0610965Z,13.866324,11.100863,1653,1,0,WaitingForPhaseBoundary,0,0,TaskSwitchDisplay,1,,1,Target,,1,Move1,,0,0,0,0,0.000000,0.000000,0,0.050000,20.000000,9.364000,0.000000,16.000000,19.000000,4.000000,-19.000000,4.000000,19.000000,40.000000,250.000000,0,0.000000,,,,0.000000,0.000000,0.000000,0,75.000000,70.000000,,,,,,,,,
20261007T100007181Z_e407267f5160429bb1e8d9eb7b844d2c,,,1,248,2026-10-07T10:00:21.1143068Z,13.919480,11.154186,1658,1,0,WaitingForPhaseBoundary,0,0,TaskSwitchDisplay,1,,0,Source,1,1,Move1,Move1.PickupCoarseMove,1,1,0,0,11.021497,0.000000,0,0.050000,0.000000,9.364000,0.000000,-4.000000,0.000000,4.000000,0.000000,4.000000,0.000000,20.000000,250.000000,0,0.000000,1770.000000,,-1770.000000,0.000000,0.000000,0.000000,0,75.000000,70.000000,"{""stepId"":""Move1.PickupCoarseMove"",""displayName"":""吸着位置へ大まかに移動"",""majorPhase"":0,""completionConditions"":[{""conditionType"":1,""threshold"":0.5,""secondaryThreshold"":0.5},{""conditionType"":3,""threshold"":0.0,""secondaryThreshold"":0.0}],""requiredStableSeconds"":0.4000000059604645}",0.000000,0,1,0,1658,0.050000,0,1
20261007T100007181Z_e407267f5160429bb1e8d9eb7b844d2c,,,1,248,2026-10-07T10:00:21.1143068Z,13.919480,11.154186,1658,1,0,WaitingForPhaseBoundary,0,0,TaskSwitchDisplay,1,,1,Target,,1,Move1,,0,0,0,0,0.000000,0.000000,0,0.050000,20.000000,9.364000,0.000000,16.000000,19.000000,4.000000,-19.000000,4.000000,19.000000,40.000000,250.000000,0,0.000000,,,,0.000000,0.000000,0.000000,0,75.000000,70.000000,,,,,,,,,
20261007T100007181Z_e407267f5160429bb1e8d9eb7b844d2c,,,1,249,2026-10-07T10:00:21.1674668Z,13.973456,11.207467,1663,1,0,WaitingForPhaseBoundary,0,0,TaskSwitchDisplay,1,,0,Source,1,1,Move1,Move1.PickupCoarseMove,1,1,0,0,11.074778,0.000000,0,0.050000,0.000000,9.364000,0.000000,-4.000000,0.000000,4.000000,0.000000,4.000000,0.000000,20.000000,250.000000,0,0.000000,1770.000000,,-1770.000000,0.000000,0.000000,0.000000,0,75.000000,70.000000,"{""stepId"":""Move1.PickupCoarseMove"",""displayName"":""吸着位置へ大まかに移動"",""majorPhase"":0,""completionConditions"":[{""conditionType"":1,""threshold"":0.5,""secondaryThreshold"":0.5},{""conditionType"":3,""threshold"":0.0,""secondaryThreshold"":0.0}],""requiredStableSeconds"":0.4000000059604645}",0.000000,0,1,0,1663,0.050000,0,1
20261007T100007181Z_e407267f5160429bb1e8d9eb7b844d2c,,,1,249,2026-10-07T10:00:21.1674668Z,13.973456,11.207467,1663,1,0,WaitingForPhaseBoundary,0,0,TaskSwitchDisplay,1,,1,Target,,1,Move1,,0,0,0,0,0.000000,0.000000,0,0.050000,20.000000,9.364000,0.000000,16.000000,19.000000,4.000000,-19.000000,4.000000,19.000000,40.000000,250.000000,0,0.000000,,,,0.000000,0.000000,0.000000,0,75.000000,70.000000,,,,,,,,,
20261007T100007181Z_e407267f5160429bb1e8d9eb7b844d2c,,,1,250,2026-10-07T10:00:21.2242752Z,14.029583,11.263550,1667,1,0,WaitingForPhaseBoundary,0,0,TaskSwitchDisplay,1,,0,Source,1,1,Move1,Move1.PickupCoarseMove,1,1,0,0,11.130859,0.000000,0,0.050000,0.000000,9.364000,0.000000,-4.000000,0.000000,4.000000,0.000000,4.000000,0.000000,20.000000,250.000000,0,0.000000,1770.000000,,-1770.000000,0.000000,0.000000,0.000000,0,75.000000,70.000000,"{""stepId"":""Move1.PickupCoarseMove"",""displayName"":""吸着位置へ大まかに移動"",""majorPhase"":0,""completionConditions"":[{""conditionType"":1,""threshold"":0.5,""secondaryThreshold"":0.5},{""conditionType"":3,""threshold"":0.0,""secondaryThreshold"":0.0}],""requiredStableSeconds"":0.4000000059604645}",0.000000,0,1,0,1667,0.050000,0,1
20261007T100007181Z_e407267f5160429bb1e8d9eb7b844d2c,,,1,250,2026-10-07T10:00:21.2242752Z,14.029583,11.263550,1667,1,0,WaitingForPhaseBoundary,0,0,TaskSwitchDisplay,1,,1,Target,,1,Move1,,0,0,0,0,0.000000,0.000000,0,0.050000,20.000000,9.364000,0.000000,16.000000,19.000000,4.000000,-19.000000,4.000000,19.000000,40.000000,250.000000,0,0.000000,,,,0.000000,0.000000,0.000000,0,75.000000,70.000000,,,,,,,,,
20261007T100007181Z_e407267f5160429bb1e8d9eb7b844d2c,,,1,251,2026-10-07T10:00:21.2761299Z,14.082370,11.317430,1672,1,0,WaitingForPhaseBoundary,0,0,TaskSwitchDisplay,1,,0,Source,1,1,Move1,Move1.PickupCoarseMove,1,1,0,0,11.184740,0.000000,0,0.050000,0.000000,9.364000,0.000000,-4.000000,0.000000,4.000000,0.000000,4.000000,0.000000,20.000000,250.000000,0,0.000000,1770.000000,,-1770.000000,0.000000,0.000000,0.000000,0,75.000000,70.000000,"{""stepId"":""Move1.PickupCoarseMove"",""displayName"":""吸着位置へ大まかに移動"",""majorPhase"":0,""completionConditions"":[{""conditionType"":1,""threshold"":0.5,""secondaryThreshold"":0.5},{""conditionType"":3,""threshold"":0.0,""secondaryThreshold"":0.0}],""requiredStableSeconds"":0.4000000059604645}",0.000000,0,1,0,1672,0.050000,0,1
20261007T100007181Z_e407267f5160429bb1e8d9eb7b844d2c,,,1,251,2026-10-07T10:00:21.2761299Z,14.082370,11.317430,1672,1,0,WaitingForPhaseBoundary,0,0,TaskSwitchDisplay,1,,1,Target,,1,Move1,,0,0,0,0,0.000000,0.000000,0,0.050000,20.000000,9.364000,0.000000,16.000000,19.000000,4.000000,-19.000000,4.000000,19.000000,40.000000,250.000000,0,0.000000,,,,0.000000,0.000000,0.000000,0,75.000000,70.000000,,,,,,,,,
20261007T100007181Z_e407267f5160429bb1e8d9eb7b844d2c,,,1,252,2026-10-07T10:00:21.3306477Z,14.136555,11.371357,1677,1,0,WaitingForPhaseBoundary,0,0,TaskSwitchDisplay,1,,0,Source,1,1,Move1,Move1.PickupCoarseMove,1,1,0,0,11.238667,0.000000,0,0.050000,0.000000,9.364000,0.000000,-4.000000,0.000000,4.000000,0.000000,4.000000,0.000000,20.000000,250.000000,0,0.000000,1770.000000,,-1770.000000,0.000000,0.000000,0.000000,0,75.000000,70.000000,"{""stepId"":""Move1.PickupCoarseMove"",""displayName"":""吸着位置へ大まかに移動"",""majorPhase"":0,""completionConditions"":[{""conditionType"":1,""threshold"":0.5,""secondaryThreshold"":0.5},{""conditionType"":3,""threshold"":0.0,""secondaryThreshold"":0.0}],""requiredStableSeconds"":0.4000000059604645}",0.000000,0,1,0,1677,0.050000,0,1
20261007T100007181Z_e407267f5160429bb1e8d9eb7b844d2c,,,1,252,2026-10-07T10:00:21.3306477Z,14.136555,11.371357,1677,1,0,WaitingForPhaseBoundary,0,0,TaskSwitchDisplay,1,,1,Target,,1,Move1,,0,0,0,0,0.000000,0.000000,0,0.050000,20.000000,9.364000,0.000000,16.000000,19.000000,4.000000,-19.000000,4.000000,19.000000,40.000000,250.000000,0,0.000000,,,,0.000000,0.000000,0.000000,0,75.000000,70.000000,,,,,,,,,
20261007T100007181Z_e407267f5160429bb1e8d9eb7b844d2c,,,1,253,2026-10-07T10:00:21.3845212Z,14.190445,11.424855,1682,1,0,WaitingForPhaseBoundary,0,0,TaskSwitchDisplay,1,,0,Source,1,1,Move1,Move1.PickupCoarseMove,1,1,0,0,11.292167,0.000000,0,0.050000,0.000000,9.364000,0.000000,-4.000000,0.000000,4.000000,0.000000,4.000000,0.000000,20.000000,250.000000,0,0.000000,1770.000000,,-1770.000000,0.000000,0.000000,0.000000,0,75.000000,70.000000,"{""stepId"":""Move1.PickupCoarseMove"",""displayName"":""吸着位置へ大まかに移動"",""majorPhase"":0,""completionConditions"":[{""conditionType"":1,""threshold"":0.5,""secondaryThreshold"":0.5},{""conditionType"":3,""threshold"":0.0,""secondaryThreshold"":0.0}],""requiredStableSeconds"":0.4000000059604645}",0.000000,0,1,0,1682,0.050000,0,1
20261007T100007181Z_e407267f5160429bb1e8d9eb7b844d2c,,,1,253,2026-10-07T10:00:21.3845212Z,14.190445,11.424855,1682,1,0,WaitingForPhaseBoundary,0,0,TaskSwitchDisplay,1,,1,Target,,1,Move1,,0,0,0,0,0.000000,0.000000,0,0.050000,20.000000,9.364000,0.000000,16.000000,19.000000,4.000000,-19.000000,4.000000,19.000000,40.000000,250.000000,0,0.000000,,,,0.000000,0.000000,0.000000,0,75.000000,70.000000,,,,,,,,,
20261007T100007181Z_e407267f5160429bb1e8d9eb7b844d2c,,,1,254,2026-10-07T10:00:21.4378617Z,14.243173,11.478269,1687,1,0,WaitingForPhaseBoundary,0,0,TaskSwitchDisplay,1,,0,Source,1,1,Move1,Move1.PickupCoarseMove,1,1,0,0,11.345580,0.000000,0,0.050000,0.000000,9.364000,0.000000,-4.000000,0.000000,4.000000,0.000000,4.000000,0.000000,20.000000,250.000000,0,0.000000,1770.000000,,-1770.000000,0.000000,0.000000,0.000000,0,75.000000,70.000000,"{""stepId"":""Move1.PickupCoarseMove"",""displayName"":""吸着位置へ大まかに移動"",""majorPhase"":0,""completionConditions"":[{""conditionType"":1,""threshold"":0.5,""secondaryThreshold"":0.5},{""conditionType"":3,""threshold"":0.0,""secondaryThreshold"":0.0}],""requiredStableSeconds"":0.4000000059604645}",0.000000,0,1,0,1687,0.050000,0,1
20261007T100007181Z_e407267f5160429bb1e8d9eb7b844d2c,,,1,254,2026-10-07T10:00:21.4378617Z,14.243173,11.478269,1687,1,0,WaitingForPhaseBoundary,0,0,TaskSwitchDisplay,1,,1,Target,,1,Move1,,0,0,0,0,0.000000,0.000000,0,0.050000,20.000000,9.364000,0.000000,16.000000,19.000000,4.000000,-19.000000,4.000000,19.000000,40.000000,250.000000,0,0.000000,,,,0.000000,0.000000,0.000000,0,75.000000,70.000000,,,,,,,,,
20261007T100007181Z_e407267f5160429bb1e8d9eb7b844d2c,,,1,255,2026-10-07T10:00:21.4886397Z,14.293764,11.527644,1692,1,0,WaitingForPhaseBoundary,0,0,TaskSwitchDisplay,1,,0,Source,1,1,Move1,Move1.PickupCoarseMove,1,1,0,0,11.394956,0.000000,0,0.050000,0.000000,9.364000,0.000000,-4.000000,0.000000,4.000000,0.000000,4.000000,0.000000,20.000000,250.000000,0,0.000000,1770.000000,,-1770.000000,0.000000,0.000000,0.000000,0,75.000000,70.000000,"{""stepId"":""Move1.PickupCoarseMove"",""displayName"":""吸着位置へ大まかに移動"",""majorPhase"":0,""completionConditions"":[{""conditionType"":1,""threshold"":0.5,""secondaryThreshold"":0.5},{""conditionType"":3,""threshold"":0.0,""secondaryThreshold"":0.0}],""requiredStableSeconds"":0.4000000059604645}",0.000000,0,1,0,1692,0.050000,0,1
20261007T100007181Z_e407267f5160429bb1e8d9eb7b844d2c,,,1,255,2026-10-07T10:00:21.4886397Z,14.293764,11.527644,1692,1,0,WaitingForPhaseBoundary,0,0,TaskSwitchDisplay,1,,1,Target,,1,Move1,,0,0,0,0,0.000000,0.000000,0,0.050000,20.000000,9.364000,0.000000,16.000000,19.000000,4.000000,-19.000000,4.000000,19.000000,40.000000,250.000000,0,0.000000,,,,0.000000,0.000000,0.000000,0,75.000000,70.000000,,,,,,,,,
20261007T100007181Z_e407267f5160429bb1e8d9eb7b844d2c,,,1,256,2026-10-07T10:00:21.5413906Z,14.346829,11.581205,1697,1,0,WaitingForPhaseBoundary,0,0,TaskSwitchDisplay,1,,0,Source,1,1,Move1,Move1.PickupCoarseMove,1,1,0,0,11.448516,0.000000,0,0.050000,0.000000,9.364000,0.000000,-4.000000,0.000000,4.000000,0.000000,4.000000,0.000000,20.000000,250.000000,0,0.000000,1770.000000,,-1770.000000,0.000000,0.000000,0.000000,0,75.000000,70.000000,"{""stepId"":""Move1.PickupCoarseMove"",""displayName"":""吸着位置へ大まかに移動"",""majorPhase"":0,""completionConditions"":[{""conditionType"":1,""threshold"":0.5,""secondaryThreshold"":0.5},{""conditionType"":3,""threshold"":0.0,""secondaryThreshold"":0.0}],""requiredStableSeconds"":0.4000000059604645}",0.000000,0,1,0,1697,0.050000,0,1
20261007T100007181Z_e407267f5160429bb1e8d9eb7b844d2c,,,1,256,2026-10-07T10:00:21.5413906Z,14.346829,11.581205,1697,1,0,WaitingForPhaseBoundary,0,0,TaskSwitchDisplay,1,,1,Target,,1,Move1,,0,0,0,0,0.000000,0.000000,0,0.050000,20.000000,9.364000,0.000000,16.000000,19.000000,4.000000,-19.000000,4.000000,19.000000,40.000000,250.000000,0,0.000000,,,,0.000000,0.000000,0.000000,0,75.000000,70.000000,,,,,,,,,
20261007T100007181Z_e407267f5160429bb1e8d9eb7b844d2c,,,1,257,2026-10-07T10:00:21.5945256Z,14.399914,11.634756,1702,1,0,WaitingForPhaseBoundary,0,0,TaskSwitchDisplay,1,,0,Source,1,1,Move1,Move1.PickupCoarseMove,1,1,0,0,11.502066,0.000000,0,0.050000,0.000000,9.364000,0.000000,-4.000000,0.000000,4.000000,0.000000,4.000000,0.000000,20.000000,250.000000,0,0.000000,1770.000000,,-1770.000000,0.000000,0.000000,0.000000,0,75.000000,70.000000,"{""stepId"":""Move1.PickupCoarseMove"",""displayName"":""吸着位置へ大まかに移動"",""majorPhase"":0,""completionConditions"":[{""conditionType"":1,""threshold"":0.5,""secondaryThreshold"":0.5},{""conditionType"":3,""threshold"":0.0,""secondaryThreshold"":0.0}],""requiredStableSeconds"":0.4000000059604645}",0.000000,0,1,0,1702,0.050000,0,1
20261007T100007181Z_e407267f5160429bb1e8d9eb7b844d2c,,,1,257,2026-10-07T10:00:21.5945256Z,14.399914,11.634756,1702,1,0,WaitingForPhaseBoundary,0,0,TaskSwitchDisplay,1,,1,Target,,1,Move1,,0,0,0,0,0.000000,0.000000,0,0.050000,20.000000,9.364000,0.000000,16.000000,19.000000,4.000000,-19.000000,4.000000,19.000000,40.000000,250.000000,0,0.000000,,,,0.000000,0.000000,0.000000,0,75.000000,70.000000,,,,,,,,,
20261007T100007181Z_e407267f5160429bb1e8d9eb7b844d2c,,,1,258,2026-10-07T10:00:21.6463667Z,14.452010,11.686602,1707,1,0,WaitingForPhaseBoundary,0,0,TaskSwitchDisplay,1,,0,Source,1,1,Move1,Move1.PickupCoarseMove,1,1,0,0,11.553911,0.000000,0,0.050000,0.000000,9.364000,0.000000,-4.000000,0.000000,4.000000,0.000000,4.000000,0.000000,20.000000,250.000000,0,0.000000,1770.000000,,-1770.000000,0.000000,0.000000,0.000000,0,75.000000,70.000000,"{""stepId"":""Move1.PickupCoarseMove"",""displayName"":""吸着位置へ大まかに移動"",""majorPhase"":0,""completionConditions"":[{""conditionType"":1,""threshold"":0.5,""secondaryThreshold"":0.5},{""conditionType"":3,""threshold"":0.0,""secondaryThreshold"":0.0}],""requiredStableSeconds"":0.4000000059604645}",0.000000,0,1,0,1707,0.050000,0,1
20261007T100007181Z_e407267f5160429bb1e8d9eb7b844d2c,,,1,258,2026-10-07T10:00:21.6463667Z,14.452010,11.686602,1707,1,0,WaitingForPhaseBoundary,0,0,TaskSwitchDisplay,1,,1,Target,,1,Move1,,0,0,0,0,0.000000,0.000000,0,0.050000,20.000000,9.364000,0.000000,16.000000,19.000000,4.000000,-19.000000,4.000000,19.000000,40.000000,250.000000,0,0.000000,,,,0.000000,0.000000,0.000000,0,75.000000,70.000000,,,,,,,,,
20261007T100007181Z_e407267f5160429bb1e8d9eb7b844d2c,,,1,259,2026-10-07T10:00:21.6990371Z,14.505539,11.739652,1712,1,0,WaitingForPhaseBoundary,0,0,TaskSwitchDisplay,1,,0,Source,1,1,Move1,Move1.PickupCoarseMove,1,1,0,0,11.606961,0.000000,0,0.050000,0.000000,9.364000,0.000000,-4.000000,0.000000,4.000000,0.000000,4.000000,0.000000,20.000000,250.000000,0,0.000000,1770.000000,,-1770.000000,0.000000,0.000000,0.000000,0,75.000000,70.000000,"{""stepId"":""Move1.PickupCoarseMove"",""displayName"":""吸着位置へ大まかに移動"",""majorPhase"":0,""completionConditions"":[{""conditionType"":1,""threshold"":0.5,""secondaryThreshold"":0.5},{""conditionType"":3,""threshold"":0.0,""secondaryThreshold"":0.0}],""requiredStableSeconds"":0.4000000059604645}",0.000000,0,1,0,1712,0.050000,0,1
20261007T100007181Z_e407267f5160429bb1e8d9eb7b844d2c,,,1,259,2026-10-07T10:00:21.6990371Z,14.505539,11.739652,1712,1,0,WaitingForPhaseBoundary,0,0,TaskSwitchDisplay,1,,1,Target,,1,Move1,,0,0,0,0,0.000000,0.000000,0,0.050000,20.000000,9.364000,0.000000,16.000000,19.000000,4.000000,-19.000000,4.000000,19.000000,40.000000,250.000000,0,0.000000,,,,0.000000,0.000000,0.000000,0,75.000000,70.000000,,,,,,,,,
20261007T100007181Z_e407267f5160429bb1e8d9eb7b844d2c,,,1,260,2026-10-07T10:00:21.7529060Z,14.558086,11.792586,1717,1,0,WaitingForPhaseBoundary,0,0,TaskSwitchDisplay,1,,0,Source,1,1,Move1,Move1.PickupCoarseMove,1,1,0,0,11.659895,0.000000,0,0.050000,0.000000,9.364000,0.000000,-4.000000,0.000000,4.000000,0.000000,4.000000,0.000000,20.000000,250.000000,0,0.000000,1770.000000,,-1770.000000,0.000000,0.000000,0.000000,0,75.000000,70.000000,"{""stepId"":""Move1.PickupCoarseMove"",""displayName"":""吸着位置へ大まかに移動"",""majorPhase"":0,""completionConditions"":[{""conditionType"":1,""threshold"":0.5,""secondaryThreshold"":0.5},{""conditionType"":3,""threshold"":0.0,""secondaryThreshold"":0.0}],""requiredStableSeconds"":0.4000000059604645}",0.000000,0,1,0,1717,0.050000,0,1
20261007T100007181Z_e407267f5160429bb1e8d9eb7b844d2c,,,1,260,2026-10-07T10:00:21.7529060Z,14.558086,11.792586,1717,1,0,WaitingForPhaseBoundary,0,0,TaskSwitchDisplay,1,,1,Target,,1,Move1,,0,0,0,0,0.000000,0.000000,0,0.050000,20.000000,9.364000,0.000000,16.000000,19.000000,4.000000,-19.000000,4.000000,19.000000,40.000000,250.000000,0,0.000000,,,,0.000000,0.000000,0.000000,0,75.000000,70.000000,,,,,,,,,
20261007T100007181Z_e407267f5160429bb1e8d9eb7b844d2c,,,1,261,2026-10-07T10:00:21.8127435Z,14.618176,11.852952,1723,1,0,WaitingForPhaseBoundary,0,0,TaskSwitchDisplay,1,,0,Source,1,1,Move1,Move1.PickupCoarseMove,1,1,0,0,11.720261,0.000000,0,0.050000,0.000000,9.364000,0.000000,-4.000000,0.000000,4.000000,0.000000,4.000000,0.000000,20.000000,250.000000,0,0.000000,1770.000000,,-1770.000000,0.000000,0.000000,0.000000,0,75.000000,70.000000,"{""stepId"":""Move1.PickupCoarseMove"",""displayName"":""吸着位置へ大まかに移動"",""majorPhase"":0,""completionConditions"":[{""conditionType"":1,""threshold"":0.5,""secondaryThreshold"":0.5},{""conditionType"":3,""threshold"":0.0,""secondaryThreshold"":0.0}],""requiredStableSeconds"":0.4000000059604645}",0.000000,0,1,0,1723,0.050000,0,1
20261007T100007181Z_e407267f5160429bb1e8d9eb7b844d2c,,,1,261,2026-10-07T10:00:21.8127435Z,14.618176,11.852952,1723,1,0,WaitingForPhaseBoundary,0,0,TaskSwitchDisplay,1,,1,Target,,1,Move1,,0,0,0,0,0.000000,0.000000,0,0.050000,20.000000,9.364000,0.000000,16.000000,19.000000,4.000000,-19.000000,4.000000,19.000000,40.000000,250.000000,0,0.000000,,,,0.000000,0.000000,0.000000,0,75.000000,70.000000,,,,,,,,,
20261007T100007181Z_e407267f5160429bb1e8d9eb7b844d2c,,,1,262,2026-10-07T10:00:21.8650571Z,14.670228,11.904698,1728,1,0,WaitingForPhaseBoundary,0,0,TaskSwitchDisplay,1,,0,Source,1,1,Move1,Move1.PickupCoarseMove,1,1,0,0,11.772007,0.000000,0,0.050000,0.000000,9.364000,0.000000,-4.000000,0.000000,4.000000,0.000000,4.000000,0.000000,20.000000,250.000000,0,0.000000,1770.000000,,-1770.000000,0.000000,0.000000,0.000000,0,75.000000,70.000000,"{""stepId"":""Move1.PickupCoarseMove"",""displayName"":""吸着位置へ大まかに移動"",""majorPhase"":0,""completionConditions"":[{""conditionType"":1,""threshold"":0.5,""secondaryThreshold"":0.5},{""conditionType"":3,""threshold"":0.0,""secondaryThreshold"":0.0}],""requiredStableSeconds"":0.4000000059604645}",0.000000,0,1,0,1728,0.050000,0,1
20261007T100007181Z_e407267f5160429bb1e8d9eb7b844d2c,,,1,262,2026-10-07T10:00:21.8650571Z,14.670228,11.904698,1728,1,0,WaitingForPhaseBoundary,0,0,TaskSwitchDisplay,1,,1,Target,,1,Move1,,0,0,0,0,0.000000,0.000000,0,0.050000,20.000000,9.364000,0.000000,16.000000,19.000000,4.000000,-19.000000,4.000000,19.000000,40.000000,250.000000,0,0.000000,,,,0.000000,0.000000,0.000000,0,75.000000,70.000000,,,,,,,,,
20261007T100007181Z_e407267f5160429bb1e8d9eb7b844d2c,,,1,263,2026-10-07T10:00:21.9164668Z,14.722204,11.957408,1733,1,0,WaitingForPhaseBoundary,0,0,TaskSwitchDisplay,1,,0,Source,1,1,Move1,Move1.PickupCoarseMove,1,1,0,0,11.824717,0.000000,0,0.050000,0.000000,9.364000,0.000000,-4.000000,0.000000,4.000000,0.000000,4.000000,0.000000,20.000000,250.000000,0,0.000000,1770.000000,,-1770.000000,0.000000,0.000000,0.000000,0,75.000000,70.000000,"{""stepId"":""Move1.PickupCoarseMove"",""displayName"":""吸着位置へ大まかに移動"",""majorPhase"":0,""completionConditions"":[{""conditionType"":1,""threshold"":0.5,""secondaryThreshold"":0.5},{""conditionType"":3,""threshold"":0.0,""secondaryThreshold"":0.0}],""requiredStableSeconds"":0.4000000059604645}",0.000000,0,1,0,1733,0.050000,0,1
20261007T100007181Z_e407267f5160429bb1e8d9eb7b844d2c,,,1,263,2026-10-07T10:00:21.9164668Z,14.722204,11.957408,1733,1,0,WaitingForPhaseBoundary,0,0,TaskSwitchDisplay,1,,1,Target,,1,Move1,,0,0,0,0,0.000000,0.000000,0,0.050000,20.000000,9.364000,0.000000,16.000000,19.000000,4.000000,-19.000000,4.000000,19.000000,40.000000,250.000000,0,0.000000,,,,0.000000,0.000000,0.000000,0,75.000000,70.000000,,,,,,,,,
20261007T100007181Z_e407267f5160429bb1e8d9eb7b844d2c,,,1,264,2026-10-07T10:00:21.9709658Z,14.776006,12.010932,1738,1,0,WaitingForPhaseBoundary,0,0,TaskSwitchDisplay,1,,0,Source,1,1,Move1,Move1.PickupCoarseMove,1,1,0,0,11.878240,0.000000,0,0.050000,0.000000,9.364000,0.000000,-4.000000,0.000000,4.000000,0.000000,4.000000,0.000000,20.000000,250.000000,0,0.000000,1770.000000,,-1770.000000,0.000000,0.000000,0.000000,0,75.000000,70.000000,"{""stepId"":""Move1.PickupCoarseMove"",""displayName"":""吸着位置へ大まかに移動"",""majorPhase"":0,""completionConditions"":[{""conditionType"":1,""threshold"":0.5,""secondaryThreshold"":0.5},{""conditionType"":3,""threshold"":0.0,""secondaryThreshold"":0.0}],""requiredStableSeconds"":0.4000000059604645}",0.000000,0,1,0,1738,0.050000,0,1
20261007T100007181Z_e407267f5160429bb1e8d9eb7b844d2c,,,1,264,2026-10-07T10:00:21.9709658Z,14.776006,12.010932,1738,1,0,WaitingForPhaseBoundary,0,0,TaskSwitchDisplay,1,,1,Target,,1,Move1,,0,0,0,0,0.000000,0.000000,0,0.050000,20.000000,9.364000,0.000000,16.000000,19.000000,4.000000,-19.000000,4.000000,19.000000,40.000000,250.000000,0,0.000000,,,,0.000000,0.000000,0.000000,0,75.000000,70.000000,,,,,,,,,
20261007T100007181Z_e407267f5160429bb1e8d9eb7b844d2c,,,1,265,2026-10-07T10:00:22.0254585Z,14.830825,12.065436,1743,1,0,WaitingForPhaseBoundary,0,0,TaskSwitchDisplay,1,,0,Source,1,1,Move1,Move1.PickupCoarseMove,1,1,0,0,11.932744,0.000000,0,0.050000,0.000000,9.364000,0.000000,-4.000000,0.000000,4.000000,0.000000,4.000000,0.000000,20.000000,250.000000,0,0.000000,1770.000000,,-1770.000000,0.000000,0.000000,0.000000,0,75.000000,70.000000,"{""stepId"":""Move1.PickupCoarseMove"",""displayName"":""吸着位置へ大まかに移動"",""majorPhase"":0,""completionConditions"":[{""conditionType"":1,""threshold"":0.5,""secondaryThreshold"":0.5},{""conditionType"":3,""threshold"":0.0,""secondaryThreshold"":0.0}],""requiredStableSeconds"":0.4000000059604645}",0.000000,0,1,0,1743,0.050000,0,1
20261007T100007181Z_e407267f5160429bb1e8d9eb7b844d2c,,,1,265,2026-10-07T10:00:22.0254585Z,14.830825,12.065436,1743,1,0,WaitingForPhaseBoundary,0,0,TaskSwitchDisplay,1,,1,Target,,1,Move1,,0,0,0,0,0.000000,0.000000,0,0.050000,20.000000,9.364000,0.000000,16.000000,19.000000,4.000000,-19.000000,4.000000,19.000000,40.000000,250.000000,0,0.000000,,,,0.000000,0.000000,0.000000,0,75.000000,70.000000,,,,,,,,,
20261007T100007181Z_e407267f5160429bb1e8d9eb7b844d2c,,,1,266,2026-10-07T10:00:22.0832425Z,14.888989,12.123427,1748,1,0,WaitingForPhaseBoundary,0,0,TaskSwitchDisplay,1,,0,Source,1,1,Move1,Move1.PickupCoarseMove,1,1,0,0,11.990735,0.000000,0,0.050000,0.000000,9.364000,0.000000,-4.000000,0.000000,4.000000,0.000000,4.000000,0.000000,20.000000,250.000000,0,0.000000,1770.000000,,-1770.000000,0.000000,0.000000,0.000000,0,75.000000,70.000000,"{""stepId"":""Move1.PickupCoarseMove"",""displayName"":""吸着位置へ大まかに移動"",""majorPhase"":0,""completionConditions"":[{""conditionType"":1,""threshold"":0.5,""secondaryThreshold"":0.5},{""conditionType"":3,""threshold"":0.0,""secondaryThreshold"":0.0}],""requiredStableSeconds"":0.4000000059604645}",0.000000,0,1,0,1748,0.050000,0,1
20261007T100007181Z_e407267f5160429bb1e8d9eb7b844d2c,,,1,266,2026-10-07T10:00:22.0832425Z,14.888989,12.123427,1748,1,0,WaitingForPhaseBoundary,0,0,TaskSwitchDisplay,1,,1,Target,,1,Move1,,0,0,0,0,0.000000,0.000000,0,0.050000,20.000000,9.364000,0.000000,16.000000,19.000000,4.000000,-19.000000,4.000000,19.000000,40.000000,250.000000,0,0.000000,,,,0.000000,0.000000,0.000000,0,75.000000,70.000000,,,,,,,,,
20261007T100007181Z_e407267f5160429bb1e8d9eb7b844d2c,,,1,267,2026-10-07T10:00:22.1344326Z,14.939611,12.174449,1752,1,0,WaitingForPhaseBoundary,0,0,TaskSwitchDisplay,1,,0,Source,1,1,Move1,Move1.PickupCoarseMove,1,1,0,0,12.041758,0.000000,0,0.050000,0.000000,9.364000,0.000000,-4.000000,0.000000,4.000000,0.000000,4.000000,0.000000,20.000000,250.000000,0,0.000000,1770.000000,,-1770.000000,0.000000,0.000000,0.000000,0,75.000000,70.000000,"{""stepId"":""Move1.PickupCoarseMove"",""displayName"":""吸着位置へ大まかに移動"",""majorPhase"":0,""completionConditions"":[{""conditionType"":1,""threshold"":0.5,""secondaryThreshold"":0.5},{""conditionType"":3,""threshold"":0.0,""secondaryThreshold"":0.0}],""requiredStableSeconds"":0.4000000059604645}",0.000000,0,1,0,1752,0.050000,0,1
20261007T100007181Z_e407267f5160429bb1e8d9eb7b844d2c,,,1,267,2026-10-07T10:00:22.1344326Z,14.939611,12.174449,1752,1,0,WaitingForPhaseBoundary,0,0,TaskSwitchDisplay,1,,1,Target,,1,Move1,,0,0,0,0,0.000000,0.000000,0,0.050000,20.000000,9.364000,0.000000,16.000000,19.000000,4.000000,-19.000000,4.000000,19.000000,40.000000,250.000000,0,0.000000,,,,0.000000,0.000000,0.000000,0,75.000000,70.000000,,,,,,,,,
20261007T100007181Z_e407267f5160429bb1e8d9eb7b844d2c,,,1,268,2026-10-07T10:00:22.1843238Z,14.990350,12.224147,1756,1,0,WaitingForPhaseBoundary,0,0,TaskSwitchDisplay,1,,0,Source,1,1,Move1,Move1.PickupCoarseMove,1,1,0,0,12.091456,0.000000,0,0.050000,0.000000,9.364000,0.000000,-4.000000,0.000000,4.000000,0.000000,4.000000,0.000000,20.000000,250.000000,0,0.000000,1770.000000,,-1770.000000,0.000000,0.000000,0.000000,0,75.000000,70.000000,"{""stepId"":""Move1.PickupCoarseMove"",""displayName"":""吸着位置へ大まかに移動"",""majorPhase"":0,""completionConditions"":[{""conditionType"":1,""threshold"":0.5,""secondaryThreshold"":0.5},{""conditionType"":3,""threshold"":0.0,""secondaryThreshold"":0.0}],""requiredStableSeconds"":0.4000000059604645}",0.000000,0,1,0,1756,0.050000,0,1
20261007T100007181Z_e407267f5160429bb1e8d9eb7b844d2c,,,1,268,2026-10-07T10:00:22.1843238Z,14.990350,12.224147,1756,1,0,WaitingForPhaseBoundary,0,0,TaskSwitchDisplay,1,,1,Target,,1,Move1,,0,0,0,0,0.000000,0.000000,0,0.050000,20.000000,9.364000,0.000000,16.000000,19.000000,4.000000,-19.000000,4.000000,19.000000,40.000000,250.000000,0,0.000000,,,,0.000000,0.000000,0.000000,0,75.000000,70.000000,,,,,,,,,
20261007T100007181Z_e407267f5160429bb1e8d9eb7b844d2c,,,1,269,2026-10-07T10:00:22.2365983Z,15.042015,12.276850,1760,1,0,WaitingForPhaseBoundary,0,0,TaskSwitchDisplay,1,,0,Source,1,1,Move1,Move1.PickupCoarseMove,1,1,0,0,12.144159,0.000000,0,0.050000,0.000000,9.364000,0.000000,-4.000000,0.000000,4.000000,0.000000,4.000000,0.000000,20.000000,250.000000,0,0.000000,1770.000000,,-1770.000000,0.000000,0.000000,0.000000,0,75.000000,70.000000,"{""stepId"":""Move1.PickupCoarseMove"",""displayName"":""吸着位置へ大まかに移動"",""majorPhase"":0,""completionConditions"":[{""conditionType"":1,""threshold"":0.5,""secondaryThreshold"":0.5},{""conditionType"":3,""threshold"":0.0,""secondaryThreshold"":0.0}],""requiredStableSeconds"":0.4000000059604645}",0.000000,0,1,0,1760,0.050000,0,1
20261007T100007181Z_e407267f5160429bb1e8d9eb7b844d2c,,,1,269,2026-10-07T10:00:22.2365983Z,15.042015,12.276850,1760,1,0,WaitingForPhaseBoundary,0,0,TaskSwitchDisplay,1,,1,Target,,1,Move1,,0,0,0,0,0.000000,0.000000,0,0.050000,20.000000,9.364000,0.000000,16.000000,19.000000,4.000000,-19.000000,4.000000,19.000000,40.000000,250.000000,0,0.000000,,,,0.000000,0.000000,0.000000,0,75.000000,70.000000,,,,,,,,,
20261007T100007181Z_e407267f5160429bb1e8d9eb7b844d2c,,,1,270,2026-10-07T10:00:22.2891917Z,15.095650,12.329501,1764,1,0,WaitingForPhaseBoundary,0,0,TaskSwitchDisplay,1,,0,Source,1,1,Move1,Move1.PickupCoarseMove,1,1,0,0,12.196811,0.000000,0,0.050000,0.000000,9.364000,0.000000,-4.000000,0.000000,4.000000,0.000000,4.000000,0.000000,20.000000,250.000000,0,0.000000,1770.000000,,-1770.000000,0.000000,0.000000,0.000000,0,75.000000,70.000000,"{""stepId"":""Move1.PickupCoarseMove"",""displayName"":""吸着位置へ大まかに移動"",""majorPhase"":0,""completionConditions"":[{""conditionType"":1,""threshold"":0.5,""secondaryThreshold"":0.5},{""conditionType"":3,""threshold"":0.0,""secondaryThreshold"":0.0}],""requiredStableSeconds"":0.4000000059604645}",0.000000,0,1,0,1764,0.050000,0,1
20261007T100007181Z_e407267f5160429bb1e8d9eb7b844d2c,,,1,270,2026-10-07T10:00:22.2891917Z,15.095650,12.329501,1764,1,0,WaitingForPhaseBoundary,0,0,TaskSwitchDisplay,1,,1,Target,,1,Move1,,0,0,0,0,0.000000,0.000000,0,0.050000,20.000000,9.364000,0.000000,16.000000,19.000000,4.000000,-19.000000,4.000000,19.000000,40.000000,250.000000,0,0.000000,,,,0.000000,0.000000,0.000000,0,75.000000,70.000000,,,,,,,,,
20261007T100007181Z_e407267f5160429bb1e8d9eb7b844d2c,,,1,271,2026-10-07T10:00:22.3462629Z,15.152010,12.386506,1769,1,0,WaitingForPhaseBoundary,0,0,TaskSwitchDisplay,1,,0,Source,1,1,Move1,Move1.PickupCoarseMove,1,1,0,0,12.253816,0.000000,0,0.050000,0.000000,9.364000,0.000000,-4.000000,0.000000,4.000000,0.000000,4.000000,0.000000,20.000000,250.000000,0,0.000000,1770.000000,,-1770.000000,0.000000,0.000000,0.000000,0,75.000000,70.000000,"{""stepId"":""Move1.PickupCoarseMove"",""displayName"":""吸着位置へ大まかに移動"",""majorPhase"":0,""completionConditions"":[{""conditionType"":1,""threshold"":0.5,""secondaryThreshold"":0.5},{""conditionType"":3,""threshold"":0.0,""secondaryThreshold"":0.0}],""requiredStableSeconds"":0.4000000059604645}",0.000000,0,1,0,1769,0.050000,0,1
20261007T100007181Z_e407267f5160429bb1e8d9eb7b844d2c,,,1,271,2026-10-07T10:00:22.3462629Z,15.152010,12.386506,1769,1,0,WaitingForPhaseBoundary,0,0,TaskSwitchDisplay,1,,1,Target,,1,Move1,,0,0,0,0,0.000000,0.000000,0,0.050000,20.000000,9.364000,0.000000,16.000000,19.000000,4.000000,-19.000000,4.000000,19.000000,40.000000,250.000000,0,0.000000,,,,0.000000,0.000000,0.000000,0,75.000000,70.000000,,,,,,,,,
20261007T100007181Z_e407267f5160429bb1e8d9eb7b844d2c,,,1,272,2026-10-07T10:00:22.4056231Z,15.211292,12.444263,1774,1,0,WaitingForPhaseBoundary,0,0,TaskSwitchDisplay,1,,0,Source,1,1,Move1,Move1.PickupCoarseMove,1,1,0,0,12.311573,0.000000,0,0.050000,0.000000,9.364000,0.000000,-4.000000,0.000000,4.000000,0.000000,4.000000,0.000000,20.000000,250.000000,0,0.000000,1770.000000,,-1770.000000,0.000000,0.000000,0.000000,0,75.000000,70.000000,"{""stepId"":""Move1.PickupCoarseMove"",""displayName"":""吸着位置へ大まかに移動"",""majorPhase"":0,""completionConditions"":[{""conditionType"":1,""threshold"":0.5,""secondaryThreshold"":0.5},{""conditionType"":3,""threshold"":0.0,""secondaryThreshold"":0.0}],""requiredStableSeconds"":0.4000000059604645}",0.000000,0,1,0,1774,0.050000,0,1
20261007T100007181Z_e407267f5160429bb1e8d9eb7b844d2c,,,1,272,2026-10-07T10:00:22.4056231Z,15.211292,12.444263,1774,1,0,WaitingForPhaseBoundary,0,0,TaskSwitchDisplay,1,,1,Target,,1,Move1,,0,0,0,0,0.000000,0.000000,0,0.050000,20.000000,9.364000,0.000000,16.000000,19.000000,4.000000,-19.000000,4.000000,19.000000,40.000000,250.000000,0,0.000000,,,,0.000000,0.000000,0.000000,0,75.000000,70.000000,,,,,,,,,
20261007T100007181Z_e407267f5160429bb1e8d9eb7b844d2c,,,1,273,2026-10-07T10:00:22.4619233Z,15.267761,12.502282,1779,1,0,WaitingForPhaseBoundary,0,0,TaskSwitchDisplay,1,,0,Source,1,1,Move1,Move1.PickupCoarseMove,1,1,0,0,12.369593,0.000000,0,0.050000,0.000000,9.364000,0.000000,-4.000000,0.000000,4.000000,0.000000,4.000000,0.000000,20.000000,250.000000,0,0.000000,1770.000000,,-1770.000000,0.000000,0.000000,0.000000,0,75.000000,70.000000,"{""stepId"":""Move1.PickupCoarseMove"",""displayName"":""吸着位置へ大まかに移動"",""majorPhase"":0,""completionConditions"":[{""conditionType"":1,""threshold"":0.5,""secondaryThreshold"":0.5},{""conditionType"":3,""threshold"":0.0,""secondaryThreshold"":0.0}],""requiredStableSeconds"":0.4000000059604645}",0.000000,0,1,0,1779,0.050000,0,1
20261007T100007181Z_e407267f5160429bb1e8d9eb7b844d2c,,,1,273,2026-10-07T10:00:22.4619233Z,15.267761,12.502282,1779,1,0,WaitingForPhaseBoundary,0,0,TaskSwitchDisplay,1,,1,Target,,1,Move1,,0,0,0,0,0.000000,0.000000,0,0.050000,20.000000,9.364000,0.000000,16.000000,19.000000,4.000000,-19.000000,4.000000,19.000000,40.000000,250.000000,0,0.000000,,,,0.000000,0.000000,0.000000,0,75.000000,70.000000,,,,,,,,,
20261007T100007181Z_e407267f5160429bb1e8d9eb7b844d2c,,,1,274,2026-10-07T10:00:22.5134336Z,15.319494,12.554006,1784,1,0,WaitingForPhaseBoundary,0,0,TaskSwitchDisplay,1,,0,Source,1,1,Move1,Move1.PickupCoarseMove,1,1,0,0,12.421317,0.000000,0,0.050000,0.000000,9.364000,0.000000,-4.000000,0.000000,4.000000,0.000000,4.000000,0.000000,20.000000,250.000000,0,0.000000,1770.000000,,-1770.000000,0.000000,0.000000,0.000000,0,75.000000,70.000000,"{""stepId"":""Move1.PickupCoarseMove"",""displayName"":""吸着位置へ大まかに移動"",""majorPhase"":0,""completionConditions"":[{""conditionType"":1,""threshold"":0.5,""secondaryThreshold"":0.5},{""conditionType"":3,""threshold"":0.0,""secondaryThreshold"":0.0}],""requiredStableSeconds"":0.4000000059604645}",0.000000,0,1,0,1784,0.050000,0,1
20261007T100007181Z_e407267f5160429bb1e8d9eb7b844d2c,,,1,274,2026-10-07T10:00:22.5134336Z,15.319494,12.554006,1784,1,0,WaitingForPhaseBoundary,0,0,TaskSwitchDisplay,1,,1,Target,,1,Move1,,0,0,0,0,0.000000,0.000000,0,0.050000,20.000000,9.364000,0.000000,16.000000,19.000000,4.000000,-19.000000,4.000000,19.000000,40.000000,250.000000,0,0.000000,,,,0.000000,0.000000,0.000000,0,75.000000,70.000000,,,,,,,,,
20261007T100007181Z_e407267f5160429bb1e8d9eb7b844d2c,,,1,275,2026-10-07T10:00:22.5658203Z,15.371824,12.605988,1789,1,0,WaitingForPhaseBoundary,0,0,TaskSwitchDisplay,1,,0,Source,1,1,Move1,Move1.PickupCoarseMove,1,1,0,0,12.473300,0.000000,0,0.050000,0.000000,9.364000,0.000000,-4.000000,0.000000,4.000000,0.000000,4.000000,0.000000,20.000000,250.000000,0,0.000000,1770.000000,,-1770.000000,0.000000,0.000000,0.000000,0,75.000000,70.000000,"{""stepId"":""Move1.PickupCoarseMove"",""displayName"":""吸着位置へ大まかに移動"",""majorPhase"":0,""completionConditions"":[{""conditionType"":1,""threshold"":0.5,""secondaryThreshold"":0.5},{""conditionType"":3,""threshold"":0.0,""secondaryThreshold"":0.0}],""requiredStableSeconds"":0.4000000059604645}",0.000000,0,1,0,1789,0.050000,0,1
20261007T100007181Z_e407267f5160429bb1e8d9eb7b844d2c,,,1,275,2026-10-07T10:00:22.5658203Z,15.371824,12.605988,1789,1,0,WaitingForPhaseBoundary,0,0,TaskSwitchDisplay,1,,1,Target,,1,Move1,,0,0,0,0,0.000000,0.000000,0,0.050000,20.000000,9.364000,0.000000,16.000000,19.000000,4.000000,-19.000000,4.000000,19.000000,40.000000,250.000000,0,0.000000,,,,0.000000,0.000000,0.000000,0,75.000000,70.000000,,,,,,,,,
20261007T100007181Z_e407267f5160429bb1e8d9eb7b844d2c,,,1,276,2026-10-07T10:00:22.6197059Z,15.425575,12.660003,1794,1,0,WaitingForPhaseBoundary,0,0,TaskSwitchDisplay,1,,0,Source,1,1,Move1,Move1.PickupCoarseMove,1,1,0,0,12.527315,0.000000,0,0.050000,0.000000,9.364000,0.000000,-4.000000,0.000000,4.000000,0.000000,4.000000,0.000000,20.000000,250.000000,0,0.000000,1770.000000,,-1770.000000,0.000000,0.000000,0.000000,0,75.000000,70.000000,"{""stepId"":""Move1.PickupCoarseMove"",""displayName"":""吸着位置へ大まかに移動"",""majorPhase"":0,""completionConditions"":[{""conditionType"":1,""threshold"":0.5,""secondaryThreshold"":0.5},{""conditionType"":3,""threshold"":0.0,""secondaryThreshold"":0.0}],""requiredStableSeconds"":0.4000000059604645}",0.000000,0,1,0,1794,0.050000,0,1
20261007T100007181Z_e407267f5160429bb1e8d9eb7b844d2c,,,1,276,2026-10-07T10:00:22.6197059Z,15.425575,12.660003,1794,1,0,WaitingForPhaseBoundary,0,0,TaskSwitchDisplay,1,,1,Target,,1,Move1,,0,0,0,0,0.000000,0.000000,0,0.050000,20.000000,9.364000,0.000000,16.000000,19.000000,4.000000,-19.000000,4.000000,19.000000,40.000000,250.000000,0,0.000000,,,,0.000000,0.000000,0.000000,0,75.000000,70.000000,,,,,,,,,
20261007T100007181Z_e407267f5160429bb1e8d9eb7b844d2c,,,1,277,2026-10-07T10:00:22.6748735Z,15.480447,12.715358,1799,1,0,WaitingForPhaseBoundary,0,0,TaskSwitchDisplay,1,,0,Source,1,1,Move1,Move1.PickupCoarseMove,1,1,0,0,12.582670,0.000000,0,0.050000,0.000000,9.364000,0.000000,-4.000000,0.000000,4.000000,0.000000,4.000000,0.000000,20.000000,250.000000,0,0.000000,1770.000000,,-1770.000000,0.000000,0.000000,0.000000,0,75.000000,70.000000,"{""stepId"":""Move1.PickupCoarseMove"",""displayName"":""吸着位置へ大まかに移動"",""majorPhase"":0,""completionConditions"":[{""conditionType"":1,""threshold"":0.5,""secondaryThreshold"":0.5},{""conditionType"":3,""threshold"":0.0,""secondaryThreshold"":0.0}],""requiredStableSeconds"":0.4000000059604645}",0.000000,0,1,0,1799,0.050000,0,1
20261007T100007181Z_e407267f5160429bb1e8d9eb7b844d2c,,,1,277,2026-10-07T10:00:22.6748735Z,15.480447,12.715358,1799,1,0,WaitingForPhaseBoundary,0,0,TaskSwitchDisplay,1,,1,Target,,1,Move1,,0,0,0,0,0.000000,0.000000,0,0.050000,20.000000,9.364000,0.000000,16.000000,19.000000,4.000000,-19.000000,4.000000,19.000000,40.000000,250.000000,0,0.000000,,,,0.000000,0.000000,0.000000,0,75.000000,70.000000,,,,,,,,,
20261007T100007181Z_e407267f5160429bb1e8d9eb7b844d2c,,,1,278,2026-10-07T10:00:22.7284502Z,15.533631,12.767894,1804,1,0,WaitingForPhaseBoundary,0,0,TaskSwitchDisplay,1,,0,Source,1,1,Move1,Move1.PickupCoarseMove,1,1,0,0,12.635206,0.000000,0,0.050000,0.000000,9.364000,0.000000,-4.000000,0.000000,4.000000,0.000000,4.000000,0.000000,20.000000,250.000000,0,0.000000,1770.000000,,-1770.000000,0.000000,0.000000,0.000000,0,75.000000,70.000000,"{""stepId"":""Move1.PickupCoarseMove"",""displayName"":""吸着位置へ大まかに移動"",""majorPhase"":0,""completionConditions"":[{""conditionType"":1,""threshold"":0.5,""secondaryThreshold"":0.5},{""conditionType"":3,""threshold"":0.0,""secondaryThreshold"":0.0}],""requiredStableSeconds"":0.4000000059604645}",0.000000,0,1,0,1804,0.050000,0,1
20261007T100007181Z_e407267f5160429bb1e8d9eb7b844d2c,,,1,278,2026-10-07T10:00:22.7284502Z,15.533631,12.767894,1804,1,0,WaitingForPhaseBoundary,0,0,TaskSwitchDisplay,1,,1,Target,,1,Move1,,0,0,0,0,0.000000,0.000000,0,0.050000,20.000000,9.364000,0.000000,16.000000,19.000000,4.000000,-19.000000,4.000000,19.000000,40.000000,250.000000,0,0.000000,,,,0.000000,0.000000,0.000000,0,75.000000,70.000000,,,,,,,,,
20261007T100007181Z_e407267f5160429bb1e8d9eb7b844d2c,,,1,279,2026-10-07T10:00:22.7816158Z,15.587560,12.821899,1809,1,0,WaitingForPhaseBoundary,0,0,TaskSwitchDisplay,1,,0,Source,1,1,Move1,Move1.PickupCoarseMove,1,1,0,0,12.689210,0.000000,0,0.050000,0.000000,9.364000,0.000000,-4.000000,0.000000,4.000000,0.000000,4.000000,0.000000,20.000000,250.000000,0,0.000000,1770.000000,,-1770.000000,0.000000,0.000000,0.000000,0,75.000000,70.000000,"{""stepId"":""Move1.PickupCoarseMove"",""displayName"":""吸着位置へ大まかに移動"",""majorPhase"":0,""completionConditions"":[{""conditionType"":1,""threshold"":0.5,""secondaryThreshold"":0.5},{""conditionType"":3,""threshold"":0.0,""secondaryThreshold"":0.0}],""requiredStableSeconds"":0.4000000059604645}",0.000000,0,1,0,1809,0.050000,0,1
20261007T100007181Z_e407267f5160429bb1e8d9eb7b844d2c,,,1,279,2026-10-07T10:00:22.7816158Z,15.587560,12.821899,1809,1,0,WaitingForPhaseBoundary,0,0,TaskSwitchDisplay,1,,1,Target,,1,Move1,,0,0,0,0,0.000000,0.000000,0,0.050000,20.000000,9.364000,0.000000,16.000000,19.000000,4.000000,-19.000000,4.000000,19.000000,40.000000,250.000000,0,0.000000,,,,0.000000,0.000000,0.000000,0,75.000000,70.000000,,,,,,,,,
20261007T100007181Z_e407267f5160429bb1e8d9eb7b844d2c,,,1,280,2026-10-07T10:00:22.8401883Z,15.645483,12.879895,1814,1,0,WaitingForPhaseBoundary,0,0,TaskSwitchDisplay,1,,0,Source,1,1,Move1,Move1.PickupCoarseMove,1,1,0,0,12.747207,0.000000,0,0.050000,0.000000,9.364000,0.000000,-4.000000,0.000000,4.000000,0.000000,4.000000,0.000000,20.000000,250.000000,0,0.000000,1770.000000,,-1770.000000,0.000000,0.000000,0.000000,0,75.000000,70.000000,"{""stepId"":""Move1.PickupCoarseMove"",""displayName"":""吸着位置へ大まかに移動"",""majorPhase"":0,""completionConditions"":[{""conditionType"":1,""threshold"":0.5,""secondaryThreshold"":0.5},{""conditionType"":3,""threshold"":0.0,""secondaryThreshold"":0.0}],""requiredStableSeconds"":0.4000000059604645}",0.000000,0,1,0,1814,0.050000,0,1
20261007T100007181Z_e407267f5160429bb1e8d9eb7b844d2c,,,1,280,2026-10-07T10:00:22.8401883Z,15.645483,12.879895,1814,1,0,WaitingForPhaseBoundary,0,0,TaskSwitchDisplay,1,,1,Target,,1,Move1,,0,0,0,0,0.000000,0.000000,0,0.050000,20.000000,9.364000,0.000000,16.000000,19.000000,4.000000,-19.000000,4.000000,19.000000,40.000000,250.000000,0,0.000000,,,,0.000000,0.000000,0.000000,0,75.000000,70.000000,,,,,,,,,
20261007T100007181Z_e407267f5160429bb1e8d9eb7b844d2c,,,1,281,2026-10-07T10:00:22.8954523Z,15.701334,12.936369,1819,1,0,WaitingForPhaseBoundary,0,0,TaskSwitchDisplay,1,,0,Source,1,1,Move1,Move1.PickupCoarseMove,1,1,0,0,12.803680,0.000000,0,0.050000,0.000000,9.364000,0.000000,-4.000000,0.000000,4.000000,0.000000,4.000000,0.000000,20.000000,250.000000,0,0.000000,1770.000000,,-1770.000000,0.000000,0.000000,0.000000,0,75.000000,70.000000,"{""stepId"":""Move1.PickupCoarseMove"",""displayName"":""吸着位置へ大まかに移動"",""majorPhase"":0,""completionConditions"":[{""conditionType"":1,""threshold"":0.5,""secondaryThreshold"":0.5},{""conditionType"":3,""threshold"":0.0,""secondaryThreshold"":0.0}],""requiredStableSeconds"":0.4000000059604645}",0.000000,0,1,0,1819,0.050000,0,1
20261007T100007181Z_e407267f5160429bb1e8d9eb7b844d2c,,,1,281,2026-10-07T10:00:22.8954523Z,15.701334,12.936369,1819,1,0,WaitingForPhaseBoundary,0,0,TaskSwitchDisplay,1,,1,Target,,1,Move1,,0,0,0,0,0.000000,0.000000,0,0.050000,20.000000,9.364000,0.000000,16.000000,19.000000,4.000000,-19.000000,4.000000,19.000000,40.000000,250.000000,0,0.000000,,,,0.000000,0.000000,0.000000,0,75.000000,70.000000,,,,,,,,,
20261007T100007181Z_e407267f5160429bb1e8d9eb7b844d2c,,,1,282,2026-10-07T10:00:22.9520191Z,15.757409,12.992076,1824,1,0,WaitingForPhaseBoundary,0,0,TaskSwitchDisplay,1,,0,Source,1,1,Move1,Move1.PickupCoarseMove,1,1,0,0,12.859388,0.000000,0,0.050000,0.000000,9.364000,0.000000,-4.000000,0.000000,4.000000,0.000000,4.000000,0.000000,20.000000,250.000000,0,0.000000,1770.000000,,-1770.000000,0.000000,0.000000,0.000000,0,75.000000,70.000000,"{""stepId"":""Move1.PickupCoarseMove"",""displayName"":""吸着位置へ大まかに移動"",""majorPhase"":0,""completionConditions"":[{""conditionType"":1,""threshold"":0.5,""secondaryThreshold"":0.5},{""conditionType"":3,""threshold"":0.0,""secondaryThreshold"":0.0}],""requiredStableSeconds"":0.4000000059604645}",0.000000,0,1,0,1824,0.050000,0,1
20261007T100007181Z_e407267f5160429bb1e8d9eb7b844d2c,,,1,282,2026-10-07T10:00:22.9520191Z,15.757409,12.992076,1824,1,0,WaitingForPhaseBoundary,0,0,TaskSwitchDisplay,1,,1,Target,,1,Move1,,0,0,0,0,0.000000,0.000000,0,0.050000,20.000000,9.364000,0.000000,16.000000,19.000000,4.000000,-19.000000,4.000000,19.000000,40.000000,250.000000,0,0.000000,,,,0.000000,0.000000,0.000000,0,75.000000,70.000000,,,,,,,,,
20261007T100007181Z_e407267f5160429bb1e8d9eb7b844d2c,,,1,283,2026-10-07T10:00:23.0068350Z,15.812142,13.046635,1829,1,0,WaitingForPhaseBoundary,0,0,TaskSwitchDisplay,1,,0,Source,1,1,Move1,Move1.PickupCoarseMove,1,1,0,0,12.913947,0.000000,0,0.050000,0.000000,9.364000,0.000000,-4.000000,0.000000,4.000000,0.000000,4.000000,0.000000,20.000000,250.000000,0,0.000000,1770.000000,,-1770.000000,0.000000,0.000000,0.000000,0,75.000000,70.000000,"{""stepId"":""Move1.PickupCoarseMove"",""displayName"":""吸着位置へ大まかに移動"",""majorPhase"":0,""completionConditions"":[{""conditionType"":1,""threshold"":0.5,""secondaryThreshold"":0.5},{""conditionType"":3,""threshold"":0.0,""secondaryThreshold"":0.0}],""requiredStableSeconds"":0.4000000059604645}",0.000000,0,1,0,1829,0.050000,0,1
20261007T100007181Z_e407267f5160429bb1e8d9eb7b844d2c,,,1,283,2026-10-07T10:00:23.0068350Z,15.812142,13.046635,1829,1,0,WaitingForPhaseBoundary,0,0,TaskSwitchDisplay,1,,1,Target,,1,Move1,,0,0,0,0,0.000000,0.000000,0,0.050000,20.000000,9.364000,0.000000,16.000000,19.000000,4.000000,-19.000000,4.000000,19.000000,40.000000,250.000000,0,0.000000,,,,0.000000,0.000000,0.000000,0,75.000000,70.000000,,,,,,,,,
20261007T100007181Z_e407267f5160429bb1e8d9eb7b844d2c,,,1,284,2026-10-07T10:00:23.0606690Z,15.865772,13.099839,1834,1,0,WaitingForPhaseBoundary,0,0,TaskSwitchDisplay,1,,0,Source,1,1,Move1,Move1.PickupCoarseMove,1,1,0,0,12.967152,0.000000,0,0.050000,0.000000,9.364000,0.000000,-4.000000,0.000000,4.000000,0.000000,4.000000,0.000000,20.000000,250.000000,0,0.000000,1770.000000,,-1770.000000,0.000000,0.000000,0.000000,0,75.000000,70.000000,"{""stepId"":""Move1.PickupCoarseMove"",""displayName"":""吸着位置へ大まかに移動"",""majorPhase"":0,""completionConditions"":[{""conditionType"":1,""threshold"":0.5,""secondaryThreshold"":0.5},{""conditionType"":3,""threshold"":0.0,""secondaryThreshold"":0.0}],""requiredStableSeconds"":0.4000000059604645}",0.000000,0,1,0,1834,0.050000,0,1
20261007T100007181Z_e407267f5160429bb1e8d9eb7b844d2c,,,1,284,2026-10-07T10:00:23.0606690Z,15.865772,13.099839,1834,1,0,WaitingForPhaseBoundary,0,0,TaskSwitchDisplay,1,,1,Target,,1,Move1,,0,0,0,0,0.000000,0.000000,0,0.050000,20.000000,9.364000,0.000000,16.000000,19.000000,4.000000,-19.000000,4.000000,19.000000,40.000000,250.000000,0,0.000000,,,,0.000000,0.000000,0.000000,0,75.000000,70.000000,,,,,,,,,
20261007T100007181Z_e407267f5160429bb1e8d9eb7b844d2c,,,1,285,2026-10-07T10:00:23.1106848Z,15.915985,13.151051,1839,1,0,WaitingForPhaseBoundary,0,0,TaskSwitchDisplay,1,,0,Source,1,1,Move1,Move1.PickupCoarseMove,1,1,0,0,13.018364,0.000000,0,0.050000,0.000000,9.364000,0.000000,-4.000000,0.000000,4.000000,0.000000,4.000000,0.000000,20.000000,250.000000,0,0.000000,1770.000000,,-1770.000000,0.000000,0.000000,0.000000,0,75.000000,70.000000,"{""stepId"":""Move1.PickupCoarseMove"",""displayName"":""吸着位置へ大まかに移動"",""majorPhase"":0,""completionConditions"":[{""conditionType"":1,""threshold"":0.5,""secondaryThreshold"":0.5},{""conditionType"":3,""threshold"":0.0,""secondaryThreshold"":0.0}],""requiredStableSeconds"":0.4000000059604645}",0.000000,0,1,0,1839,0.050000,0,1
20261007T100007181Z_e407267f5160429bb1e8d9eb7b844d2c,,,1,285,2026-10-07T10:00:23.1106848Z,15.915985,13.151051,1839,1,0,WaitingForPhaseBoundary,0,0,TaskSwitchDisplay,1,,1,Target,,1,Move1,,0,0,0,0,0.000000,0.000000,0,0.050000,20.000000,9.364000,0.000000,16.000000,19.000000,4.000000,-19.000000,4.000000,19.000000,40.000000,250.000000,0,0.000000,,,,0.000000,0.000000,0.000000,0,75.000000,70.000000,,,,,,,,,
20261007T100007181Z_e407267f5160429bb1e8d9eb7b844d2c,,,1,286,2026-10-07T10:00:23.1645710Z,15.969748,13.204363,1844,1,0,WaitingForPhaseBoundary,0,0,TaskSwitchDisplay,1,,0,Source,1,1,Move1,Move1.PickupCoarseMove,1,1,0,0,13.071675,0.000000,0,0.050000,0.000000,9.364000,0.000000,-4.000000,0.000000,4.000000,0.000000,4.000000,0.000000,20.000000,250.000000,0,0.000000,1770.000000,,-1770.000000,0.000000,0.000000,0.000000,0,75.000000,70.000000,"{""stepId"":""Move1.PickupCoarseMove"",""displayName"":""吸着位置へ大まかに移動"",""majorPhase"":0,""completionConditions"":[{""conditionType"":1,""threshold"":0.5,""secondaryThreshold"":0.5},{""conditionType"":3,""threshold"":0.0,""secondaryThreshold"":0.0}],""requiredStableSeconds"":0.4000000059604645}",0.000000,0,1,0,1844,0.050000,0,1
20261007T100007181Z_e407267f5160429bb1e8d9eb7b844d2c,,,1,286,2026-10-07T10:00:23.1645710Z,15.969748,13.204363,1844,1,0,WaitingForPhaseBoundary,0,0,TaskSwitchDisplay,1,,1,Target,,1,Move1,,0,0,0,0,0.000000,0.000000,0,0.050000,20.000000,9.364000,0.000000,16.000000,19.000000,4.000000,-19.000000,4.000000,19.000000,40.000000,250.000000,0,0.000000,,,,0.000000,0.000000,0.000000,0,75.000000,70.000000,,,,,,,,,
20261007T100007181Z_e407267f5160429bb1e8d9eb7b844d2c,,,1,287,2026-10-07T10:00:23.2207938Z,16.026743,13.261022,1849,1,0,WaitingForPhaseBoundary,0,0,TaskSwitchDisplay,1,,0,Source,1,1,Move1,Move1.PickupCoarseMove,1,1,0,0,13.128335,0.000000,0,0.050000,0.000000,9.364000,0.000000,-4.000000,0.000000,4.000000,0.000000,4.000000,0.000000,20.000000,250.000000,0,0.000000,1770.000000,,-1770.000000,0.000000,0.000000,0.000000,0,75.000000,70.000000,"{""stepId"":""Move1.PickupCoarseMove"",""displayName"":""吸着位置へ大まかに移動"",""majorPhase"":0,""completionConditions"":[{""conditionType"":1,""threshold"":0.5,""secondaryThreshold"":0.5},{""conditionType"":3,""threshold"":0.0,""secondaryThreshold"":0.0}],""requiredStableSeconds"":0.4000000059604645}",0.000000,0,1,0,1849,0.050000,0,1
20261007T100007181Z_e407267f5160429bb1e8d9eb7b844d2c,,,1,287,2026-10-07T10:00:23.2207938Z,16.026743,13.261022,1849,1,0,WaitingForPhaseBoundary,0,0,TaskSwitchDisplay,1,,1,Target,,1,Move1,,0,0,0,0,0.000000,0.000000,0,0.050000,20.000000,9.364000,0.000000,16.000000,19.000000,4.000000,-19.000000,4.000000,19.000000,40.000000,250.000000,0,0.000000,,,,0.000000,0.000000,0.000000,0,75.000000,70.000000,,,,,,,,,
20261007T100007181Z_e407267f5160429bb1e8d9eb7b844d2c,,,1,288,2026-10-07T10:00:23.2741553Z,16.079853,13.315006,1854,1,0,WaitingForPhaseBoundary,0,0,TaskSwitchDisplay,1,,0,Source,1,1,Move1,Move1.PickupCoarseMove,1,1,0,0,13.182319,0.000000,0,0.050000,0.000000,9.364000,0.000000,-4.000000,0.000000,4.000000,0.000000,4.000000,0.000000,20.000000,250.000000,0,0.000000,1770.000000,,-1770.000000,0.000000,0.000000,0.000000,0,75.000000,70.000000,"{""stepId"":""Move1.PickupCoarseMove"",""displayName"":""吸着位置へ大まかに移動"",""majorPhase"":0,""completionConditions"":[{""conditionType"":1,""threshold"":0.5,""secondaryThreshold"":0.5},{""conditionType"":3,""threshold"":0.0,""secondaryThreshold"":0.0}],""requiredStableSeconds"":0.4000000059604645}",0.000000,0,1,0,1854,0.050000,0,1
20261007T100007181Z_e407267f5160429bb1e8d9eb7b844d2c,,,1,288,2026-10-07T10:00:23.2741553Z,16.079853,13.315006,1854,1,0,WaitingForPhaseBoundary,0,0,TaskSwitchDisplay,1,,1,Target,,1,Move1,,0,0,0,0,0.000000,0.000000,0,0.050000,20.000000,9.364000,0.000000,16.000000,19.000000,4.000000,-19.000000,4.000000,19.000000,40.000000,250.000000,0,0.000000,,,,0.000000,0.000000,0.000000,0,75.000000,70.000000,,,,,,,,,
20261007T100007181Z_e407267f5160429bb1e8d9eb7b844d2c,,,1,289,2026-10-07T10:00:23.3289610Z,16.134470,13.368873,1858,1,0,WaitingForPhaseBoundary,0,0,TaskSwitchDisplay,1,,0,Source,1,1,Move1,Move1.PickupCoarseMove,1,1,0,0,13.236184,0.000000,0,0.050000,0.000000,9.364000,0.000000,-4.000000,0.000000,4.000000,0.000000,4.000000,0.000000,20.000000,250.000000,0,0.000000,1770.000000,,-1770.000000,0.000000,0.000000,0.000000,0,75.000000,70.000000,"{""stepId"":""Move1.PickupCoarseMove"",""displayName"":""吸着位置へ大まかに移動"",""majorPhase"":0,""completionConditions"":[{""conditionType"":1,""threshold"":0.5,""secondaryThreshold"":0.5},{""conditionType"":3,""threshold"":0.0,""secondaryThreshold"":0.0}],""requiredStableSeconds"":0.4000000059604645}",0.000000,0,1,0,1858,0.050000,0,1
20261007T100007181Z_e407267f5160429bb1e8d9eb7b844d2c,,,1,289,2026-10-07T10:00:23.3289610Z,16.134470,13.368873,1858,1,0,WaitingForPhaseBoundary,0,0,TaskSwitchDisplay,1,,1,Target,,1,Move1,,0,0,0,0,0.000000,0.000000,0,0.050000,20.000000,9.364000,0.000000,16.000000,19.000000,4.000000,-19.000000,4.000000,19.000000,40.000000,250.000000,0,0.000000,,,,0.000000,0.000000,0.000000,0,75.000000,70.000000,,,,,,,,,
20261007T100007181Z_e407267f5160429bb1e8d9eb7b844d2c,,,1,290,2026-10-07T10:00:23.3914673Z,16.196767,13.431203,1862,1,0,WaitingForPhaseBoundary,0,0,TaskSwitchDisplay,1,,0,Source,1,1,Move1,Move1.PickupCoarseMove,1,1,0,0,13.298514,0.000000,0,0.050000,0.000000,9.364000,0.000000,-4.000000,0.000000,4.000000,0.000000,4.000000,0.000000,20.000000,250.000000,0,0.000000,1770.000000,,-1770.000000,0.000000,0.000000,0.000000,0,75.000000,70.000000,"{""stepId"":""Move1.PickupCoarseMove"",""displayName"":""吸着位置へ大まかに移動"",""majorPhase"":0,""completionConditions"":[{""conditionType"":1,""threshold"":0.5,""secondaryThreshold"":0.5},{""conditionType"":3,""threshold"":0.0,""secondaryThreshold"":0.0}],""requiredStableSeconds"":0.4000000059604645}",0.000000,0,1,0,1862,0.050000,0,1
20261007T100007181Z_e407267f5160429bb1e8d9eb7b844d2c,,,1,290,2026-10-07T10:00:23.3914673Z,16.196767,13.431203,1862,1,0,WaitingForPhaseBoundary,0,0,TaskSwitchDisplay,1,,1,Target,,1,Move1,,0,0,0,0,0.000000,0.000000,0,0.050000,20.000000,9.364000,0.000000,16.000000,19.000000,4.000000,-19.000000,4.000000,19.000000,40.000000,250.000000,0,0.000000,,,,0.000000,0.000000,0.000000,0,75.000000,70.000000,,,,,,,,,
20261007T100007181Z_e407267f5160429bb1e8d9eb7b844d2c,,,1,291,2026-10-07T10:00:23.4545694Z,16.259982,13.494919,1866,1,0,WaitingForPhaseBoundary,0,0,TaskSwitchDisplay,1,,0,Source,1,1,Move1,Move1.PickupCoarseMove,1,1,0,0,13.362231,0.000000,0,0.050000,0.000000,9.364000,0.000000,-4.000000,0.000000,4.000000,0.000000,4.000000,0.000000,20.000000,250.000000,0,0.000000,1770.000000,,-1770.000000,0.000000,0.000000,0.000000,0,75.000000,70.000000,"{""stepId"":""Move1.PickupCoarseMove"",""displayName"":""吸着位置へ大まかに移動"",""majorPhase"":0,""completionConditions"":[{""conditionType"":1,""threshold"":0.5,""secondaryThreshold"":0.5},{""conditionType"":3,""threshold"":0.0,""secondaryThreshold"":0.0}],""requiredStableSeconds"":0.4000000059604645}",0.000000,0,1,0,1866,0.050000,0,1
20261007T100007181Z_e407267f5160429bb1e8d9eb7b844d2c,,,1,291,2026-10-07T10:00:23.4545694Z,16.259982,13.494919,1866,1,0,WaitingForPhaseBoundary,0,0,TaskSwitchDisplay,1,,1,Target,,1,Move1,,0,0,0,0,0.000000,0.000000,0,0.050000,20.000000,9.364000,0.000000,16.000000,19.000000,4.000000,-19.000000,4.000000,19.000000,40.000000,250.000000,0,0.000000,,,,0.000000,0.000000,0.000000,0,75.000000,70.000000,,,,,,,,,
20261007T100007181Z_e407267f5160429bb1e8d9eb7b844d2c,,,1,292,2026-10-07T10:00:23.5169365Z,16.322824,13.558014,1870,1,0,WaitingForPhaseBoundary,0,0,TaskSwitchDisplay,1,,0,Source,1,1,Move1,Move1.PickupCoarseMove,1,1,0,0,13.425326,0.000000,0,0.050000,0.000000,9.364000,0.000000,-4.000000,0.000000,4.000000,0.000000,4.000000,0.000000,20.000000,250.000000,0,0.000000,1770.000000,,-1770.000000,0.000000,0.000000,0.000000,0,75.000000,70.000000,"{""stepId"":""Move1.PickupCoarseMove"",""displayName"":""吸着位置へ大まかに移動"",""majorPhase"":0,""completionConditions"":[{""conditionType"":1,""threshold"":0.5,""secondaryThreshold"":0.5},{""conditionType"":3,""threshold"":0.0,""secondaryThreshold"":0.0}],""requiredStableSeconds"":0.4000000059604645}",0.000000,0,1,0,1870,0.050000,0,1
20261007T100007181Z_e407267f5160429bb1e8d9eb7b844d2c,,,1,292,2026-10-07T10:00:23.5169365Z,16.322824,13.558014,1870,1,0,WaitingForPhaseBoundary,0,0,TaskSwitchDisplay,1,,1,Target,,1,Move1,,0,0,0,0,0.000000,0.000000,0,0.050000,20.000000,9.364000,0.000000,16.000000,19.000000,4.000000,-19.000000,4.000000,19.000000,40.000000,250.000000,0,0.000000,,,,0.000000,0.000000,0.000000,0,75.000000,70.000000,,,,,,,,,
20261007T100007181Z_e407267f5160429bb1e8d9eb7b844d2c,,,1,293,2026-10-07T10:00:23.5808493Z,16.386790,13.621330,1874,1,0,WaitingForPhaseBoundary,0,0,TaskSwitchDisplay,1,,0,Source,1,1,Move1,Move1.PickupCoarseMove,1,1,0,0,13.488643,0.000000,0,0.050000,0.000000,9.364000,0.000000,-4.000000,0.000000,4.000000,0.000000,4.000000,0.000000,20.000000,250.000000,0,0.000000,1770.000000,,-1770.000000,0.000000,0.000000,0.000000,0,75.000000,70.000000,"{""stepId"":""Move1.PickupCoarseMove"",""displayName"":""吸着位置へ大まかに移動"",""majorPhase"":0,""completionConditions"":[{""conditionType"":1,""threshold"":0.5,""secondaryThreshold"":0.5},{""conditionType"":3,""threshold"":0.0,""secondaryThreshold"":0.0}],""requiredStableSeconds"":0.4000000059604645}",0.000000,0,1,0,1874,0.050000,0,1
20261007T100007181Z_e407267f5160429bb1e8d9eb7b844d2c,,,1,293,2026-10-07T10:00:23.5808493Z,16.386790,13.621330,1874,1,0,WaitingForPhaseBoundary,0,0,TaskSwitchDisplay,1,,1,Target,,1,Move1,,0,0,0,0,0.000000,0.000000,0,0.050000,20.000000,9.364000,0.000000,16.000000,19.000000,4.000000,-19.000000,4.000000,19.000000,40.000000,250.000000,0,0.000000,,,,0.000000,0.000000,0.000000,0,75.000000,70.000000,,,,,,,,,
20261007T100007181Z_e407267f5160429bb1e8d9eb7b844d2c,,,1,294,2026-10-07T10:00:23.6408738Z,16.447048,13.681622,1878,1,0,WaitingForPhaseBoundary,0,0,TaskSwitchDisplay,1,,0,Source,1,1,Move1,Move1.PickupCoarseMove,1,1,0,0,13.548933,0.000000,0,0.050000,0.000000,9.364000,0.000000,-4.000000,0.000000,4.000000,0.000000,4.000000,0.000000,20.000000,250.000000,0,0.000000,1770.000000,,-1770.000000,0.000000,0.000000,0.000000,0,75.000000,70.000000,"{""stepId"":""Move1.PickupCoarseMove"",""displayName"":""吸着位置へ大まかに移動"",""majorPhase"":0,""completionConditions"":[{""conditionType"":1,""threshold"":0.5,""secondaryThreshold"":0.5},{""conditionType"":3,""threshold"":0.0,""secondaryThreshold"":0.0}],""requiredStableSeconds"":0.4000000059604645}",0.000000,0,1,0,1878,0.050000,0,1
20261007T100007181Z_e407267f5160429bb1e8d9eb7b844d2c,,,1,294,2026-10-07T10:00:23.6408738Z,16.447048,13.681622,1878,1,0,WaitingForPhaseBoundary,0,0,TaskSwitchDisplay,1,,1,Target,,1,Move1,,0,0,0,0,0.000000,0.000000,0,0.050000,20.000000,9.364000,0.000000,16.000000,19.000000,4.000000,-19.000000,4.000000,19.000000,40.000000,250.000000,0,0.000000,,,,0.000000,0.000000,0.000000,0,75.000000,70.000000,,,,,,,,,
20261007T100007181Z_e407267f5160429bb1e8d9eb7b844d2c,,,1,295,2026-10-07T10:00:23.6968229Z,16.502595,13.737774,1883,1,0,WaitingForPhaseBoundary,0,0,TaskSwitchDisplay,1,,0,Source,1,1,Move1,Move1.PickupCoarseMove,1,1,0,0,13.605084,0.000000,0,0.050000,0.000000,9.364000,0.000000,-4.000000,0.000000,4.000000,0.000000,4.000000,0.000000,20.000000,250.000000,0,0.000000,1770.000000,,-1770.000000,0.000000,0.000000,0.000000,0,75.000000,70.000000,"{""stepId"":""Move1.PickupCoarseMove"",""displayName"":""吸着位置へ大まかに移動"",""majorPhase"":0,""completionConditions"":[{""conditionType"":1,""threshold"":0.5,""secondaryThreshold"":0.5},{""conditionType"":3,""threshold"":0.0,""secondaryThreshold"":0.0}],""requiredStableSeconds"":0.4000000059604645}",0.000000,0,1,0,1883,0.050000,0,1
20261007T100007181Z_e407267f5160429bb1e8d9eb7b844d2c,,,1,295,2026-10-07T10:00:23.6968229Z,16.502595,13.737774,1883,1,0,WaitingForPhaseBoundary,0,0,TaskSwitchDisplay,1,,1,Target,,1,Move1,,0,0,0,0,0.000000,0.000000,0,0.050000,20.000000,9.364000,0.000000,16.000000,19.000000,4.000000,-19.000000,4.000000,19.000000,40.000000,250.000000,0,0.000000,,,,0.000000,0.000000,0.000000,0,75.000000,70.000000,,,,,,,,,
20261007T100007181Z_e407267f5160429bb1e8d9eb7b844d2c,,,1,296,2026-10-07T10:00:23.7552558Z,16.560444,13.795544,1888,1,0,WaitingForPhaseBoundary,0,0,TaskSwitchDisplay,1,,0,Source,1,1,Move1,Move1.PickupCoarseMove,1,1,0,0,13.662855,0.000000,0,0.050000,0.000000,9.364000,0.000000,-4.000000,0.000000,4.000000,0.000000,4.000000,0.000000,20.000000,250.000000,0,0.000000,1770.000000,,-1770.000000,0.000000,0.000000,0.000000,0,75.000000,70.000000,"{""stepId"":""Move1.PickupCoarseMove"",""displayName"":""吸着位置へ大まかに移動"",""majorPhase"":0,""completionConditions"":[{""conditionType"":1,""threshold"":0.5,""secondaryThreshold"":0.5},{""conditionType"":3,""threshold"":0.0,""secondaryThreshold"":0.0}],""requiredStableSeconds"":0.4000000059604645}",0.000000,0,1,0,1888,0.050000,0,1
20261007T100007181Z_e407267f5160429bb1e8d9eb7b844d2c,,,1,296,2026-10-07T10:00:23.7552558Z,16.560444,13.795544,1888,1,0,WaitingForPhaseBoundary,0,0,TaskSwitchDisplay,1,,1,Target,,1,Move1,,0,0,0,0,0.000000,0.000000,0,0.050000,20.000000,9.364000,0.000000,16.000000,19.000000,4.000000,-19.000000,4.000000,19.000000,40.000000,250.000000,0,0.000000,,,,0.000000,0.000000,0.000000,0,75.000000,70.000000,,,,,,,,,
20261007T100007181Z_e407267f5160429bb1e8d9eb7b844d2c,,,1,297,2026-10-07T10:00:23.8090392Z,16.614638,13.848215,1892,1,0,WaitingForPhaseBoundary,0,0,TaskSwitchDisplay,1,,0,Source,1,1,Move1,Move1.PickupCoarseMove,1,1,0,0,13.715527,0.000000,0,0.050000,0.000000,9.364000,0.000000,-4.000000,0.000000,4.000000,0.000000,4.000000,0.000000,20.000000,250.000000,0,0.000000,1770.000000,,-1770.000000,0.000000,0.000000,0.000000,0,75.000000,70.000000,"{""stepId"":""Move1.PickupCoarseMove"",""displayName"":""吸着位置へ大まかに移動"",""majorPhase"":0,""completionConditions"":[{""conditionType"":1,""threshold"":0.5,""secondaryThreshold"":0.5},{""conditionType"":3,""threshold"":0.0,""secondaryThreshold"":0.0}],""requiredStableSeconds"":0.4000000059604645}",0.000000,0,1,0,1892,0.050000,0,1
20261007T100007181Z_e407267f5160429bb1e8d9eb7b844d2c,,,1,297,2026-10-07T10:00:23.8090392Z,16.614638,13.848215,1892,1,0,WaitingForPhaseBoundary,0,0,TaskSwitchDisplay,1,,1,Target,,1,Move1,,0,0,0,0,0.000000,0.000000,0,0.050000,20.000000,9.364000,0.000000,16.000000,19.000000,4.000000,-19.000000,4.000000,19.000000,40.000000,250.000000,0,0.000000,,,,0.000000,0.000000,0.000000,0,75.000000,70.000000,,,,,,,,,
20261007T100007181Z_e407267f5160429bb1e8d9eb7b844d2c,,,1,298,2026-10-07T10:00:23.8722775Z,16.677641,13.911853,1897,1,0,WaitingForPhaseBoundary,0,0,TaskSwitchDisplay,1,,0,Source,1,1,Move1,Move1.PickupCoarseMove,1,1,0,0,13.779164,0.000000,0,0.050000,0.000000,9.364000,0.000000,-4.000000,0.000000,4.000000,0.000000,4.000000,0.000000,20.000000,250.000000,0,0.000000,1770.000000,,-1770.000000,0.000000,0.000000,0.000000,0,75.000000,70.000000,"{""stepId"":""Move1.PickupCoarseMove"",""displayName"":""吸着位置へ大まかに移動"",""majorPhase"":0,""completionConditions"":[{""conditionType"":1,""threshold"":0.5,""secondaryThreshold"":0.5},{""conditionType"":3,""threshold"":0.0,""secondaryThreshold"":0.0}],""requiredStableSeconds"":0.4000000059604645}",0.000000,0,1,0,1897,0.050000,0,1
20261007T100007181Z_e407267f5160429bb1e8d9eb7b844d2c,,,1,298,2026-10-07T10:00:23.8722775Z,16.677641,13.911853,1897,1,0,WaitingForPhaseBoundary,0,0,TaskSwitchDisplay,1,,1,Target,,1,Move1,,0,0,0,0,0.000000,0.000000,0,0.050000,20.000000,9.364000,0.000000,16.000000,19.000000,4.000000,-19.000000,4.000000,19.000000,40.000000,250.000000,0,0.000000,,,,0.000000,0.000000,0.000000,0,75.000000,70.000000,,,,,,,,,
20261007T100007181Z_e407267f5160429bb1e8d9eb7b844d2c,,,1,299,2026-10-07T10:00:23.9249132Z,16.730907,13.965304,1901,1,0,WaitingForPhaseBoundary,0,0,TaskSwitchDisplay,1,,0,Source,1,1,Move1,Move1.PickupCoarseMove,1,1,0,0,13.832616,0.000000,0,0.050000,0.000000,9.364000,0.000000,-4.000000,0.000000,4.000000,0.000000,4.000000,0.000000,20.000000,250.000000,0,0.000000,1770.000000,,-1770.000000,0.000000,0.000000,0.000000,0,75.000000,70.000000,"{""stepId"":""Move1.PickupCoarseMove"",""displayName"":""吸着位置へ大まかに移動"",""majorPhase"":0,""completionConditions"":[{""conditionType"":1,""threshold"":0.5,""secondaryThreshold"":0.5},{""conditionType"":3,""threshold"":0.0,""secondaryThreshold"":0.0}],""requiredStableSeconds"":0.4000000059604645}",0.000000,0,1,0,1901,0.050000,0,1
20261007T100007181Z_e407267f5160429bb1e8d9eb7b844d2c,,,1,299,2026-10-07T10:00:23.9249132Z,16.730907,13.965304,1901,1,0,WaitingForPhaseBoundary,0,0,TaskSwitchDisplay,1,,1,Target,,1,Move1,,0,0,0,0,0.000000,0.000000,0,0.050000,20.000000,9.364000,0.000000,16.000000,19.000000,4.000000,-19.000000,4.000000,19.000000,40.000000,250.000000,0,0.000000,,,,0.000000,0.000000,0.000000,0,75.000000,70.000000,,,,,,,,,
20261007T100007181Z_e407267f5160429bb1e8d9eb7b844d2c,,,1,300,2026-10-07T10:00:23.9880057Z,16.793708,14.028128,1905,1,0,WaitingForPhaseBoundary,0,0,TaskSwitchDisplay,1,,0,Source,1,1,Move1,Move1.PickupCoarseMove,1,1,0,0,13.895439,0.000000,0,0.050000,0.000000,9.364000,0.000000,-4.000000,0.000000,4.000000,0.000000,4.000000,0.000000,20.000000,250.000000,0,0.000000,1770.000000,,-1770.000000,0.000000,0.000000,0.000000,0,75.000000,70.000000,"{""stepId"":""Move1.PickupCoarseMove"",""displayName"":""吸着位置へ大まかに移動"",""majorPhase"":0,""completionConditions"":[{""conditionType"":1,""threshold"":0.5,""secondaryThreshold"":0.5},{""conditionType"":3,""threshold"":0.0,""secondaryThreshold"":0.0}],""requiredStableSeconds"":0.4000000059604645}",0.000000,0,1,0,1905,0.050000,0,1
20261007T100007181Z_e407267f5160429bb1e8d9eb7b844d2c,,,1,300,2026-10-07T10:00:23.9880057Z,16.793708,14.028128,1905,1,0,WaitingForPhaseBoundary,0,0,TaskSwitchDisplay,1,,1,Target,,1,Move1,,0,0,0,0,0.000000,0.000000,0,0.050000,20.000000,9.364000,0.000000,16.000000,19.000000,4.000000,-19.000000,4.000000,19.000000,40.000000,250.000000,0,0.000000,,,,0.000000,0.000000,0.000000,0,75.000000,70.000000,,,,,,,,,
20261007T100007181Z_e407267f5160429bb1e8d9eb7b844d2c,,,1,301,2026-10-07T10:00:24.0384110Z,16.843779,14.078419,1909,1,0,WaitingForPhaseBoundary,0,0,TaskSwitchDisplay,1,,0,Source,1,1,Move1,Move1.PickupCoarseMove,1,1,0,0,13.945731,0.000000,0,0.050000,0.000000,9.364000,0.000000,-4.000000,0.000000,4.000000,0.000000,4.000000,0.000000,20.000000,250.000000,0,0.000000,1770.000000,,-1770.000000,0.000000,0.000000,0.000000,0,75.000000,70.000000,"{""stepId"":""Move1.PickupCoarseMove"",""displayName"":""吸着位置へ大まかに移動"",""majorPhase"":0,""completionConditions"":[{""conditionType"":1,""threshold"":0.5,""secondaryThreshold"":0.5},{""conditionType"":3,""threshold"":0.0,""secondaryThreshold"":0.0}],""requiredStableSeconds"":0.4000000059604645}",0.000000,0,1,0,1909,0.050000,0,1
20261007T100007181Z_e407267f5160429bb1e8d9eb7b844d2c,,,1,301,2026-10-07T10:00:24.0384110Z,16.843779,14.078419,1909,1,0,WaitingForPhaseBoundary,0,0,TaskSwitchDisplay,1,,1,Target,,1,Move1,,0,0,0,0,0.000000,0.000000,0,0.050000,20.000000,9.364000,0.000000,16.000000,19.000000,4.000000,-19.000000,4.000000,19.000000,40.000000,250.000000,0,0.000000,,,,0.000000,0.000000,0.000000,0,75.000000,70.000000,,,,,,,,,
20261007T100007181Z_e407267f5160429bb1e8d9eb7b844d2c,,,1,302,2026-10-07T10:00:24.0904122Z,16.895713,14.130211,1913,1,0,WaitingForPhaseBoundary,0,0,TaskSwitchDisplay,1,,0,Source,1,1,Move1,Move1.PickupCoarseMove,1,1,0,0,13.997522,0.000000,0,0.050000,0.000000,9.364000,0.000000,-4.000000,0.000000,4.000000,0.000000,4.000000,0.000000,20.000000,250.000000,0,0.000000,1770.000000,,-1770.000000,0.000000,0.000000,0.000000,0,75.000000,70.000000,"{""stepId"":""Move1.PickupCoarseMove"",""displayName"":""吸着位置へ大まかに移動"",""majorPhase"":0,""completionConditions"":[{""conditionType"":1,""threshold"":0.5,""secondaryThreshold"":0.5},{""conditionType"":3,""threshold"":0.0,""secondaryThreshold"":0.0}],""requiredStableSeconds"":0.4000000059604645}",0.000000,0,1,0,1913,0.050000,0,1
20261007T100007181Z_e407267f5160429bb1e8d9eb7b844d2c,,,1,302,2026-10-07T10:00:24.0904122Z,16.895713,14.130211,1913,1,0,WaitingForPhaseBoundary,0,0,TaskSwitchDisplay,1,,1,Target,,1,Move1,,0,0,0,0,0.000000,0.000000,0,0.050000,20.000000,9.364000,0.000000,16.000000,19.000000,4.000000,-19.000000,4.000000,19.000000,40.000000,250.000000,0,0.000000,,,,0.000000,0.000000,0.000000,0,75.000000,70.000000,,,,,,,,,
20261007T100007181Z_e407267f5160429bb1e8d9eb7b844d2c,,,1,303,2026-10-07T10:00:24.1558831Z,16.961169,14.194876,1917,1,0,WaitingForPhaseBoundary,0,0,TaskSwitchDisplay,1,,0,Source,1,1,Move1,Move1.PickupCoarseMove,1,1,0,0,14.062188,0.000000,0,0.050000,0.000000,9.364000,0.000000,-4.000000,0.000000,4.000000,0.000000,4.000000,0.000000,20.000000,250.000000,0,0.000000,1770.000000,,-1770.000000,0.000000,0.000000,0.000000,0,75.000000,70.000000,"{""stepId"":""Move1.PickupCoarseMove"",""displayName"":""吸着位置へ大まかに移動"",""majorPhase"":0,""completionConditions"":[{""conditionType"":1,""threshold"":0.5,""secondaryThreshold"":0.5},{""conditionType"":3,""threshold"":0.0,""secondaryThreshold"":0.0}],""requiredStableSeconds"":0.4000000059604645}",0.000000,0,1,0,1917,0.050000,0,1
20261007T100007181Z_e407267f5160429bb1e8d9eb7b844d2c,,,1,303,2026-10-07T10:00:24.1558831Z,16.961169,14.194876,1917,1,0,WaitingForPhaseBoundary,0,0,TaskSwitchDisplay,1,,1,Target,,1,Move1,,0,0,0,0,0.000000,0.000000,0,0.050000,20.000000,9.364000,0.000000,16.000000,19.000000,4.000000,-19.000000,4.000000,19.000000,40.000000,250.000000,0,0.000000,,,,0.000000,0.000000,0.000000,0,75.000000,70.000000,,,,,,,,,
20261007T100007181Z_e407267f5160429bb1e8d9eb7b844d2c,,,1,304,2026-10-07T10:00:24.2104272Z,17.015991,14.250498,1921,1,0,WaitingForPhaseBoundary,0,0,TaskSwitchDisplay,1,,0,Source,1,1,Move1,Move1.PickupCoarseMove,1,1,0,0,14.117810,0.000000,0,0.050000,0.000000,9.364000,0.000000,-4.000000,0.000000,4.000000,0.000000,4.000000,0.000000,20.000000,250.000000,0,0.000000,1770.000000,,-1770.000000,0.000000,0.000000,0.000000,0,75.000000,70.000000,"{""stepId"":""Move1.PickupCoarseMove"",""displayName"":""吸着位置へ大まかに移動"",""majorPhase"":0,""completionConditions"":[{""conditionType"":1,""threshold"":0.5,""secondaryThreshold"":0.5},{""conditionType"":3,""threshold"":0.0,""secondaryThreshold"":0.0}],""requiredStableSeconds"":0.4000000059604645}",0.000000,0,1,0,1921,0.050000,0,1
20261007T100007181Z_e407267f5160429bb1e8d9eb7b844d2c,,,1,304,2026-10-07T10:00:24.2104272Z,17.015991,14.250498,1921,1,0,WaitingForPhaseBoundary,0,0,TaskSwitchDisplay,1,,1,Target,,1,Move1,,0,0,0,0,0.000000,0.000000,0,0.050000,20.000000,9.364000,0.000000,16.000000,19.000000,4.000000,-19.000000,4.000000,19.000000,40.000000,250.000000,0,0.000000,,,,0.000000,0.000000,0.000000,0,75.000000,70.000000,,,,,,,,,
20261007T100007181Z_e407267f5160429bb1e8d9eb7b844d2c,,,1,305,2026-10-07T10:00:24.2702016Z,17.075518,14.310112,1925,1,0,WaitingForPhaseBoundary,0,0,TaskSwitchDisplay,1,,0,Source,1,1,Move1,Move1.PickupCoarseMove,1,1,0,0,14.177425,0.000000,0,0.050000,0.000000,9.364000,0.000000,-4.000000,0.000000,4.000000,0.000000,4.000000,0.000000,20.000000,250.000000,0,0.000000,1770.000000,,-1770.000000,0.000000,0.000000,0.000000,0,75.000000,70.000000,"{""stepId"":""Move1.PickupCoarseMove"",""displayName"":""吸着位置へ大まかに移動"",""majorPhase"":0,""completionConditions"":[{""conditionType"":1,""threshold"":0.5,""secondaryThreshold"":0.5},{""conditionType"":3,""threshold"":0.0,""secondaryThreshold"":0.0}],""requiredStableSeconds"":0.4000000059604645}",0.000000,0,1,0,1925,0.050000,0,1
20261007T100007181Z_e407267f5160429bb1e8d9eb7b844d2c,,,1,305,2026-10-07T10:00:24.2702016Z,17.075518,14.310112,1925,1,0,WaitingForPhaseBoundary,0,0,TaskSwitchDisplay,1,,1,Target,,1,Move1,,0,0,0,0,0.000000,0.000000,0,0.050000,20.000000,9.364000,0.000000,16.000000,19.000000,4.000000,-19.000000,4.000000,19.000000,40.000000,250.000000,0,0.000000,,,,0.000000,0.000000,0.000000,0,75.000000,70.000000,,,,,,,,,
20261007T100007181Z_e407267f5160429bb1e8d9eb7b844d2c,,,1,306,2026-10-07T10:00:24.3321950Z,17.138204,14.372917,1929,1,0,WaitingForPhaseBoundary,0,0,TaskSwitchDisplay,1,,0,Source,1,1,Move1,Move1.PickupCoarseMove,1,1,0,0,14.240231,0.000000,0,0.050000,0.000000,9.364000,0.000000,-4.000000,0.000000,4.000000,0.000000,4.000000,0.000000,20.000000,250.000000,0,0.000000,1770.000000,,-1770.000000,0.000000,0.000000,0.000000,0,75.000000,70.000000,"{""stepId"":""Move1.PickupCoarseMove"",""displayName"":""吸着位置へ大まかに移動"",""majorPhase"":0,""completionConditions"":[{""conditionType"":1,""threshold"":0.5,""secondaryThreshold"":0.5},{""conditionType"":3,""threshold"":0.0,""secondaryThreshold"":0.0}],""requiredStableSeconds"":0.4000000059604645}",0.000000,0,1,0,1929,0.050000,0,1
20261007T100007181Z_e407267f5160429bb1e8d9eb7b844d2c,,,1,306,2026-10-07T10:00:24.3321950Z,17.138204,14.372917,1929,1,0,WaitingForPhaseBoundary,0,0,TaskSwitchDisplay,1,,1,Target,,1,Move1,,0,0,0,0,0.000000,0.000000,0,0.050000,20.000000,9.364000,0.000000,16.000000,19.000000,4.000000,-19.000000,4.000000,19.000000,40.000000,250.000000,0,0.000000,,,,0.000000,0.000000,0.000000,0,75.000000,70.000000,,,,,,,,,
20261007T100007181Z_e407267f5160429bb1e8d9eb7b844d2c,,,1,307,2026-10-07T10:00:24.3935412Z,17.199107,14.434037,1934,1,0,WaitingForPhaseBoundary,0,0,TaskSwitchDisplay,1,,0,Source,1,1,Move1,Move1.PickupCoarseMove,1,1,0,0,14.301350,0.000000,0,0.050000,0.000000,9.364000,0.000000,-4.000000,0.000000,4.000000,0.000000,4.000000,0.000000,20.000000,250.000000,0,0.000000,1770.000000,,-1770.000000,0.000000,0.000000,0.000000,0,75.000000,70.000000,"{""stepId"":""Move1.PickupCoarseMove"",""displayName"":""吸着位置へ大まかに移動"",""majorPhase"":0,""completionConditions"":[{""conditionType"":1,""threshold"":0.5,""secondaryThreshold"":0.5},{""conditionType"":3,""threshold"":0.0,""secondaryThreshold"":0.0}],""requiredStableSeconds"":0.4000000059604645}",0.000000,0,1,0,1934,0.050000,0,1
20261007T100007181Z_e407267f5160429bb1e8d9eb7b844d2c,,,1,307,2026-10-07T10:00:24.3935412Z,17.199107,14.434037,1934,1,0,WaitingForPhaseBoundary,0,0,TaskSwitchDisplay,1,,1,Target,,1,Move1,,0,0,0,0,0.000000,0.000000,0,0.050000,20.000000,9.364000,0.000000,16.000000,19.000000,4.000000,-19.000000,4.000000,19.000000,40.000000,250.000000,0,0.000000,,,,0.000000,0.000000,0.000000,0,75.000000,70.000000,,,,,,,,,
20261007T100007181Z_e407267f5160429bb1e8d9eb7b844d2c,,,1,308,2026-10-07T10:00:24.4488494Z,17.254683,14.489144,1939,1,0,WaitingForPhaseBoundary,0,0,TaskSwitchDisplay,1,,0,Source,1,1,Move1,Move1.PickupCoarseMove,1,1,0,0,14.356457,0.000000,0,0.050000,0.000000,9.364000,0.000000,-4.000000,0.000000,4.000000,0.000000,4.000000,0.000000,20.000000,250.000000,0,0.000000,1770.000000,,-1770.000000,0.000000,0.000000,0.000000,0,75.000000,70.000000,"{""stepId"":""Move1.PickupCoarseMove"",""displayName"":""吸着位置へ大まかに移動"",""majorPhase"":0,""completionConditions"":[{""conditionType"":1,""threshold"":0.5,""secondaryThreshold"":0.5},{""conditionType"":3,""threshold"":0.0,""secondaryThreshold"":0.0}],""requiredStableSeconds"":0.4000000059604645}",0.000000,0,1,0,1939,0.050000,0,1
20261007T100007181Z_e407267f5160429bb1e8d9eb7b844d2c,,,1,308,2026-10-07T10:00:24.4488494Z,17.254683,14.489144,1939,1,0,WaitingForPhaseBoundary,0,0,TaskSwitchDisplay,1,,1,Target,,1,Move1,,0,0,0,0,0.000000,0.000000,0,0.050000,20.000000,9.364000,0.000000,16.000000,19.000000,4.000000,-19.000000,4.000000,19.000000,40.000000,250.000000,0,0.000000,,,,0.000000,0.000000,0.000000,0,75.000000,70.000000,,,,,,,,,
20261007T100007181Z_e407267f5160429bb1e8d9eb7b844d2c,,,1,309,2026-10-07T10:00:24.4998210Z,17.305399,14.539655,1944,1,0,WaitingForPhaseBoundary,0,0,TaskSwitchDisplay,1,,0,Source,1,1,Move1,Move1.PickupCoarseMove,1,1,0,0,14.406969,0.000000,0,0.050000,0.000000,9.364000,0.000000,-4.000000,0.000000,4.000000,0.000000,4.000000,0.000000,20.000000,250.000000,0,0.000000,1770.000000,,-1770.000000,0.000000,0.000000,0.000000,0,75.000000,70.000000,"{""stepId"":""Move1.PickupCoarseMove"",""displayName"":""吸着位置へ大まかに移動"",""majorPhase"":0,""completionConditions"":[{""conditionType"":1,""threshold"":0.5,""secondaryThreshold"":0.5},{""conditionType"":3,""threshold"":0.0,""secondaryThreshold"":0.0}],""requiredStableSeconds"":0.4000000059604645}",0.000000,0,1,0,1944,0.050000,0,1
20261007T100007181Z_e407267f5160429bb1e8d9eb7b844d2c,,,1,309,2026-10-07T10:00:24.4998210Z,17.305399,14.539655,1944,1,0,WaitingForPhaseBoundary,0,0,TaskSwitchDisplay,1,,1,Target,,1,Move1,,0,0,0,0,0.000000,0.000000,0,0.050000,20.000000,9.364000,0.000000,16.000000,19.000000,4.000000,-19.000000,4.000000,19.000000,40.000000,250.000000,0,0.000000,,,,0.000000,0.000000,0.000000,0,75.000000,70.000000,,,,,,,,,
20261007T100007181Z_e407267f5160429bb1e8d9eb7b844d2c,,,1,310,2026-10-07T10:00:24.5518839Z,17.357408,14.592363,1949,1,0,WaitingForPhaseBoundary,0,0,TaskSwitchDisplay,1,,0,Source,1,1,Move1,Move1.PickupCoarseMove,1,1,0,0,14.459677,0.000000,0,0.050000,0.000000,9.364000,0.000000,-4.000000,0.000000,4.000000,0.000000,4.000000,0.000000,20.000000,250.000000,0,0.000000,1770.000000,,-1770.000000,0.000000,0.000000,0.000000,0,75.000000,70.000000,"{""stepId"":""Move1.PickupCoarseMove"",""displayName"":""吸着位置へ大まかに移動"",""majorPhase"":0,""completionConditions"":[{""conditionType"":1,""threshold"":0.5,""secondaryThreshold"":0.5},{""conditionType"":3,""threshold"":0.0,""secondaryThreshold"":0.0}],""requiredStableSeconds"":0.4000000059604645}",0.000000,0,1,0,1949,0.050000,0,1
20261007T100007181Z_e407267f5160429bb1e8d9eb7b844d2c,,,1,310,2026-10-07T10:00:24.5518839Z,17.357408,14.592363,1949,1,0,WaitingForPhaseBoundary,0,0,TaskSwitchDisplay,1,,1,Target,,1,Move1,,0,0,0,0,0.000000,0.000000,0,0.050000,20.000000,9.364000,0.000000,16.000000,19.000000,4.000000,-19.000000,4.000000,19.000000,40.000000,250.000000,0,0.000000,,,,0.000000,0.000000,0.000000,0,75.000000,70.000000,,,,,,,,,
20261007T100007181Z_e407267f5160429bb1e8d9eb7b844d2c,,,1,311,2026-10-07T10:00:24.6126535Z,17.419140,14.654137,1954,1,0,WaitingForPhaseBoundary,0,0,TaskSwitchDisplay,1,,0,Source,1,1,Move1,Move1.PickupCoarseMove,1,1,0,0,14.521451,0.000000,0,0.050000,0.000000,9.364000,0.000000,-4.000000,0.000000,4.000000,0.000000,4.000000,0.000000,20.000000,250.000000,0,0.000000,1770.000000,,-1770.000000,0.000000,0.000000,0.000000,0,75.000000,70.000000,"{""stepId"":""Move1.PickupCoarseMove"",""displayName"":""吸着位置へ大まかに移動"",""majorPhase"":0,""completionConditions"":[{""conditionType"":1,""threshold"":0.5,""secondaryThreshold"":0.5},{""conditionType"":3,""threshold"":0.0,""secondaryThreshold"":0.0}],""requiredStableSeconds"":0.4000000059604645}",0.000000,0,1,0,1954,0.050000,0,1
20261007T100007181Z_e407267f5160429bb1e8d9eb7b844d2c,,,1,311,2026-10-07T10:00:24.6126535Z,17.419140,14.654137,1954,1,0,WaitingForPhaseBoundary,0,0,TaskSwitchDisplay,1,,1,Target,,1,Move1,,0,0,0,0,0.000000,0.000000,0,0.050000,20.000000,9.364000,0.000000,16.000000,19.000000,4.000000,-19.000000,4.000000,19.000000,40.000000,250.000000,0,0.000000,,,,0.000000,0.000000,0.000000,0,75.000000,70.000000,,,,,,,,,
20261007T100007181Z_e407267f5160429bb1e8d9eb7b844d2c,,,1,312,2026-10-07T10:00:24.6717722Z,17.477006,14.711167,1958,1,0,WaitingForPhaseBoundary,0,0,TaskSwitchDisplay,1,,0,Source,1,1,Move1,Move1.PickupCoarseMove,1,1,0,0,14.578481,0.000000,0,0.050000,0.000000,9.364000,0.000000,-4.000000,0.000000,4.000000,0.000000,4.000000,0.000000,20.000000,250.000000,0,0.000000,1770.000000,,-1770.000000,0.000000,0.000000,0.000000,0,75.000000,70.000000,"{""stepId"":""Move1.PickupCoarseMove"",""displayName"":""吸着位置へ大まかに移動"",""majorPhase"":0,""completionConditions"":[{""conditionType"":1,""threshold"":0.5,""secondaryThreshold"":0.5},{""conditionType"":3,""threshold"":0.0,""secondaryThreshold"":0.0}],""requiredStableSeconds"":0.4000000059604645}",0.000000,0,1,0,1958,0.050000,0,1
20261007T100007181Z_e407267f5160429bb1e8d9eb7b844d2c,,,1,312,2026-10-07T10:00:24.6717722Z,17.477006,14.711167,1958,1,0,WaitingForPhaseBoundary,0,0,TaskSwitchDisplay,1,,1,Target,,1,Move1,,0,0,0,0,0.000000,0.000000,0,0.050000,20.000000,9.364000,0.000000,16.000000,19.000000,4.000000,-19.000000,4.000000,19.000000,40.000000,250.000000,0,0.000000,,,,0.000000,0.000000,0.000000,0,75.000000,70.000000,,,,,,,,,
20261007T100007181Z_e407267f5160429bb1e8d9eb7b844d2c,,,1,313,2026-10-07T10:00:24.7273400Z,17.532736,14.767381,1963,1,0,WaitingForPhaseBoundary,0,0,TaskSwitchDisplay,1,,0,Source,1,1,Move1,Move1.PickupCoarseMove,1,1,0,0,14.634695,0.000000,0,0.050000,0.000000,9.364000,0.000000,-4.000000,0.000000,4.000000,0.000000,4.000000,0.000000,20.000000,250.000000,0,0.000000,1770.000000,,-1770.000000,0.000000,0.000000,0.000000,0,75.000000,70.000000,"{""stepId"":""Move1.PickupCoarseMove"",""displayName"":""吸着位置へ大まかに移動"",""majorPhase"":0,""completionConditions"":[{""conditionType"":1,""threshold"":0.5,""secondaryThreshold"":0.5},{""conditionType"":3,""threshold"":0.0,""secondaryThreshold"":0.0}],""requiredStableSeconds"":0.4000000059604645}",0.000000,0,1,0,1963,0.050000,0,1
20261007T100007181Z_e407267f5160429bb1e8d9eb7b844d2c,,,1,313,2026-10-07T10:00:24.7273400Z,17.532736,14.767381,1963,1,0,WaitingForPhaseBoundary,0,0,TaskSwitchDisplay,1,,1,Target,,1,Move1,,0,0,0,0,0.000000,0.000000,0,0.050000,20.000000,9.364000,0.000000,16.000000,19.000000,4.000000,-19.000000,4.000000,19.000000,40.000000,250.000000,0,0.000000,,,,0.000000,0.000000,0.000000,0,75.000000,70.000000,,,,,,,,,
20261007T100007181Z_e407267f5160429bb1e8d9eb7b844d2c,,,1,314,2026-10-07T10:00:24.7834742Z,17.589081,14.823750,1968,1,0,WaitingForPhaseBoundary,0,0,TaskSwitchDisplay,1,,0,Source,1,1,Move1,Move1.PickupCoarseMove,1,1,0,0,14.691063,0.000000,0,0.050000,0.000000,9.364000,0.000000,-4.000000,0.000000,4.000000,0.000000,4.000000,0.000000,20.000000,250.000000,0,0.000000,1770.000000,,-1770.000000,0.000000,0.000000,0.000000,0,75.000000,70.000000,"{""stepId"":""Move1.PickupCoarseMove"",""displayName"":""吸着位置へ大まかに移動"",""majorPhase"":0,""completionConditions"":[{""conditionType"":1,""threshold"":0.5,""secondaryThreshold"":0.5},{""conditionType"":3,""threshold"":0.0,""secondaryThreshold"":0.0}],""requiredStableSeconds"":0.4000000059604645}",0.000000,0,1,0,1968,0.050000,0,1
20261007T100007181Z_e407267f5160429bb1e8d9eb7b844d2c,,,1,314,2026-10-07T10:00:24.7834742Z,17.589081,14.823750,1968,1,0,WaitingForPhaseBoundary,0,0,TaskSwitchDisplay,1,,1,Target,,1,Move1,,0,0,0,0,0.000000,0.000000,0,0.050000,20.000000,9.364000,0.000000,16.000000,19.000000,4.000000,-19.000000,4.000000,19.000000,40.000000,250.000000,0,0.000000,,,,0.000000,0.000000,0.000000,0,75.000000,70.000000,,,,,,,,,
20261007T100007181Z_e407267f5160429bb1e8d9eb7b844d2c,,,1,315,2026-10-07T10:00:24.8391032Z,17.644731,14.879069,1973,1,0,WaitingForPhaseBoundary,0,0,TaskSwitchDisplay,1,,0,Source,1,1,Move1,Move1.PickupCoarseMove,1,1,0,0,14.746382,0.000000,0,0.050000,0.000000,9.364000,0.000000,-4.000000,0.000000,4.000000,0.000000,4.000000,0.000000,20.000000,250.000000,0,0.000000,1770.000000,,-1770.000000,0.000000,0.000000,0.000000,0,75.000000,70.000000,"{""stepId"":""Move1.PickupCoarseMove"",""displayName"":""吸着位置へ大まかに移動"",""majorPhase"":0,""completionConditions"":[{""conditionType"":1,""threshold"":0.5,""secondaryThreshold"":0.5},{""conditionType"":3,""threshold"":0.0,""secondaryThreshold"":0.0}],""requiredStableSeconds"":0.4000000059604645}",0.000000,0,1,0,1973,0.050000,0,1
20261007T100007181Z_e407267f5160429bb1e8d9eb7b844d2c,,,1,315,2026-10-07T10:00:24.8391032Z,17.644731,14.879069,1973,1,0,WaitingForPhaseBoundary,0,0,TaskSwitchDisplay,1,,1,Target,,1,Move1,,0,0,0,0,0.000000,0.000000,0,0.050000,20.000000,9.364000,0.000000,16.000000,19.000000,4.000000,-19.000000,4.000000,19.000000,40.000000,250.000000,0,0.000000,,,,0.000000,0.000000,0.000000,0,75.000000,70.000000,,,,,,,,,
20261007T100007181Z_e407267f5160429bb1e8d9eb7b844d2c,,,1,316,2026-10-07T10:00:24.8922645Z,17.698348,14.933160,1977,1,0,WaitingForPhaseBoundary,0,0,TaskSwitchDisplay,1,,0,Source,1,1,Move1,Move1.PickupCoarseMove,1,1,0,0,14.800473,0.000000,0,0.050000,0.000000,9.364000,0.000000,-4.000000,0.000000,4.000000,0.000000,4.000000,0.000000,20.000000,250.000000,0,0.000000,1770.000000,,-1770.000000,0.000000,0.000000,0.000000,0,75.000000,70.000000,"{""stepId"":""Move1.PickupCoarseMove"",""displayName"":""吸着位置へ大まかに移動"",""majorPhase"":0,""completionConditions"":[{""conditionType"":1,""threshold"":0.5,""secondaryThreshold"":0.5},{""conditionType"":3,""threshold"":0.0,""secondaryThreshold"":0.0}],""requiredStableSeconds"":0.4000000059604645}",0.000000,0,1,0,1977,0.050000,0,1
20261007T100007181Z_e407267f5160429bb1e8d9eb7b844d2c,,,1,316,2026-10-07T10:00:24.8922645Z,17.698348,14.933160,1977,1,0,WaitingForPhaseBoundary,0,0,TaskSwitchDisplay,1,,1,Target,,1,Move1,,0,0,0,0,0.000000,0.000000,0,0.050000,20.000000,9.364000,0.000000,16.000000,19.000000,4.000000,-19.000000,4.000000,19.000000,40.000000,250.000000,0,0.000000,,,,0.000000,0.000000,0.000000,0,75.000000,70.000000,,,,,,,,,
20261007T100007181Z_e407267f5160429bb1e8d9eb7b844d2c,,,1,317,2026-10-07T10:00:24.9570098Z,17.762169,14.997033,1981,1,0,WaitingForPhaseBoundary,0,0,TaskSwitchDisplay,1,,0,Source,1,1,Move1,Move1.PickupCoarseMove,1,1,0,0,14.864347,0.000000,0,0.050000,0.000000,9.364000,0.000000,-4.000000,0.000000,4.000000,0.000000,4.000000,0.000000,20.000000,250.000000,0,0.000000,1770.000000,,-1770.000000,0.000000,0.000000,0.000000,0,75.000000,70.000000,"{""stepId"":""Move1.PickupCoarseMove"",""displayName"":""吸着位置へ大まかに移動"",""majorPhase"":0,""completionConditions"":[{""conditionType"":1,""threshold"":0.5,""secondaryThreshold"":0.5},{""conditionType"":3,""threshold"":0.0,""secondaryThreshold"":0.0}],""requiredStableSeconds"":0.4000000059604645}",0.000000,0,1,0,1981,0.050000,0,1
20261007T100007181Z_e407267f5160429bb1e8d9eb7b844d2c,,,1,317,2026-10-07T10:00:24.9570098Z,17.762169,14.997033,1981,1,0,WaitingForPhaseBoundary,0,0,TaskSwitchDisplay,1,,1,Target,,1,Move1,,0,0,0,0,0.000000,0.000000,0,0.050000,20.000000,9.364000,0.000000,16.000000,19.000000,4.000000,-19.000000,4.000000,19.000000,40.000000,250.000000,0,0.000000,,,,0.000000,0.000000,0.000000,0,75.000000,70.000000,,,,,,,,,
20261007T100007181Z_e407267f5160429bb1e8d9eb7b844d2c,,,1,318,2026-10-07T10:00:25.0169478Z,17.822966,15.058223,1985,1,0,WaitingForPhaseBoundary,0,0,TaskSwitchDisplay,1,,0,Source,1,1,Move1,Move1.PickupCoarseMove,1,1,0,0,14.925537,0.000000,0,0.050000,0.000000,9.364000,0.000000,-4.000000,0.000000,4.000000,0.000000,4.000000,0.000000,20.000000,250.000000,0,0.000000,1770.000000,,-1770.000000,0.000000,0.000000,0.000000,0,75.000000,70.000000,"{""stepId"":""Move1.PickupCoarseMove"",""displayName"":""吸着位置へ大まかに移動"",""majorPhase"":0,""completionConditions"":[{""conditionType"":1,""threshold"":0.5,""secondaryThreshold"":0.5},{""conditionType"":3,""threshold"":0.0,""secondaryThreshold"":0.0}],""requiredStableSeconds"":0.4000000059604645}",0.000000,0,1,0,1985,0.050000,0,1
20261007T100007181Z_e407267f5160429bb1e8d9eb7b844d2c,,,1,318,2026-10-07T10:00:25.0169478Z,17.822966,15.058223,1985,1,0,WaitingForPhaseBoundary,0,0,TaskSwitchDisplay,1,,1,Target,,1,Move1,,0,0,0,0,0.000000,0.000000,0,0.050000,20.000000,9.364000,0.000000,16.000000,19.000000,4.000000,-19.000000,4.000000,19.000000,40.000000,250.000000,0,0.000000,,,,0.000000,0.000000,0.000000,0,75.000000,70.000000,,,,,,,,,
20261007T100007181Z_e407267f5160429bb1e8d9eb7b844d2c,,,1,319,2026-10-07T10:00:25.0779067Z,17.883001,15.118228,1990,1,0,WaitingForPhaseBoundary,0,0,TaskSwitchDisplay,1,,0,Source,1,1,Move1,Move1.PickupCoarseMove,1,1,0,0,14.985540,0.000000,0,0.050000,0.000000,9.364000,0.000000,-4.000000,0.000000,4.000000,0.000000,4.000000,0.000000,20.000000,250.000000,0,0.000000,1770.000000,,-1770.000000,0.000000,0.000000,0.000000,0,75.000000,70.000000,"{""stepId"":""Move1.PickupCoarseMove"",""displayName"":""吸着位置へ大まかに移動"",""majorPhase"":0,""completionConditions"":[{""conditionType"":1,""threshold"":0.5,""secondaryThreshold"":0.5},{""conditionType"":3,""threshold"":0.0,""secondaryThreshold"":0.0}],""requiredStableSeconds"":0.4000000059604645}",0.000000,0,1,0,1990,0.050000,0,1
20261007T100007181Z_e407267f5160429bb1e8d9eb7b844d2c,,,1,319,2026-10-07T10:00:25.0779067Z,17.883001,15.118228,1990,1,0,WaitingForPhaseBoundary,0,0,TaskSwitchDisplay,1,,1,Target,,1,Move1,,0,0,0,0,0.000000,0.000000,0,0.050000,20.000000,9.364000,0.000000,16.000000,19.000000,4.000000,-19.000000,4.000000,19.000000,40.000000,250.000000,0,0.000000,,,,0.000000,0.000000,0.000000,0,75.000000,70.000000,,,,,,,,,
20261007T100007181Z_e407267f5160429bb1e8d9eb7b844d2c,,,1,320,2026-10-07T10:00:25.1333538Z,17.939061,15.174102,1995,1,0,WaitingForPhaseBoundary,0,0,TaskSwitchDisplay,1,,0,Source,1,1,Move1,Move1.PickupCoarseMove,1,1,0,0,15.041416,0.000000,0,0.050000,0.000000,9.364000,0.000000,-4.000000,0.000000,4.000000,0.000000,4.000000,0.000000,20.000000,250.000000,0,0.000000,1770.000000,,-1770.000000,0.000000,0.000000,0.000000,0,75.000000,70.000000,"{""stepId"":""Move1.PickupCoarseMove"",""displayName"":""吸着位置へ大まかに移動"",""majorPhase"":0,""completionConditions"":[{""conditionType"":1,""threshold"":0.5,""secondaryThreshold"":0.5},{""conditionType"":3,""threshold"":0.0,""secondaryThreshold"":0.0}],""requiredStableSeconds"":0.4000000059604645}",0.000000,0,1,0,1995,0.050000,0,1
20261007T100007181Z_e407267f5160429bb1e8d9eb7b844d2c,,,1,320,2026-10-07T10:00:25.1333538Z,17.939061,15.174102,1995,1,0,WaitingForPhaseBoundary,0,0,TaskSwitchDisplay,1,,1,Target,,1,Move1,,0,0,0,0,0.000000,0.000000,0,0.050000,20.000000,9.364000,0.000000,16.000000,19.000000,4.000000,-19.000000,4.000000,19.000000,40.000000,250.000000,0,0.000000,,,,0.000000,0.000000,0.000000,0,75.000000,70.000000,,,,,,,,,
20261007T100007181Z_e407267f5160429bb1e8d9eb7b844d2c,,,1,321,2026-10-07T10:00:25.1864195Z,17.992429,15.226766,1999,1,0,WaitingForPhaseBoundary,0,0,TaskSwitchDisplay,1,,0,Source,1,1,Move1,Move1.PickupCoarseMove,1,1,0,0,15.094080,0.000000,0,0.050000,0.000000,9.364000,0.000000,-4.000000,0.000000,4.000000,0.000000,4.000000,0.000000,20.000000,250.000000,0,0.000000,1770.000000,,-1770.000000,0.000000,0.000000,0.000000,0,75.000000,70.000000,"{""stepId"":""Move1.PickupCoarseMove"",""displayName"":""吸着位置へ大まかに移動"",""majorPhase"":0,""completionConditions"":[{""conditionType"":1,""threshold"":0.5,""secondaryThreshold"":0.5},{""conditionType"":3,""threshold"":0.0,""secondaryThreshold"":0.0}],""requiredStableSeconds"":0.4000000059604645}",0.000000,0,1,0,1999,0.050000,0,1
20261007T100007181Z_e407267f5160429bb1e8d9eb7b844d2c,,,1,321,2026-10-07T10:00:25.1864195Z,17.992429,15.226766,1999,1,0,WaitingForPhaseBoundary,0,0,TaskSwitchDisplay,1,,1,Target,,1,Move1,,0,0,0,0,0.000000,0.000000,0,0.050000,20.000000,9.364000,0.000000,16.000000,19.000000,4.000000,-19.000000,4.000000,19.000000,40.000000,250.000000,0,0.000000,,,,0.000000,0.000000,0.000000,0,75.000000,70.000000,,,,,,,,,
20261007T100007181Z_e407267f5160429bb1e8d9eb7b844d2c,,,1,322,2026-10-07T10:00:25.2383046Z,18.044141,15.278866,2003,1,0,WaitingForPhaseBoundary,0,0,TaskSwitchDisplay,1,,0,Source,1,1,Move1,Move1.PickupCoarseMove,1,1,0,0,15.146180,0.000000,0,0.050000,0.000000,9.364000,0.000000,-4.000000,0.000000,4.000000,0.000000,4.000000,0.000000,20.000000,250.000000,0,0.000000,1770.000000,,-1770.000000,0.000000,0.000000,0.000000,0,75.000000,70.000000,"{""stepId"":""Move1.PickupCoarseMove"",""displayName"":""吸着位置へ大まかに移動"",""majorPhase"":0,""completionConditions"":[{""conditionType"":1,""threshold"":0.5,""secondaryThreshold"":0.5},{""conditionType"":3,""threshold"":0.0,""secondaryThreshold"":0.0}],""requiredStableSeconds"":0.4000000059604645}",0.000000,0,1,0,2003,0.050000,0,1
20261007T100007181Z_e407267f5160429bb1e8d9eb7b844d2c,,,1,322,2026-10-07T10:00:25.2383046Z,18.044141,15.278866,2003,1,0,WaitingForPhaseBoundary,0,0,TaskSwitchDisplay,1,,1,Target,,1,Move1,,0,0,0,0,0.000000,0.000000,0,0.050000,20.000000,9.364000,0.000000,16.000000,19.000000,4.000000,-19.000000,4.000000,19.000000,40.000000,250.000000,0,0.000000,,,,0.000000,0.000000,0.000000,0,75.000000,70.000000,,,,,,,,,
20261007T100007181Z_e407267f5160429bb1e8d9eb7b844d2c,,,1,323,2026-10-07T10:00:25.2920985Z,18.097680,15.332746,2007,1,0,WaitingForPhaseBoundary,0,0,TaskSwitchDisplay,1,,0,Source,1,1,Move1,Move1.PickupCoarseMove,1,1,0,0,15.200061,0.000000,0,0.050000,0.000000,9.364000,0.000000,-4.000000,0.000000,4.000000,0.000000,4.000000,0.000000,20.000000,250.000000,0,0.000000,1770.000000,,-1770.000000,0.000000,0.000000,0.000000,0,75.000000,70.000000,"{""stepId"":""Move1.PickupCoarseMove"",""displayName"":""吸着位置へ大まかに移動"",""majorPhase"":0,""completionConditions"":[{""conditionType"":1,""threshold"":0.5,""secondaryThreshold"":0.5},{""conditionType"":3,""threshold"":0.0,""secondaryThreshold"":0.0}],""requiredStableSeconds"":0.4000000059604645}",0.000000,0,1,0,2007,0.050000,0,1
20261007T100007181Z_e407267f5160429bb1e8d9eb7b844d2c,,,1,323,2026-10-07T10:00:25.2920985Z,18.097680,15.332746,2007,1,0,WaitingForPhaseBoundary,0,0,TaskSwitchDisplay,1,,1,Target,,1,Move1,,0,0,0,0,0.000000,0.000000,0,0.050000,20.000000,9.364000,0.000000,16.000000,19.000000,4.000000,-19.000000,4.000000,19.000000,40.000000,250.000000,0,0.000000,,,,0.000000,0.000000,0.000000,0,75.000000,70.000000,,,,,,,,,
20261007T100007181Z_e407267f5160429bb1e8d9eb7b844d2c,,,1,324,2026-10-07T10:00:25.3504279Z,18.156527,15.391613,2012,1,0,WaitingForPhaseBoundary,0,0,TaskSwitchDisplay,1,,0,Source,1,1,Move1,Move1.PickupCoarseMove,1,1,0,0,15.258927,0.000000,0,0.050000,0.000000,9.364000,0.000000,-4.000000,0.000000,4.000000,0.000000,4.000000,0.000000,20.000000,250.000000,0,0.000000,1770.000000,,-1770.000000,0.000000,0.000000,0.000000,0,75.000000,70.000000,"{""stepId"":""Move1.PickupCoarseMove"",""displayName"":""吸着位置へ大まかに移動"",""majorPhase"":0,""completionConditions"":[{""conditionType"":1,""threshold"":0.5,""secondaryThreshold"":0.5},{""conditionType"":3,""threshold"":0.0,""secondaryThreshold"":0.0}],""requiredStableSeconds"":0.4000000059604645}",0.000000,0,1,0,2012,0.050000,0,1
20261007T100007181Z_e407267f5160429bb1e8d9eb7b844d2c,,,1,324,2026-10-07T10:00:25.3504279Z,18.156527,15.391613,2012,1,0,WaitingForPhaseBoundary,0,0,TaskSwitchDisplay,1,,1,Target,,1,Move1,,0,0,0,0,0.000000,0.000000,0,0.050000,20.000000,9.364000,0.000000,16.000000,19.000000,4.000000,-19.000000,4.000000,19.000000,40.000000,250.000000,0,0.000000,,,,0.000000,0.000000,0.000000,0,75.000000,70.000000,,,,,,,,,
20261007T100007181Z_e407267f5160429bb1e8d9eb7b844d2c,,,1,325,2026-10-07T10:00:25.4059232Z,18.211120,15.445415,2016,1,0,WaitingForPhaseBoundary,0,0,TaskSwitchDisplay,1,,0,Source,1,1,Move1,Move1.PickupCoarseMove,1,1,0,0,15.312729,0.000000,0,0.050000,0.000000,9.364000,0.000000,-4.000000,0.000000,4.000000,0.000000,4.000000,0.000000,20.000000,250.000000,0,0.000000,1770.000000,,-1770.000000,0.000000,0.000000,0.000000,0,75.000000,70.000000,"{""stepId"":""Move1.PickupCoarseMove"",""displayName"":""吸着位置へ大まかに移動"",""majorPhase"":0,""completionConditions"":[{""conditionType"":1,""threshold"":0.5,""secondaryThreshold"":0.5},{""conditionType"":3,""threshold"":0.0,""secondaryThreshold"":0.0}],""requiredStableSeconds"":0.4000000059604645}",0.000000,0,1,0,2016,0.050000,0,1
20261007T100007181Z_e407267f5160429bb1e8d9eb7b844d2c,,,1,325,2026-10-07T10:00:25.4059232Z,18.211120,15.445415,2016,1,0,WaitingForPhaseBoundary,0,0,TaskSwitchDisplay,1,,1,Target,,1,Move1,,0,0,0,0,0.000000,0.000000,0,0.050000,20.000000,9.364000,0.000000,16.000000,19.000000,4.000000,-19.000000,4.000000,19.000000,40.000000,250.000000,0,0.000000,,,,0.000000,0.000000,0.000000,0,75.000000,70.000000,,,,,,,,,
20261007T100007181Z_e407267f5160429bb1e8d9eb7b844d2c,,,1,326,2026-10-07T10:00:25.4614276Z,18.266927,15.500601,2020,1,0,WaitingForPhaseBoundary,0,0,TaskSwitchDisplay,1,,0,Source,1,1,Move1,Move1.PickupCoarseMove,1,1,0,0,15.367914,0.000000,0,0.050000,0.000000,9.364000,0.000000,-4.000000,0.000000,4.000000,0.000000,4.000000,0.000000,20.000000,250.000000,0,0.000000,1770.000000,,-1770.000000,0.000000,0.000000,0.000000,0,75.000000,70.000000,"{""stepId"":""Move1.PickupCoarseMove"",""displayName"":""吸着位置へ大まかに移動"",""majorPhase"":0,""completionConditions"":[{""conditionType"":1,""threshold"":0.5,""secondaryThreshold"":0.5},{""conditionType"":3,""threshold"":0.0,""secondaryThreshold"":0.0}],""requiredStableSeconds"":0.4000000059604645}",0.000000,0,1,0,2020,0.050000,0,1
20261007T100007181Z_e407267f5160429bb1e8d9eb7b844d2c,,,1,326,2026-10-07T10:00:25.4614276Z,18.266927,15.500601,2020,1,0,WaitingForPhaseBoundary,0,0,TaskSwitchDisplay,1,,1,Target,,1,Move1,,0,0,0,0,0.000000,0.000000,0,0.050000,20.000000,9.364000,0.000000,16.000000,19.000000,4.000000,-19.000000,4.000000,19.000000,40.000000,250.000000,0,0.000000,,,,0.000000,0.000000,0.000000,0,75.000000,70.000000,,,,,,,,,
20261007T100007181Z_e407267f5160429bb1e8d9eb7b844d2c,,,1,327,2026-10-07T10:00:25.5118815Z,18.317495,15.552313,2024,1,0,WaitingForPhaseBoundary,0,0,TaskSwitchDisplay,1,,0,Source,1,1,Move1,Move1.PickupCoarseMove,1,1,0,0,15.419626,0.000000,0,0.050000,0.000000,9.364000,0.000000,-4.000000,0.000000,4.000000,0.000000,4.000000,0.000000,20.000000,250.000000,0,0.000000,1770.000000,,-1770.000000,0.000000,0.000000,0.000000,0,75.000000,70.000000,"{""stepId"":""Move1.PickupCoarseMove"",""displayName"":""吸着位置へ大まかに移動"",""majorPhase"":0,""completionConditions"":[{""conditionType"":1,""threshold"":0.5,""secondaryThreshold"":0.5},{""conditionType"":3,""threshold"":0.0,""secondaryThreshold"":0.0}],""requiredStableSeconds"":0.4000000059604645}",0.000000,0,1,0,2024,0.050000,0,1
20261007T100007181Z_e407267f5160429bb1e8d9eb7b844d2c,,,1,327,2026-10-07T10:00:25.5118815Z,18.317495,15.552313,2024,1,0,WaitingForPhaseBoundary,0,0,TaskSwitchDisplay,1,,1,Target,,1,Move1,,0,0,0,0,0.000000,0.000000,0,0.050000,20.000000,9.364000,0.000000,16.000000,19.000000,4.000000,-19.000000,4.000000,19.000000,40.000000,250.000000,0,0.000000,,,,0.000000,0.000000,0.000000,0,75.000000,70.000000,,,,,,,,,
20261007T100007181Z_e407267f5160429bb1e8d9eb7b844d2c,,,1,328,2026-10-07T10:00:25.5725175Z,18.378157,15.613125,2029,1,0,WaitingForPhaseBoundary,0,0,TaskSwitchDisplay,1,,0,Source,1,1,Move1,Move1.PickupCoarseMove,1,1,0,0,15.480439,0.000000,0,0.050000,0.000000,9.364000,0.000000,-4.000000,0.000000,4.000000,0.000000,4.000000,0.000000,20.000000,250.000000,0,0.000000,1770.000000,,-1770.000000,0.000000,0.000000,0.000000,0,75.000000,70.000000,"{""stepId"":""Move1.PickupCoarseMove"",""displayName"":""吸着位置へ大まかに移動"",""majorPhase"":0,""completionConditions"":[{""conditionType"":1,""threshold"":0.5,""secondaryThreshold"":0.5},{""conditionType"":3,""threshold"":0.0,""secondaryThreshold"":0.0}],""requiredStableSeconds"":0.4000000059604645}",0.000000,0,1,0,2029,0.050000,0,1
20261007T100007181Z_e407267f5160429bb1e8d9eb7b844d2c,,,1,328,2026-10-07T10:00:25.5725175Z,18.378157,15.613125,2029,1,0,WaitingForPhaseBoundary,0,0,TaskSwitchDisplay,1,,1,Target,,1,Move1,,0,0,0,0,0.000000,0.000000,0,0.050000,20.000000,9.364000,0.000000,16.000000,19.000000,4.000000,-19.000000,4.000000,19.000000,40.000000,250.000000,0,0.000000,,,,0.000000,0.000000,0.000000,0,75.000000,70.000000,,,,,,,,,
20261007T100007181Z_e407267f5160429bb1e8d9eb7b844d2c,,,1,329,2026-10-07T10:00:25.6281007Z,18.433522,15.668218,2034,1,0,WaitingForPhaseBoundary,0,0,TaskSwitchDisplay,1,,0,Source,1,1,Move1,Move1.PickupCoarseMove,1,1,0,0,15.535533,0.000000,0,0.050000,0.000000,9.364000,0.000000,-4.000000,0.000000,4.000000,0.000000,4.000000,0.000000,20.000000,250.000000,0,0.000000,1770.000000,,-1770.000000,0.000000,0.000000,0.000000,0,75.000000,70.000000,"{""stepId"":""Move1.PickupCoarseMove"",""displayName"":""吸着位置へ大まかに移動"",""majorPhase"":0,""completionConditions"":[{""conditionType"":1,""threshold"":0.5,""secondaryThreshold"":0.5},{""conditionType"":3,""threshold"":0.0,""secondaryThreshold"":0.0}],""requiredStableSeconds"":0.4000000059604645}",0.000000,0,1,0,2034,0.050000,0,1
20261007T100007181Z_e407267f5160429bb1e8d9eb7b844d2c,,,1,329,2026-10-07T10:00:25.6281007Z,18.433522,15.668218,2034,1,0,WaitingForPhaseBoundary,0,0,TaskSwitchDisplay,1,,1,Target,,1,Move1,,0,0,0,0,0.000000,0.000000,0,0.050000,20.000000,9.364000,0.000000,16.000000,19.000000,4.000000,-19.000000,4.000000,19.000000,40.000000,250.000000,0,0.000000,,,,0.000000,0.000000,0.000000,0,75.000000,70.000000,,,,,,,,,
20261007T100007181Z_e407267f5160429bb1e8d9eb7b844d2c,,,1,330,2026-10-07T10:00:25.6873534Z,18.493070,15.727676,2040,1,0,WaitingForPhaseBoundary,0,0,TaskSwitchDisplay,1,,0,Source,1,1,Move1,Move1.PickupCoarseMove,1,1,0,0,15.594990,0.000000,0,0.050000,0.000000,9.364000,0.000000,-4.000000,0.000000,4.000000,0.000000,4.000000,0.000000,20.000000,250.000000,0,0.000000,1770.000000,,-1770.000000,0.000000,0.000000,0.000000,0,75.000000,70.000000,"{""stepId"":""Move1.PickupCoarseMove"",""displayName"":""吸着位置へ大まかに移動"",""majorPhase"":0,""completionConditions"":[{""conditionType"":1,""threshold"":0.5,""secondaryThreshold"":0.5},{""conditionType"":3,""threshold"":0.0,""secondaryThreshold"":0.0}],""requiredStableSeconds"":0.4000000059604645}",0.000000,0,1,0,2040,0.050000,0,1
20261007T100007181Z_e407267f5160429bb1e8d9eb7b844d2c,,,1,330,2026-10-07T10:00:25.6873534Z,18.493070,15.727676,2040,1,0,WaitingForPhaseBoundary,0,0,TaskSwitchDisplay,1,,1,Target,,1,Move1,,0,0,0,0,0.000000,0.000000,0,0.050000,20.000000,9.364000,0.000000,16.000000,19.000000,4.000000,-19.000000,4.000000,19.000000,40.000000,250.000000,0,0.000000,,,,0.000000,0.000000,0.000000,0,75.000000,70.000000,,,,,,,,,
20261007T100007181Z_e407267f5160429bb1e8d9eb7b844d2c,,,1,331,2026-10-07T10:00:25.7380359Z,18.544425,15.779151,2045,1,0,WaitingForPhaseBoundary,0,0,TaskSwitchDisplay,1,,0,Source,1,1,Move1,Move1.PickupCoarseMove,1,1,0,0,15.646464,0.000000,0,0.050000,0.000000,9.364000,0.000000,-4.000000,0.000000,4.000000,0.000000,4.000000,0.000000,20.000000,250.000000,0,0.000000,1770.000000,,-1770.000000,0.000000,0.000000,0.000000,0,75.000000,70.000000,"{""stepId"":""Move1.PickupCoarseMove"",""displayName"":""吸着位置へ大まかに移動"",""majorPhase"":0,""completionConditions"":[{""conditionType"":1,""threshold"":0.5,""secondaryThreshold"":0.5},{""conditionType"":3,""threshold"":0.0,""secondaryThreshold"":0.0}],""requiredStableSeconds"":0.4000000059604645}",0.000000,0,1,0,2045,0.050000,0,1
20261007T100007181Z_e407267f5160429bb1e8d9eb7b844d2c,,,1,331,2026-10-07T10:00:25.7380359Z,18.544425,15.779151,2045,1,0,WaitingForPhaseBoundary,0,0,TaskSwitchDisplay,1,,1,Target,,1,Move1,,0,0,0,0,0.000000,0.000000,0,0.050000,20.000000,9.364000,0.000000,16.000000,19.000000,4.000000,-19.000000,4.000000,19.000000,40.000000,250.000000,0,0.000000,,,,0.000000,0.000000,0.000000,0,75.000000,70.000000,,,,,,,,,
20261007T100007181Z_e407267f5160429bb1e8d9eb7b844d2c,,,1,332,2026-10-07T10:00:25.7981696Z,18.603565,15.838388,2051,1,0,WaitingForPhaseBoundary,0,0,TaskSwitchDisplay,1,,0,Source,1,1,Move1,Move1.PickupCoarseMove,1,1,0,0,15.705702,0.000000,0,0.050000,0.000000,9.364000,0.000000,-4.000000,0.000000,4.000000,0.000000,4.000000,0.000000,20.000000,250.000000,0,0.000000,1770.000000,,-1770.000000,0.000000,0.000000,0.000000,0,75.000000,70.000000,"{""stepId"":""Move1.PickupCoarseMove"",""displayName"":""吸着位置へ大まかに移動"",""majorPhase"":0,""completionConditions"":[{""conditionType"":1,""threshold"":0.5,""secondaryThreshold"":0.5},{""conditionType"":3,""threshold"":0.0,""secondaryThreshold"":0.0}],""requiredStableSeconds"":0.4000000059604645}",0.000000,0,1,0,2051,0.050000,0,1
20261007T100007181Z_e407267f5160429bb1e8d9eb7b844d2c,,,1,332,2026-10-07T10:00:25.7981696Z,18.603565,15.838388,2051,1,0,WaitingForPhaseBoundary,0,0,TaskSwitchDisplay,1,,1,Target,,1,Move1,,0,0,0,0,0.000000,0.000000,0,0.050000,20.000000,9.364000,0.000000,16.000000,19.000000,4.000000,-19.000000,4.000000,19.000000,40.000000,250.000000,0,0.000000,,,,0.000000,0.000000,0.000000,0,75.000000,70.000000,,,,,,,,,
20261007T100007181Z_e407267f5160429bb1e8d9eb7b844d2c,,,1,333,2026-10-07T10:00:25.8535414Z,18.659619,15.894458,2056,1,0,WaitingForPhaseBoundary,0,0,TaskSwitchDisplay,1,,0,Source,1,1,Move1,Move1.PickupCoarseMove,1,1,0,0,15.761773,0.000000,0,0.050000,0.000000,9.364000,0.000000,-4.000000,0.000000,4.000000,0.000000,4.000000,0.000000,20.000000,250.000000,0,0.000000,1770.000000,,-1770.000000,0.000000,0.000000,0.000000,0,75.000000,70.000000,"{""stepId"":""Move1.PickupCoarseMove"",""displayName"":""吸着位置へ大まかに移動"",""majorPhase"":0,""completionConditions"":[{""conditionType"":1,""threshold"":0.5,""secondaryThreshold"":0.5},{""conditionType"":3,""threshold"":0.0,""secondaryThreshold"":0.0}],""requiredStableSeconds"":0.4000000059604645}",0.000000,0,1,0,2056,0.050000,0,1
20261007T100007181Z_e407267f5160429bb1e8d9eb7b844d2c,,,1,333,2026-10-07T10:00:25.8535414Z,18.659619,15.894458,2056,1,0,WaitingForPhaseBoundary,0,0,TaskSwitchDisplay,1,,1,Target,,1,Move1,,0,0,0,0,0.000000,0.000000,0,0.050000,20.000000,9.364000,0.000000,16.000000,19.000000,4.000000,-19.000000,4.000000,19.000000,40.000000,250.000000,0,0.000000,,,,0.000000,0.000000,0.000000,0,75.000000,70.000000,,,,,,,,,
20261007T100007181Z_e407267f5160429bb1e8d9eb7b844d2c,,,1,334,2026-10-07T10:00:25.9097534Z,18.715651,15.949840,2061,1,0,WaitingForPhaseBoundary,0,0,TaskSwitchDisplay,1,,0,Source,1,1,Move1,Move1.PickupCoarseMove,1,1,0,0,15.817155,0.000000,0,0.050000,0.000000,9.364000,0.000000,-4.000000,0.000000,4.000000,0.000000,4.000000,0.000000,20.000000,250.000000,0,0.000000,1770.000000,,-1770.000000,0.000000,0.000000,0.000000,0,75.000000,70.000000,"{""stepId"":""Move1.PickupCoarseMove"",""displayName"":""吸着位置へ大まかに移動"",""majorPhase"":0,""completionConditions"":[{""conditionType"":1,""threshold"":0.5,""secondaryThreshold"":0.5},{""conditionType"":3,""threshold"":0.0,""secondaryThreshold"":0.0}],""requiredStableSeconds"":0.4000000059604645}",0.000000,0,1,0,2061,0.050000,0,1
20261007T100007181Z_e407267f5160429bb1e8d9eb7b844d2c,,,1,334,2026-10-07T10:00:25.9097534Z,18.715651,15.949840,2061,1,0,WaitingForPhaseBoundary,0,0,TaskSwitchDisplay,1,,1,Target,,1,Move1,,0,0,0,0,0.000000,0.000000,0,0.050000,20.000000,9.364000,0.000000,16.000000,19.000000,4.000000,-19.000000,4.000000,19.000000,40.000000,250.000000,0,0.000000,,,,0.000000,0.000000,0.000000,0,75.000000,70.000000,,,,,,,,,
20261007T100007181Z_e407267f5160429bb1e8d9eb7b844d2c,,,1,335,2026-10-07T10:00:25.9636505Z,18.769664,16.002929,2066,1,0,WaitingForPhaseBoundary,0,0,TaskSwitchDisplay,1,,0,Source,1,1,Move1,Move1.PickupCoarseMove,1,1,0,0,15.870243,0.000000,0,0.050000,0.000000,9.364000,0.000000,-4.000000,0.000000,4.000000,0.000000,4.000000,0.000000,20.000000,250.000000,0,0.000000,1770.000000,,-1770.000000,0.000000,0.000000,0.000000,0,75.000000,70.000000,"{""stepId"":""Move1.PickupCoarseMove"",""displayName"":""吸着位置へ大まかに移動"",""majorPhase"":0,""completionConditions"":[{""conditionType"":1,""threshold"":0.5,""secondaryThreshold"":0.5},{""conditionType"":3,""threshold"":0.0,""secondaryThreshold"":0.0}],""requiredStableSeconds"":0.4000000059604645}",0.000000,0,1,0,2066,0.050000,0,1
20261007T100007181Z_e407267f5160429bb1e8d9eb7b844d2c,,,1,335,2026-10-07T10:00:25.9636505Z,18.769664,16.002929,2066,1,0,WaitingForPhaseBoundary,0,0,TaskSwitchDisplay,1,,1,Target,,1,Move1,,0,0,0,0,0.000000,0.000000,0,0.050000,20.000000,9.364000,0.000000,16.000000,19.000000,4.000000,-19.000000,4.000000,19.000000,40.000000,250.000000,0,0.000000,,,,0.000000,0.000000,0.000000,0,75.000000,70.000000,,,,,,,,,
20261007T100007181Z_e407267f5160429bb1e8d9eb7b844d2c,,,1,336,2026-10-07T10:00:26.0163923Z,18.822528,16.057787,2070,1,0,WaitingForPhaseBoundary,0,0,TaskSwitchDisplay,1,,0,Source,1,1,Move1,Move1.PickupCoarseMove,1,1,0,0,15.925103,0.000000,0,0.050000,0.000000,9.364000,0.000000,-4.000000,0.000000,4.000000,0.000000,4.000000,0.000000,20.000000,250.000000,0,0.000000,1770.000000,,-1770.000000,0.000000,0.000000,0.000000,0,75.000000,70.000000,"{""stepId"":""Move1.PickupCoarseMove"",""displayName"":""吸着位置へ大まかに移動"",""majorPhase"":0,""completionConditions"":[{""conditionType"":1,""threshold"":0.5,""secondaryThreshold"":0.5},{""conditionType"":3,""threshold"":0.0,""secondaryThreshold"":0.0}],""requiredStableSeconds"":0.4000000059604645}",0.000000,0,1,0,2070,0.050000,0,1
20261007T100007181Z_e407267f5160429bb1e8d9eb7b844d2c,,,1,336,2026-10-07T10:00:26.0163923Z,18.822528,16.057787,2070,1,0,WaitingForPhaseBoundary,0,0,TaskSwitchDisplay,1,,1,Target,,1,Move1,,0,0,0,0,0.000000,0.000000,0,0.050000,20.000000,9.364000,0.000000,16.000000,19.000000,4.000000,-19.000000,4.000000,19.000000,40.000000,250.000000,0,0.000000,,,,0.000000,0.000000,0.000000,0,75.000000,70.000000,,,,,,,,,
20261007T100007181Z_e407267f5160429bb1e8d9eb7b844d2c,,,1,337,2026-10-07T10:00:26.0784444Z,18.884594,16.119102,2075,1,0,WaitingForPhaseBoundary,0,0,TaskSwitchDisplay,1,,0,Source,1,1,Move1,Move1.PickupCoarseMove,1,1,0,0,15.986418,0.000000,0,0.050000,0.000000,9.364000,0.000000,-4.000000,0.000000,4.000000,0.000000,4.000000,0.000000,20.000000,250.000000,0,0.000000,1770.000000,,-1770.000000,0.000000,0.000000,0.000000,0,75.000000,70.000000,"{""stepId"":""Move1.PickupCoarseMove"",""displayName"":""吸着位置へ大まかに移動"",""majorPhase"":0,""completionConditions"":[{""conditionType"":1,""threshold"":0.5,""secondaryThreshold"":0.5},{""conditionType"":3,""threshold"":0.0,""secondaryThreshold"":0.0}],""requiredStableSeconds"":0.4000000059604645}",0.000000,0,1,0,2075,0.050000,0,1
20261007T100007181Z_e407267f5160429bb1e8d9eb7b844d2c,,,1,337,2026-10-07T10:00:26.0784444Z,18.884594,16.119102,2075,1,0,WaitingForPhaseBoundary,0,0,TaskSwitchDisplay,1,,1,Target,,1,Move1,,0,0,0,0,0.000000,0.000000,0,0.050000,20.000000,9.364000,0.000000,16.000000,19.000000,4.000000,-19.000000,4.000000,19.000000,40.000000,250.000000,0,0.000000,,,,0.000000,0.000000,0.000000,0,75.000000,70.000000,,,,,,,,,
20261007T100007181Z_e407267f5160429bb1e8d9eb7b844d2c,,,1,338,2026-10-07T10:00:26.1377832Z,18.942914,16.178114,2080,1,0,WaitingForPhaseBoundary,0,0,TaskSwitchDisplay,1,,0,Source,1,1,Move1,Move1.PickupCoarseMove,1,1,0,0,16.045431,0.000000,0,0.050000,0.000000,9.364000,0.000000,-4.000000,0.000000,4.000000,0.000000,4.000000,0.000000,20.000000,250.000000,0,0.000000,1770.000000,,-1770.000000,0.000000,0.000000,0.000000,0,75.000000,70.000000,"{""stepId"":""Move1.PickupCoarseMove"",""displayName"":""吸着位置へ大まかに移動"",""majorPhase"":0,""completionConditions"":[{""conditionType"":1,""threshold"":0.5,""secondaryThreshold"":0.5},{""conditionType"":3,""threshold"":0.0,""secondaryThreshold"":0.0}],""requiredStableSeconds"":0.4000000059604645}",0.000000,0,1,0,2080,0.050000,0,1
20261007T100007181Z_e407267f5160429bb1e8d9eb7b844d2c,,,1,338,2026-10-07T10:00:26.1377832Z,18.942914,16.178114,2080,1,0,WaitingForPhaseBoundary,0,0,TaskSwitchDisplay,1,,1,Target,,1,Move1,,0,0,0,0,0.000000,0.000000,0,0.050000,20.000000,9.364000,0.000000,16.000000,19.000000,4.000000,-19.000000,4.000000,19.000000,40.000000,250.000000,0,0.000000,,,,0.000000,0.000000,0.000000,0,75.000000,70.000000,,,,,,,,,
20261007T100007181Z_e407267f5160429bb1e8d9eb7b844d2c,,,1,339,2026-10-07T10:00:26.1893083Z,18.995471,16.230038,2083,1,0,WaitingForPhaseBoundary,0,0,TaskSwitchDisplay,1,,0,Source,1,1,Move1,Move1.PickupCoarseMove,1,1,0,0,16.097355,0.000000,0,0.050000,0.000000,9.364000,0.000000,-4.000000,0.000000,4.000000,0.000000,4.000000,0.000000,20.000000,250.000000,0,0.000000,1770.000000,,-1770.000000,0.000000,0.000000,0.000000,0,75.000000,70.000000,"{""stepId"":""Move1.PickupCoarseMove"",""displayName"":""吸着位置へ大まかに移動"",""majorPhase"":0,""completionConditions"":[{""conditionType"":1,""threshold"":0.5,""secondaryThreshold"":0.5},{""conditionType"":3,""threshold"":0.0,""secondaryThreshold"":0.0}],""requiredStableSeconds"":0.4000000059604645}",0.000000,0,1,0,2083,0.050000,0,1
20261007T100007181Z_e407267f5160429bb1e8d9eb7b844d2c,,,1,339,2026-10-07T10:00:26.1893083Z,18.995471,16.230038,2083,1,0,WaitingForPhaseBoundary,0,0,TaskSwitchDisplay,1,,1,Target,,1,Move1,,0,0,0,0,0.000000,0.000000,0,0.050000,20.000000,9.364000,0.000000,16.000000,19.000000,4.000000,-19.000000,4.000000,19.000000,40.000000,250.000000,0,0.000000,,,,0.000000,0.000000,0.000000,0,75.000000,70.000000,,,,,,,,,
20261007T100007181Z_e407267f5160429bb1e8d9eb7b844d2c,,,1,340,2026-10-07T10:00:26.2482146Z,19.054016,16.288609,2088,1,0,WaitingForPhaseBoundary,0,0,TaskSwitchDisplay,1,,0,Source,1,1,Move1,Move1.PickupCoarseMove,1,1,0,0,16.155926,0.000000,0,0.050000,0.000000,9.364000,0.000000,-4.000000,0.000000,4.000000,0.000000,4.000000,0.000000,20.000000,250.000000,0,0.000000,1770.000000,,-1770.000000,0.000000,0.000000,0.000000,0,75.000000,70.000000,"{""stepId"":""Move1.PickupCoarseMove"",""displayName"":""吸着位置へ大まかに移動"",""majorPhase"":0,""completionConditions"":[{""conditionType"":1,""threshold"":0.5,""secondaryThreshold"":0.5},{""conditionType"":3,""threshold"":0.0,""secondaryThreshold"":0.0}],""requiredStableSeconds"":0.4000000059604645}",0.000000,0,1,0,2088,0.050000,0,1
20261007T100007181Z_e407267f5160429bb1e8d9eb7b844d2c,,,1,340,2026-10-07T10:00:26.2482146Z,19.054016,16.288609,2088,1,0,WaitingForPhaseBoundary,0,0,TaskSwitchDisplay,1,,1,Target,,1,Move1,,0,0,0,0,0.000000,0.000000,0,0.050000,20.000000,9.364000,0.000000,16.000000,19.000000,4.000000,-19.000000,4.000000,19.000000,40.000000,250.000000,0,0.000000,,,,0.000000,0.000000,0.000000,0,75.000000,70.000000,,,,,,,,,
20261007T100007181Z_e407267f5160429bb1e8d9eb7b844d2c,,,1,341,2026-10-07T10:00:26.3019158Z,19.108174,16.342739,2093,1,0,WaitingForPhaseBoundary,0,0,TaskSwitchDisplay,1,,0,Source,1,1,Move1,Move1.PickupCoarseMove,1,1,0,0,16.210054,0.000000,0,0.050000,0.000000,9.364000,0.000000,-4.000000,0.000000,4.000000,0.000000,4.000000,0.000000,20.000000,250.000000,0,0.000000,1770.000000,,-1770.000000,0.000000,0.000000,0.000000,0,75.000000,70.000000,"{""stepId"":""Move1.PickupCoarseMove"",""displayName"":""吸着位置へ大まかに移動"",""majorPhase"":0,""completionConditions"":[{""conditionType"":1,""threshold"":0.5,""secondaryThreshold"":0.5},{""conditionType"":3,""threshold"":0.0,""secondaryThreshold"":0.0}],""requiredStableSeconds"":0.4000000059604645}",0.000000,0,1,0,2093,0.050000,0,1
20261007T100007181Z_e407267f5160429bb1e8d9eb7b844d2c,,,1,341,2026-10-07T10:00:26.3019158Z,19.108174,16.342739,2093,1,0,WaitingForPhaseBoundary,0,0,TaskSwitchDisplay,1,,1,Target,,1,Move1,,0,0,0,0,0.000000,0.000000,0,0.050000,20.000000,9.364000,0.000000,16.000000,19.000000,4.000000,-19.000000,4.000000,19.000000,40.000000,250.000000,0,0.000000,,,,0.000000,0.000000,0.000000,0,75.000000,70.000000,,,,,,,,,
20261007T100007181Z_e407267f5160429bb1e8d9eb7b844d2c,,,1,342,2026-10-07T10:00:26.3658941Z,19.171856,16.405933,2096,1,0,WaitingForPhaseBoundary,0,0,TaskSwitchDisplay,1,,0,Source,1,1,Move1,Move1.PickupCoarseMove,1,1,0,0,16.273249,0.000000,0,0.050000,0.000000,9.364000,0.000000,-4.000000,0.000000,4.000000,0.000000,4.000000,0.000000,20.000000,250.000000,0,0.000000,1770.000000,,-1770.000000,0.000000,0.000000,0.000000,0,75.000000,70.000000,"{""stepId"":""Move1.PickupCoarseMove"",""displayName"":""吸着位置へ大まかに移動"",""majorPhase"":0,""completionConditions"":[{""conditionType"":1,""threshold"":0.5,""secondaryThreshold"":0.5},{""conditionType"":3,""threshold"":0.0,""secondaryThreshold"":0.0}],""requiredStableSeconds"":0.4000000059604645}",0.000000,0,1,0,2096,0.050000,0,1
20261007T100007181Z_e407267f5160429bb1e8d9eb7b844d2c,,,1,342,2026-10-07T10:00:26.3658941Z,19.171856,16.405933,2096,1,0,WaitingForPhaseBoundary,0,0,TaskSwitchDisplay,1,,1,Target,,1,Move1,,0,0,0,0,0.000000,0.000000,0,0.050000,20.000000,9.364000,0.000000,16.000000,19.000000,4.000000,-19.000000,4.000000,19.000000,40.000000,250.000000,0,0.000000,,,,0.000000,0.000000,0.000000,0,75.000000,70.000000,,,,,,,,,
20261007T100007181Z_e407267f5160429bb1e8d9eb7b844d2c,,,1,343,2026-10-07T10:00:26.4285134Z,19.234491,16.469069,2101,1,0,WaitingForPhaseBoundary,0,0,TaskSwitchDisplay,1,,0,Source,1,1,Move1,Move1.PickupCoarseMove,1,1,0,0,16.336384,0.000000,0,0.050000,0.000000,9.364000,0.000000,-4.000000,0.000000,4.000000,0.000000,4.000000,0.000000,20.000000,250.000000,0,0.000000,1770.000000,,-1770.000000,0.000000,0.000000,0.000000,0,75.000000,70.000000,"{""stepId"":""Move1.PickupCoarseMove"",""displayName"":""吸着位置へ大まかに移動"",""majorPhase"":0,""completionConditions"":[{""conditionType"":1,""threshold"":0.5,""secondaryThreshold"":0.5},{""conditionType"":3,""threshold"":0.0,""secondaryThreshold"":0.0}],""requiredStableSeconds"":0.4000000059604645}",0.000000,0,1,0,2101,0.050000,0,1
20261007T100007181Z_e407267f5160429bb1e8d9eb7b844d2c,,,1,343,2026-10-07T10:00:26.4285134Z,19.234491,16.469069,2101,1,0,WaitingForPhaseBoundary,0,0,TaskSwitchDisplay,1,,1,Target,,1,Move1,,0,0,0,0,0.000000,0.000000,0,0.050000,20.000000,9.364000,0.000000,16.000000,19.000000,4.000000,-19.000000,4.000000,19.000000,40.000000,250.000000,0,0.000000,,,,0.000000,0.000000,0.000000,0,75.000000,70.000000,,,,,,,,,
20261007T100007181Z_e407267f5160429bb1e8d9eb7b844d2c,,,1,344,2026-10-07T10:00:26.4807534Z,19.286824,16.521178,2105,1,0,WaitingForPhaseBoundary,0,0,TaskSwitchDisplay,1,,0,Source,1,1,Move1,Move1.PickupCoarseMove,1,1,0,0,16.388493,0.000000,0,0.050000,0.000000,9.364000,0.000000,-4.000000,0.000000,4.000000,0.000000,4.000000,0.000000,20.000000,250.000000,0,0.000000,1770.000000,,-1770.000000,0.000000,0.000000,0.000000,0,75.000000,70.000000,"{""stepId"":""Move1.PickupCoarseMove"",""displayName"":""吸着位置へ大まかに移動"",""majorPhase"":0,""completionConditions"":[{""conditionType"":1,""threshold"":0.5,""secondaryThreshold"":0.5},{""conditionType"":3,""threshold"":0.0,""secondaryThreshold"":0.0}],""requiredStableSeconds"":0.4000000059604645}",0.000000,0,1,0,2105,0.050000,0,1
20261007T100007181Z_e407267f5160429bb1e8d9eb7b844d2c,,,1,344,2026-10-07T10:00:26.4807534Z,19.286824,16.521178,2105,1,0,WaitingForPhaseBoundary,0,0,TaskSwitchDisplay,1,,1,Target,,1,Move1,,0,0,0,0,0.000000,0.000000,0,0.050000,20.000000,9.364000,0.000000,16.000000,19.000000,4.000000,-19.000000,4.000000,19.000000,40.000000,250.000000,0,0.000000,,,,0.000000,0.000000,0.000000,0,75.000000,70.000000,,,,,,,,,
20261007T100007181Z_e407267f5160429bb1e8d9eb7b844d2c,,,1,345,2026-10-07T10:00:26.5379155Z,19.343958,16.578804,2110,1,0,WaitingForPhaseBoundary,0,0,TaskSwitchDisplay,1,,0,Source,1,1,Move1,Move1.PickupCoarseMove,1,1,0,0,16.446117,0.000000,0,0.050000,0.000000,9.364000,0.000000,-4.000000,0.000000,4.000000,0.000000,4.000000,0.000000,20.000000,250.000000,0,0.000000,1770.000000,,-1770.000000,0.000000,0.000000,0.000000,0,75.000000,70.000000,"{""stepId"":""Move1.PickupCoarseMove"",""displayName"":""吸着位置へ大まかに移動"",""majorPhase"":0,""completionConditions"":[{""conditionType"":1,""threshold"":0.5,""secondaryThreshold"":0.5},{""conditionType"":3,""threshold"":0.0,""secondaryThreshold"":0.0}],""requiredStableSeconds"":0.4000000059604645}",0.000000,0,1,0,2110,0.050000,0,1
20261007T100007181Z_e407267f5160429bb1e8d9eb7b844d2c,,,1,345,2026-10-07T10:00:26.5379155Z,19.343958,16.578804,2110,1,0,WaitingForPhaseBoundary,0,0,TaskSwitchDisplay,1,,1,Target,,1,Move1,,0,0,0,0,0.000000,0.000000,0,0.050000,20.000000,9.364000,0.000000,16.000000,19.000000,4.000000,-19.000000,4.000000,19.000000,40.000000,250.000000,0,0.000000,,,,0.000000,0.000000,0.000000,0,75.000000,70.000000,,,,,,,,,
20261007T100007181Z_e407267f5160429bb1e8d9eb7b844d2c,,,1,346,2026-10-07T10:00:26.5917668Z,19.396903,16.632250,2115,1,0,WaitingForPhaseBoundary,0,0,TaskSwitchDisplay,1,,0,Source,1,1,Move1,Move1.PickupCoarseMove,1,1,0,0,16.499561,0.000000,0,0.050000,0.000000,9.364000,0.000000,-4.000000,0.000000,4.000000,0.000000,4.000000,0.000000,20.000000,250.000000,0,0.000000,1770.000000,,-1770.000000,0.000000,0.000000,0.000000,0,75.000000,70.000000,"{""stepId"":""Move1.PickupCoarseMove"",""displayName"":""吸着位置へ大まかに移動"",""majorPhase"":0,""completionConditions"":[{""conditionType"":1,""threshold"":0.5,""secondaryThreshold"":0.5},{""conditionType"":3,""threshold"":0.0,""secondaryThreshold"":0.0}],""requiredStableSeconds"":0.4000000059604645}",0.000000,0,1,0,2115,0.050000,0,1
20261007T100007181Z_e407267f5160429bb1e8d9eb7b844d2c,,,1,346,2026-10-07T10:00:26.5917668Z,19.396903,16.632250,2115,1,0,WaitingForPhaseBoundary,0,0,TaskSwitchDisplay,1,,1,Target,,1,Move1,,0,0,0,0,0.000000,0.000000,0,0.050000,20.000000,9.364000,0.000000,16.000000,19.000000,4.000000,-19.000000,4.000000,19.000000,40.000000,250.000000,0,0.000000,,,,0.000000,0.000000,0.000000,0,75.000000,70.000000,,,,,,,,,
20261007T100007181Z_e407267f5160429bb1e8d9eb7b844d2c,,,1,347,2026-10-07T10:00:26.6482903Z,19.453838,16.688351,2120,1,0,WaitingForPhaseBoundary,0,0,TaskSwitchDisplay,1,,0,Source,1,1,Move1,Move1.PickupCoarseMove,1,1,0,0,16.555662,0.000000,0,0.050000,0.000000,9.364000,0.000000,-4.000000,0.000000,4.000000,0.000000,4.000000,0.000000,20.000000,250.000000,0,0.000000,1770.000000,,-1770.000000,0.000000,0.000000,0.000000,0,75.000000,70.000000,"{""stepId"":""Move1.PickupCoarseMove"",""displayName"":""吸着位置へ大まかに移動"",""majorPhase"":0,""completionConditions"":[{""conditionType"":1,""threshold"":0.5,""secondaryThreshold"":0.5},{""conditionType"":3,""threshold"":0.0,""secondaryThreshold"":0.0}],""requiredStableSeconds"":0.4000000059604645}",0.000000,0,1,0,2120,0.050000,0,1
20261007T100007181Z_e407267f5160429bb1e8d9eb7b844d2c,,,1,347,2026-10-07T10:00:26.6482903Z,19.453838,16.688351,2120,1,0,WaitingForPhaseBoundary,0,0,TaskSwitchDisplay,1,,1,Target,,1,Move1,,0,0,0,0,0.000000,0.000000,0,0.050000,20.000000,9.364000,0.000000,16.000000,19.000000,4.000000,-19.000000,4.000000,19.000000,40.000000,250.000000,0,0.000000,,,,0.000000,0.000000,0.000000,0,75.000000,70.000000,,,,,,,,,
20261007T100007181Z_e407267f5160429bb1e8d9eb7b844d2c,,,1,348,2026-10-07T10:00:26.7028213Z,19.508499,16.743055,2125,1,0,WaitingForPhaseBoundary,0,0,TaskSwitchDisplay,1,,0,Source,1,1,Move1,Move1.PickupCoarseMove,1,1,0,0,16.610367,0.000000,0,0.050000,0.000000,9.364000,0.000000,-4.000000,0.000000,4.000000,0.000000,4.000000,0.000000,20.000000,250.000000,0,0.000000,1770.000000,,-1770.000000,0.000000,0.000000,0.000000,0,75.000000,70.000000,"{""stepId"":""Move1.PickupCoarseMove"",""displayName"":""吸着位置へ大まかに移動"",""majorPhase"":0,""completionConditions"":[{""conditionType"":1,""threshold"":0.5,""secondaryThreshold"":0.5},{""conditionType"":3,""threshold"":0.0,""secondaryThreshold"":0.0}],""requiredStableSeconds"":0.4000000059604645}",0.000000,0,1,0,2125,0.050000,0,1
20261007T100007181Z_e407267f5160429bb1e8d9eb7b844d2c,,,1,348,2026-10-07T10:00:26.7028213Z,19.508499,16.743055,2125,1,0,WaitingForPhaseBoundary,0,0,TaskSwitchDisplay,1,,1,Target,,1,Move1,,0,0,0,0,0.000000,0.000000,0,0.050000,20.000000,9.364000,0.000000,16.000000,19.000000,4.000000,-19.000000,4.000000,19.000000,40.000000,250.000000,0,0.000000,,,,0.000000,0.000000,0.000000,0,75.000000,70.000000,,,,,,,,,
20261007T100007181Z_e407267f5160429bb1e8d9eb7b844d2c,,,1,349,2026-10-07T10:00:26.7536876Z,19.558913,16.793819,2130,1,0,WaitingForPhaseBoundary,0,0,TaskSwitchDisplay,1,,0,Source,1,1,Move1,Move1.PickupCoarseMove,1,1,0,0,16.661131,0.000000,0,0.050000,0.000000,9.364000,0.000000,-4.000000,0.000000,4.000000,0.000000,4.000000,0.000000,20.000000,250.000000,0,0.000000,1770.000000,,-1770.000000,0.000000,0.000000,0.000000,0,75.000000,70.000000,"{""stepId"":""Move1.PickupCoarseMove"",""displayName"":""吸着位置へ大まかに移動"",""majorPhase"":0,""completionConditions"":[{""conditionType"":1,""threshold"":0.5,""secondaryThreshold"":0.5},{""conditionType"":3,""threshold"":0.0,""secondaryThreshold"":0.0}],""requiredStableSeconds"":0.4000000059604645}",0.000000,0,1,0,2130,0.050000,0,1
20261007T100007181Z_e407267f5160429bb1e8d9eb7b844d2c,,,1,349,2026-10-07T10:00:26.7536876Z,19.558913,16.793819,2130,1,0,WaitingForPhaseBoundary,0,0,TaskSwitchDisplay,1,,1,Target,,1,Move1,,0,0,0,0,0.000000,0.000000,0,0.050000,20.000000,9.364000,0.000000,16.000000,19.000000,4.000000,-19.000000,4.000000,19.000000,40.000000,250.000000,0,0.000000,,,,0.000000,0.000000,0.000000,0,75.000000,70.000000,,,,,,,,,
20261007T100007181Z_e407267f5160429bb1e8d9eb7b844d2c,,,1,350,2026-10-07T10:00:26.8068687Z,19.612951,16.847453,2135,1,0,WaitingForPhaseBoundary,0,0,TaskSwitchDisplay,1,,0,Source,1,1,Move1,Move1.PickupCoarseMove,1,1,0,0,16.714764,0.000000,0,0.050000,0.000000,9.364000,0.000000,-4.000000,0.000000,4.000000,0.000000,4.000000,0.000000,20.000000,250.000000,0,0.000000,1770.000000,,-1770.000000,0.000000,0.000000,0.000000,0,75.000000,70.000000,"{""stepId"":""Move1.PickupCoarseMove"",""displayName"":""吸着位置へ大まかに移動"",""majorPhase"":0,""completionConditions"":[{""conditionType"":1,""threshold"":0.5,""secondaryThreshold"":0.5},{""conditionType"":3,""threshold"":0.0,""secondaryThreshold"":0.0}],""requiredStableSeconds"":0.4000000059604645}",0.000000,0,1,0,2135,0.050000,0,1
20261007T100007181Z_e407267f5160429bb1e8d9eb7b844d2c,,,1,350,2026-10-07T10:00:26.8068687Z,19.612951,16.847453,2135,1,0,WaitingForPhaseBoundary,0,0,TaskSwitchDisplay,1,,1,Target,,1,Move1,,0,0,0,0,0.000000,0.000000,0,0.050000,20.000000,9.364000,0.000000,16.000000,19.000000,4.000000,-19.000000,4.000000,19.000000,40.000000,250.000000,0,0.000000,,,,0.000000,0.000000,0.000000,0,75.000000,70.000000,,,,,,,,,
20261007T100007181Z_e407267f5160429bb1e8d9eb7b844d2c,,,1,351,2026-10-07T10:00:26.8598474Z,19.665246,16.899755,2140,1,0,WaitingForPhaseBoundary,0,0,TaskSwitchDisplay,1,,0,Source,1,1,Move1,Move1.PickupCoarseMove,1,1,0,0,16.767065,0.000000,0,0.050000,0.000000,9.364000,0.000000,-4.000000,0.000000,4.000000,0.000000,4.000000,0.000000,20.000000,250.000000,0,0.000000,1770.000000,,-1770.000000,0.000000,0.000000,0.000000,0,75.000000,70.000000,"{""stepId"":""Move1.PickupCoarseMove"",""displayName"":""吸着位置へ大まかに移動"",""majorPhase"":0,""completionConditions"":[{""conditionType"":1,""threshold"":0.5,""secondaryThreshold"":0.5},{""conditionType"":3,""threshold"":0.0,""secondaryThreshold"":0.0}],""requiredStableSeconds"":0.4000000059604645}",0.000000,0,1,0,2140,0.050000,0,1
20261007T100007181Z_e407267f5160429bb1e8d9eb7b844d2c,,,1,351,2026-10-07T10:00:26.8598474Z,19.665246,16.899755,2140,1,0,WaitingForPhaseBoundary,0,0,TaskSwitchDisplay,1,,1,Target,,1,Move1,,0,0,0,0,0.000000,0.000000,0,0.050000,20.000000,9.364000,0.000000,16.000000,19.000000,4.000000,-19.000000,4.000000,19.000000,40.000000,250.000000,0,0.000000,,,,0.000000,0.000000,0.000000,0,75.000000,70.000000,,,,,,,,,
20261007T100007181Z_e407267f5160429bb1e8d9eb7b844d2c,,,1,352,2026-10-07T10:00:26.9145300Z,19.720382,16.955269,2145,1,0,WaitingForPhaseBoundary,0,0,TaskSwitchDisplay,1,,0,Source,1,1,Move1,Move1.PickupCoarseMove,1,1,0,0,16.822578,0.000000,0,0.050000,0.000000,9.364000,0.000000,-4.000000,0.000000,4.000000,0.000000,4.000000,0.000000,20.000000,250.000000,0,0.000000,1770.000000,,-1770.000000,0.000000,0.000000,0.000000,0,75.000000,70.000000,"{""stepId"":""Move1.PickupCoarseMove"",""displayName"":""吸着位置へ大まかに移動"",""majorPhase"":0,""completionConditions"":[{""conditionType"":1,""threshold"":0.5,""secondaryThreshold"":0.5},{""conditionType"":3,""threshold"":0.0,""secondaryThreshold"":0.0}],""requiredStableSeconds"":0.4000000059604645}",0.000000,0,1,0,2145,0.050000,0,1
20261007T100007181Z_e407267f5160429bb1e8d9eb7b844d2c,,,1,352,2026-10-07T10:00:26.9145300Z,19.720382,16.955269,2145,1,0,WaitingForPhaseBoundary,0,0,TaskSwitchDisplay,1,,1,Target,,1,Move1,,0,0,0,0,0.000000,0.000000,0,0.050000,20.000000,9.364000,0.000000,16.000000,19.000000,4.000000,-19.000000,4.000000,19.000000,40.000000,250.000000,0,0.000000,,,,0.000000,0.000000,0.000000,0,75.000000,70.000000,,,,,,,,,
20261007T100007181Z_e407267f5160429bb1e8d9eb7b844d2c,,,1,353,2026-10-07T10:00:26.9652546Z,19.770755,17.005205,2150,1,0,WaitingForPhaseBoundary,0,0,TaskSwitchDisplay,1,,0,Source,1,1,Move1,Move1.PickupCoarseMove,1,1,0,0,16.872515,0.000000,0,0.050000,0.000000,9.364000,0.000000,-4.000000,0.000000,4.000000,0.000000,4.000000,0.000000,20.000000,250.000000,0,0.000000,1770.000000,,-1770.000000,0.000000,0.000000,0.000000,0,75.000000,70.000000,"{""stepId"":""Move1.PickupCoarseMove"",""displayName"":""吸着位置へ大まかに移動"",""majorPhase"":0,""completionConditions"":[{""conditionType"":1,""threshold"":0.5,""secondaryThreshold"":0.5},{""conditionType"":3,""threshold"":0.0,""secondaryThreshold"":0.0}],""requiredStableSeconds"":0.4000000059604645}",0.000000,0,1,0,2150,0.050000,0,1
20261007T100007181Z_e407267f5160429bb1e8d9eb7b844d2c,,,1,353,2026-10-07T10:00:26.9652546Z,19.770755,17.005205,2150,1,0,WaitingForPhaseBoundary,0,0,TaskSwitchDisplay,1,,1,Target,,1,Move1,,0,0,0,0,0.000000,0.000000,0,0.050000,20.000000,9.364000,0.000000,16.000000,19.000000,4.000000,-19.000000,4.000000,19.000000,40.000000,250.000000,0,0.000000,,,,0.000000,0.000000,0.000000,0,75.000000,70.000000,,,,,,,,,
20261007T100007181Z_e407267f5160429bb1e8d9eb7b844d2c,,,1,354,2026-10-07T10:00:27.0193256Z,19.824931,17.059657,2155,1,0,WaitingForPhaseBoundary,0,0,TaskSwitchDisplay,1,,0,Source,1,1,Move1,Move1.PickupCoarseMove,1,1,0,0,16.926966,0.000000,0,0.050000,0.000000,9.364000,0.000000,-4.000000,0.000000,4.000000,0.000000,4.000000,0.000000,20.000000,250.000000,0,0.000000,1770.000000,,-1770.000000,0.000000,0.000000,0.000000,0,75.000000,70.000000,"{""stepId"":""Move1.PickupCoarseMove"",""displayName"":""吸着位置へ大まかに移動"",""majorPhase"":0,""completionConditions"":[{""conditionType"":1,""threshold"":0.5,""secondaryThreshold"":0.5},{""conditionType"":3,""threshold"":0.0,""secondaryThreshold"":0.0}],""requiredStableSeconds"":0.4000000059604645}",0.000000,0,1,0,2155,0.050000,0,1
20261007T100007181Z_e407267f5160429bb1e8d9eb7b844d2c,,,1,354,2026-10-07T10:00:27.0193256Z,19.824931,17.059657,2155,1,0,WaitingForPhaseBoundary,0,0,TaskSwitchDisplay,1,,1,Target,,1,Move1,,0,0,0,0,0.000000,0.000000,0,0.050000,20.000000,9.364000,0.000000,16.000000,19.000000,4.000000,-19.000000,4.000000,19.000000,40.000000,250.000000,0,0.000000,,,,0.000000,0.000000,0.000000,0,75.000000,70.000000,,,,,,,,,
20261007T100007181Z_e407267f5160429bb1e8d9eb7b844d2c,,,1,355,2026-10-07T10:00:27.0747276Z,19.880360,17.114956,2160,1,0,WaitingForPhaseBoundary,0,0,TaskSwitchDisplay,1,,0,Source,1,1,Move1,Move1.PickupCoarseMove,1,1,0,0,16.982265,0.000000,0,0.050000,0.000000,9.364000,0.000000,-4.000000,0.000000,4.000000,0.000000,4.000000,0.000000,20.000000,250.000000,0,0.000000,1770.000000,,-1770.000000,0.000000,0.000000,0.000000,0,75.000000,70.000000,"{""stepId"":""Move1.PickupCoarseMove"",""displayName"":""吸着位置へ大まかに移動"",""majorPhase"":0,""completionConditions"":[{""conditionType"":1,""threshold"":0.5,""secondaryThreshold"":0.5},{""conditionType"":3,""threshold"":0.0,""secondaryThreshold"":0.0}],""requiredStableSeconds"":0.4000000059604645}",0.000000,0,1,0,2160,0.050000,0,1
20261007T100007181Z_e407267f5160429bb1e8d9eb7b844d2c,,,1,355,2026-10-07T10:00:27.0747276Z,19.880360,17.114956,2160,1,0,WaitingForPhaseBoundary,0,0,TaskSwitchDisplay,1,,1,Target,,1,Move1,,0,0,0,0,0.000000,0.000000,0,0.050000,20.000000,9.364000,0.000000,16.000000,19.000000,4.000000,-19.000000,4.000000,19.000000,40.000000,250.000000,0,0.000000,,,,0.000000,0.000000,0.000000,0,75.000000,70.000000,,,,,,,,,
20261007T100007181Z_e407267f5160429bb1e8d9eb7b844d2c,,,1,356,2026-10-07T10:00:27.1278780Z,19.933853,17.168440,2165,1,0,WaitingForPhaseBoundary,0,0,TaskSwitchDisplay,1,,0,Source,1,1,Move1,Move1.PickupCoarseMove,1,1,0,0,17.035748,0.000000,0,0.050000,0.000000,9.364000,0.000000,-4.000000,0.000000,4.000000,0.000000,4.000000,0.000000,20.000000,250.000000,0,0.000000,1770.000000,,-1770.000000,0.000000,0.000000,0.000000,0,75.000000,70.000000,"{""stepId"":""Move1.PickupCoarseMove"",""displayName"":""吸着位置へ大まかに移動"",""majorPhase"":0,""completionConditions"":[{""conditionType"":1,""threshold"":0.5,""secondaryThreshold"":0.5},{""conditionType"":3,""threshold"":0.0,""secondaryThreshold"":0.0}],""requiredStableSeconds"":0.4000000059604645}",0.000000,0,1,0,2165,0.050000,0,1
20261007T100007181Z_e407267f5160429bb1e8d9eb7b844d2c,,,1,356,2026-10-07T10:00:27.1278780Z,19.933853,17.168440,2165,1,0,WaitingForPhaseBoundary,0,0,TaskSwitchDisplay,1,,1,Target,,1,Move1,,0,0,0,0,0.000000,0.000000,0,0.050000,20.000000,9.364000,0.000000,16.000000,19.000000,4.000000,-19.000000,4.000000,19.000000,40.000000,250.000000,0,0.000000,,,,0.000000,0.000000,0.000000,0,75.000000,70.000000,,,,,,,,,
20261007T100007181Z_e407267f5160429bb1e8d9eb7b844d2c,,,1,357,2026-10-07T10:00:27.1868116Z,19.992285,17.226655,2171,1,0,WaitingForPhaseBoundary,0,0,TaskSwitchDisplay,1,,0,Source,1,1,Move1,Move1.PickupCoarseMove,1,1,0,0,17.093962,0.000000,0,0.050000,0.000000,9.364000,0.000000,-4.000000,0.000000,4.000000,0.000000,4.000000,0.000000,20.000000,250.000000,0,0.000000,1770.000000,,-1770.000000,0.000000,0.000000,0.000000,0,75.000000,70.000000,"{""stepId"":""Move1.PickupCoarseMove"",""displayName"":""吸着位置へ大まかに移動"",""majorPhase"":0,""completionConditions"":[{""conditionType"":1,""threshold"":0.5,""secondaryThreshold"":0.5},{""conditionType"":3,""threshold"":0.0,""secondaryThreshold"":0.0}],""requiredStableSeconds"":0.4000000059604645}",0.000000,0,1,0,2171,0.050000,0,1
20261007T100007181Z_e407267f5160429bb1e8d9eb7b844d2c,,,1,357,2026-10-07T10:00:27.1868116Z,19.992285,17.226655,2171,1,0,WaitingForPhaseBoundary,0,0,TaskSwitchDisplay,1,,1,Target,,1,Move1,,0,0,0,0,0.000000,0.000000,0,0.050000,20.000000,9.364000,0.000000,16.000000,19.000000,4.000000,-19.000000,4.000000,19.000000,40.000000,250.000000,0,0.000000,,,,0.000000,0.000000,0.000000,0,75.000000,70.000000,,,,,,,,,
20261007T100007181Z_e407267f5160429bb1e8d9eb7b844d2c,,,1,358,2026-10-07T10:00:27.2414111Z,20.046618,17.280933,2176,1,0,WaitingForPhaseBoundary,0,0,TaskSwitchDisplay,1,,0,Source,1,1,Move1,Move1.PickupCoarseMove,1,1,0,0,17.148241,0.000000,0,0.050000,0.000000,9.364000,0.000000,-4.000000,0.000000,4.000000,0.000000,4.000000,0.000000,20.000000,250.000000,0,0.000000,1770.000000,,-1770.000000,0.000000,0.000000,0.000000,0,75.000000,70.000000,"{""stepId"":""Move1.PickupCoarseMove"",""displayName"":""吸着位置へ大まかに移動"",""majorPhase"":0,""completionConditions"":[{""conditionType"":1,""threshold"":0.5,""secondaryThreshold"":0.5},{""conditionType"":3,""threshold"":0.0,""secondaryThreshold"":0.0}],""requiredStableSeconds"":0.4000000059604645}",0.000000,0,1,0,2176,0.050000,0,1
20261007T100007181Z_e407267f5160429bb1e8d9eb7b844d2c,,,1,358,2026-10-07T10:00:27.2414111Z,20.046618,17.280933,2176,1,0,WaitingForPhaseBoundary,0,0,TaskSwitchDisplay,1,,1,Target,,1,Move1,,0,0,0,0,0.000000,0.000000,0,0.050000,20.000000,9.364000,0.000000,16.000000,19.000000,4.000000,-19.000000,4.000000,19.000000,40.000000,250.000000,0,0.000000,,,,0.000000,0.000000,0.000000,0,75.000000,70.000000,,,,,,,,,
20261007T100007181Z_e407267f5160429bb1e8d9eb7b844d2c,,,1,359,2026-10-07T10:00:27.2954495Z,20.100828,17.335742,2181,1,0,WaitingForPhaseBoundary,0,0,TaskSwitchDisplay,1,,0,Source,1,1,Move1,Move1.PickupCoarseMove,1,1,0,0,17.203049,0.000000,0,0.050000,0.000000,9.364000,0.000000,-4.000000,0.000000,4.000000,0.000000,4.000000,0.000000,20.000000,250.000000,0,0.000000,1770.000000,,-1770.000000,0.000000,0.000000,0.000000,0,75.000000,70.000000,"{""stepId"":""Move1.PickupCoarseMove"",""displayName"":""吸着位置へ大まかに移動"",""majorPhase"":0,""completionConditions"":[{""conditionType"":1,""threshold"":0.5,""secondaryThreshold"":0.5},{""conditionType"":3,""threshold"":0.0,""secondaryThreshold"":0.0}],""requiredStableSeconds"":0.4000000059604645}",0.000000,0,1,0,2181,0.050000,0,1
20261007T100007181Z_e407267f5160429bb1e8d9eb7b844d2c,,,1,359,2026-10-07T10:00:27.2954495Z,20.100828,17.335742,2181,1,0,WaitingForPhaseBoundary,0,0,TaskSwitchDisplay,1,,1,Target,,1,Move1,,0,0,0,0,0.000000,0.000000,0,0.050000,20.000000,9.364000,0.000000,16.000000,19.000000,4.000000,-19.000000,4.000000,19.000000,40.000000,250.000000,0,0.000000,,,,0.000000,0.000000,0.000000,0,75.000000,70.000000,,,,,,,,,
20261007T100007181Z_e407267f5160429bb1e8d9eb7b844d2c,,,1,360,2026-10-07T10:00:27.3527260Z,20.158477,17.393408,2186,1,0,WaitingForPhaseBoundary,0,0,TaskSwitchDisplay,1,,0,Source,1,1,Move1,Move1.PickupCoarseMove,1,1,0,0,17.260715,0.000000,0,0.050000,0.000000,9.364000,0.000000,-4.000000,0.000000,4.000000,0.000000,4.000000,0.000000,20.000000,250.000000,0,0.000000,1770.000000,,-1770.000000,0.000000,0.000000,0.000000,0,75.000000,70.000000,"{""stepId"":""Move1.PickupCoarseMove"",""displayName"":""吸着位置へ大まかに移動"",""majorPhase"":0,""completionConditions"":[{""conditionType"":1,""threshold"":0.5,""secondaryThreshold"":0.5},{""conditionType"":3,""threshold"":0.0,""secondaryThreshold"":0.0}],""requiredStableSeconds"":0.4000000059604645}",0.000000,0,1,0,2186,0.050000,0,1
20261007T100007181Z_e407267f5160429bb1e8d9eb7b844d2c,,,1,360,2026-10-07T10:00:27.3527260Z,20.158477,17.393408,2186,1,0,WaitingForPhaseBoundary,0,0,TaskSwitchDisplay,1,,1,Target,,1,Move1,,0,0,0,0,0.000000,0.000000,0,0.050000,20.000000,9.364000,0.000000,16.000000,19.000000,4.000000,-19.000000,4.000000,19.000000,40.000000,250.000000,0,0.000000,,,,0.000000,0.000000,0.000000,0,75.000000,70.000000,,,,,,,,,
20261007T100007181Z_e407267f5160429bb1e8d9eb7b844d2c,,,1,361,2026-10-07T10:00:27.4067533Z,20.212514,17.446948,2191,1,0,WaitingForPhaseBoundary,0,0,TaskSwitchDisplay,1,,0,Source,1,1,Move1,Move1.PickupCoarseMove,1,1,0,0,17.314257,0.000000,0,0.050000,0.000000,9.364000,0.000000,-4.000000,0.000000,4.000000,0.000000,4.000000,0.000000,20.000000,250.000000,0,0.000000,1770.000000,,-1770.000000,0.000000,0.000000,0.000000,0,75.000000,70.000000,"{""stepId"":""Move1.PickupCoarseMove"",""displayName"":""吸着位置へ大まかに移動"",""majorPhase"":0,""completionConditions"":[{""conditionType"":1,""threshold"":0.5,""secondaryThreshold"":0.5},{""conditionType"":3,""threshold"":0.0,""secondaryThreshold"":0.0}],""requiredStableSeconds"":0.4000000059604645}",0.000000,0,1,0,2191,0.050000,0,1
20261007T100007181Z_e407267f5160429bb1e8d9eb7b844d2c,,,1,361,2026-10-07T10:00:27.4067533Z,20.212514,17.446948,2191,1,0,WaitingForPhaseBoundary,0,0,TaskSwitchDisplay,1,,1,Target,,1,Move1,,0,0,0,0,0.000000,0.000000,0,0.050000,20.000000,9.364000,0.000000,16.000000,19.000000,4.000000,-19.000000,4.000000,19.000000,40.000000,250.000000,0,0.000000,,,,0.000000,0.000000,0.000000,0,75.000000,70.000000,,,,,,,,,
20261007T100007181Z_e407267f5160429bb1e8d9eb7b844d2c,,,1,362,2026-10-07T10:00:27.4659612Z,20.272249,17.506766,2196,1,0,WaitingForPhaseBoundary,0,0,TaskSwitchDisplay,1,,0,Source,1,1,Move1,Move1.PickupCoarseMove,1,1,0,0,17.374077,0.000000,0,0.050000,0.000000,9.364000,0.000000,-4.000000,0.000000,4.000000,0.000000,4.000000,0.000000,20.000000,250.000000,0,0.000000,1770.000000,,-1770.000000,0.000000,0.000000,0.000000,0,75.000000,70.000000,"{""stepId"":""Move1.PickupCoarseMove"",""displayName"":""吸着位置へ大まかに移動"",""majorPhase"":0,""completionConditions"":[{""conditionType"":1,""threshold"":0.5,""secondaryThreshold"":0.5},{""conditionType"":3,""threshold"":0.0,""secondaryThreshold"":0.0}],""requiredStableSeconds"":0.4000000059604645}",0.000000,0,1,0,2196,0.050000,0,1
20261007T100007181Z_e407267f5160429bb1e8d9eb7b844d2c,,,1,362,2026-10-07T10:00:27.4659612Z,20.272249,17.506766,2196,1,0,WaitingForPhaseBoundary,0,0,TaskSwitchDisplay,1,,1,Target,,1,Move1,,0,0,0,0,0.000000,0.000000,0,0.050000,20.000000,9.364000,0.000000,16.000000,19.000000,4.000000,-19.000000,4.000000,19.000000,40.000000,250.000000,0,0.000000,,,,0.000000,0.000000,0.000000,0,75.000000,70.000000,,,,,,,,,
20261007T100007181Z_e407267f5160429bb1e8d9eb7b844d2c,,,1,363,2026-10-07T10:00:27.5260417Z,20.331600,17.565817,2201,1,0,WaitingForPhaseBoundary,0,0,TaskSwitchDisplay,1,,0,Source,1,1,Move1,Move1.PickupCoarseMove,1,1,0,0,17.433130,0.000000,0,0.050000,0.000000,9.364000,0.000000,-4.000000,0.000000,4.000000,0.000000,4.000000,0.000000,20.000000,250.000000,0,0.000000,1770.000000,,-1770.000000,0.000000,0.000000,0.000000,0,75.000000,70.000000,"{""stepId"":""Move1.PickupCoarseMove"",""displayName"":""吸着位置へ大まかに移動"",""majorPhase"":0,""completionConditions"":[{""conditionType"":1,""threshold"":0.5,""secondaryThreshold"":0.5},{""conditionType"":3,""threshold"":0.0,""secondaryThreshold"":0.0}],""requiredStableSeconds"":0.4000000059604645}",0.000000,0,1,0,2201,0.050000,0,1
20261007T100007181Z_e407267f5160429bb1e8d9eb7b844d2c,,,1,363,2026-10-07T10:00:27.5260417Z,20.331600,17.565817,2201,1,0,WaitingForPhaseBoundary,0,0,TaskSwitchDisplay,1,,1,Target,,1,Move1,,0,0,0,0,0.000000,0.000000,0,0.050000,20.000000,9.364000,0.000000,16.000000,19.000000,4.000000,-19.000000,4.000000,19.000000,40.000000,250.000000,0,0.000000,,,,0.000000,0.000000,0.000000,0,75.000000,70.000000,,,,,,,,,
20261007T100007181Z_e407267f5160429bb1e8d9eb7b844d2c,,,1,364,2026-10-07T10:00:27.5776562Z,20.383336,17.618480,2206,1,0,WaitingForPhaseBoundary,0,0,TaskSwitchDisplay,1,,0,Source,1,1,Move1,Move1.PickupCoarseMove,1,1,0,0,17.485796,0.000000,0,0.050000,0.000000,9.364000,0.000000,-4.000000,0.000000,4.000000,0.000000,4.000000,0.000000,20.000000,250.000000,0,0.000000,1770.000000,,-1770.000000,0.000000,0.000000,0.000000,0,75.000000,70.000000,"{""stepId"":""Move1.PickupCoarseMove"",""displayName"":""吸着位置へ大まかに移動"",""majorPhase"":0,""completionConditions"":[{""conditionType"":1,""threshold"":0.5,""secondaryThreshold"":0.5},{""conditionType"":3,""threshold"":0.0,""secondaryThreshold"":0.0}],""requiredStableSeconds"":0.4000000059604645}",0.000000,0,1,0,2206,0.050000,0,1
20261007T100007181Z_e407267f5160429bb1e8d9eb7b844d2c,,,1,364,2026-10-07T10:00:27.5776562Z,20.383336,17.618480,2206,1,0,WaitingForPhaseBoundary,0,0,TaskSwitchDisplay,1,,1,Target,,1,Move1,,0,0,0,0,0.000000,0.000000,0,0.050000,20.000000,9.364000,0.000000,16.000000,19.000000,4.000000,-19.000000,4.000000,19.000000,40.000000,250.000000,0,0.000000,,,,0.000000,0.000000,0.000000,0,75.000000,70.000000,,,,,,,,,
20261007T100007181Z_e407267f5160429bb1e8d9eb7b844d2c,,,1,365,2026-10-07T10:00:27.6396047Z,20.445513,17.680061,2211,1,0,WaitingForPhaseBoundary,0,0,TaskSwitchDisplay,1,,0,Source,1,1,Move1,Move1.PickupCoarseMove,1,1,0,0,17.547379,0.000000,0,0.050000,0.000000,9.364000,0.000000,-4.000000,0.000000,4.000000,0.000000,4.000000,0.000000,20.000000,250.000000,0,0.000000,1770.000000,,-1770.000000,0.000000,0.000000,0.000000,0,75.000000,70.000000,"{""stepId"":""Move1.PickupCoarseMove"",""displayName"":""吸着位置へ大まかに移動"",""majorPhase"":0,""completionConditions"":[{""conditionType"":1,""threshold"":0.5,""secondaryThreshold"":0.5},{""conditionType"":3,""threshold"":0.0,""secondaryThreshold"":0.0}],""requiredStableSeconds"":0.4000000059604645}",0.000000,0,1,0,2211,0.050000,0,1
20261007T100007181Z_e407267f5160429bb1e8d9eb7b844d2c,,,1,365,2026-10-07T10:00:27.6396047Z,20.445513,17.680061,2211,1,0,WaitingForPhaseBoundary,0,0,TaskSwitchDisplay,1,,1,Target,,1,Move1,,0,0,0,0,0.000000,0.000000,0,0.050000,20.000000,9.364000,0.000000,16.000000,19.000000,4.000000,-19.000000,4.000000,19.000000,40.000000,250.000000,0,0.000000,,,,0.000000,0.000000,0.000000,0,75.000000,70.000000,,,,,,,,,
20261007T100007181Z_e407267f5160429bb1e8d9eb7b844d2c,,,1,366,2026-10-07T10:00:27.6922043Z,20.498267,17.733121,2216,1,0,WaitingForPhaseBoundary,0,0,TaskSwitchDisplay,1,,0,Source,1,1,Move1,Move1.PickupCoarseMove,1,1,0,0,17.600437,0.000000,0,0.050000,0.000000,9.364000,0.000000,-4.000000,0.000000,4.000000,0.000000,4.000000,0.000000,20.000000,250.000000,0,0.000000,1770.000000,,-1770.000000,0.000000,0.000000,0.000000,0,75.000000,70.000000,"{""stepId"":""Move1.PickupCoarseMove"",""displayName"":""吸着位置へ大まかに移動"",""majorPhase"":0,""completionConditions"":[{""conditionType"":1,""threshold"":0.5,""secondaryThreshold"":0.5},{""conditionType"":3,""threshold"":0.0,""secondaryThreshold"":0.0}],""requiredStableSeconds"":0.4000000059604645}",0.000000,0,1,0,2216,0.050000,0,1
20261007T100007181Z_e407267f5160429bb1e8d9eb7b844d2c,,,1,366,2026-10-07T10:00:27.6922043Z,20.498267,17.733121,2216,1,0,WaitingForPhaseBoundary,0,0,TaskSwitchDisplay,1,,1,Target,,1,Move1,,0,0,0,0,0.000000,0.000000,0,0.050000,20.000000,9.364000,0.000000,16.000000,19.000000,4.000000,-19.000000,4.000000,19.000000,40.000000,250.000000,0,0.000000,,,,0.000000,0.000000,0.000000,0,75.000000,70.000000,,,,,,,,,
20261007T100007181Z_e407267f5160429bb1e8d9eb7b844d2c,,,1,367,2026-10-07T10:00:27.7523064Z,20.557742,17.792436,2222,1,0,WaitingForPhaseBoundary,0,0,TaskSwitchDisplay,1,,0,Source,1,1,Move1,Move1.PickupCoarseMove,1,1,0,0,17.659752,0.000000,0,0.050000,0.000000,9.364000,0.000000,-4.000000,0.000000,4.000000,0.000000,4.000000,0.000000,20.000000,250.000000,0,0.000000,1770.000000,,-1770.000000,0.000000,0.000000,0.000000,0,75.000000,70.000000,"{""stepId"":""Move1.PickupCoarseMove"",""displayName"":""吸着位置へ大まかに移動"",""majorPhase"":0,""completionConditions"":[{""conditionType"":1,""threshold"":0.5,""secondaryThreshold"":0.5},{""conditionType"":3,""threshold"":0.0,""secondaryThreshold"":0.0}],""requiredStableSeconds"":0.4000000059604645}",0.000000,0,1,0,2222,0.050000,0,1
20261007T100007181Z_e407267f5160429bb1e8d9eb7b844d2c,,,1,367,2026-10-07T10:00:27.7523064Z,20.557742,17.792436,2222,1,0,WaitingForPhaseBoundary,0,0,TaskSwitchDisplay,1,,1,Target,,1,Move1,,0,0,0,0,0.000000,0.000000,0,0.050000,20.000000,9.364000,0.000000,16.000000,19.000000,4.000000,-19.000000,4.000000,19.000000,40.000000,250.000000,0,0.000000,,,,0.000000,0.000000,0.000000,0,75.000000,70.000000,,,,,,,,,
20261007T100007181Z_e407267f5160429bb1e8d9eb7b844d2c,,,1,368,2026-10-07T10:00:27.8052537Z,20.610532,17.844941,2227,1,0,WaitingForPhaseBoundary,0,0,TaskSwitchDisplay,1,,0,Source,1,1,Move1,Move1.PickupCoarseMove,1,1,0,0,17.712255,0.000000,0,0.050000,0.000000,9.364000,0.000000,-4.000000,0.000000,4.000000,0.000000,4.000000,0.000000,20.000000,250.000000,0,0.000000,1770.000000,,-1770.000000,0.000000,0.000000,0.000000,0,75.000000,70.000000,"{""stepId"":""Move1.PickupCoarseMove"",""displayName"":""吸着位置へ大まかに移動"",""majorPhase"":0,""completionConditions"":[{""conditionType"":1,""threshold"":0.5,""secondaryThreshold"":0.5},{""conditionType"":3,""threshold"":0.0,""secondaryThreshold"":0.0}],""requiredStableSeconds"":0.4000000059604645}",0.000000,0,1,0,2227,0.050000,0,1
20261007T100007181Z_e407267f5160429bb1e8d9eb7b844d2c,,,1,368,2026-10-07T10:00:27.8052537Z,20.610532,17.844941,2227,1,0,WaitingForPhaseBoundary,0,0,TaskSwitchDisplay,1,,1,Target,,1,Move1,,0,0,0,0,0.000000,0.000000,0,0.050000,20.000000,9.364000,0.000000,16.000000,19.000000,4.000000,-19.000000,4.000000,19.000000,40.000000,250.000000,0,0.000000,,,,0.000000,0.000000,0.000000,0,75.000000,70.000000,,,,,,,,,
20261007T100007181Z_e407267f5160429bb1e8d9eb7b844d2c,,,1,369,2026-10-07T10:00:27.8576378Z,20.663508,17.897995,2232,1,0,WaitingForPhaseBoundary,0,0,TaskSwitchDisplay,1,,0,Source,1,1,Move1,Move1.PickupCoarseMove,1,1,0,0,17.765308,0.000000,0,0.050000,0.000000,9.364000,0.000000,-4.000000,0.000000,4.000000,0.000000,4.000000,0.000000,20.000000,250.000000,0,0.000000,1770.000000,,-1770.000000,0.000000,0.000000,0.000000,0,75.000000,70.000000,"{""stepId"":""Move1.PickupCoarseMove"",""displayName"":""吸着位置へ大まかに移動"",""majorPhase"":0,""completionConditions"":[{""conditionType"":1,""threshold"":0.5,""secondaryThreshold"":0.5},{""conditionType"":3,""threshold"":0.0,""secondaryThreshold"":0.0}],""requiredStableSeconds"":0.4000000059604645}",0.000000,0,1,0,2232,0.050000,0,1
20261007T100007181Z_e407267f5160429bb1e8d9eb7b844d2c,,,1,369,2026-10-07T10:00:27.8576378Z,20.663508,17.897995,2232,1,0,WaitingForPhaseBoundary,0,0,TaskSwitchDisplay,1,,1,Target,,1,Move1,,0,0,0,0,0.000000,0.000000,0,0.050000,20.000000,9.364000,0.000000,16.000000,19.000000,4.000000,-19.000000,4.000000,19.000000,40.000000,250.000000,0,0.000000,,,,0.000000,0.000000,0.000000,0,75.000000,70.000000,,,,,,,,,
20261007T100007181Z_e407267f5160429bb1e8d9eb7b844d2c,,,1,370,2026-10-07T10:00:27.9157214Z,20.722080,17.957314,2238,1,0,WaitingForPhaseBoundary,0,0,TaskSwitchDisplay,1,,0,Source,1,1,Move1,Move1.PickupCoarseMove,1,1,0,0,17.824627,0.000000,0,0.050000,0.000000,9.364000,0.000000,-4.000000,0.000000,4.000000,0.000000,4.000000,0.000000,20.000000,250.000000,0,0.000000,1770.000000,,-1770.000000,0.000000,0.000000,0.000000,0,75.000000,70.000000,"{""stepId"":""Move1.PickupCoarseMove"",""displayName"":""吸着位置へ大まかに移動"",""majorPhase"":0,""completionConditions"":[{""conditionType"":1,""threshold"":0.5,""secondaryThreshold"":0.5},{""conditionType"":3,""threshold"":0.0,""secondaryThreshold"":0.0}],""requiredStableSeconds"":0.4000000059604645}",0.000000,0,1,0,2238,0.050000,0,1
20261007T100007181Z_e407267f5160429bb1e8d9eb7b844d2c,,,1,370,2026-10-07T10:00:27.9157214Z,20.722080,17.957314,2238,1,0,WaitingForPhaseBoundary,0,0,TaskSwitchDisplay,1,,1,Target,,1,Move1,,0,0,0,0,0.000000,0.000000,0,0.050000,20.000000,9.364000,0.000000,16.000000,19.000000,4.000000,-19.000000,4.000000,19.000000,40.000000,250.000000,0,0.000000,,,,0.000000,0.000000,0.000000,0,75.000000,70.000000,,,,,,,,,
20261007T100007181Z_e407267f5160429bb1e8d9eb7b844d2c,,,1,371,2026-10-07T10:00:27.9684838Z,20.774500,18.008816,2243,1,0,WaitingForPhaseBoundary,0,0,TaskSwitchDisplay,1,,0,Source,1,1,Move1,Move1.PickupCoarseMove,1,1,0,0,17.876127,0.000000,0,0.050000,0.000000,9.364000,0.000000,-4.000000,0.000000,4.000000,0.000000,4.000000,0.000000,20.000000,250.000000,0,0.000000,1770.000000,,-1770.000000,0.000000,0.000000,0.000000,0,75.000000,70.000000,"{""stepId"":""Move1.PickupCoarseMove"",""displayName"":""吸着位置へ大まかに移動"",""majorPhase"":0,""completionConditions"":[{""conditionType"":1,""threshold"":0.5,""secondaryThreshold"":0.5},{""conditionType"":3,""threshold"":0.0,""secondaryThreshold"":0.0}],""requiredStableSeconds"":0.4000000059604645}",0.000000,0,1,0,2243,0.050000,0,1
20261007T100007181Z_e407267f5160429bb1e8d9eb7b844d2c,,,1,371,2026-10-07T10:00:27.9684838Z,20.774500,18.008816,2243,1,0,WaitingForPhaseBoundary,0,0,TaskSwitchDisplay,1,,1,Target,,1,Move1,,0,0,0,0,0.000000,0.000000,0,0.050000,20.000000,9.364000,0.000000,16.000000,19.000000,4.000000,-19.000000,4.000000,19.000000,40.000000,250.000000,0,0.000000,,,,0.000000,0.000000,0.000000,0,75.000000,70.000000,,,,,,,,,
20261007T100007181Z_e407267f5160429bb1e8d9eb7b844d2c,,,1,372,2026-10-07T10:00:28.0284169Z,20.833790,18.068495,2249,1,0,WaitingForPhaseBoundary,0,0,TaskSwitchDisplay,1,,0,Source,1,1,Move1,Move1.PickupCoarseMove,1,1,0,0,17.935804,0.000000,0,0.050000,0.000000,9.364000,0.000000,-4.000000,0.000000,4.000000,0.000000,4.000000,0.000000,20.000000,250.000000,0,0.000000,1770.000000,,-1770.000000,0.000000,0.000000,0.000000,0,75.000000,70.000000,"{""stepId"":""Move1.PickupCoarseMove"",""displayName"":""吸着位置へ大まかに移動"",""majorPhase"":0,""completionConditions"":[{""conditionType"":1,""threshold"":0.5,""secondaryThreshold"":0.5},{""conditionType"":3,""threshold"":0.0,""secondaryThreshold"":0.0}],""requiredStableSeconds"":0.4000000059604645}",0.000000,0,1,0,2249,0.050000,0,1
20261007T100007181Z_e407267f5160429bb1e8d9eb7b844d2c,,,1,372,2026-10-07T10:00:28.0284169Z,20.833790,18.068495,2249,1,0,WaitingForPhaseBoundary,0,0,TaskSwitchDisplay,1,,1,Target,,1,Move1,,0,0,0,0,0.000000,0.000000,0,0.050000,20.000000,9.364000,0.000000,16.000000,19.000000,4.000000,-19.000000,4.000000,19.000000,40.000000,250.000000,0,0.000000,,,,0.000000,0.000000,0.000000,0,75.000000,70.000000,,,,,,,,,
20261007T100007181Z_e407267f5160429bb1e8d9eb7b844d2c,,,1,373,2026-10-07T10:00:28.0896319Z,20.894985,18.129336,2255,1,0,WaitingForPhaseBoundary,0,0,TaskSwitchDisplay,1,,0,Source,1,1,Move1,Move1.PickupCoarseMove,1,1,0,0,17.996649,0.000000,0,0.050000,0.000000,9.364000,0.000000,-4.000000,0.000000,4.000000,0.000000,4.000000,0.000000,20.000000,250.000000,0,0.000000,1770.000000,,-1770.000000,0.000000,0.000000,0.000000,0,75.000000,70.000000,"{""stepId"":""Move1.PickupCoarseMove"",""displayName"":""吸着位置へ大まかに移動"",""majorPhase"":0,""completionConditions"":[{""conditionType"":1,""threshold"":0.5,""secondaryThreshold"":0.5},{""conditionType"":3,""threshold"":0.0,""secondaryThreshold"":0.0}],""requiredStableSeconds"":0.4000000059604645}",0.000000,0,1,0,2255,0.050000,0,1
20261007T100007181Z_e407267f5160429bb1e8d9eb7b844d2c,,,1,373,2026-10-07T10:00:28.0896319Z,20.894985,18.129336,2255,1,0,WaitingForPhaseBoundary,0,0,TaskSwitchDisplay,1,,1,Target,,1,Move1,,0,0,0,0,0.000000,0.000000,0,0.050000,20.000000,9.364000,0.000000,16.000000,19.000000,4.000000,-19.000000,4.000000,19.000000,40.000000,250.000000,0,0.000000,,,,0.000000,0.000000,0.000000,0,75.000000,70.000000,,,,,,,,,
20261007T100007181Z_e407267f5160429bb1e8d9eb7b844d2c,,,1,374,2026-10-07T10:00:28.1389342Z,20.945117,18.179793,2260,1,0,WaitingForPhaseBoundary,0,0,TaskSwitchDisplay,1,,0,Source,1,1,Move1,Move1.PickupCoarseMove,1,1,0,0,18.047108,0.000000,0,0.050000,0.000000,9.364000,0.000000,-4.000000,0.000000,4.000000,0.000000,4.000000,0.000000,20.000000,250.000000,0,0.000000,1770.000000,,-1770.000000,0.000000,0.000000,0.000000,0,75.000000,70.000000,"{""stepId"":""Move1.PickupCoarseMove"",""displayName"":""吸着位置へ大まかに移動"",""majorPhase"":0,""completionConditions"":[{""conditionType"":1,""threshold"":0.5,""secondaryThreshold"":0.5},{""conditionType"":3,""threshold"":0.0,""secondaryThreshold"":0.0}],""requiredStableSeconds"":0.4000000059604645}",0.000000,0,1,0,2260,0.050000,0,1
20261007T100007181Z_e407267f5160429bb1e8d9eb7b844d2c,,,1,374,2026-10-07T10:00:28.1389342Z,20.945117,18.179793,2260,1,0,WaitingForPhaseBoundary,0,0,TaskSwitchDisplay,1,,1,Target,,1,Move1,,0,0,0,0,0.000000,0.000000,0,0.050000,20.000000,9.364000,0.000000,16.000000,19.000000,4.000000,-19.000000,4.000000,19.000000,40.000000,250.000000,0,0.000000,,,,0.000000,0.000000,0.000000,0,75.000000,70.000000,,,,,,,,,
20261007T100007181Z_e407267f5160429bb1e8d9eb7b844d2c,,,1,375,2026-10-07T10:00:28.1913960Z,20.996636,18.231547,2265,1,0,WaitingForPhaseBoundary,0,0,TaskSwitchDisplay,1,,0,Source,1,1,Move1,Move1.PickupCoarseMove,1,1,0,0,18.098862,0.000000,0,0.050000,0.000000,9.364000,0.000000,-4.000000,0.000000,4.000000,0.000000,4.000000,0.000000,20.000000,250.000000,0,0.000000,1770.000000,,-1770.000000,0.000000,0.000000,0.000000,0,75.000000,70.000000,"{""stepId"":""Move1.PickupCoarseMove"",""displayName"":""吸着位置へ大まかに移動"",""majorPhase"":0,""completionConditions"":[{""conditionType"":1,""threshold"":0.5,""secondaryThreshold"":0.5},{""conditionType"":3,""threshold"":0.0,""secondaryThreshold"":0.0}],""requiredStableSeconds"":0.4000000059604645}",0.000000,0,1,0,2265,0.050000,0,1
20261007T100007181Z_e407267f5160429bb1e8d9eb7b844d2c,,,1,375,2026-10-07T10:00:28.1913960Z,20.996636,18.231547,2265,1,0,WaitingForPhaseBoundary,0,0,TaskSwitchDisplay,1,,1,Target,,1,Move1,,0,0,0,0,0.000000,0.000000,0,0.050000,20.000000,9.364000,0.000000,16.000000,19.000000,4.000000,-19.000000,4.000000,19.000000,40.000000,250.000000,0,0.000000,,,,0.000000,0.000000,0.000000,0,75.000000,70.000000,,,,,,,,,
20261007T100007181Z_e407267f5160429bb1e8d9eb7b844d2c,,,1,376,2026-10-07T10:00:28.2512327Z,21.057205,18.292425,2271,1,0,WaitingForPhaseBoundary,0,0,TaskSwitchDisplay,1,,0,Source,1,1,Move1,Move1.PickupCoarseMove,1,1,0,0,18.159740,0.000000,0,0.050000,0.000000,9.364000,0.000000,-4.000000,0.000000,4.000000,0.000000,4.000000,0.000000,20.000000,250.000000,0,0.000000,1770.000000,,-1770.000000,0.000000,0.000000,0.000000,0,75.000000,70.000000,"{""stepId"":""Move1.PickupCoarseMove"",""displayName"":""吸着位置へ大まかに移動"",""majorPhase"":0,""completionConditions"":[{""conditionType"":1,""threshold"":0.5,""secondaryThreshold"":0.5},{""conditionType"":3,""threshold"":0.0,""secondaryThreshold"":0.0}],""requiredStableSeconds"":0.4000000059604645}",0.000000,0,1,0,2271,0.050000,0,1
20261007T100007181Z_e407267f5160429bb1e8d9eb7b844d2c,,,1,376,2026-10-07T10:00:28.2512327Z,21.057205,18.292425,2271,1,0,WaitingForPhaseBoundary,0,0,TaskSwitchDisplay,1,,1,Target,,1,Move1,,0,0,0,0,0.000000,0.000000,0,0.050000,20.000000,9.364000,0.000000,16.000000,19.000000,4.000000,-19.000000,4.000000,19.000000,40.000000,250.000000,0,0.000000,,,,0.000000,0.000000,0.000000,0,75.000000,70.000000,,,,,,,,,
20261007T100007181Z_e407267f5160429bb1e8d9eb7b844d2c,,,1,377,2026-10-07T10:00:28.3023503Z,21.108366,18.342771,2276,1,0,WaitingForPhaseBoundary,0,0,TaskSwitchDisplay,1,,0,Source,1,1,Move1,Move1.PickupCoarseMove,1,1,0,0,18.210085,0.000000,0,0.050000,0.000000,9.364000,0.000000,-4.000000,0.000000,4.000000,0.000000,4.000000,0.000000,20.000000,250.000000,0,0.000000,1770.000000,,-1770.000000,0.000000,0.000000,0.000000,0,75.000000,70.000000,"{""stepId"":""Move1.PickupCoarseMove"",""displayName"":""吸着位置へ大まかに移動"",""majorPhase"":0,""completionConditions"":[{""conditionType"":1,""threshold"":0.5,""secondaryThreshold"":0.5},{""conditionType"":3,""threshold"":0.0,""secondaryThreshold"":0.0}],""requiredStableSeconds"":0.4000000059604645}",0.000000,0,1,0,2276,0.050000,0,1
20261007T100007181Z_e407267f5160429bb1e8d9eb7b844d2c,,,1,377,2026-10-07T10:00:28.3023503Z,21.108366,18.342771,2276,1,0,WaitingForPhaseBoundary,0,0,TaskSwitchDisplay,1,,1,Target,,1,Move1,,0,0,0,0,0.000000,0.000000,0,0.050000,20.000000,9.364000,0.000000,16.000000,19.000000,4.000000,-19.000000,4.000000,19.000000,40.000000,250.000000,0,0.000000,,,,0.000000,0.000000,0.000000,0,75.000000,70.000000,,,,,,,,,
20261007T100007181Z_e407267f5160429bb1e8d9eb7b844d2c,,,1,378,2026-10-07T10:00:28.3613059Z,21.166818,18.401447,2282,1,0,WaitingForPhaseBoundary,0,0,TaskSwitchDisplay,1,,0,Source,1,1,Move1,Move1.PickupCoarseMove,1,1,0,0,18.268763,0.000000,0,0.050000,0.000000,9.364000,0.000000,-4.000000,0.000000,4.000000,0.000000,4.000000,0.000000,20.000000,250.000000,0,0.000000,1770.000000,,-1770.000000,0.000000,0.000000,0.000000,0,75.000000,70.000000,"{""stepId"":""Move1.PickupCoarseMove"",""displayName"":""吸着位置へ大まかに移動"",""majorPhase"":0,""completionConditions"":[{""conditionType"":1,""threshold"":0.5,""secondaryThreshold"":0.5},{""conditionType"":3,""threshold"":0.0,""secondaryThreshold"":0.0}],""requiredStableSeconds"":0.4000000059604645}",0.000000,0,1,0,2282,0.050000,0,1
20261007T100007181Z_e407267f5160429bb1e8d9eb7b844d2c,,,1,378,2026-10-07T10:00:28.3613059Z,21.166818,18.401447,2282,1,0,WaitingForPhaseBoundary,0,0,TaskSwitchDisplay,1,,1,Target,,1,Move1,,0,0,0,0,0.000000,0.000000,0,0.050000,20.000000,9.364000,0.000000,16.000000,19.000000,4.000000,-19.000000,4.000000,19.000000,40.000000,250.000000,0,0.000000,,,,0.000000,0.000000,0.000000,0,75.000000,70.000000,,,,,,,,,
20261007T100007181Z_e407267f5160429bb1e8d9eb7b844d2c,,,1,379,2026-10-07T10:00:28.4158028Z,21.221575,18.456429,2287,1,0,WaitingForPhaseBoundary,0,0,TaskSwitchDisplay,1,,0,Source,1,1,Move1,Move1.PickupCoarseMove,1,1,0,0,18.323746,0.000000,0,0.050000,0.000000,9.364000,0.000000,-4.000000,0.000000,4.000000,0.000000,4.000000,0.000000,20.000000,250.000000,0,0.000000,1770.000000,,-1770.000000,0.000000,0.000000,0.000000,0,75.000000,70.000000,"{""stepId"":""Move1.PickupCoarseMove"",""displayName"":""吸着位置へ大まかに移動"",""majorPhase"":0,""completionConditions"":[{""conditionType"":1,""threshold"":0.5,""secondaryThreshold"":0.5},{""conditionType"":3,""threshold"":0.0,""secondaryThreshold"":0.0}],""requiredStableSeconds"":0.4000000059604645}",0.000000,0,1,0,2287,0.050000,0,1
20261007T100007181Z_e407267f5160429bb1e8d9eb7b844d2c,,,1,379,2026-10-07T10:00:28.4158028Z,21.221575,18.456429,2287,1,0,WaitingForPhaseBoundary,0,0,TaskSwitchDisplay,1,,1,Target,,1,Move1,,0,0,0,0,0.000000,0.000000,0,0.050000,20.000000,9.364000,0.000000,16.000000,19.000000,4.000000,-19.000000,4.000000,19.000000,40.000000,250.000000,0,0.000000,,,,0.000000,0.000000,0.000000,0,75.000000,70.000000,,,,,,,,,
20261007T100007181Z_e407267f5160429bb1e8d9eb7b844d2c,,,1,380,2026-10-07T10:00:28.4704099Z,21.275867,18.510790,2292,1,0,WaitingForPhaseBoundary,0,0,TaskSwitchDisplay,1,,0,Source,1,1,Move1,Move1.PickupCoarseMove,1,1,0,0,18.378105,0.000000,0,0.050000,0.000000,9.364000,0.000000,-4.000000,0.000000,4.000000,0.000000,4.000000,0.000000,20.000000,250.000000,0,0.000000,1770.000000,,-1770.000000,0.000000,0.000000,0.000000,0,75.000000,70.000000,"{""stepId"":""Move1.PickupCoarseMove"",""displayName"":""吸着位置へ大まかに移動"",""majorPhase"":0,""completionConditions"":[{""conditionType"":1,""threshold"":0.5,""secondaryThreshold"":0.5},{""conditionType"":3,""threshold"":0.0,""secondaryThreshold"":0.0}],""requiredStableSeconds"":0.4000000059604645}",0.000000,0,1,0,2292,0.050000,0,1
20261007T100007181Z_e407267f5160429bb1e8d9eb7b844d2c,,,1,380,2026-10-07T10:00:28.4704099Z,21.275867,18.510790,2292,1,0,WaitingForPhaseBoundary,0,0,TaskSwitchDisplay,1,,1,Target,,1,Move1,,0,0,0,0,0.000000,0.000000,0,0.050000,20.000000,9.364000,0.000000,16.000000,19.000000,4.000000,-19.000000,4.000000,19.000000,40.000000,250.000000,0,0.000000,,,,0.000000,0.000000,0.000000,0,75.000000,70.000000,,,,,,,,,
20261007T100007181Z_e407267f5160429bb1e8d9eb7b844d2c,,,1,381,2026-10-07T10:00:28.5307738Z,21.337103,18.571568,2296,1,0,WaitingForPhaseBoundary,0,0,TaskSwitchDisplay,1,,0,Source,1,1,Move1,Move1.PickupCoarseMove,1,1,0,0,18.438885,0.000000,0,0.050000,0.000000,9.364000,0.000000,-4.000000,0.000000,4.000000,0.000000,4.000000,0.000000,20.000000,250.000000,0,0.000000,1770.000000,,-1770.000000,0.000000,0.000000,0.000000,0,75.000000,70.000000,"{""stepId"":""Move1.PickupCoarseMove"",""displayName"":""吸着位置へ大まかに移動"",""majorPhase"":0,""completionConditions"":[{""conditionType"":1,""threshold"":0.5,""secondaryThreshold"":0.5},{""conditionType"":3,""threshold"":0.0,""secondaryThreshold"":0.0}],""requiredStableSeconds"":0.4000000059604645}",0.000000,0,1,0,2296,0.050000,0,1
20261007T100007181Z_e407267f5160429bb1e8d9eb7b844d2c,,,1,381,2026-10-07T10:00:28.5307738Z,21.337103,18.571568,2296,1,0,WaitingForPhaseBoundary,0,0,TaskSwitchDisplay,1,,1,Target,,1,Move1,,0,0,0,0,0.000000,0.000000,0,0.050000,20.000000,9.364000,0.000000,16.000000,19.000000,4.000000,-19.000000,4.000000,19.000000,40.000000,250.000000,0,0.000000,,,,0.000000,0.000000,0.000000,0,75.000000,70.000000,,,,,,,,,
20261007T100007181Z_e407267f5160429bb1e8d9eb7b844d2c,,,1,382,2026-10-07T10:00:28.5888962Z,21.394766,18.630027,2301,1,0,WaitingForPhaseBoundary,0,0,TaskSwitchDisplay,1,,0,Source,1,1,Move1,Move1.PickupCoarseMove,1,1,0,0,18.497341,0.000000,0,0.050000,0.000000,9.364000,0.000000,-4.000000,0.000000,4.000000,0.000000,4.000000,0.000000,20.000000,250.000000,0,0.000000,1770.000000,,-1770.000000,0.000000,0.000000,0.000000,0,75.000000,70.000000,"{""stepId"":""Move1.PickupCoarseMove"",""displayName"":""吸着位置へ大まかに移動"",""majorPhase"":0,""completionConditions"":[{""conditionType"":1,""threshold"":0.5,""secondaryThreshold"":0.5},{""conditionType"":3,""threshold"":0.0,""secondaryThreshold"":0.0}],""requiredStableSeconds"":0.4000000059604645}",0.000000,0,1,0,2301,0.050000,0,1
20261007T100007181Z_e407267f5160429bb1e8d9eb7b844d2c,,,1,382,2026-10-07T10:00:28.5888962Z,21.394766,18.630027,2301,1,0,WaitingForPhaseBoundary,0,0,TaskSwitchDisplay,1,,1,Target,,1,Move1,,0,0,0,0,0.000000,0.000000,0,0.050000,20.000000,9.364000,0.000000,16.000000,19.000000,4.000000,-19.000000,4.000000,19.000000,40.000000,250.000000,0,0.000000,,,,0.000000,0.000000,0.000000,0,75.000000,70.000000,,,,,,,,,
20261007T100007181Z_e407267f5160429bb1e8d9eb7b844d2c,,,1,383,2026-10-07T10:00:28.6506283Z,21.455820,18.691027,2306,1,0,WaitingForPhaseBoundary,0,0,TaskSwitchDisplay,1,,0,Source,1,1,Move1,Move1.PickupCoarseMove,1,1,0,0,18.558342,0.000000,0,0.050000,0.000000,9.364000,0.000000,-4.000000,0.000000,4.000000,0.000000,4.000000,0.000000,20.000000,250.000000,0,0.000000,1770.000000,,-1770.000000,0.000000,0.000000,0.000000,0,75.000000,70.000000,"{""stepId"":""Move1.PickupCoarseMove"",""displayName"":""吸着位置へ大まかに移動"",""majorPhase"":0,""completionConditions"":[{""conditionType"":1,""threshold"":0.5,""secondaryThreshold"":0.5},{""conditionType"":3,""threshold"":0.0,""secondaryThreshold"":0.0}],""requiredStableSeconds"":0.4000000059604645}",0.000000,0,1,0,2306,0.050000,0,1
20261007T100007181Z_e407267f5160429bb1e8d9eb7b844d2c,,,1,383,2026-10-07T10:00:28.6506283Z,21.455820,18.691027,2306,1,0,WaitingForPhaseBoundary,0,0,TaskSwitchDisplay,1,,1,Target,,1,Move1,,0,0,0,0,0.000000,0.000000,0,0.050000,20.000000,9.364000,0.000000,16.000000,19.000000,4.000000,-19.000000,4.000000,19.000000,40.000000,250.000000,0,0.000000,,,,0.000000,0.000000,0.000000,0,75.000000,70.000000,,,,,,,,,
20261007T100007181Z_e407267f5160429bb1e8d9eb7b844d2c,,,1,384,2026-10-07T10:00:28.7037487Z,21.509616,18.744143,2311,1,0,WaitingForPhaseBoundary,0,0,TaskSwitchDisplay,1,,0,Source,1,1,Move1,Move1.PickupCoarseMove,1,1,0,0,18.611460,0.000000,0,0.050000,0.000000,9.364000,0.000000,-4.000000,0.000000,4.000000,0.000000,4.000000,0.000000,20.000000,250.000000,0,0.000000,1770.000000,,-1770.000000,0.000000,0.000000,0.000000,0,75.000000,70.000000,"{""stepId"":""Move1.PickupCoarseMove"",""displayName"":""吸着位置へ大まかに移動"",""majorPhase"":0,""completionConditions"":[{""conditionType"":1,""threshold"":0.5,""secondaryThreshold"":0.5},{""conditionType"":3,""threshold"":0.0,""secondaryThreshold"":0.0}],""requiredStableSeconds"":0.4000000059604645}",0.000000,0,1,0,2311,0.050000,0,1
20261007T100007181Z_e407267f5160429bb1e8d9eb7b844d2c,,,1,384,2026-10-07T10:00:28.7037487Z,21.509616,18.744143,2311,1,0,WaitingForPhaseBoundary,0,0,TaskSwitchDisplay,1,,1,Target,,1,Move1,,0,0,0,0,0.000000,0.000000,0,0.050000,20.000000,9.364000,0.000000,16.000000,19.000000,4.000000,-19.000000,4.000000,19.000000,40.000000,250.000000,0,0.000000,,,,0.000000,0.000000,0.000000,0,75.000000,70.000000,,,,,,,,,
20261007T100007181Z_e407267f5160429bb1e8d9eb7b844d2c,,,1,385,2026-10-07T10:00:28.7634635Z,21.568996,18.803588,2316,1,0,WaitingForPhaseBoundary,0,0,TaskSwitchDisplay,1,,0,Source,1,1,Move1,Move1.PickupCoarseMove,1,1,0,0,18.670906,0.000000,0,0.050000,0.000000,9.364000,0.000000,-4.000000,0.000000,4.000000,0.000000,4.000000,0.000000,20.000000,250.000000,0,0.000000,1770.000000,,-1770.000000,0.000000,0.000000,0.000000,0,75.000000,70.000000,"{""stepId"":""Move1.PickupCoarseMove"",""displayName"":""吸着位置へ大まかに移動"",""majorPhase"":0,""completionConditions"":[{""conditionType"":1,""threshold"":0.5,""secondaryThreshold"":0.5},{""conditionType"":3,""threshold"":0.0,""secondaryThreshold"":0.0}],""requiredStableSeconds"":0.4000000059604645}",0.000000,0,1,0,2316,0.050000,0,1
20261007T100007181Z_e407267f5160429bb1e8d9eb7b844d2c,,,1,385,2026-10-07T10:00:28.7634635Z,21.568996,18.803588,2316,1,0,WaitingForPhaseBoundary,0,0,TaskSwitchDisplay,1,,1,Target,,1,Move1,,0,0,0,0,0.000000,0.000000,0,0.050000,20.000000,9.364000,0.000000,16.000000,19.000000,4.000000,-19.000000,4.000000,19.000000,40.000000,250.000000,0,0.000000,,,,0.000000,0.000000,0.000000,0,75.000000,70.000000,,,,,,,,,
20261007T100007181Z_e407267f5160429bb1e8d9eb7b844d2c,,,1,386,2026-10-07T10:00:28.8165492Z,21.622486,18.857666,2321,1,0,WaitingForPhaseBoundary,0,0,TaskSwitchDisplay,1,,0,Source,1,1,Move1,Move1.PickupCoarseMove,1,1,0,0,18.724983,0.000000,0,0.050000,0.000000,9.364000,0.000000,-4.000000,0.000000,4.000000,0.000000,4.000000,0.000000,20.000000,250.000000,0,0.000000,1770.000000,,-1770.000000,0.000000,0.000000,0.000000,0,75.000000,70.000000,"{""stepId"":""Move1.PickupCoarseMove"",""displayName"":""吸着位置へ大まかに移動"",""majorPhase"":0,""completionConditions"":[{""conditionType"":1,""threshold"":0.5,""secondaryThreshold"":0.5},{""conditionType"":3,""threshold"":0.0,""secondaryThreshold"":0.0}],""requiredStableSeconds"":0.4000000059604645}",0.000000,0,1,0,2321,0.050000,0,1
20261007T100007181Z_e407267f5160429bb1e8d9eb7b844d2c,,,1,386,2026-10-07T10:00:28.8165492Z,21.622486,18.857666,2321,1,0,WaitingForPhaseBoundary,0,0,TaskSwitchDisplay,1,,1,Target,,1,Move1,,0,0,0,0,0.000000,0.000000,0,0.050000,20.000000,9.364000,0.000000,16.000000,19.000000,4.000000,-19.000000,4.000000,19.000000,40.000000,250.000000,0,0.000000,,,,0.000000,0.000000,0.000000,0,75.000000,70.000000,,,,,,,,,
20261007T100007181Z_e407267f5160429bb1e8d9eb7b844d2c,,,1,387,2026-10-07T10:00:28.8755698Z,21.681293,18.916588,2326,1,0,WaitingForPhaseBoundary,0,0,TaskSwitchDisplay,1,,0,Source,1,1,Move1,Move1.PickupCoarseMove,1,1,0,0,18.783907,0.000000,0,0.050000,0.000000,9.364000,0.000000,-4.000000,0.000000,4.000000,0.000000,4.000000,0.000000,20.000000,250.000000,0,0.000000,1770.000000,,-1770.000000,0.000000,0.000000,0.000000,0,75.000000,70.000000,"{""stepId"":""Move1.PickupCoarseMove"",""displayName"":""吸着位置へ大まかに移動"",""majorPhase"":0,""completionConditions"":[{""conditionType"":1,""threshold"":0.5,""secondaryThreshold"":0.5},{""conditionType"":3,""threshold"":0.0,""secondaryThreshold"":0.0}],""requiredStableSeconds"":0.4000000059604645}",0.000000,0,1,0,2326,0.050000,0,1
20261007T100007181Z_e407267f5160429bb1e8d9eb7b844d2c,,,1,387,2026-10-07T10:00:28.8755698Z,21.681293,18.916588,2326,1,0,WaitingForPhaseBoundary,0,0,TaskSwitchDisplay,1,,1,Target,,1,Move1,,0,0,0,0,0.000000,0.000000,0,0.050000,20.000000,9.364000,0.000000,16.000000,19.000000,4.000000,-19.000000,4.000000,19.000000,40.000000,250.000000,0,0.000000,,,,0.000000,0.000000,0.000000,0,75.000000,70.000000,,,,,,,,,
20261007T100007181Z_e407267f5160429bb1e8d9eb7b844d2c,,,1,388,2026-10-07T10:00:28.9277110Z,21.732937,18.967625,2331,1,0,WaitingForPhaseBoundary,0,0,TaskSwitchDisplay,1,,0,Source,1,1,Move1,Move1.PickupCoarseMove,1,1,0,0,18.834944,0.000000,0,0.050000,0.000000,9.364000,0.000000,-4.000000,0.000000,4.000000,0.000000,4.000000,0.000000,20.000000,250.000000,0,0.000000,1770.000000,,-1770.000000,0.000000,0.000000,0.000000,0,75.000000,70.000000,"{""stepId"":""Move1.PickupCoarseMove"",""displayName"":""吸着位置へ大まかに移動"",""majorPhase"":0,""completionConditions"":[{""conditionType"":1,""threshold"":0.5,""secondaryThreshold"":0.5},{""conditionType"":3,""threshold"":0.0,""secondaryThreshold"":0.0}],""requiredStableSeconds"":0.4000000059604645}",0.000000,0,1,0,2331,0.050000,0,1
20261007T100007181Z_e407267f5160429bb1e8d9eb7b844d2c,,,1,388,2026-10-07T10:00:28.9277110Z,21.732937,18.967625,2331,1,0,WaitingForPhaseBoundary,0,0,TaskSwitchDisplay,1,,1,Target,,1,Move1,,0,0,0,0,0.000000,0.000000,0,0.050000,20.000000,9.364000,0.000000,16.000000,19.000000,4.000000,-19.000000,4.000000,19.000000,40.000000,250.000000,0,0.000000,,,,0.000000,0.000000,0.000000,0,75.000000,70.000000,,,,,,,,,
20261007T100007181Z_e407267f5160429bb1e8d9eb7b844d2c,,,1,389,2026-10-07T10:00:28.9807294Z,21.785969,19.020574,2336,1,0,WaitingForPhaseBoundary,0,0,TaskSwitchDisplay,1,,0,Source,1,1,Move1,Move1.PickupCoarseMove,1,1,0,0,18.887894,0.000000,0,0.050000,0.000000,9.364000,0.000000,-4.000000,0.000000,4.000000,0.000000,4.000000,0.000000,20.000000,250.000000,0,0.000000,1770.000000,,-1770.000000,0.000000,0.000000,0.000000,0,75.000000,70.000000,"{""stepId"":""Move1.PickupCoarseMove"",""displayName"":""吸着位置へ大まかに移動"",""majorPhase"":0,""completionConditions"":[{""conditionType"":1,""threshold"":0.5,""secondaryThreshold"":0.5},{""conditionType"":3,""threshold"":0.0,""secondaryThreshold"":0.0}],""requiredStableSeconds"":0.4000000059604645}",0.000000,0,1,0,2336,0.050000,0,1
20261007T100007181Z_e407267f5160429bb1e8d9eb7b844d2c,,,1,389,2026-10-07T10:00:28.9807294Z,21.785969,19.020574,2336,1,0,WaitingForPhaseBoundary,0,0,TaskSwitchDisplay,1,,1,Target,,1,Move1,,0,0,0,0,0.000000,0.000000,0,0.050000,20.000000,9.364000,0.000000,16.000000,19.000000,4.000000,-19.000000,4.000000,19.000000,40.000000,250.000000,0,0.000000,,,,0.000000,0.000000,0.000000,0,75.000000,70.000000,,,,,,,,,
20261007T100007181Z_e407267f5160429bb1e8d9eb7b844d2c,,,1,390,2026-10-07T10:00:29.0374751Z,21.843379,19.078625,2342,1,0,WaitingForPhaseBoundary,0,0,TaskSwitchDisplay,1,,0,Source,1,1,Move1,Move1.PickupCoarseMove,1,1,0,0,18.945946,0.000000,0,0.050000,0.000000,9.364000,0.000000,-4.000000,0.000000,4.000000,0.000000,4.000000,0.000000,20.000000,250.000000,0,0.000000,1770.000000,,-1770.000000,0.000000,0.000000,0.000000,0,75.000000,70.000000,"{""stepId"":""Move1.PickupCoarseMove"",""displayName"":""吸着位置へ大まかに移動"",""majorPhase"":0,""completionConditions"":[{""conditionType"":1,""threshold"":0.5,""secondaryThreshold"":0.5},{""conditionType"":3,""threshold"":0.0,""secondaryThreshold"":0.0}],""requiredStableSeconds"":0.4000000059604645}",0.000000,0,1,0,2342,0.050000,0,1
20261007T100007181Z_e407267f5160429bb1e8d9eb7b844d2c,,,1,390,2026-10-07T10:00:29.0374751Z,21.843379,19.078625,2342,1,0,WaitingForPhaseBoundary,0,0,TaskSwitchDisplay,1,,1,Target,,1,Move1,,0,0,0,0,0.000000,0.000000,0,0.050000,20.000000,9.364000,0.000000,16.000000,19.000000,4.000000,-19.000000,4.000000,19.000000,40.000000,250.000000,0,0.000000,,,,0.000000,0.000000,0.000000,0,75.000000,70.000000,,,,,,,,,
20261007T100007181Z_e407267f5160429bb1e8d9eb7b844d2c,,,1,391,2026-10-07T10:00:29.0944098Z,21.900104,19.135186,2347,1,0,WaitingForPhaseBoundary,0,0,TaskSwitchDisplay,1,,0,Source,1,1,Move1,Move1.PickupCoarseMove,1,1,0,0,19.002508,0.000000,0,0.050000,0.000000,9.364000,0.000000,-4.000000,0.000000,4.000000,0.000000,4.000000,0.000000,20.000000,250.000000,0,0.000000,1770.000000,,-1770.000000,0.000000,0.000000,0.000000,0,75.000000,70.000000,"{""stepId"":""Move1.PickupCoarseMove"",""displayName"":""吸着位置へ大まかに移動"",""majorPhase"":0,""completionConditions"":[{""conditionType"":1,""threshold"":0.5,""secondaryThreshold"":0.5},{""conditionType"":3,""threshold"":0.0,""secondaryThreshold"":0.0}],""requiredStableSeconds"":0.4000000059604645}",0.000000,0,1,0,2347,0.050000,0,1
20261007T100007181Z_e407267f5160429bb1e8d9eb7b844d2c,,,1,391,2026-10-07T10:00:29.0944098Z,21.900104,19.135186,2347,1,0,WaitingForPhaseBoundary,0,0,TaskSwitchDisplay,1,,1,Target,,1,Move1,,0,0,0,0,0.000000,0.000000,0,0.050000,20.000000,9.364000,0.000000,16.000000,19.000000,4.000000,-19.000000,4.000000,19.000000,40.000000,250.000000,0,0.000000,,,,0.000000,0.000000,0.000000,0,75.000000,70.000000,,,,,,,,,
20261007T100007181Z_e407267f5160429bb1e8d9eb7b844d2c,,,1,392,2026-10-07T10:00:29.1450816Z,21.950448,19.185082,2352,1,0,WaitingForPhaseBoundary,0,0,TaskSwitchDisplay,1,,0,Source,1,1,Move1,Move1.PickupCoarseMove,1,1,0,0,19.052404,0.000000,0,0.050000,0.000000,9.364000,0.000000,-4.000000,0.000000,4.000000,0.000000,4.000000,0.000000,20.000000,250.000000,0,0.000000,1770.000000,,-1770.000000,0.000000,0.000000,0.000000,0,75.000000,70.000000,"{""stepId"":""Move1.PickupCoarseMove"",""displayName"":""吸着位置へ大まかに移動"",""majorPhase"":0,""completionConditions"":[{""conditionType"":1,""threshold"":0.5,""secondaryThreshold"":0.5},{""conditionType"":3,""threshold"":0.0,""secondaryThreshold"":0.0}],""requiredStableSeconds"":0.4000000059604645}",0.000000,0,1,0,2352,0.050000,0,1
20261007T100007181Z_e407267f5160429bb1e8d9eb7b844d2c,,,1,392,2026-10-07T10:00:29.1450816Z,21.950448,19.185082,2352,1,0,WaitingForPhaseBoundary,0,0,TaskSwitchDisplay,1,,1,Target,,1,Move1,,0,0,0,0,0.000000,0.000000,0,0.050000,20.000000,9.364000,0.000000,16.000000,19.000000,4.000000,-19.000000,4.000000,19.000000,40.000000,250.000000,0,0.000000,,,,0.000000,0.000000,0.000000,0,75.000000,70.000000,,,,,,,,,
20261007T100007181Z_e407267f5160429bb1e8d9eb7b844d2c,,,1,393,2026-10-07T10:00:29.2040699Z,22.009659,19.243998,2357,1,0,WaitingForPhaseBoundary,0,0,TaskSwitchDisplay,1,,0,Source,1,1,Move1,Move1.PickupCoarseMove,1,1,0,0,19.111320,0.000000,0,0.050000,0.000000,9.364000,0.000000,-4.000000,0.000000,4.000000,0.000000,4.000000,0.000000,20.000000,250.000000,0,0.000000,1770.000000,,-1770.000000,0.000000,0.000000,0.000000,0,75.000000,70.000000,"{""stepId"":""Move1.PickupCoarseMove"",""displayName"":""吸着位置へ大まかに移動"",""majorPhase"":0,""completionConditions"":[{""conditionType"":1,""threshold"":0.5,""secondaryThreshold"":0.5},{""conditionType"":3,""threshold"":0.0,""secondaryThreshold"":0.0}],""requiredStableSeconds"":0.4000000059604645}",0.000000,0,1,0,2357,0.050000,0,1
20261007T100007181Z_e407267f5160429bb1e8d9eb7b844d2c,,,1,393,2026-10-07T10:00:29.2040699Z,22.009659,19.243998,2357,1,0,WaitingForPhaseBoundary,0,0,TaskSwitchDisplay,1,,1,Target,,1,Move1,,0,0,0,0,0.000000,0.000000,0,0.050000,20.000000,9.364000,0.000000,16.000000,19.000000,4.000000,-19.000000,4.000000,19.000000,40.000000,250.000000,0,0.000000,,,,0.000000,0.000000,0.000000,0,75.000000,70.000000,,,,,,,,,
20261007T100007181Z_e407267f5160429bb1e8d9eb7b844d2c,,,1,394,2026-10-07T10:00:29.2617399Z,22.068200,19.302505,2363,1,0,WaitingForPhaseBoundary,0,0,TaskSwitchDisplay,1,,0,Source,1,1,Move1,Move1.PickupCoarseMove,1,1,0,0,19.169827,0.000000,0,0.050000,0.000000,9.364000,0.000000,-4.000000,0.000000,4.000000,0.000000,4.000000,0.000000,20.000000,250.000000,0,0.000000,1770.000000,,-1770.000000,0.000000,0.000000,0.000000,0,75.000000,70.000000,"{""stepId"":""Move1.PickupCoarseMove"",""displayName"":""吸着位置へ大まかに移動"",""majorPhase"":0,""completionConditions"":[{""conditionType"":1,""threshold"":0.5,""secondaryThreshold"":0.5},{""conditionType"":3,""threshold"":0.0,""secondaryThreshold"":0.0}],""requiredStableSeconds"":0.4000000059604645}",0.000000,0,1,0,2363,0.050000,0,1
20261007T100007181Z_e407267f5160429bb1e8d9eb7b844d2c,,,1,394,2026-10-07T10:00:29.2617399Z,22.068200,19.302505,2363,1,0,WaitingForPhaseBoundary,0,0,TaskSwitchDisplay,1,,1,Target,,1,Move1,,0,0,0,0,0.000000,0.000000,0,0.050000,20.000000,9.364000,0.000000,16.000000,19.000000,4.000000,-19.000000,4.000000,19.000000,40.000000,250.000000,0,0.000000,,,,0.000000,0.000000,0.000000,0,75.000000,70.000000,,,,,,,,,
20261007T100007181Z_e407267f5160429bb1e8d9eb7b844d2c,,,1,395,2026-10-07T10:00:29.3191954Z,22.124795,19.359573,2368,1,0,WaitingForPhaseBoundary,0,0,TaskSwitchDisplay,1,,0,Source,1,1,Move1,Move1.PickupCoarseMove,1,1,0,0,19.226894,0.000000,0,0.050000,0.000000,9.364000,0.000000,-4.000000,0.000000,4.000000,0.000000,4.000000,0.000000,20.000000,250.000000,0,0.000000,1770.000000,,-1770.000000,0.000000,0.000000,0.000000,0,75.000000,70.000000,"{""stepId"":""Move1.PickupCoarseMove"",""displayName"":""吸着位置へ大まかに移動"",""majorPhase"":0,""completionConditions"":[{""conditionType"":1,""threshold"":0.5,""secondaryThreshold"":0.5},{""conditionType"":3,""threshold"":0.0,""secondaryThreshold"":0.0}],""requiredStableSeconds"":0.4000000059604645}",0.000000,0,1,0,2368,0.050000,0,1
20261007T100007181Z_e407267f5160429bb1e8d9eb7b844d2c,,,1,395,2026-10-07T10:00:29.3191954Z,22.124795,19.359573,2368,1,0,WaitingForPhaseBoundary,0,0,TaskSwitchDisplay,1,,1,Target,,1,Move1,,0,0,0,0,0.000000,0.000000,0,0.050000,20.000000,9.364000,0.000000,16.000000,19.000000,4.000000,-19.000000,4.000000,19.000000,40.000000,250.000000,0,0.000000,,,,0.000000,0.000000,0.000000,0,75.000000,70.000000,,,,,,,,,
20261007T100007181Z_e407267f5160429bb1e8d9eb7b844d2c,,,1,396,2026-10-07T10:00:29.3797124Z,22.185175,19.419640,2374,1,0,WaitingForPhaseBoundary,0,0,TaskSwitchDisplay,1,,0,Source,1,1,Move1,Move1.PickupCoarseMove,1,1,0,0,19.286961,0.000000,0,0.050000,0.000000,9.364000,0.000000,-4.000000,0.000000,4.000000,0.000000,4.000000,0.000000,20.000000,250.000000,0,0.000000,1770.000000,,-1770.000000,0.000000,0.000000,0.000000,0,75.000000,70.000000,"{""stepId"":""Move1.PickupCoarseMove"",""displayName"":""吸着位置へ大まかに移動"",""majorPhase"":0,""completionConditions"":[{""conditionType"":1,""threshold"":0.5,""secondaryThreshold"":0.5},{""conditionType"":3,""threshold"":0.0,""secondaryThreshold"":0.0}],""requiredStableSeconds"":0.4000000059604645}",0.000000,0,1,0,2374,0.050000,0,1
20261007T100007181Z_e407267f5160429bb1e8d9eb7b844d2c,,,1,396,2026-10-07T10:00:29.3797124Z,22.185175,19.419640,2374,1,0,WaitingForPhaseBoundary,0,0,TaskSwitchDisplay,1,,1,Target,,1,Move1,,0,0,0,0,0.000000,0.000000,0,0.050000,20.000000,9.364000,0.000000,16.000000,19.000000,4.000000,-19.000000,4.000000,19.000000,40.000000,250.000000,0,0.000000,,,,0.000000,0.000000,0.000000,0,75.000000,70.000000,,,,,,,,,
20261007T100007181Z_e407267f5160429bb1e8d9eb7b844d2c,,,1,397,2026-10-07T10:00:29.4336075Z,22.239621,19.474922,2379,1,0,WaitingForPhaseBoundary,0,0,TaskSwitchDisplay,1,,0,Source,1,1,Move1,Move1.PickupCoarseMove,1,1,0,0,19.342241,0.000000,0,0.050000,0.000000,9.364000,0.000000,-4.000000,0.000000,4.000000,0.000000,4.000000,0.000000,20.000000,250.000000,0,0.000000,1770.000000,,-1770.000000,0.000000,0.000000,0.000000,0,75.000000,70.000000,"{""stepId"":""Move1.PickupCoarseMove"",""displayName"":""吸着位置へ大まかに移動"",""majorPhase"":0,""completionConditions"":[{""conditionType"":1,""threshold"":0.5,""secondaryThreshold"":0.5},{""conditionType"":3,""threshold"":0.0,""secondaryThreshold"":0.0}],""requiredStableSeconds"":0.4000000059604645}",0.000000,0,1,0,2379,0.050000,0,1
20261007T100007181Z_e407267f5160429bb1e8d9eb7b844d2c,,,1,397,2026-10-07T10:00:29.4336075Z,22.239621,19.474922,2379,1,0,WaitingForPhaseBoundary,0,0,TaskSwitchDisplay,1,,1,Target,,1,Move1,,0,0,0,0,0.000000,0.000000,0,0.050000,20.000000,9.364000,0.000000,16.000000,19.000000,4.000000,-19.000000,4.000000,19.000000,40.000000,250.000000,0,0.000000,,,,0.000000,0.000000,0.000000,0,75.000000,70.000000,,,,,,,,,
20261007T100007181Z_e407267f5160429bb1e8d9eb7b844d2c,,,1,398,2026-10-07T10:00:29.4863229Z,22.291618,19.525940,2384,1,0,WaitingForPhaseBoundary,0,0,TaskSwitchDisplay,1,,0,Source,1,1,Move1,Move1.PickupCoarseMove,1,1,0,0,19.393259,0.000000,0,0.050000,0.000000,9.364000,0.000000,-4.000000,0.000000,4.000000,0.000000,4.000000,0.000000,20.000000,250.000000,0,0.000000,1770.000000,,-1770.000000,0.000000,0.000000,0.000000,0,75.000000,70.000000,"{""stepId"":""Move1.PickupCoarseMove"",""displayName"":""吸着位置へ大まかに移動"",""majorPhase"":0,""completionConditions"":[{""conditionType"":1,""threshold"":0.5,""secondaryThreshold"":0.5},{""conditionType"":3,""threshold"":0.0,""secondaryThreshold"":0.0}],""requiredStableSeconds"":0.4000000059604645}",0.000000,0,1,0,2384,0.050000,0,1
20261007T100007181Z_e407267f5160429bb1e8d9eb7b844d2c,,,1,398,2026-10-07T10:00:29.4863229Z,22.291618,19.525940,2384,1,0,WaitingForPhaseBoundary,0,0,TaskSwitchDisplay,1,,1,Target,,1,Move1,,0,0,0,0,0.000000,0.000000,0,0.050000,20.000000,9.364000,0.000000,16.000000,19.000000,4.000000,-19.000000,4.000000,19.000000,40.000000,250.000000,0,0.000000,,,,0.000000,0.000000,0.000000,0,75.000000,70.000000,,,,,,,,,
20261007T100007181Z_e407267f5160429bb1e8d9eb7b844d2c,,,1,399,2026-10-07T10:00:29.5421815Z,22.348374,19.582542,2389,1,0,WaitingForPhaseBoundary,0,0,TaskSwitchDisplay,1,,0,Source,1,1,Move1,Move1.PickupCoarseMove,1,1,0,0,19.449860,0.000000,0,0.050000,0.000000,9.364000,0.000000,-4.000000,0.000000,4.000000,0.000000,4.000000,0.000000,20.000000,250.000000,0,0.000000,1770.000000,,-1770.000000,0.000000,0.000000,0.000000,0,75.000000,70.000000,"{""stepId"":""Move1.PickupCoarseMove"",""displayName"":""吸着位置へ大まかに移動"",""majorPhase"":0,""completionConditions"":[{""conditionType"":1,""threshold"":0.5,""secondaryThreshold"":0.5},{""conditionType"":3,""threshold"":0.0,""secondaryThreshold"":0.0}],""requiredStableSeconds"":0.4000000059604645}",0.000000,0,1,0,2389,0.050000,0,1
20261007T100007181Z_e407267f5160429bb1e8d9eb7b844d2c,,,1,399,2026-10-07T10:00:29.5421815Z,22.348374,19.582542,2389,1,0,WaitingForPhaseBoundary,0,0,TaskSwitchDisplay,1,,1,Target,,1,Move1,,0,0,0,0,0.000000,0.000000,0,0.050000,20.000000,9.364000,0.000000,16.000000,19.000000,4.000000,-19.000000,4.000000,19.000000,40.000000,250.000000,0,0.000000,,,,0.000000,0.000000,0.000000,0,75.000000,70.000000,,,,,,,,,
20261007T100007181Z_e407267f5160429bb1e8d9eb7b844d2c,,,1,400,2026-10-07T10:00:29.5960127Z,22.402276,19.637265,2394,1,0,WaitingForPhaseBoundary,0,0,TaskSwitchDisplay,1,,0,Source,1,1,Move1,Move1.PickupCoarseMove,1,1,0,0,19.504583,0.000000,0,0.050000,0.000000,9.364000,0.000000,-4.000000,0.000000,4.000000,0.000000,4.000000,0.000000,20.000000,250.000000,0,0.000000,1770.000000,,-1770.000000,0.000000,0.000000,0.000000,0,75.000000,70.000000,"{""stepId"":""Move1.PickupCoarseMove"",""displayName"":""吸着位置へ大まかに移動"",""majorPhase"":0,""completionConditions"":[{""conditionType"":1,""threshold"":0.5,""secondaryThreshold"":0.5},{""conditionType"":3,""threshold"":0.0,""secondaryThreshold"":0.0}],""requiredStableSeconds"":0.4000000059604645}",0.000000,0,1,0,2394,0.050000,0,1
20261007T100007181Z_e407267f5160429bb1e8d9eb7b844d2c,,,1,400,2026-10-07T10:00:29.5960127Z,22.402276,19.637265,2394,1,0,WaitingForPhaseBoundary,0,0,TaskSwitchDisplay,1,,1,Target,,1,Move1,,0,0,0,0,0.000000,0.000000,0,0.050000,20.000000,9.364000,0.000000,16.000000,19.000000,4.000000,-19.000000,4.000000,19.000000,40.000000,250.000000,0,0.000000,,,,0.000000,0.000000,0.000000,0,75.000000,70.000000,,,,,,,,,
20261007T100007181Z_e407267f5160429bb1e8d9eb7b844d2c,,,1,401,2026-10-07T10:00:29.6521065Z,22.458121,19.693113,2399,1,0,WaitingForPhaseBoundary,0,0,TaskSwitchDisplay,1,,0,Source,1,1,Move1,Move1.PickupCoarseMove,1,1,0,0,19.560432,0.000000,0,0.050000,0.000000,9.364000,0.000000,-4.000000,0.000000,4.000000,0.000000,4.000000,0.000000,20.000000,250.000000,0,0.000000,1770.000000,,-1770.000000,0.000000,0.000000,0.000000,0,75.000000,70.000000,"{""stepId"":""Move1.PickupCoarseMove"",""displayName"":""吸着位置へ大まかに移動"",""majorPhase"":0,""completionConditions"":[{""conditionType"":1,""threshold"":0.5,""secondaryThreshold"":0.5},{""conditionType"":3,""threshold"":0.0,""secondaryThreshold"":0.0}],""requiredStableSeconds"":0.4000000059604645}",0.000000,0,1,0,2399,0.050000,0,1
20261007T100007181Z_e407267f5160429bb1e8d9eb7b844d2c,,,1,401,2026-10-07T10:00:29.6521065Z,22.458121,19.693113,2399,1,0,WaitingForPhaseBoundary,0,0,TaskSwitchDisplay,1,,1,Target,,1,Move1,,0,0,0,0,0.000000,0.000000,0,0.050000,20.000000,9.364000,0.000000,16.000000,19.000000,4.000000,-19.000000,4.000000,19.000000,40.000000,250.000000,0,0.000000,,,,0.000000,0.000000,0.000000,0,75.000000,70.000000,,,,,,,,,
20261007T100007181Z_e407267f5160429bb1e8d9eb7b844d2c,,,1,402,2026-10-07T10:00:29.7116318Z,22.517613,19.751752,2403,1,0,WaitingForPhaseBoundary,0,0,TaskSwitchDisplay,1,,0,Source,1,1,Move1,Move1.PickupCoarseMove,1,1,0,0,19.619070,0.000000,0,0.050000,0.000000,9.364000,0.000000,-4.000000,0.000000,4.000000,0.000000,4.000000,0.000000,20.000000,250.000000,0,0.000000,1770.000000,,-1770.000000,0.000000,0.000000,0.000000,0,75.000000,70.000000,"{""stepId"":""Move1.PickupCoarseMove"",""displayName"":""吸着位置へ大まかに移動"",""majorPhase"":0,""completionConditions"":[{""conditionType"":1,""threshold"":0.5,""secondaryThreshold"":0.5},{""conditionType"":3,""threshold"":0.0,""secondaryThreshold"":0.0}],""requiredStableSeconds"":0.4000000059604645}",0.000000,0,1,0,2403,0.050000,0,1
20261007T100007181Z_e407267f5160429bb1e8d9eb7b844d2c,,,1,402,2026-10-07T10:00:29.7116318Z,22.517613,19.751752,2403,1,0,WaitingForPhaseBoundary,0,0,TaskSwitchDisplay,1,,1,Target,,1,Move1,,0,0,0,0,0.000000,0.000000,0,0.050000,20.000000,9.364000,0.000000,16.000000,19.000000,4.000000,-19.000000,4.000000,19.000000,40.000000,250.000000,0,0.000000,,,,0.000000,0.000000,0.000000,0,75.000000,70.000000,,,,,,,,,
20261007T100007181Z_e407267f5160429bb1e8d9eb7b844d2c,,,1,403,2026-10-07T10:00:29.7704742Z,22.575957,19.810994,2407,1,0,WaitingForPhaseBoundary,0,0,TaskSwitchDisplay,1,,0,Source,1,1,Move1,Move1.PickupCoarseMove,1,1,0,0,19.678312,0.000000,0,0.050000,0.000000,9.364000,0.000000,-4.000000,0.000000,4.000000,0.000000,4.000000,0.000000,20.000000,250.000000,0,0.000000,1770.000000,,-1770.000000,0.000000,0.000000,0.000000,0,75.000000,70.000000,"{""stepId"":""Move1.PickupCoarseMove"",""displayName"":""吸着位置へ大まかに移動"",""majorPhase"":0,""completionConditions"":[{""conditionType"":1,""threshold"":0.5,""secondaryThreshold"":0.5},{""conditionType"":3,""threshold"":0.0,""secondaryThreshold"":0.0}],""requiredStableSeconds"":0.4000000059604645}",0.000000,0,1,0,2407,0.050000,0,1
20261007T100007181Z_e407267f5160429bb1e8d9eb7b844d2c,,,1,403,2026-10-07T10:00:29.7704742Z,22.575957,19.810994,2407,1,0,WaitingForPhaseBoundary,0,0,TaskSwitchDisplay,1,,1,Target,,1,Move1,,0,0,0,0,0.000000,0.000000,0,0.050000,20.000000,9.364000,0.000000,16.000000,19.000000,4.000000,-19.000000,4.000000,19.000000,40.000000,250.000000,0,0.000000,,,,0.000000,0.000000,0.000000,0,75.000000,70.000000,,,,,,,,,
20261007T100007181Z_e407267f5160429bb1e8d9eb7b844d2c,,,1,404,2026-10-07T10:00:29.8287583Z,22.634841,19.869400,2411,1,0,WaitingForPhaseBoundary,0,0,TaskSwitchDisplay,1,,0,Source,1,1,Move1,Move1.PickupCoarseMove,1,1,0,0,19.736717,0.000000,0,0.050000,0.000000,9.364000,0.000000,-4.000000,0.000000,4.000000,0.000000,4.000000,0.000000,20.000000,250.000000,0,0.000000,1770.000000,,-1770.000000,0.000000,0.000000,0.000000,0,75.000000,70.000000,"{""stepId"":""Move1.PickupCoarseMove"",""displayName"":""吸着位置へ大まかに移動"",""majorPhase"":0,""completionConditions"":[{""conditionType"":1,""threshold"":0.5,""secondaryThreshold"":0.5},{""conditionType"":3,""threshold"":0.0,""secondaryThreshold"":0.0}],""requiredStableSeconds"":0.4000000059604645}",0.000000,0,1,0,2411,0.050000,0,1
20261007T100007181Z_e407267f5160429bb1e8d9eb7b844d2c,,,1,404,2026-10-07T10:00:29.8287583Z,22.634841,19.869400,2411,1,0,WaitingForPhaseBoundary,0,0,TaskSwitchDisplay,1,,1,Target,,1,Move1,,0,0,0,0,0.000000,0.000000,0,0.050000,20.000000,9.364000,0.000000,16.000000,19.000000,4.000000,-19.000000,4.000000,19.000000,40.000000,250.000000,0,0.000000,,,,0.000000,0.000000,0.000000,0,75.000000,70.000000,,,,,,,,,
20261007T100007181Z_e407267f5160429bb1e8d9eb7b844d2c,,,1,405,2026-10-07T10:00:29.8868356Z,22.693276,19.928054,2416,1,0,WaitingForPhaseBoundary,0,0,TaskSwitchDisplay,1,,0,Source,1,1,Move1,Move1.PickupCoarseMove,1,1,0,0,19.795372,0.000000,0,0.050000,0.000000,9.364000,0.000000,-4.000000,0.000000,4.000000,0.000000,4.000000,0.000000,20.000000,250.000000,0,0.000000,1770.000000,,-1770.000000,0.000000,0.000000,0.000000,0,75.000000,70.000000,"{""stepId"":""Move1.PickupCoarseMove"",""displayName"":""吸着位置へ大まかに移動"",""majorPhase"":0,""completionConditions"":[{""conditionType"":1,""threshold"":0.5,""secondaryThreshold"":0.5},{""conditionType"":3,""threshold"":0.0,""secondaryThreshold"":0.0}],""requiredStableSeconds"":0.4000000059604645}",0.000000,0,1,0,2416,0.050000,0,1
20261007T100007181Z_e407267f5160429bb1e8d9eb7b844d2c,,,1,405,2026-10-07T10:00:29.8868356Z,22.693276,19.928054,2416,1,0,WaitingForPhaseBoundary,0,0,TaskSwitchDisplay,1,,1,Target,,1,Move1,,0,0,0,0,0.000000,0.000000,0,0.050000,20.000000,9.364000,0.000000,16.000000,19.000000,4.000000,-19.000000,4.000000,19.000000,40.000000,250.000000,0,0.000000,,,,0.000000,0.000000,0.000000,0,75.000000,70.000000,,,,,,,,,
20261007T100007181Z_e407267f5160429bb1e8d9eb7b844d2c,,,1,406,2026-10-07T10:00:29.9474131Z,22.752958,19.987422,2421,1,0,WaitingForPhaseBoundary,0,0,TaskSwitchDisplay,1,,0,Source,1,1,Move1,Move1.PickupCoarseMove,1,1,0,0,19.854742,0.000000,0,0.050000,0.000000,9.364000,0.000000,-4.000000,0.000000,4.000000,0.000000,4.000000,0.000000,20.000000,250.000000,0,0.000000,1770.000000,,-1770.000000,0.000000,0.000000,0.000000,0,75.000000,70.000000,"{""stepId"":""Move1.PickupCoarseMove"",""displayName"":""吸着位置へ大まかに移動"",""majorPhase"":0,""completionConditions"":[{""conditionType"":1,""threshold"":0.5,""secondaryThreshold"":0.5},{""conditionType"":3,""threshold"":0.0,""secondaryThreshold"":0.0}],""requiredStableSeconds"":0.4000000059604645}",0.000000,0,1,0,2421,0.050000,0,1
20261007T100007181Z_e407267f5160429bb1e8d9eb7b844d2c,,,1,406,2026-10-07T10:00:29.9474131Z,22.752958,19.987422,2421,1,0,WaitingForPhaseBoundary,0,0,TaskSwitchDisplay,1,,1,Target,,1,Move1,,0,0,0,0,0.000000,0.000000,0,0.050000,20.000000,9.364000,0.000000,16.000000,19.000000,4.000000,-19.000000,4.000000,19.000000,40.000000,250.000000,0,0.000000,,,,0.000000,0.000000,0.000000,0,75.000000,70.000000,,,,,,,,,
20261007T100007181Z_e407267f5160429bb1e8d9eb7b844d2c,,,1,407,2026-10-07T10:00:30.0043110Z,22.810587,20.045417,2426,1,0,WaitingForPhaseBoundary,0,0,TaskSwitchDisplay,1,,0,Source,1,1,Move1,Move1.PickupCoarseMove,1,1,0,0,19.912737,0.000000,0,0.050000,0.000000,9.364000,0.000000,-4.000000,0.000000,4.000000,0.000000,4.000000,0.000000,20.000000,250.000000,0,0.000000,1770.000000,,-1770.000000,0.000000,0.000000,0.000000,0,75.000000,70.000000,"{""stepId"":""Move1.PickupCoarseMove"",""displayName"":""吸着位置へ大まかに移動"",""majorPhase"":0,""completionConditions"":[{""conditionType"":1,""threshold"":0.5,""secondaryThreshold"":0.5},{""conditionType"":3,""threshold"":0.0,""secondaryThreshold"":0.0}],""requiredStableSeconds"":0.4000000059604645}",0.000000,0,1,0,2426,0.050000,0,1
20261007T100007181Z_e407267f5160429bb1e8d9eb7b844d2c,,,1,407,2026-10-07T10:00:30.0043110Z,22.810587,20.045417,2426,1,0,WaitingForPhaseBoundary,0,0,TaskSwitchDisplay,1,,1,Target,,1,Move1,,0,0,0,0,0.000000,0.000000,0,0.050000,20.000000,9.364000,0.000000,16.000000,19.000000,4.000000,-19.000000,4.000000,19.000000,40.000000,250.000000,0,0.000000,,,,0.000000,0.000000,0.000000,0,75.000000,70.000000,,,,,,,,,
20261007T100007181Z_e407267f5160429bb1e8d9eb7b844d2c,,,1,408,2026-10-07T10:00:30.0663323Z,22.872200,20.106523,2430,1,0,WaitingForPhaseBoundary,0,0,TaskSwitchDisplay,1,,0,Source,1,1,Move1,Move1.PickupCoarseMove,1,1,0,0,19.973843,0.000000,0,0.050000,0.000000,9.364000,0.000000,-4.000000,0.000000,4.000000,0.000000,4.000000,0.000000,20.000000,250.000000,0,0.000000,1770.000000,,-1770.000000,0.000000,0.000000,0.000000,0,75.000000,70.000000,"{""stepId"":""Move1.PickupCoarseMove"",""displayName"":""吸着位置へ大まかに移動"",""majorPhase"":0,""completionConditions"":[{""conditionType"":1,""threshold"":0.5,""secondaryThreshold"":0.5},{""conditionType"":3,""threshold"":0.0,""secondaryThreshold"":0.0}],""requiredStableSeconds"":0.4000000059604645}",0.000000,0,1,0,2430,0.050000,0,1
20261007T100007181Z_e407267f5160429bb1e8d9eb7b844d2c,,,1,408,2026-10-07T10:00:30.0663323Z,22.872200,20.106523,2430,1,0,WaitingForPhaseBoundary,0,0,TaskSwitchDisplay,1,,1,Target,,1,Move1,,0,0,0,0,0.000000,0.000000,0,0.050000,20.000000,9.364000,0.000000,16.000000,19.000000,4.000000,-19.000000,4.000000,19.000000,40.000000,250.000000,0,0.000000,,,,0.000000,0.000000,0.000000,0,75.000000,70.000000,,,,,,,,,
20261007T100007181Z_e407267f5160429bb1e8d9eb7b844d2c,,,1,409,2026-10-07T10:00:30.1176813Z,22.923077,20.158324,2434,1,0,WaitingForPhaseBoundary,0,0,TaskSwitchDisplay,1,,0,Source,1,1,Move1,Move1.PickupCoarseMove,1,1,0,0,20.025644,0.000000,0,0.050000,0.000000,9.364000,0.000000,-4.000000,0.000000,4.000000,0.000000,4.000000,0.000000,20.000000,250.000000,0,0.000000,1770.000000,,-1770.000000,0.000000,0.000000,0.000000,0,75.000000,70.000000,"{""stepId"":""Move1.PickupCoarseMove"",""displayName"":""吸着位置へ大まかに移動"",""majorPhase"":0,""completionConditions"":[{""conditionType"":1,""threshold"":0.5,""secondaryThreshold"":0.5},{""conditionType"":3,""threshold"":0.0,""secondaryThreshold"":0.0}],""requiredStableSeconds"":0.4000000059604645}",0.000000,0,1,0,2434,0.050000,0,1
20261007T100007181Z_e407267f5160429bb1e8d9eb7b844d2c,,,1,409,2026-10-07T10:00:30.1176813Z,22.923077,20.158324,2434,1,0,WaitingForPhaseBoundary,0,0,TaskSwitchDisplay,1,,1,Target,,1,Move1,,0,0,0,0,0.000000,0.000000,0,0.050000,20.000000,9.364000,0.000000,16.000000,19.000000,4.000000,-19.000000,4.000000,19.000000,40.000000,250.000000,0,0.000000,,,,0.000000,0.000000,0.000000,0,75.000000,70.000000,,,,,,,,,
20261007T100007181Z_e407267f5160429bb1e8d9eb7b844d2c,,,1,410,2026-10-07T10:00:30.1685300Z,22.974095,20.208703,2438,1,0,WaitingForPhaseBoundary,0,0,TaskSwitchDisplay,1,,0,Source,1,1,Move1,Move1.PickupCoarseMove,1,1,0,0,20.076025,0.000000,0,0.050000,0.000000,9.364000,0.000000,-4.000000,0.000000,4.000000,0.000000,4.000000,0.000000,20.000000,250.000000,0,0.000000,1770.000000,,-1770.000000,0.000000,0.000000,0.000000,0,75.000000,70.000000,"{""stepId"":""Move1.PickupCoarseMove"",""displayName"":""吸着位置へ大まかに移動"",""majorPhase"":0,""completionConditions"":[{""conditionType"":1,""threshold"":0.5,""secondaryThreshold"":0.5},{""conditionType"":3,""threshold"":0.0,""secondaryThreshold"":0.0}],""requiredStableSeconds"":0.4000000059604645}",0.000000,0,1,0,2438,0.050000,0,1
20261007T100007181Z_e407267f5160429bb1e8d9eb7b844d2c,,,1,410,2026-10-07T10:00:30.1685300Z,22.974095,20.208703,2438,1,0,WaitingForPhaseBoundary,0,0,TaskSwitchDisplay,1,,1,Target,,1,Move1,,0,0,0,0,0.000000,0.000000,0,0.050000,20.000000,9.364000,0.000000,16.000000,19.000000,4.000000,-19.000000,4.000000,19.000000,40.000000,250.000000,0,0.000000,,,,0.000000,0.000000,0.000000,0,75.000000,70.000000,,,,,,,,,
20261007T100007181Z_e407267f5160429bb1e8d9eb7b844d2c,,,1,411,2026-10-07T10:00:30.2178866Z,23.024384,20.259183,2443,1,0,WaitingForPhaseBoundary,0,0,TaskSwitchDisplay,1,,0,Source,1,1,Move1,Move1.PickupCoarseMove,1,1,0,0,20.126503,0.000000,0,0.050000,0.000000,9.364000,0.000000,-4.000000,0.000000,4.000000,0.000000,4.000000,0.000000,20.000000,250.000000,0,0.000000,1770.000000,,-1770.000000,0.000000,0.000000,0.000000,0,75.000000,70.000000,"{""stepId"":""Move1.PickupCoarseMove"",""displayName"":""吸着位置へ大まかに移動"",""majorPhase"":0,""completionConditions"":[{""conditionType"":1,""threshold"":0.5,""secondaryThreshold"":0.5},{""conditionType"":3,""threshold"":0.0,""secondaryThreshold"":0.0}],""requiredStableSeconds"":0.4000000059604645}",0.000000,0,1,0,2443,0.050000,0,1
20261007T100007181Z_e407267f5160429bb1e8d9eb7b844d2c,,,1,411,2026-10-07T10:00:30.2178866Z,23.024384,20.259183,2443,1,0,WaitingForPhaseBoundary,0,0,TaskSwitchDisplay,1,,1,Target,,1,Move1,,0,0,0,0,0.000000,0.000000,0,0.050000,20.000000,9.364000,0.000000,16.000000,19.000000,4.000000,-19.000000,4.000000,19.000000,40.000000,250.000000,0,0.000000,,,,0.000000,0.000000,0.000000,0,75.000000,70.000000,,,,,,,,,
20261007T100007181Z_e407267f5160429bb1e8d9eb7b844d2c,,,1,412,2026-10-07T10:00:30.2696800Z,23.075852,20.310922,2448,1,0,WaitingForPhaseBoundary,0,0,TaskSwitchDisplay,1,,0,Source,1,1,Move1,Move1.PickupCoarseMove,1,1,0,0,20.178242,0.000000,0,0.050000,0.000000,9.364000,0.000000,-4.000000,0.000000,4.000000,0.000000,4.000000,0.000000,20.000000,250.000000,0,0.000000,1770.000000,,-1770.000000,0.000000,0.000000,0.000000,0,75.000000,70.000000,"{""stepId"":""Move1.PickupCoarseMove"",""displayName"":""吸着位置へ大まかに移動"",""majorPhase"":0,""completionConditions"":[{""conditionType"":1,""threshold"":0.5,""secondaryThreshold"":0.5},{""conditionType"":3,""threshold"":0.0,""secondaryThreshold"":0.0}],""requiredStableSeconds"":0.4000000059604645}",0.000000,0,1,0,2448,0.050000,0,1
20261007T100007181Z_e407267f5160429bb1e8d9eb7b844d2c,,,1,412,2026-10-07T10:00:30.2696800Z,23.075852,20.310922,2448,1,0,WaitingForPhaseBoundary,0,0,TaskSwitchDisplay,1,,1,Target,,1,Move1,,0,0,0,0,0.000000,0.000000,0,0.050000,20.000000,9.364000,0.000000,16.000000,19.000000,4.000000,-19.000000,4.000000,19.000000,40.000000,250.000000,0,0.000000,,,,0.000000,0.000000,0.000000,0,75.000000,70.000000,,,,,,,,,
20261007T100007181Z_e407267f5160429bb1e8d9eb7b844d2c,,,1,413,2026-10-07T10:00:30.3228452Z,23.128099,20.362456,2453,1,0,WaitingForPhaseBoundary,0,0,TaskSwitchDisplay,1,,0,Source,1,1,Move1,Move1.PickupCoarseMove,1,1,0,0,20.229776,0.000000,0,0.050000,0.000000,9.364000,0.000000,-4.000000,0.000000,4.000000,0.000000,4.000000,0.000000,20.000000,250.000000,0,0.000000,1770.000000,,-1770.000000,0.000000,0.000000,0.000000,0,75.000000,70.000000,"{""stepId"":""Move1.PickupCoarseMove"",""displayName"":""吸着位置へ大まかに移動"",""majorPhase"":0,""completionConditions"":[{""conditionType"":1,""threshold"":0.5,""secondaryThreshold"":0.5},{""conditionType"":3,""threshold"":0.0,""secondaryThreshold"":0.0}],""requiredStableSeconds"":0.4000000059604645}",0.000000,0,1,0,2453,0.050000,0,1
20261007T100007181Z_e407267f5160429bb1e8d9eb7b844d2c,,,1,413,2026-10-07T10:00:30.3228452Z,23.128099,20.362456,2453,1,0,WaitingForPhaseBoundary,0,0,TaskSwitchDisplay,1,,1,Target,,1,Move1,,0,0,0,0,0.000000,0.000000,0,0.050000,20.000000,9.364000,0.000000,16.000000,19.000000,4.000000,-19.000000,4.000000,19.000000,40.000000,250.000000,0,0.000000,,,,0.000000,0.000000,0.000000,0,75.000000,70.000000,,,,,,,,,
20261007T100007181Z_e407267f5160429bb1e8d9eb7b844d2c,,,1,414,2026-10-07T10:00:30.3772621Z,23.182990,20.417656,2458,1,0,WaitingForPhaseBoundary,0,0,TaskSwitchDisplay,1,,0,Source,1,1,Move1,Move1.PickupCoarseMove,1,1,0,0,20.284975,0.000000,0,0.050000,0.000000,9.364000,0.000000,-4.000000,0.000000,4.000000,0.000000,4.000000,0.000000,20.000000,250.000000,0,0.000000,1770.000000,,-1770.000000,0.000000,0.000000,0.000000,0,75.000000,70.000000,"{""stepId"":""Move1.PickupCoarseMove"",""displayName"":""吸着位置へ大まかに移動"",""majorPhase"":0,""completionConditions"":[{""conditionType"":1,""threshold"":0.5,""secondaryThreshold"":0.5},{""conditionType"":3,""threshold"":0.0,""secondaryThreshold"":0.0}],""requiredStableSeconds"":0.4000000059604645}",0.000000,0,1,0,2458,0.050000,0,1
20261007T100007181Z_e407267f5160429bb1e8d9eb7b844d2c,,,1,414,2026-10-07T10:00:30.3772621Z,23.182990,20.417656,2458,1,0,WaitingForPhaseBoundary,0,0,TaskSwitchDisplay,1,,1,Target,,1,Move1,,0,0,0,0,0.000000,0.000000,0,0.050000,20.000000,9.364000,0.000000,16.000000,19.000000,4.000000,-19.000000,4.000000,19.000000,40.000000,250.000000,0,0.000000,,,,0.000000,0.000000,0.000000,0,75.000000,70.000000,,,,,,,,,
20261007T100007181Z_e407267f5160429bb1e8d9eb7b844d2c,,,1,415,2026-10-07T10:00:30.4337175Z,23.240223,20.475293,2463,1,0,WaitingForPhaseBoundary,0,0,TaskSwitchDisplay,1,,0,Source,1,1,Move1,Move1.PickupCoarseMove,1,1,0,0,20.342613,0.000000,0,0.050000,0.000000,9.364000,0.000000,-4.000000,0.000000,4.000000,0.000000,4.000000,0.000000,20.000000,250.000000,0,0.000000,1770.000000,,-1770.000000,0.000000,0.000000,0.000000,0,75.000000,70.000000,"{""stepId"":""Move1.PickupCoarseMove"",""displayName"":""吸着位置へ大まかに移動"",""majorPhase"":0,""completionConditions"":[{""conditionType"":1,""threshold"":0.5,""secondaryThreshold"":0.5},{""conditionType"":3,""threshold"":0.0,""secondaryThreshold"":0.0}],""requiredStableSeconds"":0.4000000059604645}",0.000000,0,1,0,2463,0.050000,0,1
20261007T100007181Z_e407267f5160429bb1e8d9eb7b844d2c,,,1,415,2026-10-07T10:00:30.4337175Z,23.240223,20.475293,2463,1,0,WaitingForPhaseBoundary,0,0,TaskSwitchDisplay,1,,1,Target,,1,Move1,,0,0,0,0,0.000000,0.000000,0,0.050000,20.000000,9.364000,0.000000,16.000000,19.000000,4.000000,-19.000000,4.000000,19.000000,40.000000,250.000000,0,0.000000,,,,0.000000,0.000000,0.000000,0,75.000000,70.000000,,,,,,,,,
20261007T100007181Z_e407267f5160429bb1e8d9eb7b844d2c,,,1,416,2026-10-07T10:00:30.4952298Z,23.301561,20.536808,2467,1,0,WaitingForPhaseBoundary,0,0,TaskSwitchDisplay,1,,0,Source,1,1,Move1,Move1.PickupCoarseMove,1,1,0,0,20.404127,0.000000,0,0.050000,0.000000,9.364000,0.000000,-4.000000,0.000000,4.000000,0.000000,4.000000,0.000000,20.000000,250.000000,0,0.000000,1770.000000,,-1770.000000,0.000000,0.000000,0.000000,0,75.000000,70.000000,"{""stepId"":""Move1.PickupCoarseMove"",""displayName"":""吸着位置へ大まかに移動"",""majorPhase"":0,""completionConditions"":[{""conditionType"":1,""threshold"":0.5,""secondaryThreshold"":0.5},{""conditionType"":3,""threshold"":0.0,""secondaryThreshold"":0.0}],""requiredStableSeconds"":0.4000000059604645}",0.000000,0,1,0,2467,0.050000,0,1
20261007T100007181Z_e407267f5160429bb1e8d9eb7b844d2c,,,1,416,2026-10-07T10:00:30.4952298Z,23.301561,20.536808,2467,1,0,WaitingForPhaseBoundary,0,0,TaskSwitchDisplay,1,,1,Target,,1,Move1,,0,0,0,0,0.000000,0.000000,0,0.050000,20.000000,9.364000,0.000000,16.000000,19.000000,4.000000,-19.000000,4.000000,19.000000,40.000000,250.000000,0,0.000000,,,,0.000000,0.000000,0.000000,0,75.000000,70.000000,,,,,,,,,
20261007T100007181Z_e407267f5160429bb1e8d9eb7b844d2c,,,1,417,2026-10-07T10:00:30.5553732Z,23.360771,20.595551,2470,1,0,WaitingForPhaseBoundary,0,0,TaskSwitchDisplay,1,,0,Source,1,1,Move1,Move1.PickupCoarseMove,1,1,0,0,20.462870,0.000000,0,0.050000,0.000000,9.364000,0.000000,-4.000000,0.000000,4.000000,0.000000,4.000000,0.000000,20.000000,250.000000,0,0.000000,1770.000000,,-1770.000000,0.000000,0.000000,0.000000,0,75.000000,70.000000,"{""stepId"":""Move1.PickupCoarseMove"",""displayName"":""吸着位置へ大まかに移動"",""majorPhase"":0,""completionConditions"":[{""conditionType"":1,""threshold"":0.5,""secondaryThreshold"":0.5},{""conditionType"":3,""threshold"":0.0,""secondaryThreshold"":0.0}],""requiredStableSeconds"":0.4000000059604645}",0.000000,0,1,0,2470,0.050000,0,1
20261007T100007181Z_e407267f5160429bb1e8d9eb7b844d2c,,,1,417,2026-10-07T10:00:30.5553732Z,23.360771,20.595551,2470,1,0,WaitingForPhaseBoundary,0,0,TaskSwitchDisplay,1,,1,Target,,1,Move1,,0,0,0,0,0.000000,0.000000,0,0.050000,20.000000,9.364000,0.000000,16.000000,19.000000,4.000000,-19.000000,4.000000,19.000000,40.000000,250.000000,0,0.000000,,,,0.000000,0.000000,0.000000,0,75.000000,70.000000,,,,,,,,,
20261007T100007181Z_e407267f5160429bb1e8d9eb7b844d2c,,,1,418,2026-10-07T10:00:30.6090326Z,23.415049,20.649710,2473,1,0,WaitingForPhaseBoundary,0,0,TaskSwitchDisplay,1,,0,Source,1,1,Move1,Move1.PickupCoarseMove,1,1,0,0,20.517029,0.000000,0,0.050000,0.000000,9.364000,0.000000,-4.000000,0.000000,4.000000,0.000000,4.000000,0.000000,20.000000,250.000000,0,0.000000,1770.000000,,-1770.000000,0.000000,0.000000,0.000000,0,75.000000,70.000000,"{""stepId"":""Move1.PickupCoarseMove"",""displayName"":""吸着位置へ大まかに移動"",""majorPhase"":0,""completionConditions"":[{""conditionType"":1,""threshold"":0.5,""secondaryThreshold"":0.5},{""conditionType"":3,""threshold"":0.0,""secondaryThreshold"":0.0}],""requiredStableSeconds"":0.4000000059604645}",0.000000,0,1,0,2473,0.050000,0,1
20261007T100007181Z_e407267f5160429bb1e8d9eb7b844d2c,,,1,418,2026-10-07T10:00:30.6090326Z,23.415049,20.649710,2473,1,0,WaitingForPhaseBoundary,0,0,TaskSwitchDisplay,1,,1,Target,,1,Move1,,0,0,0,0,0.000000,0.000000,0,0.050000,20.000000,9.364000,0.000000,16.000000,19.000000,4.000000,-19.000000,4.000000,19.000000,40.000000,250.000000,0,0.000000,,,,0.000000,0.000000,0.000000,0,75.000000,70.000000,,,,,,,,,
20261007T100007181Z_e407267f5160429bb1e8d9eb7b844d2c,,,1,419,2026-10-07T10:00:30.6645840Z,23.469837,20.704317,2477,1,0,WaitingForPhaseBoundary,0,0,TaskSwitchDisplay,1,,0,Source,1,1,Move1,Move1.PickupCoarseMove,1,1,0,0,20.571636,0.000000,0,0.050000,0.000000,9.364000,0.000000,-4.000000,0.000000,4.000000,0.000000,4.000000,0.000000,20.000000,250.000000,0,0.000000,1770.000000,,-1770.000000,0.000000,0.000000,0.000000,0,75.000000,70.000000,"{""stepId"":""Move1.PickupCoarseMove"",""displayName"":""吸着位置へ大まかに移動"",""majorPhase"":0,""completionConditions"":[{""conditionType"":1,""threshold"":0.5,""secondaryThreshold"":0.5},{""conditionType"":3,""threshold"":0.0,""secondaryThreshold"":0.0}],""requiredStableSeconds"":0.4000000059604645}",0.000000,0,1,0,2477,0.050000,0,1
20261007T100007181Z_e407267f5160429bb1e8d9eb7b844d2c,,,1,419,2026-10-07T10:00:30.6645840Z,23.469837,20.704317,2477,1,0,WaitingForPhaseBoundary,0,0,TaskSwitchDisplay,1,,1,Target,,1,Move1,,0,0,0,0,0.000000,0.000000,0,0.050000,20.000000,9.364000,0.000000,16.000000,19.000000,4.000000,-19.000000,4.000000,19.000000,40.000000,250.000000,0,0.000000,,,,0.000000,0.000000,0.000000,0,75.000000,70.000000,,,,,,,,,
20261007T100007181Z_e407267f5160429bb1e8d9eb7b844d2c,,,1,420,2026-10-07T10:00:30.7159627Z,23.521557,20.756758,2481,1,0,WaitingForPhaseBoundary,0,0,TaskSwitchDisplay,1,,0,Source,1,1,Move1,Move1.PickupCoarseMove,1,1,0,0,20.624077,0.000000,0,0.050000,0.000000,9.364000,0.000000,-4.000000,0.000000,4.000000,0.000000,4.000000,0.000000,20.000000,250.000000,0,0.000000,1770.000000,,-1770.000000,0.000000,0.000000,0.000000,0,75.000000,70.000000,"{""stepId"":""Move1.PickupCoarseMove"",""displayName"":""吸着位置へ大まかに移動"",""majorPhase"":0,""completionConditions"":[{""conditionType"":1,""threshold"":0.5,""secondaryThreshold"":0.5},{""conditionType"":3,""threshold"":0.0,""secondaryThreshold"":0.0}],""requiredStableSeconds"":0.4000000059604645}",0.000000,0,1,0,2481,0.050000,0,1
20261007T100007181Z_e407267f5160429bb1e8d9eb7b844d2c,,,1,420,2026-10-07T10:00:30.7159627Z,23.521557,20.756758,2481,1,0,WaitingForPhaseBoundary,0,0,TaskSwitchDisplay,1,,1,Target,,1,Move1,,0,0,0,0,0.000000,0.000000,0,0.050000,20.000000,9.364000,0.000000,16.000000,19.000000,4.000000,-19.000000,4.000000,19.000000,40.000000,250.000000,0,0.000000,,,,0.000000,0.000000,0.000000,0,75.000000,70.000000,,,,,,,,,
20261007T100007181Z_e407267f5160429bb1e8d9eb7b844d2c,,,1,421,2026-10-07T10:00:30.7847219Z,23.590692,20.825481,2485,1,0,WaitingForPhaseBoundary,0,0,TaskSwitchDisplay,1,,0,Source,1,1,Move1,Move1.PickupCoarseMove,1,1,0,0,20.692801,0.000000,0,0.050000,0.000000,9.364000,0.000000,-4.000000,0.000000,4.000000,0.000000,4.000000,0.000000,20.000000,250.000000,0,0.000000,1770.000000,,-1770.000000,0.000000,0.000000,0.000000,0,75.000000,70.000000,"{""stepId"":""Move1.PickupCoarseMove"",""displayName"":""吸着位置へ大まかに移動"",""majorPhase"":0,""completionConditions"":[{""conditionType"":1,""threshold"":0.5,""secondaryThreshold"":0.5},{""conditionType"":3,""threshold"":0.0,""secondaryThreshold"":0.0}],""requiredStableSeconds"":0.4000000059604645}",0.000000,0,1,0,2485,0.050000,0,1
20261007T100007181Z_e407267f5160429bb1e8d9eb7b844d2c,,,1,421,2026-10-07T10:00:30.7847219Z,23.590692,20.825481,2485,1,0,WaitingForPhaseBoundary,0,0,TaskSwitchDisplay,1,,1,Target,,1,Move1,,0,0,0,0,0.000000,0.000000,0,0.050000,20.000000,9.364000,0.000000,16.000000,19.000000,4.000000,-19.000000,4.000000,19.000000,40.000000,250.000000,0,0.000000,,,,0.000000,0.000000,0.000000,0,75.000000,70.000000,,,,,,,,,
20261007T100007181Z_e407267f5160429bb1e8d9eb7b844d2c,,,1,422,2026-10-07T10:00:30.8426885Z,23.648506,20.882828,2488,1,0,WaitingForPhaseBoundary,0,0,TaskSwitchDisplay,1,,0,Source,1,1,Move1,Move1.PickupCoarseMove,1,1,0,0,20.750149,0.000000,0,0.050000,0.000000,9.364000,0.000000,-4.000000,0.000000,4.000000,0.000000,4.000000,0.000000,20.000000,250.000000,0,0.000000,1770.000000,,-1770.000000,0.000000,0.000000,0.000000,0,75.000000,70.000000,"{""stepId"":""Move1.PickupCoarseMove"",""displayName"":""吸着位置へ大まかに移動"",""majorPhase"":0,""completionConditions"":[{""conditionType"":1,""threshold"":0.5,""secondaryThreshold"":0.5},{""conditionType"":3,""threshold"":0.0,""secondaryThreshold"":0.0}],""requiredStableSeconds"":0.4000000059604645}",0.000000,0,1,0,2488,0.050000,0,1
20261007T100007181Z_e407267f5160429bb1e8d9eb7b844d2c,,,1,422,2026-10-07T10:00:30.8426885Z,23.648506,20.882828,2488,1,0,WaitingForPhaseBoundary,0,0,TaskSwitchDisplay,1,,1,Target,,1,Move1,,0,0,0,0,0.000000,0.000000,0,0.050000,20.000000,9.364000,0.000000,16.000000,19.000000,4.000000,-19.000000,4.000000,19.000000,40.000000,250.000000,0,0.000000,,,,0.000000,0.000000,0.000000,0,75.000000,70.000000,,,,,,,,,
20261007T100007181Z_e407267f5160429bb1e8d9eb7b844d2c,,,1,423,2026-10-07T10:00:30.9132482Z,23.718642,20.952565,2491,1,0,WaitingForPhaseBoundary,0,0,TaskSwitchDisplay,1,,0,Source,1,1,Move1,Move1.PickupCoarseMove,1,1,0,0,20.819885,0.000000,0,0.050000,0.000000,9.364000,0.000000,-4.000000,0.000000,4.000000,0.000000,4.000000,0.000000,20.000000,250.000000,0,0.000000,1770.000000,,-1770.000000,0.000000,0.000000,0.000000,0,75.000000,70.000000,"{""stepId"":""Move1.PickupCoarseMove"",""displayName"":""吸着位置へ大まかに移動"",""majorPhase"":0,""completionConditions"":[{""conditionType"":1,""threshold"":0.5,""secondaryThreshold"":0.5},{""conditionType"":3,""threshold"":0.0,""secondaryThreshold"":0.0}],""requiredStableSeconds"":0.4000000059604645}",0.000000,0,1,0,2491,0.050000,0,1
20261007T100007181Z_e407267f5160429bb1e8d9eb7b844d2c,,,1,423,2026-10-07T10:00:30.9132482Z,23.718642,20.952565,2491,1,0,WaitingForPhaseBoundary,0,0,TaskSwitchDisplay,1,,1,Target,,1,Move1,,0,0,0,0,0.000000,0.000000,0,0.050000,20.000000,9.364000,0.000000,16.000000,19.000000,4.000000,-19.000000,4.000000,19.000000,40.000000,250.000000,0,0.000000,,,,0.000000,0.000000,0.000000,0,75.000000,70.000000,,,,,,,,,
20261007T100007181Z_e407267f5160429bb1e8d9eb7b844d2c,,,1,424,2026-10-07T10:00:30.9780138Z,23.783782,21.017969,2494,1,0,WaitingForPhaseBoundary,0,0,TaskSwitchDisplay,1,,0,Source,1,1,Move1,Move1.PickupCoarseMove,1,1,0,0,20.885288,0.000000,0,0.050000,0.000000,9.364000,0.000000,-4.000000,0.000000,4.000000,0.000000,4.000000,0.000000,20.000000,250.000000,0,0.000000,1770.000000,,-1770.000000,0.000000,0.000000,0.000000,0,75.000000,70.000000,"{""stepId"":""Move1.PickupCoarseMove"",""displayName"":""吸着位置へ大まかに移動"",""majorPhase"":0,""completionConditions"":[{""conditionType"":1,""threshold"":0.5,""secondaryThreshold"":0.5},{""conditionType"":3,""threshold"":0.0,""secondaryThreshold"":0.0}],""requiredStableSeconds"":0.4000000059604645}",0.000000,0,1,0,2494,0.050000,0,1
20261007T100007181Z_e407267f5160429bb1e8d9eb7b844d2c,,,1,424,2026-10-07T10:00:30.9780138Z,23.783782,21.017969,2494,1,0,WaitingForPhaseBoundary,0,0,TaskSwitchDisplay,1,,1,Target,,1,Move1,,0,0,0,0,0.000000,0.000000,0,0.050000,20.000000,9.364000,0.000000,16.000000,19.000000,4.000000,-19.000000,4.000000,19.000000,40.000000,250.000000,0,0.000000,,,,0.000000,0.000000,0.000000,0,75.000000,70.000000,,,,,,,,,
20261007T100007181Z_e407267f5160429bb1e8d9eb7b844d2c,,,1,425,2026-10-07T10:00:31.0397978Z,23.845200,21.079889,2498,1,0,WaitingForPhaseBoundary,0,0,TaskSwitchDisplay,1,,0,Source,1,1,Move1,Move1.PickupCoarseMove,1,1,0,0,20.947208,0.000000,0,0.050000,0.000000,9.364000,0.000000,-4.000000,0.000000,4.000000,0.000000,4.000000,0.000000,20.000000,250.000000,0,0.000000,1770.000000,,-1770.000000,0.000000,0.000000,0.000000,0,75.000000,70.000000,"{""stepId"":""Move1.PickupCoarseMove"",""displayName"":""吸着位置へ大まかに移動"",""majorPhase"":0,""completionConditions"":[{""conditionType"":1,""threshold"":0.5,""secondaryThreshold"":0.5},{""conditionType"":3,""threshold"":0.0,""secondaryThreshold"":0.0}],""requiredStableSeconds"":0.4000000059604645}",0.000000,0,1,0,2498,0.050000,0,1
20261007T100007181Z_e407267f5160429bb1e8d9eb7b844d2c,,,1,425,2026-10-07T10:00:31.0397978Z,23.845200,21.079889,2498,1,0,WaitingForPhaseBoundary,0,0,TaskSwitchDisplay,1,,1,Target,,1,Move1,,0,0,0,0,0.000000,0.000000,0,0.050000,20.000000,9.364000,0.000000,16.000000,19.000000,4.000000,-19.000000,4.000000,19.000000,40.000000,250.000000,0,0.000000,,,,0.000000,0.000000,0.000000,0,75.000000,70.000000,,,,,,,,,
20261007T100007181Z_e407267f5160429bb1e8d9eb7b844d2c,,,1,426,2026-10-07T10:00:31.0967654Z,23.902741,21.138057,2503,1,0,WaitingForPhaseBoundary,0,0,TaskSwitchDisplay,1,,0,Source,1,1,Move1,Move1.PickupCoarseMove,1,1,0,0,21.005379,0.000000,0,0.050000,0.000000,9.364000,0.000000,-4.000000,0.000000,4.000000,0.000000,4.000000,0.000000,20.000000,250.000000,0,0.000000,1770.000000,,-1770.000000,0.000000,0.000000,0.000000,0,75.000000,70.000000,"{""stepId"":""Move1.PickupCoarseMove"",""displayName"":""吸着位置へ大まかに移動"",""majorPhase"":0,""completionConditions"":[{""conditionType"":1,""threshold"":0.5,""secondaryThreshold"":0.5},{""conditionType"":3,""threshold"":0.0,""secondaryThreshold"":0.0}],""requiredStableSeconds"":0.4000000059604645}",0.000000,0,1,0,2503,0.050000,0,1
20261007T100007181Z_e407267f5160429bb1e8d9eb7b844d2c,,,1,426,2026-10-07T10:00:31.0967654Z,23.902741,21.138057,2503,1,0,WaitingForPhaseBoundary,0,0,TaskSwitchDisplay,1,,1,Target,,1,Move1,,0,0,0,0,0.000000,0.000000,0,0.050000,20.000000,9.364000,0.000000,16.000000,19.000000,4.000000,-19.000000,4.000000,19.000000,40.000000,250.000000,0,0.000000,,,,0.000000,0.000000,0.000000,0,75.000000,70.000000,,,,,,,,,
20261007T100007181Z_e407267f5160429bb1e8d9eb7b844d2c,,,1,427,2026-10-07T10:00:31.1564381Z,23.961870,21.197171,2507,1,0,WaitingForPhaseBoundary,0,0,TaskSwitchDisplay,1,,0,Source,1,1,Move1,Move1.PickupCoarseMove,1,1,0,0,21.064493,0.000000,0,0.050000,0.000000,9.364000,0.000000,-4.000000,0.000000,4.000000,0.000000,4.000000,0.000000,20.000000,250.000000,0,0.000000,1770.000000,,-1770.000000,0.000000,0.000000,0.000000,0,75.000000,70.000000,"{""stepId"":""Move1.PickupCoarseMove"",""displayName"":""吸着位置へ大まかに移動"",""majorPhase"":0,""completionConditions"":[{""conditionType"":1,""threshold"":0.5,""secondaryThreshold"":0.5},{""conditionType"":3,""threshold"":0.0,""secondaryThreshold"":0.0}],""requiredStableSeconds"":0.4000000059604645}",0.000000,0,1,0,2507,0.050000,0,1
20261007T100007181Z_e407267f5160429bb1e8d9eb7b844d2c,,,1,427,2026-10-07T10:00:31.1564381Z,23.961870,21.197171,2507,1,0,WaitingForPhaseBoundary,0,0,TaskSwitchDisplay,1,,1,Target,,1,Move1,,0,0,0,0,0.000000,0.000000,0,0.050000,20.000000,9.364000,0.000000,16.000000,19.000000,4.000000,-19.000000,4.000000,19.000000,40.000000,250.000000,0,0.000000,,,,0.000000,0.000000,0.000000,0,75.000000,70.000000,,,,,,,,,
20261007T100007181Z_e407267f5160429bb1e8d9eb7b844d2c,,,1,428,2026-10-07T10:00:31.2163100Z,24.021924,21.257024,2511,1,0,WaitingForPhaseBoundary,0,0,TaskSwitchDisplay,1,,0,Source,1,1,Move1,Move1.PickupCoarseMove,1,1,0,0,21.124348,0.000000,0,0.050000,0.000000,9.364000,0.000000,-4.000000,0.000000,4.000000,0.000000,4.000000,0.000000,20.000000,250.000000,0,0.000000,1770.000000,,-1770.000000,0.000000,0.000000,0.000000,0,75.000000,70.000000,"{""stepId"":""Move1.PickupCoarseMove"",""displayName"":""吸着位置へ大まかに移動"",""majorPhase"":0,""completionConditions"":[{""conditionType"":1,""threshold"":0.5,""secondaryThreshold"":0.5},{""conditionType"":3,""threshold"":0.0,""secondaryThreshold"":0.0}],""requiredStableSeconds"":0.4000000059604645}",0.000000,0,1,0,2511,0.050000,0,1
20261007T100007181Z_e407267f5160429bb1e8d9eb7b844d2c,,,1,428,2026-10-07T10:00:31.2163100Z,24.021924,21.257024,2511,1,0,WaitingForPhaseBoundary,0,0,TaskSwitchDisplay,1,,1,Target,,1,Move1,,0,0,0,0,0.000000,0.000000,0,0.050000,20.000000,9.364000,0.000000,16.000000,19.000000,4.000000,-19.000000,4.000000,19.000000,40.000000,250.000000,0,0.000000,,,,0.000000,0.000000,0.000000,0,75.000000,70.000000,,,,,,,,,
20261007T100007181Z_e407267f5160429bb1e8d9eb7b844d2c,,,1,429,2026-10-07T10:00:31.2767184Z,24.081999,21.317205,2515,1,0,WaitingForPhaseBoundary,0,0,TaskSwitchDisplay,1,,0,Source,1,1,Move1,Move1.PickupCoarseMove,1,1,0,0,21.184532,0.000000,0,0.050000,0.000000,9.364000,0.000000,-4.000000,0.000000,4.000000,0.000000,4.000000,0.000000,20.000000,250.000000,0,0.000000,1770.000000,,-1770.000000,0.000000,0.000000,0.000000,0,75.000000,70.000000,"{""stepId"":""Move1.PickupCoarseMove"",""displayName"":""吸着位置へ大まかに移動"",""majorPhase"":0,""completionConditions"":[{""conditionType"":1,""threshold"":0.5,""secondaryThreshold"":0.5},{""conditionType"":3,""threshold"":0.0,""secondaryThreshold"":0.0}],""requiredStableSeconds"":0.4000000059604645}",0.000000,0,1,0,2515,0.050000,0,1
20261007T100007181Z_e407267f5160429bb1e8d9eb7b844d2c,,,1,429,2026-10-07T10:00:31.2767184Z,24.081999,21.317205,2515,1,0,WaitingForPhaseBoundary,0,0,TaskSwitchDisplay,1,,1,Target,,1,Move1,,0,0,0,0,0.000000,0.000000,0,0.050000,20.000000,9.364000,0.000000,16.000000,19.000000,4.000000,-19.000000,4.000000,19.000000,40.000000,250.000000,0,0.000000,,,,0.000000,0.000000,0.000000,0,75.000000,70.000000,,,,,,,,,
20261007T100007181Z_e407267f5160429bb1e8d9eb7b844d2c,,,1,430,2026-10-07T10:00:31.3388911Z,24.145374,21.379776,2520,1,0,WaitingForPhaseBoundary,0,0,TaskSwitchDisplay,1,,0,Source,1,1,Move1,Move1.PickupCoarseMove,1,1,0,0,21.247103,0.000000,0,0.050000,0.000000,9.364000,0.000000,-4.000000,0.000000,4.000000,0.000000,4.000000,0.000000,20.000000,250.000000,0,0.000000,1770.000000,,-1770.000000,0.000000,0.000000,0.000000,0,75.000000,70.000000,"{""stepId"":""Move1.PickupCoarseMove"",""displayName"":""吸着位置へ大まかに移動"",""majorPhase"":0,""completionConditions"":[{""conditionType"":1,""threshold"":0.5,""secondaryThreshold"":0.5},{""conditionType"":3,""threshold"":0.0,""secondaryThreshold"":0.0}],""requiredStableSeconds"":0.4000000059604645}",0.000000,0,1,0,2520,0.050000,0,1
20261007T100007181Z_e407267f5160429bb1e8d9eb7b844d2c,,,1,430,2026-10-07T10:00:31.3388911Z,24.145374,21.379776,2520,1,0,WaitingForPhaseBoundary,0,0,TaskSwitchDisplay,1,,1,Target,,1,Move1,,0,0,0,0,0.000000,0.000000,0,0.050000,20.000000,9.364000,0.000000,16.000000,19.000000,4.000000,-19.000000,4.000000,19.000000,40.000000,250.000000,0,0.000000,,,,0.000000,0.000000,0.000000,0,75.000000,70.000000,,,,,,,,,
20261007T100007181Z_e407267f5160429bb1e8d9eb7b844d2c,,,1,431,2026-10-07T10:00:31.3924340Z,24.198076,21.433155,2524,1,0,WaitingForPhaseBoundary,0,0,TaskSwitchDisplay,1,,0,Source,1,1,Move1,Move1.PickupCoarseMove,1,1,0,0,21.300482,0.000000,0,0.050000,0.000000,9.364000,0.000000,-4.000000,0.000000,4.000000,0.000000,4.000000,0.000000,20.000000,250.000000,0,0.000000,1770.000000,,-1770.000000,0.000000,0.000000,0.000000,0,75.000000,70.000000,"{""stepId"":""Move1.PickupCoarseMove"",""displayName"":""吸着位置へ大まかに移動"",""majorPhase"":0,""completionConditions"":[{""conditionType"":1,""threshold"":0.5,""secondaryThreshold"":0.5},{""conditionType"":3,""threshold"":0.0,""secondaryThreshold"":0.0}],""requiredStableSeconds"":0.4000000059604645}",0.000000,0,1,0,2524,0.050000,0,1
20261007T100007181Z_e407267f5160429bb1e8d9eb7b844d2c,,,1,431,2026-10-07T10:00:31.3924340Z,24.198076,21.433155,2524,1,0,WaitingForPhaseBoundary,0,0,TaskSwitchDisplay,1,,1,Target,,1,Move1,,0,0,0,0,0.000000,0.000000,0,0.050000,20.000000,9.364000,0.000000,16.000000,19.000000,4.000000,-19.000000,4.000000,19.000000,40.000000,250.000000,0,0.000000,,,,0.000000,0.000000,0.000000,0,75.000000,70.000000,,,,,,,,,
20261007T100007181Z_e407267f5160429bb1e8d9eb7b844d2c,,,1,432,2026-10-07T10:00:31.4445999Z,24.250729,21.484562,2528,1,0,WaitingForPhaseBoundary,0,0,TaskSwitchDisplay,1,,0,Source,1,1,Move1,Move1.PickupCoarseMove,1,1,0,0,21.351889,0.000000,0,0.050000,0.000000,9.364000,0.000000,-4.000000,0.000000,4.000000,0.000000,4.000000,0.000000,20.000000,250.000000,0,0.000000,1770.000000,,-1770.000000,0.000000,0.000000,0.000000,0,75.000000,70.000000,"{""stepId"":""Move1.PickupCoarseMove"",""displayName"":""吸着位置へ大まかに移動"",""majorPhase"":0,""completionConditions"":[{""conditionType"":1,""threshold"":0.5,""secondaryThreshold"":0.5},{""conditionType"":3,""threshold"":0.0,""secondaryThreshold"":0.0}],""requiredStableSeconds"":0.4000000059604645}",0.000000,0,1,0,2528,0.050000,0,1
20261007T100007181Z_e407267f5160429bb1e8d9eb7b844d2c,,,1,432,2026-10-07T10:00:31.4445999Z,24.250729,21.484562,2528,1,0,WaitingForPhaseBoundary,0,0,TaskSwitchDisplay,1,,1,Target,,1,Move1,,0,0,0,0,0.000000,0.000000,0,0.050000,20.000000,9.364000,0.000000,16.000000,19.000000,4.000000,-19.000000,4.000000,19.000000,40.000000,250.000000,0,0.000000,,,,0.000000,0.000000,0.000000,0,75.000000,70.000000,,,,,,,,,
20261007T100007181Z_e407267f5160429bb1e8d9eb7b844d2c,,,1,433,2026-10-07T10:00:31.5006126Z,24.306171,21.540512,2532,1,0,WaitingForPhaseBoundary,0,0,TaskSwitchDisplay,1,,0,Source,1,1,Move1,Move1.PickupCoarseMove,1,1,0,0,21.407839,0.000000,0,0.050000,0.000000,9.364000,0.000000,-4.000000,0.000000,4.000000,0.000000,4.000000,0.000000,20.000000,250.000000,0,0.000000,1770.000000,,-1770.000000,0.000000,0.000000,0.000000,0,75.000000,70.000000,"{""stepId"":""Move1.PickupCoarseMove"",""displayName"":""吸着位置へ大まかに移動"",""majorPhase"":0,""completionConditions"":[{""conditionType"":1,""threshold"":0.5,""secondaryThreshold"":0.5},{""conditionType"":3,""threshold"":0.0,""secondaryThreshold"":0.0}],""requiredStableSeconds"":0.4000000059604645}",0.000000,0,1,0,2532,0.050000,0,1
20261007T100007181Z_e407267f5160429bb1e8d9eb7b844d2c,,,1,433,2026-10-07T10:00:31.5006126Z,24.306171,21.540512,2532,1,0,WaitingForPhaseBoundary,0,0,TaskSwitchDisplay,1,,1,Target,,1,Move1,,0,0,0,0,0.000000,0.000000,0,0.050000,20.000000,9.364000,0.000000,16.000000,19.000000,4.000000,-19.000000,4.000000,19.000000,40.000000,250.000000,0,0.000000,,,,0.000000,0.000000,0.000000,0,75.000000,70.000000,,,,,,,,,
20261007T100007181Z_e407267f5160429bb1e8d9eb7b844d2c,,,1,434,2026-10-07T10:00:31.5606156Z,24.365973,21.600739,2537,1,0,WaitingForPhaseBoundary,0,0,TaskSwitchDisplay,1,,0,Source,1,1,Move1,Move1.PickupCoarseMove,1,1,0,0,21.468063,0.000000,0,0.050000,0.000000,9.364000,0.000000,-4.000000,0.000000,4.000000,0.000000,4.000000,0.000000,20.000000,250.000000,0,0.000000,1770.000000,,-1770.000000,0.000000,0.000000,0.000000,0,75.000000,70.000000,"{""stepId"":""Move1.PickupCoarseMove"",""displayName"":""吸着位置へ大まかに移動"",""majorPhase"":0,""completionConditions"":[{""conditionType"":1,""threshold"":0.5,""secondaryThreshold"":0.5},{""conditionType"":3,""threshold"":0.0,""secondaryThreshold"":0.0}],""requiredStableSeconds"":0.4000000059604645}",0.000000,0,1,0,2537,0.050000,0,1
20261007T100007181Z_e407267f5160429bb1e8d9eb7b844d2c,,,1,434,2026-10-07T10:00:31.5606156Z,24.365973,21.600739,2537,1,0,WaitingForPhaseBoundary,0,0,TaskSwitchDisplay,1,,1,Target,,1,Move1,,0,0,0,0,0.000000,0.000000,0,0.050000,20.000000,9.364000,0.000000,16.000000,19.000000,4.000000,-19.000000,4.000000,19.000000,40.000000,250.000000,0,0.000000,,,,0.000000,0.000000,0.000000,0,75.000000,70.000000,,,,,,,,,
20261007T100007181Z_e407267f5160429bb1e8d9eb7b844d2c,,,1,435,2026-10-07T10:00:31.6208540Z,24.426463,21.661139,2542,1,0,WaitingForPhaseBoundary,0,0,TaskSwitchDisplay,1,,0,Source,1,1,Move1,Move1.PickupCoarseMove,1,1,0,0,21.528463,0.000000,0,0.050000,0.000000,9.364000,0.000000,-4.000000,0.000000,4.000000,0.000000,4.000000,0.000000,20.000000,250.000000,0,0.000000,1770.000000,,-1770.000000,0.000000,0.000000,0.000000,0,75.000000,70.000000,"{""stepId"":""Move1.PickupCoarseMove"",""displayName"":""吸着位置へ大まかに移動"",""majorPhase"":0,""completionConditions"":[{""conditionType"":1,""threshold"":0.5,""secondaryThreshold"":0.5},{""conditionType"":3,""threshold"":0.0,""secondaryThreshold"":0.0}],""requiredStableSeconds"":0.4000000059604645}",0.000000,0,1,0,2542,0.050000,0,1
20261007T100007181Z_e407267f5160429bb1e8d9eb7b844d2c,,,1,435,2026-10-07T10:00:31.6208540Z,24.426463,21.661139,2542,1,0,WaitingForPhaseBoundary,0,0,TaskSwitchDisplay,1,,1,Target,,1,Move1,,0,0,0,0,0.000000,0.000000,0,0.050000,20.000000,9.364000,0.000000,16.000000,19.000000,4.000000,-19.000000,4.000000,19.000000,40.000000,250.000000,0,0.000000,,,,0.000000,0.000000,0.000000,0,75.000000,70.000000,,,,,,,,,
20261007T100007181Z_e407267f5160429bb1e8d9eb7b844d2c,,,1,436,2026-10-07T10:00:31.6823803Z,24.488032,21.722823,2547,1,0,WaitingForPhaseBoundary,0,0,TaskSwitchDisplay,1,,0,Source,1,1,Move1,Move1.PickupCoarseMove,1,1,0,0,21.590147,0.000000,0,0.050000,0.000000,9.364000,0.000000,-4.000000,0.000000,4.000000,0.000000,4.000000,0.000000,20.000000,250.000000,0,0.000000,1770.000000,,-1770.000000,0.000000,0.000000,0.000000,0,75.000000,70.000000,"{""stepId"":""Move1.PickupCoarseMove"",""displayName"":""吸着位置へ大まかに移動"",""majorPhase"":0,""completionConditions"":[{""conditionType"":1,""threshold"":0.5,""secondaryThreshold"":0.5},{""conditionType"":3,""threshold"":0.0,""secondaryThreshold"":0.0}],""requiredStableSeconds"":0.4000000059604645}",0.000000,0,1,0,2547,0.050000,0,1
20261007T100007181Z_e407267f5160429bb1e8d9eb7b844d2c,,,1,436,2026-10-07T10:00:31.6823803Z,24.488032,21.722823,2547,1,0,WaitingForPhaseBoundary,0,0,TaskSwitchDisplay,1,,1,Target,,1,Move1,,0,0,0,0,0.000000,0.000000,0,0.050000,20.000000,9.364000,0.000000,16.000000,19.000000,4.000000,-19.000000,4.000000,19.000000,40.000000,250.000000,0,0.000000,,,,0.000000,0.000000,0.000000,0,75.000000,70.000000,,,,,,,,,
20261007T100007181Z_e407267f5160429bb1e8d9eb7b844d2c,,,1,437,2026-10-07T10:00:31.7338661Z,24.539758,21.774680,2551,1,0,WaitingForPhaseBoundary,0,0,TaskSwitchDisplay,1,,0,Source,1,1,Move1,Move1.PickupCoarseMove,1,1,0,0,21.642004,0.000000,0,0.050000,0.000000,9.364000,0.000000,-4.000000,0.000000,4.000000,0.000000,4.000000,0.000000,20.000000,250.000000,0,0.000000,1770.000000,,-1770.000000,0.000000,0.000000,0.000000,0,75.000000,70.000000,"{""stepId"":""Move1.PickupCoarseMove"",""displayName"":""吸着位置へ大まかに移動"",""majorPhase"":0,""completionConditions"":[{""conditionType"":1,""threshold"":0.5,""secondaryThreshold"":0.5},{""conditionType"":3,""threshold"":0.0,""secondaryThreshold"":0.0}],""requiredStableSeconds"":0.4000000059604645}",0.000000,0,1,0,2551,0.050000,0,1
20261007T100007181Z_e407267f5160429bb1e8d9eb7b844d2c,,,1,437,2026-10-07T10:00:31.7338661Z,24.539758,21.774680,2551,1,0,WaitingForPhaseBoundary,0,0,TaskSwitchDisplay,1,,1,Target,,1,Move1,,0,0,0,0,0.000000,0.000000,0,0.050000,20.000000,9.364000,0.000000,16.000000,19.000000,4.000000,-19.000000,4.000000,19.000000,40.000000,250.000000,0,0.000000,,,,0.000000,0.000000,0.000000,0,75.000000,70.000000,,,,,,,,,
20261007T100007181Z_e407267f5160429bb1e8d9eb7b844d2c,,,1,438,2026-10-07T10:00:31.7873160Z,24.592548,21.827011,2555,1,0,WaitingForPhaseBoundary,0,0,TaskSwitchDisplay,1,,0,Source,1,1,Move1,Move1.PickupCoarseMove,1,1,0,0,21.694336,0.000000,0,0.050000,0.000000,9.364000,0.000000,-4.000000,0.000000,4.000000,0.000000,4.000000,0.000000,20.000000,250.000000,0,0.000000,1770.000000,,-1770.000000,0.000000,0.000000,0.000000,0,75.000000,70.000000,"{""stepId"":""Move1.PickupCoarseMove"",""displayName"":""吸着位置へ大まかに移動"",""majorPhase"":0,""completionConditions"":[{""conditionType"":1,""threshold"":0.5,""secondaryThreshold"":0.5},{""conditionType"":3,""threshold"":0.0,""secondaryThreshold"":0.0}],""requiredStableSeconds"":0.4000000059604645}",0.000000,0,1,0,2555,0.050000,0,1
20261007T100007181Z_e407267f5160429bb1e8d9eb7b844d2c,,,1,438,2026-10-07T10:00:31.7873160Z,24.592548,21.827011,2555,1,0,WaitingForPhaseBoundary,0,0,TaskSwitchDisplay,1,,1,Target,,1,Move1,,0,0,0,0,0.000000,0.000000,0,0.050000,20.000000,9.364000,0.000000,16.000000,19.000000,4.000000,-19.000000,4.000000,19.000000,40.000000,250.000000,0,0.000000,,,,0.000000,0.000000,0.000000,0,75.000000,70.000000,,,,,,,,,
20261007T100007181Z_e407267f5160429bb1e8d9eb7b844d2c,,,1,439,2026-10-07T10:00:31.8368866Z,24.642988,21.878183,2560,1,0,WaitingForPhaseBoundary,0,0,TaskSwitchDisplay,1,,0,Source,1,1,Move1,Move1.PickupCoarseMove,1,1,0,0,21.745508,0.000000,0,0.050000,0.000000,9.364000,0.000000,-4.000000,0.000000,4.000000,0.000000,4.000000,0.000000,20.000000,250.000000,0,0.000000,1770.000000,,-1770.000000,0.000000,0.000000,0.000000,0,75.000000,70.000000,"{""stepId"":""Move1.PickupCoarseMove"",""displayName"":""吸着位置へ大まかに移動"",""majorPhase"":0,""completionConditions"":[{""conditionType"":1,""threshold"":0.5,""secondaryThreshold"":0.5},{""conditionType"":3,""threshold"":0.0,""secondaryThreshold"":0.0}],""requiredStableSeconds"":0.4000000059604645}",0.000000,0,1,0,2560,0.050000,0,1
20261007T100007181Z_e407267f5160429bb1e8d9eb7b844d2c,,,1,439,2026-10-07T10:00:31.8368866Z,24.642988,21.878183,2560,1,0,WaitingForPhaseBoundary,0,0,TaskSwitchDisplay,1,,1,Target,,1,Move1,,0,0,0,0,0.000000,0.000000,0,0.050000,20.000000,9.364000,0.000000,16.000000,19.000000,4.000000,-19.000000,4.000000,19.000000,40.000000,250.000000,0,0.000000,,,,0.000000,0.000000,0.000000,0,75.000000,70.000000,,,,,,,,,
20261007T100007181Z_e407267f5160429bb1e8d9eb7b844d2c,,,1,440,2026-10-07T10:00:31.8940337Z,24.700063,21.935305,2566,1,0,WaitingForPhaseBoundary,0,0,TaskSwitchDisplay,1,,0,Source,1,1,Move1,Move1.PickupCoarseMove,1,1,0,0,21.802631,0.000000,0,0.050000,0.000000,9.364000,0.000000,-4.000000,0.000000,4.000000,0.000000,4.000000,0.000000,20.000000,250.000000,0,0.000000,1770.000000,,-1770.000000,0.000000,0.000000,0.000000,0,75.000000,70.000000,"{""stepId"":""Move1.PickupCoarseMove"",""displayName"":""吸着位置へ大まかに移動"",""majorPhase"":0,""completionConditions"":[{""conditionType"":1,""threshold"":0.5,""secondaryThreshold"":0.5},{""conditionType"":3,""threshold"":0.0,""secondaryThreshold"":0.0}],""requiredStableSeconds"":0.4000000059604645}",0.000000,0,1,0,2566,0.050000,0,1
20261007T100007181Z_e407267f5160429bb1e8d9eb7b844d2c,,,1,440,2026-10-07T10:00:31.8940337Z,24.700063,21.935305,2566,1,0,WaitingForPhaseBoundary,0,0,TaskSwitchDisplay,1,,1,Target,,1,Move1,,0,0,0,0,0.000000,0.000000,0,0.050000,20.000000,9.364000,0.000000,16.000000,19.000000,4.000000,-19.000000,4.000000,19.000000,40.000000,250.000000,0,0.000000,,,,0.000000,0.000000,0.000000,0,75.000000,70.000000,,,,,,,,,
20261007T100007181Z_e407267f5160429bb1e8d9eb7b844d2c,,,1,441,2026-10-07T10:00:32.1950039Z,25.000681,22.227187,2567,1,0,WaitingForPhaseBoundary,0,0,TaskSwitchDisplay,1,,0,Source,1,1,Move1,Move1.PickupCoarseMove,1,1,0,0,22.094513,0.000000,0,0.050000,0.000000,9.364000,0.000000,-4.000000,0.000000,4.000000,0.000000,4.000000,0.000000,20.000000,250.000000,0,0.000000,1770.000000,,-1770.000000,0.000000,0.000000,0.000000,0,75.000000,70.000000,"{""stepId"":""Move1.PickupCoarseMove"",""displayName"":""吸着位置へ大まかに移動"",""majorPhase"":0,""completionConditions"":[{""conditionType"":1,""threshold"":0.5,""secondaryThreshold"":0.5},{""conditionType"":3,""threshold"":0.0,""secondaryThreshold"":0.0}],""requiredStableSeconds"":0.4000000059604645}",0.000000,0,1,0,2567,0.050000,0,1
20261007T100007181Z_e407267f5160429bb1e8d9eb7b844d2c,,,1,441,2026-10-07T10:00:32.1950039Z,25.000681,22.227187,2567,1,0,WaitingForPhaseBoundary,0,0,TaskSwitchDisplay,1,,1,Target,,1,Move1,,0,0,0,0,0.000000,0.000000,0,0.050000,20.000000,9.364000,0.000000,16.000000,19.000000,4.000000,-19.000000,4.000000,19.000000,40.000000,250.000000,0,0.000000,,,,0.000000,0.000000,0.000000,0,75.000000,70.000000,,,,,,,,,
20261007T100007181Z_e407267f5160429bb1e8d9eb7b844d2c,,,1,442,2026-10-07T10:00:32.2953080Z,25.100569,22.332315,2568,1,0,WaitingForPhaseBoundary,0,0,TaskSwitchDisplay,1,,0,Source,1,1,Move1,Move1.PickupCoarseMove,1,1,0,0,22.199640,0.000000,0,0.050000,0.000000,9.364000,0.000000,-4.000000,0.000000,4.000000,0.000000,4.000000,0.000000,20.000000,250.000000,0,0.000000,1770.000000,,-1770.000000,0.000000,0.000000,0.000000,0,75.000000,70.000000,"{""stepId"":""Move1.PickupCoarseMove"",""displayName"":""吸着位置へ大まかに移動"",""majorPhase"":0,""completionConditions"":[{""conditionType"":1,""threshold"":0.5,""secondaryThreshold"":0.5},{""conditionType"":3,""threshold"":0.0,""secondaryThreshold"":0.0}],""requiredStableSeconds"":0.4000000059604645}",0.000000,0,1,0,2568,0.050000,0,1
20261007T100007181Z_e407267f5160429bb1e8d9eb7b844d2c,,,1,442,2026-10-07T10:00:32.2953080Z,25.100569,22.332315,2568,1,0,WaitingForPhaseBoundary,0,0,TaskSwitchDisplay,1,,1,Target,,1,Move1,,0,0,0,0,0.000000,0.000000,0,0.050000,20.000000,9.364000,0.000000,16.000000,19.000000,4.000000,-19.000000,4.000000,19.000000,40.000000,250.000000,0,0.000000,,,,0.000000,0.000000,0.000000,0,75.000000,70.000000,,,,,,,,,
