session_id,participant_id,block_id,experiment_run_index,sample_index,utc_timestamp,real_elapsed_s,simulation_elapsed_s,frame,switch_index,active_crane_index,state,input_locked,global_paused,display_mode,operation_enabled,pause_interval_index,input_mode,movement_dead_zone,joystick2_horizontal,joystick2_vertical,joystick3_vertical,joystick3_slider,slider_axis,raw_current_slider,requested_current_a,requested_move_x,requested_move_y,requested_move_z,requested_spread,last_accepted_move_x,last_accepted_move_y,last_accepted_move_z,last_accepted_spread,accepted_command_frame,command_accepted_this_frame,applied_current_a,safe_current_hold_active,confirmation_button,detach_button,auditory_subtask_enabled,auditory_subtask_running,pedal_axis,raw_pedal,pedal_armed
20261007T100007181Z_e407267f5160429bb1e8d9eb7b844d2c,,,1,0,2026-10-07T10:00:07.2380152Z,0.043275,0.000000,521,0,-1,Idle,0,1,TaskSwitchDisplay,1,1,Joystick,0.100000,0.000000,0.000000,0.000000,-1.000000,,,,0.000000,0.000000,0.000000,0.000000,0.000000,0.000000,0.000000,0.000000,-1,0,,0,0,0,0,0,TaskSwitchPedal,,0
20261007T100007181Z_e407267f5160429bb1e8d9eb7b844d2c,,,1,1,2026-10-07T10:00:07.3122859Z,0.117137,0.132689,523,0,-1,Idle,0,1,TaskSwitchDisplay,1,1,Joystick,0.100000,0.000000,0.000000,0.000000,-1.000000,,,,0.000000,0.000000,0.000000,0.000000,0.000000,0.000000,0.000000,0.000000,-1,0,,0,0,0,0,0,TaskSwitchPedal,,0
20261007T100007181Z_e407267f5160429bb1e8d9eb7b844d2c,,,1,2,2026-10-07T10:00:07.3662692Z,0.171332,0.132689,526,0,-1,Idle,0,1,TaskSwitchDisplay,1,1,Joystick,0.100000,0.000000,0.000000,0.000000,-1.000000,,,,0.000000,0.000000,0.000000,0.000000,0.000000,0.000000,0.000000,0.000000,-1,0,,0,0,0,0,0,TaskSwitchPedal,,0
20261007T100007181Z_e407267f5160429bb1e8d9eb7b844d2c,,,1,3,2026-10-07T10:00:07.4230115Z,0.227853,0.132689,530,0,-1,Idle,0,1,TaskSwitchDisplay,1,1,Joystick,0.100000,0.000000,0.000000,0.000000,-1.000000,,,,0.000000,0.000000,0.000000,0.000000,0.000000,0.000000,0.000000,0.000000,-1,0,,0,0,0,0,0,TaskSwitchPedal,,0
20261007T100007181Z_e407267f5160429bb1e8d9eb7b844d2c,,,1,4,2026-10-07T10:00:07.4766351Z,0.282169,0.132689,534,0,-1,Idle,0,1,TaskSwitchDisplay,1,1,Joystick,0.100000,0.000000,0.000000,0.000000,-1.000000,,,,0.000000,0.000000,0.000000,0.000000,0.000000,0.000000,0.000000,0.000000,-1,0,,0,0,0,0,0,TaskSwitchPedal,,0
20261007T100007181Z_e407267f5160429bb1e8d9eb7b844d2c,,,1,5,2026-10-07T10:00:07.5314407Z,0.336598,0.132689,538,0,-1,Idle,0,1,TaskSwitchDisplay,1,1,Joystick,0.100000,0.000000,0.000000,0.000000,-1.000000,,,,0.000000,0.000000,0.000000,0.000000,0.000000,0.000000,0.000000,0.000000,-1,0,,0,0,0,0,0,TaskSwitchPedal,,0
20261007T100007181Z_e407267f5160429bb1e8d9eb7b844d2c,,,1,6,2026-10-07T10:00:07.5830877Z,0.388611,0.132689,542,0,-1,Idle,0,1,TaskSwitchDisplay,1,1,Joystick,0.100000,0.000000,0.000000,0.000000,-1.000000,,,,0.000000,0.000000,0.000000,0.000000,0.000000,0.000000,0.000000,0.000000,-1,0,,0,0,0,0,0,TaskSwitchPedal,,0
20261007T100007181Z_e407267f5160429bb1e8d9eb7b844d2c,,,1,7,2026-10-07T10:00:07.6431685Z,0.447942,0.132689,546,0,-1,Idle,0,1,TaskSwitchDisplay,1,1,Joystick,0.100000,0.000000,0.000000,0.000000,-1.000000,,,,0.000000,0.000000,0.000000,0.000000,0.000000,0.000000,0.000000,0.000000,-1,0,,0,0,0,0,0,TaskSwitchPedal,,0
20261007T100007181Z_e407267f5160429bb1e8d9eb7b844d2c,,,1,8,2026-10-07T10:00:07.6969141Z,0.502463,0.132689,550,0,-1,Idle,0,1,TaskSwitchDisplay,1,1,Joystick,0.100000,0.000000,0.000000,0.000000,-1.000000,,,,0.000000,0.000000,0.000000,0.000000,0.000000,0.000000,0.000000,0.000000,-1,0,,0,0,0,0,0,TaskSwitchPedal,,0
20261007T100007181Z_e407267f5160429bb1e8d9eb7b844d2c,,,1,9,2026-10-07T10:00:07.7560352Z,0.561245,0.132689,554,0,-1,Idle,0,1,TaskSwitchDisplay,1,1,Joystick,0.100000,0.000000,0.000000,0.000000,-1.000000,,,,0.000000,0.000000,0.000000,0.000000,0.000000,0.000000,0.000000,0.000000,-1,0,,0,0,0,0,0,TaskSwitchPedal,,0
20261007T100007181Z_e407267f5160429bb1e8d9eb7b844d2c,,,1,10,2026-10-07T10:00:07.8163659Z,0.621262,0.132689,558,0,-1,Idle,0,1,TaskSwitchDisplay,1,1,Joystick,0.100000,0.000000,0.000000,0.000000,-1.000000,,,,0.000000,0.000000,0.000000,0.000000,0.000000,0.000000,0.000000,0.000000,-1,0,,0,0,0,0,0,TaskSwitchPedal,,0
20261007T100007181Z_e407267f5160429bb1e8d9eb7b844d2c,,,1,11,2026-10-07T10:00:07.8694052Z,0.674920,0.132689,561,0,-1,Idle,0,1,TaskSwitchDisplay,1,1,Joystick,0.100000,0.000000,0.000000,0.000000,-1.000000,,,,0.000000,0.000000,0.000000,0.000000,0.000000,0.000000,0.000000,0.000000,-1,0,,0,0,0,0,0,TaskSwitchPedal,,0
20261007T100007181Z_e407267f5160429bb1e8d9eb7b844d2c,,,1,12,2026-10-07T10:00:07.9240524Z,0.729621,0.132689,564,0,-1,Idle,0,1,TaskSwitchDisplay,1,1,Joystick,0.100000,0.000000,0.000000,0.000000,-1.000000,,,,0.000000,0.000000,0.000000,0.000000,0.000000,0.000000,0.000000,0.000000,-1,0,,0,0,0,0,0,TaskSwitchPedal,,0
20261007T100007181Z_e407267f5160429bb1e8d9eb7b844d2c,,,1,13,2026-10-07T10:00:07.9902407Z,0.795408,0.132689,568,0,-1,Idle,0,1,TaskSwitchDisplay,1,1,Joystick,0.100000,0.000000,0.000000,0.000000,-1.000000,,,,0.000000,0.000000,0.000000,0.000000,0.000000,0.000000,0.000000,0.000000,-1,0,,0,0,0,0,0,TaskSwitchPedal,,0
20261007T100007181Z_e407267f5160429bb1e8d9eb7b844d2c,,,1,14,2026-10-07T10:00:08.0418286Z,0.846570,0.132689,571,0,-1,Idle,0,1,TaskSwitchDisplay,1,1,Joystick,0.100000,0.000000,0.000000,0.000000,-1.000000,,,,0.000000,0.000000,0.000000,0.000000,0.000000,0.000000,0.000000,0.000000,-1,0,,0,0,0,0,0,TaskSwitchPedal,,0
20261007T100007181Z_e407267f5160429bb1e8d9eb7b844d2c,,,1,15,2026-10-07T10:00:08.0956251Z,0.900775,0.132689,575,0,-1,Idle,0,1,TaskSwitchDisplay,1,1,Joystick,0.100000,0.000000,0.000000,0.000000,-1.000000,,,,0.000000,0.000000,0.000000,0.000000,0.000000,0.000000,0.000000,0.000000,-1,0,,0,0,0,0,0,TaskSwitchPedal,,0
20261007T100007181Z_e407267f5160429bb1e8d9eb7b844d2c,,,1,16,2026-10-07T10:00:08.1507626Z,0.956003,0.132689,579,0,-1,Idle,0,1,TaskSwitchDisplay,1,1,Joystick,0.100000,0.000000,0.000000,0.000000,-1.000000,,,,0.000000,0.000000,0.000000,0.000000,0.000000,0.000000,0.000000,0.000000,-1,0,,0,0,0,0,0,TaskSwitchPedal,,0
20261007T100007181Z_e407267f5160429bb1e8d9eb7b844d2c,,,1,17,2026-10-07T10:00:08.2158006Z,1.021047,0.132689,583,0,-1,Idle,0,1,TaskSwitchDisplay,1,1,Joystick,0.100000,0.000000,0.000000,0.000000,-1.000000,,,,0.000000,0.000000,0.000000,0.000000,0.000000,0.000000,0.000000,0.000000,-1,0,,0,0,0,0,0,TaskSwitchPedal,,0
20261007T100007181Z_e407267f5160429bb1e8d9eb7b844d2c,,,1,18,2026-10-07T10:00:08.2738825Z,1.078843,0.132689,587,0,-1,Idle,0,1,TaskSwitchDisplay,1,1,Joystick,0.100000,0.000000,0.000000,0.000000,-1.000000,,,,0.000000,0.000000,0.000000,0.000000,0.000000,0.000000,0.000000,0.000000,-1,0,,0,0,0,0,0,TaskSwitchPedal,,0
20261007T100007181Z_e407267f5160429bb1e8d9eb7b844d2c,,,1,19,2026-10-07T10:00:08.3326282Z,1.137420,0.132689,591,0,-1,Idle,0,1,TaskSwitchDisplay,1,1,Joystick,0.100000,0.000000,0.000000,0.000000,-1.000000,,,,0.000000,0.000000,0.000000,0.000000,0.000000,0.000000,0.000000,0.000000,-1,0,,0,0,0,0,0,TaskSwitchPedal,,0
20261007T100007181Z_e407267f5160429bb1e8d9eb7b844d2c,,,1,20,2026-10-07T10:00:08.3880938Z,1.193283,0.132689,595,0,-1,Idle,0,1,TaskSwitchDisplay,1,1,Joystick,0.100000,0.000000,0.000000,0.000000,-1.000000,,,,0.000000,0.000000,0.000000,0.000000,0.000000,0.000000,0.000000,0.000000,-1,0,,0,0,0,0,0,TaskSwitchPedal,,0
20261007T100007181Z_e407267f5160429bb1e8d9eb7b844d2c,,,1,21,2026-10-07T10:00:08.4419176Z,1.247586,0.132689,599,0,-1,Idle,0,1,TaskSwitchDisplay,1,1,Joystick,0.100000,0.000000,0.000000,0.000000,-1.000000,,,,0.000000,0.000000,0.000000,0.000000,0.000000,0.000000,0.000000,0.000000,-1,0,,0,0,0,0,0,TaskSwitchPedal,,0
20261007T100007181Z_e407267f5160429bb1e8d9eb7b844d2c,,,1,22,2026-10-07T10:00:08.4946497Z,1.300360,0.132689,603,0,-1,Idle,0,1,TaskSwitchDisplay,1,1,Joystick,0.100000,0.000000,0.000000,0.000000,-1.000000,,,,0.000000,0.000000,0.000000,0.000000,0.000000,0.000000,0.000000,0.000000,-1,0,,0,0,0,0,0,TaskSwitchPedal,,0
20261007T100007181Z_e407267f5160429bb1e8d9eb7b844d2c,,,1,23,2026-10-07T10:00:08.5575104Z,1.363071,0.132689,607,0,-1,Idle,0,1,TaskSwitchDisplay,1,1,Joystick,0.100000,0.000000,0.000000,0.000000,-1.000000,,,,0.000000,0.000000,0.000000,0.000000,0.000000,0.000000,0.000000,0.000000,-1,0,,0,0,0,0,0,TaskSwitchPedal,,0
20261007T100007181Z_e407267f5160429bb1e8d9eb7b844d2c,,,1,24,2026-10-07T10:00:08.6139088Z,1.418822,0.132689,611,0,-1,Idle,0,1,TaskSwitchDisplay,1,1,Joystick,0.100000,0.000000,0.000000,0.000000,-1.000000,,,,0.000000,0.000000,0.000000,0.000000,0.000000,0.000000,0.000000,0.000000,-1,0,,0,0,0,0,0,TaskSwitchPedal,,0
20261007T100007181Z_e407267f5160429bb1e8d9eb7b844d2c,,,1,25,2026-10-07T10:00:08.6680108Z,1.473547,0.132689,615,0,-1,Idle,0,1,TaskSwitchDisplay,1,1,Joystick,0.100000,0.000000,0.000000,0.000000,-1.000000,,,,0.000000,0.000000,0.000000,0.000000,0.000000,0.000000,0.000000,0.000000,-1,0,,0,0,0,0,0,TaskSwitchPedal,,0
20261007T100007181Z_e407267f5160429bb1e8d9eb7b844d2c,,,1,26,2026-10-07T10:00:08.7219415Z,1.526751,0.132689,619,0,-1,Idle,0,1,TaskSwitchDisplay,1,1,Joystick,0.100000,0.000000,0.000000,0.000000,-1.000000,,,,0.000000,0.000000,0.000000,0.000000,0.000000,0.000000,0.000000,0.000000,-1,0,,0,0,0,0,0,TaskSwitchPedal,,0
20261007T100007181Z_e407267f5160429bb1e8d9eb7b844d2c,,,1,27,2026-10-07T10:00:08.7737210Z,1.579649,0.132689,623,0,-1,Idle,0,1,TaskSwitchDisplay,1,1,Joystick,0.100000,0.000000,0.000000,0.000000,-1.000000,,,,0.000000,0.000000,0.000000,0.000000,0.000000,0.000000,0.000000,0.000000,-1,0,,0,0,0,0,0,TaskSwitchPedal,,0
20261007T100007181Z_e407267f5160429bb1e8d9eb7b844d2c,,,1,28,2026-10-07T10:00:08.8290545Z,1.634401,0.132689,627,0,-1,Idle,0,1,TaskSwitchDisplay,1,1,Joystick,0.100000,0.000000,0.000000,0.000000,-1.000000,,,,0.000000,0.000000,0.000000,0.000000,0.000000,0.000000,0.000000,0.000000,-1,0,,0,0,0,0,0,TaskSwitchPedal,,0
20261007T100007181Z_e407267f5160429bb1e8d9eb7b844d2c,,,1,29,2026-10-07T10:00:08.8822811Z,1.687516,0.132689,631,0,-1,Idle,0,1,TaskSwitchDisplay,1,1,Joystick,0.100000,0.000000,0.000000,0.000000,-1.000000,,,,0.000000,0.000000,0.000000,0.000000,0.000000,0.000000,0.000000,0.000000,-1,0,,0,0,0,0,0,TaskSwitchPedal,,0
20261007T100007181Z_e407267f5160429bb1e8d9eb7b844d2c,,,1,30,2026-10-07T10:00:08.9448091Z,1.750564,0.132689,636,0,-1,Idle,0,1,TaskSwitchDisplay,1,1,Joystick,0.100000,0.000000,0.000000,0.000000,-1.000000,,,,0.000000,0.000000,0.000000,0.000000,0.000000,0.000000,0.000000,0.000000,-1,0,,0,0,0,0,0,TaskSwitchPedal,,0
20261007T100007181Z_e407267f5160429bb1e8d9eb7b844d2c,,,1,31,2026-10-07T10:00:08.9995067Z,1.804301,0.132689,640,0,-1,Idle,0,1,TaskSwitchDisplay,1,1,Joystick,0.100000,0.000000,0.000000,0.000000,-1.000000,,,,0.000000,0.000000,0.000000,0.000000,0.000000,0.000000,0.000000,0.000000,-1,0,,0,0,0,0,0,TaskSwitchPedal,,0
20261007T100007181Z_e407267f5160429bb1e8d9eb7b844d2c,,,1,32,2026-10-07T10:00:09.0519606Z,1.857634,0.132689,644,0,-1,Idle,0,1,TaskSwitchDisplay,1,1,Joystick,0.100000,0.000000,0.000000,0.000000,-1.000000,,,,0.000000,0.000000,0.000000,0.000000,0.000000,0.000000,0.000000,0.000000,-1,0,,0,0,0,0,0,TaskSwitchPedal,,0
20261007T100007181Z_e407267f5160429bb1e8d9eb7b844d2c,,,1,33,2026-10-07T10:00:09.1051579Z,1.910119,0.132689,648,0,-1,Idle,0,1,TaskSwitchDisplay,1,1,Joystick,0.100000,0.000000,0.000000,0.000000,-1.000000,,,,0.000000,0.000000,0.000000,0.000000,0.000000,0.000000,0.000000,0.000000,-1,0,,0,0,0,0,0,TaskSwitchPedal,,0
20261007T100007181Z_e407267f5160429bb1e8d9eb7b844d2c,,,1,34,2026-10-07T10:00:09.1630425Z,1.968136,0.132689,652,0,-1,Idle,0,1,TaskSwitchDisplay,1,1,Joystick,0.100000,0.000000,0.000000,0.000000,-1.000000,,,,0.000000,0.000000,0.000000,0.000000,0.000000,0.000000,0.000000,0.000000,-1,0,,0,0,0,0,0,TaskSwitchPedal,,0
20261007T100007181Z_e407267f5160429bb1e8d9eb7b844d2c,,,1,35,2026-10-07T10:00:09.2204417Z,2.025664,0.132689,656,0,-1,Idle,0,1,TaskSwitchDisplay,1,1,Joystick,0.100000,0.000000,0.000000,0.000000,-1.000000,,,,0.000000,0.000000,0.000000,0.000000,0.000000,0.000000,0.000000,0.000000,-1,0,,0,0,0,0,0,TaskSwitchPedal,,0
20261007T100007181Z_e407267f5160429bb1e8d9eb7b844d2c,,,1,36,2026-10-07T10:00:09.2762161Z,2.081446,0.132689,660,0,-1,Idle,0,1,TaskSwitchDisplay,1,1,Joystick,0.100000,0.000000,0.000000,0.000000,-1.000000,,,,0.000000,0.000000,0.000000,0.000000,0.000000,0.000000,0.000000,0.000000,-1,0,,0,0,0,0,0,TaskSwitchPedal,,0
20261007T100007181Z_e407267f5160429bb1e8d9eb7b844d2c,,,1,37,2026-10-07T10:00:09.3336026Z,2.138425,0.132689,664,0,-1,Idle,0,1,TaskSwitchDisplay,1,1,Joystick,0.100000,0.000000,0.000000,0.000000,-1.000000,,,,0.000000,0.000000,0.000000,0.000000,0.000000,0.000000,0.000000,0.000000,-1,0,,0,0,0,0,0,TaskSwitchPedal,,0
20261007T100007181Z_e407267f5160429bb1e8d9eb7b844d2c,,,1,38,2026-10-07T10:00:09.3883658Z,2.193911,0.132689,668,0,-1,Idle,0,1,TaskSwitchDisplay,1,1,Joystick,0.100000,0.000000,0.000000,0.000000,-1.000000,,,,0.000000,0.000000,0.000000,0.000000,0.000000,0.000000,0.000000,0.000000,-1,0,,0,0,0,0,0,TaskSwitchPedal,,0
20261007T100007181Z_e407267f5160429bb1e8d9eb7b844d2c,,,1,39,2026-10-07T10:00:09.4432530Z,2.249050,0.132689,672,0,-1,Idle,0,1,TaskSwitchDisplay,1,1,Joystick,0.100000,0.000000,0.000000,0.000000,-1.000000,,,,0.000000,0.000000,0.000000,0.000000,0.000000,0.000000,0.000000,0.000000,-1,0,,0,0,0,0,0,TaskSwitchPedal,,0
20261007T100007181Z_e407267f5160429bb1e8d9eb7b844d2c,,,1,40,2026-10-07T10:00:09.5026165Z,2.307864,0.132689,676,0,-1,Idle,0,1,TaskSwitchDisplay,1,1,Joystick,0.100000,0.000000,0.000000,0.000000,-1.000000,,,,0.000000,0.000000,0.000000,0.000000,0.000000,0.000000,0.000000,0.000000,-1,0,,0,0,0,0,0,TaskSwitchPedal,,0
20261007T100007181Z_e407267f5160429bb1e8d9eb7b844d2c,,,1,41,2026-10-07T10:00:09.5691919Z,2.374728,0.132689,680,0,-1,Idle,0,1,TaskSwitchDisplay,1,1,Joystick,0.100000,0.000000,0.000000,0.000000,-1.000000,,,,0.000000,0.000000,0.000000,0.000000,0.000000,0.000000,0.000000,0.000000,-1,0,,0,0,0,0,0,TaskSwitchPedal,,0
20261007T100007181Z_e407267f5160429bb1e8d9eb7b844d2c,,,1,42,2026-10-07T10:00:09.6271472Z,2.432350,0.132689,684,0,-1,Idle,0,1,TaskSwitchDisplay,1,1,Joystick,0.100000,0.000000,0.000000,0.000000,-1.000000,,,,0.000000,0.000000,0.000000,0.000000,0.000000,0.000000,0.000000,0.000000,-1,0,,0,0,0,0,0,TaskSwitchPedal,,0
20261007T100007181Z_e407267f5160429bb1e8d9eb7b844d2c,,,1,43,2026-10-07T10:00:09.6925034Z,2.497284,0.132689,689,0,-1,Idle,0,1,TaskSwitchDisplay,1,1,Joystick,0.100000,0.000000,0.000000,0.000000,-1.000000,,,,0.000000,0.000000,0.000000,0.000000,0.000000,0.000000,0.000000,0.000000,-1,0,,0,0,0,0,0,TaskSwitchPedal,,0
20261007T100007181Z_e407267f5160429bb1e8d9eb7b844d2c,,,1,44,2026-10-07T10:00:09.7459745Z,2.551586,0.132689,693,0,-1,Idle,0,1,TaskSwitchDisplay,1,1,Joystick,0.100000,0.000000,0.000000,0.000000,-1.000000,,,,0.000000,0.000000,0.000000,0.000000,0.000000,0.000000,0.000000,0.000000,-1,0,,0,0,0,0,0,TaskSwitchPedal,,0
20261007T100007181Z_e407267f5160429bb1e8d9eb7b844d2c,,,1,45,2026-10-07T10:00:09.7980924Z,2.603308,0.132689,697,0,-1,Idle,0,1,TaskSwitchDisplay,1,1,Joystick,0.100000,0.000000,0.000000,0.000000,-1.000000,,,,0.000000,0.000000,0.000000,0.000000,0.000000,0.000000,0.000000,0.000000,-1,0,,0,0,0,0,0,TaskSwitchPedal,,0
20261007T100007181Z_e407267f5160429bb1e8d9eb7b844d2c,,,1,46,2026-10-07T10:00:09.8508591Z,2.656496,0.132689,701,0,-1,Idle,0,1,TaskSwitchDisplay,1,1,Joystick,0.100000,0.000000,0.000000,0.000000,-1.000000,,,,0.000000,0.000000,0.000000,0.000000,0.000000,0.000000,0.000000,0.000000,-1,0,,0,0,0,0,0,TaskSwitchPedal,,0
20261007T100007181Z_e407267f5160429bb1e8d9eb7b844d2c,,,1,47,2026-10-07T10:00:09.9033350Z,2.708510,0.132689,705,0,-1,Idle,0,1,TaskSwitchDisplay,1,1,Joystick,0.100000,0.000000,0.000000,0.000000,-1.000000,,,,0.000000,0.000000,0.000000,0.000000,0.000000,0.000000,0.000000,0.000000,-1,0,,0,0,0,0,0,TaskSwitchPedal,,0
20261007T100007181Z_e407267f5160429bb1e8d9eb7b844d2c,,,1,48,2026-10-07T10:00:09.9569486Z,2.762334,0.132689,709,0,-1,Idle,0,1,TaskSwitchDisplay,1,1,Joystick,0.100000,0.000000,0.000000,0.000000,-1.000000,,,,0.000000,0.000000,0.000000,0.000000,0.000000,0.000000,0.000000,0.000000,-1,0,,0,0,0,0,0,TaskSwitchPedal,,0
20261007T100007181Z_e407267f5160429bb1e8d9eb7b844d2c,,,1,49,2026-10-07T10:00:10.0168104Z,2.821712,0.132689,713,0,-1,Idle,0,1,TaskSwitchDisplay,1,1,Joystick,0.100000,0.000000,0.000000,0.000000,-1.000000,,,,0.000000,0.000000,0.000000,0.000000,0.000000,0.000000,0.000000,0.000000,-1,0,,0,0,0,0,0,TaskSwitchPedal,,0
20261007T100007181Z_e407267f5160429bb1e8d9eb7b844d2c,,,1,50,2026-10-07T10:00:10.0765247Z,2.881332,0.132689,717,0,-1,Idle,0,1,TaskSwitchDisplay,1,1,Joystick,0.100000,0.000000,0.000000,0.000000,-1.000000,,,,0.000000,0.000000,0.000000,0.000000,0.000000,0.000000,0.000000,0.000000,-1,0,,0,0,0,0,0,TaskSwitchPedal,,0
20261007T100007181Z_e407267f5160429bb1e8d9eb7b844d2c,,,1,51,2026-10-07T10:00:10.1843554Z,2.989366,0.132689,718,0,0,OperatingSource,0,0,TaskSwitchDisplay,1,,Joystick,0.100000,0.000000,0.000000,0.000000,-1.000000,JoyStick1LeftSlider,0.000000,0.000000,0.000000,0.000000,0.000000,0.000000,0.000000,0.000000,0.000000,0.000000,-1,0,0.000000,0,0,0,0,0,TaskSwitchPedal,,0
20261007T100007181Z_e407267f5160429bb1e8d9eb7b844d2c,,,1,52,2026-10-07T10:00:10.2475531Z,3.053149,0.287560,721,0,0,OperatingSource,0,0,TaskSwitchDisplay,1,,Joystick,0.100000,0.000000,0.000000,0.000000,-1.000000,JoyStick1LeftSlider,0.000000,0.000000,0.000000,0.000000,0.000000,0.000000,0.000000,0.000000,0.000000,0.000000,721,1,0.000000,0,0,0,0,0,TaskSwitchPedal,,0
20261007T100007181Z_e407267f5160429bb1e8d9eb7b844d2c,,,1,53,2026-10-07T10:00:10.3032076Z,3.108900,0.342859,725,0,0,OperatingSource,0,0,TaskSwitchDisplay,1,,Joystick,0.100000,0.000000,0.000000,0.000000,-1.000000,JoyStick1LeftSlider,0.000000,0.000000,0.000000,0.000000,0.000000,0.000000,0.000000,0.000000,0.000000,0.000000,725,1,0.000000,0,0,0,0,0,TaskSwitchPedal,,0
20261007T100007181Z_e407267f5160429bb1e8d9eb7b844d2c,,,1,54,2026-10-07T10:00:10.3652953Z,3.171558,0.405325,730,0,0,OperatingSource,0,0,TaskSwitchDisplay,1,,Joystick,0.100000,0.000000,0.000000,0.000000,-1.000000,JoyStick1LeftSlider,0.000000,0.000000,0.000000,0.000000,0.000000,0.000000,0.000000,0.000000,0.000000,0.000000,730,1,0.000000,0,0,0,0,0,TaskSwitchPedal,,0
20261007T100007181Z_e407267f5160429bb1e8d9eb7b844d2c,,,1,55,2026-10-07T10:00:10.4213023Z,3.226160,0.460689,734,0,0,OperatingSource,0,0,TaskSwitchDisplay,1,,Joystick,0.100000,0.000000,0.000000,0.000000,-1.000000,JoyStick1LeftSlider,0.000000,0.000000,0.000000,0.000000,0.000000,0.000000,0.000000,0.000000,0.000000,0.000000,734,1,0.000000,0,0,0,0,0,TaskSwitchPedal,,0
20261007T100007181Z_e407267f5160429bb1e8d9eb7b844d2c,,,1,56,2026-10-07T10:00:10.4766168Z,3.281684,0.516224,738,0,0,OperatingSource,0,0,TaskSwitchDisplay,1,,Joystick,0.100000,0.000000,0.000000,0.000000,-1.000000,JoyStick1LeftSlider,0.000000,0.000000,0.000000,0.000000,0.000000,0.000000,0.000000,0.000000,0.000000,0.000000,737,0,0.000000,0,0,0,0,0,TaskSwitchPedal,,0
20261007T100007181Z_e407267f5160429bb1e8d9eb7b844d2c,,,1,57,2026-10-07T10:00:10.5265847Z,3.332360,0.566659,742,0,0,OperatingSource,0,0,TaskSwitchDisplay,1,,Joystick,0.100000,0.000000,0.000000,0.000000,-1.000000,JoyStick1LeftSlider,0.000000,0.000000,0.000000,0.000000,0.000000,0.000000,0.000000,0.000000,0.000000,0.000000,742,1,0.000000,0,0,0,0,0,TaskSwitchPedal,,0
20261007T100007181Z_e407267f5160429bb1e8d9eb7b844d2c,,,1,58,2026-10-07T10:00:10.5786049Z,3.384039,0.618722,746,0,0,OperatingSource,0,0,TaskSwitchDisplay,1,,Joystick,0.100000,0.000000,0.000000,0.000000,-1.000000,JoyStick1LeftSlider,0.000000,0.000000,0.000000,0.000000,0.000000,0.000000,0.000000,0.000000,0.000000,0.000000,745,0,0.000000,0,0,0,0,0,TaskSwitchPedal,,0
20261007T100007181Z_e407267f5160429bb1e8d9eb7b844d2c,,,1,59,2026-10-07T10:00:10.6404732Z,3.445868,0.680108,751,0,0,OperatingSource,0,0,TaskSwitchDisplay,1,,Joystick,0.100000,0.000000,0.000000,0.000000,-1.000000,JoyStick1LeftSlider,0.000000,0.000000,0.000000,0.000000,0.000000,0.000000,0.000000,0.000000,0.000000,0.000000,751,1,0.000000,0,0,0,0,0,TaskSwitchPedal,,0
20261007T100007181Z_e407267f5160429bb1e8d9eb7b844d2c,,,1,60,2026-10-07T10:00:10.7022672Z,3.507920,0.742211,756,0,0,OperatingSource,0,0,TaskSwitchDisplay,1,,Joystick,0.100000,0.000000,0.000000,0.000000,-1.000000,JoyStick1LeftSlider,0.000000,0.000000,0.000000,0.000000,0.000000,0.000000,0.000000,0.000000,0.000000,0.000000,756,1,0.000000,0,0,0,0,0,TaskSwitchPedal,,0
20261007T100007181Z_e407267f5160429bb1e8d9eb7b844d2c,,,1,61,2026-10-07T10:00:10.7584143Z,3.563873,0.798521,761,0,0,OperatingSource,0,0,TaskSwitchDisplay,1,,Joystick,0.100000,0.000000,0.000000,0.000000,-1.000000,JoyStick1LeftSlider,0.000000,0.000000,0.000000,0.000000,0.000000,0.000000,0.000000,0.000000,0.000000,0.000000,760,0,0.000000,0,0,0,0,0,TaskSwitchPedal,,0
20261007T100007181Z_e407267f5160429bb1e8d9eb7b844d2c,,,1,62,2026-10-07T10:00:10.8118051Z,3.616874,0.851812,766,0,0,OperatingSource,0,0,TaskSwitchDisplay,1,,Joystick,0.100000,0.000000,0.000000,0.000000,-1.000000,JoyStick1LeftSlider,0.000000,0.000000,0.000000,0.000000,0.000000,0.000000,0.000000,0.000000,0.000000,0.000000,765,0,0.000000,0,0,0,0,0,TaskSwitchPedal,,0
20261007T100007181Z_e407267f5160429bb1e8d9eb7b844d2c,,,1,63,2026-10-07T10:00:10.8624418Z,3.668049,0.902579,771,0,0,OperatingSource,0,0,TaskSwitchDisplay,1,,Joystick,0.100000,0.000000,0.000000,0.000000,-1.000000,JoyStick1LeftSlider,0.000000,0.000000,0.000000,0.000000,0.000000,0.000000,0.000000,0.000000,0.000000,0.000000,771,1,0.000000,0,0,0,0,0,TaskSwitchPedal,,0
20261007T100007181Z_e407267f5160429bb1e8d9eb7b844d2c,,,1,64,2026-10-07T10:00:10.9172845Z,3.722453,0.957455,776,0,0,OperatingSource,0,0,TaskSwitchDisplay,1,,Joystick,0.100000,0.000000,0.000000,0.000000,-1.000000,JoyStick1LeftSlider,0.000000,0.000000,0.000000,0.000000,0.000000,0.000000,0.000000,0.000000,0.000000,0.000000,775,0,0.000000,0,0,0,0,0,TaskSwitchPedal,,0
20261007T100007181Z_e407267f5160429bb1e8d9eb7b844d2c,,,1,65,2026-10-07T10:00:10.9706385Z,3.776323,1.011336,781,0,0,OperatingSource,0,0,TaskSwitchDisplay,1,,Joystick,0.100000,0.000000,0.000000,0.000000,-1.000000,JoyStick1LeftSlider,0.000000,0.000000,0.000000,0.000000,0.000000,0.000000,0.000000,0.000000,0.000000,0.000000,780,0,0.000000,0,0,0,0,0,TaskSwitchPedal,,0
20261007T100007181Z_e407267f5160429bb1e8d9eb7b844d2c,,,1,66,2026-10-07T10:00:11.0285812Z,3.834174,1.068572,786,0,0,OperatingSource,0,0,TaskSwitchDisplay,1,,Joystick,0.100000,0.000000,0.000000,0.000000,-1.000000,JoyStick1LeftSlider,0.000000,0.000000,0.000000,0.000000,0.000000,0.000000,0.000000,0.000000,0.000000,0.000000,786,1,0.000000,0,0,0,0,0,TaskSwitchPedal,,0
20261007T100007181Z_e407267f5160429bb1e8d9eb7b844d2c,,,1,67,2026-10-07T10:00:11.0846758Z,3.889798,1.124188,791,0,0,OperatingSource,0,0,TaskSwitchDisplay,1,,Joystick,0.100000,0.000000,0.000000,0.000000,-1.000000,JoyStick1LeftSlider,0.000000,0.000000,0.000000,0.000000,0.000000,0.000000,0.000000,0.000000,0.000000,0.000000,791,1,0.000000,0,0,0,0,0,TaskSwitchPedal,,0
20261007T100007181Z_e407267f5160429bb1e8d9eb7b844d2c,,,1,68,2026-10-07T10:00:11.1362644Z,3.941575,1.176425,796,0,0,OperatingSource,0,0,TaskSwitchDisplay,1,,Joystick,0.100000,0.000000,0.000000,0.000000,-1.000000,JoyStick1LeftSlider,0.000000,0.000000,0.000000,0.000000,0.000000,0.000000,0.000000,0.000000,0.000000,0.000000,795,0,0.000000,0,0,0,0,0,TaskSwitchPedal,,0
20261007T100007181Z_e407267f5160429bb1e8d9eb7b844d2c,,,1,69,2026-10-07T10:00:11.1887779Z,3.994954,1.229892,801,0,0,OperatingSource,0,0,TaskSwitchDisplay,1,,Joystick,0.100000,0.000000,0.000000,0.000000,-1.000000,JoyStick1LeftSlider,0.000000,0.000000,0.000000,0.000000,0.000000,0.000000,0.000000,0.000000,0.000000,0.000000,800,0,0.000000,0,0,0,0,0,TaskSwitchPedal,,0
20261007T100007181Z_e407267f5160429bb1e8d9eb7b844d2c,,,1,70,2026-10-07T10:00:11.2465804Z,4.051819,1.286119,806,0,0,OperatingSource,0,0,TaskSwitchDisplay,1,,Joystick,0.100000,0.000000,0.000000,0.000000,-1.000000,JoyStick1LeftSlider,0.000000,0.000000,0.000000,0.000000,0.000000,0.000000,0.000000,0.000000,0.000000,0.000000,806,1,0.000000,0,0,0,0,0,TaskSwitchPedal,,0
20261007T100007181Z_e407267f5160429bb1e8d9eb7b844d2c,,,1,71,2026-10-07T10:00:11.3008516Z,4.106358,1.340926,811,0,0,OperatingSource,0,0,TaskSwitchDisplay,1,,Joystick,0.100000,0.000000,0.000000,0.000000,-1.000000,JoyStick1LeftSlider,0.000000,0.000000,0.000000,0.000000,0.000000,0.000000,0.000000,0.000000,0.000000,0.000000,811,1,0.000000,0,0,0,0,0,TaskSwitchPedal,,0
20261007T100007181Z_e407267f5160429bb1e8d9eb7b844d2c,,,1,72,2026-10-07T10:00:11.3554817Z,4.160609,1.395019,816,0,0,OperatingSource,0,0,TaskSwitchDisplay,1,,Joystick,0.100000,0.000000,0.000000,0.000000,-1.000000,JoyStick1LeftSlider,0.000000,0.000000,0.000000,0.000000,0.000000,0.000000,0.000000,0.000000,0.000000,0.000000,815,0,0.000000,0,0,0,0,0,TaskSwitchPedal,,0
20261007T100007181Z_e407267f5160429bb1e8d9eb7b844d2c,,,1,73,2026-10-07T10:00:11.4089567Z,4.214331,1.448839,821,0,0,OperatingSource,0,0,TaskSwitchDisplay,1,,Joystick,0.100000,0.000000,0.000000,0.000000,-1.000000,JoyStick1LeftSlider,0.000000,0.000000,0.000000,0.000000,0.000000,0.000000,0.000000,0.000000,0.000000,0.000000,821,1,0.000000,0,0,0,0,0,TaskSwitchPedal,,0
20261007T100007181Z_e407267f5160429bb1e8d9eb7b844d2c,,,1,74,2026-10-07T10:00:11.4634331Z,4.269668,1.503788,826,0,0,OperatingSource,0,0,TaskSwitchDisplay,1,,Joystick,0.100000,0.000000,0.000000,0.000000,-1.000000,JoyStick1LeftSlider,0.000000,0.000000,0.000000,0.000000,0.000000,0.000000,0.000000,0.000000,0.000000,0.000000,826,1,0.000000,0,0,0,0,0,TaskSwitchPedal,,0
20261007T100007181Z_e407267f5160429bb1e8d9eb7b844d2c,,,1,75,2026-10-07T10:00:11.5207051Z,4.326376,1.560929,831,0,0,OperatingSource,0,0,TaskSwitchDisplay,1,,Joystick,0.100000,0.000000,0.000000,0.000000,-1.000000,JoyStick1LeftSlider,0.000000,0.000000,0.000000,0.000000,0.000000,0.000000,0.000000,0.000000,0.000000,0.000000,831,1,0.000000,0,0,0,0,0,TaskSwitchPedal,,0
20261007T100007181Z_e407267f5160429bb1e8d9eb7b844d2c,,,1,76,2026-10-07T10:00:11.5771981Z,4.382064,1.617051,836,0,0,OperatingSource,0,0,TaskSwitchDisplay,1,,Joystick,0.100000,0.000000,0.000000,0.000000,-1.000000,JoyStick1LeftSlider,0.000000,0.000000,0.000000,0.000000,0.000000,0.000000,0.000000,0.000000,0.000000,0.000000,835,0,0.000000,0,0,0,0,0,TaskSwitchPedal,,0
20261007T100007181Z_e407267f5160429bb1e8d9eb7b844d2c,,,1,77,2026-10-07T10:00:11.6344569Z,4.439614,1.674222,841,0,0,OperatingSource,0,0,TaskSwitchDisplay,1,,Joystick,0.100000,0.000000,0.000000,0.000000,-1.000000,JoyStick1LeftSlider,0.000000,0.000000,0.000000,0.000000,0.000000,0.000000,0.000000,0.000000,0.000000,0.000000,840,0,0.000000,0,0,0,0,0,TaskSwitchPedal,,0
20261007T100007181Z_e407267f5160429bb1e8d9eb7b844d2c,,,1,78,2026-10-07T10:00:11.6880598Z,4.492972,1.727259,845,0,0,OperatingSource,0,0,TaskSwitchDisplay,1,,Joystick,0.100000,0.000000,0.000000,0.000000,-1.000000,JoyStick1LeftSlider,0.000000,0.000000,0.000000,0.000000,0.000000,0.000000,0.000000,0.000000,0.000000,0.000000,845,1,0.000000,0,0,0,0,0,TaskSwitchPedal,,0
20261007T100007181Z_e407267f5160429bb1e8d9eb7b844d2c,,,1,79,2026-10-07T10:00:11.7418900Z,4.547841,1.782052,848,0,0,OperatingSource,0,0,TaskSwitchDisplay,1,,Joystick,0.100000,0.000000,0.000000,0.000000,-1.000000,JoyStick1LeftSlider,0.000000,0.000000,0.000000,0.000000,0.000000,0.000000,0.000000,0.000000,0.000000,0.000000,848,1,0.000000,0,0,0,0,0,TaskSwitchPedal,,0
20261007T100007181Z_e407267f5160429bb1e8d9eb7b844d2c,,,1,80,2026-10-07T10:00:11.7957106Z,4.600686,1.835496,852,0,0,OperatingSource,0,0,TaskSwitchDisplay,1,,Joystick,0.100000,0.000000,0.000000,0.000000,-1.000000,JoyStick1LeftSlider,0.000000,0.000000,0.000000,0.000000,0.000000,0.000000,0.000000,0.000000,0.000000,0.000000,851,0,0.000000,0,0,0,0,0,TaskSwitchPedal,,0
20261007T100007181Z_e407267f5160429bb1e8d9eb7b844d2c,,,1,81,2026-10-07T10:00:11.8459401Z,4.651859,1.886055,856,0,0,OperatingSource,0,0,TaskSwitchDisplay,1,,Joystick,0.100000,0.000000,0.000000,0.000000,-1.000000,JoyStick1LeftSlider,0.000000,0.000000,0.000000,0.000000,0.000000,0.000000,0.000000,0.000000,0.000000,0.000000,856,1,0.000000,0,0,0,0,0,TaskSwitchPedal,,0
20261007T100007181Z_e407267f5160429bb1e8d9eb7b844d2c,,,1,82,2026-10-07T10:00:11.9007165Z,4.706878,1.940929,860,0,0,OperatingSource,0,0,TaskSwitchDisplay,1,,Joystick,0.100000,0.000000,0.000000,0.000000,-1.000000,JoyStick1LeftSlider,0.000000,0.000000,0.000000,0.000000,0.000000,0.000000,0.000000,0.000000,0.000000,0.000000,860,1,0.000000,0,0,0,0,0,TaskSwitchPedal,,0
20261007T100007181Z_e407267f5160429bb1e8d9eb7b844d2c,,,1,83,2026-10-07T10:00:11.9667124Z,4.773068,2.007104,865,0,0,OperatingSource,0,0,TaskSwitchDisplay,1,,Joystick,0.100000,0.000000,0.000000,0.000000,-1.000000,JoyStick1LeftSlider,0.000000,0.000000,0.000000,0.000000,0.000000,0.000000,0.000000,0.000000,0.000000,0.000000,865,1,0.000000,0,0,0,0,0,TaskSwitchPedal,,0
20261007T100007181Z_e407267f5160429bb1e8d9eb7b844d2c,,,1,84,2026-10-07T10:00:12.0197093Z,4.824787,2.058990,869,0,0,OperatingSource,0,0,TaskSwitchDisplay,1,,Joystick,0.100000,0.000000,0.000000,0.000000,-1.000000,JoyStick1LeftSlider,0.000000,0.000000,0.000000,0.000000,0.000000,0.000000,0.000000,0.000000,0.000000,0.000000,869,1,0.000000,0,0,0,0,0,TaskSwitchPedal,,0
20261007T100007181Z_e407267f5160429bb1e8d9eb7b844d2c,,,1,85,2026-10-07T10:00:12.0763429Z,4.882094,2.117050,874,0,0,OperatingSource,0,0,TaskSwitchDisplay,1,,Joystick,0.100000,0.000000,0.000000,0.000000,-1.000000,JoyStick1LeftSlider,0.000000,0.000000,0.000000,0.000000,0.000000,0.000000,0.000000,0.000000,0.000000,0.000000,873,0,0.000000,0,0,0,0,0,TaskSwitchPedal,,0
20261007T100007181Z_e407267f5160429bb1e8d9eb7b844d2c,,,1,86,2026-10-07T10:00:12.1327836Z,4.938043,2.173103,879,0,0,OperatingSource,0,0,TaskSwitchDisplay,1,,Joystick,0.100000,0.000000,0.000000,0.000000,-1.000000,JoyStick1LeftSlider,0.000000,0.000000,0.000000,0.000000,0.000000,0.000000,0.000000,0.000000,0.000000,0.000000,878,0,0.000000,0,0,0,0,0,TaskSwitchPedal,,0
20261007T100007181Z_e407267f5160429bb1e8d9eb7b844d2c,,,1,87,2026-10-07T10:00:12.1871066Z,4.992663,2.227274,884,0,0,OperatingSource,0,0,TaskSwitchDisplay,1,,Joystick,0.100000,0.000000,0.000000,0.000000,-1.000000,JoyStick1LeftSlider,0.000000,0.000000,0.000000,0.000000,0.000000,0.000000,0.000000,0.000000,0.000000,0.000000,884,1,0.000000,0,0,0,0,0,TaskSwitchPedal,,0
20261007T100007181Z_e407267f5160429bb1e8d9eb7b844d2c,,,1,88,2026-10-07T10:00:12.2447734Z,5.050522,2.284827,889,0,0,OperatingSource,0,0,TaskSwitchDisplay,1,,Joystick,0.100000,0.000000,0.000000,0.000000,-1.000000,JoyStick1LeftSlider,0.000000,0.000000,0.000000,0.000000,0.000000,0.000000,0.000000,0.000000,0.000000,0.000000,889,1,0.000000,0,0,0,0,0,TaskSwitchPedal,,0
20261007T100007181Z_e407267f5160429bb1e8d9eb7b844d2c,,,1,89,2026-10-07T10:00:12.3022196Z,5.107400,2.341999,894,0,0,OperatingSource,0,0,TaskSwitchDisplay,1,,Joystick,0.100000,0.000000,0.000000,0.000000,-1.000000,JoyStick1LeftSlider,0.000000,0.000000,0.000000,0.000000,0.000000,0.000000,0.000000,0.000000,0.000000,0.000000,894,1,0.000000,0,0,0,0,0,TaskSwitchPedal,,0
20261007T100007181Z_e407267f5160429bb1e8d9eb7b844d2c,,,1,90,2026-10-07T10:00:12.3574534Z,5.163388,2.398096,899,0,0,OperatingSource,0,0,TaskSwitchDisplay,1,,Joystick,0.100000,0.000000,0.000000,0.000000,-1.000000,JoyStick1LeftSlider,0.000000,0.000000,0.000000,0.000000,0.000000,0.000000,0.000000,0.000000,0.000000,0.000000,898,0,0.000000,0,0,0,0,0,TaskSwitchPedal,,0
20261007T100007181Z_e407267f5160429bb1e8d9eb7b844d2c,,,1,91,2026-10-07T10:00:12.4124154Z,5.217367,2.452202,904,0,0,OperatingSource,0,0,TaskSwitchDisplay,1,,Joystick,0.100000,0.000000,0.000000,0.000000,-1.000000,JoyStick1LeftSlider,0.000000,0.000000,0.000000,0.000000,0.000000,0.000000,0.000000,0.000000,0.000000,0.000000,903,0,0.000000,0,0,0,0,0,TaskSwitchPedal,,0
20261007T100007181Z_e407267f5160429bb1e8d9eb7b844d2c,,,1,92,2026-10-07T10:00:12.4681186Z,5.273728,2.508253,909,0,0,OperatingSource,0,0,TaskSwitchDisplay,1,,Joystick,0.100000,0.000000,0.000000,0.000000,-1.000000,JoyStick1LeftSlider,0.000000,0.000000,0.000000,0.000000,0.000000,0.000000,0.000000,0.000000,0.000000,0.000000,909,1,0.000000,0,0,0,0,0,TaskSwitchPedal,,0
20261007T100007181Z_e407267f5160429bb1e8d9eb7b844d2c,,,1,93,2026-10-07T10:00:12.5231803Z,5.328638,2.563238,914,0,0,OperatingSource,0,0,TaskSwitchDisplay,1,,Joystick,0.100000,0.000000,0.000000,0.000000,-1.000000,JoyStick1LeftSlider,0.000000,0.000000,0.000000,0.000000,0.000000,0.000000,0.000000,0.000000,0.000000,0.000000,914,1,0.000000,0,0,0,0,0,TaskSwitchPedal,,0
20261007T100007181Z_e407267f5160429bb1e8d9eb7b844d2c,,,1,94,2026-10-07T10:00:12.5810031Z,5.386261,2.620672,919,0,0,OperatingSource,0,0,TaskSwitchDisplay,1,,Joystick,0.100000,0.000000,0.000000,0.000000,-1.000000,JoyStick1LeftSlider,0.000000,0.000000,0.000000,0.000000,0.000000,0.000000,0.000000,0.000000,0.000000,0.000000,919,1,0.000000,0,0,0,0,0,TaskSwitchPedal,,0
20261007T100007181Z_e407267f5160429bb1e8d9eb7b844d2c,,,1,95,2026-10-07T10:00:12.6318333Z,5.436925,2.671986,923,0,0,OperatingSource,0,0,TaskSwitchDisplay,1,,Joystick,0.100000,0.000000,0.000000,0.000000,-1.000000,JoyStick1LeftSlider,0.000000,0.000000,0.000000,0.000000,0.000000,0.000000,0.000000,0.000000,0.000000,0.000000,922,0,0.000000,0,0,0,0,0,TaskSwitchPedal,,0
20261007T100007181Z_e407267f5160429bb1e8d9eb7b844d2c,,,1,96,2026-10-07T10:00:12.6849985Z,5.490837,2.724701,928,0,0,OperatingSource,0,0,TaskSwitchDisplay,1,,Joystick,0.100000,0.000000,0.000000,0.000000,-1.000000,JoyStick1LeftSlider,0.000000,0.000000,0.000000,0.000000,0.000000,0.000000,0.000000,0.000000,0.000000,0.000000,928,1,0.000000,0,0,0,0,0,TaskSwitchPedal,,0
20261007T100007181Z_e407267f5160429bb1e8d9eb7b844d2c,,,1,97,2026-10-07T10:00:12.7442879Z,5.549981,2.784425,933,0,0,OperatingSource,0,0,TaskSwitchDisplay,1,,Joystick,0.100000,0.000000,0.000000,0.000000,-1.000000,JoyStick1LeftSlider,0.000000,0.000000,0.000000,0.000000,0.000000,0.000000,0.000000,0.000000,0.000000,0.000000,933,1,0.000000,0,0,0,0,0,TaskSwitchPedal,,0
20261007T100007181Z_e407267f5160429bb1e8d9eb7b844d2c,,,1,98,2026-10-07T10:00:12.7991764Z,5.604806,2.838983,938,0,0,OperatingSource,0,0,TaskSwitchDisplay,1,,Joystick,0.100000,0.000000,0.000000,0.000000,-1.000000,JoyStick1LeftSlider,0.000000,0.000000,0.000000,0.000000,0.000000,0.000000,0.000000,0.000000,0.000000,0.000000,938,1,0.000000,0,0,0,0,0,TaskSwitchPedal,,0
20261007T100007181Z_e407267f5160429bb1e8d9eb7b844d2c,,,1,99,2026-10-07T10:00:12.8491568Z,5.655216,2.890275,943,0,0,OperatingSource,0,0,TaskSwitchDisplay,1,,Joystick,0.100000,0.000000,0.000000,0.000000,-1.000000,JoyStick1LeftSlider,0.000000,0.000000,0.000000,0.000000,0.000000,0.000000,0.000000,0.000000,0.000000,0.000000,942,0,0.000000,0,0,0,0,0,TaskSwitchPedal,,0
20261007T100007181Z_e407267f5160429bb1e8d9eb7b844d2c,,,1,100,2026-10-07T10:00:12.9039648Z,5.709072,2.943748,948,0,0,OperatingSource,0,0,TaskSwitchDisplay,1,,Joystick,0.100000,0.000000,0.000000,0.000000,-1.000000,JoyStick1LeftSlider,0.000000,0.000000,0.000000,0.000000,0.000000,0.000000,0.000000,0.000000,0.000000,0.000000,948,1,0.000000,0,0,0,0,0,TaskSwitchPedal,,0
20261007T100007181Z_e407267f5160429bb1e8d9eb7b844d2c,,,1,101,2026-10-07T10:00:12.9608595Z,5.766392,3.000736,953,0,0,OperatingSource,0,0,TaskSwitchDisplay,1,,Joystick,0.100000,0.000000,0.000000,0.000000,-1.000000,JoyStick1LeftSlider,0.000000,0.000000,0.000000,0.000000,0.000000,0.000000,0.000000,0.000000,0.000000,0.000000,953,1,0.000000,0,0,0,0,0,TaskSwitchPedal,,0
20261007T100007181Z_e407267f5160429bb1e8d9eb7b844d2c,,,1,102,2026-10-07T10:00:13.0169813Z,5.822725,3.057584,958,0,0,OperatingSource,0,0,TaskSwitchDisplay,1,,Joystick,0.100000,0.000000,0.000000,0.000000,-1.000000,JoyStick1LeftSlider,0.000000,0.000000,0.000000,0.000000,0.000000,0.000000,0.000000,0.000000,0.000000,0.000000,957,0,0.000000,0,0,0,0,0,TaskSwitchPedal,,0
20261007T100007181Z_e407267f5160429bb1e8d9eb7b844d2c,,,1,103,2026-10-07T10:00:13.0732715Z,5.878274,3.113380,963,0,0,OperatingSource,0,0,TaskSwitchDisplay,1,,Joystick,0.100000,0.000000,0.000000,0.000000,-1.000000,JoyStick1LeftSlider,0.000000,0.000000,0.000000,0.000000,0.000000,0.000000,0.000000,0.000000,0.000000,0.000000,962,0,0.000000,0,0,0,0,0,TaskSwitchPedal,,0
20261007T100007181Z_e407267f5160429bb1e8d9eb7b844d2c,,,1,104,2026-10-07T10:00:13.1230127Z,5.928370,3.162575,967,0,0,OperatingSource,0,0,TaskSwitchDisplay,1,,Joystick,0.100000,0.000000,0.000000,0.000000,-1.000000,JoyStick1LeftSlider,0.000000,0.000000,0.000000,0.000000,0.000000,0.000000,0.000000,0.000000,0.000000,0.000000,967,1,0.000000,0,0,0,0,0,TaskSwitchPedal,,0
20261007T100007181Z_e407267f5160429bb1e8d9eb7b844d2c,,,1,105,2026-10-07T10:00:13.1762457Z,5.981146,3.215917,971,0,0,OperatingSource,0,0,TaskSwitchDisplay,1,,Joystick,0.100000,0.000000,0.000000,0.000000,-1.000000,JoyStick1LeftSlider,0.000000,0.000000,0.000000,0.000000,0.000000,0.000000,0.000000,0.000000,0.000000,0.000000,970,0,0.000000,0,0,0,0,0,TaskSwitchPedal,,0
20261007T100007181Z_e407267f5160429bb1e8d9eb7b844d2c,,,1,106,2026-10-07T10:00:13.2386006Z,6.043743,3.278888,976,0,0,OperatingSource,0,0,TaskSwitchDisplay,1,,Joystick,0.100000,0.000000,0.000000,0.000000,-1.000000,JoyStick1LeftSlider,0.000000,0.000000,0.000000,0.000000,0.000000,0.000000,0.000000,0.000000,0.000000,0.000000,975,0,0.000000,0,0,0,0,0,TaskSwitchPedal,,0
20261007T100007181Z_e407267f5160429bb1e8d9eb7b844d2c,,,1,107,2026-10-07T10:00:13.2973768Z,6.103194,3.337964,981,0,0,OperatingSource,0,0,TaskSwitchDisplay,1,,Joystick,0.100000,0.000000,0.000000,0.000000,-1.000000,JoyStick1LeftSlider,0.000000,0.000000,0.000000,0.000000,0.000000,0.000000,0.000000,0.000000,0.000000,0.000000,980,0,0.000000,0,0,0,0,0,TaskSwitchPedal,,0
20261007T100007181Z_e407267f5160429bb1e8d9eb7b844d2c,,,1,108,2026-10-07T10:00:13.3522609Z,6.157986,3.393104,986,0,0,OperatingSource,0,0,TaskSwitchDisplay,1,,Joystick,0.100000,0.000000,0.000000,0.000000,-1.000000,JoyStick1LeftSlider,0.000000,0.000000,0.000000,0.000000,0.000000,0.000000,0.000000,0.000000,0.000000,0.000000,985,0,0.000000,0,0,0,0,0,TaskSwitchPedal,,0
20261007T100007181Z_e407267f5160429bb1e8d9eb7b844d2c,,,1,109,2026-10-07T10:00:13.4064352Z,6.212655,3.446563,991,0,0,OperatingSource,0,0,TaskSwitchDisplay,1,,Joystick,0.100000,0.000000,0.000000,0.000000,-1.000000,JoyStick1LeftSlider,0.000000,0.000000,0.000000,0.000000,0.000000,0.000000,0.000000,0.000000,0.000000,0.000000,991,1,0.000000,0,0,0,0,0,TaskSwitchPedal,,0
20261007T100007181Z_e407267f5160429bb1e8d9eb7b844d2c,,,1,110,2026-10-07T10:00:13.4610084Z,6.266251,3.500416,996,0,0,OperatingSource,0,0,TaskSwitchDisplay,1,,Joystick,0.100000,0.000000,0.000000,0.000000,-1.000000,JoyStick1LeftSlider,0.000000,0.000000,0.000000,0.000000,0.000000,0.000000,0.000000,0.000000,0.000000,0.000000,996,1,0.000000,0,0,0,0,0,TaskSwitchPedal,,0
20261007T100007181Z_e407267f5160429bb1e8d9eb7b844d2c,,,1,111,2026-10-07T10:00:13.5148229Z,6.320262,3.554245,1001,0,0,OperatingSource,0,0,TaskSwitchDisplay,1,,Joystick,0.100000,0.000000,0.000000,0.000000,-1.000000,JoyStick1LeftSlider,0.000000,0.000000,0.000000,0.000000,0.000000,0.000000,0.000000,0.000000,0.000000,0.000000,1000,0,0.000000,0,0,0,0,0,TaskSwitchPedal,,0
20261007T100007181Z_e407267f5160429bb1e8d9eb7b844d2c,,,1,112,2026-10-07T10:00:13.5725086Z,6.377383,3.612179,1006,0,0,OperatingSource,0,0,TaskSwitchDisplay,1,,Joystick,0.100000,0.000000,0.000000,0.000000,-1.000000,JoyStick1LeftSlider,0.000000,0.000000,0.000000,0.000000,0.000000,0.000000,0.000000,0.000000,0.000000,0.000000,1005,0,0.000000,0,0,0,0,0,TaskSwitchPedal,,0
20261007T100007181Z_e407267f5160429bb1e8d9eb7b844d2c,,,1,113,2026-10-07T10:00:13.6277743Z,6.433637,3.667635,1011,0,0,OperatingSource,0,0,TaskSwitchDisplay,1,,Joystick,0.100000,0.000000,0.000000,0.000000,-1.000000,JoyStick1LeftSlider,0.000000,0.000000,0.000000,0.000000,0.000000,0.000000,0.000000,0.000000,0.000000,0.000000,1011,1,0.000000,0,0,0,0,0,TaskSwitchPedal,,0
20261007T100007181Z_e407267f5160429bb1e8d9eb7b844d2c,,,1,114,2026-10-07T10:00:13.6851760Z,6.490360,3.724404,1016,0,0,OperatingSource,0,0,TaskSwitchDisplay,1,,Joystick,0.100000,0.000000,0.000000,0.000000,-1.000000,JoyStick1LeftSlider,0.000000,0.000000,0.000000,0.000000,0.000000,0.000000,0.000000,0.000000,0.000000,0.000000,1016,1,0.000000,0,0,0,0,0,TaskSwitchPedal,,0
20261007T100007181Z_e407267f5160429bb1e8d9eb7b844d2c,,,1,115,2026-10-07T10:00:13.7362009Z,6.541528,3.776267,1020,0,0,OperatingSource,0,0,TaskSwitchDisplay,1,,Joystick,0.100000,0.000000,0.000000,0.000000,-1.000000,JoyStick1LeftSlider,0.000000,0.000000,0.000000,0.000000,0.000000,0.000000,0.000000,0.000000,0.000000,0.000000,1019,0,0.000000,0,0,0,0,0,TaskSwitchPedal,,0
20261007T100007181Z_e407267f5160429bb1e8d9eb7b844d2c,,,1,116,2026-10-07T10:00:13.7888059Z,6.593686,3.828236,1024,0,0,OperatingSource,0,0,TaskSwitchDisplay,1,,Joystick,0.100000,0.000000,0.000000,0.000000,-1.000000,JoyStick1LeftSlider,0.000000,0.000000,0.000000,0.000000,0.000000,0.000000,0.000000,0.000000,0.000000,0.000000,1024,1,0.000000,0,0,0,0,0,TaskSwitchPedal,,0
20261007T100007181Z_e407267f5160429bb1e8d9eb7b844d2c,,,1,117,2026-10-07T10:00:13.8471760Z,6.652292,3.886885,1029,0,0,OperatingSource,0,0,TaskSwitchDisplay,1,,Joystick,0.100000,0.000000,0.000000,0.000000,-1.000000,JoyStick1LeftSlider,0.000000,0.000000,0.000000,0.000000,0.000000,0.000000,0.000000,0.000000,0.000000,0.000000,1029,1,0.000000,0,0,0,0,0,TaskSwitchPedal,,0
20261007T100007181Z_e407267f5160429bb1e8d9eb7b844d2c,,,1,118,2026-10-07T10:00:13.8988604Z,6.703982,3.938789,1034,0,0,OperatingSource,0,0,TaskSwitchDisplay,1,,Joystick,0.100000,0.000000,0.000000,0.000000,-1.000000,JoyStick1LeftSlider,0.000000,0.000000,0.000000,0.000000,0.000000,0.000000,0.000000,0.000000,0.000000,0.000000,1033,0,0.000000,0,0,0,0,0,TaskSwitchPedal,,0
20261007T100007181Z_e407267f5160429bb1e8d9eb7b844d2c,,,1,119,2026-10-07T10:00:13.9522212Z,6.757303,3.992289,1039,0,0,OperatingSource,0,0,TaskSwitchDisplay,1,,Joystick,0.100000,0.000000,0.000000,0.000000,-1.000000,JoyStick1LeftSlider,0.000000,0.000000,0.000000,0.000000,0.000000,0.000000,0.000000,0.000000,0.000000,0.000000,1038,0,0.000000,0,0,0,0,0,TaskSwitchPedal,,0
20261007T100007181Z_e407267f5160429bb1e8d9eb7b844d2c,,,1,120,2026-10-07T10:00:14.0049989Z,6.810570,4.045124,1044,0,0,OperatingSource,0,0,TaskSwitchDisplay,1,,Joystick,0.100000,0.000000,0.000000,0.000000,-1.000000,JoyStick1LeftSlider,0.000000,0.000000,0.000000,0.000000,0.000000,0.000000,0.000000,0.000000,0.000000,0.000000,1044,1,0.000000,0,0,0,0,0,TaskSwitchPedal,,0
20261007T100007181Z_e407267f5160429bb1e8d9eb7b844d2c,,,1,121,2026-10-07T10:00:14.0604367Z,6.866111,4.100222,1049,0,0,OperatingSource,0,0,TaskSwitchDisplay,1,,Joystick,0.100000,0.000000,0.000000,0.000000,-1.000000,JoyStick1LeftSlider,0.000000,0.000000,0.000000,0.000000,0.000000,0.000000,0.000000,0.000000,0.000000,0.000000,1049,1,0.000000,0,0,0,0,0,TaskSwitchPedal,,0
20261007T100007181Z_e407267f5160429bb1e8d9eb7b844d2c,,,1,122,2026-10-07T10:00:14.1112647Z,6.916356,4.150920,1052,0,0,OperatingSource,0,0,TaskSwitchDisplay,1,,Joystick,0.100000,0.000000,0.000000,0.000000,-1.000000,JoyStick1LeftSlider,0.000000,0.000000,0.000000,0.000000,0.000000,0.000000,0.000000,0.000000,0.000000,0.000000,1052,1,0.000000,0,0,0,0,0,TaskSwitchPedal,,0
20261007T100007181Z_e407267f5160429bb1e8d9eb7b844d2c,,,1,123,2026-10-07T10:00:14.1695563Z,6.974648,4.209685,1057,0,0,OperatingSource,0,0,TaskSwitchDisplay,1,,Joystick,0.100000,0.000000,0.000000,0.000000,-1.000000,JoyStick1LeftSlider,0.000000,0.000000,0.000000,0.000000,0.000000,0.000000,0.000000,0.000000,0.000000,0.000000,1056,0,0.000000,0,0,0,0,0,TaskSwitchPedal,,0
20261007T100007181Z_e407267f5160429bb1e8d9eb7b844d2c,,,1,124,2026-10-07T10:00:14.2260117Z,7.031567,4.265657,1062,0,0,OperatingSource,0,0,TaskSwitchDisplay,1,,Joystick,0.100000,0.000000,0.000000,0.000000,-1.000000,JoyStick1LeftSlider,0.000000,0.000000,0.000000,0.000000,0.000000,0.000000,0.000000,0.000000,0.000000,0.000000,1062,1,0.000000,0,0,0,0,0,TaskSwitchPedal,,0
20261007T100007181Z_e407267f5160429bb1e8d9eb7b844d2c,,,1,125,2026-10-07T10:00:14.2770678Z,7.082247,4.317250,1066,0,0,OperatingSource,0,0,TaskSwitchDisplay,1,,Joystick,0.100000,0.000000,0.000000,0.000000,-1.000000,JoyStick1LeftSlider,0.000000,0.000000,0.000000,0.000000,0.000000,0.000000,0.000000,0.000000,0.000000,0.000000,1065,0,0.000000,0,0,0,0,0,TaskSwitchPedal,,0
20261007T100007181Z_e407267f5160429bb1e8d9eb7b844d2c,,,1,126,2026-10-07T10:00:14.3341932Z,7.139578,4.374350,1071,0,0,OperatingSource,0,0,TaskSwitchDisplay,1,,Joystick,0.100000,0.000000,0.000000,0.000000,-1.000000,JoyStick1LeftSlider,0.000000,0.000000,0.000000,0.000000,0.000000,0.000000,0.000000,0.000000,0.000000,0.000000,1070,0,0.000000,0,0,0,0,0,TaskSwitchPedal,,0
20261007T100007181Z_e407267f5160429bb1e8d9eb7b844d2c,,,1,127,2026-10-07T10:00:14.3851226Z,7.190265,4.424890,1075,0,0,OperatingSource,0,0,TaskSwitchDisplay,1,,Joystick,0.100000,0.000000,0.000000,0.000000,-1.000000,JoyStick1LeftSlider,0.000000,0.000000,0.000000,0.000000,0.000000,0.000000,0.000000,0.000000,0.000000,0.000000,1075,1,0.000000,0,0,0,0,0,TaskSwitchPedal,,0
20261007T100007181Z_e407267f5160429bb1e8d9eb7b844d2c,,,1,128,2026-10-07T10:00:14.4377625Z,7.243656,4.478290,1079,0,0,OperatingSource,0,0,TaskSwitchDisplay,1,,Joystick,0.100000,0.000000,0.000000,0.000000,-1.000000,JoyStick1LeftSlider,0.000000,0.000000,0.000000,0.000000,0.000000,0.000000,0.000000,0.000000,0.000000,0.000000,1078,0,0.000000,0,0,0,0,0,TaskSwitchPedal,,0
20261007T100007181Z_e407267f5160429bb1e8d9eb7b844d2c,,,1,129,2026-10-07T10:00:14.4907255Z,7.295838,4.530208,1083,0,0,OperatingSource,0,0,TaskSwitchDisplay,1,,Joystick,0.100000,0.000000,0.000000,0.000000,-1.000000,JoyStick1LeftSlider,0.000000,0.000000,0.000000,0.000000,0.000000,0.000000,0.000000,0.000000,0.000000,0.000000,1083,1,0.000000,0,0,0,0,0,TaskSwitchPedal,,0
20261007T100007181Z_e407267f5160429bb1e8d9eb7b844d2c,,,1,130,2026-10-07T10:00:14.5517205Z,7.356644,4.591699,1088,0,0,OperatingSource,0,0,TaskSwitchDisplay,1,,Joystick,0.100000,0.000000,0.000000,0.000000,-1.000000,JoyStick1LeftSlider,0.000000,0.000000,0.000000,0.000000,0.000000,0.000000,0.000000,0.000000,0.000000,0.000000,1087,0,0.000000,0,0,0,0,0,TaskSwitchPedal,,0
20261007T100007181Z_e407267f5160429bb1e8d9eb7b844d2c,,,1,131,2026-10-07T10:00:14.6083268Z,7.413938,4.648408,1093,0,0,OperatingSource,0,0,TaskSwitchDisplay,1,,Joystick,0.100000,0.000000,0.000000,0.000000,-1.000000,JoyStick1LeftSlider,0.000000,0.000000,0.000000,0.000000,0.000000,0.000000,0.000000,0.000000,0.000000,0.000000,1093,1,0.000000,0,0,0,0,0,TaskSwitchPedal,,0
20261007T100007181Z_e407267f5160429bb1e8d9eb7b844d2c,,,1,132,2026-10-07T10:00:14.6625301Z,7.468155,4.702621,1098,0,0,OperatingSource,0,0,TaskSwitchDisplay,1,,Joystick,0.100000,0.000000,0.000000,0.000000,-1.000000,JoyStick1LeftSlider,0.000000,0.000000,0.000000,0.000000,0.000000,0.000000,0.000000,0.000000,0.000000,0.000000,1098,1,0.000000,0,0,0,0,0,TaskSwitchPedal,,0
20261007T100007181Z_e407267f5160429bb1e8d9eb7b844d2c,,,1,133,2026-10-07T10:00:14.7190406Z,7.525158,4.759416,1103,0,0,OperatingSource,0,0,TaskSwitchDisplay,1,,Joystick,0.100000,0.000000,0.000000,0.000000,-1.000000,JoyStick1LeftSlider,0.000000,0.000000,0.000000,0.000000,0.000000,0.000000,0.000000,0.000000,0.000000,0.000000,1103,1,0.000000,0,0,0,0,0,TaskSwitchPedal,,0
20261007T100007181Z_e407267f5160429bb1e8d9eb7b844d2c,,,1,134,2026-10-07T10:00:14.7750034Z,7.579947,4.814971,1108,0,0,OperatingSource,0,0,TaskSwitchDisplay,1,,Joystick,0.100000,0.000000,0.000000,0.000000,-1.000000,JoyStick1LeftSlider,0.000000,0.000000,0.000000,0.000000,0.000000,0.000000,0.000000,0.000000,0.000000,0.000000,1107,0,0.000000,0,0,0,0,0,TaskSwitchPedal,,0
20261007T100007181Z_e407267f5160429bb1e8d9eb7b844d2c,,,1,135,2026-10-07T10:00:14.8286186Z,7.634294,4.868765,1113,0,0,OperatingSource,0,0,TaskSwitchDisplay,1,,Joystick,0.100000,0.000000,0.000000,0.000000,-1.000000,JoyStick1LeftSlider,0.000000,0.000000,0.000000,0.000000,0.000000,0.000000,0.000000,0.000000,0.000000,0.000000,1113,1,0.000000,0,0,0,0,0,TaskSwitchPedal,,0
20261007T100007181Z_e407267f5160429bb1e8d9eb7b844d2c,,,1,136,2026-10-07T10:00:14.8794727Z,7.684996,4.919430,1118,0,0,OperatingSource,0,0,TaskSwitchDisplay,1,,Joystick,0.100000,0.000000,0.000000,0.000000,-1.000000,JoyStick1LeftSlider,0.000000,0.000000,0.000000,0.000000,0.000000,0.000000,0.000000,0.000000,0.000000,0.000000,1118,1,0.000000,0,0,0,0,0,TaskSwitchPedal,,0
20261007T100007181Z_e407267f5160429bb1e8d9eb7b844d2c,,,1,137,2026-10-07T10:00:14.9326179Z,7.737873,4.972898,1123,0,0,OperatingSource,0,0,TaskSwitchDisplay,1,,Joystick,0.100000,0.000000,0.000000,0.000000,-1.000000,JoyStick1LeftSlider,0.000000,0.000000,0.000000,0.000000,0.000000,0.000000,0.000000,0.000000,0.000000,0.000000,1122,0,0.000000,0,0,0,0,0,TaskSwitchPedal,,0
20261007T100007181Z_e407267f5160429bb1e8d9eb7b844d2c,,,1,138,2026-10-07T10:00:14.9869377Z,7.793224,5.027506,1128,0,0,OperatingSource,0,0,TaskSwitchDisplay,1,,Joystick,0.100000,0.000000,0.000000,0.000000,-1.000000,JoyStick1LeftSlider,0.000000,0.000000,0.000000,0.000000,0.000000,0.000000,0.000000,0.000000,0.000000,0.000000,1128,1,0.000000,0,0,0,0,0,TaskSwitchPedal,,0
20261007T100007181Z_e407267f5160429bb1e8d9eb7b844d2c,,,1,139,2026-10-07T10:00:15.0404862Z,7.845718,5.080247,1133,0,0,OperatingSource,0,0,TaskSwitchDisplay,1,,Joystick,0.100000,0.000000,0.000000,0.000000,-1.000000,JoyStick1LeftSlider,0.000000,0.000000,0.000000,0.000000,0.000000,0.000000,0.000000,0.000000,0.000000,0.000000,1133,1,0.000000,0,0,0,0,0,TaskSwitchPedal,,0
20261007T100007181Z_e407267f5160429bb1e8d9eb7b844d2c,,,1,140,2026-10-07T10:00:15.0931541Z,7.898868,5.133732,1138,0,0,OperatingSource,0,0,TaskSwitchDisplay,1,,Joystick,0.100000,0.000000,0.000000,0.000000,-1.000000,JoyStick1LeftSlider,0.000000,0.000000,0.000000,0.000000,0.000000,0.000000,0.000000,0.000000,0.000000,0.000000,1137,0,0.000000,0,0,0,0,0,TaskSwitchPedal,,0
20261007T100007181Z_e407267f5160429bb1e8d9eb7b844d2c,,,1,141,2026-10-07T10:00:15.1504043Z,7.955579,5.190201,1143,0,0,OperatingSource,0,0,TaskSwitchDisplay,1,,Joystick,0.100000,0.000000,0.000000,0.000000,-1.000000,JoyStick1LeftSlider,0.000000,0.000000,0.000000,0.000000,0.000000,0.000000,0.000000,0.000000,0.000000,0.000000,1143,1,0.000000,0,0,0,0,0,TaskSwitchPedal,,0
20261007T100007181Z_e407267f5160429bb1e8d9eb7b844d2c,,,1,142,2026-10-07T10:00:15.2091389Z,8.015441,5.250477,1148,0,0,OperatingSource,0,0,TaskSwitchDisplay,1,,Joystick,0.100000,0.000000,0.000000,0.000000,-1.000000,JoyStick1LeftSlider,0.000000,0.000000,0.000000,0.000000,0.000000,0.000000,0.000000,0.000000,0.000000,0.000000,1147,0,0.000000,0,0,0,0,0,TaskSwitchPedal,,0
20261007T100007181Z_e407267f5160429bb1e8d9eb7b844d2c,,,1,143,2026-10-07T10:00:15.2636095Z,8.069516,5.303554,1153,0,0,OperatingSource,0,0,TaskSwitchDisplay,1,,Joystick,0.100000,0.000000,0.000000,0.000000,-1.000000,JoyStick1LeftSlider,0.000000,0.000000,0.000000,0.000000,0.000000,0.000000,0.000000,0.000000,0.000000,0.000000,1153,1,0.000000,0,0,0,0,0,TaskSwitchPedal,,0
20261007T100007181Z_e407267f5160429bb1e8d9eb7b844d2c,,,1,144,2026-10-07T10:00:15.3218580Z,8.127373,5.361944,1158,0,0,OperatingSource,0,0,TaskSwitchDisplay,1,,Joystick,0.100000,0.000000,0.000000,0.000000,-1.000000,JoyStick1LeftSlider,0.000000,0.000000,0.000000,0.000000,0.000000,0.000000,0.000000,0.000000,0.000000,0.000000,1158,1,0.000000,0,0,0,0,0,TaskSwitchPedal,,0
20261007T100007181Z_e407267f5160429bb1e8d9eb7b844d2c,,,1,145,2026-10-07T10:00:15.3781495Z,8.183771,5.418696,1163,0,0,OperatingSource,0,0,TaskSwitchDisplay,1,,Joystick,0.100000,0.000000,0.000000,0.000000,-1.000000,JoyStick1LeftSlider,0.000000,0.000000,0.000000,0.000000,0.000000,0.000000,0.000000,0.000000,0.000000,0.000000,1162,0,0.000000,0,0,0,0,0,TaskSwitchPedal,,0
20261007T100007181Z_e407267f5160429bb1e8d9eb7b844d2c,,,1,146,2026-10-07T10:00:15.4375982Z,8.242677,5.477448,1168,0,0,OperatingSource,0,0,TaskSwitchDisplay,1,,Joystick,0.100000,0.000000,0.000000,0.000000,-1.000000,JoyStick1LeftSlider,0.000000,0.000000,0.000000,0.000000,0.000000,0.000000,0.000000,0.000000,0.000000,0.000000,1167,0,0.000000,0,0,0,0,0,TaskSwitchPedal,,0
20261007T100007181Z_e407267f5160429bb1e8d9eb7b844d2c,,,1,147,2026-10-07T10:00:15.4934035Z,8.298709,5.533745,1173,0,0,OperatingSource,0,0,TaskSwitchDisplay,1,,Joystick,0.100000,0.000000,0.000000,0.000000,-1.000000,JoyStick1LeftSlider,0.000000,0.000000,0.000000,0.000000,0.000000,0.000000,0.000000,0.000000,0.000000,0.000000,1172,0,0.000000,0,0,0,0,0,TaskSwitchPedal,,0
20261007T100007181Z_e407267f5160429bb1e8d9eb7b844d2c,,,1,148,2026-10-07T10:00:15.5540855Z,8.359907,5.594949,1178,0,0,OperatingSource,0,0,TaskSwitchDisplay,1,,Joystick,0.100000,0.000000,0.000000,0.000000,-1.000000,JoyStick1LeftSlider,0.000000,0.000000,0.000000,0.000000,0.000000,0.000000,0.000000,0.000000,0.000000,0.000000,1177,0,0.000000,0,0,0,0,0,TaskSwitchPedal,,0
20261007T100007181Z_e407267f5160429bb1e8d9eb7b844d2c,,,1,149,2026-10-07T10:00:15.6112667Z,8.416763,5.651638,1183,0,0,OperatingSource,0,0,TaskSwitchDisplay,1,,Joystick,0.100000,0.000000,0.000000,0.000000,-1.000000,JoyStick1LeftSlider,0.000000,0.000000,0.000000,0.000000,0.000000,0.000000,0.000000,0.000000,0.000000,0.000000,1182,0,0.000000,0,0,0,0,0,TaskSwitchPedal,,0
20261007T100007181Z_e407267f5160429bb1e8d9eb7b844d2c,,,1,150,2026-10-07T10:00:15.6726263Z,8.478767,5.713732,1188,0,0,OperatingSource,0,0,TaskSwitchDisplay,1,,Joystick,0.100000,0.000000,0.000000,0.000000,-1.000000,JoyStick1LeftSlider,0.000000,0.000000,0.000000,0.000000,0.000000,0.000000,0.000000,0.000000,0.000000,0.000000,1187,0,0.000000,0,0,0,0,0,TaskSwitchPedal,,0
20261007T100007181Z_e407267f5160429bb1e8d9eb7b844d2c,,,1,151,2026-10-07T10:00:15.7244674Z,8.530034,5.764330,1192,0,0,OperatingSource,0,0,TaskSwitchDisplay,1,,Joystick,0.100000,0.000000,0.000000,0.000000,-1.000000,JoyStick1LeftSlider,0.000000,0.000000,0.000000,0.000000,0.000000,0.000000,0.000000,0.000000,0.000000,0.000000,1192,1,0.000000,0,0,0,0,0,TaskSwitchPedal,,0
20261007T100007181Z_e407267f5160429bb1e8d9eb7b844d2c,,,1,152,2026-10-07T10:00:15.7867352Z,8.591741,5.826287,1197,0,0,OperatingSource,0,0,TaskSwitchDisplay,1,,Joystick,0.100000,0.000000,0.000000,0.000000,-1.000000,JoyStick1LeftSlider,0.000000,0.000000,0.000000,0.000000,0.000000,0.000000,0.000000,0.000000,0.000000,0.000000,1197,1,0.000000,0,0,0,0,0,TaskSwitchPedal,,0
20261007T100007181Z_e407267f5160429bb1e8d9eb7b844d2c,,,1,153,2026-10-07T10:00:15.8435059Z,8.648405,5.882683,1202,0,0,OperatingSource,0,0,TaskSwitchDisplay,1,,Joystick,0.100000,0.000000,0.000000,0.000000,-1.000000,JoyStick1LeftSlider,0.000000,0.000000,0.000000,0.000000,0.000000,0.000000,0.000000,0.000000,0.000000,0.000000,1202,1,0.000000,0,0,0,0,0,TaskSwitchPedal,,0
20261007T100007181Z_e407267f5160429bb1e8d9eb7b844d2c,,,1,154,2026-10-07T10:00:15.8955925Z,8.700571,5.935612,1207,0,0,OperatingSource,0,0,TaskSwitchDisplay,1,,Joystick,0.100000,0.000000,0.000000,0.000000,-1.000000,JoyStick1LeftSlider,0.000000,0.000000,0.000000,0.000000,0.000000,0.000000,0.000000,0.000000,0.000000,0.000000,1206,0,0.000000,0,0,0,0,0,TaskSwitchPedal,,0
20261007T100007181Z_e407267f5160429bb1e8d9eb7b844d2c,,,1,155,2026-10-07T10:00:15.9455970Z,8.751445,5.985980,1212,0,0,OperatingSource,0,0,TaskSwitchDisplay,1,,Joystick,0.100000,0.000000,0.000000,0.000000,-1.000000,JoyStick1LeftSlider,0.000000,0.000000,0.000000,0.000000,0.000000,0.000000,0.000000,0.000000,0.000000,0.000000,1212,1,0.000000,0,0,0,0,0,TaskSwitchPedal,,0
20261007T100007181Z_e407267f5160429bb1e8d9eb7b844d2c,,,1,156,2026-10-07T10:00:16.0051037Z,8.811129,6.045593,1218,0,0,OperatingSource,0,0,TaskSwitchDisplay,1,,Joystick,0.100000,0.000000,0.000000,0.000000,-1.000000,JoyStick1LeftSlider,0.000000,0.000000,0.000000,0.000000,0.000000,0.000000,0.000000,0.000000,0.000000,0.000000,1218,1,0.000000,0,0,0,0,0,TaskSwitchPedal,,0
20261007T100007181Z_e407267f5160429bb1e8d9eb7b844d2c,,,1,157,2026-10-07T10:00:16.0595774Z,8.864801,6.099444,1223,0,0,OperatingSource,0,0,TaskSwitchDisplay,1,,Joystick,0.100000,0.000000,0.000000,0.000000,-1.000000,JoyStick1LeftSlider,0.000000,0.000000,0.000000,0.000000,0.000000,0.000000,0.000000,0.000000,0.000000,0.000000,1223,1,0.000000,0,0,0,0,0,TaskSwitchPedal,,0
20261007T100007181Z_e407267f5160429bb1e8d9eb7b844d2c,,,1,158,2026-10-07T10:00:16.1137761Z,8.918728,6.153722,1228,0,0,OperatingSource,0,0,TaskSwitchDisplay,1,,Joystick,0.100000,0.000000,0.000000,0.000000,-1.000000,JoyStick1LeftSlider,0.000000,0.000000,0.000000,0.000000,0.000000,0.000000,0.000000,0.000000,0.000000,0.000000,1227,0,0.000000,0,0,0,0,0,TaskSwitchPedal,,0
20261007T100007181Z_e407267f5160429bb1e8d9eb7b844d2c,,,1,159,2026-10-07T10:00:16.1644036Z,8.969343,6.203540,1233,0,0,OperatingSource,0,0,TaskSwitchDisplay,1,,Joystick,0.100000,0.000000,0.000000,0.000000,-1.000000,JoyStick1LeftSlider,0.000000,0.000000,0.000000,0.000000,0.000000,0.000000,0.000000,0.000000,0.000000,0.000000,1233,1,0.000000,0,0,0,0,0,TaskSwitchPedal,,0
20261007T100007181Z_e407267f5160429bb1e8d9eb7b844d2c,,,1,160,2026-10-07T10:00:16.2150603Z,9.020355,6.255298,1238,0,0,OperatingSource,0,0,TaskSwitchDisplay,1,,Joystick,0.100000,0.000000,0.000000,0.000000,-1.000000,JoyStick1LeftSlider,0.000000,0.000000,0.000000,0.000000,0.000000,0.000000,0.000000,0.000000,0.000000,0.000000,1237,0,0.000000,0,0,0,0,0,TaskSwitchPedal,,0
20261007T100007181Z_e407267f5160429bb1e8d9eb7b844d2c,,,1,161,2026-10-07T10:00:16.2673546Z,9.072668,6.306018,1243,0,0,OperatingSource,0,0,TaskSwitchDisplay,1,,Joystick,0.100000,0.000000,0.000000,0.000000,-1.000000,JoyStick1LeftSlider,0.000000,0.000000,0.000000,0.000000,0.000000,0.000000,0.000000,0.000000,0.000000,0.000000,1243,1,0.000000,0,0,0,0,0,TaskSwitchPedal,,0
20261007T100007181Z_e407267f5160429bb1e8d9eb7b844d2c,,,1,162,2026-10-07T10:00:16.3224106Z,9.128177,6.362629,1248,0,0,OperatingSource,0,0,TaskSwitchDisplay,1,,Joystick,0.100000,0.000000,0.000000,0.000000,-1.000000,JoyStick1LeftSlider,0.000000,0.000000,0.000000,0.000000,0.000000,0.000000,0.000000,0.000000,0.000000,0.000000,1248,1,0.000000,0,0,0,0,0,TaskSwitchPedal,,0
20261007T100007181Z_e407267f5160429bb1e8d9eb7b844d2c,,,1,163,2026-10-07T10:00:16.3776554Z,9.182614,6.417048,1253,0,0,OperatingSource,0,0,TaskSwitchDisplay,1,,Joystick,0.100000,0.000000,0.000000,0.000000,-1.000000,JoyStick1LeftSlider,0.000000,0.000000,0.000000,0.000000,0.000000,0.000000,0.000000,0.000000,0.000000,0.000000,1252,0,0.000000,0,0,0,0,0,TaskSwitchPedal,,0
20261007T100007181Z_e407267f5160429bb1e8d9eb7b844d2c,,,1,164,2026-10-07T10:00:16.4334229Z,9.238520,6.473080,1257,0,0,OperatingSource,0,0,TaskSwitchDisplay,1,,Joystick,0.100000,0.000000,0.000000,0.000000,-1.000000,JoyStick1LeftSlider,0.000000,0.000000,0.000000,0.000000,0.000000,0.000000,0.000000,0.000000,0.000000,0.000000,1257,1,0.000000,0,0,0,0,0,TaskSwitchPedal,,0
20261007T100007181Z_e407267f5160429bb1e8d9eb7b844d2c,,,1,165,2026-10-07T10:00:16.4877688Z,9.293841,6.528368,1262,0,0,OperatingSource,0,0,TaskSwitchDisplay,1,,Joystick,0.100000,0.000000,0.000000,0.000000,-1.000000,JoyStick1LeftSlider,0.000000,0.000000,0.000000,0.000000,0.000000,0.000000,0.000000,0.000000,0.000000,0.000000,1262,1,0.000000,0,0,0,0,0,TaskSwitchPedal,,0
20261007T100007181Z_e407267f5160429bb1e8d9eb7b844d2c,,,1,166,2026-10-07T10:00:16.5405217Z,9.346172,6.580825,1267,0,0,OperatingSource,0,0,TaskSwitchDisplay,1,,Joystick,0.100000,0.000000,0.000000,0.000000,-1.000000,JoyStick1LeftSlider,0.000000,0.000000,0.000000,0.000000,0.000000,0.000000,0.000000,0.000000,0.000000,0.000000,1267,1,0.000000,0,0,0,0,0,TaskSwitchPedal,,0
20261007T100007181Z_e407267f5160429bb1e8d9eb7b844d2c,,,1,167,2026-10-07T10:00:16.6007566Z,9.406212,6.640638,1273,0,0,OperatingSource,0,0,TaskSwitchDisplay,1,,Joystick,0.100000,0.000000,0.000000,0.000000,-1.000000,JoyStick1LeftSlider,0.000000,0.000000,0.000000,0.000000,0.000000,0.000000,0.000000,0.000000,0.000000,0.000000,1273,1,0.000000,0,0,0,0,0,TaskSwitchPedal,,0
20261007T100007181Z_e407267f5160429bb1e8d9eb7b844d2c,,,1,168,2026-10-07T10:00:16.6515296Z,9.457457,6.692324,1278,0,0,OperatingSource,0,0,TaskSwitchDisplay,1,,Joystick,0.100000,0.000000,0.000000,0.000000,-1.000000,JoyStick1LeftSlider,0.000000,0.000000,0.000000,0.000000,0.000000,0.000000,0.000000,0.000000,0.000000,0.000000,1277,0,0.000000,0,0,0,0,0,TaskSwitchPedal,,0
20261007T100007181Z_e407267f5160429bb1e8d9eb7b844d2c,,,1,169,2026-10-07T10:00:16.7061558Z,9.511784,6.746212,1283,0,0,OperatingSource,0,0,TaskSwitchDisplay,1,,Joystick,0.100000,0.000000,0.000000,0.000000,-1.000000,JoyStick1LeftSlider,0.000000,0.000000,0.000000,0.000000,0.000000,0.000000,0.000000,0.000000,0.000000,0.000000,1283,1,0.000000,0,0,0,0,0,TaskSwitchPedal,,0
20261007T100007181Z_e407267f5160429bb1e8d9eb7b844d2c,,,1,170,2026-10-07T10:00:16.7592905Z,9.564729,6.799170,1288,0,0,OperatingSource,0,0,TaskSwitchDisplay,1,,Joystick,0.100000,0.000000,0.000000,0.000000,-1.000000,JoyStick1LeftSlider,0.000000,0.000000,0.000000,0.000000,0.000000,0.000000,0.000000,0.000000,0.000000,0.000000,1288,1,0.000000,0,0,0,0,0,TaskSwitchPedal,,0
20261007T100007181Z_e407267f5160429bb1e8d9eb7b844d2c,,,1,171,2026-10-07T10:00:16.8095702Z,9.614736,6.849457,1293,0,0,OperatingSource,0,0,TaskSwitchDisplay,1,,Joystick,0.100000,0.000000,0.000000,0.000000,-1.000000,JoyStick1LeftSlider,0.000000,0.000000,0.000000,0.000000,0.000000,0.000000,0.000000,0.000000,0.000000,0.000000,1292,0,0.000000,0,0,0,0,0,TaskSwitchPedal,,0
20261007T100007181Z_e407267f5160429bb1e8d9eb7b844d2c,,,1,172,2026-10-07T10:00:16.8670909Z,9.672082,6.906471,1298,0,0,OperatingSource,0,0,TaskSwitchDisplay,1,,Joystick,0.100000,0.000000,0.000000,0.000000,-1.000000,JoyStick1LeftSlider,0.000000,0.000000,0.000000,0.000000,0.000000,0.000000,0.000000,0.000000,0.000000,0.000000,1298,1,0.000000,0,0,0,0,0,TaskSwitchPedal,,0
20261007T100007181Z_e407267f5160429bb1e8d9eb7b844d2c,,,1,173,2026-10-07T10:00:16.9177712Z,9.723224,6.957509,1302,0,0,OperatingSource,0,0,TaskSwitchDisplay,1,,Joystick,0.100000,0.000000,0.000000,0.000000,-1.000000,JoyStick1LeftSlider,0.000000,0.000000,0.000000,0.000000,0.000000,0.000000,0.000000,0.000000,0.000000,0.000000,1301,0,0.000000,0,0,0,0,0,TaskSwitchPedal,,0
20261007T100007181Z_e407267f5160429bb1e8d9eb7b844d2c,,,1,174,2026-10-07T10:00:16.9735446Z,9.779519,7.014071,1305,0,0,OperatingSource,0,0,TaskSwitchDisplay,1,,Joystick,0.100000,0.000000,0.000000,0.000000,-1.000000,JoyStick1LeftSlider,0.000000,0.000000,0.000000,0.000000,0.000000,0.000000,0.000000,0.000000,0.000000,0.000000,1305,1,0.000000,0,0,0,0,0,TaskSwitchPedal,,0
20261007T100007181Z_e407267f5160429bb1e8d9eb7b844d2c,,,1,175,2026-10-07T10:00:17.0345255Z,9.840658,7.075681,1310,0,0,OperatingSource,0,0,TaskSwitchDisplay,1,,Joystick,0.100000,0.000000,0.000000,0.000000,-1.000000,JoyStick1LeftSlider,0.000000,0.000000,0.000000,0.000000,0.000000,0.000000,0.000000,0.000000,0.000000,0.000000,1309,0,0.000000,0,0,0,0,0,TaskSwitchPedal,,0
20261007T100007181Z_e407267f5160429bb1e8d9eb7b844d2c,,,1,176,2026-10-07T10:00:17.0948329Z,9.899985,7.134925,1315,0,0,OperatingSource,0,0,TaskSwitchDisplay,1,,Joystick,0.100000,0.000000,0.000000,0.000000,-1.000000,JoyStick1LeftSlider,0.000000,0.000000,0.000000,0.000000,0.000000,0.000000,0.000000,0.000000,0.000000,0.000000,1314,0,0.000000,0,0,0,0,0,TaskSwitchPedal,,0
20261007T100007181Z_e407267f5160429bb1e8d9eb7b844d2c,,,1,177,2026-10-07T10:00:17.1535268Z,9.958606,7.193195,1319,0,0,OperatingSource,0,0,TaskSwitchDisplay,1,,Joystick,0.100000,0.000000,0.000000,0.000000,-1.000000,JoyStick1LeftSlider,0.000000,0.000000,0.000000,0.000000,0.000000,0.000000,0.000000,0.000000,0.000000,0.000000,1318,0,0.000000,0,0,0,0,0,TaskSwitchPedal,,0
20261007T100007181Z_e407267f5160429bb1e8d9eb7b844d2c,,,1,178,2026-10-07T10:00:17.2176049Z,10.023276,7.258112,1324,0,0,OperatingSource,0,0,TaskSwitchDisplay,1,,Joystick,0.100000,0.000000,0.000000,0.000000,-1.000000,JoyStick1LeftSlider,0.000000,0.000000,0.000000,0.000000,0.000000,0.000000,0.000000,0.000000,0.000000,0.000000,1323,0,0.000000,0,0,0,0,0,TaskSwitchPedal,,0
20261007T100007181Z_e407267f5160429bb1e8d9eb7b844d2c,,,1,179,2026-10-07T10:00:17.2727021Z,10.078421,7.313572,1329,0,0,OperatingSource,0,0,TaskSwitchDisplay,1,,Joystick,0.100000,0.000000,0.000000,0.000000,-1.000000,JoyStick1LeftSlider,0.000000,0.000000,0.000000,0.000000,0.000000,0.000000,0.000000,0.000000,0.000000,0.000000,1328,0,0.000000,0,0,0,0,0,TaskSwitchPedal,,0
20261007T100007181Z_e407267f5160429bb1e8d9eb7b844d2c,,,1,180,2026-10-07T10:00:17.3288825Z,10.134675,7.369192,1334,0,0,OperatingSource,0,0,TaskSwitchDisplay,1,,Joystick,0.100000,0.000000,0.000000,0.000000,-1.000000,JoyStick1LeftSlider,0.000000,0.000000,0.000000,0.000000,0.000000,0.000000,0.000000,0.000000,0.000000,0.000000,1334,1,0.000000,0,0,0,0,0,TaskSwitchPedal,,0
20261007T100007181Z_e407267f5160429bb1e8d9eb7b844d2c,,,1,181,2026-10-07T10:00:17.3828569Z,10.187930,7.422408,1339,0,0,OperatingSource,0,0,TaskSwitchDisplay,1,,Joystick,0.100000,0.000000,0.000000,0.000000,-1.000000,JoyStick1LeftSlider,0.000000,0.000000,0.000000,0.000000,0.000000,0.000000,0.000000,0.000000,0.000000,0.000000,1339,1,0.000000,0,0,0,0,0,TaskSwitchPedal,,0
20261007T100007181Z_e407267f5160429bb1e8d9eb7b844d2c,,,1,182,2026-10-07T10:00:17.4385575Z,10.243818,7.478679,1344,0,0,OperatingSource,0,0,TaskSwitchDisplay,1,,Joystick,0.100000,0.000000,0.000000,0.000000,-1.000000,JoyStick1LeftSlider,0.000000,0.000000,0.000000,0.000000,0.000000,0.000000,0.000000,0.000000,0.000000,0.000000,1343,0,0.000000,0,0,0,0,0,TaskSwitchPedal,,0
20261007T100007181Z_e407267f5160429bb1e8d9eb7b844d2c,,,1,183,2026-10-07T10:00:17.4950915Z,10.301014,7.535785,1349,0,0,OperatingSource,0,0,TaskSwitchDisplay,1,,Joystick,0.100000,0.000000,0.000000,0.000000,-1.000000,JoyStick1LeftSlider,0.000000,0.000000,0.000000,0.000000,0.000000,0.000000,0.000000,0.000000,0.000000,0.000000,1348,0,0.000000,0,0,0,0,0,TaskSwitchPedal,,0
20261007T100007181Z_e407267f5160429bb1e8d9eb7b844d2c,,,1,184,2026-10-07T10:00:17.5474922Z,10.352966,7.587419,1354,0,0,OperatingSource,0,0,TaskSwitchDisplay,1,,Joystick,0.100000,0.000000,0.000000,0.000000,-1.000000,JoyStick1LeftSlider,0.000000,0.000000,0.000000,0.000000,0.000000,0.000000,0.000000,0.000000,0.000000,0.000000,1354,1,0.000000,0,0,0,0,0,TaskSwitchPedal,,0
20261007T100007181Z_e407267f5160429bb1e8d9eb7b844d2c,,,1,185,2026-10-07T10:00:17.5979466Z,10.403812,7.638821,1359,0,0,OperatingSource,0,0,TaskSwitchDisplay,1,,Joystick,0.100000,0.000000,0.000000,0.000000,-1.000000,JoyStick1LeftSlider,0.000000,0.000000,0.000000,0.000000,0.000000,0.000000,0.000000,0.000000,0.000000,0.000000,1357,0,0.000000,0,0,0,0,0,TaskSwitchPedal,,0
20261007T100007181Z_e407267f5160429bb1e8d9eb7b844d2c,,,1,186,2026-10-07T10:00:17.6505769Z,10.456331,7.691048,1364,0,0,OperatingSource,0,0,TaskSwitchDisplay,1,,Joystick,0.100000,0.000000,0.000000,0.000000,-1.000000,JoyStick1LeftSlider,0.000000,0.000000,0.000000,0.000000,0.000000,0.000000,0.000000,0.000000,0.000000,0.000000,1363,0,0.000000,0,0,0,0,0,TaskSwitchPedal,,0
20261007T100007181Z_e407267f5160429bb1e8d9eb7b844d2c,,,1,187,2026-10-07T10:00:17.7026200Z,10.508299,7.742788,1369,0,0,OperatingSource,0,0,TaskSwitchDisplay,1,,Joystick,0.100000,0.000000,0.000000,0.000000,-1.000000,JoyStick1LeftSlider,0.000000,0.000000,0.000000,0.000000,0.000000,0.000000,0.000000,0.000000,0.000000,0.000000,1369,1,0.000000,0,0,0,0,0,TaskSwitchPedal,,0
20261007T100007181Z_e407267f5160429bb1e8d9eb7b844d2c,,,1,188,2026-10-07T10:00:17.7567386Z,10.562264,7.797215,1374,0,0,OperatingSource,0,0,TaskSwitchDisplay,1,,Joystick,0.100000,0.000000,0.000000,0.000000,-1.000000,JoyStick1LeftSlider,0.000000,0.000000,0.000000,0.000000,0.000000,0.000000,0.000000,0.000000,0.000000,0.000000,1373,0,0.000000,0,0,0,0,0,TaskSwitchPedal,,0
20261007T100007181Z_e407267f5160429bb1e8d9eb7b844d2c,,,1,189,2026-10-07T10:00:17.8087493Z,10.614484,7.848411,1379,0,0,OperatingSource,0,0,TaskSwitchDisplay,1,,Joystick,0.100000,0.000000,0.000000,0.000000,-1.000000,JoyStick1LeftSlider,0.000000,0.000000,0.000000,0.000000,0.000000,0.000000,0.000000,0.000000,0.000000,0.000000,1379,1,0.000000,0,0,0,0,0,TaskSwitchPedal,,0
20261007T100007181Z_e407267f5160429bb1e8d9eb7b844d2c,,,1,190,2026-10-07T10:00:17.8709291Z,10.675869,7.910464,1384,0,0,OperatingSource,0,0,TaskSwitchDisplay,1,,Joystick,0.100000,0.000000,0.000000,0.000000,-1.000000,JoyStick1LeftSlider,0.000000,0.000000,0.000000,0.000000,0.000000,0.000000,0.000000,0.000000,0.000000,0.000000,1384,1,0.000000,0,0,0,0,0,TaskSwitchPedal,,0
20261007T100007181Z_e407267f5160429bb1e8d9eb7b844d2c,,,1,191,2026-10-07T10:00:17.9265017Z,10.732217,7.961978,1387,1,0,WaitingForPhaseBoundary,0,0,TaskSwitchDisplay,1,,Joystick,0.100000,0.000000,0.000000,0.000000,-1.000000,JoyStick1LeftSlider,0.000000,0.000000,0.000000,0.000000,0.000000,0.000000,0.000000,0.000000,0.000000,0.000000,1387,1,0.000000,0,0,0,0,0,TaskSwitchPedal,,0
20261007T100007181Z_e407267f5160429bb1e8d9eb7b844d2c,,,1,192,2026-10-07T10:00:17.9832996Z,10.788297,8.022733,1391,1,0,WaitingForPhaseBoundary,0,0,TaskSwitchDisplay,1,,Joystick,0.100000,0.000000,0.000000,0.000000,-1.000000,JoyStick1LeftSlider,0.000000,0.000000,0.000000,0.000000,0.000000,0.000000,0.000000,0.000000,0.000000,0.000000,1391,1,0.000000,0,0,0,0,0,TaskSwitchPedal,,0
20261007T100007181Z_e407267f5160429bb1e8d9eb7b844d2c,,,1,193,2026-10-07T10:00:18.0405193Z,10.845609,8.079897,1395,1,0,WaitingForPhaseBoundary,0,0,TaskSwitchDisplay,1,,Joystick,0.100000,0.000000,0.000000,0.000000,-1.000000,JoyStick1LeftSlider,0.000000,0.000000,0.000000,0.000000,0.000000,0.000000,0.000000,0.000000,0.000000,0.000000,1395,1,0.000000,0,0,0,0,0,TaskSwitchPedal,,0
20261007T100007181Z_e407267f5160429bb1e8d9eb7b844d2c,,,1,194,2026-10-07T10:00:18.1050423Z,10.910697,8.145313,1399,1,0,WaitingForPhaseBoundary,0,0,TaskSwitchDisplay,1,,Joystick,0.100000,0.000000,0.000000,0.000000,-1.000000,JoyStick1LeftSlider,0.000000,0.000000,0.000000,0.000000,0.000000,0.000000,0.000000,0.000000,0.000000,0.000000,1399,1,0.000000,0,0,0,0,0,TaskSwitchPedal,,0
20261007T100007181Z_e407267f5160429bb1e8d9eb7b844d2c,,,1,195,2026-10-07T10:00:18.1626056Z,10.967920,8.201808,1403,1,0,WaitingForPhaseBoundary,0,0,TaskSwitchDisplay,1,,Joystick,0.100000,0.000000,0.000000,0.000000,-1.000000,JoyStick1LeftSlider,0.000000,0.000000,0.000000,0.000000,0.000000,0.000000,0.000000,0.000000,0.000000,0.000000,1403,1,0.000000,0,0,0,0,0,TaskSwitchPedal,,0
20261007T100007181Z_e407267f5160429bb1e8d9eb7b844d2c,,,1,196,2026-10-07T10:00:18.2169838Z,11.022404,8.256937,1406,1,0,WaitingForPhaseBoundary,0,0,TaskSwitchDisplay,1,,Joystick,0.100000,0.000000,0.000000,0.000000,-1.000000,JoyStick1LeftSlider,0.000000,0.000000,0.000000,0.000000,0.000000,0.000000,0.000000,0.000000,0.000000,0.000000,1406,1,0.000000,0,0,0,0,0,TaskSwitchPedal,,0
20261007T100007181Z_e407267f5160429bb1e8d9eb7b844d2c,,,1,197,2026-10-07T10:00:18.2740758Z,11.079575,8.314184,1411,1,0,WaitingForPhaseBoundary,0,0,TaskSwitchDisplay,1,,Joystick,0.100000,0.000000,0.000000,0.000000,-1.000000,JoyStick1LeftSlider,0.000000,0.000000,0.000000,0.000000,0.000000,0.000000,0.000000,0.000000,0.000000,0.000000,1410,0,0.000000,0,0,0,0,0,TaskSwitchPedal,,0
20261007T100007181Z_e407267f5160429bb1e8d9eb7b844d2c,,,1,198,2026-10-07T10:00:18.3400123Z,11.145291,8.379637,1416,1,0,WaitingForPhaseBoundary,0,0,TaskSwitchDisplay,1,,Joystick,0.100000,0.000000,0.000000,0.000000,-1.000000,JoyStick1LeftSlider,0.000000,0.000000,0.000000,0.000000,0.000000,0.000000,0.000000,0.000000,0.000000,0.000000,1416,1,0.000000,0,0,0,0,0,TaskSwitchPedal,,0
20261007T100007181Z_e407267f5160429bb1e8d9eb7b844d2c,,,1,199,2026-10-07T10:00:18.3991658Z,11.205518,8.439954,1421,1,0,WaitingForPhaseBoundary,0,0,TaskSwitchDisplay,1,,Joystick,0.100000,0.000000,0.000000,0.000000,-1.000000,JoyStick1LeftSlider,0.000000,0.000000,0.000000,0.000000,0.000000,0.000000,0.000000,0.000000,0.000000,0.000000,1421,1,0.000000,0,0,0,0,0,TaskSwitchPedal,,0
20261007T100007181Z_e407267f5160429bb1e8d9eb7b844d2c,,,1,200,2026-10-07T10:00:18.4597548Z,11.265680,8.499634,1426,1,0,WaitingForPhaseBoundary,0,0,TaskSwitchDisplay,1,,Joystick,0.100000,0.000000,0.000000,0.000000,-1.000000,JoyStick1LeftSlider,0.000000,0.000000,0.000000,0.000000,0.000000,0.000000,0.000000,0.000000,0.000000,0.000000,1426,1,0.000000,0,0,0,0,0,TaskSwitchPedal,,0
20261007T100007181Z_e407267f5160429bb1e8d9eb7b844d2c,,,1,201,2026-10-07T10:00:18.5120763Z,11.317888,8.552859,1430,1,0,WaitingForPhaseBoundary,0,0,TaskSwitchDisplay,1,,Joystick,0.100000,0.000000,0.000000,0.000000,-1.000000,JoyStick1LeftSlider,0.000000,0.000000,0.000000,0.000000,0.000000,0.000000,0.000000,0.000000,0.000000,0.000000,1429,0,0.000000,0,0,0,0,0,TaskSwitchPedal,,0
20261007T100007181Z_e407267f5160429bb1e8d9eb7b844d2c,,,1,202,2026-10-07T10:00:18.5642482Z,11.369485,8.604104,1434,1,0,WaitingForPhaseBoundary,0,0,TaskSwitchDisplay,1,,Joystick,0.100000,0.000000,0.000000,0.000000,-1.000000,JoyStick1LeftSlider,0.000000,0.000000,0.000000,0.000000,0.000000,0.000000,0.000000,0.000000,0.000000,0.000000,1434,1,0.000000,0,0,0,0,0,TaskSwitchPedal,,0
20261007T100007181Z_e407267f5160429bb1e8d9eb7b844d2c,,,1,203,2026-10-07T10:00:18.6175477Z,11.423666,8.658787,1438,1,0,WaitingForPhaseBoundary,0,0,TaskSwitchDisplay,1,,Joystick,0.100000,0.000000,0.000000,0.000000,-1.000000,JoyStick1LeftSlider,0.000000,0.000000,0.000000,0.000000,0.000000,0.000000,0.000000,0.000000,0.000000,0.000000,1437,0,0.000000,0,0,0,0,0,TaskSwitchPedal,,0
20261007T100007181Z_e407267f5160429bb1e8d9eb7b844d2c,,,1,204,2026-10-07T10:00:18.6728202Z,11.478003,8.712755,1442,1,0,WaitingForPhaseBoundary,0,0,TaskSwitchDisplay,1,,Joystick,0.100000,0.000000,0.000000,0.000000,-1.000000,JoyStick1LeftSlider,0.000000,0.000000,0.000000,0.000000,0.000000,0.000000,0.000000,0.000000,0.000000,0.000000,1441,0,0.000000,0,0,0,0,0,TaskSwitchPedal,,0
20261007T100007181Z_e407267f5160429bb1e8d9eb7b844d2c,,,1,205,2026-10-07T10:00:18.7248308Z,11.530048,8.764100,1446,1,0,WaitingForPhaseBoundary,0,0,TaskSwitchDisplay,1,,Joystick,0.100000,0.000000,0.000000,0.000000,-1.000000,JoyStick1LeftSlider,0.000000,0.000000,0.000000,0.000000,0.000000,0.000000,0.000000,0.000000,0.000000,0.000000,1446,1,0.000000,0,0,0,0,0,TaskSwitchPedal,,0
20261007T100007181Z_e407267f5160429bb1e8d9eb7b844d2c,,,1,206,2026-10-07T10:00:18.7791965Z,11.584847,8.819422,1451,1,0,WaitingForPhaseBoundary,0,0,TaskSwitchDisplay,1,,Joystick,0.100000,0.000000,0.000000,0.000000,-1.000000,JoyStick1LeftSlider,0.000000,0.000000,0.000000,0.000000,0.000000,0.000000,0.000000,0.000000,0.000000,0.000000,1451,1,0.000000,0,0,0,0,0,TaskSwitchPedal,,0
20261007T100007181Z_e407267f5160429bb1e8d9eb7b844d2c,,,1,207,2026-10-07T10:00:18.8368100Z,11.641960,8.876497,1456,1,0,WaitingForPhaseBoundary,0,0,TaskSwitchDisplay,1,,Joystick,0.100000,0.000000,0.000000,0.000000,-1.000000,JoyStick1LeftSlider,0.000000,0.000000,0.000000,0.000000,0.000000,0.000000,0.000000,0.000000,0.000000,0.000000,1455,0,0.000000,0,0,0,0,0,TaskSwitchPedal,,0
20261007T100007181Z_e407267f5160429bb1e8d9eb7b844d2c,,,1,208,2026-10-07T10:00:18.8906783Z,11.695960,8.930505,1459,1,0,WaitingForPhaseBoundary,0,0,TaskSwitchDisplay,1,,Joystick,0.100000,0.000000,0.000000,0.000000,-1.000000,JoyStick1LeftSlider,0.000000,0.000000,0.000000,0.000000,0.000000,0.000000,0.000000,0.000000,0.000000,0.000000,1459,1,0.000000,0,0,0,0,0,TaskSwitchPedal,,0
20261007T100007181Z_e407267f5160429bb1e8d9eb7b844d2c,,,1,209,2026-10-07T10:00:18.9471474Z,11.752813,8.987396,1464,1,0,WaitingForPhaseBoundary,0,0,TaskSwitchDisplay,1,,Joystick,0.100000,0.000000,0.000000,0.000000,-1.000000,JoyStick1LeftSlider,0.000000,0.000000,0.000000,0.000000,0.000000,0.000000,0.000000,0.000000,0.000000,0.000000,1464,1,0.000000,0,0,0,0,0,TaskSwitchPedal,,0
20261007T100007181Z_e407267f5160429bb1e8d9eb7b844d2c,,,1,210,2026-10-07T10:00:19.0028030Z,11.808920,9.043441,1469,1,0,WaitingForPhaseBoundary,0,0,TaskSwitchDisplay,1,,Joystick,0.100000,0.000000,0.000000,0.000000,-1.000000,JoyStick1LeftSlider,0.000000,0.000000,0.000000,0.000000,0.000000,0.000000,0.000000,0.000000,0.000000,0.000000,1469,1,0.000000,0,0,0,0,0,TaskSwitchPedal,,0
20261007T100007181Z_e407267f5160429bb1e8d9eb7b844d2c,,,1,211,2026-10-07T10:00:19.0605127Z,11.865751,9.100329,1474,1,0,WaitingForPhaseBoundary,0,0,TaskSwitchDisplay,1,,Joystick,0.100000,0.000000,0.000000,0.000000,-1.000000,JoyStick1LeftSlider,0.000000,0.000000,0.000000,0.000000,0.000000,0.000000,0.000000,0.000000,0.000000,0.000000,1474,1,0.000000,0,0,0,0,0,TaskSwitchPedal,,0
20261007T100007181Z_e407267f5160429bb1e8d9eb7b844d2c,,,1,212,2026-10-07T10:00:19.1183100Z,11.923608,9.157932,1479,1,0,WaitingForPhaseBoundary,0,0,TaskSwitchDisplay,1,,Joystick,0.100000,0.000000,0.000000,0.000000,-1.000000,JoyStick1LeftSlider,0.000000,0.000000,0.000000,0.000000,0.000000,0.000000,0.000000,0.000000,0.000000,0.000000,1478,0,0.000000,0,0,0,0,0,TaskSwitchPedal,,0
20261007T100007181Z_e407267f5160429bb1e8d9eb7b844d2c,,,1,213,2026-10-07T10:00:19.1739259Z,11.979775,9.214697,1484,1,0,WaitingForPhaseBoundary,0,0,TaskSwitchDisplay,1,,Joystick,0.100000,0.000000,0.000000,0.000000,-1.000000,JoyStick1LeftSlider,0.000000,0.000000,0.000000,0.000000,0.000000,0.000000,0.000000,0.000000,0.000000,0.000000,1483,0,0.000000,0,0,0,0,0,TaskSwitchPedal,,0
20261007T100007181Z_e407267f5160429bb1e8d9eb7b844d2c,,,1,214,2026-10-07T10:00:19.2278634Z,12.033455,9.268008,1489,1,0,WaitingForPhaseBoundary,0,0,TaskSwitchDisplay,1,,Joystick,0.100000,0.000000,0.000000,0.000000,-1.000000,JoyStick1LeftSlider,0.000000,0.000000,0.000000,0.000000,0.000000,0.000000,0.000000,0.000000,0.000000,0.000000,1489,1,0.000000,0,0,0,0,0,TaskSwitchPedal,,0
20261007T100007181Z_e407267f5160429bb1e8d9eb7b844d2c,,,1,215,2026-10-07T10:00:19.2807439Z,12.086609,9.321197,1494,1,0,WaitingForPhaseBoundary,0,0,TaskSwitchDisplay,1,,Joystick,0.100000,0.000000,0.000000,0.000000,-1.000000,JoyStick1LeftSlider,0.000000,0.000000,0.000000,0.000000,0.000000,0.000000,0.000000,0.000000,0.000000,0.000000,1494,1,0.000000,0,0,0,0,0,TaskSwitchPedal,,0
20261007T100007181Z_e407267f5160429bb1e8d9eb7b844d2c,,,1,216,2026-10-07T10:00:19.3391068Z,12.144512,9.378972,1499,1,0,WaitingForPhaseBoundary,0,0,TaskSwitchDisplay,1,,Joystick,0.100000,0.000000,0.000000,0.000000,-1.000000,JoyStick1LeftSlider,0.000000,0.000000,0.000000,0.000000,0.000000,0.000000,0.000000,0.000000,0.000000,0.000000,1499,1,0.000000,0,0,0,0,0,TaskSwitchPedal,,0
20261007T100007181Z_e407267f5160429bb1e8d9eb7b844d2c,,,1,217,2026-10-07T10:00:19.3884113Z,12.194566,9.429063,1504,1,0,WaitingForPhaseBoundary,0,0,TaskSwitchDisplay,1,,Joystick,0.100000,0.000000,0.000000,0.000000,-1.000000,JoyStick1LeftSlider,0.000000,0.000000,0.000000,0.000000,0.000000,0.000000,0.000000,0.000000,0.000000,0.000000,1504,1,0.000000,0,0,0,0,0,TaskSwitchPedal,,0
20261007T100007181Z_e407267f5160429bb1e8d9eb7b844d2c,,,1,218,2026-10-07T10:00:19.4404553Z,12.245758,9.480170,1509,1,0,WaitingForPhaseBoundary,0,0,TaskSwitchDisplay,1,,Joystick,0.100000,0.000000,0.000000,0.000000,-1.000000,JoyStick1LeftSlider,0.000000,0.000000,0.000000,0.000000,0.000000,0.000000,0.000000,0.000000,0.000000,0.000000,1509,1,0.000000,0,0,0,0,0,TaskSwitchPedal,,0
20261007T100007181Z_e407267f5160429bb1e8d9eb7b844d2c,,,1,219,2026-10-07T10:00:19.4978017Z,12.303414,9.538199,1514,1,0,WaitingForPhaseBoundary,0,0,TaskSwitchDisplay,1,,Joystick,0.100000,0.000000,0.000000,0.000000,-1.000000,JoyStick1LeftSlider,0.000000,0.000000,0.000000,0.000000,0.000000,0.000000,0.000000,0.000000,0.000000,0.000000,1513,0,0.000000,0,0,0,0,0,TaskSwitchPedal,,0
20261007T100007181Z_e407267f5160429bb1e8d9eb7b844d2c,,,1,220,2026-10-07T10:00:19.5541226Z,12.360022,9.594253,1519,1,0,WaitingForPhaseBoundary,0,0,TaskSwitchDisplay,1,,Joystick,0.100000,0.000000,0.000000,0.000000,-1.000000,JoyStick1LeftSlider,0.000000,0.000000,0.000000,0.000000,0.000000,0.000000,0.000000,0.000000,0.000000,0.000000,1518,0,0.000000,0,0,0,0,0,TaskSwitchPedal,,0
20261007T100007181Z_e407267f5160429bb1e8d9eb7b844d2c,,,1,221,2026-10-07T10:00:19.6126019Z,12.417731,9.652707,1524,1,0,WaitingForPhaseBoundary,0,0,TaskSwitchDisplay,1,,Joystick,0.100000,0.000000,0.000000,0.000000,-1.000000,JoyStick1LeftSlider,0.000000,0.000000,0.000000,0.000000,0.000000,0.000000,0.000000,0.000000,0.000000,0.000000,1523,0,0.000000,0,0,0,0,0,TaskSwitchPedal,,0
20261007T100007181Z_e407267f5160429bb1e8d9eb7b844d2c,,,1,222,2026-10-07T10:00:19.6721528Z,12.477463,9.712379,1529,1,0,WaitingForPhaseBoundary,0,0,TaskSwitchDisplay,1,,Joystick,0.100000,0.000000,0.000000,0.000000,-1.000000,JoyStick1LeftSlider,0.000000,0.000000,0.000000,0.000000,0.000000,0.000000,0.000000,0.000000,0.000000,0.000000,1528,0,0.000000,0,0,0,0,0,TaskSwitchPedal,,0
20261007T100007181Z_e407267f5160429bb1e8d9eb7b844d2c,,,1,223,2026-10-07T10:00:19.7318838Z,12.537314,9.772169,1534,1,0,WaitingForPhaseBoundary,0,0,TaskSwitchDisplay,1,,Joystick,0.100000,0.000000,0.000000,0.000000,-1.000000,JoyStick1LeftSlider,0.000000,0.000000,0.000000,0.000000,0.000000,0.000000,0.000000,0.000000,0.000000,0.000000,1533,0,0.000000,0,0,0,0,0,TaskSwitchPedal,,0
20261007T100007181Z_e407267f5160429bb1e8d9eb7b844d2c,,,1,224,2026-10-07T10:00:19.7936144Z,12.599316,9.834184,1539,1,0,WaitingForPhaseBoundary,0,0,TaskSwitchDisplay,1,,Joystick,0.100000,0.000000,0.000000,0.000000,-1.000000,JoyStick1LeftSlider,0.000000,0.000000,0.000000,0.000000,0.000000,0.000000,0.000000,0.000000,0.000000,0.000000,1538,0,0.000000,0,0,0,0,0,TaskSwitchPedal,,0
20261007T100007181Z_e407267f5160429bb1e8d9eb7b844d2c,,,1,225,2026-10-07T10:00:19.8439901Z,12.649459,9.883915,1543,1,0,WaitingForPhaseBoundary,0,0,TaskSwitchDisplay,1,,Joystick,0.100000,0.000000,0.000000,0.000000,-1.000000,JoyStick1LeftSlider,0.000000,0.000000,0.000000,0.000000,0.000000,0.000000,0.000000,0.000000,0.000000,0.000000,1543,1,0.000000,0,0,0,0,0,TaskSwitchPedal,,0
20261007T100007181Z_e407267f5160429bb1e8d9eb7b844d2c,,,1,226,2026-10-07T10:00:19.9012214Z,12.706259,9.940783,1548,1,0,WaitingForPhaseBoundary,0,0,TaskSwitchDisplay,1,,Joystick,0.100000,0.000000,0.000000,0.000000,-1.000000,JoyStick1LeftSlider,0.000000,0.000000,0.000000,0.000000,0.000000,0.000000,0.000000,0.000000,0.000000,0.000000,1548,1,0.000000,0,0,0,0,0,TaskSwitchPedal,,0
20261007T100007181Z_e407267f5160429bb1e8d9eb7b844d2c,,,1,227,2026-10-07T10:00:19.9520253Z,12.757719,9.992413,1553,1,0,WaitingForPhaseBoundary,0,0,TaskSwitchDisplay,1,,Joystick,0.100000,0.000000,0.000000,0.000000,-1.000000,JoyStick1LeftSlider,0.000000,0.000000,0.000000,0.000000,0.000000,0.000000,0.000000,0.000000,0.000000,0.000000,1552,0,0.000000,0,0,0,0,0,TaskSwitchPedal,,0
20261007T100007181Z_e407267f5160429bb1e8d9eb7b844d2c,,,1,228,2026-10-07T10:00:20.0048657Z,12.810841,10.045152,1558,1,0,WaitingForPhaseBoundary,0,0,TaskSwitchDisplay,1,,Joystick,0.100000,0.000000,0.000000,0.000000,-1.000000,JoyStick1LeftSlider,0.000000,0.000000,0.000000,0.000000,0.000000,0.000000,0.000000,0.000000,0.000000,0.000000,1558,1,0.000000,0,0,0,0,0,TaskSwitchPedal,,0
20261007T100007181Z_e407267f5160429bb1e8d9eb7b844d2c,,,1,229,2026-10-07T10:00:20.0647102Z,12.870956,10.104427,1563,1,0,WaitingForPhaseBoundary,0,0,TaskSwitchDisplay,1,,Joystick,0.100000,0.000000,0.000000,0.000000,-1.000000,JoyStick1LeftSlider,0.000000,0.000000,0.000000,0.000000,0.000000,0.000000,0.000000,0.000000,0.000000,0.000000,1563,1,0.000000,0,0,0,0,0,TaskSwitchPedal,,0
20261007T100007181Z_e407267f5160429bb1e8d9eb7b844d2c,,,1,230,2026-10-07T10:00:20.1225697Z,12.927801,10.162288,1568,1,0,WaitingForPhaseBoundary,0,0,TaskSwitchDisplay,1,,Joystick,0.100000,0.000000,0.000000,0.000000,-1.000000,JoyStick1LeftSlider,0.000000,0.000000,0.000000,0.000000,0.000000,0.000000,0.000000,0.000000,0.000000,0.000000,1568,1,0.000000,0,0,0,0,0,TaskSwitchPedal,,0
20261007T100007181Z_e407267f5160429bb1e8d9eb7b844d2c,,,1,231,2026-10-07T10:00:20.1755748Z,12.980791,10.215569,1573,1,0,WaitingForPhaseBoundary,0,0,TaskSwitchDisplay,1,,Joystick,0.100000,0.000000,0.000000,0.000000,-1.000000,JoyStick1LeftSlider,0.000000,0.000000,0.000000,0.000000,0.000000,0.000000,0.000000,0.000000,0.000000,0.000000,1572,0,0.000000,0,0,0,0,0,TaskSwitchPedal,,0
20261007T100007181Z_e407267f5160429bb1e8d9eb7b844d2c,,,1,232,2026-10-07T10:00:20.2283094Z,13.034057,10.268505,1578,1,0,WaitingForPhaseBoundary,0,0,TaskSwitchDisplay,1,,Joystick,0.100000,0.000000,0.000000,0.000000,-1.000000,JoyStick1LeftSlider,0.000000,0.000000,0.000000,0.000000,0.000000,0.000000,0.000000,0.000000,0.000000,0.000000,1578,1,0.000000,0,0,0,0,0,TaskSwitchPedal,,0
20261007T100007181Z_e407267f5160429bb1e8d9eb7b844d2c,,,1,233,2026-10-07T10:00:20.2824434Z,13.087544,10.322108,1583,1,0,WaitingForPhaseBoundary,0,0,TaskSwitchDisplay,1,,Joystick,0.100000,0.000000,0.000000,0.000000,-1.000000,JoyStick1LeftSlider,0.000000,0.000000,0.000000,0.000000,0.000000,0.000000,0.000000,0.000000,0.000000,0.000000,1583,1,0.000000,0,0,0,0,0,TaskSwitchPedal,,0
20261007T100007181Z_e407267f5160429bb1e8d9eb7b844d2c,,,1,234,2026-10-07T10:00:20.3380032Z,13.143171,10.377920,1588,1,0,WaitingForPhaseBoundary,0,0,TaskSwitchDisplay,1,,Joystick,0.100000,0.000000,0.000000,0.000000,-1.000000,JoyStick1LeftSlider,0.000000,0.000000,0.000000,0.000000,0.000000,0.000000,0.000000,0.000000,0.000000,0.000000,1587,0,0.000000,0,0,0,0,0,TaskSwitchPedal,,0
20261007T100007181Z_e407267f5160429bb1e8d9eb7b844d2c,,,1,235,2026-10-07T10:00:20.3893597Z,13.195521,10.429742,1593,1,0,WaitingForPhaseBoundary,0,0,TaskSwitchDisplay,1,,Joystick,0.100000,0.000000,0.000000,0.000000,-1.000000,JoyStick1LeftSlider,0.000000,0.000000,0.000000,0.000000,0.000000,0.000000,0.000000,0.000000,0.000000,0.000000,1593,1,0.000000,0,0,0,0,0,TaskSwitchPedal,,0
20261007T100007181Z_e407267f5160429bb1e8d9eb7b844d2c,,,1,236,2026-10-07T10:00:20.4448377Z,13.250007,10.484291,1598,1,0,WaitingForPhaseBoundary,0,0,TaskSwitchDisplay,1,,Joystick,0.100000,0.000000,0.000000,0.000000,-1.000000,JoyStick1LeftSlider,0.000000,0.000000,0.000000,0.000000,0.000000,0.000000,0.000000,0.000000,0.000000,0.000000,1598,1,0.000000,0,0,0,0,0,TaskSwitchPedal,,0
20261007T100007181Z_e407267f5160429bb1e8d9eb7b844d2c,,,1,237,2026-10-07T10:00:20.4984906Z,13.303500,10.538485,1603,1,0,WaitingForPhaseBoundary,0,0,TaskSwitchDisplay,1,,Joystick,0.100000,0.000000,0.000000,0.000000,-1.000000,JoyStick1LeftSlider,0.000000,0.000000,0.000000,0.000000,0.000000,0.000000,0.000000,0.000000,0.000000,0.000000,1602,0,0.000000,0,0,0,0,0,TaskSwitchPedal,,0
20261007T100007181Z_e407267f5160429bb1e8d9eb7b844d2c,,,1,238,2026-10-07T10:00:20.5520309Z,13.357099,10.591730,1608,1,0,WaitingForPhaseBoundary,0,0,TaskSwitchDisplay,1,,Joystick,0.100000,0.000000,0.000000,0.000000,-1.000000,JoyStick1LeftSlider,0.000000,0.000000,0.000000,0.000000,0.000000,0.000000,0.000000,0.000000,0.000000,0.000000,1607,0,0.000000,0,0,0,0,0,TaskSwitchPedal,,0
20261007T100007181Z_e407267f5160429bb1e8d9eb7b844d2c,,,1,239,2026-10-07T10:00:20.6048741Z,13.410118,10.644651,1613,1,0,WaitingForPhaseBoundary,0,0,TaskSwitchDisplay,1,,Joystick,0.100000,0.000000,0.000000,0.000000,-1.000000,JoyStick1LeftSlider,0.000000,0.000000,0.000000,0.000000,0.000000,0.000000,0.000000,0.000000,0.000000,0.000000,1613,1,0.000000,0,0,0,0,0,TaskSwitchPedal,,0
20261007T100007181Z_e407267f5160429bb1e8d9eb7b844d2c,,,1,240,2026-10-07T10:00:20.6638721Z,13.469578,10.704152,1619,1,0,WaitingForPhaseBoundary,0,0,TaskSwitchDisplay,1,,Joystick,0.100000,0.000000,0.000000,0.000000,-1.000000,JoyStick1LeftSlider,0.000000,0.000000,0.000000,0.000000,0.000000,0.000000,0.000000,0.000000,0.000000,0.000000,1619,1,0.000000,0,0,0,0,0,TaskSwitchPedal,,0
20261007T100007181Z_e407267f5160429bb1e8d9eb7b844d2c,,,1,241,2026-10-07T10:00:20.7212563Z,13.526528,10.760926,1624,1,0,WaitingForPhaseBoundary,0,0,TaskSwitchDisplay,1,,Joystick,0.100000,0.000000,0.000000,0.000000,-1.000000,JoyStick1LeftSlider,0.000000,0.000000,0.000000,0.000000,0.000000,0.000000,0.000000,0.000000,0.000000,0.000000,1624,1,0.000000,0,0,0,0,0,TaskSwitchPedal,,0
20261007T100007181Z_e407267f5160429bb1e8d9eb7b844d2c,,,1,242,2026-10-07T10:00:20.7778859Z,13.583002,10.818065,1629,1,0,WaitingForPhaseBoundary,0,0,TaskSwitchDisplay,1,,Joystick,0.100000,0.000000,0.000000,0.000000,-1.000000,JoyStick1LeftSlider,0.000000,0.000000,0.000000,0.000000,0.000000,0.000000,0.000000,0.000000,0.000000,0.000000,1628,0,0.000000,0,0,0,0,0,TaskSwitchPedal,,0
20261007T100007181Z_e407267f5160429bb1e8d9eb7b844d2c,,,1,243,2026-10-07T10:00:20.8339034Z,13.639605,10.874319,1634,1,0,WaitingForPhaseBoundary,0,0,TaskSwitchDisplay,1,,Joystick,0.100000,0.000000,0.000000,0.000000,-1.000000,JoyStick1LeftSlider,0.000000,0.000000,0.000000,0.000000,0.000000,0.000000,0.000000,0.000000,0.000000,0.000000,1633,0,0.000000,0,0,0,0,0,TaskSwitchPedal,,0
20261007T100007181Z_e407267f5160429bb1e8d9eb7b844d2c,,,1,244,2026-10-07T10:00:20.8865582Z,13.692012,10.926358,1638,1,0,WaitingForPhaseBoundary,0,0,TaskSwitchDisplay,1,,Joystick,0.100000,0.000000,0.000000,0.000000,-1.000000,JoyStick1LeftSlider,0.000000,0.000000,0.000000,0.000000,0.000000,0.000000,0.000000,0.000000,0.000000,0.000000,1638,1,0.000000,0,0,0,0,0,TaskSwitchPedal,,0
20261007T100007181Z_e407267f5160429bb1e8d9eb7b844d2c,,,1,245,2026-10-07T10:00:20.9449110Z,13.750336,10.984783,1643,1,0,WaitingForPhaseBoundary,0,0,TaskSwitchDisplay,1,,Joystick,0.100000,0.000000,0.000000,0.000000,-1.000000,JoyStick1LeftSlider,0.000000,0.000000,0.000000,0.000000,0.000000,0.000000,0.000000,0.000000,0.000000,0.000000,1643,1,0.000000,0,0,0,0,0,TaskSwitchPedal,,0
20261007T100007181Z_e407267f5160429bb1e8d9eb7b844d2c,,,1,246,2026-10-07T10:00:21.0044185Z,13.809898,11.043633,1648,1,0,WaitingForPhaseBoundary,0,0,TaskSwitchDisplay,1,,Joystick,0.100000,0.000000,0.000000,0.000000,-1.000000,JoyStick1LeftSlider,0.000000,0.000000,0.000000,0.000000,0.000000,0.000000,0.000000,0.000000,0.000000,0.000000,1648,1,0.000000,0,0,0,0,0,TaskSwitchPedal,,0
20261007T100007181Z_e407267f5160429bb1e8d9eb7b844d2c,,,1,247,2026-10-07T10:00:21.0610965Z,13.866324,11.100863,1653,1,0,WaitingForPhaseBoundary,0,0,TaskSwitchDisplay,1,,Joystick,0.100000,0.000000,0.000000,0.000000,-1.000000,JoyStick1LeftSlider,0.000000,0.000000,0.000000,0.000000,0.000000,0.000000,0.000000,0.000000,0.000000,0.000000,1653,1,0.000000,0,0,0,0,0,TaskSwitchPedal,,0
20261007T100007181Z_e407267f5160429bb1e8d9eb7b844d2c,,,1,248,2026-10-07T10:00:21.1143068Z,13.919480,11.154186,1658,1,0,WaitingForPhaseBoundary,0,0,TaskSwitchDisplay,1,,Joystick,0.100000,0.000000,0.000000,0.000000,-1.000000,JoyStick1LeftSlider,0.000000,0.000000,0.000000,0.000000,0.000000,0.000000,0.000000,0.000000,0.000000,0.000000,1657,0,0.000000,0,0,0,0,0,TaskSwitchPedal,,0
20261007T100007181Z_e407267f5160429bb1e8d9eb7b844d2c,,,1,249,2026-10-07T10:00:21.1674668Z,13.973456,11.207467,1663,1,0,WaitingForPhaseBoundary,0,0,TaskSwitchDisplay,1,,Joystick,0.100000,0.000000,0.000000,0.000000,-1.000000,JoyStick1LeftSlider,0.000000,0.000000,0.000000,0.000000,0.000000,0.000000,0.000000,0.000000,0.000000,0.000000,1663,1,0.000000,0,0,0,0,0,TaskSwitchPedal,,0
20261007T100007181Z_e407267f5160429bb1e8d9eb7b844d2c,,,1,250,2026-10-07T10:00:21.2242752Z,14.029583,11.263550,1667,1,0,WaitingForPhaseBoundary,0,0,TaskSwitchDisplay,1,,Joystick,0.100000,0.000000,0.000000,0.000000,-1.000000,JoyStick1LeftSlider,0.000000,0.000000,0.000000,0.000000,0.000000,0.000000,0.000000,0.000000,0.000000,0.000000,1667,1,0.000000,0,0,0,0,0,TaskSwitchPedal,,0
20261007T100007181Z_e407267f5160429bb1e8d9eb7b844d2c,,,1,251,2026-10-07T10:00:21.2761299Z,14.082370,11.317430,1672,1,0,WaitingForPhaseBoundary,0,0,TaskSwitchDisplay,1,,Joystick,0.100000,0.000000,0.000000,0.000000,-1.000000,JoyStick1LeftSlider,0.000000,0.000000,0.000000,0.000000,0.000000,0.000000,0.000000,0.000000,0.000000,0.000000,1671,0,0.000000,0,0,0,0,0,TaskSwitchPedal,,0
20261007T100007181Z_e407267f5160429bb1e8d9eb7b844d2c,,,1,252,2026-10-07T10:00:21.3306477Z,14.136555,11.371357,1677,1,0,WaitingForPhaseBoundary,0,0,TaskSwitchDisplay,1,,Joystick,0.100000,0.000000,0.000000,0.000000,-1.000000,JoyStick1LeftSlider,0.000000,0.000000,0.000000,0.000000,0.000000,0.000000,0.000000,0.000000,0.000000,0.000000,1676,0,0.000000,0,0,0,0,0,TaskSwitchPedal,,0
20261007T100007181Z_e407267f5160429bb1e8d9eb7b844d2c,,,1,253,2026-10-07T10:00:21.3845212Z,14.190445,11.424855,1682,1,0,WaitingForPhaseBoundary,0,0,TaskSwitchDisplay,1,,Joystick,0.100000,0.000000,0.000000,0.000000,-1.000000,JoyStick1LeftSlider,0.000000,0.000000,0.000000,0.000000,0.000000,0.000000,0.000000,0.000000,0.000000,0.000000,1682,1,0.000000,0,0,0,0,0,TaskSwitchPedal,,0
20261007T100007181Z_e407267f5160429bb1e8d9eb7b844d2c,,,1,254,2026-10-07T10:00:21.4378617Z,14.243173,11.478269,1687,1,0,WaitingForPhaseBoundary,0,0,TaskSwitchDisplay,1,,Joystick,0.100000,0.000000,0.000000,0.000000,-1.000000,JoyStick1LeftSlider,0.000000,0.000000,0.000000,0.000000,0.000000,0.000000,0.000000,0.000000,0.000000,0.000000,1686,0,0.000000,0,0,0,0,0,TaskSwitchPedal,,0
20261007T100007181Z_e407267f5160429bb1e8d9eb7b844d2c,,,1,255,2026-10-07T10:00:21.4886397Z,14.293764,11.527644,1692,1,0,WaitingForPhaseBoundary,0,0,TaskSwitchDisplay,1,,Joystick,0.100000,0.000000,0.000000,0.000000,-1.000000,JoyStick1LeftSlider,0.000000,0.000000,0.000000,0.000000,0.000000,0.000000,0.000000,0.000000,0.000000,0.000000,1692,1,0.000000,0,0,0,0,0,TaskSwitchPedal,,0
20261007T100007181Z_e407267f5160429bb1e8d9eb7b844d2c,,,1,256,2026-10-07T10:00:21.5413906Z,14.346829,11.581205,1697,1,0,WaitingForPhaseBoundary,0,0,TaskSwitchDisplay,1,,Joystick,0.100000,0.000000,0.000000,0.000000,-1.000000,JoyStick1LeftSlider,0.000000,0.000000,0.000000,0.000000,0.000000,0.000000,0.000000,0.000000,0.000000,0.000000,1697,1,0.000000,0,0,0,0,0,TaskSwitchPedal,,0
20261007T100007181Z_e407267f5160429bb1e8d9eb7b844d2c,,,1,257,2026-10-07T10:00:21.5945256Z,14.399914,11.634756,1702,1,0,WaitingForPhaseBoundary,0,0,TaskSwitchDisplay,1,,Joystick,0.100000,0.000000,0.000000,0.000000,-1.000000,JoyStick1LeftSlider,0.000000,0.000000,0.000000,0.000000,0.000000,0.000000,0.000000,0.000000,0.000000,0.000000,1701,0,0.000000,0,0,0,0,0,TaskSwitchPedal,,0
20261007T100007181Z_e407267f5160429bb1e8d9eb7b844d2c,,,1,258,2026-10-07T10:00:21.6463667Z,14.452010,11.686602,1707,1,0,WaitingForPhaseBoundary,0,0,TaskSwitchDisplay,1,,Joystick,0.100000,0.000000,0.000000,0.000000,-1.000000,JoyStick1LeftSlider,0.000000,0.000000,0.000000,0.000000,0.000000,0.000000,0.000000,0.000000,0.000000,0.000000,1707,1,0.000000,0,0,0,0,0,TaskSwitchPedal,,0
20261007T100007181Z_e407267f5160429bb1e8d9eb7b844d2c,,,1,259,2026-10-07T10:00:21.6990371Z,14.505539,11.739652,1712,1,0,WaitingForPhaseBoundary,0,0,TaskSwitchDisplay,1,,Joystick,0.100000,0.000000,0.000000,0.000000,-1.000000,JoyStick1LeftSlider,0.000000,0.000000,0.000000,0.000000,0.000000,0.000000,0.000000,0.000000,0.000000,0.000000,1712,1,0.000000,0,0,0,0,0,TaskSwitchPedal,,0
20261007T100007181Z_e407267f5160429bb1e8d9eb7b844d2c,,,1,260,2026-10-07T10:00:21.7529060Z,14.558086,11.792586,1717,1,0,WaitingForPhaseBoundary,0,0,TaskSwitchDisplay,1,,Joystick,0.100000,0.000000,0.000000,0.000000,-1.000000,JoyStick1LeftSlider,0.000000,0.000000,0.000000,0.000000,0.000000,0.000000,0.000000,0.000000,0.000000,0.000000,1716,0,0.000000,0,0,0,0,0,TaskSwitchPedal,,0
20261007T100007181Z_e407267f5160429bb1e8d9eb7b844d2c,,,1,261,2026-10-07T10:00:21.8127435Z,14.618176,11.852952,1723,1,0,WaitingForPhaseBoundary,0,0,TaskSwitchDisplay,1,,Joystick,0.100000,0.000000,0.000000,0.000000,-1.000000,JoyStick1LeftSlider,0.000000,0.000000,0.000000,0.000000,0.000000,0.000000,0.000000,0.000000,0.000000,0.000000,1722,0,0.000000,0,0,0,0,0,TaskSwitchPedal,,0
20261007T100007181Z_e407267f5160429bb1e8d9eb7b844d2c,,,1,262,2026-10-07T10:00:21.8650571Z,14.670228,11.904698,1728,1,0,WaitingForPhaseBoundary,0,0,TaskSwitchDisplay,1,,Joystick,0.100000,0.000000,0.000000,0.000000,-1.000000,JoyStick1LeftSlider,0.000000,0.000000,0.000000,0.000000,0.000000,0.000000,0.000000,0.000000,0.000000,0.000000,1728,1,0.000000,0,0,0,0,0,TaskSwitchPedal,,0
20261007T100007181Z_e407267f5160429bb1e8d9eb7b844d2c,,,1,263,2026-10-07T10:00:21.9164668Z,14.722204,11.957408,1733,1,0,WaitingForPhaseBoundary,0,0,TaskSwitchDisplay,1,,Joystick,0.100000,0.000000,0.000000,0.000000,-1.000000,JoyStick1LeftSlider,0.000000,0.000000,0.000000,0.000000,0.000000,0.000000,0.000000,0.000000,0.000000,0.000000,1732,0,0.000000,0,0,0,0,0,TaskSwitchPedal,,0
20261007T100007181Z_e407267f5160429bb1e8d9eb7b844d2c,,,1,264,2026-10-07T10:00:21.9709658Z,14.776006,12.010932,1738,1,0,WaitingForPhaseBoundary,0,0,TaskSwitchDisplay,1,,Joystick,0.100000,0.000000,0.000000,0.000000,-1.000000,JoyStick1LeftSlider,0.000000,0.000000,0.000000,0.000000,0.000000,0.000000,0.000000,0.000000,0.000000,0.000000,1737,0,0.000000,0,0,0,0,0,TaskSwitchPedal,,0
20261007T100007181Z_e407267f5160429bb1e8d9eb7b844d2c,,,1,265,2026-10-07T10:00:22.0254585Z,14.830825,12.065436,1743,1,0,WaitingForPhaseBoundary,0,0,TaskSwitchDisplay,1,,Joystick,0.100000,0.000000,0.000000,0.000000,-1.000000,JoyStick1LeftSlider,0.000000,0.000000,0.000000,0.000000,0.000000,0.000000,0.000000,0.000000,0.000000,0.000000,1743,1,0.000000,0,0,0,0,0,TaskSwitchPedal,,0
20261007T100007181Z_e407267f5160429bb1e8d9eb7b844d2c,,,1,266,2026-10-07T10:00:22.0832425Z,14.888989,12.123427,1748,1,0,WaitingForPhaseBoundary,0,0,TaskSwitchDisplay,1,,Joystick,0.100000,0.000000,0.000000,0.000000,-1.000000,JoyStick1LeftSlider,0.000000,0.000000,0.000000,0.000000,0.000000,0.000000,0.000000,0.000000,0.000000,0.000000,1748,1,0.000000,0,0,0,0,0,TaskSwitchPedal,,0
20261007T100007181Z_e407267f5160429bb1e8d9eb7b844d2c,,,1,267,2026-10-07T10:00:22.1344326Z,14.939611,12.174449,1752,1,0,WaitingForPhaseBoundary,0,0,TaskSwitchDisplay,1,,Joystick,0.100000,0.000000,0.000000,0.000000,-1.000000,JoyStick1LeftSlider,0.000000,0.000000,0.000000,0.000000,0.000000,0.000000,0.000000,0.000000,0.000000,0.000000,1751,0,0.000000,0,0,0,0,0,TaskSwitchPedal,,0
20261007T100007181Z_e407267f5160429bb1e8d9eb7b844d2c,,,1,268,2026-10-07T10:00:22.1843238Z,14.990350,12.224147,1756,1,0,WaitingForPhaseBoundary,0,0,TaskSwitchDisplay,1,,Joystick,0.100000,0.000000,0.000000,0.000000,-1.000000,JoyStick1LeftSlider,0.000000,0.000000,0.000000,0.000000,0.000000,0.000000,0.000000,0.000000,0.000000,0.000000,1756,1,0.000000,0,0,0,0,0,TaskSwitchPedal,,0
20261007T100007181Z_e407267f5160429bb1e8d9eb7b844d2c,,,1,269,2026-10-07T10:00:22.2365983Z,15.042015,12.276850,1760,1,0,WaitingForPhaseBoundary,0,0,TaskSwitchDisplay,1,,Joystick,0.100000,0.000000,0.000000,0.000000,-1.000000,JoyStick1LeftSlider,0.000000,0.000000,0.000000,0.000000,0.000000,0.000000,0.000000,0.000000,0.000000,0.000000,1759,0,0.000000,0,0,0,0,0,TaskSwitchPedal,,0
20261007T100007181Z_e407267f5160429bb1e8d9eb7b844d2c,,,1,270,2026-10-07T10:00:22.2891917Z,15.095650,12.329501,1764,1,0,WaitingForPhaseBoundary,0,0,TaskSwitchDisplay,1,,Joystick,0.100000,0.000000,0.000000,0.000000,-1.000000,JoyStick1LeftSlider,0.000000,0.000000,0.000000,0.000000,0.000000,0.000000,0.000000,0.000000,0.000000,0.000000,1764,1,0.000000,0,0,0,0,0,TaskSwitchPedal,,0
20261007T100007181Z_e407267f5160429bb1e8d9eb7b844d2c,,,1,271,2026-10-07T10:00:22.3462629Z,15.152010,12.386506,1769,1,0,WaitingForPhaseBoundary,0,0,TaskSwitchDisplay,1,,Joystick,0.100000,0.000000,0.000000,0.000000,-1.000000,JoyStick1LeftSlider,0.000000,0.000000,0.000000,0.000000,0.000000,0.000000,0.000000,0.000000,0.000000,0.000000,1769,1,0.000000,0,0,0,0,0,TaskSwitchPedal,,0
20261007T100007181Z_e407267f5160429bb1e8d9eb7b844d2c,,,1,272,2026-10-07T10:00:22.4056231Z,15.211292,12.444263,1774,1,0,WaitingForPhaseBoundary,0,0,TaskSwitchDisplay,1,,Joystick,0.100000,0.000000,0.000000,0.000000,-1.000000,JoyStick1LeftSlider,0.000000,0.000000,0.000000,0.000000,0.000000,0.000000,0.000000,0.000000,0.000000,0.000000,1774,1,0.000000,0,0,0,0,0,TaskSwitchPedal,,0
20261007T100007181Z_e407267f5160429bb1e8d9eb7b844d2c,,,1,273,2026-10-07T10:00:22.4619233Z,15.267761,12.502282,1779,1,0,WaitingForPhaseBoundary,0,0,TaskSwitchDisplay,1,,Joystick,0.100000,0.000000,0.000000,0.000000,-1.000000,JoyStick1LeftSlider,0.000000,0.000000,0.000000,0.000000,0.000000,0.000000,0.000000,0.000000,0.000000,0.000000,1779,1,0.000000,0,0,0,0,0,TaskSwitchPedal,,0
20261007T100007181Z_e407267f5160429bb1e8d9eb7b844d2c,,,1,274,2026-10-07T10:00:22.5134336Z,15.319494,12.554006,1784,1,0,WaitingForPhaseBoundary,0,0,TaskSwitchDisplay,1,,Joystick,0.100000,0.000000,0.000000,0.000000,-1.000000,JoyStick1LeftSlider,0.000000,0.000000,0.000000,0.000000,0.000000,0.000000,0.000000,0.000000,0.000000,0.000000,1783,0,0.000000,0,0,0,0,0,TaskSwitchPedal,,0
20261007T100007181Z_e407267f5160429bb1e8d9eb7b844d2c,,,1,275,2026-10-07T10:00:22.5658203Z,15.371824,12.605988,1789,1,0,WaitingForPhaseBoundary,0,0,TaskSwitchDisplay,1,,Joystick,0.100000,0.000000,0.000000,0.000000,-1.000000,JoyStick1LeftSlider,0.000000,0.000000,0.000000,0.000000,0.000000,0.000000,0.000000,0.000000,0.000000,0.000000,1789,1,0.000000,0,0,0,0,0,TaskSwitchPedal,,0
20261007T100007181Z_e407267f5160429bb1e8d9eb7b844d2c,,,1,276,2026-10-07T10:00:22.6197059Z,15.425575,12.660003,1794,1,0,WaitingForPhaseBoundary,0,0,TaskSwitchDisplay,1,,Joystick,0.100000,0.000000,0.000000,0.000000,-1.000000,JoyStick1LeftSlider,0.000000,0.000000,0.000000,0.000000,0.000000,0.000000,0.000000,0.000000,0.000000,0.000000,1794,1,0.000000,0,0,0,0,0,TaskSwitchPedal,,0
20261007T100007181Z_e407267f5160429bb1e8d9eb7b844d2c,,,1,277,2026-10-07T10:00:22.6748735Z,15.480447,12.715358,1799,1,0,WaitingForPhaseBoundary,0,0,TaskSwitchDisplay,1,,Joystick,0.100000,0.000000,0.000000,0.000000,-1.000000,JoyStick1LeftSlider,0.000000,0.000000,0.000000,0.000000,0.000000,0.000000,0.000000,0.000000,0.000000,0.000000,1798,0,0.000000,0,0,0,0,0,TaskSwitchPedal,,0
20261007T100007181Z_e407267f5160429bb1e8d9eb7b844d2c,,,1,278,2026-10-07T10:00:22.7284502Z,15.533631,12.767894,1804,1,0,WaitingForPhaseBoundary,0,0,TaskSwitchDisplay,1,,Joystick,0.100000,0.000000,0.000000,0.000000,-1.000000,JoyStick1LeftSlider,0.000000,0.000000,0.000000,0.000000,0.000000,0.000000,0.000000,0.000000,0.000000,0.000000,1804,1,0.000000,0,0,0,0,0,TaskSwitchPedal,,0
20261007T100007181Z_e407267f5160429bb1e8d9eb7b844d2c,,,1,279,2026-10-07T10:00:22.7816158Z,15.587560,12.821899,1809,1,0,WaitingForPhaseBoundary,0,0,TaskSwitchDisplay,1,,Joystick,0.100000,0.000000,0.000000,0.000000,-1.000000,JoyStick1LeftSlider,0.000000,0.000000,0.000000,0.000000,0.000000,0.000000,0.000000,0.000000,0.000000,0.000000,1809,1,0.000000,0,0,0,0,0,TaskSwitchPedal,,0
20261007T100007181Z_e407267f5160429bb1e8d9eb7b844d2c,,,1,280,2026-10-07T10:00:22.8401883Z,15.645483,12.879895,1814,1,0,WaitingForPhaseBoundary,0,0,TaskSwitchDisplay,1,,Joystick,0.100000,0.000000,0.000000,0.000000,-1.000000,JoyStick1LeftSlider,0.000000,0.000000,0.000000,0.000000,0.000000,0.000000,0.000000,0.000000,0.000000,0.000000,1814,1,0.000000,0,0,0,0,0,TaskSwitchPedal,,0
20261007T100007181Z_e407267f5160429bb1e8d9eb7b844d2c,,,1,281,2026-10-07T10:00:22.8954523Z,15.701334,12.936369,1819,1,0,WaitingForPhaseBoundary,0,0,TaskSwitchDisplay,1,,Joystick,0.100000,0.000000,0.000000,0.000000,-1.000000,JoyStick1LeftSlider,0.000000,0.000000,0.000000,0.000000,0.000000,0.000000,0.000000,0.000000,0.000000,0.000000,1818,0,0.000000,0,0,0,0,0,TaskSwitchPedal,,0
20261007T100007181Z_e407267f5160429bb1e8d9eb7b844d2c,,,1,282,2026-10-07T10:00:22.9520191Z,15.757409,12.992076,1824,1,0,WaitingForPhaseBoundary,0,0,TaskSwitchDisplay,1,,Joystick,0.100000,0.000000,0.000000,0.000000,-1.000000,JoyStick1LeftSlider,0.000000,0.000000,0.000000,0.000000,0.000000,0.000000,0.000000,0.000000,0.000000,0.000000,1823,0,0.000000,0,0,0,0,0,TaskSwitchPedal,,0
20261007T100007181Z_e407267f5160429bb1e8d9eb7b844d2c,,,1,283,2026-10-07T10:00:23.0068350Z,15.812142,13.046635,1829,1,0,WaitingForPhaseBoundary,0,0,TaskSwitchDisplay,1,,Joystick,0.100000,0.000000,0.000000,0.000000,-1.000000,JoyStick1LeftSlider,0.000000,0.000000,0.000000,0.000000,0.000000,0.000000,0.000000,0.000000,0.000000,0.000000,1829,1,0.000000,0,0,0,0,0,TaskSwitchPedal,,0
20261007T100007181Z_e407267f5160429bb1e8d9eb7b844d2c,,,1,284,2026-10-07T10:00:23.0606690Z,15.865772,13.099839,1834,1,0,WaitingForPhaseBoundary,0,0,TaskSwitchDisplay,1,,Joystick,0.100000,0.000000,0.000000,0.000000,-1.000000,JoyStick1LeftSlider,0.000000,0.000000,0.000000,0.000000,0.000000,0.000000,0.000000,0.000000,0.000000,0.000000,1834,1,0.000000,0,0,0,0,0,TaskSwitchPedal,,0
20261007T100007181Z_e407267f5160429bb1e8d9eb7b844d2c,,,1,285,2026-10-07T10:00:23.1106848Z,15.915985,13.151051,1839,1,0,WaitingForPhaseBoundary,0,0,TaskSwitchDisplay,1,,Joystick,0.100000,0.000000,0.000000,0.000000,-1.000000,JoyStick1LeftSlider,0.000000,0.000000,0.000000,0.000000,0.000000,0.000000,0.000000,0.000000,0.000000,0.000000,1838,0,0.000000,0,0,0,0,0,TaskSwitchPedal,,0
20261007T100007181Z_e407267f5160429bb1e8d9eb7b844d2c,,,1,286,2026-10-07T10:00:23.1645710Z,15.969748,13.204363,1844,1,0,WaitingForPhaseBoundary,0,0,TaskSwitchDisplay,1,,Joystick,0.100000,0.000000,0.000000,0.000000,-1.000000,JoyStick1LeftSlider,0.000000,0.000000,0.000000,0.000000,0.000000,0.000000,0.000000,0.000000,0.000000,0.000000,1844,1,0.000000,0,0,0,0,0,TaskSwitchPedal,,0
20261007T100007181Z_e407267f5160429bb1e8d9eb7b844d2c,,,1,287,2026-10-07T10:00:23.2207938Z,16.026743,13.261022,1849,1,0,WaitingForPhaseBoundary,0,0,TaskSwitchDisplay,1,,Joystick,0.100000,0.000000,0.000000,0.000000,-1.000000,JoyStick1LeftSlider,0.000000,0.000000,0.000000,0.000000,0.000000,0.000000,0.000000,0.000000,0.000000,0.000000,1849,1,0.000000,0,0,0,0,0,TaskSwitchPedal,,0
20261007T100007181Z_e407267f5160429bb1e8d9eb7b844d2c,,,1,288,2026-10-07T10:00:23.2741553Z,16.079853,13.315006,1854,1,0,WaitingForPhaseBoundary,0,0,TaskSwitchDisplay,1,,Joystick,0.100000,0.000000,0.000000,0.000000,-1.000000,JoyStick1LeftSlider,0.000000,0.000000,0.000000,0.000000,0.000000,0.000000,0.000000,0.000000,0.000000,0.000000,1853,0,0.000000,0,0,0,0,0,TaskSwitchPedal,,0
20261007T100007181Z_e407267f5160429bb1e8d9eb7b844d2c,,,1,289,2026-10-07T10:00:23.3289610Z,16.134470,13.368873,1858,1,0,WaitingForPhaseBoundary,0,0,TaskSwitchDisplay,1,,Joystick,0.100000,0.000000,0.000000,0.000000,-1.000000,JoyStick1LeftSlider,0.000000,0.000000,0.000000,0.000000,0.000000,0.000000,0.000000,0.000000,0.000000,0.000000,1858,1,0.000000,0,0,0,0,0,TaskSwitchPedal,,0
20261007T100007181Z_e407267f5160429bb1e8d9eb7b844d2c,,,1,290,2026-10-07T10:00:23.3914673Z,16.196767,13.431203,1862,1,0,WaitingForPhaseBoundary,0,0,TaskSwitchDisplay,1,,Joystick,0.100000,0.000000,0.000000,0.000000,-1.000000,JoyStick1LeftSlider,0.000000,0.000000,0.000000,0.000000,0.000000,0.000000,0.000000,0.000000,0.000000,0.000000,1862,1,0.000000,0,0,0,0,0,TaskSwitchPedal,,0
20261007T100007181Z_e407267f5160429bb1e8d9eb7b844d2c,,,1,291,2026-10-07T10:00:23.4545694Z,16.259982,13.494919,1866,1,0,WaitingForPhaseBoundary,0,0,TaskSwitchDisplay,1,,Joystick,0.100000,0.000000,0.000000,0.000000,-1.000000,JoyStick1LeftSlider,0.000000,0.000000,0.000000,0.000000,0.000000,0.000000,0.000000,0.000000,0.000000,0.000000,1865,0,0.000000,0,0,0,0,0,TaskSwitchPedal,,0
20261007T100007181Z_e407267f5160429bb1e8d9eb7b844d2c,,,1,292,2026-10-07T10:00:23.5169365Z,16.322824,13.558014,1870,1,0,WaitingForPhaseBoundary,0,0,TaskSwitchDisplay,1,,Joystick,0.100000,0.000000,0.000000,0.000000,-1.000000,JoyStick1LeftSlider,0.000000,0.000000,0.000000,0.000000,0.000000,0.000000,0.000000,0.000000,0.000000,0.000000,1869,0,0.000000,0,0,0,0,0,TaskSwitchPedal,,0
20261007T100007181Z_e407267f5160429bb1e8d9eb7b844d2c,,,1,293,2026-10-07T10:00:23.5808493Z,16.386790,13.621330,1874,1,0,WaitingForPhaseBoundary,0,0,TaskSwitchDisplay,1,,Joystick,0.100000,0.000000,0.000000,0.000000,-1.000000,JoyStick1LeftSlider,0.000000,0.000000,0.000000,0.000000,0.000000,0.000000,0.000000,0.000000,0.000000,0.000000,1874,1,0.000000,0,0,0,0,0,TaskSwitchPedal,,0
20261007T100007181Z_e407267f5160429bb1e8d9eb7b844d2c,,,1,294,2026-10-07T10:00:23.6408738Z,16.447048,13.681622,1878,1,0,WaitingForPhaseBoundary,0,0,TaskSwitchDisplay,1,,Joystick,0.100000,0.000000,0.000000,0.000000,-1.000000,JoyStick1LeftSlider,0.000000,0.000000,0.000000,0.000000,0.000000,0.000000,0.000000,0.000000,0.000000,0.000000,1878,1,0.000000,0,0,0,0,0,TaskSwitchPedal,,0
20261007T100007181Z_e407267f5160429bb1e8d9eb7b844d2c,,,1,295,2026-10-07T10:00:23.6968229Z,16.502595,13.737774,1883,1,0,WaitingForPhaseBoundary,0,0,TaskSwitchDisplay,1,,Joystick,0.100000,0.000000,0.000000,0.000000,-1.000000,JoyStick1LeftSlider,0.000000,0.000000,0.000000,0.000000,0.000000,0.000000,0.000000,0.000000,0.000000,0.000000,1882,0,0.000000,0,0,0,0,0,TaskSwitchPedal,,0
20261007T100007181Z_e407267f5160429bb1e8d9eb7b844d2c,,,1,296,2026-10-07T10:00:23.7552558Z,16.560444,13.795544,1888,1,0,WaitingForPhaseBoundary,0,0,TaskSwitchDisplay,1,,Joystick,0.100000,0.000000,0.000000,0.000000,-1.000000,JoyStick1LeftSlider,0.000000,0.000000,0.000000,0.000000,0.000000,0.000000,0.000000,0.000000,0.000000,0.000000,1887,0,0.000000,0,0,0,0,0,TaskSwitchPedal,,0
20261007T100007181Z_e407267f5160429bb1e8d9eb7b844d2c,,,1,297,2026-10-07T10:00:23.8090392Z,16.614638,13.848215,1892,1,0,WaitingForPhaseBoundary,0,0,TaskSwitchDisplay,1,,Joystick,0.100000,0.000000,0.000000,0.000000,-1.000000,JoyStick1LeftSlider,0.000000,0.000000,0.000000,0.000000,0.000000,0.000000,0.000000,0.000000,0.000000,0.000000,1892,1,0.000000,0,0,0,0,0,TaskSwitchPedal,,0
20261007T100007181Z_e407267f5160429bb1e8d9eb7b844d2c,,,1,298,2026-10-07T10:00:23.8722775Z,16.677641,13.911853,1897,1,0,WaitingForPhaseBoundary,0,0,TaskSwitchDisplay,1,,Joystick,0.100000,0.000000,0.000000,0.000000,-1.000000,JoyStick1LeftSlider,0.000000,0.000000,0.000000,0.000000,0.000000,0.000000,0.000000,0.000000,0.000000,0.000000,1897,1,0.000000,0,0,0,0,0,TaskSwitchPedal,,0
20261007T100007181Z_e407267f5160429bb1e8d9eb7b844d2c,,,1,299,2026-10-07T10:00:23.9249132Z,16.730907,13.965304,1901,1,0,WaitingForPhaseBoundary,0,0,TaskSwitchDisplay,1,,Joystick,0.100000,0.000000,0.000000,0.000000,-1.000000,JoyStick1LeftSlider,0.000000,0.000000,0.000000,0.000000,0.000000,0.000000,0.000000,0.000000,0.000000,0.000000,1901,1,0.000000,0,0,0,0,0,TaskSwitchPedal,,0
20261007T100007181Z_e407267f5160429bb1e8d9eb7b844d2c,,,1,300,2026-10-07T10:00:23.9880057Z,16.793708,14.028128,1905,1,0,WaitingForPhaseBoundary,0,0,TaskSwitchDisplay,1,,Joystick,0.100000,0.000000,0.000000,0.000000,-1.000000,JoyStick1LeftSlider,0.000000,0.000000,0.000000,0.000000,0.000000,0.000000,0.000000,0.000000,0.000000,0.000000,1905,1,0.000000,0,0,0,0,0,TaskSwitchPedal,,0
20261007T100007181Z_e407267f5160429bb1e8d9eb7b844d2c,,,1,301,2026-10-07T10:00:24.0384110Z,16.843779,14.078419,1909,1,0,WaitingForPhaseBoundary,0,0,TaskSwitchDisplay,1,,Joystick,0.100000,0.000000,0.000000,0.000000,-1.000000,JoyStick1LeftSlider,0.000000,0.000000,0.000000,0.000000,0.000000,0.000000,0.000000,0.000000,0.000000,0.000000,1908,0,0.000000,0,0,0,0,0,TaskSwitchPedal,,0
20261007T100007181Z_e407267f5160429bb1e8d9eb7b844d2c,,,1,302,2026-10-07T10:00:24.0904122Z,16.895713,14.130211,1913,1,0,WaitingForPhaseBoundary,0,0,TaskSwitchDisplay,1,,Joystick,0.100000,0.000000,0.000000,0.000000,-1.000000,JoyStick1LeftSlider,0.000000,0.000000,0.000000,0.000000,0.000000,0.000000,0.000000,0.000000,0.000000,0.000000,1912,0,0.000000,0,0,0,0,0,TaskSwitchPedal,,0
20261007T100007181Z_e407267f5160429bb1e8d9eb7b844d2c,,,1,303,2026-10-07T10:00:24.1558831Z,16.961169,14.194876,1917,1,0,WaitingForPhaseBoundary,0,0,TaskSwitchDisplay,1,,Joystick,0.100000,0.000000,0.000000,0.000000,-1.000000,JoyStick1LeftSlider,0.000000,0.000000,0.000000,0.000000,0.000000,0.000000,0.000000,0.000000,0.000000,0.000000,1917,1,0.000000,0,0,0,0,0,TaskSwitchPedal,,0
20261007T100007181Z_e407267f5160429bb1e8d9eb7b844d2c,,,1,304,2026-10-07T10:00:24.2104272Z,17.015991,14.250498,1921,1,0,WaitingForPhaseBoundary,0,0,TaskSwitchDisplay,1,,Joystick,0.100000,0.000000,0.000000,0.000000,-1.000000,JoyStick1LeftSlider,0.000000,0.000000,0.000000,0.000000,0.000000,0.000000,0.000000,0.000000,0.000000,0.000000,1921,1,0.000000,0,0,0,0,0,TaskSwitchPedal,,0
20261007T100007181Z_e407267f5160429bb1e8d9eb7b844d2c,,,1,305,2026-10-07T10:00:24.2702016Z,17.075518,14.310112,1925,1,0,WaitingForPhaseBoundary,0,0,TaskSwitchDisplay,1,,Joystick,0.100000,0.000000,0.000000,0.000000,-1.000000,JoyStick1LeftSlider,0.000000,0.000000,0.000000,0.000000,0.000000,0.000000,0.000000,0.000000,0.000000,0.000000,1925,1,0.000000,0,0,0,0,0,TaskSwitchPedal,,0
20261007T100007181Z_e407267f5160429bb1e8d9eb7b844d2c,,,1,306,2026-10-07T10:00:24.3321950Z,17.138204,14.372917,1929,1,0,WaitingForPhaseBoundary,0,0,TaskSwitchDisplay,1,,Joystick,0.100000,0.000000,0.000000,0.000000,-1.000000,JoyStick1LeftSlider,0.000000,0.000000,0.000000,0.000000,0.000000,0.000000,0.000000,0.000000,0.000000,0.000000,1929,1,0.000000,0,0,0,0,0,TaskSwitchPedal,,0
20261007T100007181Z_e407267f5160429bb1e8d9eb7b844d2c,,,1,307,2026-10-07T10:00:24.3935412Z,17.199107,14.434037,1934,1,0,WaitingForPhaseBoundary,0,0,TaskSwitchDisplay,1,,Joystick,0.100000,0.000000,0.000000,0.000000,-1.000000,JoyStick1LeftSlider,0.000000,0.000000,0.000000,0.000000,0.000000,0.000000,0.000000,0.000000,0.000000,0.000000,1933,0,0.000000,0,0,0,0,0,TaskSwitchPedal,,0
20261007T100007181Z_e407267f5160429bb1e8d9eb7b844d2c,,,1,308,2026-10-07T10:00:24.4488494Z,17.254683,14.489144,1939,1,0,WaitingForPhaseBoundary,0,0,TaskSwitchDisplay,1,,Joystick,0.100000,0.000000,0.000000,0.000000,-1.000000,JoyStick1LeftSlider,0.000000,0.000000,0.000000,0.000000,0.000000,0.000000,0.000000,0.000000,0.000000,0.000000,1939,1,0.000000,0,0,0,0,0,TaskSwitchPedal,,0
20261007T100007181Z_e407267f5160429bb1e8d9eb7b844d2c,,,1,309,2026-10-07T10:00:24.4998210Z,17.305399,14.539655,1944,1,0,WaitingForPhaseBoundary,0,0,TaskSwitchDisplay,1,,Joystick,0.100000,0.000000,0.000000,0.000000,-1.000000,JoyStick1LeftSlider,0.000000,0.000000,0.000000,0.000000,0.000000,0.000000,0.000000,0.000000,0.000000,0.000000,1944,1,0.000000,0,0,0,0,0,TaskSwitchPedal,,0
20261007T100007181Z_e407267f5160429bb1e8d9eb7b844d2c,,,1,310,2026-10-07T10:00:24.5518839Z,17.357408,14.592363,1949,1,0,WaitingForPhaseBoundary,0,0,TaskSwitchDisplay,1,,Joystick,0.100000,0.000000,0.000000,0.000000,-1.000000,JoyStick1LeftSlider,0.000000,0.000000,0.000000,0.000000,0.000000,0.000000,0.000000,0.000000,0.000000,0.000000,1948,0,0.000000,0,0,0,0,0,TaskSwitchPedal,,0
20261007T100007181Z_e407267f5160429bb1e8d9eb7b844d2c,,,1,311,2026-10-07T10:00:24.6126535Z,17.419140,14.654137,1954,1,0,WaitingForPhaseBoundary,0,0,TaskSwitchDisplay,1,,Joystick,0.100000,0.000000,0.000000,0.000000,-1.000000,JoyStick1LeftSlider,0.000000,0.000000,0.000000,0.000000,0.000000,0.000000,0.000000,0.000000,0.000000,0.000000,1953,0,0.000000,0,0,0,0,0,TaskSwitchPedal,,0
20261007T100007181Z_e407267f5160429bb1e8d9eb7b844d2c,,,1,312,2026-10-07T10:00:24.6717722Z,17.477006,14.711167,1958,1,0,WaitingForPhaseBoundary,0,0,TaskSwitchDisplay,1,,Joystick,0.100000,0.000000,0.000000,0.000000,-1.000000,JoyStick1LeftSlider,0.000000,0.000000,0.000000,0.000000,0.000000,0.000000,0.000000,0.000000,0.000000,0.000000,1958,1,0.000000,0,0,0,0,0,TaskSwitchPedal,,0
20261007T100007181Z_e407267f5160429bb1e8d9eb7b844d2c,,,1,313,2026-10-07T10:00:24.7273400Z,17.532736,14.767381,1963,1,0,WaitingForPhaseBoundary,0,0,TaskSwitchDisplay,1,,Joystick,0.100000,0.000000,0.000000,0.000000,-1.000000,JoyStick1LeftSlider,0.000000,0.000000,0.000000,0.000000,0.000000,0.000000,0.000000,0.000000,0.000000,0.000000,1963,1,0.000000,0,0,0,0,0,TaskSwitchPedal,,0
20261007T100007181Z_e407267f5160429bb1e8d9eb7b844d2c,,,1,314,2026-10-07T10:00:24.7834742Z,17.589081,14.823750,1968,1,0,WaitingForPhaseBoundary,0,0,TaskSwitchDisplay,1,,Joystick,0.100000,0.000000,0.000000,0.000000,-1.000000,JoyStick1LeftSlider,0.000000,0.000000,0.000000,0.000000,0.000000,0.000000,0.000000,0.000000,0.000000,0.000000,1968,1,0.000000,0,0,0,0,0,TaskSwitchPedal,,0
20261007T100007181Z_e407267f5160429bb1e8d9eb7b844d2c,,,1,315,2026-10-07T10:00:24.8391032Z,17.644731,14.879069,1973,1,0,WaitingForPhaseBoundary,0,0,TaskSwitchDisplay,1,,Joystick,0.100000,0.000000,0.000000,0.000000,-1.000000,JoyStick1LeftSlider,0.000000,0.000000,0.000000,0.000000,0.000000,0.000000,0.000000,0.000000,0.000000,0.000000,1973,1,0.000000,0,0,0,0,0,TaskSwitchPedal,,0
20261007T100007181Z_e407267f5160429bb1e8d9eb7b844d2c,,,1,316,2026-10-07T10:00:24.8922645Z,17.698348,14.933160,1977,1,0,WaitingForPhaseBoundary,0,0,TaskSwitchDisplay,1,,Joystick,0.100000,0.000000,0.000000,0.000000,-1.000000,JoyStick1LeftSlider,0.000000,0.000000,0.000000,0.000000,0.000000,0.000000,0.000000,0.000000,0.000000,0.000000,1976,0,0.000000,0,0,0,0,0,TaskSwitchPedal,,0
20261007T100007181Z_e407267f5160429bb1e8d9eb7b844d2c,,,1,317,2026-10-07T10:00:24.9570098Z,17.762169,14.997033,1981,1,0,WaitingForPhaseBoundary,0,0,TaskSwitchDisplay,1,,Joystick,0.100000,0.000000,0.000000,0.000000,-1.000000,JoyStick1LeftSlider,0.000000,0.000000,0.000000,0.000000,0.000000,0.000000,0.000000,0.000000,0.000000,0.000000,1980,0,0.000000,0,0,0,0,0,TaskSwitchPedal,,0
20261007T100007181Z_e407267f5160429bb1e8d9eb7b844d2c,,,1,318,2026-10-07T10:00:25.0169478Z,17.822966,15.058223,1985,1,0,WaitingForPhaseBoundary,0,0,TaskSwitchDisplay,1,,Joystick,0.100000,0.000000,0.000000,0.000000,-1.000000,JoyStick1LeftSlider,0.000000,0.000000,0.000000,0.000000,0.000000,0.000000,0.000000,0.000000,0.000000,0.000000,1984,0,0.000000,0,0,0,0,0,TaskSwitchPedal,,0
20261007T100007181Z_e407267f5160429bb1e8d9eb7b844d2c,,,1,319,2026-10-07T10:00:25.0779067Z,17.883001,15.118228,1990,1,0,WaitingForPhaseBoundary,0,0,TaskSwitchDisplay,1,,Joystick,0.100000,0.000000,0.000000,0.000000,-1.000000,JoyStick1LeftSlider,0.000000,0.000000,0.000000,0.000000,0.000000,0.000000,0.000000,0.000000,0.000000,0.000000,1989,0,0.000000,0,0,0,0,0,TaskSwitchPedal,,0
20261007T100007181Z_e407267f5160429bb1e8d9eb7b844d2c,,,1,320,2026-10-07T10:00:25.1333538Z,17.939061,15.174102,1995,1,0,WaitingForPhaseBoundary,0,0,TaskSwitchDisplay,1,,Joystick,0.100000,0.000000,0.000000,0.000000,-1.000000,JoyStick1LeftSlider,0.000000,0.000000,0.000000,0.000000,0.000000,0.000000,0.000000,0.000000,0.000000,0.000000,1994,0,0.000000,0,0,0,0,0,TaskSwitchPedal,,0
20261007T100007181Z_e407267f5160429bb1e8d9eb7b844d2c,,,1,321,2026-10-07T10:00:25.1864195Z,17.992429,15.226766,1999,1,0,WaitingForPhaseBoundary,0,0,TaskSwitchDisplay,1,,Joystick,0.100000,0.000000,0.000000,0.000000,-1.000000,JoyStick1LeftSlider,0.000000,0.000000,0.000000,0.000000,0.000000,0.000000,0.000000,0.000000,0.000000,0.000000,1999,1,0.000000,0,0,0,0,0,TaskSwitchPedal,,0
20261007T100007181Z_e407267f5160429bb1e8d9eb7b844d2c,,,1,322,2026-10-07T10:00:25.2383046Z,18.044141,15.278866,2003,1,0,WaitingForPhaseBoundary,0,0,TaskSwitchDisplay,1,,Joystick,0.100000,0.000000,0.000000,0.000000,-1.000000,JoyStick1LeftSlider,0.000000,0.000000,0.000000,0.000000,0.000000,0.000000,0.000000,0.000000,0.000000,0.000000,2002,0,0.000000,0,0,0,0,0,TaskSwitchPedal,,0
20261007T100007181Z_e407267f5160429bb1e8d9eb7b844d2c,,,1,323,2026-10-07T10:00:25.2920985Z,18.097680,15.332746,2007,1,0,WaitingForPhaseBoundary,0,0,TaskSwitchDisplay,1,,Joystick,0.100000,0.000000,0.000000,0.000000,-1.000000,JoyStick1LeftSlider,0.000000,0.000000,0.000000,0.000000,0.000000,0.000000,0.000000,0.000000,0.000000,0.000000,2006,0,0.000000,0,0,0,0,0,TaskSwitchPedal,,0
20261007T100007181Z_e407267f5160429bb1e8d9eb7b844d2c,,,1,324,2026-10-07T10:00:25.3504279Z,18.156527,15.391613,2012,1,0,WaitingForPhaseBoundary,0,0,TaskSwitchDisplay,1,,Joystick,0.100000,0.000000,0.000000,0.000000,-1.000000,JoyStick1LeftSlider,0.000000,0.000000,0.000000,0.000000,0.000000,0.000000,0.000000,0.000000,0.000000,0.000000,2011,0,0.000000,0,0,0,0,0,TaskSwitchPedal,,0
20261007T100007181Z_e407267f5160429bb1e8d9eb7b844d2c,,,1,325,2026-10-07T10:00:25.4059232Z,18.211120,15.445415,2016,1,0,WaitingForPhaseBoundary,0,0,TaskSwitchDisplay,1,,Joystick,0.100000,0.000000,0.000000,0.000000,-1.000000,JoyStick1LeftSlider,0.000000,0.000000,0.000000,0.000000,0.000000,0.000000,0.000000,0.000000,0.000000,0.000000,2016,1,0.000000,0,0,0,0,0,TaskSwitchPedal,,0
20261007T100007181Z_e407267f5160429bb1e8d9eb7b844d2c,,,1,326,2026-10-07T10:00:25.4614276Z,18.266927,15.500601,2020,1,0,WaitingForPhaseBoundary,0,0,TaskSwitchDisplay,1,,Joystick,0.100000,0.000000,0.000000,0.000000,-1.000000,JoyStick1LeftSlider,0.000000,0.000000,0.000000,0.000000,0.000000,0.000000,0.000000,0.000000,0.000000,0.000000,2020,1,0.000000,0,0,0,0,0,TaskSwitchPedal,,0
20261007T100007181Z_e407267f5160429bb1e8d9eb7b844d2c,,,1,327,2026-10-07T10:00:25.5118815Z,18.317495,15.552313,2024,1,0,WaitingForPhaseBoundary,0,0,TaskSwitchDisplay,1,,Joystick,0.100000,0.000000,0.000000,0.000000,-1.000000,JoyStick1LeftSlider,0.000000,0.000000,0.000000,0.000000,0.000000,0.000000,0.000000,0.000000,0.000000,0.000000,2023,0,0.000000,0,0,0,0,0,TaskSwitchPedal,,0
20261007T100007181Z_e407267f5160429bb1e8d9eb7b844d2c,,,1,328,2026-10-07T10:00:25.5725175Z,18.378157,15.613125,2029,1,0,WaitingForPhaseBoundary,0,0,TaskSwitchDisplay,1,,Joystick,0.100000,0.000000,0.000000,0.000000,-1.000000,JoyStick1LeftSlider,0.000000,0.000000,0.000000,0.000000,0.000000,0.000000,0.000000,0.000000,0.000000,0.000000,2028,0,0.000000,0,0,0,0,0,TaskSwitchPedal,,0
20261007T100007181Z_e407267f5160429bb1e8d9eb7b844d2c,,,1,329,2026-10-07T10:00:25.6281007Z,18.433522,15.668218,2034,1,0,WaitingForPhaseBoundary,0,0,TaskSwitchDisplay,1,,Joystick,0.100000,0.000000,0.000000,0.000000,-1.000000,JoyStick1LeftSlider,0.000000,0.000000,0.000000,0.000000,0.000000,0.000000,0.000000,0.000000,0.000000,0.000000,2034,1,0.000000,0,0,0,0,0,TaskSwitchPedal,,0
20261007T100007181Z_e407267f5160429bb1e8d9eb7b844d2c,,,1,330,2026-10-07T10:00:25.6873534Z,18.493070,15.727676,2040,1,0,WaitingForPhaseBoundary,0,0,TaskSwitchDisplay,1,,Joystick,0.100000,0.000000,0.000000,0.000000,-1.000000,JoyStick1LeftSlider,0.000000,0.000000,0.000000,0.000000,0.000000,0.000000,0.000000,0.000000,0.000000,0.000000,2040,1,0.000000,0,0,0,0,0,TaskSwitchPedal,,0
20261007T100007181Z_e407267f5160429bb1e8d9eb7b844d2c,,,1,331,2026-10-07T10:00:25.7380359Z,18.544425,15.779151,2045,1,0,WaitingForPhaseBoundary,0,0,TaskSwitchDisplay,1,,Joystick,0.100000,0.000000,0.000000,0.000000,-1.000000,JoyStick1LeftSlider,0.000000,0.000000,0.000000,0.000000,0.000000,0.000000,0.000000,0.000000,0.000000,0.000000,2045,1,0.000000,0,0,0,0,0,TaskSwitchPedal,,0
20261007T100007181Z_e407267f5160429bb1e8d9eb7b844d2c,,,1,332,2026-10-07T10:00:25.7981696Z,18.603565,15.838388,2051,1,0,WaitingForPhaseBoundary,0,0,TaskSwitchDisplay,1,,Joystick,0.100000,0.000000,0.000000,0.000000,-1.000000,JoyStick1LeftSlider,0.000000,0.000000,0.000000,0.000000,0.000000,0.000000,0.000000,0.000000,0.000000,0.000000,2050,0,0.000000,0,0,0,0,0,TaskSwitchPedal,,0
20261007T100007181Z_e407267f5160429bb1e8d9eb7b844d2c,,,1,333,2026-10-07T10:00:25.8535414Z,18.659619,15.894458,2056,1,0,WaitingForPhaseBoundary,0,0,TaskSwitchDisplay,1,,Joystick,0.100000,0.000000,0.000000,0.000000,-1.000000,JoyStick1LeftSlider,0.000000,0.000000,0.000000,0.000000,0.000000,0.000000,0.000000,0.000000,0.000000,0.000000,2055,0,0.000000,0,0,0,0,0,TaskSwitchPedal,,0
20261007T100007181Z_e407267f5160429bb1e8d9eb7b844d2c,,,1,334,2026-10-07T10:00:25.9097534Z,18.715651,15.949840,2061,1,0,WaitingForPhaseBoundary,0,0,TaskSwitchDisplay,1,,Joystick,0.100000,0.000000,0.000000,0.000000,-1.000000,JoyStick1LeftSlider,0.000000,0.000000,0.000000,0.000000,0.000000,0.000000,0.000000,0.000000,0.000000,0.000000,2061,1,0.000000,0,0,0,0,0,TaskSwitchPedal,,0
20261007T100007181Z_e407267f5160429bb1e8d9eb7b844d2c,,,1,335,2026-10-07T10:00:25.9636505Z,18.769664,16.002929,2066,1,0,WaitingForPhaseBoundary,0,0,TaskSwitchDisplay,1,,Joystick,0.100000,0.000000,0.000000,0.000000,-1.000000,JoyStick1LeftSlider,0.000000,0.000000,0.000000,0.000000,0.000000,0.000000,0.000000,0.000000,0.000000,0.000000,2066,1,0.000000,0,0,0,0,0,TaskSwitchPedal,,0
20261007T100007181Z_e407267f5160429bb1e8d9eb7b844d2c,,,1,336,2026-10-07T10:00:26.0163923Z,18.822528,16.057787,2070,1,0,WaitingForPhaseBoundary,0,0,TaskSwitchDisplay,1,,Joystick,0.100000,0.000000,0.000000,0.000000,-1.000000,JoyStick1LeftSlider,0.000000,0.000000,0.000000,0.000000,0.000000,0.000000,0.000000,0.000000,0.000000,0.000000,2069,0,0.000000,0,0,0,0,0,TaskSwitchPedal,,0
20261007T100007181Z_e407267f5160429bb1e8d9eb7b844d2c,,,1,337,2026-10-07T10:00:26.0784444Z,18.884594,16.119102,2075,1,0,WaitingForPhaseBoundary,0,0,TaskSwitchDisplay,1,,Joystick,0.100000,0.000000,0.000000,0.000000,-1.000000,JoyStick1LeftSlider,0.000000,0.000000,0.000000,0.000000,0.000000,0.000000,0.000000,0.000000,0.000000,0.000000,2075,1,0.000000,0,0,0,0,0,TaskSwitchPedal,,0
20261007T100007181Z_e407267f5160429bb1e8d9eb7b844d2c,,,1,338,2026-10-07T10:00:26.1377832Z,18.942914,16.178114,2080,1,0,WaitingForPhaseBoundary,0,0,TaskSwitchDisplay,1,,Joystick,0.100000,0.000000,0.000000,0.000000,-1.000000,JoyStick1LeftSlider,0.000000,0.000000,0.000000,0.000000,0.000000,0.000000,0.000000,0.000000,0.000000,0.000000,2079,0,0.000000,0,0,0,0,0,TaskSwitchPedal,,0
20261007T100007181Z_e407267f5160429bb1e8d9eb7b844d2c,,,1,339,2026-10-07T10:00:26.1893083Z,18.995471,16.230038,2083,1,0,WaitingForPhaseBoundary,0,0,TaskSwitchDisplay,1,,Joystick,0.100000,0.000000,0.000000,0.000000,-1.000000,JoyStick1LeftSlider,0.000000,0.000000,0.000000,0.000000,0.000000,0.000000,0.000000,0.000000,0.000000,0.000000,2083,1,0.000000,0,0,0,0,0,TaskSwitchPedal,,0
20261007T100007181Z_e407267f5160429bb1e8d9eb7b844d2c,,,1,340,2026-10-07T10:00:26.2482146Z,19.054016,16.288609,2088,1,0,WaitingForPhaseBoundary,0,0,TaskSwitchDisplay,1,,Joystick,0.100000,0.000000,0.000000,0.000000,-1.000000,JoyStick1LeftSlider,0.000000,0.000000,0.000000,0.000000,0.000000,0.000000,0.000000,0.000000,0.000000,0.000000,2088,1,0.000000,0,0,0,0,0,TaskSwitchPedal,,0
20261007T100007181Z_e407267f5160429bb1e8d9eb7b844d2c,,,1,341,2026-10-07T10:00:26.3019158Z,19.108174,16.342739,2093,1,0,WaitingForPhaseBoundary,0,0,TaskSwitchDisplay,1,,Joystick,0.100000,0.000000,0.000000,0.000000,-1.000000,JoyStick1LeftSlider,0.000000,0.000000,0.000000,0.000000,0.000000,0.000000,0.000000,0.000000,0.000000,0.000000,2093,1,0.000000,0,0,0,0,0,TaskSwitchPedal,,0
20261007T100007181Z_e407267f5160429bb1e8d9eb7b844d2c,,,1,342,2026-10-07T10:00:26.3658941Z,19.171856,16.405933,2096,1,0,WaitingForPhaseBoundary,0,0,TaskSwitchDisplay,1,,Joystick,0.100000,0.000000,0.000000,0.000000,-1.000000,JoyStick1LeftSlider,0.000000,0.000000,0.000000,0.000000,0.000000,0.000000,0.000000,0.000000,0.000000,0.000000,2096,1,0.000000,0,0,0,0,0,TaskSwitchPedal,,0
20261007T100007181Z_e407267f5160429bb1e8d9eb7b844d2c,,,1,343,2026-10-07T10:00:26.4285134Z,19.234491,16.469069,2101,1,0,WaitingForPhaseBoundary,0,0,TaskSwitchDisplay,1,,Joystick,0.100000,0.000000,0.000000,0.000000,-1.000000,JoyStick1LeftSlider,0.000000,0.000000,0.000000,0.000000,0.000000,0.000000,0.000000,0.000000,0.000000,0.000000,2101,1,0.000000,0,0,0,0,0,TaskSwitchPedal,,0
20261007T100007181Z_e407267f5160429bb1e8d9eb7b844d2c,,,1,344,2026-10-07T10:00:26.4807534Z,19.286824,16.521178,2105,1,0,WaitingForPhaseBoundary,0,0,TaskSwitchDisplay,1,,Joystick,0.100000,0.000000,0.000000,0.000000,-1.000000,JoyStick1LeftSlider,0.000000,0.000000,0.000000,0.000000,0.000000,0.000000,0.000000,0.000000,0.000000,0.000000,2105,1,0.000000,0,0,0,0,0,TaskSwitchPedal,,0
20261007T100007181Z_e407267f5160429bb1e8d9eb7b844d2c,,,1,345,2026-10-07T10:00:26.5379155Z,19.343958,16.578804,2110,1,0,WaitingForPhaseBoundary,0,0,TaskSwitchDisplay,1,,Joystick,0.100000,0.000000,0.000000,0.000000,-1.000000,JoyStick1LeftSlider,0.000000,0.000000,0.000000,0.000000,0.000000,0.000000,0.000000,0.000000,0.000000,0.000000,2109,0,0.000000,0,0,0,0,0,TaskSwitchPedal,,0
20261007T100007181Z_e407267f5160429bb1e8d9eb7b844d2c,,,1,346,2026-10-07T10:00:26.5917668Z,19.396903,16.632250,2115,1,0,WaitingForPhaseBoundary,0,0,TaskSwitchDisplay,1,,Joystick,0.100000,0.000000,0.000000,0.000000,-1.000000,JoyStick1LeftSlider,0.000000,0.000000,0.000000,0.000000,0.000000,0.000000,0.000000,0.000000,0.000000,0.000000,2114,0,0.000000,0,0,0,0,0,TaskSwitchPedal,,0
20261007T100007181Z_e407267f5160429bb1e8d9eb7b844d2c,,,1,347,2026-10-07T10:00:26.6482903Z,19.453838,16.688351,2120,1,0,WaitingForPhaseBoundary,0,0,TaskSwitchDisplay,1,,Joystick,0.100000,0.000000,0.000000,0.000000,-1.000000,JoyStick1LeftSlider,0.000000,0.000000,0.000000,0.000000,0.000000,0.000000,0.000000,0.000000,0.000000,0.000000,2120,1,0.000000,0,0,0,0,0,TaskSwitchPedal,,0
20261007T100007181Z_e407267f5160429bb1e8d9eb7b844d2c,,,1,348,2026-10-07T10:00:26.7028213Z,19.508499,16.743055,2125,1,0,WaitingForPhaseBoundary,0,0,TaskSwitchDisplay,1,,Joystick,0.100000,0.000000,0.000000,0.000000,-1.000000,JoyStick1LeftSlider,0.000000,0.000000,0.000000,0.000000,0.000000,0.000000,0.000000,0.000000,0.000000,0.000000,2125,1,0.000000,0,0,0,0,0,TaskSwitchPedal,,0
20261007T100007181Z_e407267f5160429bb1e8d9eb7b844d2c,,,1,349,2026-10-07T10:00:26.7536876Z,19.558913,16.793819,2130,1,0,WaitingForPhaseBoundary,0,0,TaskSwitchDisplay,1,,Joystick,0.100000,0.000000,0.000000,0.000000,-1.000000,JoyStick1LeftSlider,0.000000,0.000000,0.000000,0.000000,0.000000,0.000000,0.000000,0.000000,0.000000,0.000000,2129,0,0.000000,0,0,0,0,0,TaskSwitchPedal,,0
20261007T100007181Z_e407267f5160429bb1e8d9eb7b844d2c,,,1,350,2026-10-07T10:00:26.8068687Z,19.612951,16.847453,2135,1,0,WaitingForPhaseBoundary,0,0,TaskSwitchDisplay,1,,Joystick,0.100000,0.000000,0.000000,0.000000,-1.000000,JoyStick1LeftSlider,0.000000,0.000000,0.000000,0.000000,0.000000,0.000000,0.000000,0.000000,0.000000,0.000000,2135,1,0.000000,0,0,0,0,0,TaskSwitchPedal,,0
20261007T100007181Z_e407267f5160429bb1e8d9eb7b844d2c,,,1,351,2026-10-07T10:00:26.8598474Z,19.665246,16.899755,2140,1,0,WaitingForPhaseBoundary,0,0,TaskSwitchDisplay,1,,Joystick,0.100000,0.000000,0.000000,0.000000,-1.000000,JoyStick1LeftSlider,0.000000,0.000000,0.000000,0.000000,0.000000,0.000000,0.000000,0.000000,0.000000,0.000000,2140,1,0.000000,0,0,0,0,0,TaskSwitchPedal,,0
20261007T100007181Z_e407267f5160429bb1e8d9eb7b844d2c,,,1,352,2026-10-07T10:00:26.9145300Z,19.720382,16.955269,2145,1,0,WaitingForPhaseBoundary,0,0,TaskSwitchDisplay,1,,Joystick,0.100000,0.000000,0.000000,0.000000,-1.000000,JoyStick1LeftSlider,0.000000,0.000000,0.000000,0.000000,0.000000,0.000000,0.000000,0.000000,0.000000,0.000000,2144,0,0.000000,0,0,0,0,0,TaskSwitchPedal,,0
20261007T100007181Z_e407267f5160429bb1e8d9eb7b844d2c,,,1,353,2026-10-07T10:00:26.9652546Z,19.770755,17.005205,2150,1,0,WaitingForPhaseBoundary,0,0,TaskSwitchDisplay,1,,Joystick,0.100000,0.000000,0.000000,0.000000,-1.000000,JoyStick1LeftSlider,0.000000,0.000000,0.000000,0.000000,0.000000,0.000000,0.000000,0.000000,0.000000,0.000000,2150,1,0.000000,0,0,0,0,0,TaskSwitchPedal,,0
20261007T100007181Z_e407267f5160429bb1e8d9eb7b844d2c,,,1,354,2026-10-07T10:00:27.0193256Z,19.824931,17.059657,2155,1,0,WaitingForPhaseBoundary,0,0,TaskSwitchDisplay,1,,Joystick,0.100000,0.000000,0.000000,0.000000,-1.000000,JoyStick1LeftSlider,0.000000,0.000000,0.000000,0.000000,0.000000,0.000000,0.000000,0.000000,0.000000,0.000000,2155,1,0.000000,0,0,0,0,0,TaskSwitchPedal,,0
20261007T100007181Z_e407267f5160429bb1e8d9eb7b844d2c,,,1,355,2026-10-07T10:00:27.0747276Z,19.880360,17.114956,2160,1,0,WaitingForPhaseBoundary,0,0,TaskSwitchDisplay,1,,Joystick,0.100000,0.000000,0.000000,0.000000,-1.000000,JoyStick1LeftSlider,0.000000,0.000000,0.000000,0.000000,0.000000,0.000000,0.000000,0.000000,0.000000,0.000000,2159,0,0.000000,0,0,0,0,0,TaskSwitchPedal,,0
20261007T100007181Z_e407267f5160429bb1e8d9eb7b844d2c,,,1,356,2026-10-07T10:00:27.1278780Z,19.933853,17.168440,2165,1,0,WaitingForPhaseBoundary,0,0,TaskSwitchDisplay,1,,Joystick,0.100000,0.000000,0.000000,0.000000,-1.000000,JoyStick1LeftSlider,0.000000,0.000000,0.000000,0.000000,0.000000,0.000000,0.000000,0.000000,0.000000,0.000000,2165,1,0.000000,0,0,0,0,0,TaskSwitchPedal,,0
20261007T100007181Z_e407267f5160429bb1e8d9eb7b844d2c,,,1,357,2026-10-07T10:00:27.1868116Z,19.992285,17.226655,2171,1,0,WaitingForPhaseBoundary,0,0,TaskSwitchDisplay,1,,Joystick,0.100000,0.000000,0.000000,0.000000,-1.000000,JoyStick1LeftSlider,0.000000,0.000000,0.000000,0.000000,0.000000,0.000000,0.000000,0.000000,0.000000,0.000000,2171,1,0.000000,0,0,0,0,0,TaskSwitchPedal,,0
20261007T100007181Z_e407267f5160429bb1e8d9eb7b844d2c,,,1,358,2026-10-07T10:00:27.2414111Z,20.046618,17.280933,2176,1,0,WaitingForPhaseBoundary,0,0,TaskSwitchDisplay,1,,Joystick,0.100000,0.000000,0.000000,0.000000,-1.000000,JoyStick1LeftSlider,0.000000,0.000000,0.000000,0.000000,0.000000,0.000000,0.000000,0.000000,0.000000,0.000000,2176,1,0.000000,0,0,0,0,0,TaskSwitchPedal,,0
20261007T100007181Z_e407267f5160429bb1e8d9eb7b844d2c,,,1,359,2026-10-07T10:00:27.2954495Z,20.100828,17.335742,2181,1,0,WaitingForPhaseBoundary,0,0,TaskSwitchDisplay,1,,Joystick,0.100000,0.000000,0.000000,0.000000,-1.000000,JoyStick1LeftSlider,0.000000,0.000000,0.000000,0.000000,0.000000,0.000000,0.000000,0.000000,0.000000,0.000000,2180,0,0.000000,0,0,0,0,0,TaskSwitchPedal,,0
20261007T100007181Z_e407267f5160429bb1e8d9eb7b844d2c,,,1,360,2026-10-07T10:00:27.3527260Z,20.158477,17.393408,2186,1,0,WaitingForPhaseBoundary,0,0,TaskSwitchDisplay,1,,Joystick,0.100000,0.000000,0.000000,0.000000,-1.000000,JoyStick1LeftSlider,0.000000,0.000000,0.000000,0.000000,0.000000,0.000000,0.000000,0.000000,0.000000,0.000000,2185,0,0.000000,0,0,0,0,0,TaskSwitchPedal,,0
20261007T100007181Z_e407267f5160429bb1e8d9eb7b844d2c,,,1,361,2026-10-07T10:00:27.4067533Z,20.212514,17.446948,2191,1,0,WaitingForPhaseBoundary,0,0,TaskSwitchDisplay,1,,Joystick,0.100000,0.000000,0.000000,0.000000,-1.000000,JoyStick1LeftSlider,0.000000,0.000000,0.000000,0.000000,0.000000,0.000000,0.000000,0.000000,0.000000,0.000000,2191,1,0.000000,0,0,0,0,0,TaskSwitchPedal,,0
20261007T100007181Z_e407267f5160429bb1e8d9eb7b844d2c,,,1,362,2026-10-07T10:00:27.4659612Z,20.272249,17.506766,2196,1,0,WaitingForPhaseBoundary,0,0,TaskSwitchDisplay,1,,Joystick,0.100000,0.000000,0.000000,0.000000,-1.000000,JoyStick1LeftSlider,0.000000,0.000000,0.000000,0.000000,0.000000,0.000000,0.000000,0.000000,0.000000,0.000000,2196,1,0.000000,0,0,0,0,0,TaskSwitchPedal,,0
20261007T100007181Z_e407267f5160429bb1e8d9eb7b844d2c,,,1,363,2026-10-07T10:00:27.5260417Z,20.331600,17.565817,2201,1,0,WaitingForPhaseBoundary,0,0,TaskSwitchDisplay,1,,Joystick,0.100000,0.000000,0.000000,0.000000,-1.000000,JoyStick1LeftSlider,0.000000,0.000000,0.000000,0.000000,0.000000,0.000000,0.000000,0.000000,0.000000,0.000000,2201,1,0.000000,0,0,0,0,0,TaskSwitchPedal,,0
20261007T100007181Z_e407267f5160429bb1e8d9eb7b844d2c,,,1,364,2026-10-07T10:00:27.5776562Z,20.383336,17.618480,2206,1,0,WaitingForPhaseBoundary,0,0,TaskSwitchDisplay,1,,Joystick,0.100000,0.000000,0.000000,0.000000,-1.000000,JoyStick1LeftSlider,0.000000,0.000000,0.000000,0.000000,0.000000,0.000000,0.000000,0.000000,0.000000,0.000000,2205,0,0.000000,0,0,0,0,0,TaskSwitchPedal,,0
20261007T100007181Z_e407267f5160429bb1e8d9eb7b844d2c,,,1,365,2026-10-07T10:00:27.6396047Z,20.445513,17.680061,2211,1,0,WaitingForPhaseBoundary,0,0,TaskSwitchDisplay,1,,Joystick,0.100000,0.000000,0.000000,0.000000,-1.000000,JoyStick1LeftSlider,0.000000,0.000000,0.000000,0.000000,0.000000,0.000000,0.000000,0.000000,0.000000,0.000000,2211,1,0.000000,0,0,0,0,0,TaskSwitchPedal,,0
20261007T100007181Z_e407267f5160429bb1e8d9eb7b844d2c,,,1,366,2026-10-07T10:00:27.6922043Z,20.498267,17.733121,2216,1,0,WaitingForPhaseBoundary,0,0,TaskSwitchDisplay,1,,Joystick,0.100000,0.000000,0.000000,0.000000,-1.000000,JoyStick1LeftSlider,0.000000,0.000000,0.000000,0.000000,0.000000,0.000000,0.000000,0.000000,0.000000,0.000000,2215,0,0.000000,0,0,0,0,0,TaskSwitchPedal,,0
20261007T100007181Z_e407267f5160429bb1e8d9eb7b844d2c,,,1,367,2026-10-07T10:00:27.7523064Z,20.557742,17.792436,2222,1,0,WaitingForPhaseBoundary,0,0,TaskSwitchDisplay,1,,Joystick,0.100000,0.000000,0.000000,0.000000,-1.000000,JoyStick1LeftSlider,0.000000,0.000000,0.000000,0.000000,0.000000,0.000000,0.000000,0.000000,0.000000,0.000000,2221,0,0.000000,0,0,0,0,0,TaskSwitchPedal,,0
20261007T100007181Z_e407267f5160429bb1e8d9eb7b844d2c,,,1,368,2026-10-07T10:00:27.8052537Z,20.610532,17.844941,2227,1,0,WaitingForPhaseBoundary,0,0,TaskSwitchDisplay,1,,Joystick,0.100000,0.000000,0.000000,0.000000,-1.000000,JoyStick1LeftSlider,0.000000,0.000000,0.000000,0.000000,0.000000,0.000000,0.000000,0.000000,0.000000,0.000000,2227,1,0.000000,0,0,0,0,0,TaskSwitchPedal,,0
20261007T100007181Z_e407267f5160429bb1e8d9eb7b844d2c,,,1,369,2026-10-07T10:00:27.8576378Z,20.663508,17.897995,2232,1,0,WaitingForPhaseBoundary,0,0,TaskSwitchDisplay,1,,Joystick,0.100000,0.000000,0.000000,0.000000,-1.000000,JoyStick1LeftSlider,0.000000,0.000000,0.000000,0.000000,0.000000,0.000000,0.000000,0.000000,0.000000,0.000000,2231,0,0.000000,0,0,0,0,0,TaskSwitchPedal,,0
20261007T100007181Z_e407267f5160429bb1e8d9eb7b844d2c,,,1,370,2026-10-07T10:00:27.9157214Z,20.722080,17.957314,2238,1,0,WaitingForPhaseBoundary,0,0,TaskSwitchDisplay,1,,Joystick,0.100000,0.000000,0.000000,0.000000,-1.000000,JoyStick1LeftSlider,0.000000,0.000000,0.000000,0.000000,0.000000,0.000000,0.000000,0.000000,0.000000,0.000000,2236,0,0.000000,0,0,0,0,0,TaskSwitchPedal,,0
20261007T100007181Z_e407267f5160429bb1e8d9eb7b844d2c,,,1,371,2026-10-07T10:00:27.9684838Z,20.774500,18.008816,2243,1,0,WaitingForPhaseBoundary,0,0,TaskSwitchDisplay,1,,Joystick,0.100000,0.000000,0.000000,0.000000,-1.000000,JoyStick1LeftSlider,0.000000,0.000000,0.000000,0.000000,0.000000,0.000000,0.000000,0.000000,0.000000,0.000000,2243,1,0.000000,0,0,0,0,0,TaskSwitchPedal,,0
20261007T100007181Z_e407267f5160429bb1e8d9eb7b844d2c,,,1,372,2026-10-07T10:00:28.0284169Z,20.833790,18.068495,2249,1,0,WaitingForPhaseBoundary,0,0,TaskSwitchDisplay,1,,Joystick,0.100000,0.000000,0.000000,0.000000,-1.000000,JoyStick1LeftSlider,0.000000,0.000000,0.000000,0.000000,0.000000,0.000000,0.000000,0.000000,0.000000,0.000000,2249,1,0.000000,0,0,0,0,0,TaskSwitchPedal,,0
20261007T100007181Z_e407267f5160429bb1e8d9eb7b844d2c,,,1,373,2026-10-07T10:00:28.0896319Z,20.894985,18.129336,2255,1,0,WaitingForPhaseBoundary,0,0,TaskSwitchDisplay,1,,Joystick,0.100000,0.000000,0.000000,0.000000,-1.000000,JoyStick1LeftSlider,0.000000,0.000000,0.000000,0.000000,0.000000,0.000000,0.000000,0.000000,0.000000,0.000000,2255,1,0.000000,0,0,0,0,0,TaskSwitchPedal,,0
20261007T100007181Z_e407267f5160429bb1e8d9eb7b844d2c,,,1,374,2026-10-07T10:00:28.1389342Z,20.945117,18.179793,2260,1,0,WaitingForPhaseBoundary,0,0,TaskSwitchDisplay,1,,Joystick,0.100000,0.000000,0.000000,0.000000,-1.000000,JoyStick1LeftSlider,0.000000,0.000000,0.000000,0.000000,0.000000,0.000000,0.000000,0.000000,0.000000,0.000000,2260,1,0.000000,0,0,0,0,0,TaskSwitchPedal,,0
20261007T100007181Z_e407267f5160429bb1e8d9eb7b844d2c,,,1,375,2026-10-07T10:00:28.1913960Z,20.996636,18.231547,2265,1,0,WaitingForPhaseBoundary,0,0,TaskSwitchDisplay,1,,Joystick,0.100000,0.000000,0.000000,0.000000,-1.000000,JoyStick1LeftSlider,0.000000,0.000000,0.000000,0.000000,0.000000,0.000000,0.000000,0.000000,0.000000,0.000000,2264,0,0.000000,0,0,0,0,0,TaskSwitchPedal,,0
20261007T100007181Z_e407267f5160429bb1e8d9eb7b844d2c,,,1,376,2026-10-07T10:00:28.2512327Z,21.057205,18.292425,2271,1,0,WaitingForPhaseBoundary,0,0,TaskSwitchDisplay,1,,Joystick,0.100000,0.000000,0.000000,0.000000,-1.000000,JoyStick1LeftSlider,0.000000,0.000000,0.000000,0.000000,0.000000,0.000000,0.000000,0.000000,0.000000,0.000000,2270,0,0.000000,0,0,0,0,0,TaskSwitchPedal,,0
20261007T100007181Z_e407267f5160429bb1e8d9eb7b844d2c,,,1,377,2026-10-07T10:00:28.3023503Z,21.108366,18.342771,2276,1,0,WaitingForPhaseBoundary,0,0,TaskSwitchDisplay,1,,Joystick,0.100000,0.000000,0.000000,0.000000,-1.000000,JoyStick1LeftSlider,0.000000,0.000000,0.000000,0.000000,0.000000,0.000000,0.000000,0.000000,0.000000,0.000000,2276,1,0.000000,0,0,0,0,0,TaskSwitchPedal,,0
20261007T100007181Z_e407267f5160429bb1e8d9eb7b844d2c,,,1,378,2026-10-07T10:00:28.3613059Z,21.166818,18.401447,2282,1,0,WaitingForPhaseBoundary,0,0,TaskSwitchDisplay,1,,Joystick,0.100000,0.000000,0.000000,0.000000,-1.000000,JoyStick1LeftSlider,0.000000,0.000000,0.000000,0.000000,0.000000,0.000000,0.000000,0.000000,0.000000,0.000000,2282,1,0.000000,0,0,0,0,0,TaskSwitchPedal,,0
20261007T100007181Z_e407267f5160429bb1e8d9eb7b844d2c,,,1,379,2026-10-07T10:00:28.4158028Z,21.221575,18.456429,2287,1,0,WaitingForPhaseBoundary,0,0,TaskSwitchDisplay,1,,Joystick,0.100000,0.000000,0.000000,0.000000,-1.000000,JoyStick1LeftSlider,0.000000,0.000000,0.000000,0.000000,0.000000,0.000000,0.000000,0.000000,0.000000,0.000000,2286,0,0.000000,0,0,0,0,0,TaskSwitchPedal,,0
20261007T100007181Z_e407267f5160429bb1e8d9eb7b844d2c,,,1,380,2026-10-07T10:00:28.4704099Z,21.275867,18.510790,2292,1,0,WaitingForPhaseBoundary,0,0,TaskSwitchDisplay,1,,Joystick,0.100000,0.000000,0.000000,0.000000,-1.000000,JoyStick1LeftSlider,0.000000,0.000000,0.000000,0.000000,0.000000,0.000000,0.000000,0.000000,0.000000,0.000000,2291,0,0.000000,0,0,0,0,0,TaskSwitchPedal,,0
20261007T100007181Z_e407267f5160429bb1e8d9eb7b844d2c,,,1,381,2026-10-07T10:00:28.5307738Z,21.337103,18.571568,2296,1,0,WaitingForPhaseBoundary,0,0,TaskSwitchDisplay,1,,Joystick,0.100000,0.000000,0.000000,0.000000,-1.000000,JoyStick1LeftSlider,0.000000,0.000000,0.000000,0.000000,0.000000,0.000000,0.000000,0.000000,0.000000,0.000000,2296,1,0.000000,0,0,0,0,0,TaskSwitchPedal,,0
20261007T100007181Z_e407267f5160429bb1e8d9eb7b844d2c,,,1,382,2026-10-07T10:00:28.5888962Z,21.394766,18.630027,2301,1,0,WaitingForPhaseBoundary,0,0,TaskSwitchDisplay,1,,Joystick,0.100000,0.000000,0.000000,0.000000,-1.000000,JoyStick1LeftSlider,0.000000,0.000000,0.000000,0.000000,0.000000,0.000000,0.000000,0.000000,0.000000,0.000000,2300,0,0.000000,0,0,0,0,0,TaskSwitchPedal,,0
20261007T100007181Z_e407267f5160429bb1e8d9eb7b844d2c,,,1,383,2026-10-07T10:00:28.6506283Z,21.455820,18.691027,2306,1,0,WaitingForPhaseBoundary,0,0,TaskSwitchDisplay,1,,Joystick,0.100000,0.000000,0.000000,0.000000,-1.000000,JoyStick1LeftSlider,0.000000,0.000000,0.000000,0.000000,0.000000,0.000000,0.000000,0.000000,0.000000,0.000000,2305,0,0.000000,0,0,0,0,0,TaskSwitchPedal,,0
20261007T100007181Z_e407267f5160429bb1e8d9eb7b844d2c,,,1,384,2026-10-07T10:00:28.7037487Z,21.509616,18.744143,2311,1,0,WaitingForPhaseBoundary,0,0,TaskSwitchDisplay,1,,Joystick,0.100000,0.000000,0.000000,0.000000,-1.000000,JoyStick1LeftSlider,0.000000,0.000000,0.000000,0.000000,0.000000,0.000000,0.000000,0.000000,0.000000,0.000000,2311,1,0.000000,0,0,0,0,0,TaskSwitchPedal,,0
20261007T100007181Z_e407267f5160429bb1e8d9eb7b844d2c,,,1,385,2026-10-07T10:00:28.7634635Z,21.568996,18.803588,2316,1,0,WaitingForPhaseBoundary,0,0,TaskSwitchDisplay,1,,Joystick,0.100000,0.000000,0.000000,0.000000,-1.000000,JoyStick1LeftSlider,0.000000,0.000000,0.000000,0.000000,0.000000,0.000000,0.000000,0.000000,0.000000,0.000000,2316,1,0.000000,0,0,0,0,0,TaskSwitchPedal,,0
20261007T100007181Z_e407267f5160429bb1e8d9eb7b844d2c,,,1,386,2026-10-07T10:00:28.8165492Z,21.622486,18.857666,2321,1,0,WaitingForPhaseBoundary,0,0,TaskSwitchDisplay,1,,Joystick,0.100000,0.000000,0.000000,0.000000,-1.000000,JoyStick1LeftSlider,0.000000,0.000000,0.000000,0.000000,0.000000,0.000000,0.000000,0.000000,0.000000,0.000000,2320,0,0.000000,0,0,0,0,0,TaskSwitchPedal,,0
20261007T100007181Z_e407267f5160429bb1e8d9eb7b844d2c,,,1,387,2026-10-07T10:00:28.8755698Z,21.681293,18.916588,2326,1,0,WaitingForPhaseBoundary,0,0,TaskSwitchDisplay,1,,Joystick,0.100000,0.000000,0.000000,0.000000,-1.000000,JoyStick1LeftSlider,0.000000,0.000000,0.000000,0.000000,0.000000,0.000000,0.000000,0.000000,0.000000,0.000000,2325,0,0.000000,0,0,0,0,0,TaskSwitchPedal,,0
20261007T100007181Z_e407267f5160429bb1e8d9eb7b844d2c,,,1,388,2026-10-07T10:00:28.9277110Z,21.732937,18.967625,2331,1,0,WaitingForPhaseBoundary,0,0,TaskSwitchDisplay,1,,Joystick,0.100000,0.000000,0.000000,0.000000,-1.000000,JoyStick1LeftSlider,0.000000,0.000000,0.000000,0.000000,0.000000,0.000000,0.000000,0.000000,0.000000,0.000000,2331,1,0.000000,0,0,0,0,0,TaskSwitchPedal,,0
20261007T100007181Z_e407267f5160429bb1e8d9eb7b844d2c,,,1,389,2026-10-07T10:00:28.9807294Z,21.785969,19.020574,2336,1,0,WaitingForPhaseBoundary,0,0,TaskSwitchDisplay,1,,Joystick,0.100000,0.000000,0.000000,0.000000,-1.000000,JoyStick1LeftSlider,0.000000,0.000000,0.000000,0.000000,0.000000,0.000000,0.000000,0.000000,0.000000,0.000000,2336,1,0.000000,0,0,0,0,0,TaskSwitchPedal,,0
20261007T100007181Z_e407267f5160429bb1e8d9eb7b844d2c,,,1,390,2026-10-07T10:00:29.0374751Z,21.843379,19.078625,2342,1,0,WaitingForPhaseBoundary,0,0,TaskSwitchDisplay,1,,Joystick,0.100000,0.000000,0.000000,0.000000,-1.000000,JoyStick1LeftSlider,0.000000,0.000000,0.000000,0.000000,0.000000,0.000000,0.000000,0.000000,0.000000,0.000000,2341,0,0.000000,0,0,0,0,0,TaskSwitchPedal,,0
20261007T100007181Z_e407267f5160429bb1e8d9eb7b844d2c,,,1,391,2026-10-07T10:00:29.0944098Z,21.900104,19.135186,2347,1,0,WaitingForPhaseBoundary,0,0,TaskSwitchDisplay,1,,Joystick,0.100000,0.000000,0.000000,0.000000,-1.000000,JoyStick1LeftSlider,0.000000,0.000000,0.000000,0.000000,0.000000,0.000000,0.000000,0.000000,0.000000,0.000000,2346,0,0.000000,0,0,0,0,0,TaskSwitchPedal,,0
20261007T100007181Z_e407267f5160429bb1e8d9eb7b844d2c,,,1,392,2026-10-07T10:00:29.1450816Z,21.950448,19.185082,2352,1,0,WaitingForPhaseBoundary,0,0,TaskSwitchDisplay,1,,Joystick,0.100000,0.000000,0.000000,0.000000,-1.000000,JoyStick1LeftSlider,0.000000,0.000000,0.000000,0.000000,0.000000,0.000000,0.000000,0.000000,0.000000,0.000000,2352,1,0.000000,0,0,0,0,0,TaskSwitchPedal,,0
20261007T100007181Z_e407267f5160429bb1e8d9eb7b844d2c,,,1,393,2026-10-07T10:00:29.2040699Z,22.009659,19.243998,2357,1,0,WaitingForPhaseBoundary,0,0,TaskSwitchDisplay,1,,Joystick,0.100000,0.000000,0.000000,0.000000,-1.000000,JoyStick1LeftSlider,0.000000,0.000000,0.000000,0.000000,0.000000,0.000000,0.000000,0.000000,0.000000,0.000000,2357,1,0.000000,0,0,0,0,0,TaskSwitchPedal,,0
20261007T100007181Z_e407267f5160429bb1e8d9eb7b844d2c,,,1,394,2026-10-07T10:00:29.2617399Z,22.068200,19.302505,2363,1,0,WaitingForPhaseBoundary,0,0,TaskSwitchDisplay,1,,Joystick,0.100000,0.000000,0.000000,0.000000,-1.000000,JoyStick1LeftSlider,0.000000,0.000000,0.000000,0.000000,0.000000,0.000000,0.000000,0.000000,0.000000,0.000000,2363,1,0.000000,0,0,0,0,0,TaskSwitchPedal,,0
20261007T100007181Z_e407267f5160429bb1e8d9eb7b844d2c,,,1,395,2026-10-07T10:00:29.3191954Z,22.124795,19.359573,2368,1,0,WaitingForPhaseBoundary,0,0,TaskSwitchDisplay,1,,Joystick,0.100000,0.000000,0.000000,0.000000,-1.000000,JoyStick1LeftSlider,0.000000,0.000000,0.000000,0.000000,0.000000,0.000000,0.000000,0.000000,0.000000,0.000000,2368,1,0.000000,0,0,0,0,0,TaskSwitchPedal,,0
20261007T100007181Z_e407267f5160429bb1e8d9eb7b844d2c,,,1,396,2026-10-07T10:00:29.3797124Z,22.185175,19.419640,2374,1,0,WaitingForPhaseBoundary,0,0,TaskSwitchDisplay,1,,Joystick,0.100000,0.000000,0.000000,0.000000,-1.000000,JoyStick1LeftSlider,0.000000,0.000000,0.000000,0.000000,0.000000,0.000000,0.000000,0.000000,0.000000,0.000000,2374,1,0.000000,0,0,0,0,0,TaskSwitchPedal,,0
20261007T100007181Z_e407267f5160429bb1e8d9eb7b844d2c,,,1,397,2026-10-07T10:00:29.4336075Z,22.239621,19.474922,2379,1,0,WaitingForPhaseBoundary,0,0,TaskSwitchDisplay,1,,Joystick,0.100000,0.000000,0.000000,0.000000,-1.000000,JoyStick1LeftSlider,0.000000,0.000000,0.000000,0.000000,0.000000,0.000000,0.000000,0.000000,0.000000,0.000000,2378,0,0.000000,0,0,0,0,0,TaskSwitchPedal,,0
20261007T100007181Z_e407267f5160429bb1e8d9eb7b844d2c,,,1,398,2026-10-07T10:00:29.4863229Z,22.291618,19.525940,2384,1,0,WaitingForPhaseBoundary,0,0,TaskSwitchDisplay,1,,Joystick,0.100000,0.000000,0.000000,0.000000,-1.000000,JoyStick1LeftSlider,0.000000,0.000000,0.000000,0.000000,0.000000,0.000000,0.000000,0.000000,0.000000,0.000000,2384,1,0.000000,0,0,0,0,0,TaskSwitchPedal,,0
20261007T100007181Z_e407267f5160429bb1e8d9eb7b844d2c,,,1,399,2026-10-07T10:00:29.5421815Z,22.348374,19.582542,2389,1,0,WaitingForPhaseBoundary,0,0,TaskSwitchDisplay,1,,Joystick,0.100000,0.000000,0.000000,0.000000,-1.000000,JoyStick1LeftSlider,0.000000,0.000000,0.000000,0.000000,0.000000,0.000000,0.000000,0.000000,0.000000,0.000000,2389,1,0.000000,0,0,0,0,0,TaskSwitchPedal,,0
20261007T100007181Z_e407267f5160429bb1e8d9eb7b844d2c,,,1,400,2026-10-07T10:00:29.5960127Z,22.402276,19.637265,2394,1,0,WaitingForPhaseBoundary,0,0,TaskSwitchDisplay,1,,Joystick,0.100000,0.000000,0.000000,0.000000,-1.000000,JoyStick1LeftSlider,0.000000,0.000000,0.000000,0.000000,0.000000,0.000000,0.000000,0.000000,0.000000,0.000000,2393,0,0.000000,0,0,0,0,0,TaskSwitchPedal,,0
20261007T100007181Z_e407267f5160429bb1e8d9eb7b844d2c,,,1,401,2026-10-07T10:00:29.6521065Z,22.458121,19.693113,2399,1,0,WaitingForPhaseBoundary,0,0,TaskSwitchDisplay,1,,Joystick,0.100000,0.000000,0.000000,0.000000,-1.000000,JoyStick1LeftSlider,0.000000,0.000000,0.000000,0.000000,0.000000,0.000000,0.000000,0.000000,0.000000,0.000000,2398,0,0.000000,0,0,0,0,0,TaskSwitchPedal,,0
20261007T100007181Z_e407267f5160429bb1e8d9eb7b844d2c,,,1,402,2026-10-07T10:00:29.7116318Z,22.517613,19.751752,2403,1,0,WaitingForPhaseBoundary,0,0,TaskSwitchDisplay,1,,Joystick,0.100000,0.000000,0.000000,0.000000,-1.000000,JoyStick1LeftSlider,0.000000,0.000000,0.000000,0.000000,0.000000,0.000000,0.000000,0.000000,0.000000,0.000000,2403,1,0.000000,0,0,0,0,0,TaskSwitchPedal,,0
20261007T100007181Z_e407267f5160429bb1e8d9eb7b844d2c,,,1,403,2026-10-07T10:00:29.7704742Z,22.575957,19.810994,2407,1,0,WaitingForPhaseBoundary,0,0,TaskSwitchDisplay,1,,Joystick,0.100000,0.000000,0.000000,0.000000,-1.000000,JoyStick1LeftSlider,0.000000,0.000000,0.000000,0.000000,0.000000,0.000000,0.000000,0.000000,0.000000,0.000000,2406,0,0.000000,0,0,0,0,0,TaskSwitchPedal,,0
20261007T100007181Z_e407267f5160429bb1e8d9eb7b844d2c,,,1,404,2026-10-07T10:00:29.8287583Z,22.634841,19.869400,2411,1,0,WaitingForPhaseBoundary,0,0,TaskSwitchDisplay,1,,Joystick,0.100000,0.000000,0.000000,0.000000,-1.000000,JoyStick1LeftSlider,0.000000,0.000000,0.000000,0.000000,0.000000,0.000000,0.000000,0.000000,0.000000,0.000000,2411,1,0.000000,0,0,0,0,0,TaskSwitchPedal,,0
20261007T100007181Z_e407267f5160429bb1e8d9eb7b844d2c,,,1,405,2026-10-07T10:00:29.8868356Z,22.693276,19.928054,2416,1,0,WaitingForPhaseBoundary,0,0,TaskSwitchDisplay,1,,Joystick,0.100000,0.000000,0.000000,0.000000,-1.000000,JoyStick1LeftSlider,0.000000,0.000000,0.000000,0.000000,0.000000,0.000000,0.000000,0.000000,0.000000,0.000000,2416,1,0.000000,0,0,0,0,0,TaskSwitchPedal,,0
20261007T100007181Z_e407267f5160429bb1e8d9eb7b844d2c,,,1,406,2026-10-07T10:00:29.9474131Z,22.752958,19.987422,2421,1,0,WaitingForPhaseBoundary,0,0,TaskSwitchDisplay,1,,Joystick,0.100000,0.000000,0.000000,0.000000,-1.000000,JoyStick1LeftSlider,0.000000,0.000000,0.000000,0.000000,0.000000,0.000000,0.000000,0.000000,0.000000,0.000000,2421,1,0.000000,0,0,0,0,0,TaskSwitchPedal,,0
20261007T100007181Z_e407267f5160429bb1e8d9eb7b844d2c,,,1,407,2026-10-07T10:00:30.0043110Z,22.810587,20.045417,2426,1,0,WaitingForPhaseBoundary,0,0,TaskSwitchDisplay,1,,Joystick,0.100000,0.000000,0.000000,0.000000,-1.000000,JoyStick1LeftSlider,0.000000,0.000000,0.000000,0.000000,0.000000,0.000000,0.000000,0.000000,0.000000,0.000000,2426,1,0.000000,0,0,0,0,0,TaskSwitchPedal,,0
20261007T100007181Z_e407267f5160429bb1e8d9eb7b844d2c,,,1,408,2026-10-07T10:00:30.0663323Z,22.872200,20.106523,2430,1,0,WaitingForPhaseBoundary,0,0,TaskSwitchDisplay,1,,Joystick,0.100000,0.000000,0.000000,0.000000,-1.000000,JoyStick1LeftSlider,0.000000,0.000000,0.000000,0.000000,0.000000,0.000000,0.000000,0.000000,0.000000,0.000000,2430,1,0.000000,0,0,0,0,0,TaskSwitchPedal,,0
20261007T100007181Z_e407267f5160429bb1e8d9eb7b844d2c,,,1,409,2026-10-07T10:00:30.1176813Z,22.923077,20.158324,2434,1,0,WaitingForPhaseBoundary,0,0,TaskSwitchDisplay,1,,Joystick,0.100000,0.000000,0.000000,0.000000,-1.000000,JoyStick1LeftSlider,0.000000,0.000000,0.000000,0.000000,0.000000,0.000000,0.000000,0.000000,0.000000,0.000000,2433,0,0.000000,0,0,0,0,0,TaskSwitchPedal,,0
20261007T100007181Z_e407267f5160429bb1e8d9eb7b844d2c,,,1,410,2026-10-07T10:00:30.1685300Z,22.974095,20.208703,2438,1,0,WaitingForPhaseBoundary,0,0,TaskSwitchDisplay,1,,Joystick,0.100000,0.000000,0.000000,0.000000,-1.000000,JoyStick1LeftSlider,0.000000,0.000000,0.000000,0.000000,0.000000,0.000000,0.000000,0.000000,0.000000,0.000000,2438,1,0.000000,0,0,0,0,0,TaskSwitchPedal,,0
20261007T100007181Z_e407267f5160429bb1e8d9eb7b844d2c,,,1,411,2026-10-07T10:00:30.2178866Z,23.024384,20.259183,2443,1,0,WaitingForPhaseBoundary,0,0,TaskSwitchDisplay,1,,Joystick,0.100000,0.000000,0.000000,0.000000,-1.000000,JoyStick1LeftSlider,0.000000,0.000000,0.000000,0.000000,0.000000,0.000000,0.000000,0.000000,0.000000,0.000000,2443,1,0.000000,0,0,0,0,0,TaskSwitchPedal,,0
20261007T100007181Z_e407267f5160429bb1e8d9eb7b844d2c,,,1,412,2026-10-07T10:00:30.2696800Z,23.075852,20.310922,2448,1,0,WaitingForPhaseBoundary,0,0,TaskSwitchDisplay,1,,Joystick,0.100000,0.000000,0.000000,0.000000,-1.000000,JoyStick1LeftSlider,0.000000,0.000000,0.000000,0.000000,0.000000,0.000000,0.000000,0.000000,0.000000,0.000000,2447,0,0.000000,0,0,0,0,0,TaskSwitchPedal,,0
20261007T100007181Z_e407267f5160429bb1e8d9eb7b844d2c,,,1,413,2026-10-07T10:00:30.3228452Z,23.128099,20.362456,2453,1,0,WaitingForPhaseBoundary,0,0,TaskSwitchDisplay,1,,Joystick,0.100000,0.000000,0.000000,0.000000,-1.000000,JoyStick1LeftSlider,0.000000,0.000000,0.000000,0.000000,0.000000,0.000000,0.000000,0.000000,0.000000,0.000000,2453,1,0.000000,0,0,0,0,0,TaskSwitchPedal,,0
20261007T100007181Z_e407267f5160429bb1e8d9eb7b844d2c,,,1,414,2026-10-07T10:00:30.3772621Z,23.182990,20.417656,2458,1,0,WaitingForPhaseBoundary,0,0,TaskSwitchDisplay,1,,Joystick,0.100000,0.000000,0.000000,0.000000,-1.000000,JoyStick1LeftSlider,0.000000,0.000000,0.000000,0.000000,0.000000,0.000000,0.000000,0.000000,0.000000,0.000000,2457,0,0.000000,0,0,0,0,0,TaskSwitchPedal,,0
20261007T100007181Z_e407267f5160429bb1e8d9eb7b844d2c,,,1,415,2026-10-07T10:00:30.4337175Z,23.240223,20.475293,2463,1,0,WaitingForPhaseBoundary,0,0,TaskSwitchDisplay,1,,Joystick,0.100000,0.000000,0.000000,0.000000,-1.000000,JoyStick1LeftSlider,0.000000,0.000000,0.000000,0.000000,0.000000,0.000000,0.000000,0.000000,0.000000,0.000000,2462,0,0.000000,0,0,0,0,0,TaskSwitchPedal,,0
20261007T100007181Z_e407267f5160429bb1e8d9eb7b844d2c,,,1,416,2026-10-07T10:00:30.4952298Z,23.301561,20.536808,2467,1,0,WaitingForPhaseBoundary,0,0,TaskSwitchDisplay,1,,Joystick,0.100000,0.000000,0.000000,0.000000,-1.000000,JoyStick1LeftSlider,0.000000,0.000000,0.000000,0.000000,0.000000,0.000000,0.000000,0.000000,0.000000,0.000000,2466,0,0.000000,0,0,0,0,0,TaskSwitchPedal,,0
20261007T100007181Z_e407267f5160429bb1e8d9eb7b844d2c,,,1,417,2026-10-07T10:00:30.5553732Z,23.360771,20.595551,2470,1,0,WaitingForPhaseBoundary,0,0,TaskSwitchDisplay,1,,Joystick,0.100000,0.000000,0.000000,0.000000,-1.000000,JoyStick1LeftSlider,0.000000,0.000000,0.000000,0.000000,0.000000,0.000000,0.000000,0.000000,0.000000,0.000000,2470,1,0.000000,0,0,0,0,0,TaskSwitchPedal,,0
20261007T100007181Z_e407267f5160429bb1e8d9eb7b844d2c,,,1,418,2026-10-07T10:00:30.6090326Z,23.415049,20.649710,2473,1,0,WaitingForPhaseBoundary,0,0,TaskSwitchDisplay,1,,Joystick,0.100000,0.000000,0.000000,0.000000,-1.000000,JoyStick1LeftSlider,0.000000,0.000000,0.000000,0.000000,0.000000,0.000000,0.000000,0.000000,0.000000,0.000000,2473,1,0.000000,0,0,0,0,0,TaskSwitchPedal,,0
20261007T100007181Z_e407267f5160429bb1e8d9eb7b844d2c,,,1,419,2026-10-07T10:00:30.6645840Z,23.469837,20.704317,2477,1,0,WaitingForPhaseBoundary,0,0,TaskSwitchDisplay,1,,Joystick,0.100000,0.000000,0.000000,0.000000,-1.000000,JoyStick1LeftSlider,0.000000,0.000000,0.000000,0.000000,0.000000,0.000000,0.000000,0.000000,0.000000,0.000000,2477,1,0.000000,0,0,0,0,0,TaskSwitchPedal,,0
20261007T100007181Z_e407267f5160429bb1e8d9eb7b844d2c,,,1,420,2026-10-07T10:00:30.7159627Z,23.521557,20.756758,2481,1,0,WaitingForPhaseBoundary,0,0,TaskSwitchDisplay,1,,Joystick,0.100000,0.000000,0.000000,0.000000,-1.000000,JoyStick1LeftSlider,0.000000,0.000000,0.000000,0.000000,0.000000,0.000000,0.000000,0.000000,0.000000,0.000000,2480,0,0.000000,0,0,0,0,0,TaskSwitchPedal,,0
20261007T100007181Z_e407267f5160429bb1e8d9eb7b844d2c,,,1,421,2026-10-07T10:00:30.7847219Z,23.590692,20.825481,2485,1,0,WaitingForPhaseBoundary,0,0,TaskSwitchDisplay,1,,Joystick,0.100000,0.000000,0.000000,0.000000,-1.000000,JoyStick1LeftSlider,0.000000,0.000000,0.000000,0.000000,0.000000,0.000000,0.000000,0.000000,0.000000,0.000000,2485,1,0.000000,0,0,0,0,0,TaskSwitchPedal,,0
20261007T100007181Z_e407267f5160429bb1e8d9eb7b844d2c,,,1,422,2026-10-07T10:00:30.8426885Z,23.648506,20.882828,2488,1,0,WaitingForPhaseBoundary,0,0,TaskSwitchDisplay,1,,Joystick,0.100000,0.000000,0.000000,0.000000,-1.000000,JoyStick1LeftSlider,0.000000,0.000000,0.000000,0.000000,0.000000,0.000000,0.000000,0.000000,0.000000,0.000000,2488,1,0.000000,0,0,0,0,0,TaskSwitchPedal,,0
20261007T100007181Z_e407267f5160429bb1e8d9eb7b844d2c,,,1,423,2026-10-07T10:00:30.9132482Z,23.718642,20.952565,2491,1,0,WaitingForPhaseBoundary,0,0,TaskSwitchDisplay,1,,Joystick,0.100000,0.000000,0.000000,0.000000,-1.000000,JoyStick1LeftSlider,0.000000,0.000000,0.000000,0.000000,0.000000,0.000000,0.000000,0.000000,0.000000,0.000000,2491,1,0.000000,0,0,0,0,0,TaskSwitchPedal,,0
20261007T100007181Z_e407267f5160429bb1e8d9eb7b844d2c,,,1,424,2026-10-07T10:00:30.9780138Z,23.783782,21.017969,2494,1,0,WaitingForPhaseBoundary,0,0,TaskSwitchDisplay,1,,Joystick,0.100000,0.000000,0.000000,0.000000,-1.000000,JoyStick1LeftSlider,0.000000,0.000000,0.000000,0.000000,0.000000,0.000000,0.000000,0.000000,0.000000,0.000000,2494,1,0.000000,0,0,0,0,0,TaskSwitchPedal,,0
20261007T100007181Z_e407267f5160429bb1e8d9eb7b844d2c,,,1,425,2026-10-07T10:00:31.0397978Z,23.845200,21.079889,2498,1,0,WaitingForPhaseBoundary,0,0,TaskSwitchDisplay,1,,Joystick,0.100000,0.000000,0.000000,0.000000,-1.000000,JoyStick1LeftSlider,0.000000,0.000000,0.000000,0.000000,0.000000,0.000000,0.000000,0.000000,0.000000,0.000000,2498,1,0.000000,0,0,0,0,0,TaskSwitchPedal,,0
20261007T100007181Z_e407267f5160429bb1e8d9eb7b844d2c,,,1,426,2026-10-07T10:00:31.0967654Z,23.902741,21.138057,2503,1,0,WaitingForPhaseBoundary,0,0,TaskSwitchDisplay,1,,Joystick,0.100000,0.000000,0.000000,0.000000,-1.000000,JoyStick1LeftSlider,0.000000,0.000000,0.000000,0.000000,0.000000,0.000000,0.000000,0.000000,0.000000,0.000000,2502,0,0.000000,0,0,0,0,0,TaskSwitchPedal,,0
20261007T100007181Z_e407267f5160429bb1e8d9eb7b844d2c,,,1,427,2026-10-07T10:00:31.1564381Z,23.961870,21.197171,2507,1,0,WaitingForPhaseBoundary,0,0,TaskSwitchDisplay,1,,Joystick,0.100000,0.000000,0.000000,0.000000,-1.000000,JoyStick1LeftSlider,0.000000,0.000000,0.000000,0.000000,0.000000,0.000000,0.000000,0.000000,0.000000,0.000000,2506,0,0.000000,0,0,0,0,0,TaskSwitchPedal,,0
20261007T100007181Z_e407267f5160429bb1e8d9eb7b844d2c,,,1,428,2026-10-07T10:00:31.2163100Z,24.021924,21.257024,2511,1,0,WaitingForPhaseBoundary,0,0,TaskSwitchDisplay,1,,Joystick,0.100000,0.000000,0.000000,0.000000,-1.000000,JoyStick1LeftSlider,0.000000,0.000000,0.000000,0.000000,0.000000,0.000000,0.000000,0.000000,0.000000,0.000000,2510,0,0.000000,0,0,0,0,0,TaskSwitchPedal,,0
20261007T100007181Z_e407267f5160429bb1e8d9eb7b844d2c,,,1,429,2026-10-07T10:00:31.2767184Z,24.081999,21.317205,2515,1,0,WaitingForPhaseBoundary,0,0,TaskSwitchDisplay,1,,Joystick,0.100000,0.000000,0.000000,0.000000,-1.000000,JoyStick1LeftSlider,0.000000,0.000000,0.000000,0.000000,0.000000,0.000000,0.000000,0.000000,0.000000,0.000000,2514,0,0.000000,0,0,0,0,0,TaskSwitchPedal,,0
20261007T100007181Z_e407267f5160429bb1e8d9eb7b844d2c,,,1,430,2026-10-07T10:00:31.3388911Z,24.145374,21.379776,2520,1,0,WaitingForPhaseBoundary,0,0,TaskSwitchDisplay,1,,Joystick,0.100000,0.000000,0.000000,0.000000,-1.000000,JoyStick1LeftSlider,0.000000,0.000000,0.000000,0.000000,0.000000,0.000000,0.000000,0.000000,0.000000,0.000000,2520,1,0.000000,0,0,0,0,0,TaskSwitchPedal,,0
20261007T100007181Z_e407267f5160429bb1e8d9eb7b844d2c,,,1,431,2026-10-07T10:00:31.3924340Z,24.198076,21.433155,2524,1,0,WaitingForPhaseBoundary,0,0,TaskSwitchDisplay,1,,Joystick,0.100000,0.000000,0.000000,0.000000,-1.000000,JoyStick1LeftSlider,0.000000,0.000000,0.000000,0.000000,0.000000,0.000000,0.000000,0.000000,0.000000,0.000000,2523,0,0.000000,0,0,0,0,0,TaskSwitchPedal,,0
20261007T100007181Z_e407267f5160429bb1e8d9eb7b844d2c,,,1,432,2026-10-07T10:00:31.4445999Z,24.250729,21.484562,2528,1,0,WaitingForPhaseBoundary,0,0,TaskSwitchDisplay,1,,Joystick,0.100000,0.000000,0.000000,0.000000,-1.000000,JoyStick1LeftSlider,0.000000,0.000000,0.000000,0.000000,0.000000,0.000000,0.000000,0.000000,0.000000,0.000000,2528,1,0.000000,0,0,0,0,0,TaskSwitchPedal,,0
20261007T100007181Z_e407267f5160429bb1e8d9eb7b844d2c,,,1,433,2026-10-07T10:00:31.5006126Z,24.306171,21.540512,2532,1,0,WaitingForPhaseBoundary,0,0,TaskSwitchDisplay,1,,Joystick,0.100000,0.000000,0.000000,0.000000,-1.000000,JoyStick1LeftSlider,0.000000,0.000000,0.000000,0.000000,0.000000,0.000000,0.000000,0.000000,0.000000,0.000000,2532,1,0.000000,0,0,0,0,0,TaskSwitchPedal,,0
20261007T100007181Z_e407267f5160429bb1e8d9eb7b844d2c,,,1,434,2026-10-07T10:00:31.5606156Z,24.365973,21.600739,2537,1,0,WaitingForPhaseBoundary,0,0,TaskSwitchDisplay,1,,Joystick,0.100000,0.000000,0.000000,0.000000,-1.000000,JoyStick1LeftSlider,0.000000,0.000000,0.000000,0.000000,0.000000,0.000000,0.000000,0.000000,0.000000,0.000000,2537,1,0.000000,0,0,0,0,0,TaskSwitchPedal,,0
20261007T100007181Z_e407267f5160429bb1e8d9eb7b844d2c,,,1,435,2026-10-07T10:00:31.6208540Z,24.426463,21.661139,2542,1,0,WaitingForPhaseBoundary,0,0,TaskSwitchDisplay,1,,Joystick,0.100000,0.000000,0.000000,0.000000,-1.000000,JoyStick1LeftSlider,0.000000,0.000000,0.000000,0.000000,0.000000,0.000000,0.000000,0.000000,0.000000,0.000000,2542,1,0.000000,0,0,0,0,0,TaskSwitchPedal,,0
20261007T100007181Z_e407267f5160429bb1e8d9eb7b844d2c,,,1,436,2026-10-07T10:00:31.6823803Z,24.488032,21.722823,2547,1,0,WaitingForPhaseBoundary,0,0,TaskSwitchDisplay,1,,Joystick,0.100000,0.000000,0.000000,0.000000,-1.000000,JoyStick1LeftSlider,0.000000,0.000000,0.000000,0.000000,0.000000,0.000000,0.000000,0.000000,0.000000,0.000000,2547,1,0.000000,0,0,0,0,0,TaskSwitchPedal,,0
20261007T100007181Z_e407267f5160429bb1e8d9eb7b844d2c,,,1,437,2026-10-07T10:00:31.7338661Z,24.539758,21.774680,2551,1,0,WaitingForPhaseBoundary,0,0,TaskSwitchDisplay,1,,Joystick,0.100000,0.000000,0.000000,0.000000,-1.000000,JoyStick1LeftSlider,0.000000,0.000000,0.000000,0.000000,0.000000,0.000000,0.000000,0.000000,0.000000,0.000000,2550,0,0.000000,0,0,0,0,0,TaskSwitchPedal,,0
20261007T100007181Z_e407267f5160429bb1e8d9eb7b844d2c,,,1,438,2026-10-07T10:00:31.7873160Z,24.592548,21.827011,2555,1,0,WaitingForPhaseBoundary,0,0,TaskSwitchDisplay,1,,Joystick,0.100000,0.000000,0.000000,0.000000,-1.000000,JoyStick1LeftSlider,0.000000,0.000000,0.000000,0.000000,0.000000,0.000000,0.000000,0.000000,0.000000,0.000000,2555,1,0.000000,0,0,0,0,0,TaskSwitchPedal,,0
20261007T100007181Z_e407267f5160429bb1e8d9eb7b844d2c,,,1,439,2026-10-07T10:00:31.8368866Z,24.642988,21.878183,2560,1,0,WaitingForPhaseBoundary,0,0,TaskSwitchDisplay,1,,Joystick,0.100000,0.000000,0.000000,0.000000,-1.000000,JoyStick1LeftSlider,0.000000,0.000000,0.000000,0.000000,0.000000,0.000000,0.000000,0.000000,0.000000,0.000000,2558,0,0.000000,0,0,0,0,0,TaskSwitchPedal,,0
20261007T100007181Z_e407267f5160429bb1e8d9eb7b844d2c,,,1,440,2026-10-07T10:00:31.8940337Z,24.700063,21.935305,2566,1,0,WaitingForPhaseBoundary,0,0,TaskSwitchDisplay,1,,Joystick,0.100000,0.000000,0.000000,0.000000,-1.000000,JoyStick1LeftSlider,0.000000,0.000000,0.000000,0.000000,0.000000,0.000000,0.000000,0.000000,0.000000,0.000000,2565,0,0.000000,0,0,0,0,0,TaskSwitchPedal,,0
20261007T100007181Z_e407267f5160429bb1e8d9eb7b844d2c,,,1,441,2026-10-07T10:00:32.1950039Z,25.000681,22.227187,2567,1,0,WaitingForPhaseBoundary,0,0,TaskSwitchDisplay,1,,Joystick,0.100000,0.000000,0.000000,0.000000,-1.000000,JoyStick1LeftSlider,0.000000,0.000000,0.000000,0.000000,0.000000,0.000000,0.000000,0.000000,0.000000,0.000000,2567,1,0.000000,0,0,0,0,0,TaskSwitchPedal,,0
20261007T100007181Z_e407267f5160429bb1e8d9eb7b844d2c,,,1,442,2026-10-07T10:00:32.2953080Z,25.100569,22.332315,2568,1,0,WaitingForPhaseBoundary,0,0,TaskSwitchDisplay,1,,Joystick,0.100000,0.000000,0.000000,0.000000,-1.000000,JoyStick1LeftSlider,0.000000,0.000000,0.000000,0.000000,0.000000,0.000000,0.000000,0.000000,0.000000,0.000000,2568,1,0.000000,0,0,0,0,0,TaskSwitchPedal,,0
